"Time (UTC+10)","ASX Energy Contract SA 2020 Q4 $300 Cap Futures Volume","ASX Energy Contract SA 2020 Q3 $300 Cap Futures Volume","ASX Energy Contract SA 2020 Calendar Year $300 Cap Futures Volume","ASX Energy Contract SA 2021 Q1 $300 Cap Futures Volume","ASX Energy Contract SA 2021 Q2 $300 Cap Futures Volume","ASX Energy Contract SA 2021 Q3 $300 Cap Futures Volume","ASX Energy Contract SA 2021 Q4 $300 Cap Futures Volume","ASX Energy Contract SA 2021 Financial Year $300 Cap Futures Volume","ASX Energy Contract SA 2021 Calendar Year $300 Cap Futures Volume","ASX Energy Contract SA 2022 Q1 $300 Cap Futures Volume","ASX Energy Contract SA 2022 Q3 $300 Cap Futures Volume","ASX Energy Contract SA 2022 Q2 $300 Cap Futures Volume","ASX Energy Contract SA 2022 Q4 $300 Cap Futures Volume","ASX Energy Contract SA 2022 Financial Year $300 Cap Futures Volume","ASX Energy Contract SA 2022 Calendar Year $300 Cap Futures Volume","ASX Energy Contract SA 2020 Financial Year $300 Cap Futures Volume","ASX Energy Contract SA 2023 Q1 $300 Cap Futures Volume","ASX Energy Contract SA 2023 Q2 $300 Cap Futures Volume","ASX Energy Contract SA 2023 Q3 $300 Cap Futures Volume","ASX Energy Contract SA 2023 Q4 $300 Cap Futures Volume","ASX Energy Contract SA 2023 Financial Year $300 Cap Futures Volume","ASX Energy Contract SA 2023 Calendar Year $300 Cap Futures Volume","ASX Energy Contract SA 2024 Q1 $300 Cap Futures Volume","ASX Energy Contract SA 2024 Q2 $300 Cap Futures Volume","ASX Energy Contract SA 2024 Q3 $300 Cap Futures Volume","ASX Energy Contract SA 2024 Q4 $300 Cap Futures Volume","ASX Energy Contract SA 2024 Financial Year $300 Cap Futures Volume","ASX Energy Contract SA 2024 Calendar Year $300 Cap Futures Volume","ASX Energy Contract SA 2025 Q1 $300 Cap Futures Volume","ASX Energy Contract SA 2025 Q2 $300 Cap Futures Volume","ASX Energy Contract SA 2025 Financial Year $300 Cap Futures Volume","ASX Energy Contract SA 2025 Calendar Year $300 Cap Futures Volume","ASX Energy Contract SA 2020 Q1 $300 Cap Futures Volume","ASX Energy Contract SA 2020 Q2 $300 Cap Futures Volume"

"01-Apr-2016 16:00",,,,,,,,,,,,,,,,0,,,,,,,,,,,,,,,,,0,0
"04-Apr-2016 17:00",,,,,,,,,,,,,,,,0,,,,,,,,,,,,,,,,,0,0
"05-Apr-2016 17:00",,,,,,,,,,,,,,,,0,,,,,,,,,,,,,,,,,0,0
"06-Apr-2016 17:00",,,,,,,,,,,,,,,,0,,,,,,,,,,,,,,,,,0,0
"07-Apr-2016 17:00",,,,,,,,,,,,,,,,0,,,,,,,,,,,,,,,,,0,0
"08-Apr-2016 17:00",,,,,,,,,,,,,,,,0,,,,,,,,,,,,,,,,,0,0
"11-Apr-2016 17:00",,,,,,,,,,,,,,,,0,,,,,,,,,,,,,,,,,0,0
"12-Apr-2016 17:00",,,,,,,,,,,,,,,,0,,,,,,,,,,,,,,,,,0,0
"13-Apr-2016 17:00",,,,,,,,,,,,,,,,0,,,,,,,,,,,,,,,,,0,0
"14-Apr-2016 17:00",,,,,,,,,,,,,,,,0,,,,,,,,,,,,,,,,,0,0
"15-Apr-2016 17:00",,,,,,,,,,,,,,,,0,,,,,,,,,,,,,,,,,0,0
"18-Apr-2016 17:00",,,,,,,,,,,,,,,,0,,,,,,,,,,,,,,,,,0,0
"19-Apr-2016 17:00",,,,,,,,,,,,,,,,0,,,,,,,,,,,,,,,,,0,0
"20-Apr-2016 17:00",,,,,,,,,,,,,,,,0,,,,,,,,,,,,,,,,,0,0
"21-Apr-2016 17:00",,,,,,,,,,,,,,,,0,,,,,,,,,,,,,,,,,0,0
"22-Apr-2016 17:00",,,,,,,,,,,,,,,,0,,,,,,,,,,,,,,,,,0,0
"25-Apr-2016 17:00",,,,,,,,,,,,,,,,0,,,,,,,,,,,,,,,,,0,0
"26-Apr-2016 17:00",,,,,,,,,,,,,,,,0,,,,,,,,,,,,,,,,,0,0
"27-Apr-2016 17:00",,,,,,,,,,,,,,,,0,,,,,,,,,,,,,,,,,0,0
"28-Apr-2016 17:00",,,,,,,,,,,,,,,,0,,,,,,,,,,,,,,,,,0,0
"29-Apr-2016 17:00",,,,,,,,,,,,,,,,0,,,,,,,,,,,,,,,,,0,0
"02-May-2016 17:00",,,,,,,,,,,,,,,,0,,,,,,,,,,,,,,,,,0,0
"03-May-2016 17:00",,,,,,,,,,,,,,,,0,,,,,,,,,,,,,,,,,0,0
"04-May-2016 17:00",,,,,,,,,,,,,,,,0,,,,,,,,,,,,,,,,,0,0
"05-May-2016 17:00",,,,,,,,,,,,,,,,0,,,,,,,,,,,,,,,,,0,0
"06-May-2016 17:00",,,,,,,,,,,,,,,,0,,,,,,,,,,,,,,,,,0,0
"09-May-2016 17:00",,,,,,,,,,,,,,,,0,,,,,,,,,,,,,,,,,0,0
"10-May-2016 17:00",,,,,,,,,,,,,,,,0,,,,,,,,,,,,,,,,,0,0
"11-May-2016 17:00",,,,,,,,,,,,,,,,0,,,,,,,,,,,,,,,,,0,0
"12-May-2016 17:00",,,,,,,,,,,,,,,,0,,,,,,,,,,,,,,,,,0,0
"13-May-2016 17:00",,,,,,,,,,,,,,,,0,,,,,,,,,,,,,,,,,0,0
"16-May-2016 17:00",,,,,,,,,,,,,,,,0,,,,,,,,,,,,,,,,,0,0
"17-May-2016 17:00",,,,,,,,,,,,,,,,0,,,,,,,,,,,,,,,,,0,0
"18-May-2016 17:00",,,,,,,,,,,,,,,,0,,,,,,,,,,,,,,,,,0,0
"19-May-2016 17:00",,,,,,,,,,,,,,,,0,,,,,,,,,,,,,,,,,0,0
"20-May-2016 17:00",,,,,,,,,,,,,,,,0,,,,,,,,,,,,,,,,,0,0
"23-May-2016 17:00",,,,,,,,,,,,,,,,0,,,,,,,,,,,,,,,,,0,0
"24-May-2016 17:00",,,,,,,,,,,,,,,,0,,,,,,,,,,,,,,,,,0,0
"25-May-2016 17:00",,,,,,,,,,,,,,,,0,,,,,,,,,,,,,,,,,0,0
"26-May-2016 17:00",,,,,,,,,,,,,,,,0,,,,,,,,,,,,,,,,,0,0
"27-May-2016 17:00",,,,,,,,,,,,,,,,0,,,,,,,,,,,,,,,,,0,0
"30-May-2016 17:00",,,,,,,,,,,,,,,,0,,,,,,,,,,,,,,,,,0,0
"31-May-2016 17:00",,,,,,,,,,,,,,,,0,,,,,,,,,,,,,,,,,0,0
"01-Jun-2016 17:00",,,,,,,,,,,,,,,,0,,,,,,,,,,,,,,,,,0,0
"02-Jun-2016 17:00",,,,,,,,,,,,,,,,0,,,,,,,,,,,,,,,,,0,0
"03-Jun-2016 17:00",,,,,,,,,,,,,,,,0,,,,,,,,,,,,,,,,,0,0
"06-Jun-2016 17:00",,,,,,,,,,,,,,,,0,,,,,,,,,,,,,,,,,0,0
"07-Jun-2016 17:00",,,,,,,,,,,,,,,,0,,,,,,,,,,,,,,,,,0,0
"08-Jun-2016 17:00",,,,,,,,,,,,,,,,0,,,,,,,,,,,,,,,,,0,0
"09-Jun-2016 17:00",,,,,,,,,,,,,,,,0,,,,,,,,,,,,,,,,,0,0
"10-Jun-2016 17:00",,,,,,,,,,,,,,,,0,,,,,,,,,,,,,,,,,0,0
"13-Jun-2016 17:00",,,,,,,,,,,,,,,,0,,,,,,,,,,,,,,,,,0,0
"14-Jun-2016 17:00",,,,,,,,,,,,,,,,0,,,,,,,,,,,,,,,,,0,0
"15-Jun-2016 17:00",,,,,,,,,,,,,,,,0,,,,,,,,,,,,,,,,,0,0
"16-Jun-2016 17:00",,,,,,,,,,,,,,,,0,,,,,,,,,,,,,,,,,0,0
"17-Jun-2016 17:00",,,,,,,,,,,,,,,,0,,,,,,,,,,,,,,,,,0,0
"20-Jun-2016 17:00",,,,,,,,,,,,,,,,0,,,,,,,,,,,,,,,,,0,0
"21-Jun-2016 17:00",,,,,,,,,,,,,,,,0,,,,,,,,,,,,,,,,,0,0
"22-Jun-2016 17:00",,,,,,,,,,,,,,,,0,,,,,,,,,,,,,,,,,0,0
"23-Jun-2016 17:00",,,,,,,,,,,,,,,,0,,,,,,,,,,,,,,,,,0,0
"24-Jun-2016 17:00",,,,,,,,,,,,,,,,0,,,,,,,,,,,,,,,,,0,0
"27-Jun-2016 17:00",,,,,,,,,,,,,,,,0,,,,,,,,,,,,,,,,,0,0
"28-Jun-2016 17:00",,,,,,,,,,,,,,,,0,,,,,,,,,,,,,,,,,0,0
"29-Jun-2016 17:00",,,,,,,,,,,,,,,,0,,,,,,,,,,,,,,,,,0,0
"30-Jun-2016 17:00",,,,,,,,,,,,,,,,0,,,,,,,,,,,,,,,,,0,0
"01-Jul-2016 17:00",,,,,,,,,,,,,,,,0,,,,,,,,,,,,,,,,,0,0
"04-Jul-2016 17:00",,,,,,,,,,,,,,,,0,,,,,,,,,,,,,,,,,0,0
"05-Jul-2016 17:00",,,,,,,,,,,,,,,,0,,,,,,,,,,,,,,,,,0,0
"06-Jul-2016 17:00",,,,,,,,,,,,,,,,0,,,,,,,,,,,,,,,,,0,0
"07-Jul-2016 17:00",,,,,,,,,,,,,,,,0,,,,,,,,,,,,,,,,,0,0
"08-Jul-2016 17:00",,,,,,,,,,,,,,,,0,,,,,,,,,,,,,,,,,0,0
"11-Jul-2016 17:00",,,,,,,,,,,,,,,,0,,,,,,,,,,,,,,,,,0,0
"12-Jul-2016 17:00",,,,,,,,,,,,,,,,0,,,,,,,,,,,,,,,,,0,0
"13-Jul-2016 17:00",,,,,,,,,,,,,,,,0,,,,,,,,,,,,,,,,,0,0
"14-Jul-2016 17:00",,,,,,,,,,,,,,,,0,,,,,,,,,,,,,,,,,0,0
"15-Jul-2016 17:00",,,,,,,,,,,,,,,,0,,,,,,,,,,,,,,,,,0,0
"18-Jul-2016 17:00",,,,,,,,,,,,,,,,0,,,,,,,,,,,,,,,,,0,0
"19-Jul-2016 17:00",,,,,,,,,,,,,,,,0,,,,,,,,,,,,,,,,,0,0
"20-Jul-2016 17:00",,,,,,,,,,,,,,,,0,,,,,,,,,,,,,,,,,0,0
"21-Jul-2016 17:00",,,,,,,,,,,,,,,,0,,,,,,,,,,,,,,,,,0,0
"22-Jul-2016 17:00",,,,,,,,,,,,,,,,0,,,,,,,,,,,,,,,,,0,0
"25-Jul-2016 17:00",,,,,,,,,,,,,,,,0,,,,,,,,,,,,,,,,,0,0
"26-Jul-2016 17:00",,,,,,,,,,,,,,,,0,,,,,,,,,,,,,,,,,0,0
"27-Jul-2016 17:00",,,,,,,,,,,,,,,,0,,,,,,,,,,,,,,,,,0,0
"28-Jul-2016 17:00",,,,,,,,,,,,,,,,0,,,,,,,,,,,,,,,,,0,0
"29-Jul-2016 17:00",,,,,,,,,,,,,,,,0,,,,,,,,,,,,,,,,,0,0
"01-Aug-2016 17:00",,,,,,,,,,,,,,,,0,,,,,,,,,,,,,,,,,0,0
"02-Aug-2016 17:00",,,,,,,,,,,,,,,,0,,,,,,,,,,,,,,,,,0,0
"03-Aug-2016 17:00",,,,,,,,,,,,,,,,0,,,,,,,,,,,,,,,,,0,0
"04-Aug-2016 17:00",,,,,,,,,,,,,,,,0,,,,,,,,,,,,,,,,,0,0
"05-Aug-2016 17:00",,,,,,,,,,,,,,,,0,,,,,,,,,,,,,,,,,0,0
"08-Aug-2016 17:00",,,,,,,,,,,,,,,,0,,,,,,,,,,,,,,,,,0,0
"09-Aug-2016 17:00",,,,,,,,,,,,,,,,0,,,,,,,,,,,,,,,,,0,0
"10-Aug-2016 17:00",,,,,,,,,,,,,,,,0,,,,,,,,,,,,,,,,,0,0
"11-Aug-2016 17:00",,,,,,,,,,,,,,,,0,,,,,,,,,,,,,,,,,0,0
"12-Aug-2016 17:00",,,,,,,,,,,,,,,,0,,,,,,,,,,,,,,,,,0,0
"15-Aug-2016 17:00",,,,,,,,,,,,,,,,0,,,,,,,,,,,,,,,,,0,0
"16-Aug-2016 17:00",,,,,,,,,,,,,,,,0,,,,,,,,,,,,,,,,,0,0
"17-Aug-2016 17:00",,,,,,,,,,,,,,,,0,,,,,,,,,,,,,,,,,0,0
"18-Aug-2016 17:00",,,,,,,,,,,,,,,,0,,,,,,,,,,,,,,,,,0,0
"19-Aug-2016 17:00",,,,,,,,,,,,,,,,0,,,,,,,,,,,,,,,,,0,0
"22-Aug-2016 17:00",,,,,,,,,,,,,,,,0,,,,,,,,,,,,,,,,,0,0
"23-Aug-2016 17:00",,,,,,,,,,,,,,,,0,,,,,,,,,,,,,,,,,0,0
"24-Aug-2016 17:00",,,,,,,,,,,,,,,,0,,,,,,,,,,,,,,,,,0,0
"25-Aug-2016 17:00",,,,,,,,,,,,,,,,0,,,,,,,,,,,,,,,,,0,0
"26-Aug-2016 17:00",,,,,,,,,,,,,,,,0,,,,,,,,,,,,,,,,,0,0
"29-Aug-2016 17:00",,,,,,,,,,,,,,,,0,,,,,,,,,,,,,,,,,0,0
"30-Aug-2016 17:00",,,,,,,,,,,,,,,,0,,,,,,,,,,,,,,,,,0,0
"31-Aug-2016 17:00",,,,,,,,,,,,,,,,0,,,,,,,,,,,,,,,,,0,0
"01-Sep-2016 17:00",,,,,,,,,,,,,,,,0,,,,,,,,,,,,,,,,,0,0
"02-Sep-2016 17:00",,,,,,,,,,,,,,,,0,,,,,,,,,,,,,,,,,0,0
"05-Sep-2016 17:00",,,,,,,,,,,,,,,,0,,,,,,,,,,,,,,,,,0,0
"06-Sep-2016 17:00",,,,,,,,,,,,,,,,0,,,,,,,,,,,,,,,,,0,0
"07-Sep-2016 17:00",,,,,,,,,,,,,,,,0,,,,,,,,,,,,,,,,,0,0
"08-Sep-2016 17:00",,,,,,,,,,,,,,,,0,,,,,,,,,,,,,,,,,0,0
"09-Sep-2016 17:00",,,,,,,,,,,,,,,,0,,,,,,,,,,,,,,,,,0,0
"12-Sep-2016 17:00",,,,,,,,,,,,,,,,0,,,,,,,,,,,,,,,,,0,0
"13-Sep-2016 17:00",,,,,,,,,,,,,,,,0,,,,,,,,,,,,,,,,,0,0
"14-Sep-2016 17:00",,,,,,,,,,,,,,,,0,,,,,,,,,,,,,,,,,0,0
"15-Sep-2016 17:00",,,,,,,,,,,,,,,,0,,,,,,,,,,,,,,,,,0,0
"16-Sep-2016 17:00",,,,,,,,,,,,,,,,0,,,,,,,,,,,,,,,,,0,0
"19-Sep-2016 17:00",,,,,,,,,,,,,,,,0,,,,,,,,,,,,,,,,,0,0
"20-Sep-2016 17:00",,,,,,,,,,,,,,,,0,,,,,,,,,,,,,,,,,0,0
"21-Sep-2016 17:00",,,,,,,,,,,,,,,,0,,,,,,,,,,,,,,,,,0,0
"22-Sep-2016 17:00",,,,,,,,,,,,,,,,0,,,,,,,,,,,,,,,,,0,0
"23-Sep-2016 17:00",,,,,,,,,,,,,,,,0,,,,,,,,,,,,,,,,,0,0
"26-Sep-2016 17:00",,,,,,,,,,,,,,,,0,,,,,,,,,,,,,,,,,0,0
"27-Sep-2016 17:00",,,,,,,,,,,,,,,,0,,,,,,,,,,,,,,,,,0,0
"28-Sep-2016 17:00",,,,,,,,,,,,,,,,0,,,,,,,,,,,,,,,,,0,0
"29-Sep-2016 17:00",,,,,,,,,,,,,,,,0,,,,,,,,,,,,,,,,,0,0
"30-Sep-2016 17:00",,,,,,,,,,,,,,,,0,,,,,,,,,,,,,,,,,0,0
"03-Oct-2016 16:00",0,0,0,,,,,,,,,,,,,0,,,,,,,,,,,,,,,,,0,0
"04-Oct-2016 16:00",0,0,0,,,,,,,,,,,,,0,,,,,,,,,,,,,,,,,0,0
"05-Oct-2016 16:00",0,0,0,,,,,,,,,,,,,0,,,,,,,,,,,,,,,,,0,0
"06-Oct-2016 16:00",0,0,0,,,,,,,,,,,,,0,,,,,,,,,,,,,,,,,0,0
"07-Oct-2016 16:00",0,0,0,,,,,,,,,,,,,0,,,,,,,,,,,,,,,,,0,0
"10-Oct-2016 16:00",0,0,0,,,,,,,,,,,,,0,,,,,,,,,,,,,,,,,0,0
"11-Oct-2016 16:00",0,0,0,,,,,,,,,,,,,0,,,,,,,,,,,,,,,,,0,0
"12-Oct-2016 16:00",0,0,0,,,,,,,,,,,,,0,,,,,,,,,,,,,,,,,0,0
"13-Oct-2016 16:00",0,0,0,,,,,,,,,,,,,0,,,,,,,,,,,,,,,,,0,0
"14-Oct-2016 16:00",0,0,0,,,,,,,,,,,,,0,,,,,,,,,,,,,,,,,0,0
"17-Oct-2016 16:00",0,0,0,,,,,,,,,,,,,0,,,,,,,,,,,,,,,,,0,0
"18-Oct-2016 16:00",0,0,0,,,,,,,,,,,,,0,,,,,,,,,,,,,,,,,0,0
"19-Oct-2016 16:00",0,0,0,,,,,,,,,,,,,0,,,,,,,,,,,,,,,,,0,0
"20-Oct-2016 16:00",0,0,0,,,,,,,,,,,,,0,,,,,,,,,,,,,,,,,0,0
"21-Oct-2016 16:00",0,0,0,,,,,,,,,,,,,0,,,,,,,,,,,,,,,,,0,0
"24-Oct-2016 16:00",0,0,0,,,,,,,,,,,,,0,,,,,,,,,,,,,,,,,0,0
"25-Oct-2016 16:00",0,0,0,,,,,,,,,,,,,0,,,,,,,,,,,,,,,,,0,0
"26-Oct-2016 16:00",0,0,0,,,,,,,,,,,,,0,,,,,,,,,,,,,,,,,0,0
"27-Oct-2016 16:00",0,0,0,,,,,,,,,,,,,0,,,,,,,,,,,,,,,,,0,0
"28-Oct-2016 16:00",0,0,0,,,,,,,,,,,,,0,,,,,,,,,,,,,,,,,0,0
"31-Oct-2016 16:00",0,0,0,,,,,,,,,,,,,0,,,,,,,,,,,,,,,,,0,0
"01-Nov-2016 16:00",0,0,0,,,,,,,,,,,,,0,,,,,,,,,,,,,,,,,0,0
"02-Nov-2016 16:00",0,0,0,,,,,,,,,,,,,0,,,,,,,,,,,,,,,,,0,0
"03-Nov-2016 16:00",0,0,0,,,,,,,,,,,,,0,,,,,,,,,,,,,,,,,0,0
"04-Nov-2016 16:00",0,0,0,,,,,,,,,,,,,0,,,,,,,,,,,,,,,,,0,0
"07-Nov-2016 16:00",0,0,0,,,,,,,,,,,,,0,,,,,,,,,,,,,,,,,0,0
"08-Nov-2016 16:00",0,0,0,,,,,,,,,,,,,0,,,,,,,,,,,,,,,,,0,0
"09-Nov-2016 16:00",0,0,0,,,,,,,,,,,,,0,,,,,,,,,,,,,,,,,0,0
"10-Nov-2016 16:00",0,0,0,,,,,,,,,,,,,0,,,,,,,,,,,,,,,,,0,0
"11-Nov-2016 16:00",0,0,0,,,,,,,,,,,,,0,,,,,,,,,,,,,,,,,0,0
"14-Nov-2016 16:00",0,0,0,,,,,,,,,,,,,0,,,,,,,,,,,,,,,,,0,0
"15-Nov-2016 16:00",0,0,0,,,,,,,,,,,,,0,,,,,,,,,,,,,,,,,0,0
"16-Nov-2016 16:00",0,0,0,,,,,,,,,,,,,0,,,,,,,,,,,,,,,,,0,0
"17-Nov-2016 16:00",0,0,0,,,,,,,,,,,,,0,,,,,,,,,,,,,,,,,0,0
"18-Nov-2016 16:00",0,0,0,,,,,,,,,,,,,0,,,,,,,,,,,,,,,,,0,0
"21-Nov-2016 16:00",0,0,0,,,,,,,,,,,,,0,,,,,,,,,,,,,,,,,0,0
"22-Nov-2016 16:00",0,0,0,,,,,,,,,,,,,0,,,,,,,,,,,,,,,,,0,0
"23-Nov-2016 16:00",0,0,0,,,,,,,,,,,,,0,,,,,,,,,,,,,,,,,0,0
"24-Nov-2016 16:00",0,0,0,,,,,,,,,,,,,0,,,,,,,,,,,,,,,,,0,0
"25-Nov-2016 16:00",0,0,0,,,,,,,,,,,,,0,,,,,,,,,,,,,,,,,0,0
"28-Nov-2016 16:00",0,0,0,,,,,,,,,,,,,0,,,,,,,,,,,,,,,,,0,0
"29-Nov-2016 16:00",0,0,0,,,,,,,,,,,,,0,,,,,,,,,,,,,,,,,0,0
"30-Nov-2016 16:00",0,0,0,,,,,,,,,,,,,0,,,,,,,,,,,,,,,,,0,0
"01-Dec-2016 16:00",0,0,0,,,,,,,,,,,,,0,,,,,,,,,,,,,,,,,0,0
"02-Dec-2016 16:00",0,0,0,,,,,,,,,,,,,0,,,,,,,,,,,,,,,,,0,0
"05-Dec-2016 16:00",0,0,0,,,,,,,,,,,,,0,,,,,,,,,,,,,,,,,0,0
"06-Dec-2016 16:00",0,0,0,,,,,,,,,,,,,0,,,,,,,,,,,,,,,,,0,0
"07-Dec-2016 16:00",0,0,0,,,,,,,,,,,,,0,,,,,,,,,,,,,,,,,0,0
"08-Dec-2016 16:00",0,0,0,,,,,,,,,,,,,0,,,,,,,,,,,,,,,,,0,0
"09-Dec-2016 16:00",0,0,0,,,,,,,,,,,,,0,,,,,,,,,,,,,,,,,0,0
"12-Dec-2016 16:00",0,0,0,,,,,,,,,,,,,0,,,,,,,,,,,,,,,,,0,0
"13-Dec-2016 16:00",0,0,0,,,,,,,,,,,,,0,,,,,,,,,,,,,,,,,0,0
"14-Dec-2016 16:00",0,0,0,,,,,,,,,,,,,0,,,,,,,,,,,,,,,,,0,0
"15-Dec-2016 16:00",0,0,0,,,,,,,,,,,,,0,,,,,,,,,,,,,,,,,0,0
"16-Dec-2016 16:00",0,0,0,,,,,,,,,,,,,0,,,,,,,,,,,,,,,,,0,0
"19-Dec-2016 16:00",0,0,0,,,,,,,,,,,,,0,,,,,,,,,,,,,,,,,0,0
"20-Dec-2016 16:00",0,0,0,,,,,,,,,,,,,0,,,,,,,,,,,,,,,,,0,0
"21-Dec-2016 16:00",0,0,0,,,,,,,,,,,,,0,,,,,,,,,,,,,,,,,0,0
"22-Dec-2016 16:00",0,0,0,,,,,,,,,,,,,0,,,,,,,,,,,,,,,,,0,0
"23-Dec-2016 16:00",0,0,0,,,,,,,,,,,,,0,,,,,,,,,,,,,,,,,0,0
"28-Dec-2016 16:00",0,0,0,,,,,,,,,,,,,0,,,,,,,,,,,,,,,,,0,0
"29-Dec-2016 16:00",0,0,0,,,,,,,,,,,,,0,,,,,,,,,,,,,,,,,0,0
"30-Dec-2016 16:00",0,0,0,,,,,,,,,,,,,0,,,,,,,,,,,,,,,,,0,0
"03-Jan-2017 16:00",0,0,0,,,,,,,,,,,,,0,,,,,,,,,,,,,,,,,0,0
"04-Jan-2017 16:00",0,0,0,,,,,,,,,,,,,0,,,,,,,,,,,,,,,,,0,0
"05-Jan-2017 16:00",0,0,0,,,,,,,,,,,,,0,,,,,,,,,,,,,,,,,0,0
"06-Jan-2017 16:00",0,0,0,,,,,,,,,,,,,0,,,,,,,,,,,,,,,,,0,0
"09-Jan-2017 16:00",0,0,0,,,,,,,,,,,,,0,,,,,,,,,,,,,,,,,0,0
"10-Jan-2017 16:00",0,0,0,,,,,,,,,,,,,0,,,,,,,,,,,,,,,,,0,0
"11-Jan-2017 16:00",0,0,0,,,,,,,,,,,,,0,,,,,,,,,,,,,,,,,0,0
"12-Jan-2017 16:00",0,0,0,,,,,,,,,,,,,0,,,,,,,,,,,,,,,,,0,0
"13-Jan-2017 16:00",0,0,0,,,,,,,,,,,,,0,,,,,,,,,,,,,,,,,0,0
"16-Jan-2017 16:00",0,0,0,,,,,,,,,,,,,0,,,,,,,,,,,,,,,,,0,0
"17-Jan-2017 16:00",0,0,0,,,,,,,,,,,,,0,,,,,,,,,,,,,,,,,0,0
"18-Jan-2017 16:00",0,0,0,,,,,,,,,,,,,0,,,,,,,,,,,,,,,,,0,0
"19-Jan-2017 16:00",0,0,0,,,,,,,,,,,,,0,,,,,,,,,,,,,,,,,0,0
"20-Jan-2017 16:00",0,0,0,,,,,,,,,,,,,0,,,,,,,,,,,,,,,,,0,0
"23-Jan-2017 16:00",0,0,0,,,,,,,,,,,,,0,,,,,,,,,,,,,,,,,0,0
"24-Jan-2017 16:00",0,0,0,,,,,,,,,,,,,0,,,,,,,,,,,,,,,,,0,0
"25-Jan-2017 16:00",0,0,0,,,,,,,,,,,,,0,,,,,,,,,,,,,,,,,0,0
"26-Jan-2017 16:00",0,0,0,,,,,,,,,,,,,0,,,,,,,,,,,,,,,,,0,0
"27-Jan-2017 16:00",0,0,0,,,,,,,,,,,,,0,,,,,,,,,,,,,,,,,0,0
"30-Jan-2017 16:00",0,0,0,,,,,,,,,,,,,0,,,,,,,,,,,,,,,,,0,0
"31-Jan-2017 16:00",0,0,0,,,,,,,,,,,,,0,,,,,,,,,,,,,,,,,0,0
"01-Feb-2017 16:00",0,0,0,,,,,,,,,,,,,0,,,,,,,,,,,,,,,,,0,0
"02-Feb-2017 16:00",0,0,0,,,,,,,,,,,,,0,,,,,,,,,,,,,,,,,0,0
"03-Feb-2017 16:00",0,0,0,,,,,,,,,,,,,0,,,,,,,,,,,,,,,,,0,0
"06-Feb-2017 16:00",0,0,0,,,,,,,,,,,,,0,,,,,,,,,,,,,,,,,0,0
"07-Feb-2017 16:00",0,0,0,,,,,,,,,,,,,0,,,,,,,,,,,,,,,,,0,0
"08-Feb-2017 16:00",0,0,0,,,,,,,,,,,,,0,,,,,,,,,,,,,,,,,0,0
"09-Feb-2017 16:00",0,0,0,,,,,,,,,,,,,0,,,,,,,,,,,,,,,,,0,0
"10-Feb-2017 16:00",0,0,0,,,,,,,,,,,,,0,,,,,,,,,,,,,,,,,0,0
"13-Feb-2017 16:00",0,0,0,,,,,,,,,,,,,0,,,,,,,,,,,,,,,,,0,0
"14-Feb-2017 16:00",0,0,0,,,,,,,,,,,,,0,,,,,,,,,,,,,,,,,0,0
"15-Feb-2017 16:00",0,0,0,,,,,,,,,,,,,0,,,,,,,,,,,,,,,,,0,0
"16-Feb-2017 16:00",0,0,0,,,,,,,,,,,,,0,,,,,,,,,,,,,,,,,0,0
"17-Feb-2017 16:00",0,0,0,,,,,,,,,,,,,0,,,,,,,,,,,,,,,,,0,0
"20-Feb-2017 16:00",0,0,0,,,,,,,,,,,,,0,,,,,,,,,,,,,,,,,0,0
"21-Feb-2017 16:00",0,0,0,,,,,,,,,,,,,0,,,,,,,,,,,,,,,,,0,0
"22-Feb-2017 16:00",0,0,0,,,,,,,,,,,,,0,,,,,,,,,,,,,,,,,0,0
"23-Feb-2017 16:00",0,0,0,,,,,,,,,,,,,0,,,,,,,,,,,,,,,,,0,0
"24-Feb-2017 16:00",0,0,0,,,,,,,,,,,,,0,,,,,,,,,,,,,,,,,0,0
"27-Feb-2017 16:00",0,0,0,,,,,,,,,,,,,0,,,,,,,,,,,,,,,,,0,0
"28-Feb-2017 16:00",0,0,0,,,,,,,,,,,,,0,,,,,,,,,,,,,,,,,0,0
"01-Mar-2017 16:00",0,0,0,,,,,,,,,,,,,0,,,,,,,,,,,,,,,,,0,0
"02-Mar-2017 16:00",0,0,0,,,,,,,,,,,,,0,,,,,,,,,,,,,,,,,0,0
"03-Mar-2017 16:00",0,0,0,,,,,,,,,,,,,0,,,,,,,,,,,,,,,,,0,0
"06-Mar-2017 16:00",0,0,0,,,,,,,,,,,,,0,,,,,,,,,,,,,,,,,0,0
"07-Mar-2017 16:00",0,0,0,,,,,,,,,,,,,0,,,,,,,,,,,,,,,,,0,0
"08-Mar-2017 16:00",0,0,0,,,,,,,,,,,,,0,,,,,,,,,,,,,,,,,0,0
"09-Mar-2017 16:00",0,0,0,,,,,,,,,,,,,0,,,,,,,,,,,,,,,,,0,0
"10-Mar-2017 16:00",0,0,0,,,,,,,,,,,,,0,,,,,,,,,,,,,,,,,0,0
"13-Mar-2017 16:00",0,0,0,,,,,,,,,,,,,0,,,,,,,,,,,,,,,,,0,0
"14-Mar-2017 16:00",0,0,0,,,,,,,,,,,,,0,,,,,,,,,,,,,,,,,0,0
"15-Mar-2017 16:00",0,0,0,,,,,,,,,,,,,0,,,,,,,,,,,,,,,,,0,0
"16-Mar-2017 16:00",0,0,0,,,,,,,,,,,,,0,,,,,,,,,,,,,,,,,0,0
"17-Mar-2017 16:00",0,0,0,,,,,,,,,,,,,0,,,,,,,,,,,,,,,,,0,0
"20-Mar-2017 16:00",0,0,0,,,,,,,,,,,,,0,,,,,,,,,,,,,,,,,0,0
"21-Mar-2017 16:00",0,0,0,,,,,,,,,,,,,0,,,,,,,,,,,,,,,,,0,0
"22-Mar-2017 16:00",0,0,0,,,,,,,,,,,,,0,,,,,,,,,,,,,,,,,0,0
"23-Mar-2017 16:00",0,0,0,,,,,,,,,,,,,0,,,,,,,,,,,,,,,,,0,0
"24-Mar-2017 16:00",0,0,0,,,,,,,,,,,,,0,,,,,,,,,,,,,,,,,0,0
"27-Mar-2017 16:00",0,0,0,,,,,,,,,,,,,0,,,,,,,,,,,,,,,,,0,0
"28-Mar-2017 16:00",0,0,0,,,,,,,,,,,,,0,,,,,,,,,,,,,,,,,0,0
"29-Mar-2017 16:00",0,0,0,,,,,,,,,,,,,0,,,,,,,,,,,,,,,,,0,0
"30-Mar-2017 16:00",0,0,0,,,,,,,,,,,,,0,,,,,,,,,,,,,,,,,0,0
"31-Mar-2017 16:00",0,0,0,,,,,,,,,,,,,0,,,,,,,,,,,,,,,,,0,0
"03-Apr-2017 17:00",0,0,0,0,0,,,0,,,,,,,,0,,,,,,,,,,,,,,,,,0,0
"04-Apr-2017 17:00",0,0,0,0,0,,,0,,,,,,,,0,,,,,,,,,,,,,,,,,0,0
"05-Apr-2017 17:00",0,0,0,0,0,,,0,,,,,,,,0,,,,,,,,,,,,,,,,,0,0
"06-Apr-2017 17:00",0,0,0,0,0,,,0,,,,,,,,0,,,,,,,,,,,,,,,,,0,0
"07-Apr-2017 17:00",0,0,0,0,0,,,0,,,,,,,,0,,,,,,,,,,,,,,,,,0,0
"10-Apr-2017 17:00",0,0,0,0,0,,,0,,,,,,,,0,,,,,,,,,,,,,,,,,0,0
"11-Apr-2017 17:00",0,0,0,0,0,,,0,,,,,,,,0,,,,,,,,,,,,,,,,,0,0
"12-Apr-2017 17:00",0,0,0,0,0,,,0,,,,,,,,0,,,,,,,,,,,,,,,,,0,0
"13-Apr-2017 17:00",0,0,0,0,0,,,0,,,,,,,,0,,,,,,,,,,,,,,,,,0,0
"18-Apr-2017 17:00",0,0,0,0,0,,,0,,,,,,,,0,,,,,,,,,,,,,,,,,0,0
"19-Apr-2017 17:00",0,0,0,0,0,,,0,,,,,,,,0,,,,,,,,,,,,,,,,,0,0
"20-Apr-2017 17:00",0,0,0,0,0,,,0,,,,,,,,0,,,,,,,,,,,,,,,,,0,0
"21-Apr-2017 17:00",0,0,0,0,0,,,0,,,,,,,,0,,,,,,,,,,,,,,,,,0,0
"24-Apr-2017 17:00",0,0,0,0,0,,,0,,,,,,,,0,,,,,,,,,,,,,,,,,0,0
"25-Apr-2017 17:00",0,0,0,0,0,,,0,,,,,,,,0,,,,,,,,,,,,,,,,,0,0
"26-Apr-2017 17:00",0,0,0,0,0,,,0,,,,,,,,0,,,,,,,,,,,,,,,,,0,0
"27-Apr-2017 17:00",0,0,0,0,0,,,0,,,,,,,,0,,,,,,,,,,,,,,,,,0,0
"28-Apr-2017 17:00",0,0,0,0,0,,,0,,,,,,,,0,,,,,,,,,,,,,,,,,0,0
"01-May-2017 17:00",0,0,0,0,0,,,0,,,,,,,,0,,,,,,,,,,,,,,,,,0,0
"02-May-2017 17:00",0,0,0,0,0,,,0,,,,,,,,0,,,,,,,,,,,,,,,,,0,0
"03-May-2017 17:00",0,0,0,0,0,,,0,,,,,,,,0,,,,,,,,,,,,,,,,,0,0
"04-May-2017 17:00",0,0,0,0,0,,,0,,,,,,,,0,,,,,,,,,,,,,,,,,0,0
"05-May-2017 17:00",0,0,0,0,0,,,0,,,,,,,,0,,,,,,,,,,,,,,,,,0,0
"08-May-2017 17:00",0,0,0,0,0,,,0,,,,,,,,0,,,,,,,,,,,,,,,,,0,0
"09-May-2017 17:00",0,0,0,0,0,,,0,,,,,,,,0,,,,,,,,,,,,,,,,,0,0
"10-May-2017 17:00",0,0,0,0,0,,,0,,,,,,,,0,,,,,,,,,,,,,,,,,0,0
"11-May-2017 17:00",0,0,0,0,0,,,0,,,,,,,,0,,,,,,,,,,,,,,,,,0,0
"12-May-2017 17:00",0,0,0,0,0,,,0,,,,,,,,0,,,,,,,,,,,,,,,,,0,0
"15-May-2017 17:00",0,0,0,0,0,,,0,,,,,,,,0,,,,,,,,,,,,,,,,,0,0
"16-May-2017 17:00",0,0,0,0,0,,,0,,,,,,,,0,,,,,,,,,,,,,,,,,0,0
"17-May-2017 17:00",0,0,0,0,0,,,0,,,,,,,,0,,,,,,,,,,,,,,,,,0,0
"18-May-2017 17:00",0,0,0,0,0,,,0,,,,,,,,0,,,,,,,,,,,,,,,,,0,0
"19-May-2017 17:00",0,0,0,0,0,,,0,,,,,,,,0,,,,,,,,,,,,,,,,,0,0
"22-May-2017 17:00",0,0,0,0,0,,,0,,,,,,,,0,,,,,,,,,,,,,,,,,0,0
"23-May-2017 17:00",0,0,0,0,0,,,0,,,,,,,,0,,,,,,,,,,,,,,,,,0,0
"24-May-2017 17:00",0,0,0,0,0,,,0,,,,,,,,0,,,,,,,,,,,,,,,,,0,0
"25-May-2017 17:00",0,0,0,0,0,,,0,,,,,,,,0,,,,,,,,,,,,,,,,,0,0
"26-May-2017 17:00",0,0,0,0,0,,,0,,,,,,,,0,,,,,,,,,,,,,,,,,0,0
"29-May-2017 17:00",0,0,0,0,0,,,0,,,,,,,,0,,,,,,,,,,,,,,,,,0,0
"30-May-2017 17:00",0,0,0,0,0,,,0,,,,,,,,0,,,,,,,,,,,,,,,,,0,0
"31-May-2017 17:00",0,0,0,0,0,,,0,,,,,,,,0,,,,,,,,,,,,,,,,,0,0
"01-Jun-2017 17:00",0,0,0,0,0,,,0,,,,,,,,0,,,,,,,,,,,,,,,,,0,0
"02-Jun-2017 17:00",0,0,0,0,0,,,0,,,,,,,,0,,,,,,,,,,,,,,,,,0,0
"05-Jun-2017 17:00",0,0,0,0,0,,,0,,,,,,,,0,,,,,,,,,,,,,,,,,0,0
"06-Jun-2017 17:00",0,0,0,0,0,,,0,,,,,,,,0,,,,,,,,,,,,,,,,,0,0
"07-Jun-2017 17:00",0,0,0,0,0,,,0,,,,,,,,0,,,,,,,,,,,,,,,,,0,0
"08-Jun-2017 17:00",0,0,0,0,0,,,0,,,,,,,,0,,,,,,,,,,,,,,,,,0,0
"09-Jun-2017 17:00",0,0,0,0,0,,,0,,,,,,,,0,,,,,,,,,,,,,,,,,0,0
"12-Jun-2017 17:00",0,0,0,0,0,,,0,,,,,,,,0,,,,,,,,,,,,,,,,,0,0
"13-Jun-2017 17:00",0,0,0,0,0,,,0,,,,,,,,0,,,,,,,,,,,,,,,,,0,0
"14-Jun-2017 17:00",0,0,0,0,0,,,0,,,,,,,,0,,,,,,,,,,,,,,,,,0,0
"15-Jun-2017 17:00",0,0,0,0,0,,,0,,,,,,,,0,,,,,,,,,,,,,,,,,0,0
"16-Jun-2017 17:00",0,0,0,0,0,,,0,,,,,,,,0,,,,,,,,,,,,,,,,,0,0
"19-Jun-2017 17:00",0,0,0,0,0,,,0,,,,,,,,0,,,,,,,,,,,,,,,,,0,0
"20-Jun-2017 17:00",0,0,0,0,0,,,0,,,,,,,,0,,,,,,,,,,,,,,,,,0,0
"21-Jun-2017 17:00",0,0,0,0,0,,,0,,,,,,,,0,,,,,,,,,,,,,,,,,0,0
"22-Jun-2017 17:00",0,0,0,0,0,,,0,,,,,,,,0,,,,,,,,,,,,,,,,,0,0
"23-Jun-2017 17:00",0,0,0,0,0,,,0,,,,,,,,0,,,,,,,,,,,,,,,,,0,0
"26-Jun-2017 17:00",0,0,0,0,0,,,0,,,,,,,,0,,,,,,,,,,,,,,,,,0,0
"27-Jun-2017 17:00",0,0,0,0,0,,,0,,,,,,,,0,,,,,,,,,,,,,,,,,0,0
"28-Jun-2017 17:00",0,0,0,0,0,,,0,,,,,,,,0,,,,,,,,,,,,,,,,,0,0
"29-Jun-2017 17:00",0,0,0,0,0,,,0,,,,,,,,0,,,,,,,,,,,,,,,,,0,0
"30-Jun-2017 17:00",0,0,0,0,0,,,0,,,,,,,,0,,,,,,,,,,,,,,,,,0,0
"03-Jul-2017 17:00",0,0,0,0,0,,,0,,,,,,,,0,,,,,,,,,,,,,,,,,0,0
"04-Jul-2017 17:00",0,0,0,0,0,,,0,,,,,,,,0,,,,,,,,,,,,,,,,,0,0
"05-Jul-2017 17:00",0,0,0,0,0,,,0,,,,,,,,0,,,,,,,,,,,,,,,,,0,0
"06-Jul-2017 17:00",0,0,0,0,0,,,0,,,,,,,,0,,,,,,,,,,,,,,,,,0,0
"07-Jul-2017 17:00",0,0,0,0,0,,,0,,,,,,,,0,,,,,,,,,,,,,,,,,0,0
"10-Jul-2017 17:00",0,0,0,0,0,,,0,,,,,,,,0,,,,,,,,,,,,,,,,,0,0
"11-Jul-2017 17:00",0,0,0,0,0,,,0,,,,,,,,0,,,,,,,,,,,,,,,,,0,0
"12-Jul-2017 17:00",0,0,0,0,0,,,0,,,,,,,,0,,,,,,,,,,,,,,,,,0,0
"13-Jul-2017 17:00",0,0,0,0,0,,,0,,,,,,,,0,,,,,,,,,,,,,,,,,0,0
"14-Jul-2017 17:00",0,0,0,0,0,,,0,,,,,,,,0,,,,,,,,,,,,,,,,,0,0
"17-Jul-2017 17:00",0,0,0,0,0,,,0,,,,,,,,0,,,,,,,,,,,,,,,,,0,0
"18-Jul-2017 17:00",0,0,0,0,0,,,0,,,,,,,,0,,,,,,,,,,,,,,,,,0,0
"19-Jul-2017 17:00",0,0,0,0,0,,,0,,,,,,,,0,,,,,,,,,,,,,,,,,0,0
"20-Jul-2017 17:00",0,0,0,0,0,,,0,,,,,,,,0,,,,,,,,,,,,,,,,,0,0
"21-Jul-2017 17:00",0,0,0,0,0,,,0,,,,,,,,0,,,,,,,,,,,,,,,,,0,0
"24-Jul-2017 17:00",0,0,0,0,0,,,0,,,,,,,,0,,,,,,,,,,,,,,,,,0,0
"25-Jul-2017 17:00",0,0,0,0,0,,,0,,,,,,,,0,,,,,,,,,,,,,,,,,0,0
"26-Jul-2017 17:00",0,0,0,0,0,,,0,,,,,,,,0,,,,,,,,,,,,,,,,,0,0
"27-Jul-2017 17:00",0,0,0,0,0,,,0,,,,,,,,0,,,,,,,,,,,,,,,,,0,0
"28-Jul-2017 17:00",0,0,0,0,0,,,0,,,,,,,,0,,,,,,,,,,,,,,,,,0,0
"31-Jul-2017 17:00",0,0,0,0,0,,,0,,,,,,,,0,,,,,,,,,,,,,,,,,0,0
"01-Aug-2017 17:00",0,0,0,0,0,,,0,,,,,,,,0,,,,,,,,,,,,,,,,,0,0
"02-Aug-2017 17:00",0,0,0,0,0,,,0,,,,,,,,0,,,,,,,,,,,,,,,,,0,0
"03-Aug-2017 17:00",0,0,0,0,0,,,0,,,,,,,,0,,,,,,,,,,,,,,,,,0,0
"04-Aug-2017 17:00",0,0,0,0,0,,,0,,,,,,,,0,,,,,,,,,,,,,,,,,0,0
"07-Aug-2017 17:00",0,0,0,0,0,,,0,,,,,,,,0,,,,,,,,,,,,,,,,,0,0
"08-Aug-2017 17:00",0,0,0,0,0,,,0,,,,,,,,0,,,,,,,,,,,,,,,,,0,0
"09-Aug-2017 17:00",0,0,0,0,0,,,0,,,,,,,,0,,,,,,,,,,,,,,,,,0,0
"10-Aug-2017 17:00",0,0,0,0,0,,,0,,,,,,,,0,,,,,,,,,,,,,,,,,0,0
"11-Aug-2017 17:00",0,0,0,0,0,,,0,,,,,,,,0,,,,,,,,,,,,,,,,,0,0
"14-Aug-2017 17:00",0,0,0,0,0,,,0,,,,,,,,0,,,,,,,,,,,,,,,,,0,0
"15-Aug-2017 17:00",0,0,0,0,0,,,0,,,,,,,,0,,,,,,,,,,,,,,,,,0,0
"16-Aug-2017 17:00",0,0,0,0,0,,,0,,,,,,,,0,,,,,,,,,,,,,,,,,0,0
"17-Aug-2017 17:00",0,0,0,0,0,,,0,,,,,,,,0,,,,,,,,,,,,,,,,,0,0
"18-Aug-2017 17:00",0,0,0,0,0,,,0,,,,,,,,0,,,,,,,,,,,,,,,,,0,0
"21-Aug-2017 17:00",0,0,0,0,0,,,0,,,,,,,,0,,,,,,,,,,,,,,,,,0,0
"22-Aug-2017 17:00",0,0,0,0,0,,,0,,,,,,,,0,,,,,,,,,,,,,,,,,0,0
"23-Aug-2017 17:00",0,0,0,0,0,,,0,,,,,,,,0,,,,,,,,,,,,,,,,,0,0
"24-Aug-2017 17:00",0,0,0,0,0,,,0,,,,,,,,0,,,,,,,,,,,,,,,,,0,0
"25-Aug-2017 17:00",0,0,0,0,0,,,0,,,,,,,,0,,,,,,,,,,,,,,,,,0,0
"28-Aug-2017 17:00",0,0,0,0,0,,,0,,,,,,,,0,,,,,,,,,,,,,,,,,0,0
"29-Aug-2017 17:00",0,0,0,0,0,,,0,,,,,,,,0,,,,,,,,,,,,,,,,,0,0
"30-Aug-2017 17:00",0,0,0,0,0,,,0,,,,,,,,0,,,,,,,,,,,,,,,,,0,0
"31-Aug-2017 17:00",0,0,0,0,0,,,0,,,,,,,,0,,,,,,,,,,,,,,,,,0,0
"01-Sep-2017 17:00",0,0,0,0,0,,,0,,,,,,,,0,,,,,,,,,,,,,,,,,0,0
"04-Sep-2017 17:00",0,0,0,0,0,,,0,,,,,,,,0,,,,,,,,,,,,,,,,,0,0
"05-Sep-2017 17:00",0,0,0,0,0,,,0,,,,,,,,0,,,,,,,,,,,,,,,,,0,0
"06-Sep-2017 17:00",0,0,0,0,0,,,0,,,,,,,,0,,,,,,,,,,,,,,,,,0,0
"07-Sep-2017 17:00",0,0,0,0,0,,,0,,,,,,,,0,,,,,,,,,,,,,,,,,0,0
"08-Sep-2017 17:00",0,0,0,0,0,,,0,,,,,,,,0,,,,,,,,,,,,,,,,,0,0
"11-Sep-2017 17:00",0,0,0,0,0,,,0,,,,,,,,0,,,,,,,,,,,,,,,,,0,0
"12-Sep-2017 17:00",0,0,0,0,0,,,0,,,,,,,,0,,,,,,,,,,,,,,,,,0,0
"13-Sep-2017 17:00",0,0,0,0,0,,,0,,,,,,,,0,,,,,,,,,,,,,,,,,0,0
"14-Sep-2017 17:00",0,0,0,0,0,,,0,,,,,,,,0,,,,,,,,,,,,,,,,,0,0
"15-Sep-2017 17:00",0,0,0,0,0,,,0,,,,,,,,0,,,,,,,,,,,,,,,,,0,0
"18-Sep-2017 17:00",0,0,0,0,0,,,0,,,,,,,,0,,,,,,,,,,,,,,,,,0,0
"19-Sep-2017 17:00",0,0,0,0,0,,,0,,,,,,,,0,,,,,,,,,,,,,,,,,0,0
"20-Sep-2017 17:00",0,0,0,0,0,,,0,,,,,,,,0,,,,,,,,,,,,,,,,,0,0
"21-Sep-2017 17:00",0,0,0,0,0,,,0,,,,,,,,0,,,,,,,,,,,,,,,,,0,0
"22-Sep-2017 17:00",0,0,0,0,0,,,0,,,,,,,,0,,,,,,,,,,,,,,,,,0,0
"25-Sep-2017 17:00",0,0,0,0,0,,,0,,,,,,,,0,,,,,,,,,,,,,,,,,0,0
"26-Sep-2017 17:00",0,0,0,0,0,,,0,,,,,,,,0,,,,,,,,,,,,,,,,,0,0
"27-Sep-2017 17:00",0,0,0,0,0,,,0,,,,,,,,0,,,,,,,,,,,,,,,,,0,0
"28-Sep-2017 17:00",0,0,0,0,0,,,0,,,,,,,,0,,,,,,,,,,,,,,,,,0,0
"29-Sep-2017 17:00",0,0,0,0,0,,,0,,,,,,,,0,,,,,,,,,,,,,,,,,0,0
"02-Oct-2017 16:00",0,0,0,0,0,0,0,0,0,,,,,,,0,,,,,,,,,,,,,,,,,0,0
"03-Oct-2017 16:00",0,0,0,0,0,0,0,0,0,,,,,,,0,,,,,,,,,,,,,,,,,0,0
"04-Oct-2017 16:00",0,0,0,0,0,0,0,0,0,,,,,,,0,,,,,,,,,,,,,,,,,0,0
"05-Oct-2017 16:00",0,0,0,0,0,0,0,0,0,,,,,,,0,,,,,,,,,,,,,,,,,0,0
"06-Oct-2017 16:00",0,0,0,0,0,0,0,0,0,,,,,,,0,,,,,,,,,,,,,,,,,0,0
"09-Oct-2017 16:00",0,0,0,0,0,0,0,0,0,,,,,,,0,,,,,,,,,,,,,,,,,0,0
"10-Oct-2017 16:00",0,0,0,0,0,0,0,0,0,,,,,,,0,,,,,,,,,,,,,,,,,0,0
"11-Oct-2017 16:00",0,0,0,0,0,0,0,0,0,,,,,,,0,,,,,,,,,,,,,,,,,0,0
"12-Oct-2017 16:00",0,0,0,0,0,0,0,0,0,,,,,,,0,,,,,,,,,,,,,,,,,0,0
"13-Oct-2017 16:00",0,0,0,0,0,0,0,0,0,,,,,,,0,,,,,,,,,,,,,,,,,0,0
"16-Oct-2017 16:00",0,0,0,0,0,0,0,0,0,,,,,,,0,,,,,,,,,,,,,,,,,0,0
"17-Oct-2017 16:00",0,0,0,0,0,0,0,0,0,,,,,,,0,,,,,,,,,,,,,,,,,0,0
"18-Oct-2017 16:00",0,0,0,0,0,0,0,0,0,,,,,,,0,,,,,,,,,,,,,,,,,0,0
"19-Oct-2017 16:00",0,0,0,0,0,0,0,0,0,,,,,,,0,,,,,,,,,,,,,,,,,0,0
"20-Oct-2017 16:00",0,0,0,0,0,0,0,0,0,,,,,,,0,,,,,,,,,,,,,,,,,0,0
"23-Oct-2017 16:00",0,0,0,0,0,0,0,0,0,,,,,,,0,,,,,,,,,,,,,,,,,0,0
"24-Oct-2017 16:00",0,0,0,0,0,0,0,0,0,,,,,,,0,,,,,,,,,,,,,,,,,0,0
"25-Oct-2017 16:00",0,0,0,0,0,0,0,0,0,,,,,,,0,,,,,,,,,,,,,,,,,0,0
"26-Oct-2017 16:00",0,0,0,0,0,0,0,0,0,,,,,,,0,,,,,,,,,,,,,,,,,0,0
"27-Oct-2017 16:00",0,0,0,0,0,0,0,0,0,,,,,,,0,,,,,,,,,,,,,,,,,0,0
"30-Oct-2017 16:00",0,0,0,0,0,0,0,0,0,,,,,,,0,,,,,,,,,,,,,,,,,0,0
"31-Oct-2017 16:00",0,0,0,0,0,0,0,0,0,,,,,,,0,,,,,,,,,,,,,,,,,0,0
"01-Nov-2017 16:00",0,0,0,0,0,0,0,0,0,,,,,,,0,,,,,,,,,,,,,,,,,0,0
"02-Nov-2017 16:00",0,0,0,0,0,0,0,0,0,,,,,,,0,,,,,,,,,,,,,,,,,0,0
"03-Nov-2017 16:00",0,0,0,0,0,0,0,0,0,,,,,,,0,,,,,,,,,,,,,,,,,0,0
"06-Nov-2017 16:00",0,0,0,0,0,0,0,0,0,,,,,,,0,,,,,,,,,,,,,,,,,0,0
"07-Nov-2017 16:00",0,0,0,0,0,0,0,0,0,,,,,,,0,,,,,,,,,,,,,,,,,0,0
"08-Nov-2017 16:00",0,0,0,0,0,0,0,0,0,,,,,,,0,,,,,,,,,,,,,,,,,0,0
"09-Nov-2017 16:00",0,0,0,0,0,0,0,0,0,,,,,,,0,,,,,,,,,,,,,,,,,0,0
"10-Nov-2017 16:00",0,0,0,0,0,0,0,0,0,,,,,,,0,,,,,,,,,,,,,,,,,0,0
"13-Nov-2017 16:00",0,0,0,0,0,0,0,0,0,,,,,,,0,,,,,,,,,,,,,,,,,0,0
"14-Nov-2017 16:00",0,0,0,0,0,0,0,0,0,,,,,,,0,,,,,,,,,,,,,,,,,0,0
"15-Nov-2017 16:00",0,0,0,0,0,0,0,0,0,,,,,,,0,,,,,,,,,,,,,,,,,0,0
"16-Nov-2017 16:00",0,0,0,0,0,0,0,0,0,,,,,,,0,,,,,,,,,,,,,,,,,0,0
"17-Nov-2017 16:00",0,0,0,0,0,0,0,0,0,,,,,,,0,,,,,,,,,,,,,,,,,0,0
"20-Nov-2017 16:00",0,0,0,0,0,0,0,0,0,,,,,,,0,,,,,,,,,,,,,,,,,0,0
"21-Nov-2017 16:00",0,0,0,0,0,0,0,0,0,,,,,,,0,,,,,,,,,,,,,,,,,0,0
"22-Nov-2017 16:00",0,0,0,0,0,0,0,0,0,,,,,,,0,,,,,,,,,,,,,,,,,0,0
"23-Nov-2017 16:00",0,0,0,0,0,0,0,0,0,,,,,,,0,,,,,,,,,,,,,,,,,0,0
"24-Nov-2017 16:00",0,0,0,0,0,0,0,0,0,,,,,,,0,,,,,,,,,,,,,,,,,0,0
"27-Nov-2017 16:00",0,0,0,0,0,0,0,0,0,,,,,,,0,,,,,,,,,,,,,,,,,0,0
"28-Nov-2017 16:00",0,0,0,0,0,0,0,0,0,,,,,,,0,,,,,,,,,,,,,,,,,0,0
"29-Nov-2017 16:00",0,0,0,0,0,0,0,0,0,,,,,,,0,,,,,,,,,,,,,,,,,0,0
"30-Nov-2017 16:00",0,0,0,0,0,0,0,0,0,,,,,,,0,,,,,,,,,,,,,,,,,0,0
"01-Dec-2017 16:00",0,0,0,0,0,0,0,0,0,,,,,,,0,,,,,,,,,,,,,,,,,0,0
"04-Dec-2017 16:00",0,0,0,0,0,0,0,0,0,,,,,,,0,,,,,,,,,,,,,,,,,0,0
"05-Dec-2017 16:00",0,0,0,0,0,0,0,0,0,,,,,,,0,,,,,,,,,,,,,,,,,0,0
"06-Dec-2017 16:00",0,0,0,0,0,0,0,0,0,,,,,,,0,,,,,,,,,,,,,,,,,0,0
"07-Dec-2017 16:00",0,0,0,0,0,0,0,0,0,,,,,,,0,,,,,,,,,,,,,,,,,0,0
"08-Dec-2017 16:00",0,0,0,0,0,0,0,0,0,,,,,,,0,,,,,,,,,,,,,,,,,0,0
"11-Dec-2017 16:00",0,0,0,0,0,0,0,0,0,,,,,,,0,,,,,,,,,,,,,,,,,0,0
"12-Dec-2017 16:00",0,0,0,0,0,0,0,0,0,,,,,,,0,,,,,,,,,,,,,,,,,0,0
"13-Dec-2017 16:00",0,0,0,0,0,0,0,0,0,,,,,,,0,,,,,,,,,,,,,,,,,0,0
"14-Dec-2017 16:00",0,0,0,0,0,0,0,0,0,,,,,,,0,,,,,,,,,,,,,,,,,0,0
"15-Dec-2017 16:00",0,0,0,0,0,0,0,0,0,,,,,,,0,,,,,,,,,,,,,,,,,0,0
"18-Dec-2017 16:00",0,0,0,0,0,0,0,0,0,,,,,,,0,,,,,,,,,,,,,,,,,0,0
"19-Dec-2017 16:00",0,0,0,0,0,0,0,0,0,,,,,,,0,,,,,,,,,,,,,,,,,0,0
"20-Dec-2017 16:00",0,0,0,0,0,0,0,0,0,,,,,,,0,,,,,,,,,,,,,,,,,0,0
"21-Dec-2017 16:00",0,0,0,0,0,0,0,0,0,,,,,,,0,,,,,,,,,,,,,,,,,0,0
"22-Dec-2017 16:00",0,0,0,0,0,0,0,0,0,,,,,,,0,,,,,,,,,,,,,,,,,0,0
"27-Dec-2017 16:00",0,0,0,0,0,0,0,0,0,,,,,,,0,,,,,,,,,,,,,,,,,0,0
"28-Dec-2017 16:00",0,0,0,0,0,0,0,0,0,,,,,,,0,,,,,,,,,,,,,,,,,0,0
"29-Dec-2017 16:00",0,0,0,0,0,0,0,0,0,,,,,,,0,,,,,,,,,,,,,,,,,0,0
"02-Jan-2018 16:00",0,0,0,0,0,0,0,0,0,,,,,,,0,,,,,,,,,,,,,,,,,0,0
"03-Jan-2018 16:00",0,0,0,0,0,0,0,0,0,,,,,,,0,,,,,,,,,,,,,,,,,0,0
"04-Jan-2018 16:00",0,0,0,0,0,0,0,0,0,,,,,,,0,,,,,,,,,,,,,,,,,0,0
"05-Jan-2018 16:00",0,0,0,0,0,0,0,0,0,,,,,,,0,,,,,,,,,,,,,,,,,0,0
"08-Jan-2018 16:00",0,0,0,0,0,0,0,0,0,,,,,,,0,,,,,,,,,,,,,,,,,0,0
"09-Jan-2018 16:00",0,0,0,0,0,0,0,0,0,,,,,,,0,,,,,,,,,,,,,,,,,0,0
"10-Jan-2018 16:00",0,0,0,0,0,0,0,0,0,,,,,,,0,,,,,,,,,,,,,,,,,0,0
"11-Jan-2018 16:00",0,0,0,0,0,0,0,0,0,,,,,,,0,,,,,,,,,,,,,,,,,0,0
"12-Jan-2018 16:00",0,0,0,0,0,0,0,0,0,,,,,,,0,,,,,,,,,,,,,,,,,0,0
"15-Jan-2018 16:00",0,0,0,0,0,0,0,0,0,,,,,,,0,,,,,,,,,,,,,,,,,0,0
"16-Jan-2018 16:00",0,0,0,0,0,0,0,0,0,,,,,,,0,,,,,,,,,,,,,,,,,0,0
"17-Jan-2018 16:00",0,0,0,0,0,0,0,0,0,,,,,,,0,,,,,,,,,,,,,,,,,0,0
"18-Jan-2018 16:00",0,0,0,0,0,0,0,0,0,,,,,,,0,,,,,,,,,,,,,,,,,0,0
"19-Jan-2018 16:00",0,0,0,0,0,,,0,,,,,,,,0,,,,,,,,,,,,,,,,,0,0
"22-Jan-2018 16:00",0,0,0,0,0,,,0,,,,,,,,0,,,,,,,,,,,,,,,,,0,0
"23-Jan-2018 16:00",0,0,0,0,0,,,0,,,,,,,,0,,,,,,,,,,,,,,,,,0,0
"24-Jan-2018 16:00",0,0,0,0,0,,,0,,,,,,,,0,,,,,,,,,,,,,,,,,0,0
"25-Jan-2018 16:00",0,0,0,0,0,,,0,,,,,,,,0,,,,,,,,,,,,,,,,,0,0
"26-Jan-2018 16:00",0,0,0,0,0,,,0,,,,,,,,0,,,,,,,,,,,,,,,,,0,0
"29-Jan-2018 16:00",0,0,0,0,0,,,0,,,,,,,,0,,,,,,,,,,,,,,,,,0,0
"30-Jan-2018 16:00",0,0,0,0,0,,,0,,,,,,,,0,,,,,,,,,,,,,,,,,0,0
"31-Jan-2018 16:00",0,0,0,0,0,,,0,,,,,,,,0,,,,,,,,,,,,,,,,,0,0
"01-Feb-2018 16:00",0,0,0,0,0,,,0,,,,,,,,0,,,,,,,,,,,,,,,,,0,0
"02-Feb-2018 16:00",0,0,0,0,0,,,0,,,,,,,,0,,,,,,,,,,,,,,,,,0,0
"05-Feb-2018 16:00",0,0,0,0,0,,,0,,,,,,,,0,,,,,,,,,,,,,,,,,0,0
"06-Feb-2018 16:00",0,0,0,0,0,,,0,,,,,,,,0,,,,,,,,,,,,,,,,,0,0
"07-Feb-2018 16:00",0,0,0,0,0,,,0,,,,,,,,0,,,,,,,,,,,,,,,,,0,0
"08-Feb-2018 16:00",0,0,0,0,0,,,0,,,,,,,,0,,,,,,,,,,,,,,,,,0,0
"09-Feb-2018 16:00",0,0,0,0,0,,,0,,,,,,,,0,,,,,,,,,,,,,,,,,0,0
"12-Feb-2018 16:00",0,0,0,0,0,,,0,,,,,,,,0,,,,,,,,,,,,,,,,,0,0
"13-Feb-2018 16:00",0,0,0,0,0,,,0,,,,,,,,0,,,,,,,,,,,,,,,,,0,0
"14-Feb-2018 16:00",0,0,0,0,0,,,0,,,,,,,,0,,,,,,,,,,,,,,,,,0,0
"15-Feb-2018 16:00",0,0,0,0,0,,,0,,,,,,,,0,,,,,,,,,,,,,,,,,0,0
"16-Feb-2018 16:00",0,0,0,0,0,,,0,,,,,,,,0,,,,,,,,,,,,,,,,,0,0
"19-Feb-2018 16:00",0,0,0,0,0,,,0,,,,,,,,0,,,,,,,,,,,,,,,,,0,0
"20-Feb-2018 16:00",0,0,0,0,0,,,0,,,,,,,,0,,,,,,,,,,,,,,,,,0,0
"21-Feb-2018 16:00",0,0,0,0,0,,,0,,,,,,,,0,,,,,,,,,,,,,,,,,0,0
"22-Feb-2018 16:00",0,0,0,0,0,,,0,,,,,,,,0,,,,,,,,,,,,,,,,,0,0
"23-Feb-2018 16:00",0,0,0,0,0,,,0,,,,,,,,0,,,,,,,,,,,,,,,,,0,0
"26-Feb-2018 16:00",0,0,0,0,0,,,0,,,,,,,,0,,,,,,,,,,,,,,,,,0,0
"27-Feb-2018 16:00",0,0,0,0,0,,,0,,,,,,,,0,,,,,,,,,,,,,,,,,0,0
"28-Feb-2018 16:00",0,0,0,0,0,,,0,,,,,,,,0,,,,,,,,,,,,,,,,,0,0
"01-Mar-2018 16:00",0,0,0,0,0,,,0,,,,,,,,0,,,,,,,,,,,,,,,,,0,0
"02-Mar-2018 16:00",0,0,0,0,0,,,0,,,,,,,,0,,,,,,,,,,,,,,,,,0,0
"05-Mar-2018 16:00",0,0,0,0,0,,,0,,,,,,,,0,,,,,,,,,,,,,,,,,0,0
"06-Mar-2018 16:00",0,0,0,0,0,,,0,,,,,,,,0,,,,,,,,,,,,,,,,,0,0
"07-Mar-2018 16:00",0,0,0,0,0,,,0,,,,,,,,0,,,,,,,,,,,,,,,,,0,0
"08-Mar-2018 16:00",0,0,0,0,0,,,0,,,,,,,,0,,,,,,,,,,,,,,,,,0,0
"09-Mar-2018 16:00",0,0,0,0,0,,,0,,,,,,,,0,,,,,,,,,,,,,,,,,0,0
"12-Mar-2018 16:00",0,0,0,0,0,,,0,,,,,,,,0,,,,,,,,,,,,,,,,,0,0
"13-Mar-2018 16:00",0,0,0,0,0,,,0,,,,,,,,0,,,,,,,,,,,,,,,,,0,0
"14-Mar-2018 16:00",0,0,0,0,0,,,0,,,,,,,,0,,,,,,,,,,,,,,,,,0,0
"15-Mar-2018 16:00",0,0,0,0,0,,,0,,,,,,,,0,,,,,,,,,,,,,,,,,0,0
"16-Mar-2018 16:00",0,0,0,0,0,,,0,,,,,,,,0,,,,,,,,,,,,,,,,,0,0
"19-Mar-2018 16:00",0,0,0,0,0,,,0,,,,,,,,0,,,,,,,,,,,,,,,,,0,0
"20-Mar-2018 16:00",0,0,0,0,0,,,0,,,,,,,,0,,,,,,,,,,,,,,,,,0,0
"21-Mar-2018 16:00",0,0,0,0,0,,,0,,,,,,,,0,,,,,,,,,,,,,,,,,0,0
"22-Mar-2018 16:00",25,25,0,25,25,,,0,,,,,,,,0,,,,,,,,,,,,,,,,,25,25
"23-Mar-2018 16:00",0,0,0,0,0,,,0,,,,,,,,0,,,,,,,,,,,,,,,,,0,0
"26-Mar-2018 16:00",0,0,0,0,0,,,0,,,,,,,,0,,,,,,,,,,,,,,,,,0,0
"27-Mar-2018 16:00",0,0,0,0,0,,,0,,,,,,,,0,,,,,,,,,,,,,,,,,0,0
"28-Mar-2018 16:00",0,0,0,0,0,,,0,,,,,,,,0,,,,,,,,,,,,,,,,,0,0
"29-Mar-2018 16:00",0,0,0,0,0,,,0,,,,,,,,0,,,,,,,,,,,,,,,,,0,0
"03-Apr-2018 17:00",0,0,0,0,0,,,0,,,,,,,,0,,,,,,,,,,,,,,,,,0,0
"04-Apr-2018 17:00",0,0,0,0,0,,,0,,,,,,,,0,,,,,,,,,,,,,,,,,0,0
"05-Apr-2018 17:00",0,0,0,0,0,,,0,,,,,,,,0,,,,,,,,,,,,,,,,,0,0
"06-Apr-2018 17:00",0,0,0,0,0,,,0,,,,,,,,0,,,,,,,,,,,,,,,,,0,0
"09-Apr-2018 17:00",0,0,0,0,0,,,0,,,,,,,,0,,,,,,,,,,,,,,,,,0,0
"10-Apr-2018 17:00",0,0,0,0,0,,,0,,,,,,,,0,,,,,,,,,,,,,,,,,0,0
"11-Apr-2018 17:00",0,0,0,0,0,,,0,,,,,,,,0,,,,,,,,,,,,,,,,,0,0
"12-Apr-2018 17:00",0,0,0,0,0,,,0,,,,,,,,0,,,,,,,,,,,,,,,,,0,0
"13-Apr-2018 17:00",0,0,0,0,0,,,0,,,,,,,,0,,,,,,,,,,,,,,,,,0,0
"16-Apr-2018 17:00",0,0,0,0,0,,,0,,,,,,,,0,,,,,,,,,,,,,,,,,0,0
"17-Apr-2018 17:00",0,0,0,0,0,,,0,,,,,,,,0,,,,,,,,,,,,,,,,,0,0
"18-Apr-2018 17:00",0,0,0,0,0,,,0,,,,,,,,0,,,,,,,,,,,,,,,,,0,0
"19-Apr-2018 17:00",0,0,0,0,0,,,0,,,,,,,,0,,,,,,,,,,,,,,,,,0,0
"20-Apr-2018 17:00",0,0,0,0,0,,,0,,,,,,,,0,,,,,,,,,,,,,,,,,0,0
"23-Apr-2018 17:00",0,0,0,0,0,,,0,,,,,,,,0,,,,,,,,,,,,,,,,,0,0
"24-Apr-2018 17:00",0,0,0,0,0,,,0,,,,,,,,0,,,,,,,,,,,,,,,,,0,0
"25-Apr-2018 17:00",0,0,0,0,0,,,0,,,,,,,,0,,,,,,,,,,,,,,,,,0,0
"26-Apr-2018 17:00",0,0,0,0,0,,,0,,,,,,,,0,,,,,,,,,,,,,,,,,0,0
"27-Apr-2018 17:00",0,0,0,0,0,,,0,,,,,,,,0,,,,,,,,,,,,,,,,,0,0
"30-Apr-2018 17:00",0,0,0,0,0,,,0,,,,,,,,0,,,,,,,,,,,,,,,,,0,0
"01-May-2018 17:00",0,0,0,0,0,,,0,,,,,,,,0,,,,,,,,,,,,,,,,,0,0
"02-May-2018 17:00",0,0,0,0,0,,,0,,,,,,,,0,,,,,,,,,,,,,,,,,0,0
"03-May-2018 17:00",0,0,0,0,0,,,0,,,,,,,,0,,,,,,,,,,,,,,,,,0,0
"04-May-2018 17:00",0,0,0,0,0,,,0,,,,,,,,0,,,,,,,,,,,,,,,,,0,0
"07-May-2018 17:00",0,0,0,0,0,,,0,,,,,,,,0,,,,,,,,,,,,,,,,,0,0
"08-May-2018 17:00",0,0,0,0,0,,,0,,,,,,,,0,,,,,,,,,,,,,,,,,0,0
"09-May-2018 17:00",0,0,0,0,0,,,0,,,,,,,,0,,,,,,,,,,,,,,,,,0,0
"10-May-2018 17:00",0,0,0,0,0,,,0,,,,,,,,0,,,,,,,,,,,,,,,,,0,0
"11-May-2018 17:00",0,0,0,0,0,,,0,,,,,,,,0,,,,,,,,,,,,,,,,,0,0
"14-May-2018 17:00",0,0,0,0,0,,,0,,,,,,,,0,,,,,,,,,,,,,,,,,0,0
"15-May-2018 17:00",0,0,0,0,0,,,0,,,,,,,,0,,,,,,,,,,,,,,,,,0,0
"16-May-2018 17:00",0,0,0,0,0,,,0,,,,,,,,0,,,,,,,,,,,,,,,,,0,0
"17-May-2018 17:00",0,0,0,0,0,,,0,,,,,,,,0,,,,,,,,,,,,,,,,,0,0
"18-May-2018 17:00",0,0,0,0,0,,,0,,,,,,,,0,,,,,,,,,,,,,,,,,0,0
"21-May-2018 17:00",0,0,0,0,0,,,0,,,,,,,,0,,,,,,,,,,,,,,,,,0,0
"22-May-2018 17:00",0,0,0,0,0,,,0,,,,,,,,0,,,,,,,,,,,,,,,,,0,0
"23-May-2018 17:00",0,0,0,0,0,,,0,,,,,,,,0,,,,,,,,,,,,,,,,,0,0
"24-May-2018 17:00",0,0,0,0,0,,,0,,,,,,,,0,,,,,,,,,,,,,,,,,0,0
"25-May-2018 17:00",0,0,0,0,0,,,0,,,,,,,,0,,,,,,,,,,,,,,,,,0,0
"28-May-2018 17:00",0,0,0,0,0,,,0,,,,,,,,0,,,,,,,,,,,,,,,,,0,0
"29-May-2018 17:00",0,0,0,0,0,,,0,,,,,,,,0,,,,,,,,,,,,,,,,,0,0
"30-May-2018 17:00",0,0,0,0,0,,,0,,,,,,,,0,,,,,,,,,,,,,,,,,0,0
"31-May-2018 17:00",0,0,0,0,0,,,0,,,,,,,,0,,,,,,,,,,,,,,,,,0,0
"01-Jun-2018 17:00",0,0,0,0,0,,,0,,,,,,,,0,,,,,,,,,,,,,,,,,0,0
"04-Jun-2018 17:00",0,0,0,0,0,,,0,,,,,,,,0,,,,,,,,,,,,,,,,,0,0
"05-Jun-2018 17:00",0,0,0,0,0,,,0,,,,,,,,0,,,,,,,,,,,,,,,,,0,0
"06-Jun-2018 17:00",0,0,0,0,0,,,0,,,,,,,,0,,,,,,,,,,,,,,,,,0,0
"07-Jun-2018 17:00",0,0,0,0,0,,,0,,,,,,,,0,,,,,,,,,,,,,,,,,0,0
"08-Jun-2018 17:00",0,0,0,0,0,,,0,,,,,,,,0,,,,,,,,,,,,,,,,,0,0
"11-Jun-2018 17:00",0,0,0,0,0,,,0,,,,,,,,0,,,,,,,,,,,,,,,,,0,0
"12-Jun-2018 17:00",0,0,0,0,0,,,0,,,,,,,,0,,,,,,,,,,,,,,,,,0,0
"13-Jun-2018 17:00",0,0,0,0,0,,,0,,,,,,,,0,,,,,,,,,,,,,,,,,0,0
"14-Jun-2018 17:00",0,0,0,0,0,,,0,,,,,,,,0,,,,,,,,,,,,,,,,,0,0
"15-Jun-2018 17:00",0,0,0,0,0,,,0,,,,,,,,0,,,,,,,,,,,,,,,,,0,0
"18-Jun-2018 17:00",0,0,0,0,0,,,0,,,,,,,,0,,,,,,,,,,,,,,,,,0,0
"19-Jun-2018 17:00",0,0,0,0,0,,,0,,,,,,,,0,,,,,,,,,,,,,,,,,0,0
"20-Jun-2018 17:00",0,0,0,0,0,,,0,,,,,,,,0,,,,,,,,,,,,,,,,,0,0
"21-Jun-2018 17:00",0,0,0,0,0,,,0,,,,,,,,0,,,,,,,,,,,,,,,,,0,0
"22-Jun-2018 17:00",0,0,0,0,0,,,0,,,,,,,,0,,,,,,,,,,,,,,,,,0,0
"25-Jun-2018 17:00",0,0,0,0,0,,,0,,,,,,,,0,,,,,,,,,,,,,,,,,0,0
"26-Jun-2018 17:00",0,0,0,0,0,,,0,,,,,,,,0,,,,,,,,,,,,,,,,,0,0
"27-Jun-2018 17:00",0,0,0,0,0,,,0,,,,,,,,0,,,,,,,,,,,,,,,,,0,0
"28-Jun-2018 17:00",0,0,0,0,0,,,0,,,,,,,,0,,,,,,,,,,,,,,,,,0,0
"29-Jun-2018 17:00",0,0,0,0,0,,,0,,,,,,,,0,,,,,,,,,,,,,,,,,0,0
"02-Jul-2018 17:00",0,0,0,0,0,,,0,,,,,,,,0,,,,,,,,,,,,,,,,,0,0
"03-Jul-2018 17:00",0,0,0,0,0,,,0,,,,,,,,0,,,,,,,,,,,,,,,,,0,0
"04-Jul-2018 17:00",0,0,0,0,0,,,0,,,,,,,,0,,,,,,,,,,,,,,,,,0,0
"05-Jul-2018 17:00",0,0,0,0,0,,,0,,,,,,,,0,,,,,,,,,,,,,,,,,0,0
"06-Jul-2018 17:00",0,0,0,0,0,,,0,,,,,,,,0,,,,,,,,,,,,,,,,,0,0
"09-Jul-2018 17:00",0,0,0,0,0,,,0,,,,,,,,0,,,,,,,,,,,,,,,,,0,0
"10-Jul-2018 17:00",0,0,0,0,0,,,0,,,,,,,,0,,,,,,,,,,,,,,,,,0,0
"11-Jul-2018 17:00",0,0,0,0,0,,,0,,,,,,,,0,,,,,,,,,,,,,,,,,0,0
"12-Jul-2018 17:00",0,0,0,0,0,,,0,,,,,,,,0,,,,,,,,,,,,,,,,,25,0
"13-Jul-2018 17:00",0,0,0,0,0,,,0,,,,,,,,0,,,,,,,,,,,,,,,,,0,0
"16-Jul-2018 17:00",0,0,0,0,0,,,0,,,,,,,,0,,,,,,,,,,,,,,,,,0,0
"17-Jul-2018 17:00",0,0,0,0,0,,,0,,,,,,,,0,,,,,,,,,,,,,,,,,0,0
"18-Jul-2018 17:00",0,0,0,0,0,,,0,,,,,,,,0,,,,,,,,,,,,,,,,,30,0
"19-Jul-2018 17:00",0,0,0,0,0,,,0,,,,,,,,0,,,,,,,,,,,,,,,,,10,0
"20-Jul-2018 17:00",10,10,10,0,0,,,0,,,,,,,,0,,,,,,,,,,,,,,,,,10,10
"23-Jul-2018 17:00",0,0,0,0,0,,,0,,,,,,,,0,,,,,,,,,,,,,,,,,5,0
"24-Jul-2018 17:00",0,0,0,0,0,,,0,,,,,,,,0,,,,,,,,,,,,,,,,,0,0
"25-Jul-2018 17:00",5,5,5,0,0,,,0,,,,,,,,0,,,,,,,,,,,,,,,,,5,5
"26-Jul-2018 17:00",0,0,0,0,0,,,0,,,,,,,,0,,,,,,,,,,,,,,,,,0,0
"27-Jul-2018 17:00",0,0,0,0,0,,,0,,,,,,,,0,,,,,,,,,,,,,,,,,0,0
"30-Jul-2018 17:00",0,0,0,0,0,,,0,,,,,,,,0,,,,,,,,,,,,,,,,,0,0
"31-Jul-2018 17:00",0,0,0,0,0,,,0,,,,,,,,0,,,,,,,,,,,,,,,,,10,0
"01-Aug-2018 17:00",0,0,0,0,0,,,0,,,,,,,,0,,,,,,,,,,,,,,,,,20,0
"02-Aug-2018 17:00",0,0,0,0,0,,,0,,,,,,,,0,,,,,,,,,,,,,,,,,0,0
"03-Aug-2018 17:00",0,0,0,0,0,,,0,,,,,,,,0,,,,,,,,,,,,,,,,,20,0
"06-Aug-2018 17:00",0,0,0,0,0,,,0,,,,,,,,0,,,,,,,,,,,,,,,,,2,0
"07-Aug-2018 17:00",0,0,0,0,0,,,0,,,,,,,,0,,,,,,,,,,,,,,,,,0,0
"08-Aug-2018 17:00",0,0,0,0,0,,,0,,,,,,,,0,,,,,,,,,,,,,,,,,0,0
"09-Aug-2018 17:00",0,0,0,0,0,,,0,,,,,,,,0,,,,,,,,,,,,,,,,,0,0
"10-Aug-2018 17:00",0,0,0,0,0,,,0,,,,,,,,0,,,,,,,,,,,,,,,,,0,0
"13-Aug-2018 17:00",0,0,0,0,0,,,0,,,,,,,,0,,,,,,,,,,,,,,,,,0,0
"14-Aug-2018 17:00",0,0,0,0,0,,,0,,,,,,,,0,,,,,,,,,,,,,,,,,0,0
"15-Aug-2018 17:00",0,0,0,0,0,,,0,,,,,,,,0,,,,,,,,,,,,,,,,,0,0
"16-Aug-2018 17:00",0,0,0,0,0,,,0,,,,,,,,0,,,,,,,,,,,,,,,,,0,0
"17-Aug-2018 17:00",5,5,5,0,0,,,0,,,,,,,,10,,,,,,,,,,,,,,,,,15,15
"20-Aug-2018 17:00",0,0,0,0,0,,,0,,,,,,,,0,,,,,,,,,,,,,,,,,0,0
"21-Aug-2018 17:00",0,0,0,0,0,,,0,,,,,,,,0,,,,,,,,,,,,,,,,,0,0
"22-Aug-2018 17:00",0,0,0,0,0,,,0,,,,,,,,0,,,,,,,,,,,,,,,,,0,0
"23-Aug-2018 17:00",0,0,0,0,0,,,0,,,,,,,,0,,,,,,,,,,,,,,,,,0,0
"24-Aug-2018 17:00",0,0,0,0,0,,,0,,,,,,,,0,,,,,,,,,,,,,,,,,0,0
"27-Aug-2018 17:00",0,0,0,0,0,,,0,,,,,,,,0,,,,,,,,,,,,,,,,,0,0
"28-Aug-2018 17:00",0,0,0,0,0,,,0,,,,,,,,0,,,,,,,,,,,,,,,,,0,0
"29-Aug-2018 17:00",0,0,0,0,0,,,0,,,,,,,,0,,,,,,,,,,,,,,,,,9,0
"30-Aug-2018 17:00",0,0,0,0,0,,,0,,,,,,,,0,,,,,,,,,,,,,,,,,0,0
"31-Aug-2018 17:00",0,0,0,0,0,,,0,,,,,,,,0,,,,,,,,,,,,,,,,,0,0
"03-Sep-2018 17:00",0,0,0,0,0,,,0,,,,,,,,0,,,,,,,,,,,,,,,,,0,0
"04-Sep-2018 17:00",0,0,0,0,0,,,0,,,,,,,,0,,,,,,,,,,,,,,,,,0,0
"05-Sep-2018 17:00",5,5,5,0,0,,,0,,,,,,,,5,,,,,,,,,,,,,,,,,10,10
"06-Sep-2018 17:00",0,0,0,0,0,,,0,,,,,,,,0,,,,,,,,,,,,,,,,,0,0
"07-Sep-2018 17:00",0,0,0,0,0,,,0,,,,,,,,0,,,,,,,,,,,,,,,,,0,0
"10-Sep-2018 17:00",0,0,0,0,0,,,0,,,,,,,,0,,,,,,,,,,,,,,,,,0,0
"11-Sep-2018 17:00",0,0,0,0,0,,,0,,,,,,,,0,,,,,,,,,,,,,,,,,0,0
"12-Sep-2018 17:00",0,0,0,0,0,,,0,,,,,,,,0,,,,,,,,,,,,,,,,,0,0
"13-Sep-2018 17:00",0,0,0,0,0,,,0,,,,,,,,0,,,,,,,,,,,,,,,,,0,0
"14-Sep-2018 17:00",0,0,0,0,0,,,0,,,,,,,,0,,,,,,,,,,,,,,,,,0,0
"17-Sep-2018 17:00",0,0,0,0,0,,,0,,,,,,,,0,,,,,,,,,,,,,,,,,0,0
"18-Sep-2018 17:00",0,0,0,0,0,,,0,,,,,,,,0,,,,,,,,,,,,,,,,,0,0
"19-Sep-2018 17:00",0,0,0,0,0,,,0,,,,,,,,0,,,,,,,,,,,,,,,,,0,0
"20-Sep-2018 17:00",0,0,0,0,0,,,0,,,,,,,,0,,,,,,,,,,,,,,,,,0,0
"21-Sep-2018 17:00",0,0,0,0,0,,,0,,,,,,,,0,,,,,,,,,,,,,,,,,0,0
"24-Sep-2018 17:00",0,0,0,0,0,,,0,,,,,,,,0,,,,,,,,,,,,,,,,,0,0
"25-Sep-2018 17:00",0,0,0,0,0,,,0,,,,,,,,0,,,,,,,,,,,,,,,,,0,0
"26-Sep-2018 17:00",0,0,0,0,0,,,0,,,,,,,,0,,,,,,,,,,,,,,,,,0,0
"27-Sep-2018 17:00",0,0,0,0,0,,,0,,,,,,,,0,,,,,,,,,,,,,,,,,0,0
"28-Sep-2018 17:00",0,0,0,0,0,,,0,,,,,,,,0,,,,,,,,,,,,,,,,,0,0
"01-Oct-2018 17:00",0,0,0,0,0,,,0,,,,,,,,0,,,,,,,,,,,,,,,,,0,0
"02-Oct-2018 17:00",0,0,0,0,0,,,0,,,,,,,,0,,,,,,,,,,,,,,,,,0,0
"03-Oct-2018 17:00",0,0,0,0,0,,,0,,,,,,,,0,,,,,,,,,,,,,,,,,0,0
"04-Oct-2018 17:00",0,0,0,0,0,,,0,,,,,,,,0,,,,,,,,,,,,,,,,,0,0
"05-Oct-2018 17:00",0,0,0,0,0,,,0,,,,,,,,0,,,,,,,,,,,,,,,,,0,0
"08-Oct-2018 16:00",0,0,0,0,0,,,0,,,,,,,,0,,,,,,,,,,,,,,,,,0,0
"09-Oct-2018 16:00",0,0,0,0,0,,,0,,,,,,,,0,,,,,,,,,,,,,,,,,0,0
"10-Oct-2018 16:00",0,0,0,0,0,,,0,,,,,,,,0,,,,,,,,,,,,,,,,,0,0
"11-Oct-2018 16:00",0,0,0,0,0,,,0,,,,,,,,0,,,,,,,,,,,,,,,,,0,0
"12-Oct-2018 16:00",0,0,0,0,0,,,0,,,,,,,,0,,,,,,,,,,,,,,,,,0,0
"15-Oct-2018 16:00",0,0,0,0,0,,,0,,,,,,,,0,,,,,,,,,,,,,,,,,0,0
"16-Oct-2018 16:00",0,0,0,0,0,,,0,,,,,,,,0,,,,,,,,,,,,,,,,,0,0
"17-Oct-2018 16:00",0,0,0,0,0,,,0,,,,,,,,0,,,,,,,,,,,,,,,,,0,0
"18-Oct-2018 16:00",0,0,0,0,0,,,0,,,,,,,,0,,,,,,,,,,,,,,,,,0,0
"19-Oct-2018 16:00",0,0,0,0,0,,,0,,,,,,,,0,,,,,,,,,,,,,,,,,0,0
"22-Oct-2018 16:00",0,0,0,0,0,,,0,,,,,,,,0,,,,,,,,,,,,,,,,,0,0
"23-Oct-2018 16:00",0,0,0,0,0,,,0,,,,,,,,0,,,,,,,,,,,,,,,,,0,0
"24-Oct-2018 16:00",0,0,0,0,0,,,0,,,,,,,,0,,,,,,,,,,,,,,,,,0,0
"25-Oct-2018 16:00",0,0,0,0,0,,,0,,,,,,,,0,,,,,,,,,,,,,,,,,0,0
"26-Oct-2018 16:00",0,0,0,0,0,,,0,,,,,,,,0,,,,,,,,,,,,,,,,,0,0
"29-Oct-2018 16:00",0,0,0,0,0,,,0,,,,,,,,0,,,,,,,,,,,,,,,,,0,0
"30-Oct-2018 16:00",0,0,0,0,0,,,0,,,,,,,,0,,,,,,,,,,,,,,,,,0,0
"31-Oct-2018 16:00",0,0,0,0,0,,,0,,,,,,,,0,,,,,,,,,,,,,,,,,0,0
"01-Nov-2018 16:00",0,0,0,0,0,,,0,,,,,,,,0,,,,,,,,,,,,,,,,,5,0
"02-Nov-2018 16:00",0,0,0,0,0,,,0,,,,,,,,0,,,,,,,,,,,,,,,,,0,0
"05-Nov-2018 16:00",0,0,0,0,0,,,0,,,,,,,,0,,,,,,,,,,,,,,,,,0,0
"06-Nov-2018 16:00",0,0,0,0,0,,,0,,,,,,,,0,,,,,,,,,,,,,,,,,0,0
"07-Nov-2018 16:00",0,0,0,0,0,,,0,,,,,,,,0,,,,,,,,,,,,,,,,,0,0
"08-Nov-2018 16:00",0,0,0,0,0,,,0,,,,,,,,0,,,,,,,,,,,,,,,,,0,0
"09-Nov-2018 16:00",0,0,0,0,0,,,0,,,,,,,,0,,,,,,,,,,,,,,,,,0,0
"12-Nov-2018 16:00",0,0,0,0,0,,,0,,,,,,,,0,,,,,,,,,,,,,,,,,0,0
"13-Nov-2018 16:00",0,0,0,0,0,,,0,,,,,,,,0,,,,,,,,,,,,,,,,,0,0
"14-Nov-2018 16:00",0,0,0,0,0,,,0,,,,,,,,0,,,,,,,,,,,,,,,,,0,0
"15-Nov-2018 16:00",0,0,0,0,0,,,0,,,,,,,,0,,,,,,,,,,,,,,,,,0,0
"16-Nov-2018 16:00",0,0,0,0,0,,,0,,,,,,,,0,,,,,,,,,,,,,,,,,0,0
"19-Nov-2018 16:00",0,0,0,0,0,,,0,,,,,,,,0,,,,,,,,,,,,,,,,,0,0
"20-Nov-2018 16:00",0,0,0,0,0,,,0,,,,,,,,0,,,,,,,,,,,,,,,,,0,0
"21-Nov-2018 16:00",0,0,0,0,0,,,0,,,,,,,,0,,,,,,,,,,,,,,,,,0,0
"22-Nov-2018 16:00",0,0,0,0,0,,,0,,,,,,,,0,,,,,,,,,,,,,,,,,0,0
"23-Nov-2018 16:00",0,0,0,0,0,,,0,,,,,,,,0,,,,,,,,,,,,,,,,,0,0
"26-Nov-2018 16:00",0,0,0,0,0,,,0,,,,,,,,0,,,,,,,,,,,,,,,,,0,0
"27-Nov-2018 16:00",0,0,0,0,0,,,0,,,,,,,,0,,,,,,,,,,,,,,,,,0,0
"28-Nov-2018 16:00",0,0,0,0,0,,,0,,,,,,,,0,,,,,,,,,,,,,,,,,0,0
"29-Nov-2018 16:00",0,0,0,0,0,,,0,,,,,,,,0,,,,,,,,,,,,,,,,,0,0
"30-Nov-2018 16:00",0,0,0,0,0,,,0,,,,,,,,0,,,,,,,,,,,,,,,,,0,0
"03-Dec-2018 16:00",0,0,0,0,0,,,0,,,,,,,,0,,,,,,,,,,,,,,,,,0,0
"04-Dec-2018 16:00",0,0,0,0,0,,,0,,,,,,,,0,,,,,,,,,,,,,,,,,0,0
"05-Dec-2018 16:00",0,0,0,0,0,,,0,,,,,,,,0,,,,,,,,,,,,,,,,,0,0
"06-Dec-2018 16:00",0,0,0,0,0,,,0,,,,,,,,0,,,,,,,,,,,,,,,,,0,0
"07-Dec-2018 16:00",0,0,0,0,0,,,0,,,,,,,,0,,,,,,,,,,,,,,,,,0,0
"10-Dec-2018 16:00",0,0,0,0,0,,,0,,,,,,,,0,,,,,,,,,,,,,,,,,0,0
"11-Dec-2018 16:00",0,0,0,0,0,,,0,,,,,,,,0,,,,,,,,,,,,,,,,,0,0
"12-Dec-2018 16:00",0,0,0,0,0,,,0,,,,,,,,0,,,,,,,,,,,,,,,,,0,0
"13-Dec-2018 16:00",0,0,0,0,0,,,0,,,,,,,,0,,,,,,,,,,,,,,,,,0,0
"14-Dec-2018 16:00",0,0,0,0,0,,,0,,,,,,,,0,,,,,,,,,,,,,,,,,0,0
"17-Dec-2018 16:00",0,0,0,0,0,,,0,,,,,,,,0,,,,,,,,,,,,,,,,,0,0
"18-Dec-2018 16:00",0,0,0,0,0,,,0,,,,,,,,0,,,,,,,,,,,,,,,,,0,0
"19-Dec-2018 16:00",0,0,0,0,0,,,0,,,,,,,,0,,,,,,,,,,,,,,,,,0,0
"20-Dec-2018 16:00",0,0,0,0,0,,,0,,,,,,,,0,,,,,,,,,,,,,,,,,0,0
"21-Dec-2018 16:00",0,0,0,0,0,,,0,,,,,,,,0,,,,,,,,,,,,,,,,,0,0
"24-Dec-2018 16:00",0,0,0,0,0,,,0,,,,,,,,0,,,,,,,,,,,,,,,,,0,0
"27-Dec-2018 16:00",0,0,0,0,0,,,0,,,,,,,,0,,,,,,,,,,,,,,,,,0,0
"28-Dec-2018 16:00",0,0,0,0,0,,,0,,,,,,,,0,,,,,,,,,,,,,,,,,0,0
"31-Dec-2018 16:00",0,0,0,0,0,,,0,,,,,,,,0,,,,,,,,,,,,,,,,,0,0
"02-Jan-2019 16:00",0,0,0,0,0,,,0,,,,,,,,0,,,,,,,,,,,,,,,,,0,0
"03-Jan-2019 16:00",0,0,0,0,0,,,0,,,,,,,,0,,,,,,,,,,,,,,,,,0,0
"04-Jan-2019 16:00",0,0,0,0,0,,,0,,,,,,,,0,,,,,,,,,,,,,,,,,0,0
"07-Jan-2019 16:00",0,0,0,0,0,,,0,,,,,,,,0,,,,,,,,,,,,,,,,,0,0
"08-Jan-2019 16:00",0,0,0,0,0,,,0,,,,,,,,0,,,,,,,,,,,,,,,,,0,0
"09-Jan-2019 16:00",0,0,0,0,0,,,0,,,,,,,,0,,,,,,,,,,,,,,,,,0,0
"10-Jan-2019 16:00",0,0,0,0,0,,,0,,,,,,,,0,,,,,,,,,,,,,,,,,0,0
"11-Jan-2019 16:00",0,0,0,0,0,,,0,,,,,,,,0,,,,,,,,,,,,,,,,,0,0
"14-Jan-2019 16:00",0,0,0,0,0,,,0,,,,,,,,0,,,,,,,,,,,,,,,,,0,0
"15-Jan-2019 16:00",0,0,0,0,0,,,0,,,,,,,,0,,,,,,,,,,,,,,,,,0,0
"16-Jan-2019 16:00",0,0,0,0,0,,,0,,,,,,,,0,,,,,,,,,,,,,,,,,0,0
"17-Jan-2019 16:00",0,0,0,0,0,,,0,,,,,,,,0,,,,,,,,,,,,,,,,,0,0
"18-Jan-2019 16:00",0,0,0,0,0,,,0,,,,,,,,0,,,,,,,,,,,,,,,,,0,0
"21-Jan-2019 16:00",0,0,0,0,0,,,0,,,,,,,,0,,,,,,,,,,,,,,,,,0,0
"22-Jan-2019 16:00",0,0,0,0,0,,,0,,,,,,,,0,,,,,,,,,,,,,,,,,0,0
"23-Jan-2019 16:00",0,0,0,0,0,,,0,,,,,,,,0,,,,,,,,,,,,,,,,,0,0
"24-Jan-2019 16:00",0,0,0,0,0,,,0,,,,,,,,0,,,,,,,,,,,,,,,,,0,0
"25-Jan-2019 16:00",0,0,0,0,0,,,0,,,,,,,,0,,,,,,,,,,,,,,,,,0,0
"28-Jan-2019 16:00",0,0,0,0,0,,,0,,,,,,,,0,,,,,,,,,,,,,,,,,0,0
"29-Jan-2019 16:00",0,0,0,0,0,,,0,,,,,,,,0,,,,,,,,,,,,,,,,,0,0
"30-Jan-2019 16:00",0,0,0,0,0,,,0,,,,,,,,0,,,,,,,,,,,,,,,,,0,0
"31-Jan-2019 16:00",0,0,0,0,0,,,0,,,,,,,,0,,,,,,,,,,,,,,,,,0,0
"01-Feb-2019 16:00",0,0,0,0,0,,,0,,,,,,,,0,,,,,,,,,,,,,,,,,0,0
"04-Feb-2019 16:00",0,0,0,0,0,,,0,,,,,,,,0,,,,,,,,,,,,,,,,,0,0
"05-Feb-2019 16:00",0,0,0,0,0,,,0,,,,,,,,0,,,,,,,,,,,,,,,,,0,0
"06-Feb-2019 16:00",0,0,0,0,0,,,0,,,,,,,,0,,,,,,,,,,,,,,,,,0,0
"07-Feb-2019 16:00",0,0,0,0,0,,,0,,,,,,,,0,,,,,,,,,,,,,,,,,0,0
"08-Feb-2019 16:00",0,0,0,0,0,,,0,,,,,,,,0,,,,,,,,,,,,,,,,,0,0
"11-Feb-2019 16:00",0,0,0,0,0,,,0,,,,,,,,0,,,,,,,,,,,,,,,,,0,0
"12-Feb-2019 16:00",0,0,0,0,0,,,0,,,,,,,,0,,,,,,,,,,,,,,,,,0,0
"13-Feb-2019 16:00",0,0,0,0,0,,,0,,,,,,,,0,,,,,,,,,,,,,,,,,0,0
"14-Feb-2019 16:00",0,0,0,0,0,,,0,,,,,,,,0,,,,,,,,,,,,,,,,,0,0
"15-Feb-2019 16:00",0,0,0,0,0,,,0,,,,,,,,0,,,,,,,,,,,,,,,,,0,0
"18-Feb-2019 16:00",0,0,0,0,0,,,0,,,,,,,,0,,,,,,,,,,,,,,,,,0,0
"19-Feb-2019 16:00",0,0,0,0,0,,,0,,,,,,,,0,,,,,,,,,,,,,,,,,0,0
"20-Feb-2019 16:00",0,0,0,0,0,,,0,,,,,,,,0,,,,,,,,,,,,,,,,,0,0
"21-Feb-2019 16:00",0,0,0,0,0,,,0,,,,,,,,0,,,,,,,,,,,,,,,,,0,0
"22-Feb-2019 16:00",0,0,0,0,0,,,0,,,,,,,,0,,,,,,,,,,,,,,,,,0,0
"25-Feb-2019 16:00",0,0,0,0,0,,,0,,,,,,,,0,,,,,,,,,,,,,,,,,0,0
"26-Feb-2019 16:00",0,0,0,0,0,,,0,,,,,,,,0,,,,,,,,,,,,,,,,,0,0
"27-Feb-2019 16:00",0,0,0,0,0,,,0,,,,,,,,0,,,,,,,,,,,,,,,,,0,0
"28-Feb-2019 16:00",0,0,0,0,0,,,0,,,,,,,,0,,,,,,,,,,,,,,,,,0,0
"01-Mar-2019 16:00",0,0,0,0,0,,,0,,,,,,,,0,,,,,,,,,,,,,,,,,0,0
"04-Mar-2019 16:00",0,0,0,0,0,,,0,,,,,,,,0,,,,,,,,,,,,,,,,,0,0
"05-Mar-2019 16:00",0,0,0,0,0,,,0,,,,,,,,0,,,,,,,,,,,,,,,,,0,0
"06-Mar-2019 16:00",0,0,0,0,0,,,0,,,,,,,,0,,,,,,,,,,,,,,,,,0,0
"07-Mar-2019 16:00",0,0,0,0,0,,,0,,,,,,,,0,,,,,,,,,,,,,,,,,4,0
"08-Mar-2019 16:00",0,0,0,0,0,,,0,,,,,,,,0,,,,,,,,,,,,,,,,,0,0
"11-Mar-2019 16:00",0,0,0,0,0,,,0,,,,,,,,0,,,,,,,,,,,,,,,,,0,0
"12-Mar-2019 16:00",0,0,0,0,0,,,0,,,,,,,,0,,,,,,,,,,,,,,,,,0,0
"13-Mar-2019 16:00",0,0,0,0,0,,,0,,,,,,,,0,,,,,,,,,,,,,,,,,0,0
"14-Mar-2019 16:00",0,0,0,25,0,,,0,,,,,,,,0,,,,,,,,,,,,,,,,,15,0
"15-Mar-2019 16:00",0,0,0,0,0,,,0,,,,,,,,0,,,,,,,,,,,,,,,,,0,0
"18-Mar-2019 16:00",0,0,0,0,0,,,0,,,,,,,,0,,,,,,,,,,,,,,,,,0,0
"19-Mar-2019 16:00",0,0,0,0,0,,,0,,,,,,,,0,,,,,,,,,,,,,,,,,0,0
"20-Mar-2019 16:00",0,0,0,25,0,,,0,,,,,,,,0,,,,,,,,,,,,,,,,,0,0
"21-Mar-2019 16:00",0,0,0,0,0,,,0,,,,,,,,0,,,,,,,,,,,,,,,,,0,0
"22-Mar-2019 16:00",0,0,0,0,0,,,0,,,,,,,,0,,,,,,,,,,,,,,,,,0,0
"25-Mar-2019 16:00",0,0,0,0,0,,,0,,,,,,,,0,,,,,,,,,,,,,,,,,1,0
"26-Mar-2019 16:00",0,0,0,0,0,,,0,,,,,,,,0,,,,,,,,,,,,,,,,,0,0
"27-Mar-2019 16:00",0,0,0,25,0,,,0,,,,,,,,0,,,,,,,,,,,,,,,,,0,0
"28-Mar-2019 16:00",0,0,0,25,0,,,0,,,,,,,,0,,,,,,,,,,,,,,,,,0,0
"29-Mar-2019 16:00",0,0,0,30,0,,,0,,,,,,,,0,,,,,,,,,,,,,,,,,20,0
"01-Apr-2019 16:00",0,0,0,0,0,,,0,,,,,,,,0,,,,,,,,,,,,,,,,,0,0
"02-Apr-2019 16:00",0,0,0,0,0,,,0,,,,,,,,0,,,,,,,,,,,,,,,,,0,0
"03-Apr-2019 16:00",0,0,0,0,0,,,0,,,,,,,,0,,,,,,,,,,,,,,,,,0,0
"04-Apr-2019 16:00",0,0,0,0,0,,,0,,,,,,,,0,,,,,,,,,,,,,,,,,0,0
"05-Apr-2019 16:00",0,0,0,0,0,,,0,,,,,,,,0,,,,,,,,,,,,,,,,,0,0
"08-Apr-2019 17:00",0,0,0,0,0,,,0,,,,,,,,0,,,,,,,,,,,,,,,,,0,0
"09-Apr-2019 17:00",0,0,0,0,0,,,0,,,,,,,,0,,,,,,,,,,,,,,,,,0,0
"10-Apr-2019 17:00",0,0,0,0,0,,,0,,,,,,,,0,,,,,,,,,,,,,,,,,0,0
"11-Apr-2019 17:00",0,0,0,0,0,,,0,,,,,,,,0,,,,,,,,,,,,,,,,,0,0
"12-Apr-2019 17:00",0,0,0,0,0,,,0,,,,,,,,0,,,,,,,,,,,,,,,,,0,0
"15-Apr-2019 17:00",0,0,0,0,0,,,0,,,,,,,,0,,,,,,,,,,,,,,,,,0,0
"16-Apr-2019 17:00",0,0,0,0,0,,,0,,,,,,,,0,,,,,,,,,,,,,,,,,0,0
"17-Apr-2019 17:00",0,0,0,0,0,,,0,,,,,,,,0,,,,,,,,,,,,,,,,,0,0
"18-Apr-2019 17:00",0,0,0,0,0,,,0,,,,,,,,0,,,,,,,,,,,,,,,,,0,0
"23-Apr-2019 17:00",0,0,0,0,0,,,0,,,,,,,,0,,,,,,,,,,,,,,,,,0,0
"24-Apr-2019 17:00",0,0,0,0,0,,,0,,,,,,,,0,,,,,,,,,,,,,,,,,0,0
"25-Apr-2019 17:00",0,0,0,0,0,,,0,,,,,,,,0,,,,,,,,,,,,,,,,,0,0
"26-Apr-2019 17:00",0,0,0,0,0,,,0,,,,,,,,0,,,,,,,,,,,,,,,,,0,0
"29-Apr-2019 17:00",0,0,0,0,0,,,0,,,,,,,,0,,,,,,,,,,,,,,,,,0,0
"30-Apr-2019 17:00",0,0,0,0,0,,,0,,,,,,,,0,,,,,,,,,,,,,,,,,0,0
"01-May-2019 17:00",0,0,0,0,0,,,0,,,,,,,,0,,,,,,,,,,,,,,,,,0,0
"02-May-2019 17:00",0,0,0,0,0,,,0,,,,,,,,0,,,,,,,,,,,,,,,,,0,0
"03-May-2019 17:00",0,0,0,0,0,,,0,,,,,,,,0,,,,,,,,,,,,,,,,,1,0
"06-May-2019 17:00",0,0,0,0,0,,,0,,,,,,,,0,,,,,,,,,,,,,,,,,0,0
"07-May-2019 17:00",0,0,0,0,0,,,0,,,,,,,,0,,,,,,,,,,,,,,,,,0,0
"08-May-2019 17:00",0,0,0,0,0,,,0,,,,,,,,0,,,,,,,,,,,,,,,,,0,0
"09-May-2019 17:00",0,0,0,0,0,,,0,,,,,,,,0,,,,,,,,,,,,,,,,,0,0
"10-May-2019 17:00",0,0,0,0,0,,,0,,,,,,,,0,,,,,,,,,,,,,,,,,0,0
"13-May-2019 17:00",0,0,0,0,0,,,0,,,,,,,,0,,,,,,,,,,,,,,,,,0,0
"14-May-2019 17:00",0,0,0,0,0,,,0,,,,,,,,0,,,,,,,,,,,,,,,,,0,0
"15-May-2019 17:00",0,0,0,0,0,,,0,,,,,,,,0,,,,,,,,,,,,,,,,,0,0
"16-May-2019 17:00",0,0,0,0,0,,,0,,,,,,,,0,,,,,,,,,,,,,,,,,0,0
"17-May-2019 17:00",10,10,10,5,0,,,0,,,,,,,,0,,,,,,,,,,,,,,,,,46,10
"20-May-2019 17:00",0,0,0,0,0,,,0,,,,,,,,0,,,,,,,,,,,,,,,,,0,0
"21-May-2019 17:00",0,0,0,0,0,,,0,,,,,,,,0,,,,,,,,,,,,,,,,,0,0
"22-May-2019 17:00",0,0,0,0,0,,,0,,,,,,,,0,,,,,,,,,,,,,,,,,0,0
"23-May-2019 17:00",0,0,0,0,0,,,0,,,,,,,,0,,,,,,,,,,,,,,,,,0,0
"24-May-2019 17:00",30,30,30,0,0,,,0,,,,,,,,0,,,,,,,,,,,,,,,,,30,30
"27-May-2019 17:00",0,0,0,5,0,,,0,,,,,,,,0,,,,,,,,,,,,,,,,,0,0
"28-May-2019 17:00",0,0,0,0,0,,,0,,,,,,,,0,,,,,,,,,,,,,,,,,0,0
"29-May-2019 17:00",0,0,0,0,0,,,0,,,,,,,,0,,,,,,,,,,,,,,,,,0,0
"30-May-2019 17:00",0,0,0,0,0,,,0,,,,,,,,0,,,,,,,,,,,,,,,,,0,0
"31-May-2019 17:00",0,0,0,0,0,,,0,,,,,,,,0,,,,,,,,,,,,,,,,,0,0
"03-Jun-2019 17:00",0,0,0,0,0,,,0,,,,,,,,0,,,,,,,,,,,,,,,,,0,0
"04-Jun-2019 17:00",0,0,0,0,0,,,0,,,,,,,,0,,,,,,,,,,,,,,,,,0,0
"05-Jun-2019 17:00",0,0,0,0,0,,,0,,,,,,,,0,,,,,,,,,,,,,,,,,0,0
"06-Jun-2019 17:00",0,0,0,0,0,,,0,,,,,,,,0,,,,,,,,,,,,,,,,,0,0
"07-Jun-2019 17:00",0,0,0,0,0,,,0,,,,,,,,0,,,,,,,,,,,,,,,,,0,0
"10-Jun-2019 17:00",0,0,0,0,0,,,0,,,,,,,,0,,,,,,,,,,,,,,,,,0,0
"11-Jun-2019 17:00",0,0,0,0,0,,,0,,,,,,,,0,,,,,,,,,,,,,,,,,0,0
"12-Jun-2019 17:00",0,0,0,0,0,,,0,,,,,,,,0,,,,,,,,,,,,,,,,,0,0
"13-Jun-2019 17:00",0,0,0,0,0,,,0,,,,,,,,0,,,,,,,,,,,,,,,,,0,0
"14-Jun-2019 17:00",0,0,0,15,0,,,0,,,,,,,,0,,,,,,,,,,,,,,,,,0,0
"17-Jun-2019 17:00",0,0,0,0,0,,,0,,,,,,,,0,,,,,,,,,,,,,,,,,0,0
"18-Jun-2019 17:00",0,0,0,0,0,,,0,,,,,,,,0,,,,,,,,,,,,,,,,,0,0
"19-Jun-2019 17:00",0,0,0,0,0,,,0,,,,,,,,0,,,,,,,,,,,,,,,,,0,0
"20-Jun-2019 17:00",0,0,0,0,0,,,0,,,,,,,,0,,,,,,,,,,,,,,,,,0,0
"21-Jun-2019 17:00",0,0,0,0,0,,,0,,,,,,,,0,,,,,,,,,,,,,,,,,11,0
"24-Jun-2019 17:00",0,0,0,0,0,,,0,,,,,,,,0,,,,,,,,,,,,,,,,,0,0
"25-Jun-2019 17:00",0,0,0,0,0,,,0,,,,,,,,0,,,,,,,,,,,,,,,,,0,0
"26-Jun-2019 17:00",0,0,0,0,0,,,0,,,,,,,,0,,,,,,,,,,,,,,,,,0,0
"27-Jun-2019 17:00",0,0,0,0,0,,,0,,,,,,,,0,,,,,,,,,,,,,,,,,0,0
"28-Jun-2019 17:00",0,0,0,0,0,,,0,,,,,,,,0,,,,,,,,,,,,,,,,,0,0
"01-Jul-2019 17:00",0,0,0,0,2,,,0,,,,,,,,0,,,,,,,,,,,,,,,,,0,0
"02-Jul-2019 17:00",0,0,0,0,0,,,0,,,,,,,,0,,,,,,,,,,,,,,,,,0,0
"03-Jul-2019 17:00",0,0,0,0,0,,,0,,,,,,,,0,,,,,,,,,,,,,,,,,0,0
"04-Jul-2019 17:00",0,0,0,0,0,,,0,,,,,,,,0,,,,,,,,,,,,,,,,,0,0
"05-Jul-2019 17:00",0,0,0,0,0,,,0,,,,,,,,0,,,,,,,,,,,,,,,,,0,0
"08-Jul-2019 17:00",5,5,5,0,0,,,0,,,,,,,,0,,,,,,,,,,,,,,,,,5,5
"09-Jul-2019 17:00",5,5,5,0,0,,,0,,,,,,,,0,,,,,,,,,,,,,,,,,5,5
"10-Jul-2019 17:00",0,0,0,0,0,,,0,,,,,,,,0,,,,,,,,,,,,,,,,,0,0
"11-Jul-2019 17:00",0,0,0,0,0,,,0,,,,,,,,0,,,,,,,,,,,,,,,,,2,0
"12-Jul-2019 17:00",0,0,0,0,0,,,0,,,,,,,,0,,,,,,,,,,,,,,,,,2,0
"15-Jul-2019 17:00",0,0,0,0,0,,,0,,,,,,,,0,,,,,,,,,,,,,,,,,0,0
"16-Jul-2019 17:00",0,0,0,2,0,,,0,,,,,,,,0,,,,,,,,,,,,,,,,,0,0
"17-Jul-2019 17:00",0,0,0,0,0,,,0,,,,,,,,0,,,,,,,,,,,,,,,,,0,0
"18-Jul-2019 17:00",0,0,0,2,0,,,0,,,,,,,,0,,,,,,,,,,,,,,,,,0,0
"19-Jul-2019 17:00",0,0,0,0,0,,,0,,,,,,,,0,,,,,,,,,,,,,,,,,0,0
"22-Jul-2019 17:00",0,0,0,0,0,,,0,,,,,,,,0,,,,,,,,,,,,,,,,,0,0
"23-Jul-2019 17:00",0,0,0,0,0,,,0,,,,,,,,0,,,,,,,,,,,,,,,,,0,0
"24-Jul-2019 17:00",0,0,0,0,0,,,0,,,,,,,,0,,,,,,,,,,,,,,,,,0,0
"25-Jul-2019 17:00",0,0,0,0,0,,,0,,,,,,,,0,,,,,,,,,,,,,,,,,0,0
"26-Jul-2019 17:00",0,0,0,0,0,,,0,,,,,,,,0,,,,,,,,,,,,,,,,,0,0
"29-Jul-2019 17:00",0,0,0,0,0,,,0,,,,,,,,0,,,,,,,,,,,,,,,,,0,0
"30-Jul-2019 17:00",0,0,0,0,0,,,0,,,,,,,,0,,,,,,,,,,,,,,,,,0,0
"31-Jul-2019 17:00",5,0,0,5,0,,,0,,,,,,,,0,,,,,,,,,,,,,,,,,0,0
"01-Aug-2019 17:00",0,0,0,0,0,,,0,,,,,,,,0,,,,,,,,,,,,,,,,,0,0
"02-Aug-2019 17:00",0,0,0,0,0,,,0,,,,,,,,0,,,,,,,,,,,,,,,,,0,0
"05-Aug-2019 17:00",0,0,0,0,0,,,0,,,,,,,,0,,,,,,,,,,,,,,,,,0,0
"06-Aug-2019 17:00",0,0,0,0,0,,,0,,,,,,,,0,,,,,,,,,,,,,,,,,0,0
"07-Aug-2019 17:00",0,0,0,0,0,,,0,,,,,,,,0,,,,,,,,,,,,,,,,,0,0
"08-Aug-2019 17:00",0,0,0,0,0,,,0,,,,,,,,0,,,,,,,,,,,,,,,,,0,0
"09-Aug-2019 17:00",0,0,0,0,0,,,0,,,,,,,,0,,,,,,,,,,,,,,,,,0,0
"12-Aug-2019 17:00",26,0,0,0,0,,,0,,,,,,,,0,,,,,,,,,,,,,,,,,0,0
"13-Aug-2019 17:00",0,0,0,0,0,,,0,,,,,,,,0,,,,,,,,,,,,,,,,,0,0
"14-Aug-2019 17:00",0,0,0,0,0,,,0,,,,,,,,0,,,,,,,,,,,,,,,,,0,0
"15-Aug-2019 17:00",0,0,0,0,0,,,0,,,,,,,,0,,,,,,,,,,,,,,,,,0,0
"16-Aug-2019 17:00",0,0,0,0,4,,,0,,,,,,,,0,,,,,,,,,,,,,,,,,0,0
"19-Aug-2019 17:00",0,0,0,0,0,,,0,,,,,,,,0,,,,,,,,,,,,,,,,,0,0
"20-Aug-2019 17:00",0,0,0,0,0,,,0,,,,,,,,0,,,,,,,,,,,,,,,,,1,0
"21-Aug-2019 17:00",0,0,0,0,0,,,0,,,,,,,,0,,,,,,,,,,,,,,,,,0,0
"22-Aug-2019 17:00",0,0,0,0,0,,,0,,,,,,,,0,,,,,,,,,,,,,,,,,0,0
"23-Aug-2019 17:00",0,0,0,0,0,,,0,,,,,,,,0,,,,,,,,,,,,,,,,,0,0
"26-Aug-2019 17:00",0,0,0,0,0,,,0,,,,,,,,0,,,,,,,,,,,,,,,,,0,0
"27-Aug-2019 17:00",0,0,0,0,0,,,0,,,,,,,,0,,,,,,,,,,,,,,,,,0,0
"28-Aug-2019 17:00",0,0,0,0,0,,,0,,,,,,,,0,,,,,,,,,,,,,,,,,0,0
"29-Aug-2019 17:00",0,0,0,0,0,,,0,,,,,,,,0,,,,,,,,,,,,,,,,,5,0
"30-Aug-2019 17:00",0,0,0,0,0,,,0,,,,,,,,0,,,,,,,,,,,,,,,,,0,0
"02-Sep-2019 17:00",0,0,0,0,0,,,0,,,,,,,,0,,,,,,,,,,,,,,,,,0,0
"03-Sep-2019 17:00",0,0,0,0,0,,,0,,,,,,,,0,,,,,,,,,,,,,,,,,5,0
"04-Sep-2019 17:00",0,0,0,0,0,,,0,,,,,,,,0,,,,,,,,,,,,,,,,,0,0
"05-Sep-2019 17:00",0,0,0,0,0,,,0,,,,,,,,0,,,,,,,,,,,,,,,,,0,0
"06-Sep-2019 17:00",0,0,0,0,0,,,0,,,,,,,,0,,,,,,,,,,,,,,,,,0,0
"09-Sep-2019 17:00",0,0,0,0,0,,,0,,,,,,,,0,,,,,,,,,,,,,,,,,0,0
"10-Sep-2019 17:00",0,0,0,0,0,,,0,,,,,,,,0,,,,,,,,,,,,,,,,,0,0
"11-Sep-2019 17:00",0,0,0,0,0,,,0,,,,,,,,0,,,,,,,,,,,,,,,,,0,0
"12-Sep-2019 17:00",0,0,0,5,0,,,0,,,,,,,,0,,,,,,,,,,,,,,,,,0,0
"13-Sep-2019 17:00",0,0,0,0,0,,,0,,,,,,,,0,,,,,,,,,,,,,,,,,0,0
"16-Sep-2019 17:00",0,0,0,25,0,,,0,,,,,,,,0,,,,,,,,,,,,,,,,,0,0
"17-Sep-2019 17:00",0,0,0,0,0,,,0,,,,,,,,0,,,,,,,,,,,,,,,,,0,0
"18-Sep-2019 17:00",0,0,0,0,0,,,0,,,,,,,,0,,,,,,,,,,,,,,,,,0,0
"19-Sep-2019 17:00",0,0,0,0,0,,,0,,,,,,,,0,,,,,,,,,,,,,,,,,0,0
"20-Sep-2019 17:00",0,0,0,5,0,,,0,,,,,,,,0,,,,,,,,,,,,,,,,,0,0
"23-Sep-2019 17:00",0,0,0,0,0,,,0,,,,,,,,0,,,,,,,,,,,,,,,,,0,0
"24-Sep-2019 17:00",0,0,0,0,0,,,0,,,,,,,,0,,,,,,,,,,,,,,,,,0,0
"25-Sep-2019 17:00",0,0,0,0,0,,,0,,,,,,,,0,,,,,,,,,,,,,,,,,0,1
"26-Sep-2019 17:00",0,0,0,0,0,,,0,,,,,,,,0,,,,,,,,,,,,,,,,,0,0
"27-Sep-2019 17:00",0,0,0,0,0,,,0,,,,,,,,0,,,,,,,,,,,,,,,,,1,0
"30-Sep-2019 17:00",0,0,0,0,0,,,0,,,,,,,,0,,,,,,,,,,,,,,,,,0,0
"01-Oct-2019 17:00",0,0,0,0,0,,,0,,,,,,,,,,,,,,,,,,,,,,,,,0,0
"02-Oct-2019 17:00",0,0,0,0,0,,,0,,,,,,,,,,,,,,,,,,,,,,,,,0,0
"03-Oct-2019 17:00",0,0,0,0,0,,,0,,,,,,,,,,,,,,,,,,,,,,,,,0,0
"04-Oct-2019 17:00",0,0,0,0,0,,,0,,,,,,,,,,,,,,,,,,,,,,,,,3,0
"07-Oct-2019 16:00",0,0,0,0,0,,,0,,,,,,,,,,,,,,,,,,,,,,,,,0,0
"08-Oct-2019 16:00",0,0,0,0,0,,,0,,,,,,,,,,,,,,,,,,,,,,,,,0,0
"09-Oct-2019 16:00",0,0,0,0,0,,,0,,,,,,,,,,,,,,,,,,,,,,,,,0,0
"10-Oct-2019 16:00",0,0,0,0,0,,,0,,,,,,,,,,,,,,,,,,,,,,,,,0,0
"11-Oct-2019 16:00",0,0,0,0,0,,,0,,,,,,,,,,,,,,,,,,,,,,,,,0,0
"14-Oct-2019 16:00",0,0,0,0,0,,,0,,,,,,,,,,,,,,,,,,,,,,,,,0,0
"15-Oct-2019 16:00",0,0,0,0,0,,,0,,,,,,,,,,,,,,,,,,,,,,,,,0,0
"16-Oct-2019 16:00",0,0,0,0,0,,,0,,,,,,,,,,,,,,,,,,,,,,,,,0,0
"17-Oct-2019 16:00",0,0,0,5,0,,,0,,,,,,,,,,,,,,,,,,,,,,,,,0,0
"18-Oct-2019 16:00",0,0,0,0,0,,,0,,,,,,,,,,,,,,,,,,,,,,,,,0,0
"21-Oct-2019 16:00",0,0,0,0,0,,,0,,,,,,,,,,,,,,,,,,,,,,,,,0,0
"22-Oct-2019 16:00",0,0,0,0,0,,,0,,,,,,,,,,,,,,,,,,,,,,,,,0,0
"23-Oct-2019 16:00",0,0,0,0,0,,,0,,,,,,,,,,,,,,,,,,,,,,,,,11,0
"24-Oct-2019 16:00",0,0,0,1,0,,,0,,,,,,,,,,,,,,,,,,,,,,,,,0,0
"25-Oct-2019 16:00",0,0,0,0,0,,,0,,,,,,,,,,,,,,,,,,,,,,,,,0,0
"28-Oct-2019 16:00",0,0,0,0,0,,,0,,,,,,,,,,,,,,,,,,,,,,,,,0,0
"29-Oct-2019 16:00",0,0,0,0,0,,,0,,,,,,,,,,,,,,,,,,,,,,,,,5,0
"30-Oct-2019 16:00",5,0,0,0,0,,,0,,,,,,,,,,,,,,,,,,,,,,,,,5,0
"31-Oct-2019 16:00",10,0,0,0,0,,,0,,,,,,,,,,,,,,,,,,,,,,,,,0,0
"01-Nov-2019 16:00",0,0,0,0,0,,,0,,,,,,,,,,,,,,,,,,,,,,,,,0,0
"04-Nov-2019 16:00",0,0,0,0,0,,,0,,,,,,,,,,,,,,,,,,,,,,,,,0,0
"05-Nov-2019 16:00",0,0,0,0,0,,,0,,,,,,,,,,,,,,,,,,,,,,,,,0,0
"06-Nov-2019 16:00",0,0,0,0,0,,,0,,,,,,,,,,,,,,,,,,,,,,,,,5,0
"07-Nov-2019 16:00",0,0,0,0,0,,,0,,,,,,,,,,,,,,,,,,,,,,,,,0,0
"08-Nov-2019 16:00",0,0,0,0,0,,,0,,,,,,,,,,,,,,,,,,,,,,,,,3,0
"11-Nov-2019 16:00",0,0,0,25,0,,,0,,,,,,,,,,,,,,,,,,,,,,,,,0,0
"12-Nov-2019 16:00",0,0,0,0,0,,,0,,,,,,,,,,,,,,,,,,,,,,,,,3,0
"13-Nov-2019 16:00",0,0,0,0,0,,,0,,,,,,,,,,,,,,,,,,,,,,,,,0,0
"14-Nov-2019 16:00",0,0,0,0,0,,,0,,,,,,,,,,,,,,,,,,,,,,,,,13,0
"15-Nov-2019 16:00",15,0,0,0,0,,,0,,,,,,,,,,,,,,,,,,,,,,,,,8,0
"18-Nov-2019 16:00",0,0,0,0,0,,,0,,,,,,,,,,,,,,,,,,,,,,,,,4,0
"19-Nov-2019 16:00",0,0,0,0,0,,,0,,,,,,,,,,,,,,,,,,,,,,,,,0,0
"20-Nov-2019 16:00",0,0,0,0,0,,,0,,,,,,,,,,,,,,,,,,,,,,,,,0,0
"21-Nov-2019 16:00",0,0,0,0,0,,,0,,,,,,,,,,,,,,,,,,,,,,,,,10,0
"22-Nov-2019 16:00",0,0,0,0,0,,,0,,,,,,,,,,,,,,,,,,,,,,,,,0,0
"25-Nov-2019 16:00",0,0,0,0,0,,,0,,,,,,,,,,,,,,,,,,,,,,,,,0,0
"26-Nov-2019 16:00",0,0,0,0,0,,,0,,,,,,,,,,,,,,,,,,,,,,,,,15,0
"27-Nov-2019 16:00",0,0,0,0,0,,,0,,,,,,,,,,,,,,,,,,,,,,,,,0,0
"28-Nov-2019 16:00",0,0,0,0,0,,,0,,,,,,,,,,,,,,,,,,,,,,,,,0,0
"29-Nov-2019 16:00",0,0,0,0,0,,,0,,,,,,,,,,,,,,,,,,,,,,,,,0,0
"02-Dec-2019 16:00",0,0,0,0,0,,,0,,,,,,,,,,,,,,,,,,,,,,,,,0,0
"03-Dec-2019 16:00",10,10,10,0,0,,,0,,,,,,,,,,,,,,,,,,,,,,,,,10,10
"04-Dec-2019 16:00",0,0,0,0,0,,,0,,,,,,,,,,,,,,,,,,,,,,,,,2,0
"05-Dec-2019 16:00",1,0,0,0,0,,,0,,,,,,,,,,,,,,,,,,,,,,,,,0,0
"06-Dec-2019 16:00",0,0,0,0,0,,,0,,,,,,,,,,,,,,,,,,,,,,,,,2,0
"09-Dec-2019 16:00",0,0,0,0,0,,,0,,,,,,,,,,,,,,,,,,,,,,,,,2,0
"10-Dec-2019 16:00",0,0,0,0,0,,,0,,,,,,,,,,,,,,,,,,,,,,,,,2,0
"11-Dec-2019 16:00",0,0,0,0,0,,,0,,,,,,,,,,,,,,,,,,,,,,,,,2,0
"12-Dec-2019 16:00",0,0,0,0,0,,,0,,,,,,,,,,,,,,,,,,,,,,,,,0,0
"13-Dec-2019 16:00",0,0,0,0,0,,,0,,,,,,,,,,,,,,,,,,,,,,,,,3,0
"16-Dec-2019 16:00",26,0,0,25,0,,,0,,,,,,,,,,,,,,,,,,,,,,,,,0,0
"17-Dec-2019 16:00",42,0,0,10,0,,,0,,,,,,,,,,,,,,,,,,,,,,,,,0,0
"18-Dec-2019 16:00",5,0,0,0,0,,,0,,,,,,,,,,,,,,,,,,,,,,,,,2,0
"19-Dec-2019 16:00",0,0,0,0,0,,,0,,,,,,,,,,,,,,,,,,,,,,,,,0,0
"20-Dec-2019 16:00",5,0,0,2,0,,,0,,,,,,,,,,,,,,,,,,,,,,,,,2,0
"23-Dec-2019 16:00",0,0,0,0,0,,,0,,,,,,,,,,,,,,,,,,,,,,,,,0,0
"24-Dec-2019 16:00",5,0,0,0,0,,,0,,,,,,,,,,,,,,,,,,,,,,,,,10,0
"27-Dec-2019 16:00",0,0,0,0,0,,,0,,,,,,,,,,,,,,,,,,,,,,,,,0,0
"30-Dec-2019 16:00",0,0,0,0,0,,,0,,,,,,,,,,,,,,,,,,,,,,,,,0,0
"31-Dec-2019 16:00",0,0,0,0,0,,,0,,,,,,,,,,,,,,,,,,,,,,,,,4,0
"02-Jan-2020 16:00",0,0,0,0,0,,,0,,,,,,,,,,,,,,,,,,,,,,,,,10,0
"03-Jan-2020 16:00",0,0,0,0,0,,,0,,,,,,,,,,,,,,,,,,,,,,,,,13,0
"06-Jan-2020 16:00",0,0,0,0,0,,,0,,,,,,,,,,,,,,,,,,,,,,,,,0,0
"07-Jan-2020 16:00",0,0,0,0,0,,,0,,,,,,,,,,,,,,,,,,,,,,,,,8,0
"08-Jan-2020 16:00",0,0,0,0,0,,,0,,,,,,,,,,,,,,,,,,,,,,,,,2,0
"09-Jan-2020 16:00",0,0,0,35,0,,,0,,,,,,,,,,,,,,,,,,,,,,,,,2,35
"10-Jan-2020 16:00",0,5,0,17,0,,,0,,,,,,,,,,,,,,,,,,,,,,,,,12,10
"13-Jan-2020 16:00",0,1,0,0,0,,,0,,,,,,,,,,,,,,,,,,,,,,,,,2,0
"14-Jan-2020 16:00",0,0,0,2,0,,,0,,,,,,,,,,,,,,,,,,,,,,,,,6,10
"15-Jan-2020 16:00",28,0,0,25,0,,,0,,,,,,,,,,,,,,,,,,,,,,,,,0,0
"16-Jan-2020 16:00",0,21,0,0,0,,,0,,,,,,,,,,,,,,,,,,,,,,,,,0,0
"17-Jan-2020 16:00",0,0,0,0,0,,,0,,,,,,,,,,,,,,,,,,,,,,,,,0,0
"20-Jan-2020 16:00",0,0,0,0,0,,,0,,,,,,,,,,,,,,,,,,,,,,,,,0,0
"21-Jan-2020 16:00",0,0,0,0,0,,,0,,,,,,,,,,,,,,,,,,,,,,,,,0,0
"22-Jan-2020 16:00",0,0,0,0,0,,,0,,,,,,,,,,,,,,,,,,,,,,,,,6,0
"23-Jan-2020 16:00",0,0,0,2,0,,,0,,,,,,,,,,,,,,,,,,,,,,,,,1,0
"24-Jan-2020 16:00",0,0,0,1,0,,,0,,,,,,,,,,,,,,,,,,,,,,,,,0,0
"27-Jan-2020 16:00",0,0,0,0,0,,,0,,,,,,,,,,,,,,,,,,,,,,,,,0,0
"28-Jan-2020 16:00",0,0,0,0,0,,,0,,,,,,,,,,,,,,,,,,,,,,,,,0,0
"29-Jan-2020 16:00",5,0,0,0,0,,,0,,,,,,,,,,,,,,,,,,,,,,,,,0,0
"30-Jan-2020 16:00",0,0,0,0,0,,,0,,,,,,,,,,,,,,,,,,,,,,,,,0,0
"31-Jan-2020 16:00",6,0,0,0,0,,,0,,,,,,,,,,,,,,,,,,,,,,,,,0,0
"03-Feb-2020 16:00",0,0,0,10,0,,,0,,,,,,,,,,,,,,,,,,,,,,,,,0,10
"04-Feb-2020 16:00",0,5,0,0,0,,,0,,,,,,,,,,,,,,,,,,,,,,,,,7,5
"05-Feb-2020 16:00",0,0,0,0,0,,,0,,,,,,,,,,,,,,,,,,,,,,,,,0,0
"06-Feb-2020 16:00",0,0,0,0,0,,,0,,,,,,,,,,,,,,,,,,,,,,,,,0,0
"07-Feb-2020 16:00",0,0,0,0,0,,,0,,,,,,,,,,,,,,,,,,,,,,,,,3,0
"10-Feb-2020 16:00",0,0,0,0,0,,,0,,,,,,,,,,,,,,,,,,,,,,,,,0,0
"11-Feb-2020 16:00",0,10,0,2,0,,,0,,,,,,,,,,,,,,,,,,,,,,,,,18,0
"12-Feb-2020 16:00",0,10,0,0,0,,,0,,,,,,,,,,,,,,,,,,,,,,,,,2,0
"13-Feb-2020 16:00",0,0,0,0,0,,,0,,,,,,,,,,,,,,,,,,,,,,,,,6,0
"14-Feb-2020 16:00",0,0,0,5,0,,,0,,,,,,,,,,,,,,,,,,,,,,,,,0,0
"17-Feb-2020 16:00",0,0,0,20,0,,,0,,,,,,,,,,,,,,,,,,,,,,,,,0,0
"18-Feb-2020 16:00",0,0,0,1,0,,,0,,,,,,,,,,,,,,,,,,,,,,,,,0,0
"19-Feb-2020 16:00",0,0,0,3,0,,,0,,,,,,,,,,,,,,,,,,,,,,,,,0,0
"20-Feb-2020 16:00",0,0,0,0,0,,,0,,,,,,,,,,,,,,,,,,,,,,,,,0,1
"21-Feb-2020 16:00",0,5,0,0,0,,,0,,,,,,,,,,,,,,,,,,,,,,,,,25,0
"24-Feb-2020 16:00",0,0,0,0,0,,,0,,,,,,,,,,,,,,,,,,,,,,,,,0,0
"25-Feb-2020 16:00",20,50,0,0,0,,,0,,,,,,,,,,,,,,,,,,,,,,,,,0,0
"26-Feb-2020 16:00",0,0,0,0,0,,,0,,,,,,,,,,,,,,,,,,,,,,,,,0,0
"27-Feb-2020 16:00",0,0,0,0,0,,,0,,,,,,,,,,,,,,,,,,,,,,,,,0,0
"28-Feb-2020 16:00",0,0,0,0,0,,,0,,,,,,,,,,,,,,,,,,,,,,,,,0,0
"02-Mar-2020 16:00",0,0,0,0,0,,,0,,,,,,,,,,,,,,,,,,,,,,,,,0,1
"03-Mar-2020 16:00",0,0,0,0,0,,,0,,,,,,,,,,,,,,,,,,,,,,,,,0,5
"04-Mar-2020 16:00",0,0,0,0,0,,,0,,,,,,,,,,,,,,,,,,,,,,,,,0,0
"05-Mar-2020 16:00",0,0,0,0,0,,,0,,,,,,,,,,,,,,,,,,,,,,,,,0,0
"06-Mar-2020 16:00",0,0,0,0,0,,,0,,,,,,,,,,,,,,,,,,,,,,,,,0,0
"09-Mar-2020 16:00",0,0,0,0,0,,,0,,,,,,,,,,,,,,,,,,,,,,,,,0,0
"10-Mar-2020 16:00",0,0,0,0,0,,,0,,,,,,,,,,,,,,,,,,,,,,,,,0,3
"11-Mar-2020 16:00",0,0,0,0,0,,,0,,,,,,,,,,,,,,,,,,,,,,,,,0,0
"12-Mar-2020 16:00",0,0,0,10,0,,,0,,,,,,,,,,,,,,,,,,,,,,,,,0,0
"13-Mar-2020 16:00",0,0,0,0,0,,,0,,,,,,,,,,,,,,,,,,,,,,,,,0,0
"16-Mar-2020 16:00",0,0,0,0,0,,,0,,,,,,,,,,,,,,,,,,,,,,,,,0,0
"17-Mar-2020 16:00",0,0,0,0,0,,,0,,,,,,,,,,,,,,,,,,,,,,,,,0,0
"18-Mar-2020 16:00",0,0,0,3,0,,,0,,,,,,,,,,,,,,,,,,,,,,,,,0,2
"19-Mar-2020 16:00",0,0,0,0,0,,,0,,,,,,,,,,,,,,,,,,,,,,,,,0,0
"20-Mar-2020 16:00",0,0,0,0,0,,,0,,,,,,,,,,,,,,,,,,,,,,,,,0,0
"23-Mar-2020 16:00",10,0,0,0,0,,,0,,,,,,,,,,,,,,,,,,,,,,,,,0,10
"24-Mar-2020 16:00",0,0,0,0,0,,,0,,,,,,,,,,,,,,,,,,,,,,,,,0,16
"25-Mar-2020 16:00",0,0,0,7,0,,,0,,,,,,,,,,,,,,,,,,,,,,,,,0,0
"26-Mar-2020 16:00",0,0,0,0,0,,,0,,,,,,,,,,,,,,,,,,,,,,,,,0,0
"27-Mar-2020 16:00",0,0,0,0,0,,,0,,,,,,,,,,,,,,,,,,,,,,,,,0,0
"30-Mar-2020 16:00",0,0,0,0,0,,,0,,,,,,,,,,,,,,,,,,,,,,,,,0,0
"31-Mar-2020 16:00",0,0,0,0,0,,,0,,,,,,,,,,,,,,,,,,,,,,,,,0,5
"01-Apr-2020 16:00",0,0,,0,0,,,0,,,,,,,,,,,,,,,,,,,,,,,,,,0
"02-Apr-2020 16:00",0,0,,0,0,,,0,,,,,,,,,,,,,,,,,,,,,,,,,,0
"03-Apr-2020 16:00",0,0,,0,0,,,0,,,,,,,,,,,,,,,,,,,,,,,,,,0
"06-Apr-2020 17:00",0,0,,0,0,,,0,,,,,,,,,,,,,,,,,,,,,,,,,,0
"07-Apr-2020 17:00",5,0,,6,0,,,0,,,,,,,,,,,,,,,,,,,,,,,,,,0
"08-Apr-2020 17:00",0,3,,2,0,,,0,,,,,,,,,,,,,,,,,,,,,,,,,,0
"09-Apr-2020 17:00",0,0,,2,0,,,0,,,,,,,,,,,,,,,,,,,,,,,,,,0
"14-Apr-2020 17:00",0,0,,0,0,,,0,,,,,,,,,,,,,,,,,,,,,,,,,,0
"15-Apr-2020 17:00",0,0,,0,0,,,0,,,,,,,,,,,,,,,,,,,,,,,,,,0
"16-Apr-2020 17:00",1,0,,1,0,,,0,,,,,,,,,,,,,,,,,,,,,,,,,,0
"17-Apr-2020 17:00",15,0,,2,0,,,0,,,,,,,,,,,,,,,,,,,,,,,,,,0
"20-Apr-2020 17:00",0,0,,0,0,,,0,,,,,,,,,,,,,,,,,,,,,,,,,,0
"21-Apr-2020 17:00",0,0,,0,0,,,0,,,,,,,,,,,,,,,,,,,,,,,,,,0
"22-Apr-2020 17:00",0,4,,2,0,,,0,,,,,,,,,,,,,,,,,,,,,,,,,,0
"23-Apr-2020 17:00",0,0,,0,0,,,0,,,,,,,,,,,,,,,,,,,,,,,,,,0
"24-Apr-2020 17:00",0,0,,4,0,,,0,,,,,,,,,,,,,,,,,,,,,,,,,,0
"27-Apr-2020 17:00",0,0,,0,0,,,0,,,,,,,,,,,,,,,,,,,,,,,,,,0
"28-Apr-2020 17:00",0,0,,0,0,,,0,,,,,,,,,,,,,,,,,,,,,,,,,,0
"29-Apr-2020 17:00",0,0,,3,0,,,0,,,,,,,,,,,,,,,,,,,,,,,,,,0
"30-Apr-2020 17:00",0,0,,0,0,,,0,,,,,,,,,,,,,,,,,,,,,,,,,,0
"01-May-2020 17:00",0,0,,6,0,,,0,,,,,,,,,,,,,,,,,,,,,,,,,,0
"04-May-2020 17:00",0,0,,0,0,,,0,,,,,,,,,,,,,,,,,,,,,,,,,,0
"05-May-2020 17:00",10,0,,0,0,,,0,,,,,,,,,,,,,,,,,,,,,,,,,,0
"06-May-2020 17:00",0,0,,0,0,,,0,,,,,,,,,,,,,,,,,,,,,,,,,,0
"07-May-2020 17:00",0,0,,0,0,,,0,,,,,,,,,,,,,,,,,,,,,,,,,,0
"08-May-2020 17:00",0,0,,0,0,,,0,,,,,,,,,,,,,,,,,,,,,,,,,,0
"11-May-2020 17:00",10,0,,5,0,,,0,,,,,,,,,,,,,,,,,,,,,,,,,,0
"12-May-2020 17:00",0,0,,0,0,,,0,,,,,,,,,,,,,,,,,,,,,,,,,,0
"13-May-2020 17:00",0,0,,0,0,,,0,,,,,,,,,,,,,,,,,,,,,,,,,,0
"14-May-2020 17:00",0,1,,2,0,,,0,,,,,,,,,,,,,,,,,,,,,,,,,,4
"15-May-2020 17:00",0,0,,3,0,,,0,,,,,,,,,,,,,,,,,,,,,,,,,,0
"18-May-2020 17:00",0,0,,0,0,,,0,,,,,,,,,,,,,,,,,,,,,,,,,,0
"19-May-2020 17:00",0,0,,0,0,,,0,,,,,,,,,,,,,,,,,,,,,,,,,,0
"20-May-2020 17:00",0,0,,0,0,,,0,,,,,,,,,,,,,,,,,,,,,,,,,,0
"21-May-2020 17:00",0,0,,1,0,,,0,,,,,,,,,,,,,,,,,,,,,,,,,,0
"22-May-2020 17:00",0,0,,6,0,,,0,,,,,,,,,,,,,,,,,,,,,,,,,,0
"25-May-2020 17:00",0,0,,0,0,,,0,,,,,,,,,,,,,,,,,,,,,,,,,,0
"26-May-2020 17:00",0,0,,8,0,,,0,,,,,,,,,,,,,,,,,,,,,,,,,,0
"27-May-2020 17:00",1,0,,3,0,,,0,,,,,,,,,,,,,,,,,,,,,,,,,,0
"28-May-2020 17:00",10,0,,0,0,,,0,,,,,,,,,,,,,,,,,,,,,,,,,,0
"29-May-2020 17:00",10,0,,0,0,,,0,,,,,,,,,,,,,,,,,,,,,,,,,,0
"01-Jun-2020 17:00",0,0,,0,0,,,0,,,,,,,,,,,,,,,,,,,,,,,,,,0
"02-Jun-2020 17:00",0,0,,0,0,,,0,,,,,,,,,,,,,,,,,,,,,,,,,,0
"03-Jun-2020 17:00",0,0,,2,0,,,0,,,,,,,,,,,,,,,,,,,,,,,,,,0
"04-Jun-2020 17:00",0,0,,0,0,,,0,,,,,,,,,,,,,,,,,,,,,,,,,,0
"05-Jun-2020 17:00",0,0,,0,0,,,0,,,,,,,,,,,,,,,,,,,,,,,,,,0
"08-Jun-2020 17:00",0,0,,0,0,,,0,,,,,,,,,,,,,,,,,,,,,,,,,,0
"09-Jun-2020 17:00",0,0,,0,0,,,0,,,,,,,,,,,,,,,,,,,,,,,,,,0
"10-Jun-2020 17:00",0,0,,2,0,,,0,,,,,,,,,,,,,,,,,,,,,,,,,,0
"11-Jun-2020 17:00",0,0,,0,0,,,0,,,,,,,,,,,,,,,,,,,,,,,,,,0
"12-Jun-2020 17:00",0,0,,0,0,,,0,,,,,,,,,,,,,,,,,,,,,,,,,,0
"15-Jun-2020 17:00",0,0,,0,0,,,0,,,,,,,,,,,,,,,,,,,,,,,,,,0
"16-Jun-2020 17:00",0,0,,0,0,,,0,,,,,,,,,,,,,,,,,,,,,,,,,,0
"17-Jun-2020 17:00",65,0,,0,0,,,0,,,,,,,,,,,,,,,,,,,,,,,,,,0
"18-Jun-2020 17:00",0,0,,0,0,,,0,,,,,,,,,,,,,,,,,,,,,,,,,,0
"19-Jun-2020 17:00",0,0,,0,0,,,0,,,,,,,,,,,,,,,,,,,,,,,,,,0
"22-Jun-2020 17:00",0,0,,0,0,,,0,,,,,,,,,,,,,,,,,,,,,,,,,,0
"23-Jun-2020 17:00",0,0,,0,0,,,0,,,,,,,,,,,,,,,,,,,,,,,,,,0
"24-Jun-2020 17:00",0,0,,0,0,,,0,,,,,,,,,,,,,,,,,,,,,,,,,,0
"25-Jun-2020 17:00",0,18,,2,0,,,0,,,,,,,,,,,,,,,,,,,,,,,,,,0
"26-Jun-2020 17:00",10,1,,0,0,,,0,,,,,,,,,,,,,,,,,,,,,,,,,,0
"29-Jun-2020 17:00",0,0,,0,0,,,0,,,,,,,,,,,,,,,,,,,,,,,,,,0
"30-Jun-2020 17:00",0,5,,0,0,,,0,,,,,,,,,,,,,,,,,,,,,,,,,,0
"01-Jul-2020 17:00",0,0,,6,0,,,0,,,,,,,,,,,,,,,,,,,,,,,,,,
"02-Jul-2020 17:00",3,0,,0,0,,,0,,,,,,,,,,,,,,,,,,,,,,,,,,
"03-Jul-2020 17:00",0,0,,0,0,,,0,,,,,,,,,,,,,,,,,,,,,,,,,,
"06-Jul-2020 17:00",0,0,,0,0,,,0,,,,,,,,,,,,,,,,,,,,,,,,,,
"07-Jul-2020 17:00",8,0,,0,0,,,0,,,,,,,,,,,,,,,,,,,,,,,,,,
"08-Jul-2020 17:00",0,0,,2,0,,,0,,,,,,,,,,,,,,,,,,,,,,,,,,
"09-Jul-2020 17:00",0,0,,0,0,,,0,,,,,,,,,,,,,,,,,,,,,,,,,,
"10-Jul-2020 17:00",0,0,,0,0,,,0,,,,,,,,,,,,,,,,,,,,,,,,,,
"13-Jul-2020 17:00",0,0,,0,0,,,0,,,,,,,,,,,,,,,,,,,,,,,,,,
"14-Jul-2020 17:00",0,0,,0,0,,,0,,,,,,,,,,,,,,,,,,,,,,,,,,
"15-Jul-2020 17:00",0,0,,0,0,,,0,,,,,,,,,,,,,,,,,,,,,,,,,,
"16-Jul-2020 17:00",0,0,,1,0,,,0,,,,,,,,,,,,,,,,,,,,,,,,,,
"17-Jul-2020 17:00",0,0,,0,0,,,0,,,,,,,,,,,,,,,,,,,,,,,,,,
"20-Jul-2020 17:00",0,0,,0,0,,,0,,,,,,,,,,,,,,,,,,,,,,,,,,
"21-Jul-2020 17:00",0,0,,0,0,,,0,,,,,,,,,,,,,,,,,,,,,,,,,,
"22-Jul-2020 17:00",0,0,,0,0,,,0,,,,,,,,,,,,,,,,,,,,,,,,,,
"23-Jul-2020 17:00",0,0,,10,0,,,0,,,,,,,,,,,,,,,,,,,,,,,,,,
"24-Jul-2020 17:00",0,0,,0,0,,,0,,,,,,,,,,,,,,,,,,,,,,,,,,
"27-Jul-2020 17:00",0,0,,0,0,,,0,,,,,,,,,,,,,,,,,,,,,,,,,,
"28-Jul-2020 17:00",0,0,,0,0,,,0,,,,,,,,,,,,,,,,,,,,,,,,,,
"29-Jul-2020 17:00",0,0,,0,0,,,0,,,,,,,,,,,,,,,,,,,,,,,,,,
"30-Jul-2020 17:00",0,0,,0,0,,,0,,,,,,,,,,,,,,,,,,,,,,,,,,
"31-Jul-2020 17:00",0,0,,0,0,,,0,,,,,,,,,,,,,,,,,,,,,,,,,,
"03-Aug-2020 17:00",0,0,,0,0,,,0,,,,,,,,,,,,,,,,,,,,,,,,,,
"04-Aug-2020 17:00",0,0,,0,0,,,0,,,,,,,,,,,,,,,,,,,,,,,,,,
"05-Aug-2020 17:00",0,0,,2,0,,,0,,,,,,,,,,,,,,,,,,,,,,,,,,
"06-Aug-2020 17:00",0,0,,0,0,,,0,,,,,,,,,,,,,,,,,,,,,,,,,,
"07-Aug-2020 17:00",0,0,,0,0,0,,0,,,,,,,,,,,,,,,,,,,,,,,,,,
"10-Aug-2020 17:00",0,0,,0,9,0,,0,,,,,,,,,,,,,,,,,,,,,,,,,,
"11-Aug-2020 17:00",10,10,,10,10,0,,10,,,,,,,,,,,,,,,,,,,,,,,,,,
"12-Aug-2020 17:00",0,0,,0,0,0,,0,,,,,,,,,,,,,,,,,,,,,,,,,,
"13-Aug-2020 17:00",0,0,,0,0,0,,0,,,,,,,,,,,,,,,,,,,,,,,,,,
"14-Aug-2020 17:00",0,0,,8,0,0,,0,,,,,,,,,,,,,,,,,,,,,,,,,,
"17-Aug-2020 17:00",0,0,,0,0,0,,0,,,,,,,,,,,,,,,,,,,,,,,,,,
"18-Aug-2020 17:00",0,0,,0,0,0,,0,,,,,,,,,,,,,,,,,,,,,,,,,,
"19-Aug-2020 17:00",0,0,,0,0,0,,0,,,,,,,,,,,,,,,,,,,,,,,,,,
"20-Aug-2020 17:00",0,0,,0,0,0,,0,,,,,,,,,,,,,,,,,,,,,,,,,,
"21-Aug-2020 17:00",0,0,,0,0,0,,0,,,,,,,,,,,,,,,,,,,,,,,,,,
"24-Aug-2020 17:00",0,5,,0,0,0,,0,,,,,,,,,,,,,,,,,,,,,,,,,,
"25-Aug-2020 17:00",0,5,,0,0,0,,0,,,,,,,,,,,,,,,,,,,,,,,,,,
"26-Aug-2020 17:00",0,0,,0,0,0,,0,,,,,,,,,,,,,,,,,,,,,,,,,,
"27-Aug-2020 17:00",0,0,,0,0,0,,0,,,,,,,,,,,,,,,,,,,,,,,,,,
"28-Aug-2020 17:00",0,0,,0,0,0,,0,,,,,,,,,,,,,,,,,,,,,,,,,,
"31-Aug-2020 17:00",0,0,,0,0,0,,0,,,,,,,,,,,,,,,,,,,,,,,,,,
"01-Sep-2020 17:00",0,0,,0,0,0,,0,,,,,,,,,,,,,,,,,,,,,,,,,,
"02-Sep-2020 17:00",0,0,,0,0,0,,0,,,,,,,,,,,,,,,,,,,,,,,,,,
"03-Sep-2020 17:00",0,0,,0,0,0,,0,,,,,,,,,,,,,,,,,,,,,,,,,,
"04-Sep-2020 17:00",0,0,,0,0,0,,0,,,,,,,,,,,,,,,,,,,,,,,,,,
"07-Sep-2020 17:00",0,0,,4,0,0,,0,,,,,,,,,,,,,,,,,,,,,,,,,,
"08-Sep-2020 17:00",0,0,,0,0,0,,0,,,,,,,,,,,,,,,,,,,,,,,,,,
"09-Sep-2020 17:00",5,0,,0,0,0,,0,,,,,,,,,,,,,,,,,,,,,,,,,,
"10-Sep-2020 17:00",0,0,,0,0,0,,0,,,,,,,,,,,,,,,,,,,,,,,,,,
"11-Sep-2020 17:00",0,0,,0,0,0,,0,,,,,,,,,,,,,,,,,,,,,,,,,,
"14-Sep-2020 17:00",0,0,,2,0,0,,0,,,,,,,,,,,,,,,,,,,,,,,,,,
"15-Sep-2020 17:00",0,0,,0,0,0,,0,,,,,,,,,,,,,,,,,,,,,,,,,,
"16-Sep-2020 17:00",0,0,,0,0,0,,0,,,,,,,,,,,,,,,,,,,,,,,,,,
"17-Sep-2020 17:00",35,0,,0,0,0,,0,,,,,,,,,,,,,,,,,,,,,,,,,,
"18-Sep-2020 17:00",0,10,,0,0,0,,0,,,,,,,,,,,,,,,,,,,,,,,,,,
"21-Sep-2020 17:00",0,0,,8,0,0,,0,,,,,,,,,,,,,,,,,,,,,,,,,,
"22-Sep-2020 17:00",0,0,,0,0,0,,0,,,,,,,,,,,,,,,,,,,,,,,,,,
"23-Sep-2020 17:00",0,0,,2,0,0,,0,,,,,,,,,,,,,,,,,,,,,,,,,,
"24-Sep-2020 17:00",0,0,,4,0,0,,0,,,,,,,,,,,,,,,,,,,,,,,,,,
"25-Sep-2020 17:00",0,0,,0,0,0,,0,,,,,,,,,,,,,,,,,,,,,,,,,,
"28-Sep-2020 17:00",0,0,,2,0,0,,0,,,,,,,,,,,,,,,,,,,,,,,,,,
"29-Sep-2020 17:00",0,0,,0,0,0,,0,,,,,,,,,,,,,,,,,,,,,,,,,,
"30-Sep-2020 17:00",0,0,,11,0,0,,0,,,,,,,,,,,,,,,,,,,,,,,,,,
"01-Oct-2020 17:00",0,,,0,0,0,,,,,,,,,,,,,,,,,,,,,,,,,,,,
"02-Oct-2020 17:00",0,,,1,0,0,,,,,,,,,,,,,,,,,,,,,,,,,,,,
"05-Oct-2020 16:00",0,,,0,0,0,,,,,,,,,,,,,,,,,,,,,,,,,,,,
"06-Oct-2020 16:00",0,,,0,0,0,,,,,,,,,,,,,,,,,,,,,,,,,,,,
"07-Oct-2020 16:00",0,,,0,0,0,,,,,,,,,,,,,,,,,,,,,,,,,,,,
"08-Oct-2020 16:00",0,,,35,0,0,,,,,,,,,,,,,,,,,,,,,,,,,,,,
"09-Oct-2020 16:00",0,,,0,0,0,,,,,,,,,,,,,,,,,,,,,,,,,,,,
"12-Oct-2020 16:00",0,,,0,0,0,,,,,,,,,,,,,,,,,,,,,,,,,,,,
"13-Oct-2020 16:00",0,,,0,0,0,,,,,,,,,,,,,,,,,,,,,,,,,,,,
"14-Oct-2020 16:00",0,,,0,0,0,,,,,,,,,,,,,,,,,,,,,,,,,,,,
"15-Oct-2020 16:00",0,,,0,0,0,,,,,,,,,,,,,,,,,,,,,,,,,,,,
"16-Oct-2020 16:00",0,,,0,0,0,,,,,,,,,,,,,,,,,,,,,,,,,,,,
"19-Oct-2020 16:00",0,,,0,10,0,,,,,,,,,,,,,,,,,,,,,,,,,,,,
"20-Oct-2020 16:00",0,,,0,0,0,,,,,,,,,,,,,,,,,,,,,,,,,,,,
"21-Oct-2020 16:00",0,,,10,0,0,,,,,,,,,,,,,,,,,,,,,,,,,,,,
"22-Oct-2020 16:00",0,,,0,0,0,,,,,,,,,,,,,,,,,,,,,,,,,,,,
"23-Oct-2020 16:00",0,,,4,0,0,,,,,,,,,,,,,,,,,,,,,,,,,,,,
"26-Oct-2020 16:00",0,,,0,0,0,,,,,,,,,,,,,,,,,,,,,,,,,,,,
"27-Oct-2020 16:00",12,,,8,0,0,,,,,,,,,,,,,,,,,,,,,,,,,,,,
"28-Oct-2020 16:00",1,,,0,0,0,,,,,,,,,,,,,,,,,,,,,,,,,,,,
"29-Oct-2020 16:00",0,,,0,0,0,,,,,,,,,,,,,,,,,,,,,,,,,,,,
"30-Oct-2020 16:00",2,,,0,0,0,,,,,,,,,,,,,,,,,,,,,,,,,,,,
"02-Nov-2020 16:00",0,,,0,0,0,,,,,,,,,,,,,,,,,,,,,,,,,,,,
"03-Nov-2020 16:00",0,,,0,0,0,,,,,,,,,,,,,,,,,,,,,,,,,,,,
"04-Nov-2020 16:00",0,,,0,0,0,,,,,,,,,,,,,,,,,,,,,,,,,,,,
"05-Nov-2020 16:00",0,,,0,0,0,,,,,,,,,,,,,,,,,,,,,,,,,,,,
"06-Nov-2020 16:00",0,,,0,0,0,,,,,,,,,,,,,,,,,,,,,,,,,,,,
"09-Nov-2020 16:00",0,,,0,0,0,,,,,,,,,,,,,,,,,,,,,,,,,,,,
"10-Nov-2020 16:00",0,,,0,0,0,,,,,,,,,,,,,,,,,,,,,,,,,,,,
"11-Nov-2020 16:00",6,,,0,0,0,,,,,,,,,,,,,,,,,,,,,,,,,,,,
"12-Nov-2020 16:00",0,,,0,0,0,,,,,,,,,,,,,,,,,,,,,,,,,,,,
"13-Nov-2020 16:00",0,,,0,0,0,,,,,,,,,,,,,,,,,,,,,,,,,,,,
"16-Nov-2020 16:00",0,,,0,0,0,,,,,,,,,,,,,,,,,,,,,,,,,,,,
"17-Nov-2020 16:00",0,,,0,0,0,,,,,,,,,,,,,,,,,,,,,,,,,,,,
"18-Nov-2020 16:00",0,,,0,0,0,,,,,,,,,,,,,,,,,,,,,,,,,,,,
"19-Nov-2020 16:00",0,,,0,0,0,,,,,,,,,,,,,,,,,,,,,,,,,,,,
"20-Nov-2020 16:00",0,,,0,0,0,,,,,,,,,,,,,,,,,,,,,,,,,,,,
"23-Nov-2020 16:00",0,,,0,0,0,,,,,,,,,,,,,,,,,,,,,,,,,,,,
"24-Nov-2020 16:00",20,,,0,0,0,,,,,,,,,,,,,,,,,,,,,,,,,,,,
"25-Nov-2020 16:00",0,,,0,0,0,,,,,,,,,,,,,,,,,,,,,,,,,,,,
"26-Nov-2020 16:00",0,,,6,0,0,,,,,,,,,,,,,,,,,,,,,,,,,,,,
"27-Nov-2020 16:00",0,,,0,0,0,,,,,,,,,,,,,,,,,,,,,,,,,,,,
"30-Nov-2020 16:00",0,,,2,0,0,,,,,,,,,,,,,,,,,,,,,,,,,,,,
"01-Dec-2020 16:00",0,,,2,0,0,,,,,,,,,,,,,,,,,,,,,,,,,,,,
"02-Dec-2020 16:00",0,,,2,0,0,,,,,,,,,,,,,,,,,,,,,,,,,,,,
"03-Dec-2020 16:00",0,,,0,0,0,,,,,,,,,,,,,,,,,,,,,,,,,,,,
"04-Dec-2020 16:00",2,,,0,0,0,,,,,,,,,,,,,,,,,,,,,,,,,,,,
"07-Dec-2020 16:00",0,,,0,0,0,,,,,,,,,,,,,,,,,,,,,,,,,,,,
"08-Dec-2020 16:00",0,,,0,0,0,,,,,,,,,,,,,,,,,,,,,,,,,,,,
"09-Dec-2020 16:00",0,,,2,0,0,,,,,,,,,,,,,,,,,,,,,,,,,,,,
"10-Dec-2020 16:00",0,,,0,0,0,,,,,,,,,,,,,,,,,,,,,,,,,,,,
"11-Dec-2020 16:00",0,,,0,0,0,,,,,,,,,,,,,,,,,,,,,,,,,,,,
"14-Dec-2020 16:00",0,,,0,0,0,,,,,,,,,,,,,,,,,,,,,,,,,,,,
"15-Dec-2020 16:00",0,,,20,0,0,,,,,,,,,,,,,,,,,,,,,,,,,,,,
"16-Dec-2020 16:00",0,,,0,0,0,,,,,,,,,,,,,,,,,,,,,,,,,,,,
"17-Dec-2020 16:00",0,,,0,0,0,,,,,,,,,,,,,,,,,,,,,,,,,,,,
"18-Dec-2020 16:00",0,,,0,0,0,,,,,,,,,,,,,,,,,,,,,,,,,,,,
"21-Dec-2020 16:00",0,,,0,0,0,,,,,,,,,,,,,,,,,,,,,,,,,,,,
"22-Dec-2020 16:00",0,,,0,0,0,,,,,,,,,,,,,,,,,,,,,,,,,,,,
"23-Dec-2020 16:00",0,,,2,0,0,,,,,,,,,,,,,,,,,,,,,,,,,,,,
"24-Dec-2020 16:00",0,,,10,0,0,,,,,,,,,,,,,,,,,,,,,,,,,,,,
"29-Dec-2020 16:00",0,,,0,0,0,,,,,,,,,,,,,,,,,,,,,,,,,,,,
"30-Dec-2020 16:00",0,,,0,0,0,,,,,,,,,,,,,,,,,,,,,,,,,,,,
"31-Dec-2020 16:00",0,,,0,0,0,,,,,,,,,,,,,,,,,,,,,,,,,,,,
"04-Jan-2021 16:00",,,,0,0,0,,,,,,,,,,,,,,,,,,,,,,,,,,,,
"05-Jan-2021 16:00",,,,2,0,0,,,,,,,,,,,,,,,,,,,,,,,,,,,,
"06-Jan-2021 16:00",,,,0,0,0,,,,,,,,,,,,,,,,,,,,,,,,,,,,
"07-Jan-2021 16:00",,,,0,1,1,,,,,,,,,,,,,,,,,,,,,,,,,,,,
"08-Jan-2021 16:00",,,,0,0,0,,,,,,,,,,,,,,,,,,,,,,,,,,,,
"11-Jan-2021 16:00",,,,0,0,0,,,,,,,,,,,,,,,,,,,,,,,,,,,,
"12-Jan-2021 16:00",,,,0,0,0,,,,,,,,,,,,,,,,,,,,,,,,,,,,
"13-Jan-2021 16:00",,,,0,0,15,,,,,,,,,,,,,,,,,,,,,,,,,,,,
"14-Jan-2021 16:00",,,,2,0,0,,,,,,,,,,,,,,,,,,,,,,,,,,,,
"15-Jan-2021 16:00",,,,1,0,0,,,,,,,,,,,,,,,,,,,,,,,,,,,,
"18-Jan-2021 16:00",,,,0,0,0,,,,,,,,,,,,,,,,,,,,,,,,,,,,
"19-Jan-2021 16:00",,,,1,0,0,,,,,,,,,,,,,,,,,,,,,,,,,,,,
"20-Jan-2021 16:00",,,,0,0,0,,,,,,,,,,,,,,,,,,,,,,,,,,,,
"21-Jan-2021 16:00",,,,0,0,0,,,,,,,,,,,,,,,,,,,,,,,,,,,,
"22-Jan-2021 16:00",,,,0,0,0,,,,,,,,,,,,,,,,,,,,,,,,,,,,
"25-Jan-2021 16:00",,,,7,0,0,,,,,,,,,,,,,,,,,,,,,,,,,,,,
"26-Jan-2021 16:00",,,,0,0,0,,,,,,,,,,,,,,,,,,,,,,,,,,,,
"27-Jan-2021 16:00",,,,0,0,0,,,,,,,,,,,,,,,,,,,,,,,,,,,,
"28-Jan-2021 16:00",,,,0,5,0,,,,,,,,,,,,,,,,,,,,,,,,,,,,
"29-Jan-2021 16:00",,,,0,0,0,,,,,,,,,,,,,,,,,,,,,,,,,,,,
"01-Feb-2021 16:00",,,,0,0,0,,,,,,,,,,,,,,,,,,,,,,,,,,,,
"02-Feb-2021 16:00",,,,2,2,2,,,,,,,,,,,,,,,,,,,,,,,,,,,,
"03-Feb-2021 16:00",,,,2,0,0,,,,,,,,,,,,,,,,,,,,,,,,,,,,
"04-Feb-2021 16:00",,,,0,0,0,,,,,,,,,,,,,,,,,,,,,,,,,,,,
"05-Feb-2021 16:00",,,,6,0,0,,,,,,,,,,,,,,,,,,,,,,,,,,,,
"08-Feb-2021 16:00",,,,0,2,0,,,,,,,,,,,,,,,,,,,,,,,,,,,,
"09-Feb-2021 16:00",,,,0,0,0,,,,,,,,,,,,,,,,,,,,,,,,,,,,
"10-Feb-2021 16:00",,,,2,0,0,,,,,,,,,,,,,,,,,,,,,,,,,,,,
"11-Feb-2021 16:00",,,,6,0,0,,,,,,,,,,,,,,,,,,,,,,,,,,,,
"12-Feb-2021 16:00",,,,2,0,0,,,,,,,,,,,,,,,,,,,,,,,,,,,,
"15-Feb-2021 16:00",,,,0,0,0,,,,,,,,,,,,,,,,,,,,,,,,,,,,
"16-Feb-2021 16:00",,,,5,0,0,,,,,,,,,,,,,,,,,,,,,,,,,,,,
"17-Feb-2021 16:00",,,,0,0,0,,,,,,,,,,,,,,,,,,,,,,,,,,,,
"18-Feb-2021 16:00",,,,4,0,0,,,,,,,,,,,,,,,,,,,,,,,,,,,,
"19-Feb-2021 16:00",,,,0,0,0,,,,,,,,,,,,,,,,,,,,,,,,,,,,
"22-Feb-2021 16:00",,,,0,0,0,,,,,,,,,,,,,,,,,,,,,,,,,,,,
"23-Feb-2021 16:00",,,,0,0,0,,,,,,,,,,,,,,,,,,,,,,,,,,,,
"24-Feb-2021 16:00",,,,0,0,0,,,,,,,,,,,,,,,,,,,,,,,,,,,,
"25-Feb-2021 16:00",,,,0,0,0,,,,,,,,,,,,,,,,,,,,,,,,,,,,
"26-Feb-2021 16:00",,,,0,0,0,,,,,,,,,,,,,,,,,,,,,,,,,,,,
"01-Mar-2021 16:00",,,,0,0,0,,,,,,,,,,,,,,,,,,,,,,,,,,,,
"02-Mar-2021 16:00",,,,0,1,0,,,,,,,,,,,,,,,,,,,,,,,,,,,,
"03-Mar-2021 16:00",,,,0,10,6,,,,,,,,,,,,,,,,,,,,,,,,,,,,
"04-Mar-2021 16:00",,,,0,2,0,,,,,,,,,,,,,,,,,,,,,,,,,,,,
"05-Mar-2021 16:00",,,,0,2,0,,,,,,,,,,,,,,,,,,,,,,,,,,,,
"08-Mar-2021 16:00",,,,0,0,0,,,,,,,,,,,,,,,,,,,,,,,,,,,,
"09-Mar-2021 16:00",,,,0,6,2,,,,,,,,,,,,,,,,,,,,,,,,,,,,
"10-Mar-2021 16:00",,,,0,0,0,,,,,,,,,,,,,,,,,,,,,,,,,,,,
"11-Mar-2021 16:00",,,,0,5,2,,,,,,,,,,,,,,,,,,,,,,,,,,,,
"12-Mar-2021 16:00",,,,0,0,0,,,,,,,,,,,,,,,,,,,,,,,,,,,,
"15-Mar-2021 16:00",,,,0,0,0,,,,,,,,,,,,,,,,,,,,,,,,,,,,
"16-Mar-2021 16:00",,,,0,4,0,,,,,,,,,,,,,,,,,,,,,,,,,,,,
"17-Mar-2021 16:00",,,,0,0,0,,,,,,,,,,,,,,,,,,,,,,,,,,,,
"18-Mar-2021 16:00",,,,0,0,1,,,,,,,,,,,,,,,,,,,,,,,,,,,,
"19-Mar-2021 16:00",,,,0,0,0,,,,,,,,,,,,,,,,,,,,,,,,,,,,
"22-Mar-2021 16:00",,,,0,0,1,1,,,1,0,1,0,1,0,,0,0,0,0,0,0,0,0,0,0,0,0,,,,,,
"23-Mar-2021 16:00",,,,0,2,0,0,,,0,0,0,0,0,0,,0,0,0,0,0,0,0,0,0,0,0,0,,,,,,
"24-Mar-2021 16:00",,,,0,10,0,0,,,0,0,0,0,0,0,,0,0,0,0,0,0,0,0,0,0,0,0,,,,,,
"25-Mar-2021 16:00",,,,0,1,0,0,,,0,0,0,0,0,0,,0,0,0,0,0,0,0,0,0,0,0,0,,,,,,
"26-Mar-2021 16:00",,,,0,4,0,0,,,0,0,0,0,0,0,,0,0,0,0,0,0,0,0,0,0,0,0,,,,,,
"29-Mar-2021 16:00",,,,0,0,0,0,,,0,0,0,0,0,0,,0,0,0,0,0,0,0,0,0,0,0,0,,,,,,
"30-Mar-2021 16:00",,,,0,7,0,0,,,0,0,0,0,0,0,,0,0,0,0,0,0,0,0,0,0,0,0,,,,,,
"31-Mar-2021 16:00",,,,0,0,0,0,,,0,0,0,0,0,0,,0,0,0,0,0,0,0,0,0,0,0,0,,,,,,
"01-Apr-2021 16:00",,,,,0,0,0,,,0,0,0,0,0,0,,0,0,0,0,0,0,0,0,0,0,0,0,0,0,0,,,
"06-Apr-2021 17:00",,,,,0,0,0,,,0,0,0,0,0,0,,0,0,0,0,0,0,0,0,0,0,0,0,0,0,0,,,
"07-Apr-2021 17:00",,,,,0,0,0,,,0,0,0,0,0,0,,0,0,0,0,0,0,0,0,0,0,0,0,0,0,0,,,
"08-Apr-2021 17:00",,,,,0,0,0,,,0,0,0,0,0,0,,0,0,0,0,0,0,0,0,0,0,0,0,0,0,0,,,
"09-Apr-2021 17:00",,,,,0,0,0,,,0,0,0,0,0,0,,0,0,0,0,0,0,0,0,0,0,0,0,0,0,0,,,
"12-Apr-2021 17:00",,,,,0,0,0,,,0,0,0,0,0,0,,0,0,0,0,0,0,0,0,0,0,0,0,0,0,0,,,
"13-Apr-2021 17:00",,,,,0,0,0,,,0,0,0,0,0,0,,0,0,0,0,0,0,0,0,0,0,0,0,0,0,0,,,
"14-Apr-2021 17:00",,,,,0,0,0,,,0,0,0,0,0,0,,0,0,0,0,0,0,0,0,0,0,0,0,0,0,0,,,
"15-Apr-2021 17:00",,,,,5,0,0,,,0,0,0,0,0,0,,0,0,0,0,0,0,0,0,0,0,0,0,0,0,0,,,
"16-Apr-2021 17:00",,,,,1,0,0,,,0,10,10,0,0,0,,0,0,0,0,0,0,0,0,0,0,0,0,0,0,0,,,
"19-Apr-2021 17:00",,,,,0,0,0,,,2,0,0,0,0,0,,0,0,0,0,0,0,0,0,0,0,0,0,0,0,0,,,
"20-Apr-2021 17:00",,,,,0,0,0,,,0,0,0,0,0,0,,0,0,0,0,0,0,2,0,0,0,0,0,0,0,0,,,
"21-Apr-2021 17:00",,,,,0,0,0,,,0,0,0,0,0,0,,0,0,0,0,0,0,0,0,0,0,0,0,0,0,0,,,
"22-Apr-2021 17:00",,,,,0,0,0,,,0,0,0,0,0,0,,0,0,0,0,0,0,0,0,0,0,0,0,0,0,0,,,
"23-Apr-2021 17:00",,,,,0,0,0,,,0,0,0,0,0,0,,0,0,0,0,0,0,0,0,0,0,0,0,0,0,0,,,
"26-Apr-2021 17:00",,,,,0,1,0,,,0,0,0,0,0,0,,0,0,0,0,0,0,0,0,0,0,0,0,0,0,0,,,
"27-Apr-2021 17:00",,,,,0,0,0,,,0,0,0,0,0,0,,0,0,0,0,0,0,0,0,0,0,0,0,0,0,0,,,
"28-Apr-2021 17:00",,,,,0,0,0,,,0,50,50,0,0,0,,1,0,0,0,0,0,0,0,0,0,0,0,0,0,0,,,
"29-Apr-2021 17:00",,,,,0,73,0,,,0,25,25,0,0,0,,0,0,0,0,0,0,0,0,0,0,0,0,0,0,0,,,
"30-Apr-2021 17:00",,,,,0,0,0,,,0,0,0,0,0,0,,0,0,0,0,0,0,0,0,0,0,0,0,0,0,0,,,
"03-May-2021 17:00",,,,,0,0,0,,,0,0,0,0,0,0,,0,0,0,0,0,0,0,0,0,0,0,0,0,0,0,,,
"04-May-2021 17:00",,,,,0,0,0,,,0,0,0,0,0,0,,0,0,0,0,0,0,0,0,0,0,0,0,0,0,0,,,
"05-May-2021 17:00",,,,,0,0,0,,,0,0,0,0,0,0,,0,0,0,0,0,0,0,0,0,0,0,0,0,0,0,,,
"06-May-2021 17:00",,,,,0,0,0,,,0,0,0,0,0,0,,0,0,0,0,0,0,0,0,0,0,0,0,0,0,0,,,
"07-May-2021 17:00",,,,,0,3,0,,,2,0,0,0,0,0,,0,0,0,0,0,0,0,0,0,0,0,0,0,0,0,,,
"10-May-2021 17:00",,,,,0,0,0,,,0,0,0,0,0,0,,0,0,0,0,0,0,0,0,0,0,0,0,0,0,0,,,
"11-May-2021 17:00",,,,,0,3,7,,,46,50,50,42,0,40,,2,0,0,0,0,0,2,0,0,0,0,0,0,0,0,,,
"12-May-2021 17:00",,,,,3,0,0,,,0,0,0,0,0,0,,0,0,0,0,0,0,0,0,0,0,0,0,0,0,0,,,
"13-May-2021 17:00",,,,,1,0,0,,,0,0,0,0,0,0,,0,0,0,0,0,0,0,0,0,0,0,0,0,0,0,,,
"14-May-2021 17:00",,,,,5,0,0,,,0,0,0,0,0,0,,0,0,0,0,0,0,0,0,0,0,0,0,0,0,0,,,
"17-May-2021 17:00",,,,,0,0,0,,,0,0,0,0,0,0,,0,0,0,0,0,0,0,0,0,0,0,0,0,0,0,,,
"18-May-2021 17:00",,,,,0,0,0,,,0,0,0,0,0,0,,0,0,0,0,0,0,0,0,0,0,0,0,0,0,0,,,
"19-May-2021 17:00",,,,,0,0,0,,,0,25,46,0,0,0,,0,0,0,0,0,0,0,0,0,0,0,0,0,0,0,,,
"20-May-2021 17:00",,,,,0,0,0,,,0,0,0,0,0,0,,0,0,0,0,0,0,0,0,0,0,0,0,0,0,0,,,
"21-May-2021 17:00",,,,,0,0,0,,,0,0,0,0,0,0,,0,0,0,0,0,0,0,0,0,0,0,0,0,0,0,,,
"24-May-2021 17:00",,,,,0,0,0,,,0,0,0,0,0,0,,0,0,0,0,0,0,0,0,0,0,0,0,0,0,0,,,
"25-May-2021 17:00",,,,,0,0,0,,,0,0,0,0,0,0,,0,0,0,0,0,0,0,0,0,0,0,0,0,0,0,,,
"26-May-2021 17:00",,,,,0,0,0,,,0,0,0,0,0,0,,0,0,0,0,0,0,0,0,0,0,0,0,0,0,0,,,
"27-May-2021 17:00",,,,,0,0,0,,,0,0,0,0,0,0,,0,0,0,0,0,0,0,0,0,0,0,0,0,0,0,,,
"28-May-2021 17:00",,,,,0,0,0,,,0,0,0,0,0,0,,0,0,0,0,0,0,0,0,0,0,0,0,0,0,0,,,
"31-May-2021 17:00",,,,,0,0,0,,,0,0,0,0,0,0,,0,0,0,0,0,0,0,0,0,0,0,0,0,0,0,,,
"01-Jun-2021 17:00",,,,,0,0,0,,,0,0,10,0,0,0,,0,0,0,0,0,0,0,0,0,0,0,0,0,0,0,,,
"02-Jun-2021 17:00",,,,,0,0,0,,,0,0,0,0,0,0,,0,0,0,0,0,0,0,0,0,0,0,0,0,0,0,,,
"03-Jun-2021 17:00",,,,,3,0,0,,,0,30,5,25,0,0,,25,25,0,0,25,0,0,0,0,0,0,0,0,0,0,,,
"04-Jun-2021 17:00",,,,,0,0,0,,,0,20,0,20,0,0,,25,25,5,5,20,5,2,0,0,0,0,0,0,0,0,,,
"07-Jun-2021 17:00",,,,,0,0,0,,,0,0,0,0,0,0,,0,0,0,2,0,0,0,0,0,0,0,0,0,0,0,,,
"08-Jun-2021 17:00",,,,,0,0,0,,,0,10,0,10,0,0,,12,10,0,0,10,0,2,0,0,0,0,0,0,0,0,,,
"09-Jun-2021 17:00",,,,,0,0,0,,,0,0,0,0,0,0,,0,0,0,0,0,0,0,0,0,0,0,0,0,0,0,,,
"10-Jun-2021 17:00",,,,,0,30,55,,,2,0,25,0,0,0,,0,0,0,0,0,0,0,0,0,0,0,0,0,0,0,,,
"11-Jun-2021 17:00",,,,,0,0,0,,,0,0,0,0,0,0,,4,2,2,2,0,2,2,0,0,0,0,0,0,0,0,,,
"14-Jun-2021 17:00",,,,,0,0,0,,,0,0,0,0,0,0,,0,0,0,0,0,0,0,0,0,0,0,0,0,0,0,,,
"15-Jun-2021 17:00",,,,,0,0,0,,,0,0,0,0,0,0,,0,0,0,0,0,0,0,0,0,0,0,0,0,0,0,,,
"16-Jun-2021 17:00",,,,,1,0,0,,,0,0,0,0,0,0,,0,0,0,0,0,0,0,0,0,0,0,0,0,0,0,,,
"17-Jun-2021 17:00",,,,,0,0,0,,,0,0,0,0,0,0,,0,0,0,0,0,0,0,0,0,0,0,0,0,0,0,,,
"18-Jun-2021 17:00",,,,,0,0,0,,,0,0,0,0,0,0,,0,0,0,0,0,0,0,0,0,0,0,0,0,0,0,,,
"21-Jun-2021 17:00",,,,,0,0,0,,,0,0,0,0,0,0,,0,25,25,25,0,0,0,0,0,0,0,0,0,0,0,,,
"22-Jun-2021 17:00",,,,,0,2,0,,,0,0,0,0,0,0,,0,0,0,0,0,0,0,0,0,0,0,0,0,0,0,,,
"23-Jun-2021 17:00",,,,,0,0,0,,,0,0,0,0,0,0,,0,0,0,0,0,0,0,0,0,0,0,0,0,0,0,,,
"24-Jun-2021 17:00",,,,,0,0,0,,,0,0,0,0,0,0,,0,0,0,0,0,0,0,0,0,0,0,0,0,0,0,,,
"25-Jun-2021 17:00",,,,,0,0,0,,,0,0,0,0,0,0,,0,0,0,0,0,0,0,0,0,0,0,0,0,0,0,,,
"28-Jun-2021 17:00",,,,,0,0,0,,,0,0,0,0,0,0,,0,0,0,0,0,0,0,0,0,0,0,0,0,0,0,,,
"29-Jun-2021 17:00",,,,,0,15,0,,,0,0,0,0,0,0,,0,0,0,0,0,0,0,0,0,0,0,0,0,0,0,,,
"30-Jun-2021 17:00",,,,,0,0,0,,,0,0,0,0,0,0,,0,0,0,0,0,0,0,0,0,0,0,0,0,0,0,,,
"01-Jul-2021 17:00",,,,,,0,0,,,0,0,0,0,0,0,,0,0,0,0,0,0,0,0,0,0,0,0,0,0,0,,,
"02-Jul-2021 17:00",,,,,,0,0,,,0,0,0,0,0,0,,0,0,0,0,0,0,0,0,0,0,0,0,0,0,0,,,
"05-Jul-2021 17:00",,,,,,2,0,,,0,0,0,0,0,0,,0,0,0,0,0,0,0,0,0,0,0,0,0,0,0,,,
"06-Jul-2021 17:00",,,,,,0,0,,,0,0,0,0,0,0,,0,0,0,0,0,0,0,0,0,0,0,0,0,0,0,,,
"07-Jul-2021 17:00",,,,,,4,0,,,2,0,0,0,0,0,,0,0,0,0,0,0,0,0,0,0,0,0,0,0,0,,,
"08-Jul-2021 17:00",,,,,,0,0,,,0,0,0,0,0,0,,0,0,0,0,0,0,0,0,0,0,0,0,0,0,0,,,
"09-Jul-2021 17:00",,,,,,0,0,,,4,0,0,0,0,0,,0,0,0,0,0,0,0,0,0,0,0,0,0,0,0,,,
"12-Jul-2021 17:00",,,,,,0,0,,,0,0,0,0,0,0,,0,0,0,0,0,0,0,0,0,0,0,0,0,0,0,,,
"13-Jul-2021 17:00",,,,,,0,0,,,0,0,0,0,0,0,,0,0,0,0,0,0,0,0,0,0,0,0,0,0,0,,,
"14-Jul-2021 17:00",,,,,,0,0,,,0,0,0,0,0,0,,0,0,0,0,0,0,0,0,0,0,0,0,0,0,0,,,
"15-Jul-2021 17:00",,,,,,0,0,,,2,0,0,0,0,0,,0,0,0,0,0,0,0,0,0,0,0,0,0,0,0,,,
"16-Jul-2021 17:00",,,,,,0,0,,,0,0,0,0,0,0,,0,0,0,0,0,0,0,0,0,0,0,0,0,0,0,,,
"19-Jul-2021 17:00",,,,,,0,0,,,0,0,0,0,0,0,,0,0,0,0,0,0,0,0,0,0,0,0,0,0,0,,,
"20-Jul-2021 17:00",,,,,,0,0,,,0,0,0,0,0,0,,0,0,0,0,0,0,0,0,0,0,0,0,0,0,0,,,
"21-Jul-2021 17:00",,,,,,0,0,,,0,0,0,0,0,0,,0,0,0,0,0,0,0,0,0,0,0,0,0,0,0,,,
"22-Jul-2021 17:00",,,,,,0,0,,,0,0,0,0,0,0,,0,0,0,0,0,0,0,0,0,0,0,0,0,0,0,,,
"23-Jul-2021 17:00",,,,,,0,0,,,0,15,15,0,0,0,,0,0,0,0,0,0,0,0,0,0,0,0,0,0,0,,,
"26-Jul-2021 17:00",,,,,,1,0,,,2,0,0,0,0,0,,0,0,0,0,0,0,0,0,0,0,0,0,0,0,0,,,
"27-Jul-2021 17:00",,,,,,0,0,,,0,10,0,10,0,0,,0,0,0,0,0,0,0,0,0,0,0,0,0,0,0,,,
"28-Jul-2021 17:00",,,,,,0,0,,,0,15,15,15,0,0,,0,0,0,0,0,0,0,0,0,0,0,0,0,0,0,,,
"29-Jul-2021 17:00",,,,,,0,0,,,0,0,0,10,0,0,,0,0,0,0,0,0,0,0,0,0,0,0,0,0,0,,,
"30-Jul-2021 17:00",,,,,,0,0,,,0,2,2,0,0,0,,0,0,0,0,0,0,0,0,0,0,0,0,0,0,0,,,
"02-Aug-2021 17:00",,,,,,0,0,,,0,0,0,0,0,0,,0,0,0,0,0,0,0,0,0,0,0,0,0,0,0,,,
"03-Aug-2021 17:00",,,,,,0,2,,,0,0,0,0,0,0,,0,0,0,0,0,0,0,0,0,0,0,0,0,0,0,,,
"04-Aug-2021 17:00",,,,,,0,0,,,0,0,0,0,0,0,,0,0,0,0,0,0,0,0,0,0,0,0,0,0,0,,,
"05-Aug-2021 17:00",,,,,,0,0,,,0,0,0,0,0,0,,0,0,0,0,0,0,0,0,0,0,0,0,0,0,0,,,
"06-Aug-2021 17:00",,,,,,0,0,,,0,0,0,0,0,0,,0,0,0,0,0,0,0,0,0,0,0,0,0,0,0,,,
"09-Aug-2021 17:00",,,,,,0,0,,,0,0,0,0,0,0,,0,0,0,0,0,0,0,0,0,0,0,0,0,0,0,,,
"10-Aug-2021 17:00",,,,,,0,0,,,0,0,0,0,0,0,,0,0,0,0,0,0,0,0,0,0,0,0,0,0,0,,,
"11-Aug-2021 17:00",,,,,,0,0,,,0,0,0,0,0,0,,0,0,0,0,0,0,0,0,0,0,0,0,0,0,0,,,
"12-Aug-2021 17:00",,,,,,0,0,,,0,0,0,0,0,0,,0,0,0,0,0,0,0,0,0,0,0,0,0,0,0,,,
"13-Aug-2021 17:00",,,,,,0,0,,,0,0,0,0,0,0,,0,0,0,0,0,0,0,0,0,0,0,0,0,0,0,,,
"16-Aug-2021 17:00",,,,,,0,0,,,0,0,0,0,0,0,,0,0,0,0,0,0,0,0,0,0,0,0,0,0,0,,,
"17-Aug-2021 17:00",,,,,,5,5,,,10,0,5,0,5,0,,0,0,0,0,0,0,0,0,0,0,0,0,0,0,0,,,
"18-Aug-2021 17:00",,,,,,0,0,,,0,0,0,0,0,0,,0,0,0,0,0,0,0,0,0,0,0,0,0,0,0,,,
"19-Aug-2021 17:00",,,,,,0,0,,,9,0,0,0,0,0,,0,0,0,0,0,0,0,0,0,0,0,0,0,0,0,,,
"20-Aug-2021 17:00",,,,,,0,0,,,0,0,0,0,0,0,,25,25,25,25,0,25,0,0,0,0,0,0,0,0,0,,,
"23-Aug-2021 17:00",,,,,,0,0,,,0,0,0,0,0,0,,0,0,0,0,0,0,0,0,0,0,0,0,0,0,0,,,
"24-Aug-2021 17:00",,,,,,0,0,,,0,0,0,0,0,0,,0,0,0,0,0,0,0,0,0,0,0,0,0,0,0,,,
"25-Aug-2021 17:00",,,,,,0,0,,,0,0,0,0,0,0,,0,0,0,0,0,0,0,0,0,0,0,0,0,0,0,,,
"26-Aug-2021 17:00",,,,,,0,0,,,0,0,0,0,0,0,,0,0,0,0,0,0,0,0,0,0,0,0,0,0,0,,,
"27-Aug-2021 17:00",,,,,,0,0,,,0,0,0,0,0,0,,0,0,0,0,0,0,0,0,0,0,0,0,0,0,0,,,
"30-Aug-2021 17:00",,,,,,0,0,,,0,0,0,0,0,0,,0,0,0,0,0,0,0,0,0,0,0,0,0,0,0,,,
"31-Aug-2021 17:00",,,,,,0,12,,,0,0,10,0,0,0,,0,0,0,0,0,0,0,0,0,0,0,0,0,0,0,,,
"01-Sep-2021 17:00",,,,,,0,0,,,0,0,0,0,0,0,,0,0,0,0,0,0,0,0,0,0,0,0,0,0,0,,,
"02-Sep-2021 17:00",,,,,,1,0,,,0,0,0,0,0,0,,0,0,0,0,0,0,1,0,0,0,0,0,0,0,0,,,
"03-Sep-2021 17:00",,,,,,0,0,,,15,15,15,15,0,15,,0,0,0,0,0,0,0,0,0,0,0,0,0,0,0,,,
"06-Sep-2021 17:00",,,,,,0,0,,,0,0,0,0,0,0,,0,0,0,0,0,0,0,0,0,0,0,0,0,0,0,,,
"07-Sep-2021 17:00",,,,,,0,0,,,0,0,0,0,0,0,,0,0,0,0,0,0,0,0,0,0,0,0,0,0,0,,,
"08-Sep-2021 17:00",,,,,,0,0,,,0,0,0,0,0,0,,0,0,0,0,0,0,0,0,0,0,0,0,0,0,0,,,
"09-Sep-2021 17:00",,,,,,0,0,,,0,0,0,0,0,0,,0,0,0,0,0,0,0,0,0,0,0,0,0,0,0,,,
"10-Sep-2021 17:00",,,,,,0,0,,,0,0,0,0,0,0,,0,0,0,0,0,0,0,0,0,0,0,0,0,0,0,,,
"13-Sep-2021 17:00",,,,,,0,0,,,0,0,0,0,0,0,,0,0,0,0,0,0,0,0,0,0,0,0,0,0,0,,,
"14-Sep-2021 17:00",,,,,,0,0,,,0,0,0,0,0,0,,0,0,0,0,0,0,0,0,0,0,0,0,0,0,0,,,
"15-Sep-2021 17:00",,,,,,0,0,,,0,0,0,0,0,0,,0,0,0,0,0,0,0,0,0,0,0,0,0,0,0,,,
"16-Sep-2021 17:00",,,,,,0,0,,,3,0,0,0,0,0,,0,0,0,0,0,0,0,0,0,0,0,0,0,0,0,,,
"17-Sep-2021 17:00",,,,,,0,0,,,0,0,0,0,0,0,,0,0,0,0,0,0,0,0,0,0,0,0,0,0,0,,,
"20-Sep-2021 17:00",,,,,,0,0,,,0,0,0,0,0,0,,0,0,0,0,0,0,0,0,0,0,0,0,0,0,0,,,
"21-Sep-2021 17:00",,,,,,0,0,,,0,0,0,0,0,0,,0,0,0,0,0,0,0,0,0,0,0,0,0,0,0,,,
"22-Sep-2021 17:00",,,,,,0,10,,,0,0,0,0,0,0,,0,0,0,0,0,0,0,0,0,0,0,0,0,0,0,,,
"23-Sep-2021 17:00",,,,,,0,0,,,0,0,0,0,0,0,,0,0,0,0,0,0,0,0,0,0,0,0,0,0,0,,,
"24-Sep-2021 17:00",,,,,,0,0,,,0,0,0,0,0,0,,0,0,0,0,0,0,0,0,0,0,0,0,0,0,0,,,
"27-Sep-2021 17:00",,,,,,0,0,,,0,0,0,0,0,0,,0,0,0,0,0,0,0,0,0,0,0,0,0,0,0,,,
"28-Sep-2021 17:00",,,,,,0,0,,,10,0,0,0,0,0,,0,0,0,0,0,0,0,0,0,0,0,0,0,0,0,,,
"29-Sep-2021 17:00",,,,,,0,0,,,20,0,0,0,0,0,,0,0,0,0,0,0,0,0,0,0,0,0,0,0,0,,,
"30-Sep-2021 17:00",,,,,,0,0,,,2,0,0,0,0,0,,0,0,0,0,0,0,0,0,0,0,0,0,0,0,0,,,
"01-Oct-2021 17:00",,,,,,,3,,,0,0,0,0,,0,,0,0,0,0,0,0,0,0,0,0,0,0,0,0,0,0,,
"04-Oct-2021 16:00",,,,,,,2,,,0,0,0,0,,0,,0,0,0,0,0,0,0,0,0,0,0,0,0,0,0,0,,
"05-Oct-2021 16:00",,,,,,,8,,,0,0,0,0,,0,,0,0,0,0,0,0,0,0,0,0,0,0,0,0,0,0,,
"06-Oct-2021 16:00",,,,,,,5,,,0,0,0,0,,0,,0,0,0,0,0,0,0,0,0,0,0,0,0,0,0,0,,
"07-Oct-2021 16:00",,,,,,,0,,,0,0,0,0,,0,,0,0,0,0,0,0,0,0,0,0,0,0,0,0,0,0,,
"08-Oct-2021 16:00",,,,,,,0,,,0,0,0,0,,0,,0,0,0,0,0,0,0,0,0,0,0,0,0,0,0,0,,
"11-Oct-2021 16:00",,,,,,,0,,,0,0,0,0,,0,,0,0,0,0,0,0,0,0,0,0,0,0,0,0,0,0,,
"12-Oct-2021 16:00",,,,,,,0,,,0,0,0,0,,0,,0,0,0,0,0,0,0,0,0,0,0,0,0,0,0,0,,
"13-Oct-2021 16:00",,,,,,,0,,,2,0,0,0,,0,,0,0,0,0,0,0,0,0,0,0,0,0,0,0,0,0,,
"14-Oct-2021 16:00",,,,,,,5,,,0,0,0,0,,0,,0,0,0,0,0,0,0,0,0,0,0,0,0,0,0,0,,
"15-Oct-2021 16:00",,,,,,,13,,,0,0,0,0,,0,,10,10,10,10,0,10,5,5,5,5,0,5,0,0,0,0,,
"18-Oct-2021 16:00",,,,,,,0,,,0,0,0,0,,0,,0,0,0,0,0,0,0,0,0,0,0,0,0,0,0,0,,
"19-Oct-2021 16:00",,,,,,,0,,,0,0,0,0,,0,,0,0,0,0,0,0,0,0,0,0,0,0,0,0,0,0,,
"20-Oct-2021 16:00",,,,,,,0,,,0,1,1,0,,0,,0,0,0,0,0,0,0,0,0,0,0,0,0,0,0,0,,
"21-Oct-2021 16:00",,,,,,,0,,,10,0,0,0,,0,,0,0,0,0,0,0,0,0,0,0,0,0,0,0,0,0,,
"22-Oct-2021 16:00",,,,,,,0,,,0,0,0,0,,0,,0,0,0,0,0,0,5,5,5,5,0,5,0,0,0,0,,
"25-Oct-2021 16:00",,,,,,,0,,,0,0,0,0,,0,,0,0,0,0,0,0,0,0,0,0,0,0,0,0,0,0,,
"26-Oct-2021 16:00",,,,,,,0,,,0,0,0,0,,0,,0,0,0,0,0,0,0,0,0,0,0,0,0,0,0,0,,
"27-Oct-2021 16:00",,,,,,,5,,,0,0,0,0,,0,,0,0,0,0,0,0,0,0,0,0,0,0,0,0,0,0,,
"28-Oct-2021 16:00",,,,,,,0,,,0,0,0,0,,0,,0,0,0,0,0,0,0,0,0,0,0,0,0,0,0,0,,
"29-Oct-2021 16:00",,,,,,,0,,,1,1,1,1,,1,,0,0,0,0,0,0,0,0,0,0,0,0,0,0,0,0,,
"01-Nov-2021 16:00",,,,,,,0,,,0,0,0,0,,0,,0,0,0,0,0,0,0,0,0,0,0,0,0,0,0,0,,
"02-Nov-2021 16:00",,,,,,,0,,,0,0,0,0,,0,,0,0,0,0,0,0,0,0,0,0,0,0,0,0,0,0,,
"03-Nov-2021 16:00",,,,,,,0,,,0,0,0,0,,0,,0,0,0,0,0,0,0,0,0,0,0,0,0,0,0,0,,
"04-Nov-2021 16:00",,,,,,,0,,,0,0,0,0,,0,,0,0,0,0,0,0,0,0,0,0,0,0,0,0,0,0,,
"05-Nov-2021 16:00",,,,,,,0,,,0,0,0,0,,0,,0,0,0,0,0,0,0,0,0,0,0,0,0,0,0,0,,
"08-Nov-2021 16:00",,,,,,,0,,,0,0,0,0,,0,,0,0,0,0,0,0,0,0,0,0,0,0,0,0,0,0,,
"09-Nov-2021 16:00",,,,,,,0,,,0,0,0,0,,0,,0,0,0,0,0,0,0,0,0,0,0,0,0,0,0,0,,
"10-Nov-2021 16:00",,,,,,,0,,,0,0,0,0,,0,,0,0,0,0,0,0,0,0,0,0,0,0,0,0,0,0,,
"11-Nov-2021 16:00",,,,,,,0,,,0,0,0,0,,0,,0,0,0,0,0,0,0,0,0,0,0,0,0,0,0,0,,
"12-Nov-2021 16:00",,,,,,,0,,,0,0,0,0,,0,,0,0,0,0,0,0,0,0,0,0,0,0,0,0,0,0,,
"15-Nov-2021 16:00",,,,,,,0,,,0,0,0,0,,0,,0,0,0,0,0,0,0,0,0,0,0,0,0,0,0,0,,
"16-Nov-2021 16:00",,,,,,,0,,,0,0,0,0,,0,,0,0,0,0,0,0,0,0,0,0,0,0,0,0,0,0,,
"17-Nov-2021 16:00",,,,,,,0,,,0,0,0,0,,0,,0,0,0,0,0,0,0,0,0,0,0,0,0,0,0,0,,
"18-Nov-2021 16:00",,,,,,,0,,,0,0,0,0,,0,,0,0,0,0,0,0,0,0,0,0,0,0,0,0,0,0,,
"19-Nov-2021 16:00",,,,,,,0,,,15,0,0,0,,0,,0,0,0,0,0,0,0,0,0,0,0,0,0,0,0,0,,
"22-Nov-2021 16:00",,,,,,,0,,,0,0,0,0,,0,,0,0,0,0,0,0,0,0,0,0,0,0,0,0,0,0,,
"23-Nov-2021 16:00",,,,,,,0,,,18,0,0,0,,0,,0,0,0,0,0,0,0,0,0,0,0,0,0,0,0,0,,
"24-Nov-2021 16:00",,,,,,,0,,,0,0,0,0,,0,,0,0,0,0,0,0,0,0,0,0,0,0,0,0,0,0,,
"25-Nov-2021 16:00",,,,,,,0,,,0,0,0,0,,0,,0,0,0,0,0,0,0,0,0,0,0,0,0,0,0,0,,
"26-Nov-2021 16:00",,,,,,,0,,,3,0,0,0,,0,,0,0,0,0,0,0,0,0,0,0,0,0,0,0,0,0,,
"29-Nov-2021 16:00",,,,,,,0,,,0,0,0,0,,0,,10,10,10,10,0,10,0,0,0,0,0,0,0,0,0,0,,
"30-Nov-2021 16:00",,,,,,,10,,,0,0,0,0,,0,,0,0,0,0,0,0,0,0,0,0,0,0,0,0,0,0,,
"01-Dec-2021 16:00",,,,,,,0,,,0,0,0,0,,0,,0,0,0,0,0,0,0,0,0,0,0,0,0,0,0,0,,
"02-Dec-2021 16:00",,,,,,,0,,,2,0,0,0,,0,,0,0,0,0,0,0,0,0,0,0,0,0,0,0,0,0,,
"03-Dec-2021 16:00",,,,,,,0,,,15,0,0,0,,0,,20,15,15,15,0,15,15,15,15,15,0,15,0,0,0,0,,
"06-Dec-2021 16:00",,,,,,,0,,,0,0,0,0,,0,,0,0,0,0,0,0,0,0,0,0,0,0,0,0,0,0,,
"07-Dec-2021 16:00",,,,,,,0,,,0,0,0,0,,0,,0,0,0,0,0,0,0,0,0,0,0,0,0,0,0,0,,
"08-Dec-2021 16:00",,,,,,,0,,,0,0,0,0,,0,,0,0,0,0,0,0,0,0,0,0,0,0,0,0,0,0,,
"09-Dec-2021 16:00",,,,,,,0,,,0,0,0,0,,0,,0,0,0,0,0,0,0,0,0,0,0,0,0,0,0,0,,
"10-Dec-2021 16:00",,,,,,,0,,,0,0,0,0,,0,,0,0,0,0,0,0,0,0,0,0,0,0,0,0,0,0,,
"13-Dec-2021 16:00",,,,,,,4,,,0,0,0,0,,0,,0,0,0,0,0,0,0,0,0,0,0,0,0,0,0,0,,
"14-Dec-2021 16:00",,,,,,,0,,,0,0,0,0,,0,,0,0,0,0,0,0,0,0,0,0,0,0,0,0,0,0,,
"15-Dec-2021 16:00",,,,,,,0,,,0,0,0,0,,0,,0,0,0,0,0,0,0,0,0,0,0,0,0,0,0,0,,
"16-Dec-2021 16:00",,,,,,,0,,,0,0,0,0,,0,,0,0,0,0,0,0,0,0,0,0,0,0,0,0,0,0,,
"17-Dec-2021 16:00",,,,,,,0,,,0,0,0,0,,0,,0,0,0,0,0,0,0,0,0,0,0,0,0,0,0,0,,
"20-Dec-2021 16:00",,,,,,,0,,,0,0,0,0,,0,,0,0,0,0,0,0,0,0,0,0,0,0,0,0,0,0,,
"21-Dec-2021 16:00",,,,,,,0,,,0,0,0,0,,0,,0,0,0,0,0,0,0,0,0,0,0,0,0,0,0,0,,
"22-Dec-2021 16:00",,,,,,,0,,,0,0,0,0,,0,,0,0,0,0,0,0,0,0,0,0,0,0,0,0,0,0,,
"23-Dec-2021 16:00",,,,,,,0,,,0,0,0,0,,0,,0,0,0,0,0,0,0,0,0,0,0,0,0,0,0,0,,
"24-Dec-2021 16:00",,,,,,,0,,,0,0,0,0,,0,,0,0,0,0,0,0,0,0,0,0,0,0,0,0,0,0,,
"29-Dec-2021 16:00",,,,,,,0,,,0,0,0,0,,0,,0,0,0,0,0,0,0,0,0,0,0,0,0,0,0,0,,
"30-Dec-2021 16:00",,,,,,,0,,,0,0,0,0,,0,,0,0,0,0,0,0,0,0,0,0,0,0,0,0,0,0,,
"31-Dec-2021 16:00",,,,,,,7,,,0,0,0,0,,0,,0,0,0,0,0,0,0,0,0,0,0,0,0,0,0,0,,
"04-Jan-2022 16:00",,,,,,,,,,0,0,0,0,,0,,0,0,0,0,0,0,0,0,0,0,0,0,0,0,0,0,,
"05-Jan-2022 16:00",,,,,,,,,,0,0,0,0,,0,,0,0,0,0,0,0,0,0,0,0,0,0,0,0,0,0,,
"06-Jan-2022 16:00",,,,,,,,,,2,0,6,0,,0,,0,0,0,0,0,0,0,0,0,0,0,0,0,0,0,0,,
"07-Jan-2022 16:00",,,,,,,,,,1,0,0,0,,0,,0,0,0,0,0,0,0,0,0,0,0,0,0,0,0,0,,
"10-Jan-2022 16:00",,,,,,,,,,0,0,0,0,,0,,1,0,0,0,0,0,0,0,0,0,0,0,0,0,0,0,,
"11-Jan-2022 16:00",,,,,,,,,,0,0,0,0,,0,,0,0,0,0,0,0,0,0,0,0,0,0,0,0,0,0,,
"12-Jan-2022 16:00",,,,,,,,,,0,0,0,0,,0,,0,0,0,0,0,0,0,0,0,0,0,0,0,0,0,0,,
"13-Jan-2022 16:00",,,,,,,,,,0,0,0,0,,0,,0,0,0,0,0,0,0,0,0,0,0,0,0,0,0,0,,
"14-Jan-2022 16:00",,,,,,,,,,0,0,0,0,,0,,0,0,0,0,0,0,0,0,0,0,0,0,0,0,0,0,,
"17-Jan-2022 16:00",,,,,,,,,,0,0,0,0,,0,,0,0,0,0,0,0,0,0,0,0,0,0,0,0,0,0,,
"18-Jan-2022 16:00",,,,,,,,,,0,0,0,0,,0,,0,0,0,0,0,0,0,0,0,0,0,0,0,0,0,0,,
"19-Jan-2022 16:00",,,,,,,,,,0,0,0,0,,0,,0,0,0,0,0,0,0,0,0,0,0,0,0,0,0,0,,
"20-Jan-2022 16:00",,,,,,,,,,0,0,0,0,,0,,0,0,0,0,0,0,0,0,0,0,0,0,0,0,0,0,,
"21-Jan-2022 16:00",,,,,,,,,,0,0,0,0,,0,,0,0,0,0,0,0,0,0,0,0,0,0,0,0,0,0,,
"24-Jan-2022 16:00",,,,,,,,,,0,0,0,0,,0,,0,0,0,0,0,0,0,0,0,0,0,0,0,0,0,0,,
"25-Jan-2022 16:00",,,,,,,,,,0,0,2,0,,0,,0,0,0,0,0,0,0,0,0,0,0,0,0,0,0,0,,
"26-Jan-2022 16:00",,,,,,,,,,0,0,0,0,,0,,0,0,0,0,0,0,0,0,0,0,0,0,0,0,0,0,,
"27-Jan-2022 16:00",,,,,,,,,,0,0,3,0,,0,,0,0,0,0,0,0,0,0,0,0,0,0,0,0,0,0,,
"28-Jan-2022 16:00",,,,,,,,,,0,0,0,0,,0,,0,0,0,0,0,0,0,0,0,0,0,0,0,0,0,0,,
"31-Jan-2022 16:00",,,,,,,,,,0,0,0,0,,0,,4,0,0,0,0,0,0,0,0,0,0,0,0,0,0,0,,
"01-Feb-2022 16:00",,,,,,,,,,0,0,0,0,,0,,0,0,0,0,0,0,0,0,0,0,0,0,0,0,0,0,,
"02-Feb-2022 16:00",,,,,,,,,,16,0,2,0,,0,,0,0,0,0,0,0,0,0,0,0,0,0,0,0,0,0,,
"03-Feb-2022 16:00",,,,,,,,,,0,0,2,0,,0,,0,0,0,0,0,0,0,0,0,0,0,0,0,0,0,0,,
"04-Feb-2022 16:00",,,,,,,,,,0,0,0,0,,0,,25,25,25,25,0,25,25,25,25,25,0,25,0,0,0,0,,
"07-Feb-2022 16:00",,,,,,,,,,0,0,0,0,,0,,0,0,0,0,0,0,0,0,0,0,0,0,0,0,0,0,,
"08-Feb-2022 16:00",,,,,,,,,,0,0,0,0,,0,,0,0,0,0,0,0,0,0,0,0,0,0,0,0,0,0,,
"09-Feb-2022 16:00",,,,,,,,,,0,0,0,0,,0,,0,0,0,0,0,0,0,0,0,0,0,0,0,0,0,0,,
"10-Feb-2022 16:00",,,,,,,,,,0,0,0,0,,0,,0,2,2,0,0,0,0,0,0,0,0,0,0,0,0,0,,
"11-Feb-2022 16:00",,,,,,,,,,0,0,0,0,,0,,0,0,0,0,0,0,0,0,0,0,0,0,0,0,0,0,,
"14-Feb-2022 16:00",,,,,,,,,,0,0,0,0,,0,,0,0,0,0,0,0,0,0,0,0,0,0,0,0,0,0,,
"15-Feb-2022 16:00",,,,,,,,,,0,0,0,0,,0,,0,0,0,0,0,0,0,0,0,0,0,0,0,0,0,0,,
"16-Feb-2022 16:00",,,,,,,,,,0,0,0,0,,0,,0,0,0,0,0,0,0,0,0,0,0,0,0,0,0,0,,
"17-Feb-2022 16:00",,,,,,,,,,0,0,2,0,,0,,0,0,0,0,0,0,0,0,0,0,0,0,0,0,0,0,,
"18-Feb-2022 16:00",,,,,,,,,,0,0,0,0,,0,,2,0,0,0,0,0,0,0,0,0,0,0,0,0,0,0,,
"21-Feb-2022 16:00",,,,,,,,,,0,0,0,0,,0,,0,0,0,0,0,0,0,0,0,0,0,0,0,0,0,0,,
"22-Feb-2022 16:00",,,,,,,,,,0,0,0,0,,0,,0,0,0,0,0,0,0,0,0,0,0,0,0,0,0,0,,
"23-Feb-2022 16:00",,,,,,,,,,0,0,0,0,,0,,0,0,0,0,0,0,0,0,0,0,0,0,0,0,0,0,,
"24-Feb-2022 16:00",,,,,,,,,,0,0,0,0,,0,,0,0,0,0,0,0,0,0,0,0,0,0,0,0,0,0,,
"25-Feb-2022 16:00",,,,,,,,,,0,0,0,0,,0,,0,0,0,0,0,0,0,0,0,0,0,0,0,0,0,0,,
"28-Feb-2022 16:00",,,,,,,,,,0,0,0,0,,0,,0,0,0,0,0,0,0,0,0,0,0,0,0,0,0,0,,
"01-Mar-2022 16:00",,,,,,,,,,0,0,0,0,,0,,0,0,0,0,0,0,0,0,0,0,0,0,0,0,0,0,,
"02-Mar-2022 16:00",,,,,,,,,,0,0,0,0,,0,,0,0,0,0,0,0,0,0,0,0,0,0,0,0,0,0,,
"03-Mar-2022 16:00",,,,,,,,,,0,0,0,0,,0,,0,0,0,0,0,0,0,0,0,0,0,0,0,0,0,0,,
"04-Mar-2022 16:00",,,,,,,,,,0,0,0,0,,0,,0,0,0,0,0,0,0,0,0,0,0,0,0,0,0,0,,
"07-Mar-2022 16:00",,,,,,,,,,0,0,0,0,,0,,0,0,0,0,0,0,0,0,0,0,0,0,0,0,0,0,,
"08-Mar-2022 16:00",,,,,,,,,,0,0,0,0,,0,,0,0,0,0,0,0,0,0,0,0,0,0,0,0,0,0,,
"09-Mar-2022 16:00",,,,,,,,,,0,0,0,0,,0,,0,0,0,0,0,0,0,0,0,0,0,0,0,0,0,0,,
"10-Mar-2022 16:00",,,,,,,,,,0,0,0,0,,0,,0,0,0,0,0,0,0,0,0,0,0,0,0,0,0,0,,
"11-Mar-2022 16:00",,,,,,,,,,0,0,0,0,,0,,0,0,0,0,0,0,0,0,0,0,0,0,0,0,0,0,,
"14-Mar-2022 16:00",,,,,,,,,,0,0,0,0,,0,,0,0,0,0,0,0,0,0,0,0,0,0,0,0,0,0,,
"15-Mar-2022 16:00",,,,,,,,,,0,0,0,0,,0,,0,0,0,0,0,0,0,0,0,0,0,0,0,0,0,0,,
"16-Mar-2022 16:00",,,,,,,,,,0,0,0,0,,0,,0,0,0,0,0,0,0,0,0,0,0,0,0,0,0,0,,
"17-Mar-2022 16:00",,,,,,,,,,0,0,0,0,,0,,0,0,0,0,0,0,0,0,0,0,0,0,0,0,0,0,,
"18-Mar-2022 16:00",,,,,,,,,,0,2,2,0,,0,,0,0,0,0,0,0,0,0,0,0,0,0,0,0,0,0,,
"21-Mar-2022 16:00",,,,,,,,,,0,0,0,0,,0,,0,0,0,0,0,0,0,0,0,0,0,0,0,0,0,0,,
"22-Mar-2022 16:00",,,,,,,,,,0,0,4,0,,0,,0,2,2,0,0,0,0,0,0,0,0,0,0,0,0,0,,
"23-Mar-2022 16:00",,,,,,,,,,0,0,0,2,,0,,0,0,0,0,0,0,0,0,0,0,0,0,0,0,0,0,,
"24-Mar-2022 16:00",,,,,,,,,,0,0,0,0,,0,,0,0,0,0,0,0,0,0,0,0,0,0,0,0,0,0,,
"25-Mar-2022 16:00",,,,,,,,,,0,0,0,0,,0,,0,0,0,0,0,0,0,0,0,0,0,0,0,0,0,0,,
"28-Mar-2022 16:00",,,,,,,,,,0,0,0,0,,0,,0,0,0,0,0,0,0,0,0,0,0,0,0,0,0,0,,
"29-Mar-2022 16:00",,,,,,,,,,0,0,0,0,,0,,0,0,0,0,0,0,0,0,0,0,0,0,0,0,0,0,,
"30-Mar-2022 16:00",,,,,,,,,,0,0,0,0,,0,,0,0,0,0,0,0,0,0,0,0,0,0,0,0,0,0,,
"31-Mar-2022 16:00",,,,,,,,,,0,0,0,0,,0,,0,0,0,0,0,0,0,0,0,0,0,0,0,0,0,0,,
"01-Apr-2022 16:00",,,,,,,,,,,0,0,0,,,,0,0,0,0,0,0,0,0,0,0,0,0,0,0,0,0,,
"04-Apr-2022 17:00",,,,,,,,,,,2,0,2,,,,4,2,0,0,0,0,0,0,0,0,0,0,0,0,0,0,,
"05-Apr-2022 17:00",,,,,,,,,,,1,0,2,,,,3,0,0,0,0,0,0,0,0,0,0,0,0,0,0,0,,
"06-Apr-2022 17:00",,,,,,,,,,,1,0,0,,,,0,0,0,0,0,0,0,0,0,0,0,0,0,0,0,0,,
"07-Apr-2022 17:00",,,,,,,,,,,2,0,1,,,,0,0,0,0,0,0,0,0,0,0,0,0,0,0,0,0,,
"08-Apr-2022 17:00",,,,,,,,,,,0,0,0,,,,0,0,0,0,0,0,0,0,0,0,0,0,0,0,0,0,,
"11-Apr-2022 17:00",,,,,,,,,,,0,0,0,,,,0,0,0,0,0,0,0,0,0,0,0,0,0,0,0,0,,
"12-Apr-2022 17:00",,,,,,,,,,,2,0,4,,,,4,0,2,2,0,0,0,0,0,0,0,0,0,0,0,0,,
"13-Apr-2022 17:00",,,,,,,,,,,0,0,0,,,,0,0,0,0,0,0,0,0,0,0,0,0,0,0,0,0,,
"14-Apr-2022 17:00",,,,,,,,,,,2,0,4,,,,4,0,0,0,0,0,25,25,25,25,0,25,0,0,0,0,,
"19-Apr-2022 17:00",,,,,,,,,,,3,0,0,,,,2,0,0,0,0,0,0,0,0,0,0,0,0,0,0,0,,
"20-Apr-2022 17:00",,,,,,,,,,,0,0,0,,,,0,0,0,0,0,0,0,0,0,0,0,0,0,0,0,0,,
"21-Apr-2022 17:00",,,,,,,,,,,0,0,0,,,,0,0,0,0,0,0,0,0,0,0,0,0,0,0,0,0,,
"22-Apr-2022 17:00",,,,,,,,,,,2,0,0,,,,0,0,0,0,0,0,0,0,0,0,0,0,0,0,0,0,,
"25-Apr-2022 17:00",,,,,,,,,,,0,0,0,,,,0,0,0,0,0,0,0,0,0,0,0,0,0,0,0,0,,
"26-Apr-2022 17:00",,,,,,,,,,,0,0,0,,,,0,0,0,0,0,0,0,0,0,0,0,0,0,0,0,0,,
"27-Apr-2022 17:00",,,,,,,,,,,0,0,0,,,,0,0,0,0,0,0,0,0,0,0,0,0,0,0,0,0,,
"28-Apr-2022 17:00",,,,,,,,,,,0,0,0,,,,0,0,0,0,0,0,0,0,0,0,0,0,0,0,0,0,,
"29-Apr-2022 17:00",,,,,,,,,,,0,0,0,,,,0,0,0,0,0,0,0,0,0,0,0,0,0,0,0,0,,
"02-May-2022 17:00",,,,,,,,,,,0,0,0,,,,1,0,0,0,0,0,0,0,0,0,0,0,0,0,0,0,,
"03-May-2022 17:00",,,,,,,,,,,0,0,0,,,,0,0,0,0,0,0,0,0,0,0,0,0,0,0,0,0,,
"04-May-2022 17:00",,,,,,,,,,,0,0,0,,,,10,0,0,0,0,0,0,0,0,0,0,0,0,0,0,0,,
"05-May-2022 17:00",,,,,,,,,,,0,0,0,,,,0,1,0,0,0,0,0,0,0,0,0,0,0,0,0,0,,
"06-May-2022 17:00",,,,,,,,,,,0,0,0,,,,0,0,0,0,0,0,0,0,0,0,0,0,0,0,0,0,,
"09-May-2022 17:00",,,,,,,,,,,0,0,0,,,,0,0,0,0,0,0,0,0,0,0,0,0,0,0,0,0,,
"10-May-2022 17:00",,,,,,,,,,,0,0,2,,,,2,0,0,0,0,0,0,0,0,0,0,0,0,0,0,0,,
"11-May-2022 17:00",,,,,,,,,,,0,0,0,,,,0,0,0,0,0,0,0,0,0,0,0,0,0,0,0,0,,
"12-May-2022 17:00",,,,,,,,,,,0,0,0,,,,0,0,0,0,0,0,0,0,0,0,0,0,0,0,0,0,,
"13-May-2022 17:00",,,,,,,,,,,0,0,4,,,,0,0,0,0,0,0,0,0,0,0,0,0,0,0,0,0,,
"16-May-2022 17:00",,,,,,,,,,,0,0,0,,,,0,0,0,0,0,0,0,0,0,0,0,0,0,0,0,0,,
"17-May-2022 17:00",,,,,,,,,,,0,0,0,,,,0,0,0,0,0,0,0,0,0,0,0,0,0,0,0,0,,
"18-May-2022 17:00",,,,,,,,,,,2,0,2,,,,2,2,2,0,0,0,2,0,0,0,0,0,0,0,0,0,,
"19-May-2022 17:00",,,,,,,,,,,3,0,2,,,,0,2,2,2,0,0,2,0,0,0,0,0,0,0,0,0,,
"20-May-2022 17:00",,,,,,,,,,,0,0,0,,,,0,0,0,0,0,0,0,0,0,0,0,0,0,0,0,0,,
"23-May-2022 17:00",,,,,,,,,,,0,0,2,,,,2,2,2,2,0,0,0,0,0,0,0,0,0,0,0,0,,
"24-May-2022 17:00",,,,,,,,,,,0,0,0,,,,0,0,0,0,0,0,0,0,0,0,0,0,0,0,0,0,,
"25-May-2022 17:00",,,,,,,,,,,2,0,0,,,,0,0,0,0,0,0,0,0,0,0,0,0,0,0,0,0,,
"26-May-2022 17:00",,,,,,,,,,,1,0,0,,,,0,2,0,0,0,0,0,0,0,0,0,0,0,0,0,0,,
"27-May-2022 17:00",,,,,,,,,,,0,0,0,,,,0,0,0,0,0,0,0,0,0,0,0,0,0,0,0,0,,
"30-May-2022 17:00",,,,,,,,,,,0,0,0,,,,0,0,0,0,0,0,0,0,0,0,0,0,0,0,0,0,,
"31-May-2022 17:00",,,,,,,,,,,0,0,0,,,,0,0,0,0,0,0,2,0,0,0,0,0,0,0,0,0,,
"01-Jun-2022 17:00",,,,,,,,,,,1,0,0,,,,0,0,0,0,0,0,0,0,0,0,0,0,0,0,0,0,,
"02-Jun-2022 17:00",,,,,,,,,,,0,0,1,,,,0,0,0,0,0,0,2,0,0,0,0,0,0,0,0,0,,
"03-Jun-2022 17:00",,,,,,,,,,,0,0,0,,,,0,5,0,0,0,0,0,0,0,0,0,0,0,0,0,0,,
"06-Jun-2022 17:00",,,,,,,,,,,0,0,0,,,,0,0,0,0,0,0,1,0,0,0,0,0,0,0,0,0,,
"07-Jun-2022 17:00",,,,,,,,,,,0,2,2,,,,2,0,0,0,0,0,0,0,0,0,0,0,0,0,0,0,,
"08-Jun-2022 17:00",,,,,,,,,,,0,1,0,,,,0,0,0,0,0,0,0,0,0,0,0,0,0,0,0,0,,
"09-Jun-2022 17:00",,,,,,,,,,,1,0,2,,,,0,3,2,2,0,0,0,0,0,0,0,0,0,0,0,0,,
"10-Jun-2022 17:00",,,,,,,,,,,0,0,0,,,,0,0,0,0,0,0,0,0,0,0,0,0,0,0,0,0,,
"13-Jun-2022 17:00",,,,,,,,,,,0,0,0,,,,0,0,0,0,0,0,0,0,0,0,0,0,0,0,0,0,,
"14-Jun-2022 17:00",,,,,,,,,,,0,0,0,,,,1,0,1,0,0,0,1,0,0,0,0,0,0,0,0,0,,
"15-Jun-2022 17:00",,,,,,,,,,,2,0,3,,,,0,0,0,0,0,0,2,2,3,1,0,0,0,0,0,0,,
"16-Jun-2022 17:00",,,,,,,,,,,3,0,0,,,,0,0,1,0,0,0,2,0,0,0,0,0,0,0,0,0,,
"17-Jun-2022 17:00",,,,,,,,,,,0,0,0,,,,0,0,0,0,0,0,0,0,0,0,0,0,0,0,0,0,,
"20-Jun-2022 17:00",,,,,,,,,,,0,0,0,,,,0,0,0,0,0,0,0,0,0,0,0,0,0,0,0,0,,
"21-Jun-2022 17:00",,,,,,,,,,,0,0,0,,,,0,0,0,0,0,0,0,0,0,0,0,0,0,0,0,0,,
"22-Jun-2022 17:00",,,,,,,,,,,0,0,0,,,,0,1,1,0,0,0,0,0,0,0,0,0,0,0,0,0,,
"23-Jun-2022 17:00",,,,,,,,,,,2,0,0,,,,0,0,0,0,0,0,0,0,0,0,0,0,0,0,0,0,,
"24-Jun-2022 17:00",,,,,,,,,,,0,0,0,,,,0,0,0,0,0,0,0,0,0,0,0,0,0,0,0,0,,
"27-Jun-2022 17:00",,,,,,,,,,,0,0,0,,,,0,0,0,0,0,0,0,0,0,0,0,0,0,0,0,0,,
"28-Jun-2022 17:00",,,,,,,,,,,0,0,0,,,,0,0,0,0,0,0,0,0,0,0,0,0,0,0,0,0,,
"29-Jun-2022 17:00",,,,,,,,,,,2,7,2,,,,0,0,0,2,0,0,0,0,0,0,0,0,0,0,0,0,,
"30-Jun-2022 17:00",,,,,,,,,,,2,2,0,,,,0,2,2,0,0,0,0,0,0,0,0,0,0,0,0,0,,
"01-Jul-2022 17:00",,,,,,,,,,,0,,0,,,,0,0,0,0,0,0,0,0,0,0,0,0,0,0,0,0,,
"04-Jul-2022 17:00",,,,,,,,,,,0,,0,,,,0,2,2,2,0,0,0,0,0,0,0,0,0,0,0,0,,
"05-Jul-2022 17:00",,,,,,,,,,,0,,0,,,,0,0,0,0,0,0,0,0,0,0,0,0,0,0,0,0,,
"06-Jul-2022 17:00",,,,,,,,,,,0,,0,,,,0,0,0,0,0,0,0,0,0,0,0,0,0,0,0,0,,
"07-Jul-2022 17:00",,,,,,,,,,,0,,0,,,,0,0,0,0,0,0,0,0,0,0,0,0,0,0,0,0,,
"08-Jul-2022 17:00",,,,,,,,,,,0,,0,,,,0,0,0,0,0,0,0,0,0,0,0,0,0,0,0,0,,
"11-Jul-2022 17:00",,,,,,,,,,,0,,0,,,,0,0,0,0,0,0,0,0,0,0,0,0,0,0,0,0,,
"12-Jul-2022 17:00",,,,,,,,,,,0,,0,,,,0,0,0,0,0,0,0,0,0,0,0,0,0,0,0,0,,
"13-Jul-2022 17:00",,,,,,,,,,,0,,0,,,,0,0,0,0,0,0,0,0,0,0,0,0,1,0,0,0,,
"14-Jul-2022 17:00",,,,,,,,,,,0,,3,,,,2,2,2,2,0,0,2,2,0,0,0,0,1,0,0,0,,
"15-Jul-2022 17:00",,,,,,,,,,,0,,0,,,,0,0,0,0,0,0,0,2,0,0,0,0,0,0,0,0,,
"18-Jul-2022 17:00",,,,,,,,,,,0,,0,,,,0,0,0,0,0,0,0,0,0,0,0,0,0,0,0,0,,
"19-Jul-2022 17:00",,,,,,,,,,,1,,0,,,,0,0,0,0,0,0,0,0,0,0,0,0,0,0,0,0,,
"20-Jul-2022 17:00",,,,,,,,,,,1,,0,,,,0,2,2,0,0,0,0,2,0,0,0,0,0,0,0,0,,
"21-Jul-2022 17:00",,,,,,,,,,,0,,0,,,,0,0,0,0,0,0,0,0,0,0,0,0,0,0,0,0,,
"22-Jul-2022 17:00",,,,,,,,,,,0,,0,,,,0,0,0,0,0,0,0,0,0,0,0,0,0,0,0,0,,
"25-Jul-2022 17:00",,,,,,,,,,,0,,0,,,,0,0,0,0,0,0,0,2,0,0,0,0,0,0,0,0,,
"26-Jul-2022 17:00",,,,,,,,,,,0,,0,,,,0,0,0,0,0,0,0,0,0,0,0,0,0,0,0,0,,
"27-Jul-2022 17:00",,,,,,,,,,,0,,0,,,,0,0,0,0,0,0,0,2,0,0,0,0,0,0,0,0,,
"28-Jul-2022 17:00",,,,,,,,,,,0,,0,,,,0,0,0,0,0,0,0,0,0,0,0,0,0,0,0,0,,
"29-Jul-2022 17:00",,,,,,,,,,,0,,2,,,,0,0,0,0,0,0,0,0,0,0,0,0,0,0,0,0,,
"01-Aug-2022 17:00",,,,,,,,,,,0,,0,,,,0,0,0,0,0,0,0,0,0,0,0,0,0,0,0,0,,
"02-Aug-2022 17:00",,,,,,,,,,,0,,0,,,,0,0,0,0,0,0,0,0,0,0,0,0,0,0,0,0,,
"03-Aug-2022 17:00",,,,,,,,,,,0,,0,,,,0,0,0,0,0,0,0,0,0,0,0,0,0,0,0,0,,
"04-Aug-2022 17:00",,,,,,,,,,,0,,0,,,,0,0,0,0,0,0,0,0,0,0,0,0,0,0,0,0,,
"05-Aug-2022 17:00",,,,,,,,,,,0,,0,,,,0,0,0,0,0,0,0,0,0,0,0,0,0,0,0,0,,
"08-Aug-2022 17:00",,,,,,,,,,,0,,2,,,,0,0,0,0,0,0,0,0,0,0,0,0,0,0,0,0,,
"09-Aug-2022 17:00",,,,,,,,,,,0,,0,,,,0,0,0,2,0,0,0,0,0,0,0,0,0,0,0,0,,
"10-Aug-2022 17:00",,,,,,,,,,,0,,0,,,,0,0,0,0,0,0,0,0,0,0,0,0,0,0,0,0,,
"11-Aug-2022 17:00",,,,,,,,,,,0,,0,,,,0,0,0,0,0,0,0,0,0,0,0,0,0,0,0,0,,
"12-Aug-2022 17:00",,,,,,,,,,,0,,0,,,,0,0,0,0,0,0,0,0,0,0,0,0,0,0,0,0,,
"15-Aug-2022 17:00",,,,,,,,,,,0,,0,,,,0,0,0,0,0,0,0,0,0,0,0,0,0,0,0,0,,
"16-Aug-2022 17:00",,,,,,,,,,,0,,0,,,,0,0,0,0,0,0,0,2,0,0,0,0,0,0,0,0,,
"17-Aug-2022 17:00",,,,,,,,,,,0,,0,,,,0,0,0,0,0,0,0,0,0,0,0,0,0,0,0,0,,
"18-Aug-2022 17:00",,,,,,,,,,,0,,0,,,,0,0,0,0,0,0,0,0,0,0,0,0,0,0,0,0,,
"19-Aug-2022 17:00",,,,,,,,,,,0,,0,,,,0,0,0,0,0,0,2,0,0,0,0,0,0,0,0,0,,
"22-Aug-2022 17:00",,,,,,,,,,,0,,0,,,,0,0,0,0,0,0,0,0,0,0,0,0,0,0,0,0,,
"23-Aug-2022 17:00",,,,,,,,,,,0,,0,,,,2,0,0,0,0,0,0,0,0,0,0,0,0,0,0,0,,
"24-Aug-2022 17:00",,,,,,,,,,,0,,0,,,,0,0,0,0,0,0,0,0,0,0,0,0,0,0,0,0,,
"25-Aug-2022 17:00",,,,,,,,,,,0,,0,,,,0,0,0,0,0,0,0,0,0,0,0,0,0,0,0,0,,
"26-Aug-2022 17:00",,,,,,,,,,,0,,2,,,,0,0,0,0,0,0,0,0,0,0,0,0,0,0,0,0,,
"29-Aug-2022 17:00",,,,,,,,,,,0,,0,,,,0,0,0,0,0,0,2,0,0,0,0,0,0,0,0,0,,
"30-Aug-2022 17:00",,,,,,,,,,,0,,0,,,,0,0,0,0,0,0,0,0,0,0,0,0,0,0,0,0,,
"31-Aug-2022 17:00",,,,,,,,,,,0,,0,,,,0,0,0,0,0,0,0,0,0,0,0,0,0,0,0,0,,
"01-Sep-2022 17:00",,,,,,,,,,,0,,0,,,,0,0,0,0,0,0,0,0,0,0,0,0,0,0,0,0,,
"02-Sep-2022 17:00",,,,,,,,,,,0,,0,,,,0,0,0,0,0,0,0,2,0,0,0,0,0,0,0,0,,
"05-Sep-2022 17:00",,,,,,,,,,,0,,0,,,,0,0,0,0,0,0,0,0,0,0,0,0,0,0,0,0,,
"06-Sep-2022 17:00",,,,,,,,,,,0,,0,,,,0,2,0,0,0,0,0,0,0,0,0,0,0,0,0,0,,
"07-Sep-2022 17:00",,,,,,,,,,,0,,2,,,,2,2,0,0,0,0,2,0,0,0,0,0,0,0,0,0,,
"08-Sep-2022 17:00",,,,,,,,,,,0,,2,,,,4,4,5,4,0,0,2,2,0,0,0,0,0,0,0,0,,
"09-Sep-2022 17:00",,,,,,,,,,,0,,0,,,,0,0,2,2,0,0,0,0,0,0,0,0,0,0,0,0,,
"12-Sep-2022 17:00",,,,,,,,,,,0,,0,,,,0,0,0,0,0,0,0,0,0,0,0,0,0,0,0,0,,
"13-Sep-2022 17:00",,,,,,,,,,,0,,0,,,,0,0,0,0,0,0,0,0,0,0,0,0,0,0,0,0,,
"14-Sep-2022 17:00",,,,,,,,,,,0,,0,,,,0,0,0,0,0,0,2,2,0,0,0,0,0,0,0,0,,
"15-Sep-2022 17:00",,,,,,,,,,,0,,0,,,,0,0,0,2,0,0,0,2,0,0,0,0,0,0,0,0,,
"16-Sep-2022 17:00",,,,,,,,,,,0,,0,,,,0,0,0,0,0,0,0,0,0,0,0,0,0,0,0,0,,
"19-Sep-2022 17:00",,,,,,,,,,,0,,0,,,,0,0,0,0,0,0,0,0,0,0,0,0,0,0,0,0,,
"20-Sep-2022 17:00",,,,,,,,,,,0,,0,,,,0,0,0,0,0,0,0,0,0,0,0,0,0,0,0,0,,
"21-Sep-2022 17:00",,,,,,,,,,,0,,0,,,,0,0,0,0,0,0,0,0,0,0,0,0,0,0,0,0,,
"22-Sep-2022 17:00",,,,,,,,,,,0,,0,,,,0,0,0,0,0,0,0,0,0,0,0,0,0,0,0,0,,
"23-Sep-2022 17:00",,,,,,,,,,,0,,0,,,,0,0,0,0,0,0,0,0,0,0,0,0,0,0,0,0,,
"26-Sep-2022 17:00",,,,,,,,,,,0,,0,,,,0,0,0,0,0,0,0,0,0,0,0,0,0,0,0,0,,
"27-Sep-2022 17:00",,,,,,,,,,,0,,0,,,,0,0,0,0,0,0,0,0,0,0,0,0,2,0,0,0,,
"28-Sep-2022 17:00",,,,,,,,,,,0,,0,,,,0,0,0,0,0,0,0,0,0,0,0,0,0,0,0,0,,
"29-Sep-2022 17:00",,,,,,,,,,,0,,0,,,,0,0,0,0,0,0,0,0,0,0,0,0,0,0,0,0,,
"30-Sep-2022 17:00",,,,,,,,,,,0,,0,,,,0,2,2,2,0,0,0,2,0,0,0,0,2,0,0,0,,
"03-Oct-2022 16:00",,,,,,,,,,,,,0,,,,0,0,0,0,,0,0,0,0,0,0,0,0,0,0,0,,
"04-Oct-2022 16:00",,,,,,,,,,,,,0,,,,1,0,0,0,,0,0,0,2,0,0,0,0,0,0,0,,
"05-Oct-2022 16:00",,,,,,,,,,,,,0,,,,0,0,0,0,,0,0,0,2,0,0,0,2,0,0,0,,
"06-Oct-2022 16:00",,,,,,,,,,,,,0,,,,0,0,0,0,,0,0,0,0,0,0,0,0,0,0,0,,
"07-Oct-2022 16:00",,,,,,,,,,,,,0,,,,0,4,2,0,,0,0,0,2,0,0,0,2,0,0,0,,
"10-Oct-2022 16:00",,,,,,,,,,,,,0,,,,0,0,0,0,,0,4,0,0,0,0,0,0,0,0,0,,
"11-Oct-2022 16:00",,,,,,,,,,,,,0,,,,0,0,0,0,,0,0,0,0,0,0,0,0,0,0,0,,
"12-Oct-2022 16:00",,,,,,,,,,,,,0,,,,0,0,0,0,,0,0,0,0,0,0,0,0,0,0,0,,
"13-Oct-2022 16:00",,,,,,,,,,,,,0,,,,0,0,0,0,,0,0,0,0,0,0,0,0,0,0,0,,
"14-Oct-2022 16:00",,,,,,,,,,,,,0,,,,0,0,0,2,,0,0,2,2,0,0,0,0,0,0,0,,
"17-Oct-2022 16:00",,,,,,,,,,,,,0,,,,0,0,0,0,,0,0,0,0,0,0,0,0,0,0,0,,
"18-Oct-2022 16:00",,,,,,,,,,,,,0,,,,0,0,0,0,,0,0,0,0,0,0,0,0,0,0,0,,
"19-Oct-2022 16:00",,,,,,,,,,,,,0,,,,0,0,0,0,,0,0,0,0,0,0,0,0,0,0,0,,
"20-Oct-2022 16:00",,,,,,,,,,,,,0,,,,2,0,0,0,,0,0,0,0,0,0,0,0,0,0,0,,
"21-Oct-2022 16:00",,,,,,,,,,,,,0,,,,0,0,0,0,,0,0,0,0,0,0,0,0,0,0,0,,
"24-Oct-2022 16:00",,,,,,,,,,,,,0,,,,0,0,0,0,,0,0,0,0,0,0,0,0,0,0,0,,
"25-Oct-2022 16:00",,,,,,,,,,,,,0,,,,0,0,0,0,,0,6,0,0,0,0,0,0,0,0,0,,
"26-Oct-2022 16:00",,,,,,,,,,,,,0,,,,0,0,0,0,,0,0,0,0,0,0,0,0,0,0,0,,
"27-Oct-2022 16:00",,,,,,,,,,,,,0,,,,0,4,4,0,,0,6,0,0,0,0,0,0,0,0,0,,
"28-Oct-2022 16:00",,,,,,,,,,,,,0,,,,3,0,0,0,,0,0,0,0,0,0,0,2,0,0,0,,
"31-Oct-2022 16:00",,,,,,,,,,,,,0,,,,1,0,0,0,,0,0,0,0,0,0,0,0,0,0,0,,
"01-Nov-2022 16:00",,,,,,,,,,,,,0,,,,0,0,0,0,,0,8,0,0,0,0,0,0,0,0,0,,
"02-Nov-2022 16:00",,,,,,,,,,,,,0,,,,0,0,0,0,,0,0,0,0,0,0,0,0,0,0,0,,
"03-Nov-2022 16:00",,,,,,,,,,,,,0,,,,0,0,0,0,,0,0,0,0,0,0,0,0,0,0,0,,
"04-Nov-2022 16:00",,,,,,,,,,,,,0,,,,2,0,0,0,,0,7,0,0,0,0,0,0,0,0,0,,
"07-Nov-2022 16:00",,,,,,,,,,,,,0,,,,0,0,0,0,,0,0,0,0,0,0,0,0,0,0,0,,
"08-Nov-2022 16:00",,,,,,,,,,,,,0,,,,0,0,0,0,,0,8,0,0,0,0,0,0,0,0,0,,
"09-Nov-2022 16:00",,,,,,,,,,,,,0,,,,2,2,2,2,,0,2,2,2,0,0,0,0,0,0,0,,
"10-Nov-2022 16:00",,,,,,,,,,,,,0,,,,0,0,0,0,,0,0,0,0,0,0,0,0,0,0,0,,
"11-Nov-2022 16:00",,,,,,,,,,,,,0,,,,0,0,0,0,,0,4,0,0,0,0,0,0,0,0,0,,
"14-Nov-2022 16:00",,,,,,,,,,,,,0,,,,0,0,0,0,,0,0,0,0,0,0,0,0,0,0,0,,
"15-Nov-2022 16:00",,,,,,,,,,,,,0,,,,1,0,0,0,,0,0,0,0,0,0,0,0,0,0,0,,
"16-Nov-2022 16:00",,,,,,,,,,,,,0,,,,2,0,0,0,,0,0,0,0,0,0,0,0,0,0,0,,
"17-Nov-2022 16:00",,,,,,,,,,,,,0,,,,1,0,0,0,,0,0,0,0,0,0,0,0,0,0,0,,
"18-Nov-2022 16:00",,,,,,,,,,,,,0,,,,0,0,0,0,,0,0,0,0,0,0,0,0,0,0,0,,
"21-Nov-2022 16:00",,,,,,,,,,,,,0,,,,0,0,0,0,,0,0,0,0,0,0,0,0,0,0,0,,
"22-Nov-2022 16:00",,,,,,,,,,,,,0,,,,0,0,0,0,,0,0,0,0,0,0,0,0,0,0,0,,
"23-Nov-2022 16:00",,,,,,,,,,,,,0,,,,1,0,0,0,,0,0,0,0,0,0,0,0,0,0,0,,
"24-Nov-2022 16:00",,,,,,,,,,,,,0,,,,0,0,0,0,,0,0,0,0,0,0,0,2,0,0,0,,
"25-Nov-2022 16:00",,,,,,,,,,,,,0,,,,0,0,0,0,,0,0,0,0,0,0,0,0,0,0,0,,
"28-Nov-2022 16:00",,,,,,,,,,,,,0,,,,0,0,0,0,,0,0,0,0,0,0,0,0,0,0,0,,
"29-Nov-2022 16:00",,,,,,,,,,,,,0,,,,0,0,0,0,,0,6,0,0,0,0,0,0,0,0,0,,
"30-Nov-2022 16:00",,,,,,,,,,,,,0,,,,0,0,0,0,,0,0,0,0,0,0,0,0,0,0,0,,
"01-Dec-2022 16:00",,,,,,,,,,,,,0,,,,0,0,0,0,,0,0,0,0,0,0,0,0,0,0,0,,
"02-Dec-2022 16:00",,,,,,,,,,,,,0,,,,1,0,0,0,,0,0,0,0,0,0,0,0,0,0,0,,
"05-Dec-2022 16:00",,,,,,,,,,,,,0,,,,0,0,0,0,,0,2,0,0,0,0,0,0,0,0,0,,
"06-Dec-2022 16:00",,,,,,,,,,,,,0,,,,0,2,2,2,,0,0,2,2,0,0,0,0,0,0,0,,
"07-Dec-2022 16:00",,,,,,,,,,,,,0,,,,0,2,2,2,,0,6,2,0,0,0,0,2,0,0,0,,
"08-Dec-2022 16:00",,,,,,,,,,,,,0,,,,0,0,0,0,,0,0,0,0,0,0,0,0,0,0,0,,
"09-Dec-2022 16:00",,,,,,,,,,,,,0,,,,0,0,0,0,,0,0,0,0,0,0,0,0,0,0,0,,
"12-Dec-2022 16:00",,,,,,,,,,,,,0,,,,0,0,0,0,,0,4,0,0,0,0,0,2,0,0,0,,
"13-Dec-2022 16:00",,,,,,,,,,,,,0,,,,0,0,0,0,,0,0,0,0,0,0,0,0,0,0,0,,
"14-Dec-2022 16:00",,,,,,,,,,,,,0,,,,0,0,0,0,,0,0,0,0,0,0,0,2,0,0,0,,
"15-Dec-2022 16:00",,,,,,,,,,,,,0,,,,0,0,0,0,,0,0,0,0,0,0,0,0,0,0,0,,
"16-Dec-2022 16:00",,,,,,,,,,,,,0,,,,0,0,0,0,,0,15,0,0,0,0,0,2,0,0,0,,
"19-Dec-2022 16:00",,,,,,,,,,,,,0,,,,0,0,0,0,,0,0,0,0,0,0,0,0,0,0,0,,
"20-Dec-2022 16:00",,,,,,,,,,,,,0,,,,0,0,0,0,,0,0,0,0,0,0,0,0,0,0,0,,
"21-Dec-2022 16:00",,,,,,,,,,,,,0,,,,0,0,0,0,,0,2,0,0,0,0,0,0,0,0,0,,
"22-Dec-2022 16:00",,,,,,,,,,,,,0,,,,0,0,0,0,,0,0,0,0,0,0,0,0,0,0,0,,
"23-Dec-2022 16:00",,,,,,,,,,,,,0,,,,0,0,0,0,,0,0,0,0,0,0,0,0,0,0,0,,
"28-Dec-2022 16:00",,,,,,,,,,,,,0,,,,0,0,0,0,,0,0,0,0,0,0,0,0,0,0,0,,
"29-Dec-2022 16:00",,,,,,,,,,,,,0,,,,0,0,0,0,,0,0,0,0,0,0,0,2,0,0,0,,
"30-Dec-2022 16:00",,,,,,,,,,,,,0,,,,0,0,0,0,,0,0,0,0,0,0,0,0,0,0,0,,
"03-Jan-2023 16:00",,,,,,,,,,,,,,,,,0,0,0,0,,0,0,0,0,0,0,0,0,0,0,0,,
"04-Jan-2023 16:00",,,,,,,,,,,,,,,,,0,2,2,0,,0,0,0,0,0,0,0,0,0,0,0,,
"05-Jan-2023 16:00",,,,,,,,,,,,,,,,,0,2,2,0,,0,17,2,2,0,0,0,0,0,0,0,,
"06-Jan-2023 16:00",,,,,,,,,,,,,,,,,0,0,0,0,,0,48,0,0,0,0,0,0,0,0,0,,
"09-Jan-2023 16:00",,,,,,,,,,,,,,,,,0,0,0,0,,0,2,0,0,0,0,0,2,0,0,0,,
"10-Jan-2023 16:00",,,,,,,,,,,,,,,,,0,0,0,0,,0,2,0,0,0,0,0,2,0,0,0,,
"11-Jan-2023 16:00",,,,,,,,,,,,,,,,,0,2,2,0,,0,2,0,0,0,0,0,0,0,0,0,,
"12-Jan-2023 16:00",,,,,,,,,,,,,,,,,0,0,0,0,,0,0,0,0,0,0,0,0,0,0,0,,
"13-Jan-2023 16:00",,,,,,,,,,,,,,,,,0,0,0,0,,0,0,0,0,0,0,0,0,0,0,0,,
"16-Jan-2023 16:00",,,,,,,,,,,,,,,,,0,0,0,0,,0,0,0,0,0,0,0,0,0,0,0,,
"17-Jan-2023 16:00",,,,,,,,,,,,,,,,,0,0,0,0,,0,7,0,0,0,0,0,0,0,0,0,,
"18-Jan-2023 16:00",,,,,,,,,,,,,,,,,0,0,0,0,,0,0,0,0,0,0,0,0,0,0,0,,
"19-Jan-2023 16:00",,,,,,,,,,,,,,,,,0,0,0,0,,0,0,0,0,0,0,0,0,0,0,0,,
"20-Jan-2023 16:00",,,,,,,,,,,,,,,,,0,0,0,0,,0,0,0,0,0,0,0,0,0,0,0,,
"23-Jan-2023 16:00",,,,,,,,,,,,,,,,,0,0,0,0,,0,0,0,0,0,0,0,0,0,0,0,,
"24-Jan-2023 16:00",,,,,,,,,,,,,,,,,0,0,0,0,,0,0,0,0,0,0,0,0,0,0,0,,
"25-Jan-2023 16:00",,,,,,,,,,,,,,,,,0,0,0,0,,0,0,0,0,0,0,0,0,0,0,0,,
"26-Jan-2023 16:00",,,,,,,,,,,,,,,,,0,0,0,0,,0,0,0,0,0,0,0,0,0,0,0,,
"27-Jan-2023 16:00",,,,,,,,,,,,,,,,,0,0,0,0,,0,0,0,0,0,0,0,0,0,0,0,,
"30-Jan-2023 16:00",,,,,,,,,,,,,,,,,0,0,0,0,,0,0,0,0,0,0,0,0,0,0,0,,
"31-Jan-2023 16:00",,,,,,,,,,,,,,,,,0,0,0,0,,0,0,0,0,0,0,0,0,0,0,0,,
"01-Feb-2023 16:00",,,,,,,,,,,,,,,,,0,0,0,0,,0,0,0,0,0,0,0,0,0,0,0,,
"02-Feb-2023 16:00",,,,,,,,,,,,,,,,,0,0,0,0,,0,0,0,0,0,0,0,0,0,0,0,,
"03-Feb-2023 16:00",,,,,,,,,,,,,,,,,0,0,0,0,,0,0,0,0,0,0,0,0,0,0,0,,
"06-Feb-2023 16:00",,,,,,,,,,,,,,,,,0,0,0,0,,0,0,0,0,0,0,0,0,0,0,0,,
"07-Feb-2023 16:00",,,,,,,,,,,,,,,,,0,0,0,0,,0,0,0,0,0,0,0,0,0,0,0,,
"08-Feb-2023 16:00",,,,,,,,,,,,,,,,,0,0,0,0,,0,0,0,0,0,0,0,0,0,0,0,,
"09-Feb-2023 16:00",,,,,,,,,,,,,,,,,0,0,0,0,,0,0,0,0,0,0,0,0,0,0,0,,
"10-Feb-2023 16:00",,,,,,,,,,,,,,,,,0,0,0,0,,0,0,0,0,0,0,0,0,0,0,0,,
"13-Feb-2023 16:00",,,,,,,,,,,,,,,,,0,0,0,0,,0,0,0,0,0,0,0,0,0,0,0,,
"14-Feb-2023 16:00",,,,,,,,,,,,,,,,,0,0,0,0,,0,0,0,0,0,0,0,0,0,0,0,,
"15-Feb-2023 16:00",,,,,,,,,,,,,,,,,0,0,0,0,,0,0,0,0,0,0,0,0,0,0,0,,
"16-Feb-2023 16:00",,,,,,,,,,,,,,,,,0,0,0,0,,0,0,0,0,0,0,0,0,0,0,0,,
"17-Feb-2023 16:00",,,,,,,,,,,,,,,,,0,0,0,0,,0,0,0,0,0,0,0,0,0,0,0,,
"20-Feb-2023 16:00",,,,,,,,,,,,,,,,,0,0,0,0,,0,0,0,0,0,0,0,0,0,0,0,,
"21-Feb-2023 16:00",,,,,,,,,,,,,,,,,0,0,0,0,,0,0,0,0,0,0,0,0,0,0,0,,
"22-Feb-2023 16:00",,,,,,,,,,,,,,,,,0,0,0,0,,0,2,0,0,0,0,0,0,0,0,0,,
"23-Feb-2023 16:00",,,,,,,,,,,,,,,,,0,0,0,0,,0,0,0,0,0,0,0,0,0,0,0,,
"24-Feb-2023 16:00",,,,,,,,,,,,,,,,,0,0,0,0,,0,0,0,0,0,0,0,0,0,0,0,,
"27-Feb-2023 16:00",,,,,,,,,,,,,,,,,0,0,0,0,,0,0,0,0,0,0,0,0,0,0,0,,
"28-Feb-2023 16:00",,,,,,,,,,,,,,,,,0,0,0,0,,0,0,0,0,0,0,0,0,0,0,0,,
"01-Mar-2023 16:00",,,,,,,,,,,,,,,,,0,0,0,0,,0,0,0,0,0,0,0,0,0,0,0,,
"02-Mar-2023 16:00",,,,,,,,,,,,,,,,,0,0,0,0,,0,0,0,0,0,0,0,0,0,0,0,,
"03-Mar-2023 16:00",,,,,,,,,,,,,,,,,0,0,0,0,,0,0,0,0,0,0,0,0,0,0,0,,
"06-Mar-2023 16:00",,,,,,,,,,,,,,,,,0,0,0,0,,0,0,0,0,0,0,0,0,0,0,0,,
"07-Mar-2023 16:00",,,,,,,,,,,,,,,,,0,2,2,0,,0,0,2,0,0,0,0,0,0,0,0,,
"08-Mar-2023 16:00",,,,,,,,,,,,,,,,,0,0,0,0,,0,0,0,0,0,0,0,0,0,0,0,,
"09-Mar-2023 16:00",,,,,,,,,,,,,,,,,0,6,2,0,,0,0,0,0,0,0,0,0,0,0,0,,
"10-Mar-2023 16:00",,,,,,,,,,,,,,,,,0,0,0,0,,0,0,0,0,0,0,0,0,0,0,0,,
"13-Mar-2023 16:00",,,,,,,,,,,,,,,,,0,0,0,0,,0,0,0,0,0,0,0,0,0,0,0,,
"14-Mar-2023 16:00",,,,,,,,,,,,,,,,,0,0,0,0,,0,0,0,0,0,0,0,0,0,0,0,,
"15-Mar-2023 16:00",,,,,,,,,,,,,,,,,0,0,0,2,,0,0,0,0,0,0,0,0,0,0,0,,
"16-Mar-2023 16:00",,,,,,,,,,,,,,,,,0,0,0,0,,0,0,0,0,0,0,0,0,0,0,0,,
"17-Mar-2023 16:00",,,,,,,,,,,,,,,,,0,0,0,0,,0,0,0,0,0,0,0,0,0,0,0,,
"20-Mar-2023 16:00",,,,,,,,,,,,,,,,,0,2,2,0,,0,0,0,0,0,0,0,0,0,0,0,,
"21-Mar-2023 16:00",,,,,,,,,,,,,,,,,0,0,0,0,,0,0,0,0,0,0,0,0,0,0,0,,
"22-Mar-2023 16:00",,,,,,,,,,,,,,,,,0,2,2,0,,0,0,0,0,0,0,0,0,0,0,0,,
"23-Mar-2023 16:00",,,,,,,,,,,,,,,,,0,4,2,0,,0,0,0,0,0,0,0,0,0,0,0,,
"24-Mar-2023 16:00",,,,,,,,,,,,,,,,,0,0,0,0,,0,0,0,0,0,0,0,0,0,0,0,,
"27-Mar-2023 16:00",,,,,,,,,,,,,,,,,0,0,0,0,,0,0,0,0,0,0,0,0,0,0,0,,
"28-Mar-2023 16:00",,,,,,,,,,,,,,,,,0,2,2,2,,0,0,0,0,0,0,0,0,0,0,0,,
"29-Mar-2023 16:00",,,,,,,,,,,,,,,,,0,0,0,0,,0,0,0,0,0,0,0,0,0,0,0,,
"30-Mar-2023 16:00",,,,,,,,,,,,,,,,,0,0,0,0,,0,0,0,0,0,0,0,0,0,0,0,,
"31-Mar-2023 16:00",,,,,,,,,,,,,,,,,0,0,0,2,,0,0,0,0,0,0,0,0,0,0,0,,
"03-Apr-2023 17:00",,,,,,,,,,,,,,,,,,0,0,0,,,0,0,0,0,0,0,0,0,0,0,,
"04-Apr-2023 17:00",,,,,,,,,,,,,,,,,,0,0,0,,,0,0,0,2,0,0,0,0,0,0,,
"05-Apr-2023 17:00",,,,,,,,,,,,,,,,,,0,0,0,,,0,0,0,0,0,0,0,0,0,0,,
"06-Apr-2023 17:00",,,,,,,,,,,,,,,,,,0,0,0,,,0,0,0,0,0,0,0,0,0,0,,
"11-Apr-2023 17:00",,,,,,,,,,,,,,,,,,0,0,0,,,0,0,0,0,0,0,0,0,0,0,,
"12-Apr-2023 17:00",,,,,,,,,,,,,,,,,,0,0,0,,,0,0,0,0,0,0,0,0,0,0,,
"13-Apr-2023 17:00",,,,,,,,,,,,,,,,,,0,0,0,,,0,0,0,0,0,0,0,0,0,0,,
"14-Apr-2023 17:00",,,,,,,,,,,,,,,,,,0,0,0,,,0,0,0,0,0,0,0,0,0,0,,
"17-Apr-2023 17:00",,,,,,,,,,,,,,,,,,0,0,0,,,0,0,0,0,0,0,0,0,0,0,,
"18-Apr-2023 17:00",,,,,,,,,,,,,,,,,,0,0,0,,,0,0,0,0,0,0,0,0,0,0,,
"19-Apr-2023 17:00",,,,,,,,,,,,,,,,,,0,0,0,,,0,0,0,0,0,0,0,0,0,0,,
"20-Apr-2023 17:00",,,,,,,,,,,,,,,,,,0,0,0,,,0,0,0,0,0,0,0,0,0,0,,
"21-Apr-2023 17:00",,,,,,,,,,,,,,,,,,0,0,0,,,0,0,0,0,0,0,0,0,0,0,,
"24-Apr-2023 17:00",,,,,,,,,,,,,,,,,,0,0,0,,,0,0,0,0,0,0,0,0,0,0,,
"25-Apr-2023 17:00",,,,,,,,,,,,,,,,,,0,0,0,,,0,0,0,0,0,0,0,0,0,0,,
"26-Apr-2023 17:00",,,,,,,,,,,,,,,,,,0,0,0,,,0,0,0,0,0,0,0,0,0,0,,
"27-Apr-2023 17:00",,,,,,,,,,,,,,,,,,0,0,0,,,0,0,0,0,0,0,2,0,0,0,,
"28-Apr-2023 17:00",,,,,,,,,,,,,,,,,,0,0,0,,,0,0,0,0,0,0,2,0,0,0,,
"01-May-2023 17:00",,,,,,,,,,,,,,,,,,0,0,0,,,0,0,0,0,0,0,0,0,0,0,,
"02-May-2023 17:00",,,,,,,,,,,,,,,,,,0,0,0,,,0,0,0,0,0,0,0,0,0,0,,
"03-May-2023 17:00",,,,,,,,,,,,,,,,,,0,2,2,,,2,0,0,0,0,0,2,0,0,0,,
"04-May-2023 17:00",,,,,,,,,,,,,,,,,,0,0,0,,,0,0,0,0,0,0,0,0,0,0,,
"05-May-2023 17:00",,,,,,,,,,,,,,,,,,0,0,0,,,0,0,0,0,0,0,0,0,0,0,,
"08-May-2023 17:00",,,,,,,,,,,,,,,,,,0,0,0,,,0,0,0,0,0,0,0,0,0,0,,
"09-May-2023 17:00",,,,,,,,,,,,,,,,,,0,0,0,,,0,0,0,0,0,0,0,0,0,0,,
"10-May-2023 17:00",,,,,,,,,,,,,,,,,,0,0,0,,,0,0,0,0,0,0,0,0,0,0,,
"11-May-2023 17:00",,,,,,,,,,,,,,,,,,0,2,0,,,0,2,2,0,0,0,0,0,0,0,,
"12-May-2023 17:00",,,,,,,,,,,,,,,,,,0,2,0,,,0,0,0,0,0,0,0,0,0,0,,
"15-May-2023 17:00",,,,,,,,,,,,,,,,,,0,2,0,,,0,0,0,0,0,0,0,0,0,0,,
"16-May-2023 17:00",,,,,,,,,,,,,,,,,,0,0,0,,,0,0,0,0,0,0,0,0,0,0,,
"17-May-2023 17:00",,,,,,,,,,,,,,,,,,0,0,0,,,0,0,0,0,0,0,0,0,0,0,,
"18-May-2023 17:00",,,,,,,,,,,,,,,,,,0,0,0,,,0,0,0,0,0,0,0,0,0,0,,
"19-May-2023 17:00",,,,,,,,,,,,,,,,,,0,0,0,,,0,0,0,0,0,0,0,0,0,0,,
"22-May-2023 17:00",,,,,,,,,,,,,,,,,,0,0,0,,,0,0,0,0,0,0,0,0,0,0,,
"23-May-2023 17:00",,,,,,,,,,,,,,,,,,0,0,0,,,0,0,0,0,0,0,0,0,0,0,,
"24-May-2023 17:00",,,,,,,,,,,,,,,,,,0,0,0,,,0,1,2,2,0,0,0,0,0,0,,
"25-May-2023 17:00",,,,,,,,,,,,,,,,,,0,0,0,,,0,0,0,0,0,0,0,0,0,0,,
"26-May-2023 17:00",,,,,,,,,,,,,,,,,,0,0,0,,,0,0,0,0,0,0,0,0,0,0,,
"29-May-2023 17:00",,,,,,,,,,,,,,,,,,0,0,0,,,0,0,0,0,0,0,0,0,0,0,,
"30-May-2023 17:00",,,,,,,,,,,,,,,,,,0,2,0,,,0,0,0,0,0,0,0,0,0,0,,
"31-May-2023 17:00",,,,,,,,,,,,,,,,,,0,2,0,,,0,2,2,0,0,0,0,0,0,0,,
"01-Jun-2023 17:00",,,,,,,,,,,,,,,,,,0,0,0,,,0,0,0,0,0,0,0,0,0,0,,
"02-Jun-2023 17:00",,,,,,,,,,,,,,,,,,0,0,0,,,0,0,0,0,0,0,0,0,0,0,,
"05-Jun-2023 17:00",,,,,,,,,,,,,,,,,,0,2,0,,,0,0,0,0,0,0,0,0,0,0,,
"06-Jun-2023 17:00",,,,,,,,,,,,,,,,,,0,2,0,,,0,2,2,0,0,0,0,0,0,0,,
"07-Jun-2023 17:00",,,,,,,,,,,,,,,,,,0,2,0,,,0,0,0,0,0,0,0,0,0,0,,
"08-Jun-2023 17:00",,,,,,,,,,,,,,,,,,0,0,0,,,0,0,0,0,0,0,0,0,0,0,,
"09-Jun-2023 17:00",,,,,,,,,,,,,,,,,,0,0,2,,,0,0,0,0,0,0,0,0,0,0,,
"12-Jun-2023 17:00",,,,,,,,,,,,,,,,,,0,0,0,,,0,0,0,0,0,0,0,0,0,0,,
"13-Jun-2023 17:00",,,,,,,,,,,,,,,,,,0,0,0,,,0,0,0,0,0,0,0,0,0,0,,
"14-Jun-2023 17:00",,,,,,,,,,,,,,,,,,0,0,0,,,0,0,0,0,0,0,0,0,0,0,,
"15-Jun-2023 17:00",,,,,,,,,,,,,,,,,,0,2,0,,,0,0,0,0,0,0,0,0,0,0,,
"16-Jun-2023 17:00",,,,,,,,,,,,,,,,,,0,0,0,,,0,0,0,0,0,0,0,0,0,0,,
"19-Jun-2023 17:00",,,,,,,,,,,,,,,,,,0,2,0,,,0,0,0,0,0,0,0,0,0,0,,
"20-Jun-2023 17:00",,,,,,,,,,,,,,,,,,0,2,0,,,0,0,0,0,0,0,0,0,0,0,,
"21-Jun-2023 17:00",,,,,,,,,,,,,,,,,,0,0,0,,,0,0,0,0,0,0,0,0,0,0,,
"22-Jun-2023 17:00",,,,,,,,,,,,,,,,,,0,0,0,,,0,0,0,0,0,0,0,0,0,0,,
"23-Jun-2023 17:00",,,,,,,,,,,,,,,,,,0,0,0,,,0,0,0,0,0,0,0,0,0,0,,
"26-Jun-2023 17:00",,,,,,,,,,,,,,,,,,0,0,0,,,0,0,0,0,0,0,0,0,0,0,,
"27-Jun-2023 17:00",,,,,,,,,,,,,,,,,,0,0,0,,,0,0,0,0,0,0,0,0,0,0,,
"28-Jun-2023 17:00",,,,,,,,,,,,,,,,,,0,0,0,,,0,0,0,0,0,0,0,0,0,0,,
"29-Jun-2023 17:00",,,,,,,,,,,,,,,,,,0,0,0,,,0,0,0,0,0,0,0,0,0,0,,
"30-Jun-2023 17:00",,,,,,,,,,,,,,,,,,0,2,0,,,0,0,0,0,0,0,0,0,0,0,,
"03-Jul-2023 17:00",,,,,,,,,,,,,,,,,,,0,0,,,0,0,0,0,0,0,4,0,0,0,,
"04-Jul-2023 17:00",,,,,,,,,,,,,,,,,,,0,0,,,0,0,0,0,0,0,0,0,0,0,,
"05-Jul-2023 17:00",,,,,,,,,,,,,,,,,,,3,2,,,0,0,0,0,0,0,0,0,0,0,,
"06-Jul-2023 17:00",,,,,,,,,,,,,,,,,,,0,0,,,0,0,0,0,0,0,0,0,0,0,,
"07-Jul-2023 17:00",,,,,,,,,,,,,,,,,,,0,0,,,0,0,0,0,0,0,0,0,0,0,,
"10-Jul-2023 17:00",,,,,,,,,,,,,,,,,,,0,0,,,0,0,0,0,0,0,2,0,0,0,,
"11-Jul-2023 17:00",,,,,,,,,,,,,,,,,,,0,0,,,1,0,0,0,0,0,1,0,0,0,,
"12-Jul-2023 17:00",,,,,,,,,,,,,,,,,,,0,0,,,0,0,0,0,0,0,0,0,0,0,,
"13-Jul-2023 17:00",,,,,,,,,,,,,,,,,,,0,0,,,0,0,0,0,0,0,0,0,0,0,,
"14-Jul-2023 17:00",,,,,,,,,,,,,,,,,,,0,0,,,0,0,0,0,0,0,0,0,0,0,,
"17-Jul-2023 17:00",,,,,,,,,,,,,,,,,,,0,0,,,0,0,0,0,0,0,0,0,0,0,,
"18-Jul-2023 17:00",,,,,,,,,,,,,,,,,,,0,0,,,0,0,0,0,0,0,0,0,0,0,,
"19-Jul-2023 17:00",,,,,,,,,,,,,,,,,,,0,0,,,0,0,0,0,0,0,0,0,0,0,,
"20-Jul-2023 17:00",,,,,,,,,,,,,,,,,,,0,0,,,0,0,0,0,0,0,0,0,0,0,,
"21-Jul-2023 17:00",,,,,,,,,,,,,,,,,,,0,0,,,0,0,0,0,0,0,0,0,0,0,,
"24-Jul-2023 17:00",,,,,,,,,,,,,,,,,,,0,0,,,0,0,0,0,0,0,0,0,0,0,,
"25-Jul-2023 17:00",,,,,,,,,,,,,,,,,,,0,0,,,0,0,0,0,0,0,0,0,0,0,,
"26-Jul-2023 17:00",,,,,,,,,,,,,,,,,,,0,0,,,0,0,0,0,0,0,0,0,0,0,,
"27-Jul-2023 17:00",,,,,,,,,,,,,,,,,,,0,0,,,2,0,0,0,0,0,0,0,0,0,,
"28-Jul-2023 17:00",,,,,,,,,,,,,,,,,,,0,0,,,0,0,0,0,0,0,0,0,0,0,,
"31-Jul-2023 17:00",,,,,,,,,,,,,,,,,,,0,0,,,0,0,0,0,0,0,0,0,0,0,,
"01-Aug-2023 17:00",,,,,,,,,,,,,,,,,,,0,0,,,0,0,0,0,0,0,0,0,0,0,,
"02-Aug-2023 17:00",,,,,,,,,,,,,,,,,,,0,2,,,0,0,0,0,0,0,0,0,0,0,,
"03-Aug-2023 17:00",,,,,,,,,,,,,,,,,,,0,3,,,6,0,0,0,0,0,0,0,0,0,,
"04-Aug-2023 17:00",,,,,,,,,,,,,,,,,,,0,0,,,0,0,0,0,0,0,0,0,0,0,,
"07-Aug-2023 17:00",,,,,,,,,,,,,,,,,,,0,4,,,0,0,0,0,0,0,0,0,0,0,,
"08-Aug-2023 17:00",,,,,,,,,,,,,,,,,,,0,0,,,5,0,0,0,0,0,0,0,0,0,,
"09-Aug-2023 17:00",,,,,,,,,,,,,,,,,,,0,0,,,0,0,0,0,0,0,0,0,0,0,,
"10-Aug-2023 17:00",,,,,,,,,,,,,,,,,,,0,0,,,0,0,0,0,0,0,0,2,0,0,,
"11-Aug-2023 17:00",,,,,,,,,,,,,,,,,,,0,0,,,0,0,0,0,0,0,0,0,0,0,,
"14-Aug-2023 17:00",,,,,,,,,,,,,,,,,,,0,0,,,0,0,0,0,0,0,0,2,0,0,,
"15-Aug-2023 17:00",,,,,,,,,,,,,,,,,,,0,0,,,0,0,0,0,0,0,0,0,0,0,,
"16-Aug-2023 17:00",,,,,,,,,,,,,,,,,,,0,2,,,0,0,0,0,0,0,0,0,0,0,,
"17-Aug-2023 17:00",,,,,,,,,,,,,,,,,,,0,0,,,0,0,0,0,0,0,0,0,0,0,,
"18-Aug-2023 17:00",,,,,,,,,,,,,,,,,,,0,1,,,0,0,0,0,0,0,0,0,0,0,,
"21-Aug-2023 17:00",,,,,,,,,,,,,,,,,,,0,0,,,0,0,0,0,0,0,0,0,0,0,,
"22-Aug-2023 17:00",,,,,,,,,,,,,,,,,,,0,0,,,0,0,0,0,0,0,0,0,0,0,,
"23-Aug-2023 17:00",,,,,,,,,,,,,,,,,,,0,0,,,0,0,0,0,0,0,0,0,0,0,,
"24-Aug-2023 17:00",,,,,,,,,,,,,,,,,,,0,0,,,0,0,0,0,0,0,0,0,0,0,,
"25-Aug-2023 17:00",,,,,,,,,,,,,,,,,,,0,4,,,0,0,0,0,0,0,0,0,0,0,,
"28-Aug-2023 17:00",,,,,,,,,,,,,,,,,,,0,0,,,0,0,0,0,0,0,0,0,0,0,,
"29-Aug-2023 17:00",,,,,,,,,,,,,,,,,,,0,0,,,0,0,0,0,0,0,0,0,0,0,,
"30-Aug-2023 17:00",,,,,,,,,,,,,,,,,,,0,0,,,0,0,0,0,0,0,0,0,0,0,,
"31-Aug-2023 17:00",,,,,,,,,,,,,,,,,,,0,0,,,0,0,0,0,0,0,0,0,0,0,,
"01-Sep-2023 17:00",,,,,,,,,,,,,,,,,,,0,0,,,0,0,0,0,0,0,0,0,0,0,,
"04-Sep-2023 17:00",,,,,,,,,,,,,,,,,,,0,0,,,0,0,0,0,0,0,0,0,0,0,,
"05-Sep-2023 17:00",,,,,,,,,,,,,,,,,,,0,2,,,0,0,0,0,0,0,0,0,0,0,,
"06-Sep-2023 17:00",,,,,,,,,,,,,,,,,,,0,2,,,2,2,2,0,0,0,0,2,0,0,,
"07-Sep-2023 17:00",,,,,,,,,,,,,,,,,,,0,0,,,0,0,0,0,0,0,0,0,0,0,,
"08-Sep-2023 17:00",,,,,,,,,,,,,,,,,,,0,0,,,1,0,0,0,0,0,0,0,0,0,,
"11-Sep-2023 17:00",,,,,,,,,,,,,,,,,,,0,0,,,0,0,0,0,0,0,0,0,0,0,,
"12-Sep-2023 17:00",,,,,,,,,,,,,,,,,,,0,0,,,0,0,0,0,0,0,0,0,0,0,,
"13-Sep-2023 17:00",,,,,,,,,,,,,,,,,,,0,0,,,0,0,0,2,0,0,0,0,0,0,,
"14-Sep-2023 17:00",,,,,,,,,,,,,,,,,,,0,0,,,0,0,0,0,0,0,0,0,0,0,,
"15-Sep-2023 17:00",,,,,,,,,,,,,,,,,,,0,0,,,0,0,0,0,0,0,0,0,0,0,,
"18-Sep-2023 17:00",,,,,,,,,,,,,,,,,,,0,0,,,0,0,0,2,0,0,0,0,0,0,,
"19-Sep-2023 17:00",,,,,,,,,,,,,,,,,,,0,2,,,0,6,3,3,0,0,4,2,0,0,,
"20-Sep-2023 17:00",,,,,,,,,,,,,,,,,,,0,0,,,0,0,2,0,0,0,0,0,0,0,,
"21-Sep-2023 17:00",,,,,,,,,,,,,,,,,,,0,0,,,0,0,0,0,0,0,0,0,0,0,,
"22-Sep-2023 17:00",,,,,,,,,,,,,,,,,,,0,0,,,0,0,0,0,0,0,0,0,0,0,,
"25-Sep-2023 17:00",,,,,,,,,,,,,,,,,,,0,0,,,0,0,0,0,0,0,0,0,0,0,,
"26-Sep-2023 17:00",,,,,,,,,,,,,,,,,,,0,2,,,0,0,0,0,0,0,0,0,0,0,,
"27-Sep-2023 17:00",,,,,,,,,,,,,,,,,,,0,4,,,0,0,0,0,0,0,0,0,0,0,,
"28-Sep-2023 17:00",,,,,,,,,,,,,,,,,,,0,5,,,0,0,0,0,0,0,0,0,0,0,,
"29-Sep-2023 17:00",,,,,,,,,,,,,,,,,,,0,0,,,0,0,0,0,0,0,0,0,0,0,,
"02-Oct-2023 16:00",,,,,,,,,,,,,,,,,,,,4,,,0,0,0,0,,0,0,0,0,0,,
"03-Oct-2023 16:00",,,,,,,,,,,,,,,,,,,,0,,,0,0,0,0,,0,0,0,0,0,,
"04-Oct-2023 16:00",,,,,,,,,,,,,,,,,,,,0,,,0,0,0,0,,0,0,0,0,0,,
"05-Oct-2023 16:00",,,,,,,,,,,,,,,,,,,,0,,,0,0,0,0,,0,0,0,0,0,,
"06-Oct-2023 16:00",,,,,,,,,,,,,,,,,,,,0,,,0,0,0,0,,0,0,0,0,0,,
"09-Oct-2023 16:00",,,,,,,,,,,,,,,,,,,,0,,,0,0,0,0,,0,0,0,0,0,,
"10-Oct-2023 16:00",,,,,,,,,,,,,,,,,,,,3,,,1,0,0,0,,0,0,0,0,0,,
"11-Oct-2023 16:00",,,,,,,,,,,,,,,,,,,,0,,,0,2,3,0,,0,0,0,0,0,,
"12-Oct-2023 16:00",,,,,,,,,,,,,,,,,,,,0,,,2,5,0,0,,0,0,0,0,0,,
"13-Oct-2023 16:00",,,,,,,,,,,,,,,,,,,,0,,,0,0,0,0,,0,0,0,0,0,,
"16-Oct-2023 16:00",,,,,,,,,,,,,,,,,,,,0,,,0,0,0,0,,0,0,0,0,0,,
"17-Oct-2023 16:00",,,,,,,,,,,,,,,,,,,,0,,,0,0,0,0,,0,0,0,0,0,,
"18-Oct-2023 16:00",,,,,,,,,,,,,,,,,,,,0,,,1,0,0,0,,0,0,0,0,0,,
"19-Oct-2023 16:00",,,,,,,,,,,,,,,,,,,,0,,,0,0,0,0,,0,0,0,0,0,,
"20-Oct-2023 16:00",,,,,,,,,,,,,,,,,,,,0,,,0,0,0,0,,0,0,0,0,0,,
"23-Oct-2023 16:00",,,,,,,,,,,,,,,,,,,,0,,,0,0,0,0,,0,0,0,0,0,,
"24-Oct-2023 16:00",,,,,,,,,,,,,,,,,,,,2,,,0,0,0,2,,0,0,0,0,0,,
"25-Oct-2023 16:00",,,,,,,,,,,,,,,,,,,,0,,,0,0,0,0,,0,0,0,0,0,,
"26-Oct-2023 16:00",,,,,,,,,,,,,,,,,,,,0,,,0,0,0,0,,0,0,0,0,0,,
"27-Oct-2023 16:00",,,,,,,,,,,,,,,,,,,,0,,,0,0,0,0,,0,0,0,0,0,,
"30-Oct-2023 16:00",,,,,,,,,,,,,,,,,,,,0,,,0,0,0,0,,0,0,0,0,0,,
"31-Oct-2023 16:00",,,,,,,,,,,,,,,,,,,,0,,,0,0,0,0,,0,0,0,0,0,,
"01-Nov-2023 16:00",,,,,,,,,,,,,,,,,,,,0,,,0,0,0,0,,0,0,0,0,0,,
"02-Nov-2023 16:00",,,,,,,,,,,,,,,,,,,,0,,,0,0,0,0,,0,0,0,0,0,,
"03-Nov-2023 16:00",,,,,,,,,,,,,,,,,,,,0,,,0,0,0,0,,0,0,0,0,0,,
"06-Nov-2023 16:00",,,,,,,,,,,,,,,,,,,,0,,,0,0,0,0,,0,0,0,0,0,,
"07-Nov-2023 16:00",,,,,,,,,,,,,,,,,,,,0,,,0,0,0,0,,0,0,0,0,0,,
"08-Nov-2023 16:00",,,,,,,,,,,,,,,,,,,,0,,,0,0,0,0,,0,0,0,0,0,,
"09-Nov-2023 16:00",,,,,,,,,,,,,,,,,,,,0,,,0,0,0,0,,0,0,0,0,0,,
"10-Nov-2023 16:00",,,,,,,,,,,,,,,,,,,,0,,,0,0,0,0,,0,0,0,0,0,,
"13-Nov-2023 16:00",,,,,,,,,,,,,,,,,,,,0,,,0,0,0,0,,0,0,0,0,0,,
"14-Nov-2023 16:00",,,,,,,,,,,,,,,,,,,,0,,,0,0,0,2,,0,0,0,0,0,,
"15-Nov-2023 16:00",,,,,,,,,,,,,,,,,,,,0,,,0,0,0,0,,0,0,0,0,0,,
"16-Nov-2023 16:00",,,,,,,,,,,,,,,,,,,,0,,,0,0,0,0,,0,0,0,0,0,,
"17-Nov-2023 16:00",,,,,,,,,,,,,,,,,,,,0,,,0,0,0,0,,0,2,2,0,0,,
"20-Nov-2023 16:00",,,,,,,,,,,,,,,,,,,,0,,,0,0,0,0,,0,0,0,0,0,,
"21-Nov-2023 16:00",,,,,,,,,,,,,,,,,,,,0,,,0,0,0,0,,0,0,0,0,0,,
"22-Nov-2023 16:00",,,,,,,,,,,,,,,,,,,,0,,,0,0,0,0,,0,0,0,0,0,,
"23-Nov-2023 16:00",,,,,,,,,,,,,,,,,,,,0,,,0,2,2,0,,0,0,0,0,0,,
"24-Nov-2023 16:00",,,,,,,,,,,,,,,,,,,,0,,,0,0,0,0,,0,0,0,0,0,,
"27-Nov-2023 16:00",,,,,,,,,,,,,,,,,,,,0,,,0,0,0,0,,0,0,0,0,0,,
"28-Nov-2023 16:00",,,,,,,,,,,,,,,,,,,,0,,,0,0,0,0,,0,0,0,0,0,,
"29-Nov-2023 16:00",,,,,,,,,,,,,,,,,,,,0,,,0,0,0,0,,0,0,0,0,0,,
"30-Nov-2023 16:00",,,,,,,,,,,,,,,,,,,,0,,,0,0,0,0,,0,0,0,0,0,,
"01-Dec-2023 16:00",,,,,,,,,,,,,,,,,,,,0,,,0,0,0,0,,0,0,0,0,0,,
"04-Dec-2023 16:00",,,,,,,,,,,,,,,,,,,,0,,,2,0,0,0,,0,2,0,0,0,,
"05-Dec-2023 16:00",,,,,,,,,,,,,,,,,,,,0,,,0,0,0,0,,0,0,0,0,0,,
"06-Dec-2023 16:00",,,,,,,,,,,,,,,,,,,,0,,,2,0,0,0,,0,0,0,0,0,,
"07-Dec-2023 16:00",,,,,,,,,,,,,,,,,,,,0,,,0,0,0,0,,0,0,0,0,0,,
"08-Dec-2023 16:00",,,,,,,,,,,,,,,,,,,,0,,,47,35,35,35,,0,45,35,0,35,,
"11-Dec-2023 16:00",,,,,,,,,,,,,,,,,,,,0,,,0,3,0,0,,0,0,0,0,0,,
"12-Dec-2023 16:00",,,,,,,,,,,,,,,,,,,,0,,,0,0,0,0,,0,0,0,0,0,,
"13-Dec-2023 16:00",,,,,,,,,,,,,,,,,,,,0,,,0,0,0,0,,0,0,0,0,0,,
"14-Dec-2023 16:00",,,,,,,,,,,,,,,,,,,,0,,,0,0,0,0,,0,0,0,0,0,,
"15-Dec-2023 16:00",,,,,,,,,,,,,,,,,,,,0,,,2,0,0,0,,0,0,0,0,0,,
"18-Dec-2023 16:00",,,,,,,,,,,,,,,,,,,,0,,,0,0,0,0,,0,0,0,0,0,,
"19-Dec-2023 16:00",,,,,,,,,,,,,,,,,,,,0,,,0,0,2,0,,0,0,0,0,0,,
"20-Dec-2023 16:00",,,,,,,,,,,,,,,,,,,,0,,,0,0,0,0,,0,0,0,0,0,,
"21-Dec-2023 16:00",,,,,,,,,,,,,,,,,,,,0,,,0,0,2,0,,0,0,0,0,0,,
"22-Dec-2023 16:00",,,,,,,,,,,,,,,,,,,,0,,,0,0,0,0,,0,0,0,0,0,,
"27-Dec-2023 16:00",,,,,,,,,,,,,,,,,,,,0,,,0,0,0,0,,0,0,0,0,0,,
"28-Dec-2023 16:00",,,,,,,,,,,,,,,,,,,,0,,,5,0,0,0,,0,0,0,0,0,,
"29-Dec-2023 16:00",,,,,,,,,,,,,,,,,,,,0,,,0,0,0,0,,0,0,0,0,0,,
"02-Jan-2024 16:00",,,,,,,,,,,,,,,,,,,,,,,0,0,0,0,,0,0,0,0,0,,
"03-Jan-2024 16:00",,,,,,,,,,,,,,,,,,,,,,,0,0,0,2,,0,0,0,0,0,,
"04-Jan-2024 16:00",,,,,,,,,,,,,,,,,,,,,,,0,2,0,0,,0,0,0,0,0,,
"05-Jan-2024 16:00",,,,,,,,,,,,,,,,,,,,,,,0,0,10,5,,0,7,5,5,0,,
"08-Jan-2024 16:00",,,,,,,,,,,,,,,,,,,,,,,2,3,12,0,,0,0,0,0,0,,
"09-Jan-2024 16:00",,,,,,,,,,,,,,,,,,,,,,,0,0,0,0,,0,0,0,0,0,,
"10-Jan-2024 16:00",,,,,,,,,,,,,,,,,,,,,,,0,4,10,10,,0,11,10,10,0,,
"11-Jan-2024 16:00",,,,,,,,,,,,,,,,,,,,,,,0,1,0,0,,0,0,0,0,0,,
"12-Jan-2024 16:00",,,,,,,,,,,,,,,,,,,,,,,0,1,1,2,,0,3,3,0,0,,
"15-Jan-2024 16:00",,,,,,,,,,,,,,,,,,,,,,,0,0,0,0,,0,0,0,0,0,,
"16-Jan-2024 16:00",,,,,,,,,,,,,,,,,,,,,,,0,0,0,0,,0,0,0,0,0,,
"17-Jan-2024 16:00",,,,,,,,,,,,,,,,,,,,,,,1,0,0,0,,0,1,1,0,1,,
"18-Jan-2024 16:00",,,,,,,,,,,,,,,,,,,,,,,0,0,0,0,,0,0,0,0,0,,
"19-Jan-2024 16:00",,,,,,,,,,,,,,,,,,,,,,,0,0,0,0,,0,0,0,0,0,,
"22-Jan-2024 16:00",,,,,,,,,,,,,,,,,,,,,,,4,0,2,2,,0,2,2,2,0,,
"23-Jan-2024 16:00",,,,,,,,,,,,,,,,,,,,,,,0,0,0,0,,0,0,0,0,0,,
"24-Jan-2024 16:00",,,,,,,,,,,,,,,,,,,,,,,0,0,0,0,,0,3,0,0,0,,
"25-Jan-2024 16:00",,,,,,,,,,,,,,,,,,,,,,,0,0,0,0,,0,0,0,0,0,,
"26-Jan-2024 16:00",,,,,,,,,,,,,,,,,,,,,,,0,0,0,0,,0,0,0,0,0,,
"29-Jan-2024 16:00",,,,,,,,,,,,,,,,,,,,,,,0,0,0,0,,0,0,0,0,0,,
"30-Jan-2024 16:00",,,,,,,,,,,,,,,,,,,,,,,0,0,25,25,,0,25,25,25,0,,
"31-Jan-2024 16:00",,,,,,,,,,,,,,,,,,,,,,,0,0,0,0,,0,0,0,0,0,,
"01-Feb-2024 16:00",,,,,,,,,,,,,,,,,,,,,,,0,0,0,0,,0,0,0,0,0,,
"02-Feb-2024 16:00",,,,,,,,,,,,,,,,,,,,,,,2,0,0,0,,0,5,0,0,0,,
"05-Feb-2024 16:00",,,,,,,,,,,,,,,,,,,,,,,0,0,0,0,,0,0,0,0,0,,
"06-Feb-2024 16:00",,,,,,,,,,,,,,,,,,,,,,,0,0,0,0,,0,1,0,0,0,,
"07-Feb-2024 16:00",,,,,,,,,,,,,,,,,,,,,,,0,0,0,0,,0,20,0,0,0,,
"08-Feb-2024 16:00",,,,,,,,,,,,,,,,,,,,,,,0,0,0,0,,0,0,0,0,0,,
"09-Feb-2024 16:00",,,,,,,,,,,,,,,,,,,,,,,0,0,0,0,,0,2,0,0,0,,
"12-Feb-2024 16:00",,,,,,,,,,,,,,,,,,,,,,,0,0,0,0,,0,0,0,0,0,,
"13-Feb-2024 16:00",,,,,,,,,,,,,,,,,,,,,,,0,0,0,0,,0,8,0,0,0,,
"14-Feb-2024 16:00",,,,,,,,,,,,,,,,,,,,,,,5,0,0,0,,0,5,0,0,0,,
"15-Feb-2024 16:00",,,,,,,,,,,,,,,,,,,,,,,0,0,0,0,,0,7,0,0,0,,
"16-Feb-2024 16:00",,,,,,,,,,,,,,,,,,,,,,,0,0,0,0,,0,0,0,0,0,,
"19-Feb-2024 16:00",,,,,,,,,,,,,,,,,,,,,,,0,0,0,0,,0,0,0,0,0,,
"20-Feb-2024 16:00",,,,,,,,,,,,,,,,,,,,,,,0,0,0,0,,0,0,0,0,0,,
"21-Feb-2024 16:00",,,,,,,,,,,,,,,,,,,,,,,0,0,0,0,,0,0,0,0,0,,
"22-Feb-2024 16:00",,,,,,,,,,,,,,,,,,,,,,,0,0,0,0,,0,0,0,0,0,,
"23-Feb-2024 16:00",,,,,,,,,,,,,,,,,,,,,,,0,0,0,0,,0,0,0,0,0,,
"26-Feb-2024 16:00",,,,,,,,,,,,,,,,,,,,,,,0,0,0,0,,0,0,0,0,0,,
"27-Feb-2024 16:00",,,,,,,,,,,,,,,,,,,,,,,2,0,0,0,,0,0,0,0,0,,
"28-Feb-2024 16:00",,,,,,,,,,,,,,,,,,,,,,,1,0,0,0,,0,0,0,0,0,,
"29-Feb-2024 16:00",,,,,,,,,,,,,,,,,,,,,,,0,0,0,0,,0,0,0,0,0,,
"01-Mar-2024 16:00",,,,,,,,,,,,,,,,,,,,,,,0,0,0,0,,0,0,0,0,0,,
"04-Mar-2024 16:00",,,,,,,,,,,,,,,,,,,,,,,0,0,0,0,,0,0,0,0,0,,
"05-Mar-2024 16:00",,,,,,,,,,,,,,,,,,,,,,,0,0,0,0,,0,1,0,0,0,,
"06-Mar-2024 16:00",,,,,,,,,,,,,,,,,,,,,,,0,0,0,0,,0,0,0,0,0,,
"07-Mar-2024 16:00",,,,,,,,,,,,,,,,,,,,,,,0,1,0,0,,0,0,0,0,0,,
"08-Mar-2024 16:00",,,,,,,,,,,,,,,,,,,,,,,1,0,0,0,,0,0,0,0,0,,
"11-Mar-2024 16:00",,,,,,,,,,,,,,,,,,,,,,,0,0,0,0,,0,0,0,0,0,,
"12-Mar-2024 16:00",,,,,,,,,,,,,,,,,,,,,,,2,1,0,0,,0,0,0,0,0,,
"13-Mar-2024 16:00",,,,,,,,,,,,,,,,,,,,,,,0,0,0,0,,0,0,0,0,0,,
"14-Mar-2024 16:00",,,,,,,,,,,,,,,,,,,,,,,0,0,0,0,,0,0,0,0,0,,
"15-Mar-2024 16:00",,,,,,,,,,,,,,,,,,,,,,,0,0,0,0,,0,0,0,0,0,,
"18-Mar-2024 16:00",,,,,,,,,,,,,,,,,,,,,,,0,0,0,0,,0,0,0,0,0,,
"19-Mar-2024 16:00",,,,,,,,,,,,,,,,,,,,,,,0,0,0,0,,0,0,0,0,0,,
"20-Mar-2024 16:00",,,,,,,,,,,,,,,,,,,,,,,0,0,0,0,,0,0,0,0,0,,
"21-Mar-2024 16:00",,,,,,,,,,,,,,,,,,,,,,,0,0,0,0,,0,0,0,0,0,,
"22-Mar-2024 16:00",,,,,,,,,,,,,,,,,,,,,,,0,0,0,0,,0,0,0,0,0,,
"25-Mar-2024 16:00",,,,,,,,,,,,,,,,,,,,,,,0,0,0,0,,0,0,0,0,0,,
"26-Mar-2024 16:00",,,,,,,,,,,,,,,,,,,,,,,0,0,0,0,,0,0,0,0,0,,
"27-Mar-2024 16:00",,,,,,,,,,,,,,,,,,,,,,,0,0,0,0,,0,0,0,0,0,,
"28-Mar-2024 16:00",,,,,,,,,,,,,,,,,,,,,,,0,0,0,0,,0,0,0,0,0,,
"02-Apr-2024 16:00",,,,,,,,,,,,,,,,,,,,,,,,0,0,0,,,0,0,0,0,,
"03-Apr-2024 16:00",,,,,,,,,,,,,,,,,,,,,,,,0,0,0,,,0,0,0,0,,
"04-Apr-2024 16:00",,,,,,,,,,,,,,,,,,,,,,,,0,0,0,,,0,0,0,0,,
"05-Apr-2024 16:00",,,,,,,,,,,,,,,,,,,,,,,,0,0,0,,,0,0,0,0,,
"08-Apr-2024 17:00",,,,,,,,,,,,,,,,,,,,,,,,0,0,0,,,0,0,0,0,,
"09-Apr-2024 17:00",,,,,,,,,,,,,,,,,,,,,,,,0,0,0,,,0,0,0,0,,
"10-Apr-2024 17:00",,,,,,,,,,,,,,,,,,,,,,,,0,0,0,,,0,0,0,0,,
"11-Apr-2024 17:00",,,,,,,,,,,,,,,,,,,,,,,,0,0,0,,,0,0,0,0,,
"12-Apr-2024 17:00",,,,,,,,,,,,,,,,,,,,,,,,0,2,0,,,0,0,0,0,,
"15-Apr-2024 17:00",,,,,,,,,,,,,,,,,,,,,,,,0,0,0,,,0,0,0,0,,
"16-Apr-2024 17:00",,,,,,,,,,,,,,,,,,,,,,,,0,0,0,,,0,0,0,0,,
"17-Apr-2024 17:00",,,,,,,,,,,,,,,,,,,,,,,,0,0,0,,,0,0,0,0,,
"18-Apr-2024 17:00",,,,,,,,,,,,,,,,,,,,,,,,0,0,0,,,0,0,0,0,,
"19-Apr-2024 17:00",,,,,,,,,,,,,,,,,,,,,,,,0,0,0,,,0,0,0,0,,
"22-Apr-2024 17:00",,,,,,,,,,,,,,,,,,,,,,,,0,0,0,,,0,0,0,0,,
"23-Apr-2024 17:00",,,,,,,,,,,,,,,,,,,,,,,,0,0,0,,,0,0,0,0,,
"24-Apr-2024 17:00",,,,,,,,,,,,,,,,,,,,,,,,0,0,0,,,0,0,0,0,,
"25-Apr-2024 17:00",,,,,,,,,,,,,,,,,,,,,,,,0,0,0,,,0,0,0,0,,
"26-Apr-2024 17:00",,,,,,,,,,,,,,,,,,,,,,,,0,0,0,,,0,0,0,0,,
"29-Apr-2024 17:00",,,,,,,,,,,,,,,,,,,,,,,,0,0,2,,,2,2,0,0,,
"30-Apr-2024 17:00",,,,,,,,,,,,,,,,,,,,,,,,0,0,0,,,0,0,0,0,,
"01-May-2024 17:00",,,,,,,,,,,,,,,,,,,,,,,,0,1,0,,,0,0,0,0,,
"02-May-2024 17:00",,,,,,,,,,,,,,,,,,,,,,,,0,0,0,,,0,0,0,0,,
"03-May-2024 17:00",,,,,,,,,,,,,,,,,,,,,,,,0,0,0,,,0,0,0,0,,
"06-May-2024 17:00",,,,,,,,,,,,,,,,,,,,,,,,0,0,0,,,0,0,0,0,,
"07-May-2024 17:00",,,,,,,,,,,,,,,,,,,,,,,,0,0,0,,,0,0,0,0,,
"08-May-2024 17:00",,,,,,,,,,,,,,,,,,,,,,,,0,0,0,,,0,0,0,0,,
"09-May-2024 17:00",,,,,,,,,,,,,,,,,,,,,,,,0,0,0,,,0,0,0,0,,
"10-May-2024 17:00",,,,,,,,,,,,,,,,,,,,,,,,0,0,0,,,0,0,0,0,,
"13-May-2024 17:00",,,,,,,,,,,,,,,,,,,,,,,,0,0,0,,,0,0,0,0,,
"14-May-2024 17:00",,,,,,,,,,,,,,,,,,,,,,,,0,0,0,,,0,0,0,0,,
"15-May-2024 17:00",,,,,,,,,,,,,,,,,,,,,,,,0,0,0,,,0,0,0,0,,
"16-May-2024 17:00",,,,,,,,,,,,,,,,,,,,,,,,0,0,0,,,0,0,0,0,,
"17-May-2024 17:00",,,,,,,,,,,,,,,,,,,,,,,,0,0,0,,,2,0,0,0,,
"20-May-2024 17:00",,,,,,,,,,,,,,,,,,,,,,,,0,0,0,,,0,0,0,0,,
"21-May-2024 17:00",,,,,,,,,,,,,,,,,,,,,,,,0,0,0,,,0,0,0,0,,
"22-May-2024 17:00",,,,,,,,,,,,,,,,,,,,,,,,0,0,0,,,0,0,0,0,,
"23-May-2024 17:00",,,,,,,,,,,,,,,,,,,,,,,,0,0,0,,,0,0,0,0,,
"24-May-2024 17:00",,,,,,,,,,,,,,,,,,,,,,,,0,0,0,,,0,0,0,0,,
"27-May-2024 17:00",,,,,,,,,,,,,,,,,,,,,,,,0,0,0,,,0,0,0,0,,
"28-May-2024 17:00",,,,,,,,,,,,,,,,,,,,,,,,0,0,0,,,0,0,0,0,,
"29-May-2024 17:00",,,,,,,,,,,,,,,,,,,,,,,,0,0,0,,,0,0,0,0,,
"30-May-2024 17:00",,,,,,,,,,,,,,,,,,,,,,,,0,0,0,,,0,0,0,0,,
"31-May-2024 17:00",,,,,,,,,,,,,,,,,,,,,,,,0,0,0,,,0,0,0,0,,
"03-Jun-2024 17:00",,,,,,,,,,,,,,,,,,,,,,,,2,0,0,,,0,0,0,0,,
"04-Jun-2024 17:00",,,,,,,,,,,,,,,,,,,,,,,,0,0,0,,,0,0,0,0,,
"05-Jun-2024 17:00",,,,,,,,,,,,,,,,,,,,,,,,0,3,0,,,0,0,0,0,,
"06-Jun-2024 17:00",,,,,,,,,,,,,,,,,,,,,,,,0,0,0,,,0,0,0,0,,
"07-Jun-2024 17:00",,,,,,,,,,,,,,,,,,,,,,,,0,0,0,,,0,0,0,0,,
"10-Jun-2024 17:00",,,,,,,,,,,,,,,,,,,,,,,,0,0,0,,,0,0,0,0,,
"11-Jun-2024 17:00",,,,,,,,,,,,,,,,,,,,,,,,0,0,0,,,0,0,0,0,,
"12-Jun-2024 17:00",,,,,,,,,,,,,,,,,,,,,,,,0,0,0,,,0,0,0,0,,
"13-Jun-2024 17:00",,,,,,,,,,,,,,,,,,,,,,,,0,0,0,,,0,0,0,0,,
"14-Jun-2024 17:00",,,,,,,,,,,,,,,,,,,,,,,,0,0,0,,,0,0,0,0,,
"17-Jun-2024 17:00",,,,,,,,,,,,,,,,,,,,,,,,0,0,0,,,0,0,0,0,,
"18-Jun-2024 17:00",,,,,,,,,,,,,,,,,,,,,,,,0,0,0,,,0,0,0,0,,
"19-Jun-2024 17:00",,,,,,,,,,,,,,,,,,,,,,,,0,0,0,,,0,0,0,0,,
"20-Jun-2024 17:00",,,,,,,,,,,,,,,,,,,,,,,,0,0,0,,,0,0,0,0,,
"21-Jun-2024 17:00",,,,,,,,,,,,,,,,,,,,,,,,0,0,0,,,0,0,0,0,,
"24-Jun-2024 17:00",,,,,,,,,,,,,,,,,,,,,,,,0,0,0,,,0,0,0,0,,
"25-Jun-2024 17:00",,,,,,,,,,,,,,,,,,,,,,,,0,0,0,,,0,0,0,0,,
"26-Jun-2024 17:00",,,,,,,,,,,,,,,,,,,,,,,,0,2,0,,,0,0,0,0,,
"27-Jun-2024 17:00",,,,,,,,,,,,,,,,,,,,,,,,0,0,1,,,0,0,0,0,,
"28-Jun-2024 17:00",,,,,,,,,,,,,,,,,,,,,,,,0,0,0,,,0,0,0,0,,
"01-Jul-2024 17:00",,,,,,,,,,,,,,,,,,,,,,,,,0,0,,,0,0,0,0,,
"02-Jul-2024 17:00",,,,,,,,,,,,,,,,,,,,,,,,,0,0,,,0,0,0,0,,
"03-Jul-2024 17:00",,,,,,,,,,,,,,,,,,,,,,,,,0,0,,,0,0,0,0,,
"04-Jul-2024 17:00",,,,,,,,,,,,,,,,,,,,,,,,,0,0,,,0,0,0,0,,
"05-Jul-2024 17:00",,,,,,,,,,,,,,,,,,,,,,,,,0,0,,,0,0,0,0,,
"08-Jul-2024 17:00",,,,,,,,,,,,,,,,,,,,,,,,,0,0,,,0,0,0,0,,
"09-Jul-2024 17:00",,,,,,,,,,,,,,,,,,,,,,,,,0,0,,,0,0,0,0,,
"10-Jul-2024 17:00",,,,,,,,,,,,,,,,,,,,,,,,,0,0,,,0,0,0,0,,
"11-Jul-2024 17:00",,,,,,,,,,,,,,,,,,,,,,,,,0,0,,,0,0,0,0,,
"12-Jul-2024 17:00",,,,,,,,,,,,,,,,,,,,,,,,,0,0,,,0,0,0,0,,
"15-Jul-2024 17:00",,,,,,,,,,,,,,,,,,,,,,,,,0,0,,,0,0,0,0,,
"16-Jul-2024 17:00",,,,,,,,,,,,,,,,,,,,,,,,,0,0,,,0,0,0,0,,
"17-Jul-2024 17:00",,,,,,,,,,,,,,,,,,,,,,,,,0,0,,,0,0,0,0,,
"18-Jul-2024 17:00",,,,,,,,,,,,,,,,,,,,,,,,,2,2,,,2,0,0,0,,
"19-Jul-2024 17:00",,,,,,,,,,,,,,,,,,,,,,,,,0,0,,,0,0,0,0,,
"22-Jul-2024 17:00",,,,,,,,,,,,,,,,,,,,,,,,,0,0,,,0,0,0,0,,
"23-Jul-2024 17:00",,,,,,,,,,,,,,,,,,,,,,,,,0,0,,,2,1,0,0,,
"24-Jul-2024 17:00",,,,,,,,,,,,,,,,,,,,,,,,,0,0,,,0,0,0,0,,
"25-Jul-2024 17:00",,,,,,,,,,,,,,,,,,,,,,,,,0,0,,,0,0,0,0,,
"26-Jul-2024 17:00",,,,,,,,,,,,,,,,,,,,,,,,,7,0,,,0,0,0,0,,
"29-Jul-2024 17:00",,,,,,,,,,,,,,,,,,,,,,,,,0,0,,,0,0,0,0,,
"30-Jul-2024 17:00",,,,,,,,,,,,,,,,,,,,,,,,,5,0,,,0,0,0,0,,
"31-Jul-2024 17:00",,,,,,,,,,,,,,,,,,,,,,,,,0,0,,,2,0,0,0,,
"01-Aug-2024 17:00",,,,,,,,,,,,,,,,,,,,,,,,,0,0,,,0,0,0,0,,
"02-Aug-2024 17:00",,,,,,,,,,,,,,,,,,,,,,,,,0,0,,,0,0,0,0,,
"05-Aug-2024 17:00",,,,,,,,,,,,,,,,,,,,,,,,,0,0,,,6,6,0,6,,
"06-Aug-2024 17:00",,,,,,,,,,,,,,,,,,,,,,,,,0,0,,,4,4,0,4,,
"07-Aug-2024 17:00",,,,,,,,,,,,,,,,,,,,,,,,,0,0,,,4,4,0,4,,
"08-Aug-2024 17:00",,,,,,,,,,,,,,,,,,,,,,,,,0,0,,,5,10,0,5,,
"09-Aug-2024 17:00",,,,,,,,,,,,,,,,,,,,,,,,,0,0,,,0,0,0,0,,
"12-Aug-2024 17:00",,,,,,,,,,,,,,,,,,,,,,,,,0,0,,,0,1,0,0,,
"13-Aug-2024 17:00",,,,,,,,,,,,,,,,,,,,,,,,,0,0,,,4,0,0,0,,
"14-Aug-2024 17:00",,,,,,,,,,,,,,,,,,,,,,,,,0,0,,,0,0,0,0,,
"15-Aug-2024 17:00",,,,,,,,,,,,,,,,,,,,,,,,,0,0,,,0,0,0,0,,
"16-Aug-2024 17:00",,,,,,,,,,,,,,,,,,,,,,,,,0,10,,,0,0,0,0,,
"19-Aug-2024 17:00",,,,,,,,,,,,,,,,,,,,,,,,,0,0,,,0,0,0,0,,
"20-Aug-2024 17:00",,,,,,,,,,,,,,,,,,,,,,,,,0,0,,,0,0,0,0,,
"21-Aug-2024 17:00",,,,,,,,,,,,,,,,,,,,,,,,,0,0,,,0,0,0,0,,
"22-Aug-2024 17:00",,,,,,,,,,,,,,,,,,,,,,,,,0,0,,,0,0,0,0,,
"23-Aug-2024 17:00",,,,,,,,,,,,,,,,,,,,,,,,,0,0,,,0,0,0,0,,
"26-Aug-2024 17:00",,,,,,,,,,,,,,,,,,,,,,,,,0,0,,,0,0,0,0,,
"27-Aug-2024 17:00",,,,,,,,,,,,,,,,,,,,,,,,,0,0,,,0,0,0,0,,
"28-Aug-2024 17:00",,,,,,,,,,,,,,,,,,,,,,,,,0,0,,,0,0,0,0,,
"29-Aug-2024 17:00",,,,,,,,,,,,,,,,,,,,,,,,,0,0,,,0,0,0,0,,
"30-Aug-2024 17:00",,,,,,,,,,,,,,,,,,,,,,,,,0,0,,,0,0,0,0,,
"02-Sep-2024 17:00",,,,,,,,,,,,,,,,,,,,,,,,,0,0,,,0,0,0,0,,
"03-Sep-2024 17:00",,,,,,,,,,,,,,,,,,,,,,,,,0,0,,,0,0,0,0,,
"04-Sep-2024 17:00",,,,,,,,,,,,,,,,,,,,,,,,,0,0,,,0,0,0,0,,
"05-Sep-2024 17:00",,,,,,,,,,,,,,,,,,,,,,,,,0,0,,,0,0,0,0,,
"06-Sep-2024 17:00",,,,,,,,,,,,,,,,,,,,,,,,,0,0,,,0,0,0,0,,
"09-Sep-2024 17:00",,,,,,,,,,,,,,,,,,,,,,,,,0,5,,,5,5,0,0,,
"10-Sep-2024 17:00",,,,,,,,,,,,,,,,,,,,,,,,,0,0,,,4,0,0,0,,
"11-Sep-2024 17:00",,,,,,,,,,,,,,,,,,,,,,,,,0,0,,,0,0,0,0,,
"12-Sep-2024 17:00",,,,,,,,,,,,,,,,,,,,,,,,,0,0,,,7,2,0,0,,
"13-Sep-2024 17:00",,,,,,,,,,,,,,,,,,,,,,,,,0,20,,,0,0,0,0,,
"16-Sep-2024 17:00",,,,,,,,,,,,,,,,,,,,,,,,,0,0,,,0,0,0,0,,
"17-Sep-2024 17:00",,,,,,,,,,,,,,,,,,,,,,,,,0,0,,,4,0,0,0,,
"18-Sep-2024 17:00",,,,,,,,,,,,,,,,,,,,,,,,,0,0,,,0,0,0,0,,
"19-Sep-2024 17:00",,,,,,,,,,,,,,,,,,,,,,,,,0,0,,,0,0,0,0,,
"20-Sep-2024 17:00",,,,,,,,,,,,,,,,,,,,,,,,,0,5,,,0,0,0,0,,
"23-Sep-2024 17:00",,,,,,,,,,,,,,,,,,,,,,,,,0,0,,,0,0,0,0,,
"24-Sep-2024 17:00",,,,,,,,,,,,,,,,,,,,,,,,,0,0,,,0,0,0,0,,
"25-Sep-2024 17:00",,,,,,,,,,,,,,,,,,,,,,,,,0,0,,,0,0,0,0,,
"26-Sep-2024 17:00",,,,,,,,,,,,,,,,,,,,,,,,,0,0,,,0,0,0,0,,
"27-Sep-2024 17:00",,,,,,,,,,,,,,,,,,,,,,,,,0,0,,,0,0,0,0,,
"30-Sep-2024 17:00",,,,,,,,,,,,,,,,,,,,,,,,,0,6,,,0,0,0,0,,
"01-Oct-2024 17:00",,,,,,,,,,,,,,,,,,,,,,,,,,0,,,0,0,,0,,
"02-Oct-2024 17:00",,,,,,,,,,,,,,,,,,,,,,,,,,12,,,0,0,,0,,
"03-Oct-2024 17:00",,,,,,,,,,,,,,,,,,,,,,,,,,0,,,0,0,,0,,
"04-Oct-2024 17:00",,,,,,,,,,,,,,,,,,,,,,,,,,0,,,0,0,,0,,
"07-Oct-2024 16:00",,,,,,,,,,,,,,,,,,,,,,,,,,0,,,0,0,,0,,
"08-Oct-2024 16:00",,,,,,,,,,,,,,,,,,,,,,,,,,0,,,0,0,,0,,
"09-Oct-2024 16:00",,,,,,,,,,,,,,,,,,,,,,,,,,6,,,4,4,,4,,
"10-Oct-2024 16:00",,,,,,,,,,,,,,,,,,,,,,,,,,0,,,0,0,,0,,
"11-Oct-2024 16:00",,,,,,,,,,,,,,,,,,,,,,,,,,0,,,0,0,,0,,
"14-Oct-2024 16:00",,,,,,,,,,,,,,,,,,,,,,,,,,0,,,2,0,,0,,
"15-Oct-2024 16:00",,,,,,,,,,,,,,,,,,,,,,,,,,0,,,0,0,,0,,
"16-Oct-2024 16:00",,,,,,,,,,,,,,,,,,,,,,,,,,0,,,0,0,,0,,
"17-Oct-2024 16:00",,,,,,,,,,,,,,,,,,,,,,,,,,0,,,0,0,,0,,
"18-Oct-2024 16:00",,,,,,,,,,,,,,,,,,,,,,,,,,0,,,7,0,,0,,
"21-Oct-2024 16:00",,,,,,,,,,,,,,,,,,,,,,,,,,0,,,0,0,,0,,
"22-Oct-2024 16:00",,,,,,,,,,,,,,,,,,,,,,,,,,2,,,0,0,,0,,
"23-Oct-2024 16:00",,,,,,,,,,,,,,,,,,,,,,,,,,0,,,0,0,,0,,
"24-Oct-2024 16:00",,,,,,,,,,,,,,,,,,,,,,,,,,0,,,13,3,,3,,
"25-Oct-2024 16:00",,,,,,,,,,,,,,,,,,,,,,,,,,0,,,0,0,,0,,
"28-Oct-2024 16:00",,,,,,,,,,,,,,,,,,,,,,,,,,0,,,0,0,,0,,
"29-Oct-2024 16:00",,,,,,,,,,,,,,,,,,,,,,,,,,0,,,0,0,,0,,
"30-Oct-2024 16:00",,,,,,,,,,,,,,,,,,,,,,,,,,0,,,0,0,,0,,
"31-Oct-2024 16:00",,,,,,,,,,,,,,,,,,,,,,,,,,0,,,0,0,,0,,
"01-Nov-2024 16:00",,,,,,,,,,,,,,,,,,,,,,,,,,0,,,0,0,,0,,
"04-Nov-2024 16:00",,,,,,,,,,,,,,,,,,,,,,,,,,0,,,0,0,,0,,
"05-Nov-2024 16:00",,,,,,,,,,,,,,,,,,,,,,,,,,0,,,0,0,,0,,
"06-Nov-2024 16:00",,,,,,,,,,,,,,,,,,,,,,,,,,0,,,0,0,,0,,
"07-Nov-2024 16:00",,,,,,,,,,,,,,,,,,,,,,,,,,0,,,0,0,,0,,
"08-Nov-2024 16:00",,,,,,,,,,,,,,,,,,,,,,,,,,0,,,0,0,,0,,
"11-Nov-2024 16:00",,,,,,,,,,,,,,,,,,,,,,,,,,0,,,0,0,,0,,
"12-Nov-2024 16:00",,,,,,,,,,,,,,,,,,,,,,,,,,0,,,0,0,,0,,
"13-Nov-2024 16:00",,,,,,,,,,,,,,,,,,,,,,,,,,0,,,0,0,,0,,
"14-Nov-2024 16:00",,,,,,,,,,,,,,,,,,,,,,,,,,0,,,0,0,,0,,
"15-Nov-2024 16:00",,,,,,,,,,,,,,,,,,,,,,,,,,0,,,35,10,,10,,
"18-Nov-2024 16:00",,,,,,,,,,,,,,,,,,,,,,,,,,0,,,16,16,,11,,
"19-Nov-2024 16:00",,,,,,,,,,,,,,,,,,,,,,,,,,0,,,0,0,,0,,
"20-Nov-2024 16:00",,,,,,,,,,,,,,,,,,,,,,,,,,0,,,0,1,,0,,
"21-Nov-2024 16:00",,,,,,,,,,,,,,,,,,,,,,,,,,0,,,0,1,,0,,
"22-Nov-2024 16:00",,,,,,,,,,,,,,,,,,,,,,,,,,0,,,0,0,,0,,
"25-Nov-2024 16:00",,,,,,,,,,,,,,,,,,,,,,,,,,0,,,0,0,,0,,
"26-Nov-2024 16:00",,,,,,,,,,,,,,,,,,,,,,,,,,0,,,7,0,,0,,
"27-Nov-2024 16:00",,,,,,,,,,,,,,,,,,,,,,,,,,0,,,0,0,,0,,
"28-Nov-2024 16:00",,,,,,,,,,,,,,,,,,,,,,,,,,0,,,0,0,,0,,
"29-Nov-2024 16:00",,,,,,,,,,,,,,,,,,,,,,,,,,0,,,0,0,,0,,
"02-Dec-2024 16:00",,,,,,,,,,,,,,,,,,,,,,,,,,0,,,0,0,,0,,
"03-Dec-2024 16:00",,,,,,,,,,,,,,,,,,,,,,,,,,0,,,5,0,,0,,
"04-Dec-2024 16:00",,,,,,,,,,,,,,,,,,,,,,,,,,0,,,0,0,,0,,
"05-Dec-2024 16:00",,,,,,,,,,,,,,,,,,,,,,,,,,1,,,3,0,,0,,
"06-Dec-2024 16:00",,,,,,,,,,,,,,,,,,,,,,,,,,0,,,0,0,,0,,
"09-Dec-2024 16:00",,,,,,,,,,,,,,,,,,,,,,,,,,0,,,0,0,,0,,
"10-Dec-2024 16:00",,,,,,,,,,,,,,,,,,,,,,,,,,0,,,0,0,,0,,
"11-Dec-2024 16:00",,,,,,,,,,,,,,,,,,,,,,,,,,0,,,0,0,,0,,
"12-Dec-2024 16:00",,,,,,,,,,,,,,,,,,,,,,,,,,0,,,0,0,,0,,
"13-Dec-2024 16:00",,,,,,,,,,,,,,,,,,,,,,,,,,0,,,0,0,,0,,
"16-Dec-2024 16:00",,,,,,,,,,,,,,,,,,,,,,,,,,0,,,0,0,,0,,
"17-Dec-2024 16:00",,,,,,,,,,,,,,,,,,,,,,,,,,0,,,0,0,,0,,
"18-Dec-2024 16:00",,,,,,,,,,,,,,,,,,,,,,,,,,0,,,1,1,,1,,
"19-Dec-2024 16:00",,,,,,,,,,,,,,,,,,,,,,,,,,0,,,15,0,,0,,
"20-Dec-2024 16:00",,,,,,,,,,,,,,,,,,,,,,,,,,0,,,0,0,,0,,
"23-Dec-2024 16:00",,,,,,,,,,,,,,,,,,,,,,,,,,0,,,0,0,,0,,
"24-Dec-2024 16:00",,,,,,,,,,,,,,,,,,,,,,,,,,0,,,0,0,,0,,
"27-Dec-2024 16:00",,,,,,,,,,,,,,,,,,,,,,,,,,0,,,0,0,,0,,
"30-Dec-2024 16:00",,,,,,,,,,,,,,,,,,,,,,,,,,0,,,0,0,,0,,
"31-Dec-2024 16:00",,,,,,,,,,,,,,,,,,,,,,,,,,0,,,0,0,,0,,
"02-Jan-2025 16:00",,,,,,,,,,,,,,,,,,,,,,,,,,,,,1,0,,0,,
"03-Jan-2025 16:00",,,,,,,,,,,,,,,,,,,,,,,,,,,,,0,0,,0,,
"06-Jan-2025 16:00",,,,,,,,,,,,,,,,,,,,,,,,,,,,,0,0,,0,,
"07-Jan-2025 16:00",,,,,,,,,,,,,,,,,,,,,,,,,,,,,0,0,,0,,
"08-Jan-2025 16:00",,,,,,,,,,,,,,,,,,,,,,,,,,,,,2,0,,0,,
"09-Jan-2025 16:00",,,,,,,,,,,,,,,,,,,,,,,,,,,,,0,0,,0,,
"10-Jan-2025 16:00",,,,,,,,,,,,,,,,,,,,,,,,,,,,,2,0,,0,,
"13-Jan-2025 16:00",,,,,,,,,,,,,,,,,,,,,,,,,,,,,0,0,,0,,
"14-Jan-2025 16:00",,,,,,,,,,,,,,,,,,,,,,,,,,,,,0,2,,0,,
"15-Jan-2025 16:00",,,,,,,,,,,,,,,,,,,,,,,,,,,,,0,0,,0,,
"16-Jan-2025 16:00",,,,,,,,,,,,,,,,,,,,,,,,,,,,,0,0,,0,,
"17-Jan-2025 16:00",,,,,,,,,,,,,,,,,,,,,,,,,,,,,0,0,,0,,
"20-Jan-2025 16:00",,,,,,,,,,,,,,,,,,,,,,,,,,,,,0,0,,0,,
"21-Jan-2025 16:00",,,,,,,,,,,,,,,,,,,,,,,,,,,,,0,0,,0,,
"22-Jan-2025 16:00",,,,,,,,,,,,,,,,,,,,,,,,,,,,,0,0,,0,,
"23-Jan-2025 16:00",,,,,,,,,,,,,,,,,,,,,,,,,,,,,0,0,,0,,
"24-Jan-2025 16:00",,,,,,,,,,,,,,,,,,,,,,,,,,,,,0,0,,0,,
"27-Jan-2025 16:00",,,,,,,,,,,,,,,,,,,,,,,,,,,,,0,0,,0,,
"28-Jan-2025 16:00",,,,,,,,,,,,,,,,,,,,,,,,,,,,,0,0,,0,,
"29-Jan-2025 16:00",,,,,,,,,,,,,,,,,,,,,,,,,,,,,0,17,,0,,
"30-Jan-2025 16:00",,,,,,,,,,,,,,,,,,,,,,,,,,,,,0,0,,0,,
"31-Jan-2025 16:00",,,,,,,,,,,,,,,,,,,,,,,,,,,,,0,0,,0,,
"03-Feb-2025 16:00",,,,,,,,,,,,,,,,,,,,,,,,,,,,,9,0,,0,,
"04-Feb-2025 16:00",,,,,,,,,,,,,,,,,,,,,,,,,,,,,0,0,,0,,
"05-Feb-2025 16:00",,,,,,,,,,,,,,,,,,,,,,,,,,,,,0,0,,0,,
"06-Feb-2025 16:00",,,,,,,,,,,,,,,,,,,,,,,,,,,,,0,0,,0,,
"07-Feb-2025 16:00",,,,,,,,,,,,,,,,,,,,,,,,,,,,,0,5,,0,,
"10-Feb-2025 16:00",,,,,,,,,,,,,,,,,,,,,,,,,,,,,0,0,,0,,
"11-Feb-2025 16:00",,,,,,,,,,,,,,,,,,,,,,,,,,,,,0,0,,0,,
"12-Feb-2025 16:00",,,,,,,,,,,,,,,,,,,,,,,,,,,,,0,0,,0,,
"13-Feb-2025 16:00",,,,,,,,,,,,,,,,,,,,,,,,,,,,,0,0,,0,,
"14-Feb-2025 16:00",,,,,,,,,,,,,,,,,,,,,,,,,,,,,0,0,,0,,
"17-Feb-2025 16:00",,,,,,,,,,,,,,,,,,,,,,,,,,,,,0,0,,0,,
"18-Feb-2025 16:00",,,,,,,,,,,,,,,,,,,,,,,,,,,,,0,0,,0,,
"19-Feb-2025 16:00",,,,,,,,,,,,,,,,,,,,,,,,,,,,,0,0,,0,,
"20-Feb-2025 16:00",,,,,,,,,,,,,,,,,,,,,,,,,,,,,0,0,,0,,
"21-Feb-2025 16:00",,,,,,,,,,,,,,,,,,,,,,,,,,,,,0,0,,0,,
"24-Feb-2025 16:00",,,,,,,,,,,,,,,,,,,,,,,,,,,,,0,0,,0,,
"25-Feb-2025 16:00",,,,,,,,,,,,,,,,,,,,,,,,,,,,,0,0,,0,,
"26-Feb-2025 16:00",,,,,,,,,,,,,,,,,,,,,,,,,,,,,0,0,,0,,
"27-Feb-2025 16:00",,,,,,,,,,,,,,,,,,,,,,,,,,,,,0,0,,0,,
"28-Feb-2025 16:00",,,,,,,,,,,,,,,,,,,,,,,,,,,,,0,1,,0,,
"03-Mar-2025 16:00",,,,,,,,,,,,,,,,,,,,,,,,,,,,,0,0,,0,,
"04-Mar-2025 16:00",,,,,,,,,,,,,,,,,,,,,,,,,,,,,0,0,,0,,
"05-Mar-2025 16:00",,,,,,,,,,,,,,,,,,,,,,,,,,,,,0,0,,0,,
"06-Mar-2025 16:00",,,,,,,,,,,,,,,,,,,,,,,,,,,,,0,0,,0,,
"07-Mar-2025 16:00",,,,,,,,,,,,,,,,,,,,,,,,,,,,,0,0,,0,,
"10-Mar-2025 16:00",,,,,,,,,,,,,,,,,,,,,,,,,,,,,0,0,,0,,
"11-Mar-2025 16:00",,,,,,,,,,,,,,,,,,,,,,,,,,,,,0,0,,0,,
"12-Mar-2025 16:00",,,,,,,,,,,,,,,,,,,,,,,,,,,,,0,0,,0,,
"13-Mar-2025 16:00",,,,,,,,,,,,,,,,,,,,,,,,,,,,,0,0,,0,,
"14-Mar-2025 16:00",,,,,,,,,,,,,,,,,,,,,,,,,,,,,0,0,,0,,
"17-Mar-2025 16:00",,,,,,,,,,,,,,,,,,,,,,,,,,,,,0,0,,0,,
"18-Mar-2025 16:00",,,,,,,,,,,,,,,,,,,,,,,,,,,,,0,0,,0,,
"19-Mar-2025 16:00",,,,,,,,,,,,,,,,,,,,,,,,,,,,,0,0,,0,,
"20-Mar-2025 16:00",,,,,,,,,,,,,,,,,,,,,,,,,,,,,0,0,,0,,
"21-Mar-2025 16:00",,,,,,,,,,,,,,,,,,,,,,,,,,,,,0,0,,0,,
"24-Mar-2025 16:00",,,,,,,,,,,,,,,,,,,,,,,,,,,,,0,0,,0,,
"25-Mar-2025 16:00",,,,,,,,,,,,,,,,,,,,,,,,,,,,,0,12,,0,,
"26-Mar-2025 16:00",,,,,,,,,,,,,,,,,,,,,,,,,,,,,0,0,,0,,
"27-Mar-2025 16:00",,,,,,,,,,,,,,,,,,,,,,,,,,,,,0,0,,0,,
"28-Mar-2025 16:00",,,,,,,,,,,,,,,,,,,,,,,,,,,,,0,2,,0,,
"31-Mar-2025 16:00",,,,,,,,,,,,,,,,,,,,,,,,,,,,,0,0,,0,,
"01-Apr-2025 16:00",,,,,,,,,,,,,,,,,,,,,,,,,,,,,,0,,,,
"02-Apr-2025 16:00",,,,,,,,,,,,,,,,,,,,,,,,,,,,,,0,,,,
"03-Apr-2025 16:00",,,,,,,,,,,,,,,,,,,,,,,,,,,,,,0,,,,
"04-Apr-2025 16:00",,,,,,,,,,,,,,,,,,,,,,,,,,,,,,0,,,,
"07-Apr-2025 17:00",,,,,,,,,,,,,,,,,,,,,,,,,,,,,,0,,,,
"08-Apr-2025 17:00",,,,,,,,,,,,,,,,,,,,,,,,,,,,,,0,,,,
"09-Apr-2025 17:00",,,,,,,,,,,,,,,,,,,,,,,,,,,,,,0,,,,
"10-Apr-2025 17:00",,,,,,,,,,,,,,,,,,,,,,,,,,,,,,0,,,,
"11-Apr-2025 17:00",,,,,,,,,,,,,,,,,,,,,,,,,,,,,,0,,,,
"14-Apr-2025 17:00",,,,,,,,,,,,,,,,,,,,,,,,,,,,,,0,,,,
"15-Apr-2025 17:00",,,,,,,,,,,,,,,,,,,,,,,,,,,,,,0,,,,
"16-Apr-2025 17:00",,,,,,,,,,,,,,,,,,,,,,,,,,,,,,0,,,,
"17-Apr-2025 17:00",,,,,,,,,,,,,,,,,,,,,,,,,,,,,,0,,,,
"22-Apr-2025 17:00",,,,,,,,,,,,,,,,,,,,,,,,,,,,,,0,,,,
"23-Apr-2025 17:00",,,,,,,,,,,,,,,,,,,,,,,,,,,,,,7,,,,
"24-Apr-2025 17:00",,,,,,,,,,,,,,,,,,,,,,,,,,,,,,0,,,,
"25-Apr-2025 17:00",,,,,,,,,,,,,,,,,,,,,,,,,,,,,,0,,,,
"28-Apr-2025 17:00",,,,,,,,,,,,,,,,,,,,,,,,,,,,,,0,,,,
"29-Apr-2025 17:00",,,,,,,,,,,,,,,,,,,,,,,,,,,,,,0,,,,
"30-Apr-2025 17:00",,,,,,,,,,,,,,,,,,,,,,,,,,,,,,5,,,,
"01-May-2025 17:00",,,,,,,,,,,,,,,,,,,,,,,,,,,,,,0,,,,
"02-May-2025 17:00",,,,,,,,,,,,,,,,,,,,,,,,,,,,,,0,,,,
"05-May-2025 17:00",,,,,,,,,,,,,,,,,,,,,,,,,,,,,,0,,,,
"06-May-2025 17:00",,,,,,,,,,,,,,,,,,,,,,,,,,,,,,0,,,,
"07-May-2025 17:00",,,,,,,,,,,,,,,,,,,,,,,,,,,,,,2,,,,
"08-May-2025 17:00",,,,,,,,,,,,,,,,,,,,,,,,,,,,,,2,,,,
"09-May-2025 17:00",,,,,,,,,,,,,,,,,,,,,,,,,,,,,,0,,,,
"12-May-2025 17:00",,,,,,,,,,,,,,,,,,,,,,,,,,,,,,0,,,,
"13-May-2025 17:00",,,,,,,,,,,,,,,,,,,,,,,,,,,,,,0,,,,
"14-May-2025 17:00",,,,,,,,,,,,,,,,,,,,,,,,,,,,,,0,,,,
"15-May-2025 17:00",,,,,,,,,,,,,,,,,,,,,,,,,,,,,,0,,,,
"16-May-2025 17:00",,,,,,,,,,,,,,,,,,,,,,,,,,,,,,0,,,,
"19-May-2025 17:00",,,,,,,,,,,,,,,,,,,,,,,,,,,,,,0,,,,
"20-May-2025 17:00",,,,,,,,,,,,,,,,,,,,,,,,,,,,,,0,,,,
"21-May-2025 17:00",,,,,,,,,,,,,,,,,,,,,,,,,,,,,,0,,,,
"22-May-2025 17:00",,,,,,,,,,,,,,,,,,,,,,,,,,,,,,0,,,,
"23-May-2025 17:00",,,,,,,,,,,,,,,,,,,,,,,,,,,,,,0,,,,
"26-May-2025 17:00",,,,,,,,,,,,,,,,,,,,,,,,,,,,,,0,,,,
"27-May-2025 17:00",,,,,,,,,,,,,,,,,,,,,,,,,,,,,,0,,,,
"28-May-2025 17:00",,,,,,,,,,,,,,,,,,,,,,,,,,,,,,0,,,,
"29-May-2025 17:00",,,,,,,,,,,,,,,,,,,,,,,,,,,,,,0,,,,
"30-May-2025 17:00",,,,,,,,,,,,,,,,,,,,,,,,,,,,,,0,,,,
"02-Jun-2025 17:00",,,,,,,,,,,,,,,,,,,,,,,,,,,,,,0,,,,
"03-Jun-2025 17:00",,,,,,,,,,,,,,,,,,,,,,,,,,,,,,0,,,,
"04-Jun-2025 17:00",,,,,,,,,,,,,,,,,,,,,,,,,,,,,,0,,,,
"05-Jun-2025 17:00",,,,,,,,,,,,,,,,,,,,,,,,,,,,,,0,,,,
"06-Jun-2025 17:00",,,,,,,,,,,,,,,,,,,,,,,,,,,,,,0,,,,
"09-Jun-2025 17:00",,,,,,,,,,,,,,,,,,,,,,,,,,,,,,0,,,,
"10-Jun-2025 17:00",,,,,,,,,,,,,,,,,,,,,,,,,,,,,,0,,,,
"11-Jun-2025 17:00",,,,,,,,,,,,,,,,,,,,,,,,,,,,,,0,,,,
"12-Jun-2025 17:00",,,,,,,,,,,,,,,,,,,,,,,,,,,,,,2,,,,
"13-Jun-2025 17:00",,,,,,,,,,,,,,,,,,,,,,,,,,,,,,0,,,,
"16-Jun-2025 17:00",,,,,,,,,,,,,,,,,,,,,,,,,,,,,,0,,,,
"17-Jun-2025 17:00",,,,,,,,,,,,,,,,,,,,,,,,,,,,,,1,,,,
"18-Jun-2025 17:00",,,,,,,,,,,,,,,,,,,,,,,,,,,,,,0,,,,
"19-Jun-2025 17:00",,,,,,,,,,,,,,,,,,,,,,,,,,,,,,0,,,,
"20-Jun-2025 17:00",,,,,,,,,,,,,,,,,,,,,,,,,,,,,,0,,,,
"23-Jun-2025 17:00",,,,,,,,,,,,,,,,,,,,,,,,,,,,,,0,,,,
"24-Jun-2025 17:00",,,,,,,,,,,,,,,,,,,,,,,,,,,,,,11,,,,
"25-Jun-2025 17:00",,,,,,,,,,,,,,,,,,,,,,,,,,,,,,3,,,,
"26-Jun-2025 17:00",,,,,,,,,,,,,,,,,,,,,,,,,,,,,,0,,,,
"27-Jun-2025 17:00",,,,,,,,,,,,,,,,,,,,,,,,,,,,,,0,,,,
"30-Jun-2025 17:00",,,,,,,,,,,,,,,,,,,,,,,,,,,,,,0,,,,
