Region,Date,Highest-priced hour,Lowest-priced hour
NSW,2015-01-01,16,5
NSW,2015-01-02,13,5
NSW,2015-01-03,16,5
NSW,2015-01-04,13,5
NSW,2015-01-05,16,1
NSW,2015-01-06,16,3
NSW,2015-01-07,15,3
NSW,2015-01-08,14,2
NSW,2015-01-09,11,22
NSW,2015-01-10,13,5
NSW,2015-01-11,20,5
NSW,2015-01-12,16,2
NSW,2015-01-13,15,2
NSW,2015-01-14,19,2
NSW,2015-01-15,8,3
NSW,2015-01-16,15,3
NSW,2015-01-17,23,3
NSW,2015-01-18,20,5
NSW,2015-01-19,7,3
NSW,2015-01-20,15,3
NSW,2015-01-21,13,2
NSW,2015-01-22,14,2
NSW,2015-01-23,15,3
NSW,2015-01-24,19,5
NSW,2015-01-25,16,5
NSW,2015-01-26,11,5
NSW,2015-01-27,11,2
NSW,2015-01-28,16,2
NSW,2015-01-29,14,3
NSW,2015-01-30,15,2
NSW,2015-01-31,15,2
NSW,2015-02-01,16,3
NSW,2015-02-02,13,2
NSW,2015-02-03,9,2
NSW,2015-02-04,16,2
NSW,2015-02-05,19,2
NSW,2015-02-06,6,2
NSW,2015-02-07,17,3
NSW,2015-02-08,17,6
NSW,2015-02-09,16,3
NSW,2015-02-10,15,2
NSW,2015-02-11,15,2
NSW,2015-02-12,12,2
NSW,2015-02-13,10,2
NSW,2015-02-14,13,3
NSW,2015-02-15,17,3
NSW,2015-02-16,16,2
NSW,2015-02-17,6,3
NSW,2015-02-18,19,1
NSW,2015-02-19,11,1
NSW,2015-02-20,10,1
NSW,2015-02-21,16,3
NSW,2015-02-22,17,23
NSW,2015-02-23,16,2
NSW,2015-02-24,5,1
NSW,2015-02-25,6,2
NSW,2015-02-26,6,2
NSW,2015-02-27,15,1
NSW,2015-02-28,16,2
NSW,2015-03-01,17,3
NSW,2015-03-02,19,1
NSW,2015-03-03,16,2
NSW,2015-03-04,15,23
NSW,2015-03-05,9,1
NSW,2015-03-06,19,2
NSW,2015-03-07,8,3
NSW,2015-03-08,19,5
NSW,2015-03-09,16,2
NSW,2015-03-10,12,1
NSW,2015-03-11,17,2
NSW,2015-03-12,6,3
NSW,2015-03-13,8,1
NSW,2015-03-14,19,3
NSW,2015-03-15,18,3
NSW,2015-03-16,16,3
NSW,2015-03-17,6,2
NSW,2015-03-18,18,2
NSW,2015-03-19,16,2
NSW,2015-03-20,11,3
NSW,2015-03-21,18,3
NSW,2015-03-22,18,3
NSW,2015-03-23,6,2
NSW,2015-03-24,6,3
NSW,2015-03-25,6,3
NSW,2015-03-26,7,3
NSW,2015-03-27,18,3
NSW,2015-03-28,18,3
NSW,2015-03-29,18,3
NSW,2015-03-30,6,3
NSW,2015-03-31,6,2
NSW,2015-04-01,6,2
NSW,2015-04-02,12,2
NSW,2015-04-03,18,2
NSW,2015-04-04,18,3
NSW,2015-04-05,18,5
NSW,2015-04-06,17,4
NSW,2015-04-07,18,3
NSW,2015-04-08,6,3
NSW,2015-04-09,6,3
NSW,2015-04-10,10,3
NSW,2015-04-11,6,4
NSW,2015-04-12,18,5
NSW,2015-04-13,18,3
NSW,2015-04-14,18,3
NSW,2015-04-15,14,4
NSW,2015-04-16,15,4
NSW,2015-04-17,10,3
NSW,2015-04-18,9,3
NSW,2015-04-19,18,3
NSW,2015-04-20,8,3
NSW,2015-04-21,17,3
NSW,2015-04-22,18,3
NSW,2015-04-23,18,3
NSW,2015-04-24,6,2
NSW,2015-04-25,18,3
NSW,2015-04-26,18,4
NSW,2015-04-27,18,2
NSW,2015-04-28,17,3
NSW,2015-04-29,17,3
NSW,2015-04-30,8,3
NSW,2015-05-01,8,10
NSW,2015-05-02,18,4
NSW,2015-05-03,17,5
NSW,2015-05-04,17,3
NSW,2015-05-05,17,3
NSW,2015-05-06,18,3
NSW,2015-05-07,7,2
NSW,2015-05-08,7,2
NSW,2015-05-09,17,4
NSW,2015-05-10,18,2
NSW,2015-05-11,17,2
NSW,2015-05-12,18,4
NSW,2015-05-13,18,3
NSW,2015-05-14,6,3
NSW,2015-05-15,7,3
NSW,2015-05-16,17,4
NSW,2015-05-17,18,5
NSW,2015-05-18,17,3
NSW,2015-05-19,17,3
NSW,2015-05-20,17,2
NSW,2015-05-21,17,2
NSW,2015-05-22,11,4
NSW,2015-05-23,17,2
NSW,2015-05-24,17,3
NSW,2015-05-25,17,3
NSW,2015-05-26,6,4
NSW,2015-05-27,17,3
NSW,2015-05-28,17,3
NSW,2015-05-29,17,3
NSW,2015-05-30,17,5
NSW,2015-05-31,17,6
NSW,2015-06-01,18,3
NSW,2015-06-02,6,2
NSW,2015-06-03,6,23
NSW,2015-06-04,7,3
NSW,2015-06-05,7,3
NSW,2015-06-06,17,14
NSW,2015-06-07,17,3
NSW,2015-06-08,17,3
NSW,2015-06-09,17,3
NSW,2015-06-10,6,3
NSW,2015-06-11,17,3
NSW,2015-06-12,8,3
NSW,2015-06-13,17,5
NSW,2015-06-14,17,5
NSW,2015-06-15,8,3
NSW,2015-06-16,17,3
NSW,2015-06-17,20,3
NSW,2015-06-18,16,3
NSW,2015-06-19,17,3
NSW,2015-06-20,17,6
NSW,2015-06-21,17,6
NSW,2015-06-22,17,3
NSW,2015-06-23,17,3
NSW,2015-06-24,8,3
NSW,2015-06-25,17,3
NSW,2015-06-26,7,4
NSW,2015-06-27,17,4
NSW,2015-06-28,17,3
NSW,2015-06-29,18,2
NSW,2015-06-30,17,4
NSW,2015-07-01,17,3
NSW,2015-07-02,18,3
NSW,2015-07-03,8,3
NSW,2015-07-04,18,6
NSW,2015-07-05,18,5
NSW,2015-07-06,8,3
NSW,2015-07-07,17,4
NSW,2015-07-08,8,4
NSW,2015-07-09,8,3
NSW,2015-07-10,18,3
NSW,2015-07-11,17,3
NSW,2015-07-12,18,6
NSW,2015-07-13,9,3
NSW,2015-07-14,18,3
NSW,2015-07-15,7,5
NSW,2015-07-16,7,3
NSW,2015-07-17,9,5
NSW,2015-07-18,18,6
NSW,2015-07-19,18,5
NSW,2015-07-20,18,3
NSW,2015-07-21,17,3
NSW,2015-07-22,18,3
NSW,2015-07-23,18,3
NSW,2015-07-24,13,5
NSW,2015-07-25,17,5
NSW,2015-07-26,17,3
NSW,2015-07-27,18,3
NSW,2015-07-28,18,3
NSW,2015-07-29,18,3
NSW,2015-07-30,18,3
NSW,2015-07-31,17,14
NSW,2015-08-01,18,3
NSW,2015-08-02,0,4
NSW,2015-08-03,18,2
NSW,2015-08-04,18,22
NSW,2015-08-05,18,3
NSW,2015-08-06,7,14
NSW,2015-08-07,7,13
NSW,2015-08-08,18,3
NSW,2015-08-09,17,4
NSW,2015-08-10,18,4
NSW,2015-08-11,18,11
NSW,2015-08-12,7,14
NSW,2015-08-13,18,12
NSW,2015-08-14,7,12
NSW,2015-08-15,18,4
NSW,2015-08-16,18,13
NSW,2015-08-17,18,3
NSW,2015-08-18,18,3
NSW,2015-08-19,6,21
NSW,2015-08-20,18,3
NSW,2015-08-21,7,3
NSW,2015-08-22,18,14
NSW,2015-08-23,18,4
NSW,2015-08-24,17,3
NSW,2015-08-25,18,3
NSW,2015-08-26,18,5
NSW,2015-08-27,18,3
NSW,2015-08-28,18,4
NSW,2015-08-29,18,6
NSW,2015-08-30,18,6
NSW,2015-08-31,18,4
NSW,2015-09-01,18,3
NSW,2015-09-02,18,3
NSW,2015-09-03,18,4
NSW,2015-09-04,18,3
NSW,2015-09-05,18,4
NSW,2015-09-06,18,6
NSW,2015-09-07,18,3
NSW,2015-09-08,18,1
NSW,2015-09-09,18,11
NSW,2015-09-10,18,11
NSW,2015-09-11,18,13
NSW,2015-09-12,18,2
NSW,2015-09-13,18,6
NSW,2015-09-14,18,4
NSW,2015-09-15,18,4
NSW,2015-09-16,18,3
NSW,2015-09-17,22,3
NSW,2015-09-18,19,17
NSW,2015-09-19,18,11
NSW,2015-09-20,18,12
NSW,2015-09-21,18,2
NSW,2015-09-22,18,3
NSW,2015-09-23,18,2
NSW,2015-09-24,20,1
NSW,2015-09-25,22,16
NSW,2015-09-26,18,12
NSW,2015-09-27,20,16
NSW,2015-09-28,18,21
NSW,2015-09-29,18,2
NSW,2015-09-30,18,3
NSW,2015-10-01,18,4
NSW,2015-10-02,23,3
NSW,2015-10-03,16,5
NSW,2015-10-04,16,3
NSW,2015-10-05,16,3
NSW,2015-10-06,12,3
NSW,2015-10-07,5,3
NSW,2015-10-08,18,2
NSW,2015-10-09,6,2
NSW,2015-10-10,18,3
NSW,2015-10-11,18,3
NSW,2015-10-12,18,2
NSW,2015-10-13,13,2
NSW,2015-10-14,18,4
NSW,2015-10-15,16,2
NSW,2015-10-16,18,2
NSW,2015-10-17,18,2
NSW,2015-10-18,18,3
NSW,2015-10-19,15,2
NSW,2015-10-20,12,2
NSW,2015-10-21,8,2
NSW,2015-10-22,5,2
NSW,2015-10-23,9,3
NSW,2015-10-24,8,2
NSW,2015-10-25,18,3
NSW,2015-10-26,6,2
NSW,2015-10-27,6,2
NSW,2015-10-28,12,2
NSW,2015-10-29,6,2
NSW,2015-10-30,6,2
NSW,2015-10-31,10,2
NSW,2015-11-01,18,2
NSW,2015-11-02,18,2
NSW,2015-11-03,18,2
NSW,2015-11-04,9,2
NSW,2015-11-05,6,2
NSW,2015-11-06,18,2
NSW,2015-11-07,19,3
NSW,2015-11-08,18,2
NSW,2015-11-09,16,2
NSW,2015-11-10,12,2
NSW,2015-11-11,6,2
NSW,2015-11-12,6,2
NSW,2015-11-13,6,3
NSW,2015-11-14,8,3
NSW,2015-11-15,19,2
NSW,2015-11-16,6,2
NSW,2015-11-17,19,3
NSW,2015-11-18,15,3
NSW,2015-11-19,16,2
NSW,2015-11-20,15,21
NSW,2015-11-21,6,3
NSW,2015-11-22,19,3
NSW,2015-11-23,19,2
NSW,2015-11-24,16,2
NSW,2015-11-25,15,2
NSW,2015-11-26,14,2
NSW,2015-11-27,6,21
NSW,2015-11-28,9,3
NSW,2015-11-29,17,5
NSW,2015-11-30,15,0
NSW,2015-12-01,15,16
NSW,2015-12-02,4,2
NSW,2015-12-03,6,2
NSW,2015-12-04,11,2
NSW,2015-12-05,17,2
NSW,2015-12-06,14,2
NSW,2015-12-07,15,2
NSW,2015-12-08,15,1
NSW,2015-12-09,16,2
NSW,2015-12-10,16,21
NSW,2015-12-11,12,3
NSW,2015-12-12,8,1
NSW,2015-12-13,19,5
NSW,2015-12-14,15,2
NSW,2015-12-15,15,3
NSW,2015-12-16,22,2
NSW,2015-12-17,17,3
NSW,2015-12-18,16,1
NSW,2015-12-19,15,5
NSW,2015-12-20,19,5
NSW,2015-12-21,12,2
NSW,2015-12-22,16,3
NSW,2015-12-23,9,3
NSW,2015-12-24,12,3
NSW,2015-12-25,17,3
NSW,2015-12-26,19,3
NSW,2015-12-27,19,1
NSW,2015-12-28,22,4
NSW,2015-12-29,16,3
NSW,2015-12-30,15,3
NSW,2015-12-31,16,3
NSW,2016-01-01,2,5
NSW,2016-01-02,18,2
NSW,2016-01-03,19,3
NSW,2016-01-04,8,2
NSW,2016-01-05,22,2
NSW,2016-01-06,23,3
NSW,2016-01-07,19,2
NSW,2016-01-08,4,2
NSW,2016-01-09,15,0
NSW,2016-01-10,15,5
NSW,2016-01-11,14,2
NSW,2016-01-12,13,3
NSW,2016-01-13,15,2
NSW,2016-01-14,13,2
NSW,2016-01-15,8,1
NSW,2016-01-16,8,2
NSW,2016-01-17,18,2
NSW,2016-01-18,16,3
NSW,2016-01-19,16,1
NSW,2016-01-20,16,2
NSW,2016-01-21,13,3
NSW,2016-01-22,12,3
NSW,2016-01-23,8,4
NSW,2016-01-24,18,3
NSW,2016-01-25,8,3
NSW,2016-01-26,17,4
NSW,2016-01-27,11,2
NSW,2016-01-28,16,2
NSW,2016-01-29,5,2
NSW,2016-01-30,12,2
NSW,2016-01-31,19,3
NSW,2016-02-01,6,2
NSW,2016-02-02,15,1
NSW,2016-02-03,14,2
NSW,2016-02-04,6,2
NSW,2016-02-05,12,2
NSW,2016-02-06,16,1
NSW,2016-02-07,17,6
NSW,2016-02-08,15,2
NSW,2016-02-09,15,2
NSW,2016-02-10,15,2
NSW,2016-02-11,15,2
NSW,2016-02-12,16,1
NSW,2016-02-13,16,3
NSW,2016-02-14,19,2
NSW,2016-02-15,13,2
NSW,2016-02-16,6,3
NSW,2016-02-17,6,2
NSW,2016-02-18,19,3
NSW,2016-02-19,15,23
NSW,2016-02-20,10,4
NSW,2016-02-21,17,5
NSW,2016-02-22,15,2
NSW,2016-02-23,15,3
NSW,2016-02-24,15,1
NSW,2016-02-25,16,2
NSW,2016-02-26,7,3
NSW,2016-02-27,19,2
NSW,2016-02-28,19,22
NSW,2016-02-29,19,2
NSW,2016-03-01,6,2
NSW,2016-03-02,15,3
NSW,2016-03-03,15,0
NSW,2016-03-04,12,0
NSW,2016-03-05,15,1
NSW,2016-03-06,18,5
NSW,2016-03-07,15,1
NSW,2016-03-08,14,2
NSW,2016-03-09,15,21
NSW,2016-03-10,8,2
NSW,2016-03-11,13,3
NSW,2016-03-12,15,23
NSW,2016-03-13,15,4
NSW,2016-03-14,13,3
NSW,2016-03-15,22,21
NSW,2016-03-16,6,1
NSW,2016-03-17,12,2
NSW,2016-03-18,22,2
NSW,2016-03-19,7,11
NSW,2016-03-20,7,21
NSW,2016-03-21,6,0
NSW,2016-03-22,18,3
NSW,2016-03-23,22,2
NSW,2016-03-24,5,3
NSW,2016-03-25,18,5
NSW,2016-03-26,18,5
NSW,2016-03-27,18,5
NSW,2016-03-28,18,4
NSW,2016-03-29,8,2
NSW,2016-03-30,6,2
NSW,2016-03-31,18,2
NSW,2016-04-01,15,2
NSW,2016-04-02,18,3
NSW,2016-04-03,18,1
NSW,2016-04-04,18,0
NSW,2016-04-05,16,2
NSW,2016-04-06,18,5
NSW,2016-04-07,6,3
NSW,2016-04-08,15,2
NSW,2016-04-09,18,3
NSW,2016-04-10,18,13
NSW,2016-04-11,18,0
NSW,2016-04-12,6,1
NSW,2016-04-13,6,3
NSW,2016-04-14,18,4
NSW,2016-04-15,23,21
NSW,2016-04-16,22,4
NSW,2016-04-17,20,9
NSW,2016-04-18,18,2
NSW,2016-04-19,23,21
NSW,2016-04-20,6,21
NSW,2016-04-21,17,3
NSW,2016-04-22,6,4
NSW,2016-04-23,22,4
NSW,2016-04-24,22,2
NSW,2016-04-25,17,5
NSW,2016-04-26,6,3
NSW,2016-04-27,6,2
NSW,2016-04-28,6,0
NSW,2016-04-29,6,0
NSW,2016-04-30,17,3
NSW,2016-05-01,23,4
NSW,2016-05-02,17,4
NSW,2016-05-03,7,2
NSW,2016-05-04,6,0
NSW,2016-05-05,6,3
NSW,2016-05-06,6,1
NSW,2016-05-07,17,3
NSW,2016-05-08,9,4
NSW,2016-05-09,10,2
NSW,2016-05-10,17,5
NSW,2016-05-11,8,4
NSW,2016-05-12,17,1
NSW,2016-05-13,17,4
NSW,2016-05-14,17,21
NSW,2016-05-15,18,1
NSW,2016-05-16,6,13
NSW,2016-05-17,17,1
NSW,2016-05-18,6,4
NSW,2016-05-19,17,3
NSW,2016-05-20,6,2
NSW,2016-05-21,17,11
NSW,2016-05-22,17,4
NSW,2016-05-23,6,0
NSW,2016-05-24,17,4
NSW,2016-05-25,17,4
NSW,2016-05-26,10,2
NSW,2016-05-27,22,10
NSW,2016-05-28,9,4
NSW,2016-05-29,17,5
NSW,2016-05-30,7,3
NSW,2016-05-31,13,3
NSW,2016-06-01,18,2
NSW,2016-06-02,7,3
NSW,2016-06-03,7,3
NSW,2016-06-04,9,3
NSW,2016-06-05,18,5
NSW,2016-06-06,18,2
NSW,2016-06-07,18,2
NSW,2016-06-08,9,3
NSW,2016-06-09,6,5
NSW,2016-06-10,6,4
NSW,2016-06-11,20,5
NSW,2016-06-12,20,13
NSW,2016-06-13,9,4
NSW,2016-06-14,17,3
NSW,2016-06-15,17,3
NSW,2016-06-16,17,3
NSW,2016-06-17,6,2
NSW,2016-06-18,17,2
NSW,2016-06-19,13,4
NSW,2016-06-20,18,3
NSW,2016-06-21,17,3
NSW,2016-06-22,18,2
NSW,2016-06-23,17,3
NSW,2016-06-24,7,3
NSW,2016-06-25,20,4
NSW,2016-06-26,18,5
NSW,2016-06-27,8,2
NSW,2016-06-28,17,3
NSW,2016-06-29,7,4
NSW,2016-06-30,8,2
NSW,2016-07-01,8,3
NSW,2016-07-02,9,13
NSW,2016-07-03,17,5
NSW,2016-07-04,8,3
NSW,2016-07-05,9,3
NSW,2016-07-06,18,4
NSW,2016-07-07,9,4
NSW,2016-07-08,9,4
NSW,2016-07-09,17,3
NSW,2016-07-10,17,4
NSW,2016-07-11,18,3
NSW,2016-07-12,18,4
NSW,2016-07-13,20,4
NSW,2016-07-14,17,4
NSW,2016-07-15,17,4
NSW,2016-07-16,9,3
NSW,2016-07-17,18,4
NSW,2016-07-18,6,4
NSW,2016-07-19,7,5
NSW,2016-07-20,17,4
NSW,2016-07-21,7,23
NSW,2016-07-22,18,3
NSW,2016-07-23,17,1
NSW,2016-07-24,18,4
NSW,2016-07-25,18,2
NSW,2016-07-26,17,3
NSW,2016-07-27,18,3
NSW,2016-07-28,18,4
NSW,2016-07-29,7,3
NSW,2016-07-30,18,3
NSW,2016-07-31,18,4
NSW,2016-08-01,18,2
NSW,2016-08-02,18,4
NSW,2016-08-03,17,2
NSW,2016-08-04,18,2
NSW,2016-08-05,6,3
NSW,2016-08-06,18,3
NSW,2016-08-07,18,12
NSW,2016-08-08,6,3
NSW,2016-08-09,18,3
NSW,2016-08-10,18,2
NSW,2016-08-11,18,3
NSW,2016-08-12,18,2
NSW,2016-08-13,18,3
NSW,2016-08-14,18,4
NSW,2016-08-15,6,3
NSW,2016-08-16,18,3
NSW,2016-08-17,18,3
NSW,2016-08-18,18,3
NSW,2016-08-19,18,3
NSW,2016-08-20,18,4
NSW,2016-08-21,18,3
NSW,2016-08-22,7,3
NSW,2016-08-23,18,4
NSW,2016-08-24,7,4
NSW,2016-08-25,6,13
NSW,2016-08-26,6,11
NSW,2016-08-27,18,13
NSW,2016-08-28,18,13
NSW,2016-08-29,18,3
NSW,2016-08-30,18,4
NSW,2016-08-31,18,5
NSW,2016-09-01,6,4
NSW,2016-09-02,10,3
NSW,2016-09-03,18,4
NSW,2016-09-04,18,12
NSW,2016-09-05,18,16
NSW,2016-09-06,18,5
NSW,2016-09-07,6,5
NSW,2016-09-08,22,8
NSW,2016-09-09,22,3
NSW,2016-09-10,18,4
NSW,2016-09-11,18,10
NSW,2016-09-12,18,4
NSW,2016-09-13,18,3
NSW,2016-09-14,18,3
NSW,2016-09-15,8,3
NSW,2016-09-16,6,3
NSW,2016-09-17,18,4
NSW,2016-09-18,18,4
NSW,2016-09-19,18,2
NSW,2016-09-20,18,3
NSW,2016-09-21,18,3
NSW,2016-09-22,18,3
NSW,2016-09-23,18,13
NSW,2016-09-24,18,3
NSW,2016-09-25,18,4
NSW,2016-09-26,18,3
NSW,2016-09-27,18,3
NSW,2016-09-28,22,10
NSW,2016-09-29,8,3
NSW,2016-09-30,18,3
NSW,2016-10-01,23,3
NSW,2016-10-02,17,3
NSW,2016-10-03,22,4
NSW,2016-10-04,6,21
NSW,2016-10-05,18,2
NSW,2016-10-06,5,8
NSW,2016-10-07,6,3
NSW,2016-10-08,8,12
NSW,2016-10-09,18,4
NSW,2016-10-10,15,2
NSW,2016-10-11,6,1
NSW,2016-10-12,18,3
NSW,2016-10-13,5,21
NSW,2016-10-14,6,3
NSW,2016-10-15,18,23
NSW,2016-10-16,18,2
NSW,2016-10-17,6,1
NSW,2016-10-18,19,2
NSW,2016-10-19,6,2
NSW,2016-10-20,22,2
NSW,2016-10-21,22,1
NSW,2016-10-22,6,23
NSW,2016-10-23,19,15
NSW,2016-10-24,6,13
NSW,2016-10-25,18,2
NSW,2016-10-26,6,3
NSW,2016-10-27,6,3
NSW,2016-10-28,6,3
NSW,2016-10-29,22,10
NSW,2016-10-30,16,4
NSW,2016-10-31,22,2
NSW,2016-11-01,8,4
NSW,2016-11-02,19,2
NSW,2016-11-03,19,2
NSW,2016-11-04,15,21
NSW,2016-11-05,19,2
NSW,2016-11-06,18,3
NSW,2016-11-07,16,2
NSW,2016-11-08,15,2
NSW,2016-11-09,10,1
NSW,2016-11-10,19,3
NSW,2016-11-11,13,2
NSW,2016-11-12,14,21
NSW,2016-11-13,23,5
NSW,2016-11-14,22,1
NSW,2016-11-15,6,21
NSW,2016-11-16,5,2
NSW,2016-11-17,6,1
NSW,2016-11-18,15,1
NSW,2016-11-19,16,1
NSW,2016-11-20,19,1
NSW,2016-11-21,12,2
NSW,2016-11-22,15,4
NSW,2016-11-23,12,15
NSW,2016-11-24,6,2
NSW,2016-11-25,22,2
NSW,2016-11-26,22,3
NSW,2016-11-27,16,5
NSW,2016-11-28,15,2
NSW,2016-11-29,13,21
NSW,2016-11-30,13,1
NSW,2016-12-01,6,21
NSW,2016-12-02,22,5
NSW,2016-12-03,15,23
NSW,2016-12-04,17,5
NSW,2016-12-05,14,3
NSW,2016-12-06,6,19
NSW,2016-12-07,15,21
NSW,2016-12-08,13,2
NSW,2016-12-09,22,3
NSW,2016-12-10,16,3
NSW,2016-12-11,16,3
NSW,2016-12-12,16,2
NSW,2016-12-13,17,3
NSW,2016-12-14,14,1
NSW,2016-12-15,16,1
NSW,2016-12-16,9,1
NSW,2016-12-17,15,5
NSW,2016-12-18,7,23
NSW,2016-12-19,16,0
NSW,2016-12-20,22,2
NSW,2016-12-21,15,3
NSW,2016-12-22,22,4
NSW,2016-12-23,22,1
NSW,2016-12-24,13,3
NSW,2016-12-25,22,4
NSW,2016-12-26,22,4
NSW,2016-12-27,16,2
NSW,2016-12-28,16,4
NSW,2016-12-29,16,3
NSW,2016-12-30,15,5
NSW,2016-12-31,12,13
NSW,2017-01-01,0,7
NSW,2017-01-02,18,1
NSW,2017-01-03,19,3
NSW,2017-01-04,15,4
NSW,2017-01-05,16,5
NSW,2017-01-06,16,5
NSW,2017-01-07,17,5
NSW,2017-01-08,17,5
NSW,2017-01-09,15,2
NSW,2017-01-10,15,4
NSW,2017-01-11,15,2
NSW,2017-01-12,15,2
NSW,2017-01-13,16,2
NSW,2017-01-14,15,6
NSW,2017-01-15,10,6
NSW,2017-01-16,16,3
NSW,2017-01-17,15,1
NSW,2017-01-18,14,21
NSW,2017-01-19,10,2
NSW,2017-01-20,10,4
NSW,2017-01-21,10,3
NSW,2017-01-22,17,3
NSW,2017-01-23,16,23
NSW,2017-01-24,15,3
NSW,2017-01-25,9,21
NSW,2017-01-26,10,3
NSW,2017-01-27,15,1
NSW,2017-01-28,16,5
NSW,2017-01-29,14,1
NSW,2017-01-30,16,3
NSW,2017-01-31,9,23
NSW,2017-02-01,13,0
NSW,2017-02-02,15,1
NSW,2017-02-03,6,3
NSW,2017-02-04,16,2
NSW,2017-02-05,19,5
NSW,2017-02-06,16,3
NSW,2017-02-07,7,21
NSW,2017-02-08,16,1
NSW,2017-02-09,16,1
NSW,2017-02-10,17,0
NSW,2017-02-11,16,5
NSW,2017-02-12,9,18
NSW,2017-02-13,16,3
NSW,2017-02-14,6,21
NSW,2017-02-15,19,4
NSW,2017-02-16,16,1
NSW,2017-02-17,6,21
NSW,2017-02-18,16,5
NSW,2017-02-19,17,21
NSW,2017-02-20,19,1
NSW,2017-02-21,6,1
NSW,2017-02-22,15,3
NSW,2017-02-23,16,1
NSW,2017-02-24,10,1
NSW,2017-02-25,11,23
NSW,2017-02-26,18,3
NSW,2017-02-27,10,2
NSW,2017-02-28,12,1
NSW,2017-03-01,15,3
NSW,2017-03-02,13,1
NSW,2017-03-03,16,2
NSW,2017-03-04,10,2
NSW,2017-03-05,17,5
NSW,2017-03-06,12,2
NSW,2017-03-07,16,2
NSW,2017-03-08,18,3
NSW,2017-03-09,6,2
NSW,2017-03-10,6,2
NSW,2017-03-11,18,3
NSW,2017-03-12,17,5
NSW,2017-03-13,18,3
NSW,2017-03-14,9,2
NSW,2017-03-15,18,1
NSW,2017-03-16,16,2
NSW,2017-03-17,6,1
NSW,2017-03-18,17,4
NSW,2017-03-19,17,4
NSW,2017-03-20,13,3
NSW,2017-03-21,8,1
NSW,2017-03-22,14,21
NSW,2017-03-23,8,3
NSW,2017-03-24,6,2
NSW,2017-03-25,16,4
NSW,2017-03-26,16,22
NSW,2017-03-27,6,1
NSW,2017-03-28,6,1
NSW,2017-03-29,18,0
NSW,2017-03-30,6,20
NSW,2017-03-31,18,7
NSW,2017-04-01,18,2
NSW,2017-04-02,18,4
NSW,2017-04-03,7,2
NSW,2017-04-04,18,3
NSW,2017-04-05,6,4
NSW,2017-04-06,6,3
NSW,2017-04-07,6,3
NSW,2017-04-08,9,3
NSW,2017-04-09,17,4
NSW,2017-04-10,6,3
NSW,2017-04-11,18,3
NSW,2017-04-12,6,3
NSW,2017-04-13,6,19
NSW,2017-04-14,18,14
NSW,2017-04-15,9,1
NSW,2017-04-16,23,6
NSW,2017-04-17,17,5
NSW,2017-04-18,6,3
NSW,2017-04-19,6,3
NSW,2017-04-20,6,3
NSW,2017-04-21,22,0
NSW,2017-04-22,18,4
NSW,2017-04-23,17,13
NSW,2017-04-24,18,5
NSW,2017-04-25,17,6
NSW,2017-04-26,18,2
NSW,2017-04-27,18,0
NSW,2017-04-28,6,11
NSW,2017-04-29,17,3
NSW,2017-04-30,17,14
NSW,2017-05-01,18,4
NSW,2017-05-02,17,4
NSW,2017-05-03,6,21
NSW,2017-05-04,18,23
NSW,2017-05-05,7,21
NSW,2017-05-06,7,3
NSW,2017-05-07,18,14
NSW,2017-05-08,18,1
NSW,2017-05-09,7,21
NSW,2017-05-10,6,0
NSW,2017-05-11,17,9
NSW,2017-05-12,17,20
NSW,2017-05-13,17,1
NSW,2017-05-14,11,23
NSW,2017-05-15,17,0
NSW,2017-05-16,6,11
NSW,2017-05-17,7,3
NSW,2017-05-18,6,0
NSW,2017-05-19,10,4
NSW,2017-05-20,9,21
NSW,2017-05-21,17,12
NSW,2017-05-22,17,1
NSW,2017-05-23,6,15
NSW,2017-05-24,22,3
NSW,2017-05-25,6,0
NSW,2017-05-26,6,0
NSW,2017-05-27,17,3
NSW,2017-05-28,15,3
NSW,2017-05-29,17,5
NSW,2017-05-30,6,3
NSW,2017-05-31,6,13
NSW,2017-06-01,18,1
NSW,2017-06-02,6,1
NSW,2017-06-03,17,12
NSW,2017-06-04,17,23
NSW,2017-06-05,6,0
NSW,2017-06-06,17,3
NSW,2017-06-07,6,2
NSW,2017-06-08,6,0
NSW,2017-06-09,22,0
NSW,2017-06-10,17,1
NSW,2017-06-11,9,23
NSW,2017-06-12,17,0
NSW,2017-06-13,7,0
NSW,2017-06-14,6,5
NSW,2017-06-15,6,11
NSW,2017-06-16,7,4
NSW,2017-06-17,9,21
NSW,2017-06-18,17,0
NSW,2017-06-19,17,11
NSW,2017-06-20,18,3
NSW,2017-06-21,6,0
NSW,2017-06-22,18,5
NSW,2017-06-23,7,4
NSW,2017-06-24,18,0
NSW,2017-06-25,17,12
NSW,2017-06-26,17,5
NSW,2017-06-27,9,23
NSW,2017-06-28,17,3
NSW,2017-06-29,17,0
NSW,2017-06-30,7,5
NSW,2017-07-01,18,13
NSW,2017-07-02,17,1
NSW,2017-07-03,13,23
NSW,2017-07-04,17,5
NSW,2017-07-05,17,5
NSW,2017-07-06,17,2
NSW,2017-07-07,9,12
NSW,2017-07-08,8,5
NSW,2017-07-09,17,0
NSW,2017-07-10,8,5
NSW,2017-07-11,17,15
NSW,2017-07-12,17,23
NSW,2017-07-13,18,14
NSW,2017-07-14,9,0
NSW,2017-07-15,18,14
NSW,2017-07-16,18,11
NSW,2017-07-17,18,3
NSW,2017-07-18,7,3
NSW,2017-07-19,17,3
NSW,2017-07-20,18,13
NSW,2017-07-21,6,0
NSW,2017-07-22,18,14
NSW,2017-07-23,18,5
NSW,2017-07-24,7,0
NSW,2017-07-25,18,2
NSW,2017-07-26,18,3
NSW,2017-07-27,6,23
NSW,2017-07-28,7,3
NSW,2017-07-29,17,11
NSW,2017-07-30,18,3
NSW,2017-07-31,18,0
NSW,2017-08-01,18,2
NSW,2017-08-02,6,11
NSW,2017-08-03,12,21
NSW,2017-08-04,6,4
NSW,2017-08-05,17,12
NSW,2017-08-06,18,2
NSW,2017-08-07,7,2
NSW,2017-08-08,6,3
NSW,2017-08-09,6,2
NSW,2017-08-10,6,12
NSW,2017-08-11,6,4
NSW,2017-08-12,18,3
NSW,2017-08-13,18,14
NSW,2017-08-14,20,0
NSW,2017-08-15,9,3
NSW,2017-08-16,18,2
NSW,2017-08-17,6,2
NSW,2017-08-18,18,2
NSW,2017-08-19,20,3
NSW,2017-08-20,18,10
NSW,2017-08-21,18,2
NSW,2017-08-22,18,3
NSW,2017-08-23,6,13
NSW,2017-08-24,18,3
NSW,2017-08-25,6,21
NSW,2017-08-26,0,13
NSW,2017-08-27,18,4
NSW,2017-08-28,18,2
NSW,2017-08-29,18,21
NSW,2017-08-30,6,21
NSW,2017-08-31,20,8
NSW,2017-09-01,6,12
NSW,2017-09-02,18,15
NSW,2017-09-03,8,12
NSW,2017-09-04,18,3
NSW,2017-09-05,18,4
NSW,2017-09-06,18,3
NSW,2017-09-07,18,4
NSW,2017-09-08,18,3
NSW,2017-09-09,18,16
NSW,2017-09-10,18,13
NSW,2017-09-11,18,3
NSW,2017-09-12,18,2
NSW,2017-09-13,18,3
NSW,2017-09-14,18,3
NSW,2017-09-15,6,3
NSW,2017-09-16,18,3
NSW,2017-09-17,18,13
NSW,2017-09-18,18,14
NSW,2017-09-19,18,5
NSW,2017-09-20,18,12
NSW,2017-09-21,18,2
NSW,2017-09-22,23,5
NSW,2017-09-23,8,4
NSW,2017-09-24,18,3
NSW,2017-09-25,6,3
NSW,2017-09-26,18,2
NSW,2017-09-27,8,23
NSW,2017-09-28,23,3
NSW,2017-09-29,23,3
NSW,2017-09-30,18,4
NSW,2017-10-01,0,13
NSW,2017-10-02,18,3
NSW,2017-10-03,6,3
NSW,2017-10-04,13,3
NSW,2017-10-05,15,3
NSW,2017-10-06,22,3
NSW,2017-10-07,8,3
NSW,2017-10-08,16,1
NSW,2017-10-09,15,2
NSW,2017-10-10,17,2
NSW,2017-10-11,6,3
NSW,2017-10-12,18,2
NSW,2017-10-13,18,1
NSW,2017-10-14,3,19
NSW,2017-10-15,17,3
NSW,2017-10-16,16,1
NSW,2017-10-17,10,1
NSW,2017-10-18,16,1
NSW,2017-10-19,19,4
NSW,2017-10-20,10,1
NSW,2017-10-21,18,1
NSW,2017-10-22,18,4
NSW,2017-10-23,5,4
NSW,2017-10-24,18,2
NSW,2017-10-25,18,2
NSW,2017-10-26,16,0
NSW,2017-10-27,5,3
NSW,2017-10-28,19,3
NSW,2017-10-29,18,5
NSW,2017-10-30,19,1
NSW,2017-10-31,6,2
NSW,2017-11-01,18,3
NSW,2017-11-02,18,2
NSW,2017-11-03,6,3
NSW,2017-11-04,17,13
NSW,2017-11-05,17,1
NSW,2017-11-06,18,3
NSW,2017-11-07,18,3
NSW,2017-11-08,22,2
NSW,2017-11-09,17,2
NSW,2017-11-10,5,21
NSW,2017-11-11,3,23
NSW,2017-11-12,5,6
NSW,2017-11-13,13,2
NSW,2017-11-14,16,0
NSW,2017-11-15,18,0
NSW,2017-11-16,18,3
NSW,2017-11-17,13,2
NSW,2017-11-18,9,3
NSW,2017-11-19,18,3
NSW,2017-11-20,18,3
NSW,2017-11-21,16,3
NSW,2017-11-22,13,1
NSW,2017-11-23,17,3
NSW,2017-11-24,13,2
NSW,2017-11-25,10,2
NSW,2017-11-26,11,22
NSW,2017-11-27,6,1
NSW,2017-11-28,16,1
NSW,2017-11-29,13,2
NSW,2017-11-30,14,1
NSW,2017-12-01,14,2
NSW,2017-12-02,9,22
NSW,2017-12-03,18,5
NSW,2017-12-04,19,0
NSW,2017-12-05,19,2
NSW,2017-12-06,19,0
NSW,2017-12-07,19,0
NSW,2017-12-08,11,0
NSW,2017-12-09,3,11
NSW,2017-12-10,18,2
NSW,2017-12-11,16,3
NSW,2017-12-12,16,1
NSW,2017-12-13,16,0
NSW,2017-12-14,15,0
NSW,2017-12-15,16,4
NSW,2017-12-16,15,5
NSW,2017-12-17,15,4
NSW,2017-12-18,13,2
NSW,2017-12-19,15,23
NSW,2017-12-20,13,1
NSW,2017-12-21,15,1
NSW,2017-12-22,16,23
NSW,2017-12-23,17,2
NSW,2017-12-24,13,3
NSW,2017-12-25,5,12
NSW,2017-12-26,19,3
NSW,2017-12-27,16,3
NSW,2017-12-28,13,1
NSW,2017-12-29,10,6
NSW,2017-12-30,18,5
NSW,2017-12-31,22,1
NSW,2018-01-01,16,23
NSW,2018-01-02,15,2
NSW,2018-01-03,14,1
NSW,2018-01-04,17,3
NSW,2018-01-05,16,3
NSW,2018-01-06,16,3
NSW,2018-01-07,16,4
NSW,2018-01-08,13,2
NSW,2018-01-09,16,5
NSW,2018-01-10,11,1
NSW,2018-01-11,15,0
NSW,2018-01-12,15,5
NSW,2018-01-13,10,4
NSW,2018-01-14,3,12
NSW,2018-01-15,19,1
NSW,2018-01-16,16,21
NSW,2018-01-17,16,0
NSW,2018-01-18,16,6
NSW,2018-01-19,15,23
NSW,2018-01-20,15,23
NSW,2018-01-21,17,3
NSW,2018-01-22,15,0
NSW,2018-01-23,16,1
NSW,2018-01-24,14,5
NSW,2018-01-25,14,16
NSW,2018-01-26,14,3
NSW,2018-01-27,13,21
NSW,2018-01-28,13,7
NSW,2018-01-29,7,23
NSW,2018-01-30,15,23
NSW,2018-01-31,15,1
NSW,2018-02-01,19,23
NSW,2018-02-02,6,1
NSW,2018-02-03,18,0
NSW,2018-02-04,17,23
NSW,2018-02-05,5,0
NSW,2018-02-06,16,0
NSW,2018-02-07,16,3
NSW,2018-02-08,16,1
NSW,2018-02-09,14,21
NSW,2018-02-10,17,0
NSW,2018-02-11,14,5
NSW,2018-02-12,15,4
NSW,2018-02-13,14,23
NSW,2018-02-14,14,2
NSW,2018-02-15,15,17
NSW,2018-02-16,15,21
NSW,2018-02-17,14,5
NSW,2018-02-18,15,5
NSW,2018-02-19,15,1
NSW,2018-02-20,16,1
NSW,2018-02-21,15,1
NSW,2018-02-22,14,23
NSW,2018-02-23,9,0
NSW,2018-02-24,19,3
NSW,2018-02-25,16,4
NSW,2018-02-26,6,1
NSW,2018-02-27,17,3
NSW,2018-02-28,6,0
NSW,2018-03-01,16,1
NSW,2018-03-02,16,21
NSW,2018-03-03,14,23
NSW,2018-03-04,16,0
NSW,2018-03-05,6,21
NSW,2018-03-06,6,3
NSW,2018-03-07,19,2
NSW,2018-03-08,18,1
NSW,2018-03-09,22,0
NSW,2018-03-10,18,23
NSW,2018-03-11,18,4
NSW,2018-03-12,16,2
NSW,2018-03-13,18,2
NSW,2018-03-14,17,11
NSW,2018-03-15,14,0
NSW,2018-03-16,16,0
NSW,2018-03-17,16,4
NSW,2018-03-18,18,7
NSW,2018-03-19,16,1
NSW,2018-03-20,16,23
NSW,2018-03-21,18,0
NSW,2018-03-22,17,1
NSW,2018-03-23,14,3
NSW,2018-03-24,18,23
NSW,2018-03-25,18,2
NSW,2018-03-26,6,0
NSW,2018-03-27,5,21
NSW,2018-03-28,16,2
NSW,2018-03-29,22,0
NSW,2018-03-30,18,11
NSW,2018-03-31,18,11
NSW,2018-04-01,18,3
NSW,2018-04-02,17,0
NSW,2018-04-03,18,4
NSW,2018-04-04,14,3
NSW,2018-04-05,18,4
NSW,2018-04-06,18,3
NSW,2018-04-07,18,4
NSW,2018-04-08,18,3
NSW,2018-04-09,14,3
NSW,2018-04-10,14,3
NSW,2018-04-11,16,3
NSW,2018-04-12,16,1
NSW,2018-04-13,15,4
NSW,2018-04-14,15,5
NSW,2018-04-15,18,2
NSW,2018-04-16,18,2
NSW,2018-04-17,6,3
NSW,2018-04-18,22,2
NSW,2018-04-19,18,4
NSW,2018-04-20,9,4
NSW,2018-04-21,17,5
NSW,2018-04-22,17,0
NSW,2018-04-23,6,2
NSW,2018-04-24,17,4
NSW,2018-04-25,17,13
NSW,2018-04-26,17,13
NSW,2018-04-27,17,4
NSW,2018-04-28,17,4
NSW,2018-04-29,17,5
NSW,2018-04-30,17,3
NSW,2018-05-01,17,3
NSW,2018-05-02,17,3
NSW,2018-05-03,17,3
NSW,2018-05-04,18,4
NSW,2018-05-05,18,14
NSW,2018-05-06,18,12
NSW,2018-05-07,17,3
NSW,2018-05-08,17,4
NSW,2018-05-09,18,3
NSW,2018-05-10,18,2
NSW,2018-05-11,17,4
NSW,2018-05-12,17,4
NSW,2018-05-13,17,4
NSW,2018-05-14,6,11
NSW,2018-05-15,18,11
NSW,2018-05-16,17,4
NSW,2018-05-17,17,3
NSW,2018-05-18,6,3
NSW,2018-05-19,9,13
NSW,2018-05-20,20,5
NSW,2018-05-21,18,2
NSW,2018-05-22,6,3
NSW,2018-05-23,9,4
NSW,2018-05-24,17,3
NSW,2018-05-25,6,3
NSW,2018-05-26,8,3
NSW,2018-05-27,17,1
NSW,2018-05-28,17,4
NSW,2018-05-29,17,3
NSW,2018-05-30,6,4
NSW,2018-05-31,17,2
NSW,2018-06-01,17,2
NSW,2018-06-02,20,3
NSW,2018-06-03,17,5
NSW,2018-06-04,17,4
NSW,2018-06-05,18,4
NSW,2018-06-06,7,4
NSW,2018-06-07,18,4
NSW,2018-06-08,18,4
NSW,2018-06-09,9,5
NSW,2018-06-10,17,12
NSW,2018-06-11,17,2
NSW,2018-06-12,17,3
NSW,2018-06-13,17,3
NSW,2018-06-14,7,2
NSW,2018-06-15,6,2
NSW,2018-06-16,17,3
NSW,2018-06-17,17,3
NSW,2018-06-18,17,3
NSW,2018-06-19,17,4
NSW,2018-06-20,7,2
NSW,2018-06-21,18,4
NSW,2018-06-22,17,4
NSW,2018-06-23,9,4
NSW,2018-06-24,18,13
NSW,2018-06-25,18,1
NSW,2018-06-26,18,3
NSW,2018-06-27,8,23
NSW,2018-06-28,17,4
NSW,2018-06-29,7,4
NSW,2018-06-30,20,3
NSW,2018-07-01,17,13
NSW,2018-07-02,7,3
NSW,2018-07-03,17,1
NSW,2018-07-04,17,3
NSW,2018-07-05,17,3
NSW,2018-07-06,17,3
NSW,2018-07-07,17,11
NSW,2018-07-08,18,12
NSW,2018-07-09,18,2
NSW,2018-07-10,18,13
NSW,2018-07-11,17,12
NSW,2018-07-12,8,12
NSW,2018-07-13,18,13
NSW,2018-07-14,17,14
NSW,2018-07-15,18,2
NSW,2018-07-16,17,4
NSW,2018-07-17,18,12
NSW,2018-07-18,7,3
NSW,2018-07-19,18,3
NSW,2018-07-20,8,4
NSW,2018-07-21,17,13
NSW,2018-07-22,18,12
NSW,2018-07-23,18,2
NSW,2018-07-24,7,12
NSW,2018-07-25,7,3
NSW,2018-07-26,17,3
NSW,2018-07-27,7,12
NSW,2018-07-28,18,12
NSW,2018-07-29,18,2
NSW,2018-07-30,7,2
NSW,2018-07-31,7,12
NSW,2018-08-01,18,3
NSW,2018-08-02,18,11
NSW,2018-08-03,17,12
NSW,2018-08-04,18,2
NSW,2018-08-05,18,11
NSW,2018-08-06,18,2
NSW,2018-08-07,18,4
NSW,2018-08-08,19,2
NSW,2018-08-09,7,13
NSW,2018-08-10,6,11
NSW,2018-08-11,18,13
NSW,2018-08-12,18,13
NSW,2018-08-13,18,2
NSW,2018-08-14,18,13
NSW,2018-08-15,6,12
NSW,2018-08-16,18,2
NSW,2018-08-17,6,14
NSW,2018-08-18,18,13
NSW,2018-08-19,18,11
NSW,2018-08-20,18,4
NSW,2018-08-21,18,3
NSW,2018-08-22,18,3
NSW,2018-08-23,18,4
NSW,2018-08-24,18,4
NSW,2018-08-25,18,4
NSW,2018-08-26,9,4
NSW,2018-08-27,18,4
NSW,2018-08-28,18,3
NSW,2018-08-29,7,14
NSW,2018-08-30,6,1
NSW,2018-08-31,10,2
NSW,2018-09-01,18,2
NSW,2018-09-02,18,13
NSW,2018-09-03,18,4
NSW,2018-09-04,18,4
NSW,2018-09-05,18,4
NSW,2018-09-06,7,1
NSW,2018-09-07,18,2
NSW,2018-09-08,0,11
NSW,2018-09-09,18,10
NSW,2018-09-10,18,2
NSW,2018-09-11,18,4
NSW,2018-09-12,18,4
NSW,2018-09-13,18,11
NSW,2018-09-14,18,12
NSW,2018-09-15,18,13
NSW,2018-09-16,18,11
NSW,2018-09-17,18,10
NSW,2018-09-18,18,4
NSW,2018-09-19,18,3
NSW,2018-09-20,18,4
NSW,2018-09-21,22,14
NSW,2018-09-22,18,13
NSW,2018-09-23,18,13
NSW,2018-09-24,18,4
NSW,2018-09-25,18,2
NSW,2018-09-26,18,5
NSW,2018-09-27,18,2
NSW,2018-09-28,19,13
NSW,2018-09-29,18,3
NSW,2018-09-30,18,0
NSW,2018-10-01,18,7
NSW,2018-10-02,18,12
NSW,2018-10-03,22,4
NSW,2018-10-04,17,3
NSW,2018-10-05,18,4
NSW,2018-10-06,18,23
NSW,2018-10-07,18,6
NSW,2018-10-08,17,2
NSW,2018-10-09,10,23
NSW,2018-10-10,19,3
NSW,2018-10-11,18,2
NSW,2018-10-12,22,2
NSW,2018-10-13,18,4
NSW,2018-10-14,18,5
NSW,2018-10-15,5,0
NSW,2018-10-16,19,3
NSW,2018-10-17,14,2
NSW,2018-10-18,18,1
NSW,2018-10-19,16,9
NSW,2018-10-20,8,5
NSW,2018-10-21,17,12
NSW,2018-10-22,18,2
NSW,2018-10-23,18,11
NSW,2018-10-24,6,1
NSW,2018-10-25,18,1
NSW,2018-10-26,6,1
NSW,2018-10-27,18,11
NSW,2018-10-28,18,23
NSW,2018-10-29,7,1
NSW,2018-10-30,18,11
NSW,2018-10-31,8,23
NSW,2018-11-01,18,23
NSW,2018-11-02,15,4
NSW,2018-11-03,18,0
NSW,2018-11-04,18,12
NSW,2018-11-05,18,4
NSW,2018-11-06,15,0
NSW,2018-11-07,6,1
NSW,2018-11-08,19,12
NSW,2018-11-09,5,1
NSW,2018-11-10,18,4
NSW,2018-11-11,18,13
NSW,2018-11-12,15,0
NSW,2018-11-13,19,1
NSW,2018-11-14,6,0
NSW,2018-11-15,10,23
NSW,2018-11-16,8,1
NSW,2018-11-17,19,13
NSW,2018-11-18,18,5
NSW,2018-11-19,13,2
NSW,2018-11-20,17,1
NSW,2018-11-21,19,2
NSW,2018-11-22,19,14
NSW,2018-11-23,19,2
NSW,2018-11-24,19,11
NSW,2018-11-25,18,6
NSW,2018-11-26,16,2
NSW,2018-11-27,19,0
NSW,2018-11-28,20,12
NSW,2018-11-29,5,7
NSW,2018-11-30,19,13
NSW,2018-12-01,19,9
NSW,2018-12-02,11,6
NSW,2018-12-03,19,0
NSW,2018-12-04,5,2
NSW,2018-12-05,13,2
NSW,2018-12-06,17,3
NSW,2018-12-07,13,2
NSW,2018-12-08,17,5
NSW,2018-12-09,17,5
NSW,2018-12-10,15,2
NSW,2018-12-11,11,1
NSW,2018-12-12,12,23
NSW,2018-12-13,13,1
NSW,2018-12-14,8,1
NSW,2018-12-15,10,5
NSW,2018-12-16,15,5
NSW,2018-12-17,16,1
NSW,2018-12-18,22,1
NSW,2018-12-19,14,1
NSW,2018-12-20,15,1
NSW,2018-12-21,6,4
NSW,2018-12-22,19,1
NSW,2018-12-23,19,3
NSW,2018-12-24,13,3
NSW,2018-12-25,17,12
NSW,2018-12-26,18,6
NSW,2018-12-27,15,6
NSW,2018-12-28,15,3
NSW,2018-12-29,13,2
NSW,2018-12-30,16,5
NSW,2018-12-31,12,19
NSW,2019-01-01,18,5
NSW,2019-01-02,12,2
NSW,2019-01-03,19,3
NSW,2019-01-04,14,4
NSW,2019-01-05,10,1
NSW,2019-01-06,20,7
NSW,2019-01-07,16,1
NSW,2019-01-08,10,23
NSW,2019-01-09,15,1
NSW,2019-01-10,13,23
NSW,2019-01-11,13,2
NSW,2019-01-12,18,1
NSW,2019-01-13,19,10
NSW,2019-01-14,15,5
NSW,2019-01-15,15,3
NSW,2019-01-16,16,21
NSW,2019-01-17,16,2
NSW,2019-01-18,15,7
NSW,2019-01-19,9,22
NSW,2019-01-20,18,4
NSW,2019-01-21,13,23
NSW,2019-01-22,15,0
NSW,2019-01-23,11,23
NSW,2019-01-24,14,0
NSW,2019-01-25,16,23
NSW,2019-01-26,16,3
NSW,2019-01-27,11,6
NSW,2019-01-28,16,5
NSW,2019-01-29,16,3
NSW,2019-01-30,13,4
NSW,2019-01-31,16,23
NSW,2019-02-01,15,23
NSW,2019-02-02,19,23
NSW,2019-02-03,16,6
NSW,2019-02-04,16,0
NSW,2019-02-05,16,1
NSW,2019-02-06,15,3
NSW,2019-02-07,15,3
NSW,2019-02-08,6,2
NSW,2019-02-09,23,1
NSW,2019-02-10,18,13
NSW,2019-02-11,19,0
NSW,2019-02-12,17,3
NSW,2019-02-13,17,3
NSW,2019-02-14,17,2
NSW,2019-02-15,15,0
NSW,2019-02-16,18,5
NSW,2019-02-17,17,7
NSW,2019-02-18,15,0
NSW,2019-02-19,13,3
NSW,2019-02-20,18,2
NSW,2019-02-21,18,1
NSW,2019-02-22,6,21
NSW,2019-02-23,18,23
NSW,2019-02-24,19,12
NSW,2019-02-25,18,2
NSW,2019-02-26,6,1
NSW,2019-02-27,18,2
NSW,2019-02-28,6,4
NSW,2019-03-01,12,23
NSW,2019-03-02,13,3
NSW,2019-03-03,15,9
NSW,2019-03-04,15,23
NSW,2019-03-05,13,0
NSW,2019-03-06,18,1
NSW,2019-03-07,6,23
NSW,2019-03-08,15,0
NSW,2019-03-09,2,23
NSW,2019-03-10,18,11
NSW,2019-03-11,18,23
NSW,2019-03-12,18,10
NSW,2019-03-13,16,23
NSW,2019-03-14,18,0
NSW,2019-03-15,6,22
NSW,2019-03-16,18,4
NSW,2019-03-17,17,23
NSW,2019-03-18,18,2
NSW,2019-03-19,18,10
NSW,2019-03-20,14,10
NSW,2019-03-21,13,1
NSW,2019-03-22,6,23
NSW,2019-03-23,16,11
NSW,2019-03-24,16,22
NSW,2019-03-25,6,1
NSW,2019-03-26,17,1
NSW,2019-03-27,6,23
NSW,2019-03-28,18,1
NSW,2019-03-29,15,2
NSW,2019-03-30,7,14
NSW,2019-03-31,18,4
NSW,2019-04-01,6,3
NSW,2019-04-02,6,23
NSW,2019-04-03,6,9
NSW,2019-04-04,18,1
NSW,2019-04-05,6,2
NSW,2019-04-06,16,11
NSW,2019-04-07,18,11
NSW,2019-04-08,17,5
NSW,2019-04-09,17,21
NSW,2019-04-10,18,7
NSW,2019-04-11,17,8
NSW,2019-04-12,17,4
NSW,2019-04-13,17,23
NSW,2019-04-14,17,0
NSW,2019-04-15,17,0
NSW,2019-04-16,17,4
NSW,2019-04-17,14,3
NSW,2019-04-18,17,4
NSW,2019-04-19,17,10
NSW,2019-04-20,17,11
NSW,2019-04-21,17,1
NSW,2019-04-22,17,0
NSW,2019-04-23,17,4
NSW,2019-04-24,17,5
NSW,2019-04-25,18,12
NSW,2019-04-26,17,3
NSW,2019-04-27,17,7
NSW,2019-04-28,17,11
NSW,2019-04-29,17,8
NSW,2019-04-30,17,1
NSW,2019-05-01,17,4
NSW,2019-05-02,18,1
NSW,2019-05-03,17,5
NSW,2019-05-04,17,5
NSW,2019-05-05,17,9
NSW,2019-05-06,17,9
NSW,2019-05-07,17,10
NSW,2019-05-08,17,10
NSW,2019-05-09,17,9
NSW,2019-05-10,17,2
NSW,2019-05-11,17,2
NSW,2019-05-12,17,12
NSW,2019-05-13,17,11
NSW,2019-05-14,7,4
NSW,2019-05-15,17,4
NSW,2019-05-16,7,4
NSW,2019-05-17,17,4
NSW,2019-05-18,17,11
NSW,2019-05-19,17,3
NSW,2019-05-20,17,3
NSW,2019-05-21,17,4
NSW,2019-05-22,18,0
NSW,2019-05-23,6,12
NSW,2019-05-24,7,4
NSW,2019-05-25,17,10
NSW,2019-05-26,17,2
NSW,2019-05-27,17,2
NSW,2019-05-28,17,1
NSW,2019-05-29,17,3
NSW,2019-05-30,7,4
NSW,2019-05-31,17,3
NSW,2019-06-01,17,4
NSW,2019-06-02,17,5
NSW,2019-06-03,18,3
NSW,2019-06-04,17,4
NSW,2019-06-05,18,12
NSW,2019-06-06,17,4
NSW,2019-06-07,17,3
NSW,2019-06-08,17,4
NSW,2019-06-09,17,12
NSW,2019-06-10,17,3
NSW,2019-06-11,6,12
NSW,2019-06-12,18,3
NSW,2019-06-13,7,4
NSW,2019-06-14,17,3
NSW,2019-06-15,17,15
NSW,2019-06-16,17,5
NSW,2019-06-17,7,2
NSW,2019-06-18,18,4
NSW,2019-06-19,18,13
NSW,2019-06-20,7,11
NSW,2019-06-21,7,13
NSW,2019-06-22,17,4
NSW,2019-06-23,17,3
NSW,2019-06-24,17,11
NSW,2019-06-25,17,5
NSW,2019-06-26,17,4
NSW,2019-06-27,17,12
NSW,2019-06-28,7,11
NSW,2019-06-29,17,4
NSW,2019-06-30,18,11
NSW,2019-07-01,17,2
NSW,2019-07-02,18,4
NSW,2019-07-03,7,4
NSW,2019-07-04,17,4
NSW,2019-07-05,17,3
NSW,2019-07-06,17,4
NSW,2019-07-07,18,2
NSW,2019-07-08,17,4
NSW,2019-07-09,17,4
NSW,2019-07-10,17,4
NSW,2019-07-11,17,3
NSW,2019-07-12,20,4
NSW,2019-07-13,17,14
NSW,2019-07-14,18,12
NSW,2019-07-15,17,3
NSW,2019-07-16,18,3
NSW,2019-07-17,7,12
NSW,2019-07-18,18,13
NSW,2019-07-19,17,12
NSW,2019-07-20,18,12
NSW,2019-07-21,18,13
NSW,2019-07-22,18,2
NSW,2019-07-23,17,2
NSW,2019-07-24,18,2
NSW,2019-07-25,7,13
NSW,2019-07-26,17,0
NSW,2019-07-27,17,12
NSW,2019-07-28,17,11
NSW,2019-07-29,7,4
NSW,2019-07-30,17,4
NSW,2019-07-31,18,9
NSW,2019-08-01,18,11
NSW,2019-08-02,17,4
NSW,2019-08-03,18,12
NSW,2019-08-04,17,14
NSW,2019-08-05,18,11
NSW,2019-08-06,18,12
NSW,2019-08-07,7,11
NSW,2019-08-08,20,13
NSW,2019-08-09,18,12
NSW,2019-08-10,17,13
NSW,2019-08-11,18,11
NSW,2019-08-12,18,15
NSW,2019-08-13,19,10
NSW,2019-08-14,7,9
NSW,2019-08-15,18,12
NSW,2019-08-16,18,12
NSW,2019-08-17,17,13
NSW,2019-08-18,18,11
NSW,2019-08-19,18,0
NSW,2019-08-20,6,14
NSW,2019-08-21,6,13
NSW,2019-08-22,19,3
NSW,2019-08-23,7,13
NSW,2019-08-24,18,10
NSW,2019-08-25,18,11
NSW,2019-08-26,19,5
NSW,2019-08-27,18,15
NSW,2019-08-28,18,13
NSW,2019-08-29,7,11
NSW,2019-08-30,18,4
NSW,2019-08-31,18,10
NSW,2019-09-01,20,13
NSW,2019-09-02,17,10
NSW,2019-09-03,18,12
NSW,2019-09-04,18,4
NSW,2019-09-05,6,12
NSW,2019-09-06,6,9
NSW,2019-09-07,18,13
NSW,2019-09-08,18,12
NSW,2019-09-09,18,3
NSW,2019-09-10,18,1
NSW,2019-09-11,18,12
NSW,2019-09-12,18,11
NSW,2019-09-13,23,14
NSW,2019-09-14,18,14
NSW,2019-09-15,14,9
NSW,2019-09-16,18,8
NSW,2019-09-17,18,5
NSW,2019-09-18,18,2
NSW,2019-09-19,6,12
NSW,2019-09-20,12,1
NSW,2019-09-21,18,12
NSW,2019-09-22,18,9
NSW,2019-09-23,18,2
NSW,2019-09-24,18,12
NSW,2019-09-25,18,3
NSW,2019-09-26,6,12
NSW,2019-09-27,18,9
NSW,2019-09-28,18,14
NSW,2019-09-29,18,13
NSW,2019-09-30,17,8
NSW,2019-10-01,18,12
NSW,2019-10-02,18,11
NSW,2019-10-03,18,10
NSW,2019-10-04,18,3
NSW,2019-10-05,18,21
NSW,2019-10-06,18,8
NSW,2019-10-07,18,12
NSW,2019-10-08,6,9
NSW,2019-10-09,18,1
NSW,2019-10-10,4,8
NSW,2019-10-11,5,21
NSW,2019-10-12,18,23
NSW,2019-10-13,18,14
NSW,2019-10-14,18,10
NSW,2019-10-15,6,1
NSW,2019-10-16,6,11
NSW,2019-10-17,19,10
NSW,2019-10-18,5,10
NSW,2019-10-19,18,12
NSW,2019-10-20,18,13
NSW,2019-10-21,18,7
NSW,2019-10-22,5,11
NSW,2019-10-23,18,7
NSW,2019-10-24,16,7
NSW,2019-10-25,5,23
NSW,2019-10-26,18,1
NSW,2019-10-27,18,14
NSW,2019-10-28,18,2
NSW,2019-10-29,18,9
NSW,2019-10-30,14,2
NSW,2019-10-31,6,21
NSW,2019-11-01,12,0
NSW,2019-11-02,18,6
NSW,2019-11-03,18,6
NSW,2019-11-04,6,2
NSW,2019-11-05,18,11
NSW,2019-11-06,17,11
NSW,2019-11-07,18,2
NSW,2019-11-08,20,8
NSW,2019-11-09,19,8
NSW,2019-11-10,19,12
NSW,2019-11-11,18,9
NSW,2019-11-12,18,10
NSW,2019-11-13,19,12
NSW,2019-11-14,6,12
NSW,2019-11-15,15,2
NSW,2019-11-16,18,11
NSW,2019-11-17,18,11
NSW,2019-11-18,23,11
NSW,2019-11-19,18,10
NSW,2019-11-20,18,10
NSW,2019-11-21,12,2
NSW,2019-11-22,18,1
NSW,2019-11-23,17,11
NSW,2019-11-24,18,6
NSW,2019-11-25,13,3
NSW,2019-11-26,18,12
NSW,2019-11-27,18,9
NSW,2019-11-28,18,3
NSW,2019-11-29,7,12
NSW,2019-11-30,19,14
NSW,2019-12-01,19,9
NSW,2019-12-02,19,3
NSW,2019-12-03,19,3
NSW,2019-12-04,19,3
NSW,2019-12-05,18,10
NSW,2019-12-06,19,1
NSW,2019-12-07,19,7
NSW,2019-12-08,18,6
NSW,2019-12-09,15,3
NSW,2019-12-10,15,17
NSW,2019-12-11,10,23
NSW,2019-12-12,19,15
NSW,2019-12-13,19,1
NSW,2019-12-14,20,3
NSW,2019-12-15,18,11
NSW,2019-12-16,18,2
NSW,2019-12-17,5,1
NSW,2019-12-18,18,2
NSW,2019-12-19,13,3
NSW,2019-12-20,18,3
NSW,2019-12-21,14,8
NSW,2019-12-22,19,7
NSW,2019-12-23,17,2
NSW,2019-12-24,3,7
NSW,2019-12-25,18,15
NSW,2019-12-26,18,7
NSW,2019-12-27,16,2
NSW,2019-12-28,17,9
NSW,2019-12-29,17,10
NSW,2019-12-30,17,3
NSW,2019-12-31,16,8
NSW,2020-01-01,19,9
NSW,2020-01-02,18,1
NSW,2020-01-03,18,7
NSW,2020-01-04,16,6
NSW,2020-01-05,18,11
NSW,2020-01-06,14,1
NSW,2020-01-07,16,2
NSW,2020-01-08,16,1
NSW,2020-01-09,17,1
NSW,2020-01-10,17,2
NSW,2020-01-11,5,10
NSW,2020-01-12,19,10
NSW,2020-01-13,19,1
NSW,2020-01-14,19,3
NSW,2020-01-15,19,2
NSW,2020-01-16,19,1
NSW,2020-01-17,19,2
NSW,2020-01-18,19,11
NSW,2020-01-19,14,1
NSW,2020-01-20,13,1
NSW,2020-01-21,19,11
NSW,2020-01-22,16,3
NSW,2020-01-23,17,3
NSW,2020-01-24,16,14
NSW,2020-01-25,17,8
NSW,2020-01-26,17,7
NSW,2020-01-27,17,7
NSW,2020-01-28,17,2
NSW,2020-01-29,15,23
NSW,2020-01-30,17,3
NSW,2020-01-31,16,3
NSW,2020-02-01,16,0
NSW,2020-02-02,0,23
NSW,2020-02-03,6,1
NSW,2020-02-04,6,11
NSW,2020-02-05,19,1
NSW,2020-02-06,18,2
NSW,2020-02-07,6,2
NSW,2020-02-08,8,3
NSW,2020-02-09,10,1
NSW,2020-02-10,15,1
NSW,2020-02-11,19,1
NSW,2020-02-12,18,3
NSW,2020-02-13,18,3
NSW,2020-02-14,8,4
NSW,2020-02-15,19,7
NSW,2020-02-16,18,4
NSW,2020-02-17,15,2
NSW,2020-02-18,12,23
NSW,2020-02-19,19,11
NSW,2020-02-20,18,23
NSW,2020-02-21,6,3
NSW,2020-02-22,19,10
NSW,2020-02-23,18,23
NSW,2020-02-24,18,2
NSW,2020-02-25,16,1
NSW,2020-02-26,18,2
NSW,2020-02-27,18,2
NSW,2020-02-28,18,1
NSW,2020-02-29,18,2
NSW,2020-03-01,17,7
NSW,2020-03-02,13,2
NSW,2020-03-03,6,2
NSW,2020-03-04,17,23
NSW,2020-03-05,10,2
NSW,2020-03-06,18,3
NSW,2020-03-07,18,3
NSW,2020-03-08,18,2
NSW,2020-03-09,6,2
NSW,2020-03-10,18,2
NSW,2020-03-11,18,2
NSW,2020-03-12,18,1
NSW,2020-03-13,18,2
NSW,2020-03-14,18,14
NSW,2020-03-15,17,10
NSW,2020-03-16,18,1
NSW,2020-03-17,16,2
NSW,2020-03-18,18,3
NSW,2020-03-19,17,2
NSW,2020-03-20,18,2
NSW,2020-03-21,18,9
NSW,2020-03-22,17,11
NSW,2020-03-23,17,3
NSW,2020-03-24,17,2
NSW,2020-03-25,17,3
NSW,2020-03-26,17,2
NSW,2020-03-27,17,20
NSW,2020-03-28,18,12
NSW,2020-03-29,18,3
NSW,2020-03-30,17,2
NSW,2020-03-31,17,8
NSW,2020-04-01,17,3
NSW,2020-04-02,17,1
NSW,2020-04-03,17,4
NSW,2020-04-04,18,10
NSW,2020-04-05,18,10
NSW,2020-04-06,18,3
NSW,2020-04-07,18,3
NSW,2020-04-08,9,3
NSW,2020-04-09,18,3
NSW,2020-04-10,17,14
NSW,2020-04-11,17,10
NSW,2020-04-12,17,9
NSW,2020-04-13,18,10
NSW,2020-04-14,18,11
NSW,2020-04-15,17,12
NSW,2020-04-16,18,11
NSW,2020-04-17,18,3
NSW,2020-04-18,18,10
NSW,2020-04-19,17,12
NSW,2020-04-20,18,10
NSW,2020-04-21,18,11
NSW,2020-04-22,17,11
NSW,2020-04-23,17,9
NSW,2020-04-24,18,10
NSW,2020-04-25,17,11
NSW,2020-04-26,18,11
NSW,2020-04-27,18,10
NSW,2020-04-28,17,21
NSW,2020-04-29,17,3
NSW,2020-04-30,17,13
NSW,2020-05-01,17,3
NSW,2020-05-02,17,10
NSW,2020-05-03,18,3
NSW,2020-05-04,17,11
NSW,2020-05-05,17,13
NSW,2020-05-06,17,10
NSW,2020-05-07,17,10
NSW,2020-05-08,17,11
NSW,2020-05-09,17,12
NSW,2020-05-10,17,12
NSW,2020-05-11,18,11
NSW,2020-05-12,17,11
NSW,2020-05-13,17,3
NSW,2020-05-14,18,3
NSW,2020-05-15,17,3
NSW,2020-05-16,18,11
NSW,2020-05-17,17,11
NSW,2020-05-18,8,3
NSW,2020-05-19,8,3
NSW,2020-05-20,17,3
NSW,2020-05-21,17,4
NSW,2020-05-22,9,5
NSW,2020-05-23,8,4
NSW,2020-05-24,17,3
NSW,2020-05-25,17,3
NSW,2020-05-26,17,3
NSW,2020-05-27,17,3
NSW,2020-05-28,17,4
NSW,2020-05-29,17,4
NSW,2020-05-30,17,11
NSW,2020-05-31,17,13
NSW,2020-06-01,18,5
NSW,2020-06-02,17,3
NSW,2020-06-03,17,4
NSW,2020-06-04,18,4
NSW,2020-06-05,7,14
NSW,2020-06-06,17,10
NSW,2020-06-07,17,5
NSW,2020-06-08,17,10
NSW,2020-06-09,17,3
NSW,2020-06-10,17,4
NSW,2020-06-11,7,23
NSW,2020-06-12,7,2
NSW,2020-06-13,17,4
NSW,2020-06-14,17,3
NSW,2020-06-15,17,3
NSW,2020-06-16,17,3
NSW,2020-06-17,17,4
NSW,2020-06-18,17,3
NSW,2020-06-19,17,3
NSW,2020-06-20,17,11
NSW,2020-06-21,18,3
NSW,2020-06-22,8,3
NSW,2020-06-23,17,4
NSW,2020-06-24,17,4
NSW,2020-06-25,18,3
NSW,2020-06-26,7,12
NSW,2020-06-27,17,11
NSW,2020-06-28,17,5
NSW,2020-06-29,17,3
NSW,2020-06-30,7,3
NSW,2020-07-01,17,3
NSW,2020-07-02,18,3
NSW,2020-07-03,18,3
NSW,2020-07-04,8,3
NSW,2020-07-05,18,12
NSW,2020-07-06,17,3
NSW,2020-07-07,17,3
NSW,2020-07-08,17,3
NSW,2020-07-09,17,13
NSW,2020-07-10,17,3
NSW,2020-07-11,18,6
NSW,2020-07-12,18,3
NSW,2020-07-13,17,2
NSW,2020-07-14,17,3
NSW,2020-07-15,17,11
NSW,2020-07-16,17,1
NSW,2020-07-17,17,14
NSW,2020-07-18,17,11
NSW,2020-07-19,17,12
NSW,2020-07-20,6,12
NSW,2020-07-21,18,3
NSW,2020-07-22,17,13
NSW,2020-07-23,18,12
NSW,2020-07-24,18,12
NSW,2020-07-25,18,12
NSW,2020-07-26,17,6
NSW,2020-07-27,17,3
NSW,2020-07-28,18,2
NSW,2020-07-29,17,13
NSW,2020-07-30,17,14
NSW,2020-07-31,17,13
NSW,2020-08-01,18,13
NSW,2020-08-02,17,13
NSW,2020-08-03,18,13
NSW,2020-08-04,18,13
NSW,2020-08-05,18,3
NSW,2020-08-06,18,0
NSW,2020-08-07,9,3
NSW,2020-08-08,18,4
NSW,2020-08-09,18,5
NSW,2020-08-10,17,3
NSW,2020-08-11,17,14
NSW,2020-08-12,17,14
NSW,2020-08-13,6,3
NSW,2020-08-14,11,5
NSW,2020-08-15,18,15
NSW,2020-08-16,18,15
NSW,2020-08-17,18,14
NSW,2020-08-18,17,3
NSW,2020-08-19,18,11
NSW,2020-08-20,18,3
NSW,2020-08-21,18,12
NSW,2020-08-22,18,13
NSW,2020-08-23,18,13
NSW,2020-08-24,18,13
NSW,2020-08-25,18,17
NSW,2020-08-26,18,13
NSW,2020-08-27,6,12
NSW,2020-08-28,18,13
NSW,2020-08-29,18,12
NSW,2020-08-30,18,12
NSW,2020-08-31,18,13
NSW,2020-09-01,18,13
NSW,2020-09-02,18,12
NSW,2020-09-03,18,10
NSW,2020-09-04,18,2
NSW,2020-09-05,18,12
NSW,2020-09-06,18,13
NSW,2020-09-07,6,11
NSW,2020-09-08,16,3
NSW,2020-09-09,17,3
NSW,2020-09-10,17,12
NSW,2020-09-11,17,2
NSW,2020-09-12,18,10
NSW,2020-09-13,18,13
NSW,2020-09-14,18,12
NSW,2020-09-15,18,2
NSW,2020-09-16,18,10
NSW,2020-09-17,18,12
NSW,2020-09-18,18,3
NSW,2020-09-19,18,12
NSW,2020-09-20,18,13
NSW,2020-09-21,17,3
NSW,2020-09-22,18,11
NSW,2020-09-23,18,11
NSW,2020-09-24,18,7
NSW,2020-09-25,16,10
NSW,2020-09-26,18,13
NSW,2020-09-27,18,13
NSW,2020-09-28,18,14
NSW,2020-09-29,17,3
NSW,2020-09-30,8,3
NSW,2020-10-01,18,11
NSW,2020-10-02,6,11
NSW,2020-10-03,18,8
NSW,2020-10-04,17,13
NSW,2020-10-05,17,10
NSW,2020-10-06,8,2
NSW,2020-10-07,12,20
NSW,2020-10-08,18,13
NSW,2020-10-09,18,11
NSW,2020-10-10,18,11
NSW,2020-10-11,18,7
NSW,2020-10-12,5,7
NSW,2020-10-13,5,11
NSW,2020-10-14,5,13
NSW,2020-10-15,18,8
NSW,2020-10-16,16,3
NSW,2020-10-17,17,11
NSW,2020-10-18,18,14
NSW,2020-10-19,18,13
NSW,2020-10-20,18,7
NSW,2020-10-21,6,10
NSW,2020-10-22,5,1
NSW,2020-10-23,16,3
NSW,2020-10-24,19,11
NSW,2020-10-25,17,6
NSW,2020-10-26,16,2
NSW,2020-10-27,6,0
NSW,2020-10-28,5,3
NSW,2020-10-29,19,11
NSW,2020-10-30,5,12
NSW,2020-10-31,18,8
NSW,2020-11-01,18,12
NSW,2020-11-02,18,8
NSW,2020-11-03,17,7
NSW,2020-11-04,18,11
NSW,2020-11-05,18,14
NSW,2020-11-06,18,15
NSW,2020-11-07,18,14
NSW,2020-11-08,18,13
NSW,2020-11-09,18,1
NSW,2020-11-10,18,2
NSW,2020-11-11,16,1
NSW,2020-11-12,19,7
NSW,2020-11-13,8,15
NSW,2020-11-14,19,13
NSW,2020-11-15,18,11
NSW,2020-11-16,13,9
NSW,2020-11-17,18,7
NSW,2020-11-18,17,9
NSW,2020-11-19,16,9
NSW,2020-11-20,14,16
NSW,2020-11-21,18,5
NSW,2020-11-22,18,6
NSW,2020-11-23,6,14
NSW,2020-11-24,5,12
NSW,2020-11-25,17,9
NSW,2020-11-26,16,7
NSW,2020-11-27,18,10
NSW,2020-11-28,18,6
NSW,2020-11-29,18,6
NSW,2020-11-30,18,1
NSW,2020-12-01,16,12
NSW,2020-12-02,15,7
NSW,2020-12-03,18,2
NSW,2020-12-04,16,17
NSW,2020-12-05,19,15
NSW,2020-12-06,19,7
NSW,2020-12-07,18,11
NSW,2020-12-08,19,16
NSW,2020-12-09,19,7
NSW,2020-12-10,17,7
NSW,2020-12-11,19,7
NSW,2020-12-12,19,14
NSW,2020-12-13,19,7
NSW,2020-12-14,16,2
NSW,2020-12-15,12,19
NSW,2020-12-16,13,2
NSW,2020-12-17,16,8
NSW,2020-12-18,13,11
NSW,2020-12-19,3,14
NSW,2020-12-20,19,16
NSW,2020-12-21,16,18
NSW,2020-12-22,5,14
NSW,2020-12-23,18,7
NSW,2020-12-24,18,12
NSW,2020-12-25,19,12
NSW,2020-12-26,19,11
NSW,2020-12-27,19,9
NSW,2020-12-28,15,8
NSW,2020-12-29,5,16
NSW,2020-12-30,19,10
NSW,2020-12-31,22,13
NSW,2021-01-01,19,6
NSW,2021-01-02,18,12
NSW,2021-01-03,18,13
NSW,2021-01-04,22,2
NSW,2021-01-05,18,7
NSW,2021-01-06,17,7
NSW,2021-01-07,0,16
NSW,2021-01-08,18,1
NSW,2021-01-09,19,10
NSW,2021-01-10,18,10
NSW,2021-01-11,17,3
NSW,2021-01-12,18,2
NSW,2021-01-13,18,7
NSW,2021-01-14,15,9
NSW,2021-01-15,18,10
NSW,2021-01-16,20,8
NSW,2021-01-17,18,8
NSW,2021-01-18,19,7
NSW,2021-01-19,0,3
NSW,2021-01-20,22,3
NSW,2021-01-21,18,3
NSW,2021-01-22,18,9
NSW,2021-01-23,18,7
NSW,2021-01-24,16,7
NSW,2021-01-25,19,7
NSW,2021-01-26,18,7
NSW,2021-01-27,2,13
NSW,2021-01-28,6,1
NSW,2021-01-29,8,2
NSW,2021-01-30,19,12
NSW,2021-01-31,19,7
NSW,2021-02-01,17,3
NSW,2021-02-02,5,13
NSW,2021-02-03,18,11
NSW,2021-02-04,16,9
NSW,2021-02-05,17,1
NSW,2021-02-06,0,7
NSW,2021-02-07,2,10
NSW,2021-02-08,5,14
NSW,2021-02-09,5,18
NSW,2021-02-10,18,2
NSW,2021-02-11,18,8
NSW,2021-02-12,18,2
NSW,2021-02-13,8,14
NSW,2021-02-14,17,8
NSW,2021-02-15,18,2
NSW,2021-02-16,18,3
NSW,2021-02-17,18,2
NSW,2021-02-18,18,2
NSW,2021-02-19,18,2
NSW,2021-02-20,17,11
NSW,2021-02-21,18,9
NSW,2021-02-22,17,10
NSW,2021-02-23,5,2
NSW,2021-02-24,19,2
NSW,2021-02-25,18,14
NSW,2021-02-26,6,13
NSW,2021-02-27,18,15
NSW,2021-02-28,17,10
NSW,2021-03-01,6,7
NSW,2021-03-02,22,10
NSW,2021-03-03,6,14
NSW,2021-03-04,6,11
NSW,2021-03-05,6,11
NSW,2021-03-06,17,8
NSW,2021-03-07,17,11
NSW,2021-03-08,18,10
NSW,2021-03-09,18,9
NSW,2021-03-10,18,7
NSW,2021-03-11,18,1
NSW,2021-03-12,17,2
NSW,2021-03-13,18,10
NSW,2021-03-14,19,10
NSW,2021-03-15,6,7
NSW,2021-03-16,6,2
NSW,2021-03-17,18,2
NSW,2021-03-18,6,2
NSW,2021-03-19,6,2
NSW,2021-03-20,13,3
NSW,2021-03-21,13,3
NSW,2021-03-22,6,1
NSW,2021-03-23,6,2
NSW,2021-03-24,6,12
NSW,2021-03-25,18,15
NSW,2021-03-26,5,10
NSW,2021-03-27,18,11
NSW,2021-03-28,18,12
NSW,2021-03-29,6,13
NSW,2021-03-30,6,12
NSW,2021-03-31,6,10
NSW,2021-04-01,17,8
NSW,2021-04-02,18,10
NSW,2021-04-03,17,11
NSW,2021-04-04,17,11
NSW,2021-04-05,18,8
NSW,2021-04-06,17,21
NSW,2021-04-07,18,3
NSW,2021-04-08,20,11
NSW,2021-04-09,22,13
NSW,2021-04-10,1,11
NSW,2021-04-11,18,11
NSW,2021-04-12,18,10
NSW,2021-04-13,17,12
NSW,2021-04-14,18,11
NSW,2021-04-15,18,10
NSW,2021-04-16,17,12
NSW,2021-04-17,18,14
NSW,2021-04-18,19,10
NSW,2021-04-19,18,11
NSW,2021-04-20,18,14
NSW,2021-04-21,18,5
NSW,2021-04-22,18,9
NSW,2021-04-23,7,11
NSW,2021-04-24,17,12
NSW,2021-04-25,18,10
NSW,2021-04-26,18,12
NSW,2021-04-27,18,12
NSW,2021-04-28,18,9
NSW,2021-04-29,17,12
NSW,2021-04-30,6,3
NSW,2021-05-01,17,8
NSW,2021-05-02,20,12
NSW,2021-05-03,18,10
NSW,2021-05-04,17,2
NSW,2021-05-05,18,4
NSW,2021-05-06,17,5
NSW,2021-05-07,18,2
NSW,2021-05-08,17,12
NSW,2021-05-09,18,8
NSW,2021-05-10,17,11
NSW,2021-05-11,18,10
NSW,2021-05-12,17,3
NSW,2021-05-13,18,11
NSW,2021-05-14,17,3
NSW,2021-05-15,17,11
NSW,2021-05-16,18,10
NSW,2021-05-17,17,3
NSW,2021-05-18,17,11
NSW,2021-05-19,7,13
NSW,2021-05-20,15,2
NSW,2021-05-21,17,4
NSW,2021-05-22,7,11
NSW,2021-05-23,17,11
NSW,2021-05-24,17,2
NSW,2021-05-25,17,11
NSW,2021-05-26,17,12
NSW,2021-05-27,6,11
NSW,2021-05-28,7,10
NSW,2021-05-29,16,11
NSW,2021-05-30,18,14
NSW,2021-05-31,17,13
NSW,2021-06-01,17,4
NSW,2021-06-02,17,3
NSW,2021-06-03,17,23
NSW,2021-06-04,17,11
NSW,2021-06-05,17,13
NSW,2021-06-06,17,13
NSW,2021-06-07,7,15
NSW,2021-06-08,17,3
NSW,2021-06-09,17,13
NSW,2021-06-10,17,0
NSW,2021-06-11,7,17
NSW,2021-06-12,18,10
NSW,2021-06-13,22,13
NSW,2021-06-14,18,12
NSW,2021-06-15,17,3
NSW,2021-06-16,7,4
NSW,2021-06-17,7,12
NSW,2021-06-18,7,14
NSW,2021-06-19,18,2
NSW,2021-06-20,18,1
NSW,2021-06-21,17,2
NSW,2021-06-22,17,23
NSW,2021-06-23,17,2
NSW,2021-06-24,17,3
NSW,2021-06-25,17,5
NSW,2021-06-26,17,13
NSW,2021-06-27,17,11
NSW,2021-06-28,17,11
NSW,2021-06-29,17,23
NSW,2021-06-30,17,3
NSW,2021-07-01,17,3
NSW,2021-07-02,18,13
NSW,2021-07-03,17,12
NSW,2021-07-04,18,11
NSW,2021-07-05,22,1
NSW,2021-07-06,17,13
NSW,2021-07-07,17,11
NSW,2021-07-08,15,3
NSW,2021-07-09,9,3
NSW,2021-07-10,19,3
NSW,2021-07-11,18,19
NSW,2021-07-12,17,13
NSW,2021-07-13,17,23
NSW,2021-07-14,8,4
NSW,2021-07-15,17,3
NSW,2021-07-16,17,3
NSW,2021-07-17,18,13
NSW,2021-07-18,19,12
NSW,2021-07-19,7,23
NSW,2021-07-20,17,3
NSW,2021-07-21,18,1
NSW,2021-07-22,8,11
NSW,2021-07-23,13,3
NSW,2021-07-24,18,13
NSW,2021-07-25,18,11
NSW,2021-07-26,17,10
NSW,2021-07-27,17,11
NSW,2021-07-28,18,11
NSW,2021-07-29,18,11
NSW,2021-07-30,7,13
NSW,2021-07-31,18,13
NSW,2021-08-01,18,12
NSW,2021-08-02,17,11
NSW,2021-08-03,17,4
NSW,2021-08-04,18,12
NSW,2021-08-05,18,11
NSW,2021-08-06,18,5
NSW,2021-08-07,18,13
NSW,2021-08-08,18,11
NSW,2021-08-09,18,3
NSW,2021-08-10,18,11
NSW,2021-08-11,18,14
NSW,2021-08-12,18,12
NSW,2021-08-13,22,11
NSW,2021-08-14,17,11
NSW,2021-08-15,18,12
NSW,2021-08-16,17,11
NSW,2021-08-17,18,9
NSW,2021-08-18,18,14
NSW,2021-08-19,6,10
NSW,2021-08-20,17,11
NSW,2021-08-21,21,12
NSW,2021-08-22,18,11
NSW,2021-08-23,17,2
NSW,2021-08-24,8,4
NSW,2021-08-25,18,12
NSW,2021-08-26,18,11
NSW,2021-08-27,18,10
NSW,2021-08-28,18,11
NSW,2021-08-29,18,13
NSW,2021-08-30,17,11
NSW,2021-08-31,6,12
NSW,2021-09-01,6,12
NSW,2021-09-02,18,11
NSW,2021-09-03,17,10
NSW,2021-09-04,17,7
NSW,2021-09-05,18,10
NSW,2021-09-06,18,12
NSW,2021-09-07,18,13
NSW,2021-09-08,17,13
NSW,2021-09-09,6,13
NSW,2021-09-10,17,12
NSW,2021-09-11,17,13
NSW,2021-09-12,18,11
NSW,2021-09-13,18,9
NSW,2021-09-14,18,9
NSW,2021-09-15,18,11
NSW,2021-09-16,17,11
NSW,2021-09-17,18,10
NSW,2021-09-18,18,7
NSW,2021-09-19,22,12
NSW,2021-09-20,18,9
NSW,2021-09-21,17,11
NSW,2021-09-22,19,13
NSW,2021-09-23,18,12
NSW,2021-09-24,22,12
NSW,2021-09-25,18,10
NSW,2021-09-26,18,8
NSW,2021-09-27,18,8
NSW,2021-09-28,19,10
NSW,2021-09-29,9,3
NSW,2021-09-30,18,14
NSW,2021-10-01,18,10
NSW,2021-10-02,18,8
NSW,2021-10-03,0,10
NSW,2021-10-04,18,11
NSW,2021-10-05,18,13
NSW,2021-10-06,22,11
NSW,2021-10-07,23,10
NSW,2021-10-08,18,13
NSW,2021-10-09,17,11
NSW,2021-10-10,17,11
NSW,2021-10-11,6,9
NSW,2021-10-12,8,12
NSW,2021-10-13,17,2
NSW,2021-10-14,17,11
NSW,2021-10-15,18,13
NSW,2021-10-16,18,14
NSW,2021-10-17,18,12
NSW,2021-10-18,18,11
NSW,2021-10-19,18,9
NSW,2021-10-20,18,11
NSW,2021-10-21,22,20
NSW,2021-10-22,18,12
NSW,2021-10-23,18,10
NSW,2021-10-24,0,11
NSW,2021-10-25,18,12
NSW,2021-10-26,18,11
NSW,2021-10-27,18,10
NSW,2021-10-28,15,10
NSW,2021-10-29,18,3
NSW,2021-10-30,18,11
NSW,2021-10-31,18,13
NSW,2021-11-01,17,11
NSW,2021-11-02,0,19
NSW,2021-11-03,16,1
NSW,2021-11-04,9,20
NSW,2021-11-05,18,13
NSW,2021-11-06,15,10
NSW,2021-11-07,12,6
NSW,2021-11-08,18,12
NSW,2021-11-09,18,11
NSW,2021-11-10,7,2
NSW,2021-11-11,11,13
NSW,2021-11-12,6,2
NSW,2021-11-13,18,12
NSW,2021-11-14,17,11
NSW,2021-11-15,16,11
NSW,2021-11-16,18,12
NSW,2021-11-17,19,13
NSW,2021-11-18,14,9
NSW,2021-11-19,17,2
NSW,2021-11-20,0,11
NSW,2021-11-21,12,14
NSW,2021-11-22,18,13
NSW,2021-11-23,19,6
NSW,2021-11-24,16,1
NSW,2021-11-25,7,21
NSW,2021-11-26,7,11
NSW,2021-11-27,18,11
NSW,2021-11-28,18,12
NSW,2021-11-29,18,7
NSW,2021-11-30,12,15
NSW,2021-12-01,19,13
NSW,2021-12-02,17,7
NSW,2021-12-03,0,8
NSW,2021-12-04,2,12
NSW,2021-12-05,19,13
NSW,2021-12-06,22,8
NSW,2021-12-07,23,10
NSW,2021-12-08,0,10
NSW,2021-12-09,5,11
NSW,2021-12-10,21,8
NSW,2021-12-11,4,8
NSW,2021-12-12,19,8
NSW,2021-12-13,20,8
NSW,2021-12-14,19,11
NSW,2021-12-15,17,12
NSW,2021-12-16,18,9
NSW,2021-12-17,18,8
NSW,2021-12-18,17,7
NSW,2021-12-19,4,7
NSW,2021-12-20,15,7
NSW,2021-12-21,18,15
NSW,2021-12-22,2,10
NSW,2021-12-23,22,12
NSW,2021-12-24,19,6
NSW,2021-12-25,15,7
NSW,2021-12-26,4,11
NSW,2021-12-27,19,6
NSW,2021-12-28,19,7
NSW,2021-12-29,19,6
NSW,2021-12-30,19,12
NSW,2021-12-31,19,6
NSW,2022-01-01,0,7
NSW,2022-01-02,18,9
NSW,2022-01-03,19,8
NSW,2022-01-04,21,0
NSW,2022-01-05,22,1
NSW,2022-01-06,8,14
NSW,2022-01-07,19,13
NSW,2022-01-08,18,9
NSW,2022-01-09,18,7
NSW,2022-01-10,15,2
NSW,2022-01-11,10,17
NSW,2022-01-12,11,8
NSW,2022-01-13,19,13
NSW,2022-01-14,18,3
NSW,2022-01-15,19,7
NSW,2022-01-16,18,7
NSW,2022-01-17,14,2
NSW,2022-01-18,8,20
NSW,2022-01-19,7,13
NSW,2022-01-20,18,13
NSW,2022-01-21,19,9
NSW,2022-01-22,18,11
NSW,2022-01-23,18,7
NSW,2022-01-24,18,9
NSW,2022-01-25,10,16
NSW,2022-01-26,17,20
NSW,2022-01-27,18,2
NSW,2022-01-28,18,3
NSW,2022-01-29,15,8
NSW,2022-01-30,18,7
NSW,2022-01-31,14,7
NSW,2022-02-01,16,17
NSW,2022-02-02,23,11
NSW,2022-02-03,0,13
NSW,2022-02-04,18,9
NSW,2022-02-05,4,9
NSW,2022-02-06,19,11
NSW,2022-02-07,19,9
NSW,2022-02-08,19,10
NSW,2022-02-09,19,10
NSW,2022-02-10,5,10
NSW,2022-02-11,19,8
NSW,2022-02-12,18,8
NSW,2022-02-13,18,8
NSW,2022-02-14,19,8
NSW,2022-02-15,18,2
NSW,2022-02-16,18,9
NSW,2022-02-17,15,9
NSW,2022-02-18,0,10
NSW,2022-02-19,23,12
NSW,2022-02-20,17,12
NSW,2022-02-21,14,7
NSW,2022-02-22,18,14
NSW,2022-02-23,18,10
NSW,2022-02-24,6,14
NSW,2022-02-25,9,23
NSW,2022-02-26,6,16
NSW,2022-02-27,18,7
NSW,2022-02-28,9,14
NSW,2022-03-01,18,13
NSW,2022-03-02,18,12
NSW,2022-03-03,18,12
NSW,2022-03-04,18,7
NSW,2022-03-05,16,14
NSW,2022-03-06,14,6
NSW,2022-03-07,16,19
NSW,2022-03-08,18,17
NSW,2022-03-09,18,13
NSW,2022-03-10,18,10
NSW,2022-03-11,17,8
NSW,2022-03-12,15,13
NSW,2022-03-13,18,14
NSW,2022-03-14,18,9
NSW,2022-03-15,23,2
NSW,2022-03-16,18,7
NSW,2022-03-17,17,11
NSW,2022-03-18,5,11
NSW,2022-03-19,18,7
NSW,2022-03-20,18,10
NSW,2022-03-21,17,11
NSW,2022-03-22,18,11
NSW,2022-03-23,6,3
NSW,2022-03-24,18,2
NSW,2022-03-25,6,12
NSW,2022-03-26,18,2
NSW,2022-03-27,17,8
NSW,2022-03-28,6,4
NSW,2022-03-29,6,8
NSW,2022-03-30,17,10
NSW,2022-03-31,6,9
NSW,2022-04-01,6,10
NSW,2022-04-02,18,11
NSW,2022-04-03,18,11
NSW,2022-04-04,18,10
NSW,2022-04-05,18,9
NSW,2022-04-06,17,3
NSW,2022-04-07,13,1
NSW,2022-04-08,22,3
NSW,2022-04-09,17,2
NSW,2022-04-10,18,8
NSW,2022-04-11,1,10
NSW,2022-04-12,16,9
NSW,2022-04-13,17,8
NSW,2022-04-14,18,8
NSW,2022-04-15,17,12
NSW,2022-04-16,18,10
NSW,2022-04-17,17,12
NSW,2022-04-18,17,10
NSW,2022-04-19,17,8
NSW,2022-04-20,18,2
NSW,2022-04-21,17,8
NSW,2022-04-22,17,11
NSW,2022-04-23,17,12
NSW,2022-04-24,18,8
NSW,2022-04-25,17,11
NSW,2022-04-26,18,3
NSW,2022-04-27,17,13
NSW,2022-04-28,17,3
NSW,2022-04-29,17,12
NSW,2022-04-30,17,14
NSW,2022-05-01,17,14
NSW,2022-05-02,18,10
NSW,2022-05-03,17,11
NSW,2022-05-04,17,10
NSW,2022-05-05,17,9
NSW,2022-05-06,17,11
NSW,2022-05-07,17,12
NSW,2022-05-08,17,12
NSW,2022-05-09,17,3
NSW,2022-05-10,17,4
NSW,2022-05-11,8,5
NSW,2022-05-12,17,4
NSW,2022-05-13,7,13
NSW,2022-05-14,17,5
NSW,2022-05-15,6,14
NSW,2022-05-16,7,3
NSW,2022-05-17,17,10
NSW,2022-05-18,20,12
NSW,2022-05-19,17,11
NSW,2022-05-20,17,3
NSW,2022-05-21,17,2
NSW,2022-05-22,17,4
NSW,2022-05-23,17,11
NSW,2022-05-24,17,11
NSW,2022-05-25,17,3
NSW,2022-05-26,17,11
NSW,2022-05-27,17,10
NSW,2022-05-28,17,11
NSW,2022-05-29,18,12
NSW,2022-05-30,17,0
NSW,2022-05-31,17,11
NSW,2022-06-01,20,11
NSW,2022-06-02,17,11
NSW,2022-06-03,7,23
NSW,2022-06-04,17,12
NSW,2022-06-05,17,11
NSW,2022-06-06,17,12
NSW,2022-06-07,18,14
NSW,2022-06-08,19,12
NSW,2022-06-09,18,12
NSW,2022-06-10,20,12
NSW,2022-06-11,16,12
NSW,2022-06-12,22,12
NSW,2022-06-13,18,20
NSW,2022-06-14,23,6
NSW,2022-06-15,20,14
NSW,2022-06-16,20,10
NSW,2022-06-17,20,11
NSW,2022-06-18,17,11
NSW,2022-06-19,17,11
NSW,2022-06-20,20,11
NSW,2022-06-21,23,11
NSW,2022-06-22,7,12
NSW,2022-06-23,7,12
NSW,2022-06-24,7,4
NSW,2022-06-25,17,12
NSW,2022-06-26,17,14
NSW,2022-06-27,17,3
NSW,2022-06-28,17,11
NSW,2022-06-29,16,12
NSW,2022-06-30,8,2
NSW,2022-07-01,16,4
NSW,2022-07-02,8,23
NSW,2022-07-03,17,13
NSW,2022-07-04,17,3
NSW,2022-07-05,17,2
NSW,2022-07-06,17,12
NSW,2022-07-07,7,12
NSW,2022-07-08,17,12
NSW,2022-07-09,17,12
NSW,2022-07-10,18,12
NSW,2022-07-11,17,11
NSW,2022-07-12,18,12
NSW,2022-07-13,20,9
NSW,2022-07-14,17,15
NSW,2022-07-15,7,13
NSW,2022-07-16,4,13
NSW,2022-07-17,18,12
NSW,2022-07-18,17,11
NSW,2022-07-19,17,10
NSW,2022-07-20,7,10
NSW,2022-07-21,7,13
NSW,2022-07-22,17,12
NSW,2022-07-23,17,11
NSW,2022-07-24,18,13
NSW,2022-07-25,18,2
NSW,2022-07-26,6,11
NSW,2022-07-27,18,11
NSW,2022-07-28,7,12
NSW,2022-07-29,7,12
NSW,2022-07-30,0,13
NSW,2022-07-31,17,11
NSW,2022-08-01,17,3
NSW,2022-08-02,18,12
NSW,2022-08-03,7,13
NSW,2022-08-04,9,4
NSW,2022-08-05,7,12
NSW,2022-08-06,17,13
NSW,2022-08-07,18,11
NSW,2022-08-08,17,10
NSW,2022-08-09,17,13
NSW,2022-08-10,6,13
NSW,2022-08-11,18,2
NSW,2022-08-12,18,3
NSW,2022-08-13,0,11
NSW,2022-08-14,18,12
NSW,2022-08-15,17,10
NSW,2022-08-16,18,12
NSW,2022-08-17,6,10
NSW,2022-08-18,18,12
NSW,2022-08-19,17,12
NSW,2022-08-20,20,14
NSW,2022-08-21,0,13
NSW,2022-08-22,18,12
NSW,2022-08-23,18,3
NSW,2022-08-24,18,14
NSW,2022-08-25,18,11
NSW,2022-08-26,18,8
NSW,2022-08-27,0,12
NSW,2022-08-28,17,11
NSW,2022-08-29,15,3
NSW,2022-08-30,20,15
NSW,2022-08-31,18,10
NSW,2022-09-01,18,12
NSW,2022-09-02,22,13
NSW,2022-09-03,8,12
NSW,2022-09-04,18,7
NSW,2022-09-05,18,10
NSW,2022-09-06,18,9
NSW,2022-09-07,18,8
NSW,2022-09-08,18,10
NSW,2022-09-09,18,12
NSW,2022-09-10,5,13
NSW,2022-09-11,18,12
NSW,2022-09-12,18,10
NSW,2022-09-13,18,13
NSW,2022-09-14,18,9
NSW,2022-09-15,17,10
NSW,2022-09-16,18,10
NSW,2022-09-17,4,12
NSW,2022-09-18,18,12
NSW,2022-09-19,18,12
NSW,2022-09-20,18,12
NSW,2022-09-21,13,3
NSW,2022-09-22,3,12
NSW,2022-09-23,0,14
NSW,2022-09-24,18,8
NSW,2022-09-25,18,11
NSW,2022-09-26,18,11
NSW,2022-09-27,17,11
NSW,2022-09-28,17,10
NSW,2022-09-29,18,14
NSW,2022-09-30,17,10
NSW,2022-10-01,18,8
NSW,2022-10-02,18,12
NSW,2022-10-03,18,13
NSW,2022-10-04,5,13
NSW,2022-10-05,11,2
NSW,2022-10-06,18,1
NSW,2022-10-07,18,15
NSW,2022-10-08,18,8
NSW,2022-10-09,18,8
NSW,2022-10-10,5,9
NSW,2022-10-11,18,15
NSW,2022-10-12,18,2
NSW,2022-10-13,18,14
NSW,2022-10-14,19,11
NSW,2022-10-15,18,12
NSW,2022-10-16,18,8
NSW,2022-10-17,18,8
NSW,2022-10-18,18,11
NSW,2022-10-19,14,8
NSW,2022-10-20,18,15
NSW,2022-10-21,6,14
NSW,2022-10-22,0,11
NSW,2022-10-23,2,12
NSW,2022-10-24,17,11
NSW,2022-10-25,18,11
NSW,2022-10-26,18,8
NSW,2022-10-27,17,8
NSW,2022-10-28,17,10
NSW,2022-10-29,19,11
NSW,2022-10-30,18,10
NSW,2022-10-31,17,9
NSW,2022-11-01,18,13
NSW,2022-11-02,17,12
NSW,2022-11-03,18,10
NSW,2022-11-04,5,16
NSW,2022-11-05,18,10
NSW,2022-11-06,16,8
NSW,2022-11-07,18,11
NSW,2022-11-08,18,11
NSW,2022-11-09,17,10
NSW,2022-11-10,5,10
NSW,2022-11-11,18,10
NSW,2022-11-12,18,9
NSW,2022-11-13,18,11
NSW,2022-11-14,18,10
NSW,2022-11-15,18,12
NSW,2022-11-16,19,7
NSW,2022-11-17,18,13
NSW,2022-11-18,23,11
NSW,2022-11-19,4,10
NSW,2022-11-20,22,12
NSW,2022-11-21,18,12
NSW,2022-11-22,18,10
NSW,2022-11-23,19,10
NSW,2022-11-24,19,12
NSW,2022-11-25,18,8
NSW,2022-11-26,19,11
NSW,2022-11-27,15,11
NSW,2022-11-28,23,9
NSW,2022-11-29,18,12
NSW,2022-11-30,19,11
NSW,2022-12-01,19,11
NSW,2022-12-02,19,7
NSW,2022-12-03,18,11
NSW,2022-12-04,18,9
NSW,2022-12-05,19,8
NSW,2022-12-06,18,8
NSW,2022-12-07,0,8
NSW,2022-12-08,19,11
NSW,2022-12-09,18,12
NSW,2022-12-10,23,13
NSW,2022-12-11,18,9
NSW,2022-12-12,8,11
NSW,2022-12-13,0,13
NSW,2022-12-14,23,12
NSW,2022-12-15,19,12
NSW,2022-12-16,4,10
NSW,2022-12-17,18,13
NSW,2022-12-18,19,9
NSW,2022-12-19,18,11
NSW,2022-12-20,4,11
NSW,2022-12-21,18,8
NSW,2022-12-22,0,14
NSW,2022-12-23,19,11
NSW,2022-12-24,18,10
NSW,2022-12-25,18,10
NSW,2022-12-26,14,9
NSW,2022-12-27,18,6
NSW,2022-12-28,18,11
NSW,2022-12-29,0,10
NSW,2022-12-30,18,12
NSW,2022-12-31,18,9
NSW,2023-01-01,18,7
NSW,2023-01-02,19,11
NSW,2023-01-03,19,10
NSW,2023-01-04,22,11
NSW,2023-01-05,0,12
NSW,2023-01-06,19,13
NSW,2023-01-07,18,11
NSW,2023-01-08,18,9
NSW,2023-01-09,18,11
NSW,2023-01-10,4,10
NSW,2023-01-11,18,10
NSW,2023-01-12,16,11
NSW,2023-01-13,16,7
NSW,2023-01-14,18,10
NSW,2023-01-15,15,11
NSW,2023-01-16,18,2
NSW,2023-01-17,20,10
NSW,2023-01-18,14,17
NSW,2023-01-19,18,14
NSW,2023-01-20,23,13
NSW,2023-01-21,18,8
NSW,2023-01-22,19,16
NSW,2023-01-23,18,13
NSW,2023-01-24,15,18
NSW,2023-01-25,18,11
NSW,2023-01-26,16,10
NSW,2023-01-27,19,11
NSW,2023-01-28,17,8
NSW,2023-01-29,15,17
NSW,2023-01-30,6,16
NSW,2023-01-31,19,11
NSW,2023-02-01,18,11
NSW,2023-02-02,18,16
NSW,2023-02-03,22,10
NSW,2023-02-04,18,13
NSW,2023-02-05,18,10
NSW,2023-02-06,18,10
NSW,2023-02-07,19,7
NSW,2023-02-08,19,9
NSW,2023-02-09,6,12
NSW,2023-02-10,18,10
NSW,2023-02-11,19,17
NSW,2023-02-12,22,7
NSW,2023-02-13,5,16
NSW,2023-02-14,18,16
NSW,2023-02-15,18,9
NSW,2023-02-16,18,9
NSW,2023-02-17,18,2
NSW,2023-02-18,14,9
NSW,2023-02-19,18,8
NSW,2023-02-20,18,1
NSW,2023-02-21,14,23
NSW,2023-02-22,18,16
NSW,2023-02-23,18,3
NSW,2023-02-24,18,8
NSW,2023-02-25,18,10
NSW,2023-02-26,18,10
NSW,2023-02-27,18,11
NSW,2023-02-28,18,12
NSW,2023-03-01,18,9
NSW,2023-03-02,18,12
NSW,2023-03-03,18,13
NSW,2023-03-04,18,8
NSW,2023-03-05,14,10
NSW,2023-03-06,18,10
NSW,2023-03-07,18,10
NSW,2023-03-08,18,10
NSW,2023-03-09,18,12
NSW,2023-03-10,18,8
NSW,2023-03-11,18,10
NSW,2023-03-12,17,9
NSW,2023-03-13,18,10
NSW,2023-03-14,18,7
NSW,2023-03-15,18,10
NSW,2023-03-16,18,9
NSW,2023-03-17,17,14
NSW,2023-03-18,17,10
NSW,2023-03-19,17,10
NSW,2023-03-20,22,7
NSW,2023-03-21,18,2
NSW,2023-03-22,6,15
NSW,2023-03-23,17,15
NSW,2023-03-24,17,10
NSW,2023-03-25,17,11
NSW,2023-03-26,18,10
NSW,2023-03-27,18,2
NSW,2023-03-28,17,7
NSW,2023-03-29,7,14
NSW,2023-03-30,17,11
NSW,2023-03-31,23,12
NSW,2023-04-01,17,8
NSW,2023-04-02,18,11
NSW,2023-04-03,17,11
NSW,2023-04-04,17,10
NSW,2023-04-05,17,13
NSW,2023-04-06,17,10
NSW,2023-04-07,9,12
NSW,2023-04-08,17,12
NSW,2023-04-09,17,12
NSW,2023-04-10,17,13
NSW,2023-04-11,17,10
NSW,2023-04-12,17,12
NSW,2023-04-13,17,11
NSW,2023-04-14,17,11
NSW,2023-04-15,17,10
NSW,2023-04-16,18,13
NSW,2023-04-17,17,10
NSW,2023-04-18,17,10
NSW,2023-04-19,17,10
NSW,2023-04-20,17,8
NSW,2023-04-21,17,10
NSW,2023-04-22,0,13
NSW,2023-04-23,17,10
NSW,2023-04-24,17,8
NSW,2023-04-25,17,8
NSW,2023-04-26,17,8
NSW,2023-04-27,17,10
NSW,2023-04-28,17,9
NSW,2023-04-29,17,3
NSW,2023-04-30,17,12
NSW,2023-05-01,2,12
NSW,2023-05-02,17,11
NSW,2023-05-03,17,12
NSW,2023-05-04,17,12
NSW,2023-05-05,17,11
NSW,2023-05-06,17,12
NSW,2023-05-07,17,13
NSW,2023-05-08,18,11
NSW,2023-05-09,17,11
NSW,2023-05-10,17,9
NSW,2023-05-11,6,10
NSW,2023-05-12,17,10
NSW,2023-05-13,17,10
NSW,2023-05-14,17,10
NSW,2023-05-15,17,11
NSW,2023-05-16,17,10
NSW,2023-05-17,17,11
NSW,2023-05-18,17,11
NSW,2023-05-19,17,13
NSW,2023-05-20,17,11
NSW,2023-05-21,17,11
NSW,2023-05-22,17,9
NSW,2023-05-23,18,11
NSW,2023-05-24,17,10
NSW,2023-05-25,17,8
NSW,2023-05-26,17,2
NSW,2023-05-27,17,11
NSW,2023-05-28,17,10
NSW,2023-05-29,17,12
NSW,2023-05-30,17,9
NSW,2023-05-31,17,11
NSW,2023-06-01,17,12
NSW,2023-06-02,17,9
NSW,2023-06-03,17,10
NSW,2023-06-04,17,4
NSW,2023-06-05,17,3
NSW,2023-06-06,17,2
NSW,2023-06-07,17,11
NSW,2023-06-08,17,15
NSW,2023-06-09,17,11
NSW,2023-06-10,17,12
NSW,2023-06-11,17,11
NSW,2023-06-12,17,19
NSW,2023-06-13,17,14
NSW,2023-06-14,17,11
NSW,2023-06-15,17,15
NSW,2023-06-16,22,11
NSW,2023-06-17,7,10
NSW,2023-06-18,17,12
NSW,2023-06-19,17,11
NSW,2023-06-20,17,12
NSW,2023-06-21,17,12
NSW,2023-06-22,17,21
NSW,2023-06-23,17,12
NSW,2023-06-24,17,13
NSW,2023-06-25,17,12
NSW,2023-06-26,17,12
NSW,2023-06-27,17,11
NSW,2023-06-28,11,5
NSW,2023-06-29,17,14
NSW,2023-06-30,17,12
NSW,2023-07-01,17,11
NSW,2023-07-02,17,9
NSW,2023-07-03,17,3
NSW,2023-07-04,17,2
NSW,2023-07-05,17,11
NSW,2023-07-06,17,11
NSW,2023-07-07,7,13
NSW,2023-07-08,17,12
NSW,2023-07-09,17,12
NSW,2023-07-10,17,13
NSW,2023-07-11,18,13
NSW,2023-07-12,17,11
NSW,2023-07-13,7,12
NSW,2023-07-14,6,12
NSW,2023-07-15,17,13
NSW,2023-07-16,17,8
NSW,2023-07-17,18,11
NSW,2023-07-18,17,13
NSW,2023-07-19,17,12
NSW,2023-07-20,18,13
NSW,2023-07-21,17,12
NSW,2023-07-22,17,12
NSW,2023-07-23,18,10
NSW,2023-07-24,17,14
NSW,2023-07-25,17,13
NSW,2023-07-26,17,11
NSW,2023-07-27,6,13
NSW,2023-07-28,17,11
NSW,2023-07-29,2,12
NSW,2023-07-30,17,12
NSW,2023-07-31,6,13
NSW,2023-08-01,18,10
NSW,2023-08-02,6,10
NSW,2023-08-03,17,12
NSW,2023-08-04,6,13
NSW,2023-08-05,17,11
NSW,2023-08-06,18,8
NSW,2023-08-07,17,11
NSW,2023-08-08,17,11
NSW,2023-08-09,17,11
NSW,2023-08-10,6,11
NSW,2023-08-11,6,12
NSW,2023-08-12,20,10
NSW,2023-08-13,18,10
NSW,2023-08-14,17,2
NSW,2023-08-15,18,10
NSW,2023-08-16,18,15
NSW,2023-08-17,16,12
NSW,2023-08-18,18,13
NSW,2023-08-19,17,12
NSW,2023-08-20,18,13
NSW,2023-08-21,6,12
NSW,2023-08-22,17,14
NSW,2023-08-23,18,9
NSW,2023-08-24,18,12
NSW,2023-08-25,18,12
NSW,2023-08-26,18,10
NSW,2023-08-27,18,13
NSW,2023-08-28,18,12
NSW,2023-08-29,18,12
NSW,2023-08-30,17,11
NSW,2023-08-31,6,12
NSW,2023-09-01,18,14
NSW,2023-09-02,18,12
NSW,2023-09-03,18,12
NSW,2023-09-04,17,12
NSW,2023-09-05,18,11
NSW,2023-09-06,17,10
NSW,2023-09-07,17,13
NSW,2023-09-08,18,14
NSW,2023-09-09,18,12
NSW,2023-09-10,18,11
NSW,2023-09-11,18,7
NSW,2023-09-12,6,15
NSW,2023-09-13,6,11
NSW,2023-09-14,17,11
NSW,2023-09-15,17,13
NSW,2023-09-16,17,11
NSW,2023-09-17,17,11
NSW,2023-09-18,18,11
NSW,2023-09-19,17,11
NSW,2023-09-20,17,10
NSW,2023-09-21,18,7
NSW,2023-09-22,17,13
NSW,2023-09-23,17,9
NSW,2023-09-24,17,13
NSW,2023-09-25,17,11
NSW,2023-09-26,17,10
NSW,2023-09-27,18,13
NSW,2023-09-28,18,13
NSW,2023-09-29,17,12
NSW,2023-09-30,17,11
NSW,2023-10-01,17,10
NSW,2023-10-02,17,11
NSW,2023-10-03,18,7
NSW,2023-10-04,5,11
NSW,2023-10-05,18,11
NSW,2023-10-06,11,9
NSW,2023-10-07,18,9
NSW,2023-10-08,18,13
NSW,2023-10-09,18,12
NSW,2023-10-10,17,10
NSW,2023-10-11,17,12
NSW,2023-10-12,17,13
NSW,2023-10-13,18,12
NSW,2023-10-14,19,10
NSW,2023-10-15,18,11
NSW,2023-10-16,18,10
NSW,2023-10-17,17,12
NSW,2023-10-18,18,11
NSW,2023-10-19,18,13
NSW,2023-10-20,17,11
NSW,2023-10-21,17,12
NSW,2023-10-22,17,11
NSW,2023-10-23,18,11
NSW,2023-10-24,17,11
NSW,2023-10-25,19,10
NSW,2023-10-26,16,10
NSW,2023-10-27,18,12
NSW,2023-10-28,22,13
NSW,2023-10-29,18,9
NSW,2023-10-30,18,10
NSW,2023-10-31,18,10
NSW,2023-11-01,18,12
NSW,2023-11-02,18,13
NSW,2023-11-03,5,11
NSW,2023-11-04,15,6
NSW,2023-11-05,18,12
NSW,2023-11-06,18,2
NSW,2023-11-07,18,10
NSW,2023-11-08,15,12
NSW,2023-11-09,13,11
NSW,2023-11-10,18,8
NSW,2023-11-11,17,12
NSW,2023-11-12,17,11
NSW,2023-11-13,17,14
NSW,2023-11-14,17,9
NSW,2023-11-15,7,9
NSW,2023-11-16,17,9
NSW,2023-11-17,18,11
NSW,2023-11-18,18,12
NSW,2023-11-19,17,10
NSW,2023-11-20,18,14
NSW,2023-11-21,19,10
NSW,2023-11-22,19,12
NSW,2023-11-23,6,13
NSW,2023-11-24,18,3
NSW,2023-11-25,19,11
NSW,2023-11-26,19,9
NSW,2023-11-27,17,9
NSW,2023-11-28,8,3
NSW,2023-11-29,5,10
NSW,2023-11-30,21,10
NSW,2023-12-01,22,9
NSW,2023-12-02,19,10
NSW,2023-12-03,19,9
NSW,2023-12-04,18,6
NSW,2023-12-05,18,11
NSW,2023-12-06,18,11
NSW,2023-12-07,18,6
NSW,2023-12-08,10,6
NSW,2023-12-09,17,14
NSW,2023-12-10,18,12
NSW,2023-12-11,15,1
NSW,2023-12-12,18,7
NSW,2023-12-13,17,14
NSW,2023-12-14,17,6
NSW,2023-12-15,1,16
NSW,2023-12-16,19,9
NSW,2023-12-17,18,6
NSW,2023-12-18,18,11
NSW,2023-12-19,18,11
NSW,2023-12-20,18,16
NSW,2023-12-21,13,15
NSW,2023-12-22,18,12
NSW,2023-12-23,16,10
NSW,2023-12-24,10,12
NSW,2023-12-25,15,11
NSW,2023-12-26,22,9
NSW,2023-12-27,18,14
NSW,2023-12-28,18,10
NSW,2023-12-29,18,11
NSW,2023-12-30,19,12
NSW,2023-12-31,11,6
NSW,2024-01-01,20,6
NSW,2024-01-02,23,7
NSW,2024-01-03,19,7
NSW,2024-01-04,18,6
NSW,2024-01-05,19,16
NSW,2024-01-06,18,7
NSW,2024-01-07,18,10
NSW,2024-01-08,18,11
NSW,2024-01-09,18,11
NSW,2024-01-10,18,9
NSW,2024-01-11,19,10
NSW,2024-01-12,19,7
NSW,2024-01-13,18,7
NSW,2024-01-14,18,11
NSW,2024-01-15,19,3
NSW,2024-01-16,14,1
NSW,2024-01-17,17,1
NSW,2024-01-18,19,15
NSW,2024-01-19,18,9
NSW,2024-01-20,21,6
NSW,2024-01-21,18,6
NSW,2024-01-22,5,17
NSW,2024-01-23,18,7
NSW,2024-01-24,18,9
NSW,2024-01-25,17,13
NSW,2024-01-26,18,14
NSW,2024-01-27,18,19
NSW,2024-01-28,17,7
NSW,2024-01-29,18,16
NSW,2024-01-30,19,14
NSW,2024-01-31,9,15
NSW,2024-02-01,18,13
NSW,2024-02-02,18,7
NSW,2024-02-03,18,7
NSW,2024-02-04,18,7
NSW,2024-02-05,18,1
NSW,2024-02-06,5,17
NSW,2024-02-07,5,9
NSW,2024-02-08,18,10
NSW,2024-02-09,18,8
NSW,2024-02-10,18,12
NSW,2024-02-11,18,8
NSW,2024-02-12,18,11
NSW,2024-02-13,18,8
NSW,2024-02-14,6,13
NSW,2024-02-15,18,7
NSW,2024-02-16,18,10
NSW,2024-02-17,18,10
NSW,2024-02-18,13,7
NSW,2024-02-19,12,16
NSW,2024-02-20,17,8
NSW,2024-02-21,17,9
NSW,2024-02-22,18,10
NSW,2024-02-23,17,8
NSW,2024-02-24,8,15
NSW,2024-02-25,18,12
NSW,2024-02-26,17,18
NSW,2024-02-27,18,1
NSW,2024-02-28,17,7
NSW,2024-02-29,16,7
NSW,2024-03-01,18,12
NSW,2024-03-02,18,15
NSW,2024-03-03,18,11
NSW,2024-03-04,18,15
NSW,2024-03-05,18,11
NSW,2024-03-06,17,11
NSW,2024-03-07,18,13
NSW,2024-03-08,18,8
NSW,2024-03-09,18,11
NSW,2024-03-10,18,7
NSW,2024-03-11,18,11
NSW,2024-03-12,17,10
NSW,2024-03-13,17,8
NSW,2024-03-14,17,11
NSW,2024-03-15,6,13
NSW,2024-03-16,18,10
NSW,2024-03-17,17,10
NSW,2024-03-18,18,11
NSW,2024-03-19,17,12
NSW,2024-03-20,18,13
NSW,2024-03-21,6,10
NSW,2024-03-22,6,9
NSW,2024-03-23,17,9
NSW,2024-03-24,18,12
NSW,2024-03-25,17,12
NSW,2024-03-26,17,9
NSW,2024-03-27,6,11
NSW,2024-03-28,6,13
NSW,2024-03-29,17,12
NSW,2024-03-30,17,12
NSW,2024-03-31,17,12
NSW,2024-04-01,17,10
NSW,2024-04-02,10,14
NSW,2024-04-03,18,9
NSW,2024-04-04,6,8
NSW,2024-04-05,11,3
NSW,2024-04-06,17,11
NSW,2024-04-07,18,12
NSW,2024-04-08,17,10
NSW,2024-04-09,17,11
NSW,2024-04-10,17,14
NSW,2024-04-11,17,10
NSW,2024-04-12,17,11
NSW,2024-04-13,17,12
NSW,2024-04-14,17,11
NSW,2024-04-15,17,11
NSW,2024-04-16,17,9
NSW,2024-04-17,17,8
NSW,2024-04-18,6,11
NSW,2024-04-19,17,10
NSW,2024-04-20,17,9
NSW,2024-04-21,17,11
NSW,2024-04-22,17,11
NSW,2024-04-23,17,12
NSW,2024-04-24,17,9
NSW,2024-04-25,17,11
NSW,2024-04-26,17,9
NSW,2024-04-27,17,11
NSW,2024-04-28,17,12
NSW,2024-04-29,17,10
NSW,2024-04-30,17,11
NSW,2024-05-01,17,10
NSW,2024-05-02,17,12
NSW,2024-05-03,17,11
NSW,2024-05-04,17,12
NSW,2024-05-05,17,12
NSW,2024-05-06,17,13
NSW,2024-05-07,17,11
NSW,2024-05-08,17,10
NSW,2024-05-09,6,2
NSW,2024-05-10,15,21
NSW,2024-05-11,17,14
NSW,2024-05-12,17,13
NSW,2024-05-13,17,13
NSW,2024-05-14,17,9
NSW,2024-05-15,17,13
NSW,2024-05-16,16,13
NSW,2024-05-17,16,13
NSW,2024-05-18,17,11
NSW,2024-05-19,17,13
NSW,2024-05-20,18,10
NSW,2024-05-21,17,8
NSW,2024-05-22,7,12
NSW,2024-05-23,7,12
NSW,2024-05-24,17,11
NSW,2024-05-25,17,13
NSW,2024-05-26,18,13
NSW,2024-05-27,17,8
NSW,2024-05-28,7,12
NSW,2024-05-29,17,12
NSW,2024-05-30,17,11
NSW,2024-05-31,17,3
NSW,2024-06-01,16,5
NSW,2024-06-02,17,9
NSW,2024-06-03,17,11
NSW,2024-06-04,17,10
NSW,2024-06-05,7,3
NSW,2024-06-06,17,11
NSW,2024-06-07,17,15
NSW,2024-06-08,17,13
NSW,2024-06-09,17,11
NSW,2024-06-10,17,13
NSW,2024-06-11,17,14
NSW,2024-06-12,18,11
NSW,2024-06-13,17,8
NSW,2024-06-14,7,1
NSW,2024-06-15,18,10
NSW,2024-06-16,18,12
NSW,2024-06-17,17,10
NSW,2024-06-18,17,13
NSW,2024-06-19,7,11
NSW,2024-06-20,17,13
NSW,2024-06-21,7,12
NSW,2024-06-22,17,11
NSW,2024-06-23,18,14
NSW,2024-06-24,7,11
NSW,2024-06-25,7,12
NSW,2024-06-26,17,12
NSW,2024-06-27,7,12
NSW,2024-06-28,7,12
NSW,2024-06-29,17,10
NSW,2024-06-30,17,13
NSW,2024-07-01,17,4
NSW,2024-07-02,17,10
NSW,2024-07-03,7,9
NSW,2024-07-04,18,12
NSW,2024-07-05,17,9
NSW,2024-07-06,17,11
NSW,2024-07-07,18,10
NSW,2024-07-08,17,3
NSW,2024-07-09,17,13
NSW,2024-07-10,17,11
NSW,2024-07-11,17,11
NSW,2024-07-12,7,14
NSW,2024-07-13,7,14
NSW,2024-07-14,17,12
NSW,2024-07-15,18,10
NSW,2024-07-16,18,15
NSW,2024-07-17,17,12
NSW,2024-07-18,17,11
NSW,2024-07-19,17,11
NSW,2024-07-20,17,12
NSW,2024-07-21,17,13
NSW,2024-07-22,7,12
NSW,2024-07-23,7,13
NSW,2024-07-24,6,12
NSW,2024-07-25,7,12
NSW,2024-07-26,17,12
NSW,2024-07-27,18,14
NSW,2024-07-28,18,12
NSW,2024-07-29,18,10
NSW,2024-07-30,17,12
NSW,2024-07-31,18,14
NSW,2024-08-01,17,15
NSW,2024-08-02,17,12
NSW,2024-08-03,18,8
NSW,2024-08-04,17,9
NSW,2024-08-05,17,2
NSW,2024-08-06,17,13
NSW,2024-08-07,18,11
NSW,2024-08-08,6,10
NSW,2024-08-09,17,11
NSW,2024-08-10,18,12
NSW,2024-08-11,18,12
NSW,2024-08-12,17,1
NSW,2024-08-13,17,14
NSW,2024-08-14,18,3
NSW,2024-08-15,18,15
NSW,2024-08-16,19,15
NSW,2024-08-17,22,11
NSW,2024-08-18,18,10
NSW,2024-08-19,18,11
NSW,2024-08-20,17,13
NSW,2024-08-21,17,10
NSW,2024-08-22,18,13
NSW,2024-08-23,18,12
NSW,2024-08-24,17,12
NSW,2024-08-25,17,7
NSW,2024-08-26,17,12
NSW,2024-08-27,17,11
NSW,2024-08-28,17,11
NSW,2024-08-29,17,12
NSW,2024-08-30,17,11
NSW,2024-08-31,0,10
NSW,2024-09-01,19,12
NSW,2024-09-02,6,11
NSW,2024-09-03,18,15
NSW,2024-09-04,6,11
NSW,2024-09-05,18,10
NSW,2024-09-06,17,10
NSW,2024-09-07,17,11
NSW,2024-09-08,18,13
NSW,2024-09-09,18,12
NSW,2024-09-10,17,10
NSW,2024-09-11,16,9
NSW,2024-09-12,9,15
NSW,2024-09-13,18,13
NSW,2024-09-14,5,13
NSW,2024-09-15,18,11
NSW,2024-09-16,20,12
NSW,2024-09-17,18,12
NSW,2024-09-18,18,12
NSW,2024-09-19,5,13
NSW,2024-09-20,18,12
NSW,2024-09-21,18,12
NSW,2024-09-22,18,12
NSW,2024-09-23,17,11
NSW,2024-09-24,18,12
NSW,2024-09-25,18,12
NSW,2024-09-26,17,4
NSW,2024-09-27,18,15
NSW,2024-09-28,18,12
NSW,2024-09-29,18,7
NSW,2024-09-30,18,12
NSW,2024-10-01,18,12
NSW,2024-10-02,18,15
NSW,2024-10-03,18,12
NSW,2024-10-04,18,10
NSW,2024-10-05,0,11
NSW,2024-10-06,18,12
NSW,2024-10-07,23,11
NSW,2024-10-08,18,10
NSW,2024-10-09,18,13
NSW,2024-10-10,5,12
NSW,2024-10-11,13,12
NSW,2024-10-12,10,6
NSW,2024-10-13,19,6
NSW,2024-10-14,17,7
NSW,2024-10-15,18,13
NSW,2024-10-16,18,8
NSW,2024-10-17,17,12
NSW,2024-10-18,7,14
NSW,2024-10-19,10,8
NSW,2024-10-20,18,12
NSW,2024-10-21,18,11
NSW,2024-10-22,18,12
NSW,2024-10-23,17,11
NSW,2024-10-24,14,10
NSW,2024-10-25,18,11
NSW,2024-10-26,18,12
NSW,2024-10-27,21,10
NSW,2024-10-28,18,15
NSW,2024-10-29,18,12
NSW,2024-10-30,5,10
NSW,2024-10-31,18,10
NSW,2024-11-01,18,12
NSW,2024-11-02,18,15
NSW,2024-11-03,19,10
NSW,2024-11-04,17,14
NSW,2024-11-05,18,13
NSW,2024-11-06,17,9
NSW,2024-11-07,18,13
NSW,2024-11-08,17,10
NSW,2024-11-09,19,12
NSW,2024-11-10,18,8
NSW,2024-11-11,17,9
NSW,2024-11-12,17,12
NSW,2024-11-13,19,12
NSW,2024-11-14,18,11
NSW,2024-11-15,18,14
NSW,2024-11-16,0,13
NSW,2024-11-17,18,12
NSW,2024-11-18,18,10
NSW,2024-11-19,0,10
NSW,2024-11-20,18,11
NSW,2024-11-21,17,8
NSW,2024-11-22,18,11
NSW,2024-11-23,21,6
NSW,2024-11-24,17,9
NSW,2024-11-25,18,9
NSW,2024-11-26,17,9
NSW,2024-11-27,14,9
NSW,2024-11-28,9,12
NSW,2024-11-29,6,11
NSW,2024-11-30,8,12
NSW,2024-12-01,18,9
NSW,2024-12-02,18,7
NSW,2024-12-03,11,10
NSW,2024-12-04,18,10
NSW,2024-12-05,18,13
NSW,2024-12-06,14,7
NSW,2024-12-07,18,9
NSW,2024-12-08,18,9
NSW,2024-12-09,18,12
NSW,2024-12-10,18,9
NSW,2024-12-11,18,12
NSW,2024-12-12,19,11
NSW,2024-12-13,18,10
NSW,2024-12-14,21,10
NSW,2024-12-15,18,6
NSW,2024-12-16,18,6
NSW,2024-12-17,16,8
NSW,2024-12-18,1,14
NSW,2024-12-19,18,10
NSW,2024-12-20,18,10
NSW,2024-12-21,17,10
NSW,2024-12-22,19,11
NSW,2024-12-23,2,10
NSW,2024-12-24,23,10
NSW,2024-12-25,18,9
NSW,2024-12-26,18,7
NSW,2024-12-27,19,9
NSW,2024-12-28,23,10
NSW,2024-12-29,18,10
NSW,2024-12-30,23,12
NSW,2024-12-31,0,10
QLD,2015-01-01,16,5
QLD,2015-01-02,13,5
QLD,2015-01-03,16,5
QLD,2015-01-04,13,5
QLD,2015-01-05,16,1
QLD,2015-01-06,16,3
QLD,2015-01-07,15,3
QLD,2015-01-08,22,2
QLD,2015-01-09,22,1
QLD,2015-01-10,22,5
QLD,2015-01-11,9,5
QLD,2015-01-12,8,2
QLD,2015-01-13,6,2
QLD,2015-01-14,19,2
QLD,2015-01-15,16,3
QLD,2015-01-16,16,3
QLD,2015-01-17,16,3
QLD,2015-01-18,16,5
QLD,2015-01-19,8,3
QLD,2015-01-20,15,3
QLD,2015-01-21,14,3
QLD,2015-01-22,13,3
QLD,2015-01-23,15,3
QLD,2015-01-24,18,5
QLD,2015-01-25,16,5
QLD,2015-01-26,16,5
QLD,2015-01-27,16,4
QLD,2015-01-28,16,4
QLD,2015-01-29,14,3
QLD,2015-01-30,15,2
QLD,2015-01-31,16,2
QLD,2015-02-01,16,3
QLD,2015-02-02,13,2
QLD,2015-02-03,16,0
QLD,2015-02-04,16,2
QLD,2015-02-05,19,2
QLD,2015-02-06,6,2
QLD,2015-02-07,17,3
QLD,2015-02-08,17,6
QLD,2015-02-09,16,3
QLD,2015-02-10,16,2
QLD,2015-02-11,16,6
QLD,2015-02-12,6,3
QLD,2015-02-13,15,23
QLD,2015-02-14,19,6
QLD,2015-02-15,17,3
QLD,2015-02-16,16,1
QLD,2015-02-17,19,3
QLD,2015-02-18,19,3
QLD,2015-02-19,11,3
QLD,2015-02-20,10,2
QLD,2015-02-21,14,5
QLD,2015-02-22,18,23
QLD,2015-02-23,17,3
QLD,2015-02-24,16,1
QLD,2015-02-25,16,1
QLD,2015-02-26,16,2
QLD,2015-02-27,16,1
QLD,2015-02-28,16,2
QLD,2015-03-01,18,5
QLD,2015-03-02,14,1
QLD,2015-03-03,6,2
QLD,2015-03-04,16,5
QLD,2015-03-05,16,1
QLD,2015-03-06,16,3
QLD,2015-03-07,16,3
QLD,2015-03-08,18,5
QLD,2015-03-09,17,2
QLD,2015-03-10,16,1
QLD,2015-03-11,15,23
QLD,2015-03-12,16,3
QLD,2015-03-13,16,1
QLD,2015-03-14,19,3
QLD,2015-03-15,18,3
QLD,2015-03-16,16,3
QLD,2015-03-17,18,2
QLD,2015-03-18,18,2
QLD,2015-03-19,18,2
QLD,2015-03-20,16,3
QLD,2015-03-21,18,3
QLD,2015-03-22,18,5
QLD,2015-03-23,6,2
QLD,2015-03-24,16,3
QLD,2015-03-25,19,3
QLD,2015-03-26,15,3
QLD,2015-03-27,17,3
QLD,2015-03-28,22,3
QLD,2015-03-29,18,3
QLD,2015-03-30,6,21
QLD,2015-03-31,6,1
QLD,2015-04-01,6,2
QLD,2015-04-02,12,2
QLD,2015-04-03,18,7
QLD,2015-04-04,18,3
QLD,2015-04-05,18,21
QLD,2015-04-06,17,4
QLD,2015-04-07,18,3
QLD,2015-04-08,18,11
QLD,2015-04-09,18,3
QLD,2015-04-10,22,4
QLD,2015-04-11,6,3
QLD,2015-04-12,18,9
QLD,2015-04-13,18,3
QLD,2015-04-14,23,3
QLD,2015-04-15,14,4
QLD,2015-04-16,15,4
QLD,2015-04-17,10,3
QLD,2015-04-18,9,3
QLD,2015-04-19,18,3
QLD,2015-04-20,17,2
QLD,2015-04-21,18,13
QLD,2015-04-22,18,3
QLD,2015-04-23,18,3
QLD,2015-04-24,6,2
QLD,2015-04-25,18,5
QLD,2015-04-26,18,4
QLD,2015-04-27,18,2
QLD,2015-04-28,17,3
QLD,2015-04-29,17,3
QLD,2015-04-30,8,3
QLD,2015-05-01,17,9
QLD,2015-05-02,22,4
QLD,2015-05-03,18,5
QLD,2015-05-04,17,3
QLD,2015-05-05,17,3
QLD,2015-05-06,18,3
QLD,2015-05-07,7,2
QLD,2015-05-08,7,10
QLD,2015-05-09,17,4
QLD,2015-05-10,18,2
QLD,2015-05-11,17,2
QLD,2015-05-12,18,2
QLD,2015-05-13,17,3
QLD,2015-05-14,17,9
QLD,2015-05-15,7,3
QLD,2015-05-16,17,15
QLD,2015-05-17,18,6
QLD,2015-05-18,17,11
QLD,2015-05-19,17,3
QLD,2015-05-20,17,2
QLD,2015-05-21,17,2
QLD,2015-05-22,18,11
QLD,2015-05-23,17,2
QLD,2015-05-24,17,6
QLD,2015-05-25,17,3
QLD,2015-05-26,6,3
QLD,2015-05-27,17,3
QLD,2015-05-28,17,3
QLD,2015-05-29,6,3
QLD,2015-05-30,17,3
QLD,2015-05-31,17,6
QLD,2015-06-01,18,3
QLD,2015-06-02,6,2
QLD,2015-06-03,6,23
QLD,2015-06-04,6,3
QLD,2015-06-05,7,3
QLD,2015-06-06,17,13
QLD,2015-06-07,17,4
QLD,2015-06-08,17,2
QLD,2015-06-09,17,3
QLD,2015-06-10,6,3
QLD,2015-06-11,17,3
QLD,2015-06-12,17,3
QLD,2015-06-13,17,5
QLD,2015-06-14,17,5
QLD,2015-06-15,7,3
QLD,2015-06-16,17,3
QLD,2015-06-17,7,2
QLD,2015-06-18,18,3
QLD,2015-06-19,17,4
QLD,2015-06-20,18,11
QLD,2015-06-21,17,11
QLD,2015-06-22,17,1
QLD,2015-06-23,17,3
QLD,2015-06-24,7,3
QLD,2015-06-25,17,3
QLD,2015-06-26,7,3
QLD,2015-06-27,17,3
QLD,2015-06-28,17,3
QLD,2015-06-29,18,2
QLD,2015-06-30,17,2
QLD,2015-07-01,17,2
QLD,2015-07-02,18,3
QLD,2015-07-03,8,2
QLD,2015-07-04,18,3
QLD,2015-07-05,18,5
QLD,2015-07-06,8,2
QLD,2015-07-07,17,3
QLD,2015-07-08,8,1
QLD,2015-07-09,17,3
QLD,2015-07-10,18,3
QLD,2015-07-11,17,3
QLD,2015-07-12,18,3
QLD,2015-07-13,6,3
QLD,2015-07-14,6,3
QLD,2015-07-15,18,5
QLD,2015-07-16,6,3
QLD,2015-07-17,6,3
QLD,2015-07-18,22,12
QLD,2015-07-19,18,5
QLD,2015-07-20,6,3
QLD,2015-07-21,17,3
QLD,2015-07-22,18,3
QLD,2015-07-23,18,3
QLD,2015-07-24,13,5
QLD,2015-07-25,17,5
QLD,2015-07-26,17,3
QLD,2015-07-27,17,3
QLD,2015-07-28,18,3
QLD,2015-07-29,6,3
QLD,2015-07-30,18,3
QLD,2015-07-31,18,14
QLD,2015-08-01,18,3
QLD,2015-08-02,18,4
QLD,2015-08-03,18,2
QLD,2015-08-04,18,3
QLD,2015-08-05,18,3
QLD,2015-08-06,7,12
QLD,2015-08-07,7,11
QLD,2015-08-08,18,3
QLD,2015-08-09,17,4
QLD,2015-08-10,17,4
QLD,2015-08-11,18,11
QLD,2015-08-12,7,14
QLD,2015-08-13,7,12
QLD,2015-08-14,7,12
QLD,2015-08-15,18,3
QLD,2015-08-16,18,13
QLD,2015-08-17,18,3
QLD,2015-08-18,18,3
QLD,2015-08-19,6,3
QLD,2015-08-20,6,3
QLD,2015-08-21,7,3
QLD,2015-08-22,0,14
QLD,2015-08-23,18,4
QLD,2015-08-24,17,3
QLD,2015-08-25,18,3
QLD,2015-08-26,18,2
QLD,2015-08-27,18,3
QLD,2015-08-28,18,4
QLD,2015-08-29,18,6
QLD,2015-08-30,18,6
QLD,2015-08-31,7,2
QLD,2015-09-01,18,3
QLD,2015-09-02,18,2
QLD,2015-09-03,15,4
QLD,2015-09-04,18,3
QLD,2015-09-05,18,4
QLD,2015-09-06,18,6
QLD,2015-09-07,18,2
QLD,2015-09-08,16,1
QLD,2015-09-09,18,11
QLD,2015-09-10,18,11
QLD,2015-09-11,10,13
QLD,2015-09-12,18,2
QLD,2015-09-13,18,6
QLD,2015-09-14,18,4
QLD,2015-09-15,18,4
QLD,2015-09-16,18,3
QLD,2015-09-17,6,3
QLD,2015-09-18,19,2
QLD,2015-09-19,18,11
QLD,2015-09-20,18,12
QLD,2015-09-21,18,2
QLD,2015-09-22,18,3
QLD,2015-09-23,8,2
QLD,2015-09-24,19,1
QLD,2015-09-25,22,16
QLD,2015-09-26,18,12
QLD,2015-09-27,19,13
QLD,2015-09-28,18,10
QLD,2015-09-29,18,2
QLD,2015-09-30,18,2
QLD,2015-10-01,18,4
QLD,2015-10-02,18,3
QLD,2015-10-03,18,6
QLD,2015-10-04,16,3
QLD,2015-10-05,16,3
QLD,2015-10-06,18,3
QLD,2015-10-07,18,3
QLD,2015-10-08,18,3
QLD,2015-10-09,6,2
QLD,2015-10-10,18,3
QLD,2015-10-11,18,3
QLD,2015-10-12,18,3
QLD,2015-10-13,14,2
QLD,2015-10-14,18,4
QLD,2015-10-15,16,2
QLD,2015-10-16,18,2
QLD,2015-10-17,18,2
QLD,2015-10-18,18,3
QLD,2015-10-19,15,2
QLD,2015-10-20,22,2
QLD,2015-10-21,7,2
QLD,2015-10-22,15,3
QLD,2015-10-23,15,3
QLD,2015-10-24,22,2
QLD,2015-10-25,18,3
QLD,2015-10-26,18,2
QLD,2015-10-27,13,2
QLD,2015-10-28,12,2
QLD,2015-10-29,18,2
QLD,2015-10-30,11,2
QLD,2015-10-31,10,5
QLD,2015-11-01,18,5
QLD,2015-11-02,18,2
QLD,2015-11-03,18,2
QLD,2015-11-04,15,5
QLD,2015-11-05,18,2
QLD,2015-11-06,18,3
QLD,2015-11-07,15,2
QLD,2015-11-08,18,3
QLD,2015-11-09,16,2
QLD,2015-11-10,15,2
QLD,2015-11-11,18,2
QLD,2015-11-12,12,2
QLD,2015-11-13,6,3
QLD,2015-11-14,8,3
QLD,2015-11-15,18,2
QLD,2015-11-16,6,2
QLD,2015-11-17,19,3
QLD,2015-11-18,15,2
QLD,2015-11-19,16,2
QLD,2015-11-20,15,21
QLD,2015-11-21,16,3
QLD,2015-11-22,19,3
QLD,2015-11-23,13,2
QLD,2015-11-24,16,2
QLD,2015-11-25,15,2
QLD,2015-11-26,14,2
QLD,2015-11-27,16,21
QLD,2015-11-28,13,3
QLD,2015-11-29,16,5
QLD,2015-11-30,16,0
QLD,2015-12-01,13,21
QLD,2015-12-02,11,2
QLD,2015-12-03,6,2
QLD,2015-12-04,11,2
QLD,2015-12-05,17,5
QLD,2015-12-06,16,5
QLD,2015-12-07,15,2
QLD,2015-12-08,15,1
QLD,2015-12-09,16,2
QLD,2015-12-10,16,3
QLD,2015-12-11,14,3
QLD,2015-12-12,20,1
QLD,2015-12-13,19,5
QLD,2015-12-14,15,2
QLD,2015-12-15,16,3
QLD,2015-12-16,22,2
QLD,2015-12-17,17,3
QLD,2015-12-18,16,1
QLD,2015-12-19,15,5
QLD,2015-12-20,19,5
QLD,2015-12-21,22,2
QLD,2015-12-22,22,3
QLD,2015-12-23,9,3
QLD,2015-12-24,15,3
QLD,2015-12-25,19,3
QLD,2015-12-26,19,3
QLD,2015-12-27,16,1
QLD,2015-12-28,22,4
QLD,2015-12-29,22,3
QLD,2015-12-30,15,3
QLD,2015-12-31,16,3
QLD,2016-01-01,19,6
QLD,2016-01-02,18,1
QLD,2016-01-03,19,3
QLD,2016-01-04,13,3
QLD,2016-01-05,22,2
QLD,2016-01-06,16,3
QLD,2016-01-07,22,2
QLD,2016-01-08,16,2
QLD,2016-01-09,15,2
QLD,2016-01-10,15,5
QLD,2016-01-11,14,2
QLD,2016-01-12,16,3
QLD,2016-01-13,15,2
QLD,2016-01-14,13,2
QLD,2016-01-15,13,1
QLD,2016-01-16,19,2
QLD,2016-01-17,19,2
QLD,2016-01-18,16,3
QLD,2016-01-19,16,2
QLD,2016-01-20,16,2
QLD,2016-01-21,13,4
QLD,2016-01-22,12,3
QLD,2016-01-23,17,4
QLD,2016-01-24,16,4
QLD,2016-01-25,15,3
QLD,2016-01-26,17,4
QLD,2016-01-27,11,2
QLD,2016-01-28,19,4
QLD,2016-01-29,14,2
QLD,2016-01-30,10,4
QLD,2016-01-31,14,3
QLD,2016-02-01,18,2
QLD,2016-02-02,16,2
QLD,2016-02-03,16,3
QLD,2016-02-04,9,2
QLD,2016-02-05,14,3
QLD,2016-02-06,13,2
QLD,2016-02-07,17,6
QLD,2016-02-08,16,2
QLD,2016-02-09,16,3
QLD,2016-02-10,16,2
QLD,2016-02-11,19,2
QLD,2016-02-12,16,3
QLD,2016-02-13,16,3
QLD,2016-02-14,16,2
QLD,2016-02-15,17,2
QLD,2016-02-16,16,3
QLD,2016-02-17,15,2
QLD,2016-02-18,19,3
QLD,2016-02-19,15,23
QLD,2016-02-20,14,1
QLD,2016-02-21,18,6
QLD,2016-02-22,16,0
QLD,2016-02-23,15,3
QLD,2016-02-24,15,2
QLD,2016-02-25,17,2
QLD,2016-02-26,12,2
QLD,2016-02-27,22,5
QLD,2016-02-28,22,4
QLD,2016-02-29,6,2
QLD,2016-03-01,18,3
QLD,2016-03-02,19,3
QLD,2016-03-03,15,1
QLD,2016-03-04,12,2
QLD,2016-03-05,15,4
QLD,2016-03-06,18,5
QLD,2016-03-07,15,3
QLD,2016-03-08,14,2
QLD,2016-03-09,15,2
QLD,2016-03-10,8,3
QLD,2016-03-11,13,3
QLD,2016-03-12,8,23
QLD,2016-03-13,18,4
QLD,2016-03-14,18,3
QLD,2016-03-15,6,0
QLD,2016-03-16,6,1
QLD,2016-03-17,9,2
QLD,2016-03-18,16,1
QLD,2016-03-19,16,23
QLD,2016-03-20,16,21
QLD,2016-03-21,8,2
QLD,2016-03-22,22,3
QLD,2016-03-23,9,2
QLD,2016-03-24,6,3
QLD,2016-03-25,18,5
QLD,2016-03-26,18,5
QLD,2016-03-27,18,5
QLD,2016-03-28,18,4
QLD,2016-03-29,8,2
QLD,2016-03-30,6,2
QLD,2016-03-31,18,1
QLD,2016-04-01,15,2
QLD,2016-04-02,18,3
QLD,2016-04-03,18,1
QLD,2016-04-04,18,2
QLD,2016-04-05,16,2
QLD,2016-04-06,18,5
QLD,2016-04-07,6,3
QLD,2016-04-08,15,2
QLD,2016-04-09,18,3
QLD,2016-04-10,18,6
QLD,2016-04-11,18,0
QLD,2016-04-12,6,1
QLD,2016-04-13,6,2
QLD,2016-04-14,18,4
QLD,2016-04-15,23,21
QLD,2016-04-16,22,4
QLD,2016-04-17,20,9
QLD,2016-04-18,18,1
QLD,2016-04-19,23,21
QLD,2016-04-20,6,3
QLD,2016-04-21,17,3
QLD,2016-04-22,6,4
QLD,2016-04-23,22,4
QLD,2016-04-24,22,11
QLD,2016-04-25,17,5
QLD,2016-04-26,6,4
QLD,2016-04-27,6,2
QLD,2016-04-28,6,0
QLD,2016-04-29,6,0
QLD,2016-04-30,17,4
QLD,2016-05-01,23,4
QLD,2016-05-02,17,4
QLD,2016-05-03,7,3
QLD,2016-05-04,6,1
QLD,2016-05-05,7,0
QLD,2016-05-06,6,1
QLD,2016-05-07,17,3
QLD,2016-05-08,9,4
QLD,2016-05-09,10,4
QLD,2016-05-10,8,1
QLD,2016-05-11,17,1
QLD,2016-05-12,17,1
QLD,2016-05-13,17,4
QLD,2016-05-14,17,4
QLD,2016-05-15,18,1
QLD,2016-05-16,17,21
QLD,2016-05-17,17,1
QLD,2016-05-18,6,4
QLD,2016-05-19,17,3
QLD,2016-05-20,6,2
QLD,2016-05-21,17,11
QLD,2016-05-22,17,4
QLD,2016-05-23,6,0
QLD,2016-05-24,17,3
QLD,2016-05-25,17,4
QLD,2016-05-26,10,2
QLD,2016-05-27,22,2
QLD,2016-05-28,9,4
QLD,2016-05-29,17,5
QLD,2016-05-30,7,3
QLD,2016-05-31,13,3
QLD,2016-06-01,18,2
QLD,2016-06-02,7,3
QLD,2016-06-03,7,3
QLD,2016-06-04,9,3
QLD,2016-06-05,18,5
QLD,2016-06-06,18,2
QLD,2016-06-07,18,2
QLD,2016-06-08,6,3
QLD,2016-06-09,6,5
QLD,2016-06-10,6,4
QLD,2016-06-11,16,5
QLD,2016-06-12,20,13
QLD,2016-06-13,9,4
QLD,2016-06-14,17,3
QLD,2016-06-15,17,3
QLD,2016-06-16,17,3
QLD,2016-06-17,6,2
QLD,2016-06-18,17,2
QLD,2016-06-19,13,4
QLD,2016-06-20,17,3
QLD,2016-06-21,17,2
QLD,2016-06-22,18,2
QLD,2016-06-23,17,3
QLD,2016-06-24,7,3
QLD,2016-06-25,20,4
QLD,2016-06-26,17,5
QLD,2016-06-27,8,2
QLD,2016-06-28,17,1
QLD,2016-06-29,7,3
QLD,2016-06-30,7,2
QLD,2016-07-01,8,3
QLD,2016-07-02,8,13
QLD,2016-07-03,17,5
QLD,2016-07-04,8,1
QLD,2016-07-05,8,3
QLD,2016-07-06,18,4
QLD,2016-07-07,6,4
QLD,2016-07-08,8,4
QLD,2016-07-09,17,2
QLD,2016-07-10,17,4
QLD,2016-07-11,18,3
QLD,2016-07-12,18,4
QLD,2016-07-13,18,3
QLD,2016-07-14,17,4
QLD,2016-07-15,17,4
QLD,2016-07-16,9,3
QLD,2016-07-17,18,3
QLD,2016-07-18,6,1
QLD,2016-07-19,7,4
QLD,2016-07-20,17,4
QLD,2016-07-21,7,2
QLD,2016-07-22,18,3
QLD,2016-07-23,17,1
QLD,2016-07-24,18,4
QLD,2016-07-25,18,2
QLD,2016-07-26,17,3
QLD,2016-07-27,18,3
QLD,2016-07-28,18,4
QLD,2016-07-29,7,3
QLD,2016-07-30,18,3
QLD,2016-07-31,18,13
QLD,2016-08-01,17,2
QLD,2016-08-02,18,4
QLD,2016-08-03,17,2
QLD,2016-08-04,18,2
QLD,2016-08-05,6,3
QLD,2016-08-06,18,3
QLD,2016-08-07,18,12
QLD,2016-08-08,6,3
QLD,2016-08-09,18,3
QLD,2016-08-10,18,2
QLD,2016-08-11,22,3
QLD,2016-08-12,18,2
QLD,2016-08-13,18,4
QLD,2016-08-14,18,4
QLD,2016-08-15,7,3
QLD,2016-08-16,18,3
QLD,2016-08-17,18,3
QLD,2016-08-18,18,3
QLD,2016-08-19,7,3
QLD,2016-08-20,18,2
QLD,2016-08-21,18,3
QLD,2016-08-22,7,3
QLD,2016-08-23,18,3
QLD,2016-08-24,7,4
QLD,2016-08-25,6,12
QLD,2016-08-26,6,11
QLD,2016-08-27,18,13
QLD,2016-08-28,18,13
QLD,2016-08-29,18,3
QLD,2016-08-30,18,4
QLD,2016-08-31,18,3
QLD,2016-09-01,6,4
QLD,2016-09-02,10,3
QLD,2016-09-03,18,12
QLD,2016-09-04,18,12
QLD,2016-09-05,18,2
QLD,2016-09-06,18,3
QLD,2016-09-07,6,3
QLD,2016-09-08,18,3
QLD,2016-09-09,16,3
QLD,2016-09-10,18,4
QLD,2016-09-11,18,10
QLD,2016-09-12,18,4
QLD,2016-09-13,18,3
QLD,2016-09-14,18,3
QLD,2016-09-15,8,3
QLD,2016-09-16,6,3
QLD,2016-09-17,18,4
QLD,2016-09-18,18,4
QLD,2016-09-19,18,2
QLD,2016-09-20,18,3
QLD,2016-09-21,18,3
QLD,2016-09-22,18,3
QLD,2016-09-23,18,3
QLD,2016-09-24,18,3
QLD,2016-09-25,18,4
QLD,2016-09-26,18,3
QLD,2016-09-27,18,3
QLD,2016-09-28,22,10
QLD,2016-09-29,8,3
QLD,2016-09-30,18,3
QLD,2016-10-01,23,3
QLD,2016-10-02,18,3
QLD,2016-10-03,18,4
QLD,2016-10-04,6,21
QLD,2016-10-05,18,2
QLD,2016-10-06,5,3
QLD,2016-10-07,6,3
QLD,2016-10-08,22,12
QLD,2016-10-09,18,4
QLD,2016-10-10,17,2
QLD,2016-10-11,6,1
QLD,2016-10-12,18,3
QLD,2016-10-13,19,21
QLD,2016-10-14,6,3
QLD,2016-10-15,18,5
QLD,2016-10-16,18,2
QLD,2016-10-17,22,1
QLD,2016-10-18,19,2
QLD,2016-10-19,6,2
QLD,2016-10-20,22,2
QLD,2016-10-21,23,1
QLD,2016-10-22,6,23
QLD,2016-10-23,19,4
QLD,2016-10-24,6,13
QLD,2016-10-25,18,2
QLD,2016-10-26,6,3
QLD,2016-10-27,8,3
QLD,2016-10-28,6,3
QLD,2016-10-29,22,3
QLD,2016-10-30,18,4
QLD,2016-10-31,22,3
QLD,2016-11-01,8,4
QLD,2016-11-02,19,2
QLD,2016-11-03,19,2
QLD,2016-11-04,15,21
QLD,2016-11-05,18,2
QLD,2016-11-06,18,3
QLD,2016-11-07,16,2
QLD,2016-11-08,15,2
QLD,2016-11-09,15,1
QLD,2016-11-10,19,3
QLD,2016-11-11,13,2
QLD,2016-11-12,14,21
QLD,2016-11-13,16,5
QLD,2016-11-14,22,2
QLD,2016-11-15,15,9
QLD,2016-11-16,22,2
QLD,2016-11-17,6,1
QLD,2016-11-18,15,1
QLD,2016-11-19,18,5
QLD,2016-11-20,19,5
QLD,2016-11-21,12,5
QLD,2016-11-22,15,4
QLD,2016-11-23,12,1
QLD,2016-11-24,10,2
QLD,2016-11-25,15,1
QLD,2016-11-26,22,2
QLD,2016-11-27,16,5
QLD,2016-11-28,15,2
QLD,2016-11-29,13,21
QLD,2016-11-30,13,1
QLD,2016-12-01,6,1
QLD,2016-12-02,15,5
QLD,2016-12-03,15,3
QLD,2016-12-04,17,5
QLD,2016-12-05,14,3
QLD,2016-12-06,16,4
QLD,2016-12-07,13,21
QLD,2016-12-08,16,2
QLD,2016-12-09,12,3
QLD,2016-12-10,19,4
QLD,2016-12-11,16,3
QLD,2016-12-12,16,1
QLD,2016-12-13,17,3
QLD,2016-12-14,17,1
QLD,2016-12-15,16,1
QLD,2016-12-16,6,1
QLD,2016-12-17,22,5
QLD,2016-12-18,12,1
QLD,2016-12-19,16,4
QLD,2016-12-20,22,2
QLD,2016-12-21,14,3
QLD,2016-12-22,15,4
QLD,2016-12-23,22,3
QLD,2016-12-24,13,3
QLD,2016-12-25,22,4
QLD,2016-12-26,22,4
QLD,2016-12-27,16,4
QLD,2016-12-28,17,4
QLD,2016-12-29,16,3
QLD,2016-12-30,16,5
QLD,2016-12-31,13,2
QLD,2017-01-01,16,7
QLD,2017-01-02,11,1
QLD,2017-01-03,19,3
QLD,2017-01-04,23,4
QLD,2017-01-05,16,5
QLD,2017-01-06,16,5
QLD,2017-01-07,17,5
QLD,2017-01-08,17,5
QLD,2017-01-09,15,2
QLD,2017-01-10,15,4
QLD,2017-01-11,22,2
QLD,2017-01-12,15,3
QLD,2017-01-13,16,2
QLD,2017-01-14,16,3
QLD,2017-01-15,12,7
QLD,2017-01-16,16,1
QLD,2017-01-17,15,1
QLD,2017-01-18,16,4
QLD,2017-01-19,8,23
QLD,2017-01-20,16,4
QLD,2017-01-21,10,3
QLD,2017-01-22,17,3
QLD,2017-01-23,19,23
QLD,2017-01-24,16,3
QLD,2017-01-25,11,3
QLD,2017-01-26,16,5
QLD,2017-01-27,10,4
QLD,2017-01-28,16,5
QLD,2017-01-29,16,5
QLD,2017-01-30,16,3
QLD,2017-01-31,15,22
QLD,2017-02-01,17,23
QLD,2017-02-02,17,1
QLD,2017-02-03,16,3
QLD,2017-02-04,22,2
QLD,2017-02-05,15,5
QLD,2017-02-06,16,3
QLD,2017-02-07,6,21
QLD,2017-02-08,16,1
QLD,2017-02-09,16,1
QLD,2017-02-10,16,0
QLD,2017-02-11,16,5
QLD,2017-02-12,17,5
QLD,2017-02-13,13,3
QLD,2017-02-14,6,3
QLD,2017-02-15,19,4
QLD,2017-02-16,16,1
QLD,2017-02-17,6,21
QLD,2017-02-18,16,5
QLD,2017-02-19,17,5
QLD,2017-02-20,19,1
QLD,2017-02-21,6,1
QLD,2017-02-22,6,3
QLD,2017-02-23,16,1
QLD,2017-02-24,6,1
QLD,2017-02-25,16,4
QLD,2017-02-26,18,3
QLD,2017-02-27,6,2
QLD,2017-02-28,16,1
QLD,2017-03-01,15,3
QLD,2017-03-02,16,1
QLD,2017-03-03,17,2
QLD,2017-03-04,18,2
QLD,2017-03-05,18,5
QLD,2017-03-06,12,2
QLD,2017-03-07,16,2
QLD,2017-03-08,18,3
QLD,2017-03-09,18,2
QLD,2017-03-10,6,3
QLD,2017-03-11,19,3
QLD,2017-03-12,17,5
QLD,2017-03-13,18,3
QLD,2017-03-14,9,2
QLD,2017-03-15,18,1
QLD,2017-03-16,16,2
QLD,2017-03-17,6,4
QLD,2017-03-18,17,4
QLD,2017-03-19,18,4
QLD,2017-03-20,13,3
QLD,2017-03-21,6,5
QLD,2017-03-22,12,5
QLD,2017-03-23,8,3
QLD,2017-03-24,6,2
QLD,2017-03-25,16,4
QLD,2017-03-26,16,11
QLD,2017-03-27,6,3
QLD,2017-03-28,6,3
QLD,2017-03-29,18,0
QLD,2017-03-30,10,20
QLD,2017-03-31,16,11
QLD,2017-04-01,18,11
QLD,2017-04-02,18,4
QLD,2017-04-03,7,2
QLD,2017-04-04,18,3
QLD,2017-04-05,6,2
QLD,2017-04-06,18,1
QLD,2017-04-07,6,3
QLD,2017-04-08,23,3
QLD,2017-04-09,18,4
QLD,2017-04-10,6,3
QLD,2017-04-11,18,9
QLD,2017-04-12,6,3
QLD,2017-04-13,6,21
QLD,2017-04-14,18,14
QLD,2017-04-15,9,3
QLD,2017-04-16,23,13
QLD,2017-04-17,17,5
QLD,2017-04-18,6,3
QLD,2017-04-19,6,3
QLD,2017-04-20,6,3
QLD,2017-04-21,22,3
QLD,2017-04-22,18,4
QLD,2017-04-23,17,3
QLD,2017-04-24,18,0
QLD,2017-04-25,18,6
QLD,2017-04-26,18,2
QLD,2017-04-27,18,11
QLD,2017-04-28,6,11
QLD,2017-04-29,17,3
QLD,2017-04-30,17,14
QLD,2017-05-01,18,4
QLD,2017-05-02,17,4
QLD,2017-05-03,6,14
QLD,2017-05-04,18,8
QLD,2017-05-05,6,12
QLD,2017-05-06,17,3
QLD,2017-05-07,17,14
QLD,2017-05-08,18,1
QLD,2017-05-09,7,12
QLD,2017-05-10,6,0
QLD,2017-05-11,17,12
QLD,2017-05-12,17,4
QLD,2017-05-13,17,5
QLD,2017-05-14,17,4
QLD,2017-05-15,17,3
QLD,2017-05-16,6,11
QLD,2017-05-17,7,3
QLD,2017-05-18,17,1
QLD,2017-05-19,22,3
QLD,2017-05-20,17,21
QLD,2017-05-21,17,12
QLD,2017-05-22,17,1
QLD,2017-05-23,6,3
QLD,2017-05-24,22,3
QLD,2017-05-25,17,0
QLD,2017-05-26,6,1
QLD,2017-05-27,17,3
QLD,2017-05-28,17,3
QLD,2017-05-29,17,5
QLD,2017-05-30,6,3
QLD,2017-05-31,6,0
QLD,2017-06-01,18,1
QLD,2017-06-02,6,3
QLD,2017-06-03,17,14
QLD,2017-06-04,17,4
QLD,2017-06-05,6,3
QLD,2017-06-06,6,3
QLD,2017-06-07,6,11
QLD,2017-06-08,6,0
QLD,2017-06-09,7,9
QLD,2017-06-10,17,4
QLD,2017-06-11,17,3
QLD,2017-06-12,17,3
QLD,2017-06-13,7,2
QLD,2017-06-14,6,2
QLD,2017-06-15,6,3
QLD,2017-06-16,7,4
QLD,2017-06-17,17,2
QLD,2017-06-18,17,2
QLD,2017-06-19,17,3
QLD,2017-06-20,18,3
QLD,2017-06-21,6,3
QLD,2017-06-22,18,3
QLD,2017-06-23,7,4
QLD,2017-06-24,18,4
QLD,2017-06-25,17,12
QLD,2017-06-26,17,11
QLD,2017-06-27,9,1
QLD,2017-06-28,17,3
QLD,2017-06-29,17,0
QLD,2017-06-30,7,4
QLD,2017-07-01,18,13
QLD,2017-07-02,17,14
QLD,2017-07-03,8,1
QLD,2017-07-04,17,3
QLD,2017-07-05,17,4
QLD,2017-07-06,17,3
QLD,2017-07-07,17,2
QLD,2017-07-08,7,5
QLD,2017-07-09,17,12
QLD,2017-07-10,18,1
QLD,2017-07-11,17,3
QLD,2017-07-12,17,11
QLD,2017-07-13,18,3
QLD,2017-07-14,6,2
QLD,2017-07-15,18,13
QLD,2017-07-16,18,11
QLD,2017-07-17,18,3
QLD,2017-07-18,7,3
QLD,2017-07-19,17,3
QLD,2017-07-20,18,13
QLD,2017-07-21,6,3
QLD,2017-07-22,18,12
QLD,2017-07-23,18,12
QLD,2017-07-24,7,0
QLD,2017-07-25,18,2
QLD,2017-07-26,18,3
QLD,2017-07-27,7,10
QLD,2017-07-28,7,2
QLD,2017-07-29,17,13
QLD,2017-07-30,18,12
QLD,2017-07-31,18,0
QLD,2017-08-01,18,12
QLD,2017-08-02,6,2
QLD,2017-08-03,7,3
QLD,2017-08-04,7,12
QLD,2017-08-05,18,14
QLD,2017-08-06,18,12
QLD,2017-08-07,7,2
QLD,2017-08-08,6,11
QLD,2017-08-09,18,12
QLD,2017-08-10,6,12
QLD,2017-08-11,6,10
QLD,2017-08-12,18,13
QLD,2017-08-13,18,10
QLD,2017-08-14,20,2
QLD,2017-08-15,6,3
QLD,2017-08-16,18,2
QLD,2017-08-17,6,2
QLD,2017-08-18,18,2
QLD,2017-08-19,18,12
QLD,2017-08-20,18,10
QLD,2017-08-21,18,2
QLD,2017-08-22,18,11
QLD,2017-08-23,6,3
QLD,2017-08-24,18,3
QLD,2017-08-25,6,3
QLD,2017-08-26,0,12
QLD,2017-08-27,18,14
QLD,2017-08-28,18,10
QLD,2017-08-29,18,10
QLD,2017-08-30,6,14
QLD,2017-08-31,20,10
QLD,2017-09-01,6,14
QLD,2017-09-02,18,12
QLD,2017-09-03,18,12
QLD,2017-09-04,18,3
QLD,2017-09-05,18,4
QLD,2017-09-06,18,3
QLD,2017-09-07,18,11
QLD,2017-09-08,18,12
QLD,2017-09-09,18,10
QLD,2017-09-10,18,11
QLD,2017-09-11,18,3
QLD,2017-09-12,18,9
QLD,2017-09-13,18,3
QLD,2017-09-14,18,3
QLD,2017-09-15,6,3
QLD,2017-09-16,18,11
QLD,2017-09-17,18,13
QLD,2017-09-18,18,13
QLD,2017-09-19,18,2
QLD,2017-09-20,18,4
QLD,2017-09-21,18,2
QLD,2017-09-22,18,3
QLD,2017-09-23,16,10
QLD,2017-09-24,18,3
QLD,2017-09-25,8,3
QLD,2017-09-26,18,1
QLD,2017-09-27,8,23
QLD,2017-09-28,18,3
QLD,2017-09-29,16,3
QLD,2017-09-30,18,4
QLD,2017-10-01,18,4
QLD,2017-10-02,18,3
QLD,2017-10-03,17,2
QLD,2017-10-04,16,0
QLD,2017-10-05,18,1
QLD,2017-10-06,15,2
QLD,2017-10-07,8,3
QLD,2017-10-08,18,1
QLD,2017-10-09,18,1
QLD,2017-10-10,18,2
QLD,2017-10-11,6,3
QLD,2017-10-12,10,1
QLD,2017-10-13,18,1
QLD,2017-10-14,17,11
QLD,2017-10-15,17,21
QLD,2017-10-16,16,5
QLD,2017-10-17,18,1
QLD,2017-10-18,16,1
QLD,2017-10-19,18,4
QLD,2017-10-20,19,14
QLD,2017-10-21,18,1
QLD,2017-10-22,18,5
QLD,2017-10-23,18,5
QLD,2017-10-24,19,5
QLD,2017-10-25,19,5
QLD,2017-10-26,16,3
QLD,2017-10-27,16,9
QLD,2017-10-28,19,7
QLD,2017-10-29,18,6
QLD,2017-10-30,14,1
QLD,2017-10-31,19,2
QLD,2017-11-01,19,3
QLD,2017-11-02,18,2
QLD,2017-11-03,18,4
QLD,2017-11-04,18,5
QLD,2017-11-05,17,5
QLD,2017-11-06,18,3
QLD,2017-11-07,18,3
QLD,2017-11-08,22,2
QLD,2017-11-09,6,1
QLD,2017-11-10,5,21
QLD,2017-11-11,18,5
QLD,2017-11-12,18,12
QLD,2017-11-13,13,3
QLD,2017-11-14,16,0
QLD,2017-11-15,18,0
QLD,2017-11-16,18,3
QLD,2017-11-17,18,2
QLD,2017-11-18,9,3
QLD,2017-11-19,18,5
QLD,2017-11-20,18,1
QLD,2017-11-21,18,3
QLD,2017-11-22,13,0
QLD,2017-11-23,17,3
QLD,2017-11-24,13,2
QLD,2017-11-25,19,0
QLD,2017-11-26,16,5
QLD,2017-11-27,16,1
QLD,2017-11-28,19,4
QLD,2017-11-29,16,2
QLD,2017-11-30,13,5
QLD,2017-12-01,14,2
QLD,2017-12-02,18,1
QLD,2017-12-03,18,5
QLD,2017-12-04,19,0
QLD,2017-12-05,18,2
QLD,2017-12-06,19,0
QLD,2017-12-07,19,3
QLD,2017-12-08,11,3
QLD,2017-12-09,16,6
QLD,2017-12-10,18,2
QLD,2017-12-11,16,0
QLD,2017-12-12,16,1
QLD,2017-12-13,16,0
QLD,2017-12-14,19,3
QLD,2017-12-15,16,4
QLD,2017-12-16,15,6
QLD,2017-12-17,15,6
QLD,2017-12-18,17,2
QLD,2017-12-19,15,1
QLD,2017-12-20,13,1
QLD,2017-12-21,16,1
QLD,2017-12-22,16,23
QLD,2017-12-23,17,6
QLD,2017-12-24,16,5
QLD,2017-12-25,16,3
QLD,2017-12-26,19,3
QLD,2017-12-27,16,3
QLD,2017-12-28,20,2
QLD,2017-12-29,10,6
QLD,2017-12-30,18,5
QLD,2017-12-31,13,5
QLD,2018-01-01,16,5
QLD,2018-01-02,15,2
QLD,2018-01-03,13,1
QLD,2018-01-04,17,3
QLD,2018-01-05,16,3
QLD,2018-01-06,16,3
QLD,2018-01-07,16,4
QLD,2018-01-08,13,2
QLD,2018-01-09,17,5
QLD,2018-01-10,16,2
QLD,2018-01-11,15,3
QLD,2018-01-12,16,5
QLD,2018-01-13,12,5
QLD,2018-01-14,13,7
QLD,2018-01-15,19,0
QLD,2018-01-16,17,1
QLD,2018-01-17,16,0
QLD,2018-01-18,16,0
QLD,2018-01-19,15,23
QLD,2018-01-20,15,0
QLD,2018-01-21,17,5
QLD,2018-01-22,15,4
QLD,2018-01-23,19,1
QLD,2018-01-24,14,5
QLD,2018-01-25,14,5
QLD,2018-01-26,15,3
QLD,2018-01-27,16,7
QLD,2018-01-28,18,7
QLD,2018-01-29,7,0
QLD,2018-01-30,15,1
QLD,2018-01-31,16,2
QLD,2018-02-01,19,23
QLD,2018-02-02,6,1
QLD,2018-02-03,18,0
QLD,2018-02-04,17,7
QLD,2018-02-05,5,0
QLD,2018-02-06,16,0
QLD,2018-02-07,16,3
QLD,2018-02-08,16,1
QLD,2018-02-09,14,21
QLD,2018-02-10,17,0
QLD,2018-02-11,16,7
QLD,2018-02-12,17,3
QLD,2018-02-13,16,23
QLD,2018-02-14,16,2
QLD,2018-02-15,15,3
QLD,2018-02-16,14,21
QLD,2018-02-17,16,5
QLD,2018-02-18,15,5
QLD,2018-02-19,16,1
QLD,2018-02-20,16,1
QLD,2018-02-21,15,1
QLD,2018-02-22,15,1
QLD,2018-02-23,9,2
QLD,2018-02-24,18,3
QLD,2018-02-25,18,4
QLD,2018-02-26,16,1
QLD,2018-02-27,17,3
QLD,2018-02-28,16,0
QLD,2018-03-01,18,1
QLD,2018-03-02,16,21
QLD,2018-03-03,16,4
QLD,2018-03-04,17,4
QLD,2018-03-05,18,2
QLD,2018-03-06,6,3
QLD,2018-03-07,19,2
QLD,2018-03-08,18,1
QLD,2018-03-09,6,3
QLD,2018-03-10,18,4
QLD,2018-03-11,18,5
QLD,2018-03-12,18,2
QLD,2018-03-13,18,2
QLD,2018-03-14,17,11
QLD,2018-03-15,16,0
QLD,2018-03-16,16,0
QLD,2018-03-17,17,4
QLD,2018-03-18,18,7
QLD,2018-03-19,16,1
QLD,2018-03-20,16,23
QLD,2018-03-21,18,0
QLD,2018-03-22,18,1
QLD,2018-03-23,6,3
QLD,2018-03-24,18,23
QLD,2018-03-25,18,2
QLD,2018-03-26,18,0
QLD,2018-03-27,18,21
QLD,2018-03-28,16,3
QLD,2018-03-29,22,4
QLD,2018-03-30,18,11
QLD,2018-03-31,18,6
QLD,2018-04-01,18,3
QLD,2018-04-02,17,2
QLD,2018-04-03,18,4
QLD,2018-04-04,18,3
QLD,2018-04-05,18,9
QLD,2018-04-06,18,12
QLD,2018-04-07,18,3
QLD,2018-04-08,18,3
QLD,2018-04-09,16,3
QLD,2018-04-10,18,8
QLD,2018-04-11,16,3
QLD,2018-04-12,18,7
QLD,2018-04-13,18,10
QLD,2018-04-14,15,5
QLD,2018-04-15,18,2
QLD,2018-04-16,17,2
QLD,2018-04-17,18,11
QLD,2018-04-18,22,13
QLD,2018-04-19,18,10
QLD,2018-04-20,12,3
QLD,2018-04-21,18,5
QLD,2018-04-22,17,0
QLD,2018-04-23,6,2
QLD,2018-04-24,17,4
QLD,2018-04-25,17,11
QLD,2018-04-26,17,12
QLD,2018-04-27,17,4
QLD,2018-04-28,17,4
QLD,2018-04-29,18,5
QLD,2018-04-30,17,0
QLD,2018-05-01,17,3
QLD,2018-05-02,17,23
QLD,2018-05-03,18,3
QLD,2018-05-04,17,4
QLD,2018-05-05,18,13
QLD,2018-05-06,18,12
QLD,2018-05-07,17,3
QLD,2018-05-08,17,4
QLD,2018-05-09,18,8
QLD,2018-05-10,18,10
QLD,2018-05-11,17,4
QLD,2018-05-12,17,12
QLD,2018-05-13,17,12
QLD,2018-05-14,6,11
QLD,2018-05-15,18,11
QLD,2018-05-16,17,11
QLD,2018-05-17,18,1
QLD,2018-05-18,6,3
QLD,2018-05-19,17,11
QLD,2018-05-20,20,12
QLD,2018-05-21,18,2
QLD,2018-05-22,6,3
QLD,2018-05-23,6,9
QLD,2018-05-24,6,3
QLD,2018-05-25,6,2
QLD,2018-05-26,8,3
QLD,2018-05-27,18,1
QLD,2018-05-28,17,4
QLD,2018-05-29,17,2
QLD,2018-05-30,6,4
QLD,2018-05-31,6,2
QLD,2018-06-01,17,0
QLD,2018-06-02,20,12
QLD,2018-06-03,17,5
QLD,2018-06-04,17,4
QLD,2018-06-05,18,3
QLD,2018-06-06,7,11
QLD,2018-06-07,18,3
QLD,2018-06-08,7,9
QLD,2018-06-09,9,12
QLD,2018-06-10,17,12
QLD,2018-06-11,17,2
QLD,2018-06-12,17,3
QLD,2018-06-13,17,3
QLD,2018-06-14,6,10
QLD,2018-06-15,6,10
QLD,2018-06-16,20,11
QLD,2018-06-17,17,3
QLD,2018-06-18,17,11
QLD,2018-06-19,17,12
QLD,2018-06-20,7,12
QLD,2018-06-21,19,0
QLD,2018-06-22,7,3
QLD,2018-06-23,17,11
QLD,2018-06-24,18,13
QLD,2018-06-25,18,1
QLD,2018-06-26,17,3
QLD,2018-06-27,7,23
QLD,2018-06-28,17,4
QLD,2018-06-29,7,3
QLD,2018-06-30,20,3
QLD,2018-07-01,17,5
QLD,2018-07-02,7,3
QLD,2018-07-03,17,1
QLD,2018-07-04,17,12
QLD,2018-07-05,17,3
QLD,2018-07-06,17,3
QLD,2018-07-07,17,4
QLD,2018-07-08,18,12
QLD,2018-07-09,18,2
QLD,2018-07-10,18,13
QLD,2018-07-11,17,11
QLD,2018-07-12,17,12
QLD,2018-07-13,18,13
QLD,2018-07-14,17,14
QLD,2018-07-15,18,11
QLD,2018-07-16,17,4
QLD,2018-07-17,18,12
QLD,2018-07-18,7,12
QLD,2018-07-19,18,11
QLD,2018-07-20,7,4
QLD,2018-07-21,17,11
QLD,2018-07-22,18,12
QLD,2018-07-23,18,2
QLD,2018-07-24,6,12
QLD,2018-07-25,7,3
QLD,2018-07-26,7,3
QLD,2018-07-27,7,12
QLD,2018-07-28,18,12
QLD,2018-07-29,18,2
QLD,2018-07-30,7,2
QLD,2018-07-31,17,12
QLD,2018-08-01,18,3
QLD,2018-08-02,18,11
QLD,2018-08-03,17,12
QLD,2018-08-04,18,11
QLD,2018-08-05,18,11
QLD,2018-08-06,18,2
QLD,2018-08-07,17,4
QLD,2018-08-08,19,12
QLD,2018-08-09,7,13
QLD,2018-08-10,6,12
QLD,2018-08-11,18,13
QLD,2018-08-12,18,12
QLD,2018-08-13,18,2
QLD,2018-08-14,18,13
QLD,2018-08-15,6,12
QLD,2018-08-16,18,2
QLD,2018-08-17,6,14
QLD,2018-08-18,18,13
QLD,2018-08-19,18,11
QLD,2018-08-20,18,12
QLD,2018-08-21,18,11
QLD,2018-08-22,18,3
QLD,2018-08-23,18,3
QLD,2018-08-24,18,4
QLD,2018-08-25,18,4
QLD,2018-08-26,18,15
QLD,2018-08-27,18,4
QLD,2018-08-28,18,3
QLD,2018-08-29,7,12
QLD,2018-08-30,6,1
QLD,2018-08-31,18,2
QLD,2018-09-01,18,2
QLD,2018-09-02,18,13
QLD,2018-09-03,18,4
QLD,2018-09-04,18,4
QLD,2018-09-05,18,2
QLD,2018-09-06,7,1
QLD,2018-09-07,18,8
QLD,2018-09-08,18,6
QLD,2018-09-09,18,10
QLD,2018-09-10,18,2
QLD,2018-09-11,18,4
QLD,2018-09-12,18,9
QLD,2018-09-13,18,11
QLD,2018-09-14,18,12
QLD,2018-09-15,18,13
QLD,2018-09-16,18,11
QLD,2018-09-17,18,10
QLD,2018-09-18,18,3
QLD,2018-09-19,18,3
QLD,2018-09-20,18,4
QLD,2018-09-21,18,14
QLD,2018-09-22,18,13
QLD,2018-09-23,18,12
QLD,2018-09-24,18,2
QLD,2018-09-25,18,10
QLD,2018-09-26,18,13
QLD,2018-09-27,18,2
QLD,2018-09-28,19,11
QLD,2018-09-29,18,3
QLD,2018-09-30,18,3
QLD,2018-10-01,18,7
QLD,2018-10-02,18,12
QLD,2018-10-03,22,4
QLD,2018-10-04,17,3
QLD,2018-10-05,18,2
QLD,2018-10-06,18,14
QLD,2018-10-07,18,6
QLD,2018-10-08,18,2
QLD,2018-10-09,10,23
QLD,2018-10-10,18,3
QLD,2018-10-11,18,2
QLD,2018-10-12,22,2
QLD,2018-10-13,18,2
QLD,2018-10-14,18,5
QLD,2018-10-15,5,0
QLD,2018-10-16,19,3
QLD,2018-10-17,18,13
QLD,2018-10-18,18,11
QLD,2018-10-19,18,9
QLD,2018-10-20,22,5
QLD,2018-10-21,17,10
QLD,2018-10-22,18,2
QLD,2018-10-23,18,2
QLD,2018-10-24,6,1
QLD,2018-10-25,18,1
QLD,2018-10-26,18,1
QLD,2018-10-27,18,11
QLD,2018-10-28,18,6
QLD,2018-10-29,7,1
QLD,2018-10-30,18,10
QLD,2018-10-31,8,1
QLD,2018-11-01,18,23
QLD,2018-11-02,16,4
QLD,2018-11-03,18,10
QLD,2018-11-04,18,12
QLD,2018-11-05,18,4
QLD,2018-11-06,18,3
QLD,2018-11-07,6,23
QLD,2018-11-08,19,12
QLD,2018-11-09,18,1
QLD,2018-11-10,18,8
QLD,2018-11-11,18,13
QLD,2018-11-12,15,2
QLD,2018-11-13,19,1
QLD,2018-11-14,18,0
QLD,2018-11-15,19,23
QLD,2018-11-16,19,1
QLD,2018-11-17,19,13
QLD,2018-11-18,18,7
QLD,2018-11-19,15,2
QLD,2018-11-20,18,1
QLD,2018-11-21,18,2
QLD,2018-11-22,19,4
QLD,2018-11-23,19,2
QLD,2018-11-24,19,11
QLD,2018-11-25,18,6
QLD,2018-11-26,17,1
QLD,2018-11-27,17,0
QLD,2018-11-28,18,1
QLD,2018-11-29,5,7
QLD,2018-11-30,19,13
QLD,2018-12-01,15,9
QLD,2018-12-02,13,6
QLD,2018-12-03,16,0
QLD,2018-12-04,14,3
QLD,2018-12-05,13,2
QLD,2018-12-06,17,3
QLD,2018-12-07,13,2
QLD,2018-12-08,18,1
QLD,2018-12-09,17,5
QLD,2018-12-10,15,2
QLD,2018-12-11,17,1
QLD,2018-12-12,12,23
QLD,2018-12-13,13,1
QLD,2018-12-14,15,1
QLD,2018-12-15,19,5
QLD,2018-12-16,15,5
QLD,2018-12-17,16,1
QLD,2018-12-18,22,1
QLD,2018-12-19,14,1
QLD,2018-12-20,15,1
QLD,2018-12-21,15,4
QLD,2018-12-22,15,1
QLD,2018-12-23,19,7
QLD,2018-12-24,19,3
QLD,2018-12-25,17,9
QLD,2018-12-26,18,8
QLD,2018-12-27,17,6
QLD,2018-12-28,17,3
QLD,2018-12-29,17,2
QLD,2018-12-30,16,7
QLD,2018-12-31,15,3
QLD,2019-01-01,18,8
QLD,2019-01-02,17,2
QLD,2019-01-03,19,3
QLD,2019-01-04,14,4
QLD,2019-01-05,19,4
QLD,2019-01-06,18,7
QLD,2019-01-07,16,1
QLD,2019-01-08,19,10
QLD,2019-01-09,15,1
QLD,2019-01-10,15,3
QLD,2019-01-11,13,2
QLD,2019-01-12,18,1
QLD,2019-01-13,19,10
QLD,2019-01-14,16,2
QLD,2019-01-15,18,3
QLD,2019-01-16,15,2
QLD,2019-01-17,17,2
QLD,2019-01-18,9,12
QLD,2019-01-19,18,4
QLD,2019-01-20,18,4
QLD,2019-01-21,13,23
QLD,2019-01-22,18,0
QLD,2019-01-23,11,23
QLD,2019-01-24,14,0
QLD,2019-01-25,16,23
QLD,2019-01-26,17,6
QLD,2019-01-27,19,6
QLD,2019-01-28,17,5
QLD,2019-01-29,17,3
QLD,2019-01-30,15,4
QLD,2019-01-31,6,23
QLD,2019-02-01,15,23
QLD,2019-02-02,19,23
QLD,2019-02-03,16,6
QLD,2019-02-04,17,2
QLD,2019-02-05,16,1
QLD,2019-02-06,16,3
QLD,2019-02-07,6,3
QLD,2019-02-08,6,2
QLD,2019-02-09,16,1
QLD,2019-02-10,17,8
QLD,2019-02-11,19,1
QLD,2019-02-12,18,3
QLD,2019-02-13,18,3
QLD,2019-02-14,17,2
QLD,2019-02-15,15,3
QLD,2019-02-16,18,5
QLD,2019-02-17,19,7
QLD,2019-02-18,15,2
QLD,2019-02-19,17,3
QLD,2019-02-20,18,2
QLD,2019-02-21,18,1
QLD,2019-02-22,6,21
QLD,2019-02-23,18,23
QLD,2019-02-24,19,12
QLD,2019-02-25,18,2
QLD,2019-02-26,6,1
QLD,2019-02-27,18,2
QLD,2019-02-28,6,4
QLD,2019-03-01,6,23
QLD,2019-03-02,19,3
QLD,2019-03-03,17,6
QLD,2019-03-04,6,23
QLD,2019-03-05,17,0
QLD,2019-03-06,18,1
QLD,2019-03-07,6,23
QLD,2019-03-08,15,0
QLD,2019-03-09,19,11
QLD,2019-03-10,18,11
QLD,2019-03-11,18,23
QLD,2019-03-12,18,9
QLD,2019-03-13,16,23
QLD,2019-03-14,18,0
QLD,2019-03-15,14,22
QLD,2019-03-16,18,4
QLD,2019-03-17,17,23
QLD,2019-03-18,18,2
QLD,2019-03-19,18,10
QLD,2019-03-20,18,8
QLD,2019-03-21,16,1
QLD,2019-03-22,6,23
QLD,2019-03-23,16,11
QLD,2019-03-24,18,23
QLD,2019-03-25,6,1
QLD,2019-03-26,17,1
QLD,2019-03-27,6,23
QLD,2019-03-28,18,1
QLD,2019-03-29,23,2
QLD,2019-03-30,18,4
QLD,2019-03-31,18,10
QLD,2019-04-01,6,3
QLD,2019-04-02,6,23
QLD,2019-04-03,6,9
QLD,2019-04-04,18,11
QLD,2019-04-05,6,2
QLD,2019-04-06,18,11
QLD,2019-04-07,18,11
QLD,2019-04-08,17,23
QLD,2019-04-09,17,21
QLD,2019-04-10,18,9
QLD,2019-04-11,17,8
QLD,2019-04-12,17,8
QLD,2019-04-13,17,9
QLD,2019-04-14,17,11
QLD,2019-04-15,17,9
QLD,2019-04-16,17,9
QLD,2019-04-17,17,9
QLD,2019-04-18,17,4
QLD,2019-04-19,17,8
QLD,2019-04-20,17,10
QLD,2019-04-21,17,14
QLD,2019-04-22,17,8
QLD,2019-04-23,17,4
QLD,2019-04-24,17,4
QLD,2019-04-25,18,12
QLD,2019-04-26,17,3
QLD,2019-04-27,17,10
QLD,2019-04-28,17,11
QLD,2019-04-29,17,8
QLD,2019-04-30,17,1
QLD,2019-05-01,17,4
QLD,2019-05-02,18,1
QLD,2019-05-03,17,3
QLD,2019-05-04,17,5
QLD,2019-05-05,17,10
QLD,2019-05-06,17,10
QLD,2019-05-07,17,11
QLD,2019-05-08,17,10
QLD,2019-05-09,17,9
QLD,2019-05-10,17,2
QLD,2019-05-11,17,10
QLD,2019-05-12,17,12
QLD,2019-05-13,17,11
QLD,2019-05-14,7,4
QLD,2019-05-15,17,4
QLD,2019-05-16,7,9
QLD,2019-05-17,17,4
QLD,2019-05-18,17,11
QLD,2019-05-19,17,3
QLD,2019-05-20,17,3
QLD,2019-05-21,17,11
QLD,2019-05-22,18,0
QLD,2019-05-23,6,12
QLD,2019-05-24,7,9
QLD,2019-05-25,17,10
QLD,2019-05-26,17,2
QLD,2019-05-27,17,2
QLD,2019-05-28,17,2
QLD,2019-05-29,17,12
QLD,2019-05-30,7,4
QLD,2019-05-31,17,3
QLD,2019-06-01,17,4
QLD,2019-06-02,17,5
QLD,2019-06-03,18,3
QLD,2019-06-04,17,15
QLD,2019-06-05,7,12
QLD,2019-06-06,17,9
QLD,2019-06-07,17,3
QLD,2019-06-08,9,4
QLD,2019-06-09,17,12
QLD,2019-06-10,17,3
QLD,2019-06-11,6,12
QLD,2019-06-12,18,3
QLD,2019-06-13,7,3
QLD,2019-06-14,17,3
QLD,2019-06-15,17,12
QLD,2019-06-16,17,5
QLD,2019-06-17,7,2
QLD,2019-06-18,7,4
QLD,2019-06-19,17,10
QLD,2019-06-20,7,11
QLD,2019-06-21,7,13
QLD,2019-06-22,17,11
QLD,2019-06-23,17,12
QLD,2019-06-24,7,11
QLD,2019-06-25,17,4
QLD,2019-06-26,7,4
QLD,2019-06-27,6,12
QLD,2019-06-28,7,11
QLD,2019-06-29,17,4
QLD,2019-06-30,18,11
QLD,2019-07-01,17,2
QLD,2019-07-02,18,3
QLD,2019-07-03,17,12
QLD,2019-07-04,17,4
QLD,2019-07-05,17,2
QLD,2019-07-06,17,3
QLD,2019-07-07,18,2
QLD,2019-07-08,17,3
QLD,2019-07-09,17,12
QLD,2019-07-10,17,12
QLD,2019-07-11,7,3
QLD,2019-07-12,20,11
QLD,2019-07-13,17,12
QLD,2019-07-14,18,12
QLD,2019-07-15,7,3
QLD,2019-07-16,18,11
QLD,2019-07-17,7,10
QLD,2019-07-18,7,12
QLD,2019-07-19,6,9
QLD,2019-07-20,18,12
QLD,2019-07-21,18,11
QLD,2019-07-22,18,2
QLD,2019-07-23,6,12
QLD,2019-07-24,6,10
QLD,2019-07-25,7,11
QLD,2019-07-26,15,11
QLD,2019-07-27,17,12
QLD,2019-07-28,17,10
QLD,2019-07-29,7,2
QLD,2019-07-30,17,11
QLD,2019-07-31,18,9
QLD,2019-08-01,18,11
QLD,2019-08-02,17,11
QLD,2019-08-03,18,11
QLD,2019-08-04,17,12
QLD,2019-08-05,18,12
QLD,2019-08-06,18,10
QLD,2019-08-07,19,11
QLD,2019-08-08,20,11
QLD,2019-08-09,18,12
QLD,2019-08-10,22,11
QLD,2019-08-11,18,11
QLD,2019-08-12,18,12
QLD,2019-08-13,18,10
QLD,2019-08-14,18,13
QLD,2019-08-15,18,12
QLD,2019-08-16,18,11
QLD,2019-08-17,17,11
QLD,2019-08-18,18,11
QLD,2019-08-19,18,13
QLD,2019-08-20,6,11
QLD,2019-08-21,6,12
QLD,2019-08-22,19,12
QLD,2019-08-23,6,10
QLD,2019-08-24,18,13
QLD,2019-08-25,18,11
QLD,2019-08-26,18,11
QLD,2019-08-27,18,11
QLD,2019-08-28,18,13
QLD,2019-08-29,7,12
QLD,2019-08-30,18,9
QLD,2019-08-31,18,11
QLD,2019-09-01,18,12
QLD,2019-09-02,17,11
QLD,2019-09-03,18,10
QLD,2019-09-04,18,10
QLD,2019-09-05,18,11
QLD,2019-09-06,6,10
QLD,2019-09-07,18,12
QLD,2019-09-08,18,12
QLD,2019-09-09,18,12
QLD,2019-09-10,6,11
QLD,2019-09-11,18,8
QLD,2019-09-12,18,11
QLD,2019-09-13,18,9
QLD,2019-09-14,18,12
QLD,2019-09-15,18,11
QLD,2019-09-16,18,12
QLD,2019-09-17,6,16
QLD,2019-09-18,18,10
QLD,2019-09-19,6,10
QLD,2019-09-20,6,1
QLD,2019-09-21,18,12
QLD,2019-09-22,18,12
QLD,2019-09-23,18,12
QLD,2019-09-24,18,10
QLD,2019-09-25,9,3
QLD,2019-09-26,6,12
QLD,2019-09-27,6,9
QLD,2019-09-28,18,10
QLD,2019-09-29,18,12
QLD,2019-09-30,17,20
QLD,2019-10-01,18,9
QLD,2019-10-02,18,12
QLD,2019-10-03,18,12
QLD,2019-10-04,18,12
QLD,2019-10-05,18,7
QLD,2019-10-06,18,11
QLD,2019-10-07,18,8
QLD,2019-10-08,18,9
QLD,2019-10-09,18,7
QLD,2019-10-10,18,7
QLD,2019-10-11,18,4
QLD,2019-10-12,18,13
QLD,2019-10-13,18,14
QLD,2019-10-14,18,10
QLD,2019-10-15,6,13
QLD,2019-10-16,6,11
QLD,2019-10-17,19,10
QLD,2019-10-18,19,10
QLD,2019-10-19,18,12
QLD,2019-10-20,18,12
QLD,2019-10-21,18,7
QLD,2019-10-22,5,8
QLD,2019-10-23,18,7
QLD,2019-10-24,18,7
QLD,2019-10-25,5,13
QLD,2019-10-26,18,10
QLD,2019-10-27,18,10
QLD,2019-10-28,18,13
QLD,2019-10-29,18,10
QLD,2019-10-30,6,12
QLD,2019-10-31,15,11
QLD,2019-11-01,12,0
QLD,2019-11-02,18,12
QLD,2019-11-03,18,7
QLD,2019-11-04,18,2
QLD,2019-11-05,18,11
QLD,2019-11-06,17,11
QLD,2019-11-07,18,7
QLD,2019-11-08,17,9
QLD,2019-11-09,19,7
QLD,2019-11-10,19,7
QLD,2019-11-11,18,12
QLD,2019-11-12,18,8
QLD,2019-11-13,18,8
QLD,2019-11-14,18,12
QLD,2019-11-15,15,7
QLD,2019-11-16,18,11
QLD,2019-11-17,18,11
QLD,2019-11-18,18,10
QLD,2019-11-19,18,9
QLD,2019-11-20,18,10
QLD,2019-11-21,13,2
QLD,2019-11-22,18,1
QLD,2019-11-23,17,11
QLD,2019-11-24,18,7
QLD,2019-11-25,18,3
QLD,2019-11-26,18,12
QLD,2019-11-27,18,9
QLD,2019-11-28,18,3
QLD,2019-11-29,19,12
QLD,2019-11-30,17,11
QLD,2019-12-01,17,9
QLD,2019-12-02,16,8
QLD,2019-12-03,18,3
QLD,2019-12-04,19,8
QLD,2019-12-05,18,10
QLD,2019-12-06,19,1
QLD,2019-12-07,18,7
QLD,2019-12-08,18,6
QLD,2019-12-09,18,3
QLD,2019-12-10,17,7
QLD,2019-12-11,14,23
QLD,2019-12-12,17,8
QLD,2019-12-13,18,1
QLD,2019-12-14,17,3
QLD,2019-12-15,18,11
QLD,2019-12-16,18,7
QLD,2019-12-17,5,8
QLD,2019-12-18,18,7
QLD,2019-12-19,14,7
QLD,2019-12-20,18,3
QLD,2019-12-21,18,8
QLD,2019-12-22,19,7
QLD,2019-12-23,17,2
QLD,2019-12-24,18,11
QLD,2019-12-25,18,15
QLD,2019-12-26,18,7
QLD,2019-12-27,19,6
QLD,2019-12-28,17,9
QLD,2019-12-29,18,10
QLD,2019-12-30,17,7
QLD,2019-12-31,16,8
QLD,2020-01-01,19,8
QLD,2020-01-02,18,1
QLD,2020-01-03,18,7
QLD,2020-01-04,15,6
QLD,2020-01-05,18,9
QLD,2020-01-06,18,1
QLD,2020-01-07,3,4
QLD,2020-01-08,18,1
QLD,2020-01-09,19,1
QLD,2020-01-10,17,2
QLD,2020-01-11,19,10
QLD,2020-01-12,19,10
QLD,2020-01-13,19,1
QLD,2020-01-14,19,3
QLD,2020-01-15,19,2
QLD,2020-01-16,19,1
QLD,2020-01-17,19,2
QLD,2020-01-18,19,10
QLD,2020-01-19,19,7
QLD,2020-01-20,13,1
QLD,2020-01-21,13,10
QLD,2020-01-22,16,3
QLD,2020-01-23,18,3
QLD,2020-01-24,16,1
QLD,2020-01-25,18,6
QLD,2020-01-26,17,7
QLD,2020-01-27,17,7
QLD,2020-01-28,18,2
QLD,2020-01-29,15,23
QLD,2020-01-30,17,3
QLD,2020-01-31,16,14
QLD,2020-02-01,19,7
QLD,2020-02-02,18,8
QLD,2020-02-03,18,1
QLD,2020-02-04,6,11
QLD,2020-02-05,19,1
QLD,2020-02-06,18,2
QLD,2020-02-07,6,2
QLD,2020-02-08,18,3
QLD,2020-02-09,18,1
QLD,2020-02-10,15,1
QLD,2020-02-11,19,1
QLD,2020-02-12,18,3
QLD,2020-02-13,18,3
QLD,2020-02-14,19,8
QLD,2020-02-15,18,7
QLD,2020-02-16,18,7
QLD,2020-02-17,15,2
QLD,2020-02-18,12,4
QLD,2020-02-19,19,8
QLD,2020-02-20,18,7
QLD,2020-02-21,6,3
QLD,2020-02-22,19,8
QLD,2020-02-23,18,7
QLD,2020-02-24,18,2
QLD,2020-02-25,17,1
QLD,2020-02-26,18,2
QLD,2020-02-27,18,10
QLD,2020-02-28,18,1
QLD,2020-02-29,18,7
QLD,2020-03-01,17,8
QLD,2020-03-02,18,2
QLD,2020-03-03,18,2
QLD,2020-03-04,18,23
QLD,2020-03-05,18,2
QLD,2020-03-06,18,3
QLD,2020-03-07,15,23
QLD,2020-03-08,18,3
QLD,2020-03-09,6,2
QLD,2020-03-10,18,2
QLD,2020-03-11,18,11
QLD,2020-03-12,18,8
QLD,2020-03-13,18,8
QLD,2020-03-14,18,8
QLD,2020-03-15,17,8
QLD,2020-03-16,18,10
QLD,2020-03-17,17,9
QLD,2020-03-18,18,13
QLD,2020-03-19,17,10
QLD,2020-03-20,18,8
QLD,2020-03-21,18,10
QLD,2020-03-22,17,11
QLD,2020-03-23,17,3
QLD,2020-03-24,17,8
QLD,2020-03-25,18,12
QLD,2020-03-26,18,8
QLD,2020-03-27,17,8
QLD,2020-03-28,18,8
QLD,2020-03-29,18,3
QLD,2020-03-30,17,8
QLD,2020-03-31,17,10
QLD,2020-04-01,17,9
QLD,2020-04-02,18,1
QLD,2020-04-03,17,8
QLD,2020-04-04,18,10
QLD,2020-04-05,18,10
QLD,2020-04-06,18,8
QLD,2020-04-07,18,9
QLD,2020-04-08,18,9
QLD,2020-04-09,18,3
QLD,2020-04-10,17,14
QLD,2020-04-11,17,10
QLD,2020-04-12,17,10
QLD,2020-04-13,18,10
QLD,2020-04-14,18,11
QLD,2020-04-15,17,12
QLD,2020-04-16,18,11
QLD,2020-04-17,18,3
QLD,2020-04-18,18,10
QLD,2020-04-19,17,12
QLD,2020-04-20,18,10
QLD,2020-04-21,18,11
QLD,2020-04-22,17,11
QLD,2020-04-23,17,9
QLD,2020-04-24,18,10
QLD,2020-04-25,17,11
QLD,2020-04-26,18,11
QLD,2020-04-27,17,10
QLD,2020-04-28,17,21
QLD,2020-04-29,17,3
QLD,2020-04-30,17,12
QLD,2020-05-01,17,11
QLD,2020-05-02,17,11
QLD,2020-05-03,22,11
QLD,2020-05-04,17,10
QLD,2020-05-05,17,10
QLD,2020-05-06,17,10
QLD,2020-05-07,17,10
QLD,2020-05-08,17,11
QLD,2020-05-09,17,10
QLD,2020-05-10,17,12
QLD,2020-05-11,17,11
QLD,2020-05-12,17,11
QLD,2020-05-13,17,10
QLD,2020-05-14,18,10
QLD,2020-05-15,17,10
QLD,2020-05-16,17,9
QLD,2020-05-17,17,8
QLD,2020-05-18,17,12
QLD,2020-05-19,17,11
QLD,2020-05-20,17,3
QLD,2020-05-21,16,4
QLD,2020-05-22,17,11
QLD,2020-05-23,9,4
QLD,2020-05-24,17,3
QLD,2020-05-25,17,3
QLD,2020-05-26,17,12
QLD,2020-05-27,17,3
QLD,2020-05-28,17,10
QLD,2020-05-29,17,11
QLD,2020-05-30,17,10
QLD,2020-05-31,17,13
QLD,2020-06-01,6,11
QLD,2020-06-02,17,11
QLD,2020-06-03,17,11
QLD,2020-06-04,18,10
QLD,2020-06-05,17,11
QLD,2020-06-06,17,11
QLD,2020-06-07,17,11
QLD,2020-06-08,17,10
QLD,2020-06-09,17,10
QLD,2020-06-10,7,10
QLD,2020-06-11,17,11
QLD,2020-06-12,17,12
QLD,2020-06-13,17,4
QLD,2020-06-14,17,3
QLD,2020-06-15,17,3
QLD,2020-06-16,17,3
QLD,2020-06-17,17,9
QLD,2020-06-18,17,8
QLD,2020-06-19,17,9
QLD,2020-06-20,17,13
QLD,2020-06-21,18,10
QLD,2020-06-22,17,11
QLD,2020-06-23,17,12
QLD,2020-06-24,17,11
QLD,2020-06-25,6,11
QLD,2020-06-26,7,11
QLD,2020-06-27,17,12
QLD,2020-06-28,17,10
QLD,2020-06-29,17,12
QLD,2020-06-30,7,3
QLD,2020-07-01,17,10
QLD,2020-07-02,18,14
QLD,2020-07-03,7,9
QLD,2020-07-04,17,11
QLD,2020-07-05,18,11
QLD,2020-07-06,17,11
QLD,2020-07-07,17,12
QLD,2020-07-08,17,10
QLD,2020-07-09,17,4
QLD,2020-07-10,17,12
QLD,2020-07-11,18,10
QLD,2020-07-12,18,3
QLD,2020-07-13,17,2
QLD,2020-07-14,7,12
QLD,2020-07-15,18,12
QLD,2020-07-16,17,12
QLD,2020-07-17,17,12
QLD,2020-07-18,17,11
QLD,2020-07-19,17,12
QLD,2020-07-20,6,12
QLD,2020-07-21,17,12
QLD,2020-07-22,17,3
QLD,2020-07-23,18,12
QLD,2020-07-24,18,14
QLD,2020-07-25,18,7
QLD,2020-07-26,17,14
QLD,2020-07-27,17,12
QLD,2020-07-28,18,8
QLD,2020-07-29,17,11
QLD,2020-07-30,18,10
QLD,2020-07-31,17,11
QLD,2020-08-01,18,13
QLD,2020-08-02,17,14
QLD,2020-08-03,18,13
QLD,2020-08-04,18,13
QLD,2020-08-05,18,3
QLD,2020-08-06,18,11
QLD,2020-08-07,13,3
QLD,2020-08-08,18,14
QLD,2020-08-09,18,10
QLD,2020-08-10,18,13
QLD,2020-08-11,17,11
QLD,2020-08-12,17,13
QLD,2020-08-13,18,11
QLD,2020-08-14,15,11
QLD,2020-08-15,18,13
QLD,2020-08-16,18,10
QLD,2020-08-17,18,11
QLD,2020-08-18,18,11
QLD,2020-08-19,18,11
QLD,2020-08-20,18,12
QLD,2020-08-21,18,10
QLD,2020-08-22,18,12
QLD,2020-08-23,18,12
QLD,2020-08-24,18,11
QLD,2020-08-25,18,12
QLD,2020-08-26,18,11
QLD,2020-08-27,18,11
QLD,2020-08-28,18,11
QLD,2020-08-29,18,13
QLD,2020-08-30,18,12
QLD,2020-08-31,18,11
QLD,2020-09-01,18,11
QLD,2020-09-02,18,12
QLD,2020-09-03,18,10
QLD,2020-09-04,18,11
QLD,2020-09-05,18,10
QLD,2020-09-06,18,13
QLD,2020-09-07,18,10
QLD,2020-09-08,18,3
QLD,2020-09-09,18,12
QLD,2020-09-10,17,8
QLD,2020-09-11,18,8
QLD,2020-09-12,18,10
QLD,2020-09-13,18,13
QLD,2020-09-14,18,11
QLD,2020-09-15,18,10
QLD,2020-09-16,18,8
QLD,2020-09-17,18,11
QLD,2020-09-18,18,11
QLD,2020-09-19,18,10
QLD,2020-09-20,18,13
QLD,2020-09-21,17,10
QLD,2020-09-22,18,10
QLD,2020-09-23,18,11
QLD,2020-09-24,18,12
QLD,2020-09-25,18,11
QLD,2020-09-26,18,6
QLD,2020-09-27,18,10
QLD,2020-09-28,18,8
QLD,2020-09-29,18,7
QLD,2020-09-30,17,7
QLD,2020-10-01,18,11
QLD,2020-10-02,17,10
QLD,2020-10-03,18,7
QLD,2020-10-04,17,11
QLD,2020-10-05,17,8
QLD,2020-10-06,18,13
QLD,2020-10-07,22,12
QLD,2020-10-08,18,8
QLD,2020-10-09,18,10
QLD,2020-10-10,18,12
QLD,2020-10-11,18,7
QLD,2020-10-12,18,13
QLD,2020-10-13,9,15
QLD,2020-10-14,5,9
QLD,2020-10-15,18,11
QLD,2020-10-16,16,8
QLD,2020-10-17,2,11
QLD,2020-10-18,18,7
QLD,2020-10-19,18,10
QLD,2020-10-20,18,8
QLD,2020-10-21,18,8
QLD,2020-10-22,20,15
QLD,2020-10-23,19,12
QLD,2020-10-24,19,1
QLD,2020-10-25,17,8
QLD,2020-10-26,16,2
QLD,2020-10-27,14,0
QLD,2020-10-28,15,8
QLD,2020-10-29,19,9
QLD,2020-10-30,5,12
QLD,2020-10-31,18,8
QLD,2020-11-01,18,12
QLD,2020-11-02,18,8
QLD,2020-11-03,17,15
QLD,2020-11-04,18,8
QLD,2020-11-05,18,8
QLD,2020-11-06,18,12
QLD,2020-11-07,18,8
QLD,2020-11-08,18,6
QLD,2020-11-09,18,8
QLD,2020-11-10,18,8
QLD,2020-11-11,18,7
QLD,2020-11-12,19,8
QLD,2020-11-13,18,13
QLD,2020-11-14,19,8
QLD,2020-11-15,18,8
QLD,2020-11-16,13,7
QLD,2020-11-17,13,8
QLD,2020-11-18,18,10
QLD,2020-11-19,17,7
QLD,2020-11-20,22,14
QLD,2020-11-21,18,11
QLD,2020-11-22,18,10
QLD,2020-11-23,15,8
QLD,2020-11-24,14,11
QLD,2020-11-25,17,6
QLD,2020-11-26,16,11
QLD,2020-11-27,18,13
QLD,2020-11-28,18,11
QLD,2020-11-29,18,6
QLD,2020-11-30,15,7
QLD,2020-12-01,16,12
QLD,2020-12-02,11,16
QLD,2020-12-03,18,12
QLD,2020-12-04,20,7
QLD,2020-12-05,18,6
QLD,2020-12-06,18,7
QLD,2020-12-07,8,1
QLD,2020-12-08,7,12
QLD,2020-12-09,15,8
QLD,2020-12-10,18,10
QLD,2020-12-11,19,7
QLD,2020-12-12,19,6
QLD,2020-12-13,19,7
QLD,2020-12-14,16,2
QLD,2020-12-15,18,7
QLD,2020-12-16,13,2
QLD,2020-12-17,14,8
QLD,2020-12-18,13,11
QLD,2020-12-19,16,12
QLD,2020-12-20,16,6
QLD,2020-12-21,18,1
QLD,2020-12-22,18,23
QLD,2020-12-23,18,7
QLD,2020-12-24,18,7
QLD,2020-12-25,19,12
QLD,2020-12-26,19,11
QLD,2020-12-27,18,9
QLD,2020-12-28,18,8
QLD,2020-12-29,18,7
QLD,2020-12-30,18,6
QLD,2020-12-31,19,13
QLD,2021-01-01,19,6
QLD,2021-01-02,19,12
QLD,2021-01-03,18,13
QLD,2021-01-04,17,3
QLD,2021-01-05,14,7
QLD,2021-01-06,16,6
QLD,2021-01-07,8,16
QLD,2021-01-08,18,1
QLD,2021-01-09,19,10
QLD,2021-01-10,18,10
QLD,2021-01-11,18,3
QLD,2021-01-12,18,2
QLD,2021-01-13,18,7
QLD,2021-01-14,19,9
QLD,2021-01-15,18,10
QLD,2021-01-16,19,8
QLD,2021-01-17,18,8
QLD,2021-01-18,13,3
QLD,2021-01-19,18,11
QLD,2021-01-20,19,3
QLD,2021-01-21,18,3
QLD,2021-01-22,18,10
QLD,2021-01-23,18,12
QLD,2021-01-24,16,7
QLD,2021-01-25,19,7
QLD,2021-01-26,18,7
QLD,2021-01-27,18,13
QLD,2021-01-28,19,11
QLD,2021-01-29,8,2
QLD,2021-01-30,18,12
QLD,2021-01-31,19,7
QLD,2021-02-01,18,3
QLD,2021-02-02,18,8
QLD,2021-02-03,18,11
QLD,2021-02-04,18,8
QLD,2021-02-05,18,1
QLD,2021-02-06,18,7
QLD,2021-02-07,17,7
QLD,2021-02-08,12,15
QLD,2021-02-09,18,2
QLD,2021-02-10,18,2
QLD,2021-02-11,18,8
QLD,2021-02-12,18,2
QLD,2021-02-13,18,10
QLD,2021-02-14,17,8
QLD,2021-02-15,18,2
QLD,2021-02-16,18,7
QLD,2021-02-17,18,2
QLD,2021-02-18,18,2
QLD,2021-02-19,18,2
QLD,2021-02-20,17,11
QLD,2021-02-21,18,9
QLD,2021-02-22,18,10
QLD,2021-02-23,16,2
QLD,2021-02-24,18,2
QLD,2021-02-25,22,14
QLD,2021-02-26,17,7
QLD,2021-02-27,15,7
QLD,2021-02-28,18,8
QLD,2021-03-01,7,21
QLD,2021-03-02,19,10
QLD,2021-03-03,6,14
QLD,2021-03-04,18,11
QLD,2021-03-05,18,11
QLD,2021-03-06,18,8
QLD,2021-03-07,18,11
QLD,2021-03-08,17,8
QLD,2021-03-09,18,10
QLD,2021-03-10,5,9
QLD,2021-03-11,18,2
QLD,2021-03-12,17,8
QLD,2021-03-13,18,10
QLD,2021-03-14,18,8
QLD,2021-03-15,6,23
QLD,2021-03-16,13,9
QLD,2021-03-17,18,15
QLD,2021-03-18,18,10
QLD,2021-03-19,14,8
QLD,2021-03-20,15,10
QLD,2021-03-21,13,3
QLD,2021-03-22,6,1
QLD,2021-03-23,6,1
QLD,2021-03-24,6,10
QLD,2021-03-25,18,10
QLD,2021-03-26,5,10
QLD,2021-03-27,18,11
QLD,2021-03-28,18,9
QLD,2021-03-29,18,8
QLD,2021-03-30,18,10
QLD,2021-03-31,17,10
QLD,2021-04-01,17,8
QLD,2021-04-02,18,10
QLD,2021-04-03,17,11
QLD,2021-04-04,17,8
QLD,2021-04-05,18,8
QLD,2021-04-06,17,21
QLD,2021-04-07,17,13
QLD,2021-04-08,20,23
QLD,2021-04-09,14,10
QLD,2021-04-10,17,11
QLD,2021-04-11,18,11
QLD,2021-04-12,17,11
QLD,2021-04-13,17,8
QLD,2021-04-14,18,10
QLD,2021-04-15,17,11
QLD,2021-04-16,17,10
QLD,2021-04-17,18,7
QLD,2021-04-18,19,10
QLD,2021-04-19,18,11
QLD,2021-04-20,6,12
QLD,2021-04-21,18,11
QLD,2021-04-22,6,10
QLD,2021-04-23,18,12
QLD,2021-04-24,17,11
QLD,2021-04-25,18,10
QLD,2021-04-26,18,11
QLD,2021-04-27,18,8
QLD,2021-04-28,6,8
QLD,2021-04-29,17,8
QLD,2021-04-30,17,6
QLD,2021-05-01,17,8
QLD,2021-05-02,20,7
QLD,2021-05-03,16,8
QLD,2021-05-04,17,11
QLD,2021-05-05,17,4
QLD,2021-05-06,17,11
QLD,2021-05-07,14,9
QLD,2021-05-08,15,11
QLD,2021-05-09,18,12
QLD,2021-05-10,16,13
QLD,2021-05-11,18,10
QLD,2021-05-12,17,11
QLD,2021-05-13,17,12
QLD,2021-05-14,16,11
QLD,2021-05-15,17,12
QLD,2021-05-16,18,11
QLD,2021-05-17,17,12
QLD,2021-05-18,17,11
QLD,2021-05-19,17,9
QLD,2021-05-20,20,9
QLD,2021-05-21,16,10
QLD,2021-05-22,17,10
QLD,2021-05-23,17,9
QLD,2021-05-24,17,10
QLD,2021-05-25,17,11
QLD,2021-05-26,17,12
QLD,2021-05-27,6,11
QLD,2021-05-28,7,10
QLD,2021-05-29,16,11
QLD,2021-05-30,18,11
QLD,2021-05-31,17,13
QLD,2021-06-01,17,3
QLD,2021-06-02,17,3
QLD,2021-06-03,18,4
QLD,2021-06-04,17,12
QLD,2021-06-05,17,11
QLD,2021-06-06,17,13
QLD,2021-06-07,6,12
QLD,2021-06-08,20,3
QLD,2021-06-09,17,13
QLD,2021-06-10,17,13
QLD,2021-06-11,7,17
QLD,2021-06-12,18,12
QLD,2021-06-13,22,13
QLD,2021-06-14,18,12
QLD,2021-06-15,9,11
QLD,2021-06-16,7,19
QLD,2021-06-17,18,12
QLD,2021-06-18,17,11
QLD,2021-06-19,18,11
QLD,2021-06-20,18,11
QLD,2021-06-21,17,11
QLD,2021-06-22,17,11
QLD,2021-06-23,17,11
QLD,2021-06-24,17,3
QLD,2021-06-25,16,3
QLD,2021-06-26,17,6
QLD,2021-06-27,17,11
QLD,2021-06-28,16,11
QLD,2021-06-29,17,23
QLD,2021-06-30,17,3
QLD,2021-07-01,15,3
QLD,2021-07-02,18,3
QLD,2021-07-03,10,4
QLD,2021-07-04,18,12
QLD,2021-07-05,22,12
QLD,2021-07-06,17,13
QLD,2021-07-07,17,11
QLD,2021-07-08,7,3
QLD,2021-07-09,9,13
QLD,2021-07-10,18,11
QLD,2021-07-11,18,19
QLD,2021-07-12,17,10
QLD,2021-07-13,7,12
QLD,2021-07-14,7,12
QLD,2021-07-15,17,3
QLD,2021-07-16,17,3
QLD,2021-07-17,18,11
QLD,2021-07-18,19,12
QLD,2021-07-19,7,23
QLD,2021-07-20,6,11
QLD,2021-07-21,18,11
QLD,2021-07-22,6,8
QLD,2021-07-23,7,3
QLD,2021-07-24,18,12
QLD,2021-07-25,18,12
QLD,2021-07-26,17,10
QLD,2021-07-27,17,11
QLD,2021-07-28,18,11
QLD,2021-07-29,18,11
QLD,2021-07-30,7,13
QLD,2021-07-31,18,13
QLD,2021-08-01,18,12
QLD,2021-08-02,17,11
QLD,2021-08-03,17,4
QLD,2021-08-04,18,12
QLD,2021-08-05,18,12
QLD,2021-08-06,18,11
QLD,2021-08-07,18,13
QLD,2021-08-08,18,10
QLD,2021-08-09,18,3
QLD,2021-08-10,18,10
QLD,2021-08-11,18,14
QLD,2021-08-12,18,12
QLD,2021-08-13,18,11
QLD,2021-08-14,0,11
QLD,2021-08-15,18,11
QLD,2021-08-16,17,11
QLD,2021-08-17,18,11
QLD,2021-08-18,18,8
QLD,2021-08-19,6,10
QLD,2021-08-20,17,11
QLD,2021-08-21,18,12
QLD,2021-08-22,18,11
QLD,2021-08-23,17,12
QLD,2021-08-24,8,13
QLD,2021-08-25,18,11
QLD,2021-08-26,18,10
QLD,2021-08-27,18,11
QLD,2021-08-28,18,11
QLD,2021-08-29,18,11
QLD,2021-08-30,18,11
QLD,2021-08-31,18,12
QLD,2021-09-01,17,12
QLD,2021-09-02,18,11
QLD,2021-09-03,18,10
QLD,2021-09-04,17,9
QLD,2021-09-05,16,10
QLD,2021-09-06,18,12
QLD,2021-09-07,18,13
QLD,2021-09-08,17,13
QLD,2021-09-09,18,12
QLD,2021-09-10,17,11
QLD,2021-09-11,18,13
QLD,2021-09-12,18,10
QLD,2021-09-13,18,10
QLD,2021-09-14,18,8
QLD,2021-09-15,18,9
QLD,2021-09-16,17,9
QLD,2021-09-17,18,13
QLD,2021-09-18,16,15
QLD,2021-09-19,16,11
QLD,2021-09-20,18,12
QLD,2021-09-21,17,12
QLD,2021-09-22,18,13
QLD,2021-09-23,18,10
QLD,2021-09-24,22,11
QLD,2021-09-25,18,10
QLD,2021-09-26,18,7
QLD,2021-09-27,18,8
QLD,2021-09-28,7,11
QLD,2021-09-29,9,3
QLD,2021-09-30,7,10
QLD,2021-10-01,10,12
QLD,2021-10-02,18,10
QLD,2021-10-03,0,10
QLD,2021-10-04,17,10
QLD,2021-10-05,18,8
QLD,2021-10-06,18,11
QLD,2021-10-07,17,11
QLD,2021-10-08,18,9
QLD,2021-10-09,18,11
QLD,2021-10-10,18,10
QLD,2021-10-11,14,9
QLD,2021-10-12,18,12
QLD,2021-10-13,22,9
QLD,2021-10-14,17,13
QLD,2021-10-15,8,11
QLD,2021-10-16,18,10
QLD,2021-10-17,18,12
QLD,2021-10-18,13,7
QLD,2021-10-19,18,9
QLD,2021-10-20,5,8
QLD,2021-10-21,16,8
QLD,2021-10-22,18,12
QLD,2021-10-23,18,10
QLD,2021-10-24,18,11
QLD,2021-10-25,17,8
QLD,2021-10-26,18,11
QLD,2021-10-27,18,10
QLD,2021-10-28,18,10
QLD,2021-10-29,18,3
QLD,2021-10-30,18,11
QLD,2021-10-31,18,13
QLD,2021-11-01,17,11
QLD,2021-11-02,0,12
QLD,2021-11-03,18,7
QLD,2021-11-04,18,13
QLD,2021-11-05,18,12
QLD,2021-11-06,17,7
QLD,2021-11-07,19,6
QLD,2021-11-08,9,12
QLD,2021-11-09,18,12
QLD,2021-11-10,15,10
QLD,2021-11-11,13,2
QLD,2021-11-12,6,2
QLD,2021-11-13,18,12
QLD,2021-11-14,19,10
QLD,2021-11-15,16,10
QLD,2021-11-16,18,11
QLD,2021-11-17,9,11
QLD,2021-11-18,16,10
QLD,2021-11-19,17,7
QLD,2021-11-20,22,8
QLD,2021-11-21,19,14
QLD,2021-11-22,18,13
QLD,2021-11-23,19,6
QLD,2021-11-24,16,11
QLD,2021-11-25,13,21
QLD,2021-11-26,7,11
QLD,2021-11-27,1,11
QLD,2021-11-28,18,7
QLD,2021-11-29,18,7
QLD,2021-11-30,14,1
QLD,2021-12-01,18,16
QLD,2021-12-02,17,7
QLD,2021-12-03,0,8
QLD,2021-12-04,18,12
QLD,2021-12-05,19,8
QLD,2021-12-06,18,8
QLD,2021-12-07,18,10
QLD,2021-12-08,15,10
QLD,2021-12-09,18,11
QLD,2021-12-10,18,8
QLD,2021-12-11,18,8
QLD,2021-12-12,18,8
QLD,2021-12-13,20,8
QLD,2021-12-14,18,11
QLD,2021-12-15,18,13
QLD,2021-12-16,19,9
QLD,2021-12-17,18,8
QLD,2021-12-18,19,7
QLD,2021-12-19,18,7
QLD,2021-12-20,18,7
QLD,2021-12-21,18,7
QLD,2021-12-22,16,10
QLD,2021-12-23,18,10
QLD,2021-12-24,18,7
QLD,2021-12-25,15,7
QLD,2021-12-26,18,11
QLD,2021-12-27,19,6
QLD,2021-12-28,18,7
QLD,2021-12-29,16,6
QLD,2021-12-30,19,12
QLD,2021-12-31,19,6
QLD,2022-01-01,19,7
QLD,2022-01-02,18,9
QLD,2022-01-03,19,9
QLD,2022-01-04,18,7
QLD,2022-01-05,18,6
QLD,2022-01-06,18,10
QLD,2022-01-07,18,2
QLD,2022-01-08,19,3
QLD,2022-01-09,18,7
QLD,2022-01-10,18,12
QLD,2022-01-11,18,13
QLD,2022-01-12,18,8
QLD,2022-01-13,18,7
QLD,2022-01-14,18,7
QLD,2022-01-15,18,7
QLD,2022-01-16,18,7
QLD,2022-01-17,17,2
QLD,2022-01-18,19,10
QLD,2022-01-19,12,2
QLD,2022-01-20,5,12
QLD,2022-01-21,18,9
QLD,2022-01-22,19,11
QLD,2022-01-23,18,7
QLD,2022-01-24,5,9
QLD,2022-01-25,14,3
QLD,2022-01-26,0,23
QLD,2022-01-27,18,3
QLD,2022-01-28,18,10
QLD,2022-01-29,18,8
QLD,2022-01-30,18,7
QLD,2022-01-31,18,7
QLD,2022-02-01,18,21
QLD,2022-02-02,18,7
QLD,2022-02-03,14,23
QLD,2022-02-04,18,11
QLD,2022-02-05,19,9
QLD,2022-02-06,18,11
QLD,2022-02-07,18,9
QLD,2022-02-08,18,10
QLD,2022-02-09,18,9
QLD,2022-02-10,18,10
QLD,2022-02-11,18,8
QLD,2022-02-12,18,8
QLD,2022-02-13,18,8
QLD,2022-02-14,19,8
QLD,2022-02-15,18,8
QLD,2022-02-16,18,9
QLD,2022-02-17,18,16
QLD,2022-02-18,0,10
QLD,2022-02-19,18,12
QLD,2022-02-20,17,8
QLD,2022-02-21,14,8
QLD,2022-02-22,18,14
QLD,2022-02-23,18,10
QLD,2022-02-24,18,14
QLD,2022-02-25,9,23
QLD,2022-02-26,18,16
QLD,2022-02-27,18,7
QLD,2022-02-28,18,14
QLD,2022-03-01,18,13
QLD,2022-03-02,18,12
QLD,2022-03-03,22,12
QLD,2022-03-04,18,7
QLD,2022-03-05,18,7
QLD,2022-03-06,14,7
QLD,2022-03-07,18,12
QLD,2022-03-08,18,9
QLD,2022-03-09,3,12
QLD,2022-03-10,18,10
QLD,2022-03-11,17,8
QLD,2022-03-12,18,7
QLD,2022-03-13,18,7
QLD,2022-03-14,18,9
QLD,2022-03-15,18,9
QLD,2022-03-16,18,8
QLD,2022-03-17,17,8
QLD,2022-03-18,6,8
QLD,2022-03-19,18,8
QLD,2022-03-20,18,11
QLD,2022-03-21,18,11
QLD,2022-03-22,18,10
QLD,2022-03-23,18,11
QLD,2022-03-24,16,8
QLD,2022-03-25,15,10
QLD,2022-03-26,18,8
QLD,2022-03-27,18,8
QLD,2022-03-28,18,0
QLD,2022-03-29,0,13
QLD,2022-03-30,17,8
QLD,2022-03-31,17,8
QLD,2022-04-01,18,10
QLD,2022-04-02,1,11
QLD,2022-04-03,18,11
QLD,2022-04-04,16,10
QLD,2022-04-05,17,10
QLD,2022-04-06,16,8
QLD,2022-04-07,17,8
QLD,2022-04-08,17,10
QLD,2022-04-09,18,9
QLD,2022-04-10,17,8
QLD,2022-04-11,17,10
QLD,2022-04-12,17,9
QLD,2022-04-13,17,8
QLD,2022-04-14,18,8
QLD,2022-04-15,17,12
QLD,2022-04-16,18,10
QLD,2022-04-17,17,12
QLD,2022-04-18,17,10
QLD,2022-04-19,17,8
QLD,2022-04-20,18,2
QLD,2022-04-21,15,8
QLD,2022-04-22,7,11
QLD,2022-04-23,17,12
QLD,2022-04-24,18,8
QLD,2022-04-25,17,10
QLD,2022-04-26,17,3
QLD,2022-04-27,17,12
QLD,2022-04-28,17,11
QLD,2022-04-29,6,12
QLD,2022-04-30,21,14
QLD,2022-05-01,0,14
QLD,2022-05-02,18,10
QLD,2022-05-03,17,10
QLD,2022-05-04,17,10
QLD,2022-05-05,17,9
QLD,2022-05-06,6,11
QLD,2022-05-07,17,11
QLD,2022-05-08,17,12
QLD,2022-05-09,17,3
QLD,2022-05-10,17,4
QLD,2022-05-11,15,5
QLD,2022-05-12,17,4
QLD,2022-05-13,17,3
QLD,2022-05-14,17,5
QLD,2022-05-15,17,14
QLD,2022-05-16,17,3
QLD,2022-05-17,15,10
QLD,2022-05-18,17,12
QLD,2022-05-19,17,11
QLD,2022-05-20,17,3
QLD,2022-05-21,14,2
QLD,2022-05-22,17,4
QLD,2022-05-23,17,11
QLD,2022-05-24,17,10
QLD,2022-05-25,17,3
QLD,2022-05-26,17,11
QLD,2022-05-27,17,10
QLD,2022-05-28,17,10
QLD,2022-05-29,18,11
QLD,2022-05-30,17,23
QLD,2022-05-31,17,12
QLD,2022-06-01,20,10
QLD,2022-06-02,17,10
QLD,2022-06-03,7,23
QLD,2022-06-04,17,12
QLD,2022-06-05,17,11
QLD,2022-06-06,18,11
QLD,2022-06-07,7,2
QLD,2022-06-08,17,12
QLD,2022-06-09,7,12
QLD,2022-06-10,17,13
QLD,2022-06-11,16,12
QLD,2022-06-12,17,12
QLD,2022-06-13,22,12
QLD,2022-06-14,6,10
QLD,2022-06-15,21,14
QLD,2022-06-16,7,10
QLD,2022-06-17,7,11
QLD,2022-06-18,22,11
QLD,2022-06-19,22,11
QLD,2022-06-20,19,11
QLD,2022-06-21,6,11
QLD,2022-06-22,7,12
QLD,2022-06-23,7,11
QLD,2022-06-24,7,12
QLD,2022-06-25,17,12
QLD,2022-06-26,17,11
QLD,2022-06-27,18,12
QLD,2022-06-28,17,11
QLD,2022-06-29,16,11
QLD,2022-06-30,7,2
QLD,2022-07-01,15,4
QLD,2022-07-02,8,23
QLD,2022-07-03,17,12
QLD,2022-07-04,17,3
QLD,2022-07-05,9,2
QLD,2022-07-06,17,12
QLD,2022-07-07,7,12
QLD,2022-07-08,20,11
QLD,2022-07-09,17,12
QLD,2022-07-10,18,12
QLD,2022-07-11,17,12
QLD,2022-07-12,17,11
QLD,2022-07-13,20,11
QLD,2022-07-14,17,13
QLD,2022-07-15,7,11
QLD,2022-07-16,4,11
QLD,2022-07-17,18,12
QLD,2022-07-18,17,11
QLD,2022-07-19,17,11
QLD,2022-07-20,7,10
QLD,2022-07-21,7,13
QLD,2022-07-22,17,12
QLD,2022-07-23,17,12
QLD,2022-07-24,18,13
QLD,2022-07-25,18,10
QLD,2022-07-26,6,13
QLD,2022-07-27,18,11
QLD,2022-07-28,7,12
QLD,2022-07-29,7,13
QLD,2022-07-30,17,13
QLD,2022-07-31,18,11
QLD,2022-08-01,7,3
QLD,2022-08-02,18,12
QLD,2022-08-03,7,13
QLD,2022-08-04,18,13
QLD,2022-08-05,22,12
QLD,2022-08-06,17,13
QLD,2022-08-07,18,11
QLD,2022-08-08,17,10
QLD,2022-08-09,17,11
QLD,2022-08-10,6,12
QLD,2022-08-11,18,2
QLD,2022-08-12,17,3
QLD,2022-08-13,18,12
QLD,2022-08-14,20,13
QLD,2022-08-15,20,12
QLD,2022-08-16,6,12
QLD,2022-08-17,6,12
QLD,2022-08-18,18,12
QLD,2022-08-19,17,13
QLD,2022-08-20,20,12
QLD,2022-08-21,0,12
QLD,2022-08-22,18,10
QLD,2022-08-23,18,11
QLD,2022-08-24,18,11
QLD,2022-08-25,18,12
QLD,2022-08-26,6,10
QLD,2022-08-27,0,10
QLD,2022-08-28,17,11
QLD,2022-08-29,15,11
QLD,2022-08-30,14,1
QLD,2022-08-31,18,10
QLD,2022-09-01,18,8
QLD,2022-09-02,22,3
QLD,2022-09-03,8,12
QLD,2022-09-04,18,8
QLD,2022-09-05,18,9
QLD,2022-09-06,18,10
QLD,2022-09-07,18,9
QLD,2022-09-08,18,10
QLD,2022-09-09,18,12
QLD,2022-09-10,18,11
QLD,2022-09-11,18,12
QLD,2022-09-12,23,10
QLD,2022-09-13,18,12
QLD,2022-09-14,18,9
QLD,2022-09-15,15,8
QLD,2022-09-16,18,10
QLD,2022-09-17,18,12
QLD,2022-09-18,18,12
QLD,2022-09-19,18,12
QLD,2022-09-20,18,12
QLD,2022-09-21,12,11
QLD,2022-09-22,18,12
QLD,2022-09-23,0,14
QLD,2022-09-24,18,11
QLD,2022-09-25,18,11
QLD,2022-09-26,18,11
QLD,2022-09-27,17,11
QLD,2022-09-28,17,10
QLD,2022-09-29,18,14
QLD,2022-09-30,17,10
QLD,2022-10-01,18,8
QLD,2022-10-02,18,12
QLD,2022-10-03,18,13
QLD,2022-10-04,5,13
QLD,2022-10-05,18,9
QLD,2022-10-06,18,8
QLD,2022-10-07,18,8
QLD,2022-10-08,18,8
QLD,2022-10-09,18,12
QLD,2022-10-10,5,9
QLD,2022-10-11,18,8
QLD,2022-10-12,18,7
QLD,2022-10-13,18,13
QLD,2022-10-14,19,11
QLD,2022-10-15,18,12
QLD,2022-10-16,18,8
QLD,2022-10-17,18,14
QLD,2022-10-18,18,10
QLD,2022-10-19,18,1
QLD,2022-10-20,18,10
QLD,2022-10-21,10,14
QLD,2022-10-22,18,9
QLD,2022-10-23,20,12
QLD,2022-10-24,18,10
QLD,2022-10-25,18,11
QLD,2022-10-26,18,10
QLD,2022-10-27,18,10
QLD,2022-10-28,17,10
QLD,2022-10-29,19,13
QLD,2022-10-30,18,11
QLD,2022-10-31,17,8
QLD,2022-11-01,9,13
QLD,2022-11-02,17,9
QLD,2022-11-03,18,9
QLD,2022-11-04,4,8
QLD,2022-11-05,18,7
QLD,2022-11-06,18,10
QLD,2022-11-07,18,8
QLD,2022-11-08,18,11
QLD,2022-11-09,18,10
QLD,2022-11-10,18,10
QLD,2022-11-11,18,10
QLD,2022-11-12,18,10
QLD,2022-11-13,18,11
QLD,2022-11-14,18,10
QLD,2022-11-15,18,12
QLD,2022-11-16,19,11
QLD,2022-11-17,18,13
QLD,2022-11-18,19,11
QLD,2022-11-19,19,10
QLD,2022-11-20,16,11
QLD,2022-11-21,17,12
QLD,2022-11-22,18,10
QLD,2022-11-23,19,10
QLD,2022-11-24,19,12
QLD,2022-11-25,18,9
QLD,2022-11-26,19,11
QLD,2022-11-27,18,11
QLD,2022-11-28,22,9
QLD,2022-11-29,18,12
QLD,2022-11-30,19,11
QLD,2022-12-01,19,11
QLD,2022-12-02,19,7
QLD,2022-12-03,18,11
QLD,2022-12-04,18,10
QLD,2022-12-05,18,8
QLD,2022-12-06,18,8
QLD,2022-12-07,18,8
QLD,2022-12-08,18,11
QLD,2022-12-09,18,12
QLD,2022-12-10,18,13
QLD,2022-12-11,18,9
QLD,2022-12-12,18,9
QLD,2022-12-13,18,13
QLD,2022-12-14,18,12
QLD,2022-12-15,19,12
QLD,2022-12-16,19,10
QLD,2022-12-17,18,13
QLD,2022-12-18,19,9
QLD,2022-12-19,19,11
QLD,2022-12-20,1,9
QLD,2022-12-21,18,8
QLD,2022-12-22,18,9
QLD,2022-12-23,18,11
QLD,2022-12-24,18,8
QLD,2022-12-25,0,10
QLD,2022-12-26,22,13
QLD,2022-12-27,18,14
QLD,2022-12-28,18,11
QLD,2022-12-29,18,7
QLD,2022-12-30,18,12
QLD,2022-12-31,18,9
QLD,2023-01-01,18,7
QLD,2023-01-02,19,10
QLD,2023-01-03,18,10
QLD,2023-01-04,19,11
QLD,2023-01-05,0,12
QLD,2023-01-06,19,13
QLD,2023-01-07,18,11
QLD,2023-01-08,18,10
QLD,2023-01-09,18,11
QLD,2023-01-10,18,10
QLD,2023-01-11,18,10
QLD,2023-01-12,19,11
QLD,2023-01-13,16,7
QLD,2023-01-14,18,6
QLD,2023-01-15,18,11
QLD,2023-01-16,18,2
QLD,2023-01-17,20,10
QLD,2023-01-18,5,16
QLD,2023-01-19,18,8
QLD,2023-01-20,19,12
QLD,2023-01-21,18,8
QLD,2023-01-22,19,8
QLD,2023-01-23,18,8
QLD,2023-01-24,15,11
QLD,2023-01-25,18,9
QLD,2023-01-26,17,8
QLD,2023-01-27,18,11
QLD,2023-01-28,17,8
QLD,2023-01-29,18,10
QLD,2023-01-30,18,10
QLD,2023-01-31,18,11
QLD,2023-02-01,18,11
QLD,2023-02-02,18,9
QLD,2023-02-03,15,10
QLD,2023-02-04,0,13
QLD,2023-02-05,18,10
QLD,2023-02-06,18,12
QLD,2023-02-07,18,7
QLD,2023-02-08,19,9
QLD,2023-02-09,20,12
QLD,2023-02-10,18,10
QLD,2023-02-11,18,10
QLD,2023-02-12,18,8
QLD,2023-02-13,18,8
QLD,2023-02-14,14,16
QLD,2023-02-15,18,9
QLD,2023-02-16,18,9
QLD,2023-02-17,18,8
QLD,2023-02-18,17,8
QLD,2023-02-19,18,8
QLD,2023-02-20,18,13
QLD,2023-02-21,6,23
QLD,2023-02-22,18,16
QLD,2023-02-23,18,14
QLD,2023-02-24,18,8
QLD,2023-02-25,18,9
QLD,2023-02-26,18,11
QLD,2023-02-27,18,8
QLD,2023-02-28,18,14
QLD,2023-03-01,18,9
QLD,2023-03-02,18,12
QLD,2023-03-03,18,8
QLD,2023-03-04,18,13
QLD,2023-03-05,17,10
QLD,2023-03-06,18,11
QLD,2023-03-07,18,10
QLD,2023-03-08,18,10
QLD,2023-03-09,18,12
QLD,2023-03-10,18,8
QLD,2023-03-11,18,10
QLD,2023-03-12,18,9
QLD,2023-03-13,17,12
QLD,2023-03-14,18,12
QLD,2023-03-15,18,11
QLD,2023-03-16,18,10
QLD,2023-03-17,17,10
QLD,2023-03-18,17,10
QLD,2023-03-19,17,10
QLD,2023-03-20,18,8
QLD,2023-03-21,18,11
QLD,2023-03-22,18,12
QLD,2023-03-23,17,10
QLD,2023-03-24,17,11
QLD,2023-03-25,17,8
QLD,2023-03-26,18,8
QLD,2023-03-27,18,9
QLD,2023-03-28,18,9
QLD,2023-03-29,8,16
QLD,2023-03-30,17,12
QLD,2023-03-31,18,10
QLD,2023-04-01,17,8
QLD,2023-04-02,18,11
QLD,2023-04-03,17,10
QLD,2023-04-04,17,10
QLD,2023-04-05,17,11
QLD,2023-04-06,17,9
QLD,2023-04-07,17,12
QLD,2023-04-08,18,12
QLD,2023-04-09,18,12
QLD,2023-04-10,17,11
QLD,2023-04-11,17,11
QLD,2023-04-12,17,12
QLD,2023-04-13,17,11
QLD,2023-04-14,17,11
QLD,2023-04-15,17,10
QLD,2023-04-16,17,10
QLD,2023-04-17,17,10
QLD,2023-04-18,17,10
QLD,2023-04-19,17,10
QLD,2023-04-20,17,10
QLD,2023-04-21,17,8
QLD,2023-04-22,0,10
QLD,2023-04-23,17,10
QLD,2023-04-24,17,12
QLD,2023-04-25,17,8
QLD,2023-04-26,17,9
QLD,2023-04-27,17,10
QLD,2023-04-28,17,9
QLD,2023-04-29,17,10
QLD,2023-04-30,17,11
QLD,2023-05-01,17,11
QLD,2023-05-02,17,11
QLD,2023-05-03,17,10
QLD,2023-05-04,17,10
QLD,2023-05-05,17,10
QLD,2023-05-06,17,10
QLD,2023-05-07,17,13
QLD,2023-05-08,18,12
QLD,2023-05-09,18,11
QLD,2023-05-10,17,10
QLD,2023-05-11,6,10
QLD,2023-05-12,17,9
QLD,2023-05-13,17,12
QLD,2023-05-14,17,9
QLD,2023-05-15,17,11
QLD,2023-05-16,17,10
QLD,2023-05-17,17,10
QLD,2023-05-18,17,10
QLD,2023-05-19,17,10
QLD,2023-05-20,17,12
QLD,2023-05-21,17,12
QLD,2023-05-22,17,11
QLD,2023-05-23,18,11
QLD,2023-05-24,17,10
QLD,2023-05-25,17,11
QLD,2023-05-26,17,12
QLD,2023-05-27,17,11
QLD,2023-05-28,17,12
QLD,2023-05-29,17,10
QLD,2023-05-30,17,11
QLD,2023-05-31,6,11
QLD,2023-06-01,17,10
QLD,2023-06-02,17,9
QLD,2023-06-03,17,10
QLD,2023-06-04,17,5
QLD,2023-06-05,17,4
QLD,2023-06-06,17,2
QLD,2023-06-07,17,9
QLD,2023-06-08,17,10
QLD,2023-06-09,17,11
QLD,2023-06-10,17,12
QLD,2023-06-11,17,10
QLD,2023-06-12,17,13
QLD,2023-06-13,17,14
QLD,2023-06-14,17,12
QLD,2023-06-15,17,11
QLD,2023-06-16,17,11
QLD,2023-06-17,19,10
QLD,2023-06-18,17,12
QLD,2023-06-19,6,11
QLD,2023-06-20,17,11
QLD,2023-06-21,17,10
QLD,2023-06-22,17,11
QLD,2023-06-23,17,12
QLD,2023-06-24,17,12
QLD,2023-06-25,17,13
QLD,2023-06-26,17,12
QLD,2023-06-27,17,11
QLD,2023-06-28,17,11
QLD,2023-06-29,17,10
QLD,2023-06-30,17,12
QLD,2023-07-01,17,11
QLD,2023-07-02,17,11
QLD,2023-07-03,17,3
QLD,2023-07-04,17,2
QLD,2023-07-05,17,11
QLD,2023-07-06,17,11
QLD,2023-07-07,6,12
QLD,2023-07-08,17,12
QLD,2023-07-09,17,12
QLD,2023-07-10,7,12
QLD,2023-07-11,18,11
QLD,2023-07-12,17,11
QLD,2023-07-13,7,12
QLD,2023-07-14,6,13
QLD,2023-07-15,17,13
QLD,2023-07-16,17,11
QLD,2023-07-17,18,11
QLD,2023-07-18,17,13
QLD,2023-07-19,17,11
QLD,2023-07-20,6,10
QLD,2023-07-21,17,11
QLD,2023-07-22,17,11
QLD,2023-07-23,18,12
QLD,2023-07-24,17,14
QLD,2023-07-25,18,12
QLD,2023-07-26,17,10
QLD,2023-07-27,6,13
QLD,2023-07-28,17,12
QLD,2023-07-29,17,11
QLD,2023-07-30,17,12
QLD,2023-07-31,6,12
QLD,2023-08-01,18,12
QLD,2023-08-02,6,10
QLD,2023-08-03,17,12
QLD,2023-08-04,6,13
QLD,2023-08-05,17,12
QLD,2023-08-06,18,8
QLD,2023-08-07,17,10
QLD,2023-08-08,17,10
QLD,2023-08-09,17,13
QLD,2023-08-10,6,10
QLD,2023-08-11,6,11
QLD,2023-08-12,20,11
QLD,2023-08-13,18,12
QLD,2023-08-14,17,11
QLD,2023-08-15,18,10
QLD,2023-08-16,6,10
QLD,2023-08-17,18,13
QLD,2023-08-18,18,14
QLD,2023-08-19,18,13
QLD,2023-08-20,18,13
QLD,2023-08-21,6,10
QLD,2023-08-22,17,9
QLD,2023-08-23,18,12
QLD,2023-08-24,18,10
QLD,2023-08-25,18,10
QLD,2023-08-26,18,14
QLD,2023-08-27,18,9
QLD,2023-08-28,18,10
QLD,2023-08-29,18,12
QLD,2023-08-30,17,9
QLD,2023-08-31,6,11
QLD,2023-09-01,18,12
QLD,2023-09-02,18,12
QLD,2023-09-03,18,12
QLD,2023-09-04,17,12
QLD,2023-09-05,18,11
QLD,2023-09-06,17,10
QLD,2023-09-07,17,13
QLD,2023-09-08,16,14
QLD,2023-09-09,18,14
QLD,2023-09-10,18,9
QLD,2023-09-11,18,9
QLD,2023-09-12,6,8
QLD,2023-09-13,6,9
QLD,2023-09-14,17,11
QLD,2023-09-15,17,12
QLD,2023-09-16,17,11
QLD,2023-09-17,17,11
QLD,2023-09-18,18,12
QLD,2023-09-19,17,11
QLD,2023-09-20,17,10
QLD,2023-09-21,18,10
QLD,2023-09-22,17,13
QLD,2023-09-23,17,9
QLD,2023-09-24,17,13
QLD,2023-09-25,17,12
QLD,2023-09-26,17,10
QLD,2023-09-27,18,10
QLD,2023-09-28,18,9
QLD,2023-09-29,17,11
QLD,2023-09-30,17,11
QLD,2023-10-01,18,10
QLD,2023-10-02,17,11
QLD,2023-10-03,18,10
QLD,2023-10-04,19,11
QLD,2023-10-05,18,11
QLD,2023-10-06,17,13
QLD,2023-10-07,18,9
QLD,2023-10-08,18,8
QLD,2023-10-09,18,8
QLD,2023-10-10,17,10
QLD,2023-10-11,18,10
QLD,2023-10-12,17,11
QLD,2023-10-13,18,13
QLD,2023-10-14,18,10
QLD,2023-10-15,18,11
QLD,2023-10-16,17,10
QLD,2023-10-17,17,11
QLD,2023-10-18,18,11
QLD,2023-10-19,18,13
QLD,2023-10-20,17,12
QLD,2023-10-21,18,10
QLD,2023-10-22,18,10
QLD,2023-10-23,18,10
QLD,2023-10-24,17,10
QLD,2023-10-25,17,11
QLD,2023-10-26,16,8
QLD,2023-10-27,18,12
QLD,2023-10-28,22,9
QLD,2023-10-29,18,11
QLD,2023-10-30,18,11
QLD,2023-10-31,17,11
QLD,2023-11-01,18,11
QLD,2023-11-02,18,12
QLD,2023-11-03,17,11
QLD,2023-11-04,15,7
QLD,2023-11-05,18,12
QLD,2023-11-06,18,11
QLD,2023-11-07,18,10
QLD,2023-11-08,17,11
QLD,2023-11-09,18,12
QLD,2023-11-10,18,12
QLD,2023-11-11,17,9
QLD,2023-11-12,17,10
QLD,2023-11-13,17,10
QLD,2023-11-14,17,12
QLD,2023-11-15,17,11
QLD,2023-11-16,17,11
QLD,2023-11-17,18,11
QLD,2023-11-18,18,12
QLD,2023-11-19,17,10
QLD,2023-11-20,18,14
QLD,2023-11-21,19,10
QLD,2023-11-22,19,12
QLD,2023-11-23,6,13
QLD,2023-11-24,18,10
QLD,2023-11-25,18,11
QLD,2023-11-26,19,9
QLD,2023-11-27,17,10
QLD,2023-11-28,18,3
QLD,2023-11-29,18,12
QLD,2023-11-30,18,10
QLD,2023-12-01,15,9
QLD,2023-12-02,21,10
QLD,2023-12-03,17,10
QLD,2023-12-04,18,10
QLD,2023-12-05,18,11
QLD,2023-12-06,18,9
QLD,2023-12-07,18,8
QLD,2023-12-08,18,12
QLD,2023-12-09,17,13
QLD,2023-12-10,18,9
QLD,2023-12-11,18,9
QLD,2023-12-12,18,11
QLD,2023-12-13,17,12
QLD,2023-12-14,19,11
QLD,2023-12-15,22,10
QLD,2023-12-16,14,9
QLD,2023-12-17,17,8
QLD,2023-12-18,18,11
QLD,2023-12-19,18,12
QLD,2023-12-20,18,10
QLD,2023-12-21,14,15
QLD,2023-12-22,19,12
QLD,2023-12-23,18,10
QLD,2023-12-24,0,12
QLD,2023-12-25,20,11
QLD,2023-12-26,16,9
QLD,2023-12-27,18,13
QLD,2023-12-28,18,10
QLD,2023-12-29,18,9
QLD,2023-12-30,0,11
QLD,2023-12-31,18,6
QLD,2024-01-01,18,6
QLD,2024-01-02,23,14
QLD,2024-01-03,18,7
QLD,2024-01-04,18,7
QLD,2024-01-05,18,7
QLD,2024-01-06,18,7
QLD,2024-01-07,18,8
QLD,2024-01-08,20,11
QLD,2024-01-09,18,11
QLD,2024-01-10,18,9
QLD,2024-01-11,19,10
QLD,2024-01-12,19,7
QLD,2024-01-13,18,7
QLD,2024-01-14,18,10
QLD,2024-01-15,18,12
QLD,2024-01-16,14,9
QLD,2024-01-17,18,2
QLD,2024-01-18,15,7
QLD,2024-01-19,18,9
QLD,2024-01-20,18,8
QLD,2024-01-21,18,6
QLD,2024-01-22,18,9
QLD,2024-01-23,18,15
QLD,2024-01-24,18,9
QLD,2024-01-25,18,8
QLD,2024-01-26,18,6
QLD,2024-01-27,18,15
QLD,2024-01-28,17,11
QLD,2024-01-29,18,10
QLD,2024-01-30,6,15
QLD,2024-01-31,18,15
QLD,2024-02-01,18,13
QLD,2024-02-02,18,9
QLD,2024-02-03,18,10
QLD,2024-02-04,18,8
QLD,2024-02-05,18,12
QLD,2024-02-06,18,8
QLD,2024-02-07,5,9
QLD,2024-02-08,18,10
QLD,2024-02-09,18,8
QLD,2024-02-10,18,11
QLD,2024-02-11,18,9
QLD,2024-02-12,18,11
QLD,2024-02-13,18,8
QLD,2024-02-14,17,13
QLD,2024-02-15,18,14
QLD,2024-02-16,6,13
QLD,2024-02-17,18,8
QLD,2024-02-18,18,8
QLD,2024-02-19,18,16
QLD,2024-02-20,17,8
QLD,2024-02-21,17,9
QLD,2024-02-22,18,10
QLD,2024-02-23,18,8
QLD,2024-02-24,7,4
QLD,2024-02-25,18,12
QLD,2024-02-26,17,9
QLD,2024-02-27,18,15
QLD,2024-02-28,17,7
QLD,2024-02-29,17,12
QLD,2024-03-01,18,12
QLD,2024-03-02,18,11
QLD,2024-03-03,18,11
QLD,2024-03-04,14,9
QLD,2024-03-05,18,11
QLD,2024-03-06,18,8
QLD,2024-03-07,18,13
QLD,2024-03-08,18,10
QLD,2024-03-09,18,12
QLD,2024-03-10,18,9
QLD,2024-03-11,18,13
QLD,2024-03-12,17,11
QLD,2024-03-13,17,8
QLD,2024-03-14,18,11
QLD,2024-03-15,6,13
QLD,2024-03-16,18,10
QLD,2024-03-17,17,10
QLD,2024-03-18,18,11
QLD,2024-03-19,18,12
QLD,2024-03-20,18,13
QLD,2024-03-21,6,10
QLD,2024-03-22,6,9
QLD,2024-03-23,17,9
QLD,2024-03-24,18,11
QLD,2024-03-25,17,11
QLD,2024-03-26,17,9
QLD,2024-03-27,6,11
QLD,2024-03-28,17,13
QLD,2024-03-29,17,12
QLD,2024-03-30,17,12
QLD,2024-03-31,17,12
QLD,2024-04-01,17,10
QLD,2024-04-02,18,14
QLD,2024-04-03,18,9
QLD,2024-04-04,18,8
QLD,2024-04-05,18,3
QLD,2024-04-06,22,11
QLD,2024-04-07,18,12
QLD,2024-04-08,17,10
QLD,2024-04-09,17,11
QLD,2024-04-10,17,11
QLD,2024-04-11,17,11
QLD,2024-04-12,17,10
QLD,2024-04-13,17,10
QLD,2024-04-14,17,9
QLD,2024-04-15,17,10
QLD,2024-04-16,17,11
QLD,2024-04-17,17,8
QLD,2024-04-18,17,11
QLD,2024-04-19,17,11
QLD,2024-04-20,17,9
QLD,2024-04-21,17,11
QLD,2024-04-22,17,9
QLD,2024-04-23,17,12
QLD,2024-04-24,17,10
QLD,2024-04-25,17,10
QLD,2024-04-26,17,9
QLD,2024-04-27,17,10
QLD,2024-04-28,17,12
QLD,2024-04-29,17,10
QLD,2024-04-30,17,10
QLD,2024-05-01,17,10
QLD,2024-05-02,22,10
QLD,2024-05-03,6,10
QLD,2024-05-04,17,9
QLD,2024-05-05,17,12
QLD,2024-05-06,17,10
QLD,2024-05-07,22,10
QLD,2024-05-08,18,8
QLD,2024-05-09,15,8
QLD,2024-05-10,17,10
QLD,2024-05-11,17,11
QLD,2024-05-12,17,13
QLD,2024-05-13,17,11
QLD,2024-05-14,17,11
QLD,2024-05-15,17,10
QLD,2024-05-16,17,9
QLD,2024-05-17,6,10
QLD,2024-05-18,17,12
QLD,2024-05-19,17,12
QLD,2024-05-20,17,12
QLD,2024-05-21,17,10
QLD,2024-05-22,6,12
QLD,2024-05-23,6,10
QLD,2024-05-24,17,10
QLD,2024-05-25,17,10
QLD,2024-05-26,17,10
QLD,2024-05-27,17,10
QLD,2024-05-28,7,12
QLD,2024-05-29,17,10
QLD,2024-05-30,17,11
QLD,2024-05-31,17,10
QLD,2024-06-01,16,5
QLD,2024-06-02,17,12
QLD,2024-06-03,17,12
QLD,2024-06-04,17,12
QLD,2024-06-05,7,10
QLD,2024-06-06,17,12
QLD,2024-06-07,17,12
QLD,2024-06-08,17,12
QLD,2024-06-09,17,12
QLD,2024-06-10,17,12
QLD,2024-06-11,17,13
QLD,2024-06-12,18,12
QLD,2024-06-13,17,12
QLD,2024-06-14,7,12
QLD,2024-06-15,18,12
QLD,2024-06-16,18,12
QLD,2024-06-17,17,12
QLD,2024-06-18,17,12
QLD,2024-06-19,17,12
QLD,2024-06-20,17,12
QLD,2024-06-21,7,11
QLD,2024-06-22,17,13
QLD,2024-06-23,18,13
QLD,2024-06-24,7,12
QLD,2024-06-25,17,12
QLD,2024-06-26,17,12
QLD,2024-06-27,7,12
QLD,2024-06-28,7,12
QLD,2024-06-29,17,10
QLD,2024-06-30,17,12
QLD,2024-07-01,17,4
QLD,2024-07-02,7,4
QLD,2024-07-03,7,9
QLD,2024-07-04,18,11
QLD,2024-07-05,17,9
QLD,2024-07-06,22,12
QLD,2024-07-07,18,12
QLD,2024-07-08,17,3
QLD,2024-07-09,17,13
QLD,2024-07-10,17,12
QLD,2024-07-11,17,12
QLD,2024-07-12,6,12
QLD,2024-07-13,17,12
QLD,2024-07-14,18,11
QLD,2024-07-15,18,12
QLD,2024-07-16,18,13
QLD,2024-07-17,18,12
QLD,2024-07-18,18,12
QLD,2024-07-19,17,12
QLD,2024-07-20,17,12
QLD,2024-07-21,17,12
QLD,2024-07-22,7,13
QLD,2024-07-23,6,13
QLD,2024-07-24,6,12
QLD,2024-07-25,7,12
QLD,2024-07-26,17,12
QLD,2024-07-27,17,13
QLD,2024-07-28,18,13
QLD,2024-07-29,18,13
QLD,2024-07-30,17,13
QLD,2024-07-31,18,12
QLD,2024-08-01,17,13
QLD,2024-08-02,17,12
QLD,2024-08-03,18,12
QLD,2024-08-04,17,12
QLD,2024-08-05,17,8
QLD,2024-08-06,7,13
QLD,2024-08-07,17,11
QLD,2024-08-08,6,10
QLD,2024-08-09,17,11
QLD,2024-08-10,18,10
QLD,2024-08-11,17,11
QLD,2024-08-12,17,1
QLD,2024-08-13,17,14
QLD,2024-08-14,18,15
QLD,2024-08-15,17,13
QLD,2024-08-16,19,10
QLD,2024-08-17,22,12
QLD,2024-08-18,18,11
QLD,2024-08-19,18,10
QLD,2024-08-20,17,13
QLD,2024-08-21,17,11
QLD,2024-08-22,18,12
QLD,2024-08-23,18,13
QLD,2024-08-24,17,12
QLD,2024-08-25,17,12
QLD,2024-08-26,17,10
QLD,2024-08-27,17,11
QLD,2024-08-28,17,12
QLD,2024-08-29,18,13
QLD,2024-08-30,17,13
QLD,2024-08-31,18,12
QLD,2024-09-01,17,11
QLD,2024-09-02,17,12
QLD,2024-09-03,18,12
QLD,2024-09-04,17,9
QLD,2024-09-05,18,12
QLD,2024-09-06,17,12
QLD,2024-09-07,23,13
QLD,2024-09-08,18,10
QLD,2024-09-09,17,13
QLD,2024-09-10,17,10
QLD,2024-09-11,18,12
QLD,2024-09-12,18,10
QLD,2024-09-13,18,13
QLD,2024-09-14,5,9
QLD,2024-09-15,18,12
QLD,2024-09-16,18,13
QLD,2024-09-17,18,13
QLD,2024-09-18,18,12
QLD,2024-09-19,22,12
QLD,2024-09-20,18,12
QLD,2024-09-21,18,11
QLD,2024-09-22,18,13
QLD,2024-09-23,17,13
QLD,2024-09-24,18,10
QLD,2024-09-25,18,12
QLD,2024-09-26,17,9
QLD,2024-09-27,18,11
QLD,2024-09-28,18,12
QLD,2024-09-29,18,11
QLD,2024-09-30,18,10
QLD,2024-10-01,18,12
QLD,2024-10-02,18,11
QLD,2024-10-03,18,11
QLD,2024-10-04,18,11
QLD,2024-10-05,18,11
QLD,2024-10-06,23,11
QLD,2024-10-07,18,12
QLD,2024-10-08,18,10
QLD,2024-10-09,17,13
QLD,2024-10-10,18,12
QLD,2024-10-11,18,9
QLD,2024-10-12,18,10
QLD,2024-10-13,17,9
QLD,2024-10-14,18,9
QLD,2024-10-15,18,9
QLD,2024-10-16,18,9
QLD,2024-10-17,18,10
QLD,2024-10-18,17,9
QLD,2024-10-19,18,10
QLD,2024-10-20,18,12
QLD,2024-10-21,18,11
QLD,2024-10-22,18,12
QLD,2024-10-23,17,11
QLD,2024-10-24,17,10
QLD,2024-10-25,18,12
QLD,2024-10-26,18,8
QLD,2024-10-27,22,12
QLD,2024-10-28,17,13
QLD,2024-10-29,18,10
QLD,2024-10-30,17,10
QLD,2024-10-31,18,10
QLD,2024-11-01,17,10
QLD,2024-11-02,1,12
QLD,2024-11-03,17,10
QLD,2024-11-04,18,10
QLD,2024-11-05,18,10
QLD,2024-11-06,17,9
QLD,2024-11-07,18,9
QLD,2024-11-08,17,15
QLD,2024-11-09,18,12
QLD,2024-11-10,18,8
QLD,2024-11-11,18,9
QLD,2024-11-12,5,12
QLD,2024-11-13,19,12
QLD,2024-11-14,18,10
QLD,2024-11-15,18,10
QLD,2024-11-16,0,12
QLD,2024-11-17,18,12
QLD,2024-11-18,18,10
QLD,2024-11-19,0,10
QLD,2024-11-20,6,13
QLD,2024-11-21,17,8
QLD,2024-11-22,18,11
QLD,2024-11-23,21,12
QLD,2024-11-24,17,12
QLD,2024-11-25,18,10
QLD,2024-11-26,18,9
QLD,2024-11-27,17,11
QLD,2024-11-28,18,10
QLD,2024-11-29,17,11
QLD,2024-11-30,8,14
QLD,2024-12-01,18,9
QLD,2024-12-02,18,7
QLD,2024-12-03,16,10
QLD,2024-12-04,18,11
QLD,2024-12-05,18,12
QLD,2024-12-06,18,12
QLD,2024-12-07,18,12
QLD,2024-12-08,17,9
QLD,2024-12-09,18,12
QLD,2024-12-10,18,10
QLD,2024-12-11,18,12
QLD,2024-12-12,19,11
QLD,2024-12-13,18,10
QLD,2024-12-14,21,10
QLD,2024-12-15,18,7
QLD,2024-12-16,18,6
QLD,2024-12-17,16,8
QLD,2024-12-18,13,6
QLD,2024-12-19,18,10
QLD,2024-12-20,18,10
QLD,2024-12-21,18,10
QLD,2024-12-22,18,13
QLD,2024-12-23,18,11
QLD,2024-12-24,18,13
QLD,2024-12-25,18,9
QLD,2024-12-26,18,11
QLD,2024-12-27,18,9
QLD,2024-12-28,18,11
QLD,2024-12-29,18,10
QLD,2024-12-30,23,12
QLD,2024-12-31,23,10
SA,2015-01-01,17,7
SA,2015-01-02,19,2
SA,2015-01-03,15,4
SA,2015-01-04,18,22
SA,2015-01-05,17,3
SA,2015-01-06,13,2
SA,2015-01-07,13,3
SA,2015-01-08,10,3
SA,2015-01-09,10,22
SA,2015-01-10,9,13
SA,2015-01-11,20,12
SA,2015-01-12,16,2
SA,2015-01-13,8,3
SA,2015-01-14,8,3
SA,2015-01-15,20,3
SA,2015-01-16,7,13
SA,2015-01-17,23,3
SA,2015-01-18,20,5
SA,2015-01-19,17,23
SA,2015-01-20,15,3
SA,2015-01-21,13,3
SA,2015-01-22,14,3
SA,2015-01-23,9,3
SA,2015-01-24,0,15
SA,2015-01-25,20,11
SA,2015-01-26,7,21
SA,2015-01-27,7,22
SA,2015-01-28,23,2
SA,2015-01-29,14,2
SA,2015-01-30,9,2
SA,2015-01-31,10,2
SA,2015-02-01,10,3
SA,2015-02-02,9,2
SA,2015-02-03,15,2
SA,2015-02-04,11,3
SA,2015-02-05,6,2
SA,2015-02-06,17,2
SA,2015-02-07,15,3
SA,2015-02-08,17,6
SA,2015-02-09,16,3
SA,2015-02-10,16,2
SA,2015-02-11,11,22
SA,2015-02-12,18,3
SA,2015-02-13,10,3
SA,2015-02-14,19,5
SA,2015-02-15,15,6
SA,2015-02-16,16,2
SA,2015-02-17,6,3
SA,2015-02-18,15,3
SA,2015-02-19,17,3
SA,2015-02-20,13,1
SA,2015-02-21,16,3
SA,2015-02-22,23,2
SA,2015-02-23,9,3
SA,2015-02-24,6,3
SA,2015-02-25,16,3
SA,2015-02-26,6,2
SA,2015-02-27,16,2
SA,2015-02-28,16,5
SA,2015-03-01,17,4
SA,2015-03-02,12,2
SA,2015-03-03,16,2
SA,2015-03-04,10,22
SA,2015-03-05,8,2
SA,2015-03-06,19,4
SA,2015-03-07,8,3
SA,2015-03-08,8,14
SA,2015-03-09,16,2
SA,2015-03-10,11,1
SA,2015-03-11,6,2
SA,2015-03-12,6,3
SA,2015-03-13,6,2
SA,2015-03-14,19,12
SA,2015-03-15,16,3
SA,2015-03-16,16,3
SA,2015-03-17,8,2
SA,2015-03-18,18,2
SA,2015-03-19,16,3
SA,2015-03-20,12,3
SA,2015-03-21,18,22
SA,2015-03-22,18,12
SA,2015-03-23,6,2
SA,2015-03-24,6,3
SA,2015-03-25,6,22
SA,2015-03-26,7,3
SA,2015-03-27,7,3
SA,2015-03-28,18,3
SA,2015-03-29,18,13
SA,2015-03-30,6,3
SA,2015-03-31,6,3
SA,2015-04-01,18,3
SA,2015-04-02,19,3
SA,2015-04-03,18,10
SA,2015-04-04,9,3
SA,2015-04-05,8,5
SA,2015-04-06,18,13
SA,2015-04-07,18,3
SA,2015-04-08,18,3
SA,2015-04-09,11,3
SA,2015-04-10,7,3
SA,2015-04-11,18,4
SA,2015-04-12,17,5
SA,2015-04-13,16,3
SA,2015-04-14,18,3
SA,2015-04-15,7,3
SA,2015-04-16,9,4
SA,2015-04-17,13,3
SA,2015-04-18,0,13
SA,2015-04-19,18,3
SA,2015-04-20,8,3
SA,2015-04-21,18,3
SA,2015-04-22,18,3
SA,2015-04-23,18,3
SA,2015-04-24,6,4
SA,2015-04-25,0,4
SA,2015-04-26,23,3
SA,2015-04-27,18,4
SA,2015-04-28,8,4
SA,2015-04-29,15,3
SA,2015-04-30,7,3
SA,2015-05-01,8,10
SA,2015-05-02,19,5
SA,2015-05-03,18,4
SA,2015-05-04,17,3
SA,2015-05-05,18,5
SA,2015-05-06,18,5
SA,2015-05-07,18,3
SA,2015-05-08,7,4
SA,2015-05-09,18,4
SA,2015-05-10,18,5
SA,2015-05-11,18,5
SA,2015-05-12,18,2
SA,2015-05-13,18,2
SA,2015-05-14,17,3
SA,2015-05-15,8,3
SA,2015-05-16,18,4
SA,2015-05-17,18,5
SA,2015-05-18,17,3
SA,2015-05-19,10,2
SA,2015-05-20,18,3
SA,2015-05-21,23,2
SA,2015-05-22,19,4
SA,2015-05-23,18,3
SA,2015-05-24,17,3
SA,2015-05-25,17,3
SA,2015-05-26,23,3
SA,2015-05-27,8,4
SA,2015-05-28,19,14
SA,2015-05-29,20,4
SA,2015-05-30,18,5
SA,2015-05-31,18,6
SA,2015-06-01,18,3
SA,2015-06-02,6,4
SA,2015-06-03,6,23
SA,2015-06-04,20,3
SA,2015-06-05,8,3
SA,2015-06-06,0,22
SA,2015-06-07,18,4
SA,2015-06-08,18,7
SA,2015-06-09,17,3
SA,2015-06-10,13,3
SA,2015-06-11,7,3
SA,2015-06-12,8,3
SA,2015-06-13,17,5
SA,2015-06-14,18,5
SA,2015-06-15,12,3
SA,2015-06-16,8,3
SA,2015-06-17,8,3
SA,2015-06-18,18,3
SA,2015-06-19,18,3
SA,2015-06-20,18,5
SA,2015-06-21,17,5
SA,2015-06-22,17,3
SA,2015-06-23,17,3
SA,2015-06-24,8,3
SA,2015-06-25,8,3
SA,2015-06-26,20,4
SA,2015-06-27,18,4
SA,2015-06-28,18,4
SA,2015-06-29,18,3
SA,2015-06-30,17,4
SA,2015-07-01,8,3
SA,2015-07-02,10,4
SA,2015-07-03,8,6
SA,2015-07-04,0,5
SA,2015-07-05,18,12
SA,2015-07-06,18,3
SA,2015-07-07,18,4
SA,2015-07-08,8,4
SA,2015-07-09,8,4
SA,2015-07-10,18,4
SA,2015-07-11,18,3
SA,2015-07-12,18,6
SA,2015-07-13,9,3
SA,2015-07-14,18,14
SA,2015-07-15,9,5
SA,2015-07-16,18,3
SA,2015-07-17,23,3
SA,2015-07-18,18,4
SA,2015-07-19,18,14
SA,2015-07-20,18,3
SA,2015-07-21,16,4
SA,2015-07-22,18,4
SA,2015-07-23,9,3
SA,2015-07-24,9,3
SA,2015-07-25,18,3
SA,2015-07-26,20,3
SA,2015-07-27,7,23
SA,2015-07-28,7,23
SA,2015-07-29,18,4
SA,2015-07-30,20,4
SA,2015-07-31,8,22
SA,2015-08-01,13,3
SA,2015-08-02,2,12
SA,2015-08-03,18,4
SA,2015-08-04,6,16
SA,2015-08-05,18,4
SA,2015-08-06,23,3
SA,2015-08-07,21,5
SA,2015-08-08,18,5
SA,2015-08-09,17,5
SA,2015-08-10,18,2
SA,2015-08-11,18,3
SA,2015-08-12,7,2
SA,2015-08-13,18,3
SA,2015-08-14,8,3
SA,2015-08-15,23,16
SA,2015-08-16,19,12
SA,2015-08-17,20,3
SA,2015-08-18,7,23
SA,2015-08-19,6,23
SA,2015-08-20,18,5
SA,2015-08-21,7,2
SA,2015-08-22,18,14
SA,2015-08-23,0,4
SA,2015-08-24,18,3
SA,2015-08-25,18,4
SA,2015-08-26,18,5
SA,2015-08-27,7,23
SA,2015-08-28,18,4
SA,2015-08-29,1,6
SA,2015-08-30,18,6
SA,2015-08-31,18,4
SA,2015-09-01,18,3
SA,2015-09-02,18,2
SA,2015-09-03,20,4
SA,2015-09-04,10,23
SA,2015-09-05,18,14
SA,2015-09-06,18,6
SA,2015-09-07,19,2
SA,2015-09-08,9,4
SA,2015-09-09,8,23
SA,2015-09-10,18,4
SA,2015-09-11,18,12
SA,2015-09-12,18,2
SA,2015-09-13,18,22
SA,2015-09-14,18,3
SA,2015-09-15,15,4
SA,2015-09-16,18,3
SA,2015-09-17,15,3
SA,2015-09-18,9,17
SA,2015-09-19,18,11
SA,2015-09-20,18,12
SA,2015-09-21,18,3
SA,2015-09-22,18,3
SA,2015-09-23,8,17
SA,2015-09-24,19,2
SA,2015-09-25,22,4
SA,2015-09-26,18,6
SA,2015-09-27,19,4
SA,2015-09-28,3,16
SA,2015-09-29,18,2
SA,2015-09-30,18,3
SA,2015-10-01,3,13
SA,2015-10-02,18,3
SA,2015-10-03,18,6
SA,2015-10-04,17,3
SA,2015-10-05,0,3
SA,2015-10-06,9,3
SA,2015-10-07,6,11
SA,2015-10-08,18,3
SA,2015-10-09,15,2
SA,2015-10-10,17,3
SA,2015-10-11,18,4
SA,2015-10-12,6,3
SA,2015-10-13,6,2
SA,2015-10-14,18,3
SA,2015-10-15,16,3
SA,2015-10-16,9,1
SA,2015-10-17,0,4
SA,2015-10-18,18,3
SA,2015-10-19,18,4
SA,2015-10-20,10,23
SA,2015-10-21,8,2
SA,2015-10-22,6,2
SA,2015-10-23,9,3
SA,2015-10-24,19,4
SA,2015-10-25,19,5
SA,2015-10-26,7,3
SA,2015-10-27,18,3
SA,2015-10-28,6,22
SA,2015-10-29,15,2
SA,2015-10-30,7,22
SA,2015-10-31,8,23
SA,2015-11-01,22,15
SA,2015-11-02,18,23
SA,2015-11-03,9,3
SA,2015-11-04,14,2
SA,2015-11-05,7,2
SA,2015-11-06,10,3
SA,2015-11-07,16,4
SA,2015-11-08,15,5
SA,2015-11-09,16,2
SA,2015-11-10,10,3
SA,2015-11-11,13,2
SA,2015-11-12,8,22
SA,2015-11-13,6,3
SA,2015-11-14,8,3
SA,2015-11-15,19,3
SA,2015-11-16,15,2
SA,2015-11-17,19,3
SA,2015-11-18,15,3
SA,2015-11-19,9,16
SA,2015-11-20,5,14
SA,2015-11-21,6,3
SA,2015-11-22,19,3
SA,2015-11-23,19,2
SA,2015-11-24,5,2
SA,2015-11-25,15,23
SA,2015-11-26,22,13
SA,2015-11-27,6,3
SA,2015-11-28,6,3
SA,2015-11-29,18,22
SA,2015-11-30,23,13
SA,2015-12-01,0,15
SA,2015-12-02,6,1
SA,2015-12-03,17,2
SA,2015-12-04,16,2
SA,2015-12-05,17,3
SA,2015-12-06,13,5
SA,2015-12-07,8,2
SA,2015-12-08,6,0
SA,2015-12-09,16,2
SA,2015-12-10,6,23
SA,2015-12-11,6,13
SA,2015-12-12,20,1
SA,2015-12-13,19,4
SA,2015-12-14,14,2
SA,2015-12-15,14,3
SA,2015-12-16,12,2
SA,2015-12-17,15,3
SA,2015-12-18,15,1
SA,2015-12-19,15,5
SA,2015-12-20,11,14
SA,2015-12-21,12,2
SA,2015-12-22,16,3
SA,2015-12-23,9,4
SA,2015-12-24,22,3
SA,2015-12-25,9,4
SA,2015-12-26,23,13
SA,2015-12-27,19,5
SA,2015-12-28,16,3
SA,2015-12-29,16,3
SA,2015-12-30,16,3
SA,2015-12-31,14,3
SA,2016-01-01,1,5
SA,2016-01-02,20,3
SA,2016-01-03,14,3
SA,2016-01-04,13,2
SA,2016-01-05,18,2
SA,2016-01-06,12,4
SA,2016-01-07,16,2
SA,2016-01-08,17,2
SA,2016-01-09,16,23
SA,2016-01-10,19,5
SA,2016-01-11,14,3
SA,2016-01-12,19,3
SA,2016-01-13,15,5
SA,2016-01-14,9,11
SA,2016-01-15,7,2
SA,2016-01-16,15,3
SA,2016-01-17,17,4
SA,2016-01-18,17,3
SA,2016-01-19,15,4
SA,2016-01-20,16,4
SA,2016-01-21,18,3
SA,2016-01-22,12,20
SA,2016-01-23,8,4
SA,2016-01-24,17,2
SA,2016-01-25,15,22
SA,2016-01-26,17,3
SA,2016-01-27,8,3
SA,2016-01-28,16,3
SA,2016-01-29,5,2
SA,2016-01-30,20,2
SA,2016-01-31,19,11
SA,2016-02-01,16,23
SA,2016-02-02,15,3
SA,2016-02-03,6,2
SA,2016-02-04,6,2
SA,2016-02-05,16,2
SA,2016-02-06,15,3
SA,2016-02-07,17,3
SA,2016-02-08,15,3
SA,2016-02-09,15,3
SA,2016-02-10,15,2
SA,2016-02-11,16,3
SA,2016-02-12,15,2
SA,2016-02-13,16,3
SA,2016-02-14,19,3
SA,2016-02-15,8,14
SA,2016-02-16,6,2
SA,2016-02-17,6,2
SA,2016-02-18,19,3
SA,2016-02-19,15,23
SA,2016-02-20,17,22
SA,2016-02-21,16,0
SA,2016-02-22,16,2
SA,2016-02-23,15,5
SA,2016-02-24,15,2
SA,2016-02-25,6,14
SA,2016-02-26,7,3
SA,2016-02-27,17,4
SA,2016-02-28,16,22
SA,2016-02-29,16,2
SA,2016-03-01,14,3
SA,2016-03-02,15,3
SA,2016-03-03,15,1
SA,2016-03-04,16,3
SA,2016-03-05,16,4
SA,2016-03-06,14,5
SA,2016-03-07,8,2
SA,2016-03-08,16,2
SA,2016-03-09,15,2
SA,2016-03-10,8,2
SA,2016-03-11,13,3
SA,2016-03-12,15,3
SA,2016-03-13,15,3
SA,2016-03-14,17,22
SA,2016-03-15,17,1
SA,2016-03-16,6,2
SA,2016-03-17,12,4
SA,2016-03-18,22,3
SA,2016-03-19,7,23
SA,2016-03-20,17,22
SA,2016-03-21,6,2
SA,2016-03-22,18,3
SA,2016-03-23,22,2
SA,2016-03-24,5,23
SA,2016-03-25,18,5
SA,2016-03-26,2,3
SA,2016-03-27,18,21
SA,2016-03-28,18,4
SA,2016-03-29,12,2
SA,2016-03-30,7,2
SA,2016-03-31,19,3
SA,2016-04-01,18,11
SA,2016-04-02,18,3
SA,2016-04-03,18,1
SA,2016-04-04,18,2
SA,2016-04-05,16,3
SA,2016-04-06,18,5
SA,2016-04-07,6,3
SA,2016-04-08,8,2
SA,2016-04-09,18,3
SA,2016-04-10,18,16
SA,2016-04-11,18,4
SA,2016-04-12,6,1
SA,2016-04-13,6,3
SA,2016-04-14,18,4
SA,2016-04-15,23,21
SA,2016-04-16,23,6
SA,2016-04-17,18,5
SA,2016-04-18,18,2
SA,2016-04-19,23,21
SA,2016-04-20,17,5
SA,2016-04-21,17,3
SA,2016-04-22,23,5
SA,2016-04-23,18,10
SA,2016-04-24,18,11
SA,2016-04-25,17,4
SA,2016-04-26,16,4
SA,2016-04-27,17,3
SA,2016-04-28,6,14
SA,2016-04-29,18,3
SA,2016-04-30,3,21
SA,2016-05-01,23,4
SA,2016-05-02,0,12
SA,2016-05-03,18,2
SA,2016-05-04,23,3
SA,2016-05-05,18,4
SA,2016-05-06,17,2
SA,2016-05-07,14,22
SA,2016-05-08,17,7
SA,2016-05-09,12,4
SA,2016-05-10,9,4
SA,2016-05-11,8,3
SA,2016-05-12,17,2
SA,2016-05-13,17,21
SA,2016-05-14,17,3
SA,2016-05-15,18,4
SA,2016-05-16,6,14
SA,2016-05-17,18,3
SA,2016-05-18,23,4
SA,2016-05-19,11,3
SA,2016-05-20,6,3
SA,2016-05-21,17,14
SA,2016-05-22,17,16
SA,2016-05-23,8,4
SA,2016-05-24,8,23
SA,2016-05-25,17,3
SA,2016-05-26,10,2
SA,2016-05-27,18,10
SA,2016-05-28,9,4
SA,2016-05-29,17,5
SA,2016-05-30,17,4
SA,2016-05-31,13,3
SA,2016-06-01,18,2
SA,2016-06-02,14,3
SA,2016-06-03,8,3
SA,2016-06-04,9,6
SA,2016-06-05,18,5
SA,2016-06-06,18,2
SA,2016-06-07,18,3
SA,2016-06-08,9,3
SA,2016-06-09,6,5
SA,2016-06-10,6,3
SA,2016-06-11,10,5
SA,2016-06-12,20,13
SA,2016-06-13,17,4
SA,2016-06-14,17,4
SA,2016-06-15,17,3
SA,2016-06-16,17,3
SA,2016-06-17,12,2
SA,2016-06-18,17,4
SA,2016-06-19,18,4
SA,2016-06-20,18,4
SA,2016-06-21,17,4
SA,2016-06-22,8,4
SA,2016-06-23,17,4
SA,2016-06-24,18,4
SA,2016-06-25,8,2
SA,2016-06-26,18,4
SA,2016-06-27,9,2
SA,2016-06-28,18,3
SA,2016-06-29,18,4
SA,2016-06-30,8,3
SA,2016-07-01,11,3
SA,2016-07-02,9,5
SA,2016-07-03,18,5
SA,2016-07-04,9,4
SA,2016-07-05,21,3
SA,2016-07-06,16,3
SA,2016-07-07,19,3
SA,2016-07-08,7,11
SA,2016-07-09,8,23
SA,2016-07-10,21,4
SA,2016-07-11,23,3
SA,2016-07-12,14,3
SA,2016-07-13,6,3
SA,2016-07-14,18,23
SA,2016-07-15,19,4
SA,2016-07-16,18,4
SA,2016-07-17,18,4
SA,2016-07-18,16,3
SA,2016-07-19,6,5
SA,2016-07-20,18,2
SA,2016-07-21,0,5
SA,2016-07-22,16,4
SA,2016-07-23,21,4
SA,2016-07-24,18,4
SA,2016-07-25,20,4
SA,2016-07-26,7,4
SA,2016-07-27,18,4
SA,2016-07-28,8,4
SA,2016-07-29,20,3
SA,2016-07-30,18,12
SA,2016-07-31,18,23
SA,2016-08-01,9,3
SA,2016-08-02,18,4
SA,2016-08-03,20,2
SA,2016-08-04,13,3
SA,2016-08-05,18,4
SA,2016-08-06,18,3
SA,2016-08-07,18,14
SA,2016-08-08,18,4
SA,2016-08-09,18,13
SA,2016-08-10,8,12
SA,2016-08-11,18,3
SA,2016-08-12,19,4
SA,2016-08-13,18,13
SA,2016-08-14,19,15
SA,2016-08-15,6,23
SA,2016-08-16,21,4
SA,2016-08-17,8,23
SA,2016-08-18,18,3
SA,2016-08-19,0,23
SA,2016-08-20,18,3
SA,2016-08-21,21,13
SA,2016-08-22,8,4
SA,2016-08-23,18,4
SA,2016-08-24,7,4
SA,2016-08-25,6,12
SA,2016-08-26,6,1
SA,2016-08-27,1,14
SA,2016-08-28,18,4
SA,2016-08-29,18,3
SA,2016-08-30,10,3
SA,2016-08-31,16,5
SA,2016-09-01,8,4
SA,2016-09-02,13,4
SA,2016-09-03,18,13
SA,2016-09-04,23,3
SA,2016-09-05,19,23
SA,2016-09-06,10,3
SA,2016-09-07,6,23
SA,2016-09-08,20,4
SA,2016-09-09,0,14
SA,2016-09-10,18,4
SA,2016-09-11,18,12
SA,2016-09-12,10,4
SA,2016-09-13,9,23
SA,2016-09-14,8,3
SA,2016-09-15,19,3
SA,2016-09-16,7,14
SA,2016-09-17,18,4
SA,2016-09-18,18,3
SA,2016-09-19,8,14
SA,2016-09-20,18,3
SA,2016-09-21,20,4
SA,2016-09-22,6,3
SA,2016-09-23,18,13
SA,2016-09-24,18,3
SA,2016-09-25,19,4
SA,2016-09-26,8,3
SA,2016-09-27,18,2
SA,2016-09-28,20,10
SA,2016-09-29,20,4
SA,2016-09-30,20,4
SA,2016-10-01,23,14
SA,2016-10-02,23,14
SA,2016-10-03,20,4
SA,2016-10-04,20,4
SA,2016-10-05,20,4
SA,2016-10-06,20,4
SA,2016-10-07,20,4
SA,2016-10-08,23,13
SA,2016-10-09,23,13
SA,2016-10-10,20,4
SA,2016-10-11,20,4
SA,2016-10-12,6,3
SA,2016-10-13,5,13
SA,2016-10-14,6,23
SA,2016-10-15,18,3
SA,2016-10-16,18,5
SA,2016-10-17,17,23
SA,2016-10-18,19,11
SA,2016-10-19,6,13
SA,2016-10-20,0,12
SA,2016-10-21,6,2
SA,2016-10-22,19,3
SA,2016-10-23,19,3
SA,2016-10-24,6,13
SA,2016-10-25,23,4
SA,2016-10-26,9,22
SA,2016-10-27,6,3
SA,2016-10-28,6,23
SA,2016-10-29,1,22
SA,2016-10-30,19,3
SA,2016-10-31,7,2
SA,2016-11-01,7,12
SA,2016-11-02,19,2
SA,2016-11-03,19,3
SA,2016-11-04,3,22
SA,2016-11-05,8,3
SA,2016-11-06,18,3
SA,2016-11-07,22,1
SA,2016-11-08,5,15
SA,2016-11-09,6,1
SA,2016-11-10,6,21
SA,2016-11-11,6,22
SA,2016-11-12,1,23
SA,2016-11-13,21,13
SA,2016-11-14,13,0
SA,2016-11-15,6,22
SA,2016-11-16,17,2
SA,2016-11-17,17,3
SA,2016-11-18,6,16
SA,2016-11-19,17,10
SA,2016-11-20,20,5
SA,2016-11-21,12,3
SA,2016-11-22,11,14
SA,2016-11-23,6,16
SA,2016-11-24,6,2
SA,2016-11-25,6,10
SA,2016-11-26,17,3
SA,2016-11-27,16,3
SA,2016-11-28,14,4
SA,2016-11-29,13,17
SA,2016-11-30,10,7
SA,2016-12-01,1,23
SA,2016-12-02,11,21
SA,2016-12-03,17,3
SA,2016-12-04,9,21
SA,2016-12-05,15,1
SA,2016-12-06,6,4
SA,2016-12-07,14,23
SA,2016-12-08,19,2
SA,2016-12-09,7,1
SA,2016-12-10,23,5
SA,2016-12-11,12,3
SA,2016-12-12,17,3
SA,2016-12-13,15,3
SA,2016-12-14,9,14
SA,2016-12-15,19,2
SA,2016-12-16,9,14
SA,2016-12-17,7,15
SA,2016-12-18,18,23
SA,2016-12-19,23,3
SA,2016-12-20,0,5
SA,2016-12-21,15,23
SA,2016-12-22,11,4
SA,2016-12-23,14,11
SA,2016-12-24,14,3
SA,2016-12-25,17,4
SA,2016-12-26,13,22
SA,2016-12-27,18,9
SA,2016-12-28,16,6
SA,2016-12-29,7,3
SA,2016-12-30,20,14
SA,2016-12-31,8,13
SA,2017-01-01,0,16
SA,2017-01-02,18,23
SA,2017-01-03,8,3
SA,2017-01-04,15,3
SA,2017-01-05,16,3
SA,2017-01-06,15,2
SA,2017-01-07,16,2
SA,2017-01-08,17,5
SA,2017-01-09,9,23
SA,2017-01-10,14,23
SA,2017-01-11,19,2
SA,2017-01-12,15,3
SA,2017-01-13,10,22
SA,2017-01-14,20,2
SA,2017-01-15,17,1
SA,2017-01-16,16,3
SA,2017-01-17,15,23
SA,2017-01-18,6,22
SA,2017-01-19,16,3
SA,2017-01-20,2,5
SA,2017-01-21,15,3
SA,2017-01-22,17,4
SA,2017-01-23,5,23
SA,2017-01-24,10,2
SA,2017-01-25,8,1
SA,2017-01-26,17,22
SA,2017-01-27,15,3
SA,2017-01-28,16,23
SA,2017-01-29,17,1
SA,2017-01-30,12,16
SA,2017-01-31,6,23
SA,2017-02-01,10,0
SA,2017-02-02,15,1
SA,2017-02-03,6,3
SA,2017-02-04,16,6
SA,2017-02-05,17,5
SA,2017-02-06,6,14
SA,2017-02-07,16,2
SA,2017-02-08,17,3
SA,2017-02-09,18,1
SA,2017-02-10,15,0
SA,2017-02-11,10,20
SA,2017-02-12,2,12
SA,2017-02-13,5,21
SA,2017-02-14,10,1
SA,2017-02-15,16,11
SA,2017-02-16,10,1
SA,2017-02-17,6,21
SA,2017-02-18,19,14
SA,2017-02-19,8,15
SA,2017-02-20,6,1
SA,2017-02-21,6,1
SA,2017-02-22,14,3
SA,2017-02-23,10,1
SA,2017-02-24,6,1
SA,2017-02-25,18,3
SA,2017-02-26,17,3
SA,2017-02-27,4,2
SA,2017-02-28,13,3
SA,2017-03-01,15,3
SA,2017-03-02,8,22
SA,2017-03-03,15,2
SA,2017-03-04,8,2
SA,2017-03-05,8,5
SA,2017-03-06,6,2
SA,2017-03-07,14,4
SA,2017-03-08,13,3
SA,2017-03-09,14,2
SA,2017-03-10,11,2
SA,2017-03-11,13,4
SA,2017-03-12,17,21
SA,2017-03-13,18,3
SA,2017-03-14,15,3
SA,2017-03-15,17,4
SA,2017-03-16,6,2
SA,2017-03-17,7,9
SA,2017-03-18,16,4
SA,2017-03-19,16,5
SA,2017-03-20,13,3
SA,2017-03-21,11,2
SA,2017-03-22,6,21
SA,2017-03-23,8,3
SA,2017-03-24,13,2
SA,2017-03-25,15,4
SA,2017-03-26,12,22
SA,2017-03-27,11,3
SA,2017-03-28,6,2
SA,2017-03-29,6,12
SA,2017-03-30,6,3
SA,2017-03-31,7,21
SA,2017-04-01,18,3
SA,2017-04-02,18,22
SA,2017-04-03,7,2
SA,2017-04-04,18,3
SA,2017-04-05,6,2
SA,2017-04-06,17,3
SA,2017-04-07,18,3
SA,2017-04-08,9,4
SA,2017-04-09,23,12
SA,2017-04-10,6,3
SA,2017-04-11,18,3
SA,2017-04-12,18,3
SA,2017-04-13,7,21
SA,2017-04-14,23,14
SA,2017-04-15,0,13
SA,2017-04-16,9,6
SA,2017-04-17,18,5
SA,2017-04-18,18,21
SA,2017-04-19,13,3
SA,2017-04-20,23,3
SA,2017-04-21,8,0
SA,2017-04-22,9,4
SA,2017-04-23,23,4
SA,2017-04-24,13,5
SA,2017-04-25,18,23
SA,2017-04-26,18,4
SA,2017-04-27,18,3
SA,2017-04-28,6,15
SA,2017-04-29,18,3
SA,2017-04-30,17,14
SA,2017-05-01,18,4
SA,2017-05-02,18,3
SA,2017-05-03,6,21
SA,2017-05-04,18,23
SA,2017-05-05,18,21
SA,2017-05-06,18,5
SA,2017-05-07,18,3
SA,2017-05-08,18,2
SA,2017-05-09,18,2
SA,2017-05-10,18,3
SA,2017-05-11,7,14
SA,2017-05-12,6,12
SA,2017-05-13,6,3
SA,2017-05-14,4,6
SA,2017-05-15,7,22
SA,2017-05-16,9,3
SA,2017-05-17,16,3
SA,2017-05-18,23,3
SA,2017-05-19,8,4
SA,2017-05-20,17,21
SA,2017-05-21,18,12
SA,2017-05-22,7,11
SA,2017-05-23,8,13
SA,2017-05-24,23,3
SA,2017-05-25,0,13
SA,2017-05-26,6,23
SA,2017-05-27,17,3
SA,2017-05-28,18,3
SA,2017-05-29,7,22
SA,2017-05-30,18,3
SA,2017-05-31,7,3
SA,2017-06-01,18,2
SA,2017-06-02,20,3
SA,2017-06-03,17,12
SA,2017-06-04,18,12
SA,2017-06-05,6,15
SA,2017-06-06,17,3
SA,2017-06-07,9,2
SA,2017-06-08,6,15
SA,2017-06-09,23,5
SA,2017-06-10,18,3
SA,2017-06-11,9,14
SA,2017-06-12,0,4
SA,2017-06-13,6,4
SA,2017-06-14,17,4
SA,2017-06-15,6,11
SA,2017-06-16,22,4
SA,2017-06-17,8,14
SA,2017-06-18,9,4
SA,2017-06-19,18,3
SA,2017-06-20,18,3
SA,2017-06-21,13,3
SA,2017-06-22,6,3
SA,2017-06-23,20,4
SA,2017-06-24,8,3
SA,2017-06-25,20,12
SA,2017-06-26,12,3
SA,2017-06-27,23,3
SA,2017-06-28,23,3
SA,2017-06-29,18,3
SA,2017-06-30,18,4
SA,2017-07-01,18,5
SA,2017-07-02,17,5
SA,2017-07-03,13,0
SA,2017-07-04,15,3
SA,2017-07-05,8,3
SA,2017-07-06,10,13
SA,2017-07-07,9,4
SA,2017-07-08,10,1
SA,2017-07-09,16,3
SA,2017-07-10,23,12
SA,2017-07-11,18,12
SA,2017-07-12,17,4
SA,2017-07-13,9,4
SA,2017-07-14,23,3
SA,2017-07-15,17,14
SA,2017-07-16,0,6
SA,2017-07-17,18,4
SA,2017-07-18,9,3
SA,2017-07-19,18,4
SA,2017-07-20,18,4
SA,2017-07-21,6,13
SA,2017-07-22,23,3
SA,2017-07-23,18,4
SA,2017-07-24,7,13
SA,2017-07-25,18,4
SA,2017-07-26,18,3
SA,2017-07-27,6,4
SA,2017-07-28,7,2
SA,2017-07-29,17,4
SA,2017-07-30,23,3
SA,2017-07-31,18,13
SA,2017-08-01,6,21
SA,2017-08-02,6,2
SA,2017-08-03,11,1
SA,2017-08-04,0,4
SA,2017-08-05,8,3
SA,2017-08-06,20,4
SA,2017-08-07,18,3
SA,2017-08-08,6,3
SA,2017-08-09,18,5
SA,2017-08-10,7,12
SA,2017-08-11,18,12
SA,2017-08-12,18,3
SA,2017-08-13,18,12
SA,2017-08-14,9,1
SA,2017-08-15,9,4
SA,2017-08-16,7,11
SA,2017-08-17,6,13
SA,2017-08-18,18,14
SA,2017-08-19,18,3
SA,2017-08-20,18,10
SA,2017-08-21,18,3
SA,2017-08-22,18,3
SA,2017-08-23,7,4
SA,2017-08-24,9,3
SA,2017-08-25,18,4
SA,2017-08-26,0,14
SA,2017-08-27,20,4
SA,2017-08-28,18,4
SA,2017-08-29,18,15
SA,2017-08-30,6,4
SA,2017-08-31,20,3
SA,2017-09-01,18,4
SA,2017-09-02,0,15
SA,2017-09-03,18,13
SA,2017-09-04,18,3
SA,2017-09-05,18,4
SA,2017-09-06,18,3
SA,2017-09-07,18,13
SA,2017-09-08,8,3
SA,2017-09-09,18,4
SA,2017-09-10,18,13
SA,2017-09-11,6,4
SA,2017-09-12,7,21
SA,2017-09-13,19,17
SA,2017-09-14,18,11
SA,2017-09-15,20,3
SA,2017-09-16,18,3
SA,2017-09-17,18,5
SA,2017-09-18,18,14
SA,2017-09-19,18,2
SA,2017-09-20,0,22
SA,2017-09-21,18,3
SA,2017-09-22,23,12
SA,2017-09-23,1,3
SA,2017-09-24,18,14
SA,2017-09-25,8,1
SA,2017-09-26,18,4
SA,2017-09-27,8,13
SA,2017-09-28,19,3
SA,2017-09-29,6,14
SA,2017-09-30,19,4
SA,2017-10-01,19,4
SA,2017-10-02,18,2
SA,2017-10-03,6,3
SA,2017-10-04,16,3
SA,2017-10-05,7,15
SA,2017-10-06,6,3
SA,2017-10-07,18,10
SA,2017-10-08,17,0
SA,2017-10-09,5,3
SA,2017-10-10,17,22
SA,2017-10-11,18,3
SA,2017-10-12,23,2
SA,2017-10-13,10,3
SA,2017-10-14,0,6
SA,2017-10-15,17,3
SA,2017-10-16,16,3
SA,2017-10-17,16,3
SA,2017-10-18,16,3
SA,2017-10-19,7,21
SA,2017-10-20,10,2
SA,2017-10-21,8,4
SA,2017-10-22,9,4
SA,2017-10-23,5,0
SA,2017-10-24,13,18
SA,2017-10-25,18,15
SA,2017-10-26,23,4
SA,2017-10-27,16,9
SA,2017-10-28,19,14
SA,2017-10-29,0,10
SA,2017-10-30,23,16
SA,2017-10-31,6,2
SA,2017-11-01,7,21
SA,2017-11-02,6,14
SA,2017-11-03,19,22
SA,2017-11-04,19,10
SA,2017-11-05,17,9
SA,2017-11-06,19,13
SA,2017-11-07,10,2
SA,2017-11-08,16,22
SA,2017-11-09,17,2
SA,2017-11-10,13,3
SA,2017-11-11,11,5
SA,2017-11-12,16,5
SA,2017-11-13,13,0
SA,2017-11-14,15,4
SA,2017-11-15,9,14
SA,2017-11-16,23,3
SA,2017-11-17,9,3
SA,2017-11-18,7,22
SA,2017-11-19,17,4
SA,2017-11-20,16,3
SA,2017-11-21,17,3
SA,2017-11-22,16,4
SA,2017-11-23,17,1
SA,2017-11-24,15,20
SA,2017-11-25,10,3
SA,2017-11-26,10,22
SA,2017-11-27,23,1
SA,2017-11-28,15,1
SA,2017-11-29,16,2
SA,2017-11-30,14,1
SA,2017-12-01,5,2
SA,2017-12-02,23,3
SA,2017-12-03,18,13
SA,2017-12-04,1,22
SA,2017-12-05,19,2
SA,2017-12-06,23,13
SA,2017-12-07,6,16
SA,2017-12-08,6,3
SA,2017-12-09,21,13
SA,2017-12-10,16,2
SA,2017-12-11,16,1
SA,2017-12-12,16,1
SA,2017-12-13,20,5
SA,2017-12-14,2,3
SA,2017-12-15,10,4
SA,2017-12-16,4,22
SA,2017-12-17,13,4
SA,2017-12-18,14,3
SA,2017-12-19,6,14
SA,2017-12-20,23,1
SA,2017-12-21,20,5
SA,2017-12-22,18,8
SA,2017-12-23,17,7
SA,2017-12-24,11,13
SA,2017-12-25,18,2
SA,2017-12-26,17,4
SA,2017-12-27,15,3
SA,2017-12-28,12,3
SA,2017-12-29,10,23
SA,2017-12-30,19,5
SA,2017-12-31,22,13
SA,2018-01-01,0,23
SA,2018-01-02,8,1
SA,2018-01-03,11,1
SA,2018-01-04,15,3
SA,2018-01-05,18,3
SA,2018-01-06,15,5
SA,2018-01-07,16,6
SA,2018-01-08,0,2
SA,2018-01-09,16,5
SA,2018-01-10,18,4
SA,2018-01-11,15,4
SA,2018-01-12,1,6
SA,2018-01-13,23,14
SA,2018-01-14,17,8
SA,2018-01-15,6,1
SA,2018-01-16,16,2
SA,2018-01-17,12,4
SA,2018-01-18,16,4
SA,2018-01-19,14,2
SA,2018-01-20,11,1
SA,2018-01-21,15,3
SA,2018-01-22,6,21
SA,2018-01-23,23,1
SA,2018-01-24,0,3
SA,2018-01-25,15,21
SA,2018-01-26,23,3
SA,2018-01-27,8,2
SA,2018-01-28,14,5
SA,2018-01-29,0,21
SA,2018-01-30,19,15
SA,2018-01-31,20,10
SA,2018-02-01,20,2
SA,2018-02-02,21,1
SA,2018-02-03,16,3
SA,2018-02-04,14,1
SA,2018-02-05,7,2
SA,2018-02-06,13,0
SA,2018-02-07,15,3
SA,2018-02-08,15,1
SA,2018-02-09,16,2
SA,2018-02-10,8,13
SA,2018-02-11,23,3
SA,2018-02-12,6,2
SA,2018-02-13,20,5
SA,2018-02-14,19,16
SA,2018-02-15,6,17
SA,2018-02-16,15,22
SA,2018-02-17,15,4
SA,2018-02-18,15,5
SA,2018-02-19,19,3
SA,2018-02-20,16,1
SA,2018-02-21,14,4
SA,2018-02-22,15,4
SA,2018-02-23,20,2
SA,2018-02-24,9,3
SA,2018-02-25,0,14
SA,2018-02-26,5,1
SA,2018-02-27,16,3
SA,2018-02-28,20,1
SA,2018-03-01,5,1
SA,2018-03-02,16,4
SA,2018-03-03,1,23
SA,2018-03-04,10,2
SA,2018-03-05,6,22
SA,2018-03-06,6,3
SA,2018-03-07,12,3
SA,2018-03-08,17,2
SA,2018-03-09,5,3
SA,2018-03-10,15,4
SA,2018-03-11,0,4
SA,2018-03-12,23,2
SA,2018-03-13,11,2
SA,2018-03-14,11,2
SA,2018-03-15,7,3
SA,2018-03-16,20,13
SA,2018-03-17,22,4
SA,2018-03-18,0,10
SA,2018-03-19,18,11
SA,2018-03-20,6,22
SA,2018-03-21,6,2
SA,2018-03-22,13,1
SA,2018-03-23,15,3
SA,2018-03-24,0,4
SA,2018-03-25,18,3
SA,2018-03-26,18,2
SA,2018-03-27,6,21
SA,2018-03-28,23,2
SA,2018-03-29,6,15
SA,2018-03-30,23,3
SA,2018-03-31,18,5
SA,2018-04-01,18,14
SA,2018-04-02,17,5
SA,2018-04-03,18,4
SA,2018-04-04,14,3
SA,2018-04-05,18,0
SA,2018-04-06,15,3
SA,2018-04-07,18,4
SA,2018-04-08,16,11
SA,2018-04-09,14,3
SA,2018-04-10,16,3
SA,2018-04-11,16,4
SA,2018-04-12,23,1
SA,2018-04-13,0,22
SA,2018-04-14,17,14
SA,2018-04-15,18,13
SA,2018-04-16,23,2
SA,2018-04-17,18,4
SA,2018-04-18,23,2
SA,2018-04-19,18,4
SA,2018-04-20,9,4
SA,2018-04-21,17,4
SA,2018-04-22,17,4
SA,2018-04-23,21,4
SA,2018-04-24,10,4
SA,2018-04-25,17,13
SA,2018-04-26,11,3
SA,2018-04-27,18,4
SA,2018-04-28,17,4
SA,2018-04-29,17,5
SA,2018-04-30,17,3
SA,2018-05-01,17,3
SA,2018-05-02,17,3
SA,2018-05-03,17,4
SA,2018-05-04,23,4
SA,2018-05-05,23,14
SA,2018-05-06,18,12
SA,2018-05-07,23,3
SA,2018-05-08,17,3
SA,2018-05-09,7,21
SA,2018-05-10,18,3
SA,2018-05-11,8,4
SA,2018-05-12,17,4
SA,2018-05-13,23,4
SA,2018-05-14,8,2
SA,2018-05-15,18,4
SA,2018-05-16,17,4
SA,2018-05-17,17,3
SA,2018-05-18,6,3
SA,2018-05-19,7,13
SA,2018-05-20,11,5
SA,2018-05-21,18,3
SA,2018-05-22,17,3
SA,2018-05-23,9,4
SA,2018-05-24,17,4
SA,2018-05-25,17,3
SA,2018-05-26,8,3
SA,2018-05-27,18,5
SA,2018-05-28,17,11
SA,2018-05-29,18,2
SA,2018-05-30,6,4
SA,2018-05-31,17,2
SA,2018-06-01,17,3
SA,2018-06-02,20,3
SA,2018-06-03,17,12
SA,2018-06-04,17,2
SA,2018-06-05,15,4
SA,2018-06-06,8,12
SA,2018-06-07,10,22
SA,2018-06-08,10,1
SA,2018-06-09,9,4
SA,2018-06-10,17,12
SA,2018-06-11,18,11
SA,2018-06-12,17,3
SA,2018-06-13,17,3
SA,2018-06-14,7,2
SA,2018-06-15,6,4
SA,2018-06-16,9,3
SA,2018-06-17,18,4
SA,2018-06-18,17,3
SA,2018-06-19,17,4
SA,2018-06-20,17,4
SA,2018-06-21,19,3
SA,2018-06-22,17,4
SA,2018-06-23,9,4
SA,2018-06-24,18,5
SA,2018-06-25,18,4
SA,2018-06-26,18,3
SA,2018-06-27,7,6
SA,2018-06-28,17,4
SA,2018-06-29,7,4
SA,2018-06-30,23,3
SA,2018-07-01,17,14
SA,2018-07-02,7,3
SA,2018-07-03,17,22
SA,2018-07-04,0,2
SA,2018-07-05,18,3
SA,2018-07-06,18,3
SA,2018-07-07,23,10
SA,2018-07-08,9,4
SA,2018-07-09,12,6
SA,2018-07-10,7,3
SA,2018-07-11,19,13
SA,2018-07-12,19,4
SA,2018-07-13,1,13
SA,2018-07-14,17,12
SA,2018-07-15,18,4
SA,2018-07-16,17,1
SA,2018-07-17,18,4
SA,2018-07-18,7,4
SA,2018-07-19,18,4
SA,2018-07-20,21,4
SA,2018-07-21,17,13
SA,2018-07-22,23,11
SA,2018-07-23,18,0
SA,2018-07-24,20,14
SA,2018-07-25,18,3
SA,2018-07-26,1,12
SA,2018-07-27,8,2
SA,2018-07-28,6,14
SA,2018-07-29,20,15
SA,2018-07-30,18,2
SA,2018-07-31,18,12
SA,2018-08-01,18,4
SA,2018-08-02,18,12
SA,2018-08-03,17,12
SA,2018-08-04,18,11
SA,2018-08-05,18,4
SA,2018-08-06,18,11
SA,2018-08-07,17,4
SA,2018-08-08,19,12
SA,2018-08-09,7,14
SA,2018-08-10,23,12
SA,2018-08-11,8,14
SA,2018-08-12,18,12
SA,2018-08-13,18,4
SA,2018-08-14,18,13
SA,2018-08-15,6,3
SA,2018-08-16,18,3
SA,2018-08-17,7,14
SA,2018-08-18,18,10
SA,2018-08-19,18,4
SA,2018-08-20,18,4
SA,2018-08-21,18,3
SA,2018-08-22,18,23
SA,2018-08-23,18,3
SA,2018-08-24,18,13
SA,2018-08-25,18,13
SA,2018-08-26,18,13
SA,2018-08-27,18,4
SA,2018-08-28,18,3
SA,2018-08-29,19,4
SA,2018-08-30,18,4
SA,2018-08-31,9,2
SA,2018-09-01,18,2
SA,2018-09-02,18,15
SA,2018-09-03,18,4
SA,2018-09-04,18,12
SA,2018-09-05,18,3
SA,2018-09-06,7,13
SA,2018-09-07,18,2
SA,2018-09-08,0,13
SA,2018-09-09,18,5
SA,2018-09-10,18,12
SA,2018-09-11,18,4
SA,2018-09-12,18,2
SA,2018-09-13,18,13
SA,2018-09-14,18,11
SA,2018-09-15,18,2
SA,2018-09-16,19,14
SA,2018-09-17,18,12
SA,2018-09-18,18,4
SA,2018-09-19,7,3
SA,2018-09-20,18,4
SA,2018-09-21,22,13
SA,2018-09-22,18,12
SA,2018-09-23,18,13
SA,2018-09-24,18,4
SA,2018-09-25,18,2
SA,2018-09-26,19,4
SA,2018-09-27,19,15
SA,2018-09-28,19,13
SA,2018-09-29,18,3
SA,2018-09-30,0,11
SA,2018-10-01,18,8
SA,2018-10-02,8,12
SA,2018-10-03,9,4
SA,2018-10-04,8,3
SA,2018-10-05,18,3
SA,2018-10-06,23,3
SA,2018-10-07,18,7
SA,2018-10-08,17,2
SA,2018-10-09,10,23
SA,2018-10-10,19,3
SA,2018-10-11,6,2
SA,2018-10-12,13,2
SA,2018-10-13,18,4
SA,2018-10-14,18,9
SA,2018-10-15,5,3
SA,2018-10-16,15,3
SA,2018-10-17,14,2
SA,2018-10-18,6,14
SA,2018-10-19,1,14
SA,2018-10-20,22,14
SA,2018-10-21,17,12
SA,2018-10-22,23,4
SA,2018-10-23,18,14
SA,2018-10-24,23,3
SA,2018-10-25,18,12
SA,2018-10-26,4,3
SA,2018-10-27,23,11
SA,2018-10-28,23,14
SA,2018-10-29,23,12
SA,2018-10-30,18,13
SA,2018-10-31,18,23
SA,2018-11-01,18,2
SA,2018-11-02,0,11
SA,2018-11-03,23,2
SA,2018-11-04,3,12
SA,2018-11-05,18,4
SA,2018-11-06,7,13
SA,2018-11-07,6,17
SA,2018-11-08,23,12
SA,2018-11-09,23,12
SA,2018-11-10,23,22
SA,2018-11-11,18,4
SA,2018-11-12,8,2
SA,2018-11-13,23,2
SA,2018-11-14,6,15
SA,2018-11-15,10,14
SA,2018-11-16,5,13
SA,2018-11-17,1,13
SA,2018-11-18,18,7
SA,2018-11-19,15,3
SA,2018-11-20,8,2
SA,2018-11-21,3,22
SA,2018-11-22,6,14
SA,2018-11-23,19,2
SA,2018-11-24,23,3
SA,2018-11-25,1,14
SA,2018-11-26,5,3
SA,2018-11-27,6,14
SA,2018-11-28,23,14
SA,2018-11-29,5,14
SA,2018-11-30,19,14
SA,2018-12-01,19,9
SA,2018-12-02,19,12
SA,2018-12-03,23,3
SA,2018-12-04,5,2
SA,2018-12-05,13,2
SA,2018-12-06,18,3
SA,2018-12-07,15,3
SA,2018-12-08,11,22
SA,2018-12-09,23,5
SA,2018-12-10,13,3
SA,2018-12-11,17,2
SA,2018-12-12,15,23
SA,2018-12-13,5,15
SA,2018-12-14,23,13
SA,2018-12-15,23,14
SA,2018-12-16,1,11
SA,2018-12-17,16,23
SA,2018-12-18,12,2
SA,2018-12-19,14,1
SA,2018-12-20,6,12
SA,2018-12-21,23,13
SA,2018-12-22,6,1
SA,2018-12-23,18,3
SA,2018-12-24,18,3
SA,2018-12-25,17,6
SA,2018-12-26,18,6
SA,2018-12-27,15,6
SA,2018-12-28,15,3
SA,2018-12-29,6,2
SA,2018-12-30,16,7
SA,2018-12-31,7,19
SA,2019-01-01,18,5
SA,2019-01-02,12,2
SA,2019-01-03,18,3
SA,2019-01-04,12,4
SA,2019-01-05,7,14
SA,2019-01-06,18,8
SA,2019-01-07,16,1
SA,2019-01-08,6,16
SA,2019-01-09,5,1
SA,2019-01-10,20,3
SA,2019-01-11,16,2
SA,2019-01-12,12,1
SA,2019-01-13,23,9
SA,2019-01-14,15,2
SA,2019-01-15,17,3
SA,2019-01-16,17,2
SA,2019-01-17,13,2
SA,2019-01-18,5,17
SA,2019-01-19,23,4
SA,2019-01-20,23,4
SA,2019-01-21,18,2
SA,2019-01-22,16,3
SA,2019-01-23,18,7
SA,2019-01-24,18,4
SA,2019-01-25,11,21
SA,2019-01-26,3,15
SA,2019-01-27,6,13
SA,2019-01-28,18,5
SA,2019-01-29,17,21
SA,2019-01-30,10,22
SA,2019-01-31,6,2
SA,2019-02-01,23,3
SA,2019-02-02,19,2
SA,2019-02-03,9,22
SA,2019-02-04,6,3
SA,2019-02-05,23,9
SA,2019-02-06,15,1
SA,2019-02-07,7,3
SA,2019-02-08,6,16
SA,2019-02-09,23,10
SA,2019-02-10,23,13
SA,2019-02-11,6,12
SA,2019-02-12,19,13
SA,2019-02-13,23,3
SA,2019-02-14,18,9
SA,2019-02-15,23,3
SA,2019-02-16,23,11
SA,2019-02-17,19,7
SA,2019-02-18,0,3
SA,2019-02-19,6,3
SA,2019-02-20,6,3
SA,2019-02-21,6,1
SA,2019-02-22,14,1
SA,2019-02-23,18,11
SA,2019-02-24,18,9
SA,2019-02-25,17,2
SA,2019-02-26,12,2
SA,2019-02-27,17,2
SA,2019-02-28,18,4
SA,2019-03-01,16,3
SA,2019-03-02,18,3
SA,2019-03-03,16,7
SA,2019-03-04,15,2
SA,2019-03-05,6,22
SA,2019-03-06,18,13
SA,2019-03-07,19,10
SA,2019-03-08,5,11
SA,2019-03-09,19,14
SA,2019-03-10,23,11
SA,2019-03-11,6,15
SA,2019-03-12,23,2
SA,2019-03-13,6,9
SA,2019-03-14,6,10
SA,2019-03-15,13,22
SA,2019-03-16,23,2
SA,2019-03-17,23,22
SA,2019-03-18,17,2
SA,2019-03-19,23,4
SA,2019-03-20,6,2
SA,2019-03-21,13,22
SA,2019-03-22,21,0
SA,2019-03-23,16,11
SA,2019-03-24,6,22
SA,2019-03-25,6,15
SA,2019-03-26,17,1
SA,2019-03-27,23,10
SA,2019-03-28,18,11
SA,2019-03-29,6,3
SA,2019-03-30,8,14
SA,2019-03-31,23,4
SA,2019-04-01,6,21
SA,2019-04-02,6,11
SA,2019-04-03,6,3
SA,2019-04-04,18,1
SA,2019-04-05,6,2
SA,2019-04-06,7,2
SA,2019-04-07,23,13
SA,2019-04-08,0,13
SA,2019-04-09,17,4
SA,2019-04-10,18,3
SA,2019-04-11,6,1
SA,2019-04-12,17,11
SA,2019-04-13,23,14
SA,2019-04-14,17,7
SA,2019-04-15,17,4
SA,2019-04-16,17,10
SA,2019-04-17,17,12
SA,2019-04-18,17,4
SA,2019-04-19,17,10
SA,2019-04-20,17,11
SA,2019-04-21,15,1
SA,2019-04-22,8,22
SA,2019-04-23,23,4
SA,2019-04-24,7,13
SA,2019-04-25,18,14
SA,2019-04-26,18,13
SA,2019-04-27,18,12
SA,2019-04-28,17,13
SA,2019-04-29,18,22
SA,2019-04-30,23,11
SA,2019-05-01,7,14
SA,2019-05-02,9,2
SA,2019-05-03,6,4
SA,2019-05-04,18,4
SA,2019-05-05,0,14
SA,2019-05-06,17,3
SA,2019-05-07,17,10
SA,2019-05-08,18,2
SA,2019-05-09,17,4
SA,2019-05-10,17,2
SA,2019-05-11,17,2
SA,2019-05-12,9,13
SA,2019-05-13,17,4
SA,2019-05-14,7,12
SA,2019-05-15,17,4
SA,2019-05-16,17,2
SA,2019-05-17,17,4
SA,2019-05-18,17,11
SA,2019-05-19,19,3
SA,2019-05-20,17,3
SA,2019-05-21,8,4
SA,2019-05-22,18,12
SA,2019-05-23,6,12
SA,2019-05-24,7,13
SA,2019-05-25,17,13
SA,2019-05-26,17,11
SA,2019-05-27,17,4
SA,2019-05-28,17,2
SA,2019-05-29,17,13
SA,2019-05-30,7,4
SA,2019-05-31,17,3
SA,2019-06-01,17,5
SA,2019-06-02,17,15
SA,2019-06-03,18,3
SA,2019-06-04,16,3
SA,2019-06-05,18,4
SA,2019-06-06,18,4
SA,2019-06-07,17,10
SA,2019-06-08,17,12
SA,2019-06-09,17,2
SA,2019-06-10,17,4
SA,2019-06-11,6,13
SA,2019-06-12,18,13
SA,2019-06-13,18,3
SA,2019-06-14,17,3
SA,2019-06-15,17,4
SA,2019-06-16,17,5
SA,2019-06-17,7,23
SA,2019-06-18,18,2
SA,2019-06-19,18,4
SA,2019-06-20,7,4
SA,2019-06-21,7,19
SA,2019-06-22,21,4
SA,2019-06-23,17,4
SA,2019-06-24,17,4
SA,2019-06-25,17,3
SA,2019-06-26,18,4
SA,2019-06-27,17,22
SA,2019-06-28,7,0
SA,2019-06-29,17,3
SA,2019-06-30,18,12
SA,2019-07-01,18,4
SA,2019-07-02,18,1
SA,2019-07-03,17,4
SA,2019-07-04,17,4
SA,2019-07-05,17,3
SA,2019-07-06,16,4
SA,2019-07-07,13,2
SA,2019-07-08,18,4
SA,2019-07-09,18,13
SA,2019-07-10,20,10
SA,2019-07-11,10,5
SA,2019-07-12,17,4
SA,2019-07-13,17,13
SA,2019-07-14,18,16
SA,2019-07-15,17,3
SA,2019-07-16,18,3
SA,2019-07-17,17,13
SA,2019-07-18,8,14
SA,2019-07-19,17,14
SA,2019-07-20,18,14
SA,2019-07-21,18,4
SA,2019-07-22,18,3
SA,2019-07-23,18,4
SA,2019-07-24,23,2
SA,2019-07-25,18,12
SA,2019-07-26,17,2
SA,2019-07-27,0,13
SA,2019-07-28,17,11
SA,2019-07-29,7,4
SA,2019-07-30,17,4
SA,2019-07-31,7,8
SA,2019-08-01,18,4
SA,2019-08-02,23,4
SA,2019-08-03,0,13
SA,2019-08-04,18,13
SA,2019-08-05,18,4
SA,2019-08-06,18,3
SA,2019-08-07,19,22
SA,2019-08-08,18,5
SA,2019-08-09,18,13
SA,2019-08-10,8,15
SA,2019-08-11,18,9
SA,2019-08-12,17,3
SA,2019-08-13,18,11
SA,2019-08-14,18,13
SA,2019-08-15,7,5
SA,2019-08-16,18,3
SA,2019-08-17,16,10
SA,2019-08-18,18,9
SA,2019-08-19,18,13
SA,2019-08-20,7,15
SA,2019-08-21,8,13
SA,2019-08-22,18,2
SA,2019-08-23,7,14
SA,2019-08-24,18,6
SA,2019-08-25,19,11
SA,2019-08-26,19,15
SA,2019-08-27,18,15
SA,2019-08-28,18,14
SA,2019-08-29,7,11
SA,2019-08-30,18,6
SA,2019-08-31,17,10
SA,2019-09-01,23,12
SA,2019-09-02,18,15
SA,2019-09-03,18,15
SA,2019-09-04,18,12
SA,2019-09-05,6,14
SA,2019-09-06,13,2
SA,2019-09-07,18,14
SA,2019-09-08,19,13
SA,2019-09-09,18,3
SA,2019-09-10,19,13
SA,2019-09-11,18,12
SA,2019-09-12,18,11
SA,2019-09-13,23,14
SA,2019-09-14,18,14
SA,2019-09-15,23,13
SA,2019-09-16,18,10
SA,2019-09-17,18,9
SA,2019-09-18,0,22
SA,2019-09-19,17,9
SA,2019-09-20,8,14
SA,2019-09-21,23,13
SA,2019-09-22,18,14
SA,2019-09-23,18,2
SA,2019-09-24,19,3
SA,2019-09-25,19,10
SA,2019-09-26,18,11
SA,2019-09-27,18,7
SA,2019-09-28,23,8
SA,2019-09-29,18,13
SA,2019-09-30,18,9
SA,2019-10-01,18,6
SA,2019-10-02,18,10
SA,2019-10-03,18,10
SA,2019-10-04,19,12
SA,2019-10-05,18,10
SA,2019-10-06,23,10
SA,2019-10-07,9,13
SA,2019-10-08,18,4
SA,2019-10-09,18,1
SA,2019-10-10,18,15
SA,2019-10-11,18,23
SA,2019-10-12,18,0
SA,2019-10-13,18,16
SA,2019-10-14,18,14
SA,2019-10-15,6,22
SA,2019-10-16,6,14
SA,2019-10-17,19,12
SA,2019-10-18,19,12
SA,2019-10-19,23,13
SA,2019-10-20,18,13
SA,2019-10-21,18,2
SA,2019-10-22,5,11
SA,2019-10-23,18,9
SA,2019-10-24,16,10
SA,2019-10-25,5,11
SA,2019-10-26,20,10
SA,2019-10-27,18,15
SA,2019-10-28,18,13
SA,2019-10-29,17,9
SA,2019-10-30,18,22
SA,2019-10-31,18,5
SA,2019-11-01,15,19
SA,2019-11-02,8,12
SA,2019-11-03,23,13
SA,2019-11-04,23,12
SA,2019-11-05,18,14
SA,2019-11-06,6,11
SA,2019-11-07,18,9
SA,2019-11-08,6,13
SA,2019-11-09,9,13
SA,2019-11-10,19,12
SA,2019-11-11,18,10
SA,2019-11-12,5,17
SA,2019-11-13,19,14
SA,2019-11-14,6,13
SA,2019-11-15,6,18
SA,2019-11-16,18,21
SA,2019-11-17,18,11
SA,2019-11-18,23,12
SA,2019-11-19,23,10
SA,2019-11-20,18,12
SA,2019-11-21,12,14
SA,2019-11-22,5,1
SA,2019-11-23,23,12
SA,2019-11-24,18,11
SA,2019-11-25,0,13
SA,2019-11-26,18,7
SA,2019-11-27,18,8
SA,2019-11-28,23,12
SA,2019-11-29,7,12
SA,2019-11-30,1,13
SA,2019-12-01,19,3
SA,2019-12-02,19,14
SA,2019-12-03,19,14
SA,2019-12-04,19,14
SA,2019-12-05,19,14
SA,2019-12-06,6,13
SA,2019-12-07,19,13
SA,2019-12-08,18,11
SA,2019-12-09,5,15
SA,2019-12-10,6,13
SA,2019-12-11,5,16
SA,2019-12-12,20,15
SA,2019-12-13,6,17
SA,2019-12-14,20,11
SA,2019-12-15,23,11
SA,2019-12-16,18,22
SA,2019-12-17,16,1
SA,2019-12-18,14,3
SA,2019-12-19,18,3
SA,2019-12-20,17,18
SA,2019-12-21,0,10
SA,2019-12-22,23,8
SA,2019-12-23,0,13
SA,2019-12-24,1,11
SA,2019-12-25,18,15
SA,2019-12-26,19,7
SA,2019-12-27,18,1
SA,2019-12-28,23,9
SA,2019-12-29,17,8
SA,2019-12-30,15,3
SA,2019-12-31,23,13
SA,2020-01-01,20,9
SA,2020-01-02,18,2
SA,2020-01-03,18,7
SA,2020-01-04,20,15
SA,2020-01-05,18,13
SA,2020-01-06,8,1
SA,2020-01-07,16,2
SA,2020-01-08,18,1
SA,2020-01-09,18,3
SA,2020-01-10,7,2
SA,2020-01-11,23,14
SA,2020-01-12,19,10
SA,2020-01-13,18,1
SA,2020-01-14,19,3
SA,2020-01-15,9,16
SA,2020-01-16,6,12
SA,2020-01-17,19,2
SA,2020-01-18,23,11
SA,2020-01-19,10,21
SA,2020-01-20,7,13
SA,2020-01-21,19,13
SA,2020-01-22,18,3
SA,2020-01-23,6,11
SA,2020-01-24,20,15
SA,2020-01-25,19,12
SA,2020-01-26,18,11
SA,2020-01-27,18,12
SA,2020-01-28,16,21
SA,2020-01-29,15,3
SA,2020-01-30,18,4
SA,2020-01-31,13,4
SA,2020-02-01,1,15
SA,2020-02-02,4,10
SA,2020-02-03,6,13
SA,2020-02-04,14,10
SA,2020-02-05,12,10
SA,2020-02-06,19,21
SA,2020-02-07,23,4
SA,2020-02-08,18,2
SA,2020-02-09,20,11
SA,2020-02-10,9,14
SA,2020-02-11,20,14
SA,2020-02-12,15,12
SA,2020-02-13,8,1
SA,2020-02-14,7,17
SA,2020-02-15,23,15
SA,2020-02-16,19,4
SA,2020-02-17,16,17
SA,2020-02-18,0,14
SA,2020-02-19,6,14
SA,2020-02-20,18,9
SA,2020-02-21,6,14
SA,2020-02-22,18,3
SA,2020-02-23,3,8
SA,2020-02-24,18,3
SA,2020-02-25,6,14
SA,2020-02-26,19,9
SA,2020-02-27,10,15
SA,2020-02-28,6,12
SA,2020-02-29,18,13
SA,2020-03-01,0,22
SA,2020-03-02,14,8
SA,2020-03-03,17,11
SA,2020-03-04,12,3
SA,2020-03-05,10,11
SA,2020-03-06,18,15
SA,2020-03-07,18,2
SA,2020-03-08,18,11
SA,2020-03-09,6,13
SA,2020-03-10,18,2
SA,2020-03-11,18,2
SA,2020-03-12,18,2
SA,2020-03-13,6,2
SA,2020-03-14,18,12
SA,2020-03-15,18,10
SA,2020-03-16,18,1
SA,2020-03-17,16,2
SA,2020-03-18,18,3
SA,2020-03-19,17,2
SA,2020-03-20,18,2
SA,2020-03-21,18,14
SA,2020-03-22,17,14
SA,2020-03-23,17,3
SA,2020-03-24,8,2
SA,2020-03-25,17,10
SA,2020-03-26,18,2
SA,2020-03-27,18,2
SA,2020-03-28,18,12
SA,2020-03-29,18,13
SA,2020-03-30,17,14
SA,2020-03-31,17,10
SA,2020-04-01,17,3
SA,2020-04-02,23,3
SA,2020-04-03,17,23
SA,2020-04-04,18,14
SA,2020-04-05,18,12
SA,2020-04-06,18,3
SA,2020-04-07,18,3
SA,2020-04-08,18,3
SA,2020-04-09,23,3
SA,2020-04-10,17,11
SA,2020-04-11,18,12
SA,2020-04-12,17,9
SA,2020-04-13,18,10
SA,2020-04-14,18,3
SA,2020-04-15,17,14
SA,2020-04-16,6,16
SA,2020-04-17,18,3
SA,2020-04-18,18,4
SA,2020-04-19,2,22
SA,2020-04-20,18,4
SA,2020-04-21,1,11
SA,2020-04-22,17,13
SA,2020-04-23,17,4
SA,2020-04-24,18,13
SA,2020-04-25,18,14
SA,2020-04-26,23,11
SA,2020-04-27,18,10
SA,2020-04-28,17,11
SA,2020-04-29,17,3
SA,2020-04-30,8,13
SA,2020-05-01,17,4
SA,2020-05-02,23,3
SA,2020-05-03,18,13
SA,2020-05-04,17,3
SA,2020-05-05,17,22
SA,2020-05-06,17,1
SA,2020-05-07,17,13
SA,2020-05-08,17,11
SA,2020-05-09,23,12
SA,2020-05-10,17,12
SA,2020-05-11,18,11
SA,2020-05-12,17,12
SA,2020-05-13,17,4
SA,2020-05-14,18,3
SA,2020-05-15,17,3
SA,2020-05-16,18,11
SA,2020-05-17,17,11
SA,2020-05-18,17,3
SA,2020-05-19,8,14
SA,2020-05-20,17,3
SA,2020-05-21,17,4
SA,2020-05-22,9,4
SA,2020-05-23,8,14
SA,2020-05-24,17,3
SA,2020-05-25,17,3
SA,2020-05-26,17,3
SA,2020-05-27,17,3
SA,2020-05-28,17,13
SA,2020-05-29,17,12
SA,2020-05-30,17,12
SA,2020-05-31,17,13
SA,2020-06-01,9,3
SA,2020-06-02,17,3
SA,2020-06-03,17,2
SA,2020-06-04,18,4
SA,2020-06-05,17,13
SA,2020-06-06,16,4
SA,2020-06-07,17,5
SA,2020-06-08,17,10
SA,2020-06-09,17,3
SA,2020-06-10,17,4
SA,2020-06-11,18,13
SA,2020-06-12,0,22
SA,2020-06-13,17,3
SA,2020-06-14,17,3
SA,2020-06-15,17,3
SA,2020-06-16,17,4
SA,2020-06-17,17,23
SA,2020-06-18,17,12
SA,2020-06-19,17,9
SA,2020-06-20,17,4
SA,2020-06-21,17,3
SA,2020-06-22,8,4
SA,2020-06-23,17,5
SA,2020-06-24,17,4
SA,2020-06-25,18,4
SA,2020-06-26,17,12
SA,2020-06-27,17,12
SA,2020-06-28,17,13
SA,2020-06-29,8,3
SA,2020-06-30,7,12
SA,2020-07-01,17,3
SA,2020-07-02,8,3
SA,2020-07-03,12,3
SA,2020-07-04,18,5
SA,2020-07-05,17,3
SA,2020-07-06,17,22
SA,2020-07-07,17,3
SA,2020-07-08,17,13
SA,2020-07-09,17,12
SA,2020-07-10,8,3
SA,2020-07-11,18,4
SA,2020-07-12,18,6
SA,2020-07-13,17,2
SA,2020-07-14,17,3
SA,2020-07-15,22,13
SA,2020-07-16,8,13
SA,2020-07-17,8,14
SA,2020-07-18,23,4
SA,2020-07-19,18,16
SA,2020-07-20,6,2
SA,2020-07-21,18,1
SA,2020-07-22,17,4
SA,2020-07-23,18,2
SA,2020-07-24,18,13
SA,2020-07-25,18,16
SA,2020-07-26,17,6
SA,2020-07-27,8,14
SA,2020-07-28,18,2
SA,2020-07-29,6,13
SA,2020-07-30,16,14
SA,2020-07-31,7,13
SA,2020-08-01,20,12
SA,2020-08-02,17,13
SA,2020-08-03,8,13
SA,2020-08-04,18,11
SA,2020-08-05,16,12
SA,2020-08-06,0,13
SA,2020-08-07,10,4
SA,2020-08-08,9,4
SA,2020-08-09,0,11
SA,2020-08-10,17,12
SA,2020-08-11,17,4
SA,2020-08-12,17,3
SA,2020-08-13,23,4
SA,2020-08-14,11,4
SA,2020-08-15,23,15
SA,2020-08-16,18,14
SA,2020-08-17,18,12
SA,2020-08-18,17,16
SA,2020-08-19,9,16
SA,2020-08-20,15,4
SA,2020-08-21,18,1
SA,2020-08-22,0,12
SA,2020-08-23,18,13
SA,2020-08-24,18,13
SA,2020-08-25,18,17
SA,2020-08-26,18,13
SA,2020-08-27,6,12
SA,2020-08-28,18,13
SA,2020-08-29,0,13
SA,2020-08-30,18,1
SA,2020-08-31,18,14
SA,2020-09-01,0,10
SA,2020-09-02,18,14
SA,2020-09-03,18,10
SA,2020-09-04,9,12
SA,2020-09-05,18,12
SA,2020-09-06,0,23
SA,2020-09-07,18,12
SA,2020-09-08,16,3
SA,2020-09-09,17,11
SA,2020-09-10,17,8
SA,2020-09-11,17,5
SA,2020-09-12,18,1
SA,2020-09-13,18,12
SA,2020-09-14,18,3
SA,2020-09-15,18,12
SA,2020-09-16,18,4
SA,2020-09-17,23,10
SA,2020-09-18,7,11
SA,2020-09-19,18,8
SA,2020-09-20,18,12
SA,2020-09-21,18,10
SA,2020-09-22,18,13
SA,2020-09-23,23,12
SA,2020-09-24,18,12
SA,2020-09-25,9,11
SA,2020-09-26,19,13
SA,2020-09-27,18,14
SA,2020-09-28,18,12
SA,2020-09-29,17,0
SA,2020-09-30,8,14
SA,2020-10-01,18,11
SA,2020-10-02,17,9
SA,2020-10-03,23,7
SA,2020-10-04,16,20
SA,2020-10-05,17,9
SA,2020-10-06,18,12
SA,2020-10-07,15,10
SA,2020-10-08,18,12
SA,2020-10-09,18,11
SA,2020-10-10,18,13
SA,2020-10-11,18,13
SA,2020-10-12,5,13
SA,2020-10-13,5,11
SA,2020-10-14,5,12
SA,2020-10-15,18,3
SA,2020-10-16,17,3
SA,2020-10-17,6,12
SA,2020-10-18,18,14
SA,2020-10-19,6,13
SA,2020-10-20,18,13
SA,2020-10-21,6,12
SA,2020-10-22,16,22
SA,2020-10-23,7,22
SA,2020-10-24,19,12
SA,2020-10-25,19,10
SA,2020-10-26,6,11
SA,2020-10-27,6,16
SA,2020-10-28,5,11
SA,2020-10-29,9,14
SA,2020-10-30,23,1
SA,2020-10-31,6,9
SA,2020-11-01,18,12
SA,2020-11-02,18,10
SA,2020-11-03,17,9
SA,2020-11-04,20,15
SA,2020-11-05,18,15
SA,2020-11-06,6,15
SA,2020-11-07,0,7
SA,2020-11-08,18,9
SA,2020-11-09,18,3
SA,2020-11-10,18,22
SA,2020-11-11,6,9
SA,2020-11-12,23,3
SA,2020-11-13,18,14
SA,2020-11-14,19,22
SA,2020-11-15,16,8
SA,2020-11-16,19,13
SA,2020-11-17,18,11
SA,2020-11-18,17,9
SA,2020-11-19,17,9
SA,2020-11-20,22,14
SA,2020-11-21,17,22
SA,2020-11-22,17,11
SA,2020-11-23,6,14
SA,2020-11-24,5,14
SA,2020-11-25,17,9
SA,2020-11-26,18,7
SA,2020-11-27,18,9
SA,2020-11-28,14,21
SA,2020-11-29,18,8
SA,2020-11-30,18,9
SA,2020-12-01,5,12
SA,2020-12-02,23,0
SA,2020-12-03,18,14
SA,2020-12-04,11,9
SA,2020-12-05,0,12
SA,2020-12-06,19,9
SA,2020-12-07,23,11
SA,2020-12-08,19,13
SA,2020-12-09,18,11
SA,2020-12-10,20,14
SA,2020-12-11,19,8
SA,2020-12-12,22,10
SA,2020-12-13,0,9
SA,2020-12-14,16,9
SA,2020-12-15,8,14
SA,2020-12-16,6,12
SA,2020-12-17,5,17
SA,2020-12-18,19,13
SA,2020-12-19,3,14
SA,2020-12-20,19,2
SA,2020-12-21,7,16
SA,2020-12-22,21,15
SA,2020-12-23,5,12
SA,2020-12-24,0,14
SA,2020-12-25,23,14
SA,2020-12-26,19,11
SA,2020-12-27,0,8
SA,2020-12-28,23,17
SA,2020-12-29,23,13
SA,2020-12-30,0,10
SA,2020-12-31,23,9
SA,2021-01-01,0,11
SA,2021-01-02,5,15
SA,2021-01-03,7,14
SA,2021-01-04,0,8
SA,2021-01-05,23,16
SA,2021-01-06,0,13
SA,2021-01-07,20,10
SA,2021-01-08,18,3
SA,2021-01-09,18,10
SA,2021-01-10,18,11
SA,2021-01-11,13,9
SA,2021-01-12,19,9
SA,2021-01-13,10,15
SA,2021-01-14,23,14
SA,2021-01-15,0,12
SA,2021-01-16,5,14
SA,2021-01-17,18,14
SA,2021-01-18,0,15
SA,2021-01-19,0,12
SA,2021-01-20,18,3
SA,2021-01-21,18,11
SA,2021-01-22,3,10
SA,2021-01-23,18,8
SA,2021-01-24,18,11
SA,2021-01-25,15,9
SA,2021-01-26,1,16
SA,2021-01-27,20,9
SA,2021-01-28,8,1
SA,2021-01-29,5,14
SA,2021-01-30,5,14
SA,2021-01-31,21,9
SA,2021-02-01,7,15
SA,2021-02-02,6,9
SA,2021-02-03,23,8
SA,2021-02-04,7,20
SA,2021-02-05,19,15
SA,2021-02-06,23,14
SA,2021-02-07,0,12
SA,2021-02-08,6,11
SA,2021-02-09,18,2
SA,2021-02-10,18,1
SA,2021-02-11,19,3
SA,2021-02-12,19,13
SA,2021-02-13,4,13
SA,2021-02-14,5,11
SA,2021-02-15,18,10
SA,2021-02-16,17,10
SA,2021-02-17,18,2
SA,2021-02-18,19,10
SA,2021-02-19,14,3
SA,2021-02-20,1,12
SA,2021-02-21,0,14
SA,2021-02-22,6,14
SA,2021-02-23,5,9
SA,2021-02-24,19,15
SA,2021-02-25,6,14
SA,2021-02-26,6,15
SA,2021-02-27,18,14
SA,2021-02-28,19,14
SA,2021-03-01,6,11
SA,2021-03-02,14,10
SA,2021-03-03,6,13
SA,2021-03-04,19,13
SA,2021-03-05,4,14
SA,2021-03-06,18,13
SA,2021-03-07,7,11
SA,2021-03-08,0,12
SA,2021-03-09,18,11
SA,2021-03-10,23,11
SA,2021-03-11,17,14
SA,2021-03-12,19,11
SA,2021-03-13,0,14
SA,2021-03-14,19,13
SA,2021-03-15,6,10
SA,2021-03-16,13,10
SA,2021-03-17,16,22
SA,2021-03-18,17,10
SA,2021-03-19,6,9
SA,2021-03-20,23,11
SA,2021-03-21,17,11
SA,2021-03-22,6,21
SA,2021-03-23,6,14
SA,2021-03-24,6,14
SA,2021-03-25,18,13
SA,2021-03-26,5,13
SA,2021-03-27,0,15
SA,2021-03-28,18,14
SA,2021-03-29,6,14
SA,2021-03-30,6,12
SA,2021-03-31,17,10
SA,2021-04-01,17,8
SA,2021-04-02,18,10
SA,2021-04-03,17,12
SA,2021-04-04,5,12
SA,2021-04-05,18,11
SA,2021-04-06,17,11
SA,2021-04-07,18,11
SA,2021-04-08,20,11
SA,2021-04-09,18,3
SA,2021-04-10,0,11
SA,2021-04-11,18,10
SA,2021-04-12,18,10
SA,2021-04-13,18,12
SA,2021-04-14,23,12
SA,2021-04-15,6,12
SA,2021-04-16,11,15
SA,2021-04-17,18,14
SA,2021-04-18,19,10
SA,2021-04-19,6,11
SA,2021-04-20,18,14
SA,2021-04-21,7,14
SA,2021-04-22,18,10
SA,2021-04-23,7,3
SA,2021-04-24,17,12
SA,2021-04-25,18,10
SA,2021-04-26,18,12
SA,2021-04-27,18,12
SA,2021-04-28,7,11
SA,2021-04-29,18,12
SA,2021-04-30,16,11
SA,2021-05-01,17,10
SA,2021-05-02,20,13
SA,2021-05-03,18,22
SA,2021-05-04,17,14
SA,2021-05-05,18,10
SA,2021-05-06,17,3
SA,2021-05-07,18,4
SA,2021-05-08,17,3
SA,2021-05-09,18,13
SA,2021-05-10,18,12
SA,2021-05-11,18,3
SA,2021-05-12,17,3
SA,2021-05-13,14,12
SA,2021-05-14,17,3
SA,2021-05-15,17,11
SA,2021-05-16,18,13
SA,2021-05-17,17,3
SA,2021-05-18,17,12
SA,2021-05-19,16,11
SA,2021-05-20,15,3
SA,2021-05-21,16,12
SA,2021-05-22,17,12
SA,2021-05-23,17,9
SA,2021-05-24,16,10
SA,2021-05-25,14,3
SA,2021-05-26,17,3
SA,2021-05-27,7,3
SA,2021-05-28,7,17
SA,2021-05-29,19,9
SA,2021-05-30,18,11
SA,2021-05-31,18,3
SA,2021-06-01,16,22
SA,2021-06-02,19,0
SA,2021-06-03,8,23
SA,2021-06-04,17,1
SA,2021-06-05,17,13
SA,2021-06-06,17,13
SA,2021-06-07,17,10
SA,2021-06-08,17,2
SA,2021-06-09,7,14
SA,2021-06-10,17,4
SA,2021-06-11,16,17
SA,2021-06-12,18,12
SA,2021-06-13,22,13
SA,2021-06-14,20,19
SA,2021-06-15,7,19
SA,2021-06-16,16,0
SA,2021-06-17,7,3
SA,2021-06-18,7,13
SA,2021-06-19,18,13
SA,2021-06-20,18,11
SA,2021-06-21,17,21
SA,2021-06-22,8,11
SA,2021-06-23,17,3
SA,2021-06-24,7,3
SA,2021-06-25,5,14
SA,2021-06-26,17,13
SA,2021-06-27,17,2
SA,2021-06-28,17,11
SA,2021-06-29,17,13
SA,2021-06-30,17,3
SA,2021-07-01,17,13
SA,2021-07-02,9,12
SA,2021-07-03,1,12
SA,2021-07-04,18,11
SA,2021-07-05,16,5
SA,2021-07-06,17,4
SA,2021-07-07,17,4
SA,2021-07-08,23,3
SA,2021-07-09,8,5
SA,2021-07-10,2,13
SA,2021-07-11,0,10
SA,2021-07-12,18,4
SA,2021-07-13,17,11
SA,2021-07-14,10,12
SA,2021-07-15,17,14
SA,2021-07-16,20,3
SA,2021-07-17,18,14
SA,2021-07-18,19,3
SA,2021-07-19,17,23
SA,2021-07-20,19,2
SA,2021-07-21,18,1
SA,2021-07-22,21,3
SA,2021-07-23,13,3
SA,2021-07-24,14,3
SA,2021-07-25,18,12
SA,2021-07-26,17,12
SA,2021-07-27,17,11
SA,2021-07-28,18,11
SA,2021-07-29,7,13
SA,2021-07-30,7,3
SA,2021-07-31,21,12
SA,2021-08-01,18,12
SA,2021-08-02,9,15
SA,2021-08-03,18,13
SA,2021-08-04,8,3
SA,2021-08-05,20,3
SA,2021-08-06,18,4
SA,2021-08-07,18,13
SA,2021-08-08,18,11
SA,2021-08-09,18,11
SA,2021-08-10,18,14
SA,2021-08-11,18,16
SA,2021-08-12,18,3
SA,2021-08-13,0,12
SA,2021-08-14,17,11
SA,2021-08-15,1,13
SA,2021-08-16,18,14
SA,2021-08-17,18,3
SA,2021-08-18,18,12
SA,2021-08-19,0,23
SA,2021-08-20,22,14
SA,2021-08-21,21,13
SA,2021-08-22,0,11
SA,2021-08-23,18,15
SA,2021-08-24,8,11
SA,2021-08-25,18,3
SA,2021-08-26,18,15
SA,2021-08-27,18,11
SA,2021-08-28,19,10
SA,2021-08-29,18,13
SA,2021-08-30,0,11
SA,2021-08-31,23,12
SA,2021-09-01,1,8
SA,2021-09-02,18,10
SA,2021-09-03,11,13
SA,2021-09-04,17,15
SA,2021-09-05,18,13
SA,2021-09-06,18,12
SA,2021-09-07,21,13
SA,2021-09-08,17,12
SA,2021-09-09,23,11
SA,2021-09-10,1,12
SA,2021-09-11,18,10
SA,2021-09-12,18,15
SA,2021-09-13,18,11
SA,2021-09-14,18,10
SA,2021-09-15,18,12
SA,2021-09-16,17,11
SA,2021-09-17,19,10
SA,2021-09-18,18,10
SA,2021-09-19,18,12
SA,2021-09-20,18,12
SA,2021-09-21,19,3
SA,2021-09-22,19,13
SA,2021-09-23,18,13
SA,2021-09-24,1,14
SA,2021-09-25,18,12
SA,2021-09-26,18,9
SA,2021-09-27,17,9
SA,2021-09-28,20,2
SA,2021-09-29,9,2
SA,2021-09-30,12,13
SA,2021-10-01,18,13
SA,2021-10-02,18,13
SA,2021-10-03,0,15
SA,2021-10-04,17,7
SA,2021-10-05,18,11
SA,2021-10-06,0,8
SA,2021-10-07,18,11
SA,2021-10-08,18,12
SA,2021-10-09,0,10
SA,2021-10-10,18,13
SA,2021-10-11,6,14
SA,2021-10-12,6,12
SA,2021-10-13,19,11
SA,2021-10-14,17,10
SA,2021-10-15,6,12
SA,2021-10-16,18,3
SA,2021-10-17,18,11
SA,2021-10-18,18,13
SA,2021-10-19,18,10
SA,2021-10-20,5,8
SA,2021-10-21,23,11
SA,2021-10-22,1,12
SA,2021-10-23,20,14
SA,2021-10-24,19,13
SA,2021-10-25,18,12
SA,2021-10-26,18,9
SA,2021-10-27,10,13
SA,2021-10-28,0,14
SA,2021-10-29,18,12
SA,2021-10-30,18,13
SA,2021-10-31,18,8
SA,2021-11-01,17,12
SA,2021-11-02,16,9
SA,2021-11-03,6,15
SA,2021-11-04,6,13
SA,2021-11-05,18,2
SA,2021-11-06,18,16
SA,2021-11-07,18,14
SA,2021-11-08,18,15
SA,2021-11-09,17,11
SA,2021-11-10,6,12
SA,2021-11-11,21,12
SA,2021-11-12,19,12
SA,2021-11-13,1,13
SA,2021-11-14,0,12
SA,2021-11-15,19,13
SA,2021-11-16,18,12
SA,2021-11-17,19,5
SA,2021-11-18,18,8
SA,2021-11-19,23,2
SA,2021-11-20,0,14
SA,2021-11-21,19,13
SA,2021-11-22,18,11
SA,2021-11-23,8,12
SA,2021-11-24,5,13
SA,2021-11-25,7,13
SA,2021-11-26,20,13
SA,2021-11-27,19,13
SA,2021-11-28,5,12
SA,2021-11-29,18,10
SA,2021-11-30,12,7
SA,2021-12-01,20,7
SA,2021-12-02,20,13
SA,2021-12-03,14,2
SA,2021-12-04,19,12
SA,2021-12-05,19,8
SA,2021-12-06,5,13
SA,2021-12-07,5,13
SA,2021-12-08,0,11
SA,2021-12-09,21,15
SA,2021-12-10,23,14
SA,2021-12-11,19,11
SA,2021-12-12,17,9
SA,2021-12-13,13,4
SA,2021-12-14,19,14
SA,2021-12-15,6,16
SA,2021-12-16,18,9
SA,2021-12-17,18,11
SA,2021-12-18,0,3
SA,2021-12-19,3,11
SA,2021-12-20,19,11
SA,2021-12-21,4,11
SA,2021-12-22,0,14
SA,2021-12-23,23,13
SA,2021-12-24,19,14
SA,2021-12-25,0,12
SA,2021-12-26,23,7
SA,2021-12-27,23,11
SA,2021-12-28,19,10
SA,2021-12-29,12,9
SA,2021-12-30,19,9
SA,2021-12-31,18,7
SA,2022-01-01,17,7
SA,2022-01-02,1,14
SA,2022-01-03,4,13
SA,2022-01-04,20,15
SA,2022-01-05,23,16
SA,2022-01-06,0,13
SA,2022-01-07,8,16
SA,2022-01-08,19,11
SA,2022-01-09,19,12
SA,2022-01-10,12,7
SA,2022-01-11,14,2
SA,2022-01-12,18,3
SA,2022-01-13,0,13
SA,2022-01-14,22,16
SA,2022-01-15,19,12
SA,2022-01-16,18,13
SA,2022-01-17,5,13
SA,2022-01-18,6,11
SA,2022-01-19,20,12
SA,2022-01-20,19,9
SA,2022-01-21,19,10
SA,2022-01-22,18,7
SA,2022-01-23,18,7
SA,2022-01-24,20,8
SA,2022-01-25,8,16
SA,2022-01-26,18,11
SA,2022-01-27,19,10
SA,2022-01-28,8,14
SA,2022-01-29,1,9
SA,2022-01-30,12,7
SA,2022-01-31,17,7
SA,2022-02-01,0,14
SA,2022-02-02,23,9
SA,2022-02-03,6,13
SA,2022-02-04,19,9
SA,2022-02-05,19,9
SA,2022-02-06,19,9
SA,2022-02-07,18,10
SA,2022-02-08,12,9
SA,2022-02-09,6,14
SA,2022-02-10,5,13
SA,2022-02-11,19,9
SA,2022-02-12,18,9
SA,2022-02-13,18,8
SA,2022-02-14,18,12
SA,2022-02-15,11,15
SA,2022-02-16,6,13
SA,2022-02-17,18,15
SA,2022-02-18,19,13
SA,2022-02-19,23,14
SA,2022-02-20,0,13
SA,2022-02-21,20,14
SA,2022-02-22,18,11
SA,2022-02-23,14,9
SA,2022-02-24,6,10
SA,2022-02-25,6,9
SA,2022-02-26,6,11
SA,2022-02-27,18,12
SA,2022-02-28,6,16
SA,2022-03-01,7,15
SA,2022-03-02,6,10
SA,2022-03-03,11,9
SA,2022-03-04,8,22
SA,2022-03-05,0,13
SA,2022-03-06,19,13
SA,2022-03-07,6,15
SA,2022-03-08,6,11
SA,2022-03-09,18,12
SA,2022-03-10,18,11
SA,2022-03-11,6,14
SA,2022-03-12,18,12
SA,2022-03-13,17,10
SA,2022-03-14,12,10
SA,2022-03-15,15,22
SA,2022-03-16,15,9
SA,2022-03-17,17,1
SA,2022-03-18,18,11
SA,2022-03-19,18,9
SA,2022-03-20,18,10
SA,2022-03-21,19,10
SA,2022-03-22,6,11
SA,2022-03-23,17,10
SA,2022-03-24,6,15
SA,2022-03-25,6,12
SA,2022-03-26,18,11
SA,2022-03-27,17,11
SA,2022-03-28,6,13
SA,2022-03-29,7,14
SA,2022-03-30,6,12
SA,2022-03-31,6,10
SA,2022-04-01,18,9
SA,2022-04-02,18,12
SA,2022-04-03,23,11
SA,2022-04-04,18,13
SA,2022-04-05,6,9
SA,2022-04-06,7,13
SA,2022-04-07,18,13
SA,2022-04-08,18,11
SA,2022-04-09,18,10
SA,2022-04-10,14,11
SA,2022-04-11,17,11
SA,2022-04-12,18,2
SA,2022-04-13,17,10
SA,2022-04-14,23,9
SA,2022-04-15,2,12
SA,2022-04-16,18,12
SA,2022-04-17,16,11
SA,2022-04-18,8,4
SA,2022-04-19,8,15
SA,2022-04-20,18,2
SA,2022-04-21,17,23
SA,2022-04-22,17,11
SA,2022-04-23,17,11
SA,2022-04-24,18,12
SA,2022-04-25,17,12
SA,2022-04-26,18,10
SA,2022-04-27,4,13
SA,2022-04-28,17,13
SA,2022-04-29,16,1
SA,2022-04-30,19,12
SA,2022-05-01,18,12
SA,2022-05-02,17,12
SA,2022-05-03,23,11
SA,2022-05-04,19,13
SA,2022-05-05,17,14
SA,2022-05-06,7,11
SA,2022-05-07,20,11
SA,2022-05-08,17,12
SA,2022-05-09,18,13
SA,2022-05-10,17,11
SA,2022-05-11,7,14
SA,2022-05-12,19,4
SA,2022-05-13,7,23
SA,2022-05-14,16,11
SA,2022-05-15,6,9
SA,2022-05-16,9,12
SA,2022-05-17,7,14
SA,2022-05-18,8,13
SA,2022-05-19,13,10
SA,2022-05-20,17,10
SA,2022-05-21,17,13
SA,2022-05-22,18,14
SA,2022-05-23,17,3
SA,2022-05-24,17,11
SA,2022-05-25,19,3
SA,2022-05-26,17,14
SA,2022-05-27,17,1
SA,2022-05-28,21,11
SA,2022-05-29,17,12
SA,2022-05-30,10,4
SA,2022-05-31,19,14
SA,2022-06-01,20,3
SA,2022-06-02,17,23
SA,2022-06-03,7,15
SA,2022-06-04,17,11
SA,2022-06-05,18,13
SA,2022-06-06,6,11
SA,2022-06-07,18,13
SA,2022-06-08,18,13
SA,2022-06-09,17,13
SA,2022-06-10,23,4
SA,2022-06-11,0,12
SA,2022-06-12,22,13
SA,2022-06-13,18,20
SA,2022-06-14,0,15
SA,2022-06-15,20,3
SA,2022-06-16,20,11
SA,2022-06-17,20,11
SA,2022-06-18,18,12
SA,2022-06-19,18,12
SA,2022-06-20,20,11
SA,2022-06-21,23,12
SA,2022-06-22,23,12
SA,2022-06-23,17,13
SA,2022-06-24,18,1
SA,2022-06-25,21,12
SA,2022-06-26,20,14
SA,2022-06-27,17,3
SA,2022-06-28,17,14
SA,2022-06-29,15,3
SA,2022-06-30,18,12
SA,2022-07-01,17,3
SA,2022-07-02,8,13
SA,2022-07-03,17,13
SA,2022-07-04,17,3
SA,2022-07-05,18,3
SA,2022-07-06,18,13
SA,2022-07-07,23,12
SA,2022-07-08,8,14
SA,2022-07-09,8,14
SA,2022-07-10,0,12
SA,2022-07-11,17,4
SA,2022-07-12,17,12
SA,2022-07-13,19,4
SA,2022-07-14,17,13
SA,2022-07-15,18,14
SA,2022-07-16,17,12
SA,2022-07-17,21,12
SA,2022-07-18,18,2
SA,2022-07-19,16,22
SA,2022-07-20,8,14
SA,2022-07-21,7,15
SA,2022-07-22,16,12
SA,2022-07-23,19,12
SA,2022-07-24,0,11
SA,2022-07-25,9,11
SA,2022-07-26,18,13
SA,2022-07-27,7,12
SA,2022-07-28,7,12
SA,2022-07-29,17,13
SA,2022-07-30,0,9
SA,2022-07-31,18,7
SA,2022-08-01,17,13
SA,2022-08-02,18,11
SA,2022-08-03,22,12
SA,2022-08-04,0,10
SA,2022-08-05,17,13
SA,2022-08-06,18,13
SA,2022-08-07,19,14
SA,2022-08-08,7,12
SA,2022-08-09,7,13
SA,2022-08-10,11,13
SA,2022-08-11,18,12
SA,2022-08-12,18,12
SA,2022-08-13,0,12
SA,2022-08-14,20,13
SA,2022-08-15,17,0
SA,2022-08-16,18,12
SA,2022-08-17,1,11
SA,2022-08-18,8,4
SA,2022-08-19,17,12
SA,2022-08-20,23,14
SA,2022-08-21,0,12
SA,2022-08-22,16,4
SA,2022-08-23,18,13
SA,2022-08-24,17,3
SA,2022-08-25,7,3
SA,2022-08-26,7,10
SA,2022-08-27,0,14
SA,2022-08-28,18,9
SA,2022-08-29,9,13
SA,2022-08-30,21,14
SA,2022-08-31,11,13
SA,2022-09-01,6,14
SA,2022-09-02,18,14
SA,2022-09-03,22,11
SA,2022-09-04,18,10
SA,2022-09-05,18,11
SA,2022-09-06,18,10
SA,2022-09-07,23,14
SA,2022-09-08,0,11
SA,2022-09-09,18,13
SA,2022-09-10,18,13
SA,2022-09-11,9,12
SA,2022-09-12,9,15
SA,2022-09-13,2,11
SA,2022-09-14,18,13
SA,2022-09-15,7,12
SA,2022-09-16,19,12
SA,2022-09-17,19,11
SA,2022-09-18,18,11
SA,2022-09-19,18,12
SA,2022-09-20,20,9
SA,2022-09-21,23,3
SA,2022-09-22,19,11
SA,2022-09-23,7,14
SA,2022-09-24,18,11
SA,2022-09-25,14,11
SA,2022-09-26,18,15
SA,2022-09-27,6,14
SA,2022-09-28,18,13
SA,2022-09-29,0,14
SA,2022-09-30,18,11
SA,2022-10-01,23,11
SA,2022-10-02,18,12
SA,2022-10-03,18,8
SA,2022-10-04,0,13
SA,2022-10-05,11,16
SA,2022-10-06,18,12
SA,2022-10-07,0,13
SA,2022-10-08,19,13
SA,2022-10-09,18,12
SA,2022-10-10,1,11
SA,2022-10-11,18,12
SA,2022-10-12,18,2
SA,2022-10-13,7,13
SA,2022-10-14,19,12
SA,2022-10-15,8,12
SA,2022-10-16,18,10
SA,2022-10-17,18,9
SA,2022-10-18,21,13
SA,2022-10-19,6,7
SA,2022-10-20,18,11
SA,2022-10-21,6,14
SA,2022-10-22,5,12
SA,2022-10-23,18,10
SA,2022-10-24,17,14
SA,2022-10-25,18,14
SA,2022-10-26,6,14
SA,2022-10-27,6,15
SA,2022-10-28,19,13
SA,2022-10-29,19,10
SA,2022-10-30,0,13
SA,2022-10-31,7,11
SA,2022-11-01,20,14
SA,2022-11-02,6,11
SA,2022-11-03,19,13
SA,2022-11-04,5,14
SA,2022-11-05,18,10
SA,2022-11-06,18,9
SA,2022-11-07,17,9
SA,2022-11-08,18,9
SA,2022-11-09,17,11
SA,2022-11-10,8,9
SA,2022-11-11,18,12
SA,2022-11-12,21,17
SA,2022-11-13,3,15
SA,2022-11-14,23,14
SA,2022-11-15,12,8
SA,2022-11-16,8,16
SA,2022-11-17,16,8
SA,2022-11-18,1,8
SA,2022-11-19,5,6
SA,2022-11-20,19,14
SA,2022-11-21,20,14
SA,2022-11-22,20,13
SA,2022-11-23,19,14
SA,2022-11-24,19,13
SA,2022-11-25,18,7
SA,2022-11-26,19,14
SA,2022-11-27,19,13
SA,2022-11-28,5,15
SA,2022-11-29,5,12
SA,2022-11-30,5,15
SA,2022-12-01,19,14
SA,2022-12-02,19,12
SA,2022-12-03,18,10
SA,2022-12-04,18,9
SA,2022-12-05,23,14
SA,2022-12-06,16,8
SA,2022-12-07,0,10
SA,2022-12-08,19,12
SA,2022-12-09,18,13
SA,2022-12-10,23,13
SA,2022-12-11,0,12
SA,2022-12-12,0,8
SA,2022-12-13,5,16
SA,2022-12-14,20,11
SA,2022-12-15,5,14
SA,2022-12-16,5,12
SA,2022-12-17,4,11
SA,2022-12-18,19,8
SA,2022-12-19,20,8
SA,2022-12-20,13,16
SA,2022-12-21,18,9
SA,2022-12-22,0,13
SA,2022-12-23,19,14
SA,2022-12-24,19,12
SA,2022-12-25,19,9
SA,2022-12-26,12,9
SA,2022-12-27,19,10
SA,2022-12-28,2,12
SA,2022-12-29,19,8
SA,2022-12-30,18,11
SA,2022-12-31,18,9
SA,2023-01-01,18,9
SA,2023-01-02,22,16
SA,2023-01-03,4,13
SA,2023-01-04,0,13
SA,2023-01-05,20,12
SA,2023-01-06,19,11
SA,2023-01-07,19,9
SA,2023-01-08,17,10
SA,2023-01-09,5,13
SA,2023-01-10,19,12
SA,2023-01-11,20,10
SA,2023-01-12,5,12
SA,2023-01-13,18,7
SA,2023-01-14,18,16
SA,2023-01-15,23,12
SA,2023-01-16,18,10
SA,2023-01-17,23,10
SA,2023-01-18,1,14
SA,2023-01-19,20,8
SA,2023-01-20,23,14
SA,2023-01-21,6,12
SA,2023-01-22,19,13
SA,2023-01-23,18,11
SA,2023-01-24,15,17
SA,2023-01-25,5,13
SA,2023-01-26,19,14
SA,2023-01-27,13,10
SA,2023-01-28,23,7
SA,2023-01-29,3,18
SA,2023-01-30,6,15
SA,2023-01-31,5,14
SA,2023-02-01,22,9
SA,2023-02-02,0,11
SA,2023-02-03,19,14
SA,2023-02-04,20,14
SA,2023-02-05,18,13
SA,2023-02-06,18,14
SA,2023-02-07,19,14
SA,2023-02-08,14,10
SA,2023-02-09,18,11
SA,2023-02-10,0,13
SA,2023-02-11,0,13
SA,2023-02-12,19,13
SA,2023-02-13,6,13
SA,2023-02-14,19,11
SA,2023-02-15,18,9
SA,2023-02-16,19,9
SA,2023-02-17,6,14
SA,2023-02-18,18,14
SA,2023-02-19,18,11
SA,2023-02-20,18,11
SA,2023-02-21,6,12
SA,2023-02-22,16,10
SA,2023-02-23,19,10
SA,2023-02-24,17,8
SA,2023-02-25,7,15
SA,2023-02-26,18,11
SA,2023-02-27,18,8
SA,2023-02-28,6,15
SA,2023-03-01,5,15
SA,2023-03-02,6,14
SA,2023-03-03,18,12
SA,2023-03-04,18,13
SA,2023-03-05,0,18
SA,2023-03-06,6,13
SA,2023-03-07,6,11
SA,2023-03-08,6,11
SA,2023-03-09,18,14
SA,2023-03-10,18,12
SA,2023-03-11,18,12
SA,2023-03-12,1,14
SA,2023-03-13,18,12
SA,2023-03-14,18,13
SA,2023-03-15,6,12
SA,2023-03-16,6,14
SA,2023-03-17,4,13
SA,2023-03-18,19,10
SA,2023-03-19,3,14
SA,2023-03-20,23,13
SA,2023-03-21,18,1
SA,2023-03-22,6,11
SA,2023-03-23,18,12
SA,2023-03-24,6,14
SA,2023-03-25,17,12
SA,2023-03-26,18,10
SA,2023-03-27,18,3
SA,2023-03-28,6,13
SA,2023-03-29,7,15
SA,2023-03-30,6,11
SA,2023-03-31,6,12
SA,2023-04-01,18,10
SA,2023-04-02,18,11
SA,2023-04-03,18,12
SA,2023-04-04,18,10
SA,2023-04-05,17,12
SA,2023-04-06,18,11
SA,2023-04-07,6,13
SA,2023-04-08,18,15
SA,2023-04-09,17,11
SA,2023-04-10,17,13
SA,2023-04-11,16,23
SA,2023-04-12,21,13
SA,2023-04-13,17,14
SA,2023-04-14,17,11
SA,2023-04-15,17,2
SA,2023-04-16,18,14
SA,2023-04-17,17,11
SA,2023-04-18,1,13
SA,2023-04-19,17,10
SA,2023-04-20,18,12
SA,2023-04-21,18,10
SA,2023-04-22,18,13
SA,2023-04-23,17,11
SA,2023-04-24,17,11
SA,2023-04-25,17,10
SA,2023-04-26,17,13
SA,2023-04-27,2,14
SA,2023-04-28,17,11
SA,2023-04-29,18,12
SA,2023-04-30,17,12
SA,2023-05-01,6,13
SA,2023-05-02,7,12
SA,2023-05-03,23,12
SA,2023-05-04,7,4
SA,2023-05-05,0,11
SA,2023-05-06,0,12
SA,2023-05-07,18,13
SA,2023-05-08,7,12
SA,2023-05-09,18,13
SA,2023-05-10,17,11
SA,2023-05-11,16,11
SA,2023-05-12,7,12
SA,2023-05-13,17,12
SA,2023-05-14,18,12
SA,2023-05-15,16,12
SA,2023-05-16,7,3
SA,2023-05-17,6,12
SA,2023-05-18,18,15
SA,2023-05-19,5,13
SA,2023-05-20,2,23
SA,2023-05-21,17,5
SA,2023-05-22,17,14
SA,2023-05-23,6,13
SA,2023-05-24,0,12
SA,2023-05-25,10,4
SA,2023-05-26,7,13
SA,2023-05-27,0,13
SA,2023-05-28,17,12
SA,2023-05-29,23,13
SA,2023-05-30,18,12
SA,2023-05-31,0,11
SA,2023-06-01,13,2
SA,2023-06-02,12,23
SA,2023-06-03,17,23
SA,2023-06-04,17,9
SA,2023-06-05,17,4
SA,2023-06-06,16,12
SA,2023-06-07,7,15
SA,2023-06-08,8,13
SA,2023-06-09,23,3
SA,2023-06-10,0,11
SA,2023-06-11,17,12
SA,2023-06-12,0,13
SA,2023-06-13,17,12
SA,2023-06-14,17,1
SA,2023-06-15,17,4
SA,2023-06-16,18,10
SA,2023-06-17,20,8
SA,2023-06-18,1,13
SA,2023-06-19,22,1
SA,2023-06-20,17,23
SA,2023-06-21,15,3
SA,2023-06-22,14,23
SA,2023-06-23,10,2
SA,2023-06-24,18,10
SA,2023-06-25,18,12
SA,2023-06-26,16,3
SA,2023-06-27,14,4
SA,2023-06-28,7,15
SA,2023-06-29,0,13
SA,2023-06-30,18,12
SA,2023-07-01,17,13
SA,2023-07-02,17,10
SA,2023-07-03,11,3
SA,2023-07-04,18,23
SA,2023-07-05,17,12
SA,2023-07-06,17,12
SA,2023-07-07,7,12
SA,2023-07-08,18,13
SA,2023-07-09,23,12
SA,2023-07-10,0,13
SA,2023-07-11,17,13
SA,2023-07-12,18,13
SA,2023-07-13,17,11
SA,2023-07-14,18,10
SA,2023-07-15,17,3
SA,2023-07-16,17,13
SA,2023-07-17,18,13
SA,2023-07-18,2,13
SA,2023-07-19,17,13
SA,2023-07-20,18,3
SA,2023-07-21,17,12
SA,2023-07-22,17,12
SA,2023-07-23,18,10
SA,2023-07-24,17,2
SA,2023-07-25,18,13
SA,2023-07-26,17,11
SA,2023-07-27,17,12
SA,2023-07-28,18,0
SA,2023-07-29,6,11
SA,2023-07-30,18,14
SA,2023-07-31,7,13
SA,2023-08-01,18,4
SA,2023-08-02,17,13
SA,2023-08-03,18,13
SA,2023-08-04,22,11
SA,2023-08-05,13,10
SA,2023-08-06,18,5
SA,2023-08-07,17,11
SA,2023-08-08,17,11
SA,2023-08-09,17,14
SA,2023-08-10,18,3
SA,2023-08-11,19,13
SA,2023-08-12,4,12
SA,2023-08-13,14,10
SA,2023-08-14,0,10
SA,2023-08-15,18,13
SA,2023-08-16,18,12
SA,2023-08-17,1,13
SA,2023-08-18,18,13
SA,2023-08-19,18,12
SA,2023-08-20,18,13
SA,2023-08-21,2,12
SA,2023-08-22,18,11
SA,2023-08-23,18,10
SA,2023-08-24,0,13
SA,2023-08-25,6,13
SA,2023-08-26,18,13
SA,2023-08-27,18,12
SA,2023-08-28,18,12
SA,2023-08-29,0,13
SA,2023-08-30,7,15
SA,2023-08-31,17,15
SA,2023-09-01,18,15
SA,2023-09-02,6,12
SA,2023-09-03,17,14
SA,2023-09-04,5,1
SA,2023-09-05,18,10
SA,2023-09-06,2,13
SA,2023-09-07,19,17
SA,2023-09-08,0,13
SA,2023-09-09,18,11
SA,2023-09-10,18,9
SA,2023-09-11,18,10
SA,2023-09-12,0,12
SA,2023-09-13,1,12
SA,2023-09-14,17,12
SA,2023-09-15,22,14
SA,2023-09-16,0,12
SA,2023-09-17,18,12
SA,2023-09-18,18,12
SA,2023-09-19,2,15
SA,2023-09-20,21,11
SA,2023-09-21,18,13
SA,2023-09-22,17,14
SA,2023-09-23,18,13
SA,2023-09-24,23,11
SA,2023-09-25,22,11
SA,2023-09-26,17,12
SA,2023-09-27,1,13
SA,2023-09-28,19,12
SA,2023-09-29,22,13
SA,2023-09-30,3,14
SA,2023-10-01,18,14
SA,2023-10-02,18,13
SA,2023-10-03,18,13
SA,2023-10-04,5,14
SA,2023-10-05,18,11
SA,2023-10-06,18,14
SA,2023-10-07,18,9
SA,2023-10-08,18,13
SA,2023-10-09,18,12
SA,2023-10-10,18,13
SA,2023-10-11,0,14
SA,2023-10-12,19,13
SA,2023-10-13,18,11
SA,2023-10-14,23,14
SA,2023-10-15,18,11
SA,2023-10-16,18,14
SA,2023-10-17,18,9
SA,2023-10-18,18,11
SA,2023-10-19,18,10
SA,2023-10-20,17,12
SA,2023-10-21,0,14
SA,2023-10-22,23,13
SA,2023-10-23,5,22
SA,2023-10-24,20,13
SA,2023-10-25,19,13
SA,2023-10-26,19,14
SA,2023-10-27,19,14
SA,2023-10-28,23,10
SA,2023-10-29,18,12
SA,2023-10-30,1,15
SA,2023-10-31,18,14
SA,2023-11-01,18,13
SA,2023-11-02,18,13
SA,2023-11-03,5,15
SA,2023-11-04,0,13
SA,2023-11-05,18,12
SA,2023-11-06,18,12
SA,2023-11-07,19,10
SA,2023-11-08,23,12
SA,2023-11-09,18,12
SA,2023-11-10,18,11
SA,2023-11-11,19,14
SA,2023-11-12,23,13
SA,2023-11-13,18,10
SA,2023-11-14,19,15
SA,2023-11-15,5,14
SA,2023-11-16,23,16
SA,2023-11-17,0,16
SA,2023-11-18,18,13
SA,2023-11-19,18,13
SA,2023-11-20,7,11
SA,2023-11-21,3,14
SA,2023-11-22,20,13
SA,2023-11-23,6,10
SA,2023-11-24,18,16
SA,2023-11-25,5,14
SA,2023-11-26,19,15
SA,2023-11-27,5,15
SA,2023-11-28,11,13
SA,2023-11-29,6,15
SA,2023-11-30,19,7
SA,2023-12-01,22,12
SA,2023-12-02,0,16
SA,2023-12-03,19,14
SA,2023-12-04,18,10
SA,2023-12-05,19,13
SA,2023-12-06,18,13
SA,2023-12-07,18,11
SA,2023-12-08,11,12
SA,2023-12-09,1,14
SA,2023-12-10,18,12
SA,2023-12-11,6,2
SA,2023-12-12,19,13
SA,2023-12-13,8,15
SA,2023-12-14,19,15
SA,2023-12-15,1,14
SA,2023-12-16,19,13
SA,2023-12-17,18,10
SA,2023-12-18,9,11
SA,2023-12-19,5,14
SA,2023-12-20,5,10
SA,2023-12-21,5,13
SA,2023-12-22,20,11
SA,2023-12-23,5,11
SA,2023-12-24,0,13
SA,2023-12-25,23,14
SA,2023-12-26,22,11
SA,2023-12-27,5,12
SA,2023-12-28,14,13
SA,2023-12-29,19,15
SA,2023-12-30,5,14
SA,2023-12-31,23,12
SA,2024-01-01,20,12
SA,2024-01-02,23,16
SA,2024-01-03,9,12
SA,2024-01-04,19,13
SA,2024-01-05,19,10
SA,2024-01-06,9,7
SA,2024-01-07,1,13
SA,2024-01-08,2,15
SA,2024-01-09,18,10
SA,2024-01-10,18,14
SA,2024-01-11,19,11
SA,2024-01-12,12,9
SA,2024-01-13,5,15
SA,2024-01-14,20,10
SA,2024-01-15,16,10
SA,2024-01-16,5,13
SA,2024-01-17,20,14
SA,2024-01-18,4,15
SA,2024-01-19,21,9
SA,2024-01-20,19,10
SA,2024-01-21,0,15
SA,2024-01-22,19,12
SA,2024-01-23,19,10
SA,2024-01-24,18,4
SA,2024-01-25,7,13
SA,2024-01-26,0,14
SA,2024-01-27,20,12
SA,2024-01-28,22,12
SA,2024-01-29,2,15
SA,2024-01-30,6,15
SA,2024-01-31,19,13
SA,2024-02-01,5,12
SA,2024-02-02,18,12
SA,2024-02-03,18,11
SA,2024-02-04,18,11
SA,2024-02-05,7,13
SA,2024-02-06,5,10
SA,2024-02-07,5,14
SA,2024-02-08,19,12
SA,2024-02-09,5,13
SA,2024-02-10,18,10
SA,2024-02-11,18,9
SA,2024-02-12,18,9
SA,2024-02-13,3,14
SA,2024-02-14,2,14
SA,2024-02-15,18,14
SA,2024-02-16,18,13
SA,2024-02-17,5,13
SA,2024-02-18,4,11
SA,2024-02-19,18,14
SA,2024-02-20,14,8
SA,2024-02-21,18,9
SA,2024-02-22,4,11
SA,2024-02-23,6,16
SA,2024-02-24,23,13
SA,2024-02-25,3,10
SA,2024-02-26,18,11
SA,2024-02-27,18,9
SA,2024-02-28,8,11
SA,2024-02-29,6,13
SA,2024-03-01,20,11
SA,2024-03-02,19,13
SA,2024-03-03,1,14
SA,2024-03-04,16,12
SA,2024-03-05,18,11
SA,2024-03-06,18,11
SA,2024-03-07,18,12
SA,2024-03-08,18,9
SA,2024-03-09,18,10
SA,2024-03-10,17,7
SA,2024-03-11,18,10
SA,2024-03-12,14,10
SA,2024-03-13,17,22
SA,2024-03-14,17,14
SA,2024-03-15,6,12
SA,2024-03-16,18,10
SA,2024-03-17,17,10
SA,2024-03-18,18,11
SA,2024-03-19,6,11
SA,2024-03-20,6,13
SA,2024-03-21,6,12
SA,2024-03-22,6,12
SA,2024-03-23,18,13
SA,2024-03-24,18,13
SA,2024-03-25,6,14
SA,2024-03-26,6,13
SA,2024-03-27,6,14
SA,2024-03-28,17,12
SA,2024-03-29,17,12
SA,2024-03-30,17,11
SA,2024-03-31,17,12
SA,2024-04-01,1,21
SA,2024-04-02,23,11
SA,2024-04-03,18,15
SA,2024-04-04,0,11
SA,2024-04-05,7,14
SA,2024-04-06,5,14
SA,2024-04-07,18,12
SA,2024-04-08,6,12
SA,2024-04-09,21,13
SA,2024-04-10,0,14
SA,2024-04-11,17,13
SA,2024-04-12,9,13
SA,2024-04-13,17,12
SA,2024-04-14,20,10
SA,2024-04-15,7,11
SA,2024-04-16,6,14
SA,2024-04-17,6,11
SA,2024-04-18,9,13
SA,2024-04-19,6,15
SA,2024-04-20,17,11
SA,2024-04-21,17,13
SA,2024-04-22,17,13
SA,2024-04-23,18,12
SA,2024-04-24,17,11
SA,2024-04-25,17,11
SA,2024-04-26,17,14
SA,2024-04-27,17,10
SA,2024-04-28,18,13
SA,2024-04-29,18,3
SA,2024-04-30,18,10
SA,2024-05-01,20,14
SA,2024-05-02,22,11
SA,2024-05-03,8,11
SA,2024-05-04,17,12
SA,2024-05-05,7,13
SA,2024-05-06,7,14
SA,2024-05-07,7,13
SA,2024-05-08,7,12
SA,2024-05-09,19,2
SA,2024-05-10,7,21
SA,2024-05-11,17,14
SA,2024-05-12,17,13
SA,2024-05-13,17,13
SA,2024-05-14,18,12
SA,2024-05-15,7,13
SA,2024-05-16,17,13
SA,2024-05-17,7,13
SA,2024-05-18,17,12
SA,2024-05-19,20,13
SA,2024-05-20,7,1
SA,2024-05-21,17,3
SA,2024-05-22,7,11
SA,2024-05-23,7,9
SA,2024-05-24,7,0
SA,2024-05-25,17,13
SA,2024-05-26,18,13
SA,2024-05-27,7,13
SA,2024-05-28,17,12
SA,2024-05-29,17,11
SA,2024-05-30,17,4
SA,2024-05-31,17,11
SA,2024-06-01,3,11
SA,2024-06-02,18,13
SA,2024-06-03,17,3
SA,2024-06-04,18,1
SA,2024-06-05,7,23
SA,2024-06-06,16,3
SA,2024-06-07,17,3
SA,2024-06-08,7,23
SA,2024-06-09,17,12
SA,2024-06-10,0,15
SA,2024-06-11,17,13
SA,2024-06-12,17,5
SA,2024-06-13,17,3
SA,2024-06-14,9,15
SA,2024-06-15,9,13
SA,2024-06-16,17,12
SA,2024-06-17,17,3
SA,2024-06-18,11,2
SA,2024-06-19,7,11
SA,2024-06-20,18,10
SA,2024-06-21,17,13
SA,2024-06-22,19,11
SA,2024-06-23,18,13
SA,2024-06-24,18,2
SA,2024-06-25,7,13
SA,2024-06-26,7,13
SA,2024-06-27,17,14
SA,2024-06-28,17,22
SA,2024-06-29,10,2
SA,2024-06-30,18,11
SA,2024-07-01,8,11
SA,2024-07-02,17,23
SA,2024-07-03,8,23
SA,2024-07-04,7,1
SA,2024-07-05,17,14
SA,2024-07-06,22,13
SA,2024-07-07,18,11
SA,2024-07-08,17,2
SA,2024-07-09,8,3
SA,2024-07-10,16,13
SA,2024-07-11,20,2
SA,2024-07-12,2,14
SA,2024-07-13,22,14
SA,2024-07-14,2,12
SA,2024-07-15,7,15
SA,2024-07-16,18,12
SA,2024-07-17,9,14
SA,2024-07-18,8,23
SA,2024-07-19,22,4
SA,2024-07-20,20,15
SA,2024-07-21,17,14
SA,2024-07-22,18,14
SA,2024-07-23,17,13
SA,2024-07-24,18,14
SA,2024-07-25,9,12
SA,2024-07-26,7,13
SA,2024-07-27,3,14
SA,2024-07-28,20,11
SA,2024-07-29,18,10
SA,2024-07-30,19,13
SA,2024-07-31,18,12
SA,2024-08-01,17,12
SA,2024-08-02,17,9
SA,2024-08-03,19,13
SA,2024-08-04,16,11
SA,2024-08-05,8,13
SA,2024-08-06,19,14
SA,2024-08-07,0,13
SA,2024-08-08,19,5
SA,2024-08-09,7,13
SA,2024-08-10,18,12
SA,2024-08-11,18,12
SA,2024-08-12,18,11
SA,2024-08-13,17,12
SA,2024-08-14,18,12
SA,2024-08-15,17,13
SA,2024-08-16,8,12
SA,2024-08-17,23,11
SA,2024-08-18,18,10
SA,2024-08-19,7,10
SA,2024-08-20,18,12
SA,2024-08-21,17,12
SA,2024-08-22,7,13
SA,2024-08-23,0,14
SA,2024-08-24,7,13
SA,2024-08-25,0,16
SA,2024-08-26,8,13
SA,2024-08-27,0,14
SA,2024-08-28,19,14
SA,2024-08-29,4,12
SA,2024-08-30,19,15
SA,2024-08-31,20,14
SA,2024-09-01,23,11
SA,2024-09-02,23,11
SA,2024-09-03,18,12
SA,2024-09-04,17,12
SA,2024-09-05,18,2
SA,2024-09-06,9,4
SA,2024-09-07,18,13
SA,2024-09-08,1,11
SA,2024-09-09,18,12
SA,2024-09-10,19,11
SA,2024-09-11,2,15
SA,2024-09-12,18,14
SA,2024-09-13,18,13
SA,2024-09-14,19,13
SA,2024-09-15,18,14
SA,2024-09-16,19,12
SA,2024-09-17,18,14
SA,2024-09-18,23,12
SA,2024-09-19,0,13
SA,2024-09-20,19,16
SA,2024-09-21,18,12
SA,2024-09-22,18,14
SA,2024-09-23,18,10
SA,2024-09-24,18,12
SA,2024-09-25,7,23
SA,2024-09-26,18,9
SA,2024-09-27,18,9
SA,2024-09-28,0,13
SA,2024-09-29,19,15
SA,2024-09-30,6,10
SA,2024-10-01,18,14
SA,2024-10-02,18,11
SA,2024-10-03,1,10
SA,2024-10-04,20,9
SA,2024-10-05,18,14
SA,2024-10-06,20,13
SA,2024-10-07,6,14
SA,2024-10-08,18,9
SA,2024-10-09,18,11
SA,2024-10-10,18,14
SA,2024-10-11,19,9
SA,2024-10-12,18,12
SA,2024-10-13,19,11
SA,2024-10-14,0,13
SA,2024-10-15,20,9
SA,2024-10-16,18,12
SA,2024-10-17,10,8
SA,2024-10-18,7,14
SA,2024-10-19,18,10
SA,2024-10-20,18,12
SA,2024-10-21,18,14
SA,2024-10-22,14,12
SA,2024-10-23,7,14
SA,2024-10-24,23,14
SA,2024-10-25,1,13
SA,2024-10-26,18,13
SA,2024-10-27,0,9
SA,2024-10-28,18,13
SA,2024-10-29,23,13
SA,2024-10-30,4,12
SA,2024-10-31,19,11
SA,2024-11-01,18,13
SA,2024-11-02,18,12
SA,2024-11-03,19,12
SA,2024-11-04,18,13
SA,2024-11-05,18,11
SA,2024-11-06,14,15
SA,2024-11-07,4,11
SA,2024-11-08,21,12
SA,2024-11-09,19,13
SA,2024-11-10,0,14
SA,2024-11-11,15,14
SA,2024-11-12,16,14
SA,2024-11-13,23,15
SA,2024-11-14,5,13
SA,2024-11-15,18,11
SA,2024-11-16,19,8
SA,2024-11-17,1,12
SA,2024-11-18,23,15
SA,2024-11-19,5,14
SA,2024-11-20,18,10
SA,2024-11-21,18,10
SA,2024-11-22,17,8
SA,2024-11-23,12,7
SA,2024-11-24,17,11
SA,2024-11-25,7,16
SA,2024-11-26,16,10
SA,2024-11-27,22,13
SA,2024-11-28,5,12
SA,2024-11-29,7,11
SA,2024-11-30,7,13
SA,2024-12-01,22,13
SA,2024-12-02,17,10
SA,2024-12-03,0,12
SA,2024-12-04,18,10
SA,2024-12-05,14,8
SA,2024-12-06,23,11
SA,2024-12-07,0,17
SA,2024-12-08,23,11
SA,2024-12-09,18,15
SA,2024-12-10,20,13
SA,2024-12-11,5,11
SA,2024-12-12,23,13
SA,2024-12-13,20,13
SA,2024-12-14,21,8
SA,2024-12-15,14,7
SA,2024-12-16,18,10
SA,2024-12-17,5,10
SA,2024-12-18,20,7
SA,2024-12-19,18,8
SA,2024-12-20,3,14
SA,2024-12-21,23,13
SA,2024-12-22,1,12
SA,2024-12-23,23,14
SA,2024-12-24,19,11
SA,2024-12-25,19,8
SA,2024-12-26,0,8
SA,2024-12-27,23,13
SA,2024-12-28,23,9
SA,2024-12-29,5,14
SA,2024-12-30,23,10
SA,2024-12-31,4,13
VIC,2015-01-01,14,18
VIC,2015-01-02,10,12
VIC,2015-01-03,15,5
VIC,2015-01-04,13,5
VIC,2015-01-05,16,2
VIC,2015-01-06,16,2
VIC,2015-01-07,13,14
VIC,2015-01-08,14,3
VIC,2015-01-09,11,22
VIC,2015-01-10,9,5
VIC,2015-01-11,20,22
VIC,2015-01-12,16,2
VIC,2015-01-13,8,2
VIC,2015-01-14,8,1
VIC,2015-01-15,8,3
VIC,2015-01-16,7,3
VIC,2015-01-17,20,23
VIC,2015-01-18,20,4
VIC,2015-01-19,7,3
VIC,2015-01-20,15,3
VIC,2015-01-21,13,3
VIC,2015-01-22,14,3
VIC,2015-01-23,15,3
VIC,2015-01-24,0,6
VIC,2015-01-25,18,11
VIC,2015-01-26,11,2
VIC,2015-01-27,7,22
VIC,2015-01-28,16,2
VIC,2015-01-29,7,2
VIC,2015-01-30,6,2
VIC,2015-01-31,10,2
VIC,2015-02-01,17,3
VIC,2015-02-02,6,2
VIC,2015-02-03,9,2
VIC,2015-02-04,6,3
VIC,2015-02-05,6,2
VIC,2015-02-06,14,2
VIC,2015-02-07,14,3
VIC,2015-02-08,17,3
VIC,2015-02-09,16,3
VIC,2015-02-10,15,2
VIC,2015-02-11,13,3
VIC,2015-02-12,11,22
VIC,2015-02-13,13,10
VIC,2015-02-14,13,3
VIC,2015-02-15,19,3
VIC,2015-02-16,16,4
VIC,2015-02-17,6,1
VIC,2015-02-18,19,1
VIC,2015-02-19,13,3
VIC,2015-02-20,10,4
VIC,2015-02-21,18,1
VIC,2015-02-22,17,23
VIC,2015-02-23,9,3
VIC,2015-02-24,6,1
VIC,2015-02-25,16,1
VIC,2015-02-26,6,2
VIC,2015-02-27,15,2
VIC,2015-02-28,16,1
VIC,2015-03-01,17,4
VIC,2015-03-02,19,2
VIC,2015-03-03,16,2
VIC,2015-03-04,10,22
VIC,2015-03-05,8,1
VIC,2015-03-06,19,1
VIC,2015-03-07,8,2
VIC,2015-03-08,19,3
VIC,2015-03-09,16,3
VIC,2015-03-10,6,2
VIC,2015-03-11,6,3
VIC,2015-03-12,6,1
VIC,2015-03-13,6,2
VIC,2015-03-14,19,12
VIC,2015-03-15,19,3
VIC,2015-03-16,16,3
VIC,2015-03-17,6,2
VIC,2015-03-18,18,2
VIC,2015-03-19,16,2
VIC,2015-03-20,12,3
VIC,2015-03-21,7,3
VIC,2015-03-22,18,5
VIC,2015-03-23,6,2
VIC,2015-03-24,6,4
VIC,2015-03-25,6,2
VIC,2015-03-26,7,3
VIC,2015-03-27,18,2
VIC,2015-03-28,18,3
VIC,2015-03-29,18,3
VIC,2015-03-30,6,3
VIC,2015-03-31,6,3
VIC,2015-04-01,6,1
VIC,2015-04-02,18,1
VIC,2015-04-03,19,20
VIC,2015-04-04,18,4
VIC,2015-04-05,18,7
VIC,2015-04-06,18,2
VIC,2015-04-07,18,3
VIC,2015-04-08,8,4
VIC,2015-04-09,8,3
VIC,2015-04-10,18,3
VIC,2015-04-11,18,1
VIC,2015-04-12,18,3
VIC,2015-04-13,18,3
VIC,2015-04-14,18,3
VIC,2015-04-15,16,4
VIC,2015-04-16,18,1
VIC,2015-04-17,9,2
VIC,2015-04-18,9,13
VIC,2015-04-19,18,5
VIC,2015-04-20,8,2
VIC,2015-04-21,8,3
VIC,2015-04-22,18,3
VIC,2015-04-23,18,4
VIC,2015-04-24,6,2
VIC,2015-04-25,18,4
VIC,2015-04-26,18,2
VIC,2015-04-27,18,4
VIC,2015-04-28,17,3
VIC,2015-04-29,6,4
VIC,2015-04-30,8,3
VIC,2015-05-01,8,4
VIC,2015-05-02,18,4
VIC,2015-05-03,18,4
VIC,2015-05-04,17,3
VIC,2015-05-05,17,3
VIC,2015-05-06,18,3
VIC,2015-05-07,18,3
VIC,2015-05-08,7,4
VIC,2015-05-09,18,4
VIC,2015-05-10,18,3
VIC,2015-05-11,17,2
VIC,2015-05-12,18,2
VIC,2015-05-13,18,2
VIC,2015-05-14,6,3
VIC,2015-05-15,17,1
VIC,2015-05-16,18,2
VIC,2015-05-17,18,5
VIC,2015-05-18,17,3
VIC,2015-05-19,10,2
VIC,2015-05-20,17,3
VIC,2015-05-21,8,2
VIC,2015-05-22,18,4
VIC,2015-05-23,17,4
VIC,2015-05-24,17,3
VIC,2015-05-25,17,3
VIC,2015-05-26,6,3
VIC,2015-05-27,10,3
VIC,2015-05-28,7,0
VIC,2015-05-29,17,3
VIC,2015-05-30,18,3
VIC,2015-05-31,18,5
VIC,2015-06-01,18,3
VIC,2015-06-02,6,2
VIC,2015-06-03,6,23
VIC,2015-06-04,8,3
VIC,2015-06-05,8,3
VIC,2015-06-06,9,22
VIC,2015-06-07,17,4
VIC,2015-06-08,17,4
VIC,2015-06-09,17,3
VIC,2015-06-10,6,3
VIC,2015-06-11,7,3
VIC,2015-06-12,8,3
VIC,2015-06-13,17,5
VIC,2015-06-14,17,5
VIC,2015-06-15,8,3
VIC,2015-06-16,17,0
VIC,2015-06-17,17,3
VIC,2015-06-18,12,3
VIC,2015-06-19,17,3
VIC,2015-06-20,17,4
VIC,2015-06-21,17,4
VIC,2015-06-22,17,3
VIC,2015-06-23,17,3
VIC,2015-06-24,8,3
VIC,2015-06-25,17,3
VIC,2015-06-26,8,4
VIC,2015-06-27,17,22
VIC,2015-06-28,17,2
VIC,2015-06-29,18,3
VIC,2015-06-30,17,4
VIC,2015-07-01,8,2
VIC,2015-07-02,18,4
VIC,2015-07-03,8,22
VIC,2015-07-04,17,6
VIC,2015-07-05,18,2
VIC,2015-07-06,8,3
VIC,2015-07-07,17,3
VIC,2015-07-08,8,4
VIC,2015-07-09,8,1
VIC,2015-07-10,18,3
VIC,2015-07-11,17,1
VIC,2015-07-12,18,22
VIC,2015-07-13,9,0
VIC,2015-07-14,6,3
VIC,2015-07-15,7,4
VIC,2015-07-16,7,4
VIC,2015-07-17,8,4
VIC,2015-07-18,18,3
VIC,2015-07-19,18,5
VIC,2015-07-20,18,4
VIC,2015-07-21,17,3
VIC,2015-07-22,18,4
VIC,2015-07-23,8,3
VIC,2015-07-24,8,3
VIC,2015-07-25,9,5
VIC,2015-07-26,17,4
VIC,2015-07-27,18,3
VIC,2015-07-28,18,4
VIC,2015-07-29,18,4
VIC,2015-07-30,18,4
VIC,2015-07-31,8,4
VIC,2015-08-01,18,3
VIC,2015-08-02,18,12
VIC,2015-08-03,18,4
VIC,2015-08-04,6,23
VIC,2015-08-05,18,3
VIC,2015-08-06,7,3
VIC,2015-08-07,7,3
VIC,2015-08-08,18,3
VIC,2015-08-09,17,4
VIC,2015-08-10,18,4
VIC,2015-08-11,18,3
VIC,2015-08-12,7,4
VIC,2015-08-13,18,3
VIC,2015-08-14,7,3
VIC,2015-08-15,18,4
VIC,2015-08-16,1,13
VIC,2015-08-17,18,1
VIC,2015-08-18,7,4
VIC,2015-08-19,6,4
VIC,2015-08-20,18,4
VIC,2015-08-21,7,2
VIC,2015-08-22,18,14
VIC,2015-08-23,18,4
VIC,2015-08-24,8,3
VIC,2015-08-25,18,3
VIC,2015-08-26,18,0
VIC,2015-08-27,9,4
VIC,2015-08-28,9,3
VIC,2015-08-29,18,5
VIC,2015-08-30,18,6
VIC,2015-08-31,18,4
VIC,2015-09-01,18,3
VIC,2015-09-02,18,3
VIC,2015-09-03,13,4
VIC,2015-09-04,12,3
VIC,2015-09-05,18,4
VIC,2015-09-06,18,6
VIC,2015-09-07,18,3
VIC,2015-09-08,18,1
VIC,2015-09-09,8,2
VIC,2015-09-10,18,4
VIC,2015-09-11,18,12
VIC,2015-09-12,18,2
VIC,2015-09-13,18,6
VIC,2015-09-14,18,3
VIC,2015-09-15,18,2
VIC,2015-09-16,18,3
VIC,2015-09-17,22,3
VIC,2015-09-18,23,4
VIC,2015-09-19,18,11
VIC,2015-09-20,18,3
VIC,2015-09-21,18,4
VIC,2015-09-22,18,4
VIC,2015-09-23,8,17
VIC,2015-09-24,19,1
VIC,2015-09-25,22,16
VIC,2015-09-26,18,16
VIC,2015-09-27,19,4
VIC,2015-09-28,18,21
VIC,2015-09-29,18,4
VIC,2015-09-30,18,3
VIC,2015-10-01,19,3
VIC,2015-10-02,18,3
VIC,2015-10-03,16,7
VIC,2015-10-04,16,3
VIC,2015-10-05,16,3
VIC,2015-10-06,12,3
VIC,2015-10-07,6,2
VIC,2015-10-08,18,2
VIC,2015-10-09,13,2
VIC,2015-10-10,18,3
VIC,2015-10-11,18,22
VIC,2015-10-12,6,3
VIC,2015-10-13,6,2
VIC,2015-10-14,18,3
VIC,2015-10-15,14,2
VIC,2015-10-16,18,3
VIC,2015-10-17,8,4
VIC,2015-10-18,18,3
VIC,2015-10-19,6,2
VIC,2015-10-20,14,3
VIC,2015-10-21,8,1
VIC,2015-10-22,6,3
VIC,2015-10-23,6,3
VIC,2015-10-24,8,22
VIC,2015-10-25,18,5
VIC,2015-10-26,17,3
VIC,2015-10-27,6,3
VIC,2015-10-28,6,3
VIC,2015-10-29,13,22
VIC,2015-10-30,9,3
VIC,2015-10-31,16,22
VIC,2015-11-01,11,3
VIC,2015-11-02,18,22
VIC,2015-11-03,19,4
VIC,2015-11-04,9,1
VIC,2015-11-05,8,2
VIC,2015-11-06,9,22
VIC,2015-11-07,19,3
VIC,2015-11-08,18,5
VIC,2015-11-09,16,4
VIC,2015-11-10,12,0
VIC,2015-11-11,6,2
VIC,2015-11-12,6,2
VIC,2015-11-13,6,3
VIC,2015-11-14,8,3
VIC,2015-11-15,19,3
VIC,2015-11-16,15,2
VIC,2015-11-17,19,3
VIC,2015-11-18,15,2
VIC,2015-11-19,9,1
VIC,2015-11-20,11,14
VIC,2015-11-21,19,3
VIC,2015-11-22,19,13
VIC,2015-11-23,19,2
VIC,2015-11-24,16,2
VIC,2015-11-25,15,4
VIC,2015-11-26,22,13
VIC,2015-11-27,6,3
VIC,2015-11-28,6,3
VIC,2015-11-29,17,22
VIC,2015-11-30,15,3
VIC,2015-12-01,16,15
VIC,2015-12-02,6,3
VIC,2015-12-03,17,2
VIC,2015-12-04,16,2
VIC,2015-12-05,11,17
VIC,2015-12-06,14,2
VIC,2015-12-07,7,2
VIC,2015-12-08,6,2
VIC,2015-12-09,23,2
VIC,2015-12-10,6,3
VIC,2015-12-11,12,3
VIC,2015-12-12,20,5
VIC,2015-12-13,19,3
VIC,2015-12-14,15,2
VIC,2015-12-15,15,3
VIC,2015-12-16,16,2
VIC,2015-12-17,16,3
VIC,2015-12-18,16,1
VIC,2015-12-19,15,5
VIC,2015-12-20,11,5
VIC,2015-12-21,12,2
VIC,2015-12-22,16,3
VIC,2015-12-23,9,3
VIC,2015-12-24,16,23
VIC,2015-12-25,17,9
VIC,2015-12-26,20,10
VIC,2015-12-27,23,1
VIC,2015-12-28,22,4
VIC,2015-12-29,23,16
VIC,2015-12-30,15,3
VIC,2015-12-31,14,2
VIC,2016-01-01,16,5
VIC,2016-01-02,23,18
VIC,2016-01-03,23,3
VIC,2016-01-04,8,2
VIC,2016-01-05,9,2
VIC,2016-01-06,23,2
VIC,2016-01-07,23,2
VIC,2016-01-08,6,2
VIC,2016-01-09,15,2
VIC,2016-01-10,15,5
VIC,2016-01-11,14,3
VIC,2016-01-12,13,3
VIC,2016-01-13,15,2
VIC,2016-01-14,10,12
VIC,2016-01-15,16,2
VIC,2016-01-16,10,3
VIC,2016-01-17,18,4
VIC,2016-01-18,15,3
VIC,2016-01-19,16,3
VIC,2016-01-20,16,3
VIC,2016-01-21,13,2
VIC,2016-01-22,12,4
VIC,2016-01-23,8,3
VIC,2016-01-24,18,3
VIC,2016-01-25,15,3
VIC,2016-01-26,17,4
VIC,2016-01-27,11,3
VIC,2016-01-28,16,3
VIC,2016-01-29,5,2
VIC,2016-01-30,20,5
VIC,2016-01-31,19,3
VIC,2016-02-01,6,3
VIC,2016-02-02,15,3
VIC,2016-02-03,6,2
VIC,2016-02-04,6,2
VIC,2016-02-05,13,2
VIC,2016-02-06,17,6
VIC,2016-02-07,17,4
VIC,2016-02-08,15,3
VIC,2016-02-09,15,3
VIC,2016-02-10,15,2
VIC,2016-02-11,15,3
VIC,2016-02-12,16,3
VIC,2016-02-13,16,5
VIC,2016-02-14,19,5
VIC,2016-02-15,6,2
VIC,2016-02-16,6,2
VIC,2016-02-17,6,2
VIC,2016-02-18,19,3
VIC,2016-02-19,15,2
VIC,2016-02-20,11,22
VIC,2016-02-21,17,0
VIC,2016-02-22,15,2
VIC,2016-02-23,15,3
VIC,2016-02-24,15,2
VIC,2016-02-25,16,2
VIC,2016-02-26,6,3
VIC,2016-02-27,19,3
VIC,2016-02-28,19,22
VIC,2016-02-29,19,2
VIC,2016-03-01,14,3
VIC,2016-03-02,15,3
VIC,2016-03-03,15,22
VIC,2016-03-04,13,4
VIC,2016-03-05,15,22
VIC,2016-03-06,15,3
VIC,2016-03-07,15,2
VIC,2016-03-08,16,2
VIC,2016-03-09,15,21
VIC,2016-03-10,8,2
VIC,2016-03-11,13,3
VIC,2016-03-12,13,2
VIC,2016-03-13,15,4
VIC,2016-03-14,12,22
VIC,2016-03-15,15,1
VIC,2016-03-16,6,2
VIC,2016-03-17,12,2
VIC,2016-03-18,22,3
VIC,2016-03-19,7,11
VIC,2016-03-20,7,21
VIC,2016-03-21,6,2
VIC,2016-03-22,18,3
VIC,2016-03-23,22,2
VIC,2016-03-24,5,3
VIC,2016-03-25,18,5
VIC,2016-03-26,18,22
VIC,2016-03-27,18,5
VIC,2016-03-28,18,2
VIC,2016-03-29,8,2
VIC,2016-03-30,6,2
VIC,2016-03-31,6,0
VIC,2016-04-01,19,2
VIC,2016-04-02,8,4
VIC,2016-04-03,18,3
VIC,2016-04-04,18,2
VIC,2016-04-05,16,3
VIC,2016-04-06,18,5
VIC,2016-04-07,6,3
VIC,2016-04-08,15,3
VIC,2016-04-09,18,3
VIC,2016-04-10,18,4
VIC,2016-04-11,18,3
VIC,2016-04-12,6,1
VIC,2016-04-13,6,3
VIC,2016-04-14,18,3
VIC,2016-04-15,23,21
VIC,2016-04-16,22,5
VIC,2016-04-17,18,10
VIC,2016-04-18,18,5
VIC,2016-04-19,23,4
VIC,2016-04-20,6,5
VIC,2016-04-21,17,3
VIC,2016-04-22,23,4
VIC,2016-04-23,8,5
VIC,2016-04-24,18,11
VIC,2016-04-25,17,4
VIC,2016-04-26,6,4
VIC,2016-04-27,17,3
VIC,2016-04-28,20,2
VIC,2016-04-29,17,3
VIC,2016-04-30,18,4
VIC,2016-05-01,23,4
VIC,2016-05-02,17,11
VIC,2016-05-03,18,2
VIC,2016-05-04,6,23
VIC,2016-05-05,17,4
VIC,2016-05-06,17,2
VIC,2016-05-07,17,3
VIC,2016-05-08,17,4
VIC,2016-05-09,10,4
VIC,2016-05-10,17,4
VIC,2016-05-11,8,3
VIC,2016-05-12,17,2
VIC,2016-05-13,17,2
VIC,2016-05-14,17,4
VIC,2016-05-15,18,4
VIC,2016-05-16,6,14
VIC,2016-05-17,17,3
VIC,2016-05-18,6,23
VIC,2016-05-19,17,0
VIC,2016-05-20,6,2
VIC,2016-05-21,17,2
VIC,2016-05-22,17,3
VIC,2016-05-23,17,4
VIC,2016-05-24,17,2
VIC,2016-05-25,17,3
VIC,2016-05-26,10,2
VIC,2016-05-27,22,10
VIC,2016-05-28,9,3
VIC,2016-05-29,17,4
VIC,2016-05-30,17,3
VIC,2016-05-31,13,3
VIC,2016-06-01,18,2
VIC,2016-06-02,7,3
VIC,2016-06-03,7,3
VIC,2016-06-04,9,3
VIC,2016-06-05,18,5
VIC,2016-06-06,18,2
VIC,2016-06-07,18,3
VIC,2016-06-08,9,3
VIC,2016-06-09,6,3
VIC,2016-06-10,6,3
VIC,2016-06-11,20,5
VIC,2016-06-12,20,5
VIC,2016-06-13,9,4
VIC,2016-06-14,17,4
VIC,2016-06-15,17,3
VIC,2016-06-16,17,3
VIC,2016-06-17,12,2
VIC,2016-06-18,17,4
VIC,2016-06-19,16,4
VIC,2016-06-20,18,3
VIC,2016-06-21,17,4
VIC,2016-06-22,18,3
VIC,2016-06-23,17,4
VIC,2016-06-24,20,3
VIC,2016-06-25,20,4
VIC,2016-06-26,18,5
VIC,2016-06-27,8,2
VIC,2016-06-28,17,3
VIC,2016-06-29,7,4
VIC,2016-06-30,8,3
VIC,2016-07-01,8,3
VIC,2016-07-02,9,2
VIC,2016-07-03,17,3
VIC,2016-07-04,8,3
VIC,2016-07-05,9,3
VIC,2016-07-06,18,4
VIC,2016-07-07,22,4
VIC,2016-07-08,6,4
VIC,2016-07-09,8,2
VIC,2016-07-10,17,5
VIC,2016-07-11,18,23
VIC,2016-07-12,18,0
VIC,2016-07-13,18,3
VIC,2016-07-14,17,4
VIC,2016-07-15,17,4
VIC,2016-07-16,9,4
VIC,2016-07-17,18,4
VIC,2016-07-18,6,3
VIC,2016-07-19,7,4
VIC,2016-07-20,18,5
VIC,2016-07-21,7,23
VIC,2016-07-22,18,4
VIC,2016-07-23,21,4
VIC,2016-07-24,18,4
VIC,2016-07-25,18,4
VIC,2016-07-26,7,3
VIC,2016-07-27,18,4
VIC,2016-07-28,9,4
VIC,2016-07-29,18,3
VIC,2016-07-30,18,12
VIC,2016-07-31,18,5
VIC,2016-08-01,18,3
VIC,2016-08-02,18,4
VIC,2016-08-03,17,4
VIC,2016-08-04,18,2
VIC,2016-08-05,18,3
VIC,2016-08-06,18,3
VIC,2016-08-07,18,13
VIC,2016-08-08,18,4
VIC,2016-08-09,18,13
VIC,2016-08-10,18,3
VIC,2016-08-11,18,1
VIC,2016-08-12,18,4
VIC,2016-08-13,18,2
VIC,2016-08-14,18,22
VIC,2016-08-15,6,23
VIC,2016-08-16,18,4
VIC,2016-08-17,18,3
VIC,2016-08-18,18,3
VIC,2016-08-19,18,4
VIC,2016-08-20,18,3
VIC,2016-08-21,18,4
VIC,2016-08-22,7,3
VIC,2016-08-23,18,4
VIC,2016-08-24,7,4
VIC,2016-08-25,6,13
VIC,2016-08-26,6,11
VIC,2016-08-27,18,12
VIC,2016-08-28,18,4
VIC,2016-08-29,18,3
VIC,2016-08-30,10,3
VIC,2016-08-31,18,5
VIC,2016-09-01,6,3
VIC,2016-09-02,8,4
VIC,2016-09-03,18,13
VIC,2016-09-04,18,22
VIC,2016-09-05,18,4
VIC,2016-09-06,18,3
VIC,2016-09-07,6,23
VIC,2016-09-08,18,4
VIC,2016-09-09,17,3
VIC,2016-09-10,18,4
VIC,2016-09-11,18,10
VIC,2016-09-12,10,4
VIC,2016-09-13,18,3
VIC,2016-09-14,8,3
VIC,2016-09-15,8,3
VIC,2016-09-16,6,3
VIC,2016-09-17,18,4
VIC,2016-09-18,18,3
VIC,2016-09-19,18,2
VIC,2016-09-20,18,3
VIC,2016-09-21,18,3
VIC,2016-09-22,18,4
VIC,2016-09-23,18,13
VIC,2016-09-24,18,3
VIC,2016-09-25,18,4
VIC,2016-09-26,18,3
VIC,2016-09-27,18,9
VIC,2016-09-28,6,16
VIC,2016-09-29,8,3
VIC,2016-09-30,18,4
VIC,2016-10-01,19,15
VIC,2016-10-02,18,4
VIC,2016-10-03,8,23
VIC,2016-10-04,6,2
VIC,2016-10-05,18,2
VIC,2016-10-06,6,23
VIC,2016-10-07,6,2
VIC,2016-10-08,8,14
VIC,2016-10-09,0,4
VIC,2016-10-10,18,2
VIC,2016-10-11,18,3
VIC,2016-10-12,6,1
VIC,2016-10-13,6,2
VIC,2016-10-14,6,12
VIC,2016-10-15,18,3
VIC,2016-10-16,18,2
VIC,2016-10-17,6,14
VIC,2016-10-18,19,3
VIC,2016-10-19,6,2
VIC,2016-10-20,6,19
VIC,2016-10-21,6,2
VIC,2016-10-22,8,1
VIC,2016-10-23,19,4
VIC,2016-10-24,6,13
VIC,2016-10-25,18,11
VIC,2016-10-26,6,22
VIC,2016-10-27,6,15
VIC,2016-10-28,6,21
VIC,2016-10-29,6,15
VIC,2016-10-30,18,3
VIC,2016-10-31,5,12
VIC,2016-11-01,19,12
VIC,2016-11-02,19,3
VIC,2016-11-03,19,3
VIC,2016-11-04,6,21
VIC,2016-11-05,16,3
VIC,2016-11-06,18,3
VIC,2016-11-07,19,1
VIC,2016-11-08,5,16
VIC,2016-11-09,6,3
VIC,2016-11-10,6,3
VIC,2016-11-11,6,17
VIC,2016-11-12,6,23
VIC,2016-11-13,8,22
VIC,2016-11-14,6,22
VIC,2016-11-15,6,3
VIC,2016-11-16,19,0
VIC,2016-11-17,6,5
VIC,2016-11-18,6,14
VIC,2016-11-19,23,1
VIC,2016-11-20,19,5
VIC,2016-11-21,12,3
VIC,2016-11-22,11,14
VIC,2016-11-23,6,22
VIC,2016-11-24,6,2
VIC,2016-11-25,6,2
VIC,2016-11-26,23,13
VIC,2016-11-27,16,1
VIC,2016-11-28,14,1
VIC,2016-11-29,6,22
VIC,2016-11-30,13,3
VIC,2016-12-01,6,2
VIC,2016-12-02,11,3
VIC,2016-12-03,8,4
VIC,2016-12-04,17,20
VIC,2016-12-05,13,14
VIC,2016-12-06,6,2
VIC,2016-12-07,15,23
VIC,2016-12-08,19,0
VIC,2016-12-09,6,1
VIC,2016-12-10,8,22
VIC,2016-12-11,18,3
VIC,2016-12-12,16,1
VIC,2016-12-13,15,3
VIC,2016-12-14,12,0
VIC,2016-12-15,8,0
VIC,2016-12-16,9,21
VIC,2016-12-17,0,14
VIC,2016-12-18,20,2
VIC,2016-12-19,16,22
VIC,2016-12-20,12,0
VIC,2016-12-21,10,2
VIC,2016-12-22,23,5
VIC,2016-12-23,16,22
VIC,2016-12-24,13,5
VIC,2016-12-25,19,4
VIC,2016-12-26,9,1
VIC,2016-12-27,1,3
VIC,2016-12-28,16,4
VIC,2016-12-29,22,3
VIC,2016-12-30,15,2
VIC,2016-12-31,14,21
VIC,2017-01-01,11,0
VIC,2017-01-02,18,8
VIC,2017-01-03,10,6
VIC,2017-01-04,15,6
VIC,2017-01-05,16,0
VIC,2017-01-06,16,2
VIC,2017-01-07,17,1
VIC,2017-01-08,17,5
VIC,2017-01-09,9,0
VIC,2017-01-10,15,5
VIC,2017-01-11,15,5
VIC,2017-01-12,15,5
VIC,2017-01-13,16,2
VIC,2017-01-14,20,3
VIC,2017-01-15,17,4
VIC,2017-01-16,16,3
VIC,2017-01-17,15,23
VIC,2017-01-18,14,22
VIC,2017-01-19,15,2
VIC,2017-01-20,8,5
VIC,2017-01-21,10,0
VIC,2017-01-22,17,3
VIC,2017-01-23,16,5
VIC,2017-01-24,13,2
VIC,2017-01-25,9,4
VIC,2017-01-26,17,22
VIC,2017-01-27,15,3
VIC,2017-01-28,16,22
VIC,2017-01-29,17,3
VIC,2017-01-30,16,3
VIC,2017-01-31,9,3
VIC,2017-02-01,6,0
VIC,2017-02-02,15,1
VIC,2017-02-03,6,3
VIC,2017-02-04,16,3
VIC,2017-02-05,17,5
VIC,2017-02-06,6,13
VIC,2017-02-07,16,1
VIC,2017-02-08,16,3
VIC,2017-02-09,12,18
VIC,2017-02-10,15,1
VIC,2017-02-11,17,22
VIC,2017-02-12,10,2
VIC,2017-02-13,10,1
VIC,2017-02-14,6,1
VIC,2017-02-15,16,3
VIC,2017-02-16,16,2
VIC,2017-02-17,6,2
VIC,2017-02-18,19,22
VIC,2017-02-19,19,0
VIC,2017-02-20,19,2
VIC,2017-02-21,6,1
VIC,2017-02-22,6,1
VIC,2017-02-23,16,1
VIC,2017-02-24,6,1
VIC,2017-02-25,7,3
VIC,2017-02-26,17,5
VIC,2017-02-27,16,4
VIC,2017-02-28,13,1
VIC,2017-03-01,15,2
VIC,2017-03-02,9,1
VIC,2017-03-03,16,2
VIC,2017-03-04,16,2
VIC,2017-03-05,17,5
VIC,2017-03-06,12,2
VIC,2017-03-07,16,3
VIC,2017-03-08,13,22
VIC,2017-03-09,15,2
VIC,2017-03-10,6,2
VIC,2017-03-11,13,22
VIC,2017-03-12,17,21
VIC,2017-03-13,18,3
VIC,2017-03-14,15,2
VIC,2017-03-15,17,3
VIC,2017-03-16,6,2
VIC,2017-03-17,6,22
VIC,2017-03-18,17,4
VIC,2017-03-19,17,4
VIC,2017-03-20,11,3
VIC,2017-03-21,8,2
VIC,2017-03-22,14,2
VIC,2017-03-23,8,3
VIC,2017-03-24,6,2
VIC,2017-03-25,15,3
VIC,2017-03-26,12,22
VIC,2017-03-27,12,3
VIC,2017-03-28,19,2
VIC,2017-03-29,18,3
VIC,2017-03-30,6,1
VIC,2017-03-31,7,21
VIC,2017-04-01,18,2
VIC,2017-04-02,18,4
VIC,2017-04-03,7,2
VIC,2017-04-04,18,3
VIC,2017-04-05,6,4
VIC,2017-04-06,18,3
VIC,2017-04-07,18,3
VIC,2017-04-08,23,3
VIC,2017-04-09,17,4
VIC,2017-04-10,6,3
VIC,2017-04-11,18,3
VIC,2017-04-12,6,3
VIC,2017-04-13,6,21
VIC,2017-04-14,23,14
VIC,2017-04-15,0,13
VIC,2017-04-16,23,6
VIC,2017-04-17,18,5
VIC,2017-04-18,17,3
VIC,2017-04-19,6,3
VIC,2017-04-20,13,3
VIC,2017-04-21,8,0
VIC,2017-04-22,9,3
VIC,2017-04-23,23,3
VIC,2017-04-24,8,5
VIC,2017-04-25,18,6
VIC,2017-04-26,18,2
VIC,2017-04-27,18,3
VIC,2017-04-28,6,3
VIC,2017-04-29,17,3
VIC,2017-04-30,17,14
VIC,2017-05-01,18,4
VIC,2017-05-02,18,3
VIC,2017-05-03,6,21
VIC,2017-05-04,18,3
VIC,2017-05-05,7,21
VIC,2017-05-06,18,4
VIC,2017-05-07,18,3
VIC,2017-05-08,18,2
VIC,2017-05-09,18,2
VIC,2017-05-10,18,3
VIC,2017-05-11,7,3
VIC,2017-05-12,6,9
VIC,2017-05-13,23,3
VIC,2017-05-14,9,6
VIC,2017-05-15,6,21
VIC,2017-05-16,6,3
VIC,2017-05-17,10,3
VIC,2017-05-18,16,23
VIC,2017-05-19,9,4
VIC,2017-05-20,17,3
VIC,2017-05-21,17,3
VIC,2017-05-22,7,4
VIC,2017-05-23,9,2
VIC,2017-05-24,23,3
VIC,2017-05-25,0,4
VIC,2017-05-26,6,23
VIC,2017-05-27,17,3
VIC,2017-05-28,18,3
VIC,2017-05-29,7,4
VIC,2017-05-30,18,3
VIC,2017-05-31,7,3
VIC,2017-06-01,7,2
VIC,2017-06-02,6,3
VIC,2017-06-03,17,12
VIC,2017-06-04,17,12
VIC,2017-06-05,6,22
VIC,2017-06-06,17,3
VIC,2017-06-07,6,2
VIC,2017-06-08,6,21
VIC,2017-06-09,8,3
VIC,2017-06-10,0,3
VIC,2017-06-11,23,5
VIC,2017-06-12,23,4
VIC,2017-06-13,6,3
VIC,2017-06-14,17,4
VIC,2017-06-15,6,11
VIC,2017-06-16,22,4
VIC,2017-06-17,9,14
VIC,2017-06-18,9,4
VIC,2017-06-19,9,3
VIC,2017-06-20,23,3
VIC,2017-06-21,13,3
VIC,2017-06-22,6,3
VIC,2017-06-23,20,4
VIC,2017-06-24,8,3
VIC,2017-06-25,17,12
VIC,2017-06-26,12,3
VIC,2017-06-27,23,3
VIC,2017-06-28,23,3
VIC,2017-06-29,17,3
VIC,2017-06-30,18,3
VIC,2017-07-01,18,5
VIC,2017-07-02,17,5
VIC,2017-07-03,13,0
VIC,2017-07-04,6,3
VIC,2017-07-05,8,3
VIC,2017-07-06,10,2
VIC,2017-07-07,9,14
VIC,2017-07-08,10,21
VIC,2017-07-09,16,3
VIC,2017-07-10,23,12
VIC,2017-07-11,9,3
VIC,2017-07-12,6,12
VIC,2017-07-13,9,4
VIC,2017-07-14,23,3
VIC,2017-07-15,17,11
VIC,2017-07-16,0,6
VIC,2017-07-17,18,4
VIC,2017-07-18,20,3
VIC,2017-07-19,18,4
VIC,2017-07-20,18,4
VIC,2017-07-21,6,13
VIC,2017-07-22,9,4
VIC,2017-07-23,18,4
VIC,2017-07-24,7,14
VIC,2017-07-25,18,4
VIC,2017-07-26,18,3
VIC,2017-07-27,6,21
VIC,2017-07-28,7,2
VIC,2017-07-29,17,3
VIC,2017-07-30,23,3
VIC,2017-07-31,18,4
VIC,2017-08-01,6,12
VIC,2017-08-02,6,14
VIC,2017-08-03,11,4
VIC,2017-08-04,7,4
VIC,2017-08-05,8,3
VIC,2017-08-06,20,3
VIC,2017-08-07,18,3
VIC,2017-08-08,6,3
VIC,2017-08-09,6,2
VIC,2017-08-10,7,4
VIC,2017-08-11,7,4
VIC,2017-08-12,18,3
VIC,2017-08-13,18,5
VIC,2017-08-14,9,3
VIC,2017-08-15,9,4
VIC,2017-08-16,7,4
VIC,2017-08-17,17,2
VIC,2017-08-18,18,4
VIC,2017-08-19,20,3
VIC,2017-08-20,18,5
VIC,2017-08-21,18,4
VIC,2017-08-22,18,3
VIC,2017-08-23,7,4
VIC,2017-08-24,9,3
VIC,2017-08-25,6,21
VIC,2017-08-26,0,14
VIC,2017-08-27,20,4
VIC,2017-08-28,18,3
VIC,2017-08-29,18,21
VIC,2017-08-30,6,4
VIC,2017-08-31,20,3
VIC,2017-09-01,6,3
VIC,2017-09-02,0,15
VIC,2017-09-03,18,4
VIC,2017-09-04,18,3
VIC,2017-09-05,18,4
VIC,2017-09-06,18,3
VIC,2017-09-07,18,4
VIC,2017-09-08,8,3
VIC,2017-09-09,18,3
VIC,2017-09-10,18,13
VIC,2017-09-11,18,4
VIC,2017-09-12,18,2
VIC,2017-09-13,18,4
VIC,2017-09-14,18,3
VIC,2017-09-15,20,3
VIC,2017-09-16,18,3
VIC,2017-09-17,18,13
VIC,2017-09-18,18,0
VIC,2017-09-19,18,2
VIC,2017-09-20,7,12
VIC,2017-09-21,18,3
VIC,2017-09-22,6,21
VIC,2017-09-23,8,3
VIC,2017-09-24,18,4
VIC,2017-09-25,8,3
VIC,2017-09-26,18,3
VIC,2017-09-27,8,2
VIC,2017-09-28,10,3
VIC,2017-09-29,6,11
VIC,2017-09-30,19,3
VIC,2017-10-01,18,4
VIC,2017-10-02,6,2
VIC,2017-10-03,6,3
VIC,2017-10-04,14,3
VIC,2017-10-05,7,21
VIC,2017-10-06,7,3
VIC,2017-10-07,18,13
VIC,2017-10-08,17,4
VIC,2017-10-09,5,3
VIC,2017-10-10,16,22
VIC,2017-10-11,18,3
VIC,2017-10-12,19,2
VIC,2017-10-13,18,2
VIC,2017-10-14,3,15
VIC,2017-10-15,17,13
VIC,2017-10-16,16,3
VIC,2017-10-17,16,3
VIC,2017-10-18,16,3
VIC,2017-10-19,7,21
VIC,2017-10-20,10,2
VIC,2017-10-21,8,3
VIC,2017-10-22,9,3
VIC,2017-10-23,5,0
VIC,2017-10-24,18,2
VIC,2017-10-25,18,17
VIC,2017-10-26,23,0
VIC,2017-10-27,5,21
VIC,2017-10-28,19,0
VIC,2017-10-29,15,9
VIC,2017-10-30,19,1
VIC,2017-10-31,6,2
VIC,2017-11-01,6,2
VIC,2017-11-02,6,2
VIC,2017-11-03,19,3
VIC,2017-11-04,6,13
VIC,2017-11-05,17,1
VIC,2017-11-06,6,13
VIC,2017-11-07,19,3
VIC,2017-11-08,16,3
VIC,2017-11-09,17,2
VIC,2017-11-10,13,2
VIC,2017-11-11,11,5
VIC,2017-11-12,16,5
VIC,2017-11-13,12,0
VIC,2017-11-14,15,4
VIC,2017-11-15,9,22
VIC,2017-11-16,19,3
VIC,2017-11-17,9,2
VIC,2017-11-18,7,22
VIC,2017-11-19,17,3
VIC,2017-11-20,16,3
VIC,2017-11-21,16,3
VIC,2017-11-22,16,3
VIC,2017-11-23,17,1
VIC,2017-11-24,15,2
VIC,2017-11-25,10,4
VIC,2017-11-26,10,22
VIC,2017-11-27,23,1
VIC,2017-11-28,15,1
VIC,2017-11-29,16,2
VIC,2017-11-30,11,1
VIC,2017-12-01,5,2
VIC,2017-12-02,7,3
VIC,2017-12-03,18,3
VIC,2017-12-04,1,22
VIC,2017-12-05,18,2
VIC,2017-12-06,23,12
VIC,2017-12-07,6,23
VIC,2017-12-08,6,3
VIC,2017-12-09,21,13
VIC,2017-12-10,17,2
VIC,2017-12-11,16,3
VIC,2017-12-12,16,1
VIC,2017-12-13,16,4
VIC,2017-12-14,2,3
VIC,2017-12-15,10,4
VIC,2017-12-16,4,22
VIC,2017-12-17,15,4
VIC,2017-12-18,14,2
VIC,2017-12-19,15,22
VIC,2017-12-20,23,1
VIC,2017-12-21,20,1
VIC,2017-12-22,16,5
VIC,2017-12-23,17,3
VIC,2017-12-24,11,13
VIC,2017-12-25,20,2
VIC,2017-12-26,17,4
VIC,2017-12-27,15,3
VIC,2017-12-28,12,3
VIC,2017-12-29,10,23
VIC,2017-12-30,18,5
VIC,2017-12-31,22,13
VIC,2018-01-01,0,5
VIC,2018-01-02,8,1
VIC,2018-01-03,11,1
VIC,2018-01-04,15,3
VIC,2018-01-05,17,3
VIC,2018-01-06,16,2
VIC,2018-01-07,16,4
VIC,2018-01-08,6,2
VIC,2018-01-09,16,4
VIC,2018-01-10,18,2
VIC,2018-01-11,15,3
VIC,2018-01-12,14,4
VIC,2018-01-13,23,14
VIC,2018-01-14,17,12
VIC,2018-01-15,6,1
VIC,2018-01-16,23,2
VIC,2018-01-17,16,4
VIC,2018-01-18,16,6
VIC,2018-01-19,14,1
VIC,2018-01-20,7,4
VIC,2018-01-21,13,3
VIC,2018-01-22,15,21
VIC,2018-01-23,23,1
VIC,2018-01-24,0,3
VIC,2018-01-25,15,21
VIC,2018-01-26,23,3
VIC,2018-01-27,8,2
VIC,2018-01-28,14,5
VIC,2018-01-29,0,21
VIC,2018-01-30,16,3
VIC,2018-01-31,6,2
VIC,2018-02-01,20,1
VIC,2018-02-02,21,1
VIC,2018-02-03,23,3
VIC,2018-02-04,14,1
VIC,2018-02-05,7,0
VIC,2018-02-06,13,0
VIC,2018-02-07,15,3
VIC,2018-02-08,6,1
VIC,2018-02-09,14,2
VIC,2018-02-10,8,23
VIC,2018-02-11,23,3
VIC,2018-02-12,6,2
VIC,2018-02-13,14,5
VIC,2018-02-14,19,16
VIC,2018-02-15,13,17
VIC,2018-02-16,15,22
VIC,2018-02-17,19,3
VIC,2018-02-18,15,5
VIC,2018-02-19,15,1
VIC,2018-02-20,15,1
VIC,2018-02-21,23,4
VIC,2018-02-22,23,2
VIC,2018-02-23,20,2
VIC,2018-02-24,9,3
VIC,2018-02-25,16,14
VIC,2018-02-26,6,1
VIC,2018-02-27,15,3
VIC,2018-02-28,6,1
VIC,2018-03-01,5,1
VIC,2018-03-02,23,4
VIC,2018-03-03,1,23
VIC,2018-03-04,17,2
VIC,2018-03-05,6,2
VIC,2018-03-06,6,3
VIC,2018-03-07,12,3
VIC,2018-03-08,17,2
VIC,2018-03-09,5,3
VIC,2018-03-10,12,4
VIC,2018-03-11,0,4
VIC,2018-03-12,23,2
VIC,2018-03-13,11,2
VIC,2018-03-14,11,2
VIC,2018-03-15,7,3
VIC,2018-03-16,19,3
VIC,2018-03-17,22,4
VIC,2018-03-18,0,13
VIC,2018-03-19,16,1
VIC,2018-03-20,6,22
VIC,2018-03-21,6,0
VIC,2018-03-22,18,1
VIC,2018-03-23,16,3
VIC,2018-03-24,9,23
VIC,2018-03-25,18,3
VIC,2018-03-26,18,0
VIC,2018-03-27,6,21
VIC,2018-03-28,23,2
VIC,2018-03-29,6,2
VIC,2018-03-30,18,12
VIC,2018-03-31,23,11
VIC,2018-04-01,18,5
VIC,2018-04-02,17,4
VIC,2018-04-03,18,4
VIC,2018-04-04,14,3
VIC,2018-04-05,4,21
VIC,2018-04-06,15,3
VIC,2018-04-07,18,4
VIC,2018-04-08,16,7
VIC,2018-04-09,14,3
VIC,2018-04-10,15,2
VIC,2018-04-11,16,22
VIC,2018-04-12,23,4
VIC,2018-04-13,0,22
VIC,2018-04-14,17,14
VIC,2018-04-15,18,13
VIC,2018-04-16,23,2
VIC,2018-04-17,6,3
VIC,2018-04-18,6,2
VIC,2018-04-19,18,19
VIC,2018-04-20,9,4
VIC,2018-04-21,23,4
VIC,2018-04-22,17,4
VIC,2018-04-23,6,2
VIC,2018-04-24,13,4
VIC,2018-04-25,17,13
VIC,2018-04-26,17,3
VIC,2018-04-27,17,4
VIC,2018-04-28,17,4
VIC,2018-04-29,17,5
VIC,2018-04-30,17,3
VIC,2018-05-01,17,3
VIC,2018-05-02,17,3
VIC,2018-05-03,17,2
VIC,2018-05-04,18,4
VIC,2018-05-05,23,14
VIC,2018-05-06,18,12
VIC,2018-05-07,17,3
VIC,2018-05-08,17,3
VIC,2018-05-09,7,3
VIC,2018-05-10,18,3
VIC,2018-05-11,8,3
VIC,2018-05-12,17,4
VIC,2018-05-13,23,4
VIC,2018-05-14,8,2
VIC,2018-05-15,18,4
VIC,2018-05-16,17,4
VIC,2018-05-17,17,3
VIC,2018-05-18,6,3
VIC,2018-05-19,9,14
VIC,2018-05-20,11,5
VIC,2018-05-21,18,3
VIC,2018-05-22,6,3
VIC,2018-05-23,9,4
VIC,2018-05-24,17,3
VIC,2018-05-25,6,3
VIC,2018-05-26,8,3
VIC,2018-05-27,18,3
VIC,2018-05-28,17,4
VIC,2018-05-29,17,1
VIC,2018-05-30,6,4
VIC,2018-05-31,17,2
VIC,2018-06-01,17,3
VIC,2018-06-02,20,13
VIC,2018-06-03,17,5
VIC,2018-06-04,17,2
VIC,2018-06-05,15,4
VIC,2018-06-06,6,12
VIC,2018-06-07,10,4
VIC,2018-06-08,10,4
VIC,2018-06-09,9,4
VIC,2018-06-10,17,12
VIC,2018-06-11,17,11
VIC,2018-06-12,17,3
VIC,2018-06-13,17,3
VIC,2018-06-14,7,2
VIC,2018-06-15,6,4
VIC,2018-06-16,9,3
VIC,2018-06-17,17,3
VIC,2018-06-18,17,3
VIC,2018-06-19,17,4
VIC,2018-06-20,7,3
VIC,2018-06-21,18,4
VIC,2018-06-22,17,3
VIC,2018-06-23,9,4
VIC,2018-06-24,18,5
VIC,2018-06-25,18,4
VIC,2018-06-26,18,3
VIC,2018-06-27,8,4
VIC,2018-06-28,17,4
VIC,2018-06-29,7,4
VIC,2018-06-30,20,3
VIC,2018-07-01,17,13
VIC,2018-07-02,7,3
VIC,2018-07-03,17,3
VIC,2018-07-04,17,4
VIC,2018-07-05,17,2
VIC,2018-07-06,17,4
VIC,2018-07-07,17,3
VIC,2018-07-08,18,12
VIC,2018-07-09,18,2
VIC,2018-07-10,18,3
VIC,2018-07-11,17,3
VIC,2018-07-12,12,4
VIC,2018-07-13,18,4
VIC,2018-07-14,17,12
VIC,2018-07-15,18,3
VIC,2018-07-16,17,3
VIC,2018-07-17,18,3
VIC,2018-07-18,7,4
VIC,2018-07-19,18,2
VIC,2018-07-20,8,4
VIC,2018-07-21,17,13
VIC,2018-07-22,18,13
VIC,2018-07-23,18,3
VIC,2018-07-24,7,3
VIC,2018-07-25,7,3
VIC,2018-07-26,17,3
VIC,2018-07-27,7,2
VIC,2018-07-28,18,3
VIC,2018-07-29,18,7
VIC,2018-07-30,7,2
VIC,2018-07-31,7,2
VIC,2018-08-01,18,1
VIC,2018-08-02,18,13
VIC,2018-08-03,17,12
VIC,2018-08-04,18,6
VIC,2018-08-05,18,4
VIC,2018-08-06,18,2
VIC,2018-08-07,17,22
VIC,2018-08-08,19,1
VIC,2018-08-09,7,3
VIC,2018-08-10,23,2
VIC,2018-08-11,8,3
VIC,2018-08-12,18,3
VIC,2018-08-13,18,1
VIC,2018-08-14,18,13
VIC,2018-08-15,6,4
VIC,2018-08-16,18,3
VIC,2018-08-17,7,4
VIC,2018-08-18,18,10
VIC,2018-08-19,18,4
VIC,2018-08-20,18,3
VIC,2018-08-21,18,3
VIC,2018-08-22,18,3
VIC,2018-08-23,18,3
VIC,2018-08-24,18,4
VIC,2018-08-25,18,4
VIC,2018-08-26,9,13
VIC,2018-08-27,18,4
VIC,2018-08-28,18,3
VIC,2018-08-29,7,4
VIC,2018-08-30,18,4
VIC,2018-08-31,10,2
VIC,2018-09-01,18,2
VIC,2018-09-02,18,15
VIC,2018-09-03,18,4
VIC,2018-09-04,18,4
VIC,2018-09-05,18,3
VIC,2018-09-06,7,1
VIC,2018-09-07,18,2
VIC,2018-09-08,0,11
VIC,2018-09-09,18,5
VIC,2018-09-10,18,2
VIC,2018-09-11,18,11
VIC,2018-09-12,18,2
VIC,2018-09-13,18,11
VIC,2018-09-14,18,22
VIC,2018-09-15,18,2
VIC,2018-09-16,18,11
VIC,2018-09-17,18,12
VIC,2018-09-18,18,4
VIC,2018-09-19,7,3
VIC,2018-09-20,18,4
VIC,2018-09-21,22,14
VIC,2018-09-22,18,12
VIC,2018-09-23,18,13
VIC,2018-09-24,18,4
VIC,2018-09-25,18,2
VIC,2018-09-26,18,4
VIC,2018-09-27,18,2
VIC,2018-09-28,19,14
VIC,2018-09-29,18,3
VIC,2018-09-30,0,13
VIC,2018-10-01,18,7
VIC,2018-10-02,8,12
VIC,2018-10-03,9,4
VIC,2018-10-04,17,3
VIC,2018-10-05,18,4
VIC,2018-10-06,23,16
VIC,2018-10-07,18,6
VIC,2018-10-08,17,2
VIC,2018-10-09,9,23
VIC,2018-10-10,19,4
VIC,2018-10-11,6,2
VIC,2018-10-12,22,2
VIC,2018-10-13,18,4
VIC,2018-10-14,18,9
VIC,2018-10-15,5,3
VIC,2018-10-16,15,3
VIC,2018-10-17,14,2
VIC,2018-10-18,18,21
VIC,2018-10-19,1,11
VIC,2018-10-20,7,2
VIC,2018-10-21,17,12
VIC,2018-10-22,23,4
VIC,2018-10-23,18,14
VIC,2018-10-24,6,3
VIC,2018-10-25,18,12
VIC,2018-10-26,6,3
VIC,2018-10-27,23,12
VIC,2018-10-28,23,13
VIC,2018-10-29,23,12
VIC,2018-10-30,18,13
VIC,2018-10-31,8,3
VIC,2018-11-01,18,2
VIC,2018-11-02,15,12
VIC,2018-11-03,23,12
VIC,2018-11-04,18,12
VIC,2018-11-05,18,4
VIC,2018-11-06,7,13
VIC,2018-11-07,6,2
VIC,2018-11-08,23,12
VIC,2018-11-09,23,12
VIC,2018-11-10,23,12
VIC,2018-11-11,18,13
VIC,2018-11-12,8,2
VIC,2018-11-13,23,2
VIC,2018-11-14,6,22
VIC,2018-11-15,10,3
VIC,2018-11-16,5,2
VIC,2018-11-17,1,13
VIC,2018-11-18,16,7
VIC,2018-11-19,13,3
VIC,2018-11-20,8,1
VIC,2018-11-21,6,22
VIC,2018-11-22,6,14
VIC,2018-11-23,19,2
VIC,2018-11-24,23,3
VIC,2018-11-25,1,12
VIC,2018-11-26,5,2
VIC,2018-11-27,6,3
VIC,2018-11-28,23,12
VIC,2018-11-29,5,14
VIC,2018-11-30,19,14
VIC,2018-12-01,19,9
VIC,2018-12-02,19,12
VIC,2018-12-03,19,3
VIC,2018-12-04,5,2
VIC,2018-12-05,13,2
VIC,2018-12-06,18,3
VIC,2018-12-07,15,2
VIC,2018-12-08,11,22
VIC,2018-12-09,23,5
VIC,2018-12-10,15,3
VIC,2018-12-11,11,2
VIC,2018-12-12,15,23
VIC,2018-12-13,13,1
VIC,2018-12-14,23,1
VIC,2018-12-15,23,14
VIC,2018-12-16,1,11
VIC,2018-12-17,16,4
VIC,2018-12-18,15,2
VIC,2018-12-19,14,1
VIC,2018-12-20,6,16
VIC,2018-12-21,23,2
VIC,2018-12-22,6,1
VIC,2018-12-23,18,3
VIC,2018-12-24,18,3
VIC,2018-12-25,17,6
VIC,2018-12-26,18,6
VIC,2018-12-27,15,5
VIC,2018-12-28,15,3
VIC,2018-12-29,6,2
VIC,2018-12-30,16,3
VIC,2018-12-31,15,19
VIC,2019-01-01,18,5
VIC,2019-01-02,12,2
VIC,2019-01-03,18,3
VIC,2019-01-04,14,4
VIC,2019-01-05,10,13
VIC,2019-01-06,20,8
VIC,2019-01-07,16,1
VIC,2019-01-08,6,2
VIC,2019-01-09,15,1
VIC,2019-01-10,20,3
VIC,2019-01-11,16,2
VIC,2019-01-12,18,1
VIC,2019-01-13,23,10
VIC,2019-01-14,15,2
VIC,2019-01-15,17,3
VIC,2019-01-16,10,16
VIC,2019-01-17,17,2
VIC,2019-01-18,5,22
VIC,2019-01-19,23,4
VIC,2019-01-20,23,4
VIC,2019-01-21,16,2
VIC,2019-01-22,16,3
VIC,2019-01-23,18,21
VIC,2019-01-24,18,2
VIC,2019-01-25,11,21
VIC,2019-01-26,3,22
VIC,2019-01-27,6,13
VIC,2019-01-28,18,5
VIC,2019-01-29,14,21
VIC,2019-01-30,13,3
VIC,2019-01-31,6,2
VIC,2019-02-01,23,2
VIC,2019-02-02,19,2
VIC,2019-02-03,9,5
VIC,2019-02-04,6,3
VIC,2019-02-05,23,2
VIC,2019-02-06,15,3
VIC,2019-02-07,7,3
VIC,2019-02-08,6,2
VIC,2019-02-09,23,14
VIC,2019-02-10,23,13
VIC,2019-02-11,6,11
VIC,2019-02-12,19,3
VIC,2019-02-13,20,3
VIC,2019-02-14,18,2
VIC,2019-02-15,6,3
VIC,2019-02-16,23,9
VIC,2019-02-17,19,7
VIC,2019-02-18,0,2
VIC,2019-02-19,6,3
VIC,2019-02-20,23,2
VIC,2019-02-21,6,1
VIC,2019-02-22,6,1
VIC,2019-02-23,18,11
VIC,2019-02-24,18,9
VIC,2019-02-25,17,2
VIC,2019-02-26,12,2
VIC,2019-02-27,17,2
VIC,2019-02-28,18,4
VIC,2019-03-01,16,3
VIC,2019-03-02,17,3
VIC,2019-03-03,16,7
VIC,2019-03-04,15,1
VIC,2019-03-05,6,22
VIC,2019-03-06,19,13
VIC,2019-03-07,19,12
VIC,2019-03-08,15,3
VIC,2019-03-09,19,14
VIC,2019-03-10,23,11
VIC,2019-03-11,6,14
VIC,2019-03-12,23,3
VIC,2019-03-13,6,9
VIC,2019-03-14,6,10
VIC,2019-03-15,6,22
VIC,2019-03-16,18,4
VIC,2019-03-17,23,5
VIC,2019-03-18,17,2
VIC,2019-03-19,18,4
VIC,2019-03-20,6,2
VIC,2019-03-21,13,1
VIC,2019-03-22,6,0
VIC,2019-03-23,16,11
VIC,2019-03-24,16,22
VIC,2019-03-25,6,3
VIC,2019-03-26,17,1
VIC,2019-03-27,6,12
VIC,2019-03-28,18,11
VIC,2019-03-29,6,3
VIC,2019-03-30,18,14
VIC,2019-03-31,23,4
VIC,2019-04-01,6,21
VIC,2019-04-02,6,11
VIC,2019-04-03,6,3
VIC,2019-04-04,18,1
VIC,2019-04-05,6,2
VIC,2019-04-06,16,2
VIC,2019-04-07,23,12
VIC,2019-04-08,17,2
VIC,2019-04-09,17,4
VIC,2019-04-10,18,3
VIC,2019-04-11,6,1
VIC,2019-04-12,17,2
VIC,2019-04-13,23,14
VIC,2019-04-14,23,7
VIC,2019-04-15,17,4
VIC,2019-04-16,17,4
VIC,2019-04-17,14,3
VIC,2019-04-18,17,3
VIC,2019-04-19,17,10
VIC,2019-04-20,17,11
VIC,2019-04-21,15,1
VIC,2019-04-22,8,5
VIC,2019-04-23,23,4
VIC,2019-04-24,7,13
VIC,2019-04-25,18,12
VIC,2019-04-26,18,3
VIC,2019-04-27,18,12
VIC,2019-04-28,17,4
VIC,2019-04-29,18,3
VIC,2019-04-30,17,3
VIC,2019-05-01,17,4
VIC,2019-05-02,9,2
VIC,2019-05-03,6,4
VIC,2019-05-04,18,4
VIC,2019-05-05,17,4
VIC,2019-05-06,17,3
VIC,2019-05-07,17,4
VIC,2019-05-08,17,4
VIC,2019-05-09,17,4
VIC,2019-05-10,17,2
VIC,2019-05-11,17,3
VIC,2019-05-12,9,13
VIC,2019-05-13,17,4
VIC,2019-05-14,7,4
VIC,2019-05-15,17,4
VIC,2019-05-16,17,2
VIC,2019-05-17,17,4
VIC,2019-05-18,17,11
VIC,2019-05-19,17,3
VIC,2019-05-20,17,3
VIC,2019-05-21,8,3
VIC,2019-05-22,18,4
VIC,2019-05-23,6,12
VIC,2019-05-24,7,4
VIC,2019-05-25,17,3
VIC,2019-05-26,17,11
VIC,2019-05-27,17,4
VIC,2019-05-28,17,2
VIC,2019-05-29,17,4
VIC,2019-05-30,7,4
VIC,2019-05-31,17,3
VIC,2019-06-01,17,4
VIC,2019-06-02,17,22
VIC,2019-06-03,18,2
VIC,2019-06-04,17,3
VIC,2019-06-05,18,4
VIC,2019-06-06,17,4
VIC,2019-06-07,17,3
VIC,2019-06-08,17,3
VIC,2019-06-09,17,2
VIC,2019-06-10,17,4
VIC,2019-06-11,6,12
VIC,2019-06-12,18,3
VIC,2019-06-13,7,3
VIC,2019-06-14,17,3
VIC,2019-06-15,17,4
VIC,2019-06-16,17,5
VIC,2019-06-17,7,3
VIC,2019-06-18,18,2
VIC,2019-06-19,8,3
VIC,2019-06-20,7,4
VIC,2019-06-21,7,3
VIC,2019-06-22,21,4
VIC,2019-06-23,17,4
VIC,2019-06-24,17,4
VIC,2019-06-25,17,3
VIC,2019-06-26,17,4
VIC,2019-06-27,7,12
VIC,2019-06-28,7,11
VIC,2019-06-29,17,3
VIC,2019-06-30,18,12
VIC,2019-07-01,18,4
VIC,2019-07-02,18,1
VIC,2019-07-03,17,4
VIC,2019-07-04,17,4
VIC,2019-07-05,17,3
VIC,2019-07-06,16,4
VIC,2019-07-07,14,2
VIC,2019-07-08,18,4
VIC,2019-07-09,17,4
VIC,2019-07-10,17,4
VIC,2019-07-11,17,3
VIC,2019-07-12,8,4
VIC,2019-07-13,17,4
VIC,2019-07-14,10,4
VIC,2019-07-15,17,3
VIC,2019-07-16,18,3
VIC,2019-07-17,7,4
VIC,2019-07-18,8,13
VIC,2019-07-19,17,2
VIC,2019-07-20,18,13
VIC,2019-07-21,18,13
VIC,2019-07-22,18,12
VIC,2019-07-23,18,3
VIC,2019-07-24,23,2
VIC,2019-07-25,18,12
VIC,2019-07-26,17,2
VIC,2019-07-27,0,12
VIC,2019-07-28,17,12
VIC,2019-07-29,17,4
VIC,2019-07-30,17,4
VIC,2019-07-31,7,8
VIC,2019-08-01,18,4
VIC,2019-08-02,23,3
VIC,2019-08-03,0,4
VIC,2019-08-04,18,13
VIC,2019-08-05,18,4
VIC,2019-08-06,18,4
VIC,2019-08-07,19,14
VIC,2019-08-08,20,4
VIC,2019-08-09,18,3
VIC,2019-08-10,8,4
VIC,2019-08-11,18,12
VIC,2019-08-12,17,3
VIC,2019-08-13,18,3
VIC,2019-08-14,7,23
VIC,2019-08-15,18,12
VIC,2019-08-16,18,4
VIC,2019-08-17,18,13
VIC,2019-08-18,18,11
VIC,2019-08-19,18,0
VIC,2019-08-20,7,14
VIC,2019-08-21,17,4
VIC,2019-08-22,18,2
VIC,2019-08-23,7,14
VIC,2019-08-24,18,10
VIC,2019-08-25,20,11
VIC,2019-08-26,19,4
VIC,2019-08-27,18,15
VIC,2019-08-28,18,3
VIC,2019-08-29,7,11
VIC,2019-08-30,7,4
VIC,2019-08-31,18,11
VIC,2019-09-01,23,12
VIC,2019-09-02,17,13
VIC,2019-09-03,18,12
VIC,2019-09-04,18,12
VIC,2019-09-05,6,12
VIC,2019-09-06,13,2
VIC,2019-09-07,18,13
VIC,2019-09-08,18,12
VIC,2019-09-09,18,3
VIC,2019-09-10,19,13
VIC,2019-09-11,18,12
VIC,2019-09-12,18,3
VIC,2019-09-13,23,14
VIC,2019-09-14,18,14
VIC,2019-09-15,14,9
VIC,2019-09-16,18,3
VIC,2019-09-17,18,2
VIC,2019-09-18,18,22
VIC,2019-09-19,6,12
VIC,2019-09-20,8,1
VIC,2019-09-21,18,12
VIC,2019-09-22,18,13
VIC,2019-09-23,18,2
VIC,2019-09-24,18,3
VIC,2019-09-25,18,3
VIC,2019-09-26,6,12
VIC,2019-09-27,18,4
VIC,2019-09-28,23,3
VIC,2019-09-29,18,13
VIC,2019-09-30,17,2
VIC,2019-10-01,18,12
VIC,2019-10-02,18,4
VIC,2019-10-03,18,10
VIC,2019-10-04,18,3
VIC,2019-10-05,18,10
VIC,2019-10-06,23,10
VIC,2019-10-07,18,1
VIC,2019-10-08,6,2
VIC,2019-10-09,18,1
VIC,2019-10-10,4,12
VIC,2019-10-11,5,21
VIC,2019-10-12,18,10
VIC,2019-10-13,18,14
VIC,2019-10-14,18,11
VIC,2019-10-15,6,1
VIC,2019-10-16,6,11
VIC,2019-10-17,19,10
VIC,2019-10-18,19,9
VIC,2019-10-19,18,12
VIC,2019-10-20,18,13
VIC,2019-10-21,18,13
VIC,2019-10-22,5,11
VIC,2019-10-23,18,9
VIC,2019-10-24,16,3
VIC,2019-10-25,5,3
VIC,2019-10-26,19,13
VIC,2019-10-27,18,14
VIC,2019-10-28,18,13
VIC,2019-10-29,18,9
VIC,2019-10-30,18,23
VIC,2019-10-31,15,2
VIC,2019-11-01,12,1
VIC,2019-11-02,8,12
VIC,2019-11-03,18,6
VIC,2019-11-04,23,2
VIC,2019-11-05,18,12
VIC,2019-11-06,6,9
VIC,2019-11-07,18,2
VIC,2019-11-08,6,12
VIC,2019-11-09,20,8
VIC,2019-11-10,19,12
VIC,2019-11-11,18,9
VIC,2019-11-12,5,3
VIC,2019-11-13,19,12
VIC,2019-11-14,6,13
VIC,2019-11-15,6,17
VIC,2019-11-16,18,21
VIC,2019-11-17,18,11
VIC,2019-11-18,23,11
VIC,2019-11-19,23,11
VIC,2019-11-20,18,10
VIC,2019-11-21,12,2
VIC,2019-11-22,5,1
VIC,2019-11-23,23,12
VIC,2019-11-24,18,11
VIC,2019-11-25,13,3
VIC,2019-11-26,18,13
VIC,2019-11-27,18,11
VIC,2019-11-28,18,3
VIC,2019-11-29,7,12
VIC,2019-11-30,1,13
VIC,2019-12-01,19,13
VIC,2019-12-02,19,2
VIC,2019-12-03,19,1
VIC,2019-12-04,19,14
VIC,2019-12-05,19,14
VIC,2019-12-06,19,13
VIC,2019-12-07,19,13
VIC,2019-12-08,18,9
VIC,2019-12-09,16,2
VIC,2019-12-10,6,13
VIC,2019-12-11,5,16
VIC,2019-12-12,19,15
VIC,2019-12-13,19,1
VIC,2019-12-14,20,11
VIC,2019-12-15,23,13
VIC,2019-12-16,18,22
VIC,2019-12-17,16,1
VIC,2019-12-18,14,2
VIC,2019-12-19,8,3
VIC,2019-12-20,17,3
VIC,2019-12-21,0,10
VIC,2019-12-22,23,8
VIC,2019-12-23,16,2
VIC,2019-12-24,1,11
VIC,2019-12-25,18,15
VIC,2019-12-26,19,7
VIC,2019-12-27,18,3
VIC,2019-12-28,14,9
VIC,2019-12-29,17,8
VIC,2019-12-30,15,3
VIC,2019-12-31,23,13
VIC,2020-01-01,19,9
VIC,2020-01-02,18,1
VIC,2020-01-03,18,7
VIC,2020-01-04,20,15
VIC,2020-01-05,18,13
VIC,2020-01-06,8,1
VIC,2020-01-07,16,2
VIC,2020-01-08,18,1
VIC,2020-01-09,18,3
VIC,2020-01-10,12,2
VIC,2020-01-11,23,14
VIC,2020-01-12,19,10
VIC,2020-01-13,18,1
VIC,2020-01-14,19,3
VIC,2020-01-15,12,2
VIC,2020-01-16,19,12
VIC,2020-01-17,19,2
VIC,2020-01-18,16,11
VIC,2020-01-19,14,22
VIC,2020-01-20,7,13
VIC,2020-01-21,19,13
VIC,2020-01-22,18,3
VIC,2020-01-23,6,11
VIC,2020-01-24,19,15
VIC,2020-01-25,19,12
VIC,2020-01-26,17,11
VIC,2020-01-27,18,7
VIC,2020-01-28,16,21
VIC,2020-01-29,15,23
VIC,2020-01-30,18,3
VIC,2020-01-31,16,4
VIC,2020-02-01,12,7
VIC,2020-02-02,19,21
VIC,2020-02-03,20,2
VIC,2020-02-04,6,13
VIC,2020-02-05,6,22
VIC,2020-02-06,18,2
VIC,2020-02-07,6,2
VIC,2020-02-08,17,22
VIC,2020-02-09,17,10
VIC,2020-02-10,6,1
VIC,2020-02-11,19,1
VIC,2020-02-12,18,3
VIC,2020-02-13,18,3
VIC,2020-02-14,12,4
VIC,2020-02-15,19,7
VIC,2020-02-16,18,4
VIC,2020-02-17,15,2
VIC,2020-02-18,12,23
VIC,2020-02-19,19,13
VIC,2020-02-20,18,2
VIC,2020-02-21,6,3
VIC,2020-02-22,19,10
VIC,2020-02-23,18,8
VIC,2020-02-24,18,2
VIC,2020-02-25,12,2
VIC,2020-02-26,18,2
VIC,2020-02-27,6,14
VIC,2020-02-28,6,2
VIC,2020-02-29,18,13
VIC,2020-03-01,17,11
VIC,2020-03-02,13,1
VIC,2020-03-03,6,2
VIC,2020-03-04,12,3
VIC,2020-03-05,10,3
VIC,2020-03-06,18,15
VIC,2020-03-07,18,2
VIC,2020-03-08,18,11
VIC,2020-03-09,6,13
VIC,2020-03-10,18,2
VIC,2020-03-11,18,2
VIC,2020-03-12,18,2
VIC,2020-03-13,6,2
VIC,2020-03-14,18,14
VIC,2020-03-15,18,13
VIC,2020-03-16,18,1
VIC,2020-03-17,16,2
VIC,2020-03-18,18,3
VIC,2020-03-19,17,2
VIC,2020-03-20,18,2
VIC,2020-03-21,18,14
VIC,2020-03-22,17,14
VIC,2020-03-23,17,3
VIC,2020-03-24,7,2
VIC,2020-03-25,17,12
VIC,2020-03-26,6,2
VIC,2020-03-27,17,2
VIC,2020-03-28,17,12
VIC,2020-03-29,18,3
VIC,2020-03-30,17,14
VIC,2020-03-31,17,11
VIC,2020-04-01,17,3
VIC,2020-04-02,17,1
VIC,2020-04-03,17,13
VIC,2020-04-04,18,10
VIC,2020-04-05,18,5
VIC,2020-04-06,18,3
VIC,2020-04-07,18,3
VIC,2020-04-08,18,3
VIC,2020-04-09,23,3
VIC,2020-04-10,17,14
VIC,2020-04-11,18,2
VIC,2020-04-12,17,9
VIC,2020-04-13,18,10
VIC,2020-04-14,18,3
VIC,2020-04-15,17,3
VIC,2020-04-16,18,11
VIC,2020-04-17,18,3
VIC,2020-04-18,18,4
VIC,2020-04-19,17,22
VIC,2020-04-20,18,4
VIC,2020-04-21,18,11
VIC,2020-04-22,17,4
VIC,2020-04-23,17,4
VIC,2020-04-24,18,3
VIC,2020-04-25,17,14
VIC,2020-04-26,18,11
VIC,2020-04-27,18,3
VIC,2020-04-28,17,12
VIC,2020-04-29,17,3
VIC,2020-04-30,17,13
VIC,2020-05-01,17,4
VIC,2020-05-02,17,3
VIC,2020-05-03,18,3
VIC,2020-05-04,17,3
VIC,2020-05-05,17,22
VIC,2020-05-06,17,2
VIC,2020-05-07,17,3
VIC,2020-05-08,17,11
VIC,2020-05-09,17,14
VIC,2020-05-10,17,12
VIC,2020-05-11,18,11
VIC,2020-05-12,17,4
VIC,2020-05-13,9,4
VIC,2020-05-14,18,3
VIC,2020-05-15,17,3
VIC,2020-05-16,18,11
VIC,2020-05-17,17,11
VIC,2020-05-18,8,3
VIC,2020-05-19,8,3
VIC,2020-05-20,17,3
VIC,2020-05-21,17,4
VIC,2020-05-22,9,4
VIC,2020-05-23,8,4
VIC,2020-05-24,17,3
VIC,2020-05-25,17,3
VIC,2020-05-26,17,3
VIC,2020-05-27,17,3
VIC,2020-05-28,17,12
VIC,2020-05-29,17,13
VIC,2020-05-30,17,11
VIC,2020-05-31,17,13
VIC,2020-06-01,9,3
VIC,2020-06-02,17,3
VIC,2020-06-03,17,2
VIC,2020-06-04,18,4
VIC,2020-06-05,7,3
VIC,2020-06-06,16,4
VIC,2020-06-07,17,5
VIC,2020-06-08,17,10
VIC,2020-06-09,17,3
VIC,2020-06-10,17,3
VIC,2020-06-11,7,13
VIC,2020-06-12,0,22
VIC,2020-06-13,17,3
VIC,2020-06-14,17,3
VIC,2020-06-15,17,3
VIC,2020-06-16,17,4
VIC,2020-06-17,17,4
VIC,2020-06-18,17,3
VIC,2020-06-19,17,3
VIC,2020-06-20,17,3
VIC,2020-06-21,17,3
VIC,2020-06-22,8,4
VIC,2020-06-23,17,5
VIC,2020-06-24,17,4
VIC,2020-06-25,18,4
VIC,2020-06-26,17,2
VIC,2020-06-27,17,11
VIC,2020-06-28,17,13
VIC,2020-06-29,8,3
VIC,2020-06-30,7,12
VIC,2020-07-01,17,3
VIC,2020-07-02,8,3
VIC,2020-07-03,12,3
VIC,2020-07-04,18,5
VIC,2020-07-05,17,3
VIC,2020-07-06,17,3
VIC,2020-07-07,11,3
VIC,2020-07-08,17,12
VIC,2020-07-09,17,4
VIC,2020-07-10,8,3
VIC,2020-07-11,18,4
VIC,2020-07-12,18,6
VIC,2020-07-13,17,2
VIC,2020-07-14,17,3
VIC,2020-07-15,22,3
VIC,2020-07-16,8,3
VIC,2020-07-17,8,14
VIC,2020-07-18,17,4
VIC,2020-07-19,17,12
VIC,2020-07-20,17,2
VIC,2020-07-21,18,1
VIC,2020-07-22,17,4
VIC,2020-07-23,18,2
VIC,2020-07-24,18,12
VIC,2020-07-25,18,14
VIC,2020-07-26,17,6
VIC,2020-07-27,8,3
VIC,2020-07-28,18,2
VIC,2020-07-29,17,13
VIC,2020-07-30,8,14
VIC,2020-07-31,7,13
VIC,2020-08-01,20,13
VIC,2020-08-02,17,13
VIC,2020-08-03,18,13
VIC,2020-08-04,18,3
VIC,2020-08-05,18,3
VIC,2020-08-06,1,3
VIC,2020-08-07,9,3
VIC,2020-08-08,19,4
VIC,2020-08-09,0,11
VIC,2020-08-10,17,14
VIC,2020-08-11,17,3
VIC,2020-08-12,17,3
VIC,2020-08-13,23,4
VIC,2020-08-14,11,4
VIC,2020-08-15,18,15
VIC,2020-08-16,18,3
VIC,2020-08-17,18,14
VIC,2020-08-18,17,3
VIC,2020-08-19,9,4
VIC,2020-08-20,16,4
VIC,2020-08-21,18,12
VIC,2020-08-22,18,4
VIC,2020-08-23,18,13
VIC,2020-08-24,18,13
VIC,2020-08-25,18,17
VIC,2020-08-26,18,13
VIC,2020-08-27,6,14
VIC,2020-08-28,18,13
VIC,2020-08-29,18,12
VIC,2020-08-30,18,11
VIC,2020-08-31,18,2
VIC,2020-09-01,18,13
VIC,2020-09-02,18,3
VIC,2020-09-03,18,11
VIC,2020-09-04,19,12
VIC,2020-09-05,18,12
VIC,2020-09-06,0,13
VIC,2020-09-07,18,11
VIC,2020-09-08,16,3
VIC,2020-09-09,17,3
VIC,2020-09-10,17,3
VIC,2020-09-11,17,11
VIC,2020-09-12,18,2
VIC,2020-09-13,18,14
VIC,2020-09-14,18,3
VIC,2020-09-15,18,2
VIC,2020-09-16,18,11
VIC,2020-09-17,18,4
VIC,2020-09-18,18,2
VIC,2020-09-19,18,12
VIC,2020-09-20,18,11
VIC,2020-09-21,18,13
VIC,2020-09-22,18,4
VIC,2020-09-23,23,1
VIC,2020-09-24,18,12
VIC,2020-09-25,16,10
VIC,2020-09-26,19,13
VIC,2020-09-27,18,13
VIC,2020-09-28,18,14
VIC,2020-09-29,17,11
VIC,2020-09-30,8,3
VIC,2020-10-01,18,14
VIC,2020-10-02,17,10
VIC,2020-10-03,23,4
VIC,2020-10-04,16,22
VIC,2020-10-05,17,2
VIC,2020-10-06,18,1
VIC,2020-10-07,15,22
VIC,2020-10-08,18,3
VIC,2020-10-09,18,13
VIC,2020-10-10,18,11
VIC,2020-10-11,18,13
VIC,2020-10-12,5,14
VIC,2020-10-13,5,11
VIC,2020-10-14,5,12
VIC,2020-10-15,18,3
VIC,2020-10-16,17,3
VIC,2020-10-17,6,11
VIC,2020-10-18,18,14
VIC,2020-10-19,6,13
VIC,2020-10-20,18,13
VIC,2020-10-21,6,12
VIC,2020-10-22,5,21
VIC,2020-10-23,7,18
VIC,2020-10-24,19,13
VIC,2020-10-25,19,8
VIC,2020-10-26,6,11
VIC,2020-10-27,6,1
VIC,2020-10-28,5,9
VIC,2020-10-29,19,11
VIC,2020-10-30,7,12
VIC,2020-10-31,6,13
VIC,2020-11-01,18,12
VIC,2020-11-02,18,10
VIC,2020-11-03,17,10
VIC,2020-11-04,17,15
VIC,2020-11-05,18,8
VIC,2020-11-06,6,15
VIC,2020-11-07,0,5
VIC,2020-11-08,18,12
VIC,2020-11-09,18,3
VIC,2020-11-10,18,2
VIC,2020-11-11,6,1
VIC,2020-11-12,17,3
VIC,2020-11-13,18,3
VIC,2020-11-14,19,14
VIC,2020-11-15,18,8
VIC,2020-11-16,19,13
VIC,2020-11-17,18,11
VIC,2020-11-18,17,9
VIC,2020-11-19,16,9
VIC,2020-11-20,22,14
VIC,2020-11-21,18,4
VIC,2020-11-22,17,6
VIC,2020-11-23,6,14
VIC,2020-11-24,5,12
VIC,2020-11-25,17,9
VIC,2020-11-26,18,16
VIC,2020-11-27,18,9
VIC,2020-11-28,14,20
VIC,2020-11-29,18,13
VIC,2020-11-30,18,10
VIC,2020-12-01,5,16
VIC,2020-12-02,23,0
VIC,2020-12-03,18,13
VIC,2020-12-04,19,13
VIC,2020-12-05,7,17
VIC,2020-12-06,19,11
VIC,2020-12-07,23,3
VIC,2020-12-08,19,2
VIC,2020-12-09,18,11
VIC,2020-12-10,20,15
VIC,2020-12-11,19,7
VIC,2020-12-12,18,9
VIC,2020-12-13,19,9
VIC,2020-12-14,16,4
VIC,2020-12-15,12,17
VIC,2020-12-16,6,12
VIC,2020-12-17,20,16
VIC,2020-12-18,5,13
VIC,2020-12-19,3,14
VIC,2020-12-20,19,2
VIC,2020-12-21,23,0
VIC,2020-12-22,21,9
VIC,2020-12-23,18,12
VIC,2020-12-24,0,13
VIC,2020-12-25,23,12
VIC,2020-12-26,19,11
VIC,2020-12-27,0,5
VIC,2020-12-28,23,8
VIC,2020-12-29,5,13
VIC,2020-12-30,0,14
VIC,2020-12-31,23,12
VIC,2021-01-01,0,11
VIC,2021-01-02,23,13
VIC,2021-01-03,8,14
VIC,2021-01-04,19,10
VIC,2021-01-05,19,3
VIC,2021-01-06,20,15
VIC,2021-01-07,20,13
VIC,2021-01-08,19,3
VIC,2021-01-09,18,10
VIC,2021-01-10,18,10
VIC,2021-01-11,17,4
VIC,2021-01-12,19,8
VIC,2021-01-13,15,13
VIC,2021-01-14,23,16
VIC,2021-01-15,0,15
VIC,2021-01-16,20,13
VIC,2021-01-17,18,13
VIC,2021-01-18,19,13
VIC,2021-01-19,20,13
VIC,2021-01-20,18,3
VIC,2021-01-21,18,3
VIC,2021-01-22,18,10
VIC,2021-01-23,18,8
VIC,2021-01-24,16,7
VIC,2021-01-25,12,18
VIC,2021-01-26,19,16
VIC,2021-01-27,19,10
VIC,2021-01-28,6,1
VIC,2021-01-29,8,2
VIC,2021-01-30,0,14
VIC,2021-01-31,19,7
VIC,2021-02-01,6,16
VIC,2021-02-02,6,13
VIC,2021-02-03,19,8
VIC,2021-02-04,16,9
VIC,2021-02-05,19,4
VIC,2021-02-06,0,11
VIC,2021-02-07,18,12
VIC,2021-02-08,6,12
VIC,2021-02-09,18,2
VIC,2021-02-10,18,1
VIC,2021-02-11,18,3
VIC,2021-02-12,19,12
VIC,2021-02-13,19,13
VIC,2021-02-14,0,11
VIC,2021-02-15,18,10
VIC,2021-02-16,18,10
VIC,2021-02-17,18,2
VIC,2021-02-18,18,10
VIC,2021-02-19,18,3
VIC,2021-02-20,17,11
VIC,2021-02-21,18,15
VIC,2021-02-22,6,12
VIC,2021-02-23,5,13
VIC,2021-02-24,6,11
VIC,2021-02-25,6,13
VIC,2021-02-26,6,13
VIC,2021-02-27,18,1
VIC,2021-02-28,1,11
VIC,2021-03-01,6,13
VIC,2021-03-02,18,2
VIC,2021-03-03,6,3
VIC,2021-03-04,6,13
VIC,2021-03-05,6,14
VIC,2021-03-06,18,13
VIC,2021-03-07,17,11
VIC,2021-03-08,18,12
VIC,2021-03-09,6,13
VIC,2021-03-10,18,11
VIC,2021-03-11,18,14
VIC,2021-03-12,17,10
VIC,2021-03-13,17,4
VIC,2021-03-14,19,8
VIC,2021-03-15,6,10
VIC,2021-03-16,6,13
VIC,2021-03-17,18,21
VIC,2021-03-18,6,21
VIC,2021-03-19,6,3
VIC,2021-03-20,6,10
VIC,2021-03-21,16,3
VIC,2021-03-22,6,1
VIC,2021-03-23,6,21
VIC,2021-03-24,6,23
VIC,2021-03-25,18,11
VIC,2021-03-26,5,10
VIC,2021-03-27,18,13
VIC,2021-03-28,18,14
VIC,2021-03-29,6,14
VIC,2021-03-30,6,12
VIC,2021-03-31,17,10
VIC,2021-04-01,17,11
VIC,2021-04-02,17,10
VIC,2021-04-03,17,12
VIC,2021-04-04,18,12
VIC,2021-04-05,18,11
VIC,2021-04-06,17,3
VIC,2021-04-07,18,3
VIC,2021-04-08,20,12
VIC,2021-04-09,18,3
VIC,2021-04-10,0,12
VIC,2021-04-11,18,11
VIC,2021-04-12,18,2
VIC,2021-04-13,6,4
VIC,2021-04-14,18,2
VIC,2021-04-15,18,12
VIC,2021-04-16,18,1
VIC,2021-04-17,18,14
VIC,2021-04-18,19,10
VIC,2021-04-19,6,11
VIC,2021-04-20,18,3
VIC,2021-04-21,18,14
VIC,2021-04-22,18,11
VIC,2021-04-23,7,3
VIC,2021-04-24,17,12
VIC,2021-04-25,18,10
VIC,2021-04-26,18,12
VIC,2021-04-27,18,12
VIC,2021-04-28,18,11
VIC,2021-04-29,17,12
VIC,2021-04-30,16,12
VIC,2021-05-01,17,3
VIC,2021-05-02,20,10
VIC,2021-05-03,18,22
VIC,2021-05-04,17,4
VIC,2021-05-05,18,10
VIC,2021-05-06,17,3
VIC,2021-05-07,18,4
VIC,2021-05-08,17,12
VIC,2021-05-09,18,13
VIC,2021-05-10,17,3
VIC,2021-05-11,18,3
VIC,2021-05-12,17,3
VIC,2021-05-13,16,12
VIC,2021-05-14,17,3
VIC,2021-05-15,17,11
VIC,2021-05-16,18,10
VIC,2021-05-17,17,0
VIC,2021-05-18,17,12
VIC,2021-05-19,16,11
VIC,2021-05-20,15,1
VIC,2021-05-21,16,12
VIC,2021-05-22,17,12
VIC,2021-05-23,17,12
VIC,2021-05-24,16,11
VIC,2021-05-25,14,3
VIC,2021-05-26,17,3
VIC,2021-05-27,7,2
VIC,2021-05-28,19,17
VIC,2021-05-29,19,10
VIC,2021-05-30,18,11
VIC,2021-05-31,18,23
VIC,2021-06-01,16,18
VIC,2021-06-02,7,17
VIC,2021-06-03,8,3
VIC,2021-06-04,17,1
VIC,2021-06-05,17,12
VIC,2021-06-06,17,13
VIC,2021-06-07,18,4
VIC,2021-06-08,17,2
VIC,2021-06-09,16,4
VIC,2021-06-10,17,4
VIC,2021-06-11,16,17
VIC,2021-06-12,18,12
VIC,2021-06-13,22,13
VIC,2021-06-14,20,19
VIC,2021-06-15,7,19
VIC,2021-06-16,7,4
VIC,2021-06-17,7,3
VIC,2021-06-18,7,4
VIC,2021-06-19,18,0
VIC,2021-06-20,18,1
VIC,2021-06-21,17,11
VIC,2021-06-22,7,3
VIC,2021-06-23,17,3
VIC,2021-06-24,14,3
VIC,2021-06-25,5,16
VIC,2021-06-26,17,13
VIC,2021-06-27,17,2
VIC,2021-06-28,17,11
VIC,2021-06-29,17,23
VIC,2021-06-30,17,3
VIC,2021-07-01,17,1
VIC,2021-07-02,17,12
VIC,2021-07-03,17,12
VIC,2021-07-04,18,11
VIC,2021-07-05,19,1
VIC,2021-07-06,17,4
VIC,2021-07-07,17,4
VIC,2021-07-08,23,3
VIC,2021-07-09,9,3
VIC,2021-07-10,2,13
VIC,2021-07-11,0,11
VIC,2021-07-12,19,4
VIC,2021-07-13,17,4
VIC,2021-07-14,10,3
VIC,2021-07-15,17,12
VIC,2021-07-16,10,4
VIC,2021-07-17,9,4
VIC,2021-07-18,19,3
VIC,2021-07-19,17,23
VIC,2021-07-20,19,2
VIC,2021-07-21,18,1
VIC,2021-07-22,21,13
VIC,2021-07-23,13,1
VIC,2021-07-24,18,3
VIC,2021-07-25,18,11
VIC,2021-07-26,17,3
VIC,2021-07-27,17,23
VIC,2021-07-28,18,4
VIC,2021-07-29,18,13
VIC,2021-07-30,17,3
VIC,2021-07-31,22,12
VIC,2021-08-01,18,12
VIC,2021-08-02,18,13
VIC,2021-08-03,7,14
VIC,2021-08-04,18,3
VIC,2021-08-05,7,3
VIC,2021-08-06,18,4
VIC,2021-08-07,18,13
VIC,2021-08-08,18,11
VIC,2021-08-09,18,14
VIC,2021-08-10,18,12
VIC,2021-08-11,18,1
VIC,2021-08-12,18,3
VIC,2021-08-13,18,12
VIC,2021-08-14,17,11
VIC,2021-08-15,18,13
VIC,2021-08-16,18,13
VIC,2021-08-17,18,3
VIC,2021-08-18,18,12
VIC,2021-08-19,6,10
VIC,2021-08-20,22,4
VIC,2021-08-21,21,12
VIC,2021-08-22,0,12
VIC,2021-08-23,17,2
VIC,2021-08-24,8,11
VIC,2021-08-25,18,13
VIC,2021-08-26,18,15
VIC,2021-08-27,18,11
VIC,2021-08-28,18,12
VIC,2021-08-29,18,15
VIC,2021-08-30,17,14
VIC,2021-08-31,23,14
VIC,2021-09-01,1,12
VIC,2021-09-02,23,12
VIC,2021-09-03,11,2
VIC,2021-09-04,17,12
VIC,2021-09-05,18,13
VIC,2021-09-06,18,12
VIC,2021-09-07,17,14
VIC,2021-09-08,6,13
VIC,2021-09-09,20,11
VIC,2021-09-10,17,13
VIC,2021-09-11,18,8
VIC,2021-09-12,18,13
VIC,2021-09-13,18,11
VIC,2021-09-14,18,10
VIC,2021-09-15,18,12
VIC,2021-09-16,17,15
VIC,2021-09-17,19,10
VIC,2021-09-18,18,10
VIC,2021-09-19,18,12
VIC,2021-09-20,18,4
VIC,2021-09-21,17,3
VIC,2021-09-22,19,13
VIC,2021-09-23,18,12
VIC,2021-09-24,19,13
VIC,2021-09-25,18,12
VIC,2021-09-26,18,13
VIC,2021-09-27,18,11
VIC,2021-09-28,18,10
VIC,2021-09-29,9,13
VIC,2021-09-30,12,2
VIC,2021-10-01,18,13
VIC,2021-10-02,18,14
VIC,2021-10-03,0,11
VIC,2021-10-04,17,14
VIC,2021-10-05,18,14
VIC,2021-10-06,0,10
VIC,2021-10-07,18,11
VIC,2021-10-08,18,12
VIC,2021-10-09,18,11
VIC,2021-10-10,18,13
VIC,2021-10-11,6,14
VIC,2021-10-12,6,11
VIC,2021-10-13,18,10
VIC,2021-10-14,17,10
VIC,2021-10-15,5,10
VIC,2021-10-16,18,3
VIC,2021-10-17,18,13
VIC,2021-10-18,18,13
VIC,2021-10-19,18,10
VIC,2021-10-20,5,11
VIC,2021-10-21,23,11
VIC,2021-10-22,0,10
VIC,2021-10-23,20,12
VIC,2021-10-24,19,10
VIC,2021-10-25,18,13
VIC,2021-10-26,18,11
VIC,2021-10-27,16,12
VIC,2021-10-28,15,22
VIC,2021-10-29,18,12
VIC,2021-10-30,18,12
VIC,2021-10-31,18,12
VIC,2021-11-01,17,12
VIC,2021-11-02,17,11
VIC,2021-11-03,16,1
VIC,2021-11-04,6,13
VIC,2021-11-05,18,2
VIC,2021-11-06,18,9
VIC,2021-11-07,18,12
VIC,2021-11-08,18,15
VIC,2021-11-09,17,11
VIC,2021-11-10,7,14
VIC,2021-11-11,6,12
VIC,2021-11-12,8,3
VIC,2021-11-13,18,13
VIC,2021-11-14,0,13
VIC,2021-11-15,19,11
VIC,2021-11-16,18,12
VIC,2021-11-17,19,12
VIC,2021-11-18,18,14
VIC,2021-11-19,17,2
VIC,2021-11-20,0,14
VIC,2021-11-21,19,13
VIC,2021-11-22,18,9
VIC,2021-11-23,19,3
VIC,2021-11-24,6,1
VIC,2021-11-25,7,22
VIC,2021-11-26,20,12
VIC,2021-11-27,19,13
VIC,2021-11-28,18,12
VIC,2021-11-29,18,10
VIC,2021-11-30,19,7
VIC,2021-12-01,13,7
VIC,2021-12-02,19,17
VIC,2021-12-03,0,16
VIC,2021-12-04,19,12
VIC,2021-12-05,19,8
VIC,2021-12-06,22,7
VIC,2021-12-07,23,17
VIC,2021-12-08,0,13
VIC,2021-12-09,19,3
VIC,2021-12-10,21,14
VIC,2021-12-11,4,11
VIC,2021-12-12,19,8
VIC,2021-12-13,20,4
VIC,2021-12-14,19,11
VIC,2021-12-15,6,16
VIC,2021-12-16,18,11
VIC,2021-12-17,18,11
VIC,2021-12-18,19,3
VIC,2021-12-19,4,15
VIC,2021-12-20,19,11
VIC,2021-12-21,23,11
VIC,2021-12-22,0,14
VIC,2021-12-23,23,13
VIC,2021-12-24,19,12
VIC,2021-12-25,0,12
VIC,2021-12-26,23,13
VIC,2021-12-27,23,13
VIC,2021-12-28,19,12
VIC,2021-12-29,19,9
VIC,2021-12-30,19,11
VIC,2021-12-31,19,7
VIC,2022-01-01,0,6
VIC,2022-01-02,3,14
VIC,2022-01-03,4,9
VIC,2022-01-04,20,15
VIC,2022-01-05,23,14
VIC,2022-01-06,23,7
VIC,2022-01-07,8,15
VIC,2022-01-08,19,11
VIC,2022-01-09,19,12
VIC,2022-01-10,15,7
VIC,2022-01-11,7,10
VIC,2022-01-12,0,11
VIC,2022-01-13,19,9
VIC,2022-01-14,19,11
VIC,2022-01-15,19,12
VIC,2022-01-16,18,7
VIC,2022-01-17,6,13
VIC,2022-01-18,6,13
VIC,2022-01-19,20,10
VIC,2022-01-20,19,12
VIC,2022-01-21,19,9
VIC,2022-01-22,18,7
VIC,2022-01-23,18,7
VIC,2022-01-24,18,8
VIC,2022-01-25,10,2
VIC,2022-01-26,18,11
VIC,2022-01-27,18,10
VIC,2022-01-28,8,3
VIC,2022-01-29,1,12
VIC,2022-01-30,18,7
VIC,2022-01-31,17,7
VIC,2022-02-01,0,15
VIC,2022-02-02,23,10
VIC,2022-02-03,6,14
VIC,2022-02-04,19,9
VIC,2022-02-05,19,9
VIC,2022-02-06,19,8
VIC,2022-02-07,19,9
VIC,2022-02-08,18,9
VIC,2022-02-09,6,14
VIC,2022-02-10,5,16
VIC,2022-02-11,19,14
VIC,2022-02-12,18,8
VIC,2022-02-13,18,8
VIC,2022-02-14,19,8
VIC,2022-02-15,18,12
VIC,2022-02-16,15,23
VIC,2022-02-17,18,15
VIC,2022-02-18,19,14
VIC,2022-02-19,23,14
VIC,2022-02-20,0,13
VIC,2022-02-21,20,14
VIC,2022-02-22,18,11
VIC,2022-02-23,18,9
VIC,2022-02-24,6,10
VIC,2022-02-25,6,9
VIC,2022-02-26,6,11
VIC,2022-02-27,18,11
VIC,2022-02-28,6,16
VIC,2022-03-01,7,13
VIC,2022-03-02,18,10
VIC,2022-03-03,18,10
VIC,2022-03-04,17,22
VIC,2022-03-05,0,16
VIC,2022-03-06,18,13
VIC,2022-03-07,6,13
VIC,2022-03-08,6,17
VIC,2022-03-09,6,9
VIC,2022-03-10,18,11
VIC,2022-03-11,6,14
VIC,2022-03-12,18,12
VIC,2022-03-13,17,10
VIC,2022-03-14,6,10
VIC,2022-03-15,13,3
VIC,2022-03-16,18,9
VIC,2022-03-17,17,1
VIC,2022-03-18,5,11
VIC,2022-03-19,17,9
VIC,2022-03-20,18,10
VIC,2022-03-21,6,10
VIC,2022-03-22,6,11
VIC,2022-03-23,17,11
VIC,2022-03-24,6,15
VIC,2022-03-25,6,12
VIC,2022-03-26,18,12
VIC,2022-03-27,17,11
VIC,2022-03-28,6,13
VIC,2022-03-29,6,14
VIC,2022-03-30,6,13
VIC,2022-03-31,6,11
VIC,2022-04-01,18,15
VIC,2022-04-02,18,13
VIC,2022-04-03,23,11
VIC,2022-04-04,18,13
VIC,2022-04-05,18,9
VIC,2022-04-06,7,13
VIC,2022-04-07,18,13
VIC,2022-04-08,18,11
VIC,2022-04-09,18,11
VIC,2022-04-10,17,11
VIC,2022-04-11,20,3
VIC,2022-04-12,18,2
VIC,2022-04-13,17,10
VIC,2022-04-14,17,9
VIC,2022-04-15,17,12
VIC,2022-04-16,18,12
VIC,2022-04-17,17,10
VIC,2022-04-18,8,4
VIC,2022-04-19,8,23
VIC,2022-04-20,18,3
VIC,2022-04-21,17,23
VIC,2022-04-22,17,11
VIC,2022-04-23,17,11
VIC,2022-04-24,18,14
VIC,2022-04-25,17,12
VIC,2022-04-26,16,3
VIC,2022-04-27,6,13
VIC,2022-04-28,17,21
VIC,2022-04-29,16,12
VIC,2022-04-30,17,12
VIC,2022-05-01,17,12
VIC,2022-05-02,17,12
VIC,2022-05-03,19,11
VIC,2022-05-04,19,0
VIC,2022-05-05,17,14
VIC,2022-05-06,7,11
VIC,2022-05-07,20,11
VIC,2022-05-08,17,12
VIC,2022-05-09,17,10
VIC,2022-05-10,17,13
VIC,2022-05-11,17,5
VIC,2022-05-12,17,1
VIC,2022-05-13,7,23
VIC,2022-05-14,17,3
VIC,2022-05-15,2,13
VIC,2022-05-16,21,4
VIC,2022-05-17,17,10
VIC,2022-05-18,20,12
VIC,2022-05-19,17,11
VIC,2022-05-20,17,4
VIC,2022-05-21,17,13
VIC,2022-05-22,17,14
VIC,2022-05-23,17,11
VIC,2022-05-24,17,14
VIC,2022-05-25,17,3
VIC,2022-05-26,17,4
VIC,2022-05-27,17,1
VIC,2022-05-28,17,11
VIC,2022-05-29,18,12
VIC,2022-05-30,10,4
VIC,2022-05-31,19,3
VIC,2022-06-01,17,3
VIC,2022-06-02,17,11
VIC,2022-06-03,7,12
VIC,2022-06-04,17,12
VIC,2022-06-05,17,5
VIC,2022-06-06,17,11
VIC,2022-06-07,18,2
VIC,2022-06-08,17,13
VIC,2022-06-09,17,4
VIC,2022-06-10,23,3
VIC,2022-06-11,0,12
VIC,2022-06-12,22,5
VIC,2022-06-13,18,20
VIC,2022-06-14,9,22
VIC,2022-06-15,13,4
VIC,2022-06-16,17,11
VIC,2022-06-17,17,11
VIC,2022-06-18,17,14
VIC,2022-06-19,17,11
VIC,2022-06-20,7,3
VIC,2022-06-21,20,12
VIC,2022-06-22,16,4
VIC,2022-06-23,17,22
VIC,2022-06-24,17,2
VIC,2022-06-25,21,13
VIC,2022-06-26,17,1
VIC,2022-06-27,17,3
VIC,2022-06-28,17,14
VIC,2022-06-29,16,2
VIC,2022-06-30,8,2
VIC,2022-07-01,16,3
VIC,2022-07-02,8,14
VIC,2022-07-03,17,13
VIC,2022-07-04,17,3
VIC,2022-07-05,18,3
VIC,2022-07-06,17,13
VIC,2022-07-07,7,12
VIC,2022-07-08,17,3
VIC,2022-07-09,17,14
VIC,2022-07-10,0,13
VIC,2022-07-11,17,4
VIC,2022-07-12,17,1
VIC,2022-07-13,17,4
VIC,2022-07-14,17,14
VIC,2022-07-15,7,13
VIC,2022-07-16,17,14
VIC,2022-07-17,18,3
VIC,2022-07-18,8,2
VIC,2022-07-19,7,12
VIC,2022-07-20,7,13
VIC,2022-07-21,7,14
VIC,2022-07-22,17,12
VIC,2022-07-23,17,12
VIC,2022-07-24,18,13
VIC,2022-07-25,18,1
VIC,2022-07-26,18,3
VIC,2022-07-27,18,13
VIC,2022-07-28,7,12
VIC,2022-07-29,7,13
VIC,2022-07-30,0,12
VIC,2022-07-31,18,4
VIC,2022-08-01,7,13
VIC,2022-08-02,18,12
VIC,2022-08-03,7,12
VIC,2022-08-04,8,13
VIC,2022-08-05,17,3
VIC,2022-08-06,17,13
VIC,2022-08-07,19,14
VIC,2022-08-08,7,12
VIC,2022-08-09,7,13
VIC,2022-08-10,6,13
VIC,2022-08-11,18,3
VIC,2022-08-12,18,12
VIC,2022-08-13,23,11
VIC,2022-08-14,0,13
VIC,2022-08-15,18,0
VIC,2022-08-16,18,12
VIC,2022-08-17,7,13
VIC,2022-08-18,19,2
VIC,2022-08-19,17,12
VIC,2022-08-20,23,14
VIC,2022-08-21,0,12
VIC,2022-08-22,16,4
VIC,2022-08-23,18,12
VIC,2022-08-24,18,3
VIC,2022-08-25,18,2
VIC,2022-08-26,18,9
VIC,2022-08-27,0,11
VIC,2022-08-28,18,11
VIC,2022-08-29,17,2
VIC,2022-08-30,20,15
VIC,2022-08-31,18,10
VIC,2022-09-01,18,9
VIC,2022-09-02,18,14
VIC,2022-09-03,22,14
VIC,2022-09-04,18,13
VIC,2022-09-05,18,11
VIC,2022-09-06,18,10
VIC,2022-09-07,6,12
VIC,2022-09-08,18,3
VIC,2022-09-09,18,12
VIC,2022-09-10,18,13
VIC,2022-09-11,18,13
VIC,2022-09-12,18,10
VIC,2022-09-13,18,13
VIC,2022-09-14,18,12
VIC,2022-09-15,7,1
VIC,2022-09-16,18,10
VIC,2022-09-17,19,2
VIC,2022-09-18,18,12
VIC,2022-09-19,18,10
VIC,2022-09-20,18,12
VIC,2022-09-21,13,2
VIC,2022-09-22,18,11
VIC,2022-09-23,0,14
VIC,2022-09-24,18,11
VIC,2022-09-25,18,11
VIC,2022-09-26,18,10
VIC,2022-09-27,6,14
VIC,2022-09-28,18,13
VIC,2022-09-29,6,14
VIC,2022-09-30,18,11
VIC,2022-10-01,23,11
VIC,2022-10-02,18,12
VIC,2022-10-03,18,11
VIC,2022-10-04,0,22
VIC,2022-10-05,11,22
VIC,2022-10-06,18,10
VIC,2022-10-07,0,15
VIC,2022-10-08,19,12
VIC,2022-10-09,18,12
VIC,2022-10-10,5,14
VIC,2022-10-11,18,11
VIC,2022-10-12,18,2
VIC,2022-10-13,7,23
VIC,2022-10-14,19,13
VIC,2022-10-15,18,12
VIC,2022-10-16,18,10
VIC,2022-10-17,18,11
VIC,2022-10-18,6,15
VIC,2022-10-19,6,15
VIC,2022-10-20,18,11
VIC,2022-10-21,6,14
VIC,2022-10-22,5,12
VIC,2022-10-23,0,10
VIC,2022-10-24,17,3
VIC,2022-10-25,18,11
VIC,2022-10-26,6,23
VIC,2022-10-27,6,17
VIC,2022-10-28,19,10
VIC,2022-10-29,19,11
VIC,2022-10-30,0,15
VIC,2022-10-31,18,11
VIC,2022-11-01,20,13
VIC,2022-11-02,16,12
VIC,2022-11-03,18,13
VIC,2022-11-04,5,14
VIC,2022-11-05,18,10
VIC,2022-11-06,18,9
VIC,2022-11-07,18,9
VIC,2022-11-08,18,11
VIC,2022-11-09,17,10
VIC,2022-11-10,23,9
VIC,2022-11-11,18,14
VIC,2022-11-12,20,23
VIC,2022-11-13,18,9
VIC,2022-11-14,23,9
VIC,2022-11-15,19,13
VIC,2022-11-16,19,13
VIC,2022-11-17,19,13
VIC,2022-11-18,5,12
VIC,2022-11-19,19,15
VIC,2022-11-20,17,13
VIC,2022-11-21,19,2
VIC,2022-11-22,20,13
VIC,2022-11-23,19,0
VIC,2022-11-24,19,13
VIC,2022-11-25,18,11
VIC,2022-11-26,19,7
VIC,2022-11-27,19,13
VIC,2022-11-28,5,13
VIC,2022-11-29,18,12
VIC,2022-11-30,5,13
VIC,2022-12-01,19,12
VIC,2022-12-02,19,12
VIC,2022-12-03,18,10
VIC,2022-12-04,18,12
VIC,2022-12-05,23,14
VIC,2022-12-06,18,8
VIC,2022-12-07,0,18
VIC,2022-12-08,19,12
VIC,2022-12-09,18,13
VIC,2022-12-10,18,13
VIC,2022-12-11,17,11
VIC,2022-12-12,0,8
VIC,2022-12-13,5,11
VIC,2022-12-14,20,13
VIC,2022-12-15,5,12
VIC,2022-12-16,5,12
VIC,2022-12-17,4,12
VIC,2022-12-18,19,8
VIC,2022-12-19,19,9
VIC,2022-12-20,18,11
VIC,2022-12-21,18,9
VIC,2022-12-22,0,10
VIC,2022-12-23,19,12
VIC,2022-12-24,18,12
VIC,2022-12-25,18,9
VIC,2022-12-26,18,9
VIC,2022-12-27,18,9
VIC,2022-12-28,22,11
VIC,2022-12-29,23,10
VIC,2022-12-30,18,12
VIC,2022-12-31,18,9
VIC,2023-01-01,18,9
VIC,2023-01-02,22,10
VIC,2023-01-03,4,16
VIC,2023-01-04,0,14
VIC,2023-01-05,20,13
VIC,2023-01-06,19,11
VIC,2023-01-07,18,9
VIC,2023-01-08,18,10
VIC,2023-01-09,3,11
VIC,2023-01-10,19,12
VIC,2023-01-11,18,10
VIC,2023-01-12,5,12
VIC,2023-01-13,19,13
VIC,2023-01-14,18,10
VIC,2023-01-15,0,12
VIC,2023-01-16,18,0
VIC,2023-01-17,20,10
VIC,2023-01-18,8,15
VIC,2023-01-19,20,14
VIC,2023-01-20,23,12
VIC,2023-01-21,6,11
VIC,2023-01-22,19,12
VIC,2023-01-23,18,11
VIC,2023-01-24,15,17
VIC,2023-01-25,5,12
VIC,2023-01-26,19,14
VIC,2023-01-27,19,9
VIC,2023-01-28,21,7
VIC,2023-01-29,3,18
VIC,2023-01-30,6,15
VIC,2023-01-31,18,14
VIC,2023-02-01,18,11
VIC,2023-02-02,0,11
VIC,2023-02-03,19,11
VIC,2023-02-04,20,14
VIC,2023-02-05,18,11
VIC,2023-02-06,18,14
VIC,2023-02-07,5,12
VIC,2023-02-08,19,10
VIC,2023-02-09,18,11
VIC,2023-02-10,18,11
VIC,2023-02-11,0,12
VIC,2023-02-12,22,13
VIC,2023-02-13,5,13
VIC,2023-02-14,20,11
VIC,2023-02-15,18,9
VIC,2023-02-16,16,9
VIC,2023-02-17,13,16
VIC,2023-02-18,18,14
VIC,2023-02-19,18,11
VIC,2023-02-20,18,11
VIC,2023-02-21,6,15
VIC,2023-02-22,17,10
VIC,2023-02-23,18,10
VIC,2023-02-24,17,8
VIC,2023-02-25,9,14
VIC,2023-02-26,18,11
VIC,2023-02-27,18,10
VIC,2023-02-28,6,16
VIC,2023-03-01,5,14
VIC,2023-03-02,6,14
VIC,2023-03-03,18,12
VIC,2023-03-04,18,10
VIC,2023-03-05,17,22
VIC,2023-03-06,6,12
VIC,2023-03-07,6,14
VIC,2023-03-08,18,13
VIC,2023-03-09,18,14
VIC,2023-03-10,18,13
VIC,2023-03-11,18,12
VIC,2023-03-12,1,13
VIC,2023-03-13,18,12
VIC,2023-03-14,18,11
VIC,2023-03-15,6,11
VIC,2023-03-16,6,11
VIC,2023-03-17,18,15
VIC,2023-03-18,19,12
VIC,2023-03-19,16,14
VIC,2023-03-20,22,11
VIC,2023-03-21,18,1
VIC,2023-03-22,6,11
VIC,2023-03-23,18,13
VIC,2023-03-24,6,11
VIC,2023-03-25,17,12
VIC,2023-03-26,18,10
VIC,2023-03-27,18,3
VIC,2023-03-28,6,13
VIC,2023-03-29,7,13
VIC,2023-03-30,6,11
VIC,2023-03-31,6,12
VIC,2023-04-01,18,10
VIC,2023-04-02,18,11
VIC,2023-04-03,18,12
VIC,2023-04-04,18,10
VIC,2023-04-05,17,13
VIC,2023-04-06,18,11
VIC,2023-04-07,6,12
VIC,2023-04-08,18,12
VIC,2023-04-09,17,13
VIC,2023-04-10,17,13
VIC,2023-04-11,16,10
VIC,2023-04-12,18,4
VIC,2023-04-13,17,14
VIC,2023-04-14,17,12
VIC,2023-04-15,17,3
VIC,2023-04-16,18,12
VIC,2023-04-17,17,11
VIC,2023-04-18,17,11
VIC,2023-04-19,17,10
VIC,2023-04-20,18,12
VIC,2023-04-21,18,10
VIC,2023-04-22,0,13
VIC,2023-04-23,17,10
VIC,2023-04-24,17,11
VIC,2023-04-25,17,10
VIC,2023-04-26,16,12
VIC,2023-04-27,17,13
VIC,2023-04-28,17,10
VIC,2023-04-29,18,11
VIC,2023-04-30,17,12
VIC,2023-05-01,17,5
VIC,2023-05-02,17,23
VIC,2023-05-03,23,4
VIC,2023-05-04,17,2
VIC,2023-05-05,17,11
VIC,2023-05-06,17,12
VIC,2023-05-07,17,13
VIC,2023-05-08,7,12
VIC,2023-05-09,18,12
VIC,2023-05-10,17,3
VIC,2023-05-11,6,11
VIC,2023-05-12,17,12
VIC,2023-05-13,17,12
VIC,2023-05-14,18,12
VIC,2023-05-15,16,12
VIC,2023-05-16,17,3
VIC,2023-05-17,16,11
VIC,2023-05-18,18,15
VIC,2023-05-19,7,13
VIC,2023-05-20,6,22
VIC,2023-05-21,17,5
VIC,2023-05-22,17,3
VIC,2023-05-23,6,11
VIC,2023-05-24,0,22
VIC,2023-05-25,16,3
VIC,2023-05-26,7,3
VIC,2023-05-27,9,11
VIC,2023-05-28,17,4
VIC,2023-05-29,18,12
VIC,2023-05-30,7,13
VIC,2023-05-31,6,23
VIC,2023-06-01,17,1
VIC,2023-06-02,17,12
VIC,2023-06-03,17,22
VIC,2023-06-04,17,11
VIC,2023-06-05,17,11
VIC,2023-06-06,17,23
VIC,2023-06-07,7,4
VIC,2023-06-08,8,13
VIC,2023-06-09,17,3
VIC,2023-06-10,17,11
VIC,2023-06-11,17,4
VIC,2023-06-12,0,14
VIC,2023-06-13,17,3
VIC,2023-06-14,17,1
VIC,2023-06-15,17,4
VIC,2023-06-16,18,13
VIC,2023-06-17,20,12
VIC,2023-06-18,1,13
VIC,2023-06-19,17,2
VIC,2023-06-20,17,3
VIC,2023-06-21,20,12
VIC,2023-06-22,14,23
VIC,2023-06-23,10,1
VIC,2023-06-24,18,12
VIC,2023-06-25,18,5
VIC,2023-06-26,17,3
VIC,2023-06-27,17,4
VIC,2023-06-28,11,6
VIC,2023-06-29,17,13
VIC,2023-06-30,17,12
VIC,2023-07-01,17,2
VIC,2023-07-02,17,9
VIC,2023-07-03,17,3
VIC,2023-07-04,10,2
VIC,2023-07-05,17,22
VIC,2023-07-06,17,12
VIC,2023-07-07,7,13
VIC,2023-07-08,18,13
VIC,2023-07-09,17,12
VIC,2023-07-10,7,13
VIC,2023-07-11,18,13
VIC,2023-07-12,17,13
VIC,2023-07-13,17,13
VIC,2023-07-14,17,3
VIC,2023-07-15,17,3
VIC,2023-07-16,17,13
VIC,2023-07-17,18,13
VIC,2023-07-18,18,13
VIC,2023-07-19,17,23
VIC,2023-07-20,18,4
VIC,2023-07-21,17,12
VIC,2023-07-22,17,12
VIC,2023-07-23,18,10
VIC,2023-07-24,17,2
VIC,2023-07-25,18,13
VIC,2023-07-26,17,11
VIC,2023-07-27,17,12
VIC,2023-07-28,17,0
VIC,2023-07-29,18,13
VIC,2023-07-30,18,14
VIC,2023-07-31,7,13
VIC,2023-08-01,18,3
VIC,2023-08-02,6,14
VIC,2023-08-03,7,12
VIC,2023-08-04,19,4
VIC,2023-08-05,17,10
VIC,2023-08-06,18,10
VIC,2023-08-07,17,11
VIC,2023-08-08,17,11
VIC,2023-08-09,7,14
VIC,2023-08-10,20,5
VIC,2023-08-11,17,12
VIC,2023-08-12,17,10
VIC,2023-08-13,18,10
VIC,2023-08-14,18,4
VIC,2023-08-15,18,13
VIC,2023-08-16,18,13
VIC,2023-08-17,17,12
VIC,2023-08-18,18,15
VIC,2023-08-19,17,12
VIC,2023-08-20,18,13
VIC,2023-08-21,18,12
VIC,2023-08-22,17,2
VIC,2023-08-23,18,10
VIC,2023-08-24,18,13
VIC,2023-08-25,18,12
VIC,2023-08-26,18,11
VIC,2023-08-27,18,12
VIC,2023-08-28,18,12
VIC,2023-08-29,6,13
VIC,2023-08-30,17,14
VIC,2023-08-31,6,12
VIC,2023-09-01,18,15
VIC,2023-09-02,6,12
VIC,2023-09-03,17,14
VIC,2023-09-04,18,10
VIC,2023-09-05,18,13
VIC,2023-09-06,18,13
VIC,2023-09-07,17,11
VIC,2023-09-08,13,14
VIC,2023-09-09,18,12
VIC,2023-09-10,18,9
VIC,2023-09-11,18,10
VIC,2023-09-12,18,12
VIC,2023-09-13,6,12
VIC,2023-09-14,17,12
VIC,2023-09-15,17,14
VIC,2023-09-16,0,12
VIC,2023-09-17,18,12
VIC,2023-09-18,18,11
VIC,2023-09-19,0,12
VIC,2023-09-20,17,11
VIC,2023-09-21,18,13
VIC,2023-09-22,17,14
VIC,2023-09-23,18,13
VIC,2023-09-24,17,14
VIC,2023-09-25,17,11
VIC,2023-09-26,17,12
VIC,2023-09-27,18,14
VIC,2023-09-28,18,12
VIC,2023-09-29,17,13
VIC,2023-09-30,17,14
VIC,2023-10-01,19,14
VIC,2023-10-02,18,13
VIC,2023-10-03,17,0
VIC,2023-10-04,5,14
VIC,2023-10-05,18,11
VIC,2023-10-06,18,14
VIC,2023-10-07,18,9
VIC,2023-10-08,18,13
VIC,2023-10-09,18,12
VIC,2023-10-10,18,13
VIC,2023-10-11,5,12
VIC,2023-10-12,19,13
VIC,2023-10-13,18,12
VIC,2023-10-14,23,14
VIC,2023-10-15,18,11
VIC,2023-10-16,18,15
VIC,2023-10-17,18,14
VIC,2023-10-18,18,11
VIC,2023-10-19,18,13
VIC,2023-10-20,17,11
VIC,2023-10-21,0,13
VIC,2023-10-22,19,11
VIC,2023-10-23,18,14
VIC,2023-10-24,20,10
VIC,2023-10-25,19,12
VIC,2023-10-26,19,14
VIC,2023-10-27,18,14
VIC,2023-10-28,23,9
VIC,2023-10-29,18,13
VIC,2023-10-30,1,13
VIC,2023-10-31,18,14
VIC,2023-11-01,18,14
VIC,2023-11-02,18,13
VIC,2023-11-03,5,15
VIC,2023-11-04,0,13
VIC,2023-11-05,18,12
VIC,2023-11-06,18,12
VIC,2023-11-07,18,10
VIC,2023-11-08,23,12
VIC,2023-11-09,18,12
VIC,2023-11-10,18,12
VIC,2023-11-11,19,14
VIC,2023-11-12,23,13
VIC,2023-11-13,18,10
VIC,2023-11-14,19,15
VIC,2023-11-15,19,14
VIC,2023-11-16,23,14
VIC,2023-11-17,0,16
VIC,2023-11-18,18,13
VIC,2023-11-19,18,13
VIC,2023-11-20,7,11
VIC,2023-11-21,6,18
VIC,2023-11-22,20,13
VIC,2023-11-23,6,10
VIC,2023-11-24,13,11
VIC,2023-11-25,19,14
VIC,2023-11-26,19,15
VIC,2023-11-27,17,14
VIC,2023-11-28,19,16
VIC,2023-11-29,6,11
VIC,2023-11-30,19,10
VIC,2023-12-01,22,14
VIC,2023-12-02,19,14
VIC,2023-12-03,19,14
VIC,2023-12-04,18,10
VIC,2023-12-05,19,13
VIC,2023-12-06,18,13
VIC,2023-12-07,18,11
VIC,2023-12-08,18,10
VIC,2023-12-09,1,14
VIC,2023-12-10,18,12
VIC,2023-12-11,8,2
VIC,2023-12-12,18,9
VIC,2023-12-13,8,16
VIC,2023-12-14,19,11
VIC,2023-12-15,1,12
VIC,2023-12-16,19,13
VIC,2023-12-17,18,10
VIC,2023-12-18,16,11
VIC,2023-12-19,5,13
VIC,2023-12-20,5,10
VIC,2023-12-21,5,13
VIC,2023-12-22,5,11
VIC,2023-12-23,23,11
VIC,2023-12-24,0,13
VIC,2023-12-25,23,15
VIC,2023-12-26,20,14
VIC,2023-12-27,18,12
VIC,2023-12-28,0,13
VIC,2023-12-29,19,13
VIC,2023-12-30,19,14
VIC,2023-12-31,23,12
VIC,2024-01-01,20,12
VIC,2024-01-02,23,11
VIC,2024-01-03,19,12
VIC,2024-01-04,19,13
VIC,2024-01-05,19,10
VIC,2024-01-06,21,7
VIC,2024-01-07,18,13
VIC,2024-01-08,23,14
VIC,2024-01-09,18,10
VIC,2024-01-10,18,11
VIC,2024-01-11,19,11
VIC,2024-01-12,19,9
VIC,2024-01-13,0,10
VIC,2024-01-14,20,10
VIC,2024-01-15,19,10
VIC,2024-01-16,18,13
VIC,2024-01-17,20,15
VIC,2024-01-18,4,14
VIC,2024-01-19,19,8
VIC,2024-01-20,21,10
VIC,2024-01-21,0,15
VIC,2024-01-22,20,10
VIC,2024-01-23,18,10
VIC,2024-01-24,18,2
VIC,2024-01-25,7,13
VIC,2024-01-26,0,14
VIC,2024-01-27,20,13
VIC,2024-01-28,19,12
VIC,2024-01-29,18,15
VIC,2024-01-30,5,10
VIC,2024-01-31,19,13
VIC,2024-02-01,5,12
VIC,2024-02-02,18,12
VIC,2024-02-03,18,11
VIC,2024-02-04,19,11
VIC,2024-02-05,7,18
VIC,2024-02-06,5,10
VIC,2024-02-07,5,14
VIC,2024-02-08,19,12
VIC,2024-02-09,5,13
VIC,2024-02-10,18,10
VIC,2024-02-11,18,10
VIC,2024-02-12,18,9
VIC,2024-02-13,14,16
VIC,2024-02-14,6,13
VIC,2024-02-15,18,13
VIC,2024-02-16,18,13
VIC,2024-02-17,18,13
VIC,2024-02-18,5,13
VIC,2024-02-19,18,13
VIC,2024-02-20,17,8
VIC,2024-02-21,17,10
VIC,2024-02-22,15,9
VIC,2024-02-23,5,16
VIC,2024-02-24,23,13
VIC,2024-02-25,17,11
VIC,2024-02-26,18,11
VIC,2024-02-27,17,9
VIC,2024-02-28,18,13
VIC,2024-02-29,15,13
VIC,2024-03-01,6,11
VIC,2024-03-02,19,13
VIC,2024-03-03,0,14
VIC,2024-03-04,18,12
VIC,2024-03-05,18,11
VIC,2024-03-06,17,11
VIC,2024-03-07,18,12
VIC,2024-03-08,18,9
VIC,2024-03-09,18,10
VIC,2024-03-10,17,7
VIC,2024-03-11,18,10
VIC,2024-03-12,17,10
VIC,2024-03-13,17,22
VIC,2024-03-14,17,14
VIC,2024-03-15,6,12
VIC,2024-03-16,18,10
VIC,2024-03-17,17,10
VIC,2024-03-18,18,11
VIC,2024-03-19,17,11
VIC,2024-03-20,18,13
VIC,2024-03-21,6,14
VIC,2024-03-22,6,13
VIC,2024-03-23,18,13
VIC,2024-03-24,18,13
VIC,2024-03-25,17,14
VIC,2024-03-26,6,13
VIC,2024-03-27,6,14
VIC,2024-03-28,6,12
VIC,2024-03-29,17,12
VIC,2024-03-30,17,11
VIC,2024-03-31,17,12
VIC,2024-04-01,17,10
VIC,2024-04-02,22,12
VIC,2024-04-03,18,15
VIC,2024-04-04,6,11
VIC,2024-04-05,7,13
VIC,2024-04-06,6,14
VIC,2024-04-07,18,12
VIC,2024-04-08,17,12
VIC,2024-04-09,21,13
VIC,2024-04-10,17,14
VIC,2024-04-11,17,13
VIC,2024-04-12,17,13
VIC,2024-04-13,17,10
VIC,2024-04-14,20,10
VIC,2024-04-15,7,11
VIC,2024-04-16,17,11
VIC,2024-04-17,17,11
VIC,2024-04-18,6,13
VIC,2024-04-19,17,10
VIC,2024-04-20,17,12
VIC,2024-04-21,17,13
VIC,2024-04-22,17,13
VIC,2024-04-23,17,12
VIC,2024-04-24,17,11
VIC,2024-04-25,17,11
VIC,2024-04-26,17,14
VIC,2024-04-27,17,11
VIC,2024-04-28,18,13
VIC,2024-04-29,17,3
VIC,2024-04-30,18,11
VIC,2024-05-01,20,14
VIC,2024-05-02,17,12
VIC,2024-05-03,8,11
VIC,2024-05-04,17,12
VIC,2024-05-05,7,14
VIC,2024-05-06,7,14
VIC,2024-05-07,17,12
VIC,2024-05-08,7,14
VIC,2024-05-09,19,2
VIC,2024-05-10,15,21
VIC,2024-05-11,17,14
VIC,2024-05-12,17,13
VIC,2024-05-13,17,13
VIC,2024-05-14,18,12
VIC,2024-05-15,17,13
VIC,2024-05-16,7,13
VIC,2024-05-17,16,13
VIC,2024-05-18,17,11
VIC,2024-05-19,17,13
VIC,2024-05-20,7,1
VIC,2024-05-21,17,3
VIC,2024-05-22,7,11
VIC,2024-05-23,7,9
VIC,2024-05-24,7,21
VIC,2024-05-25,17,13
VIC,2024-05-26,18,13
VIC,2024-05-27,17,13
VIC,2024-05-28,17,12
VIC,2024-05-29,17,13
VIC,2024-05-30,17,4
VIC,2024-05-31,17,11
VIC,2024-06-01,7,11
VIC,2024-06-02,18,13
VIC,2024-06-03,17,3
VIC,2024-06-04,17,1
VIC,2024-06-05,8,23
VIC,2024-06-06,17,14
VIC,2024-06-07,17,2
VIC,2024-06-08,16,11
VIC,2024-06-09,17,5
VIC,2024-06-10,17,13
VIC,2024-06-11,12,4
VIC,2024-06-12,18,4
VIC,2024-06-13,17,4
VIC,2024-06-14,7,0
VIC,2024-06-15,18,13
VIC,2024-06-16,18,12
VIC,2024-06-17,17,2
VIC,2024-06-18,17,2
VIC,2024-06-19,7,11
VIC,2024-06-20,17,4
VIC,2024-06-21,7,13
VIC,2024-06-22,17,11
VIC,2024-06-23,17,14
VIC,2024-06-24,7,3
VIC,2024-06-25,17,13
VIC,2024-06-26,17,13
VIC,2024-06-27,17,12
VIC,2024-06-28,7,22
VIC,2024-06-29,10,2
VIC,2024-06-30,17,11
VIC,2024-07-01,8,11
VIC,2024-07-02,17,23
VIC,2024-07-03,8,13
VIC,2024-07-04,10,1
VIC,2024-07-05,12,3
VIC,2024-07-06,8,3
VIC,2024-07-07,18,11
VIC,2024-07-08,17,2
VIC,2024-07-09,8,3
VIC,2024-07-10,16,23
VIC,2024-07-11,23,3
VIC,2024-07-12,9,14
VIC,2024-07-13,22,14
VIC,2024-07-14,18,12
VIC,2024-07-15,7,15
VIC,2024-07-16,18,2
VIC,2024-07-17,17,14
VIC,2024-07-18,17,12
VIC,2024-07-19,16,4
VIC,2024-07-20,17,3
VIC,2024-07-21,17,13
VIC,2024-07-22,17,10
VIC,2024-07-23,17,12
VIC,2024-07-24,18,4
VIC,2024-07-25,9,2
VIC,2024-07-26,17,12
VIC,2024-07-27,18,0
VIC,2024-07-28,18,12
VIC,2024-07-29,18,4
VIC,2024-07-30,17,12
VIC,2024-07-31,18,14
VIC,2024-08-01,6,12
VIC,2024-08-02,17,11
VIC,2024-08-03,20,12
VIC,2024-08-04,20,11
VIC,2024-08-05,17,13
VIC,2024-08-06,17,12
VIC,2024-08-07,18,12
VIC,2024-08-08,19,12
VIC,2024-08-09,7,13
VIC,2024-08-10,18,12
VIC,2024-08-11,18,12
VIC,2024-08-12,18,12
VIC,2024-08-13,17,11
VIC,2024-08-14,18,12
VIC,2024-08-15,17,14
VIC,2024-08-16,18,2
VIC,2024-08-17,9,14
VIC,2024-08-18,18,10
VIC,2024-08-19,7,10
VIC,2024-08-20,17,2
VIC,2024-08-21,17,11
VIC,2024-08-22,18,12
VIC,2024-08-23,0,12
VIC,2024-08-24,17,13
VIC,2024-08-25,0,13
VIC,2024-08-26,17,13
VIC,2024-08-27,7,14
VIC,2024-08-28,19,11
VIC,2024-08-29,6,12
VIC,2024-08-30,19,13
VIC,2024-08-31,20,12
VIC,2024-09-01,23,12
VIC,2024-09-02,18,10
VIC,2024-09-03,18,14
VIC,2024-09-04,18,11
VIC,2024-09-05,18,3
VIC,2024-09-06,17,4
VIC,2024-09-07,18,13
VIC,2024-09-08,0,11
VIC,2024-09-09,18,12
VIC,2024-09-10,17,11
VIC,2024-09-11,6,12
VIC,2024-09-12,18,14
VIC,2024-09-13,18,13
VIC,2024-09-14,19,12
VIC,2024-09-15,18,15
VIC,2024-09-16,19,12
VIC,2024-09-17,18,12
VIC,2024-09-18,19,12
VIC,2024-09-19,0,13
VIC,2024-09-20,19,12
VIC,2024-09-21,18,12
VIC,2024-09-22,17,12
VIC,2024-09-23,17,11
VIC,2024-09-24,18,12
VIC,2024-09-25,18,22
VIC,2024-09-26,20,16
VIC,2024-09-27,18,10
VIC,2024-09-28,0,13
VIC,2024-09-29,19,7
VIC,2024-09-30,18,14
VIC,2024-10-01,18,14
VIC,2024-10-02,18,13
VIC,2024-10-03,1,10
VIC,2024-10-04,18,11
VIC,2024-10-05,18,11
VIC,2024-10-06,18,13
VIC,2024-10-07,18,9
VIC,2024-10-08,18,14
VIC,2024-10-09,18,11
VIC,2024-10-10,18,14
VIC,2024-10-11,19,11
VIC,2024-10-12,18,12
VIC,2024-10-13,19,10
VIC,2024-10-14,0,12
VIC,2024-10-15,20,9
VIC,2024-10-16,18,12
VIC,2024-10-17,17,10
VIC,2024-10-18,7,15
VIC,2024-10-19,18,14
VIC,2024-10-20,18,12
VIC,2024-10-21,18,14
VIC,2024-10-22,23,12
VIC,2024-10-23,6,14
VIC,2024-10-24,5,14
VIC,2024-10-25,18,13
VIC,2024-10-26,18,13
VIC,2024-10-27,21,9
VIC,2024-10-28,18,13
VIC,2024-10-29,23,13
VIC,2024-10-30,5,12
VIC,2024-10-31,19,11
VIC,2024-11-01,18,13
VIC,2024-11-02,18,12
VIC,2024-11-03,19,12
VIC,2024-11-04,18,13
VIC,2024-11-05,18,12
VIC,2024-11-06,19,12
VIC,2024-11-07,5,11
VIC,2024-11-08,21,12
VIC,2024-11-09,19,9
VIC,2024-11-10,19,14
VIC,2024-11-11,16,14
VIC,2024-11-12,16,9
VIC,2024-11-13,0,15
VIC,2024-11-14,5,13
VIC,2024-11-15,20,11
VIC,2024-11-16,19,8
VIC,2024-11-17,1,15
VIC,2024-11-18,23,15
VIC,2024-11-19,5,14
VIC,2024-11-20,18,10
VIC,2024-11-21,18,11
VIC,2024-11-22,17,9
VIC,2024-11-23,21,7
VIC,2024-11-24,17,11
VIC,2024-11-25,7,16
VIC,2024-11-26,17,10
VIC,2024-11-27,19,10
VIC,2024-11-28,5,12
VIC,2024-11-29,17,10
VIC,2024-11-30,8,16
VIC,2024-12-01,22,11
VIC,2024-12-02,17,10
VIC,2024-12-03,19,14
VIC,2024-12-04,18,9
VIC,2024-12-05,18,8
VIC,2024-12-06,23,3
VIC,2024-12-07,0,13
VIC,2024-12-08,23,11
VIC,2024-12-09,18,15
VIC,2024-12-10,5,13
VIC,2024-12-11,5,13
VIC,2024-12-12,23,13
VIC,2024-12-13,20,13
VIC,2024-12-14,21,7
VIC,2024-12-15,19,12
VIC,2024-12-16,16,7
VIC,2024-12-17,5,11
VIC,2024-12-18,20,13
VIC,2024-12-19,18,11
VIC,2024-12-20,0,11
VIC,2024-12-21,23,13
VIC,2024-12-22,0,12
VIC,2024-12-23,23,14
VIC,2024-12-24,21,11
VIC,2024-12-25,18,9
VIC,2024-12-26,18,8
VIC,2024-12-27,20,13
VIC,2024-12-28,23,9
VIC,2024-12-29,23,14
VIC,2024-12-30,23,10
VIC,2024-12-31,0,13
