Period,DUID,Delta,Contract
2020-01-31,BERYLSF1,12.856767324589072,Ex-post DWA
2020-02-29,BERYLSF1,-0.09761659395407918,Ex-post DWA
2020-03-31,BERYLSF1,-0.2157241793261946,Ex-post DWA
2020-04-30,BERYLSF1,-1.3841570051923,Ex-post DWA
2020-05-31,BERYLSF1,-0.9776976861371196,Ex-post DWA
2020-06-30,BERYLSF1,-0.674355710458336,Ex-post DWA
2020-07-31,BERYLSF1,0.265243855328805,Ex-post DWA
2020-08-31,BERYLSF1,0.048036529346767054,Ex-post DWA
2020-09-30,BERYLSF1,-0.5846239545664531,Ex-post DWA
2020-10-31,BERYLSF1,3.8386131385314357,Ex-post DWA
2020-11-30,BERYLSF1,2.3676454653116963,Ex-post DWA
2020-12-31,BERYLSF1,-17.41693201853684,Ex-post DWA
2021-01-31,BERYLSF1,0.44603323813846174,Ex-post DWA
2021-02-28,BERYLSF1,0.04209540249302535,Ex-post DWA
2021-03-31,BERYLSF1,-0.31410693648193444,Ex-post DWA
2021-04-30,BERYLSF1,-0.4094284220951536,Ex-post DWA
2021-05-31,BERYLSF1,-1.6867045801896339,Ex-post DWA
2021-06-30,BERYLSF1,3.2744469136308822,Ex-post DWA
2021-07-31,BERYLSF1,1.5202529388483015,Ex-post DWA
2021-08-31,BERYLSF1,-2.5565925753325445,Ex-post DWA
2021-09-30,BERYLSF1,-1.0426240613264532,Ex-post DWA
2021-10-31,BERYLSF1,2.2216840809928797,Ex-post DWA
2021-11-30,BERYLSF1,-2.114701598359126,Ex-post DWA
2021-12-31,BERYLSF1,-0.8079970801947383,Ex-post DWA
2022-01-31,BERYLSF1,0.5830572172280597,Ex-post DWA
2022-02-28,BERYLSF1,-3.023585482309059,Ex-post DWA
2022-03-31,BERYLSF1,-2.809008265418825,Ex-post DWA
2022-04-30,BERYLSF1,-3.6352320459170073,Ex-post DWA
2022-05-31,BERYLSF1,-3.8744789842613443,Ex-post DWA
2022-06-30,BERYLSF1,-2.6807815561436428,Ex-post DWA
2022-07-31,BERYLSF1,-13.893398638091014,Ex-post DWA
2022-08-31,BERYLSF1,-1.154678976851912,Ex-post DWA
2022-09-30,BERYLSF1,-4.322840838445003,Ex-post DWA
2022-10-31,BERYLSF1,-5.09059797738756,Ex-post DWA
2022-11-30,BERYLSF1,-2.3370348300967123,Ex-post DWA
2022-12-31,BERYLSF1,-5.106859755833391,Ex-post DWA
2023-01-31,BERYLSF1,-0.39373746483370553,Ex-post DWA
2023-02-28,BERYLSF1,-4.4955759723708155,Ex-post DWA
2023-03-31,BERYLSF1,-7.576296131216964,Ex-post DWA
2023-04-30,BERYLSF1,1.750762905962631,Ex-post DWA
2023-05-31,BERYLSF1,-4.933125647244751,Ex-post DWA
2023-06-30,BERYLSF1,-1.7094387327224752,Ex-post DWA
2023-07-31,BERYLSF1,2.319034742925922,Ex-post DWA
2023-08-31,BERYLSF1,-3.270207648659259,Ex-post DWA
2023-09-30,BERYLSF1,3.8132522693641633,Ex-post DWA
2023-10-31,BERYLSF1,-0.12303605423613106,Ex-post DWA
2023-11-30,BERYLSF1,-11.500951432164932,Ex-post DWA
2023-12-31,BERYLSF1,-1.860231344701475,Ex-post DWA
2024-01-31,BERYLSF1,-6.81390440980973,Ex-post DWA
2024-02-29,BERYLSF1,-21.97337691784552,Ex-post DWA
2024-03-31,BERYLSF1,-2.6206132916929974,Ex-post DWA
2024-04-30,BERYLSF1,-5.4286256924389775,Ex-post DWA
2024-05-31,BERYLSF1,26.091398390242716,Ex-post DWA
2024-06-30,BERYLSF1,-3.4149518215757695,Ex-post DWA
2024-07-31,BERYLSF1,-2.5637333849283976,Ex-post DWA
2024-08-31,BERYLSF1,-23.57789286855042,Ex-post DWA
2024-09-30,BERYLSF1,5.903294050513304,Ex-post DWA
2024-10-31,BERYLSF1,-2.958627339512752,Ex-post DWA
2024-11-30,BERYLSF1,-40.14559358017351,Ex-post DWA
2024-12-31,BERYLSF1,-11.42354992271855,Ex-post DWA
2020-01-31,BROKENH1,-56.71713503297218,Ex-post DWA
2020-02-29,BROKENH1,0.48391017499633193,Ex-post DWA
2020-03-31,BROKENH1,0.17578657421837107,Ex-post DWA
2020-04-30,BROKENH1,-0.3327022685223078,Ex-post DWA
2020-05-31,BROKENH1,-0.9668623702519312,Ex-post DWA
2020-06-30,BROKENH1,0.5861922911502546,Ex-post DWA
2020-07-31,BROKENH1,0.36834819963718957,Ex-post DWA
2020-08-31,BROKENH1,0.956168789798916,Ex-post DWA
2020-09-30,BROKENH1,-0.3185185734541065,Ex-post DWA
2020-10-31,BROKENH1,-2.5174584040569883,Ex-post DWA
2020-11-30,BROKENH1,3.8611690785185573,Ex-post DWA
2020-12-31,BROKENH1,17.938881878661533,Ex-post DWA
2021-01-31,BROKENH1,0.05063954258242376,Ex-post DWA
2021-02-28,BROKENH1,-0.044156542286728495,Ex-post DWA
2021-03-31,BROKENH1,1.0732928019646337,Ex-post DWA
2021-04-30,BROKENH1,-0.7845751292495251,Ex-post DWA
2021-05-31,BROKENH1,4.539359769602974,Ex-post DWA
2021-06-30,BROKENH1,0.42891806849239345,Ex-post DWA
2021-07-31,BROKENH1,8.940224326635601,Ex-post DWA
2021-08-31,BROKENH1,-2.8022938730230145,Ex-post DWA
2021-09-30,BROKENH1,-0.21004950703093428,Ex-post DWA
2021-10-31,BROKENH1,-3.1055358426112676,Ex-post DWA
2021-11-30,BROKENH1,-11.255494338611456,Ex-post DWA
2021-12-31,BROKENH1,4.644332977838303,Ex-post DWA
2022-01-31,BROKENH1,0.5076320831245056,Ex-post DWA
2022-02-28,BROKENH1,3.724409599548352,Ex-post DWA
2022-03-31,BROKENH1,2.351792638864538,Ex-post DWA
2022-04-30,BROKENH1,15.002728449111345,Ex-post DWA
2022-05-31,BROKENH1,3.728673110381777,Ex-post DWA
2022-06-30,BROKENH1,-1.4075442707501793,Ex-post DWA
2022-07-31,BROKENH1,24.21930996231123,Ex-post DWA
2022-08-31,BROKENH1,1.3050805673635608,Ex-post DWA
2022-09-30,BROKENH1,8.413261738158525,Ex-post DWA
2022-10-31,BROKENH1,7.257882842975803,Ex-post DWA
2022-11-30,BROKENH1,-7.512763333750769,Ex-post DWA
2022-12-31,BROKENH1,-0.6158159577864453,Ex-post DWA
2023-01-31,BROKENH1,-2.413440394661464,Ex-post DWA
2023-02-28,BROKENH1,-2.5718945016199086,Ex-post DWA
2023-03-31,BROKENH1,3.3839123269535207,Ex-post DWA
2023-04-30,BROKENH1,1.350712801662624,Ex-post DWA
2023-05-31,BROKENH1,2.8247380145500642,Ex-post DWA
2023-06-30,BROKENH1,2.307695011885457,Ex-post DWA
2023-07-31,BROKENH1,-4.359647373596076,Ex-post DWA
2023-08-31,BROKENH1,0.7207788431854141,Ex-post DWA
2023-09-30,BROKENH1,-2.4198822283252035,Ex-post DWA
2023-10-31,BROKENH1,-8.369300109745659,Ex-post DWA
2023-11-30,BROKENH1,-5.336702532048008,Ex-post DWA
2023-12-31,BROKENH1,1.452826120779477,Ex-post DWA
2024-01-31,BROKENH1,-4.87991203131665,Ex-post DWA
2024-02-29,BROKENH1,23.10306168732103,Ex-post DWA
2024-03-31,BROKENH1,1.073898227230174,Ex-post DWA
2024-04-30,BROKENH1,6.741040232928086,Ex-post DWA
2024-05-31,BROKENH1,-9.49837874589636,Ex-post DWA
2024-06-30,BROKENH1,5.454046455876863,Ex-post DWA
2024-07-31,BROKENH1,6.117612812813,Ex-post DWA
2024-08-31,BROKENH1,-11.691549499383449,Ex-post DWA
2024-09-30,BROKENH1,-1.446872868625117,Ex-post DWA
2024-10-31,BROKENH1,-11.63298175784045,Ex-post DWA
2024-11-30,BROKENH1,49.0063140511416,Ex-post DWA
2024-12-31,BROKENH1,-31.364918953808598,Ex-post DWA
2020-01-31,COLEASF1,-15.223989740681418,Ex-post DWA
2020-02-29,COLEASF1,-1.5739505555429076,Ex-post DWA
2020-03-31,COLEASF1,0.19088736639249504,Ex-post DWA
2020-04-30,COLEASF1,1.0317926490513116,Ex-post DWA
2020-05-31,COLEASF1,-0.24685186956803307,Ex-post DWA
2020-06-30,COLEASF1,-6.241525969204105,Ex-post DWA
2020-07-31,COLEASF1,-0.23500581385114572,Ex-post DWA
2020-08-31,COLEASF1,-2.1055410041995444,Ex-post DWA
2020-09-30,COLEASF1,0.16343096246193767,Ex-post DWA
2020-10-31,COLEASF1,-0.9105112393772217,Ex-post DWA
2020-11-30,COLEASF1,2.0022353251881952,Ex-post DWA
2020-12-31,COLEASF1,-2.187754562449342,Ex-post DWA
2021-01-31,COLEASF1,0.2306737427746981,Ex-post DWA
2021-02-28,COLEASF1,-0.20209950631788587,Ex-post DWA
2021-03-31,COLEASF1,-0.15819858787038044,Ex-post DWA
2021-04-30,COLEASF1,-1.0400927658813615,Ex-post DWA
2021-05-31,COLEASF1,-2.2424287320442957,Ex-post DWA
2021-06-30,COLEASF1,-4.266841517372157,Ex-post DWA
2021-07-31,COLEASF1,-0.1263209147664952,Ex-post DWA
2021-08-31,COLEASF1,-0.3712279045143134,Ex-post DWA
2021-09-30,COLEASF1,0.5331339326228424,Ex-post DWA
2021-10-31,COLEASF1,1.5427659774924933,Ex-post DWA
2021-11-30,COLEASF1,-8.597372784136155,Ex-post DWA
2021-12-31,COLEASF1,0.9054145185200042,Ex-post DWA
2022-01-31,COLEASF1,-0.2659714069321524,Ex-post DWA
2022-02-28,COLEASF1,1.0471975554787747,Ex-post DWA
2022-03-31,COLEASF1,0.3380408755533324,Ex-post DWA
2022-04-30,COLEASF1,-3.7396001208034875,Ex-post DWA
2022-05-31,COLEASF1,-0.603293604355855,Ex-post DWA
2022-06-30,COLEASF1,0.505476087752811,Ex-post DWA
2022-07-31,COLEASF1,-14.841830066152454,Ex-post DWA
2022-08-31,COLEASF1,3.595331642563167,Ex-post DWA
2022-09-30,COLEASF1,-3.7494295997602194,Ex-post DWA
2022-10-31,COLEASF1,-5.212842351016832,Ex-post DWA
2022-11-30,COLEASF1,0.01729275831320365,Ex-post DWA
2022-12-31,COLEASF1,1.5823792618211527,Ex-post DWA
2023-01-31,COLEASF1,-2.2507020129520043,Ex-post DWA
2023-02-28,COLEASF1,0.627809754127469,Ex-post DWA
2023-03-31,COLEASF1,1.271604340539895,Ex-post DWA
2023-04-30,COLEASF1,-1.583691083342643,Ex-post DWA
2023-05-31,COLEASF1,-1.491629391113051,Ex-post DWA
2023-06-30,COLEASF1,-0.8769834917420596,Ex-post DWA
2023-07-31,COLEASF1,-2.3540650520832713,Ex-post DWA
2023-08-31,COLEASF1,-0.8677219666771023,Ex-post DWA
2023-09-30,COLEASF1,-5.235109422998436,Ex-post DWA
2023-10-31,COLEASF1,-10.83577048266519,Ex-post DWA
2023-11-30,COLEASF1,4.769679987348823,Ex-post DWA
2023-12-31,COLEASF1,-2.740376179758222,Ex-post DWA
2024-01-31,COLEASF1,2.929364828993819,Ex-post DWA
2024-02-29,COLEASF1,-7.063378184236427,Ex-post DWA
2024-03-31,COLEASF1,-1.2490761576206424,Ex-post DWA
2024-04-30,COLEASF1,-4.199234880001114,Ex-post DWA
2024-05-31,COLEASF1,-24.96944911206043,Ex-post DWA
2024-06-30,COLEASF1,-5.359525382440822,Ex-post DWA
2024-07-31,COLEASF1,2.6866546796233948,Ex-post DWA
2024-08-31,COLEASF1,-11.739980872893327,Ex-post DWA
2024-09-30,COLEASF1,-5.637081356184376,Ex-post DWA
2024-10-31,COLEASF1,-3.572627092419289,Ex-post DWA
2024-11-30,COLEASF1,10.182516967652049,Ex-post DWA
2024-12-31,COLEASF1,-9.961508939252624,Ex-post DWA
2020-01-31,FINLYSF1,-38.49024217467536,Ex-post DWA
2020-02-29,FINLYSF1,-2.385882893725345,Ex-post DWA
2020-03-31,FINLYSF1,0.7303339650517984,Ex-post DWA
2020-04-30,FINLYSF1,0.08187264574062425,Ex-post DWA
2020-05-31,FINLYSF1,2.6039438338871577,Ex-post DWA
2020-06-30,FINLYSF1,-1.4706272679380419,Ex-post DWA
2020-07-31,FINLYSF1,-0.7407344203050457,Ex-post DWA
2020-08-31,FINLYSF1,-1.9938120345303858,Ex-post DWA
2020-09-30,FINLYSF1,-0.0808664470067697,Ex-post DWA
2020-10-31,FINLYSF1,-3.7305245363700976,Ex-post DWA
2020-11-30,FINLYSF1,9.963924945443111,Ex-post DWA
2020-12-31,FINLYSF1,10.835064222555971,Ex-post DWA
2021-01-31,FINLYSF1,0.16356909170983158,Ex-post DWA
2021-02-28,FINLYSF1,0.09004041171770183,Ex-post DWA
2021-03-31,FINLYSF1,-0.07936538845097374,Ex-post DWA
2021-04-30,FINLYSF1,-1.4818012694126494,Ex-post DWA
2021-05-31,FINLYSF1,-2.233194296319539,Ex-post DWA
2021-06-30,FINLYSF1,1.2321356986613807,Ex-post DWA
2021-07-31,FINLYSF1,-4.600392854198745,Ex-post DWA
2021-08-31,FINLYSF1,-1.8522408398235015,Ex-post DWA
2021-09-30,FINLYSF1,-1.7330588985424598,Ex-post DWA
2021-10-31,FINLYSF1,-9.535533801060534,Ex-post DWA
2021-11-30,FINLYSF1,0.44469453089069333,Ex-post DWA
2021-12-31,FINLYSF1,1.0664580283647567,Ex-post DWA
2022-01-31,FINLYSF1,-1.5075778758619975,Ex-post DWA
2022-02-28,FINLYSF1,0.2017990820884279,Ex-post DWA
2022-03-31,FINLYSF1,0.885092786832061,Ex-post DWA
2022-04-30,FINLYSF1,-6.381240276600494,Ex-post DWA
2022-05-31,FINLYSF1,4.793727910862202,Ex-post DWA
2022-06-30,FINLYSF1,7.075972710934877,Ex-post DWA
2022-07-31,FINLYSF1,10.291434353274951,Ex-post DWA
2022-08-31,FINLYSF1,1.544871604571597,Ex-post DWA
2022-09-30,FINLYSF1,0.40633793282486863,Ex-post DWA
2022-10-31,FINLYSF1,1.717044634058169,Ex-post DWA
2022-11-30,FINLYSF1,-1.17712194812529,Ex-post DWA
2022-12-31,FINLYSF1,6.355195752621036,Ex-post DWA
2023-01-31,FINLYSF1,0.2681054020545446,Ex-post DWA
2023-02-28,FINLYSF1,-0.5741485697142537,Ex-post DWA
2023-03-31,FINLYSF1,1.531019022480109,Ex-post DWA
2023-04-30,FINLYSF1,0.9899785698245722,Ex-post DWA
2023-05-31,FINLYSF1,0.3939468812028224,Ex-post DWA
2023-06-30,FINLYSF1,-0.8597286382812754,Ex-post DWA
2023-07-31,FINLYSF1,-1.2385184915802228,Ex-post DWA
2023-08-31,FINLYSF1,1.9194276397743693,Ex-post DWA
2023-09-30,FINLYSF1,-5.187941721772495,Ex-post DWA
2023-10-31,FINLYSF1,-6.380428298613204,Ex-post DWA
2023-11-30,FINLYSF1,11.105998445940585,Ex-post DWA
2023-12-31,FINLYSF1,-2.9901119821123388,Ex-post DWA
2024-01-31,FINLYSF1,7.426517816715226,Ex-post DWA
2024-02-29,FINLYSF1,0.3476210388545411,Ex-post DWA
2024-03-31,FINLYSF1,-0.5934704036068226,Ex-post DWA
2024-04-30,FINLYSF1,-7.578388990494915,Ex-post DWA
2024-05-31,FINLYSF1,-38.9461638211197,Ex-post DWA
2024-06-30,FINLYSF1,-6.954816964452164,Ex-post DWA
2024-07-31,FINLYSF1,-1.7416800750121482,Ex-post DWA
2024-08-31,FINLYSF1,-6.137741773241231,Ex-post DWA
2024-09-30,FINLYSF1,-4.031603165064146,Ex-post DWA
2024-10-31,FINLYSF1,-1.5007748710015179,Ex-post DWA
2024-11-30,FINLYSF1,-1.4086845773139487,Ex-post DWA
2024-12-31,FINLYSF1,-7.0558001619175315,Ex-post DWA
2020-01-31,GULLRSF1,-62.904543218634046,Ex-post DWA
2020-02-29,GULLRSF1,-1.4168195488035806,Ex-post DWA
2020-03-31,GULLRSF1,-1.3507141407402088,Ex-post DWA
2020-04-30,GULLRSF1,-1.8641441932751803,Ex-post DWA
2020-05-31,GULLRSF1,-2.2833219111193372,Ex-post DWA
2020-06-30,GULLRSF1,-1.31785552558663,Ex-post DWA
2020-07-31,GULLRSF1,0.7262133507081714,Ex-post DWA
2020-08-31,GULLRSF1,1.4981262540945295,Ex-post DWA
2020-09-30,GULLRSF1,-0.26132329937086496,Ex-post DWA
2020-10-31,GULLRSF1,-4.224787662886818,Ex-post DWA
2020-11-30,GULLRSF1,-8.110120547186817,Ex-post DWA
2020-12-31,GULLRSF1,-41.666984168782946,Ex-post DWA
2021-01-31,GULLRSF1,0.04573706887573081,Ex-post DWA
2021-02-28,GULLRSF1,-0.67280006206461,Ex-post DWA
2021-03-31,GULLRSF1,-1.2804701352910968,Ex-post DWA
2021-04-30,GULLRSF1,-1.2258703701476676,Ex-post DWA
2021-05-31,GULLRSF1,-3.323607623239667,Ex-post DWA
2021-06-30,GULLRSF1,-7.538151016025196,Ex-post DWA
2021-07-31,GULLRSF1,-3.234324389650425,Ex-post DWA
2021-08-31,GULLRSF1,-5.786753582219301,Ex-post DWA
2021-09-30,GULLRSF1,-4.439875669412018,Ex-post DWA
2021-10-31,GULLRSF1,4.204646855721641,Ex-post DWA
2021-11-30,GULLRSF1,-1.6922182008533895,Ex-post DWA
2021-12-31,GULLRSF1,0.121129118397036,Ex-post DWA
2022-01-31,GULLRSF1,-0.5780383659332387,Ex-post DWA
2022-02-28,GULLRSF1,-5.0470430571307645,Ex-post DWA
2022-03-31,GULLRSF1,-4.65014903114178,Ex-post DWA
2022-04-30,GULLRSF1,-13.284073351862887,Ex-post DWA
2022-05-31,GULLRSF1,-15.910111228874428,Ex-post DWA
2022-06-30,GULLRSF1,-2.386937521441496,Ex-post DWA
2022-07-31,GULLRSF1,-40.37661972425815,Ex-post DWA
2022-08-31,GULLRSF1,-0.9310599825898578,Ex-post DWA
2022-09-30,GULLRSF1,-8.144042187547285,Ex-post DWA
2022-10-31,GULLRSF1,-3.462048942523211,Ex-post DWA
2022-11-30,GULLRSF1,-3.368293014713025,Ex-post DWA
2022-12-31,GULLRSF1,-8.95905279479242,Ex-post DWA
2023-01-31,GULLRSF1,-2.0203182826363246,Ex-post DWA
2023-02-28,GULLRSF1,-8.269991628963155,Ex-post DWA
2023-03-31,GULLRSF1,-15.14058857491797,Ex-post DWA
2023-04-30,GULLRSF1,-7.237082173318974,Ex-post DWA
2023-05-31,GULLRSF1,-5.998170005110438,Ex-post DWA
2023-06-30,GULLRSF1,-1.887167762548593,Ex-post DWA
2023-07-31,GULLRSF1,-2.373184099971475,Ex-post DWA
2023-08-31,GULLRSF1,-7.345429548155032,Ex-post DWA
2023-09-30,GULLRSF1,-4.760797264999512,Ex-post DWA
2023-10-31,GULLRSF1,-2.4917640758579127,Ex-post DWA
2023-11-30,GULLRSF1,-11.425160733383116,Ex-post DWA
2023-12-31,GULLRSF1,-3.4192084322818417,Ex-post DWA
2024-01-31,GULLRSF1,-12.684559289797761,Ex-post DWA
2024-02-29,GULLRSF1,-28.93714512924509,Ex-post DWA
2024-03-31,GULLRSF1,-7.271117290284309,Ex-post DWA
2024-04-30,GULLRSF1,-10.218894458083248,Ex-post DWA
2024-05-31,GULLRSF1,-47.02878274598858,Ex-post DWA
2024-06-30,GULLRSF1,-1.0744869916965456,Ex-post DWA
2024-07-31,GULLRSF1,-2.020500742480081,Ex-post DWA
2024-08-31,GULLRSF1,-12.495302900349117,Ex-post DWA
2024-09-30,GULLRSF1,7.827074499918196,Ex-post DWA
2024-10-31,GULLRSF1,-2.805919165173293,Ex-post DWA
2024-11-30,GULLRSF1,-50.428224685186706,Ex-post DWA
2024-12-31,GULLRSF1,-12.843002965456009,Ex-post DWA
2020-01-31,LIMOSF21,-2.5995015667358246,Ex-post DWA
2020-02-29,LIMOSF21,1.4153369982975832,Ex-post DWA
2020-03-31,LIMOSF21,0.9737343010369415,Ex-post DWA
2020-04-30,LIMOSF21,1.582042414331383,Ex-post DWA
2020-05-31,LIMOSF21,-1.133264904774265,Ex-post DWA
2020-06-30,LIMOSF21,-1.596817155314568,Ex-post DWA
2020-07-31,LIMOSF21,1.4610982167656204,Ex-post DWA
2020-08-31,LIMOSF21,1.384762423095978,Ex-post DWA
2020-09-30,LIMOSF21,4.720589745374603,Ex-post DWA
2020-10-31,LIMOSF21,-2.838090460122153,Ex-post DWA
2020-11-30,LIMOSF21,10.400831995622482,Ex-post DWA
2020-12-31,LIMOSF21,13.397691044659396,Ex-post DWA
2021-01-31,LIMOSF21,0.4548114088989479,Ex-post DWA
2021-02-28,LIMOSF21,0.8638728516429381,Ex-post DWA
2021-03-31,LIMOSF21,0.822047266409129,Ex-post DWA
2021-04-30,LIMOSF21,2.385846360927026,Ex-post DWA
2021-05-31,LIMOSF21,5.25619246960111,Ex-post DWA
2021-06-30,LIMOSF21,-2.1223715927907847,Ex-post DWA
2021-07-31,LIMOSF21,0.25699086062975596,Ex-post DWA
2021-08-31,LIMOSF21,5.815078279207157,Ex-post DWA
2021-09-30,LIMOSF21,10.17521503689549,Ex-post DWA
2021-10-31,LIMOSF21,11.10585071168741,Ex-post DWA
2021-11-30,LIMOSF21,12.226465502937323,Ex-post DWA
2021-12-31,LIMOSF21,3.1268716527467433,Ex-post DWA
2022-01-31,LIMOSF21,3.854075625792845,Ex-post DWA
2022-02-28,LIMOSF21,0.845535869201143,Ex-post DWA
2022-03-31,LIMOSF21,3.0512681412990617,Ex-post DWA
2022-04-30,LIMOSF21,5.919305455559453,Ex-post DWA
2022-05-31,LIMOSF21,6.412005121448175,Ex-post DWA
2022-06-30,LIMOSF21,10.790532273172232,Ex-post DWA
2022-07-31,LIMOSF21,16.83214537657841,Ex-post DWA
2022-08-31,LIMOSF21,1.8703251921037918,Ex-post DWA
2022-09-30,LIMOSF21,4.384484129076441,Ex-post DWA
2022-10-31,LIMOSF21,6.351630894745398,Ex-post DWA
2022-11-30,LIMOSF21,0.277592439434585,Ex-post DWA
2022-12-31,LIMOSF21,4.8524248465253095,Ex-post DWA
2023-01-31,LIMOSF21,-0.06288769556502416,Ex-post DWA
2023-02-28,LIMOSF21,-0.6771872166211637,Ex-post DWA
2023-03-31,LIMOSF21,0.18089030385456795,Ex-post DWA
2023-04-30,LIMOSF21,4.85200956696977,Ex-post DWA
2023-05-31,LIMOSF21,-5.156977862673415,Ex-post DWA
2023-06-30,LIMOSF21,-2.6365102087284242,Ex-post DWA
2023-07-31,LIMOSF21,-1.126311057906662,Ex-post DWA
2023-08-31,LIMOSF21,4.765351618885958,Ex-post DWA
2023-09-30,LIMOSF21,5.306998392609113,Ex-post DWA
2023-10-31,LIMOSF21,9.066182933031229,Ex-post DWA
2023-11-30,LIMOSF21,8.65672747021928,Ex-post DWA
2023-12-31,LIMOSF21,-0.4055960561269245,Ex-post DWA
2024-01-31,LIMOSF21,8.816707566128635,Ex-post DWA
2024-02-29,LIMOSF21,-0.07138249279981324,Ex-post DWA
2024-03-31,LIMOSF21,5.392363024154875,Ex-post DWA
2024-04-30,LIMOSF21,5.693956877104405,Ex-post DWA
2024-05-31,LIMOSF21,35.942887664445834,Ex-post DWA
2024-06-30,LIMOSF21,2.3440015393655784,Ex-post DWA
2024-07-31,LIMOSF21,3.904341622427843,Ex-post DWA
2024-08-31,LIMOSF21,12.071515770150512,Ex-post DWA
2024-09-30,LIMOSF21,10.34217415211786,Ex-post DWA
2024-10-31,LIMOSF21,17.528138827022886,Ex-post DWA
2024-11-30,LIMOSF21,60.95612749163149,Ex-post DWA
2024-12-31,LIMOSF21,20.01324738285696,Ex-post DWA
2020-01-31,MANSLR1,36.76207593341064,Ex-post DWA
2020-02-29,MANSLR1,-0.09603561665403504,Ex-post DWA
2020-03-31,MANSLR1,-0.026576664276923623,Ex-post DWA
2020-04-30,MANSLR1,0.05338880601519236,Ex-post DWA
2020-05-31,MANSLR1,-0.7475878358455361,Ex-post DWA
2020-06-30,MANSLR1,-0.04155911944960167,Ex-post DWA
2020-07-31,MANSLR1,0.9793056898246775,Ex-post DWA
2020-08-31,MANSLR1,-0.14628624351654196,Ex-post DWA
2020-09-30,MANSLR1,0.07488269247516399,Ex-post DWA
2020-10-31,MANSLR1,0.0795170410660404,Ex-post DWA
2020-11-30,MANSLR1,-0.602691001404466,Ex-post DWA
2020-12-31,MANSLR1,-22.7788053706371,Ex-post DWA
2021-01-31,MANSLR1,1.5294195496203926,Ex-post DWA
2021-02-28,MANSLR1,1.3761840570870305,Ex-post DWA
2021-03-31,MANSLR1,1.5968815721453566,Ex-post DWA
2021-04-30,MANSLR1,1.1735595683925126,Ex-post DWA
2021-05-31,MANSLR1,0.5124015356919074,Ex-post DWA
2021-06-30,MANSLR1,0.7939902485958044,Ex-post DWA
2021-07-31,MANSLR1,1.1048908544837417,Ex-post DWA
2021-08-31,MANSLR1,2.2783423658957673,Ex-post DWA
2021-09-30,MANSLR1,6.375782998505915,Ex-post DWA
2021-10-31,MANSLR1,15.69270263109204,Ex-post DWA
2021-11-30,MANSLR1,3.9516619657900165,Ex-post DWA
2021-12-31,MANSLR1,5.103302253721793,Ex-post DWA
2022-01-31,MANSLR1,9.30589408744909,Ex-post DWA
2022-02-28,MANSLR1,9.922315107009155,Ex-post DWA
2022-03-31,MANSLR1,9.286529776141379,Ex-post DWA
2022-04-30,MANSLR1,32.66450882366465,Ex-post DWA
2022-05-31,MANSLR1,2.1885285784665314,Ex-post DWA
2022-06-30,MANSLR1,-3.0227374434342664,Ex-post DWA
2022-07-31,MANSLR1,-3.8616651972652676,Ex-post DWA
2022-08-31,MANSLR1,7.573316851943261,Ex-post DWA
2022-09-30,MANSLR1,27.401774425787863,Ex-post DWA
2022-10-31,MANSLR1,35.360407027108096,Ex-post DWA
2022-11-30,MANSLR1,27.141714167195545,Ex-post DWA
2022-12-31,MANSLR1,32.47659904781157,Ex-post DWA
2023-01-31,MANSLR1,25.70141603319935,Ex-post DWA
2023-02-28,MANSLR1,12.131481744035938,Ex-post DWA
2023-03-31,MANSLR1,3.6536390698285004,Ex-post DWA
2023-04-30,MANSLR1,16.895137920665036,Ex-post DWA
2023-05-31,MANSLR1,3.226422612492783,Ex-post DWA
2023-06-30,MANSLR1,5.182953150925805,Ex-post DWA
2023-07-31,MANSLR1,13.061072106177711,Ex-post DWA
2023-08-31,MANSLR1,11.786824854849243,Ex-post DWA
2023-09-30,MANSLR1,30.26716297425956,Ex-post DWA
2023-10-31,MANSLR1,35.35211658833977,Ex-post DWA
2023-11-30,MANSLR1,25.751802123645533,Ex-post DWA
2023-12-31,MANSLR1,20.820167914208213,Ex-post DWA
2024-01-31,MANSLR1,21.15065906799982,Ex-post DWA
2024-02-29,MANSLR1,18.941680774744682,Ex-post DWA
2024-03-31,MANSLR1,13.566876760968917,Ex-post DWA
2024-04-30,MANSLR1,21.25752308449664,Ex-post DWA
2024-05-31,MANSLR1,37.433977955890015,Ex-post DWA
2024-06-30,MANSLR1,8.004699376458191,Ex-post DWA
2024-07-31,MANSLR1,8.375952462819079,Ex-post DWA
2024-08-31,MANSLR1,23.033938496442616,Ex-post DWA
2024-09-30,MANSLR1,36.77072210892797,Ex-post DWA
2024-10-31,MANSLR1,30.81817045505629,Ex-post DWA
2024-11-30,MANSLR1,56.41242635514138,Ex-post DWA
2024-12-31,MANSLR1,111.54840487576047,Ex-post DWA
2020-01-31,MOREESF1,36.256199607821486,Ex-post DWA
2020-02-29,MOREESF1,3.034753352045854,Ex-post DWA
2020-03-31,MOREESF1,-0.015085926068771016,Ex-post DWA
2020-04-30,MOREESF1,-1.1362837159696042,Ex-post DWA
2020-05-31,MOREESF1,-0.6661717785291899,Ex-post DWA
2020-06-30,MOREESF1,3.410045196501848,Ex-post DWA
2020-07-31,MOREESF1,0.7778833134760603,Ex-post DWA
2020-08-31,MOREESF1,2.014247056396613,Ex-post DWA
2020-09-30,MOREESF1,1.2288492744024353,Ex-post DWA
2020-10-31,MOREESF1,8.677045361703676,Ex-post DWA
2020-11-30,MOREESF1,-1.0909188147703048,Ex-post DWA
2020-12-31,MOREESF1,12.289845897066357,Ex-post DWA
2021-01-31,MOREESF1,0.6415409224070387,Ex-post DWA
2021-02-28,MOREESF1,0.14525244367057155,Ex-post DWA
2021-03-31,MOREESF1,0.47930210840545584,Ex-post DWA
2021-04-30,MOREESF1,2.1117554309161335,Ex-post DWA
2021-05-31,MOREESF1,6.864739746043746,Ex-post DWA
2021-06-30,MOREESF1,-1.9275307046329004,Ex-post DWA
2021-07-31,MOREESF1,-4.235607591949176,Ex-post DWA
2021-08-31,MOREESF1,1.5807853425426543,Ex-post DWA
2021-09-30,MOREESF1,-0.8590591645441279,Ex-post DWA
2021-10-31,MOREESF1,-3.661223553349984,Ex-post DWA
2021-11-30,MOREESF1,9.841635050094844,Ex-post DWA
2021-12-31,MOREESF1,-1.7419989334234316,Ex-post DWA
2022-01-31,MOREESF1,-0.1720086699944119,Ex-post DWA
2022-02-28,MOREESF1,-6.357208078368529,Ex-post DWA
2022-03-31,MOREESF1,-5.166458629013263,Ex-post DWA
2022-04-30,MOREESF1,1.4253908247593188,Ex-post DWA
2022-05-31,MOREESF1,-4.820840851772857,Ex-post DWA
2022-06-30,MOREESF1,-4.578177436833528,Ex-post DWA
2022-07-31,MOREESF1,-5.071079237651986,Ex-post DWA
2022-08-31,MOREESF1,4.377443392925983,Ex-post DWA
2022-09-30,MOREESF1,-6.755591988381809,Ex-post DWA
2022-10-31,MOREESF1,-3.822364079199744,Ex-post DWA
2022-11-30,MOREESF1,-3.8965189935372777,Ex-post DWA
2022-12-31,MOREESF1,-1.999383161085376,Ex-post DWA
2023-01-31,MOREESF1,2.164778862719075,Ex-post DWA
2023-02-28,MOREESF1,-3.616820798613446,Ex-post DWA
2023-03-31,MOREESF1,-1.2541508003718747,Ex-post DWA
2023-04-30,MOREESF1,-12.64424844532526,Ex-post DWA
2023-05-31,MOREESF1,2.567430302464686,Ex-post DWA
2023-06-30,MOREESF1,2.019625145471366,Ex-post DWA
2023-07-31,MOREESF1,-1.3324922984549659,Ex-post DWA
2023-08-31,MOREESF1,0.17451870361694688,Ex-post DWA
2023-09-30,MOREESF1,-6.0259394172840075,Ex-post DWA
2023-10-31,MOREESF1,-2.8497120036313888,Ex-post DWA
2023-11-30,MOREESF1,-5.527943172274632,Ex-post DWA
2023-12-31,MOREESF1,-0.06622609576262306,Ex-post DWA
2024-01-31,MOREESF1,-7.934902527018529,Ex-post DWA
2024-02-29,MOREESF1,16.156054031254683,Ex-post DWA
2024-03-31,MOREESF1,-0.7430769120446641,Ex-post DWA
2024-04-30,MOREESF1,-1.7398289256358268,Ex-post DWA
2024-05-31,MOREESF1,-14.758381105459364,Ex-post DWA
2024-06-30,MOREESF1,8.83919420211339,Ex-post DWA
2024-07-31,MOREESF1,0.7688077863484253,Ex-post DWA
2024-08-31,MOREESF1,-21.376297225137357,Ex-post DWA
2024-09-30,MOREESF1,-6.695794439375835,Ex-post DWA
2024-10-31,MOREESF1,-15.316924893598213,Ex-post DWA
2024-11-30,MOREESF1,-5.596101432430913,Ex-post DWA
2024-12-31,MOREESF1,-21.483656790571388,Ex-post DWA
2020-01-31,NEVERSF1,132.06574096418302,Ex-post DWA
2020-02-29,NEVERSF1,7.713221044539608,Ex-post DWA
2020-03-31,NEVERSF1,-0.9561034311352756,Ex-post DWA
2020-04-30,NEVERSF1,2.6010614946568396,Ex-post DWA
2020-05-31,NEVERSF1,1.9251218464760242,Ex-post DWA
2020-06-30,NEVERSF1,0.03467848762492309,Ex-post DWA
2020-07-31,NEVERSF1,-0.40381843087553193,Ex-post DWA
2020-08-31,NEVERSF1,0.5889023926981451,Ex-post DWA
2020-09-30,NEVERSF1,0.052704987099787104,Ex-post DWA
2020-10-31,NEVERSF1,2.3819566647158155,Ex-post DWA
2020-11-30,NEVERSF1,0.6061281624035786,Ex-post DWA
2020-12-31,NEVERSF1,9.520035033871693,Ex-post DWA
2021-01-31,NEVERSF1,0.08855034849626975,Ex-post DWA
2021-02-28,NEVERSF1,-0.24287433786847146,Ex-post DWA
2021-03-31,NEVERSF1,-0.4637327428339404,Ex-post DWA
2021-04-30,NEVERSF1,-1.4208943246530552,Ex-post DWA
2021-05-31,NEVERSF1,-2.147217669081307,Ex-post DWA
2021-06-30,NEVERSF1,0.2952480414854648,Ex-post DWA
2021-07-31,NEVERSF1,1.7225479529118815,Ex-post DWA
2021-08-31,NEVERSF1,-0.4601069628825556,Ex-post DWA
2021-09-30,NEVERSF1,-1.8409055490866493,Ex-post DWA
2021-10-31,NEVERSF1,1.8850657468718026,Ex-post DWA
2021-11-30,NEVERSF1,0.7129040644740741,Ex-post DWA
2021-12-31,NEVERSF1,-2.181493095350973,Ex-post DWA
2022-01-31,NEVERSF1,-1.4211742114841712,Ex-post DWA
2022-02-28,NEVERSF1,-1.694433134825644,Ex-post DWA
2022-03-31,NEVERSF1,-3.2529736939191736,Ex-post DWA
2022-04-30,NEVERSF1,-3.1443048950235664,Ex-post DWA
2022-05-31,NEVERSF1,-4.452963042137725,Ex-post DWA
2022-06-30,NEVERSF1,-6.325845803207869,Ex-post DWA
2022-07-31,NEVERSF1,-14.640408210426244,Ex-post DWA
2022-08-31,NEVERSF1,-4.01414648727139,Ex-post DWA
2022-09-30,NEVERSF1,-7.107723188249977,Ex-post DWA
2022-10-31,NEVERSF1,-1.6729108456476638,Ex-post DWA
2022-11-30,NEVERSF1,-5.5881448574604775,Ex-post DWA
2022-12-31,NEVERSF1,-9.059659828644019,Ex-post DWA
2023-01-31,NEVERSF1,-0.08623981713323303,Ex-post DWA
2023-02-28,NEVERSF1,0.14308680312230138,Ex-post DWA
2023-03-31,NEVERSF1,-4.783130611824717,Ex-post DWA
2023-04-30,NEVERSF1,-2.907151483233349,Ex-post DWA
2023-05-31,NEVERSF1,-3.0386192238704126,Ex-post DWA
2023-06-30,NEVERSF1,-1.712880687517142,Ex-post DWA
2023-07-31,NEVERSF1,-5.268631929594363,Ex-post DWA
2023-08-31,NEVERSF1,-3.7058869035993496,Ex-post DWA
2023-09-30,NEVERSF1,-4.325810656424208,Ex-post DWA
2023-10-31,NEVERSF1,-5.528163622622908,Ex-post DWA
2023-11-30,NEVERSF1,-9.687737504220735,Ex-post DWA
2023-12-31,NEVERSF1,-9.502508911595314,Ex-post DWA
2024-01-31,NEVERSF1,-7.042610850374345,Ex-post DWA
2024-02-29,NEVERSF1,-22.5100369684494,Ex-post DWA
2024-03-31,NEVERSF1,-2.1854750988838134,Ex-post DWA
2024-04-30,NEVERSF1,-3.805588627751277,Ex-post DWA
2024-05-31,NEVERSF1,7.642084356279,Ex-post DWA
2024-06-30,NEVERSF1,-0.28160288787022125,Ex-post DWA
2024-07-31,NEVERSF1,-1.7742809793933034,Ex-post DWA
2024-08-31,NEVERSF1,-18.706500830160486,Ex-post DWA
2024-09-30,NEVERSF1,-2.00482692930732,Ex-post DWA
2024-10-31,NEVERSF1,-5.030937551724897,Ex-post DWA
2024-11-30,NEVERSF1,-34.109472086559904,Ex-post DWA
2024-12-31,NEVERSF1,-8.964080678231952,Ex-post DWA
2020-01-31,NYNGAN1,-15.752894426786241,Ex-post DWA
2020-02-29,NYNGAN1,-1.4872353321239018,Ex-post DWA
2020-03-31,NYNGAN1,-0.8195232703739705,Ex-post DWA
2020-04-30,NYNGAN1,-1.4883400334410233,Ex-post DWA
2020-05-31,NYNGAN1,-0.7297733471212808,Ex-post DWA
2020-06-30,NYNGAN1,0.5055067984857402,Ex-post DWA
2020-07-31,NYNGAN1,-0.5505875437676693,Ex-post DWA
2020-08-31,NYNGAN1,-0.40621028677910687,Ex-post DWA
2020-09-30,NYNGAN1,-0.8325749863954854,Ex-post DWA
2020-10-31,NYNGAN1,1.2245969083365082,Ex-post DWA
2020-11-30,NYNGAN1,-4.059327439721869,Ex-post DWA
2020-12-31,NYNGAN1,3.6424953314644313,Ex-post DWA
2021-01-31,NYNGAN1,-0.6754248733861274,Ex-post DWA
2021-02-28,NYNGAN1,-0.5386042747000275,Ex-post DWA
2021-03-31,NYNGAN1,-0.564455883187982,Ex-post DWA
2021-04-30,NYNGAN1,-2.1002975719605956,Ex-post DWA
2021-05-31,NYNGAN1,-2.9205310650526073,Ex-post DWA
2021-06-30,NYNGAN1,0.7097316055347704,Ex-post DWA
2021-07-31,NYNGAN1,-2.709951209249894,Ex-post DWA
2021-08-31,NYNGAN1,-1.2153909398951157,Ex-post DWA
2021-09-30,NYNGAN1,-3.9557960284037286,Ex-post DWA
2021-10-31,NYNGAN1,-6.7693232490934,Ex-post DWA
2021-11-30,NYNGAN1,-1.421865126323162,Ex-post DWA
2021-12-31,NYNGAN1,-2.338643337358647,Ex-post DWA
2022-01-31,NYNGAN1,-2.9704484797131414,Ex-post DWA
2022-02-28,NYNGAN1,-0.9708340312799777,Ex-post DWA
2022-03-31,NYNGAN1,-2.5914910323660223,Ex-post DWA
2022-04-30,NYNGAN1,-3.606533462149713,Ex-post DWA
2022-05-31,NYNGAN1,-3.28997722834211,Ex-post DWA
2022-06-30,NYNGAN1,-7.388099262568346,Ex-post DWA
2022-07-31,NYNGAN1,-14.746939451043318,Ex-post DWA
2022-08-31,NYNGAN1,-6.246455428719102,Ex-post DWA
2022-09-30,NYNGAN1,-12.366680447408086,Ex-post DWA
2022-10-31,NYNGAN1,-9.421808007924469,Ex-post DWA
2022-11-30,NYNGAN1,-11.760035621940801,Ex-post DWA
2022-12-31,NYNGAN1,-10.834852789097472,Ex-post DWA
2023-01-31,NYNGAN1,-2.780505307244553,Ex-post DWA
2023-02-28,NYNGAN1,-6.019236683001694,Ex-post DWA
2023-03-31,NYNGAN1,-7.021116637346793,Ex-post DWA
2023-04-30,NYNGAN1,-7.5051829428183225,Ex-post DWA
2023-05-31,NYNGAN1,-3.101446789731952,Ex-post DWA
2023-06-30,NYNGAN1,-4.255321533126292,Ex-post DWA
2023-07-31,NYNGAN1,-8.221105137890188,Ex-post DWA
2023-08-31,NYNGAN1,-4.568825844047424,Ex-post DWA
2023-09-30,NYNGAN1,-9.546331995329176,Ex-post DWA
2023-10-31,NYNGAN1,-12.494789855766752,Ex-post DWA
2023-11-30,NYNGAN1,-15.1581175740059,Ex-post DWA
2023-12-31,NYNGAN1,0.6621248109592273,Ex-post DWA
2024-01-31,NYNGAN1,-9.28346558790465,Ex-post DWA
2024-02-29,NYNGAN1,-22.1148506681387,Ex-post DWA
2024-03-31,NYNGAN1,-5.7211648974152,Ex-post DWA
2024-04-30,NYNGAN1,-5.068946312857854,Ex-post DWA
2024-05-31,NYNGAN1,-7.145718685647509,Ex-post DWA
2024-06-30,NYNGAN1,-4.975575325814674,Ex-post DWA
2024-07-31,NYNGAN1,-4.645837389279386,Ex-post DWA
2024-08-31,NYNGAN1,-34.204686875288196,Ex-post DWA
2024-09-30,NYNGAN1,-17.11025363183899,Ex-post DWA
2024-10-31,NYNGAN1,-16.539290817842133,Ex-post DWA
2024-11-30,NYNGAN1,-47.87782544076666,Ex-post DWA
2024-12-31,NYNGAN1,-16.796986609924517,Ex-post DWA
2020-01-31,PARSF1,9.673855206100626,Ex-post DWA
2020-02-29,PARSF1,1.1891418476090294,Ex-post DWA
2020-03-31,PARSF1,0.046990951896169975,Ex-post DWA
2020-04-30,PARSF1,-0.22882084729008412,Ex-post DWA
2020-05-31,PARSF1,0.04701493950724256,Ex-post DWA
2020-06-30,PARSF1,1.4904945004252284,Ex-post DWA
2020-07-31,PARSF1,0.6722088821095866,Ex-post DWA
2020-08-31,PARSF1,0.5204940651938657,Ex-post DWA
2020-09-30,PARSF1,0.5243563856451132,Ex-post DWA
2020-10-31,PARSF1,-2.0285120717104803,Ex-post DWA
2020-11-30,PARSF1,-5.85790145218462,Ex-post DWA
2020-12-31,PARSF1,-5.303830748725176,Ex-post DWA
2021-01-31,PARSF1,0.41649749835912075,Ex-post DWA
2021-02-28,PARSF1,0.13458700894834408,Ex-post DWA
2021-03-31,PARSF1,0.014805533889926892,Ex-post DWA
2021-04-30,PARSF1,-0.7282869832512731,Ex-post DWA
2021-05-31,PARSF1,0.7932051290189222,Ex-post DWA
2021-06-30,PARSF1,5.747730311917692,Ex-post DWA
2021-07-31,PARSF1,-9.49871722974018,Ex-post DWA
2021-08-31,PARSF1,-0.27804529068026085,Ex-post DWA
2021-09-30,PARSF1,-2.498192867435339,Ex-post DWA
2021-10-31,PARSF1,-2.1428349356132586,Ex-post DWA
2021-11-30,PARSF1,-0.4305218271799518,Ex-post DWA
2021-12-31,PARSF1,0.2551750881953794,Ex-post DWA
2022-01-31,PARSF1,1.5902538461849929,Ex-post DWA
2022-02-28,PARSF1,1.8460161316615853,Ex-post DWA
2022-03-31,PARSF1,1.283548613548362,Ex-post DWA
2022-04-30,PARSF1,-1.6529548272855834,Ex-post DWA
2022-05-31,PARSF1,-2.449139160216987,Ex-post DWA
2022-06-30,PARSF1,1.5488038444514132,Ex-post DWA
2022-07-31,PARSF1,-4.857728266034314,Ex-post DWA
2022-08-31,PARSF1,-1.2394403122073214,Ex-post DWA
2022-09-30,PARSF1,0.20488513289942034,Ex-post DWA
2022-10-31,PARSF1,-3.137734794829271,Ex-post DWA
2022-11-30,PARSF1,-1.5551977628587252,Ex-post DWA
2022-12-31,PARSF1,-3.77341016882945,Ex-post DWA
2023-01-31,PARSF1,3.7747198184162585,Ex-post DWA
2023-02-28,PARSF1,0.8493366798560089,Ex-post DWA
2023-03-31,PARSF1,-2.5665721684548686,Ex-post DWA
2023-04-30,PARSF1,-3.1347708425206875,Ex-post DWA
2023-05-31,PARSF1,3.5668192419715865,Ex-post DWA
2023-06-30,PARSF1,-0.022672098433993426,Ex-post DWA
2023-07-31,PARSF1,0.4107878182208893,Ex-post DWA
2023-08-31,PARSF1,0.28467475752322713,Ex-post DWA
2023-09-30,PARSF1,-4.409062877316915,Ex-post DWA
2023-10-31,PARSF1,-4.672951454794891,Ex-post DWA
2023-11-30,PARSF1,-0.15162059557391672,Ex-post DWA
2023-12-31,PARSF1,2.0874767624826376,Ex-post DWA
2024-01-31,PARSF1,1.3855545492088908,Ex-post DWA
2024-02-29,PARSF1,-4.090973379305979,Ex-post DWA
2024-03-31,PARSF1,1.0913380752873962,Ex-post DWA
2024-04-30,PARSF1,1.8706525779193726,Ex-post DWA
2024-05-31,PARSF1,38.25385254719092,Ex-post DWA
2024-06-30,PARSF1,0.8638774803744269,Ex-post DWA
2024-07-31,PARSF1,1.3988961978396333,Ex-post DWA
2024-08-31,PARSF1,-24.303243225754983,Ex-post DWA
2024-09-30,PARSF1,-14.239646241612967,Ex-post DWA
2024-10-31,PARSF1,-17.37192742938139,Ex-post DWA
2024-11-30,PARSF1,-11.529676509483068,Ex-post DWA
2024-12-31,PARSF1,3.8792546797036778,Ex-post DWA
2020-01-31,WRSF1,-40.69887768149033,Ex-post DWA
2020-02-29,WRSF1,0.13172934495268152,Ex-post DWA
2020-03-31,WRSF1,-0.02029749515809698,Ex-post DWA
2020-04-30,WRSF1,1.3228165207355005,Ex-post DWA
2020-05-31,WRSF1,-2.2944816522329106,Ex-post DWA
2020-06-30,WRSF1,0.4952240875146643,Ex-post DWA
2020-07-31,WRSF1,0.6933671659337861,Ex-post DWA
2020-08-31,WRSF1,2.000309464661079,Ex-post DWA
2020-09-30,WRSF1,0.0818981879624161,Ex-post DWA
2020-10-31,WRSF1,5.50311178763716,Ex-post DWA
2020-11-30,WRSF1,4.729756201693249,Ex-post DWA
2020-12-31,WRSF1,8.798544744875883,Ex-post DWA
2021-01-31,WRSF1,-0.2637459996312188,Ex-post DWA
2021-02-28,WRSF1,-0.396707042407634,Ex-post DWA
2021-03-31,WRSF1,-0.5938973883525591,Ex-post DWA
2021-04-30,WRSF1,-0.8800421856426155,Ex-post DWA
2021-05-31,WRSF1,-0.015916064868171986,Ex-post DWA
2021-06-30,WRSF1,14.13163151827132,Ex-post DWA
2021-07-31,WRSF1,10.969488953063205,Ex-post DWA
2021-08-31,WRSF1,5.8790485527639476,Ex-post DWA
2021-09-30,WRSF1,-0.18757524019362393,Ex-post DWA
2021-10-31,WRSF1,-6.162395350707396,Ex-post DWA
2021-11-30,WRSF1,4.816763488723083,Ex-post DWA
2021-12-31,WRSF1,-1.3166957790552587,Ex-post DWA
2022-01-31,WRSF1,3.091418796061035,Ex-post DWA
2022-02-28,WRSF1,1.3394229473284298,Ex-post DWA
2022-03-31,WRSF1,-1.7689781794408646,Ex-post DWA
2022-04-30,WRSF1,4.175766628645903,Ex-post DWA
2022-05-31,WRSF1,-13.179791650548168,Ex-post DWA
2022-06-30,WRSF1,-22.46848438539797,Ex-post DWA
2022-07-31,WRSF1,-14.627124553249928,Ex-post DWA
2022-08-31,WRSF1,11.103070130204344,Ex-post DWA
2022-09-30,WRSF1,-5.653371953817228,Ex-post DWA
2022-10-31,WRSF1,1.3522273826735756,Ex-post DWA
2022-11-30,WRSF1,3.9008497642811903,Ex-post DWA
2022-12-31,WRSF1,6.4021012608457255,Ex-post DWA
2023-01-31,WRSF1,3.455461886768745,Ex-post DWA
2023-02-28,WRSF1,1.260148659570845,Ex-post DWA
2023-03-31,WRSF1,-7.604332668567196,Ex-post DWA
2023-04-30,WRSF1,-10.458781180838685,Ex-post DWA
2023-05-31,WRSF1,-4.873897071064391,Ex-post DWA
2023-06-30,WRSF1,-3.111932990871395,Ex-post DWA
2023-07-31,WRSF1,-6.386774021829645,Ex-post DWA
2023-08-31,WRSF1,-3.4265511543728877,Ex-post DWA
2023-09-30,WRSF1,-13.831458583197989,Ex-post DWA
2023-10-31,WRSF1,-9.513277504453516,Ex-post DWA
2023-11-30,WRSF1,-12.138115871621523,Ex-post DWA
2023-12-31,WRSF1,-8.010458497170376,Ex-post DWA
2024-01-31,WRSF1,-10.307746844346646,Ex-post DWA
2024-02-29,WRSF1,-10.98663641560583,Ex-post DWA
2024-03-31,WRSF1,-4.161646541963883,Ex-post DWA
2024-04-30,WRSF1,-4.797420707488271,Ex-post DWA
2024-05-31,WRSF1,-50.959906788009945,Ex-post DWA
2024-06-30,WRSF1,3.8306142798498257,Ex-post DWA
2024-07-31,WRSF1,-4.618912421126552,Ex-post DWA
2024-08-31,WRSF1,12.647119640330772,Ex-post DWA
2024-09-30,WRSF1,-9.930916518467932,Ex-post DWA
2024-10-31,WRSF1,-29.807328223152403,Ex-post DWA
2024-11-30,WRSF1,-26.57520223702899,Ex-post DWA
2024-12-31,WRSF1,-29.299135179202693,Ex-post DWA
2020-01-31,BERYLSF1,6.8994547669447,ToD blocks
2020-02-29,BERYLSF1,-0.4017287935588101,ToD blocks
2020-03-31,BERYLSF1,-2.4341204365365883,ToD blocks
2020-04-30,BERYLSF1,-3.8497414069583655,ToD blocks
2020-05-31,BERYLSF1,-2.781980489728511,ToD blocks
2020-06-30,BERYLSF1,-3.4165569313734565,ToD blocks
2020-07-31,BERYLSF1,-3.113981597512314,ToD blocks
2020-08-31,BERYLSF1,-4.755765560405258,ToD blocks
2020-09-30,BERYLSF1,-1.8281486752875935,ToD blocks
2020-10-31,BERYLSF1,-11.097343336509361,ToD blocks
2020-11-30,BERYLSF1,0.7078819822539231,ToD blocks
2020-12-31,BERYLSF1,-23.9289694589077,ToD blocks
2021-01-31,BERYLSF1,0.028342326968939346,ToD blocks
2021-02-28,BERYLSF1,-0.3019725806453195,ToD blocks
2021-03-31,BERYLSF1,-4.789900000004408,ToD blocks
2021-04-30,BERYLSF1,-4.9855987157653345,ToD blocks
2021-05-31,BERYLSF1,-29.85275489274295,ToD blocks
2021-06-30,BERYLSF1,-25.07392346064192,ToD blocks
2021-07-31,BERYLSF1,-22.843396867342506,ToD blocks
2021-08-31,BERYLSF1,-6.897831914623168,ToD blocks
2021-09-30,BERYLSF1,-4.872971898452455,ToD blocks
2021-10-31,BERYLSF1,-0.6288875666615752,ToD blocks
2021-11-30,BERYLSF1,-5.978276891838895,ToD blocks
2021-12-31,BERYLSF1,-0.577393054838474,ToD blocks
2022-01-31,BERYLSF1,-1.3154365180066065,ToD blocks
2022-02-28,BERYLSF1,-6.428452043053596,ToD blocks
2022-03-31,BERYLSF1,-8.4765647386251,ToD blocks
2022-04-30,BERYLSF1,-28.100629422557603,ToD blocks
2022-05-31,BERYLSF1,-44.28934706382165,ToD blocks
2022-06-30,BERYLSF1,-34.850560344282314,ToD blocks
2022-07-31,BERYLSF1,-52.38828965250366,ToD blocks
2022-08-31,BERYLSF1,-17.9483038002914,ToD blocks
2022-09-30,BERYLSF1,-20.30836959994913,ToD blocks
2022-10-31,BERYLSF1,-21.332335003419672,ToD blocks
2022-11-30,BERYLSF1,-3.8643998674693734,ToD blocks
2022-12-31,BERYLSF1,-8.647676126611998,ToD blocks
2023-01-31,BERYLSF1,-5.909357973424463,ToD blocks
2023-02-28,BERYLSF1,-4.158145234176914,ToD blocks
2023-03-31,BERYLSF1,-15.142123497251575,ToD blocks
2023-04-30,BERYLSF1,-4.5355630521272445,ToD blocks
2023-05-31,BERYLSF1,-24.744540354231162,ToD blocks
2023-06-30,BERYLSF1,-22.41416552301471,ToD blocks
2023-07-31,BERYLSF1,-16.103633304265358,ToD blocks
2023-08-31,BERYLSF1,-15.540614964339234,ToD blocks
2023-09-30,BERYLSF1,3.6273224788816485,ToD blocks
2023-10-31,BERYLSF1,-2.515414122511576,ToD blocks
2023-11-30,BERYLSF1,-13.95887039130016,ToD blocks
2023-12-31,BERYLSF1,-3.9386049523081184,ToD blocks
2024-01-31,BERYLSF1,-2.210113883914147,ToD blocks
2024-02-29,BERYLSF1,-46.2089733656964,ToD blocks
2024-03-31,BERYLSF1,-7.690224977131301,ToD blocks
2024-04-30,BERYLSF1,-17.006167319087886,ToD blocks
2024-05-31,BERYLSF1,-52.74716369752289,ToD blocks
2024-06-30,BERYLSF1,-31.827124799726107,ToD blocks
2024-07-31,BERYLSF1,-27.3387035353009,ToD blocks
2024-08-31,BERYLSF1,-59.55005300711608,ToD blocks
2024-09-30,BERYLSF1,3.7658518250669903,ToD blocks
2024-10-31,BERYLSF1,-4.106762767698974,ToD blocks
2024-11-30,BERYLSF1,-89.06849369382559,ToD blocks
2024-12-31,BERYLSF1,-17.061393382001356,ToD blocks
2020-01-31,BROKENH1,-79.823203410497,ToD blocks
2020-02-29,BROKENH1,-0.7069230445472883,ToD blocks
2020-03-31,BROKENH1,-1.9146962684568294,ToD blocks
2020-04-30,BROKENH1,-2.8908089930481715,ToD blocks
2020-05-31,BROKENH1,-2.5049214419437718,ToD blocks
2020-06-30,BROKENH1,-1.5595345003237284,ToD blocks
2020-07-31,BROKENH1,-2.3384537799715375,ToD blocks
2020-08-31,BROKENH1,-3.2123866796326013,ToD blocks
2020-09-30,BROKENH1,-1.4748117509337249,ToD blocks
2020-10-31,BROKENH1,-18.112835336091017,ToD blocks
2020-11-30,BROKENH1,-1.756686022218659,ToD blocks
2020-12-31,BROKENH1,4.34133597884005,ToD blocks
2021-01-31,BROKENH1,-0.9544975920079892,ToD blocks
2021-02-28,BROKENH1,-0.45846056834088245,ToD blocks
2021-03-31,BROKENH1,-2.514928378745367,ToD blocks
2021-04-30,BROKENH1,-4.086001981509398,ToD blocks
2021-05-31,BROKENH1,-25.334132569545503,ToD blocks
2021-06-30,BROKENH1,-25.3754030112339,ToD blocks
2021-07-31,BROKENH1,-10.94387159537149,ToD blocks
2021-08-31,BROKENH1,-5.89727282418664,ToD blocks
2021-09-30,BROKENH1,-3.787874602576906,ToD blocks
2021-10-31,BROKENH1,-4.658207270444443,ToD blocks
2021-11-30,BROKENH1,-14.259238882891268,ToD blocks
2021-12-31,BROKENH1,3.3536429896771836,ToD blocks
2022-01-31,BROKENH1,-2.3986322280091628,ToD blocks
2022-02-28,BROKENH1,-0.4188831704216369,ToD blocks
2022-03-31,BROKENH1,-2.8728618662050422,ToD blocks
2022-04-30,BROKENH1,-9.983742530230643,ToD blocks
2022-05-31,BROKENH1,-38.045380564255254,ToD blocks
2022-06-30,BROKENH1,-30.484720042358788,ToD blocks
2022-07-31,BROKENH1,-8.352751596241262,ToD blocks
2022-08-31,BROKENH1,-11.93967785781598,ToD blocks
2022-09-30,BROKENH1,-5.762646130054961,ToD blocks
2022-10-31,BROKENH1,-8.61444251220496,ToD blocks
2022-11-30,BROKENH1,-8.66024895461912,ToD blocks
2022-12-31,BROKENH1,-2.6117899352751905,ToD blocks
2023-01-31,BROKENH1,-9.375594996187246,ToD blocks
2023-02-28,BROKENH1,-2.1915500719304077,ToD blocks
2023-03-31,BROKENH1,-4.141745702385293,ToD blocks
2023-04-30,BROKENH1,-4.9776324228880355,ToD blocks
2023-05-31,BROKENH1,-14.219407274733214,ToD blocks
2023-06-30,BROKENH1,-17.629370797933525,ToD blocks
2023-07-31,BROKENH1,-19.951236844415682,ToD blocks
2023-08-31,BROKENH1,-9.588371373488812,ToD blocks
2023-09-30,BROKENH1,-3.006881167934967,ToD blocks
2023-10-31,BROKENH1,-9.420868825034455,ToD blocks
2023-11-30,BROKENH1,-8.795031851382973,ToD blocks
2023-12-31,BROKENH1,-2.4786876484247884,ToD blocks
2024-01-31,BROKENH1,-1.879523419919522,ToD blocks
2024-02-29,BROKENH1,-7.088799117329316,ToD blocks
2024-03-31,BROKENH1,-2.916006291356041,ToD blocks
2024-04-30,BROKENH1,-4.1985695095062,ToD blocks
2024-05-31,BROKENH1,-81.25590759767283,ToD blocks
2024-06-30,BROKENH1,-19.87369486896735,ToD blocks
2024-07-31,BROKENH1,-15.37743332843067,ToD blocks
2024-08-31,BROKENH1,-32.05184870915276,ToD blocks
2024-09-30,BROKENH1,-2.6905003988351663,ToD blocks
2024-10-31,BROKENH1,-12.091857041914789,ToD blocks
2024-11-30,BROKENH1,-10.600840062985498,ToD blocks
2024-12-31,BROKENH1,-43.157411119777976,ToD blocks
2020-01-31,COLEASF1,-22.12935737978563,ToD blocks
2020-02-29,COLEASF1,-2.1350688041280605,ToD blocks
2020-03-31,COLEASF1,-2.4406626529083724,ToD blocks
2020-04-30,COLEASF1,-1.5096689937041958,ToD blocks
2020-05-31,COLEASF1,-2.0903441455855543,ToD blocks
2020-06-30,COLEASF1,-9.03100216484249,ToD blocks
2020-07-31,COLEASF1,-3.663912165132004,ToD blocks
2020-08-31,COLEASF1,-7.004216493459857,ToD blocks
2020-09-30,COLEASF1,-1.2122073663131303,ToD blocks
2020-10-31,COLEASF1,-16.05099974894582,ToD blocks
2020-11-30,COLEASF1,0.2588896933807092,ToD blocks
2020-12-31,COLEASF1,-8.575349481434273,ToD blocks
2021-01-31,COLEASF1,-0.5314821598815129,ToD blocks
2021-02-28,COLEASF1,-0.7473399857780691,ToD blocks
2021-03-31,COLEASF1,-5.070255504942615,ToD blocks
2021-04-30,COLEASF1,-5.718077507053167,ToD blocks
2021-05-31,COLEASF1,-31.26970040651925,ToD blocks
2021-06-30,COLEASF1,-33.35312462365695,ToD blocks
2021-07-31,COLEASF1,-24.40724741256443,ToD blocks
2021-08-31,COLEASF1,-4.894933717228781,ToD blocks
2021-09-30,COLEASF1,-3.549800863828569,ToD blocks
2021-10-31,COLEASF1,-3.002349318956533,ToD blocks
2021-11-30,COLEASF1,-12.906622614400895,ToD blocks
2021-12-31,COLEASF1,0.008658689241386242,ToD blocks
2022-01-31,COLEASF1,-2.7344817169474,ToD blocks
2022-02-28,COLEASF1,-2.9732363695713957,ToD blocks
2022-03-31,COLEASF1,-6.498410887325392,ToD blocks
2022-04-30,COLEASF1,-28.516813307550905,ToD blocks
2022-05-31,COLEASF1,-41.909544042370726,ToD blocks
2022-06-30,COLEASF1,-32.080433609956344,ToD blocks
2022-07-31,COLEASF1,-53.576074476177496,ToD blocks
2022-08-31,COLEASF1,-13.239350723871055,ToD blocks
2022-09-30,COLEASF1,-20.1311938484625,ToD blocks
2022-10-31,COLEASF1,-24.662061666992898,ToD blocks
2022-11-30,COLEASF1,-4.885307493120251,ToD blocks
2022-12-31,COLEASF1,-4.404779750788862,ToD blocks
2023-01-31,COLEASF1,-9.07443137521561,ToD blocks
2023-02-28,COLEASF1,-1.0756377468688356,ToD blocks
2023-03-31,COLEASF1,-11.679033807825391,ToD blocks
2023-04-30,COLEASF1,-8.205965991509657,ToD blocks
2023-05-31,COLEASF1,-21.967995280681038,ToD blocks
2023-06-30,COLEASF1,-21.83691808522353,ToD blocks
2023-07-31,COLEASF1,-20.829896103994386,ToD blocks
2023-08-31,COLEASF1,-13.626304492024722,ToD blocks
2023-09-30,COLEASF1,-6.150053391632122,ToD blocks
2023-10-31,COLEASF1,-15.604792633001733,ToD blocks
2023-11-30,COLEASF1,-0.79258093839195,ToD blocks
2023-12-31,COLEASF1,-6.5676898855682495,ToD blocks
2024-01-31,COLEASF1,3.4051957602387333,ToD blocks
2024-02-29,COLEASF1,-34.52401844880582,ToD blocks
2024-03-31,COLEASF1,-8.589038595965654,ToD blocks
2024-04-30,COLEASF1,-16.014433017461236,ToD blocks
2024-05-31,COLEASF1,-104.73753888805837,ToD blocks
2024-06-30,COLEASF1,-33.912218536517585,ToD blocks
2024-07-31,COLEASF1,-22.515361901941034,ToD blocks
2024-08-31,COLEASF1,-46.92680167524905,ToD blocks
2024-09-30,COLEASF1,-8.321659540765118,ToD blocks
2024-10-31,COLEASF1,-8.306442013300185,ToD blocks
2024-11-30,COLEASF1,-49.790197020701356,ToD blocks
2024-12-31,COLEASF1,-21.4029908998683,ToD blocks
2020-01-31,FINLYSF1,-45.34818422810454,ToD blocks
2020-02-29,FINLYSF1,-2.9748185671353795,ToD blocks
2020-03-31,FINLYSF1,-1.9638627826596675,ToD blocks
2020-04-30,FINLYSF1,-2.4458669667345347,ToD blocks
2020-05-31,FINLYSF1,0.8096781607760661,ToD blocks
2020-06-30,FINLYSF1,-4.164033257049219,ToD blocks
2020-07-31,FINLYSF1,-4.019558400949215,ToD blocks
2020-08-31,FINLYSF1,-6.733923986094673,ToD blocks
2020-09-30,FINLYSF1,-1.3930085996293187,ToD blocks
2020-10-31,FINLYSF1,-18.90601406285532,ToD blocks
2020-11-30,FINLYSF1,8.22711443942488,ToD blocks
2020-12-31,FINLYSF1,4.526601061964058,ToD blocks
2021-01-31,FINLYSF1,-0.6443360266368998,ToD blocks
2021-02-28,FINLYSF1,-0.4847896175722042,ToD blocks
2021-03-31,FINLYSF1,-5.065598001358978,ToD blocks
2021-04-30,FINLYSF1,-5.951710313945753,ToD blocks
2021-05-31,FINLYSF1,-31.199345274409474,ToD blocks
2021-06-30,FINLYSF1,-27.2597210302403,ToD blocks
2021-07-31,FINLYSF1,-28.026693353215464,ToD blocks
2021-08-31,FINLYSF1,-6.066478616705467,ToD blocks
2021-09-30,FINLYSF1,-5.677976255995912,ToD blocks
2021-10-31,FINLYSF1,-14.542825801458779,ToD blocks
2021-11-30,FINLYSF1,-3.97555693954439,ToD blocks
2021-12-31,FINLYSF1,-0.1471539424609034,ToD blocks
2022-01-31,FINLYSF1,-4.05218946165445,ToD blocks
2022-02-28,FINLYSF1,-3.904499543010033,ToD blocks
2022-03-31,FINLYSF1,-6.131831436625504,ToD blocks
2022-04-30,FINLYSF1,-31.119909237968642,ToD blocks
2022-05-31,FINLYSF1,-36.391190952220825,ToD blocks
2022-06-30,FINLYSF1,-24.945345864727585,ToD blocks
2022-07-31,FINLYSF1,-27.1915692784998,ToD blocks
2022-08-31,FINLYSF1,-14.57617007032286,ToD blocks
2022-09-30,FINLYSF1,-15.480612117362,ToD blocks
2022-10-31,FINLYSF1,-18.61273988776442,ToD blocks
2022-11-30,FINLYSF1,-7.025508275905082,ToD blocks
2022-12-31,FINLYSF1,-0.33691670874375745,ToD blocks
2023-01-31,FINLYSF1,-6.7413185645274325,ToD blocks
2023-02-28,FINLYSF1,-2.5884417935549067,ToD blocks
2023-03-31,FINLYSF1,-12.229589428050076,ToD blocks
2023-04-30,FINLYSF1,-5.518968718766388,ToD blocks
2023-05-31,FINLYSF1,-19.47738714187551,ToD blocks
2023-06-30,FINLYSF1,-21.62740194509162,ToD blocks
2023-07-31,FINLYSF1,-19.137773914916977,ToD blocks
2023-08-31,FINLYSF1,-10.281679551390901,ToD blocks
2023-09-30,FINLYSF1,-5.9270031110541535,ToD blocks
2023-10-31,FINLYSF1,-11.809231776964625,ToD blocks
2023-11-30,FINLYSF1,4.723914482843057,ToD blocks
2023-12-31,FINLYSF1,-7.288842684923978,ToD blocks
2024-01-31,FINLYSF1,7.296556373034051,ToD blocks
2024-02-29,FINLYSF1,-27.534119307257967,ToD blocks
2024-03-31,FINLYSF1,-8.287990236405363,ToD blocks
2024-04-30,FINLYSF1,-19.221691101870213,ToD blocks
2024-05-31,FINLYSF1,-117.44436548797928,ToD blocks
2024-06-30,FINLYSF1,-35.03997618268863,ToD blocks
2024-07-31,FINLYSF1,-26.147421918044742,ToD blocks
2024-08-31,FINLYSF1,-38.52180812186806,ToD blocks
2024-09-30,FINLYSF1,-6.349016227918875,ToD blocks
2024-10-31,FINLYSF1,-7.206577259625618,ToD blocks
2024-11-30,FINLYSF1,-64.15409171074833,ToD blocks
2024-12-31,FINLYSF1,-20.020872506730726,ToD blocks
2020-01-31,GULLRSF1,-72.77756121838104,ToD blocks
2020-02-29,GULLRSF1,-1.7305080978494303,ToD blocks
2020-03-31,GULLRSF1,-3.1472720731862225,ToD blocks
2020-04-30,GULLRSF1,-4.267049198966831,ToD blocks
2020-05-31,GULLRSF1,-3.972858995775141,ToD blocks
2020-06-30,GULLRSF1,-3.848764932343393,ToD blocks
2020-07-31,GULLRSF1,-2.39991641522046,ToD blocks
2020-08-31,GULLRSF1,-3.0197520026032407,ToD blocks
2020-09-30,GULLRSF1,-1.3474137013026137,ToD blocks
2020-10-31,GULLRSF1,-19.20412122305749,ToD blocks
2020-11-30,GULLRSF1,-10.85059489493127,ToD blocks
2020-12-31,GULLRSF1,-50.32740933606097,ToD blocks
2021-01-31,GULLRSF1,-0.21171783606355632,ToD blocks
2021-02-28,GULLRSF1,-0.8471987133388268,ToD blocks
2021-03-31,GULLRSF1,-5.100703656526974,ToD blocks
2021-04-30,GULLRSF1,-5.35662562964999,ToD blocks
2021-05-31,GULLRSF1,-30.93243829233942,ToD blocks
2021-06-30,GULLRSF1,-34.37069739228046,ToD blocks
2021-07-31,GULLRSF1,-26.333753300598403,ToD blocks
2021-08-31,GULLRSF1,-9.58522458311592,ToD blocks
2021-09-30,GULLRSF1,-7.956504626792032,ToD blocks
2021-10-31,GULLRSF1,3.0919535828596096,ToD blocks
2021-11-30,GULLRSF1,-4.964281535845686,ToD blocks
2021-12-31,GULLRSF1,0.8460558794026127,ToD blocks
2022-01-31,GULLRSF1,-2.2193560686658316,ToD blocks
2022-02-28,GULLRSF1,-8.076609574978022,ToD blocks
2022-03-31,GULLRSF1,-9.0955791661694,ToD blocks
2022-04-30,GULLRSF1,-37.531805574524455,ToD blocks
2022-05-31,GULLRSF1,-55.650609042602724,ToD blocks
2022-06-30,GULLRSF1,-33.28665148859301,ToD blocks
2022-07-31,GULLRSF1,-76.89466579116544,ToD blocks
2022-08-31,GULLRSF1,-16.651571300955865,ToD blocks
2022-09-30,GULLRSF1,-23.23527418312193,ToD blocks
2022-10-31,GULLRSF1,-16.99631832951819,ToD blocks
2022-11-30,GULLRSF1,-2.027796942112154,ToD blocks
2022-12-31,GULLRSF1,-10.041778050769985,ToD blocks
2023-01-31,GULLRSF1,-6.699262220359117,ToD blocks
2023-02-28,GULLRSF1,-5.993684695738338,ToD blocks
2023-03-31,GULLRSF1,-17.635134036076906,ToD blocks
2023-04-30,GULLRSF1,-13.158652205170121,ToD blocks
2023-05-31,GULLRSF1,-24.335168806208102,ToD blocks
2023-06-30,GULLRSF1,-22.101965349188617,ToD blocks
2023-07-31,GULLRSF1,-19.91402542898542,ToD blocks
2023-08-31,GULLRSF1,-18.560822563209328,ToD blocks
2023-09-30,GULLRSF1,-4.362464508200391,ToD blocks
2023-10-31,GULLRSF1,-2.5690571303309353,ToD blocks
2023-11-30,GULLRSF1,-11.681498917803573,ToD blocks
2023-12-31,GULLRSF1,-4.610171447819525,ToD blocks
2024-01-31,GULLRSF1,-4.643612468808044,ToD blocks
2024-02-29,GULLRSF1,-51.80597321136994,ToD blocks
2024-03-31,GULLRSF1,-9.901411064345915,ToD blocks
2024-04-30,GULLRSF1,-21.36935884089759,ToD blocks
2024-05-31,GULLRSF1,-122.94412232295865,ToD blocks
2024-06-30,GULLRSF1,-28.531648954325505,ToD blocks
2024-07-31,GULLRSF1,-25.40016775883762,ToD blocks
2024-08-31,GULLRSF1,-44.62547984112501,ToD blocks
2024-09-30,GULLRSF1,6.464120852244235,ToD blocks
2024-10-31,GULLRSF1,-0.8632374889948551,ToD blocks
2024-11-30,GULLRSF1,-93.68429751913021,ToD blocks
2024-12-31,GULLRSF1,-15.582816978184141,ToD blocks
2020-01-31,LIMOSF21,-14.048671638352147,ToD blocks
2020-02-29,LIMOSF21,0.5355899314941439,ToD blocks
2020-03-31,LIMOSF21,-1.7953833451796228,ToD blocks
2020-04-30,LIMOSF21,-1.070982219070757,ToD blocks
2020-05-31,LIMOSF21,-2.98234966239049,ToD blocks
2020-06-30,LIMOSF21,-4.348291648387942,ToD blocks
2020-07-31,LIMOSF21,-2.1626942305753403,ToD blocks
2020-08-31,LIMOSF21,-3.7974508609533117,ToD blocks
2020-09-30,LIMOSF21,3.0572041619483343,ToD blocks
2020-10-31,LIMOSF21,-18.149585136854583,ToD blocks
2020-11-30,LIMOSF21,8.667793882940003,ToD blocks
2020-12-31,LIMOSF21,7.2780075466251475,ToD blocks
2021-01-31,LIMOSF21,-0.5926640259455738,ToD blocks
2021-02-28,LIMOSF21,0.21839117847375888,ToD blocks
2021-03-31,LIMOSF21,-4.052390154150814,ToD blocks
2021-04-30,LIMOSF21,-2.202571074554662,ToD blocks
2021-05-31,LIMOSF21,-25.17042644699687,ToD blocks
2021-06-30,LIMOSF21,-31.7268548729229,ToD blocks
2021-07-31,LIMOSF21,-24.446766275833696,ToD blocks
2021-08-31,LIMOSF21,0.7570212916996226,ToD blocks
2021-09-30,LIMOSF21,5.543533901603169,ToD blocks
2021-10-31,LIMOSF21,4.987411451999563,ToD blocks
2021-11-30,LIMOSF21,7.493112575186885,ToD blocks
2021-12-31,LIMOSF21,1.2336167823662834,ToD blocks
2022-01-31,LIMOSF21,0.9031177107785595,ToD blocks
2022-02-28,LIMOSF21,-3.6107643511092107,ToD blocks
2022-03-31,LIMOSF21,-4.159689461734075,ToD blocks
2022-04-30,LIMOSF21,-19.33577377761148,ToD blocks
2022-05-31,LIMOSF21,-36.26250868925899,ToD blocks
2022-06-30,LIMOSF21,-21.78681483934554,ToD blocks
2022-07-31,LIMOSF21,-23.14981712009535,ToD blocks
2022-08-31,LIMOSF21,-15.48848720376752,ToD blocks
2022-09-30,LIMOSF21,-13.023845056009577,ToD blocks
2022-10-31,LIMOSF21,-16.031495973611428,ToD blocks
2022-11-30,LIMOSF21,-7.713538128515864,ToD blocks
2022-12-31,LIMOSF21,-3.401750112247079,ToD blocks
2023-01-31,LIMOSF21,-7.787087104045298,ToD blocks
2023-02-28,LIMOSF21,-3.2194619665512505,ToD blocks
2023-03-31,LIMOSF21,-14.980915004790447,ToD blocks
2023-04-30,LIMOSF21,-2.1910994318857604,ToD blocks
2023-05-31,LIMOSF21,-26.0003139836151,ToD blocks
2023-06-30,LIMOSF21,-23.78776614124019,ToD blocks
2023-07-31,LIMOSF21,-20.068305725961515,ToD blocks
2023-08-31,LIMOSF21,-9.255503323868098,ToD blocks
2023-09-30,LIMOSF21,2.9404750652797667,ToD blocks
2023-10-31,LIMOSF21,2.0999375281604635,ToD blocks
2023-11-30,LIMOSF21,0.28618874283201023,ToD blocks
2023-12-31,LIMOSF21,-5.7882177923228895,ToD blocks
2024-01-31,LIMOSF21,7.195464666328931,ToD blocks
2024-02-29,LIMOSF21,-30.309249566589102,ToD blocks
2024-03-31,LIMOSF21,-2.6252162341167278,ToD blocks
2024-04-30,LIMOSF21,-6.300234897629345,ToD blocks
2024-05-31,LIMOSF21,-43.83165686303036,ToD blocks
2024-06-30,LIMOSF21,-25.855806199991406,ToD blocks
2024-07-31,LIMOSF21,-22.61211740316803,ToD blocks
2024-08-31,LIMOSF21,-23.48102726767462,ToD blocks
2024-09-30,LIMOSF21,6.431944619373979,ToD blocks
2024-10-31,LIMOSF21,9.50946613596367,ToD blocks
2024-11-30,LIMOSF21,-8.850208076719213,ToD blocks
2024-12-31,LIMOSF21,3.4136881721503585,ToD blocks
2020-01-31,MANSLR1,34.74767746969877,ToD blocks
2020-02-29,MANSLR1,-0.5133041743891411,ToD blocks
2020-03-31,MANSLR1,-2.9256990008964436,ToD blocks
2020-04-30,MANSLR1,-2.537533961124204,ToD blocks
2020-05-31,MANSLR1,-2.737658066731271,ToD blocks
2020-06-30,MANSLR1,-3.115198179440995,ToD blocks
2020-07-31,MANSLR1,-2.696798395283011,ToD blocks
2020-08-31,MANSLR1,-5.314380569506675,ToD blocks
2020-09-30,MANSLR1,-1.4276020782536705,ToD blocks
2020-10-31,MANSLR1,-14.916375729471937,ToD blocks
2020-11-30,MANSLR1,-0.9909700688443337,ToD blocks
2020-12-31,MANSLR1,-26.502740799904117,ToD blocks
2021-01-31,MANSLR1,0.752563283969323,ToD blocks
2021-02-28,MANSLR1,0.7373773795868317,ToD blocks
2021-03-31,MANSLR1,-3.833095277322272,ToD blocks
2021-04-30,MANSLR1,-4.099747742838176,ToD blocks
2021-05-31,MANSLR1,-28.85613334944832,ToD blocks
2021-06-30,MANSLR1,-30.106125173990904,ToD blocks
2021-07-31,MANSLR1,-24.50642708431458,ToD blocks
2021-08-31,MANSLR1,-2.7656943022506795,ToD blocks
2021-09-30,MANSLR1,2.0285776659467594,ToD blocks
2021-10-31,MANSLR1,8.924915356949398,ToD blocks
2021-11-30,MANSLR1,-1.019167993722128,ToD blocks
2021-12-31,MANSLR1,3.3875007016234946,ToD blocks
2022-01-31,MANSLR1,6.81685115689919,ToD blocks
2022-02-28,MANSLR1,5.770732703392071,ToD blocks
2022-03-31,MANSLR1,1.6452581516833078,ToD blocks
2022-04-30,MANSLR1,7.7437471541429375,ToD blocks
2022-05-31,MANSLR1,-39.611072754920656,ToD blocks
2022-06-30,MANSLR1,-37.23475277355237,ToD blocks
2022-07-31,MANSLR1,-44.60273588727017,ToD blocks
2022-08-31,MANSLR1,-10.382906562755878,ToD blocks
2022-09-30,MANSLR1,10.174476204291466,ToD blocks
2022-10-31,MANSLR1,12.300638222385913,ToD blocks
2022-11-30,MANSLR1,18.292955995131905,ToD blocks
2022-12-31,MANSLR1,23.08745392723126,ToD blocks
2023-01-31,MANSLR1,18.542410531465237,ToD blocks
2023-02-28,MANSLR1,9.217791311262303,ToD blocks
2023-03-31,MANSLR1,-12.378089151918033,ToD blocks
2023-04-30,MANSLR1,9.928937886247937,ToD blocks
2023-05-31,MANSLR1,-19.03811792602164,ToD blocks
2023-06-30,MANSLR1,-16.352123843608993,ToD blocks
2023-07-31,MANSLR1,-6.326928533311296,ToD blocks
2023-08-31,MANSLR1,-1.9427981432240884,ToD blocks
2023-09-30,MANSLR1,28.933880534134843,ToD blocks
2023-10-31,MANSLR1,27.522877877497447,ToD blocks
2023-11-30,MANSLR1,17.36528073530046,ToD blocks
2023-12-31,MANSLR1,15.723539363639844,ToD blocks
2024-01-31,MANSLR1,19.753884846619904,ToD blocks
2024-02-29,MANSLR1,-8.491476889907617,ToD blocks
2024-03-31,MANSLR1,4.5790848290904265,ToD blocks
2024-04-30,MANSLR1,8.952778888837791,ToD blocks
2024-05-31,MANSLR1,-46.10765748566814,ToD blocks
2024-06-30,MANSLR1,-21.86706697522318,ToD blocks
2024-07-31,MANSLR1,-18.162730333908968,ToD blocks
2024-08-31,MANSLR1,-16.38785120765678,ToD blocks
2024-09-30,MANSLR1,33.4093629278105,ToD blocks
2024-10-31,MANSLR1,22.059946276912825,ToD blocks
2024-11-30,MANSLR1,-10.289886809971591,ToD blocks
2024-12-31,MANSLR1,96.21428883842158,ToD blocks
2020-01-31,MOREESF1,36.08685028168259,ToD blocks
2020-02-29,MOREESF1,3.0018102110713087,ToD blocks
2020-03-31,MOREESF1,-2.3690436234761805,ToD blocks
2020-04-30,MOREESF1,-3.745388344613403,ToD blocks
2020-05-31,MOREESF1,-2.828699231810184,ToD blocks
2020-06-30,MOREESF1,-0.015246235117828633,ToD blocks
2020-07-31,MOREESF1,-3.0336064849846096,ToD blocks
2020-08-31,MOREESF1,-3.267728756657988,ToD blocks
2020-09-30,MOREESF1,-0.2539635772011195,ToD blocks
2020-10-31,MOREESF1,-6.203502768698868,ToD blocks
2020-11-30,MOREESF1,-2.399954709172661,ToD blocks
2020-12-31,MOREESF1,6.430071660032809,ToD blocks
2021-01-31,MOREESF1,0.3182098903829811,ToD blocks
2021-02-28,MOREESF1,-0.23537240465697096,ToD blocks
2021-03-31,MOREESF1,-4.395758767861523,ToD blocks
2021-04-30,MOREESF1,-3.9069403596532837,ToD blocks
2021-05-31,MOREESF1,-22.38647372367241,ToD blocks
2021-06-30,MOREESF1,-34.79568300131814,ToD blocks
2021-07-31,MOREESF1,-30.874455942325255,ToD blocks
2021-08-31,MOREESF1,-3.6915437087838683,ToD blocks
2021-09-30,MOREESF1,-5.191252734532206,ToD blocks
2021-10-31,MOREESF1,-6.827138505954785,ToD blocks
2021-11-30,MOREESF1,5.86641612597905,ToD blocks
2021-12-31,MOREESF1,-1.5385775549022753,ToD blocks
2022-01-31,MOREESF1,-1.9265795162598351,ToD blocks
2022-02-28,MOREESF1,-9.724196233621626,ToD blocks
2022-03-31,MOREESF1,-11.31943636828754,ToD blocks
2022-04-30,MOREESF1,-23.494067379573295,ToD blocks
2022-05-31,MOREESF1,-46.70180666334997,ToD blocks
2022-06-30,MOREESF1,-40.74196283391933,ToD blocks
2022-07-31,MOREESF1,-47.07795784488752,ToD blocks
2022-08-31,MOREESF1,-14.370138028052438,ToD blocks
2022-09-30,MOREESF1,-24.28173245368646,ToD blocks
2022-10-31,MOREESF1,-20.497980238031403,ToD blocks
2022-11-30,MOREESF1,-5.9044817817750115,ToD blocks
2022-12-31,MOREESF1,-6.017310809293349,ToD blocks
2023-01-31,MOREESF1,-3.3723501580027886,ToD blocks
2023-02-28,MOREESF1,-3.989158900968235,ToD blocks
2023-03-31,MOREESF1,-10.372538287339765,ToD blocks
2023-04-30,MOREESF1,-19.872952714012726,ToD blocks
2023-05-31,MOREESF1,-21.701535691212413,ToD blocks
2023-06-30,MOREESF1,-20.133095850756867,ToD blocks
2023-07-31,MOREESF1,-21.344305865655755,ToD blocks
2023-08-31,MOREESF1,-13.854408248680365,ToD blocks
2023-09-30,MOREESF1,-7.058110421072559,ToD blocks
2023-10-31,MOREESF1,-5.660148184560777,ToD blocks
2023-11-30,MOREESF1,-8.253041713984238,ToD blocks
2023-12-31,MOREESF1,-2.2021542686324835,ToD blocks
2024-01-31,MOREESF1,-4.037306953902366,ToD blocks
2024-02-29,MOREESF1,-6.966748470054597,ToD blocks
2024-03-31,MOREESF1,-6.8830813037098935,ToD blocks
2024-04-30,MOREESF1,-14.57108824214626,ToD blocks
2024-05-31,MOREESF1,-102.789175526451,ToD blocks
2024-06-30,MOREESF1,-22.74235926867695,ToD blocks
2024-07-31,MOREESF1,-26.381356499110495,ToD blocks
2024-08-31,MOREESF1,-64.54498896015193,ToD blocks
2024-09-30,MOREESF1,-10.104714511732592,ToD blocks
2024-10-31,MOREESF1,-16.956638483631473,ToD blocks
2024-11-30,MOREESF1,-54.700593047312225,ToD blocks
2024-12-31,MOREESF1,-27.259444487203154,ToD blocks
2020-01-31,NEVERSF1,126.10205378995968,ToD blocks
2020-02-29,NEVERSF1,7.391112377531421,ToD blocks
2020-03-31,NEVERSF1,-3.204255961806261,ToD blocks
2020-04-30,NEVERSF1,0.12556506328405703,ToD blocks
2020-05-31,NEVERSF1,0.14578682983378144,ToD blocks
2020-06-30,NEVERSF1,-2.651689835300104,ToD blocks
2020-07-31,NEVERSF1,-3.7271731502337744,ToD blocks
2020-08-31,NEVERSF1,-4.1656489462051525,ToD blocks
2020-09-30,NEVERSF1,-1.1929269565912577,ToD blocks
2020-10-31,NEVERSF1,-12.610519034036564,ToD blocks
2020-11-30,NEVERSF1,-1.1836761006879186,ToD blocks
2020-12-31,NEVERSF1,2.8006353051830075,ToD blocks
2021-01-31,NEVERSF1,-0.3456392042955301,ToD blocks
2021-02-28,NEVERSF1,-0.598165243130758,ToD blocks
2021-03-31,NEVERSF1,-4.974776792692033,ToD blocks
2021-04-30,NEVERSF1,-5.87142095445634,ToD blocks
2021-05-31,NEVERSF1,-30.50505932759208,ToD blocks
2021-06-30,NEVERSF1,-27.82255528341959,ToD blocks
2021-07-31,NEVERSF1,-22.237485463287342,ToD blocks
2021-08-31,NEVERSF1,-4.703678799624136,ToD blocks
2021-09-30,NEVERSF1,-5.666981348329163,ToD blocks
2021-10-31,NEVERSF1,-1.024879779856775,ToD blocks
2021-11-30,NEVERSF1,-3.172672096309718,ToD blocks
2021-12-31,NEVERSF1,-2.0232369498492346,ToD blocks
2022-01-31,NEVERSF1,-3.3427547948429748,ToD blocks
2022-02-28,NEVERSF1,-5.126267134216732,ToD blocks
2022-03-31,NEVERSF1,-8.992825977394205,ToD blocks
2022-04-30,NEVERSF1,-27.661246585161734,ToD blocks
2022-05-31,NEVERSF1,-45.01883120369172,ToD blocks
2022-06-30,NEVERSF1,-38.18925908931226,ToD blocks
2022-07-31,NEVERSF1,-52.625452693965144,ToD blocks
2022-08-31,NEVERSF1,-20.49413407012318,ToD blocks
2022-09-30,NEVERSF1,-22.959933878342028,ToD blocks
2022-10-31,NEVERSF1,-18.059693940603324,ToD blocks
2022-11-30,NEVERSF1,-7.2378719756572565,ToD blocks
2022-12-31,NEVERSF1,-12.632843454918078,ToD blocks
2023-01-31,NEVERSF1,-5.64981682311813,ToD blocks
2023-02-28,NEVERSF1,0.3763541360074356,ToD blocks
2023-03-31,NEVERSF1,-12.672301567461801,ToD blocks
2023-04-30,NEVERSF1,-9.193912231975276,ToD blocks
2023-05-31,NEVERSF1,-22.582375561288345,ToD blocks
2023-06-30,NEVERSF1,-22.344205466477597,ToD blocks
2023-07-31,NEVERSF1,-23.44291113726019,ToD blocks
2023-08-31,NEVERSF1,-15.837639994493571,ToD blocks
2023-09-30,NEVERSF1,-4.600639149453544,ToD blocks
2023-10-31,NEVERSF1,-7.995042222743405,ToD blocks
2023-11-30,NEVERSF1,-12.3647334867414,ToD blocks
2023-12-31,NEVERSF1,-11.714966003203259,ToD blocks
2024-01-31,NEVERSF1,-2.666417728782818,ToD blocks
2024-02-29,NEVERSF1,-46.91003575011979,ToD blocks
2024-03-31,NEVERSF1,-7.387873255852746,ToD blocks
2024-04-30,NEVERSF1,-15.314062585985056,ToD blocks
2024-05-31,NEVERSF1,-70.53234251821404,ToD blocks
2024-06-30,NEVERSF1,-28.386974683945454,ToD blocks
2024-07-31,NEVERSF1,-26.289288902452995,ToD blocks
2024-08-31,NEVERSF1,-53.23122116853197,ToD blocks
2024-09-30,NEVERSF1,-4.10174953963474,ToD blocks
2024-10-31,NEVERSF1,-6.355397869495178,ToD blocks
2024-11-30,NEVERSF1,-84.18581160135928,ToD blocks
2024-12-31,NEVERSF1,-15.111697418866754,ToD blocks
2020-01-31,NYNGAN1,-32.41336441563061,ToD blocks
2020-02-29,NYNGAN1,-2.186524593597703,ToD blocks
2020-03-31,NYNGAN1,-2.6344691443971584,ToD blocks
2020-04-30,NYNGAN1,-3.8995523371151783,ToD blocks
2020-05-31,NYNGAN1,-2.317682516399266,ToD blocks
2020-06-30,NYNGAN1,-1.809749710022686,ToD blocks
2020-07-31,NYNGAN1,-3.2782960438253923,ToD blocks
2020-08-31,NYNGAN1,-4.5163677250993,ToD blocks
2020-09-30,NYNGAN1,-1.7846345762082336,ToD blocks
2020-10-31,NYNGAN1,-14.083832676776915,ToD blocks
2020-11-30,NYNGAN1,-8.677426936939199,ToD blocks
2020-12-31,NYNGAN1,-8.360901471442077,ToD blocks
2021-01-31,NYNGAN1,-1.2156682611557699,ToD blocks
2021-02-28,NYNGAN1,-0.7727444952177365,ToD blocks
2021-03-31,NYNGAN1,-4.113289212814692,ToD blocks
2021-04-30,NYNGAN1,-5.771969081388519,ToD blocks
2021-05-31,NYNGAN1,-30.840107952201194,ToD blocks
2021-06-30,NYNGAN1,-25.041135723284228,ToD blocks
2021-07-31,NYNGAN1,-23.427641555455907,ToD blocks
2021-08-31,NYNGAN1,-4.218110632114644,ToD blocks
2021-09-30,NYNGAN1,-7.171104235538294,ToD blocks
2021-10-31,NYNGAN1,-7.368707908882659,ToD blocks
2021-11-30,NYNGAN1,-4.318406905847468,ToD blocks
2021-12-31,NYNGAN1,-2.391572020839263,ToD blocks
2022-01-31,NYNGAN1,-5.092843832412939,ToD blocks
2022-02-28,NYNGAN1,-4.3847483841357615,ToD blocks
2022-03-31,NYNGAN1,-7.055614161719646,ToD blocks
2022-04-30,NYNGAN1,-27.936771533973,ToD blocks
2022-05-31,NYNGAN1,-43.2171766116698,ToD blocks
2022-06-30,NYNGAN1,-37.12425625963846,ToD blocks
2022-07-31,NYNGAN1,-47.89220013026443,ToD blocks
2022-08-31,NYNGAN1,-20.014300059413117,ToD blocks
2022-09-30,NYNGAN1,-26.219290882848227,ToD blocks
2022-10-31,NYNGAN1,-22.96501735468925,ToD blocks
2022-11-30,NYNGAN1,-10.426718309474794,ToD blocks
2022-12-31,NYNGAN1,-11.31874737516198,ToD blocks
2023-01-31,NYNGAN1,-8.227163758124377,ToD blocks
2023-02-28,NYNGAN1,-4.054820701065864,ToD blocks
2023-03-31,NYNGAN1,-10.374851151457975,ToD blocks
2023-04-30,NYNGAN1,-13.342182359005406,ToD blocks
2023-05-31,NYNGAN1,-20.308211367859528,ToD blocks
2023-06-30,NYNGAN1,-24.13527569377967,ToD blocks
2023-07-31,NYNGAN1,-24.190189314297324,ToD blocks
2023-08-31,NYNGAN1,-14.400028230598437,ToD blocks
2023-09-30,NYNGAN1,-8.890562508109959,ToD blocks
2023-10-31,NYNGAN1,-12.074003581173985,ToD blocks
2023-11-30,NYNGAN1,-16.07309509155168,ToD blocks
2023-12-31,NYNGAN1,-1.503684835563888,ToD blocks
2024-01-31,NYNGAN1,-2.530761367269946,ToD blocks
2024-02-29,NYNGAN1,-47.809643610893545,ToD blocks
2024-03-31,NYNGAN1,-8.301514822941414,ToD blocks
2024-04-30,NYNGAN1,-15.93613573226294,ToD blocks
2024-05-31,NYNGAN1,-80.39184690507825,ToD blocks
2024-06-30,NYNGAN1,-31.354279529064726,ToD blocks
2024-07-31,NYNGAN1,-25.96373913088439,ToD blocks
2024-08-31,NYNGAN1,-58.368370334207704,ToD blocks
2024-09-30,NYNGAN1,-17.633022056319298,ToD blocks
2024-10-31,NYNGAN1,-14.480696254162833,ToD blocks
2024-11-30,NYNGAN1,-96.87969528550673,ToD blocks
2024-12-31,NYNGAN1,-22.787767936531253,ToD blocks
2020-01-31,PARSF1,7.980267097753654,ToD blocks
2020-02-29,PARSF1,0.9101008703233404,ToD blocks
2020-03-31,PARSF1,-2.6060468800885133,ToD blocks
2020-04-30,PARSF1,-2.849940364303581,ToD blocks
2020-05-31,PARSF1,-2.041502369734495,ToD blocks
2020-06-30,PARSF1,-1.7747449383774168,ToD blocks
2020-07-31,PARSF1,-3.066570470584246,ToD blocks
2020-08-31,PARSF1,-4.70917160765287,ToD blocks
2020-09-30,PARSF1,-0.9921687382141471,ToD blocks
2020-10-31,PARSF1,-16.94487302263559,ToD blocks
2020-11-30,PARSF1,-6.509362135759929,ToD blocks
2020-12-31,PARSF1,-9.714702935050212,ToD blocks
2021-01-31,PARSF1,-0.16220257687859885,ToD blocks
2021-02-28,PARSF1,-0.38496353234904035,ToD blocks
2021-03-31,PARSF1,-5.1453337650727065,ToD blocks
2021-04-30,PARSF1,-6.40932136100448,ToD blocks
2021-05-31,PARSF1,-28.75063803971456,ToD blocks
2021-06-30,PARSF1,-26.355562413062074,ToD blocks
2021-07-31,PARSF1,-35.50986807918535,ToD blocks
2021-08-31,PARSF1,-5.444890630157801,ToD blocks
2021-09-30,PARSF1,-6.881931888372041,ToD blocks
2021-10-31,PARSF1,-7.3785712739891025,ToD blocks
2021-11-30,PARSF1,-4.990171808106034,ToD blocks
2021-12-31,PARSF1,-0.5760719063632322,ToD blocks
2022-01-31,PARSF1,-0.5695010937219962,ToD blocks
2022-02-28,PARSF1,-1.9454376485447966,ToD blocks
2022-03-31,PARSF1,-5.654766851966571,ToD blocks
2022-04-30,PARSF1,-26.659675012490226,ToD blocks
2022-05-31,PARSF1,-44.53475572264969,ToD blocks
2022-06-30,PARSF1,-33.772668873672444,ToD blocks
2022-07-31,PARSF1,-46.14993928116456,ToD blocks
2022-08-31,PARSF1,-19.522572342281137,ToD blocks
2022-09-30,PARSF1,-17.21051885048074,ToD blocks
2022-10-31,PARSF1,-23.421575878604543,ToD blocks
2022-11-30,PARSF1,-7.436064539369525,ToD blocks
2022-12-31,PARSF1,-10.879330745023246,ToD blocks
2023-01-31,PARSF1,-2.6127803319305087,ToD blocks
2023-02-28,PARSF1,-0.8382569511377085,ToD blocks
2023-03-31,PARSF1,-15.38672302037331,ToD blocks
2023-04-30,PARSF1,-10.328638608093335,ToD blocks
2023-05-31,PARSF1,-19.90191323628723,ToD blocks
2023-06-30,PARSF1,-21.942663531936816,ToD blocks
2023-07-31,PARSF1,-19.238130634253622,ToD blocks
2023-08-31,PARSF1,-13.647436465188335,ToD blocks
2023-09-30,PARSF1,-5.743191780909024,ToD blocks
2023-10-31,PARSF1,-10.356608612881296,ToD blocks
2023-11-30,PARSF1,-6.021508635075591,ToD blocks
2023-12-31,PARSF1,-1.6531051821873106,ToD blocks
2024-01-31,PARSF1,2.4345622214295304,ToD blocks
2024-02-29,PARSF1,-29.680593059938317,ToD blocks
2024-03-31,PARSF1,-6.524161293692103,ToD blocks
2024-04-30,PARSF1,-10.769290664805993,ToD blocks
2024-05-31,PARSF1,-47.825064381583076,ToD blocks
2024-06-30,PARSF1,-29.917800732943093,ToD blocks
2024-07-31,PARSF1,-25.45755438337347,ToD blocks
2024-08-31,PARSF1,-65.10583733961964,ToD blocks
2024-09-30,PARSF1,-17.71279734071385,ToD blocks
2024-10-31,PARSF1,-23.039280477763956,ToD blocks
2024-11-30,PARSF1,-70.10510160540389,ToD blocks
2024-12-31,PARSF1,-7.056037834519572,ToD blocks
2020-01-31,WRSF1,-49.182076153386134,ToD blocks
2020-02-29,WRSF1,-0.1114275928238726,ToD blocks
2020-03-31,WRSF1,-1.8294362890339428,ToD blocks
2020-04-30,WRSF1,-1.1600865328299008,ToD blocks
2020-05-31,WRSF1,-4.191135003068702,ToD blocks
2020-06-30,WRSF1,-2.4319182819051974,ToD blocks
2020-07-31,WRSF1,-2.672549506291709,ToD blocks
2020-08-31,WRSF1,-2.7776931384045014,ToD blocks
2020-09-30,WRSF1,-1.1238123805042548,ToD blocks
2020-10-31,WRSF1,-9.51445669250402,ToD blocks
2020-11-30,WRSF1,1.6999771678025724,ToD blocks
2020-12-31,WRSF1,-0.402831779206295,ToD blocks
2021-01-31,WRSF1,-0.47476043119525,ToD blocks
2021-02-28,WRSF1,-0.5662259129032918,ToD blocks
2021-03-31,WRSF1,-4.488715423593774,ToD blocks
2021-04-30,WRSF1,-5.847957104942132,ToD blocks
2021-05-31,WRSF1,-28.214077965800684,ToD blocks
2021-06-30,WRSF1,-15.301731708919036,ToD blocks
2021-07-31,WRSF1,-13.433171197927223,ToD blocks
2021-08-31,WRSF1,1.5763240700431211,ToD blocks
2021-09-30,WRSF1,-3.9558316642089792,ToD blocks
2021-10-31,WRSF1,-7.014927058338284,ToD blocks
2021-11-30,WRSF1,1.6440177714659256,ToD blocks
2021-12-31,WRSF1,-0.5827896786847973,ToD blocks
2022-01-31,WRSF1,1.5301835970244042,ToD blocks
2022-02-28,WRSF1,-1.632183672281414,ToD blocks
2022-03-31,WRSF1,-6.25560220731974,ToD blocks
2022-04-30,WRSF1,-20.321723038023805,ToD blocks
2022-05-31,WRSF1,-53.73105673492117,ToD blocks
2022-06-30,WRSF1,-55.67962602241613,ToD blocks
2022-07-31,WRSF1,-53.10419513206966,ToD blocks
2022-08-31,WRSF1,-5.716786079509873,ToD blocks
2022-09-30,WRSF1,-21.563506182353677,ToD blocks
2022-10-31,WRSF1,-11.834616667363818,ToD blocks
2022-11-30,WRSF1,5.617081737894438,ToD blocks
2022-12-31,WRSF1,5.692799946476491,ToD blocks
2023-01-31,WRSF1,-1.1094963217332605,ToD blocks
2023-02-28,WRSF1,3.525519653663295,ToD blocks
2023-03-31,WRSF1,-10.125750294854384,ToD blocks
2023-04-30,WRSF1,-16.914323205400265,ToD blocks
2023-05-31,WRSF1,-25.780187988512225,ToD blocks
2023-06-30,WRSF1,-24.15936689505609,ToD blocks
2023-07-31,WRSF1,-24.820310739782265,ToD blocks
2023-08-31,WRSF1,-15.577453431034506,ToD blocks
2023-09-30,WRSF1,-13.820369491236356,ToD blocks
2023-10-31,WRSF1,-9.253245796492884,ToD blocks
2023-11-30,WRSF1,-12.172862704788656,ToD blocks
2023-12-31,WRSF1,-9.16280396700045,ToD blocks
2024-01-31,WRSF1,-2.153305368258046,ToD blocks
2024-02-29,WRSF1,-33.38449006733134,ToD blocks
2024-03-31,WRSF1,-6.889118041505888,ToD blocks
2024-04-30,WRSF1,-16.66864802606205,ToD blocks
2024-05-31,WRSF1,-132.1933689371824,ToD blocks
2024-06-30,WRSF1,-25.470186186118013,ToD blocks
2024-07-31,WRSF1,-29.292928147004027,ToD blocks
2024-08-31,WRSF1,-23.657813367276987,ToD blocks
2024-09-30,WRSF1,-11.942104797613595,ToD blocks
2024-10-31,WRSF1,-27.463603542516346,ToD blocks
2024-11-30,WRSF1,-69.63015394077824,ToD blocks
2024-12-31,WRSF1,-31.93406742626452,ToD blocks
2020-01-31,BERYLSF1,61.34563590157887,Baseload
2020-02-29,BERYLSF1,4.070978390242871,Baseload
2020-03-31,BERYLSF1,-2.5616741623855646,Baseload
2020-04-30,BERYLSF1,-9.571634919327984,Baseload
2020-05-31,BERYLSF1,-5.9907655705196134,Baseload
2020-06-30,BERYLSF1,-6.594024108027789,Baseload
2020-07-31,BERYLSF1,-7.227176818280036,Baseload
2020-08-31,BERYLSF1,-11.40236729764812,Baseload
2020-09-30,BERYLSF1,-8.523229722180844,Baseload
2020-10-31,BERYLSF1,-6.355272041010565,Baseload
2020-11-30,BERYLSF1,10.842732712138542,Baseload
2020-12-31,BERYLSF1,-5.1811221162941195,Baseload
2021-01-31,BERYLSF1,-0.9467977265038527,Baseload
2021-02-28,BERYLSF1,-1.4050869895904512,Baseload
2021-03-31,BERYLSF1,-6.681925697785275,Baseload
2021-04-30,BERYLSF1,-21.072437985044523,Baseload
2021-05-31,BERYLSF1,-70.42191919265558,Baseload
2021-06-30,BERYLSF1,-79.4050244311542,Baseload
2021-07-31,BERYLSF1,-36.70619805680954,Baseload
2021-08-31,BERYLSF1,-28.154998646362934,Baseload
2021-09-30,BERYLSF1,-25.55032464333167,Baseload
2021-10-31,BERYLSF1,-19.439973862693904,Baseload
2021-11-30,BERYLSF1,-7.743877961395555,Baseload
2021-12-31,BERYLSF1,-15.137182180199112,Baseload
2022-01-31,BERYLSF1,-4.947675631665774,Baseload
2022-02-28,BERYLSF1,-11.035236533463248,Baseload
2022-03-31,BERYLSF1,-15.438097551116343,Baseload
2022-04-30,BERYLSF1,-55.40526944211831,Baseload
2022-05-31,BERYLSF1,-98.9111008078184,Baseload
2022-06-30,BERYLSF1,-92.47554441400018,Baseload
2022-07-31,BERYLSF1,-111.18084970204825,Baseload
2022-08-31,BERYLSF1,-53.868798245813366,Baseload
2022-09-30,BERYLSF1,-71.46773752740403,Baseload
2022-10-31,BERYLSF1,-57.936849550886805,Baseload
2022-11-30,BERYLSF1,-48.54101636063433,Baseload
2022-12-31,BERYLSF1,-47.79868310508748,Baseload
2023-01-31,BERYLSF1,-21.18362732235768,Baseload
2023-02-28,BERYLSF1,-24.16816340491245,Baseload
2023-03-31,BERYLSF1,-42.29325973844,Baseload
2023-04-30,BERYLSF1,-42.197511407493266,Baseload
2023-05-31,BERYLSF1,-95.13033747728414,Baseload
2023-06-30,BERYLSF1,-47.53801092312185,Baseload
2023-07-31,BERYLSF1,-42.57040135248369,Baseload
2023-08-31,BERYLSF1,-57.96313046129857,Baseload
2023-09-30,BERYLSF1,-40.91948120333825,Baseload
2023-10-31,BERYLSF1,-32.421544232020906,Baseload
2023-11-30,BERYLSF1,-38.41103592741792,Baseload
2023-12-31,BERYLSF1,-20.25769761181718,Baseload
2024-01-31,BERYLSF1,-25.43902797042564,Baseload
2024-02-29,BERYLSF1,-47.88559919586266,Baseload
2024-03-31,BERYLSF1,-26.284583103961594,Baseload
2024-04-30,BERYLSF1,-52.126778456703356,Baseload
2024-05-31,BERYLSF1,-127.97563756531164,Baseload
2024-06-30,BERYLSF1,-64.59136592884272,Baseload
2024-07-31,BERYLSF1,-69.383321934527,Baseload
2024-08-31,BERYLSF1,-124.59914983429267,Baseload
2024-09-30,BERYLSF1,-47.7792019763074,Baseload
2024-10-31,BERYLSF1,-41.151633635964494,Baseload
2024-11-30,BERYLSF1,-126.45836413783476,Baseload
2024-12-31,BERYLSF1,-58.11358384919144,Baseload
2020-01-31,BROKENH1,-8.228266455982379,Baseload
2020-02-29,BROKENH1,4.652505159193282,Baseload
2020-03-31,BROKENH1,-2.170163408840999,Baseload
2020-04-30,BROKENH1,-8.520180182657992,Baseload
2020-05-31,BROKENH1,-5.979930254634425,Baseload
2020-06-30,BROKENH1,-5.333476106419198,Baseload
2020-07-31,BROKENH1,-7.124072473971651,Baseload
2020-08-31,BROKENH1,-10.49423503719597,Baseload
2020-09-30,BROKENH1,-8.257124341068497,Baseload
2020-10-31,BROKENH1,-12.711343583598989,Baseload
2020-11-30,BROKENH1,12.336256325345403,Baseload
2020-12-31,BROKENH1,30.174691780904254,Baseload
2021-01-31,BROKENH1,-1.3421914220598907,Baseload
2021-02-28,BROKENH1,-1.491338934370205,Baseload
2021-03-31,BROKENH1,-5.294525959338706,Baseload
2021-04-30,BROKENH1,-21.447584692198895,Baseload
2021-05-31,BROKENH1,-64.19585484286297,Baseload
2021-06-30,BROKENH1,-82.25055327629269,Baseload
2021-07-31,BROKENH1,-29.28622666902224,Baseload
2021-08-31,BROKENH1,-28.400699944053404,Baseload
2021-09-30,BROKENH1,-24.71775008903615,Baseload
2021-10-31,BROKENH1,-24.76719378629805,Baseload
2021-11-30,BROKENH1,-16.884670701647885,Baseload
2021-12-31,BROKENH1,-9.68485212216607,Baseload
2022-01-31,BROKENH1,-5.023100765769328,Baseload
2022-02-28,BROKENH1,-4.287241451605837,Baseload
2022-03-31,BROKENH1,-10.27729664683298,Baseload
2022-04-30,BROKENH1,-36.76730894708996,Baseload
2022-05-31,BROKENH1,-91.30794871317528,Baseload
2022-06-30,BROKENH1,-91.20230712860672,Baseload
2022-07-31,BROKENH1,-73.068141101646,Baseload
2022-08-31,BROKENH1,-51.40903870159789,Baseload
2022-09-30,BROKENH1,-58.7316349508005,Baseload
2022-10-31,BROKENH1,-45.58836873052344,Baseload
2022-11-30,BROKENH1,-53.71674486428839,Baseload
2022-12-31,BROKENH1,-43.30763930704053,Baseload
2023-01-31,BROKENH1,-23.203330252185438,Baseload
2023-02-28,BROKENH1,-22.24448193416154,Baseload
2023-03-31,BROKENH1,-31.333051280269515,Baseload
2023-04-30,BROKENH1,-42.59756151179327,Baseload
2023-05-31,BROKENH1,-87.37247381548933,Baseload
2023-06-30,BROKENH1,-43.52087717851392,Baseload
2023-07-31,BROKENH1,-49.24908346900569,Baseload
2023-08-31,BROKENH1,-53.972143969453896,Baseload
2023-09-30,BROKENH1,-47.15261570102762,Baseload
2023-10-31,BROKENH1,-40.667808287530434,Baseload
2023-11-30,BROKENH1,-32.246787027300996,Baseload
2023-12-31,BROKENH1,-16.944640146336226,Baseload
2024-01-31,BROKENH1,-23.50503559193256,Baseload
2024-02-29,BROKENH1,-2.8091605906961092,Baseload
2024-03-31,BROKENH1,-22.590071585038423,Baseload
2024-04-30,BROKENH1,-39.95711253133629,Baseload
2024-05-31,BROKENH1,-163.56541470145072,Baseload
2024-06-30,BROKENH1,-55.72236765139009,Baseload
2024-07-31,BROKENH1,-60.70197573678561,Baseload
2024-08-31,BROKENH1,-112.71280646512571,Baseload
2024-09-30,BROKENH1,-55.12936889544582,Baseload
2024-10-31,BROKENH1,-49.825988054292196,Baseload
2024-11-30,BROKENH1,-37.30645650651965,Baseload
2024-12-31,BROKENH1,-78.05495288028149,Baseload
2020-01-31,COLEASF1,33.264878836308384,Baseload
2020-02-29,COLEASF1,2.5946444286540427,Baseload
2020-03-31,COLEASF1,-2.155062616666875,Baseload
2020-04-30,COLEASF1,-7.155685265084372,Baseload
2020-05-31,COLEASF1,-5.259919753950527,Baseload
2020-06-30,COLEASF1,-12.161194366773557,Baseload
2020-07-31,COLEASF1,-7.7274264874599865,Baseload
2020-08-31,COLEASF1,-13.55594483119443,Baseload
2020-09-30,COLEASF1,-7.775174805152453,Baseload
2020-10-31,COLEASF1,-11.104396418919222,Baseload
2020-11-30,COLEASF1,10.47732257201504,Baseload
2020-12-31,COLEASF1,10.048055339793379,Baseload
2021-01-31,COLEASF1,-1.1621572218676164,Baseload
2021-02-28,COLEASF1,-1.6492818984013624,Baseload
2021-03-31,COLEASF1,-6.526017349173721,Baseload
2021-04-30,COLEASF1,-21.70310232883073,Baseload
2021-05-31,COLEASF1,-70.97764334451024,Baseload
2021-06-30,COLEASF1,-86.94631286215724,Baseload
2021-07-31,COLEASF1,-38.35277191042434,Baseload
2021-08-31,COLEASF1,-25.969633975544703,Baseload
2021-09-30,COLEASF1,-23.974566649382375,Baseload
2021-10-31,COLEASF1,-20.11889196619429,Baseload
2021-11-30,COLEASF1,-14.226549147172584,Baseload
2021-12-31,COLEASF1,-13.42377058148437,Baseload
2022-01-31,COLEASF1,-5.796704255825986,Baseload
2022-02-28,COLEASF1,-6.964453495675414,Baseload
2022-03-31,COLEASF1,-12.291048410144185,Baseload
2022-04-30,COLEASF1,-55.50963751700479,Baseload
2022-05-31,COLEASF1,-95.63991542791291,Baseload
2022-06-30,COLEASF1,-89.28928677010373,Baseload
2022-07-31,COLEASF1,-112.12928113010969,Baseload
2022-08-31,COLEASF1,-49.11878762639829,Baseload
2022-09-30,COLEASF1,-70.89432628871924,Baseload
2022-10-31,COLEASF1,-58.05909392451608,Baseload
2022-11-30,COLEASF1,-46.186688772224414,Baseload
2022-12-31,COLEASF1,-41.109444087432934,Baseload
2023-01-31,COLEASF1,-23.04059187047598,Baseload
2023-02-28,COLEASF1,-19.044777678414164,Baseload
2023-03-31,COLEASF1,-33.44535926668314,Baseload
2023-04-30,COLEASF1,-45.53196539679854,Baseload
2023-05-31,COLEASF1,-91.68884122115244,Baseload
2023-06-30,COLEASF1,-46.70555568214144,Baseload
2023-07-31,COLEASF1,-47.243501147492886,Baseload
2023-08-31,COLEASF1,-55.56064477931641,Baseload
2023-09-30,COLEASF1,-49.967842895700855,Baseload
2023-10-31,COLEASF1,-43.13427866044997,Baseload
2023-11-30,COLEASF1,-22.140404507904165,Baseload
2023-12-31,COLEASF1,-21.137842446873925,Baseload
2024-01-31,COLEASF1,-15.695758731622092,Baseload
2024-02-29,COLEASF1,-32.97560046225357,Baseload
2024-03-31,COLEASF1,-24.91304596988924,Baseload
2024-04-30,COLEASF1,-50.89738764426549,Baseload
2024-05-31,COLEASF1,-179.0364850676148,Baseload
2024-06-30,COLEASF1,-66.53593948970777,Baseload
2024-07-31,COLEASF1,-64.13293386997522,Baseload
2024-08-31,COLEASF1,-112.76123783863558,Baseload
2024-09-30,COLEASF1,-59.319577383005075,Baseload
2024-10-31,COLEASF1,-41.76563338887103,Baseload
2024-11-30,COLEASF1,-76.1302535900092,Baseload
2024-12-31,COLEASF1,-56.65154286572552,Baseload
2020-01-31,FINLYSF1,9.998626402314443,Baseload
2020-02-29,FINLYSF1,1.7827120904716054,Baseload
2020-03-31,FINLYSF1,-1.6156160180075716,Baseload
2020-04-30,FINLYSF1,-8.10560526839506,Baseload
2020-05-31,FINLYSF1,-2.409124050495336,Baseload
2020-06-30,FINLYSF1,-7.3902956655074945,Baseload
2020-07-31,FINLYSF1,-8.233155093913886,Baseload
2020-08-31,FINLYSF1,-13.444215861525272,Baseload
2020-09-30,FINLYSF1,-8.01947221462116,Baseload
2020-10-31,FINLYSF1,-13.924409715912098,Baseload
2020-11-30,FINLYSF1,18.439012192269956,Baseload
2020-12-31,FINLYSF1,23.070874124798692,Baseload
2021-01-31,FINLYSF1,-1.229261872932483,Baseload
2021-02-28,FINLYSF1,-1.3571419803657747,Baseload
2021-03-31,FINLYSF1,-6.447184149754314,Baseload
2021-04-30,FINLYSF1,-22.14481083236202,Baseload
2021-05-31,FINLYSF1,-70.96840890878548,Baseload
2021-06-30,FINLYSF1,-81.4473356461237,Baseload
2021-07-31,FINLYSF1,-42.82684384985659,Baseload
2021-08-31,FINLYSF1,-27.45064691085389,Baseload
2021-09-30,FINLYSF1,-26.240759480547677,Baseload
2021-10-31,FINLYSF1,-31.197191744747318,Baseload
2021-11-30,FINLYSF1,-5.184481832145735,Baseload
2021-12-31,FINLYSF1,-13.262727071639617,Baseload
2022-01-31,FINLYSF1,-7.038310724755831,Baseload
2022-02-28,FINLYSF1,-7.809851969065761,Baseload
2022-03-31,FINLYSF1,-11.743996498865457,Baseload
2022-04-30,FINLYSF1,-58.1512776728018,Baseload
2022-05-31,FINLYSF1,-90.24289391269485,Baseload
2022-06-30,FINLYSF1,-82.71879014692166,Baseload
2022-07-31,FINLYSF1,-86.99601671068228,Baseload
2022-08-31,FINLYSF1,-51.16924766438986,Baseload
2022-09-30,FINLYSF1,-66.73855875613415,Baseload
2022-10-31,FINLYSF1,-51.129206939441076,Baseload
2022-11-30,FINLYSF1,-47.38110347866291,Baseload
2022-12-31,FINLYSF1,-36.33662759663305,Baseload
2023-01-31,FINLYSF1,-20.52178445546943,Baseload
2023-02-28,FINLYSF1,-20.246736002255886,Baseload
2023-03-31,FINLYSF1,-33.18594458474293,Baseload
2023-04-30,FINLYSF1,-42.958295743631325,Baseload
2023-05-31,FINLYSF1,-89.80326494883657,Baseload
2023-06-30,FINLYSF1,-46.68830082868065,Baseload
2023-07-31,FINLYSF1,-46.12795458698984,Baseload
2023-08-31,FINLYSF1,-52.77349517286494,Baseload
2023-09-30,FINLYSF1,-49.92067519447491,Baseload
2023-10-31,FINLYSF1,-38.67893647639798,Baseload
2023-11-30,FINLYSF1,-15.804086049312403,Baseload
2023-12-31,FINLYSF1,-21.387578249228042,Baseload
2024-01-31,FINLYSF1,-11.198605743900686,Baseload
2024-02-29,FINLYSF1,-25.5646012391626,Baseload
2024-03-31,FINLYSF1,-24.25744021587542,Baseload
2024-04-30,FINLYSF1,-54.27654175475929,Baseload
2024-05-31,FINLYSF1,-193.01319977667407,Baseload
2024-06-30,FINLYSF1,-68.13123107171911,Baseload
2024-07-31,FINLYSF1,-68.56126862461076,Baseload
2024-08-31,FINLYSF1,-107.15899873898348,Baseload
2024-09-30,FINLYSF1,-57.71409919188485,Baseload
2024-10-31,FINLYSF1,-39.69378116745326,Baseload
2024-11-30,FINLYSF1,-87.7214551349752,Baseload
2024-12-31,FINLYSF1,-53.745834088390424,Baseload
2020-01-31,GULLRSF1,-14.415674641644245,Baseload
2020-02-29,GULLRSF1,2.7517754353933697,Baseload
2020-03-31,GULLRSF1,-3.6966641237995788,Baseload
2020-04-30,GULLRSF1,-10.051622107410864,Baseload
2020-05-31,GULLRSF1,-7.296389795501831,Baseload
2020-06-30,GULLRSF1,-7.237523923156083,Baseload
2020-07-31,GULLRSF1,-6.766207322900669,Baseload
2020-08-31,GULLRSF1,-9.952277572900357,Baseload
2020-09-30,GULLRSF1,-8.199929066985256,Baseload
2020-10-31,GULLRSF1,-14.418672842428819,Baseload
2020-11-30,GULLRSF1,0.3649666996400285,Baseload
2020-12-31,GULLRSF1,-29.431174266540225,Baseload
2021-01-31,GULLRSF1,-1.3470938957665837,Baseload
2021-02-28,GULLRSF1,-2.1199824541480865,Baseload
2021-03-31,GULLRSF1,-7.648288896594437,Baseload
2021-04-30,GULLRSF1,-21.888879933097037,Baseload
2021-05-31,GULLRSF1,-72.0588222357056,Baseload
2021-06-30,GULLRSF1,-90.21762236081028,Baseload
2021-07-31,GULLRSF1,-41.46077538530827,Baseload
2021-08-31,GULLRSF1,-31.38515965324969,Baseload
2021-09-30,GULLRSF1,-28.947576251417235,Baseload
2021-10-31,GULLRSF1,-17.457011087965142,Baseload
2021-11-30,GULLRSF1,-7.321394563889818,Baseload
2021-12-31,GULLRSF1,-14.208055981607338,Baseload
2022-01-31,GULLRSF1,-6.1087712148270725,Baseload
2022-02-28,GULLRSF1,-13.058694108284953,Baseload
2022-03-31,GULLRSF1,-17.279238316839297,Baseload
2022-04-30,GULLRSF1,-65.05411074806419,Baseload
2022-05-31,GULLRSF1,-110.94673305243148,Baseload
2022-06-30,GULLRSF1,-92.18170037929804,Baseload
2022-07-31,GULLRSF1,-137.66407078821538,Baseload
2022-08-31,GULLRSF1,-53.64517925155131,Baseload
2022-09-30,GULLRSF1,-75.28893887650631,Baseload
2022-10-31,GULLRSF1,-56.308300516022456,Baseload
2022-11-30,GULLRSF1,-49.57227454525064,Baseload
2022-12-31,GULLRSF1,-51.65087614404651,Baseload
2023-01-31,GULLRSF1,-22.8102081401603,Baseload
2023-02-28,GULLRSF1,-27.942579061504787,Baseload
2023-03-31,GULLRSF1,-49.857552182141006,Baseload
2023-04-30,GULLRSF1,-51.18535648677487,Baseload
2023-05-31,GULLRSF1,-96.19538183514983,Baseload
2023-06-30,GULLRSF1,-47.71573995294797,Baseload
2023-07-31,GULLRSF1,-47.26262019538109,Baseload
2023-08-31,GULLRSF1,-62.03835236079434,Baseload
2023-09-30,GULLRSF1,-49.49353073770193,Baseload
2023-10-31,GULLRSF1,-34.79027225364269,Baseload
2023-11-30,GULLRSF1,-38.335245228636104,Baseload
2023-12-31,GULLRSF1,-21.816674699397545,Baseload
2024-01-31,GULLRSF1,-31.309682850413672,Baseload
2024-02-29,GULLRSF1,-54.84936740726223,Baseload
2024-03-31,GULLRSF1,-30.935087102552906,Baseload
2024-04-30,GULLRSF1,-56.91704722234763,Baseload
2024-05-31,GULLRSF1,-201.09581870154295,Baseload
2024-06-30,GULLRSF1,-62.250901098963496,Baseload
2024-07-31,GULLRSF1,-68.84008929207869,Baseload
2024-08-31,GULLRSF1,-113.51655986609137,Baseload
2024-09-30,GULLRSF1,-45.855421526902504,Baseload
2024-10-31,GULLRSF1,-40.998925461625035,Baseload
2024-11-30,GULLRSF1,-136.74099524284796,Baseload
2024-12-31,GULLRSF1,-59.5330368919289,Baseload
2020-01-31,LIMOSF21,45.88936701025398,Baseload
2020-02-29,LIMOSF21,5.5839319824945335,Baseload
2020-03-31,LIMOSF21,-1.3722156820224285,Baseload
2020-04-30,LIMOSF21,-6.605435499804301,Baseload
2020-05-31,LIMOSF21,-6.146332789156759,Baseload
2020-06-30,LIMOSF21,-7.516485552884021,Baseload
2020-07-31,LIMOSF21,-6.03132245684322,Baseload
2020-08-31,LIMOSF21,-10.065641403898908,Baseload
2020-09-30,LIMOSF21,-3.2180160222397873,Baseload
2020-10-31,LIMOSF21,-13.031975639664154,Baseload
2020-11-30,LIMOSF21,18.875919242449328,Baseload
2020-12-31,LIMOSF21,25.633500946902117,Baseload
2021-01-31,LIMOSF21,-0.9380195557433666,Baseload
2021-02-28,LIMOSF21,-0.5833095404405384,Baseload
2021-03-31,LIMOSF21,-5.545771494894211,Baseload
2021-04-30,LIMOSF21,-18.277163202022344,Baseload
2021-05-31,LIMOSF21,-63.479022142864835,Baseload
2021-06-30,LIMOSF21,-84.80184293757587,Baseload
2021-07-31,LIMOSF21,-37.969460135028086,Baseload
2021-08-31,LIMOSF21,-19.783327791823233,Baseload
2021-09-30,LIMOSF21,-14.332485545109726,Baseload
2021-10-31,LIMOSF21,-10.555807231999374,Baseload
2021-11-30,LIMOSF21,6.597289139900894,Baseload
2021-12-31,LIMOSF21,-11.20231344725763,Baseload
2022-01-31,LIMOSF21,-1.6766572231009889,Baseload
2022-02-28,LIMOSF21,-7.166115181953046,Baseload
2022-03-31,LIMOSF21,-9.577821144398456,Baseload
2022-04-30,LIMOSF21,-45.85073194064185,Baseload
2022-05-31,LIMOSF21,-88.62461670210888,Baseload
2022-06-30,LIMOSF21,-79.00423058468431,Baseload
2022-07-31,LIMOSF21,-80.45530568737883,Baseload
2022-08-31,LIMOSF21,-50.84379407685766,Baseload
2022-09-30,LIMOSF21,-62.76041255988258,Baseload
2022-10-31,LIMOSF21,-46.49462067875385,Baseload
2022-11-30,LIMOSF21,-45.92638909110303,Baseload
2022-12-31,LIMOSF21,-37.83939850272878,Baseload
2023-01-31,LIMOSF21,-20.852777553089,Baseload
2023-02-28,LIMOSF21,-20.349774649162796,Baseload
2023-03-31,LIMOSF21,-34.53607330336847,Baseload
2023-04-30,LIMOSF21,-39.09626474648613,Baseload
2023-05-31,LIMOSF21,-95.35418969271281,Baseload
2023-06-30,LIMOSF21,-48.4650823991278,Baseload
2023-07-31,LIMOSF21,-46.015747153316276,Baseload
2023-08-31,LIMOSF21,-49.92757119375335,Baseload
2023-09-30,LIMOSF21,-39.425735080093304,Baseload
2023-10-31,LIMOSF21,-23.23232524475355,Baseload
2023-11-30,LIMOSF21,-18.253357025033708,Baseload
2023-12-31,LIMOSF21,-18.803062323242628,Baseload
2024-01-31,LIMOSF21,-9.808415994487277,Baseload
2024-02-29,LIMOSF21,-25.983604770816953,Baseload
2024-03-31,LIMOSF21,-18.271606788113722,Baseload
2024-04-30,LIMOSF21,-41.00419588715997,Baseload
2024-05-31,LIMOSF21,-118.12414829110853,Baseload
2024-06-30,LIMOSF21,-58.83241256790137,Baseload
2024-07-31,LIMOSF21,-62.91524692717077,Baseload
2024-08-31,LIMOSF21,-88.94974119559174,Baseload
2024-09-30,LIMOSF21,-43.340321874702845,Baseload
2024-10-31,LIMOSF21,-20.664867469428856,Baseload
2024-11-30,LIMOSF21,-25.35664306602976,Baseload
2024-12-31,LIMOSF21,-26.676786543615933,Baseload
2020-01-31,MANSLR1,85.25094451040044,Baseload
2020-02-29,MANSLR1,4.072559367542915,Baseload
2020-03-31,MANSLR1,-2.3725266473362936,Baseload
2020-04-30,MANSLR1,-8.134089108120492,Baseload
2020-05-31,MANSLR1,-5.76065572022803,Baseload
2020-06-30,MANSLR1,-5.961227517019054,Baseload
2020-07-31,MANSLR1,-6.513114983784163,Baseload
2020-08-31,MANSLR1,-11.596690070511428,Baseload
2020-09-30,MANSLR1,-7.863723075139227,Baseload
2020-10-31,MANSLR1,-10.11436813847596,Baseload
2020-11-30,MANSLR1,7.8723962454223795,Baseload
2020-12-31,MANSLR1,-10.54299546839438,Baseload
2021-01-31,MANSLR1,0.13658858497807813,Baseload
2021-02-28,MANSLR1,-0.07099833499644603,Baseload
2021-03-31,MANSLR1,-4.7709371891579835,Baseload
2021-04-30,MANSLR1,-19.489449994556857,Baseload
2021-05-31,MANSLR1,-68.22281307677403,Baseload
2021-06-30,MANSLR1,-81.88548109618928,Baseload
2021-07-31,MANSLR1,-37.1215601411741,Baseload
2021-08-31,MANSLR1,-23.320063705134622,Baseload
2021-09-30,MANSLR1,-18.131917583499302,Baseload
2021-10-31,MANSLR1,-5.968955312594744,Baseload
2021-11-30,MANSLR1,-1.6775143972464122,Baseload
2021-12-31,MANSLR1,-9.22588284628258,Baseload
2022-01-31,MANSLR1,3.775161238555256,Baseload
2022-02-28,MANSLR1,1.9106640558549657,Baseload
2022-03-31,MANSLR1,-3.342559509556139,Baseload
2022-04-30,MANSLR1,-19.105528572536656,Baseload
2022-05-31,MANSLR1,-92.84809324509052,Baseload
2022-06-30,MANSLR1,-92.8175003012908,Baseload
2022-07-31,MANSLR1,-101.1491162612225,Baseload
2022-08-31,MANSLR1,-45.14080241701819,Baseload
2022-09-30,MANSLR1,-39.74312226317116,Baseload
2022-10-31,MANSLR1,-17.48584454639115,Baseload
2022-11-30,MANSLR1,-19.062267363342073,Baseload
2022-12-31,MANSLR1,-10.215224301442518,Baseload
2023-01-31,MANSLR1,4.911526175675377,Baseload
2023-02-28,MANSLR1,-7.541105688505695,Baseload
2023-03-31,MANSLR1,-31.063324537394536,Baseload
2023-04-30,MANSLR1,-27.05313639279086,Baseload
2023-05-31,MANSLR1,-86.97078921754661,Baseload
2023-06-30,MANSLR1,-40.64561903947357,Baseload
2023-07-31,MANSLR1,-31.828363989231903,Baseload
2023-08-31,MANSLR1,-42.90609795779007,Baseload
2023-09-30,MANSLR1,-14.465570498442858,Baseload
2023-10-31,MANSLR1,3.053608410554986,Baseload
2023-11-30,MANSLR1,-1.1582823716074557,Baseload
2023-12-31,MANSLR1,2.4227016470925093,Baseload
2024-01-31,MANSLR1,2.525535507383907,Baseload
2024-02-29,MANSLR1,-6.970541503272457,Baseload
2024-03-31,MANSLR1,-10.09709305129968,Baseload
2024-04-30,MANSLR1,-25.44062967976774,Baseload
2024-05-31,MANSLR1,-116.63305799966435,Baseload
2024-06-30,MANSLR1,-53.17171473080876,Baseload
2024-07-31,MANSLR1,-58.443636086779534,Baseload
2024-08-31,MANSLR1,-77.98731846929964,Baseload
2024-09-30,MANSLR1,-16.91177391789273,Baseload
2024-10-31,MANSLR1,-7.374835841395452,Baseload
2024-11-30,MANSLR1,-29.900344202519875,Baseload
2024-12-31,MANSLR1,64.85837094928758,Baseload
2020-01-31,MOREESF1,84.74506818481129,Baseload
2020-02-29,MOREESF1,7.203348336242804,Baseload
2020-03-31,MOREESF1,-2.361035909128141,Baseload
2020-04-30,MOREESF1,-9.323761630105288,Baseload
2020-05-31,MOREESF1,-5.679239662911684,Baseload
2020-06-30,MOREESF1,-2.5096232010676047,Baseload
2020-07-31,MOREESF1,-6.7145373601327805,Baseload
2020-08-31,MOREESF1,-9.436156770598274,Baseload
2020-09-30,MOREESF1,-6.709756493211955,Baseload
2020-10-31,MOREESF1,-1.5168398178383242,Baseload
2020-11-30,MOREESF1,7.384168432056541,Baseload
2020-12-31,MOREESF1,24.525655799309078,Baseload
2021-01-31,MOREESF1,-0.7512900422352757,Baseload
2021-02-28,MOREESF1,-1.301929948412905,Baseload
2021-03-31,MOREESF1,-5.888516652897884,Baseload
2021-04-30,MOREESF1,-18.551254132033236,Baseload
2021-05-31,MOREESF1,-61.8704748664222,Baseload
2021-06-30,MOREESF1,-84.60700204941799,Baseload
2021-07-31,MOREESF1,-42.46205858760702,Baseload
2021-08-31,MOREESF1,-24.017620728487735,Baseload
2021-09-30,MOREESF1,-25.366759746549345,Baseload
2021-10-31,MOREESF1,-25.322881497036768,Baseload
2021-11-30,MOREESF1,4.212458687058415,Baseload
2021-12-31,MOREESF1,-16.071184033427805,Baseload
2022-01-31,MOREESF1,-5.702741518888246,Baseload
2022-02-28,MOREESF1,-14.368859129522718,Baseload
2022-03-31,MOREESF1,-17.79554791471078,Baseload
2022-04-30,MOREESF1,-50.344646571441984,Baseload
2022-05-31,MOREESF1,-99.85746267532991,Baseload
2022-06-30,MOREESF1,-94.37294029469007,Baseload
2022-07-31,MOREESF1,-102.35853030160922,Baseload
2022-08-31,MOREESF1,-48.33667587603547,Baseload
2022-09-30,MOREESF1,-73.90048867734083,Baseload
2022-10-31,MOREESF1,-56.66861565269899,Baseload
2022-11-30,MOREESF1,-50.100500524074896,Baseload
2022-12-31,MOREESF1,-44.69120651033946,Baseload
2023-01-31,MOREESF1,-18.6251109948049,Baseload
2023-02-28,MOREESF1,-23.28940823115508,Baseload
2023-03-31,MOREESF1,-35.97111440759491,Baseload
2023-04-30,MOREESF1,-56.59252275878116,Baseload
2023-05-31,MOREESF1,-87.6297815275747,Baseload
2023-06-30,MOREESF1,-43.80894704492801,Baseload
2023-07-31,MOREESF1,-46.22192839386458,Baseload
2023-08-31,MOREESF1,-54.51840410902236,Baseload
2023-09-30,MOREESF1,-50.75867288998643,Baseload
2023-10-31,MOREESF1,-35.148220181416164,Baseload
2023-11-30,MOREESF1,-32.43802766752762,Baseload
2023-12-31,MOREESF1,-18.463692362878326,Baseload
2024-01-31,MOREESF1,-26.56002608763444,Baseload
2024-02-29,MOREESF1,-9.756168246762456,Baseload
2024-03-31,MOREESF1,-24.40704672431326,Baseload
2024-04-30,MOREESF1,-48.437981689900205,Baseload
2024-05-31,MOREESF1,-168.82541706101372,Baseload
2024-06-30,MOREESF1,-52.33721990515356,Baseload
2024-07-31,MOREESF1,-66.05078076325019,Baseload
2024-08-31,MOREESF1,-122.39755419087962,Baseload
2024-09-30,MOREESF1,-60.37829046619654,Baseload
2024-10-31,MOREESF1,-53.509931190049954,Baseload
2024-11-30,MOREESF1,-91.90887199009217,Baseload
2024-12-31,MOREESF1,-68.17369071704428,Baseload
2020-01-31,NEVERSF1,180.55460954117282,Baseload
2020-02-29,NEVERSF1,11.881816028736559,Baseload
2020-03-31,NEVERSF1,-3.3020534141946456,Baseload
2020-04-30,NEVERSF1,-5.586416419478844,Baseload
2020-05-31,NEVERSF1,-3.0879460379064696,Baseload
2020-06-30,NEVERSF1,-5.8849899099445295,Baseload
2020-07-31,NEVERSF1,-7.896239104484373,Baseload
2020-08-31,NEVERSF1,-10.861501434296741,Baseload
2020-09-30,NEVERSF1,-7.8859007805146035,Baseload
2020-10-31,NEVERSF1,-7.811928514826185,Baseload
2020-11-30,NEVERSF1,9.081215409230424,Baseload
2020-12-31,NEVERSF1,21.755844936114414,Baseload
2021-01-31,NEVERSF1,-1.3042806161460447,Baseload
2021-02-28,NEVERSF1,-1.690056729951948,Baseload
2021-03-31,NEVERSF1,-6.8315515041372805,Baseload
2021-04-30,NEVERSF1,-22.083903887602425,Baseload
2021-05-31,NEVERSF1,-70.88243228154725,Baseload
2021-06-30,NEVERSF1,-82.38422330329962,Baseload
2021-07-31,NEVERSF1,-36.50390304274596,Baseload
2021-08-31,NEVERSF1,-26.058513033912945,Baseload
2021-09-30,NEVERSF1,-26.348606131091866,Baseload
2021-10-31,NEVERSF1,-19.77659219681498,Baseload
2021-11-30,NEVERSF1,-4.916272298562355,Baseload
2021-12-31,NEVERSF1,-16.510678195355347,Baseload
2022-01-31,NEVERSF1,-6.951907060378005,Baseload
2022-02-28,NEVERSF1,-9.706084185979833,Baseload
2022-03-31,NEVERSF1,-15.882062979616691,Baseload
2022-04-30,NEVERSF1,-54.91434229122487,Baseload
2022-05-31,NEVERSF1,-99.48958486569478,Baseload
2022-06-30,NEVERSF1,-96.12060866106441,Baseload
2022-07-31,NEVERSF1,-111.92785927438348,Baseload
2022-08-31,NEVERSF1,-56.728265756232844,Baseload
2022-09-30,NEVERSF1,-74.252619877209,Baseload
2022-10-31,NEVERSF1,-54.51916241914691,Baseload
2022-11-30,NEVERSF1,-51.792126387998096,Baseload
2022-12-31,NEVERSF1,-51.75148317789811,Baseload
2023-01-31,NEVERSF1,-20.876129674657207,Baseload
2023-02-28,NEVERSF1,-19.52950062941933,Baseload
2023-03-31,NEVERSF1,-39.50009421904775,Baseload
2023-04-30,NEVERSF1,-46.85542579668925,Baseload
2023-05-31,NEVERSF1,-93.2358310539098,Baseload
2023-06-30,NEVERSF1,-47.54145287791652,Baseload
2023-07-31,NEVERSF1,-50.15806802500398,Baseload
2023-08-31,NEVERSF1,-58.39880971623866,Baseload
2023-09-30,NEVERSF1,-49.05854412912662,Baseload
2023-10-31,NEVERSF1,-37.82667180040769,Baseload
2023-11-30,NEVERSF1,-36.59782199947372,Baseload
2023-12-31,NEVERSF1,-27.899975178711017,Baseload
2024-01-31,NEVERSF1,-25.667734410990256,Baseload
2024-02-29,NEVERSF1,-48.42225924646654,Baseload
2024-03-31,NEVERSF1,-25.84944491115241,Baseload
2024-04-30,NEVERSF1,-50.503741392015655,Baseload
2024-05-31,NEVERSF1,-146.42495159927535,Baseload
2024-06-30,NEVERSF1,-61.45801699513717,Baseload
2024-07-31,NEVERSF1,-68.59386952899192,Baseload
2024-08-31,NEVERSF1,-119.72775779590273,Baseload
2024-09-30,NEVERSF1,-55.68732295612802,Baseload
2024-10-31,NEVERSF1,-43.22394384817664,Baseload
2024-11-30,NEVERSF1,-120.42224264422116,Baseload
2024-12-31,NEVERSF1,-55.654114604704844,Baseload
2020-01-31,NYNGAN1,32.73597415020356,Baseload
2020-02-29,NYNGAN1,2.6813596520730485,Baseload
2020-03-31,NYNGAN1,-3.1654732534333405,Baseload
2020-04-30,NYNGAN1,-9.675817947576707,Baseload
2020-05-31,NYNGAN1,-5.742841231503775,Baseload
2020-06-30,NYNGAN1,-5.414161599083712,Baseload
2020-07-31,NYNGAN1,-8.04300821737651,Baseload
2020-08-31,NYNGAN1,-11.856614113773993,Baseload
2020-09-30,NYNGAN1,-8.771180754009876,Baseload
2020-10-31,NYNGAN1,-8.969288271205492,Baseload
2020-11-30,NYNGAN1,4.415759807104976,Baseload
2020-12-31,NYNGAN1,15.878305233707152,Baseload
2021-01-31,NYNGAN1,-2.068255838028442,Baseload
2021-02-28,NYNGAN1,-1.985786666783504,Baseload
2021-03-31,NYNGAN1,-6.932274644491322,Baseload
2021-04-30,NYNGAN1,-22.763307134909965,Baseload
2021-05-31,NYNGAN1,-71.65574567751855,Baseload
2021-06-30,NYNGAN1,-81.96973973925031,Baseload
2021-07-31,NYNGAN1,-40.936402204907736,Baseload
2021-08-31,NYNGAN1,-26.813797010925505,Baseload
2021-09-30,NYNGAN1,-28.463496610408946,Baseload
2021-10-31,NYNGAN1,-28.430981192780184,Baseload
2021-11-30,NYNGAN1,-7.051041489359591,Baseload
2021-12-31,NYNGAN1,-16.66782843736302,Baseload
2022-01-31,NYNGAN1,-8.501181328606975,Baseload
2022-02-28,NYNGAN1,-8.982485082434167,Baseload
2022-03-31,NYNGAN1,-15.22058031806354,Baseload
2022-04-30,NYNGAN1,-55.376570858351016,Baseload
2022-05-31,NYNGAN1,-98.32659905189917,Baseload
2022-06-30,NYNGAN1,-97.18286212042489,Baseload
2022-07-31,NYNGAN1,-112.03439051500055,Baseload
2022-08-31,NYNGAN1,-58.960574697680556,Baseload
2022-09-30,NYNGAN1,-79.51157713636711,Baseload
2022-10-31,NYNGAN1,-62.268059581423714,Baseload
2022-11-30,NYNGAN1,-57.96401715247842,Baseload
2022-12-31,NYNGAN1,-53.52667613835156,Baseload
2023-01-31,NYNGAN1,-23.570395164768527,Baseload
2023-02-28,NYNGAN1,-25.691824115543326,Baseload
2023-03-31,NYNGAN1,-41.73808024456983,Baseload
2023-04-30,NYNGAN1,-51.45345725627422,Baseload
2023-05-31,NYNGAN1,-93.29865861977135,Baseload
2023-06-30,NYNGAN1,-50.08389372352567,Baseload
2023-07-31,NYNGAN1,-53.1105412332998,Baseload
2023-08-31,NYNGAN1,-59.261748656686734,Baseload
2023-09-30,NYNGAN1,-54.27906546803159,Baseload
2023-10-31,NYNGAN1,-44.79329803355153,Baseload
2023-11-30,NYNGAN1,-42.06820206925889,Baseload
2023-12-31,NYNGAN1,-17.735341456156476,Baseload
2024-01-31,NYNGAN1,-27.908589148520562,Baseload
2024-02-29,NYNGAN1,-48.02707294615584,Baseload
2024-03-31,NYNGAN1,-29.385134709683797,Baseload
2024-04-30,NYNGAN1,-51.76709907712223,Baseload
2024-05-31,NYNGAN1,-161.21275464120185,Baseload
2024-06-30,NYNGAN1,-66.15198943308162,Baseload
2024-07-31,NYNGAN1,-71.465425938878,Baseload
2024-08-31,NYNGAN1,-135.22594384103044,Baseload
2024-09-30,NYNGAN1,-70.79274965865969,Baseload
2024-10-31,NYNGAN1,-54.73229711429387,Baseload
2024-11-30,NYNGAN1,-134.1905959984279,Baseload
2024-12-31,NYNGAN1,-63.48702053639741,Baseload
2020-01-31,PARSF1,58.16272378309043,Baseload
2020-02-29,PARSF1,5.35773683180598,Baseload
2020-03-31,PARSF1,-2.2989590311632,Baseload
2020-04-30,PARSF1,-8.416298761425768,Baseload
2020-05-31,PARSF1,-4.966052944875251,Baseload
2020-06-30,PARSF1,-4.429173897144224,Baseload
2020-07-31,PARSF1,-6.820211791499254,Baseload
2020-08-31,PARSF1,-10.92990976180102,Baseload
2020-09-30,PARSF1,-7.414249381969277,Baseload
2020-10-31,PARSF1,-12.222397251252481,Baseload
2020-11-30,PARSF1,2.617185794642225,Baseload
2020-12-31,PARSF1,6.9319791535175455,Baseload
2021-01-31,PARSF1,-0.9763334662831937,Baseload
2021-02-28,PARSF1,-1.3125953831351325,Baseload
2021-03-31,PARSF1,-6.353013227413413,Baseload
2021-04-30,PARSF1,-21.391296546200643,Baseload
2021-05-31,PARSF1,-67.94200948344702,Baseload
2021-06-30,PARSF1,-76.9317410328674,Baseload
2021-07-31,PARSF1,-47.72516822539802,Baseload
2021-08-31,PARSF1,-25.87645136171065,Baseload
2021-09-30,PARSF1,-27.005893449440556,Baseload
2021-10-31,PARSF1,-23.804492879300042,Baseload
2021-11-30,PARSF1,-6.0596981902163805,Baseload
2021-12-31,PARSF1,-14.074010011808994,Baseload
2022-01-31,PARSF1,-3.940479002708841,Baseload
2022-02-28,PARSF1,-6.165634919492604,Baseload
2022-03-31,PARSF1,-11.345540672149156,Baseload
2022-04-30,PARSF1,-53.42299222348689,Baseload
2022-05-31,PARSF1,-97.48576098377404,Baseload
2022-06-30,PARSF1,-88.24595901340513,Baseload
2022-07-31,PARSF1,-102.14517932999155,Baseload
2022-08-31,PARSF1,-53.953559581168776,Baseload
2022-09-30,PARSF1,-66.9400115560596,Baseload
2022-10-31,PARSF1,-55.983986368328516,Baseload
2022-11-30,PARSF1,-47.75917929339634,Baseload
2022-12-31,PARSF1,-46.46523351808354,Baseload
2023-01-31,PARSF1,-17.015170039107716,Baseload
2023-02-28,PARSF1,-18.823250752685624,Baseload
2023-03-31,PARSF1,-37.283535775677905,Baseload
2023-04-30,PARSF1,-47.083045155976585,Baseload
2023-05-31,PARSF1,-86.6303925880678,Baseload
2023-06-30,PARSF1,-45.85124428883337,Baseload
2023-07-31,PARSF1,-44.478648277188725,Baseload
2023-08-31,PARSF1,-54.40824805511608,Baseload
2023-09-30,PARSF1,-49.141796350019334,Baseload
2023-10-31,PARSF1,-36.971459632579666,Baseload
2023-11-30,PARSF1,-27.061705090826905,Baseload
2023-12-31,PARSF1,-16.309989504633066,Baseload
2024-01-31,PARSF1,-17.23956901140702,Baseload
2024-02-29,PARSF1,-30.00319565732312,Baseload
2024-03-31,PARSF1,-22.5726317369812,Baseload
2024-04-30,PARSF1,-44.827500186345006,Baseload
2024-05-31,PARSF1,-115.81318340836344,Baseload
2024-06-30,PARSF1,-60.31253662689252,Baseload
2024-07-31,PARSF1,-65.42069235175899,Baseload
2024-08-31,PARSF1,-125.32450019149724,Baseload
2024-09-30,PARSF1,-67.92214226843367,Baseload
2024-10-31,PARSF1,-55.56493372583313,Baseload
2024-11-30,PARSF1,-97.84244706714432,Baseload
2024-12-31,PARSF1,-42.810779246769215,Baseload
2020-01-31,WRSF1,7.789990895499471,Baseload
2020-02-29,WRSF1,4.300324329149632,Baseload
2020-03-31,WRSF1,-2.366247478217467,Baseload
2020-04-30,WRSF1,-6.864661393400183,Baseload
2020-05-31,WRSF1,-7.307549536615404,Baseload
2020-06-30,WRSF1,-5.424444310054788,Baseload
2020-07-31,WRSF1,-6.799053507675055,Baseload
2020-08-31,WRSF1,-9.450094362333807,Baseload
2020-09-30,WRSF1,-7.8567075796519745,Baseload
2020-10-31,WRSF1,-4.690773391904841,Baseload
2020-11-30,WRSF1,13.204843448520094,Baseload
2020-12-31,WRSF1,21.034354647118604,Baseload
2021-01-31,WRSF1,-1.6565769642735333,Baseload
2021-02-28,WRSF1,-1.8438894344911105,Baseload
2021-03-31,WRSF1,-6.961716149655899,Baseload
2021-04-30,WRSF1,-21.543051748591985,Baseload
2021-05-31,WRSF1,-68.75113067733412,Baseload
2021-06-30,WRSF1,-68.54783982651377,Baseload
2021-07-31,WRSF1,-27.256962042594637,Baseload
2021-08-31,WRSF1,-19.719357518266442,Baseload
2021-09-30,WRSF1,-24.69527582219884,Baseload
2021-10-31,WRSF1,-27.82405329439418,Baseload
2021-11-30,WRSF1,-0.8124128743133454,Baseload
2021-12-31,WRSF1,-15.645880879059632,Baseload
2022-01-31,WRSF1,-2.439314052832799,Baseload
2022-02-28,WRSF1,-6.672228103825759,Baseload
2022-03-31,WRSF1,-14.398067465138382,Baseload
2022-04-30,WRSF1,-47.5942707675554,Baseload
2022-05-31,WRSF1,-108.21641347410522,Baseload
2022-06-30,WRSF1,-112.26324724325451,Baseload
2022-07-31,WRSF1,-111.91457561720716,Baseload
2022-08-31,WRSF1,-41.61104913875711,Baseload
2022-09-30,WRSF1,-72.79826864277625,Baseload
2022-10-31,WRSF1,-51.49402419082567,Baseload
2022-11-30,WRSF1,-42.30313176625643,Baseload
2022-12-31,WRSF1,-36.28972208840836,Baseload
2023-01-31,WRSF1,-17.33442797075523,Baseload
2023-02-28,WRSF1,-18.412438772970788,Baseload
2023-03-31,WRSF1,-42.32129627579023,Baseload
2023-04-30,WRSF1,-54.40705549429458,Baseload
2023-05-31,WRSF1,-95.07110890110378,Baseload
2023-06-30,WRSF1,-48.94050518127077,Baseload
2023-07-31,WRSF1,-51.27621011723926,Baseload
2023-08-31,WRSF1,-58.1194739670122,Baseload
2023-09-30,WRSF1,-58.564192055900406,Baseload
2023-10-31,WRSF1,-41.811785682238295,Baseload
2023-11-30,WRSF1,-39.04820036687451,Baseload
2023-12-31,WRSF1,-26.40792476428608,Baseload
2024-01-31,WRSF1,-28.932870404962557,Baseload
2024-02-29,WRSF1,-36.89885869362297,Baseload
2024-03-31,WRSF1,-27.82561635423248,Baseload
2024-04-30,WRSF1,-51.49557347175265,Baseload
2024-05-31,WRSF1,-205.0269427435643,Baseload
2024-06-30,WRSF1,-57.345799827417125,Baseload
2024-07-31,WRSF1,-71.43850097072516,Baseload
2024-08-31,WRSF1,-88.37413732541148,Baseload
2024-09-30,WRSF1,-63.61341254528863,Baseload
2024-10-31,WRSF1,-68.00033451960415,Baseload
2024-11-30,WRSF1,-112.88797279469024,Baseload
2024-12-31,WRSF1,-75.98916910567559,Baseload
