Period,DUID,Delta,Contract
2020-01-05,BERYLSF1,201.80108090920777,Ex-post DWA
2020-01-12,BERYLSF1,-0.5147676758857216,Ex-post DWA
2020-01-19,BERYLSF1,-1.0422069474733462,Ex-post DWA
2020-01-26,BERYLSF1,-7.577002560031616,Ex-post DWA
2020-02-02,BERYLSF1,-125.5565857721366,Ex-post DWA
2020-02-09,BERYLSF1,-0.18279286859683452,Ex-post DWA
2020-02-16,BERYLSF1,-0.6189234734814093,Ex-post DWA
2020-02-23,BERYLSF1,-3.0242085400712497,Ex-post DWA
2020-03-01,BERYLSF1,-1.6919086099144494,Ex-post DWA
2020-03-08,BERYLSF1,-0.05196378091096676,Ex-post DWA
2020-03-15,BERYLSF1,0.3291892815620585,Ex-post DWA
2020-03-22,BERYLSF1,-0.018391539145447666,Ex-post DWA
2020-03-29,BERYLSF1,-0.732401554935727,Ex-post DWA
2020-04-05,BERYLSF1,-0.7756088340671852,Ex-post DWA
2020-04-12,BERYLSF1,-2.138557794816151,Ex-post DWA
2020-04-19,BERYLSF1,-0.14792715178807825,Ex-post DWA
2020-04-26,BERYLSF1,-0.5628978668656295,Ex-post DWA
2020-05-03,BERYLSF1,-0.2987202045621373,Ex-post DWA
2020-05-10,BERYLSF1,-0.5771201881471839,Ex-post DWA
2020-05-17,BERYLSF1,-0.6567293855207623,Ex-post DWA
2020-05-24,BERYLSF1,2.364951142348751,Ex-post DWA
2020-05-31,BERYLSF1,-0.19641995956820324,Ex-post DWA
2020-06-07,BERYLSF1,-0.5774022787499717,Ex-post DWA
2020-06-14,BERYLSF1,-2.588662614169003,Ex-post DWA
2020-06-21,BERYLSF1,-0.19584646255385252,Ex-post DWA
2020-06-28,BERYLSF1,0.00987468600329322,Ex-post DWA
2020-07-05,BERYLSF1,-0.21090387667666732,Ex-post DWA
2020-07-12,BERYLSF1,0.009993252284623111,Ex-post DWA
2020-07-19,BERYLSF1,0.776241963819956,Ex-post DWA
2020-07-26,BERYLSF1,0.5632661495079887,Ex-post DWA
2020-08-02,BERYLSF1,-0.7535323789823991,Ex-post DWA
2020-08-09,BERYLSF1,-0.6867797666021858,Ex-post DWA
2020-08-16,BERYLSF1,-1.2027990016139896,Ex-post DWA
2020-08-23,BERYLSF1,-0.5449449717517965,Ex-post DWA
2020-08-30,BERYLSF1,1.781092096455268,Ex-post DWA
2020-09-06,BERYLSF1,-0.7616721168066753,Ex-post DWA
2020-09-13,BERYLSF1,-0.7089642109749761,Ex-post DWA
2020-09-20,BERYLSF1,0.1649239649885601,Ex-post DWA
2020-09-27,BERYLSF1,-0.41612938437577185,Ex-post DWA
2020-10-04,BERYLSF1,-0.688201802777499,Ex-post DWA
2020-10-11,BERYLSF1,11.825209088296397,Ex-post DWA
2020-10-18,BERYLSF1,0.38931582677273724,Ex-post DWA
2020-10-25,BERYLSF1,8.182293783611591,Ex-post DWA
2020-11-01,BERYLSF1,0.5701576106094564,Ex-post DWA
2020-11-08,BERYLSF1,-0.5267839345608394,Ex-post DWA
2020-11-15,BERYLSF1,-0.3827030765508326,Ex-post DWA
2020-11-22,BERYLSF1,17.46580640885452,Ex-post DWA
2020-11-29,BERYLSF1,5.186994618479211,Ex-post DWA
2020-12-06,BERYLSF1,7.117794076784293,Ex-post DWA
2020-12-13,BERYLSF1,-0.5023268511671972,Ex-post DWA
2020-12-20,BERYLSF1,-16.227235318094017,Ex-post DWA
2020-12-27,BERYLSF1,-1.0837918952095933,Ex-post DWA
2021-01-03,BERYLSF1,-0.31943126543186295,Ex-post DWA
2021-01-10,BERYLSF1,-0.3408814873800807,Ex-post DWA
2021-01-17,BERYLSF1,-1.1056187678129135,Ex-post DWA
2021-01-24,BERYLSF1,4.7653468882775485,Ex-post DWA
2021-01-31,BERYLSF1,0.11093892747605594,Ex-post DWA
2021-02-07,BERYLSF1,0.13337405090305765,Ex-post DWA
2021-02-14,BERYLSF1,-0.1476117331402591,Ex-post DWA
2021-02-21,BERYLSF1,-0.11091562004028077,Ex-post DWA
2021-02-28,BERYLSF1,0.1876782362052012,Ex-post DWA
2021-03-07,BERYLSF1,0.03874020968481773,Ex-post DWA
2021-03-14,BERYLSF1,-0.6734401018629868,Ex-post DWA
2021-03-21,BERYLSF1,-0.4995811330265951,Ex-post DWA
2021-03-28,BERYLSF1,-1.070244020125287,Ex-post DWA
2021-04-04,BERYLSF1,-0.2744777200048887,Ex-post DWA
2021-04-11,BERYLSF1,-0.03773855630681666,Ex-post DWA
2021-04-18,BERYLSF1,-1.74129211712755,Ex-post DWA
2021-04-25,BERYLSF1,1.0756535618346987,Ex-post DWA
2021-05-02,BERYLSF1,-1.247156575798293,Ex-post DWA
2021-05-09,BERYLSF1,-1.35361990957756,Ex-post DWA
2021-05-16,BERYLSF1,-0.4542788116993748,Ex-post DWA
2021-05-23,BERYLSF1,-4.21771163942384,Ex-post DWA
2021-05-30,BERYLSF1,-3.239759859918145,Ex-post DWA
2021-06-06,BERYLSF1,-3.7801392785214745,Ex-post DWA
2021-06-13,BERYLSF1,0.3870297086530172,Ex-post DWA
2021-06-20,BERYLSF1,13.161464854058252,Ex-post DWA
2021-06-27,BERYLSF1,-5.017874889483124,Ex-post DWA
2021-07-04,BERYLSF1,-1.5465773414706092,Ex-post DWA
2021-07-11,BERYLSF1,-11.900897079514564,Ex-post DWA
2021-07-18,BERYLSF1,-6.904940472798103,Ex-post DWA
2021-07-25,BERYLSF1,25.291609657270413,Ex-post DWA
2021-08-01,BERYLSF1,-0.25976322603830937,Ex-post DWA
2021-08-08,BERYLSF1,-1.844801075584023,Ex-post DWA
2021-08-15,BERYLSF1,-2.948463340615522,Ex-post DWA
2021-08-22,BERYLSF1,-0.49930384563155883,Ex-post DWA
2021-08-29,BERYLSF1,-3.8572065833955307,Ex-post DWA
2021-09-05,BERYLSF1,-3.3526949734421194,Ex-post DWA
2021-09-12,BERYLSF1,1.3636179057570632,Ex-post DWA
2021-09-19,BERYLSF1,-3.2114638053291067,Ex-post DWA
2021-09-26,BERYLSF1,-1.994553120227625,Ex-post DWA
2021-10-03,BERYLSF1,0.44516817344242554,Ex-post DWA
2021-10-10,BERYLSF1,7.219930757676776,Ex-post DWA
2021-10-17,BERYLSF1,-2.938175065527716,Ex-post DWA
2021-10-24,BERYLSF1,-3.730453052189276,Ex-post DWA
2021-10-31,BERYLSF1,-2.3922485886896396,Ex-post DWA
2021-11-07,BERYLSF1,-1.5614146914873643,Ex-post DWA
2021-11-14,BERYLSF1,0.9049808455308508,Ex-post DWA
2021-11-21,BERYLSF1,-5.689646298390976,Ex-post DWA
2021-11-28,BERYLSF1,-3.612240912280022,Ex-post DWA
2021-12-05,BERYLSF1,1.053169335527592,Ex-post DWA
2021-12-12,BERYLSF1,-4.198053757532776,Ex-post DWA
2021-12-19,BERYLSF1,-1.3800232092218963,Ex-post DWA
2021-12-26,BERYLSF1,-0.5491690901285295,Ex-post DWA
2022-01-02,BERYLSF1,-2.3936384426649298,Ex-post DWA
2022-01-09,BERYLSF1,-0.48576263756088167,Ex-post DWA
2022-01-16,BERYLSF1,1.1966343811255769,Ex-post DWA
2022-01-23,BERYLSF1,0.36759595297780834,Ex-post DWA
2022-01-30,BERYLSF1,0.44801378732880437,Ex-post DWA
2022-02-06,BERYLSF1,5.567327997161378,Ex-post DWA
2022-02-13,BERYLSF1,0.5524063891624778,Ex-post DWA
2022-02-20,BERYLSF1,-1.7133593154720046,Ex-post DWA
2022-02-27,BERYLSF1,-16.077929481153745,Ex-post DWA
2022-03-06,BERYLSF1,1.2767412961019033,Ex-post DWA
2022-03-13,BERYLSF1,-4.492235999553429,Ex-post DWA
2022-03-20,BERYLSF1,-0.8985808121647381,Ex-post DWA
2022-03-27,BERYLSF1,-1.7923386498834617,Ex-post DWA
2022-04-03,BERYLSF1,-3.6967524673223124,Ex-post DWA
2022-04-10,BERYLSF1,-1.1593545613362437,Ex-post DWA
2022-04-17,BERYLSF1,-1.5644900633631522,Ex-post DWA
2022-04-24,BERYLSF1,0.7530176372833353,Ex-post DWA
2022-05-01,BERYLSF1,-16.046251608122134,Ex-post DWA
2022-05-08,BERYLSF1,2.0320463789635426,Ex-post DWA
2022-05-15,BERYLSF1,-2.6704465760791436,Ex-post DWA
2022-05-22,BERYLSF1,-15.554711137151628,Ex-post DWA
2022-05-29,BERYLSF1,2.4591322337252564,Ex-post DWA
2022-06-05,BERYLSF1,5.763617189760851,Ex-post DWA
2022-06-12,BERYLSF1,2.0978715056854185,Ex-post DWA
2022-06-19,BERYLSF1,6.853912045018774,Ex-post DWA
2022-06-26,BERYLSF1,-5.99610174066504,Ex-post DWA
2022-07-03,BERYLSF1,-1.3528592242108743,Ex-post DWA
2022-07-10,BERYLSF1,-10.215145462577539,Ex-post DWA
2022-07-17,BERYLSF1,-12.371100838360576,Ex-post DWA
2022-07-24,BERYLSF1,-4.356487063674621,Ex-post DWA
2022-07-31,BERYLSF1,2.1863474359015242,Ex-post DWA
2022-08-07,BERYLSF1,-4.371518015674624,Ex-post DWA
2022-08-14,BERYLSF1,-0.13564873155372936,Ex-post DWA
2022-08-21,BERYLSF1,3.196410490379236,Ex-post DWA
2022-08-28,BERYLSF1,-1.1645375388940806,Ex-post DWA
2022-09-04,BERYLSF1,-13.57952150961367,Ex-post DWA
2022-09-11,BERYLSF1,15.413793152548493,Ex-post DWA
2022-09-18,BERYLSF1,0.3470101726721211,Ex-post DWA
2022-09-25,BERYLSF1,-10.061906206524846,Ex-post DWA
2022-10-02,BERYLSF1,-2.133718241903509,Ex-post DWA
2022-10-09,BERYLSF1,-17.161460112642217,Ex-post DWA
2022-10-16,BERYLSF1,-4.201310221959574,Ex-post DWA
2022-10-23,BERYLSF1,-3.9053931936055477,Ex-post DWA
2022-10-30,BERYLSF1,16.86901784931598,Ex-post DWA
2022-11-06,BERYLSF1,-5.926500803430258,Ex-post DWA
2022-11-13,BERYLSF1,-8.795465658508796,Ex-post DWA
2022-11-20,BERYLSF1,1.036307919844532,Ex-post DWA
2022-11-27,BERYLSF1,-3.1223848209450438,Ex-post DWA
2022-12-04,BERYLSF1,2.1576168611611877,Ex-post DWA
2022-12-11,BERYLSF1,-6.733398254902454,Ex-post DWA
2022-12-18,BERYLSF1,-10.810364378503827,Ex-post DWA
2022-12-25,BERYLSF1,-2.3835644260167257,Ex-post DWA
2023-01-01,BERYLSF1,-2.817477593585515,Ex-post DWA
2023-01-08,BERYLSF1,0.09358422040811831,Ex-post DWA
2023-01-15,BERYLSF1,-4.647351592556404,Ex-post DWA
2023-01-22,BERYLSF1,0.060321280982520875,Ex-post DWA
2023-01-29,BERYLSF1,1.2965917649335381,Ex-post DWA
2023-02-05,BERYLSF1,-8.78587759891677,Ex-post DWA
2023-02-12,BERYLSF1,-1.708624150014856,Ex-post DWA
2023-02-19,BERYLSF1,-4.674580727121921,Ex-post DWA
2023-02-26,BERYLSF1,-8.053919583536903,Ex-post DWA
2023-03-05,BERYLSF1,-7.118686716978516,Ex-post DWA
2023-03-12,BERYLSF1,-1.6519981980089256,Ex-post DWA
2023-03-19,BERYLSF1,-16.33219212236216,Ex-post DWA
2023-03-26,BERYLSF1,0.7947599633944407,Ex-post DWA
2023-04-02,BERYLSF1,-5.304042710765955,Ex-post DWA
2023-04-09,BERYLSF1,17.413196188267662,Ex-post DWA
2023-04-16,BERYLSF1,-1.0646051360015676,Ex-post DWA
2023-04-23,BERYLSF1,-0.4329463275294927,Ex-post DWA
2023-04-30,BERYLSF1,-2.648837784875326,Ex-post DWA
2023-05-07,BERYLSF1,-5.735971081125882,Ex-post DWA
2023-05-14,BERYLSF1,-2.7330869443876082,Ex-post DWA
2023-05-21,BERYLSF1,-6.237109842103493,Ex-post DWA
2023-05-28,BERYLSF1,-4.458761082084408,Ex-post DWA
2023-06-04,BERYLSF1,-0.1505007205461908,Ex-post DWA
2023-06-11,BERYLSF1,-9.812160709828525,Ex-post DWA
2023-06-18,BERYLSF1,-0.8313381645355662,Ex-post DWA
2023-06-25,BERYLSF1,3.3673139292094234,Ex-post DWA
2023-07-02,BERYLSF1,0.25056647708311885,Ex-post DWA
2023-07-09,BERYLSF1,23.315754151975774,Ex-post DWA
2023-07-16,BERYLSF1,-1.6183627536526046,Ex-post DWA
2023-07-23,BERYLSF1,-3.8645494247121945,Ex-post DWA
2023-07-30,BERYLSF1,3.579036049865323,Ex-post DWA
2023-08-06,BERYLSF1,-0.9012137932128113,Ex-post DWA
2023-08-13,BERYLSF1,-2.8420606731050455,Ex-post DWA
2023-08-20,BERYLSF1,-9.962830695980422,Ex-post DWA
2023-08-27,BERYLSF1,0.6022469912074797,Ex-post DWA
2023-09-03,BERYLSF1,-0.30474972097885455,Ex-post DWA
2023-09-10,BERYLSF1,4.376056705487613,Ex-post DWA
2023-09-17,BERYLSF1,10.702345470797873,Ex-post DWA
2023-09-24,BERYLSF1,-0.043488087598209546,Ex-post DWA
2023-10-01,BERYLSF1,6.765031734546039,Ex-post DWA
2023-10-08,BERYLSF1,0.31107929018487823,Ex-post DWA
2023-10-15,BERYLSF1,3.960708093381122,Ex-post DWA
2023-10-22,BERYLSF1,-1.1448808931960368,Ex-post DWA
2023-10-29,BERYLSF1,-6.8177124417941695,Ex-post DWA
2023-11-05,BERYLSF1,-0.23449838816820545,Ex-post DWA
2023-11-12,BERYLSF1,-26.96779141670178,Ex-post DWA
2023-11-19,BERYLSF1,-9.546564104622412,Ex-post DWA
2023-11-26,BERYLSF1,-4.267199179486141,Ex-post DWA
2023-12-03,BERYLSF1,-4.546292629814115,Ex-post DWA
2023-12-10,BERYLSF1,-1.3061164219049175,Ex-post DWA
2023-12-17,BERYLSF1,-1.4442635956450403,Ex-post DWA
2023-12-24,BERYLSF1,-4.497051107145417,Ex-post DWA
2023-12-31,BERYLSF1,-4.690358891894196,Ex-post DWA
2024-01-07,BERYLSF1,-0.8509593024023445,Ex-post DWA
2024-01-14,BERYLSF1,-2.380263524242217,Ex-post DWA
2024-01-21,BERYLSF1,-17.404570843344615,Ex-post DWA
2024-01-28,BERYLSF1,-1.0090205310158282,Ex-post DWA
2024-02-04,BERYLSF1,-8.98545839668418,Ex-post DWA
2024-02-11,BERYLSF1,1.6479754574222198,Ex-post DWA
2024-02-18,BERYLSF1,-3.2202177606888824,Ex-post DWA
2024-02-25,BERYLSF1,-7.066425530219398,Ex-post DWA
2024-03-03,BERYLSF1,-95.73680930319154,Ex-post DWA
2024-03-10,BERYLSF1,-3.071481398882568,Ex-post DWA
2024-03-17,BERYLSF1,-0.3336311600526898,Ex-post DWA
2024-03-24,BERYLSF1,-6.509630811036239,Ex-post DWA
2024-03-31,BERYLSF1,-2.3577176767835937,Ex-post DWA
2024-04-07,BERYLSF1,-4.640039611740832,Ex-post DWA
2024-04-14,BERYLSF1,-4.692269578639333,Ex-post DWA
2024-04-21,BERYLSF1,-2.2997660630422345,Ex-post DWA
2024-04-28,BERYLSF1,-0.08859110005392523,Ex-post DWA
2024-05-05,BERYLSF1,2.3782247835100776,Ex-post DWA
2024-05-12,BERYLSF1,76.11494581957777,Ex-post DWA
2024-05-19,BERYLSF1,-2.891452052536266,Ex-post DWA
2024-05-26,BERYLSF1,1.8730229519457993,Ex-post DWA
2024-06-02,BERYLSF1,-10.462195303311567,Ex-post DWA
2024-06-09,BERYLSF1,-10.657835315833829,Ex-post DWA
2024-06-16,BERYLSF1,2.7570447582385924,Ex-post DWA
2024-06-23,BERYLSF1,-5.355956262522824,Ex-post DWA
2024-06-30,BERYLSF1,-0.7741744270150619,Ex-post DWA
2024-07-07,BERYLSF1,1.5742130767876006,Ex-post DWA
2024-07-14,BERYLSF1,4.0156805849048,Ex-post DWA
2024-07-21,BERYLSF1,-3.3168823173329613,Ex-post DWA
2024-07-28,BERYLSF1,-8.03613731950334,Ex-post DWA
2024-08-04,BERYLSF1,-3.2574660841330996,Ex-post DWA
2024-08-11,BERYLSF1,-106.41377868108832,Ex-post DWA
2024-08-18,BERYLSF1,-12.557592058746266,Ex-post DWA
2024-08-25,BERYLSF1,-2.2590172369368986,Ex-post DWA
2024-09-01,BERYLSF1,16.239415354525143,Ex-post DWA
2024-09-08,BERYLSF1,7.274626002148866,Ex-post DWA
2024-09-15,BERYLSF1,7.157842638511855,Ex-post DWA
2024-09-22,BERYLSF1,8.515034151836787,Ex-post DWA
2024-09-29,BERYLSF1,4.053988405896735,Ex-post DWA
2024-10-06,BERYLSF1,0.9889396731753912,Ex-post DWA
2024-10-13,BERYLSF1,0.60470218355443,Ex-post DWA
2024-10-20,BERYLSF1,-16.529491671179315,Ex-post DWA
2024-10-27,BERYLSF1,-4.147385132080899,Ex-post DWA
2024-11-03,BERYLSF1,-0.9270574087509473,Ex-post DWA
2024-11-10,BERYLSF1,-27.10682279131791,Ex-post DWA
2024-11-17,BERYLSF1,-3.721934670597875,Ex-post DWA
2024-11-24,BERYLSF1,-9.723803022445054,Ex-post DWA
2024-12-01,BERYLSF1,-120.58479629420125,Ex-post DWA
2024-12-08,BERYLSF1,-33.01077556572838,Ex-post DWA
2024-12-15,BERYLSF1,-7.817678842747753,Ex-post DWA
2024-12-22,BERYLSF1,1.4390001951203004,Ex-post DWA
2024-12-29,BERYLSF1,-0.6932519671888588,Ex-post DWA
2025-01-05,BERYLSF1,-1.1245710500690649,Ex-post DWA
2020-01-05,BROKENH1,-287.7835102410314,Ex-post DWA
2020-01-12,BROKENH1,0.23560845783845963,Ex-post DWA
2020-01-19,BROKENH1,0.5234532562420711,Ex-post DWA
2020-01-26,BROKENH1,20.43222952356794,Ex-post DWA
2020-02-02,BROKENH1,1.2574285715928113,Ex-post DWA
2020-02-09,BROKENH1,-0.9305773760386629,Ex-post DWA
2020-02-16,BROKENH1,0.8623612205252869,Ex-post DWA
2020-02-23,BROKENH1,0.9948186011891806,Ex-post DWA
2020-03-01,BROKENH1,0.2430786656678663,Ex-post DWA
2020-03-08,BROKENH1,-0.5573621640140516,Ex-post DWA
2020-03-15,BROKENH1,-0.7136161346164656,Ex-post DWA
2020-03-22,BROKENH1,0.5611283681851802,Ex-post DWA
2020-03-29,BROKENH1,-0.0171168853178969,Ex-post DWA
2020-04-05,BROKENH1,0.09749737928549962,Ex-post DWA
2020-04-12,BROKENH1,-0.2566087818438447,Ex-post DWA
2020-04-19,BROKENH1,-0.43709290892356023,Ex-post DWA
2020-04-26,BROKENH1,-0.6495247668729718,Ex-post DWA
2020-05-03,BROKENH1,-0.311473736960707,Ex-post DWA
2020-05-10,BROKENH1,-1.0569196592695889,Ex-post DWA
2020-05-17,BROKENH1,-0.3251232956681136,Ex-post DWA
2020-05-24,BROKENH1,0.4769378886553852,Ex-post DWA
2020-05-31,BROKENH1,-0.7787770948466104,Ex-post DWA
2020-06-07,BROKENH1,-0.9134607124046923,Ex-post DWA
2020-06-14,BROKENH1,0.5655732464672312,Ex-post DWA
2020-06-21,BROKENH1,-0.39907979240422975,Ex-post DWA
2020-06-28,BROKENH1,0.3602297505926444,Ex-post DWA
2020-07-05,BROKENH1,-0.08529924377353382,Ex-post DWA
2020-07-12,BROKENH1,0.8561820835156198,Ex-post DWA
2020-07-19,BROKENH1,-0.10397950417925728,Ex-post DWA
2020-07-26,BROKENH1,0.44169560116702655,Ex-post DWA
2020-08-02,BROKENH1,0.620503298618658,Ex-post DWA
2020-08-09,BROKENH1,1.2016734066114552,Ex-post DWA
2020-08-16,BROKENH1,3.736602424859562,Ex-post DWA
2020-08-23,BROKENH1,-0.21749725544006537,Ex-post DWA
2020-08-30,BROKENH1,-1.6411386233479348,Ex-post DWA
2020-09-06,BROKENH1,0.5298646179148392,Ex-post DWA
2020-09-13,BROKENH1,0.22242402192774335,Ex-post DWA
2020-09-20,BROKENH1,-0.8486648132107177,Ex-post DWA
2020-09-27,BROKENH1,-1.1422822955969174,Ex-post DWA
2020-10-04,BROKENH1,-0.8339754960618322,Ex-post DWA
2020-10-11,BROKENH1,-4.6613392743259325,Ex-post DWA
2020-10-18,BROKENH1,-0.10368378210253582,Ex-post DWA
2020-10-25,BROKENH1,-5.998663595526573,Ex-post DWA
2020-11-01,BROKENH1,1.2539559976713832,Ex-post DWA
2020-11-08,BROKENH1,-2.623693593320546,Ex-post DWA
2020-11-15,BROKENH1,-0.5902310865644864,Ex-post DWA
2020-11-22,BROKENH1,12.568820989327975,Ex-post DWA
2020-11-29,BROKENH1,-7.465072503494284,Ex-post DWA
2020-12-06,BROKENH1,-12.702604935137757,Ex-post DWA
2020-12-13,BROKENH1,-0.646360335074732,Ex-post DWA
2020-12-20,BROKENH1,64.51850004116224,Ex-post DWA
2020-12-27,BROKENH1,0.21371333322148445,Ex-post DWA
2021-01-03,BROKENH1,0.161671381914541,Ex-post DWA
2021-01-10,BROKENH1,0.10608473733073964,Ex-post DWA
2021-01-17,BROKENH1,1.364313218058058,Ex-post DWA
2021-01-24,BROKENH1,-0.31112639414310195,Ex-post DWA
2021-01-31,BROKENH1,-0.4565326035775854,Ex-post DWA
2021-02-07,BROKENH1,0.3793497154862777,Ex-post DWA
2021-02-14,BROKENH1,-0.05042746767645667,Ex-post DWA
2021-02-21,BROKENH1,0.044619131700628145,Ex-post DWA
2021-02-28,BROKENH1,-0.2704457668747544,Ex-post DWA
2021-03-07,BROKENH1,-0.7684373668248625,Ex-post DWA
2021-03-14,BROKENH1,0.1072699582965555,Ex-post DWA
2021-03-21,BROKENH1,0.4232115422361957,Ex-post DWA
2021-03-28,BROKENH1,3.0376086040013632,Ex-post DWA
2021-04-04,BROKENH1,-0.30265571790700463,Ex-post DWA
2021-04-11,BROKENH1,-1.2022745627559033,Ex-post DWA
2021-04-18,BROKENH1,0.3381075789753112,Ex-post DWA
2021-04-25,BROKENH1,-0.5646967648171994,Ex-post DWA
2021-05-02,BROKENH1,-2.1747544406331514,Ex-post DWA
2021-05-09,BROKENH1,2.4475788727151695,Ex-post DWA
2021-05-16,BROKENH1,2.2625710451199055,Ex-post DWA
2021-05-23,BROKENH1,12.483607030972614,Ex-post DWA
2021-05-30,BROKENH1,7.962846316295625,Ex-post DWA
2021-06-06,BROKENH1,23.28752251858367,Ex-post DWA
2021-06-13,BROKENH1,-5.013028833309214,Ex-post DWA
2021-06-20,BROKENH1,-8.38641743895586,Ex-post DWA
2021-06-27,BROKENH1,-5.9561255155532535,Ex-post DWA
2021-07-04,BROKENH1,5.394443119849775,Ex-post DWA
2021-07-11,BROKENH1,9.585956819085368,Ex-post DWA
2021-07-18,BROKENH1,62.77172899180469,Ex-post DWA
2021-07-25,BROKENH1,-29.58889487001096,Ex-post DWA
2021-08-01,BROKENH1,-0.03391608116212552,Ex-post DWA
2021-08-08,BROKENH1,-0.5183895061876527,Ex-post DWA
2021-08-15,BROKENH1,-5.996979055807682,Ex-post DWA
2021-08-22,BROKENH1,-5.683789246564139,Ex-post DWA
2021-08-29,BROKENH1,-0.417362387910039,Ex-post DWA
2021-09-05,BROKENH1,2.5734185313657925,Ex-post DWA
2021-09-12,BROKENH1,-4.142809114616422,Ex-post DWA
2021-09-19,BROKENH1,8.630549675255331,Ex-post DWA
2021-09-26,BROKENH1,-4.014429233412265,Ex-post DWA
2021-10-03,BROKENH1,-0.6302886238807588,Ex-post DWA
2021-10-10,BROKENH1,-9.699363712158947,Ex-post DWA
2021-10-17,BROKENH1,-0.45710428371054945,Ex-post DWA
2021-10-24,BROKENH1,-1.737262510003582,Ex-post DWA
2021-10-31,BROKENH1,3.084767264928935,Ex-post DWA
2021-11-07,BROKENH1,-5.342457446504653,Ex-post DWA
2021-11-14,BROKENH1,-4.972714685306848,Ex-post DWA
2021-11-21,BROKENH1,-16.589371752409036,Ex-post DWA
2021-11-28,BROKENH1,-6.078829857705799,Ex-post DWA
2021-12-05,BROKENH1,10.472841115960655,Ex-post DWA
2021-12-12,BROKENH1,3.4784109994640744,Ex-post DWA
2021-12-19,BROKENH1,2.9605421179450673,Ex-post DWA
2021-12-26,BROKENH1,2.1195062457795757,Ex-post DWA
2022-01-02,BROKENH1,-0.542624721091137,Ex-post DWA
2022-01-09,BROKENH1,1.8121532198618695,Ex-post DWA
2022-01-16,BROKENH1,4.247152885230221,Ex-post DWA
2022-01-23,BROKENH1,-1.354450302161851,Ex-post DWA
2022-01-30,BROKENH1,0.35357355865167506,Ex-post DWA
2022-02-06,BROKENH1,-7.1658848998501625,Ex-post DWA
2022-02-13,BROKENH1,1.3910335101074125,Ex-post DWA
2022-02-20,BROKENH1,1.941372152354191,Ex-post DWA
2022-02-27,BROKENH1,4.174976418366725,Ex-post DWA
2022-03-06,BROKENH1,1.4196493622277728,Ex-post DWA
2022-03-13,BROKENH1,1.7365511464059722,Ex-post DWA
2022-03-20,BROKENH1,3.8136269490040746,Ex-post DWA
2022-03-27,BROKENH1,0.81689435975332,Ex-post DWA
2022-04-03,BROKENH1,1.6066438672883407,Ex-post DWA
2022-04-10,BROKENH1,16.991921555287632,Ex-post DWA
2022-04-17,BROKENH1,7.009008141977247,Ex-post DWA
2022-04-24,BROKENH1,14.723133902277539,Ex-post DWA
2022-05-01,BROKENH1,6.32070688319547,Ex-post DWA
2022-05-08,BROKENH1,7.028218472328291,Ex-post DWA
2022-05-15,BROKENH1,-0.543611996027721,Ex-post DWA
2022-05-22,BROKENH1,-10.207103432882093,Ex-post DWA
2022-05-29,BROKENH1,-3.176821760791711,Ex-post DWA
2022-06-05,BROKENH1,-7.881671150905788,Ex-post DWA
2022-06-12,BROKENH1,9.280620621756157,Ex-post DWA
2022-06-19,BROKENH1,6.754164129733908,Ex-post DWA
2022-06-26,BROKENH1,0.6830127824762826,Ex-post DWA
2022-07-03,BROKENH1,-3.532115162922139,Ex-post DWA
2022-07-10,BROKENH1,3.708308914453255,Ex-post DWA
2022-07-17,BROKENH1,-8.609662351861004,Ex-post DWA
2022-07-24,BROKENH1,-33.336285098999184,Ex-post DWA
2022-07-31,BROKENH1,19.372295566121636,Ex-post DWA
2022-08-07,BROKENH1,2.1740803518022602,Ex-post DWA
2022-08-14,BROKENH1,6.411770637117243,Ex-post DWA
2022-08-21,BROKENH1,-1.8139763812953902,Ex-post DWA
2022-08-28,BROKENH1,-4.456550258889777,Ex-post DWA
2022-09-04,BROKENH1,-0.9072767246179438,Ex-post DWA
2022-09-11,BROKENH1,-6.316027322383505,Ex-post DWA
2022-09-18,BROKENH1,3.1141579367344434,Ex-post DWA
2022-09-25,BROKENH1,0.7333794359126813,Ex-post DWA
2022-10-02,BROKENH1,3.705739344678719,Ex-post DWA
2022-10-09,BROKENH1,27.23559226997989,Ex-post DWA
2022-10-16,BROKENH1,-5.23936885963748,Ex-post DWA
2022-10-23,BROKENH1,3.3374079707132296,Ex-post DWA
2022-10-30,BROKENH1,-16.42819823183919,Ex-post DWA
2022-11-06,BROKENH1,3.58950857765182,Ex-post DWA
2022-11-13,BROKENH1,-0.5743108070049061,Ex-post DWA
2022-11-20,BROKENH1,-11.09975139265373,Ex-post DWA
2022-11-27,BROKENH1,-17.58486721902898,Ex-post DWA
2022-12-04,BROKENH1,-2.157310622176979,Ex-post DWA
2022-12-11,BROKENH1,-3.4792864202044314,Ex-post DWA
2022-12-18,BROKENH1,1.331180526616059,Ex-post DWA
2022-12-25,BROKENH1,-1.6271044213453507,Ex-post DWA
2023-01-01,BROKENH1,1.6382441275132607,Ex-post DWA
2023-01-08,BROKENH1,6.328673606847637,Ex-post DWA
2023-01-15,BROKENH1,-4.498907805029432,Ex-post DWA
2023-01-22,BROKENH1,-5.409815249407728,Ex-post DWA
2023-01-29,BROKENH1,0.2808624946458167,Ex-post DWA
2023-02-05,BROKENH1,-10.462074026446842,Ex-post DWA
2023-02-12,BROKENH1,0.9141978870720067,Ex-post DWA
2023-02-19,BROKENH1,5.052721852126183,Ex-post DWA
2023-02-26,BROKENH1,-4.72709825194751,Ex-post DWA
2023-03-05,BROKENH1,-10.42308614714851,Ex-post DWA
2023-03-12,BROKENH1,4.201263561620948,Ex-post DWA
2023-03-19,BROKENH1,8.909192939156824,Ex-post DWA
2023-03-26,BROKENH1,1.666686917093557,Ex-post DWA
2023-04-02,BROKENH1,35.8580707999519,Ex-post DWA
2023-04-09,BROKENH1,-14.959106090639892,Ex-post DWA
2023-04-16,BROKENH1,2.7342771446848673,Ex-post DWA
2023-04-23,BROKENH1,3.880922474711852,Ex-post DWA
2023-04-30,BROKENH1,14.016315063710977,Ex-post DWA
2023-05-07,BROKENH1,4.666306132969481,Ex-post DWA
2023-05-14,BROKENH1,0.6017822833593982,Ex-post DWA
2023-05-21,BROKENH1,10.605615391749609,Ex-post DWA
2023-05-28,BROKENH1,0.6024800310455163,Ex-post DWA
2023-06-04,BROKENH1,3.293283463589347,Ex-post DWA
2023-06-11,BROKENH1,10.356385047103117,Ex-post DWA
2023-06-18,BROKENH1,10.386577891189575,Ex-post DWA
2023-06-25,BROKENH1,-11.953297466627667,Ex-post DWA
2023-07-02,BROKENH1,-2.962218913923536,Ex-post DWA
2023-07-09,BROKENH1,-19.693303811002647,Ex-post DWA
2023-07-16,BROKENH1,-0.2899109473229373,Ex-post DWA
2023-07-23,BROKENH1,1.4691449260487914,Ex-post DWA
2023-07-30,BROKENH1,-1.6763927041085438,Ex-post DWA
2023-08-06,BROKENH1,4.923971364506947,Ex-post DWA
2023-08-13,BROKENH1,5.019333223603191,Ex-post DWA
2023-08-20,BROKENH1,-6.805915334668903,Ex-post DWA
2023-08-27,BROKENH1,-4.344241596404,Ex-post DWA
2023-09-03,BROKENH1,-2.6263471795871887,Ex-post DWA
2023-09-10,BROKENH1,5.777501959322278,Ex-post DWA
2023-09-17,BROKENH1,-9.662618181617486,Ex-post DWA
2023-09-24,BROKENH1,3.477682077305566,Ex-post DWA
2023-10-01,BROKENH1,-8.41286259648075,Ex-post DWA
2023-10-08,BROKENH1,-10.704190874547496,Ex-post DWA
2023-10-15,BROKENH1,-13.015911417100867,Ex-post DWA
2023-10-22,BROKENH1,-3.2655525705099127,Ex-post DWA
2023-10-29,BROKENH1,3.0545208342776196,Ex-post DWA
2023-11-05,BROKENH1,-18.881624805054138,Ex-post DWA
2023-11-12,BROKENH1,-17.061837285166035,Ex-post DWA
2023-11-19,BROKENH1,-9.667264045745497,Ex-post DWA
2023-11-26,BROKENH1,5.651629741484804,Ex-post DWA
2023-12-03,BROKENH1,-0.7127527562672142,Ex-post DWA
2023-12-10,BROKENH1,20.36348796009051,Ex-post DWA
2023-12-17,BROKENH1,2.2177539202709653,Ex-post DWA
2023-12-24,BROKENH1,-2.3691423487278485,Ex-post DWA
2023-12-31,BROKENH1,-1.1278684565527737,Ex-post DWA
2024-01-07,BROKENH1,2.510926045576795,Ex-post DWA
2024-01-14,BROKENH1,-0.4398892429933099,Ex-post DWA
2024-01-21,BROKENH1,-17.778291291166056,Ex-post DWA
2024-01-28,BROKENH1,0.7196617113632868,Ex-post DWA
2024-02-04,BROKENH1,-9.093119874333127,Ex-post DWA
2024-02-11,BROKENH1,11.864717479692366,Ex-post DWA
2024-02-18,BROKENH1,0.910859818823404,Ex-post DWA
2024-02-25,BROKENH1,-14.738503151392877,Ex-post DWA
2024-03-03,BROKENH1,85.46048330801705,Ex-post DWA
2024-03-10,BROKENH1,-1.7318498276366014,Ex-post DWA
2024-03-17,BROKENH1,10.949365804019472,Ex-post DWA
2024-03-24,BROKENH1,-1.0651471816286389,Ex-post DWA
2024-03-31,BROKENH1,1.179258035337071,Ex-post DWA
2024-04-07,BROKENH1,6.72786096242023,Ex-post DWA
2024-04-14,BROKENH1,7.190126839036541,Ex-post DWA
2024-04-21,BROKENH1,4.9412769405411865,Ex-post DWA
2024-04-28,BROKENH1,-0.4047343324896211,Ex-post DWA
2024-05-05,BROKENH1,8.074460896123384,Ex-post DWA
2024-05-12,BROKENH1,-46.30465896641567,Ex-post DWA
2024-05-19,BROKENH1,3.124788969297626,Ex-post DWA
2024-05-26,BROKENH1,-2.574512716757795,Ex-post DWA
2024-06-02,BROKENH1,2.9169414477653817,Ex-post DWA
2024-06-09,BROKENH1,5.567490205029586,Ex-post DWA
2024-06-16,BROKENH1,12.018014337547214,Ex-post DWA
2024-06-23,BROKENH1,12.337214606808658,Ex-post DWA
2024-06-30,BROKENH1,-7.246999394866975,Ex-post DWA
2024-07-07,BROKENH1,2.284851714899503,Ex-post DWA
2024-07-14,BROKENH1,17.80214118790235,Ex-post DWA
2024-07-21,BROKENH1,-0.33066026305895946,Ex-post DWA
2024-07-28,BROKENH1,8.073492627413827,Ex-post DWA
2024-08-04,BROKENH1,1.4526108050145012,Ex-post DWA
2024-08-11,BROKENH1,-69.81367033758606,Ex-post DWA
2024-08-18,BROKENH1,2.928273942197521,Ex-post DWA
2024-08-25,BROKENH1,4.407247388711074,Ex-post DWA
2024-09-01,BROKENH1,2.522145813955891,Ex-post DWA
2024-09-08,BROKENH1,-1.890191351741319,Ex-post DWA
2024-09-15,BROKENH1,-7.834782303153638,Ex-post DWA
2024-09-22,BROKENH1,90.19987186674078,Ex-post DWA
2024-09-29,BROKENH1,-5.138043668288734,Ex-post DWA
2024-10-06,BROKENH1,-11.592535666172868,Ex-post DWA
2024-10-13,BROKENH1,-17.363284820146937,Ex-post DWA
2024-10-20,BROKENH1,33.15606063603801,Ex-post DWA
2024-10-27,BROKENH1,,Ex-post DWA
2024-11-03,BROKENH1,-27.892300215320596,Ex-post DWA
2024-11-10,BROKENH1,0.262957874801117,Ex-post DWA
2024-11-17,BROKENH1,-9.858412864364894,Ex-post DWA
2024-11-24,BROKENH1,-12.075788673451441,Ex-post DWA
2024-12-01,BROKENH1,224.03898421449082,Ex-post DWA
2024-12-08,BROKENH1,-45.99035182627378,Ex-post DWA
2024-12-15,BROKENH1,-20.012880068881856,Ex-post DWA
2024-12-22,BROKENH1,-23.79866319630581,Ex-post DWA
2024-12-29,BROKENH1,-12.39669180419832,Ex-post DWA
2025-01-05,BROKENH1,6.359911778284172,Ex-post DWA
2020-01-05,COLEASF1,-205.66682117723738,Ex-post DWA
2020-01-12,COLEASF1,0.4546645221252916,Ex-post DWA
2020-01-19,COLEASF1,-0.3195772941849526,Ex-post DWA
2020-01-26,COLEASF1,14.361028658772327,Ex-post DWA
2020-02-02,COLEASF1,83.36908170358822,Ex-post DWA
2020-02-09,COLEASF1,1.0102913756995662,Ex-post DWA
2020-02-16,COLEASF1,0.07657611136627196,Ex-post DWA
2020-02-23,COLEASF1,-0.051470827013233134,Ex-post DWA
2020-03-01,COLEASF1,0.8988446343880128,Ex-post DWA
2020-03-08,COLEASF1,-0.4058730842599729,Ex-post DWA
2020-03-15,COLEASF1,0.3893735949661945,Ex-post DWA
2020-03-22,COLEASF1,-0.1874041685768688,Ex-post DWA
2020-03-29,COLEASF1,0.2122915751480221,Ex-post DWA
2020-04-05,COLEASF1,3.440030270627709,Ex-post DWA
2020-04-12,COLEASF1,0.8210926792684532,Ex-post DWA
2020-04-19,COLEASF1,0.4284400613851176,Ex-post DWA
2020-04-26,COLEASF1,0.8172804958700581,Ex-post DWA
2020-05-03,COLEASF1,0.3502047132159376,Ex-post DWA
2020-05-10,COLEASF1,0.04287613167376847,Ex-post DWA
2020-05-17,COLEASF1,0.2621551976423788,Ex-post DWA
2020-05-24,COLEASF1,-0.9513252229285243,Ex-post DWA
2020-05-31,COLEASF1,3.047347852709329,Ex-post DWA
2020-06-07,COLEASF1,,Ex-post DWA
2020-06-14,COLEASF1,,Ex-post DWA
2020-06-21,COLEASF1,-1.8256316931671748,Ex-post DWA
2020-06-28,COLEASF1,-0.937310483100724,Ex-post DWA
2020-07-05,COLEASF1,0.1890698692271684,Ex-post DWA
2020-07-12,COLEASF1,0.0380074366789529,Ex-post DWA
2020-07-19,COLEASF1,-0.1670819401345156,Ex-post DWA
2020-07-26,COLEASF1,-1.0923296265426075,Ex-post DWA
2020-08-02,COLEASF1,-0.07888448605839926,Ex-post DWA
2020-08-09,COLEASF1,-0.6644807698713038,Ex-post DWA
2020-08-16,COLEASF1,-0.2625866436188815,Ex-post DWA
2020-08-23,COLEASF1,0.8009935715579033,Ex-post DWA
2020-08-30,COLEASF1,-7.044454940968599,Ex-post DWA
2020-09-06,COLEASF1,0.6826293261267011,Ex-post DWA
2020-09-13,COLEASF1,0.22583924132577948,Ex-post DWA
2020-09-20,COLEASF1,0.25663701349314394,Ex-post DWA
2020-09-27,COLEASF1,-0.24181093771723994,Ex-post DWA
2020-10-04,COLEASF1,0.22253082916522615,Ex-post DWA
2020-10-11,COLEASF1,-6.148414440391754,Ex-post DWA
2020-10-18,COLEASF1,-0.4243379197522401,Ex-post DWA
2020-10-25,COLEASF1,1.7486607147345765,Ex-post DWA
2020-11-01,COLEASF1,-0.09452040465725275,Ex-post DWA
2020-11-08,COLEASF1,1.5725200212831112,Ex-post DWA
2020-11-15,COLEASF1,0.7477850449962986,Ex-post DWA
2020-11-22,COLEASF1,-16.666356488776614,Ex-post DWA
2020-11-29,COLEASF1,7.631901003661419,Ex-post DWA
2020-12-06,COLEASF1,1.9097717553746847,Ex-post DWA
2020-12-13,COLEASF1,0.16691453045716997,Ex-post DWA
2020-12-20,COLEASF1,-20.12411835392396,Ex-post DWA
2020-12-27,COLEASF1,0.03316358521614404,Ex-post DWA
2021-01-03,COLEASF1,0.27916842845669265,Ex-post DWA
2021-01-10,COLEASF1,0.21916671836500967,Ex-post DWA
2021-01-17,COLEASF1,0.6284864484834785,Ex-post DWA
2021-01-24,COLEASF1,-1.0159095805960447,Ex-post DWA
2021-01-31,COLEASF1,-0.6929599522576098,Ex-post DWA
2021-02-07,COLEASF1,-0.5576155294793423,Ex-post DWA
2021-02-14,COLEASF1,0.1964780914483697,Ex-post DWA
2021-02-21,COLEASF1,-0.28861912836627823,Ex-post DWA
2021-02-28,COLEASF1,-0.005646658498054791,Ex-post DWA
2021-03-07,COLEASF1,0.35223431664386595,Ex-post DWA
2021-03-14,COLEASF1,-0.4509261824805577,Ex-post DWA
2021-03-21,COLEASF1,-0.0002319168407254324,Ex-post DWA
2021-03-28,COLEASF1,-0.12162926990611567,Ex-post DWA
2021-04-04,COLEASF1,-0.05908891800763527,Ex-post DWA
2021-04-11,COLEASF1,-0.1479202743512502,Ex-post DWA
2021-04-18,COLEASF1,0.05634584349920857,Ex-post DWA
2021-04-25,COLEASF1,-2.2256181322065274,Ex-post DWA
2021-05-02,COLEASF1,-0.8450616309300116,Ex-post DWA
2021-05-09,COLEASF1,0.6541820778570084,Ex-post DWA
2021-05-16,COLEASF1,-0.2556107935835854,Ex-post DWA
2021-05-23,COLEASF1,-4.631584513750397,Ex-post DWA
2021-05-30,COLEASF1,-3.955785817539237,Ex-post DWA
2021-06-06,COLEASF1,2.4908457839489557,Ex-post DWA
2021-06-13,COLEASF1,-7.092934273509968,Ex-post DWA
2021-06-20,COLEASF1,-14.316427285128043,Ex-post DWA
2021-06-27,COLEASF1,-2.0948571463018766,Ex-post DWA
2021-07-04,COLEASF1,-4.025152135348904,Ex-post DWA
2021-07-11,COLEASF1,14.69294240248729,Ex-post DWA
2021-07-18,COLEASF1,-5.064656120997498,Ex-post DWA
2021-07-25,COLEASF1,1.6352872544457142,Ex-post DWA
2021-08-01,COLEASF1,-1.5605261307165392,Ex-post DWA
2021-08-08,COLEASF1,0.18100769294790098,Ex-post DWA
2021-08-15,COLEASF1,0.6471997452995488,Ex-post DWA
2021-08-22,COLEASF1,-2.419403939170241,Ex-post DWA
2021-08-29,COLEASF1,-0.26305556778269334,Ex-post DWA
2021-09-05,COLEASF1,-0.07322480934270104,Ex-post DWA
2021-09-12,COLEASF1,4.7599568215309045,Ex-post DWA
2021-09-19,COLEASF1,-7.730064964849465,Ex-post DWA
2021-09-26,COLEASF1,0.9235880975295281,Ex-post DWA
2021-10-03,COLEASF1,0.06158792377637923,Ex-post DWA
2021-10-10,COLEASF1,-4.1393559691423745,Ex-post DWA
2021-10-17,COLEASF1,1.8622016587183552,Ex-post DWA
2021-10-24,COLEASF1,-0.12035155347947324,Ex-post DWA
2021-10-31,COLEASF1,-1.422172702426053,Ex-post DWA
2021-11-07,COLEASF1,-1.8079732083190834,Ex-post DWA
2021-11-14,COLEASF1,10.848882885026384,Ex-post DWA
2021-11-21,COLEASF1,-24.946248204960845,Ex-post DWA
2021-11-28,COLEASF1,-11.495196647051003,Ex-post DWA
2021-12-05,COLEASF1,-1.1344637087319285,Ex-post DWA
2021-12-12,COLEASF1,-0.44985063160243044,Ex-post DWA
2021-12-19,COLEASF1,-0.26498533676295466,Ex-post DWA
2021-12-26,COLEASF1,0.7984831247790112,Ex-post DWA
2022-01-02,COLEASF1,3.0956367330625625,Ex-post DWA
2022-01-09,COLEASF1,-1.8601484784207258,Ex-post DWA
2022-01-16,COLEASF1,-0.33479503294273627,Ex-post DWA
2022-01-23,COLEASF1,-0.9783850816497122,Ex-post DWA
2022-01-30,COLEASF1,0.1719039138734928,Ex-post DWA
2022-02-06,COLEASF1,-0.9458975191593737,Ex-post DWA
2022-02-13,COLEASF1,0.6570453807054619,Ex-post DWA
2022-02-20,COLEASF1,2.7341742464809045,Ex-post DWA
2022-02-27,COLEASF1,5.316253624603348,Ex-post DWA
2022-03-06,COLEASF1,-1.4908890951405311,Ex-post DWA
2022-03-13,COLEASF1,0.9911979474046433,Ex-post DWA
2022-03-20,COLEASF1,-0.19206430012364706,Ex-post DWA
2022-03-27,COLEASF1,-0.31523262953710685,Ex-post DWA
2022-04-03,COLEASF1,-1.2775991633116206,Ex-post DWA
2022-04-10,COLEASF1,-3.6074195672960343,Ex-post DWA
2022-04-17,COLEASF1,-3.3273969819215523,Ex-post DWA
2022-04-24,COLEASF1,-3.3131617503822213,Ex-post DWA
2022-05-01,COLEASF1,-8.020298665458427,Ex-post DWA
2022-05-08,COLEASF1,0.2387624582526655,Ex-post DWA
2022-05-15,COLEASF1,2.0082095441000547,Ex-post DWA
2022-05-22,COLEASF1,7.61147958390427,Ex-post DWA
2022-05-29,COLEASF1,-2.28853247052632,Ex-post DWA
2022-06-05,COLEASF1,-11.580811460747384,Ex-post DWA
2022-06-12,COLEASF1,-3.3312049867842006,Ex-post DWA
2022-06-19,COLEASF1,25.702945224192433,Ex-post DWA
2022-06-26,COLEASF1,-10.309550320705569,Ex-post DWA
2022-07-03,COLEASF1,-2.9161660369645688,Ex-post DWA
2022-07-10,COLEASF1,-23.417498213865485,Ex-post DWA
2022-07-17,COLEASF1,-2.305600776274673,Ex-post DWA
2022-07-24,COLEASF1,5.145701843946682,Ex-post DWA
2022-07-31,COLEASF1,-19.327481214625493,Ex-post DWA
2022-08-07,COLEASF1,1.8590298871349944,Ex-post DWA
2022-08-14,COLEASF1,6.076183193538341,Ex-post DWA
2022-08-21,COLEASF1,3.5234998084590643,Ex-post DWA
2022-08-28,COLEASF1,2.5759580635163957,Ex-post DWA
2022-09-04,COLEASF1,8.436462097199794,Ex-post DWA
2022-09-11,COLEASF1,-3.140825340861113,Ex-post DWA
2022-09-18,COLEASF1,4.936000897395132,Ex-post DWA
2022-09-25,COLEASF1,-8.503609333093003,Ex-post DWA
2022-10-02,COLEASF1,-6.76716180188383,Ex-post DWA
2022-10-09,COLEASF1,7.8699836657396105,Ex-post DWA
2022-10-16,COLEASF1,-3.4506357071169873,Ex-post DWA
2022-10-23,COLEASF1,4.067715596598617,Ex-post DWA
2022-10-30,COLEASF1,-47.60881795251744,Ex-post DWA
2022-11-06,COLEASF1,-4.322246493646318,Ex-post DWA
2022-11-13,COLEASF1,-4.1625767177717705,Ex-post DWA
2022-11-20,COLEASF1,-1.9313681096148372,Ex-post DWA
2022-11-27,COLEASF1,4.360343175985122,Ex-post DWA
2022-12-04,COLEASF1,-0.9322667914021991,Ex-post DWA
2022-12-11,COLEASF1,1.0894460026331245,Ex-post DWA
2022-12-18,COLEASF1,8.57588018434614,Ex-post DWA
2022-12-25,COLEASF1,-0.9573475081740526,Ex-post DWA
2023-01-01,COLEASF1,-2.053962065420926,Ex-post DWA
2023-01-08,COLEASF1,1.0271623514303556,Ex-post DWA
2023-01-15,COLEASF1,-1.6179382292907434,Ex-post DWA
2023-01-22,COLEASF1,-1.134119408695767,Ex-post DWA
2023-01-29,COLEASF1,-3.776564788638879,Ex-post DWA
2023-02-05,COLEASF1,4.69415439306168,Ex-post DWA
2023-02-12,COLEASF1,1.811024718224246,Ex-post DWA
2023-02-19,COLEASF1,-0.6648578404073646,Ex-post DWA
2023-02-26,COLEASF1,-0.989437866636699,Ex-post DWA
2023-03-05,COLEASF1,0.6417420358953763,Ex-post DWA
2023-03-12,COLEASF1,-0.14628241817858623,Ex-post DWA
2023-03-19,COLEASF1,7.209869344708409,Ex-post DWA
2023-03-26,COLEASF1,-2.4859395599735024,Ex-post DWA
2023-04-02,COLEASF1,-0.07853843003843508,Ex-post DWA
2023-04-09,COLEASF1,-12.456927742899595,Ex-post DWA
2023-04-16,COLEASF1,0.8184575581161866,Ex-post DWA
2023-04-23,COLEASF1,1.1903467453995091,Ex-post DWA
2023-04-30,COLEASF1,-2.2757241675167847,Ex-post DWA
2023-05-07,COLEASF1,-4.557016774922857,Ex-post DWA
2023-05-14,COLEASF1,-3.1299594932721106,Ex-post DWA
2023-05-21,COLEASF1,4.839371342403098,Ex-post DWA
2023-05-28,COLEASF1,-1.0878141471360863,Ex-post DWA
2023-06-04,COLEASF1,-3.386662474142682,Ex-post DWA
2023-06-11,COLEASF1,3.6341889043406184,Ex-post DWA
2023-06-18,COLEASF1,-1.9923674951825632,Ex-post DWA
2023-06-25,COLEASF1,-2.852049632628699,Ex-post DWA
2023-07-02,COLEASF1,-4.572588812944261,Ex-post DWA
2023-07-09,COLEASF1,-1.1887003964253253,Ex-post DWA
2023-07-16,COLEASF1,-0.3175757978820428,Ex-post DWA
2023-07-23,COLEASF1,-0.9892019899422806,Ex-post DWA
2023-07-30,COLEASF1,-5.242810251571548,Ex-post DWA
2023-08-06,COLEASF1,0.7221358275276017,Ex-post DWA
2023-08-13,COLEASF1,0.04028274017235134,Ex-post DWA
2023-08-20,COLEASF1,-4.207304954023783,Ex-post DWA
2023-08-27,COLEASF1,1.2949712260516861,Ex-post DWA
2023-09-03,COLEASF1,-2.010070039509621,Ex-post DWA
2023-09-10,COLEASF1,-6.235495513769719,Ex-post DWA
2023-09-17,COLEASF1,-8.267320492979824,Ex-post DWA
2023-09-24,COLEASF1,-2.7179792321236533,Ex-post DWA
2023-10-01,COLEASF1,-10.61708666896138,Ex-post DWA
2023-10-08,COLEASF1,-20.86637695717569,Ex-post DWA
2023-10-15,COLEASF1,-18.336759551089227,Ex-post DWA
2023-10-22,COLEASF1,-1.5044211495772242,Ex-post DWA
2023-10-29,COLEASF1,-7.423966279110336,Ex-post DWA
2023-11-05,COLEASF1,-0.27460907815314783,Ex-post DWA
2023-11-12,COLEASF1,8.669394766726526,Ex-post DWA
2023-11-19,COLEASF1,7.692639063165686,Ex-post DWA
2023-11-26,COLEASF1,-4.071661743468539,Ex-post DWA
2023-12-03,COLEASF1,-5.7330226803325495,Ex-post DWA
2023-12-10,COLEASF1,-10.984167751163255,Ex-post DWA
2023-12-17,COLEASF1,-2.412302473996789,Ex-post DWA
2023-12-24,COLEASF1,5.547408391166094,Ex-post DWA
2023-12-31,COLEASF1,-1.196056071029826,Ex-post DWA
2024-01-07,COLEASF1,-0.8858762098341089,Ex-post DWA
2024-01-14,COLEASF1,1.9662442030631553,Ex-post DWA
2024-01-21,COLEASF1,9.500486929572332,Ex-post DWA
2024-01-28,COLEASF1,-4.259125070950233,Ex-post DWA
2024-02-04,COLEASF1,3.2899958775513056,Ex-post DWA
2024-02-11,COLEASF1,-4.1356924210982555,Ex-post DWA
2024-02-18,COLEASF1,2.0977626847694495,Ex-post DWA
2024-02-25,COLEASF1,0.904144217932398,Ex-post DWA
2024-03-03,COLEASF1,-22.385684510032235,Ex-post DWA
2024-03-10,COLEASF1,-1.3400139522896595,Ex-post DWA
2024-03-17,COLEASF1,-1.1886846352490608,Ex-post DWA
2024-03-24,COLEASF1,-1.3234876848962358,Ex-post DWA
2024-03-31,COLEASF1,0.13248866120706992,Ex-post DWA
2024-04-07,COLEASF1,0.7751492895306527,Ex-post DWA
2024-04-14,COLEASF1,0.3321268190028306,Ex-post DWA
2024-04-21,COLEASF1,-11.82735465524231,Ex-post DWA
2024-04-28,COLEASF1,-0.20760959592668016,Ex-post DWA
2024-05-05,COLEASF1,1.6215364221675372,Ex-post DWA
2024-05-12,COLEASF1,-122.5414453070554,Ex-post DWA
2024-05-19,COLEASF1,-1.4797076569332503,Ex-post DWA
2024-05-26,COLEASF1,-1.45449651837788,Ex-post DWA
2024-06-02,COLEASF1,6.122738125291036,Ex-post DWA
2024-06-09,COLEASF1,-4.988848454747767,Ex-post DWA
2024-06-16,COLEASF1,-16.57843575284616,Ex-post DWA
2024-06-23,COLEASF1,-1.2854510849768417,Ex-post DWA
2024-06-30,COLEASF1,-7.668483738728703,Ex-post DWA
2024-07-07,COLEASF1,1.9174540248020406,Ex-post DWA
2024-07-14,COLEASF1,-1.7436527353680304,Ex-post DWA
2024-07-21,COLEASF1,5.519894612735541,Ex-post DWA
2024-07-28,COLEASF1,5.070274947471496,Ex-post DWA
2024-08-04,COLEASF1,-0.9013221107791338,Ex-post DWA
2024-08-11,COLEASF1,-73.05158736178778,Ex-post DWA
2024-08-18,COLEASF1,13.844311033567749,Ex-post DWA
2024-08-25,COLEASF1,-0.5868815359918749,Ex-post DWA
2024-09-01,COLEASF1,-7.288110108549418,Ex-post DWA
2024-09-08,COLEASF1,-4.927972916833214,Ex-post DWA
2024-09-15,COLEASF1,-7.329591309926451,Ex-post DWA
2024-09-22,COLEASF1,1.477861387933718,Ex-post DWA
2024-09-29,COLEASF1,-16.036047011314306,Ex-post DWA
2024-10-06,COLEASF1,-6.174308253694683,Ex-post DWA
2024-10-13,COLEASF1,-7.713924594716019,Ex-post DWA
2024-10-20,COLEASF1,-3.0993549441158734,Ex-post DWA
2024-10-27,COLEASF1,-2.0278815932494183,Ex-post DWA
2024-11-03,COLEASF1,2.5818536782778523,Ex-post DWA
2024-11-10,COLEASF1,-4.63589475355036,Ex-post DWA
2024-11-17,COLEASF1,2.2649656656800516,Ex-post DWA
2024-11-24,COLEASF1,-7.299819744399571,Ex-post DWA
2024-12-01,COLEASF1,100.5474529886518,Ex-post DWA
2024-12-08,COLEASF1,-8.506601094878675,Ex-post DWA
2024-12-15,COLEASF1,7.712282608555185,Ex-post DWA
2024-12-22,COLEASF1,3.1951903131170667,Ex-post DWA
2024-12-29,COLEASF1,-5.157577404636578,Ex-post DWA
2025-01-05,COLEASF1,0.37596274517998296,Ex-post DWA
2020-01-05,FINLYSF1,-169.4372215016563,Ex-post DWA
2020-01-12,FINLYSF1,-0.08591541125609581,Ex-post DWA
2020-01-19,FINLYSF1,-0.8697753398840788,Ex-post DWA
2020-01-26,FINLYSF1,2.222479755465372,Ex-post DWA
2020-02-02,FINLYSF1,-54.51508842177327,Ex-post DWA
2020-02-09,FINLYSF1,0.48288359841535566,Ex-post DWA
2020-02-16,FINLYSF1,1.1097748950315633,Ex-post DWA
2020-02-23,FINLYSF1,0.2537027793606157,Ex-post DWA
2020-03-01,FINLYSF1,0.44515598782486165,Ex-post DWA
2020-03-08,FINLYSF1,2.2173342009754506,Ex-post DWA
2020-03-15,FINLYSF1,0.5862852545299759,Ex-post DWA
2020-03-22,FINLYSF1,0.16876678714501026,Ex-post DWA
2020-03-29,FINLYSF1,0.23525109478614326,Ex-post DWA
2020-04-05,FINLYSF1,1.0551285226813576,Ex-post DWA
2020-04-12,FINLYSF1,-0.13534563866799942,Ex-post DWA
2020-04-19,FINLYSF1,0.20191892682803925,Ex-post DWA
2020-04-26,FINLYSF1,0.23778240251042604,Ex-post DWA
2020-05-03,FINLYSF1,0.9821847496962164,Ex-post DWA
2020-05-10,FINLYSF1,5.376785012819209,Ex-post DWA
2020-05-17,FINLYSF1,0.27981857709886526,Ex-post DWA
2020-05-24,FINLYSF1,-0.7036190586223157,Ex-post DWA
2020-05-31,FINLYSF1,0.16969603477546968,Ex-post DWA
2020-06-07,FINLYSF1,-0.002820168496810993,Ex-post DWA
2020-06-14,FINLYSF1,-2.575137994709017,Ex-post DWA
2020-06-21,FINLYSF1,-0.5807636643791483,Ex-post DWA
2020-06-28,FINLYSF1,-0.5717858520917147,Ex-post DWA
2020-07-05,FINLYSF1,0.008992395408498055,Ex-post DWA
2020-07-12,FINLYSF1,-0.8676232115232452,Ex-post DWA
2020-07-19,FINLYSF1,-5.673841475298389,Ex-post DWA
2020-07-26,FINLYSF1,0.013183443974078557,Ex-post DWA
2020-08-02,FINLYSF1,0.29068309170255446,Ex-post DWA
2020-08-09,FINLYSF1,0.20994715674927988,Ex-post DWA
2020-08-16,FINLYSF1,0.5089218887981062,Ex-post DWA
2020-08-23,FINLYSF1,0.3013229797948185,Ex-post DWA
2020-08-30,FINLYSF1,-7.390151271038423,Ex-post DWA
2020-09-06,FINLYSF1,0.10741206144595594,Ex-post DWA
2020-09-13,FINLYSF1,0.01851468341962459,Ex-post DWA
2020-09-20,FINLYSF1,-0.7501353335512242,Ex-post DWA
2020-09-27,FINLYSF1,0.09683724975449337,Ex-post DWA
2020-10-04,FINLYSF1,0.9360113111602821,Ex-post DWA
2020-10-11,FINLYSF1,-6.531986932553565,Ex-post DWA
2020-10-18,FINLYSF1,-0.11992606204813683,Ex-post DWA
2020-10-25,FINLYSF1,-8.461341460347036,Ex-post DWA
2020-11-01,FINLYSF1,-1.8272082907102032,Ex-post DWA
2020-11-08,FINLYSF1,2.434323461751653,Ex-post DWA
2020-11-15,FINLYSF1,-0.7236988909827744,Ex-post DWA
2020-11-22,FINLYSF1,15.306856442623115,Ex-post DWA
2020-11-29,FINLYSF1,-10.309868819104551,Ex-post DWA
2020-12-06,FINLYSF1,1.9764323038397364,Ex-post DWA
2020-12-13,FINLYSF1,1.704636234113842,Ex-post DWA
2020-12-20,FINLYSF1,26.173634231120076,Ex-post DWA
2020-12-27,FINLYSF1,1.1893815268576446,Ex-post DWA
2021-01-03,FINLYSF1,0.30930091559645234,Ex-post DWA
2021-01-10,FINLYSF1,0.4333703429874092,Ex-post DWA
2021-01-17,FINLYSF1,-0.18139270744330815,Ex-post DWA
2021-01-24,FINLYSF1,-0.6620343408754366,Ex-post DWA
2021-01-31,FINLYSF1,0.9481019675581379,Ex-post DWA
2021-02-07,FINLYSF1,-0.24297681936334214,Ex-post DWA
2021-02-14,FINLYSF1,0.30908609118816344,Ex-post DWA
2021-02-21,FINLYSF1,0.13941887576196876,Ex-post DWA
2021-02-28,FINLYSF1,0.3118868067791567,Ex-post DWA
2021-03-07,FINLYSF1,0.34652151574168144,Ex-post DWA
2021-03-14,FINLYSF1,-0.26965715684257674,Ex-post DWA
2021-03-21,FINLYSF1,-0.12315590376810803,Ex-post DWA
2021-03-28,FINLYSF1,-0.22042727930845274,Ex-post DWA
2021-04-04,FINLYSF1,0.11365245626832632,Ex-post DWA
2021-04-11,FINLYSF1,-3.168484725856324,Ex-post DWA
2021-04-18,FINLYSF1,0.4798784410418335,Ex-post DWA
2021-04-25,FINLYSF1,-3.1661736597217,Ex-post DWA
2021-05-02,FINLYSF1,-0.2121175264139339,Ex-post DWA
2021-05-09,FINLYSF1,0.6584387566702716,Ex-post DWA
2021-05-16,FINLYSF1,0.3053944952370884,Ex-post DWA
2021-05-23,FINLYSF1,-5.3188364051992,Ex-post DWA
2021-05-30,FINLYSF1,-3.217589417205147,Ex-post DWA
2021-06-06,FINLYSF1,8.888065656456234,Ex-post DWA
2021-06-13,FINLYSF1,-4.408632175966368,Ex-post DWA
2021-06-20,FINLYSF1,-8.220551495262043,Ex-post DWA
2021-06-27,FINLYSF1,9.79965098336389,Ex-post DWA
2021-07-04,FINLYSF1,8.523853573825939,Ex-post DWA
2021-07-11,FINLYSF1,-2.944328292931857,Ex-post DWA
2021-07-18,FINLYSF1,-4.165171885453276,Ex-post DWA
2021-07-25,FINLYSF1,3.650476463688335,Ex-post DWA
2021-08-01,FINLYSF1,-1.9641291599558208,Ex-post DWA
2021-08-08,FINLYSF1,0.4515444060080114,Ex-post DWA
2021-08-15,FINLYSF1,-3.039389088857863,Ex-post DWA
2021-08-22,FINLYSF1,-5.655041404288632,Ex-post DWA
2021-08-29,FINLYSF1,-0.6761613569482492,Ex-post DWA
2021-09-05,FINLYSF1,-0.8129716754653167,Ex-post DWA
2021-09-12,FINLYSF1,-2.5640647140817783,Ex-post DWA
2021-09-19,FINLYSF1,0.9974347799331582,Ex-post DWA
2021-09-26,FINLYSF1,-2.2436856009600596,Ex-post DWA
2021-10-03,FINLYSF1,-3.437737352853958,Ex-post DWA
2021-10-10,FINLYSF1,-6.059130344775298,Ex-post DWA
2021-10-17,FINLYSF1,-18.88704260428729,Ex-post DWA
2021-10-24,FINLYSF1,2.908800218200625,Ex-post DWA
2021-10-31,FINLYSF1,0.20659599731174438,Ex-post DWA
2021-11-07,FINLYSF1,5.979024874490683,Ex-post DWA
2021-11-14,FINLYSF1,5.650685261576555,Ex-post DWA
2021-11-21,FINLYSF1,-7.043300746326267,Ex-post DWA
2021-11-28,FINLYSF1,0.23245457947667347,Ex-post DWA
2021-12-05,FINLYSF1,-3.5189043210794537,Ex-post DWA
2021-12-12,FINLYSF1,0.2502220735191898,Ex-post DWA
2021-12-19,FINLYSF1,1.8384147441308798,Ex-post DWA
2021-12-26,FINLYSF1,0.45275154309833,Ex-post DWA
2022-01-02,FINLYSF1,0.22863145182764555,Ex-post DWA
2022-01-09,FINLYSF1,-1.3857032116915065,Ex-post DWA
2022-01-16,FINLYSF1,-2.7312418727532304,Ex-post DWA
2022-01-23,FINLYSF1,-0.08431647902666128,Ex-post DWA
2022-01-30,FINLYSF1,-0.8028066311094619,Ex-post DWA
2022-02-06,FINLYSF1,-1.2205615055736132,Ex-post DWA
2022-02-13,FINLYSF1,0.2866239183892034,Ex-post DWA
2022-02-20,FINLYSF1,-0.4896140562637754,Ex-post DWA
2022-02-27,FINLYSF1,0.9016002601917279,Ex-post DWA
2022-03-06,FINLYSF1,-0.5518827226442795,Ex-post DWA
2022-03-13,FINLYSF1,3.1649614211876695,Ex-post DWA
2022-03-20,FINLYSF1,-1.1157441570003641,Ex-post DWA
2022-03-27,FINLYSF1,-0.4954220514654679,Ex-post DWA
2022-04-03,FINLYSF1,0.27716991967692195,Ex-post DWA
2022-04-10,FINLYSF1,-23.640049545977803,Ex-post DWA
2022-04-17,FINLYSF1,0.3801334773165195,Ex-post DWA
2022-04-24,FINLYSF1,-1.5039133704052006,Ex-post DWA
2022-05-01,FINLYSF1,-2.728643022603677,Ex-post DWA
2022-05-08,FINLYSF1,-4.085601265024451,Ex-post DWA
2022-05-15,FINLYSF1,0.6268359612756171,Ex-post DWA
2022-05-22,FINLYSF1,6.0725118037620405,Ex-post DWA
2022-05-29,FINLYSF1,-1.197516119725151,Ex-post DWA
2022-06-05,FINLYSF1,-28.814193460320666,Ex-post DWA
2022-06-12,FINLYSF1,-1.0408688311609353,Ex-post DWA
2022-06-19,FINLYSF1,19.094400653396463,Ex-post DWA
2022-06-26,FINLYSF1,-4.683284588652498,Ex-post DWA
2022-07-03,FINLYSF1,-2.5859102218159364,Ex-post DWA
2022-07-10,FINLYSF1,5.205066029023442,Ex-post DWA
2022-07-17,FINLYSF1,9.693475373347098,Ex-post DWA
2022-07-24,FINLYSF1,10.734813280423651,Ex-post DWA
2022-07-31,FINLYSF1,-14.521895597348134,Ex-post DWA
2022-08-07,FINLYSF1,-0.4705235469721174,Ex-post DWA
2022-08-14,FINLYSF1,4.1521993183225305,Ex-post DWA
2022-08-21,FINLYSF1,0.0672795648824831,Ex-post DWA
2022-08-28,FINLYSF1,5.554825527634563,Ex-post DWA
2022-09-04,FINLYSF1,10.600199159600834,Ex-post DWA
2022-09-11,FINLYSF1,8.160860594402195,Ex-post DWA
2022-09-18,FINLYSF1,3.658928471526707,Ex-post DWA
2022-09-25,FINLYSF1,-5.301245868256615,Ex-post DWA
2022-10-02,FINLYSF1,-0.8640430624923283,Ex-post DWA
2022-10-09,FINLYSF1,8.064066137782618,Ex-post DWA
2022-10-16,FINLYSF1,0.17618330384625835,Ex-post DWA
2022-10-23,FINLYSF1,3.428281275536051,Ex-post DWA
2022-10-30,FINLYSF1,-49.69864658256943,Ex-post DWA
2022-11-06,FINLYSF1,9.481796533372396,Ex-post DWA
2022-11-13,FINLYSF1,-0.027697425509089157,Ex-post DWA
2022-11-20,FINLYSF1,-5.810738418175887,Ex-post DWA
2022-11-27,FINLYSF1,-5.25417458054541,Ex-post DWA
2022-12-04,FINLYSF1,21.91056126602399,Ex-post DWA
2022-12-11,FINLYSF1,5.9960432978542,Ex-post DWA
2022-12-18,FINLYSF1,6.0058720423396466,Ex-post DWA
2022-12-25,FINLYSF1,3.565841353473793,Ex-post DWA
2023-01-01,FINLYSF1,3.3688390639567203,Ex-post DWA
2023-01-08,FINLYSF1,5.052923905360423,Ex-post DWA
2023-01-15,FINLYSF1,5.825539118156911,Ex-post DWA
2023-01-22,FINLYSF1,-4.733515081418872,Ex-post DWA
2023-01-29,FINLYSF1,0.26082647492924593,Ex-post DWA
2023-02-05,FINLYSF1,1.9893916505482139,Ex-post DWA
2023-02-12,FINLYSF1,-0.14184841234062162,Ex-post DWA
2023-02-19,FINLYSF1,-1.2572730939217962,Ex-post DWA
2023-02-26,FINLYSF1,0.19448221738586824,Ex-post DWA
2023-03-05,FINLYSF1,0.006157075458304462,Ex-post DWA
2023-03-12,FINLYSF1,1.91993986373879,Ex-post DWA
2023-03-19,FINLYSF1,2.43143519143419,Ex-post DWA
2023-03-26,FINLYSF1,-0.33919921712116263,Ex-post DWA
2023-04-02,FINLYSF1,4.292431218522523,Ex-post DWA
2023-04-09,FINLYSF1,-10.67628868076126,Ex-post DWA
2023-04-16,FINLYSF1,2.033653848644569,Ex-post DWA
2023-04-23,FINLYSF1,2.4405336724784945,Ex-post DWA
2023-04-30,FINLYSF1,4.059734404468088,Ex-post DWA
2023-05-07,FINLYSF1,-3.75754431798147,Ex-post DWA
2023-05-14,FINLYSF1,-0.07156625463329647,Ex-post DWA
2023-05-21,FINLYSF1,4.078815616538378,Ex-post DWA
2023-05-28,FINLYSF1,3.3410913235763076,Ex-post DWA
2023-06-04,FINLYSF1,0.18162128042884262,Ex-post DWA
2023-06-11,FINLYSF1,0.6216105625368655,Ex-post DWA
2023-06-18,FINLYSF1,0.3785903205268397,Ex-post DWA
2023-06-25,FINLYSF1,-11.933696490036056,Ex-post DWA
2023-07-02,FINLYSF1,2.3060495088599637,Ex-post DWA
2023-07-09,FINLYSF1,7.902972095799832,Ex-post DWA
2023-07-16,FINLYSF1,-1.5709028249024755,Ex-post DWA
2023-07-23,FINLYSF1,-1.5292115330714253,Ex-post DWA
2023-07-30,FINLYSF1,-14.375867654189996,Ex-post DWA
2023-08-06,FINLYSF1,3.8269585897717846,Ex-post DWA
2023-08-13,FINLYSF1,0.43572874604281964,Ex-post DWA
2023-08-20,FINLYSF1,0.37191560557507586,Ex-post DWA
2023-08-27,FINLYSF1,1.2860429236664288,Ex-post DWA
2023-09-03,FINLYSF1,-0.6098244870075327,Ex-post DWA
2023-09-10,FINLYSF1,-8.42590105382183,Ex-post DWA
2023-09-17,FINLYSF1,-9.03128719462261,Ex-post DWA
2023-09-24,FINLYSF1,-4.769400223598591,Ex-post DWA
2023-10-01,FINLYSF1,-4.670593740820934,Ex-post DWA
2023-10-08,FINLYSF1,-15.770456507929701,Ex-post DWA
2023-10-15,FINLYSF1,-9.020385785895218,Ex-post DWA
2023-10-22,FINLYSF1,-0.0800833372293539,Ex-post DWA
2023-10-29,FINLYSF1,-3.0191935526084475,Ex-post DWA
2023-11-05,FINLYSF1,-0.4470326808176175,Ex-post DWA
2023-11-12,FINLYSF1,19.861594280974913,Ex-post DWA
2023-11-19,FINLYSF1,14.150145258942317,Ex-post DWA
2023-11-26,FINLYSF1,0.300113544258771,Ex-post DWA
2023-12-03,FINLYSF1,-1.675423178509277,Ex-post DWA
2023-12-10,FINLYSF1,-18.82357127614361,Ex-post DWA
2023-12-17,FINLYSF1,3.509402780225642,Ex-post DWA
2023-12-24,FINLYSF1,0.1572335729822143,Ex-post DWA
2023-12-31,FINLYSF1,3.2306078602255788,Ex-post DWA
2024-01-07,FINLYSF1,0.4113159969050386,Ex-post DWA
2024-01-14,FINLYSF1,1.7221139220004105,Ex-post DWA
2024-01-21,FINLYSF1,20.82836761637752,Ex-post DWA
2024-01-28,FINLYSF1,-0.029689012528805847,Ex-post DWA
2024-02-04,FINLYSF1,8.628092347075835,Ex-post DWA
2024-02-11,FINLYSF1,-1.7218930290143035,Ex-post DWA
2024-02-18,FINLYSF1,0.49883934690824816,Ex-post DWA
2024-02-25,FINLYSF1,13.987781539202928,Ex-post DWA
2024-03-03,FINLYSF1,-13.930577111338096,Ex-post DWA
2024-03-10,FINLYSF1,0.19166375234096478,Ex-post DWA
2024-03-17,FINLYSF1,-2.11357888941793,Ex-post DWA
2024-03-24,FINLYSF1,-0.06587489838856442,Ex-post DWA
2024-03-31,FINLYSF1,-1.4051530158043164,Ex-post DWA
2024-04-07,FINLYSF1,-0.34059578675952196,Ex-post DWA
2024-04-14,FINLYSF1,-11.739576982580388,Ex-post DWA
2024-04-21,FINLYSF1,-7.520435513728735,Ex-post DWA
2024-04-28,FINLYSF1,-13.542608249813572,Ex-post DWA
2024-05-05,FINLYSF1,-2.847867773136784,Ex-post DWA
2024-05-12,FINLYSF1,-168.03118976370925,Ex-post DWA
2024-05-19,FINLYSF1,-8.945382092266634,Ex-post DWA
2024-05-26,FINLYSF1,-10.566190272147182,Ex-post DWA
2024-06-02,FINLYSF1,-2.983607052996163,Ex-post DWA
2024-06-09,FINLYSF1,-0.7511764397161329,Ex-post DWA
2024-06-16,FINLYSF1,-4.815541997073623,Ex-post DWA
2024-06-23,FINLYSF1,-5.01875995525026,Ex-post DWA
2024-06-30,FINLYSF1,-15.27911448396216,Ex-post DWA
2024-07-07,FINLYSF1,-5.333184451224454,Ex-post DWA
2024-07-14,FINLYSF1,-4.8595681649350695,Ex-post DWA
2024-07-21,FINLYSF1,5.249123525512417,Ex-post DWA
2024-07-28,FINLYSF1,1.0948855857539925,Ex-post DWA
2024-08-04,FINLYSF1,-2.7674520246065413,Ex-post DWA
2024-08-11,FINLYSF1,-22.59189275879143,Ex-post DWA
2024-08-18,FINLYSF1,7.1871933747475225,Ex-post DWA
2024-08-25,FINLYSF1,-3.6505727664109298,Ex-post DWA
2024-09-01,FINLYSF1,-7.586675620432246,Ex-post DWA
2024-09-08,FINLYSF1,-4.4126753018150655,Ex-post DWA
2024-09-15,FINLYSF1,-1.0006481223410937,Ex-post DWA
2024-09-22,FINLYSF1,-1.3385471514121345,Ex-post DWA
2024-09-29,FINLYSF1,-25.67161754034488,Ex-post DWA
2024-10-06,FINLYSF1,-8.24085366194264,Ex-post DWA
2024-10-13,FINLYSF1,-4.1290805415350675,Ex-post DWA
2024-10-20,FINLYSF1,1.3366516789321636,Ex-post DWA
2024-10-27,FINLYSF1,3.743554752958218,Ex-post DWA
2024-11-03,FINLYSF1,-3.433407042723374,Ex-post DWA
2024-11-10,FINLYSF1,34.191505740034316,Ex-post DWA
2024-11-17,FINLYSF1,0.46330213094253736,Ex-post DWA
2024-11-24,FINLYSF1,10.047984501688745,Ex-post DWA
2024-12-01,FINLYSF1,-47.534331431676435,Ex-post DWA
2024-12-08,FINLYSF1,-2.213997677493694,Ex-post DWA
2024-12-15,FINLYSF1,15.013069631531295,Ex-post DWA
2024-12-22,FINLYSF1,2.560187812188758,Ex-post DWA
2024-12-29,FINLYSF1,-5.493187036873733,Ex-post DWA
2025-01-05,FINLYSF1,0.437144952967806,Ex-post DWA
2020-01-05,GULLRSF1,-145.25850891377192,Ex-post DWA
2020-01-12,GULLRSF1,1.272353969198015,Ex-post DWA
2020-01-19,GULLRSF1,1.7149757135939794,Ex-post DWA
2020-01-26,GULLRSF1,-16.22656181887909,Ex-post DWA
2020-02-02,GULLRSF1,-120.69878793952967,Ex-post DWA
2020-02-09,GULLRSF1,-0.6053496672394587,Ex-post DWA
2020-02-16,GULLRSF1,0.37554678932552576,Ex-post DWA
2020-02-23,GULLRSF1,-0.03867377060101518,Ex-post DWA
2020-03-01,GULLRSF1,-1.5598986844153728,Ex-post DWA
2020-03-08,GULLRSF1,0.12641021150371046,Ex-post DWA
2020-03-15,GULLRSF1,-0.2663736872977438,Ex-post DWA
2020-03-22,GULLRSF1,-1.1308235590315903,Ex-post DWA
2020-03-29,GULLRSF1,-0.09479282289204605,Ex-post DWA
2020-04-05,GULLRSF1,-17.960185488669772,Ex-post DWA
2020-04-12,GULLRSF1,8.484647855980292,Ex-post DWA
2020-04-19,GULLRSF1,-1.259948624116646,Ex-post DWA
2020-04-26,GULLRSF1,2.672172985054946,Ex-post DWA
2020-05-03,GULLRSF1,-0.4015247385740466,Ex-post DWA
2020-05-10,GULLRSF1,-0.6276739522330423,Ex-post DWA
2020-05-17,GULLRSF1,-1.335472473970846,Ex-post DWA
2020-05-24,GULLRSF1,-1.1886602863963063,Ex-post DWA
2020-05-31,GULLRSF1,-2.2551086573423476,Ex-post DWA
2020-06-07,GULLRSF1,-0.8623461831374044,Ex-post DWA
2020-06-14,GULLRSF1,-4.136710794283125,Ex-post DWA
2020-06-21,GULLRSF1,-0.6653022599656921,Ex-post DWA
2020-06-28,GULLRSF1,-0.06056890902221568,Ex-post DWA
2020-07-05,GULLRSF1,-0.2588001125945709,Ex-post DWA
2020-07-12,GULLRSF1,0.0876318790188364,Ex-post DWA
2020-07-19,GULLRSF1,2.254682369529661,Ex-post DWA
2020-07-26,GULLRSF1,1.3142078239775472,Ex-post DWA
2020-08-02,GULLRSF1,-0.9162714397566916,Ex-post DWA
2020-08-09,GULLRSF1,-0.13088696107542575,Ex-post DWA
2020-08-16,GULLRSF1,2.8736407438117837,Ex-post DWA
2020-08-23,GULLRSF1,-0.40657550409699184,Ex-post DWA
2020-08-30,GULLRSF1,4.142687062430092,Ex-post DWA
2020-09-06,GULLRSF1,-0.201128141968951,Ex-post DWA
2020-09-13,GULLRSF1,-1.0454023607651663,Ex-post DWA
2020-09-20,GULLRSF1,-0.06728878643587421,Ex-post DWA
2020-09-27,GULLRSF1,-0.32652645511323897,Ex-post DWA
2020-10-04,GULLRSF1,-0.40851469663200035,Ex-post DWA
2020-10-11,GULLRSF1,-5.946645040302556,Ex-post DWA
2020-10-18,GULLRSF1,-1.31630844475945,Ex-post DWA
2020-10-25,GULLRSF1,-5.2122398677393065,Ex-post DWA
2020-11-01,GULLRSF1,-2.7622031342534754,Ex-post DWA
2020-11-08,GULLRSF1,-1.9864046588751947,Ex-post DWA
2020-11-15,GULLRSF1,-1.6725555479514966,Ex-post DWA
2020-11-22,GULLRSF1,-32.71720808419661,Ex-post DWA
2020-11-29,GULLRSF1,1.6252656531342708,Ex-post DWA
2020-12-06,GULLRSF1,-12.899678051548975,Ex-post DWA
2020-12-13,GULLRSF1,-2.068968657625817,Ex-post DWA
2020-12-20,GULLRSF1,-170.2014877425051,Ex-post DWA
2020-12-27,GULLRSF1,2.456191263283138,Ex-post DWA
2021-01-03,GULLRSF1,-1.523699306479564,Ex-post DWA
2021-01-10,GULLRSF1,-0.8681388065700233,Ex-post DWA
2021-01-17,GULLRSF1,0.7851274873159397,Ex-post DWA
2021-01-24,GULLRSF1,-1.3457876216032219,Ex-post DWA
2021-01-31,GULLRSF1,0.3590843976359821,Ex-post DWA
2021-02-07,GULLRSF1,-0.34123265188002705,Ex-post DWA
2021-02-14,GULLRSF1,-0.5688409340525666,Ex-post DWA
2021-02-21,GULLRSF1,-0.6615374957430049,Ex-post DWA
2021-02-28,GULLRSF1,-0.9321058805012861,Ex-post DWA
2021-03-07,GULLRSF1,-0.7140738864609091,Ex-post DWA
2021-03-14,GULLRSF1,-0.5986939911800562,Ex-post DWA
2021-03-21,GULLRSF1,0.3523146156681207,Ex-post DWA
2021-03-28,GULLRSF1,-2.428199796990203,Ex-post DWA
2021-04-04,GULLRSF1,-2.3136867011341735,Ex-post DWA
2021-04-11,GULLRSF1,-0.8146902983629829,Ex-post DWA
2021-04-18,GULLRSF1,-2.0563567864424215,Ex-post DWA
2021-04-25,GULLRSF1,0.4391316624634598,Ex-post DWA
2021-05-02,GULLRSF1,-1.3031649239840917,Ex-post DWA
2021-05-09,GULLRSF1,-0.7531682096730421,Ex-post DWA
2021-05-16,GULLRSF1,-0.8579953737161574,Ex-post DWA
2021-05-23,GULLRSF1,-8.477691400045195,Ex-post DWA
2021-05-30,GULLRSF1,-4.760682414758556,Ex-post DWA
2021-06-06,GULLRSF1,-7.271245226566393,Ex-post DWA
2021-06-13,GULLRSF1,-3.8616398529900025,Ex-post DWA
2021-06-20,GULLRSF1,1.2172693425343084,Ex-post DWA
2021-06-27,GULLRSF1,-17.87461380378494,Ex-post DWA
2021-07-04,GULLRSF1,3.5053079191278798,Ex-post DWA
2021-07-11,GULLRSF1,-2.0191206025859003,Ex-post DWA
2021-07-18,GULLRSF1,-6.463610010400643,Ex-post DWA
2021-07-25,GULLRSF1,-14.231289017292013,Ex-post DWA
2021-08-01,GULLRSF1,-1.0521509924323453,Ex-post DWA
2021-08-08,GULLRSF1,-3.5103197936192814,Ex-post DWA
2021-08-15,GULLRSF1,-3.9935247195592964,Ex-post DWA
2021-08-22,GULLRSF1,-3.0142057080793236,Ex-post DWA
2021-08-29,GULLRSF1,-5.730451684125605,Ex-post DWA
2021-09-05,GULLRSF1,-4.807333562415085,Ex-post DWA
2021-09-12,GULLRSF1,-4.816383572058268,Ex-post DWA
2021-09-19,GULLRSF1,-5.718163773815057,Ex-post DWA
2021-09-26,GULLRSF1,-2.374906345460566,Ex-post DWA
2021-10-03,GULLRSF1,2.0194713996562186,Ex-post DWA
2021-10-10,GULLRSF1,11.738884982417364,Ex-post DWA
2021-10-17,GULLRSF1,1.1249679931346321,Ex-post DWA
2021-10-24,GULLRSF1,-5.2664370373884495,Ex-post DWA
2021-10-31,GULLRSF1,-1.7774845759563718,Ex-post DWA
2021-11-07,GULLRSF1,-1.0585964205899572,Ex-post DWA
2021-11-14,GULLRSF1,4.241324212500409,Ex-post DWA
2021-11-21,GULLRSF1,-7.0157992585870375,Ex-post DWA
2021-11-28,GULLRSF1,-9.228190197632742,Ex-post DWA
2021-12-05,GULLRSF1,7.938359763536617,Ex-post DWA
2021-12-12,GULLRSF1,-2.5735611728306296,Ex-post DWA
2021-12-19,GULLRSF1,-5.982377069674953,Ex-post DWA
2021-12-26,GULLRSF1,3.041096423308545,Ex-post DWA
2022-01-02,GULLRSF1,-0.629832129022283,Ex-post DWA
2022-01-09,GULLRSF1,-1.4861669655974197,Ex-post DWA
2022-01-16,GULLRSF1,1.3628831933736905,Ex-post DWA
2022-01-23,GULLRSF1,-0.07784184429491603,Ex-post DWA
2022-01-30,GULLRSF1,-1.5395022171699253,Ex-post DWA
2022-02-06,GULLRSF1,-2.7255984692312936,Ex-post DWA
2022-02-13,GULLRSF1,-5.382038546849081,Ex-post DWA
2022-02-20,GULLRSF1,-4.704635051144322,Ex-post DWA
2022-02-27,GULLRSF1,-13.931240259358134,Ex-post DWA
2022-03-06,GULLRSF1,-0.8568136879039656,Ex-post DWA
2022-03-13,GULLRSF1,-7.770268804010058,Ex-post DWA
2022-03-20,GULLRSF1,-5.751437725614906,Ex-post DWA
2022-03-27,GULLRSF1,-2.14876598942665,Ex-post DWA
2022-04-03,GULLRSF1,-3.8708487801368108,Ex-post DWA
2022-04-10,GULLRSF1,-19.306820959540772,Ex-post DWA
2022-04-17,GULLRSF1,-11.08601230528761,Ex-post DWA
2022-04-24,GULLRSF1,-1.4200638909324113,Ex-post DWA
2022-05-01,GULLRSF1,-18.334102761733703,Ex-post DWA
2022-05-08,GULLRSF1,-11.85131530963264,Ex-post DWA
2022-05-15,GULLRSF1,5.191950696787671,Ex-post DWA
2022-05-22,GULLRSF1,-13.65147032736374,Ex-post DWA
2022-05-29,GULLRSF1,-7.717425970702493,Ex-post DWA
2022-06-05,GULLRSF1,28.869393667097597,Ex-post DWA
2022-06-12,GULLRSF1,-2.992829919417318,Ex-post DWA
2022-06-19,GULLRSF1,-7.35275961001048,Ex-post DWA
2022-06-26,GULLRSF1,-31.27609550602486,Ex-post DWA
2022-07-03,GULLRSF1,-4.183738457205891,Ex-post DWA
2022-07-10,GULLRSF1,-27.81787975109006,Ex-post DWA
2022-07-17,GULLRSF1,-49.21523178381318,Ex-post DWA
2022-07-24,GULLRSF1,-23.158572506540196,Ex-post DWA
2022-07-31,GULLRSF1,-8.78449454341876,Ex-post DWA
2022-08-07,GULLRSF1,-11.097385505399487,Ex-post DWA
2022-08-14,GULLRSF1,4.076132749346002,Ex-post DWA
2022-08-21,GULLRSF1,-0.3688414770368098,Ex-post DWA
2022-08-28,GULLRSF1,5.538004641426966,Ex-post DWA
2022-09-04,GULLRSF1,-7.373452592785625,Ex-post DWA
2022-09-11,GULLRSF1,-9.426179200705633,Ex-post DWA
2022-09-18,GULLRSF1,-5.2481558574870775,Ex-post DWA
2022-09-25,GULLRSF1,-7.4796135240762,Ex-post DWA
2022-10-02,GULLRSF1,-2.0194785663493064,Ex-post DWA
2022-10-09,GULLRSF1,-11.354362380714932,Ex-post DWA
2022-10-16,GULLRSF1,-5.178716061097504,Ex-post DWA
2022-10-23,GULLRSF1,4.094406319941243,Ex-post DWA
2022-10-30,GULLRSF1,15.723784769448855,Ex-post DWA
2022-11-06,GULLRSF1,-8.193934736866552,Ex-post DWA
2022-11-13,GULLRSF1,-8.321141353144263,Ex-post DWA
2022-11-20,GULLRSF1,-2.049286655100083,Ex-post DWA
2022-11-27,GULLRSF1,-0.9924679908257374,Ex-post DWA
2022-12-04,GULLRSF1,1.3721887746859238,Ex-post DWA
2022-12-11,GULLRSF1,-7.2445948084638125,Ex-post DWA
2022-12-18,GULLRSF1,-18.017907583408018,Ex-post DWA
2022-12-25,GULLRSF1,-4.9751506404026244,Ex-post DWA
2023-01-01,GULLRSF1,-10.60266475415521,Ex-post DWA
2023-01-08,GULLRSF1,-1.0985455975890872,Ex-post DWA
2023-01-15,GULLRSF1,-6.7963654865964145,Ex-post DWA
2023-01-22,GULLRSF1,-1.4747607140244412,Ex-post DWA
2023-01-29,GULLRSF1,-6.246897125024688,Ex-post DWA
2023-02-05,GULLRSF1,-12.848765331272716,Ex-post DWA
2023-02-12,GULLRSF1,-7.323762389540661,Ex-post DWA
2023-02-19,GULLRSF1,-10.065073921367045,Ex-post DWA
2023-02-26,GULLRSF1,-5.8987717488166,Ex-post DWA
2023-03-05,GULLRSF1,-16.609975355963655,Ex-post DWA
2023-03-12,GULLRSF1,-6.053449289794045,Ex-post DWA
2023-03-19,GULLRSF1,-27.516172941808364,Ex-post DWA
2023-03-26,GULLRSF1,-3.1583532283858062,Ex-post DWA
2023-04-02,GULLRSF1,-3.7833783858946504,Ex-post DWA
2023-04-09,GULLRSF1,-2.75646291757009,Ex-post DWA
2023-04-16,GULLRSF1,-9.50887623358446,Ex-post DWA
2023-04-23,GULLRSF1,-5.1094141404955025,Ex-post DWA
2023-04-30,GULLRSF1,-14.183008661032673,Ex-post DWA
2023-05-07,GULLRSF1,-10.051370041505365,Ex-post DWA
2023-05-14,GULLRSF1,-8.367564930783445,Ex-post DWA
2023-05-21,GULLRSF1,-4.770949700879498,Ex-post DWA
2023-05-28,GULLRSF1,-4.365103173117106,Ex-post DWA
2023-06-04,GULLRSF1,-5.329179560467537,Ex-post DWA
2023-06-11,GULLRSF1,-6.828173424688501,Ex-post DWA
2023-06-18,GULLRSF1,2.820972769923138,Ex-post DWA
2023-06-25,GULLRSF1,0.44923710760603797,Ex-post DWA
2023-07-02,GULLRSF1,2.3458019582958443,Ex-post DWA
2023-07-09,GULLRSF1,11.73037990561405,Ex-post DWA
2023-07-16,GULLRSF1,-3.895662579349356,Ex-post DWA
2023-07-23,GULLRSF1,-5.493499013645909,Ex-post DWA
2023-07-30,GULLRSF1,-10.343742378926372,Ex-post DWA
2023-08-06,GULLRSF1,-4.684593223944418,Ex-post DWA
2023-08-13,GULLRSF1,-8.459293755269691,Ex-post DWA
2023-08-20,GULLRSF1,-11.395923593482998,Ex-post DWA
2023-08-27,GULLRSF1,-6.517883741313245,Ex-post DWA
2023-09-03,GULLRSF1,-8.34502749667042,Ex-post DWA
2023-09-10,GULLRSF1,1.4466678876018566,Ex-post DWA
2023-09-17,GULLRSF1,-3.5064983356150243,Ex-post DWA
2023-09-24,GULLRSF1,-6.7913954244569705,Ex-post DWA
2023-10-01,GULLRSF1,-4.201989630020652,Ex-post DWA
2023-10-08,GULLRSF1,-0.4388499975041391,Ex-post DWA
2023-10-15,GULLRSF1,1.1939410668092378,Ex-post DWA
2023-10-22,GULLRSF1,-5.740579158626981,Ex-post DWA
2023-10-29,GULLRSF1,-3.697312755471393,Ex-post DWA
2023-11-05,GULLRSF1,-13.700872086080675,Ex-post DWA
2023-11-12,GULLRSF1,-23.531700297204573,Ex-post DWA
2023-11-19,GULLRSF1,-15.299007564717002,Ex-post DWA
2023-11-26,GULLRSF1,-1.4441948965401252,Ex-post DWA
2023-12-03,GULLRSF1,-0.3764736006227807,Ex-post DWA
2023-12-10,GULLRSF1,-7.33048053527142,Ex-post DWA
2023-12-17,GULLRSF1,-4.400678370087178,Ex-post DWA
2023-12-24,GULLRSF1,-4.699492012617874,Ex-post DWA
2023-12-31,GULLRSF1,-7.152354094421977,Ex-post DWA
2024-01-07,GULLRSF1,-4.810022680379596,Ex-post DWA
2024-01-14,GULLRSF1,-1.119682821770681,Ex-post DWA
2024-01-21,GULLRSF1,-34.36636280996028,Ex-post DWA
2024-01-28,GULLRSF1,-2.7927096988670996,Ex-post DWA
2024-02-04,GULLRSF1,-18.893539787897737,Ex-post DWA
2024-02-11,GULLRSF1,-4.805810474648553,Ex-post DWA
2024-02-18,GULLRSF1,-4.510312848140131,Ex-post DWA
2024-02-25,GULLRSF1,-7.814263479786533,Ex-post DWA
2024-03-03,GULLRSF1,-109.96135610744031,Ex-post DWA
2024-03-10,GULLRSF1,-7.33428514946889,Ex-post DWA
2024-03-17,GULLRSF1,-8.023971642251837,Ex-post DWA
2024-03-24,GULLRSF1,-4.907947258336456,Ex-post DWA
2024-03-31,GULLRSF1,-8.411776861507924,Ex-post DWA
2024-04-07,GULLRSF1,-10.299424991805061,Ex-post DWA
2024-04-14,GULLRSF1,-9.713986537809667,Ex-post DWA
2024-04-21,GULLRSF1,-7.0310561782010055,Ex-post DWA
2024-04-28,GULLRSF1,-8.67333252437016,Ex-post DWA
2024-05-05,GULLRSF1,-12.59529075819929,Ex-post DWA
2024-05-12,GULLRSF1,-200.09666989477103,Ex-post DWA
2024-05-19,GULLRSF1,-7.900838682802259,Ex-post DWA
2024-05-26,GULLRSF1,-5.223576504439279,Ex-post DWA
2024-06-02,GULLRSF1,-17.976117299360737,Ex-post DWA
2024-06-09,GULLRSF1,-14.88683457938265,Ex-post DWA
2024-06-16,GULLRSF1,-4.643140399904752,Ex-post DWA
2024-06-23,GULLRSF1,3.462276124267504,Ex-post DWA
2024-06-30,GULLRSF1,0.757231723580901,Ex-post DWA
2024-07-07,GULLRSF1,-2.9196969023605277,Ex-post DWA
2024-07-14,GULLRSF1,9.125303126962109,Ex-post DWA
2024-07-21,GULLRSF1,0.10466991855852825,Ex-post DWA
2024-07-28,GULLRSF1,-4.0657165984311945,Ex-post DWA
2024-08-04,GULLRSF1,-3.7140980961582954,Ex-post DWA
2024-08-11,GULLRSF1,-60.30054215687548,Ex-post DWA
2024-08-18,GULLRSF1,-0.40935577201138074,Ex-post DWA
2024-08-25,GULLRSF1,-12.134208990403287,Ex-post DWA
2024-09-01,GULLRSF1,5.40554096587951,Ex-post DWA
2024-09-08,GULLRSF1,6.240553486871851,Ex-post DWA
2024-09-15,GULLRSF1,2.4363955074519676,Ex-post DWA
2024-09-22,GULLRSF1,7.04584617644206,Ex-post DWA
2024-09-29,GULLRSF1,2.187826955979645,Ex-post DWA
2024-10-06,GULLRSF1,-1.301138335292574,Ex-post DWA
2024-10-13,GULLRSF1,-8.176160354161901,Ex-post DWA
2024-10-20,GULLRSF1,3.81157330797555,Ex-post DWA
2024-10-27,GULLRSF1,-4.612789033801217,Ex-post DWA
2024-11-03,GULLRSF1,-4.517259495373281,Ex-post DWA
2024-11-10,GULLRSF1,-25.04677110022473,Ex-post DWA
2024-11-17,GULLRSF1,-18.755978764491182,Ex-post DWA
2024-11-24,GULLRSF1,-31.288082358709843,Ex-post DWA
2024-12-01,GULLRSF1,-146.7811022021445,Ex-post DWA
2024-12-08,GULLRSF1,-93.1988685293019,Ex-post DWA
2024-12-15,GULLRSF1,-18.81991129692129,Ex-post DWA
2024-12-22,GULLRSF1,1.6433839843008968,Ex-post DWA
2024-12-29,GULLRSF1,9.085589873279872,Ex-post DWA
2025-01-05,GULLRSF1,1.0808695578342338,Ex-post DWA
2020-01-05,LIMOSF21,-279.9497299322106,Ex-post DWA
2020-01-12,LIMOSF21,2.3550541674004464,Ex-post DWA
2020-01-19,LIMOSF21,4.365701539416683,Ex-post DWA
2020-01-26,LIMOSF21,-11.855820034657683,Ex-post DWA
2020-02-02,LIMOSF21,-59.8911557215514,Ex-post DWA
2020-02-09,LIMOSF21,0.18137142658708427,Ex-post DWA
2020-02-16,LIMOSF21,1.1731475091479169,Ex-post DWA
2020-02-23,LIMOSF21,-10.781907731503097,Ex-post DWA
2020-03-01,LIMOSF21,0.671342511677679,Ex-post DWA
2020-03-08,LIMOSF21,-0.16987942195247996,Ex-post DWA
2020-03-15,LIMOSF21,-0.7664499760204606,Ex-post DWA
2020-03-22,LIMOSF21,0.9812536192415067,Ex-post DWA
2020-03-29,LIMOSF21,0.3001277762738681,Ex-post DWA
2020-04-05,LIMOSF21,0.9784109452704186,Ex-post DWA
2020-04-12,LIMOSF21,2.292923490127272,Ex-post DWA
2020-04-19,LIMOSF21,1.9297152213699498,Ex-post DWA
2020-04-26,LIMOSF21,0.7326692495641574,Ex-post DWA
2020-05-03,LIMOSF21,0.6035433129564467,Ex-post DWA
2020-05-10,LIMOSF21,-0.4851907353030249,Ex-post DWA
2020-05-17,LIMOSF21,0.06397347576530876,Ex-post DWA
2020-05-24,LIMOSF21,-2.2629087750909775,Ex-post DWA
2020-05-31,LIMOSF21,-0.2689789479108171,Ex-post DWA
2020-06-07,LIMOSF21,-0.833723169984161,Ex-post DWA
2020-06-14,LIMOSF21,-5.351113433443885,Ex-post DWA
2020-06-21,LIMOSF21,-0.13984316583709244,Ex-post DWA
2020-06-28,LIMOSF21,-0.48457323526237417,Ex-post DWA
2020-07-05,LIMOSF21,-0.27959347869948203,Ex-post DWA
2020-07-12,LIMOSF21,0.1566474613491522,Ex-post DWA
2020-07-19,LIMOSF21,3.049076802122009,Ex-post DWA
2020-07-26,LIMOSF21,1.6062608895647301,Ex-post DWA
2020-08-02,LIMOSF21,0.5729931621520734,Ex-post DWA
2020-08-09,LIMOSF21,-0.43584788262724317,Ex-post DWA
2020-08-16,LIMOSF21,-0.5835769913166544,Ex-post DWA
2020-08-23,LIMOSF21,0.5980949110175828,Ex-post DWA
2020-08-30,LIMOSF21,4.749065807120189,Ex-post DWA
2020-09-06,LIMOSF21,6.504415919349633,Ex-post DWA
2020-09-13,LIMOSF21,1.6197155966796117,Ex-post DWA
2020-09-20,LIMOSF21,0.06613811307378015,Ex-post DWA
2020-09-27,LIMOSF21,3.036229532340208,Ex-post DWA
2020-10-04,LIMOSF21,1.3020528382905958,Ex-post DWA
2020-10-11,LIMOSF21,-3.4372298721439094,Ex-post DWA
2020-10-18,LIMOSF21,-1.1012739074522457,Ex-post DWA
2020-10-25,LIMOSF21,-8.637450716257007,Ex-post DWA
2020-11-01,LIMOSF21,0.032819857581657175,Ex-post DWA
2020-11-08,LIMOSF21,3.414630750013245,Ex-post DWA
2020-11-15,LIMOSF21,-0.3109264310363642,Ex-post DWA
2020-11-22,LIMOSF21,9.179180743968345,Ex-post DWA
2020-11-29,LIMOSF21,10.046449117968102,Ex-post DWA
2020-12-06,LIMOSF21,3.0679373009148136,Ex-post DWA
2020-12-13,LIMOSF21,1.884699872763811,Ex-post DWA
2020-12-20,LIMOSF21,18.41855876844525,Ex-post DWA
2020-12-27,LIMOSF21,0.718081399258601,Ex-post DWA
2021-01-03,LIMOSF21,0.7937393305590632,Ex-post DWA
2021-01-10,LIMOSF21,1.086856356964205,Ex-post DWA
2021-01-17,LIMOSF21,0.4751339978131597,Ex-post DWA
2021-01-24,LIMOSF21,0.2660799243546137,Ex-post DWA
2021-01-31,LIMOSF21,1.8440295129652071,Ex-post DWA
2021-02-07,LIMOSF21,0.7893376144912239,Ex-post DWA
2021-02-14,LIMOSF21,0.4834876647700881,Ex-post DWA
2021-02-21,LIMOSF21,1.428939891122532,Ex-post DWA
2021-02-28,LIMOSF21,0.5554550037503034,Ex-post DWA
2021-03-07,LIMOSF21,-1.4355616214878282,Ex-post DWA
2021-03-14,LIMOSF21,2.089204676195955,Ex-post DWA
2021-03-21,LIMOSF21,0.7564429356454525,Ex-post DWA
2021-03-28,LIMOSF21,0.6157133719756445,Ex-post DWA
2021-04-04,LIMOSF21,2.2233864457385266,Ex-post DWA
2021-04-11,LIMOSF21,-1.6662992432321992,Ex-post DWA
2021-04-18,LIMOSF21,3.9923144823981502,Ex-post DWA
2021-04-25,LIMOSF21,-0.5294674379113502,Ex-post DWA
2021-05-02,LIMOSF21,2.107985253277917,Ex-post DWA
2021-05-09,LIMOSF21,-0.1449116427150372,Ex-post DWA
2021-05-16,LIMOSF21,2.1859430101938955,Ex-post DWA
2021-05-23,LIMOSF21,13.542627177826937,Ex-post DWA
2021-05-30,LIMOSF21,8.425256505141455,Ex-post DWA
2021-06-06,LIMOSF21,-3.883400544055519,Ex-post DWA
2021-06-13,LIMOSF21,0.7186671208480959,Ex-post DWA
2021-06-20,LIMOSF21,-12.553118105787448,Ex-post DWA
2021-06-27,LIMOSF21,4.2472228025933845,Ex-post DWA
2021-07-04,LIMOSF21,2.326832155016554,Ex-post DWA
2021-07-11,LIMOSF21,12.924412555842878,Ex-post DWA
2021-07-18,LIMOSF21,-7.113461824670878,Ex-post DWA
2021-07-25,LIMOSF21,-14.99924626594121,Ex-post DWA
2021-08-01,LIMOSF21,1.5090654819451146,Ex-post DWA
2021-08-08,LIMOSF21,-1.2514957417909187,Ex-post DWA
2021-08-15,LIMOSF21,4.567917265731978,Ex-post DWA
2021-08-22,LIMOSF21,10.326737131138177,Ex-post DWA
2021-08-29,LIMOSF21,10.456091945811472,Ex-post DWA
2021-09-05,LIMOSF21,9.400191817904233,Ex-post DWA
2021-09-12,LIMOSF21,9.088660388322797,Ex-post DWA
2021-09-19,LIMOSF21,15.394850420340013,Ex-post DWA
2021-09-26,LIMOSF21,8.652602258006691,Ex-post DWA
2021-10-03,LIMOSF21,9.45016334091602,Ex-post DWA
2021-10-10,LIMOSF21,21.100277088636464,Ex-post DWA
2021-10-17,LIMOSF21,6.774943396580589,Ex-post DWA
2021-10-24,LIMOSF21,3.505672000420901,Ex-post DWA
2021-10-31,LIMOSF21,13.251380833791707,Ex-post DWA
2021-11-07,LIMOSF21,1.187656748108175,Ex-post DWA
2021-11-14,LIMOSF21,9.586455276584594,Ex-post DWA
2021-11-21,LIMOSF21,20.706959602020632,Ex-post DWA
2021-11-28,LIMOSF21,22.562428783761,Ex-post DWA
2021-12-05,LIMOSF21,2.713335980278032,Ex-post DWA
2021-12-12,LIMOSF21,-0.7076837396471021,Ex-post DWA
2021-12-19,LIMOSF21,14.662049488953677,Ex-post DWA
2021-12-26,LIMOSF21,4.7375311241989095,Ex-post DWA
2022-01-02,LIMOSF21,-2.777219396097742,Ex-post DWA
2022-01-09,LIMOSF21,6.2635995454865565,Ex-post DWA
2022-01-16,LIMOSF21,-0.3441824292769695,Ex-post DWA
2022-01-23,LIMOSF21,0.3562914467660576,Ex-post DWA
2022-01-30,LIMOSF21,0.7403095112190812,Ex-post DWA
2022-02-06,LIMOSF21,2.0933126594605866,Ex-post DWA
2022-02-13,LIMOSF21,-0.5332991852839655,Ex-post DWA
2022-02-20,LIMOSF21,-2.3956110859762703,Ex-post DWA
2022-02-27,LIMOSF21,2.787157026171201,Ex-post DWA
2022-03-06,LIMOSF21,1.9874959479087266,Ex-post DWA
2022-03-13,LIMOSF21,4.472379331433288,Ex-post DWA
2022-03-20,LIMOSF21,4.096713777094976,Ex-post DWA
2022-03-27,LIMOSF21,0.9402062175903438,Ex-post DWA
2022-04-03,LIMOSF21,3.1990685462635895,Ex-post DWA
2022-04-10,LIMOSF21,6.469358574150277,Ex-post DWA
2022-04-17,LIMOSF21,3.140828098468319,Ex-post DWA
2022-04-24,LIMOSF21,3.3530068429531923,Ex-post DWA
2022-05-01,LIMOSF21,4.5022790709943195,Ex-post DWA
2022-05-08,LIMOSF21,-0.01636969317436865,Ex-post DWA
2022-05-15,LIMOSF21,5.522454840391049,Ex-post DWA
2022-05-22,LIMOSF21,7.497723345996405,Ex-post DWA
2022-05-29,LIMOSF21,-0.9913551378413672,Ex-post DWA
2022-06-05,LIMOSF21,1.660034841352001,Ex-post DWA
2022-06-12,LIMOSF21,0.3982408351816389,Ex-post DWA
2022-06-19,LIMOSF21,-11.062746334778524,Ex-post DWA
2022-06-26,LIMOSF21,2.318842089113673,Ex-post DWA
2022-07-03,LIMOSF21,14.975482119676371,Ex-post DWA
2022-07-10,LIMOSF21,6.347084033811541,Ex-post DWA
2022-07-17,LIMOSF21,18.183680570222975,Ex-post DWA
2022-07-24,LIMOSF21,0.6869831999183589,Ex-post DWA
2022-07-31,LIMOSF21,-2.9792052813313035,Ex-post DWA
2022-08-07,LIMOSF21,10.004678150329212,Ex-post DWA
2022-08-14,LIMOSF21,9.358954299798143,Ex-post DWA
2022-08-21,LIMOSF21,-1.595617435263435,Ex-post DWA
2022-08-28,LIMOSF21,-7.4187901190440755,Ex-post DWA
2022-09-04,LIMOSF21,-1.171895264297362,Ex-post DWA
2022-09-11,LIMOSF21,7.877458028962408,Ex-post DWA
2022-09-18,LIMOSF21,6.095491898486046,Ex-post DWA
2022-09-25,LIMOSF21,14.55005458294432,Ex-post DWA
2022-10-02,LIMOSF21,-4.956951322358265,Ex-post DWA
2022-10-09,LIMOSF21,6.29500596272463,Ex-post DWA
2022-10-16,LIMOSF21,-7.147564647485055,Ex-post DWA
2022-10-23,LIMOSF21,7.245708883666623,Ex-post DWA
2022-10-30,LIMOSF21,3.6897071825632537,Ex-post DWA
2022-11-06,LIMOSF21,1.722322861194158,Ex-post DWA
2022-11-13,LIMOSF21,7.555046739551599,Ex-post DWA
2022-11-20,LIMOSF21,-0.07971643847693599,Ex-post DWA
2022-11-27,LIMOSF21,3.63473944641035,Ex-post DWA
2022-12-04,LIMOSF21,-4.975625298312849,Ex-post DWA
2022-12-11,LIMOSF21,2.4177933089213113,Ex-post DWA
2022-12-18,LIMOSF21,10.455145765224032,Ex-post DWA
2022-12-25,LIMOSF21,3.520875541704207,Ex-post DWA
2023-01-01,LIMOSF21,3.4942455148263676,Ex-post DWA
2023-01-08,LIMOSF21,-5.1392075135852835,Ex-post DWA
2023-01-15,LIMOSF21,-0.8322670610736935,Ex-post DWA
2023-01-22,LIMOSF21,-0.5398418809358958,Ex-post DWA
2023-01-29,LIMOSF21,-1.8369251560904303,Ex-post DWA
2023-02-05,LIMOSF21,2.9350483280910424,Ex-post DWA
2023-02-12,LIMOSF21,1.799926882354825,Ex-post DWA
2023-02-19,LIMOSF21,-2.540215514012118,Ex-post DWA
2023-02-26,LIMOSF21,-1.4541909965769264,Ex-post DWA
2023-03-05,LIMOSF21,2.4986591010151926,Ex-post DWA
2023-03-12,LIMOSF21,-0.1186218335945739,Ex-post DWA
2023-03-19,LIMOSF21,-4.811991758998531,Ex-post DWA
2023-03-26,LIMOSF21,0.5459006658271903,Ex-post DWA
2023-04-02,LIMOSF21,1.8637429688343587,Ex-post DWA
2023-04-09,LIMOSF21,16.339197030550636,Ex-post DWA
2023-04-16,LIMOSF21,-0.8745221889336605,Ex-post DWA
2023-04-23,LIMOSF21,-1.7445667835790175,Ex-post DWA
2023-04-30,LIMOSF21,7.6886710264022895,Ex-post DWA
2023-05-07,LIMOSF21,-6.214599412856288,Ex-post DWA
2023-05-14,LIMOSF21,-6.407507969378457,Ex-post DWA
2023-05-21,LIMOSF21,2.720592277215431,Ex-post DWA
2023-05-28,LIMOSF21,-5.380517405004753,Ex-post DWA
2023-06-04,LIMOSF21,-4.764631251013384,Ex-post DWA
2023-06-11,LIMOSF21,3.9317814642716655,Ex-post DWA
2023-06-18,LIMOSF21,-6.321973695473943,Ex-post DWA
2023-06-25,LIMOSF21,-9.349366823800374,Ex-post DWA
2023-07-02,LIMOSF21,0.2912677921168978,Ex-post DWA
2023-07-09,LIMOSF21,3.4153205313119983,Ex-post DWA
2023-07-16,LIMOSF21,-4.432710032905337,Ex-post DWA
2023-07-23,LIMOSF21,-1.4330528759712493,Ex-post DWA
2023-07-30,LIMOSF21,-1.0840049276944228,Ex-post DWA
2023-08-06,LIMOSF21,4.916959341202535,Ex-post DWA
2023-08-13,LIMOSF21,2.2106853091210255,Ex-post DWA
2023-08-20,LIMOSF21,8.02228023673566,Ex-post DWA
2023-08-27,LIMOSF21,2.837661362765246,Ex-post DWA
2023-09-03,LIMOSF21,4.340159925454163,Ex-post DWA
2023-09-10,LIMOSF21,8.466726726027419,Ex-post DWA
2023-09-17,LIMOSF21,1.2622281490062228,Ex-post DWA
2023-09-24,LIMOSF21,3.943826522785926,Ex-post DWA
2023-10-01,LIMOSF21,10.084163313134255,Ex-post DWA
2023-10-08,LIMOSF21,-11.258463299697718,Ex-post DWA
2023-10-15,LIMOSF21,3.0918826728510087,Ex-post DWA
2023-10-22,LIMOSF21,5.699124846277686,Ex-post DWA
2023-10-29,LIMOSF21,16.41437546611707,Ex-post DWA
2023-11-05,LIMOSF21,9.959216838338456,Ex-post DWA
2023-11-12,LIMOSF21,15.223765222655288,Ex-post DWA
2023-11-19,LIMOSF21,9.119033412415504,Ex-post DWA
2023-11-26,LIMOSF21,6.716412892647391,Ex-post DWA
2023-12-03,LIMOSF21,4.782820847563791,Ex-post DWA
2023-12-10,LIMOSF21,-4.5115662055192445,Ex-post DWA
2023-12-17,LIMOSF21,0.1377658486446478,Ex-post DWA
2023-12-24,LIMOSF21,-0.2558453030522472,Ex-post DWA
2023-12-31,LIMOSF21,2.8732752891278217,Ex-post DWA
2024-01-07,LIMOSF21,1.4863809429869406,Ex-post DWA
2024-01-14,LIMOSF21,4.409857844677127,Ex-post DWA
2024-01-21,LIMOSF21,32.75650766236214,Ex-post DWA
2024-01-28,LIMOSF21,1.231528300048474,Ex-post DWA
2024-02-04,LIMOSF21,0.05383575189388523,Ex-post DWA
2024-02-11,LIMOSF21,0.48032493160595635,Ex-post DWA
2024-02-18,LIMOSF21,-3.58295746547833,Ex-post DWA
2024-02-25,LIMOSF21,-8.210611407995628,Ex-post DWA
2024-03-03,LIMOSF21,32.881467907247156,Ex-post DWA
2024-03-10,LIMOSF21,6.505248514766052,Ex-post DWA
2024-03-17,LIMOSF21,4.008276639632278,Ex-post DWA
2024-03-24,LIMOSF21,8.700687408384056,Ex-post DWA
2024-03-31,LIMOSF21,5.253508302689305,Ex-post DWA
2024-04-07,LIMOSF21,3.6823106224214115,Ex-post DWA
2024-04-14,LIMOSF21,3.954438355200587,Ex-post DWA
2024-04-21,LIMOSF21,4.843991438929706,Ex-post DWA
2024-04-28,LIMOSF21,7.612517700062053,Ex-post DWA
2024-05-05,LIMOSF21,0.48852197562781896,Ex-post DWA
2024-05-12,LIMOSF21,111.99525317273401,Ex-post DWA
2024-05-19,LIMOSF21,5.211915620034844,Ex-post DWA
2024-05-26,LIMOSF21,0.9114858194224951,Ex-post DWA
2024-06-02,LIMOSF21,9.053767476932748,Ex-post DWA
2024-06-09,LIMOSF21,2.0126973347345114,Ex-post DWA
2024-06-16,LIMOSF21,-21.283450269716816,Ex-post DWA
2024-06-23,LIMOSF21,4.278419927802844,Ex-post DWA
2024-06-30,LIMOSF21,-5.024480450325825,Ex-post DWA
2024-07-07,LIMOSF21,2.6746321816371363,Ex-post DWA
2024-07-14,LIMOSF21,-3.357198579023489,Ex-post DWA
2024-07-21,LIMOSF21,2.2615793515200195,Ex-post DWA
2024-07-28,LIMOSF21,5.168426555299156,Ex-post DWA
2024-08-04,LIMOSF21,2.1445244949919697,Ex-post DWA
2024-08-11,LIMOSF21,-10.832703824429956,Ex-post DWA
2024-08-18,LIMOSF21,10.09669491371966,Ex-post DWA
2024-08-25,LIMOSF21,13.32738386467469,Ex-post DWA
2024-09-01,LIMOSF21,13.731916986789198,Ex-post DWA
2024-09-08,LIMOSF21,7.961182163774714,Ex-post DWA
2024-09-15,LIMOSF21,14.707841813839984,Ex-post DWA
2024-09-22,LIMOSF21,9.525113810304155,Ex-post DWA
2024-09-29,LIMOSF21,0.8605095904941251,Ex-post DWA
2024-10-06,LIMOSF21,20.044380266356793,Ex-post DWA
2024-10-13,LIMOSF21,21.282498556653742,Ex-post DWA
2024-10-20,LIMOSF21,11.237151709831643,Ex-post DWA
2024-10-27,LIMOSF21,16.732235620048414,Ex-post DWA
2024-11-03,LIMOSF21,11.314709568449715,Ex-post DWA
2024-11-10,LIMOSF21,63.61433923597902,Ex-post DWA
2024-11-17,LIMOSF21,16.807431212687277,Ex-post DWA
2024-11-24,LIMOSF21,31.111708891132906,Ex-post DWA
2024-12-01,LIMOSF21,88.71382926967345,Ex-post DWA
2024-12-08,LIMOSF21,-39.34272349699381,Ex-post DWA
2024-12-15,LIMOSF21,14.676389941979537,Ex-post DWA
2024-12-22,LIMOSF21,14.437751262969641,Ex-post DWA
2024-12-29,LIMOSF21,35.213991617512946,Ex-post DWA
2025-01-05,LIMOSF21,7.341937499821519,Ex-post DWA
2020-01-05,MANSLR1,197.90083278827382,Ex-post DWA
2020-01-12,MANSLR1,-0.42898071673528193,Ex-post DWA
2020-01-19,MANSLR1,0.7560184408395472,Ex-post DWA
2020-01-26,MANSLR1,-16.059719899741495,Ex-post DWA
2020-02-02,MANSLR1,27.381739396841226,Ex-post DWA
2020-02-09,MANSLR1,0.38509941305917295,Ex-post DWA
2020-02-16,MANSLR1,-0.30744022916671554,Ex-post DWA
2020-02-23,MANSLR1,-0.6073527766998339,Ex-post DWA
2020-03-01,MANSLR1,-0.9515701859272241,Ex-post DWA
2020-03-08,MANSLR1,-1.222373480460341,Ex-post DWA
2020-03-15,MANSLR1,0.6974297973041459,Ex-post DWA
2020-03-22,MANSLR1,0.5588765856213271,Ex-post DWA
2020-03-29,MANSLR1,-0.37754721384800405,Ex-post DWA
2020-04-05,MANSLR1,0.5102068112503844,Ex-post DWA
2020-04-12,MANSLR1,-0.6568144107436495,Ex-post DWA
2020-04-19,MANSLR1,0.35250148935188363,Ex-post DWA
2020-04-26,MANSLR1,1.3017614249167195,Ex-post DWA
2020-05-03,MANSLR1,-0.6204126013211422,Ex-post DWA
2020-05-10,MANSLR1,0.4183425912192149,Ex-post DWA
2020-05-17,MANSLR1,0.12097328840602017,Ex-post DWA
2020-05-24,MANSLR1,0.25625061880113265,Ex-post DWA
2020-05-31,MANSLR1,-0.9413004326391032,Ex-post DWA
2020-06-07,MANSLR1,-0.6773894753999556,Ex-post DWA
2020-06-14,MANSLR1,-1.7107695514276315,Ex-post DWA
2020-06-21,MANSLR1,0.20913020946593974,Ex-post DWA
2020-06-28,MANSLR1,-0.5375474032307892,Ex-post DWA
2020-07-05,MANSLR1,0.22338851534431114,Ex-post DWA
2020-07-12,MANSLR1,-0.26639246918309567,Ex-post DWA
2020-07-19,MANSLR1,2.147428996940967,Ex-post DWA
2020-07-26,MANSLR1,0.9128217447423594,Ex-post DWA
2020-08-02,MANSLR1,-0.21544224527558953,Ex-post DWA
2020-08-09,MANSLR1,0.20796107441154987,Ex-post DWA
2020-08-16,MANSLR1,-0.45476195103434947,Ex-post DWA
2020-08-23,MANSLR1,-0.42038834888597876,Ex-post DWA
2020-08-30,MANSLR1,-0.05129964933547626,Ex-post DWA
2020-09-06,MANSLR1,0.04531271546340321,Ex-post DWA
2020-09-13,MANSLR1,-0.11030405617454164,Ex-post DWA
2020-09-20,MANSLR1,0.20860776996715202,Ex-post DWA
2020-09-27,MANSLR1,0.9233587763480315,Ex-post DWA
2020-10-04,MANSLR1,-0.025067881418671334,Ex-post DWA
2020-10-11,MANSLR1,-0.0650995375822987,Ex-post DWA
2020-10-18,MANSLR1,0.39769267861901625,Ex-post DWA
2020-10-25,MANSLR1,4.399901979369837,Ex-post DWA
2020-11-01,MANSLR1,0.6259312519032463,Ex-post DWA
2020-11-08,MANSLR1,0.12789821851015404,Ex-post DWA
2020-11-15,MANSLR1,0.508975699755247,Ex-post DWA
2020-11-22,MANSLR1,-10.538988209074176,Ex-post DWA
2020-11-29,MANSLR1,5.663266388827218,Ex-post DWA
2020-12-06,MANSLR1,2.8632824269832042,Ex-post DWA
2020-12-13,MANSLR1,-0.05169813361457187,Ex-post DWA
2020-12-20,MANSLR1,-112.60331244122202,Ex-post DWA
2020-12-27,MANSLR1,2.5961980040237904,Ex-post DWA
2021-01-03,MANSLR1,-1.129939347046033,Ex-post DWA
2021-01-10,MANSLR1,0.9847360156684886,Ex-post DWA
2021-01-17,MANSLR1,3.763953641639155,Ex-post DWA
2021-01-24,MANSLR1,8.89145146968012,Ex-post DWA
2021-01-31,MANSLR1,-1.3873144036430318,Ex-post DWA
2021-02-07,MANSLR1,0.5304860332893142,Ex-post DWA
2021-02-14,MANSLR1,1.2075800849126708,Ex-post DWA
2021-02-21,MANSLR1,2.282683257429632,Ex-post DWA
2021-02-28,MANSLR1,1.6624540470972562,Ex-post DWA
2021-03-07,MANSLR1,4.688393333577867,Ex-post DWA
2021-03-14,MANSLR1,0.7613537829231802,Ex-post DWA
2021-03-21,MANSLR1,-0.5050042953738796,Ex-post DWA
2021-03-28,MANSLR1,0.3716132950051332,Ex-post DWA
2021-04-04,MANSLR1,0.7230022756088417,Ex-post DWA
2021-04-11,MANSLR1,4.505241456175376,Ex-post DWA
2021-04-18,MANSLR1,-0.8810942278888803,Ex-post DWA
2021-04-25,MANSLR1,2.90213645775453,Ex-post DWA
2021-05-02,MANSLR1,4.0056793549556104,Ex-post DWA
2021-05-09,MANSLR1,0.15986140831034845,Ex-post DWA
2021-05-16,MANSLR1,0.24234607775554906,Ex-post DWA
2021-05-23,MANSLR1,-1.431921663336695,Ex-post DWA
2021-05-30,MANSLR1,1.137858558484055,Ex-post DWA
2021-06-06,MANSLR1,-5.8289895587830785,Ex-post DWA
2021-06-13,MANSLR1,-0.030194017024612663,Ex-post DWA
2021-06-20,MANSLR1,5.506962135219737,Ex-post DWA
2021-06-27,MANSLR1,-0.9689160464752717,Ex-post DWA
2021-07-04,MANSLR1,0.31066534828919146,Ex-post DWA
2021-07-11,MANSLR1,-4.824669125536673,Ex-post DWA
2021-07-18,MANSLR1,-5.569753022716085,Ex-post DWA
2021-07-25,MANSLR1,6.23975028419575,Ex-post DWA
2021-08-01,MANSLR1,3.4454418603293036,Ex-post DWA
2021-08-08,MANSLR1,-0.33094047920313585,Ex-post DWA
2021-08-15,MANSLR1,2.417944658814225,Ex-post DWA
2021-08-22,MANSLR1,7.9317434444873705,Ex-post DWA
2021-08-29,MANSLR1,1.4498555394474195,Ex-post DWA
2021-09-05,MANSLR1,1.7903619927921142,Ex-post DWA
2021-09-12,MANSLR1,10.657441681320451,Ex-post DWA
2021-09-19,MANSLR1,2.2396812215551734,Ex-post DWA
2021-09-26,MANSLR1,1.5377916309506325,Ex-post DWA
2021-10-03,MANSLR1,8.449091456146299,Ex-post DWA
2021-10-10,MANSLR1,31.182643161392562,Ex-post DWA
2021-10-17,MANSLR1,14.620290294396248,Ex-post DWA
2021-10-24,MANSLR1,2.762361605741134,Ex-post DWA
2021-10-31,MANSLR1,3.56490582817878,Ex-post DWA
2021-11-07,MANSLR1,-0.35073599327932925,Ex-post DWA
2021-11-14,MANSLR1,7.069971025467623,Ex-post DWA
2021-11-21,MANSLR1,28.75039607102991,Ex-post DWA
2021-11-28,MANSLR1,-7.445698422311615,Ex-post DWA
2021-12-05,MANSLR1,15.932114732886824,Ex-post DWA
2021-12-12,MANSLR1,7.256362231512966,Ex-post DWA
2021-12-19,MANSLR1,-0.4348035730493649,Ex-post DWA
2021-12-26,MANSLR1,0.40295936422270984,Ex-post DWA
2022-01-02,MANSLR1,9.677869467789272,Ex-post DWA
2022-01-09,MANSLR1,4.396258820505096,Ex-post DWA
2022-01-16,MANSLR1,3.845504392034954,Ex-post DWA
2022-01-23,MANSLR1,15.220859950951322,Ex-post DWA
2022-01-30,MANSLR1,-0.2888058564150384,Ex-post DWA
2022-02-06,MANSLR1,34.68483437504502,Ex-post DWA
2022-02-13,MANSLR1,7.593744744336824,Ex-post DWA
2022-02-20,MANSLR1,9.437145264571058,Ex-post DWA
2022-02-27,MANSLR1,-2.415338606764564,Ex-post DWA
2022-03-06,MANSLR1,6.493845351347531,Ex-post DWA
2022-03-13,MANSLR1,8.45247926671405,Ex-post DWA
2022-03-20,MANSLR1,13.613536984059209,Ex-post DWA
2022-03-27,MANSLR1,5.921672493297919,Ex-post DWA
2022-04-03,MANSLR1,13.416571287822677,Ex-post DWA
2022-04-10,MANSLR1,20.210959430073018,Ex-post DWA
2022-04-17,MANSLR1,53.314444600764546,Ex-post DWA
2022-04-24,MANSLR1,14.93523580603761,Ex-post DWA
2022-05-01,MANSLR1,7.481131290678917,Ex-post DWA
2022-05-08,MANSLR1,3.5679060515861067,Ex-post DWA
2022-05-15,MANSLR1,9.760202120017766,Ex-post DWA
2022-05-22,MANSLR1,9.276481457655308,Ex-post DWA
2022-05-29,MANSLR1,2.262184307606219,Ex-post DWA
2022-06-05,MANSLR1,4.768402787723403,Ex-post DWA
2022-06-12,MANSLR1,-10.405679356787346,Ex-post DWA
2022-06-19,MANSLR1,-10.689259561676863,Ex-post DWA
2022-06-26,MANSLR1,15.829602999451225,Ex-post DWA
2022-07-03,MANSLR1,-3.375728133828545,Ex-post DWA
2022-07-10,MANSLR1,-10.094138101407282,Ex-post DWA
2022-07-17,MANSLR1,-13.969415698082628,Ex-post DWA
2022-07-24,MANSLR1,12.764735595754843,Ex-post DWA
2022-07-31,MANSLR1,10.205133242488415,Ex-post DWA
2022-08-07,MANSLR1,7.333948246073106,Ex-post DWA
2022-08-14,MANSLR1,9.625293620969472,Ex-post DWA
2022-08-21,MANSLR1,3.9492504608897576,Ex-post DWA
2022-08-28,MANSLR1,15.693619218326532,Ex-post DWA
2022-09-04,MANSLR1,-7.599491138317902,Ex-post DWA
2022-09-11,MANSLR1,23.878831024353673,Ex-post DWA
2022-09-18,MANSLR1,70.32744107238172,Ex-post DWA
2022-09-25,MANSLR1,40.29451429827704,Ex-post DWA
2022-10-02,MANSLR1,24.267368544579625,Ex-post DWA
2022-10-09,MANSLR1,20.34355008669033,Ex-post DWA
2022-10-16,MANSLR1,12.458361406995564,Ex-post DWA
2022-10-23,MANSLR1,15.763209748511372,Ex-post DWA
2022-10-30,MANSLR1,83.06528141054261,Ex-post DWA
2022-11-06,MANSLR1,26.510332731129786,Ex-post DWA
2022-11-13,MANSLR1,21.758260492864295,Ex-post DWA
2022-11-20,MANSLR1,30.894716224807347,Ex-post DWA
2022-11-27,MANSLR1,45.2022009362727,Ex-post DWA
2022-12-04,MANSLR1,30.227645616586074,Ex-post DWA
2022-12-11,MANSLR1,17.27603988259967,Ex-post DWA
2022-12-18,MANSLR1,43.736973854875544,Ex-post DWA
2022-12-25,MANSLR1,42.02920662681807,Ex-post DWA
2023-01-01,MANSLR1,36.35755360566485,Ex-post DWA
2023-01-08,MANSLR1,34.47574099059562,Ex-post DWA
2023-01-15,MANSLR1,20.455859443055928,Ex-post DWA
2023-01-22,MANSLR1,15.88549543640599,Ex-post DWA
2023-01-29,MANSLR1,28.078012086780106,Ex-post DWA
2023-02-05,MANSLR1,39.49676630428718,Ex-post DWA
2023-02-12,MANSLR1,-6.232412147490614,Ex-post DWA
2023-02-19,MANSLR1,3.125912385619486,Ex-post DWA
2023-02-26,MANSLR1,22.5887563001747,Ex-post DWA
2023-03-05,MANSLR1,-3.4870805459179337,Ex-post DWA
2023-03-12,MANSLR1,11.839574232207454,Ex-post DWA
2023-03-19,MANSLR1,15.352015443406046,Ex-post DWA
2023-03-26,MANSLR1,-3.085835185984422,Ex-post DWA
2023-04-02,MANSLR1,14.356631961882158,Ex-post DWA
2023-04-09,MANSLR1,55.280879089907046,Ex-post DWA
2023-04-16,MANSLR1,8.591236601081427,Ex-post DWA
2023-04-23,MANSLR1,17.057115130260954,Ex-post DWA
2023-04-30,MANSLR1,-5.139324577954596,Ex-post DWA
2023-05-07,MANSLR1,6.441458490225244,Ex-post DWA
2023-05-14,MANSLR1,5.743810889503095,Ex-post DWA
2023-05-21,MANSLR1,0.844912807140787,Ex-post DWA
2023-05-28,MANSLR1,-2.12051255668122,Ex-post DWA
2023-06-04,MANSLR1,-0.3828681948667736,Ex-post DWA
2023-06-11,MANSLR1,1.4725751989730185,Ex-post DWA
2023-06-18,MANSLR1,7.888095846269891,Ex-post DWA
2023-06-25,MANSLR1,11.808883207975896,Ex-post DWA
2023-07-02,MANSLR1,0.41264734998435415,Ex-post DWA
2023-07-09,MANSLR1,52.60899291247265,Ex-post DWA
2023-07-16,MANSLR1,7.884156138078609,Ex-post DWA
2023-07-23,MANSLR1,1.332201826481878,Ex-post DWA
2023-07-30,MANSLR1,16.764665572940032,Ex-post DWA
2023-08-06,MANSLR1,11.3253980025506,Ex-post DWA
2023-08-13,MANSLR1,5.834214408220937,Ex-post DWA
2023-08-20,MANSLR1,13.498797371737645,Ex-post DWA
2023-08-27,MANSLR1,13.530523868640806,Ex-post DWA
2023-09-03,MANSLR1,16.632495494467676,Ex-post DWA
2023-09-10,MANSLR1,45.50250717676448,Ex-post DWA
2023-09-17,MANSLR1,52.08477000132527,Ex-post DWA
2023-09-24,MANSLR1,17.034764884861474,Ex-post DWA
2023-10-01,MANSLR1,27.455874552179388,Ex-post DWA
2023-10-08,MANSLR1,27.76226072003086,Ex-post DWA
2023-10-15,MANSLR1,45.506712379242245,Ex-post DWA
2023-10-22,MANSLR1,26.052446602479833,Ex-post DWA
2023-10-29,MANSLR1,38.67726875771761,Ex-post DWA
2023-11-05,MANSLR1,21.134822002644768,Ex-post DWA
2023-11-12,MANSLR1,49.19399702969672,Ex-post DWA
2023-11-19,MANSLR1,31.27249295707834,Ex-post DWA
2023-11-26,MANSLR1,6.38565460679083,Ex-post DWA
2023-12-03,MANSLR1,23.058024924665325,Ex-post DWA
2023-12-10,MANSLR1,-0.7412434297909698,Ex-post DWA
2023-12-17,MANSLR1,9.207815340440717,Ex-post DWA
2023-12-24,MANSLR1,19.962258787386105,Ex-post DWA
2023-12-31,MANSLR1,30.883035442707325,Ex-post DWA
2024-01-07,MANSLR1,3.6709507196238675,Ex-post DWA
2024-01-14,MANSLR1,9.798869331069888,Ex-post DWA
2024-01-21,MANSLR1,101.77390793483518,Ex-post DWA
2024-01-28,MANSLR1,6.815242670824816,Ex-post DWA
2024-02-04,MANSLR1,13.777345415937702,Ex-post DWA
2024-02-11,MANSLR1,19.81982263467951,Ex-post DWA
2024-02-18,MANSLR1,17.637893894040133,Ex-post DWA
2024-02-25,MANSLR1,48.7906616472023,Ex-post DWA
2024-03-03,MANSLR1,-0.05432472119338172,Ex-post DWA
2024-03-10,MANSLR1,16.08348559511453,Ex-post DWA
2024-03-17,MANSLR1,17.082117566014595,Ex-post DWA
2024-03-24,MANSLR1,11.389025673689332,Ex-post DWA
2024-03-31,MANSLR1,15.791274432564215,Ex-post DWA
2024-04-07,MANSLR1,9.5424544398562,Ex-post DWA
2024-04-14,MANSLR1,28.081987489036646,Ex-post DWA
2024-04-21,MANSLR1,11.088941965375668,Ex-post DWA
2024-04-28,MANSLR1,31.081380604097784,Ex-post DWA
2024-05-05,MANSLR1,7.820852711528161,Ex-post DWA
2024-05-12,MANSLR1,205.15701296901926,Ex-post DWA
2024-05-19,MANSLR1,9.294301030239602,Ex-post DWA
2024-05-26,MANSLR1,10.46007402497294,Ex-post DWA
2024-06-02,MANSLR1,4.470963399731744,Ex-post DWA
2024-06-09,MANSLR1,3.358447223659269,Ex-post DWA
2024-06-16,MANSLR1,24.50329564075375,Ex-post DWA
2024-06-23,MANSLR1,-5.300069948193425,Ex-post DWA
2024-06-30,MANSLR1,10.769719765146185,Ex-post DWA
2024-07-07,MANSLR1,-0.5284652904646663,Ex-post DWA
2024-07-14,MANSLR1,9.969069511645401,Ex-post DWA
2024-07-21,MANSLR1,12.912721777571619,Ex-post DWA
2024-07-28,MANSLR1,10.588935036111096,Ex-post DWA
2024-08-04,MANSLR1,1.4372846343548673,Ex-post DWA
2024-08-11,MANSLR1,-44.5721455418626,Ex-post DWA
2024-08-18,MANSLR1,10.431162592786166,Ex-post DWA
2024-08-25,MANSLR1,27.86263800441631,Ex-post DWA
2024-09-01,MANSLR1,85.93283037638028,Ex-post DWA
2024-09-08,MANSLR1,37.77743025045798,Ex-post DWA
2024-09-15,MANSLR1,38.64009669189397,Ex-post DWA
2024-09-22,MANSLR1,46.664108901297794,Ex-post DWA
2024-09-29,MANSLR1,16.094776668327896,Ex-post DWA
2024-10-06,MANSLR1,23.197810715992905,Ex-post DWA
2024-10-13,MANSLR1,15.558419547823938,Ex-post DWA
2024-10-20,MANSLR1,14.605588947737225,Ex-post DWA
2024-10-27,MANSLR1,50.04590748361646,Ex-post DWA
2024-11-03,MANSLR1,37.310628307561934,Ex-post DWA
2024-11-10,MANSLR1,115.08046435836597,Ex-post DWA
2024-11-17,MANSLR1,23.537224596928468,Ex-post DWA
2024-11-24,MANSLR1,211.21223395838712,Ex-post DWA
2024-12-01,MANSLR1,-151.49567052915856,Ex-post DWA
2024-12-08,MANSLR1,110.49841321351872,Ex-post DWA
2024-12-15,MANSLR1,85.62983977706715,Ex-post DWA
2024-12-22,MANSLR1,93.17031229031862,Ex-post DWA
2024-12-29,MANSLR1,56.222422277707224,Ex-post DWA
2025-01-05,MANSLR1,26.706073300837488,Ex-post DWA
2020-01-05,MOREESF1,163.80169247240553,Ex-post DWA
2020-01-12,MOREESF1,0.6831573754100404,Ex-post DWA
2020-01-19,MOREESF1,2.1595136285353647,Ex-post DWA
2020-01-26,MOREESF1,-5.2598079777353774,Ex-post DWA
2020-02-02,MOREESF1,13.920569158893386,Ex-post DWA
2020-02-09,MOREESF1,-2.4354440107287445,Ex-post DWA
2020-02-16,MOREESF1,-2.8161969725453986,Ex-post DWA
2020-02-23,MOREESF1,2.415591593971243,Ex-post DWA
2020-03-01,MOREESF1,-0.9629233996810598,Ex-post DWA
2020-03-08,MOREESF1,1.03248360255391,Ex-post DWA
2020-03-15,MOREESF1,-0.7022670367965134,Ex-post DWA
2020-03-22,MOREESF1,0.3443064787348433,Ex-post DWA
2020-03-29,MOREESF1,0.8743881963585522,Ex-post DWA
2020-04-05,MOREESF1,-12.762158007140478,Ex-post DWA
2020-04-12,MOREESF1,1.720079995941937,Ex-post DWA
2020-04-19,MOREESF1,-0.3376960517972236,Ex-post DWA
2020-04-26,MOREESF1,0.4313067915807274,Ex-post DWA
2020-05-03,MOREESF1,3.1570401655772145,Ex-post DWA
2020-05-10,MOREESF1,-1.7911791391189738,Ex-post DWA
2020-05-17,MOREESF1,0.03250709548073161,Ex-post DWA
2020-05-24,MOREESF1,-0.699146554708669,Ex-post DWA
2020-05-31,MOREESF1,0.7858529776270871,Ex-post DWA
2020-06-07,MOREESF1,1.4631357604154545,Ex-post DWA
2020-06-14,MOREESF1,7.122562730390129,Ex-post DWA
2020-06-21,MOREESF1,0.7567660584851907,Ex-post DWA
2020-06-28,MOREESF1,2.629098156886542,Ex-post DWA
2020-07-05,MOREESF1,0.4641890408416671,Ex-post DWA
2020-07-12,MOREESF1,0.4668190825266336,Ex-post DWA
2020-07-19,MOREESF1,1.1428815283181422,Ex-post DWA
2020-07-26,MOREESF1,1.8716246833481875,Ex-post DWA
2020-08-02,MOREESF1,0.9444777561206195,Ex-post DWA
2020-08-09,MOREESF1,0.42619316794008455,Ex-post DWA
2020-08-16,MOREESF1,1.0718745534137355,Ex-post DWA
2020-08-23,MOREESF1,1.145455824484067,Ex-post DWA
2020-08-30,MOREESF1,4.779881166067206,Ex-post DWA
2020-09-06,MOREESF1,1.386240266609768,Ex-post DWA
2020-09-13,MOREESF1,1.0575395308709332,Ex-post DWA
2020-09-20,MOREESF1,1.5820747851357027,Ex-post DWA
2020-09-27,MOREESF1,1.6626440544133274,Ex-post DWA
2020-10-04,MOREESF1,0.4064431731986282,Ex-post DWA
2020-10-11,MOREESF1,13.945567260825989,Ex-post DWA
2020-10-18,MOREESF1,1.9711520846709192,Ex-post DWA
2020-10-25,MOREESF1,23.480684418195118,Ex-post DWA
2020-11-01,MOREESF1,2.310895552481341,Ex-post DWA
2020-11-08,MOREESF1,0.017771804507759725,Ex-post DWA
2020-11-15,MOREESF1,0.3390137346650661,Ex-post DWA
2020-11-22,MOREESF1,6.173887486357785,Ex-post DWA
2020-11-29,MOREESF1,-8.922169001118704,Ex-post DWA
2020-12-06,MOREESF1,-9.77312453279233,Ex-post DWA
2020-12-13,MOREESF1,0.5871840276377398,Ex-post DWA
2020-12-20,MOREESF1,61.22505411029201,Ex-post DWA
2020-12-27,MOREESF1,-1.3422453115383597,Ex-post DWA
2021-01-03,MOREESF1,-0.6528826952040347,Ex-post DWA
2021-01-10,MOREESF1,-0.4677624759583807,Ex-post DWA
2021-01-17,MOREESF1,1.8385034079759421,Ex-post DWA
2021-01-24,MOREESF1,0.9731183408385462,Ex-post DWA
2021-01-31,MOREESF1,0.290818402658779,Ex-post DWA
2021-02-07,MOREESF1,0.6957059508085024,Ex-post DWA
2021-02-14,MOREESF1,0.0586381397885134,Ex-post DWA
2021-02-21,MOREESF1,0.30338813311585966,Ex-post DWA
2021-02-28,MOREESF1,-0.5866741442653662,Ex-post DWA
2021-03-07,MOREESF1,0.36954391712379575,Ex-post DWA
2021-03-14,MOREESF1,0.050790584526787086,Ex-post DWA
2021-03-21,MOREESF1,2.075853739858694,Ex-post DWA
2021-03-28,MOREESF1,0.11835257600765914,Ex-post DWA
2021-04-04,MOREESF1,-0.06896057863430727,Ex-post DWA
2021-04-11,MOREESF1,-0.25328719096345864,Ex-post DWA
2021-04-18,MOREESF1,-0.29156461754089946,Ex-post DWA
2021-04-25,MOREESF1,4.296108275997788,Ex-post DWA
2021-05-02,MOREESF1,6.109173355722618,Ex-post DWA
2021-05-09,MOREESF1,0.15983004627199193,Ex-post DWA
2021-05-16,MOREESF1,1.4593901434921293,Ex-post DWA
2021-05-23,MOREESF1,7.269881689507052,Ex-post DWA
2021-05-30,MOREESF1,3.6061050256102547,Ex-post DWA
2021-06-06,MOREESF1,-1.047587191702121,Ex-post DWA
2021-06-13,MOREESF1,5.505813298937582,Ex-post DWA
2021-06-20,MOREESF1,-2.360607170190562,Ex-post DWA
2021-06-27,MOREESF1,4.72527079561614,Ex-post DWA
2021-07-04,MOREESF1,-2.8032342892941244,Ex-post DWA
2021-07-11,MOREESF1,-11.90085304808099,Ex-post DWA
2021-07-18,MOREESF1,-36.14344695734446,Ex-post DWA
2021-07-25,MOREESF1,22.49097455746403,Ex-post DWA
2021-08-01,MOREESF1,1.3907050751215166,Ex-post DWA
2021-08-08,MOREESF1,1.2110590545248172,Ex-post DWA
2021-08-15,MOREESF1,9.731888671768225,Ex-post DWA
2021-08-22,MOREESF1,-3.583099235742999,Ex-post DWA
2021-08-29,MOREESF1,-1.3970213599274786,Ex-post DWA
2021-09-05,MOREESF1,4.016792946220491,Ex-post DWA
2021-09-12,MOREESF1,-1.4848090016500293,Ex-post DWA
2021-09-19,MOREESF1,9.68567952595484,Ex-post DWA
2021-09-26,MOREESF1,-3.776425879024771,Ex-post DWA
2021-10-03,MOREESF1,-17.11301873730255,Ex-post DWA
2021-10-10,MOREESF1,-3.511563629402157,Ex-post DWA
2021-10-17,MOREESF1,3.82347302079922,Ex-post DWA
2021-10-24,MOREESF1,0.11714814550854413,Ex-post DWA
2021-10-31,MOREESF1,0.5813247659569498,Ex-post DWA
2021-11-07,MOREESF1,2.289908495871849,Ex-post DWA
2021-11-14,MOREESF1,-2.8583260590216284,Ex-post DWA
2021-11-21,MOREESF1,22.573739044048068,Ex-post DWA
2021-11-28,MOREESF1,11.735339518201819,Ex-post DWA
2021-12-05,MOREESF1,-2.484361598434255,Ex-post DWA
2021-12-12,MOREESF1,-0.09691144962575748,Ex-post DWA
2021-12-19,MOREESF1,5.692988666302142,Ex-post DWA
2021-12-26,MOREESF1,-2.447967562309202,Ex-post DWA
2022-01-02,MOREESF1,-2.9062080985625087,Ex-post DWA
2022-01-09,MOREESF1,0.7083753239197819,Ex-post DWA
2022-01-16,MOREESF1,1.5010752634389775,Ex-post DWA
2022-01-23,MOREESF1,3.885180642919856,Ex-post DWA
2022-01-30,MOREESF1,-1.6570911518069806,Ex-post DWA
2022-02-06,MOREESF1,-9.536801603318018,Ex-post DWA
2022-02-13,MOREESF1,-0.31153844193917024,Ex-post DWA
2022-02-20,MOREESF1,-3.4618301784929457,Ex-post DWA
2022-02-27,MOREESF1,-7.9534302717290615,Ex-post DWA
2022-03-06,MOREESF1,0.6550624200800144,Ex-post DWA
2022-03-13,MOREESF1,0.7787391601731457,Ex-post DWA
2022-03-20,MOREESF1,-21.599749293953955,Ex-post DWA
2022-03-27,MOREESF1,-0.7504696855503283,Ex-post DWA
2022-04-03,MOREESF1,9.969041239069298,Ex-post DWA
2022-04-10,MOREESF1,0.35743334737202304,Ex-post DWA
2022-04-17,MOREESF1,2.5253877583339204,Ex-post DWA
2022-04-24,MOREESF1,6.917850680087369,Ex-post DWA
2022-05-01,MOREESF1,-0.34044736975079104,Ex-post DWA
2022-05-08,MOREESF1,-2.454019781478962,Ex-post DWA
2022-05-15,MOREESF1,-3.6309322926548475,Ex-post DWA
2022-05-22,MOREESF1,-18.856303062480492,Ex-post DWA
2022-05-29,MOREESF1,3.974984902559413,Ex-post DWA
2022-06-05,MOREESF1,-21.249805507480858,Ex-post DWA
2022-06-12,MOREESF1,5.607477797373576,Ex-post DWA
2022-06-19,MOREESF1,4.322997831475448,Ex-post DWA
2022-06-26,MOREESF1,15.900072245481908,Ex-post DWA
2022-07-03,MOREESF1,-9.729046364196506,Ex-post DWA
2022-07-10,MOREESF1,-5.636405570768659,Ex-post DWA
2022-07-17,MOREESF1,10.755746559862473,Ex-post DWA
2022-07-24,MOREESF1,4.288515352584966,Ex-post DWA
2022-07-31,MOREESF1,16.608469874295054,Ex-post DWA
2022-08-07,MOREESF1,-0.5838244084558397,Ex-post DWA
2022-08-14,MOREESF1,-4.824810201772635,Ex-post DWA
2022-08-21,MOREESF1,2.9192007514945857,Ex-post DWA
2022-08-28,MOREESF1,9.281330945615991,Ex-post DWA
2022-09-04,MOREESF1,-10.957953125529116,Ex-post DWA
2022-09-11,MOREESF1,2.9297348506854775,Ex-post DWA
2022-09-18,MOREESF1,-10.075613712258317,Ex-post DWA
2022-09-25,MOREESF1,-2.3112729617075516,Ex-post DWA
2022-10-02,MOREESF1,10.228527145724499,Ex-post DWA
2022-10-09,MOREESF1,-6.305607751671374,Ex-post DWA
2022-10-16,MOREESF1,10.30450646482069,Ex-post DWA
2022-10-23,MOREESF1,-7.258403357515547,Ex-post DWA
2022-10-30,MOREESF1,-0.1966368933747873,Ex-post DWA
2022-11-06,MOREESF1,-10.217326966692696,Ex-post DWA
2022-11-13,MOREESF1,2.2000391054715323,Ex-post DWA
2022-11-20,MOREESF1,2.5062816191389174,Ex-post DWA
2022-11-27,MOREESF1,-4.346364161264987,Ex-post DWA
2022-12-04,MOREESF1,-10.388278556354528,Ex-post DWA
2022-12-11,MOREESF1,0.1818347444095494,Ex-post DWA
2022-12-18,MOREESF1,3.5013874295297427,Ex-post DWA
2022-12-25,MOREESF1,-9.025469413570526,Ex-post DWA
2023-01-01,MOREESF1,2.165887706200678,Ex-post DWA
2023-01-08,MOREESF1,-0.30281525515659524,Ex-post DWA
2023-01-15,MOREESF1,-2.370200592106073,Ex-post DWA
2023-01-22,MOREESF1,1.291389598849392,Ex-post DWA
2023-01-29,MOREESF1,9.828442056128438,Ex-post DWA
2023-02-05,MOREESF1,-7.373954959125328,Ex-post DWA
2023-02-12,MOREESF1,-4.552503089983659,Ex-post DWA
2023-02-19,MOREESF1,-2.3113590565401836,Ex-post DWA
2023-02-26,MOREESF1,-5.322437122990408,Ex-post DWA
2023-03-05,MOREESF1,-0.03260365698524481,Ex-post DWA
2023-03-12,MOREESF1,1.0499602500149479,Ex-post DWA
2023-03-19,MOREESF1,-7.64217283534424,Ex-post DWA
2023-03-26,MOREESF1,-2.9834056557965596,Ex-post DWA
2023-04-02,MOREESF1,6.27505752303621,Ex-post DWA
2023-04-09,MOREESF1,-68.78463156598895,Ex-post DWA
2023-04-16,MOREESF1,-32.43372159302603,Ex-post DWA
2023-04-23,MOREESF1,-1.7120579337597803,Ex-post DWA
2023-04-30,MOREESF1,-1.10879349702968,Ex-post DWA
2023-05-07,MOREESF1,5.555957406724602,Ex-post DWA
2023-05-14,MOREESF1,3.9616442263043865,Ex-post DWA
2023-05-21,MOREESF1,-6.321651119151625,Ex-post DWA
2023-05-28,MOREESF1,4.730093075674162,Ex-post DWA
2023-06-04,MOREESF1,5.289486665301524,Ex-post DWA
2023-06-11,MOREESF1,2.445962219984345,Ex-post DWA
2023-06-18,MOREESF1,1.625060472775246,Ex-post DWA
2023-06-25,MOREESF1,4.153405934213126,Ex-post DWA
2023-07-02,MOREESF1,-0.7909710216761852,Ex-post DWA
2023-07-09,MOREESF1,-17.014766398524603,Ex-post DWA
2023-07-16,MOREESF1,1.7814111910670434,Ex-post DWA
2023-07-23,MOREESF1,2.7173577408589438,Ex-post DWA
2023-07-30,MOREESF1,-0.4367712772134098,Ex-post DWA
2023-08-06,MOREESF1,-3.9945450741091193,Ex-post DWA
2023-08-13,MOREESF1,1.6115864346050017,Ex-post DWA
2023-08-20,MOREESF1,-10.223669403959747,Ex-post DWA
2023-08-27,MOREESF1,6.262536137868253,Ex-post DWA
2023-09-03,MOREESF1,2.105502057084639,Ex-post DWA
2023-09-10,MOREESF1,-4.007734396797611,Ex-post DWA
2023-09-17,MOREESF1,-10.45157072216094,Ex-post DWA
2023-09-24,MOREESF1,-3.2498440286744046,Ex-post DWA
2023-10-01,MOREESF1,-12.248558205598021,Ex-post DWA
2023-10-08,MOREESF1,4.468065868186681,Ex-post DWA
2023-10-15,MOREESF1,-2.4765743945533147,Ex-post DWA
2023-10-22,MOREESF1,-6.1873539503580215,Ex-post DWA
2023-10-29,MOREESF1,-2.0756573003142336,Ex-post DWA
2023-11-05,MOREESF1,-8.235162440251088,Ex-post DWA
2023-11-12,MOREESF1,-6.774099887296899,Ex-post DWA
2023-11-19,MOREESF1,-8.99136969327953,Ex-post DWA
2023-11-26,MOREESF1,-2.8053591928408608,Ex-post DWA
2023-12-03,MOREESF1,-2.0774765511393447,Ex-post DWA
2023-12-10,MOREESF1,8.631697374126972,Ex-post DWA
2023-12-17,MOREESF1,-2.6843345578619875,Ex-post DWA
2023-12-24,MOREESF1,-2.4959275572920134,Ex-post DWA
2023-12-31,MOREESF1,-2.076046377514224,Ex-post DWA
2024-01-07,MOREESF1,-0.06870188019747303,Ex-post DWA
2024-01-14,MOREESF1,-5.860960442294491,Ex-post DWA
2024-01-21,MOREESF1,-15.614801011447739,Ex-post DWA
2024-01-28,MOREESF1,3.4464529429987394,Ex-post DWA
2024-02-04,MOREESF1,-13.135643409596597,Ex-post DWA
2024-02-11,MOREESF1,1.5211433692784055,Ex-post DWA
2024-02-18,MOREESF1,-4.059988990931231,Ex-post DWA
2024-02-25,MOREESF1,1.2907687594723711,Ex-post DWA
2024-03-03,MOREESF1,65.86581245925998,Ex-post DWA
2024-03-10,MOREESF1,-1.7630237539303266,Ex-post DWA
2024-03-17,MOREESF1,-0.49051737917106664,Ex-post DWA
2024-03-24,MOREESF1,-0.7700908453591708,Ex-post DWA
2024-03-31,MOREESF1,-7.041869756680974,Ex-post DWA
2024-04-07,MOREESF1,-5.0281106439135925,Ex-post DWA
2024-04-14,MOREESF1,-1.8456767781328196,Ex-post DWA
2024-04-21,MOREESF1,-1.4991506799271406,Ex-post DWA
2024-04-28,MOREESF1,-0.276096383339862,Ex-post DWA
2024-05-05,MOREESF1,3.58844921492512,Ex-post DWA
2024-05-12,MOREESF1,-57.03900845097718,Ex-post DWA
2024-05-19,MOREESF1,0.8012956269929674,Ex-post DWA
2024-05-26,MOREESF1,7.52054007917927,Ex-post DWA
2024-06-02,MOREESF1,-5.678048660073664,Ex-post DWA
2024-06-09,MOREESF1,1.5483128069067504,Ex-post DWA
2024-06-16,MOREESF1,17.28508628495382,Ex-post DWA
2024-06-23,MOREESF1,8.444258886142592,Ex-post DWA
2024-06-30,MOREESF1,16.355006310626514,Ex-post DWA
2024-07-07,MOREESF1,3.184038549149207,Ex-post DWA
2024-07-14,MOREESF1,3.7619562103256072,Ex-post DWA
2024-07-21,MOREESF1,-3.6311225215246807,Ex-post DWA
2024-07-28,MOREESF1,-4.676255973023977,Ex-post DWA
2024-08-04,MOREESF1,3.8873651502809423,Ex-post DWA
2024-08-11,MOREESF1,-21.72910661302521,Ex-post DWA
2024-08-18,MOREESF1,-24.491032183029105,Ex-post DWA
2024-08-25,MOREESF1,-0.9512846570755826,Ex-post DWA
2024-09-01,MOREESF1,-8.681385053621224,Ex-post DWA
2024-09-08,MOREESF1,-4.339783052132935,Ex-post DWA
2024-09-15,MOREESF1,-8.1526948199201,Ex-post DWA
2024-09-22,MOREESF1,-11.031270577092195,Ex-post DWA
2024-09-29,MOREESF1,2.944758885698093,Ex-post DWA
2024-10-06,MOREESF1,-11.106719625018549,Ex-post DWA
2024-10-13,MOREESF1,-10.865810914140702,Ex-post DWA
2024-10-20,MOREESF1,-18.77915741283004,Ex-post DWA
2024-10-27,MOREESF1,-5.53097138304803,Ex-post DWA
2024-11-03,MOREESF1,-7.3792433129868655,Ex-post DWA
2024-11-10,MOREESF1,0.637539217620116,Ex-post DWA
2024-11-17,MOREESF1,-12.302109062088704,Ex-post DWA
2024-11-24,MOREESF1,-18.710865483392055,Ex-post DWA
2024-12-01,MOREESF1,-14.20964818827531,Ex-post DWA
2024-12-08,MOREESF1,-6.068718713420708,Ex-post DWA
2024-12-15,MOREESF1,-18.583112543164077,Ex-post DWA
2024-12-22,MOREESF1,-5.128814434316354,Ex-post DWA
2024-12-29,MOREESF1,-9.075215289745035,Ex-post DWA
2025-01-05,MOREESF1,-7.732117991101873,Ex-post DWA
2020-01-05,NEVERSF1,218.31611233240113,Ex-post DWA
2020-01-12,NEVERSF1,0.3303337043333059,Ex-post DWA
2020-01-19,NEVERSF1,0.47862304851619086,Ex-post DWA
2020-01-26,NEVERSF1,9.489496580071773,Ex-post DWA
2020-02-02,NEVERSF1,155.9810864810736,Ex-post DWA
2020-02-09,NEVERSF1,-0.0649968673540684,Ex-post DWA
2020-02-16,NEVERSF1,0.5070932275539022,Ex-post DWA
2020-02-23,NEVERSF1,-0.524031105355725,Ex-post DWA
2020-03-01,NEVERSF1,9.07622649331357,Ex-post DWA
2020-03-08,NEVERSF1,-2.4026844928357036,Ex-post DWA
2020-03-15,NEVERSF1,-0.4785297259529244,Ex-post DWA
2020-03-22,NEVERSF1,6.120780630238897,Ex-post DWA
2020-03-29,NEVERSF1,-0.8954804239684222,Ex-post DWA
2020-04-05,NEVERSF1,-1.913902373735688,Ex-post DWA
2020-04-12,NEVERSF1,0.08472816099268243,Ex-post DWA
2020-04-19,NEVERSF1,-0.6716622677307562,Ex-post DWA
2020-04-26,NEVERSF1,11.828683842783622,Ex-post DWA
2020-05-03,NEVERSF1,-4.720607611892802,Ex-post DWA
2020-05-10,NEVERSF1,4.026619774183427,Ex-post DWA
2020-05-17,NEVERSF1,0.6427853916055213,Ex-post DWA
2020-05-24,NEVERSF1,-0.46619706801513416,Ex-post DWA
2020-05-31,NEVERSF1,0.061603303862803216,Ex-post DWA
2020-06-07,NEVERSF1,-0.05764202539771901,Ex-post DWA
2020-06-14,NEVERSF1,-1.0612196007525938,Ex-post DWA
2020-06-21,NEVERSF1,0.15852285989932824,Ex-post DWA
2020-06-28,NEVERSF1,0.09445690819043051,Ex-post DWA
2020-07-05,NEVERSF1,-0.05734741399164278,Ex-post DWA
2020-07-12,NEVERSF1,-0.015931890578123387,Ex-post DWA
2020-07-19,NEVERSF1,-0.44932305266319617,Ex-post DWA
2020-07-26,NEVERSF1,-0.5438291316681187,Ex-post DWA
2020-08-02,NEVERSF1,-0.14602807640066118,Ex-post DWA
2020-08-09,NEVERSF1,0.15102965362725485,Ex-post DWA
2020-08-16,NEVERSF1,-1.4374249690204124,Ex-post DWA
2020-08-23,NEVERSF1,-0.26910263764061426,Ex-post DWA
2020-08-30,NEVERSF1,3.133687193183057,Ex-post DWA
2020-09-06,NEVERSF1,-1.5264107965452354,Ex-post DWA
2020-09-13,NEVERSF1,-0.06615483037392522,Ex-post DWA
2020-09-20,NEVERSF1,0.41282218737306664,Ex-post DWA
2020-09-27,NEVERSF1,-0.3127954992540367,Ex-post DWA
2020-10-04,NEVERSF1,-0.5954225393727874,Ex-post DWA
2020-10-11,NEVERSF1,3.1090286037898167,Ex-post DWA
2020-10-18,NEVERSF1,0.7019798713329806,Ex-post DWA
2020-10-25,NEVERSF1,6.590065761075117,Ex-post DWA
2020-11-01,NEVERSF1,0.1916752350224371,Ex-post DWA
2020-11-08,NEVERSF1,-0.5054344017581087,Ex-post DWA
2020-11-15,NEVERSF1,-0.059496481964842474,Ex-post DWA
2020-11-22,NEVERSF1,9.4128616051849,Ex-post DWA
2020-11-29,NEVERSF1,-1.4688124187653173,Ex-post DWA
2020-12-06,NEVERSF1,1.677554653771793,Ex-post DWA
2020-12-13,NEVERSF1,-1.0258449446207862,Ex-post DWA
2020-12-20,NEVERSF1,32.32169937478423,Ex-post DWA
2020-12-27,NEVERSF1,0.015229983545253845,Ex-post DWA
2021-01-03,NEVERSF1,0.0006341207450439867,Ex-post DWA
2021-01-10,NEVERSF1,-0.11747179535083774,Ex-post DWA
2021-01-17,NEVERSF1,-2.1508268606742433,Ex-post DWA
2021-01-24,NEVERSF1,0.5623486140851668,Ex-post DWA
2021-01-31,NEVERSF1,-0.28674499406454856,Ex-post DWA
2021-02-07,NEVERSF1,0.10750175798704475,Ex-post DWA
2021-02-14,NEVERSF1,-0.2567141720580324,Ex-post DWA
2021-02-21,NEVERSF1,-0.34622645505199756,Ex-post DWA
2021-02-28,NEVERSF1,-0.688315861836184,Ex-post DWA
2021-03-07,NEVERSF1,-0.30651418464611524,Ex-post DWA
2021-03-14,NEVERSF1,-0.12920444008044285,Ex-post DWA
2021-03-21,NEVERSF1,-0.6922591333433203,Ex-post DWA
2021-03-28,NEVERSF1,-0.3857799901944503,Ex-post DWA
2021-04-04,NEVERSF1,-0.6472347635258195,Ex-post DWA
2021-04-11,NEVERSF1,-0.8824824748236537,Ex-post DWA
2021-04-18,NEVERSF1,-1.6777761171704313,Ex-post DWA
2021-04-25,NEVERSF1,0.641149199602701,Ex-post DWA
2021-05-02,NEVERSF1,-0.6901304798509358,Ex-post DWA
2021-05-09,NEVERSF1,-0.49171233599300024,Ex-post DWA
2021-05-16,NEVERSF1,-1.11195022363367,Ex-post DWA
2021-05-23,NEVERSF1,-5.4012480501815645,Ex-post DWA
2021-05-30,NEVERSF1,-2.2166447684275923,Ex-post DWA
2021-06-06,NEVERSF1,-1.2688600223522855,Ex-post DWA
2021-06-13,NEVERSF1,4.037025824708252,Ex-post DWA
2021-06-20,NEVERSF1,3.333943008460352,Ex-post DWA
2021-06-27,NEVERSF1,-9.021067949834944,Ex-post DWA
2021-07-04,NEVERSF1,-1.3601950363772346,Ex-post DWA
2021-07-11,NEVERSF1,-3.843983048035568,Ex-post DWA
2021-07-18,NEVERSF1,4.422122481979258,Ex-post DWA
2021-07-25,NEVERSF1,0.11868816118786185,Ex-post DWA
2021-08-01,NEVERSF1,0.47399481254765874,Ex-post DWA
2021-08-08,NEVERSF1,0.36533688665807773,Ex-post DWA
2021-08-15,NEVERSF1,2.6580610715339326,Ex-post DWA
2021-08-22,NEVERSF1,-0.05553311475407341,Ex-post DWA
2021-08-29,NEVERSF1,-3.221593649292231,Ex-post DWA
2021-09-05,NEVERSF1,-3.6132984305266156,Ex-post DWA
2021-09-12,NEVERSF1,-1.2731861765635415,Ex-post DWA
2021-09-19,NEVERSF1,-4.468701142688598,Ex-post DWA
2021-09-26,NEVERSF1,-0.9908068016995593,Ex-post DWA
2021-10-03,NEVERSF1,1.1604659257777712,Ex-post DWA
2021-10-10,NEVERSF1,4.131427154947841,Ex-post DWA
2021-10-17,NEVERSF1,-3.5668755474616205,Ex-post DWA
2021-10-24,NEVERSF1,-0.5607047522987543,Ex-post DWA
2021-10-31,NEVERSF1,-2.033721739741736,Ex-post DWA
2021-11-07,NEVERSF1,-1.8038491775308714,Ex-post DWA
2021-11-14,NEVERSF1,-4.425790168934299,Ex-post DWA
2021-11-21,NEVERSF1,8.585918358411348,Ex-post DWA
2021-11-28,NEVERSF1,-4.211477726627045,Ex-post DWA
2021-12-05,NEVERSF1,-2.7014785337118568,Ex-post DWA
2021-12-12,NEVERSF1,-1.7546351696408564,Ex-post DWA
2021-12-19,NEVERSF1,-2.3255280406907417,Ex-post DWA
2021-12-26,NEVERSF1,0.35870842317413576,Ex-post DWA
2022-01-02,NEVERSF1,-3.585420719062192,Ex-post DWA
2022-01-09,NEVERSF1,0.3912552182396496,Ex-post DWA
2022-01-16,NEVERSF1,0.020113756076256095,Ex-post DWA
2022-01-23,NEVERSF1,-0.38555897126109784,Ex-post DWA
2022-01-30,NEVERSF1,-1.5268943859191353,Ex-post DWA
2022-02-06,NEVERSF1,-5.0098688341631785,Ex-post DWA
2022-02-13,NEVERSF1,-2.0036459994580795,Ex-post DWA
2022-02-20,NEVERSF1,-3.951264132335737,Ex-post DWA
2022-02-27,NEVERSF1,6.775607101510957,Ex-post DWA
2022-03-06,NEVERSF1,-1.3468725569243247,Ex-post DWA
2022-03-13,NEVERSF1,-4.711401039428367,Ex-post DWA
2022-03-20,NEVERSF1,-1.7751308987467809,Ex-post DWA
2022-03-27,NEVERSF1,-1.4826302817188832,Ex-post DWA
2022-04-03,NEVERSF1,-1.8403130444472566,Ex-post DWA
2022-04-10,NEVERSF1,-1.2092568103273322,Ex-post DWA
2022-04-17,NEVERSF1,0.062244123042091815,Ex-post DWA
2022-04-24,NEVERSF1,-5.426897134887469,Ex-post DWA
2022-05-01,NEVERSF1,6.189420165618401,Ex-post DWA
2022-05-08,NEVERSF1,-3.6186819901761567,Ex-post DWA
2022-05-15,NEVERSF1,-4.9921810503291795,Ex-post DWA
2022-05-22,NEVERSF1,-4.645030799947165,Ex-post DWA
2022-05-29,NEVERSF1,-3.1274842145213597,Ex-post DWA
2022-06-05,NEVERSF1,22.099271152194035,Ex-post DWA
2022-06-12,NEVERSF1,3.8008903793751756,Ex-post DWA
2022-06-19,NEVERSF1,-8.059310239220565,Ex-post DWA
2022-06-26,NEVERSF1,0.6129306459288273,Ex-post DWA
2022-07-03,NEVERSF1,-5.59975565822657,Ex-post DWA
2022-07-10,NEVERSF1,-11.002697154049258,Ex-post DWA
2022-07-17,NEVERSF1,-23.328751518777096,Ex-post DWA
2022-07-24,NEVERSF1,-4.3265068969168965,Ex-post DWA
2022-07-31,NEVERSF1,9.615260465214703,Ex-post DWA
2022-08-07,NEVERSF1,-1.466982364340339,Ex-post DWA
2022-08-14,NEVERSF1,-10.237857304472868,Ex-post DWA
2022-08-21,NEVERSF1,0.6096212672487269,Ex-post DWA
2022-08-28,NEVERSF1,-1.3294908604776623,Ex-post DWA
2022-09-04,NEVERSF1,-9.568249658054867,Ex-post DWA
2022-09-11,NEVERSF1,-1.7106262841297024,Ex-post DWA
2022-09-18,NEVERSF1,-0.1898724976483237,Ex-post DWA
2022-09-25,NEVERSF1,-4.173121212528109,Ex-post DWA
2022-10-02,NEVERSF1,-1.6302828197400885,Ex-post DWA
2022-10-09,NEVERSF1,-12.653608106060375,Ex-post DWA
2022-10-16,NEVERSF1,0.5960468539173434,Ex-post DWA
2022-10-23,NEVERSF1,-6.856807967180231,Ex-post DWA
2022-10-30,NEVERSF1,15.249817816351936,Ex-post DWA
2022-11-06,NEVERSF1,-2.21525428616809,Ex-post DWA
2022-11-13,NEVERSF1,-5.730057568463394,Ex-post DWA
2022-11-20,NEVERSF1,-3.1801442012764625,Ex-post DWA
2022-11-27,NEVERSF1,-6.8061326076077435,Ex-post DWA
2022-12-04,NEVERSF1,-9.485346858718628,Ex-post DWA
2022-12-11,NEVERSF1,-8.445590069460245,Ex-post DWA
2022-12-18,NEVERSF1,-10.55808156674928,Ex-post DWA
2022-12-25,NEVERSF1,-9.391115087174349,Ex-post DWA
2023-01-01,NEVERSF1,-3.258868232763639,Ex-post DWA
2023-01-08,NEVERSF1,0.35689484410515604,Ex-post DWA
2023-01-15,NEVERSF1,-1.4849923870893917,Ex-post DWA
2023-01-22,NEVERSF1,1.9458611249378066,Ex-post DWA
2023-01-29,NEVERSF1,1.2562841219027518,Ex-post DWA
2023-02-05,NEVERSF1,-2.9673102942092697,Ex-post DWA
2023-02-12,NEVERSF1,2.25248903692912,Ex-post DWA
2023-02-19,NEVERSF1,-5.028009094233013,Ex-post DWA
2023-02-26,NEVERSF1,3.774465282655555,Ex-post DWA
2023-03-05,NEVERSF1,0.5976108206462811,Ex-post DWA
2023-03-12,NEVERSF1,-2.4863178387241334,Ex-post DWA
2023-03-19,NEVERSF1,-11.923897721780122,Ex-post DWA
2023-03-26,NEVERSF1,-0.872092777039029,Ex-post DWA
2023-04-02,NEVERSF1,-8.832870486008204,Ex-post DWA
2023-04-09,NEVERSF1,4.169782528391167,Ex-post DWA
2023-04-16,NEVERSF1,-3.505463556050934,Ex-post DWA
2023-04-23,NEVERSF1,-3.4061950447423754,Ex-post DWA
2023-04-30,NEVERSF1,-3.5927923997374904,Ex-post DWA
2023-05-07,NEVERSF1,-6.54179304524105,Ex-post DWA
2023-05-14,NEVERSF1,-1.554063020591684,Ex-post DWA
2023-05-21,NEVERSF1,-5.633484187106447,Ex-post DWA
2023-05-28,NEVERSF1,-1.2500024359985673,Ex-post DWA
2023-06-04,NEVERSF1,-1.5854501675111123,Ex-post DWA
2023-06-11,NEVERSF1,-1.6035012598532035,Ex-post DWA
2023-06-18,NEVERSF1,-2.6237414085296606,Ex-post DWA
2023-06-25,NEVERSF1,-0.6954040063968563,Ex-post DWA
2023-07-02,NEVERSF1,0.4548737095485933,Ex-post DWA
2023-07-09,NEVERSF1,-16.130447934290963,Ex-post DWA
2023-07-16,NEVERSF1,-5.699385218831544,Ex-post DWA
2023-07-23,NEVERSF1,-3.336548177769515,Ex-post DWA
2023-07-30,NEVERSF1,-1.4194608564784872,Ex-post DWA
2023-08-06,NEVERSF1,-1.3071535304825943,Ex-post DWA
2023-08-13,NEVERSF1,-2.177209447725346,Ex-post DWA
2023-08-20,NEVERSF1,-10.708229880514473,Ex-post DWA
2023-08-27,NEVERSF1,-2.22313990554575,Ex-post DWA
2023-09-03,NEVERSF1,-2.761794522763214,Ex-post DWA
2023-09-10,NEVERSF1,-2.857186140470314,Ex-post DWA
2023-09-17,NEVERSF1,-1.8168333823822422,Ex-post DWA
2023-09-24,NEVERSF1,-4.087826984732191,Ex-post DWA
2023-10-01,NEVERSF1,-8.526674790017395,Ex-post DWA
2023-10-08,NEVERSF1,-3.6132670305985712,Ex-post DWA
2023-10-15,NEVERSF1,-5.657617967760068,Ex-post DWA
2023-10-22,NEVERSF1,-2.3777699715129437,Ex-post DWA
2023-10-29,NEVERSF1,-5.731197806999259,Ex-post DWA
2023-11-05,NEVERSF1,-6.162526704033105,Ex-post DWA
2023-11-12,NEVERSF1,-18.908790938977226,Ex-post DWA
2023-11-19,NEVERSF1,-10.99128809511064,Ex-post DWA
2023-11-26,NEVERSF1,1.0277652927224352,Ex-post DWA
2023-12-03,NEVERSF1,-5.244421660193538,Ex-post DWA
2023-12-10,NEVERSF1,-10.604002352171143,Ex-post DWA
2023-12-17,NEVERSF1,-8.1316768405175,Ex-post DWA
2023-12-24,NEVERSF1,-0.5634978584571684,Ex-post DWA
2023-12-31,NEVERSF1,-6.599242834576113,Ex-post DWA
2024-01-07,NEVERSF1,-0.6058237508464615,Ex-post DWA
2024-01-14,NEVERSF1,-4.587511150166534,Ex-post DWA
2024-01-21,NEVERSF1,-22.49190278418979,Ex-post DWA
2024-01-28,NEVERSF1,0.09091245120271196,Ex-post DWA
2024-02-04,NEVERSF1,-3.0801654791893895,Ex-post DWA
2024-02-11,NEVERSF1,-0.9565058261261186,Ex-post DWA
2024-02-18,NEVERSF1,-1.4586425509411072,Ex-post DWA
2024-02-25,NEVERSF1,-3.1904219020975546,Ex-post DWA
2024-03-03,NEVERSF1,-103.85288257297226,Ex-post DWA
2024-03-10,NEVERSF1,-2.795053024342451,Ex-post DWA
2024-03-17,NEVERSF1,-1.294796925149278,Ex-post DWA
2024-03-24,NEVERSF1,-2.0973705120773047,Ex-post DWA
2024-03-31,NEVERSF1,-2.3718618631574877,Ex-post DWA
2024-04-07,NEVERSF1,-4.323656093799201,Ex-post DWA
2024-04-14,NEVERSF1,-1.5818586027231305,Ex-post DWA
2024-04-21,NEVERSF1,1.2228890919258788,Ex-post DWA
2024-04-28,NEVERSF1,-2.7696218632829677,Ex-post DWA
2024-05-05,NEVERSF1,-9.023151013268404,Ex-post DWA
2024-05-12,NEVERSF1,28.586325980428512,Ex-post DWA
2024-05-19,NEVERSF1,-3.1985548043552043,Ex-post DWA
2024-05-26,NEVERSF1,-3.5784612799600097,Ex-post DWA
2024-06-02,NEVERSF1,1.4292650483309757,Ex-post DWA
2024-06-09,NEVERSF1,0.09736927071037371,Ex-post DWA
2024-06-16,NEVERSF1,6.493900128906873,Ex-post DWA
2024-06-23,NEVERSF1,-2.596061246902309,Ex-post DWA
2024-06-30,NEVERSF1,4.051408972942731,Ex-post DWA
2024-07-07,NEVERSF1,-1.3394130240074986,Ex-post DWA
2024-07-14,NEVERSF1,5.417116905935998,Ex-post DWA
2024-07-21,NEVERSF1,-5.780430632532351,Ex-post DWA
2024-07-28,NEVERSF1,0.3399155286583735,Ex-post DWA
2024-08-04,NEVERSF1,-0.7183010173272777,Ex-post DWA
2024-08-11,NEVERSF1,-69.76248180635008,Ex-post DWA
2024-08-18,NEVERSF1,-6.707869049149323,Ex-post DWA
2024-08-25,NEVERSF1,-6.630169677830887,Ex-post DWA
2024-09-01,NEVERSF1,-2.940310776079972,Ex-post DWA
2024-09-08,NEVERSF1,-7.428891799284919,Ex-post DWA
2024-09-15,NEVERSF1,3.0017804528301095,Ex-post DWA
2024-09-22,NEVERSF1,-8.052638245776917,Ex-post DWA
2024-09-29,NEVERSF1,-1.751185331366937,Ex-post DWA
2024-10-06,NEVERSF1,2.938601476001132,Ex-post DWA
2024-10-13,NEVERSF1,1.6019871954348872,Ex-post DWA
2024-10-20,NEVERSF1,-9.476944207387234,Ex-post DWA
2024-10-27,NEVERSF1,-12.163970771525772,Ex-post DWA
2024-11-03,NEVERSF1,-6.402473643449348,Ex-post DWA
2024-11-10,NEVERSF1,-13.646570896881713,Ex-post DWA
2024-11-17,NEVERSF1,-3.1255251065463625,Ex-post DWA
2024-11-24,NEVERSF1,0.7171385185152559,Ex-post DWA
2024-12-01,NEVERSF1,-133.08582438574157,Ex-post DWA
2024-12-08,NEVERSF1,-26.809822412096196,Ex-post DWA
2024-12-15,NEVERSF1,-7.473722258584033,Ex-post DWA
2024-12-22,NEVERSF1,1.220133663572426,Ex-post DWA
2024-12-29,NEVERSF1,-1.9392527097951504,Ex-post DWA
2025-01-05,NEVERSF1,-1.1145025056362172,Ex-post DWA
2020-01-05,NYNGAN1,2.489639170498151,Ex-post DWA
2020-01-12,NYNGAN1,-0.38764994542516007,Ex-post DWA
2020-01-19,NYNGAN1,-0.07267085143789132,Ex-post DWA
2020-01-26,NYNGAN1,-8.276523245041048,Ex-post DWA
2020-02-02,NYNGAN1,-40.631621370761934,Ex-post DWA
2020-02-09,NYNGAN1,-1.3666605496386524,Ex-post DWA
2020-02-16,NYNGAN1,0.06944569883646778,Ex-post DWA
2020-02-23,NYNGAN1,0.7540818453901608,Ex-post DWA
2020-03-01,NYNGAN1,-1.8645431272697337,Ex-post DWA
2020-03-08,NYNGAN1,-0.9455844983963431,Ex-post DWA
2020-03-15,NYNGAN1,-0.9540501560083356,Ex-post DWA
2020-03-22,NYNGAN1,-0.9715651220612358,Ex-post DWA
2020-03-29,NYNGAN1,0.4630673991992893,Ex-post DWA
2020-04-05,NYNGAN1,-1.8936181566422547,Ex-post DWA
2020-04-12,NYNGAN1,-1.0783965280952827,Ex-post DWA
2020-04-19,NYNGAN1,-0.6068976503017076,Ex-post DWA
2020-04-26,NYNGAN1,-2.666012469327864,Ex-post DWA
2020-05-03,NYNGAN1,-0.9047619990925782,Ex-post DWA
2020-05-10,NYNGAN1,-1.24485799120691,Ex-post DWA
2020-05-17,NYNGAN1,-0.5658041535042315,Ex-post DWA
2020-05-24,NYNGAN1,1.342580830238937,Ex-post DWA
2020-05-31,NYNGAN1,-0.5798908615442784,Ex-post DWA
2020-06-07,NYNGAN1,-0.09247383513417162,Ex-post DWA
2020-06-14,NYNGAN1,0.7098589514898705,Ex-post DWA
2020-06-21,NYNGAN1,-0.21714709274267108,Ex-post DWA
2020-06-28,NYNGAN1,0.3622561304622991,Ex-post DWA
2020-07-05,NYNGAN1,-0.1697013139964767,Ex-post DWA
2020-07-12,NYNGAN1,-0.40578680920032184,Ex-post DWA
2020-07-19,NYNGAN1,-0.3319742595092734,Ex-post DWA
2020-07-26,NYNGAN1,-0.723444825267002,Ex-post DWA
2020-08-02,NYNGAN1,-0.039113972926756446,Ex-post DWA
2020-08-09,NYNGAN1,-0.44424658872794964,Ex-post DWA
2020-08-16,NYNGAN1,-1.720493745159068,Ex-post DWA
2020-08-23,NYNGAN1,-0.37929913001146076,Ex-post DWA
2020-08-30,NYNGAN1,0.7090530389874345,Ex-post DWA
2020-09-06,NYNGAN1,-1.0238659954452487,Ex-post DWA
2020-09-13,NYNGAN1,-0.6957323814476339,Ex-post DWA
2020-09-20,NYNGAN1,-1.6350395249754754,Ex-post DWA
2020-09-27,NYNGAN1,-0.07298694324094868,Ex-post DWA
2020-10-04,NYNGAN1,-1.0053121114870436,Ex-post DWA
2020-10-11,NYNGAN1,0.16905574089992825,Ex-post DWA
2020-10-18,NYNGAN1,-0.0802679483781219,Ex-post DWA
2020-10-25,NYNGAN1,7.815408139354936,Ex-post DWA
2020-11-01,NYNGAN1,-0.7140696505464348,Ex-post DWA
2020-11-08,NYNGAN1,-2.0858076497944325,Ex-post DWA
2020-11-15,NYNGAN1,-1.4741492408897514,Ex-post DWA
2020-11-22,NYNGAN1,7.785292389796268,Ex-post DWA
2020-11-29,NYNGAN1,-8.639317061698293,Ex-post DWA
2020-12-06,NYNGAN1,-8.733003902961713,Ex-post DWA
2020-12-13,NYNGAN1,-1.7307326038148716,Ex-post DWA
2020-12-20,NYNGAN1,29.180063085592252,Ex-post DWA
2020-12-27,NYNGAN1,-0.9447593088984796,Ex-post DWA
2021-01-03,NYNGAN1,-1.0324168457813663,Ex-post DWA
2021-01-10,NYNGAN1,-0.42311295775503766,Ex-post DWA
2021-01-17,NYNGAN1,-0.9379101909821443,Ex-post DWA
2021-01-24,NYNGAN1,-0.5864618935485026,Ex-post DWA
2021-01-31,NYNGAN1,-0.5041318918083348,Ex-post DWA
2021-02-07,NYNGAN1,-0.16266517377208345,Ex-post DWA
2021-02-14,NYNGAN1,-0.43395539997089827,Ex-post DWA
2021-02-21,NYNGAN1,-0.6010036841489352,Ex-post DWA
2021-02-28,NYNGAN1,-0.979068860293193,Ex-post DWA
2021-03-07,NYNGAN1,-1.5791405909948715,Ex-post DWA
2021-03-14,NYNGAN1,-0.47502723994018936,Ex-post DWA
2021-03-21,NYNGAN1,0.05539938464163896,Ex-post DWA
2021-03-28,NYNGAN1,-0.3941952765613337,Ex-post DWA
2021-04-04,NYNGAN1,-1.4142846332435681,Ex-post DWA
2021-04-11,NYNGAN1,-1.371157986890438,Ex-post DWA
2021-04-18,NYNGAN1,-1.9552503805215835,Ex-post DWA
2021-04-25,NYNGAN1,-0.5492789044867692,Ex-post DWA
2021-05-02,NYNGAN1,-2.7954466552967574,Ex-post DWA
2021-05-09,NYNGAN1,-1.2824717160885797,Ex-post DWA
2021-05-16,NYNGAN1,-1.1872636474186962,Ex-post DWA
2021-05-23,NYNGAN1,-3.4128318567161458,Ex-post DWA
2021-05-30,NYNGAN1,-2.1801740459809764,Ex-post DWA
2021-06-06,NYNGAN1,-8.000981460823667,Ex-post DWA
2021-06-13,NYNGAN1,4.572640268098922,Ex-post DWA
2021-06-20,NYNGAN1,6.571598767499509,Ex-post DWA
2021-06-27,NYNGAN1,-3.777638565200263,Ex-post DWA
2021-07-04,NYNGAN1,-2.9602437560794073,Ex-post DWA
2021-07-11,NYNGAN1,-4.398920718409016,Ex-post DWA
2021-07-18,NYNGAN1,-7.443718362658657,Ex-post DWA
2021-07-25,NYNGAN1,-5.523179202448063,Ex-post DWA
2021-08-01,NYNGAN1,-1.0002182359878944,Ex-post DWA
2021-08-08,NYNGAN1,-1.4545442059162923,Ex-post DWA
2021-08-15,NYNGAN1,-0.8190327056200246,Ex-post DWA
2021-08-22,NYNGAN1,-2.591169895189811,Ex-post DWA
2021-08-29,NYNGAN1,1.2479139673400184,Ex-post DWA
2021-09-05,NYNGAN1,-5.319312162305415,Ex-post DWA
2021-09-12,NYNGAN1,-6.007919131720308,Ex-post DWA
2021-09-19,NYNGAN1,-6.494248722050866,Ex-post DWA
2021-09-26,NYNGAN1,-2.0762442432234636,Ex-post DWA
2021-10-03,NYNGAN1,-5.664927648688899,Ex-post DWA
2021-10-10,NYNGAN1,-9.104560351260966,Ex-post DWA
2021-10-17,NYNGAN1,-8.721337264352513,Ex-post DWA
2021-10-24,NYNGAN1,-4.822219319087267,Ex-post DWA
2021-10-31,NYNGAN1,-4.747925620152202,Ex-post DWA
2021-11-07,NYNGAN1,-2.3149547030438242,Ex-post DWA
2021-11-14,NYNGAN1,-6.40338393758266,Ex-post DWA
2021-11-21,NYNGAN1,-1.8186798677620288,Ex-post DWA
2021-11-28,NYNGAN1,0.723102354077831,Ex-post DWA
2021-12-05,NYNGAN1,-0.10422918445363649,Ex-post DWA
2021-12-12,NYNGAN1,-1.0921148741283346,Ex-post DWA
2021-12-19,NYNGAN1,-4.116683793824549,Ex-post DWA
2021-12-26,NYNGAN1,0.06526875949221278,Ex-post DWA
2022-01-02,NYNGAN1,-2.903199853379377,Ex-post DWA
2022-01-09,NYNGAN1,1.3834707691631678,Ex-post DWA
2022-01-16,NYNGAN1,0.205882304422758,Ex-post DWA
2022-01-23,NYNGAN1,1.670673216647991,Ex-post DWA
2022-01-30,NYNGAN1,-1.97485489763433,Ex-post DWA
2022-02-06,NYNGAN1,-11.848364453464029,Ex-post DWA
2022-02-13,NYNGAN1,-1.9660050184571816,Ex-post DWA
2022-02-20,NYNGAN1,-3.699979380863155,Ex-post DWA
2022-02-27,NYNGAN1,3.403881954982978,Ex-post DWA
2022-03-06,NYNGAN1,-0.09312095361704564,Ex-post DWA
2022-03-13,NYNGAN1,-3.694930737874813,Ex-post DWA
2022-03-20,NYNGAN1,-4.75498043057901,Ex-post DWA
2022-03-27,NYNGAN1,-0.8410148908864272,Ex-post DWA
2022-04-03,NYNGAN1,-3.8665221330126656,Ex-post DWA
2022-04-10,NYNGAN1,-4.980747192440447,Ex-post DWA
2022-04-17,NYNGAN1,-2.74120656167122,Ex-post DWA
2022-04-24,NYNGAN1,-4.8406226662889225,Ex-post DWA
2022-05-01,NYNGAN1,8.510205918660262,Ex-post DWA
2022-05-08,NYNGAN1,-4.910886863910349,Ex-post DWA
2022-05-15,NYNGAN1,-1.9209165050802994,Ex-post DWA
2022-05-22,NYNGAN1,-7.521279797005974,Ex-post DWA
2022-05-29,NYNGAN1,-5.6182523380362,Ex-post DWA
2022-06-05,NYNGAN1,-8.681420203486653,Ex-post DWA
2022-06-12,NYNGAN1,5.596595027807041,Ex-post DWA
2022-06-19,NYNGAN1,-7.801234689432022,Ex-post DWA
2022-06-26,NYNGAN1,-0.9181396223586944,Ex-post DWA
2022-07-03,NYNGAN1,-3.8032933803536935,Ex-post DWA
2022-07-10,NYNGAN1,-16.718788162500516,Ex-post DWA
2022-07-17,NYNGAN1,-17.192457835132473,Ex-post DWA
2022-07-24,NYNGAN1,-13.559973492319557,Ex-post DWA
2022-07-31,NYNGAN1,6.8521645660800345,Ex-post DWA
2022-08-07,NYNGAN1,-4.287224405256936,Ex-post DWA
2022-08-14,NYNGAN1,-13.654694466237856,Ex-post DWA
2022-08-21,NYNGAN1,-1.9755784589665097,Ex-post DWA
2022-08-28,NYNGAN1,-3.308515679742456,Ex-post DWA
2022-09-04,NYNGAN1,-10.105277649504757,Ex-post DWA
2022-09-11,NYNGAN1,-9.36740763648541,Ex-post DWA
2022-09-18,NYNGAN1,-9.500931645926336,Ex-post DWA
2022-09-25,NYNGAN1,-11.512277114242394,Ex-post DWA
2022-10-02,NYNGAN1,-2.1124872369291126,Ex-post DWA
2022-10-09,NYNGAN1,-14.564420024003766,Ex-post DWA
2022-10-16,NYNGAN1,-1.9409371687618204,Ex-post DWA
2022-10-23,NYNGAN1,-7.090093628267056,Ex-post DWA
2022-10-30,NYNGAN1,-10.083835113548936,Ex-post DWA
2022-11-06,NYNGAN1,-9.76276522803721,Ex-post DWA
2022-11-13,NYNGAN1,-7.1639906023811974,Ex-post DWA
2022-11-20,NYNGAN1,-9.344015880996622,Ex-post DWA
2022-11-27,NYNGAN1,-12.047152300216567,Ex-post DWA
2022-12-04,NYNGAN1,-11.587947815410175,Ex-post DWA
2022-12-11,NYNGAN1,-11.230045230488798,Ex-post DWA
2022-12-18,NYNGAN1,-11.206456835602182,Ex-post DWA
2022-12-25,NYNGAN1,-14.02077361671422,Ex-post DWA
2023-01-01,NYNGAN1,-5.51038385308734,Ex-post DWA
2023-01-08,NYNGAN1,-10.906900636488295,Ex-post DWA
2023-01-15,NYNGAN1,-4.112177983279892,Ex-post DWA
2023-01-22,NYNGAN1,0.3524608042674089,Ex-post DWA
2023-01-29,NYNGAN1,-0.7376441241246567,Ex-post DWA
2023-02-05,NYNGAN1,-13.201393125636727,Ex-post DWA
2023-02-12,NYNGAN1,-0.42969897744302443,Ex-post DWA
2023-02-19,NYNGAN1,-7.934706312533962,Ex-post DWA
2023-02-26,NYNGAN1,-6.601049395271431,Ex-post DWA
2023-03-05,NYNGAN1,-0.8108050285843547,Ex-post DWA
2023-03-12,NYNGAN1,-4.5722077731494295,Ex-post DWA
2023-03-19,NYNGAN1,-16.89312668360951,Ex-post DWA
2023-03-26,NYNGAN1,-0.8461812412914185,Ex-post DWA
2023-04-02,NYNGAN1,-9.92312043250871,Ex-post DWA
2023-04-09,NYNGAN1,-2.085636660715025,Ex-post DWA
2023-04-16,NYNGAN1,-5.195490833621697,Ex-post DWA
2023-04-23,NYNGAN1,-3.685631441391024,Ex-post DWA
2023-04-30,NYNGAN1,-17.43433644522724,Ex-post DWA
2023-05-07,NYNGAN1,-0.7269789779572733,Ex-post DWA
2023-05-14,NYNGAN1,-3.239794883847267,Ex-post DWA
2023-05-21,NYNGAN1,-9.422871762983334,Ex-post DWA
2023-05-28,NYNGAN1,-1.2886798497020635,Ex-post DWA
2023-06-04,NYNGAN1,-3.8115180317061714,Ex-post DWA
2023-06-11,NYNGAN1,-3.8017262389687545,Ex-post DWA
2023-06-18,NYNGAN1,-5.009181357663351,Ex-post DWA
2023-06-25,NYNGAN1,-3.2846550229657296,Ex-post DWA
2023-07-02,NYNGAN1,-4.723467716491875,Ex-post DWA
2023-07-09,NYNGAN1,-23.201522649848584,Ex-post DWA
2023-07-16,NYNGAN1,-8.324099968652614,Ex-post DWA
2023-07-23,NYNGAN1,-4.784544583417741,Ex-post DWA
2023-07-30,NYNGAN1,-2.8799341188979852,Ex-post DWA
2023-08-06,NYNGAN1,-2.1642944949856044,Ex-post DWA
2023-08-13,NYNGAN1,-4.79288961246138,Ex-post DWA
2023-08-20,NYNGAN1,-11.306582083649296,Ex-post DWA
2023-08-27,NYNGAN1,-2.5114995730939,Ex-post DWA
2023-09-03,NYNGAN1,-6.521439354864267,Ex-post DWA
2023-09-10,NYNGAN1,-7.009465860173728,Ex-post DWA
2023-09-17,NYNGAN1,-14.528722728869507,Ex-post DWA
2023-09-24,NYNGAN1,-4.922891747896598,Ex-post DWA
2023-10-01,NYNGAN1,-16.34868724102921,Ex-post DWA
2023-10-08,NYNGAN1,-7.085653042698016,Ex-post DWA
2023-10-15,NYNGAN1,-11.564924436142753,Ex-post DWA
2023-10-22,NYNGAN1,-12.464089959527803,Ex-post DWA
2023-10-29,NYNGAN1,-12.231620740232124,Ex-post DWA
2023-11-05,NYNGAN1,-25.172908852042266,Ex-post DWA
2023-11-12,NYNGAN1,-32.88362083494482,Ex-post DWA
2023-11-19,NYNGAN1,-14.422558020997862,Ex-post DWA
2023-11-26,NYNGAN1,-0.7072713169629878,Ex-post DWA
2023-12-03,NYNGAN1,-5.257953344478743,Ex-post DWA
2023-12-10,NYNGAN1,14.268986037993258,Ex-post DWA
2023-12-17,NYNGAN1,-2.422660557930726,Ex-post DWA
2023-12-24,NYNGAN1,0.2268583543144871,Ex-post DWA
2023-12-31,NYNGAN1,-8.313633182278398,Ex-post DWA
2024-01-07,NYNGAN1,-0.7000442601450914,Ex-post DWA
2024-01-14,NYNGAN1,-2.4961908023584485,Ex-post DWA
2024-01-21,NYNGAN1,-27.93028795706344,Ex-post DWA
2024-01-28,NYNGAN1,-0.4821694798236891,Ex-post DWA
2024-02-04,NYNGAN1,-13.897446761030324,Ex-post DWA
2024-02-11,NYNGAN1,-7.229922477767182,Ex-post DWA
2024-02-18,NYNGAN1,-1.5986118258080637,Ex-post DWA
2024-02-25,NYNGAN1,-4.960590079520074,Ex-post DWA
2024-03-03,NYNGAN1,-83.29304289041767,Ex-post DWA
2024-03-10,NYNGAN1,-5.224924442009176,Ex-post DWA
2024-03-17,NYNGAN1,-1.4278867268670865,Ex-post DWA
2024-03-24,NYNGAN1,-8.09449075595862,Ex-post DWA
2024-03-31,NYNGAN1,-6.672089028884059,Ex-post DWA
2024-04-07,NYNGAN1,-2.417234126954831,Ex-post DWA
2024-04-14,NYNGAN1,-4.486569962876494,Ex-post DWA
2024-04-21,NYNGAN1,-0.270468259563728,Ex-post DWA
2024-04-28,NYNGAN1,-6.09879931958346,Ex-post DWA
2024-05-05,NYNGAN1,-8.264600871817407,Ex-post DWA
2024-05-12,NYNGAN1,-12.098816011737824,Ex-post DWA
2024-05-19,NYNGAN1,-4.621930481696815,Ex-post DWA
2024-05-26,NYNGAN1,-6.7774054751193376,Ex-post DWA
2024-06-02,NYNGAN1,0.5122620764982031,Ex-post DWA
2024-06-09,NYNGAN1,-10.431609785322422,Ex-post DWA
2024-06-16,NYNGAN1,2.4056881750381507,Ex-post DWA
2024-06-23,NYNGAN1,-3.8242851484632467,Ex-post DWA
2024-06-30,NYNGAN1,0.7175765204602911,Ex-post DWA
2024-07-07,NYNGAN1,5.4478565812164135,Ex-post DWA
2024-07-14,NYNGAN1,-1.8622854735671837,Ex-post DWA
2024-07-21,NYNGAN1,-6.748926836363232,Ex-post DWA
2024-07-28,NYNGAN1,-6.266992559420494,Ex-post DWA
2024-08-04,NYNGAN1,-0.9357907968424968,Ex-post DWA
2024-08-11,NYNGAN1,-75.47900871622049,Ex-post DWA
2024-08-18,NYNGAN1,-8.419733842182339,Ex-post DWA
2024-08-25,NYNGAN1,-13.184279513253017,Ex-post DWA
2024-09-01,NYNGAN1,-14.719839908572812,Ex-post DWA
2024-09-08,NYNGAN1,-9.53728415343167,Ex-post DWA
2024-09-15,NYNGAN1,-14.893765925737188,Ex-post DWA
2024-09-22,NYNGAN1,-17.415613102516595,Ex-post DWA
2024-09-29,NYNGAN1,-3.5489709684601607,Ex-post DWA
2024-10-06,NYNGAN1,-30.751153286183317,Ex-post DWA
2024-10-13,NYNGAN1,-10.811274485581116,Ex-post DWA
2024-10-20,NYNGAN1,-16.876529872167914,Ex-post DWA
2024-10-27,NYNGAN1,-17.780488140893,Ex-post DWA
2024-11-03,NYNGAN1,-14.909566686871703,Ex-post DWA
2024-11-10,NYNGAN1,-35.103810540714015,Ex-post DWA
2024-11-17,NYNGAN1,-13.938555272574185,Ex-post DWA
2024-11-24,NYNGAN1,-20.317822865986756,Ex-post DWA
2024-12-01,NYNGAN1,-125.95600236644972,Ex-post DWA
2024-12-08,NYNGAN1,10.795003692616405,Ex-post DWA
2024-12-15,NYNGAN1,-18.5392510022278,Ex-post DWA
2024-12-22,NYNGAN1,-14.598233846873796,Ex-post DWA
2024-12-29,NYNGAN1,-14.071696233312586,Ex-post DWA
2025-01-05,NYNGAN1,-4.051971119375217,Ex-post DWA
2020-01-05,PARSF1,91.16394406597004,Ex-post DWA
2020-01-12,PARSF1,-0.33879843138518595,Ex-post DWA
2020-01-19,PARSF1,-0.04229227590311524,Ex-post DWA
2020-01-26,PARSF1,-11.315967752374661,Ex-post DWA
2020-02-02,PARSF1,-0.9434430633540387,Ex-post DWA
2020-02-09,PARSF1,0.6295638601451898,Ex-post DWA
2020-02-16,PARSF1,-0.3111259027609421,Ex-post DWA
2020-02-23,PARSF1,1.188826461841444,Ex-post DWA
2020-03-01,PARSF1,-0.19264898426050792,Ex-post DWA
2020-03-08,PARSF1,-0.6129536685892703,Ex-post DWA
2020-03-15,PARSF1,0.33206726128504016,Ex-post DWA
2020-03-22,PARSF1,0.5592953090967825,Ex-post DWA
2020-03-29,PARSF1,-0.2608206497809249,Ex-post DWA
2020-04-05,PARSF1,0.19960879806110654,Ex-post DWA
2020-04-12,PARSF1,-1.0166603049850238,Ex-post DWA
2020-04-19,PARSF1,0.4855871428977494,Ex-post DWA
2020-04-26,PARSF1,0.8447725538906532,Ex-post DWA
2020-05-03,PARSF1,-0.5476065150955947,Ex-post DWA
2020-05-10,PARSF1,0.867844221005253,Ex-post DWA
2020-05-17,PARSF1,0.36384299479852444,Ex-post DWA
2020-05-24,PARSF1,0.28871697346080083,Ex-post DWA
2020-05-31,PARSF1,0.7862311881209507,Ex-post DWA
2020-06-07,PARSF1,0.8154094175996676,Ex-post DWA
2020-06-14,PARSF1,2.1065462152256487,Ex-post DWA
2020-06-21,PARSF1,0.4094885643284414,Ex-post DWA
2020-06-28,PARSF1,-0.5435961098854563,Ex-post DWA
2020-07-05,PARSF1,0.06142136636466233,Ex-post DWA
2020-07-12,PARSF1,-0.15717549133938746,Ex-post DWA
2020-07-19,PARSF1,0.17727680211372387,Ex-post DWA
2020-07-26,PARSF1,1.7830353663793375,Ex-post DWA
2020-08-02,PARSF1,0.4787033858469485,Ex-post DWA
2020-08-09,PARSF1,0.45820836679551746,Ex-post DWA
2020-08-16,PARSF1,-0.4692175283063591,Ex-post DWA
2020-08-23,PARSF1,-0.002710877401582934,Ex-post DWA
2020-08-30,PARSF1,1.4010321073435463,Ex-post DWA
2020-09-06,PARSF1,0.11314101959733236,Ex-post DWA
2020-09-13,PARSF1,0.7285708311201446,Ex-post DWA
2020-09-20,PARSF1,1.2178250764261733,Ex-post DWA
2020-09-27,PARSF1,0.5558143443449595,Ex-post DWA
2020-10-04,PARSF1,0.5791055170276174,Ex-post DWA
2020-10-11,PARSF1,-2.6498029592813666,Ex-post DWA
2020-10-18,PARSF1,0.7457736715575507,Ex-post DWA
2020-10-25,PARSF1,-7.965798770309711,Ex-post DWA
2020-11-01,PARSF1,2.4782684637735457,Ex-post DWA
2020-11-08,PARSF1,1.0077675068328062,Ex-post DWA
2020-11-15,PARSF1,0.994372672166989,Ex-post DWA
2020-11-22,PARSF1,-23.125736903124235,Ex-post DWA
2020-11-29,PARSF1,3.4763679637950773,Ex-post DWA
2020-12-06,PARSF1,3.170850258187812,Ex-post DWA
2020-12-13,PARSF1,-0.5175689116816855,Ex-post DWA
2020-12-20,PARSF1,-3.865809606022566,Ex-post DWA
2020-12-27,PARSF1,-0.5639773391464971,Ex-post DWA
2021-01-03,PARSF1,0.12786497983369216,Ex-post DWA
2021-01-10,PARSF1,0.24241704719232615,Ex-post DWA
2021-01-17,PARSF1,1.6295535144994986,Ex-post DWA
2021-01-24,PARSF1,-1.120656176353016,Ex-post DWA
2021-01-31,PARSF1,-0.4956847031266207,Ex-post DWA
2021-02-07,PARSF1,0.18035699427251473,Ex-post DWA
2021-02-14,PARSF1,0.11554908770910544,Ex-post DWA
2021-02-21,PARSF1,-0.23553711308898784,Ex-post DWA
2021-02-28,PARSF1,0.30768152044961283,Ex-post DWA
2021-03-07,PARSF1,0.2408759093942443,Ex-post DWA
2021-03-14,PARSF1,0.2074829641799809,Ex-post DWA
2021-03-21,PARSF1,-0.6506708239155898,Ex-post DWA
2021-03-28,PARSF1,0.39190824692390436,Ex-post DWA
2021-04-04,PARSF1,0.4338594340260613,Ex-post DWA
2021-04-11,PARSF1,0.3349340193977923,Ex-post DWA
2021-04-18,PARSF1,-0.20073707703326704,Ex-post DWA
2021-04-25,PARSF1,1.1730998704651228,Ex-post DWA
2021-05-02,PARSF1,2.0401229942394323,Ex-post DWA
2021-05-09,PARSF1,-0.4061218806250082,Ex-post DWA
2021-05-16,PARSF1,-0.274436276278621,Ex-post DWA
2021-05-23,PARSF1,0.5016836091810646,Ex-post DWA
2021-05-30,PARSF1,0.5344188197026938,Ex-post DWA
2021-06-06,PARSF1,-3.130598201677657,Ex-post DWA
2021-06-13,PARSF1,4.003175984361533,Ex-post DWA
2021-06-20,PARSF1,13.8459968723525,Ex-post DWA
2021-06-27,PARSF1,5.5181371756851405,Ex-post DWA
2021-07-04,PARSF1,-1.5765594278022874,Ex-post DWA
2021-07-11,PARSF1,-3.8959769914282845,Ex-post DWA
2021-07-18,PARSF1,-11.731553777050074,Ex-post DWA
2021-07-25,PARSF1,-25.983770984195957,Ex-post DWA
2021-08-01,PARSF1,1.4914702917301526,Ex-post DWA
2021-08-08,PARSF1,0.8763432578825672,Ex-post DWA
2021-08-15,PARSF1,2.376770329920493,Ex-post DWA
2021-08-22,PARSF1,0.14118267544420604,Ex-post DWA
2021-08-29,PARSF1,-1.1158077649999214,Ex-post DWA
2021-09-05,PARSF1,-2.1247603560748445,Ex-post DWA
2021-09-12,PARSF1,-1.4237091719427482,Ex-post DWA
2021-09-19,PARSF1,-2.8872846054367933,Ex-post DWA
2021-09-26,PARSF1,-1.6591942123242411,Ex-post DWA
2021-10-03,PARSF1,-2.9906759287182894,Ex-post DWA
2021-10-10,PARSF1,-7.049727860291898,Ex-post DWA
2021-10-17,PARSF1,-1.7601268585206,Ex-post DWA
2021-10-24,PARSF1,-0.8486300095099537,Ex-post DWA
2021-10-31,PARSF1,1.1520871413068505,Ex-post DWA
2021-11-07,PARSF1,-1.3790343124941202,Ex-post DWA
2021-11-14,PARSF1,-4.055376446247195,Ex-post DWA
2021-11-21,PARSF1,-3.0233507237346515,Ex-post DWA
2021-11-28,PARSF1,7.051410587689922,Ex-post DWA
2021-12-05,PARSF1,3.322637642960025,Ex-post DWA
2021-12-12,PARSF1,1.7718870049608668,Ex-post DWA
2021-12-19,PARSF1,-0.9834812389884533,Ex-post DWA
2021-12-26,PARSF1,0.17847691327837367,Ex-post DWA
2022-01-02,PARSF1,-0.5090717871594919,Ex-post DWA
2022-01-09,PARSF1,0.5206779079287713,Ex-post DWA
2022-01-16,PARSF1,0.4947428685177613,Ex-post DWA
2022-01-23,PARSF1,2.859346730237,Ex-post DWA
2022-01-30,PARSF1,-0.6927718607981888,Ex-post DWA
2022-02-06,PARSF1,6.460452804035761,Ex-post DWA
2022-02-13,PARSF1,0.19798829371826088,Ex-post DWA
2022-02-20,PARSF1,-0.4541650908849846,Ex-post DWA
2022-02-27,PARSF1,6.003407584393642,Ex-post DWA
2022-03-06,PARSF1,0.6231885458431634,Ex-post DWA
2022-03-13,PARSF1,-0.7912085592937927,Ex-post DWA
2022-03-20,PARSF1,2.951198621267338,Ex-post DWA
2022-03-27,PARSF1,0.31529615735472305,Ex-post DWA
2022-04-03,PARSF1,4.19895066104236,Ex-post DWA
2022-04-10,PARSF1,-3.6314704670844264,Ex-post DWA
2022-04-17,PARSF1,0.9261560655965724,Ex-post DWA
2022-04-24,PARSF1,-6.176837161396605,Ex-post DWA
2022-05-01,PARSF1,3.7833375299807983,Ex-post DWA
2022-05-08,PARSF1,1.4180322584125804,Ex-post DWA
2022-05-15,PARSF1,3.279487595646117,Ex-post DWA
2022-05-22,PARSF1,-6.379859800556289,Ex-post DWA
2022-05-29,PARSF1,1.4133226053697854,Ex-post DWA
2022-06-05,PARSF1,26.68789004820212,Ex-post DWA
2022-06-12,PARSF1,4.272991292002189,Ex-post DWA
2022-06-19,PARSF1,-1.126970859123162,Ex-post DWA
2022-06-26,PARSF1,5.138048465103992,Ex-post DWA
2022-07-03,PARSF1,-1.5193654443144737,Ex-post DWA
2022-07-10,PARSF1,4.934462293549927,Ex-post DWA
2022-07-17,PARSF1,-19.585890199936216,Ex-post DWA
2022-07-24,PARSF1,7.042749974954631,Ex-post DWA
2022-07-31,PARSF1,7.758275346558634,Ex-post DWA
2022-08-07,PARSF1,4.290473673038335,Ex-post DWA
2022-08-14,PARSF1,-3.146958642478154,Ex-post DWA
2022-08-21,PARSF1,-2.3183854219808637,Ex-post DWA
2022-08-28,PARSF1,1.1084374189013886,Ex-post DWA
2022-09-04,PARSF1,0.40000879416012936,Ex-post DWA
2022-09-11,PARSF1,-10.311728873513744,Ex-post DWA
2022-09-18,PARSF1,7.772669565045163,Ex-post DWA
2022-09-25,PARSF1,1.4085624440247528,Ex-post DWA
2022-10-02,PARSF1,9.284830712222274,Ex-post DWA
2022-10-09,PARSF1,-13.462995397765283,Ex-post DWA
2022-10-16,PARSF1,-0.9712448123017907,Ex-post DWA
2022-10-23,PARSF1,0.6865936296410382,Ex-post DWA
2022-10-30,PARSF1,9.031111184930182,Ex-post DWA
2022-11-06,PARSF1,-10.536669850688114,Ex-post DWA
2022-11-13,PARSF1,3.416576202868711,Ex-post DWA
2022-11-20,PARSF1,2.3518130177151946,Ex-post DWA
2022-11-27,PARSF1,-2.396616388557348,Ex-post DWA
2022-12-04,PARSF1,-6.662046525101189,Ex-post DWA
2022-12-11,PARSF1,-5.4125261609706286,Ex-post DWA
2022-12-18,PARSF1,-7.107313598592373,Ex-post DWA
2022-12-25,PARSF1,3.6207415868236197,Ex-post DWA
2023-01-01,PARSF1,-1.500782477925192,Ex-post DWA
2023-01-08,PARSF1,5.356863385636615,Ex-post DWA
2023-01-15,PARSF1,3.1783781447201136,Ex-post DWA
2023-01-22,PARSF1,3.1219248916671205,Ex-post DWA
2023-01-29,PARSF1,5.5544922696929575,Ex-post DWA
2023-02-05,PARSF1,1.2917607671731304,Ex-post DWA
2023-02-12,PARSF1,0.4310075108029423,Ex-post DWA
2023-02-19,PARSF1,0.6393160626277137,Ex-post DWA
2023-02-26,PARSF1,-0.1491711521710073,Ex-post DWA
2023-03-05,PARSF1,-8.424055726403495,Ex-post DWA
2023-03-12,PARSF1,-0.3609247690301345,Ex-post DWA
2023-03-19,PARSF1,7.486069476503047,Ex-post DWA
2023-03-26,PARSF1,-3.8521670428135764,Ex-post DWA
2023-04-02,PARSF1,-2.348683318438063,Ex-post DWA
2023-04-09,PARSF1,-8.83128375565392,Ex-post DWA
2023-04-16,PARSF1,-3.5253602309080634,Ex-post DWA
2023-04-23,PARSF1,0.7012276345472799,Ex-post DWA
2023-04-30,PARSF1,-6.845361141676619,Ex-post DWA
2023-05-07,PARSF1,2.7012646688622084,Ex-post DWA
2023-05-14,PARSF1,5.172158898436535,Ex-post DWA
2023-05-21,PARSF1,0.12341453310514794,Ex-post DWA
2023-05-28,PARSF1,1.6531056925782792,Ex-post DWA
2023-06-04,PARSF1,2.3459377923920215,Ex-post DWA
2023-06-11,PARSF1,-1.8691567947808565,Ex-post DWA
2023-06-18,PARSF1,0.9531787783878869,Ex-post DWA
2023-06-25,PARSF1,-1.2170668730987373,Ex-post DWA
2023-07-02,PARSF1,0.40887036259819354,Ex-post DWA
2023-07-09,PARSF1,5.696869034547227,Ex-post DWA
2023-07-16,PARSF1,0.03102739120043907,Ex-post DWA
2023-07-23,PARSF1,-0.84100626409721,Ex-post DWA
2023-07-30,PARSF1,0.38004226189500656,Ex-post DWA
2023-08-06,PARSF1,5.150883591868599,Ex-post DWA
2023-08-13,PARSF1,2.4277675361661366,Ex-post DWA
2023-08-20,PARSF1,-5.535459257874571,Ex-post DWA
2023-08-27,PARSF1,-1.7454751932204822,Ex-post DWA
2023-09-03,PARSF1,-1.116032249731255,Ex-post DWA
2023-09-10,PARSF1,-2.5873728150920776,Ex-post DWA
2023-09-17,PARSF1,-11.690913980633923,Ex-post DWA
2023-09-24,PARSF1,1.4776397818163112,Ex-post DWA
2023-10-01,PARSF1,-12.358139994094422,Ex-post DWA
2023-10-08,PARSF1,-3.325767070574905,Ex-post DWA
2023-10-15,PARSF1,1.4523529703072562,Ex-post DWA
2023-10-22,PARSF1,-4.24109817987933,Ex-post DWA
2023-10-29,PARSF1,-3.0825248658188036,Ex-post DWA
2023-11-05,PARSF1,-4.345267156416554,Ex-post DWA
2023-11-12,PARSF1,-1.8905093035638458,Ex-post DWA
2023-11-19,PARSF1,-1.6795339869366614,Ex-post DWA
2023-11-26,PARSF1,-0.2662938104796737,Ex-post DWA
2023-12-03,PARSF1,0.7977936479463992,Ex-post DWA
2023-12-10,PARSF1,-1.4457389331947752,Ex-post DWA
2023-12-17,PARSF1,4.0651676708347395,Ex-post DWA
2023-12-24,PARSF1,0.567694243821883,Ex-post DWA
2023-12-31,PARSF1,-4.616384698102287,Ex-post DWA
2024-01-07,PARSF1,-1.5906395583596122,Ex-post DWA
2024-01-14,PARSF1,0.923575039787842,Ex-post DWA
2024-01-21,PARSF1,-2.271991693553872,Ex-post DWA
2024-01-28,PARSF1,-0.25153487921492257,Ex-post DWA
2024-02-04,PARSF1,5.78059591090971,Ex-post DWA
2024-02-11,PARSF1,-1.5904068441157762,Ex-post DWA
2024-02-18,PARSF1,3.9922110660825822,Ex-post DWA
2024-02-25,PARSF1,2.5278668976192336,Ex-post DWA
2024-03-03,PARSF1,-25.954763265119624,Ex-post DWA
2024-03-10,PARSF1,-0.38675503239691267,Ex-post DWA
2024-03-17,PARSF1,2.297046183192535,Ex-post DWA
2024-03-24,PARSF1,2.834080406970571,Ex-post DWA
2024-03-31,PARSF1,1.5918144691644116,Ex-post DWA
2024-04-07,PARSF1,-1.8739207563235638,Ex-post DWA
2024-04-14,PARSF1,2.447862456926611,Ex-post DWA
2024-04-21,PARSF1,6.761702256736527,Ex-post DWA
2024-04-28,PARSF1,2.1760411500759496,Ex-post DWA
2024-05-05,PARSF1,-1.8083368240594808,Ex-post DWA
2024-05-12,PARSF1,188.09662811142215,Ex-post DWA
2024-05-19,PARSF1,3.595083562458143,Ex-post DWA
2024-05-26,PARSF1,4.343539786787446,Ex-post DWA
2024-06-02,PARSF1,2.858650847104329,Ex-post DWA
2024-06-09,PARSF1,-4.400043140428721,Ex-post DWA
2024-06-16,PARSF1,-0.06689956081598325,Ex-post DWA
2024-06-23,PARSF1,-3.0098468705991195,Ex-post DWA
2024-06-30,PARSF1,9.657306850885242,Ex-post DWA
2024-07-07,PARSF1,2.5077321419164633,Ex-post DWA
2024-07-14,PARSF1,8.033545423986482,Ex-post DWA
2024-07-21,PARSF1,-5.3462604017942255,Ex-post DWA
2024-07-28,PARSF1,1.8541859208067564,Ex-post DWA
2024-08-04,PARSF1,2.695414182731014,Ex-post DWA
2024-08-11,PARSF1,-64.33324151898324,Ex-post DWA
2024-08-18,PARSF1,-2.206507360671111,Ex-post DWA
2024-08-25,PARSF1,-11.264361492936027,Ex-post DWA
2024-09-01,PARSF1,-8.629835063701133,Ex-post DWA
2024-09-08,PARSF1,-8.307085646105518,Ex-post DWA
2024-09-15,PARSF1,-18.82593187045066,Ex-post DWA
2024-09-22,PARSF1,-8.38038024596126,Ex-post DWA
2024-09-29,PARSF1,-1.501522352767516,Ex-post DWA
2024-10-06,PARSF1,-31.352197876775598,Ex-post DWA
2024-10-13,PARSF1,-31.24617491617251,Ex-post DWA
2024-10-20,PARSF1,-15.25633756131704,Ex-post DWA
2024-10-27,PARSF1,3.5659170424307263,Ex-post DWA
2024-11-03,PARSF1,-9.442391993414034,Ex-post DWA
2024-11-10,PARSF1,19.913322363238777,Ex-post DWA
2024-11-17,PARSF1,-2.3571181954839915,Ex-post DWA
2024-11-24,PARSF1,43.402712273441836,Ex-post DWA
2024-12-01,PARSF1,-131.06330716541868,Ex-post DWA
2024-12-08,PARSF1,-21.452112680413848,Ex-post DWA
2024-12-15,PARSF1,29.49393154344692,Ex-post DWA
2024-12-22,PARSF1,15.012864494869774,Ex-post DWA
2024-12-29,PARSF1,-2.3989212781786886,Ex-post DWA
2025-01-05,PARSF1,12.051657929249515,Ex-post DWA
2020-01-05,WRSF1,-95.53754749757337,Ex-post DWA
2020-01-12,WRSF1,-0.29440100185388474,Ex-post DWA
2020-01-19,WRSF1,1.4548182690505556,Ex-post DWA
2020-01-26,WRSF1,9.546901290852702,Ex-post DWA
2020-02-02,WRSF1,-131.74537185013008,Ex-post DWA
2020-02-09,WRSF1,-1.3824755880841408,Ex-post DWA
2020-02-16,WRSF1,-3.069426670576604,Ex-post DWA
2020-02-23,WRSF1,0.7352682973726914,Ex-post DWA
2020-03-01,WRSF1,-2.132723523048604,Ex-post DWA
2020-03-08,WRSF1,1.6192197728519275,Ex-post DWA
2020-03-15,WRSF1,-0.1606342408790411,Ex-post DWA
2020-03-22,WRSF1,-1.68470041576429,Ex-post DWA
2020-03-29,WRSF1,-0.4953107659811593,Ex-post DWA
2020-04-05,WRSF1,4.037991673808335,Ex-post DWA
2020-04-12,WRSF1,1.7295140472608637,Ex-post DWA
2020-04-19,WRSF1,-1.1959731653062349,Ex-post DWA
2020-04-26,WRSF1,2.329356904590373,Ex-post DWA
2020-05-03,WRSF1,0.3888343465557824,Ex-post DWA
2020-05-10,WRSF1,0.17618522848772855,Ex-post DWA
2020-05-17,WRSF1,-1.0660075195568481,Ex-post DWA
2020-05-24,WRSF1,-2.4031942582204806,Ex-post DWA
2020-05-31,WRSF1,0.23110354784910925,Ex-post DWA
2020-06-07,WRSF1,0.6520762319617432,Ex-post DWA
2020-06-14,WRSF1,-0.05704769296816181,Ex-post DWA
2020-06-21,WRSF1,0.5942523110671658,Ex-post DWA
2020-06-28,WRSF1,1.3519441538927452,Ex-post DWA
2020-07-05,WRSF1,0.018917735668559033,Ex-post DWA
2020-07-12,WRSF1,0.6365017563404081,Ex-post DWA
2020-07-19,WRSF1,2.1505941300012097,Ex-post DWA
2020-07-26,WRSF1,1.6878535244288386,Ex-post DWA
2020-08-02,WRSF1,-0.6415273539771107,Ex-post DWA
2020-08-09,WRSF1,0.48404044094866805,Ex-post DWA
2020-08-16,WRSF1,4.422322666496832,Ex-post DWA
2020-08-23,WRSF1,0.4522095926902807,Ex-post DWA
2020-08-30,WRSF1,2.96216167455826,Ex-post DWA
2020-09-06,WRSF1,-2.0290433811267796,Ex-post DWA
2020-09-13,WRSF1,-0.05921243692567657,Ex-post DWA
2020-09-20,WRSF1,0.905384490881584,Ex-post DWA
2020-09-27,WRSF1,1.092078059462068,Ex-post DWA
2020-10-04,WRSF1,-0.08109823505074232,Ex-post DWA
2020-10-11,WRSF1,10.35255298779061,Ex-post DWA
2020-10-18,WRSF1,-0.5645936104804434,Ex-post DWA
2020-10-25,WRSF1,12.448472310906318,Ex-post DWA
2020-11-01,WRSF1,-2.8141235358513725,Ex-post DWA
2020-11-08,WRSF1,-1.8887531010996454,Ex-post DWA
2020-11-15,WRSF1,-2.0946654827749,Ex-post DWA
2020-11-22,WRSF1,46.50401747035491,Ex-post DWA
2020-11-29,WRSF1,-10.752811594156753,Ex-post DWA
2020-12-06,WRSF1,-12.86709439880628,Ex-post DWA
2020-12-13,WRSF1,-0.8258941154905912,Ex-post DWA
2020-12-20,WRSF1,74.9976719533914,Ex-post DWA
2020-12-27,WRSF1,-0.5467954306204348,Ex-post DWA
2021-01-03,WRSF1,0.03537429242767942,Ex-post DWA
2021-01-10,WRSF1,-0.7285404817554451,Ex-post DWA
2021-01-17,WRSF1,-0.7338206551645285,Ex-post DWA
2021-01-24,WRSF1,-0.12145572721021125,Ex-post DWA
2021-01-31,WRSF1,-0.9332328494202144,Ex-post DWA
2021-02-07,WRSF1,-0.10448865331453305,Ex-post DWA
2021-02-14,WRSF1,-0.30849521479223796,Ex-post DWA
2021-02-21,WRSF1,-0.7407975547378953,Ex-post DWA
2021-02-28,WRSF1,-0.988081559788121,Ex-post DWA
2021-03-07,WRSF1,-0.6588176714359903,Ex-post DWA
2021-03-14,WRSF1,-0.9433720639409557,Ex-post DWA
2021-03-21,WRSF1,1.915406183194989,Ex-post DWA
2021-03-28,WRSF1,-2.190953235712069,Ex-post DWA
2021-04-04,WRSF1,2.5353273221454167,Ex-post DWA
2021-04-11,WRSF1,1.518049921182815,Ex-post DWA
2021-04-18,WRSF1,-1.4033942151959025,Ex-post DWA
2021-04-25,WRSF1,1.3739930755407386,Ex-post DWA
2021-05-02,WRSF1,-11.202311835474113,Ex-post DWA
2021-05-09,WRSF1,-0.1520405578094639,Ex-post DWA
2021-05-16,WRSF1,-1.2497459059885827,Ex-post DWA
2021-05-23,WRSF1,1.3745613725742416,Ex-post DWA
2021-05-30,WRSF1,-1.4207629239487432,Ex-post DWA
2021-06-06,WRSF1,9.418479311956872,Ex-post DWA
2021-06-13,WRSF1,6.701855470241256,Ex-post DWA
2021-06-20,WRSF1,23.568141733856393,Ex-post DWA
2021-06-27,WRSF1,-1.3722616577356348,Ex-post DWA
2021-07-04,WRSF1,0.49923392049198156,Ex-post DWA
2021-07-11,WRSF1,-17.645676206458575,Ex-post DWA
2021-07-18,WRSF1,53.794745875061054,Ex-post DWA
2021-07-25,WRSF1,33.42226489909825,Ex-post DWA
2021-08-01,WRSF1,4.079747370979703,Ex-post DWA
2021-08-08,WRSF1,-0.13271330634474765,Ex-post DWA
2021-08-15,WRSF1,12.448833604219217,Ex-post DWA
2021-08-22,WRSF1,7.850511515204726,Ex-post DWA
2021-08-29,WRSF1,-0.7621667074001195,Ex-post DWA
2021-09-05,WRSF1,9.374440302422887,Ex-post DWA
2021-09-12,WRSF1,-1.72105573968329,Ex-post DWA
2021-09-19,WRSF1,-7.07792538314024,Ex-post DWA
2021-09-26,WRSF1,6.653936355655095,Ex-post DWA
2021-10-03,WRSF1,-11.508116277146737,Ex-post DWA
2021-10-10,WRSF1,-4.863757852207912,Ex-post DWA
2021-10-17,WRSF1,-7.996846684590512,Ex-post DWA
2021-10-24,WRSF1,-4.9879448881991735,Ex-post DWA
2021-10-31,WRSF1,-3.1092529067650005,Ex-post DWA
2021-11-07,WRSF1,1.697931015764489,Ex-post DWA
2021-11-14,WRSF1,-3.5514238460587606,Ex-post DWA
2021-11-21,WRSF1,19.59388764006374,Ex-post DWA
2021-11-28,WRSF1,-3.8394057474764907,Ex-post DWA
2021-12-05,WRSF1,0.2620056168781417,Ex-post DWA
2021-12-12,WRSF1,-2.588559004302482,Ex-post DWA
2021-12-19,WRSF1,-5.111731803462241,Ex-post DWA
2021-12-26,WRSF1,-0.8494376229827338,Ex-post DWA
2022-01-02,WRSF1,-2.092404613895816,Ex-post DWA
2022-01-09,WRSF1,-0.9050684463194614,Ex-post DWA
2022-01-16,WRSF1,3.786366061887705,Ex-post DWA
2022-01-23,WRSF1,7.947543376541027,Ex-post DWA
2022-01-30,WRSF1,-2.4071613732211716,Ex-post DWA
2022-02-06,WRSF1,8.414145713269185,Ex-post DWA
2022-02-13,WRSF1,-1.3259363844566607,Ex-post DWA
2022-02-20,WRSF1,-5.24063244010604,Ex-post DWA
2022-02-27,WRSF1,21.38499624547711,Ex-post DWA
2022-03-06,WRSF1,0.5346443029728647,Ex-post DWA
2022-03-13,WRSF1,1.7885248251703558,Ex-post DWA
2022-03-20,WRSF1,-0.8184682213830712,Ex-post DWA
2022-03-27,WRSF1,-2.0413705073040944,Ex-post DWA
2022-04-03,WRSF1,-6.343721565426989,Ex-post DWA
2022-04-10,WRSF1,7.178062280919363,Ex-post DWA
2022-04-17,WRSF1,-5.836326574212819,Ex-post DWA
2022-04-24,WRSF1,7.009440159719574,Ex-post DWA
2022-05-01,WRSF1,7.896612652133797,Ex-post DWA
2022-05-08,WRSF1,-17.684055674499376,Ex-post DWA
2022-05-15,WRSF1,-4.0574890002210395,Ex-post DWA
2022-05-22,WRSF1,-25.038873864876336,Ex-post DWA
2022-05-29,WRSF1,-5.875073483565018,Ex-post DWA
2022-06-05,WRSF1,26.89257769011118,Ex-post DWA
2022-06-12,WRSF1,-57.35436214554585,Ex-post DWA
2022-06-19,WRSF1,8.29618639638744,Ex-post DWA
2022-06-26,WRSF1,3.543637894170814,Ex-post DWA
2022-07-03,WRSF1,-45.27791371885729,Ex-post DWA
2022-07-10,WRSF1,-12.843134865510422,Ex-post DWA
2022-07-17,WRSF1,-0.545874374187008,Ex-post DWA
2022-07-24,WRSF1,-27.476480064729316,Ex-post DWA
2022-07-31,WRSF1,4.235689182790139,Ex-post DWA
2022-08-07,WRSF1,3.6227519201489287,Ex-post DWA
2022-08-14,WRSF1,14.490192220258606,Ex-post DWA
2022-08-21,WRSF1,45.19769092520055,Ex-post DWA
2022-08-28,WRSF1,-4.9483306493523,Ex-post DWA
2022-09-04,WRSF1,-5.269516029810831,Ex-post DWA
2022-09-11,WRSF1,4.020266672844301,Ex-post DWA
2022-09-18,WRSF1,-7.258330428520388,Ex-post DWA
2022-09-25,WRSF1,-14.037343554685847,Ex-post DWA
2022-10-02,WRSF1,21.342262316204852,Ex-post DWA
2022-10-09,WRSF1,1.893310426189771,Ex-post DWA
2022-10-16,WRSF1,15.472644701258659,Ex-post DWA
2022-10-23,WRSF1,-0.15767526491737271,Ex-post DWA
2022-10-30,WRSF1,-30.482919750722814,Ex-post DWA
2022-11-06,WRSF1,35.81719073240165,Ex-post DWA
2022-11-13,WRSF1,10.732300149761898,Ex-post DWA
2022-11-20,WRSF1,5.754101395839221,Ex-post DWA
2022-11-27,WRSF1,1.6136094397377576,Ex-post DWA
2022-12-04,WRSF1,-10.000995857673104,Ex-post DWA
2022-12-11,WRSF1,11.341028358646462,Ex-post DWA
2022-12-18,WRSF1,10.700009203340144,Ex-post DWA
2022-12-25,WRSF1,7.6526051727421915,Ex-post DWA
2023-01-01,WRSF1,17.669326945651164,Ex-post DWA
2023-01-08,WRSF1,12.928634726107013,Ex-post DWA
2023-01-15,WRSF1,-0.5433535898399384,Ex-post DWA
2023-01-22,WRSF1,5.611089476224123,Ex-post DWA
2023-01-29,WRSF1,-6.546002171393212,Ex-post DWA
2023-02-05,WRSF1,-17.506424837327856,Ex-post DWA
2023-02-12,WRSF1,13.207436143956045,Ex-post DWA
2023-02-19,WRSF1,-2.620018435471394,Ex-post DWA
2023-02-26,WRSF1,5.826751297767892,Ex-post DWA
2023-03-05,WRSF1,2.6544305455485357,Ex-post DWA
2023-03-12,WRSF1,-1.9106971044811303,Ex-post DWA
2023-03-19,WRSF1,-15.30514001252942,Ex-post DWA
2023-03-26,WRSF1,-8.841585516510804,Ex-post DWA
2023-04-02,WRSF1,5.269147392082687,Ex-post DWA
2023-04-09,WRSF1,-24.988178351222004,Ex-post DWA
2023-04-16,WRSF1,-0.43451302329276587,Ex-post DWA
2023-04-23,WRSF1,-12.372705582148143,Ex-post DWA
2023-04-30,WRSF1,-1.0995504636960192,Ex-post DWA
2023-05-07,WRSF1,-6.194522312648772,Ex-post DWA
2023-05-14,WRSF1,-4.550248278690333,Ex-post DWA
2023-05-21,WRSF1,-1.243160094258883,Ex-post DWA
2023-05-28,WRSF1,-2.9517568958038254,Ex-post DWA
2023-06-04,WRSF1,-0.8348473538581658,Ex-post DWA
2023-06-11,WRSF1,-5.950918207713862,Ex-post DWA
2023-06-18,WRSF1,-1.8441722367285607,Ex-post DWA
2023-06-25,WRSF1,-1.260603956772023,Ex-post DWA
2023-07-02,WRSF1,-4.428056597871048,Ex-post DWA
2023-07-09,WRSF1,-17.652019999065985,Ex-post DWA
2023-07-16,WRSF1,-5.005203516297296,Ex-post DWA
2023-07-23,WRSF1,-3.1086889057639553,Ex-post DWA
2023-07-30,WRSF1,-7.515418435887966,Ex-post DWA
2023-08-06,WRSF1,-2.60182496108267,Ex-post DWA
2023-08-13,WRSF1,-2.6858021851253966,Ex-post DWA
2023-08-20,WRSF1,-11.156633312380464,Ex-post DWA
2023-08-27,WRSF1,-1.7648078471482584,Ex-post DWA
2023-09-03,WRSF1,-3.3151888769819955,Ex-post DWA
2023-09-10,WRSF1,-10.588867173125788,Ex-post DWA
2023-09-17,WRSF1,-16.873070688214156,Ex-post DWA
2023-09-24,WRSF1,-7.224579950402768,Ex-post DWA
2023-10-01,WRSF1,-39.310780464048406,Ex-post DWA
2023-10-08,WRSF1,2.4616717094330163,Ex-post DWA
2023-10-15,WRSF1,-8.031105670916205,Ex-post DWA
2023-10-22,WRSF1,-13.695747219444376,Ex-post DWA
2023-10-29,WRSF1,-15.21321531402754,Ex-post DWA
2023-11-05,WRSF1,-2.1436795859985978,Ex-post DWA
2023-11-12,WRSF1,-27.103017954113312,Ex-post DWA
2023-11-19,WRSF1,-13.01030959843932,Ex-post DWA
2023-11-26,WRSF1,2.2665670578564843,Ex-post DWA
2023-12-03,WRSF1,-5.888209029320365,Ex-post DWA
2023-12-10,WRSF1,2.1752641803184645,Ex-post DWA
2023-12-17,WRSF1,-5.053407691511623,Ex-post DWA
2023-12-24,WRSF1,-0.11295252027712621,Ex-post DWA
2023-12-31,WRSF1,-5.957148143723355,Ex-post DWA
2024-01-07,WRSF1,-1.861875050419691,Ex-post DWA
2024-01-14,WRSF1,-5.802704835502709,Ex-post DWA
2024-01-21,WRSF1,-24.715090674092856,Ex-post DWA
2024-01-28,WRSF1,4.217162581716657,Ex-post DWA
2024-02-04,WRSF1,-19.850623335913255,Ex-post DWA
2024-02-11,WRSF1,10.09206626792433,Ex-post DWA
2024-02-18,WRSF1,-10.597237009428184,Ex-post DWA
2024-02-25,WRSF1,-6.328114990177269,Ex-post DWA
2024-03-03,WRSF1,-39.408586626779936,Ex-post DWA
2024-03-10,WRSF1,-2.4028081245465884,Ex-post DWA
2024-03-17,WRSF1,-5.620520129970309,Ex-post DWA
2024-03-24,WRSF1,-5.730446467272337,Ex-post DWA
2024-03-31,WRSF1,-9.910310557378946,Ex-post DWA
2024-04-07,WRSF1,-5.024364940074058,Ex-post DWA
2024-04-14,WRSF1,-3.5965953547537453,Ex-post DWA
2024-04-21,WRSF1,-7.798077596025642,Ex-post DWA
2024-04-28,WRSF1,-5.761316036158451,Ex-post DWA
2024-05-05,WRSF1,-2.363762409426755,Ex-post DWA
2024-05-12,WRSF1,-300.1023700428737,Ex-post DWA
2024-05-19,WRSF1,,Ex-post DWA
2024-05-26,WRSF1,1.79663172937353,Ex-post DWA
2024-06-02,WRSF1,-12.31432442551479,Ex-post DWA
2024-06-09,WRSF1,11.94185935863301,Ex-post DWA
2024-06-16,WRSF1,8.872574362689434,Ex-post DWA
2024-06-23,WRSF1,-0.6040168161615327,Ex-post DWA
2024-06-30,WRSF1,10.776546569057395,Ex-post DWA
2024-07-07,WRSF1,-1.9484315105725756,Ex-post DWA
2024-07-14,WRSF1,-3.486221298661661,Ex-post DWA
2024-07-21,WRSF1,-10.801296113954592,Ex-post DWA
2024-07-28,WRSF1,-8.426250728191697,Ex-post DWA
2024-08-04,WRSF1,0.24107715421607168,Ex-post DWA
2024-08-11,WRSF1,59.35738859451149,Ex-post DWA
2024-08-18,WRSF1,-25.136535504876775,Ex-post DWA
2024-08-25,WRSF1,-0.27437461116540973,Ex-post DWA
2024-09-01,WRSF1,2.702692752089849,Ex-post DWA
2024-09-08,WRSF1,-4.270902473486052,Ex-post DWA
2024-09-15,WRSF1,-20.41990619624709,Ex-post DWA
2024-09-22,WRSF1,-15.953491933587022,Ex-post DWA
2024-09-29,WRSF1,-0.3090560115476322,Ex-post DWA
2024-10-06,WRSF1,-16.292097484656832,Ex-post DWA
2024-10-13,WRSF1,3.434173855668895,Ex-post DWA
2024-10-20,WRSF1,-69.64708451096075,Ex-post DWA
2024-10-27,WRSF1,-1.849447481954087,Ex-post DWA
2024-11-03,WRSF1,,Ex-post DWA
2024-11-10,WRSF1,-2.9531130769181573,Ex-post DWA
2024-11-17,WRSF1,-6.191172857432903,Ex-post DWA
2024-11-24,WRSF1,-29.69919208897246,Ex-post DWA
2024-12-01,WRSF1,-155.15102247746134,Ex-post DWA
2024-12-08,WRSF1,-132.37498756113234,Ex-post DWA
2024-12-15,WRSF1,-18.897787745543084,Ex-post DWA
2024-12-22,WRSF1,-14.640664007122787,Ex-post DWA
2024-12-29,WRSF1,-20.9603578897922,Ex-post DWA
2025-01-05,WRSF1,,Ex-post DWA
2020-01-05,BERYLSF1,88.84232866666844,ToD blocks
2020-01-12,BERYLSF1,-1.139813973399093,ToD blocks
2020-01-19,BERYLSF1,-2.086001179901011,ToD blocks
2020-01-26,BERYLSF1,-13.624210989589173,ToD blocks
2020-02-02,BERYLSF1,-114.10579702736175,ToD blocks
2020-02-09,BERYLSF1,0.5796748483111074,ToD blocks
2020-02-16,BERYLSF1,-1.248829193594574,ToD blocks
2020-02-23,BERYLSF1,-3.9531567801930763,ToD blocks
2020-03-01,BERYLSF1,-2.1344330591107052,ToD blocks
2020-03-08,BERYLSF1,-3.5354525023993517,ToD blocks
2020-03-15,BERYLSF1,-1.14402168683457,ToD blocks
2020-03-22,BERYLSF1,-1.2067021089254268,ToD blocks
2020-03-29,BERYLSF1,-1.7628864717193196,ToD blocks
2020-04-05,BERYLSF1,-5.232790852899591,ToD blocks
2020-04-12,BERYLSF1,-3.942467074420712,ToD blocks
2020-04-19,BERYLSF1,-1.0665277417782733,ToD blocks
2020-04-26,BERYLSF1,-2.717474906457678,ToD blocks
2020-05-03,BERYLSF1,-1.5732410684523686,ToD blocks
2020-05-10,BERYLSF1,-1.4892783103419518,ToD blocks
2020-05-17,BERYLSF1,-2.5009476936289587,ToD blocks
2020-05-24,BERYLSF1,1.2304096334453476,ToD blocks
2020-05-31,BERYLSF1,-2.1784464075192744,ToD blocks
2020-06-07,BERYLSF1,-1.8172914482134388,ToD blocks
2020-06-14,BERYLSF1,-7.5992156927944094,ToD blocks
2020-06-21,BERYLSF1,-1.3310771282279816,ToD blocks
2020-06-28,BERYLSF1,-2.163805184711663,ToD blocks
2020-07-05,BERYLSF1,-1.5874610477404048,ToD blocks
2020-07-12,BERYLSF1,-0.7580148679154703,ToD blocks
2020-07-19,BERYLSF1,-3.0531553935947784,ToD blocks
2020-07-26,BERYLSF1,-6.288904105461931,ToD blocks
2020-08-02,BERYLSF1,-3.744985765663678,ToD blocks
2020-08-09,BERYLSF1,-6.866964201643739,ToD blocks
2020-08-16,BERYLSF1,-5.82770098470364,ToD blocks
2020-08-23,BERYLSF1,-2.5357192764032632,ToD blocks
2020-08-30,BERYLSF1,-4.8189500857313945,ToD blocks
2020-09-06,BERYLSF1,-3.0178916990934788,ToD blocks
2020-09-13,BERYLSF1,-2.138562102823343,ToD blocks
2020-09-20,BERYLSF1,-0.44914718741404513,ToD blocks
2020-09-27,BERYLSF1,-1.997981285508331,ToD blocks
2020-10-04,BERYLSF1,-1.9594534947291535,ToD blocks
2020-10-11,BERYLSF1,-7.799630055000023,ToD blocks
2020-10-18,BERYLSF1,-1.7524996607656718,ToD blocks
2020-10-25,BERYLSF1,-27.40422279008061,ToD blocks
2020-11-01,BERYLSF1,-4.08956505516926,ToD blocks
2020-11-08,BERYLSF1,-1.7563169440104431,ToD blocks
2020-11-15,BERYLSF1,-1.3694153165732885,ToD blocks
2020-11-22,BERYLSF1,14.13735694705457,ToD blocks
2020-11-29,BERYLSF1,1.7775367921801148,ToD blocks
2020-12-06,BERYLSF1,5.070304009105982,ToD blocks
2020-12-13,BERYLSF1,-0.0947820637817216,ToD blocks
2020-12-20,BERYLSF1,-33.30687138368356,ToD blocks
2020-12-27,BERYLSF1,-4.388237936332658,ToD blocks
2021-01-03,BERYLSF1,-0.18850067434182805,ToD blocks
2021-01-10,BERYLSF1,-0.5809386934764262,ToD blocks
2021-01-17,BERYLSF1,-3.306693437966011,ToD blocks
2021-01-24,BERYLSF1,3.9365181373388367,ToD blocks
2021-01-31,BERYLSF1,-0.22522568659037034,ToD blocks
2021-02-07,BERYLSF1,-0.6283632783757653,ToD blocks
2021-02-14,BERYLSF1,-0.5742713818709007,ToD blocks
2021-02-21,BERYLSF1,-0.15778730909257632,ToD blocks
2021-02-28,BERYLSF1,-0.21211321931117055,ToD blocks
2021-03-07,BERYLSF1,-1.2809826338563006,ToD blocks
2021-03-14,BERYLSF1,-1.5908833950069905,ToD blocks
2021-03-21,BERYLSF1,-3.045772228185321,ToD blocks
2021-03-28,BERYLSF1,-12.41686370361571,ToD blocks
2021-04-04,BERYLSF1,-4.73355820060366,ToD blocks
2021-04-11,BERYLSF1,-1.8213510366056092,ToD blocks
2021-04-18,BERYLSF1,-3.6988133182711067,ToD blocks
2021-04-25,BERYLSF1,-6.7849660421395726,ToD blocks
2021-05-02,BERYLSF1,-8.407540471954043,ToD blocks
2021-05-09,BERYLSF1,-5.970330692203731,ToD blocks
2021-05-16,BERYLSF1,-5.698698262561976,ToD blocks
2021-05-23,BERYLSF1,-60.62250142506695,ToD blocks
2021-05-30,BERYLSF1,-61.5078640282219,ToD blocks
2021-06-06,BERYLSF1,-36.08455766368181,ToD blocks
2021-06-13,BERYLSF1,-51.20227291148092,ToD blocks
2021-06-20,BERYLSF1,-17.492647717856727,ToD blocks
2021-06-27,BERYLSF1,-10.28357122270161,ToD blocks
2021-07-04,BERYLSF1,-13.701101357405939,ToD blocks
2021-07-11,BERYLSF1,-37.972607533023435,ToD blocks
2021-07-18,BERYLSF1,-41.135076414230895,ToD blocks
2021-07-25,BERYLSF1,7.270078381584426,ToD blocks
2021-08-01,BERYLSF1,-6.99593817599154,ToD blocks
2021-08-08,BERYLSF1,-4.691225293038585,ToD blocks
2021-08-15,BERYLSF1,-6.747208106004226,ToD blocks
2021-08-22,BERYLSF1,-5.185412954042871,ToD blocks
2021-08-29,BERYLSF1,-10.070950500013332,ToD blocks
2021-09-05,BERYLSF1,-8.593992662808905,ToD blocks
2021-09-12,BERYLSF1,0.5368173277427144,ToD blocks
2021-09-19,BERYLSF1,-3.017071440865461,ToD blocks
2021-09-26,BERYLSF1,-3.4006588668572135,ToD blocks
2021-10-03,BERYLSF1,-2.0666763750233272,ToD blocks
2021-10-10,BERYLSF1,4.191716220594564,ToD blocks
2021-10-17,BERYLSF1,-8.295348824812457,ToD blocks
2021-10-24,BERYLSF1,-5.633356276315645,ToD blocks
2021-10-31,BERYLSF1,-6.352880163312861,ToD blocks
2021-11-07,BERYLSF1,-4.610668964280833,ToD blocks
2021-11-14,BERYLSF1,-3.3281329695583537,ToD blocks
2021-11-21,BERYLSF1,-8.834843030677625,ToD blocks
2021-11-28,BERYLSF1,-7.742459162032986,ToD blocks
2021-12-05,BERYLSF1,-2.437605640771473,ToD blocks
2021-12-12,BERYLSF1,-6.022378082076727,ToD blocks
2021-12-19,BERYLSF1,-0.996168524628942,ToD blocks
2021-12-26,BERYLSF1,-0.456792942664336,ToD blocks
2022-01-02,BERYLSF1,-0.687934194852005,ToD blocks
2022-01-09,BERYLSF1,-1.954922818009834,ToD blocks
2022-01-16,BERYLSF1,-1.43825467164298,ToD blocks
2022-01-23,BERYLSF1,-3.885315789862176,ToD blocks
2022-01-30,BERYLSF1,0.6187702376871727,ToD blocks
2022-02-06,BERYLSF1,3.1448121151245942,ToD blocks
2022-02-13,BERYLSF1,-1.8254315916254242,ToD blocks
2022-02-20,BERYLSF1,-2.176133936480255,ToD blocks
2022-02-27,BERYLSF1,-15.904648279834007,ToD blocks
2022-03-06,BERYLSF1,-1.7055367766464258,ToD blocks
2022-03-13,BERYLSF1,-10.390533630667178,ToD blocks
2022-03-20,BERYLSF1,-7.799699142010226,ToD blocks
2022-03-27,BERYLSF1,-5.760536147323833,ToD blocks
2022-04-03,BERYLSF1,-11.220312379246835,ToD blocks
2022-04-10,BERYLSF1,-26.22645303502344,ToD blocks
2022-04-17,BERYLSF1,-13.727382704742297,ToD blocks
2022-04-24,BERYLSF1,-16.081032740132827,ToD blocks
2022-05-01,BERYLSF1,-45.44312032303455,ToD blocks
2022-05-08,BERYLSF1,-34.93242797752387,ToD blocks
2022-05-15,BERYLSF1,-24.125752215306647,ToD blocks
2022-05-22,BERYLSF1,-31.542486968401874,ToD blocks
2022-05-29,BERYLSF1,-17.910695228495285,ToD blocks
2022-06-05,BERYLSF1,-58.6899426047043,ToD blocks
2022-06-12,BERYLSF1,-40.066562978994625,ToD blocks
2022-06-19,BERYLSF1,5.661091418571118,ToD blocks
2022-06-26,BERYLSF1,-33.10872549264121,ToD blocks
2022-07-03,BERYLSF1,-9.011543081133937,ToD blocks
2022-07-10,BERYLSF1,-31.482360195316232,ToD blocks
2022-07-17,BERYLSF1,-59.86314136232795,ToD blocks
2022-07-24,BERYLSF1,-43.157164244227374,ToD blocks
2022-07-31,BERYLSF1,-37.6174902507,ToD blocks
2022-08-07,BERYLSF1,-21.688558412773787,ToD blocks
2022-08-14,BERYLSF1,-16.01078413938137,ToD blocks
2022-08-21,BERYLSF1,-12.26555348431171,ToD blocks
2022-08-28,BERYLSF1,-19.905066366096023,ToD blocks
2022-09-04,BERYLSF1,-22.197688211127698,ToD blocks
2022-09-11,BERYLSF1,2.2781632836041013,ToD blocks
2022-09-18,BERYLSF1,-24.187245253118995,ToD blocks
2022-09-25,BERYLSF1,-35.98044804904568,ToD blocks
2022-10-02,BERYLSF1,-11.384108312635576,ToD blocks
2022-10-09,BERYLSF1,-46.41271362439012,ToD blocks
2022-10-16,BERYLSF1,-17.96112270598067,ToD blocks
2022-10-23,BERYLSF1,-11.421336199995906,ToD blocks
2022-10-30,BERYLSF1,7.332788379845397,ToD blocks
2022-11-06,BERYLSF1,-15.2573646061307,ToD blocks
2022-11-13,BERYLSF1,-17.805824505054908,ToD blocks
2022-11-20,BERYLSF1,-1.2984226200773037,ToD blocks
2022-11-27,BERYLSF1,-3.286829808742496,ToD blocks
2022-12-04,BERYLSF1,3.1129627044242625,ToD blocks
2022-12-11,BERYLSF1,-9.353712656127243,ToD blocks
2022-12-18,BERYLSF1,-18.4308454638404,ToD blocks
2022-12-25,BERYLSF1,-5.3866496939649835,ToD blocks
2023-01-01,BERYLSF1,-5.703659158202015,ToD blocks
2023-01-08,BERYLSF1,-3.663507891323256,ToD blocks
2023-01-15,BERYLSF1,-6.520300242241447,ToD blocks
2023-01-22,BERYLSF1,-1.4376615748152943,ToD blocks
2023-01-29,BERYLSF1,-11.687230812076663,ToD blocks
2023-02-05,BERYLSF1,-5.687195663103736,ToD blocks
2023-02-12,BERYLSF1,-5.277847850068142,ToD blocks
2023-02-19,BERYLSF1,-4.69054396689792,ToD blocks
2023-02-26,BERYLSF1,-8.545603920885,ToD blocks
2023-03-05,BERYLSF1,-9.398149777200658,ToD blocks
2023-03-12,BERYLSF1,-4.558732437006583,ToD blocks
2023-03-19,BERYLSF1,-25.954406172140153,ToD blocks
2023-03-26,BERYLSF1,-6.504581149318497,ToD blocks
2023-04-02,BERYLSF1,-24.394584362027274,ToD blocks
2023-04-09,BERYLSF1,28.697939780631366,ToD blocks
2023-04-16,BERYLSF1,-9.897565691652531,ToD blocks
2023-04-23,BERYLSF1,-9.270100711688201,ToD blocks
2023-04-30,BERYLSF1,-21.714706726888494,ToD blocks
2023-05-07,BERYLSF1,-22.618781139630244,ToD blocks
2023-05-14,BERYLSF1,-23.08979000433949,ToD blocks
2023-05-21,BERYLSF1,-15.589175143299869,ToD blocks
2023-05-28,BERYLSF1,-36.598126465235794,ToD blocks
2023-06-04,BERYLSF1,-19.586273179679154,ToD blocks
2023-06-11,BERYLSF1,-27.65094129631749,ToD blocks
2023-06-18,BERYLSF1,-14.236355344668198,ToD blocks
2023-06-25,BERYLSF1,-25.10599433728389,ToD blocks
2023-07-02,BERYLSF1,-24.27624145371736,ToD blocks
2023-07-09,BERYLSF1,-9.298905099807214,ToD blocks
2023-07-16,BERYLSF1,-13.610166087586101,ToD blocks
2023-07-23,BERYLSF1,-18.212526405175986,ToD blocks
2023-07-30,BERYLSF1,-7.074975122037046,ToD blocks
2023-08-06,BERYLSF1,-13.022522703189523,ToD blocks
2023-08-13,BERYLSF1,-17.155656743088862,ToD blocks
2023-08-20,BERYLSF1,-18.56960867044456,ToD blocks
2023-08-27,BERYLSF1,-10.722742854418904,ToD blocks
2023-09-03,BERYLSF1,-7.793545490351001,ToD blocks
2023-09-10,BERYLSF1,0.14479290167590086,ToD blocks
2023-09-17,BERYLSF1,13.522390301065887,ToD blocks
2023-09-24,BERYLSF1,-0.982748359643054,ToD blocks
2023-10-01,BERYLSF1,14.551271327736988,ToD blocks
2023-10-08,BERYLSF1,-10.290471232753966,ToD blocks
2023-10-15,BERYLSF1,-0.24860624313604163,ToD blocks
2023-10-22,BERYLSF1,1.393460930675614,ToD blocks
2023-10-29,BERYLSF1,-8.08313249833031,ToD blocks
2023-11-05,BERYLSF1,1.8872658162546863,ToD blocks
2023-11-12,BERYLSF1,-27.30990079700782,ToD blocks
2023-11-19,BERYLSF1,-12.596963075934788,ToD blocks
2023-11-26,BERYLSF1,-12.084105629648498,ToD blocks
2023-12-03,BERYLSF1,-9.39996128774052,ToD blocks
2023-12-10,BERYLSF1,-10.669579236683674,ToD blocks
2023-12-17,BERYLSF1,-1.4895831540605826,ToD blocks
2023-12-24,BERYLSF1,-6.8364939374223965,ToD blocks
2023-12-31,BERYLSF1,-4.391547185859183,ToD blocks
2024-01-07,BERYLSF1,-2.2786724811615784,ToD blocks
2024-01-14,BERYLSF1,-1.5505688274937413,ToD blocks
2024-01-21,BERYLSF1,-2.3855633210525156,ToD blocks
2024-01-28,BERYLSF1,-4.154125070631906,ToD blocks
2024-02-04,BERYLSF1,-1.7520454506006047,ToD blocks
2024-02-11,BERYLSF1,-12.781421549030433,ToD blocks
2024-02-18,BERYLSF1,-7.08905236413198,ToD blocks
2024-02-25,BERYLSF1,-11.319404298564628,ToD blocks
2024-03-03,BERYLSF1,-164.7330609708763,ToD blocks
2024-03-10,BERYLSF1,-5.855449051028863,ToD blocks
2024-03-17,BERYLSF1,-4.888818588522142,ToD blocks
2024-03-24,BERYLSF1,-12.80105875458461,ToD blocks
2024-03-31,BERYLSF1,-9.130817894471434,ToD blocks
2024-04-07,BERYLSF1,-13.524963596139763,ToD blocks
2024-04-14,BERYLSF1,-11.848608067620862,ToD blocks
2024-04-21,BERYLSF1,-13.635276655644269,ToD blocks
2024-04-28,BERYLSF1,-10.586832859720577,ToD blocks
2024-05-05,BERYLSF1,-13.422619147580136,ToD blocks
2024-05-12,BERYLSF1,-143.33994132117795,ToD blocks
2024-05-19,BERYLSF1,-25.464704236972686,ToD blocks
2024-05-26,BERYLSF1,-26.976286713164583,ToD blocks
2024-06-02,BERYLSF1,-30.287143426934925,ToD blocks
2024-06-09,BERYLSF1,-35.421401644190006,ToD blocks
2024-06-16,BERYLSF1,-38.4454506591086,ToD blocks
2024-06-23,BERYLSF1,-46.53157417249568,ToD blocks
2024-06-30,BERYLSF1,-25.803587446176863,ToD blocks
2024-07-07,BERYLSF1,-23.99765804529244,ToD blocks
2024-07-14,BERYLSF1,-32.69984089191584,ToD blocks
2024-07-21,BERYLSF1,-22.184581542531028,ToD blocks
2024-07-28,BERYLSF1,-26.549191977243453,ToD blocks
2024-08-04,BERYLSF1,-31.365843967000913,ToD blocks
2024-08-11,BERYLSF1,-234.45872822173197,ToD blocks
2024-08-18,BERYLSF1,-22.633745861268068,ToD blocks
2024-08-25,BERYLSF1,-12.165444702732898,ToD blocks
2024-09-01,BERYLSF1,15.793613523230457,ToD blocks
2024-09-08,BERYLSF1,6.231134691758632,ToD blocks
2024-09-15,BERYLSF1,5.222606852928722,ToD blocks
2024-09-22,BERYLSF1,19.003708688244398,ToD blocks
2024-09-29,BERYLSF1,-9.245357536589498,ToD blocks
2024-10-06,BERYLSF1,7.7758623560276146,ToD blocks
2024-10-13,BERYLSF1,6.018626275048668,ToD blocks
2024-10-20,BERYLSF1,-26.444757312326608,ToD blocks
2024-10-27,BERYLSF1,-7.871873221779332,ToD blocks
2024-11-03,BERYLSF1,3.83024981616105,ToD blocks
2024-11-10,BERYLSF1,-118.23113047269798,ToD blocks
2024-11-17,BERYLSF1,-5.0347033509240475,ToD blocks
2024-11-24,BERYLSF1,-1.7357258171937104,ToD blocks
2024-12-01,BERYLSF1,-216.65618370125057,ToD blocks
2024-12-08,BERYLSF1,-62.47762727710963,ToD blocks
2024-12-15,BERYLSF1,-5.148580647179912,ToD blocks
2024-12-22,BERYLSF1,0.6454044993853927,ToD blocks
2024-12-29,BERYLSF1,6.9061909470201766,ToD blocks
2025-01-05,BERYLSF1,-3.0850317574794417,ToD blocks
2020-01-05,BROKENH1,-445.9451355268803,ToD blocks
2020-01-12,BROKENH1,-0.7095771975401703,ToD blocks
2020-01-19,BROKENH1,-0.8107944326962127,ToD blocks
2020-01-26,BROKENH1,10.7982665761389,ToD blocks
2020-02-02,BROKENH1,-29.450108971131385,ToD blocks
2020-02-09,BROKENH1,0.10620612205968882,ToD blocks
2020-02-16,BROKENH1,-0.2926644696213003,ToD blocks
2020-02-23,BROKENH1,-0.47075578591667266,ToD blocks
2020-03-01,BROKENH1,-0.5672676476482224,ToD blocks
2020-03-08,BROKENH1,-3.9929617523861936,ToD blocks
2020-03-15,BROKENH1,-1.6385372299797893,ToD blocks
2020-03-22,BROKENH1,-0.6929928225830508,ToD blocks
2020-03-29,BROKENH1,-0.8180004312311624,ToD blocks
2020-04-05,BROKENH1,-4.105344163855179,ToD blocks
2020-04-12,BROKENH1,-2.4487617965294177,ToD blocks
2020-04-19,BROKENH1,-1.3912183329649004,ToD blocks
2020-04-26,BROKENH1,-2.5254117246073093,ToD blocks
2020-05-03,BROKENH1,-1.576399503993457,ToD blocks
2020-05-10,BROKENH1,-1.3761340804948716,ToD blocks
2020-05-17,BROKENH1,-2.0995836855790486,ToD blocks
2020-05-24,BROKENH1,-0.6338747753661664,ToD blocks
2020-05-31,BROKENH1,-2.3987902621458375,ToD blocks
2020-06-07,BROKENH1,-1.4809021456014761,ToD blocks
2020-06-14,BROKENH1,-3.7735463492054464,ToD blocks
2020-06-21,BROKENH1,-1.1803172525844943,ToD blocks
2020-06-28,BROKENH1,-1.1389568887333752,ToD blocks
2020-07-05,BROKENH1,-1.0695709352457143,ToD blocks
2020-07-12,BROKENH1,-0.2291696706999531,ToD blocks
2020-07-19,BROKENH1,-3.214439669810538,ToD blocks
2020-07-26,BROKENH1,-4.504996830123062,ToD blocks
2020-08-02,BROKENH1,-1.8180457724498638,ToD blocks
2020-08-09,BROKENH1,-4.678657501055923,ToD blocks
2020-08-16,BROKENH1,-0.5851243799902477,ToD blocks
2020-08-23,BROKENH1,-1.8427222239679537,ToD blocks
2020-08-30,BROKENH1,-6.624317340120733,ToD blocks
2020-09-06,BROKENH1,-1.5064483289291815,ToD blocks
2020-09-13,BROKENH1,-1.1738891020704756,ToD blocks
2020-09-20,BROKENH1,-1.1276785858764953,ToD blocks
2020-09-27,BROKENH1,-2.8707605202527766,ToD blocks
2020-10-04,BROKENH1,-2.6527896637265194,ToD blocks
2020-10-11,BROKENH1,-24.649371278515304,ToD blocks
2020-10-18,BROKENH1,-1.9835951519606922,ToD blocks
2020-10-25,BROKENH1,-45.973998815575996,ToD blocks
2020-11-01,BROKENH1,-2.0337509076884146,ToD blocks
2020-11-08,BROKENH1,-3.564599461453227,ToD blocks
2020-11-15,BROKENH1,-1.427982784451892,ToD blocks
2020-11-22,BROKENH1,-6.188117374334183,ToD blocks
2020-11-29,BROKENH1,-12.902212479478301,ToD blocks
2020-12-06,BROKENH1,-17.45457694155167,ToD blocks
2020-12-13,BROKENH1,-0.5444572329139916,ToD blocks
2020-12-20,BROKENH1,19.680330969469082,ToD blocks
2020-12-27,BROKENH1,-3.5214567045835423,ToD blocks
2021-01-03,BROKENH1,0.3279035570672093,ToD blocks
2021-01-10,BROKENH1,-0.34879222041733016,ToD blocks
2021-01-17,BROKENH1,-2.345278298085759,ToD blocks
2021-01-24,BROKENH1,-1.9728181285210837,ToD blocks
2021-01-31,BROKENH1,-0.8650517801071871,ToD blocks
2021-02-07,BROKENH1,-0.5672990222191459,ToD blocks
2021-02-14,BROKENH1,-0.524001363237673,ToD blocks
2021-02-21,BROKENH1,-0.30355391552095057,ToD blocks
2021-02-28,BROKENH1,-0.4180543806278827,ToD blocks
2021-03-07,BROKENH1,-1.6362800135363322,ToD blocks
2021-03-14,BROKENH1,-0.6207444933502373,ToD blocks
2021-03-21,BROKENH1,-1.8582741640596723,ToD blocks
2021-03-28,BROKENH1,-6.349233189313168,ToD blocks
2021-04-04,BROKENH1,-2.556727087424239,ToD blocks
2021-04-11,BROKENH1,-2.852579505747581,ToD blocks
2021-04-18,BROKENH1,-1.504757657484845,ToD blocks
2021-04-25,BROKENH1,-6.781842757733855,ToD blocks
2021-05-02,BROKENH1,-5.723142885965707,ToD blocks
2021-05-09,BROKENH1,-2.5054824567725404,ToD blocks
2021-05-16,BROKENH1,-3.590521877478295,ToD blocks
2021-05-23,BROKENH1,-48.49163435494822,ToD blocks
2021-05-30,BROKENH1,-52.39119983410939,ToD blocks
2021-06-06,BROKENH1,-10.776780017577366,ToD blocks
2021-06-13,BROKENH1,-54.17035786319206,ToD blocks
2021-06-20,BROKENH1,-33.61793300462901,ToD blocks
2021-06-27,BROKENH1,-6.337280453349919,ToD blocks
2021-07-04,BROKENH1,-6.897975417915234,ToD blocks
2021-07-11,BROKENH1,-16.78504487184719,ToD blocks
2021-07-18,BROKENH1,35.4563063468933,ToD blocks
2021-07-25,BROKENH1,-35.958366008851186,ToD blocks
2021-08-01,BROKENH1,-4.972464846125689,ToD blocks
2021-08-08,BROKENH1,-3.1330209781939615,ToD blocks
2021-08-15,BROKENH1,-8.068505595242208,ToD blocks
2021-08-22,BROKENH1,-8.574981029836401,ToD blocks
2021-08-29,BROKENH1,-5.635734158170919,ToD blocks
2021-09-05,BROKENH1,-1.8912723570554562,ToD blocks
2021-09-12,BROKENH1,-3.721521309407973,ToD blocks
2021-09-19,BROKENH1,9.103070242504621,ToD blocks
2021-09-26,BROKENH1,-5.471363458096651,ToD blocks
2021-10-03,BROKENH1,-4.573999771671559,ToD blocks
2021-10-10,BROKENH1,-9.36404631467169,ToD blocks
2021-10-17,BROKENH1,-3.692413057377337,ToD blocks
2021-10-24,BROKENH1,-3.424119988063673,ToD blocks
2021-10-31,BROKENH1,-1.0041394680831885,ToD blocks
2021-11-07,BROKENH1,-7.9476924433351215,ToD blocks
2021-11-14,BROKENH1,-6.831946636054326,ToD blocks
2021-11-21,BROKENH1,-23.674460331169854,ToD blocks
2021-11-28,BROKENH1,-5.2276043171001945,ToD blocks
2021-12-05,BROKENH1,6.091708141264043,ToD blocks
2021-12-12,BROKENH1,0.2553435811660165,ToD blocks
2021-12-19,BROKENH1,2.0710258302069846,ToD blocks
2021-12-26,BROKENH1,0.9809542243763332,ToD blocks
2022-01-02,BROKENH1,-2.5280771900869254,ToD blocks
2022-01-09,BROKENH1,-0.47804642940157294,ToD blocks
2022-01-16,BROKENH1,0.13923078706058334,ToD blocks
2022-01-23,BROKENH1,-5.422969306449836,ToD blocks
2022-01-30,BROKENH1,0.09601436568740951,ToD blocks
2022-02-06,BROKENH1,-10.49468276365846,ToD blocks
2022-02-13,BROKENH1,-1.5804290425509961,ToD blocks
2022-02-20,BROKENH1,0.6693105364491458,ToD blocks
2022-02-27,BROKENH1,2.6264253275477927,ToD blocks
2022-03-06,BROKENH1,-1.692970680594712,ToD blocks
2022-03-13,BROKENH1,-3.774076173679532,ToD blocks
2022-03-20,BROKENH1,-2.883865296470475,ToD blocks
2022-03-27,BROKENH1,-2.813157304378805,ToD blocks
2022-04-03,BROKENH1,-4.8820832142057355,ToD blocks
2022-04-10,BROKENH1,-8.558357552062745,ToD blocks
2022-04-17,BROKENH1,-6.2258812639366425,ToD blocks
2022-04-24,BROKENH1,-3.517525876341921,ToD blocks
2022-05-01,BROKENH1,-22.90471347241032,ToD blocks
2022-05-08,BROKENH1,-38.18722178792055,ToD blocks
2022-05-15,BROKENH1,-21.46823213356413,ToD blocks
2022-05-22,BROKENH1,-24.936569193590884,ToD blocks
2022-05-29,BROKENH1,-21.90791280269889,ToD blocks
2022-06-05,BROKENH1,-69.55603724035609,ToD blocks
2022-06-12,BROKENH1,-26.44191673440315,ToD blocks
2022-06-19,BROKENH1,1.6221685259019978,ToD blocks
2022-06-26,BROKENH1,-20.756956394506858,ToD blocks
2022-07-03,BROKENH1,-12.012235663119952,ToD blocks
2022-07-10,BROKENH1,-13.719351989392408,ToD blocks
2022-07-17,BROKENH1,-50.34553776765773,ToD blocks
2022-07-24,BROKENH1,-64.38837442027028,ToD blocks
2022-07-31,BROKENH1,-11.391072196169262,ToD blocks
2022-08-07,BROKENH1,-10.321869374199437,ToD blocks
2022-08-14,BROKENH1,-5.93704670553231,ToD blocks
2022-08-21,BROKENH1,-13.177032433492244,ToD blocks
2022-08-28,BROKENH1,-21.001087561488873,ToD blocks
2022-09-04,BROKENH1,-7.766169645676172,ToD blocks
2022-09-11,BROKENH1,-16.175609998620942,ToD blocks
2022-09-18,BROKENH1,-19.07748334547341,ToD blocks
2022-09-25,BROKENH1,-24.809869977564198,ToD blocks
2022-10-02,BROKENH1,-6.796450428843812,ToD blocks
2022-10-09,BROKENH1,-1.1395463002284316,ToD blocks
2022-10-16,BROKENH1,-17.934342848424663,ToD blocks
2022-10-23,BROKENH1,-2.815245013464448,ToD blocks
2022-10-30,BROKENH1,-25.31120278400701,ToD blocks
2022-11-06,BROKENH1,-7.453922155361653,ToD blocks
2022-11-13,BROKENH1,-9.898804469509031,ToD blocks
2022-11-20,BROKENH1,-12.536368608857764,ToD blocks
2022-11-27,BROKENH1,-17.61053774374888,ToD blocks
2022-12-04,BROKENH1,-2.098506367738281,ToD blocks
2022-12-11,BROKENH1,-7.039988175729384,ToD blocks
2022-12-18,BROKENH1,4.976439590414394,ToD blocks
2022-12-25,BROKENH1,-4.712872722203123,ToD blocks
2023-01-01,BROKENH1,-4.453518592410866,ToD blocks
2023-01-08,BROKENH1,0.6070447872650462,ToD blocks
2023-01-15,BROKENH1,-7.750732025208862,ToD blocks
2023-01-22,BROKENH1,-6.413553810936506,ToD blocks
2023-01-29,BROKENH1,-15.468907988897755,ToD blocks
2023-02-05,BROKENH1,-6.558132287176576,ToD blocks
2023-02-12,BROKENH1,-2.683876158525024,ToD blocks
2023-02-19,BROKENH1,4.242396030495243,ToD blocks
2023-02-26,BROKENH1,-5.002071828235259,ToD blocks
2023-03-05,BROKENH1,-13.672799099169595,ToD blocks
2023-03-12,BROKENH1,1.4804716504472566,ToD blocks
2023-03-19,BROKENH1,-3.684442712529787,ToD blocks
2023-03-26,BROKENH1,-4.712063836170103,ToD blocks
2023-04-02,BROKENH1,19.965778712775062,ToD blocks
2023-04-09,BROKENH1,-3.4572394270260958,ToD blocks
2023-04-16,BROKENH1,-5.603573304364858,ToD blocks
2023-04-23,BROKENH1,-4.611410288865372,ToD blocks
2023-04-30,BROKENH1,-6.341371730544637,ToD blocks
2023-05-07,BROKENH1,-9.173385125219113,ToD blocks
2023-05-14,BROKENH1,-16.16435571068837,ToD blocks
2023-05-21,BROKENH1,3.818548905323837,ToD blocks
2023-05-28,BROKENH1,-27.672347226521467,ToD blocks
2023-06-04,BROKENH1,-17.061612728721812,ToD blocks
2023-06-11,BROKENH1,-6.896191033835279,ToD blocks
2023-06-18,BROKENH1,-1.5687668203719483,ToD blocks
2023-06-25,BROKENH1,-39.32393886269392,ToD blocks
2023-07-02,BROKENH1,-26.34939756236053,ToD blocks
2023-07-09,BROKENH1,-50.20037760607126,ToD blocks
2023-07-16,BROKENH1,-9.488233600867893,ToD blocks
2023-07-23,BROKENH1,-10.591559921801093,ToD blocks
2023-07-30,BROKENH1,-8.846410777663202,ToD blocks
2023-08-06,BROKENH1,-6.275261928594404,ToD blocks
2023-08-13,BROKENH1,-6.62201592968546,ToD blocks
2023-08-20,BROKENH1,-13.88975202483347,ToD blocks
2023-08-27,BROKENH1,-12.579926157328313,ToD blocks
2023-09-03,BROKENH1,-7.756809213453273,ToD blocks
2023-09-10,BROKENH1,1.0879357517015933,ToD blocks
2023-09-17,BROKENH1,-6.523151392637285,ToD blocks
2023-09-24,BROKENH1,0.7938802397270628,ToD blocks
2023-10-01,BROKENH1,-3.1779714992113917,ToD blocks
2023-10-08,BROKENH1,-20.44111364516264,ToD blocks
2023-10-15,BROKENH1,-14.686034109331974,ToD blocks
2023-10-22,BROKENH1,0.2996475453109184,ToD blocks
2023-10-29,BROKENH1,3.450873336991352,ToD blocks
2023-11-05,BROKENH1,-16.178903101238184,ToD blocks
2023-11-12,BROKENH1,-22.832488404499017,ToD blocks
2023-11-19,BROKENH1,-13.329139492926942,ToD blocks
2023-11-26,BROKENH1,-1.257751796730176,ToD blocks
2023-12-03,BROKENH1,-5.840775654047619,ToD blocks
2023-12-10,BROKENH1,5.459584445936784,ToD blocks
2023-12-17,BROKENH1,-0.02106521067759104,ToD blocks
2023-12-24,BROKENH1,-3.819352227885382,ToD blocks
2023-12-31,BROKENH1,-1.655834008527588,ToD blocks
2024-01-07,BROKENH1,-0.4809487404679089,ToD blocks
2024-01-14,BROKENH1,-0.9175040221516042,ToD blocks
2024-01-21,BROKENH1,-5.618475704291313,ToD blocks
2024-01-28,BROKENH1,-3.100925941428187,ToD blocks
2024-02-04,BROKENH1,-4.403377329138465,ToD blocks
2024-02-11,BROKENH1,-3.172904462997792,ToD blocks
2024-02-18,BROKENH1,-3.7956582448824108,ToD blocks
2024-02-25,BROKENH1,-20.947262442490114,ToD blocks
2024-03-03,BROKENH1,-2.601184207855283,ToD blocks
2024-03-10,BROKENH1,-4.923104215016906,ToD blocks
2024-03-17,BROKENH1,6.811776525114077,ToD blocks
2024-03-24,BROKENH1,-5.720803769654296,ToD blocks
2024-03-31,BROKENH1,-2.8181755841216543,ToD blocks
2024-04-07,BROKENH1,-2.1150396872710573,ToD blocks
2024-04-14,BROKENH1,0.9405220246744435,ToD blocks
2024-04-21,BROKENH1,-4.9911831315857285,ToD blocks
2024-04-28,BROKENH1,-10.46218346990102,ToD blocks
2024-05-05,BROKENH1,-8.28519280789655,ToD blocks
2024-05-12,BROKENH1,-240.58208297761945,ToD blocks
2024-05-19,BROKENH1,-17.16012366495432,ToD blocks
2024-05-26,BROKENH1,-28.525477026139612,ToD blocks
2024-06-02,BROKENH1,-15.753997828873167,ToD blocks
2024-06-09,BROKENH1,-16.946772233749783,ToD blocks
2024-06-16,BROKENH1,-28.351283314313193,ToD blocks
2024-06-23,BROKENH1,-23.67371509030943,ToD blocks
2024-06-30,BROKENH1,-26.963701480483756,ToD blocks
2024-07-07,BROKENH1,-19.378597091444405,ToD blocks
2024-07-14,BROKENH1,-14.197456580618919,ToD blocks
2024-07-21,BROKENH1,-15.883803017608088,ToD blocks
2024-07-28,BROKENH1,-6.39185875595291,ToD blocks
2024-08-04,BROKENH1,-27.45744913361851,ToD blocks
2024-08-11,BROKENH1,-134.7025180099942,ToD blocks
2024-08-18,BROKENH1,-6.516455723435271,ToD blocks
2024-08-25,BROKENH1,-2.934113338612061,ToD blocks
2024-09-01,BROKENH1,4.41020967319297,ToD blocks
2024-09-08,BROKENH1,-1.8030906193494305,ToD blocks
2024-09-15,BROKENH1,-8.771360028975012,ToD blocks
2024-09-22,BROKENH1,103.55513469460756,ToD blocks
2024-09-29,BROKENH1,-19.7060531549588,ToD blocks
2024-10-06,BROKENH1,-3.844921013898957,ToD blocks
2024-10-13,BROKENH1,-11.806318413959524,ToD blocks
2024-10-20,BROKENH1,23.199351892051908,ToD blocks
2024-10-27,BROKENH1,,ToD blocks
2024-11-03,BROKENH1,-22.090029944244776,ToD blocks
2024-11-10,BROKENH1,-107.2240777656438,ToD blocks
2024-11-17,BROKENH1,-11.676690865106991,ToD blocks
2024-11-24,BROKENH1,-6.005463496736766,ToD blocks
2024-12-01,BROKENH1,100.3947279689994,ToD blocks
2024-12-08,BROKENH1,-100.8538728321131,ToD blocks
2024-12-15,BROKENH1,-17.869220014901487,ToD blocks
2024-12-22,BROKENH1,-25.34152618065292,ToD blocks
2024-12-29,BROKENH1,-4.497456199593223,ToD blocks
2025-01-05,BROKENH1,1.4919929172111779,ToD blocks
2020-01-05,COLEASF1,-317.5921789946834,ToD blocks
2020-01-12,COLEASF1,-0.3355018760811248,ToD blocks
2020-01-19,COLEASF1,-1.6075706982169606,ToD blocks
2020-01-26,COLEASF1,6.038511833427492,ToD blocks
2020-02-02,COLEASF1,93.03229626453538,ToD blocks
2020-02-09,COLEASF1,1.7133441763769142,ToD blocks
2020-02-16,COLEASF1,-1.287998401926778,ToD blocks
2020-02-23,COLEASF1,-1.4188968928003547,ToD blocks
2020-03-01,COLEASF1,0.016274532440782252,ToD blocks
2020-03-08,COLEASF1,-4.147037983752178,ToD blocks
2020-03-15,COLEASF1,-1.529668862065833,ToD blocks
2020-03-22,COLEASF1,-1.8376987539183531,ToD blocks
2020-03-29,COLEASF1,-1.0853358968496423,ToD blocks
2020-04-05,COLEASF1,-1.8643603756391727,ToD blocks
2020-04-12,COLEASF1,-1.0983203518752447,ToD blocks
2020-04-19,COLEASF1,-0.5827385311124509,ToD blocks
2020-04-26,COLEASF1,-1.3948735899034794,ToD blocks
2020-05-03,COLEASF1,-0.9577612630953993,ToD blocks
2020-05-10,COLEASF1,-0.8931921705941157,ToD blocks
2020-05-17,COLEASF1,-1.6445106725420828,ToD blocks
2020-05-24,COLEASF1,-2.0963380917349,ToD blocks
2020-05-31,COLEASF1,0.9999392281507227,ToD blocks
2020-06-07,COLEASF1,,ToD blocks
2020-06-14,COLEASF1,,ToD blocks
2020-06-21,COLEASF1,-2.981292617602527,ToD blocks
2020-06-28,COLEASF1,-3.1226969723023927,ToD blocks
2020-07-05,COLEASF1,-1.1773193215682198,ToD blocks
2020-07-12,COLEASF1,-0.8857923375565377,ToD blocks
2020-07-19,COLEASF1,-4.031643238340642,ToD blocks
2020-07-26,COLEASF1,-7.968066052972453,ToD blocks
2020-08-02,COLEASF1,-3.0995423478359285,ToD blocks
2020-08-09,COLEASF1,-6.851253497242645,ToD blocks
2020-08-16,COLEASF1,-4.92052280062029,ToD blocks
2020-08-23,COLEASF1,-1.3148050689471518,ToD blocks
2020-08-30,COLEASF1,-13.859838982819042,ToD blocks
2020-09-06,COLEASF1,-1.7519655640871505,ToD blocks
2020-09-13,COLEASF1,-1.3025962275527476,ToD blocks
2020-09-20,COLEASF1,-0.4538870279114988,ToD blocks
2020-09-27,COLEASF1,-1.9802761624882237,ToD blocks
2020-10-04,COLEASF1,-0.9963379139004367,ToD blocks
2020-10-11,COLEASF1,-26.533863893260346,ToD blocks
2020-10-18,COLEASF1,-2.818424495980942,ToD blocks
2020-10-25,COLEASF1,-33.14970581195428,ToD blocks
2020-11-01,COLEASF1,-5.031585193112761,ToD blocks
2020-11-08,COLEASF1,-0.9966823455685443,ToD blocks
2020-11-15,COLEASF1,-0.7868502849155234,ToD blocks
2020-11-22,COLEASF1,-17.751648179057383,ToD blocks
2020-11-29,COLEASF1,3.7052871313912874,ToD blocks
2020-12-06,COLEASF1,0.018690941741660083,ToD blocks
2020-12-13,COLEASF1,-0.2737571621822852,ToD blocks
2020-12-20,COLEASF1,-35.7012885743608,ToD blocks
2020-12-27,COLEASF1,-3.5085308509494766,ToD blocks
2021-01-03,COLEASF1,0.3465604879199553,ToD blocks
2021-01-10,COLEASF1,-0.3267900031275701,ToD blocks
2021-01-17,COLEASF1,-2.2001150229938347,ToD blocks
2021-01-24,COLEASF1,-2.0514217966637602,ToD blocks
2021-01-31,COLEASF1,-1.2676481951272294,ToD blocks
2021-02-07,COLEASF1,-1.3943367229872266,ToD blocks
2021-02-14,COLEASF1,-0.40953835199582755,ToD blocks
2021-02-21,COLEASF1,-0.6475514755043079,ToD blocks
2021-02-28,COLEASF1,-0.643726782273415,ToD blocks
2021-03-07,COLEASF1,-1.3235316907979318,ToD blocks
2021-03-14,COLEASF1,-1.8590795912823381,ToD blocks
2021-03-21,COLEASF1,-2.6410289734216477,ToD blocks
2021-03-28,COLEASF1,-12.214784162142557,ToD blocks
2021-04-04,COLEASF1,-5.903926117962744,ToD blocks
2021-04-11,COLEASF1,-2.004039944827145,ToD blocks
2021-04-18,COLEASF1,-2.0545792978755273,ToD blocks
2021-04-25,COLEASF1,-10.3272208248055,ToD blocks
2021-05-02,COLEASF1,-7.947595532547638,ToD blocks
2021-05-09,COLEASF1,-4.123684753011645,ToD blocks
2021-05-16,COLEASF1,-5.7975472468809315,ToD blocks
2021-05-23,COLEASF1,-62.848927219946425,ToD blocks
2021-05-30,COLEASF1,-63.502944391941575,ToD blocks
2021-06-06,COLEASF1,-31.166312924027224,ToD blocks
2021-06-13,COLEASF1,-59.97317388357256,ToD blocks
2021-06-20,COLEASF1,-45.70970301765591,ToD blocks
2021-06-27,COLEASF1,-7.333096434069162,ToD blocks
2021-07-04,COLEASF1,-16.43567049403952,ToD blocks
2021-07-11,COLEASF1,-12.451916499085087,ToD blocks
2021-07-18,COLEASF1,-38.83542652745466,ToD blocks
2021-07-25,COLEASF1,-15.201614248234094,ToD blocks
2021-08-01,COLEASF1,-8.387453516582625,ToD blocks
2021-08-08,COLEASF1,-2.9864657639358185,ToD blocks
2021-08-15,COLEASF1,-3.226383437264275,ToD blocks
2021-08-22,COLEASF1,-7.265163101483974,ToD blocks
2021-08-29,COLEASF1,-6.68871105890851,ToD blocks
2021-09-05,COLEASF1,-5.396188490971973,ToD blocks
2021-09-12,COLEASF1,3.76696946014456,ToD blocks
2021-09-19,COLEASF1,-7.833353241959717,ToD blocks
2021-09-26,COLEASF1,-0.8363129830043192,ToD blocks
2021-10-03,COLEASF1,-2.732082775153046,ToD blocks
2021-10-10,COLEASF1,-9.081108421365311,ToD blocks
2021-10-17,COLEASF1,-5.303978643027882,ToD blocks
2021-10-24,COLEASF1,-3.39041292024325,ToD blocks
2021-10-31,COLEASF1,-6.919029095267362,ToD blocks
2021-11-07,COLEASF1,-5.158078499121082,ToD blocks
2021-11-14,COLEASF1,5.733935066420038,ToD blocks
2021-11-21,COLEASF1,-28.373756870874367,ToD blocks
2021-11-28,COLEASF1,-15.909091875303425,ToD blocks
2021-12-05,COLEASF1,-5.55255055403466,ToD blocks
2021-12-12,COLEASF1,-3.1734169983647718,ToD blocks
2021-12-19,COLEASF1,-1.4375706160482835,ToD blocks
2021-12-26,COLEASF1,0.3568332998672332,ToD blocks
2022-01-02,COLEASF1,2.538425349946216,ToD blocks
2022-01-09,COLEASF1,-3.931111968565858,ToD blocks
2022-01-16,COLEASF1,-3.280476391365326,ToD blocks
2022-01-23,COLEASF1,-5.557167964896578,ToD blocks
2022-01-30,COLEASF1,-0.22069337009321544,ToD blocks
2022-02-06,COLEASF1,-4.12583428990542,ToD blocks
2022-02-13,COLEASF1,-2.5593076664173395,ToD blocks
2022-02-20,COLEASF1,1.0109544354508557,ToD blocks
2022-02-27,COLEASF1,5.733673446206211,ToD blocks
2022-03-06,COLEASF1,-5.38205036235648,ToD blocks
2022-03-13,COLEASF1,-6.514957675903119,ToD blocks
2022-03-20,COLEASF1,-8.417650766887519,ToD blocks
2022-03-27,COLEASF1,-5.185382989659303,ToD blocks
2022-04-03,COLEASF1,-8.848161457439474,ToD blocks
2022-04-10,COLEASF1,-28.97516420409852,ToD blocks
2022-04-17,COLEASF1,-15.849491245436212,ToD blocks
2022-04-24,COLEASF1,-20.516212318473293,ToD blocks
2022-05-01,COLEASF1,-37.639259664099484,ToD blocks
2022-05-08,COLEASF1,-39.957725422740396,ToD blocks
2022-05-15,COLEASF1,-19.549186661216197,ToD blocks
2022-05-22,COLEASF1,-8.48612885971147,ToD blocks
2022-05-29,COLEASF1,-22.79278788230465,ToD blocks
2022-06-05,COLEASF1,-76.5675251879045,ToD blocks
2022-06-12,COLEASF1,-45.634810431913365,ToD blocks
2022-06-19,COLEASF1,23.173526471732544,ToD blocks
2022-06-26,COLEASF1,-37.33803819667304,ToD blocks
2022-07-03,COLEASF1,-10.762448640672119,ToD blocks
2022-07-10,COLEASF1,-44.91190261137302,ToD blocks
2022-07-17,COLEASF1,-51.00478558845816,ToD blocks
2022-07-24,COLEASF1,-33.57676347040456,ToD blocks
2022-07-31,COLEASF1,-58.83772759585523,ToD blocks
2022-08-07,COLEASF1,-15.292509891346995,ToD blocks
2022-08-14,COLEASF1,-9.917416064857889,ToD blocks
2022-08-21,COLEASF1,-12.006388185208678,ToD blocks
2022-08-28,COLEASF1,-16.338403131376353,ToD blocks
2022-09-04,COLEASF1,-0.3177337517257115,ToD blocks
2022-09-11,COLEASF1,-16.49083753241362,ToD blocks
2022-09-18,COLEASF1,-20.121533279498237,ToD blocks
2022-09-25,COLEASF1,-35.065836017158816,ToD blocks
2022-10-02,COLEASF1,-15.405685307091716,ToD blocks
2022-10-09,COLEASF1,-23.86604099722574,ToD blocks
2022-10-16,COLEASF1,-20.912453869676384,ToD blocks
2022-10-23,COLEASF1,-4.509503937971971,ToD blocks
2022-10-30,COLEASF1,-62.241721730650895,ToD blocks
2022-11-06,COLEASF1,-18.191684230533617,ToD blocks
2022-11-13,COLEASF1,-15.327550999830862,ToD blocks
2022-11-20,COLEASF1,-8.396601800009087,ToD blocks
2022-11-27,COLEASF1,0.19763973446163163,ToD blocks
2022-12-04,COLEASF1,-2.5293111009850833,ToD blocks
2022-12-11,COLEASF1,-4.375847150007935,ToD blocks
2022-12-18,COLEASF1,-1.3114834240981281,ToD blocks
2022-12-25,COLEASF1,-6.090944645592202,ToD blocks
2023-01-01,COLEASF1,-6.876150210165363,ToD blocks
2023-01-08,COLEASF1,-4.892042628295492,ToD blocks
2023-01-15,COLEASF1,-4.889407488460293,ToD blocks
2023-01-22,COLEASF1,-3.7858601796748417,ToD blocks
2023-01-29,COLEASF1,-17.15759316531721,ToD blocks
2023-02-05,COLEASF1,4.8000113267955555,ToD blocks
2023-02-12,COLEASF1,-3.0886688356685,ToD blocks
2023-02-19,COLEASF1,-2.8224572559758343,ToD blocks
2023-02-26,COLEASF1,-3.297115852101385,ToD blocks
2023-03-05,COLEASF1,-2.6748843162625633,ToD blocks
2023-03-12,COLEASF1,-5.026908125079316,ToD blocks
2023-03-19,COLEASF1,-19.356368416633657,ToD blocks
2023-03-26,COLEASF1,-11.497533604293466,ToD blocks
2023-04-02,COLEASF1,-21.905871424157183,ToD blocks
2023-04-09,COLEASF1,-1.5339922720646015,ToD blocks
2023-04-16,COLEASF1,-8.287448451593399,ToD blocks
2023-04-23,COLEASF1,-7.954156188239494,ToD blocks
2023-04-30,COLEASF1,-21.771006287784303,ToD blocks
2023-05-07,COLEASF1,-21.547465441479645,ToD blocks
2023-05-14,COLEASF1,-23.64589490048796,ToD blocks
2023-05-21,COLEASF1,-4.887604345356692,ToD blocks
2023-05-28,COLEASF1,-34.677281508352465,ToD blocks
2023-06-04,COLEASF1,-23.83336512328337,ToD blocks
2023-06-11,COLEASF1,-14.344970454662999,ToD blocks
2023-06-18,COLEASF1,-15.563448091264647,ToD blocks
2023-06-25,COLEASF1,-31.83778903720267,ToD blocks
2023-07-02,COLEASF1,-29.229872829033845,ToD blocks
2023-07-09,COLEASF1,-33.81503880045655,ToD blocks
2023-07-16,COLEASF1,-12.313463735572647,ToD blocks
2023-07-23,COLEASF1,-15.477310086779042,ToD blocks
2023-07-30,COLEASF1,-16.04596872084994,ToD blocks
2023-08-06,COLEASF1,-12.07462676791846,ToD blocks
2023-08-13,COLEASF1,-14.409727323290255,ToD blocks
2023-08-20,COLEASF1,-13.796130010136125,ToD blocks
2023-08-27,COLEASF1,-10.180879337556021,ToD blocks
2023-09-03,COLEASF1,-9.827743303924784,ToD blocks
2023-09-10,COLEASF1,-11.63765717789028,ToD blocks
2023-09-17,COLEASF1,-5.988582078489902,ToD blocks
2023-09-24,COLEASF1,-4.41761620383847,ToD blocks
2023-10-01,COLEASF1,-2.2498559183383673,ToD blocks
2023-10-08,COLEASF1,-33.159727375122095,ToD blocks
2023-10-15,COLEASF1,-25.005579151192126,ToD blocks
2023-10-22,COLEASF1,-1.731116230948789,ToD blocks
2023-10-29,COLEASF1,-11.046242618736457,ToD blocks
2023-11-05,COLEASF1,0.0083972334146587,ToD blocks
2023-11-12,COLEASF1,2.364347514613783,ToD blocks
2023-11-19,COLEASF1,0.2248187416286953,ToD blocks
2023-11-26,COLEASF1,-13.469739265409565,ToD blocks
2023-12-03,COLEASF1,-11.590932863111714,ToD blocks
2023-12-10,COLEASF1,-22.425834826874564,ToD blocks
2023-12-17,COLEASF1,-4.348957701276845,ToD blocks
2023-12-24,COLEASF1,2.087254087611214,ToD blocks
2023-12-31,COLEASF1,-2.946052359753658,ToD blocks
2024-01-07,COLEASF1,-3.4663009836343974,ToD blocks
2024-01-14,COLEASF1,1.2576069993402328,ToD blocks
2024-01-21,COLEASF1,14.059567065396479,ToD blocks
2024-01-28,COLEASF1,-9.45069257348036,ToD blocks
2024-02-04,COLEASF1,4.667183354275238,ToD blocks
2024-02-11,COLEASF1,-21.20548947553128,ToD blocks
2024-02-18,COLEASF1,-3.680387086578186,ToD blocks
2024-02-25,COLEASF1,-7.883667037383887,ToD blocks
2024-03-03,COLEASF1,-93.79286859805433,ToD blocks
2024-03-10,COLEASF1,-6.933649168363793,ToD blocks
2024-03-17,COLEASF1,-7.911922684995346,ToD blocks
2024-03-24,COLEASF1,-9.357215875132347,ToD blocks
2024-03-31,COLEASF1,-9.067723895586084,ToD blocks
2024-04-07,COLEASF1,-8.247237195527148,ToD blocks
2024-04-14,COLEASF1,-7.115257611453995,ToD blocks
2024-04-21,COLEASF1,-23.342016444341787,ToD blocks
2024-04-28,COLEASF1,-11.028190548410265,ToD blocks
2024-05-05,COLEASF1,-14.928627671531473,ToD blocks
2024-05-12,COLEASF1,-344.7295425702382,ToD blocks
2024-05-19,COLEASF1,-24.244191510618435,ToD blocks
2024-05-26,COLEASF1,-30.77118861239137,ToD blocks
2024-06-02,COLEASF1,-13.852320235501509,ToD blocks
2024-06-09,COLEASF1,-29.8739448671771,ToD blocks
2024-06-16,COLEASF1,-58.06216675673356,ToD blocks
2024-06-23,COLEASF1,-42.62692560119447,ToD blocks
2024-06-30,COLEASF1,-32.645258020274156,ToD blocks
2024-07-07,COLEASF1,-23.796874572536552,ToD blocks
2024-07-14,COLEASF1,-38.33410939550413,ToD blocks
2024-07-21,COLEASF1,-13.46113630387611,ToD blocks
2024-07-28,COLEASF1,-13.359130792990435,ToD blocks
2024-08-04,COLEASF1,-31.513041456659707,ToD blocks
2024-08-11,COLEASF1,-195.84560947766676,ToD blocks
2024-08-18,COLEASF1,3.046467663254603,ToD blocks
2024-08-25,COLEASF1,-10.68641706433091,ToD blocks
2024-09-01,COLEASF1,-7.975587517860845,ToD blocks
2024-09-08,COLEASF1,-6.51429203024734,ToD blocks
2024-09-15,COLEASF1,-9.658195661751089,ToD blocks
2024-09-22,COLEASF1,11.66142004875329,ToD blocks
2024-09-29,COLEASF1,-30.304270753316725,ToD blocks
2024-10-06,COLEASF1,-2.047967973083397,ToD blocks
2024-10-13,COLEASF1,-4.832303595757878,ToD blocks
2024-10-20,COLEASF1,-16.071844031217417,ToD blocks
2024-10-27,COLEASF1,-11.476944370750132,ToD blocks
2024-11-03,COLEASF1,4.628091673299522,ToD blocks
2024-11-10,COLEASF1,-129.37042494026446,ToD blocks
2024-11-17,COLEASF1,-5.780084369841774,ToD blocks
2024-11-24,COLEASF1,-8.246155876096708,ToD blocks
2024-12-01,COLEASF1,6.810843207892162,ToD blocks
2024-12-08,COLEASF1,-49.7651116558649,ToD blocks
2024-12-15,COLEASF1,2.949805276111803,ToD blocks
2024-12-22,COLEASF1,-0.6811903091197848,ToD blocks
2024-12-29,COLEASF1,-0.014653468872614539,ToD blocks
2025-01-05,COLEASF1,-2.9100399809984907,ToD blocks
2020-01-05,FINLYSF1,-280.70869832642995,ToD blocks
2020-01-12,FINLYSF1,-0.8969127517052016,ToD blocks
2020-01-19,FINLYSF1,-2.1908516919234415,ToD blocks
2020-01-26,FINLYSF1,-6.401699350527338,ToD blocks
2020-02-02,FINLYSF1,-44.653569041983246,ToD blocks
2020-02-09,FINLYSF1,1.1754000045469155,ToD blocks
2020-02-16,FINLYSF1,-0.35820440005726795,ToD blocks
2020-02-23,FINLYSF1,-1.1730003111234453,ToD blocks
2020-03-01,FINLYSF1,-0.4990251281345408,ToD blocks
2020-03-08,FINLYSF1,-1.5614413411046613,ToD blocks
2020-03-15,FINLYSF1,-1.4046798308002124,ToD blocks
2020-03-22,FINLYSF1,-1.5496637066466832,ToD blocks
2020-03-29,FINLYSF1,-1.1043645400753164,ToD blocks
2020-04-05,FINLYSF1,-4.456727526366009,ToD blocks
2020-04-12,FINLYSF1,-2.067676673781982,ToD blocks
2020-04-19,FINLYSF1,-0.7819096535837353,ToD blocks
2020-04-26,FINLYSF1,-1.9157674794655009,ToD blocks
2020-05-03,FINLYSF1,-0.3135443804788025,ToD blocks
2020-05-10,FINLYSF1,4.529780186940968,ToD blocks
2020-05-17,FINLYSF1,-1.5957935082601367,ToD blocks
2020-05-24,FINLYSF1,-1.8432306288269729,ToD blocks
2020-05-31,FINLYSF1,-1.8066955195384438,ToD blocks
2020-06-07,FINLYSF1,-1.1644013498898076,ToD blocks
2020-06-14,FINLYSF1,-7.59968601158274,ToD blocks
2020-06-21,FINLYSF1,-1.6820566827489145,ToD blocks
2020-06-28,FINLYSF1,-2.6623221298875706,ToD blocks
2020-07-05,FINLYSF1,-1.2610592128572051,ToD blocks
2020-07-12,FINLYSF1,-1.7992851160887753,ToD blocks
2020-07-19,FINLYSF1,-9.384291652350285,ToD blocks
2020-07-26,FINLYSF1,-6.478424151852124,ToD blocks
2020-08-02,FINLYSF1,-2.6107096628394117,ToD blocks
2020-08-09,FINLYSF1,-5.915284581446734,ToD blocks
2020-08-16,FINLYSF1,-4.077540853563782,ToD blocks
2020-08-23,FINLYSF1,-1.6985462891260923,ToD blocks
2020-08-30,FINLYSF1,-13.811234232143587,ToD blocks
2020-09-06,FINLYSF1,-2.2213404843456175,ToD blocks
2020-09-13,FINLYSF1,-1.4686800585934776,ToD blocks
2020-09-20,FINLYSF1,-1.360839315936289,ToD blocks
2020-09-27,FINLYSF1,-1.6156721121127617,ToD blocks
2020-10-04,FINLYSF1,-0.66739827905403,ToD blocks
2020-10-11,FINLYSF1,-27.07948824031663,ToD blocks
2020-10-18,FINLYSF1,-2.581885560381693,ToD blocks
2020-10-25,FINLYSF1,-43.13620277237078,ToD blocks
2020-11-01,FINLYSF1,-6.830622175767729,ToD blocks
2020-11-08,FINLYSF1,-0.47912903585480393,ToD blocks
2020-11-15,FINLYSF1,-2.395372401474404,ToD blocks
2020-11-22,FINLYSF1,14.896483475642299,ToD blocks
2020-11-29,FINLYSF1,-14.349267112708937,ToD blocks
2020-12-06,FINLYSF1,0.1398503030569671,ToD blocks
2020-12-13,FINLYSF1,1.038891344631736,ToD blocks
2020-12-20,FINLYSF1,11.191820446944035,ToD blocks
2020-12-27,FINLYSF1,-2.4178973128483463,ToD blocks
2021-01-03,FINLYSF1,0.4400726263859376,ToD blocks
2021-01-10,FINLYSF1,-0.15666227070846617,ToD blocks
2021-01-17,FINLYSF1,-3.0885522222717157,ToD blocks
2021-01-24,FINLYSF1,-1.7198819656565263,ToD blocks
2021-01-31,FINLYSF1,0.3384430719963092,ToD blocks
2021-02-07,FINLYSF1,-1.0892060589962398,ToD blocks
2021-02-14,FINLYSF1,-0.32351952229463166,ToD blocks
2021-02-21,FINLYSF1,-0.26317916766983274,ToD blocks
2021-02-28,FINLYSF1,-0.3647886038577113,ToD blocks
2021-03-07,FINLYSF1,-1.3877751942912013,ToD blocks
2021-03-14,FINLYSF1,-1.753308566509311,ToD blocks
2021-03-21,FINLYSF1,-2.7800504122552567,ToD blocks
2021-03-28,FINLYSF1,-12.444833491034672,ToD blocks
2021-04-04,FINLYSF1,-6.089293524386498,ToD blocks
2021-04-11,FINLYSF1,-4.980697506415385,ToD blocks
2021-04-18,FINLYSF1,-1.5622654917957703,ToD blocks
2021-04-25,FINLYSF1,-10.962303486123929,ToD blocks
2021-05-02,FINLYSF1,-6.845575101521888,ToD blocks
2021-05-09,FINLYSF1,-4.110098632519744,ToD blocks
2021-05-16,FINLYSF1,-5.217212129125976,ToD blocks
2021-05-23,FINLYSF1,-63.541500952287095,ToD blocks
2021-05-30,FINLYSF1,-62.61328501145385,ToD blocks
2021-06-06,FINLYSF1,-24.546623811442245,ToD blocks
2021-06-13,FINLYSF1,-56.5204987848303,ToD blocks
2021-06-20,FINLYSF1,-38.62974987270573,ToD blocks
2021-06-27,FINLYSF1,5.211163736285243,ToD blocks
2021-07-04,FINLYSF1,-3.901968424718902,ToD blocks
2021-07-11,FINLYSF1,-29.77138436419665,ToD blocks
2021-07-18,FINLYSF1,-36.73294864403243,ToD blocks
2021-07-25,FINLYSF1,-11.303778993037241,ToD blocks
2021-08-01,FINLYSF1,-8.40499910560278,ToD blocks
2021-08-08,FINLYSF1,-2.5577986671965647,ToD blocks
2021-08-15,FINLYSF1,-6.546469346573872,ToD blocks
2021-08-22,FINLYSF1,-10.09132349095793,ToD blocks
2021-08-29,FINLYSF1,-6.831331215851769,ToD blocks
2021-09-05,FINLYSF1,-5.9544272101454325,ToD blocks
2021-09-12,FINLYSF1,-3.253267102715608,ToD blocks
2021-09-19,FINLYSF1,1.0530231684549634,ToD blocks
2021-09-26,FINLYSF1,-3.8899083805239556,ToD blocks
2021-10-03,FINLYSF1,-6.943593152267553,ToD blocks
2021-10-10,FINLYSF1,-11.539905236660001,ToD blocks
2021-10-17,FINLYSF1,-26.531404161637607,ToD blocks
2021-10-24,FINLYSF1,-0.733540516289672,ToD blocks
2021-10-31,FINLYSF1,-5.704730066112425,ToD blocks
2021-11-07,FINLYSF1,2.5517724201537106,ToD blocks
2021-11-14,FINLYSF1,0.2979785383168405,ToD blocks
2021-11-21,FINLYSF1,-10.534564890561782,ToD blocks
2021-11-28,FINLYSF1,-4.239158683332789,ToD blocks
2021-12-05,FINLYSF1,-8.195573444101,ToD blocks
2021-12-12,FINLYSF1,-2.739813311411119,ToD blocks
2021-12-19,FINLYSF1,0.24503378660349995,ToD blocks
2021-12-26,FINLYSF1,-0.14270649986386275,ToD blocks
2022-01-02,FINLYSF1,-1.1034513615309436,ToD blocks
2022-01-09,FINLYSF1,-3.539733309423113,ToD blocks
2022-01-16,FINLYSF1,-5.709303298921924,ToD blocks
2022-01-23,FINLYSF1,-4.714584661964494,ToD blocks
2022-01-30,FINLYSF1,-1.2752070465284504,ToD blocks
2022-02-06,FINLYSF1,-4.507649019255901,ToD blocks
2022-02-13,FINLYSF1,-3.0514303969023473,ToD blocks
2022-02-20,FINLYSF1,-2.395844444624757,ToD blocks
2022-02-27,FINLYSF1,1.3759041393468436,ToD blocks
2022-03-06,FINLYSF1,-4.578862398144281,ToD blocks
2022-03-13,FINLYSF1,-4.5865014587864295,ToD blocks
2022-03-20,FINLYSF1,-9.54371579283115,ToD blocks
2022-03-27,FINLYSF1,-5.504368422082848,ToD blocks
2022-04-03,FINLYSF1,-7.163583048902041,ToD blocks
2022-04-10,FINLYSF1,-48.97003853456343,ToD blocks
2022-04-17,FINLYSF1,-12.158933193647911,ToD blocks
2022-04-24,FINLYSF1,-18.76939753707424,ToD blocks
2022-05-01,FINLYSF1,-32.24700006987726,ToD blocks
2022-05-08,FINLYSF1,-44.290347423192316,ToD blocks
2022-05-15,FINLYSF1,-20.825994168690556,ToD blocks
2022-05-22,FINLYSF1,-9.817741121312594,ToD blocks
2022-05-29,FINLYSF1,-21.431766346887173,ToD blocks
2022-06-05,FINLYSF1,-93.24418114922298,ToD blocks
2022-06-12,FINLYSF1,-42.41513501373464,ToD blocks
2022-06-19,FINLYSF1,16.490123888054256,ToD blocks
2022-06-26,FINLYSF1,-30.967841110417794,ToD blocks
2022-07-03,FINLYSF1,-9.285397992566061,ToD blocks
2022-07-10,FINLYSF1,-15.452976641825671,ToD blocks
2022-07-17,FINLYSF1,-37.44808644193802,ToD blocks
2022-07-24,FINLYSF1,-26.487834701506927,ToD blocks
2022-07-31,FINLYSF1,-52.35351286753823,ToD blocks
2022-08-07,FINLYSF1,-16.7299744733794,ToD blocks
2022-08-14,FINLYSF1,-11.105144908619536,ToD blocks
2022-08-21,FINLYSF1,-14.631304100404549,ToD blocks
2022-08-28,FINLYSF1,-12.86590440881605,ToD blocks
2022-09-04,FINLYSF1,2.240179180581947,ToD blocks
2022-09-11,FINLYSF1,-4.4687258663420835,ToD blocks
2022-09-18,FINLYSF1,-20.754582030492074,ToD blocks
2022-09-25,FINLYSF1,-31.565051433574972,ToD blocks
2022-10-02,FINLYSF1,-10.437490261669922,ToD blocks
2022-10-09,FINLYSF1,-24.354814409936125,ToD blocks
2022-10-16,FINLYSF1,-18.31332907284397,ToD blocks
2022-10-23,FINLYSF1,-5.439888595210874,ToD blocks
2022-10-30,FINLYSF1,-65.72698783727981,ToD blocks
2022-11-06,FINLYSF1,-5.6138414510133146,ToD blocks
2022-11-13,FINLYSF1,-11.806102928121447,ToD blocks
2022-11-20,FINLYSF1,-13.45408941685934,ToD blocks
2022-11-27,FINLYSF1,-10.519919710794412,ToD blocks
2022-12-04,FINLYSF1,19.58652027328843,ToD blocks
2022-12-11,FINLYSF1,-0.29598603027174164,ToD blocks
2022-12-18,FINLYSF1,-4.531621981569614,ToD blocks
2022-12-25,FINLYSF1,-2.18699739639937,ToD blocks
2023-01-01,FINLYSF1,-1.9350965327050105,ToD blocks
2023-01-08,FINLYSF1,-1.1790986597679947,ToD blocks
2023-01-15,FINLYSF1,2.3544804405017175,ToD blocks
2023-01-22,FINLYSF1,-7.5664027196721975,ToD blocks
2023-01-29,FINLYSF1,-13.153079666121101,ToD blocks
2023-02-05,FINLYSF1,1.6322119757193718,ToD blocks
2023-02-12,FINLYSF1,-5.244887817032435,ToD blocks
2023-02-19,FINLYSF1,-3.732161295273727,ToD blocks
2023-02-26,FINLYSF1,-2.3907398320645257,ToD blocks
2023-03-05,FINLYSF1,-3.457566636379127,ToD blocks
2023-03-12,FINLYSF1,-3.2601871681415417,ToD blocks
2023-03-19,FINLYSF1,-26.648545345204738,ToD blocks
2023-03-26,FINLYSF1,-9.618079437000304,ToD blocks
2023-04-02,FINLYSF1,-17.98544124759225,ToD blocks
2023-04-09,FINLYSF1,0.40382199737875624,ToD blocks
2023-04-16,FINLYSF1,-6.906496667645754,ToD blocks
2023-04-23,FINLYSF1,-6.5482445883695135,ToD blocks
2023-04-30,FINLYSF1,-15.460521722762067,ToD blocks
2023-05-07,FINLYSF1,-20.29428389816863,ToD blocks
2023-05-14,FINLYSF1,-20.044362724189142,ToD blocks
2023-05-21,FINLYSF1,-5.170335563384015,ToD blocks
2023-05-28,FINLYSF1,-29.22639384647863,ToD blocks
2023-06-04,FINLYSF1,-20.043022708333183,ToD blocks
2023-06-11,FINLYSF1,-17.229541382941456,ToD blocks
2023-06-18,FINLYSF1,-12.937733126171594,ToD blocks
2023-06-25,FINLYSF1,-40.59283151995813,ToD blocks
2023-07-02,FINLYSF1,-22.097795246779015,ToD blocks
2023-07-09,FINLYSF1,-24.303668632687916,ToD blocks
2023-07-16,FINLYSF1,-13.014888551527442,ToD blocks
2023-07-23,FINLYSF1,-15.517486417721564,ToD blocks
2023-07-30,FINLYSF1,-24.440304132162062,ToD blocks
2023-08-06,FINLYSF1,-8.55137105086466,ToD blocks
2023-08-13,FINLYSF1,-13.439883915794141,ToD blocks
2023-08-20,FINLYSF1,-8.572700084322548,ToD blocks
2023-08-27,FINLYSF1,-9.528339935084205,ToD blocks
2023-09-03,FINLYSF1,-7.847874259406286,ToD blocks
2023-09-10,FINLYSF1,-13.508531246892813,ToD blocks
2023-09-17,FINLYSF1,-6.500568076116171,ToD blocks
2023-09-24,FINLYSF1,-6.546957024335249,ToD blocks
2023-10-01,FINLYSF1,2.9208169682548757,ToD blocks
2023-10-08,FINLYSF1,-28.52698565862142,ToD blocks
2023-10-15,FINLYSF1,-16.375212997455453,ToD blocks
2023-10-22,FINLYSF1,-1.0686364129241017,ToD blocks
2023-10-29,FINLYSF1,-7.2973179825987575,ToD blocks
2023-11-05,FINLYSF1,-0.6701879040611125,ToD blocks
2023-11-12,FINLYSF1,12.010701145506331,ToD blocks
2023-11-19,FINLYSF1,5.4941481373923295,ToD blocks
2023-11-26,FINLYSF1,-9.513218656258658,ToD blocks
2023-12-03,FINLYSF1,-7.818439822823336,ToD blocks
2023-12-10,FINLYSF1,-30.798220245738364,ToD blocks
2023-12-17,FINLYSF1,1.078771970664718,ToD blocks
2023-12-24,FINLYSF1,-3.6124343414991387,ToD blocks
2023-12-31,FINLYSF1,0.9056112886065861,ToD blocks
2024-01-07,FINLYSF1,-2.3301437694931124,ToD blocks
2024-01-14,FINLYSF1,0.792157553484877,ToD blocks
2024-01-21,FINLYSF1,23.845249184531113,ToD blocks
2024-01-28,FINLYSF1,-5.524066092580554,ToD blocks
2024-02-04,FINLYSF1,9.150641802865366,ToD blocks
2024-02-11,FINLYSF1,-19.18368566696912,ToD blocks
2024-02-18,FINLYSF1,-5.5595315423382985,ToD blocks
2024-02-25,FINLYSF1,4.538550469203443,ToD blocks
2024-03-03,FINLYSF1,-85.49026723267028,ToD blocks
2024-03-10,FINLYSF1,-5.8231435136322744,ToD blocks
2024-03-17,FINLYSF1,-9.1688513332045,ToD blocks
2024-03-24,FINLYSF1,-8.379722586855891,ToD blocks
2024-03-31,FINLYSF1,-11.00143178828403,ToD blocks
2024-04-07,FINLYSF1,-9.308413362016715,ToD blocks
2024-04-14,FINLYSF1,-18.958145683872072,ToD blocks
2024-04-21,FINLYSF1,-18.780065033414765,ToD blocks
2024-04-28,FINLYSF1,-24.187657844790863,ToD blocks
2024-05-05,FINLYSF1,-19.21491453434821,ToD blocks
2024-05-12,FINLYSF1,-385.91475284067394,ToD blocks
2024-05-19,FINLYSF1,-31.331196509101773,ToD blocks
2024-05-26,FINLYSF1,-39.32794738455081,ToD blocks
2024-06-02,FINLYSF1,-22.750222106494874,ToD blocks
2024-06-09,FINLYSF1,-25.28858673920824,ToD blocks
2024-06-16,FINLYSF1,-46.089403785732515,ToD blocks
2024-06-23,FINLYSF1,-45.598781772829994,ToD blocks
2024-06-30,FINLYSF1,-39.55433998250698,ToD blocks
2024-07-07,FINLYSF1,-30.22689062871757,ToD blocks
2024-07-14,FINLYSF1,-40.56408706193706,ToD blocks
2024-07-21,FINLYSF1,-13.03892272176099,ToD blocks
2024-07-28,FINLYSF1,-16.566121876108923,ToD blocks
2024-08-04,FINLYSF1,-32.66001822551708,ToD blocks
2024-08-11,FINLYSF1,-134.77253184308097,ToD blocks
2024-08-18,FINLYSF1,-3.2332796602761675,ToD blocks
2024-08-25,FINLYSF1,-13.177456439953767,ToD blocks
2024-09-01,FINLYSF1,-7.730322110405609,ToD blocks
2024-09-08,FINLYSF1,-5.586588499419269,ToD blocks
2024-09-15,FINLYSF1,-2.9952931228496453,ToD blocks
2024-09-22,FINLYSF1,9.515871659867624,ToD blocks
2024-09-29,FINLYSF1,-39.85088040464477,ToD blocks
2024-10-06,FINLYSF1,-5.085600617460676,ToD blocks
2024-10-13,FINLYSF1,-1.9377352046408802,ToD blocks
2024-10-20,FINLYSF1,-12.433970728942782,ToD blocks
2024-10-27,FINLYSF1,-7.2482081167185655,ToD blocks
2024-11-03,FINLYSF1,-2.145288708793082,ToD blocks
2024-11-10,FINLYSF1,-99.06231770044872,ToD blocks
2024-11-17,FINLYSF1,-9.360176061573682,ToD blocks
2024-11-24,FINLYSF1,6.739715951762008,ToD blocks
2024-12-01,FINLYSF1,-140.3728052658821,ToD blocks
2024-12-08,FINLYSF1,-46.37178868809272,ToD blocks
2024-12-15,FINLYSF1,8.242640020092736,ToD blocks
2024-12-22,FINLYSF1,-2.1556604418780694,ToD blocks
2024-12-29,FINLYSF1,-1.0816301918905449,ToD blocks
2025-01-05,FINLYSF1,-3.2582385335016966,ToD blocks
2020-01-05,GULLRSF1,-271.85257552335577,ToD blocks
2020-01-12,GULLRSF1,0.7115992603544257,ToD blocks
2020-01-19,GULLRSF1,0.818191863589476,ToD blocks
2020-01-26,GULLRSF1,-21.14272048806633,ToD blocks
2020-02-02,GULLRSF1,-119.38485201360908,ToD blocks
2020-02-09,GULLRSF1,0.2861787101687625,ToD blocks
2020-02-16,GULLRSF1,0.285689202346326,ToD blocks
2020-02-23,GULLRSF1,-0.7077795203077102,ToD blocks
2020-03-01,GULLRSF1,-1.6932109414621905,ToD blocks
2020-03-08,GULLRSF1,-3.105748811570777,ToD blocks
2020-03-15,GULLRSF1,-1.1699608699866104,ToD blocks
2020-03-22,GULLRSF1,-1.9049590865796304,ToD blocks
2020-03-29,GULLRSF1,-0.8117195489658826,ToD blocks
2020-04-05,GULLRSF1,-21.842652102305074,ToD blocks
2020-04-12,GULLRSF1,6.712996048626877,ToD blocks
2020-04-19,GULLRSF1,-2.08242866695009,ToD blocks
2020-04-26,GULLRSF1,0.6527646936466347,ToD blocks
2020-05-03,GULLRSF1,-1.6335937550464408,ToD blocks
2020-05-10,GULLRSF1,-1.3605182841882382,ToD blocks
2020-05-17,GULLRSF1,-3.090360059903304,ToD blocks
2020-05-24,GULLRSF1,-2.3010556456987104,ToD blocks
2020-05-31,GULLRSF1,-4.067059718907657,ToD blocks
2020-06-07,GULLRSF1,-1.9053553669409808,ToD blocks
2020-06-14,GULLRSF1,-8.787665025346946,ToD blocks
2020-06-21,GULLRSF1,-1.683816884162134,ToD blocks
2020-06-28,GULLRSF1,-2.044843798975066,ToD blocks
2020-07-05,GULLRSF1,-1.5290326469351356,ToD blocks
2020-07-12,GULLRSF1,-0.6143855679992569,ToD blocks
2020-07-19,GULLRSF1,-1.324715085818596,ToD blocks
2020-07-26,GULLRSF1,-4.9414629265388825,ToD blocks
2020-08-02,GULLRSF1,-3.71387106526916,ToD blocks
2020-08-09,GULLRSF1,-6.210618240893631,ToD blocks
2020-08-16,GULLRSF1,-1.6230454843917599,ToD blocks
2020-08-23,GULLRSF1,-2.1625154952115437,ToD blocks
2020-08-30,GULLRSF1,-1.7611655612553818,ToD blocks
2020-09-06,GULLRSF1,-2.215576301120535,ToD blocks
2020-09-13,GULLRSF1,-2.3648380291301763,ToD blocks
2020-09-20,GULLRSF1,-0.4877918264895129,ToD blocks
2020-09-27,GULLRSF1,-1.7966776966785005,ToD blocks
2020-10-04,GULLRSF1,-1.7278690334101015,ToD blocks
2020-10-11,GULLRSF1,-25.108461678886236,ToD blocks
2020-10-18,GULLRSF1,-3.1810752448332664,ToD blocks
2020-10-25,GULLRSF1,-42.63292939856632,ToD blocks
2020-11-01,GULLRSF1,-6.820918710160065,ToD blocks
2020-11-08,GULLRSF1,-2.073378925025658,ToD blocks
2020-11-15,GULLRSF1,-2.1874239242620135,ToD blocks
2020-11-22,GULLRSF1,-42.28130356293306,ToD blocks
2020-11-29,GULLRSF1,-1.968483046352361,ToD blocks
2020-12-06,GULLRSF1,-15.849362048820588,ToD blocks
2020-12-13,GULLRSF1,-1.0677910539310318,ToD blocks
2020-12-20,GULLRSF1,-196.52897441624253,ToD blocks
2020-12-27,GULLRSF1,-0.7766158775734198,ToD blocks
2021-01-03,GULLRSF1,-1.2659031264471174,ToD blocks
2021-01-10,GULLRSF1,-0.8797647068353882,ToD blocks
2021-01-17,GULLRSF1,-1.246720881787141,ToD blocks
2021-01-24,GULLRSF1,-2.2125928658468297,ToD blocks
2021-01-31,GULLRSF1,0.22655646724860645,ToD blocks
2021-02-07,GULLRSF1,-1.083613963454951,ToD blocks
2021-02-14,GULLRSF1,-0.8397408820294743,ToD blocks
2021-02-21,GULLRSF1,-0.4993933491566054,ToD blocks
2021-02-28,GULLRSF1,-1.0373515626574452,ToD blocks
2021-03-07,GULLRSF1,-1.5725731828276963,ToD blocks
2021-03-14,GULLRSF1,-1.002876640441329,ToD blocks
2021-03-21,GULLRSF1,-2.033479371215158,ToD blocks
2021-03-28,GULLRSF1,-12.530863587997484,ToD blocks
2021-04-04,GULLRSF1,-5.396699675555126,ToD blocks
2021-04-11,GULLRSF1,-2.4832118673385892,ToD blocks
2021-04-18,GULLRSF1,-3.809603921086456,ToD blocks
2021-04-25,GULLRSF1,-6.719865438804462,ToD blocks
2021-05-02,GULLRSF1,-7.5949021429884525,ToD blocks
2021-05-09,GULLRSF1,-5.270457721058378,ToD blocks
2021-05-16,GULLRSF1,-5.916945736094014,ToD blocks
2021-05-23,GULLRSF1,-63.95780318251887,ToD blocks
2021-05-30,GULLRSF1,-62.084157490214636,ToD blocks
2021-06-06,GULLRSF1,-38.4663909876858,ToD blocks
2021-06-13,GULLRSF1,-53.326572805017356,ToD blocks
2021-06-20,GULLRSF1,-27.173125452196814,ToD blocks
2021-06-27,GULLRSF1,-21.901590772586914,ToD blocks
2021-07-04,GULLRSF1,-8.43286102025057,ToD blocks
2021-07-11,GULLRSF1,-27.077910163038382,ToD blocks
2021-07-18,GULLRSF1,-39.07218812285366,ToD blocks
2021-07-25,GULLRSF1,-29.958517048350913,ToD blocks
2021-08-01,GULLRSF1,-7.172498961877558,ToD blocks
2021-08-08,GULLRSF1,-5.9717383813067215,ToD blocks
2021-08-15,GULLRSF1,-7.217421410976456,ToD blocks
2021-08-22,GULLRSF1,-7.025131606579176,ToD blocks
2021-08-29,GULLRSF1,-11.439180034175564,ToD blocks
2021-09-05,GULLRSF1,-9.747172328893626,ToD blocks
2021-09-12,GULLRSF1,-5.131109676783215,ToD blocks
2021-09-19,GULLRSF1,-5.157182479803943,ToD blocks
2021-09-26,GULLRSF1,-3.456298632985199,ToD blocks
2021-10-03,GULLRSF1,-0.4720271394957152,ToD blocks
2021-10-10,GULLRSF1,11.227180683716345,ToD blocks
2021-10-17,GULLRSF1,-2.1862696607171657,ToD blocks
2021-10-24,GULLRSF1,-6.002183066526662,ToD blocks
2021-10-31,GULLRSF1,-4.53549484916573,ToD blocks
2021-11-07,GULLRSF1,-3.7445453057005693,ToD blocks
2021-11-14,GULLRSF1,1.3883394280137225,ToD blocks
2021-11-21,GULLRSF1,-11.057805977856333,ToD blocks
2021-11-28,GULLRSF1,-11.746260197981151,ToD blocks
2021-12-05,GULLRSF1,4.953679558964936,ToD blocks
2021-12-12,GULLRSF1,-4.040572020740122,ToD blocks
2021-12-19,GULLRSF1,-4.701440079662746,ToD blocks
2021-12-26,GULLRSF1,3.227901490924296,ToD blocks
2022-01-02,GULLRSF1,1.7820915438749836,ToD blocks
2022-01-09,GULLRSF1,-2.615641524588483,ToD blocks
2022-01-16,GULLRSF1,-1.3877986353133451,ToD blocks
2022-01-23,GULLRSF1,-3.97169927408369,ToD blocks
2022-01-30,GULLRSF1,-0.9597905023800877,ToD blocks
2022-02-06,GULLRSF1,-4.681923531555235,ToD blocks
2022-02-13,GULLRSF1,-7.132664382962211,ToD blocks
2022-02-20,GULLRSF1,-4.203482123831989,ToD blocks
2022-02-27,GULLRSF1,-14.472809062073338,ToD blocks
2022-03-06,GULLRSF1,-3.019966981685428,ToD blocks
2022-03-13,GULLRSF1,-12.05082399008188,ToD blocks
2022-03-20,GULLRSF1,-11.348309534035721,ToD blocks
2022-03-27,GULLRSF1,-5.1760232980604854,ToD blocks
2022-04-03,GULLRSF1,-10.773852309147571,ToD blocks
2022-04-10,GULLRSF1,-44.15339430820322,ToD blocks
2022-04-17,GULLRSF1,-23.127303302081827,ToD blocks
2022-04-24,GULLRSF1,-18.1979101897537,ToD blocks
2022-05-01,GULLRSF1,-47.434629850631154,ToD blocks
2022-05-08,GULLRSF1,-47.235385390543854,ToD blocks
2022-05-15,GULLRSF1,-16.00210448055907,ToD blocks
2022-05-22,GULLRSF1,-29.185345860217637,ToD blocks
2022-05-29,GULLRSF1,-27.514254804931852,ToD blocks
2022-06-05,GULLRSF1,-34.24490998368026,ToD blocks
2022-06-12,GULLRSF1,-43.356571795868774,ToD blocks
2022-06-19,GULLRSF1,-8.02813707387753,ToD blocks
2022-06-26,GULLRSF1,-57.030736469567984,ToD blocks
2022-07-03,GULLRSF1,-11.696606904046973,ToD blocks
2022-07-10,GULLRSF1,-47.7323950466083,ToD blocks
2022-07-17,GULLRSF1,-93.81189286070713,ToD blocks
2022-07-24,GULLRSF1,-59.762133134076635,ToD blocks
2022-07-31,GULLRSF1,-46.24140741125609,ToD blocks
2022-08-07,GULLRSF1,-27.16986800997914,ToD blocks
2022-08-14,GULLRSF1,-10.658413498297563,ToD blocks
2022-08-21,GULLRSF1,-14.576678406011283,ToD blocks
2022-08-28,GULLRSF1,-12.38953291918125,ToD blocks
2022-09-04,GULLRSF1,-15.35035123229423,ToD blocks
2022-09-11,GULLRSF1,-21.40427547708265,ToD blocks
2022-09-18,GULLRSF1,-28.62119880428851,ToD blocks
2022-09-25,GULLRSF1,-32.69657120012071,ToD blocks
2022-10-02,GULLRSF1,-11.614283575023222,ToD blocks
2022-10-09,GULLRSF1,-38.34111149373304,ToD blocks
2022-10-16,GULLRSF1,-15.62101782891564,ToD blocks
2022-10-23,GULLRSF1,-2.176292915774951,ToD blocks
2022-10-30,GULLRSF1,10.504185413557423,ToD blocks
2022-11-06,GULLRSF1,-14.345867027952586,ToD blocks
2022-11-13,GULLRSF1,-15.646940525523611,ToD blocks
2022-11-20,GULLRSF1,-0.7293079536671954,ToD blocks
2022-11-27,GULLRSF1,2.1333404927399684,ToD blocks
2022-12-04,GULLRSF1,4.175606640127057,ToD blocks
2022-12-11,GULLRSF1,-7.770158851465606,ToD blocks
2022-12-18,GULLRSF1,-20.591751859739688,ToD blocks
2022-12-25,GULLRSF1,-6.23418977612576,ToD blocks
2023-01-01,GULLRSF1,-12.72264132257509,ToD blocks
2023-01-08,GULLRSF1,-3.3502460050880956,ToD blocks
2023-01-15,GULLRSF1,-7.72985437228688,ToD blocks
2023-01-22,GULLRSF1,-1.7443776618105034,ToD blocks
2023-01-29,GULLRSF1,-19.623036778953278,ToD blocks
2023-02-05,GULLRSF1,-6.701380392030998,ToD blocks
2023-02-12,GULLRSF1,-9.641543763231482,ToD blocks
2023-02-19,GULLRSF1,-8.280704825877066,ToD blocks
2023-02-26,GULLRSF1,-4.617805594996966,ToD blocks
2023-03-05,GULLRSF1,-18.181877609479756,ToD blocks
2023-03-12,GULLRSF1,-7.051454098979136,ToD blocks
2023-03-19,GULLRSF1,-22.050791901324402,ToD blocks
2023-03-26,GULLRSF1,-8.591509371497963,ToD blocks
2023-04-02,GULLRSF1,-19.534621996242464,ToD blocks
2023-04-09,GULLRSF1,8.990148470872562,ToD blocks
2023-04-16,GULLRSF1,-17.9142287685534,ToD blocks
2023-04-23,GULLRSF1,-13.514106059820122,ToD blocks
2023-04-30,GULLRSF1,-33.09686994941801,ToD blocks
2023-05-07,GULLRSF1,-26.036280326727578,ToD blocks
2023-05-14,GULLRSF1,-27.6186084864147,ToD blocks
2023-05-21,GULLRSF1,-13.033530095862318,ToD blocks
2023-05-28,GULLRSF1,-33.84058214714234,ToD blocks
2023-06-04,GULLRSF1,-23.839611338944508,ToD blocks
2023-06-11,GULLRSF1,-24.355190048417867,ToD blocks
2023-06-18,GULLRSF1,-10.022183399571396,ToD blocks
2023-06-25,GULLRSF1,-27.15378415655362,ToD blocks
2023-07-02,GULLRSF1,-21.688441698429997,ToD blocks
2023-07-09,GULLRSF1,-20.244733789874942,ToD blocks
2023-07-16,GULLRSF1,-15.068400857560157,ToD blocks
2023-07-23,GULLRSF1,-19.03431814919309,ToD blocks
2023-07-30,GULLRSF1,-19.836525885855913,ToD blocks
2023-08-06,GULLRSF1,-15.862903271560356,ToD blocks
2023-08-13,GULLRSF1,-21.85687815195064,ToD blocks
2023-08-20,GULLRSF1,-18.582125912593263,ToD blocks
2023-08-27,GULLRSF1,-16.798609874368157,ToD blocks
2023-09-03,GULLRSF1,-14.833779490469214,ToD blocks
2023-09-10,GULLRSF1,-1.7736358207087886,ToD blocks
2023-09-17,GULLRSF1,-0.08331973363856093,ToD blocks
2023-09-24,GULLRSF1,-7.509527346878615,ToD blocks
2023-10-01,GULLRSF1,2.896667263262813,ToD blocks
2023-10-08,GULLRSF1,-9.42494143945558,ToD blocks
2023-10-15,GULLRSF1,-0.2913415214619026,ToD blocks
2023-10-22,GULLRSF1,-0.6654747698559653,ToD blocks
2023-10-29,GULLRSF1,-2.571562137091356,ToD blocks
2023-11-05,GULLRSF1,-9.921410085648834,ToD blocks
2023-11-12,GULLRSF1,-20.665646351435235,ToD blocks
2023-11-19,GULLRSF1,-14.963694097017964,ToD blocks
2023-11-26,GULLRSF1,-7.74283470201437,ToD blocks
2023-12-03,GULLRSF1,-4.481951222675633,ToD blocks
2023-12-10,GULLRSF1,-16.610776362615127,ToD blocks
2023-12-17,GULLRSF1,-3.5573251643525055,ToD blocks
2023-12-24,GULLRSF1,-5.876595540391939,ToD blocks
2023-12-31,GULLRSF1,-5.409798257061736,ToD blocks
2024-01-07,GULLRSF1,-5.580040538024598,ToD blocks
2024-01-14,GULLRSF1,0.8007013607873361,ToD blocks
2024-01-21,GULLRSF1,-10.316209811726608,ToD blocks
2024-01-28,GULLRSF1,-4.197389540954028,ToD blocks
2024-02-04,GULLRSF1,-6.863914589838203,ToD blocks
2024-02-11,GULLRSF1,-16.91998170378112,ToD blocks
2024-02-18,GULLRSF1,-6.813504110622162,ToD blocks
2024-02-25,GULLRSF1,-8.350694935834738,ToD blocks
2024-03-03,GULLRSF1,-182.0327225056869,ToD blocks
2024-03-10,GULLRSF1,-7.58381307254129,ToD blocks
2024-03-17,GULLRSF1,-10.42106650378507,ToD blocks
2024-03-24,GULLRSF1,-9.103493445331893,ToD blocks
2024-03-31,GULLRSF1,-12.125048206052682,ToD blocks
2024-04-07,GULLRSF1,-19.02028273589658,ToD blocks
2024-04-14,GULLRSF1,-16.318534520603453,ToD blocks
2024-04-21,GULLRSF1,-17.807648703735005,ToD blocks
2024-04-28,GULLRSF1,-18.701754912145727,ToD blocks
2024-05-05,GULLRSF1,-27.684048242983003,ToD blocks
2024-05-12,GULLRSF1,-409.7741337121707,ToD blocks
2024-05-19,GULLRSF1,-29.671115720150972,ToD blocks
2024-05-26,GULLRSF1,-32.791521926622025,ToD blocks
2024-06-02,GULLRSF1,-37.331780407304194,ToD blocks
2024-06-09,GULLRSF1,-38.93262475126731,ToD blocks
2024-06-16,GULLRSF1,-45.3082694176113,ToD blocks
2024-06-23,GULLRSF1,-36.200898378589955,ToD blocks
2024-06-30,GULLRSF1,-22.95856053171446,ToD blocks
2024-07-07,GULLRSF1,-27.18616103054103,ToD blocks
2024-07-14,GULLRSF1,-26.318210033711523,ToD blocks
2024-07-21,GULLRSF1,-17.677929299828826,ToD blocks
2024-07-28,GULLRSF1,-21.477184529019944,ToD blocks
2024-08-04,GULLRSF1,-29.569193207427375,ToD blocks
2024-08-11,GULLRSF1,-174.78338642902872,ToD blocks
2024-08-18,GULLRSF1,-9.58085691837124,ToD blocks
2024-08-25,GULLRSF1,-21.12130376769463,ToD blocks
2024-09-01,GULLRSF1,5.847501478654973,ToD blocks
2024-09-08,GULLRSF1,6.040434074159132,ToD blocks
2024-09-15,GULLRSF1,1.1539853582036432,ToD blocks
2024-09-22,GULLRSF1,18.632962642343408,ToD blocks
2024-09-29,GULLRSF1,-10.542134940599524,ToD blocks
2024-10-06,GULLRSF1,7.97669900367303,ToD blocks
2024-10-13,GULLRSF1,-0.6720621218095175,ToD blocks
2024-10-20,GULLRSF1,-3.679739439713238,ToD blocks
2024-10-27,GULLRSF1,-3.4907519871237795,ToD blocks
2024-11-03,GULLRSF1,2.750414785440448,ToD blocks
2024-11-10,GULLRSF1,-94.29052528397496,ToD blocks
2024-11-17,GULLRSF1,-14.824588496807458,ToD blocks
2024-11-24,GULLRSF1,-16.690008130954936,ToD blocks
2024-12-01,GULLRSF1,-252.80603827866707,ToD blocks
2024-12-08,GULLRSF1,-120.62988924712292,ToD blocks
2024-12-15,GULLRSF1,-10.302998607340697,ToD blocks
2024-12-22,GULLRSF1,3.133061610938938,ToD blocks
2024-12-29,GULLRSF1,18.82663013040313,ToD blocks
2025-01-05,GULLRSF1,-0.5728490542352773,ToD blocks
2020-01-05,LIMOSF21,-402.3999034565613,ToD blocks
2020-01-12,LIMOSF21,1.420200103894011,ToD blocks
2020-01-19,LIMOSF21,2.907520810129448,ToD blocks
2020-01-26,LIMOSF21,-21.983932235724367,ToD blocks
2020-02-02,LIMOSF21,-61.1742410305892,ToD blocks
2020-02-09,LIMOSF21,0.9293685138498518,ToD blocks
2020-02-16,LIMOSF21,-0.6190164307419863,ToD blocks
2020-02-23,LIMOSF21,-12.45866038198605,ToD blocks
2020-03-01,LIMOSF21,-0.48080384960338307,ToD blocks
2020-03-08,LIMOSF21,-4.002232194917511,ToD blocks
2020-03-15,LIMOSF21,-2.734120898229044,ToD blocks
2020-03-22,LIMOSF21,-0.8742800363183107,ToD blocks
2020-03-29,LIMOSF21,-1.050570709942221,ToD blocks
2020-04-05,LIMOSF21,-3.9326917484133403,ToD blocks
2020-04-12,LIMOSF21,0.1603813489883521,ToD blocks
2020-04-19,LIMOSF21,0.7960963039490316,ToD blocks
2020-04-26,LIMOSF21,-1.5011364424481854,ToD blocks
2020-05-03,LIMOSF21,-0.7473870468964492,ToD blocks
2020-05-10,LIMOSF21,-1.3485307052104254,ToD blocks
2020-05-17,LIMOSF21,-1.9096344405846182,ToD blocks
2020-05-24,LIMOSF21,-3.422477650509549,ToD blocks
2020-05-31,LIMOSF21,-2.3395829953212797,ToD blocks
2020-06-07,LIMOSF21,-2.003295359994574,ToD blocks
2020-06-14,LIMOSF21,-10.610920106161885,ToD blocks
2020-06-21,LIMOSF21,-1.2633565132842293,ToD blocks
2020-06-28,LIMOSF21,-2.57180509315657,ToD blocks
2020-07-05,LIMOSF21,-1.713657557808375,ToD blocks
2020-07-12,LIMOSF21,-1.0570979728189869,ToD blocks
2020-07-19,LIMOSF21,-0.9836064192843921,ToD blocks
2020-07-26,LIMOSF21,-5.572517989956232,ToD blocks
2020-08-02,LIMOSF21,-2.5809313513036827,ToD blocks
2020-08-09,LIMOSF21,-6.679981585635389,ToD blocks
2020-08-16,LIMOSF21,-5.3550819928331705,ToD blocks
2020-08-23,LIMOSF21,-1.8284208435386446,ToD blocks
2020-08-30,LIMOSF21,-2.7278723227198043,ToD blocks
2020-09-06,LIMOSF21,3.6691907464008438,ToD blocks
2020-09-13,LIMOSF21,-0.12169227094797463,ToD blocks
2020-09-20,LIMOSF21,-0.8876749435316817,ToD blocks
2020-09-27,LIMOSF21,0.9896907643110922,ToD blocks
2020-10-04,LIMOSF21,-0.5253760794539666,ToD blocks
2020-10-11,LIMOSF21,-24.505461972685083,ToD blocks
2020-10-18,LIMOSF21,-3.730984246345159,ToD blocks
2020-10-25,LIMOSF21,-42.8119428601352,ToD blocks
2020-11-01,LIMOSF21,-5.1858264639530205,ToD blocks
2020-11-08,LIMOSF21,-0.38116490570156003,ToD blocks
2020-11-15,LIMOSF21,-2.347628341625871,ToD blocks
2020-11-22,LIMOSF21,10.473618078850762,ToD blocks
2020-11-29,LIMOSF21,5.693405697971244,ToD blocks
2020-12-06,LIMOSF21,1.3780700730727204,ToD blocks
2020-12-13,LIMOSF21,0.6773198049490574,ToD blocks
2020-12-20,LIMOSF21,4.817332164926228,ToD blocks
2020-12-27,LIMOSF21,-3.030884797975183,ToD blocks
2021-01-03,LIMOSF21,0.6437786463756083,ToD blocks
2021-01-10,LIMOSF21,0.3617285971003099,ToD blocks
2021-01-17,LIMOSF21,-2.979543748543726,ToD blocks
2021-01-24,LIMOSF21,-1.0573942899807989,ToD blocks
2021-01-31,LIMOSF21,1.153625553847725,ToD blocks
2021-02-07,LIMOSF21,-0.12368542953061734,ToD blocks
2021-02-14,LIMOSF21,-0.2081688269297146,ToD blocks
2021-02-21,LIMOSF21,0.8681498167465591,ToD blocks
2021-02-28,LIMOSF21,-0.11979026885356348,ToD blocks
2021-03-07,LIMOSF21,-3.1487436446406356,ToD blocks
2021-03-14,LIMOSF21,0.5253184131902344,ToD blocks
2021-03-21,LIMOSF21,-1.857045187950554,ToD blocks
2021-03-28,LIMOSF21,-11.305097231520982,ToD blocks
2021-04-04,LIMOSF21,-2.131750396626231,ToD blocks
2021-04-11,LIMOSF21,-3.5883543643269533,ToD blocks
2021-04-18,LIMOSF21,1.7079396565733873,ToD blocks
2021-04-25,LIMOSF21,-8.656923499948398,ToD blocks
2021-05-02,LIMOSF21,-4.306069221089828,ToD blocks
2021-05-09,LIMOSF21,-5.1868520428366836,ToD blocks
2021-05-16,LIMOSF21,-3.839754427403477,ToD blocks
2021-05-23,LIMOSF21,-47.792567536096584,ToD blocks
2021-05-30,LIMOSF21,-53.124365557319535,ToD blocks
2021-06-06,LIMOSF21,-39.57538484389178,ToD blocks
2021-06-13,LIMOSF21,-53.40533449940274,ToD blocks
2021-06-20,LIMOSF21,-43.97779259447185,ToD blocks
2021-06-27,LIMOSF21,-0.13214723090756308,ToD blocks
2021-07-04,LIMOSF21,-10.348309544086831,ToD blocks
2021-07-11,LIMOSF21,-16.46006400095746,ToD blocks
2021-07-18,LIMOSF21,-40.84316663177101,ToD blocks
2021-07-25,LIMOSF21,-30.878956376193557,ToD blocks
2021-08-01,LIMOSF21,-5.732297756511102,ToD blocks
2021-08-08,LIMOSF21,-5.117396504591561,ToD blocks
2021-08-15,LIMOSF21,0.3264593867942125,ToD blocks
2021-08-22,LIMOSF21,4.930991126866466,ToD blocks
2021-08-29,LIMOSF21,3.459657019470299,ToD blocks
2021-09-05,LIMOSF21,3.8160650359822768,ToD blocks
2021-09-12,LIMOSF21,7.609890441658761,ToD blocks
2021-09-19,LIMOSF21,14.644775567152877,ToD blocks
2021-09-26,LIMOSF21,6.171132378680305,ToD blocks
2021-10-03,LIMOSF21,5.407700413782621,ToD blocks
2021-10-10,LIMOSF21,14.340156589579562,ToD blocks
2021-10-17,LIMOSF21,-2.0854608068511737,ToD blocks
2021-10-24,LIMOSF21,-1.0159712942828278,ToD blocks
2021-10-31,LIMOSF21,6.3563593993713,ToD blocks
2021-11-07,LIMOSF21,-2.4459853815276063,ToD blocks
2021-11-14,LIMOSF21,3.616712580748576,ToD blocks
2021-11-21,LIMOSF21,17.106956994871467,ToD blocks
2021-11-28,LIMOSF21,17.784898964928857,ToD blocks
2021-12-05,LIMOSF21,-2.531979131970843,ToD blocks
2021-12-12,LIMOSF21,-4.22313632603759,ToD blocks
2021-12-19,LIMOSF21,12.09723521449898,ToD blocks
2021-12-26,LIMOSF21,3.834466784804448,ToD blocks
2022-01-02,LIMOSF21,-4.516649541054612,ToD blocks
2022-01-09,LIMOSF21,3.742048611707162,ToD blocks
2022-01-16,LIMOSF21,-3.7789152161804367,ToD blocks
2022-01-23,LIMOSF21,-4.313193583359684,ToD blocks
2022-01-30,LIMOSF21,0.011946160371465453,ToD blocks
2022-02-06,LIMOSF21,-1.6254763917175978,ToD blocks
2022-02-13,LIMOSF21,-4.24391211835448,ToD blocks
2022-02-20,LIMOSF21,-4.839898558204737,ToD blocks
2022-02-27,LIMOSF21,2.8906408560672787,ToD blocks
2022-03-06,LIMOSF21,-2.3114028309004055,ToD blocks
2022-03-13,LIMOSF21,-3.6015542698275027,ToD blocks
2022-03-20,LIMOSF21,-4.627960541744827,ToD blocks
2022-03-27,LIMOSF21,-4.2189097376463565,ToD blocks
2022-04-03,LIMOSF21,-5.143660173286534,ToD blocks
2022-04-10,LIMOSF21,-19.363400433873323,ToD blocks
2022-04-17,LIMOSF21,-10.002747103848264,ToD blocks
2022-04-24,LIMOSF21,-14.554191881758726,ToD blocks
2022-05-01,LIMOSF21,-25.365791390624366,ToD blocks
2022-05-08,LIMOSF21,-45.733606828680195,ToD blocks
2022-05-15,LIMOSF21,-16.083204606025106,ToD blocks
2022-05-22,LIMOSF21,-8.527999226483445,ToD blocks
2022-05-29,LIMOSF21,-21.380101703309492,ToD blocks
2022-06-05,LIMOSF21,-63.541432900978464,ToD blocks
2022-06-12,LIMOSF21,-40.950027724059964,ToD blocks
2022-06-19,LIMOSF21,-15.965378985935615,ToD blocks
2022-06-26,LIMOSF21,-23.618415358856794,ToD blocks
2022-07-03,LIMOSF21,4.045570084879955,ToD blocks
2022-07-10,LIMOSF21,-16.10637336443733,ToD blocks
2022-07-17,LIMOSF21,-33.77122140885234,ToD blocks
2022-07-24,LIMOSF21,-38.84940707146316,ToD blocks
2022-07-31,LIMOSF21,-43.000902916144184,ToD blocks
2022-08-07,LIMOSF21,-7.40276306512736,ToD blocks
2022-08-14,LIMOSF21,-7.314995485968964,ToD blocks
2022-08-21,LIMOSF21,-17.7681629922388,ToD blocks
2022-08-28,LIMOSF21,-26.96923493468509,ToD blocks
2022-09-04,LIMOSF21,-10.422218190264815,ToD blocks
2022-09-11,LIMOSF21,-6.317070783866981,ToD blocks
2022-09-18,LIMOSF21,-20.305952274402856,ToD blocks
2022-09-25,LIMOSF21,-13.35797321032554,ToD blocks
2022-10-02,LIMOSF21,-15.180194635968832,ToD blocks
2022-10-09,LIMOSF21,-27.726494403605088,ToD blocks
2022-10-16,LIMOSF21,-28.010067934414607,ToD blocks
2022-10-23,LIMOSF21,-2.3287193031634956,ToD blocks
2022-10-30,LIMOSF21,-15.606305788501388,ToD blocks
2022-11-06,LIMOSF21,-16.24947627622017,ToD blocks
2022-11-13,LIMOSF21,-5.570335455529374,ToD blocks
2022-11-20,LIMOSF21,-10.335312664974289,ToD blocks
2022-11-27,LIMOSF21,-4.178719717154621,ToD blocks
2022-12-04,LIMOSF21,-8.88383188597939,ToD blocks
2022-12-11,LIMOSF21,-5.626024951920428,ToD blocks
2022-12-18,LIMOSF21,-1.7425379117623265,ToD blocks
2022-12-25,LIMOSF21,-3.556965707867299,ToD blocks
2023-01-01,LIMOSF21,-3.1686987046412938,ToD blocks
2023-01-08,LIMOSF21,-12.445967345952617,ToD blocks
2023-01-15,LIMOSF21,-5.0241705860664325,ToD blocks
2023-01-22,LIMOSF21,-3.5524265894498086,ToD blocks
2023-01-29,LIMOSF21,-16.059589989862133,ToD blocks
2023-02-05,LIMOSF21,1.9927331910497657,ToD blocks
2023-02-12,LIMOSF21,-3.663172342449272,ToD blocks
2023-02-19,LIMOSF21,-5.782155560981835,ToD blocks
2023-02-26,LIMOSF21,-4.462870899460285,ToD blocks
2023-03-05,LIMOSF21,-1.4847384842534836,ToD blocks
2023-03-12,LIMOSF21,-5.769792157663403,ToD blocks
2023-03-19,LIMOSF21,-39.08482590654194,ToD blocks
2023-03-26,LIMOSF21,-8.948278100934758,ToD blocks
2023-04-02,LIMOSF21,-20.280095084720656,ToD blocks
2023-04-09,LIMOSF21,26.852098908923026,ToD blocks
2023-04-16,LIMOSF21,-10.224598100889843,ToD blocks
2023-04-23,LIMOSF21,-11.20821693710377,ToD blocks
2023-04-30,LIMOSF21,-12.56366535441532,ToD blocks
2023-05-07,LIMOSF21,-22.805895358754114,ToD blocks
2023-05-14,LIMOSF21,-26.50570386492838,ToD blocks
2023-05-21,LIMOSF21,-7.0396681850150316,ToD blocks
2023-05-28,LIMOSF21,-40.15348750001141,ToD blocks
2023-06-04,LIMOSF21,-26.656370476105792,ToD blocks
2023-06-11,LIMOSF21,-14.124481486626664,ToD blocks
2023-06-18,LIMOSF21,-19.85192038724422,ToD blocks
2023-06-25,LIMOSF21,-38.7941288007146,ToD blocks
2023-07-02,LIMOSF21,-24.549551798954717,ToD blocks
2023-07-09,LIMOSF21,-29.51031248176116,ToD blocks
2023-07-16,LIMOSF21,-16.784512940141905,ToD blocks
2023-07-23,LIMOSF21,-16.49914058157072,ToD blocks
2023-07-30,LIMOSF21,-12.62884937984505,ToD blocks
2023-08-06,LIMOSF21,-9.40936748075206,ToD blocks
2023-08-13,LIMOSF21,-12.857630970909476,ToD blocks
2023-08-20,LIMOSF21,-3.8094806063974787,ToD blocks
2023-08-27,LIMOSF21,-9.330929691162183,ToD blocks
2023-09-03,LIMOSF21,-4.4438355720780685,ToD blocks
2023-09-10,LIMOSF21,0.6920420398498202,ToD blocks
2023-09-17,LIMOSF21,2.396950168143018,ToD blocks
2023-09-24,LIMOSF21,0.8963961652683601,ToD blocks
2023-10-01,LIMOSF21,17.17191335960617,ToD blocks
2023-10-08,LIMOSF21,-25.113515221038234,ToD blocks
2023-10-15,LIMOSF21,-5.875567941532151,ToD blocks
2023-10-22,LIMOSF21,2.9279184063635793,ToD blocks
2023-10-29,LIMOSF21,10.605972055566276,ToD blocks
2023-11-05,LIMOSF21,8.552323734301225,ToD blocks
2023-11-12,LIMOSF21,3.6013587026181852,ToD blocks
2023-11-19,LIMOSF21,-2.3637809599360935,ToD blocks
2023-11-26,LIMOSF21,-4.142108577533847,ToD blocks
2023-12-03,LIMOSF21,-1.9860256089272639,ToD blocks
2023-12-10,LIMOSF21,-17.72818148429748,ToD blocks
2023-12-17,LIMOSF21,-3.475656517565511,ToD blocks
2023-12-24,LIMOSF21,-4.75747311681814,ToD blocks
2023-12-31,LIMOSF21,-0.7289988120474256,ToD blocks
2024-01-07,LIMOSF21,-1.9589177438459728,ToD blocks
2024-01-14,LIMOSF21,2.7406252854918165,ToD blocks
2024-01-21,LIMOSF21,32.306240372143904,ToD blocks
2024-01-28,LIMOSF21,-4.973205120465337,ToD blocks
2024-02-04,LIMOSF21,-1.6053740331731348,ToD blocks
2024-02-11,LIMOSF21,-17.8295254796705,ToD blocks
2024-02-18,LIMOSF21,-10.356621443533697,ToD blocks
2024-02-25,LIMOSF21,-19.34519265217783,ToD blocks
2024-03-03,LIMOSF21,-44.13961843906074,ToD blocks
2024-03-10,LIMOSF21,-0.3527592894550722,ToD blocks
2024-03-17,LIMOSF21,-3.511124644696771,ToD blocks
2024-03-24,LIMOSF21,0.3443417235751767,ToD blocks
2024-03-31,LIMOSF21,-4.276500915712667,ToD blocks
2024-04-07,LIMOSF21,-5.501508393326091,ToD blocks
2024-04-14,LIMOSF21,-3.685852502888931,ToD blocks
2024-04-21,LIMOSF21,-6.646278719554729,ToD blocks
2024-04-28,LIMOSF21,-3.52368958628675,ToD blocks
2024-05-05,LIMOSF21,-17.104585125858648,ToD blocks
2024-05-12,LIMOSF21,-109.54210241735046,ToD blocks
2024-05-19,LIMOSF21,-17.394148020976097,ToD blocks
2024-05-26,LIMOSF21,-28.498511324515277,ToD blocks
2024-06-02,LIMOSF21,-10.913241963356015,ToD blocks
2024-06-09,LIMOSF21,-22.63856808547041,ToD blocks
2024-06-16,LIMOSF21,-62.98121214979418,ToD blocks
2024-06-23,LIMOSF21,-36.374687615940275,ToD blocks
2024-06-30,LIMOSF21,-29.028145760578262,ToD blocks
2024-07-07,LIMOSF21,-23.84665264588081,ToD blocks
2024-07-14,LIMOSF21,-40.292624243215485,ToD blocks
2024-07-21,LIMOSF21,-17.373912351438754,ToD blocks
2024-07-28,LIMOSF21,-13.593141091078529,ToD blocks
2024-08-04,LIMOSF21,-33.60086234725965,ToD blocks
2024-08-11,LIMOSF21,-130.8493374762869,ToD blocks
2024-08-18,LIMOSF21,-2.29173291635594,ToD blocks
2024-08-25,LIMOSF21,2.525666195540744,ToD blocks
2024-09-01,LIMOSF21,12.28160714200758,ToD blocks
2024-09-08,LIMOSF21,5.124769900191747,ToD blocks
2024-09-15,LIMOSF21,11.461493873825418,ToD blocks
2024-09-22,LIMOSF21,18.75459431645719,ToD blocks
2024-09-29,LIMOSF21,-15.25278437080604,ToD blocks
2024-10-06,LIMOSF21,21.278549266351998,ToD blocks
2024-10-13,LIMOSF21,21.85132569933328,ToD blocks
2024-10-20,LIMOSF21,-4.520468327050793,ToD blocks
2024-10-27,LIMOSF21,2.0454075752777285,ToD blocks
2024-11-03,LIMOSF21,10.864491948037205,ToD blocks
2024-11-10,LIMOSF21,-91.38150590351816,ToD blocks
2024-11-17,LIMOSF21,2.6366226809191318,ToD blocks
2024-11-24,LIMOSF21,22.062353880875776,ToD blocks
2024-12-01,LIMOSF21,-2.286224897491877,ToD blocks
2024-12-08,LIMOSF21,-90.79219162607623,ToD blocks
2024-12-15,LIMOSF21,3.147970970891066,ToD blocks
2024-12-22,LIMOSF21,7.765576736725052,ToD blocks
2024-12-29,LIMOSF21,38.10549723205548,ToD blocks
2025-01-05,LIMOSF21,2.905502187757598,ToD blocks
2020-01-05,MANSLR1,100.85993596584842,ToD blocks
2020-01-12,MANSLR1,-1.2076109699941,ToD blocks
2020-01-19,MANSLR1,-0.5752318330609327,ToD blocks
2020-01-26,MANSLR1,-24.53646395267134,ToD blocks
2020-02-02,MANSLR1,49.37895734863548,ToD blocks
2020-02-09,MANSLR1,0.9810221170568099,ToD blocks
2020-02-16,MANSLR1,-1.9127122746324972,ToD blocks
2020-02-23,MANSLR1,-2.0480609668464,ToD blocks
2020-03-01,MANSLR1,-1.9639452245599074,ToD blocks
2020-03-08,MANSLR1,-5.1098118417728315,ToD blocks
2020-03-15,MANSLR1,-1.6381629765541632,ToD blocks
2020-03-22,MANSLR1,-1.3282499930812293,ToD blocks
2020-03-29,MANSLR1,-1.8933239815979874,ToD blocks
2020-04-05,MANSLR1,-4.123995367959019,ToD blocks
2020-04-12,MANSLR1,-2.559328412631814,ToD blocks
2020-04-19,MANSLR1,-0.7476638514680545,ToD blocks
2020-04-26,MANSLR1,-1.0752737760924411,ToD blocks
2020-05-03,MANSLR1,-1.9725370700279612,ToD blocks
2020-05-10,MANSLR1,-0.7665068526704992,ToD blocks
2020-05-17,MANSLR1,-1.8816797580034788,ToD blocks
2020-05-24,MANSLR1,-0.9168163640503124,ToD blocks
2020-05-31,MANSLR1,-3.2019601948834264,ToD blocks
2020-06-07,MANSLR1,-2.214453628559646,ToD blocks
2020-06-14,MANSLR1,-7.319775202714801,ToD blocks
2020-06-21,MANSLR1,-1.1067254870224943,ToD blocks
2020-06-28,MANSLR1,-2.9943584312372735,ToD blocks
2020-07-05,MANSLR1,-1.3264894964687883,ToD blocks
2020-07-12,MANSLR1,-1.2116128698264035,ToD blocks
2020-07-19,MANSLR1,-1.9668354210129664,ToD blocks
2020-07-26,MANSLR1,-6.57331872184232,ToD blocks
2020-08-02,MANSLR1,-3.429558169050658,ToD blocks
2020-08-09,MANSLR1,-6.078441823757359,ToD blocks
2020-08-16,MANSLR1,-5.2335105298437625,ToD blocks
2020-08-23,MANSLR1,-2.7445167861103954,ToD blocks
2020-08-30,MANSLR1,-7.530589075390239,ToD blocks
2020-09-06,MANSLR1,-2.5917419754440587,ToD blocks
2020-09-13,MANSLR1,-1.7244435277788952,ToD blocks
2020-09-20,MANSLR1,-0.6777982059348311,ToD blocks
2020-09-27,MANSLR1,-0.8878157031830654,ToD blocks
2020-10-04,MANSLR1,-3.453222156739379,ToD blocks
2020-10-11,MANSLR1,-20.803491953842716,ToD blocks
2020-10-18,MANSLR1,-2.3411203337221806,ToD blocks
2020-10-25,MANSLR1,-28.129843234724376,ToD blocks
2020-11-01,MANSLR1,-4.958742014157735,ToD blocks
2020-11-08,MANSLR1,-3.807031507158584,ToD blocks
2020-11-15,MANSLR1,-1.5644148951836598,ToD blocks
2020-11-22,MANSLR1,-3.9768142584255486,ToD blocks
2020-11-29,MANSLR1,2.0235748710909434,ToD blocks
2020-12-06,MANSLR1,2.0639254266659037,ToD blocks
2020-12-13,MANSLR1,-1.2624680829449204,ToD blocks
2020-12-20,MANSLR1,-116.58630751486666,ToD blocks
2020-12-27,MANSLR1,-1.075330075651408,ToD blocks
2021-01-03,MANSLR1,-1.07034585620476,ToD blocks
2021-01-10,MANSLR1,0.3280685420119198,ToD blocks
2021-01-17,MANSLR1,1.0467342058338858,ToD blocks
2021-01-24,MANSLR1,7.997304933792286,ToD blocks
2021-01-31,MANSLR1,-2.0741835594708604,ToD blocks
2021-02-07,MANSLR1,-0.29308863561946197,ToD blocks
2021-02-14,MANSLR1,0.5128434300063915,ToD blocks
2021-02-21,MANSLR1,1.840509235695329,ToD blocks
2021-02-28,MANSLR1,0.8089244926210526,ToD blocks
2021-03-07,MANSLR1,2.666635500255712,ToD blocks
2021-03-14,MANSLR1,-0.9828894021318959,ToD blocks
2021-03-21,MANSLR1,-3.273516825191365,ToD blocks
2021-03-28,MANSLR1,-12.742127858845471,ToD blocks
2021-04-04,MANSLR1,-3.780654643434012,ToD blocks
2021-04-11,MANSLR1,2.5218001359153632,ToD blocks
2021-04-18,MANSLR1,-3.2054180480956873,ToD blocks
2021-04-25,MANSLR1,-6.093075752352938,ToD blocks
2021-05-02,MANSLR1,-4.401423329029491,ToD blocks
2021-05-09,MANSLR1,-4.6745864721945765,ToD blocks
2021-05-16,MANSLR1,-5.4064119463671005,ToD blocks
2021-05-23,MANSLR1,-60.00587261777708,ToD blocks
2021-05-30,MANSLR1,-59.08783015299172,ToD blocks
2021-06-06,MANSLR1,-40.3633180234731,ToD blocks
2021-06-13,MANSLR1,-55.309208869093084,ToD blocks
2021-06-20,MANSLR1,-28.795437261447503,ToD blocks
2021-06-27,MANSLR1,-8.03898970164937,ToD blocks
2021-07-04,MANSLR1,-12.140430730471358,ToD blocks
2021-07-11,MANSLR1,-32.70043467782983,ToD blocks
2021-07-18,MANSLR1,-41.14359460233308,ToD blocks
2021-07-25,MANSLR1,-13.314185012876706,ToD blocks
2021-08-01,MANSLR1,-4.00343436212421,ToD blocks
2021-08-08,MANSLR1,-3.811496087323441,ToD blocks
2021-08-15,MANSLR1,-2.042174700293547,ToD blocks
2021-08-22,MANSLR1,2.41597718326906,ToD blocks
2021-08-29,MANSLR1,-5.443509996725979,ToD blocks
2021-09-05,MANSLR1,-3.830802428451751,ToD blocks
2021-09-12,MANSLR1,9.161511619752016,ToD blocks
2021-09-19,MANSLR1,1.8299773358689038,ToD blocks
2021-09-26,MANSLR1,-0.46907409984262216,ToD blocks
2021-10-03,MANSLR1,2.3960229463339573,ToD blocks
2021-10-10,MANSLR1,23.01428058632292,ToD blocks
2021-10-17,MANSLR1,4.973719458615015,ToD blocks
2021-10-24,MANSLR1,-2.0408519875365982,ToD blocks
2021-10-31,MANSLR1,-3.5106796687431583,ToD blocks
2021-11-07,MANSLR1,-4.122806663562493,ToD blocks
2021-11-14,MANSLR1,0.29794396697401027,ToD blocks
2021-11-21,MANSLR1,26.332984213389253,ToD blocks
2021-11-28,MANSLR1,-13.542336401493202,ToD blocks
2021-12-05,MANSLR1,10.745372321123128,ToD blocks
2021-12-12,MANSLR1,3.8293423672735187,ToD blocks
2021-12-19,MANSLR1,-2.8623453646782977,ToD blocks
2021-12-26,MANSLR1,-0.29883759734394744,ToD blocks
2022-01-02,MANSLR1,7.973834417916379,ToD blocks
2022-01-09,MANSLR1,2.2263881194288047,ToD blocks
2022-01-16,MANSLR1,1.1705338391483764,ToD blocks
2022-01-23,MANSLR1,10.393693433816694,ToD blocks
2022-01-30,MANSLR1,-0.8653919701310855,ToD blocks
2022-02-06,MANSLR1,31.32881878478574,ToD blocks
2022-02-13,MANSLR1,4.066553520476134,ToD blocks
2022-02-20,MANSLR1,7.228430711735129,ToD blocks
2022-02-27,MANSLR1,-1.302959870520482,ToD blocks
2022-03-06,MANSLR1,2.1201351670291615,ToD blocks
2022-03-13,MANSLR1,-0.08596492131992761,ToD blocks
2022-03-20,MANSLR1,4.559117719349359,ToD blocks
2022-03-27,MANSLR1,0.43564336750972643,ToD blocks
2022-04-03,MANSLR1,3.6593078004469817,ToD blocks
2022-04-10,MANSLR1,-5.312849129588983,ToD blocks
2022-04-17,MANSLR1,40.818686075734746,ToD blocks
2022-04-24,MANSLR1,-2.1438320681096172,ToD blocks
2022-05-01,MANSLR1,-22.447369149627235,ToD blocks
2022-05-08,MANSLR1,-37.14903570801624,ToD blocks
2022-05-15,MANSLR1,-12.125528288656312,ToD blocks
2022-05-22,MANSLR1,-7.4256954136106685,ToD blocks
2022-05-29,MANSLR1,-19.004677552019757,ToD blocks
2022-06-05,MANSLR1,-61.88647486803768,ToD blocks
2022-06-12,MANSLR1,-55.25997147628192,ToD blocks
2022-06-19,MANSLR1,-13.234608013406273,ToD blocks
2022-06-26,MANSLR1,-13.229829573984631,ToD blocks
2022-07-03,MANSLR1,-13.37800258876905,ToD blocks
2022-07-10,MANSLR1,-32.943729012803374,ToD blocks
2022-07-17,MANSLR1,-65.3569113844232,ToD blocks
2022-07-24,MANSLR1,-28.287617379005212,ToD blocks
2022-07-31,MANSLR1,-31.86487515169739,ToD blocks
2022-08-07,MANSLR1,-11.176616021337466,ToD blocks
2022-08-14,MANSLR1,-7.540276395297425,ToD blocks
2022-08-21,MANSLR1,-12.889350298139249,ToD blocks
2022-08-28,MANSLR1,-4.027354541245529,ToD blocks
2022-09-04,MANSLR1,-16.994878739929874,ToD blocks
2022-09-11,MANSLR1,9.363428708781797,ToD blocks
2022-09-18,MANSLR1,44.17007029781675,ToD blocks
2022-09-25,MANSLR1,13.148722478553964,ToD blocks
2022-10-02,MANSLR1,9.479751309657956,ToD blocks
2022-10-09,MANSLR1,-14.376230797145496,ToD blocks
2022-10-16,MANSLR1,-9.455509033962485,ToD blocks
2022-10-23,MANSLR1,5.613166993736144,ToD blocks
2022-10-30,MANSLR1,62.70433515949598,ToD blocks
2022-11-06,MANSLR1,8.373245144987663,ToD blocks
2022-11-13,MANSLR1,8.169766172995551,ToD blocks
2022-11-20,MANSLR1,19.30576483169625,ToD blocks
2022-11-27,MANSLR1,36.5956857283131,ToD blocks
2022-12-04,MANSLR1,25.918334653505752,ToD blocks
2022-12-11,MANSLR1,8.64153034112244,ToD blocks
2022-12-18,MANSLR1,27.69955691000998,ToD blocks
2022-12-25,MANSLR1,34.33031647483162,ToD blocks
2023-01-01,MANSLR1,30.435540970268377,ToD blocks
2023-01-08,MANSLR1,27.85625109206424,ToD blocks
2023-01-15,MANSLR1,16.780404300788007,ToD blocks
2023-01-22,MANSLR1,12.398711658713282,ToD blocks
2023-01-29,MANSLR1,15.310595485613689,ToD blocks
2023-02-05,MANSLR1,37.602469858708474,ToD blocks
2023-02-12,MANSLR1,-11.915710014789518,ToD blocks
2023-02-19,MANSLR1,-0.03957504108817034,ToD blocks
2023-02-26,MANSLR1,19.15739269836616,ToD blocks
2023-03-05,MANSLR1,-7.105650573413897,ToD blocks
2023-03-12,MANSLR1,5.7686883686589,ToD blocks
2023-03-19,MANSLR1,-19.922261373765764,ToD blocks
2023-03-26,MANSLR1,-13.361606059818257,ToD blocks
2023-04-02,MANSLR1,-10.058369205486954,ToD blocks
2023-04-09,MANSLR1,65.73189124416723,ToD blocks
2023-04-16,MANSLR1,-0.9842912782604998,ToD blocks
2023-04-23,MANSLR1,7.45346721661285,ToD blocks
2023-04-30,MANSLR1,-24.61619676822488,ToD blocks
2023-05-07,MANSLR1,-11.799561018735574,ToD blocks
2023-05-14,MANSLR1,-16.300798005897136,ToD blocks
2023-05-21,MANSLR1,-10.267765370564206,ToD blocks
2023-05-28,MANSLR1,-38.805499038075666,ToD blocks
2023-06-04,MANSLR1,-21.624020138110154,ToD blocks
2023-06-11,MANSLR1,-16.88481027513555,ToD blocks
2023-06-18,MANSLR1,-6.412226636994333,ToD blocks
2023-06-25,MANSLR1,-18.165561179766833,ToD blocks
2023-07-02,MANSLR1,-24.724880241580102,ToD blocks
2023-07-09,MANSLR1,19.32059760913809,ToD blocks
2023-07-16,MANSLR1,-4.974143775487988,ToD blocks
2023-07-23,MANSLR1,-13.965538560969726,ToD blocks
2023-07-30,MANSLR1,4.778450957385338,ToD blocks
2023-08-06,MANSLR1,-2.2660378919494306,ToD blocks
2023-08-13,MANSLR1,-9.54113354099411,ToD blocks
2023-08-20,MANSLR1,2.699876458796666,ToD blocks
2023-08-27,MANSLR1,0.9930587940711106,ToD blocks
2023-09-03,MANSLR1,7.846615339151292,ToD blocks
2023-09-10,MANSLR1,39.364368123713696,ToD blocks
2023-09-17,MANSLR1,53.86706391500112,ToD blocks
2023-09-24,MANSLR1,15.30726677626614,ToD blocks
2023-10-01,MANSLR1,31.915748444056845,ToD blocks
2023-10-08,MANSLR1,13.368675892738707,ToD blocks
2023-10-15,MANSLR1,35.29196636012834,ToD blocks
2023-10-22,MANSLR1,22.47404512908482,ToD blocks
2023-10-29,MANSLR1,31.906030574893474,ToD blocks
2023-11-05,MANSLR1,19.22396264692062,ToD blocks
2023-11-12,MANSLR1,38.76703509463876,ToD blocks
2023-11-19,MANSLR1,19.36791597053727,ToD blocks
2023-11-26,MANSLR1,-4.868318654934114,ToD blocks
2023-12-03,MANSLR1,16.116146072581017,ToD blocks
2023-12-10,MANSLR1,-12.453312476357226,ToD blocks
2023-12-17,MANSLR1,6.08014046093065,ToD blocks
2023-12-24,MANSLR1,14.992629442937314,ToD blocks
2023-12-31,MANSLR1,27.055589177871024,ToD blocks
2024-01-07,MANSLR1,0.8810050021476954,ToD blocks
2024-01-14,MANSLR1,8.584686378000043,ToD blocks
2024-01-21,MANSLR1,101.26520484429781,ToD blocks
2024-01-28,MANSLR1,0.6464837071022345,ToD blocks
2024-02-04,MANSLR1,12.600215263590087,ToD blocks
2024-02-11,MANSLR1,1.4211443672180764,ToD blocks
2024-02-18,MANSLR1,11.013720293927463,ToD blocks
2024-02-25,MANSLR1,38.025526829742404,ToD blocks
2024-03-03,MANSLR1,-66.80885302000536,ToD blocks
2024-03-10,MANSLR1,8.986613079351137,ToD blocks
2024-03-17,MANSLR1,8.977234709031649,ToD blocks
2024-03-24,MANSLR1,1.8437535989249483,ToD blocks
2024-03-31,MANSLR1,4.324779886841704,ToD blocks
2024-04-07,MANSLR1,0.3578231255563722,ToD blocks
2024-04-14,MANSLR1,19.994276347684107,ToD blocks
2024-04-21,MANSLR1,-1.1412493061479694,ToD blocks
2024-04-28,MANSLR1,19.756959938744068,ToD blocks
2024-05-05,MANSLR1,-9.354579449265202,ToD blocks
2024-05-12,MANSLR1,-29.877716517343515,ToD blocks
2024-05-19,MANSLR1,-14.536859309258887,ToD blocks
2024-05-26,MANSLR1,-20.471775423949154,ToD blocks
2024-06-02,MANSLR1,-16.107419651928396,ToD blocks
2024-06-09,MANSLR1,-22.509047386427795,ToD blocks
2024-06-16,MANSLR1,-17.610808539903886,ToD blocks
2024-06-23,MANSLR1,-48.75939996842891,ToD blocks
2024-06-30,MANSLR1,-16.1600699815814,ToD blocks
2024-07-07,MANSLR1,-27.561513476562865,ToD blocks
2024-07-14,MANSLR1,-27.98534025065726,ToD blocks
2024-07-21,MANSLR1,-7.175546949926094,ToD blocks
2024-07-28,MANSLR1,-9.023886298907712,ToD blocks
2024-08-04,MANSLR1,-30.817739125156436,ToD blocks
2024-08-11,MANSLR1,-182.96275075919195,ToD blocks
2024-08-18,MANSLR1,-1.1070438797879518,ToD blocks
2024-08-25,MANSLR1,16.83610698521959,ToD blocks
2024-09-01,MANSLR1,84.35746445176642,ToD blocks
2024-09-08,MANSLR1,35.44321005021829,ToD blocks
2024-09-15,MANSLR1,35.71835071051683,ToD blocks
2024-09-22,MANSLR1,55.75093194343842,ToD blocks
2024-09-29,MANSLR1,1.4940424670740953,ToD blocks
2024-10-06,MANSLR1,22.588335637210857,ToD blocks
2024-10-13,MANSLR1,15.673628709517068,ToD blocks
2024-10-20,MANSLR1,-1.3661830578849958,ToD blocks
2024-10-27,MANSLR1,34.32763286437799,ToD blocks
2024-11-03,MANSLR1,35.972034146727125,ToD blocks
2024-11-10,MANSLR1,-35.7492432301799,ToD blocks
2024-11-17,MANSLR1,8.852021004437361,ToD blocks
2024-11-24,MANSLR1,201.82301314055962,ToD blocks
2024-12-01,MANSLR1,-232.20834094300122,ToD blocks
2024-12-08,MANSLR1,66.82350485304846,ToD blocks
2024-12-15,MANSLR1,73.1780825909579,ToD blocks
2024-12-22,MANSLR1,86.21662172843662,ToD blocks
2024-12-29,MANSLR1,58.15061907879742,ToD blocks
2025-01-05,MANSLR1,22.513597196533603,ToD blocks
2020-01-05,MOREESF1,67.04057826160368,ToD blocks
2020-01-12,MOREESF1,0.13805137472186146,ToD blocks
2020-01-19,MOREESF1,1.1614864666371432,ToD blocks
2020-01-26,MOREESF1,-10.668885472933539,ToD blocks
2020-02-02,MOREESF1,39.75763115667428,ToD blocks
2020-02-09,MOREESF1,-1.7418619513125009,ToD blocks
2020-02-16,MOREESF1,-3.4320166363936053,ToD blocks
2020-02-23,MOREESF1,1.5728579195693868,ToD blocks
2020-03-01,MOREESF1,-1.3864914715455967,ToD blocks
2020-03-08,MOREESF1,-2.4895258224938104,ToD blocks
2020-03-15,MOREESF1,-2.4597009086823576,ToD blocks
2020-03-22,MOREESF1,-0.9343002171059922,ToD blocks
2020-03-29,MOREESF1,-0.2910703345310992,ToD blocks
2020-04-05,MOREESF1,-17.31702663116952,ToD blocks
2020-04-12,MOREESF1,-0.08332055189933385,ToD blocks
2020-04-19,MOREESF1,-1.4995919947661385,ToD blocks
2020-04-26,MOREESF1,-2.1369174871145162,ToD blocks
2020-05-03,MOREESF1,1.7691807318082695,ToD blocks
2020-05-10,MOREESF1,-3.3013083635903016,ToD blocks
2020-05-17,MOREESF1,-2.06036777288557,ToD blocks
2020-05-24,MOREESF1,-1.8974768776170805,ToD blocks
2020-05-31,MOREESF1,-1.720057462322842,ToD blocks
2020-06-07,MOREESF1,-0.43856760619913615,ToD blocks
2020-06-14,MOREESF1,1.0242762062741804,ToD blocks
2020-06-21,MOREESF1,-0.7611869944707337,ToD blocks
2020-06-28,MOREESF1,-0.1872908349239566,ToD blocks
2020-07-05,MOREESF1,-1.1539764997504989,ToD blocks
2020-07-12,MOREESF1,-0.3593880575916941,ToD blocks
2020-07-19,MOREESF1,-3.1221833439218045,ToD blocks
2020-07-26,MOREESF1,-6.034064977400192,ToD blocks
2020-08-02,MOREESF1,-2.385116289515274,ToD blocks
2020-08-09,MOREESF1,-5.924406463714718,ToD blocks
2020-08-16,MOREESF1,-3.7638371886113333,ToD blocks
2020-08-23,MOREESF1,-1.2232147136118812,ToD blocks
2020-08-30,MOREESF1,-2.998480214806577,ToD blocks
2020-09-06,MOREESF1,-1.2475086331542968,ToD blocks
2020-09-13,MOREESF1,-0.5342044607000602,ToD blocks
2020-09-20,MOREESF1,0.6485053449846632,ToD blocks
2020-09-27,MOREESF1,-0.06916933621988619,ToD blocks
2020-10-04,MOREESF1,-1.3966741904771887,ToD blocks
2020-10-11,MOREESF1,-5.6849710164521525,ToD blocks
2020-10-18,MOREESF1,-0.22201320013115833,ToD blocks
2020-10-25,MOREESF1,-11.61621077593854,ToD blocks
2020-11-01,MOREESF1,-2.4831184212772897,ToD blocks
2020-11-08,MOREESF1,-1.373557539567102,ToD blocks
2020-11-15,MOREESF1,-0.7115422878726108,ToD blocks
2020-11-22,MOREESF1,4.463826127622752,ToD blocks
2020-11-29,MOREESF1,-12.193463172676935,ToD blocks
2020-12-06,MOREESF1,-11.56518001974662,ToD blocks
2020-12-13,MOREESF1,0.9229830743705421,ToD blocks
2020-12-20,MOREESF1,46.8371668459757,ToD blocks
2020-12-27,MOREESF1,-4.641967305834978,ToD blocks
2021-01-03,MOREESF1,-0.551143871707108,ToD blocks
2021-01-10,MOREESF1,-0.7339987129518803,ToD blocks
2021-01-17,MOREESF1,-0.03800109490329362,ToD blocks
2021-01-24,MOREESF1,0.36415555991827375,ToD blocks
2021-01-31,MOREESF1,-0.08521633275097429,ToD blocks
2021-02-07,MOREESF1,-0.031020294860233832,ToD blocks
2021-02-14,MOREESF1,-0.4072432783732367,ToD blocks
2021-02-21,MOREESF1,0.2710092771123769,ToD blocks
2021-02-28,MOREESF1,-1.142975207766284,ToD blocks
2021-03-07,MOREESF1,-1.2115373594613814,ToD blocks
2021-03-14,MOREESF1,-1.0621228221561623,ToD blocks
2021-03-21,MOREESF1,-0.5577133688205791,ToD blocks
2021-03-28,MOREESF1,-12.04963576326643,ToD blocks
2021-04-04,MOREESF1,-5.14412823892966,ToD blocks
2021-04-11,MOREESF1,-2.366370924310637,ToD blocks
2021-04-18,MOREESF1,-2.807787525098128,ToD blocks
2021-04-25,MOREESF1,-5.757458117612579,ToD blocks
2021-05-02,MOREESF1,-4.111022405436529,ToD blocks
2021-05-09,MOREESF1,-4.643499745191598,ToD blocks
2021-05-16,MOREESF1,-4.137038177903349,ToD blocks
2021-05-23,MOREESF1,-50.557771876623804,ToD blocks
2021-05-30,MOREESF1,-56.67805695151475,ToD blocks
2021-06-06,MOREESF1,-35.868870833499415,ToD blocks
2021-06-13,MOREESF1,-52.16983564450166,ToD blocks
2021-06-20,MOREESF1,-40.118632079528055,ToD blocks
2021-06-27,MOREESF1,-4.846661129488368,ToD blocks
2021-07-04,MOREESF1,-15.320574580374604,ToD blocks
2021-07-11,MOREESF1,-39.38151596575344,ToD blocks
2021-07-18,MOREESF1,-73.40195079767227,ToD blocks
2021-07-25,MOREESF1,-0.03156141602272555,ToD blocks
2021-08-01,MOREESF1,-6.4375398801527055,ToD blocks
2021-08-08,MOREESF1,-2.22704737735382,ToD blocks
2021-08-15,MOREESF1,4.9023977106856975,ToD blocks
2021-08-22,MOREESF1,-9.459334943914723,ToD blocks
2021-08-29,MOREESF1,-8.451576186818144,ToD blocks
2021-09-05,MOREESF1,-1.757427578237131,ToD blocks
2021-09-12,MOREESF1,-3.2181990813188364,ToD blocks
2021-09-19,MOREESF1,9.298736108296715,ToD blocks
2021-09-26,MOREESF1,-5.669896458404796,ToD blocks
2021-10-03,MOREESF1,-20.27992284557534,ToD blocks
2021-10-10,MOREESF1,-7.072940604918524,ToD blocks
2021-10-17,MOREESF1,-1.9108177218713394,ToD blocks
2021-10-24,MOREESF1,-1.9715333507602395,ToD blocks
2021-10-31,MOREESF1,-3.5527963228602744,ToD blocks
2021-11-07,MOREESF1,-0.8264340658093801,ToD blocks
2021-11-14,MOREESF1,-7.390664469223211,ToD blocks
2021-11-21,MOREESF1,19.73245579864468,ToD blocks
2021-11-28,MOREESF1,7.18871185344662,ToD blocks
2021-12-05,MOREESF1,-6.024325406355629,ToD blocks
2021-12-12,MOREESF1,-1.9455160878511037,ToD blocks
2021-12-19,MOREESF1,5.993304642640524,ToD blocks
2021-12-26,MOREESF1,-2.33159837817243,ToD blocks
2022-01-02,MOREESF1,-1.163810421552654,ToD blocks
2022-01-09,MOREESF1,-0.6956293899337851,ToD blocks
2022-01-16,MOREESF1,-0.764093361830632,ToD blocks
2022-01-23,MOREESF1,-0.5401911059831974,ToD blocks
2022-01-30,MOREESF1,-1.491420910005985,ToD blocks
2022-02-06,MOREESF1,-11.959764184571043,ToD blocks
2022-02-13,MOREESF1,-2.788812851939447,ToD blocks
2022-02-20,MOREESF1,-4.076772780895496,ToD blocks
2022-02-27,MOREESF1,-7.06725392652406,ToD blocks
2022-03-06,MOREESF1,-2.5604402233937122,ToD blocks
2022-03-13,MOREESF1,-5.693773911801017,ToD blocks
2022-03-20,MOREESF1,-28.983068562731397,ToD blocks
2022-03-27,MOREESF1,-5.078724120115737,ToD blocks
2022-04-03,MOREESF1,1.2065512493123123,ToD blocks
2022-04-10,MOREESF1,-25.180542834297427,ToD blocks
2022-04-17,MOREESF1,-9.71866149246415,ToD blocks
2022-04-24,MOREESF1,-9.755095793349838,ToD blocks
2022-05-01,MOREESF1,-30.548800731006196,ToD blocks
2022-05-08,MOREESF1,-41.7470751957722,ToD blocks
2022-05-15,MOREESF1,-25.886261421096606,ToD blocks
2022-05-22,MOREESF1,-36.30582907034113,ToD blocks
2022-05-29,MOREESF1,-18.249650490885358,ToD blocks
2022-06-05,MOREESF1,-89.81260846069796,ToD blocks
2022-06-12,MOREESF1,-42.66653711251672,ToD blocks
2022-06-19,MOREESF1,2.6381282219520017,ToD blocks
2022-06-26,MOREESF1,-15.999197508778082,ToD blocks
2022-07-03,MOREESF1,-17.753890878068717,ToD blocks
2022-07-10,MOREESF1,-29.285292654419095,ToD blocks
2022-07-17,MOREESF1,-41.57112766115216,ToD blocks
2022-07-24,MOREESF1,-38.53607776617744,ToD blocks
2022-07-31,MOREESF1,-27.59334632672659,ToD blocks
2022-08-07,MOREESF1,-20.23340142962425,ToD blocks
2022-08-14,MOREESF1,-22.754404698099208,ToD blocks
2022-08-21,MOREESF1,-14.828805186066532,ToD blocks
2022-08-28,MOREESF1,-10.884878190164088,ToD blocks
2022-09-04,MOREESF1,-20.712771436726285,ToD blocks
2022-09-11,MOREESF1,-12.266000716849149,ToD blocks
2022-09-18,MOREESF1,-36.6185371559704,ToD blocks
2022-09-25,MOREESF1,-29.36325131208423,ToD blocks
2022-10-02,MOREESF1,-1.0009672053905803,ToD blocks
2022-10-09,MOREESF1,-35.94205121523211,ToD blocks
2022-10-16,MOREESF1,-4.022886634676851,ToD blocks
2022-10-23,MOREESF1,-15.018713966988841,ToD blocks
2022-10-30,MOREESF1,-10.422829664723267,ToD blocks
2022-11-06,MOREESF1,-19.954054639570252,ToD blocks
2022-11-13,MOREESF1,-7.084162956553598,ToD blocks
2022-11-20,MOREESF1,-0.4786847974699313,ToD blocks
2022-11-27,MOREESF1,-5.032337589482594,ToD blocks
2022-12-04,MOREESF1,-9.714922021959474,ToD blocks
2022-12-11,MOREESF1,-2.7787843742810097,ToD blocks
2022-12-18,MOREESF1,-5.360159341532992,ToD blocks
2022-12-25,MOREESF1,-12.334309481805334,ToD blocks
2023-01-01,MOREESF1,-0.6018977551598752,ToD blocks
2023-01-08,MOREESF1,-4.282773613610949,ToD blocks
2023-01-15,MOREESF1,-4.300375238824742,ToD blocks
2023-01-22,MOREESF1,-0.780556885449343,ToD blocks
2023-01-29,MOREESF1,-2.410909200781589,ToD blocks
2023-02-05,MOREESF1,-5.54629302356912,ToD blocks
2023-02-12,MOREESF1,-8.606144435290446,ToD blocks
2023-02-19,MOREESF1,-2.7879414651984575,ToD blocks
2023-02-26,MOREESF1,-6.476528217183777,ToD blocks
2023-03-05,MOREESF1,-2.325903183332983,ToD blocks
2023-03-12,MOREESF1,-2.5082483666585347,ToD blocks
2023-03-19,MOREESF1,-21.035687180060577,ToD blocks
2023-03-26,MOREESF1,-11.08705017579912,ToD blocks
2023-04-02,MOREESF1,-14.933581999625744,ToD blocks
2023-04-09,MOREESF1,-58.75278753329649,ToD blocks
2023-04-16,MOREESF1,-42.49003038647035,ToD blocks
2023-04-23,MOREESF1,-11.753173079051123,ToD blocks
2023-04-30,MOREESF1,-20.288461148045016,ToD blocks
2023-05-07,MOREESF1,-14.336366172838254,ToD blocks
2023-05-14,MOREESF1,-20.06847403563009,ToD blocks
2023-05-21,MOREESF1,-19.081027923289838,ToD blocks
2023-05-28,MOREESF1,-35.21631933972368,ToD blocks
2023-06-04,MOREESF1,-16.3644934690292,ToD blocks
2023-06-11,MOREESF1,-16.335593721936753,ToD blocks
2023-06-18,MOREESF1,-13.564602601136698,ToD blocks
2023-06-25,MOREESF1,-26.834965057108214,ToD blocks
2023-07-02,MOREESF1,-26.447055861651627,ToD blocks
2023-07-09,MOREESF1,-50.77302616408673,ToD blocks
2023-07-16,MOREESF1,-11.707554583954483,ToD blocks
2023-07-23,MOREESF1,-13.056003468594746,ToD blocks
2023-07-30,MOREESF1,-13.167677101859041,ToD blocks
2023-08-06,MOREESF1,-17.593306599194193,ToD blocks
2023-08-13,MOREESF1,-14.327506251907764,ToD blocks
2023-08-20,MOREESF1,-21.075435006798443,ToD blocks
2023-08-27,MOREESF1,-6.930749957054047,ToD blocks
2023-09-03,MOREESF1,-7.120053473441519,ToD blocks
2023-09-10,MOREESF1,-9.699515568623195,ToD blocks
2023-09-17,MOREESF1,-8.58811609979785,ToD blocks
2023-09-24,MOREESF1,-4.363638939776125,ToD blocks
2023-10-01,MOREESF1,-5.554337997561719,ToD blocks
2023-10-08,MOREESF1,-6.415372251212283,ToD blocks
2023-10-15,MOREESF1,-7.216715775864614,ToD blocks
2023-10-22,MOREESF1,-4.084445833396966,ToD blocks
2023-10-29,MOREESF1,-3.784787471523053,ToD blocks
2023-11-05,MOREESF1,-6.394027200294374,ToD blocks
2023-11-12,MOREESF1,-7.305757771789132,ToD blocks
2023-11-19,MOREESF1,-12.516137844962024,ToD blocks
2023-11-26,MOREESF1,-10.871066368255157,ToD blocks
2023-12-03,MOREESF1,-7.047292292512498,ToD blocks
2023-12-10,MOREESF1,-0.49246752839006547,ToD blocks
2023-12-17,MOREESF1,-2.755991549129263,ToD blocks
2023-12-24,MOREESF1,-5.051412507016693,ToD blocks
2023-12-31,MOREESF1,-1.9837867166708012,ToD blocks
2024-01-07,MOREESF1,-1.4321252473525732,ToD blocks
2024-01-14,MOREESF1,-5.151161595782774,ToD blocks
2024-01-21,MOREESF1,-2.6170570852871577,ToD blocks
2024-01-28,MOREESF1,-0.12738482933503548,ToD blocks
2024-02-04,MOREESF1,-6.752449669836565,ToD blocks
2024-02-11,MOREESF1,-13.503803722326133,ToD blocks
2024-02-18,MOREESF1,-8.255617800541152,ToD blocks
2024-02-25,MOREESF1,-3.6087885148626953,ToD blocks
2024-03-03,MOREESF1,2.8778542764098347,ToD blocks
2024-03-10,MOREESF1,-5.309084583430256,ToD blocks
2024-03-17,MOREESF1,-5.858913035190419,ToD blocks
2024-03-24,MOREESF1,-8.139459988566841,ToD blocks
2024-03-31,MOREESF1,-15.502874980596872,ToD blocks
2024-04-07,MOREESF1,-14.350209709061353,ToD blocks
2024-04-14,MOREESF1,-10.639333838313593,ToD blocks
2024-04-21,MOREESF1,-14.600361131271484,ToD blocks
2024-04-28,MOREESF1,-12.096066453649744,ToD blocks
2024-05-05,MOREESF1,-13.950840923058323,ToD blocks
2024-05-12,MOREESF1,-307.5739848033526,ToD blocks
2024-05-19,MOREESF1,-24.369218283842947,ToD blocks
2024-05-26,MOREESF1,-25.310351271807363,ToD blocks
2024-06-02,MOREESF1,-26.98146783686341,ToD blocks
2024-06-09,MOREESF1,-25.5821856766768,ToD blocks
2024-06-16,MOREESF1,-25.503821193418787,ToD blocks
2024-06-23,MOREESF1,-37.81052073066127,ToD blocks
2024-06-30,MOREESF1,-13.268721623741698,ToD blocks
2024-07-07,MOREESF1,-24.684657338323547,ToD blocks
2024-07-14,MOREESF1,-35.29099634711277,ToD blocks
2024-07-21,MOREESF1,-24.43407102565437,ToD blocks
2024-07-28,MOREESF1,-25.228505828321957,ToD blocks
2024-08-04,MOREESF1,-27.44326051568561,ToD blocks
2024-08-11,MOREESF1,-175.87207343883034,ToD blocks
2024-08-18,MOREESF1,-35.95696141770266,ToD blocks
2024-08-25,MOREESF1,-12.506151613980503,ToD blocks
2024-09-01,MOREESF1,-10.721596769454347,ToD blocks
2024-09-08,MOREESF1,-6.775337522536795,ToD blocks
2024-09-15,MOREESF1,-11.191223035472381,ToD blocks
2024-09-22,MOREESF1,-2.512988657412773,ToD blocks
2024-09-29,MOREESF1,-11.087436370160212,ToD blocks
2024-10-06,MOREESF1,-5.142489041257446,ToD blocks
2024-10-13,MOREESF1,-5.775934801376721,ToD blocks
2024-10-20,MOREESF1,-29.022668331376323,ToD blocks
2024-10-27,MOREESF1,-10.005970438782416,ToD blocks
2024-11-03,MOREESF1,-3.066359410196007,ToD blocks
2024-11-10,MOREESF1,-92.46711238830635,ToD blocks
2024-11-17,MOREESF1,-14.330824158677828,ToD blocks
2024-11-24,MOREESF1,-11.573409953214053,ToD blocks
2024-12-01,MOREESF1,-107.40376979957875,ToD blocks
2024-12-08,MOREESF1,-34.50973734143565,ToD blocks
2024-12-15,MOREESF1,-16.76483012192118,ToD blocks
2024-12-22,MOREESF1,-6.240390397790833,ToD blocks
2024-12-29,MOREESF1,-1.8830050072583653,ToD blocks
2025-01-05,MOREESF1,-9.68074354977243,ToD blocks
2020-01-05,NEVERSF1,105.56387593059839,ToD blocks
2020-01-12,NEVERSF1,-0.3059990468493652,ToD blocks
2020-01-19,NEVERSF1,-0.5811109055321992,ToD blocks
2020-01-26,NEVERSF1,3.3128173864226653,ToD blocks
2020-02-02,NEVERSF1,167.44846639372543,ToD blocks
2020-02-09,NEVERSF1,0.6856454796202485,ToD blocks
2020-02-16,NEVERSF1,-0.1717276642672516,ToD blocks
2020-02-23,NEVERSF1,-1.481341122175884,ToD blocks
2020-03-01,NEVERSF1,8.60593573184235,ToD blocks
2020-03-08,NEVERSF1,-5.910392038702085,ToD blocks
2020-03-15,NEVERSF1,-1.9862197008090448,ToD blocks
2020-03-22,NEVERSF1,4.901881400619239,ToD blocks
2020-03-29,NEVERSF1,-1.9463963247803733,ToD blocks
2020-04-05,NEVERSF1,-6.37062437231792,ToD blocks
2020-04-12,NEVERSF1,-1.7595117984811708,ToD blocks
2020-04-19,NEVERSF1,-1.5943703882570972,ToD blocks
2020-04-26,NEVERSF1,9.70349548171367,ToD blocks
2020-05-03,NEVERSF1,-5.996124487270485,ToD blocks
2020-05-10,NEVERSF1,3.1741307831289056,ToD blocks
2020-05-17,NEVERSF1,-1.1951531451517639,ToD blocks
2020-05-24,NEVERSF1,-1.60214252559323,ToD blocks
2020-05-31,NEVERSF1,-1.8868631520250077,ToD blocks
2020-06-07,NEVERSF1,-1.232685808896619,ToD blocks
2020-06-14,NEVERSF1,-6.013384465330184,ToD blocks
2020-06-21,NEVERSF1,-0.9435186964833449,ToD blocks
2020-06-28,NEVERSF1,-2.01399416898321,ToD blocks
2020-07-05,NEVERSF1,-1.388856344434089,ToD blocks
2020-07-12,NEVERSF1,-0.8240607325712972,ToD blocks
2020-07-19,NEVERSF1,-4.217499591044536,ToD blocks
2020-07-26,NEVERSF1,-7.228711525549485,ToD blocks
2020-08-02,NEVERSF1,-3.090530608713429,ToD blocks
2020-08-09,NEVERSF1,-6.003242173943079,ToD blocks
2020-08-16,NEVERSF1,-6.038117181651586,ToD blocks
2020-08-23,NEVERSF1,-2.2368038087236,ToD blocks
2020-08-30,NEVERSF1,-3.338753968137631,ToD blocks
2020-09-06,NEVERSF1,-3.776335002104858,ToD blocks
2020-09-13,NEVERSF1,-1.500272011383089,ToD blocks
2020-09-20,NEVERSF1,-0.17855395107030603,ToD blocks
2020-09-27,NEVERSF1,-1.9193416113605934,ToD blocks
2020-10-04,NEVERSF1,-1.8263390925863732,ToD blocks
2020-10-11,NEVERSF1,-16.63351363653446,ToD blocks
2020-10-18,NEVERSF1,-1.448781152116993,ToD blocks
2020-10-25,NEVERSF1,-29.106542298201703,ToD blocks
2020-11-01,NEVERSF1,-4.469315681355297,ToD blocks
2020-11-08,NEVERSF1,-1.830246644224772,ToD blocks
2020-11-15,NEVERSF1,-1.0905313702256763,ToD blocks
2020-11-22,NEVERSF1,5.7882890832002545,ToD blocks
2020-11-29,NEVERSF1,-4.989814618103452,ToD blocks
2020-12-06,NEVERSF1,-0.4350042611903717,ToD blocks
2020-12-13,NEVERSF1,-0.6771090408160276,ToD blocks
2020-12-20,NEVERSF1,14.467270688620829,ToD blocks
2020-12-27,NEVERSF1,-3.3083970972910706,ToD blocks
2021-01-03,NEVERSF1,0.0331012964265085,ToD blocks
2021-01-10,NEVERSF1,-0.3728266147828734,ToD blocks
2021-01-17,NEVERSF1,-4.380302116971976,ToD blocks
2021-01-24,NEVERSF1,-0.273891817288451,ToD blocks
2021-01-31,NEVERSF1,-0.6374623862665629,ToD blocks
2021-02-07,NEVERSF1,-0.6567186155317373,ToD blocks
2021-02-14,NEVERSF1,-0.6932471152268747,ToD blocks
2021-02-21,NEVERSF1,-0.4104769737374312,ToD blocks
2021-02-28,NEVERSF1,-1.103263837537039,ToD blocks
2021-03-07,NEVERSF1,-1.6489421446728976,ToD blocks
2021-03-14,NEVERSF1,-1.0785889341232888,ToD blocks
2021-03-21,NEVERSF1,-3.250400871741789,ToD blocks
2021-03-28,NEVERSF1,-11.796943369254912,ToD blocks
2021-04-04,NEVERSF1,-5.054003529175382,ToD blocks
2021-04-11,NEVERSF1,-2.651681193748022,ToD blocks
2021-04-18,NEVERSF1,-3.62503284852054,ToD blocks
2021-04-25,NEVERSF1,-7.060487790365407,ToD blocks
2021-05-02,NEVERSF1,-7.492768356042582,ToD blocks
2021-05-09,NEVERSF1,-5.145537606258891,ToD blocks
2021-05-16,NEVERSF1,-6.422546275572429,ToD blocks
2021-05-23,NEVERSF1,-62.31054919574327,ToD blocks
2021-05-30,NEVERSF1,-60.72568694728753,ToD blocks
2021-06-06,NEVERSF1,-33.77925092033112,ToD blocks
2021-06-13,NEVERSF1,-47.34394430704194,ToD blocks
2021-06-20,NEVERSF1,-26.806392888474775,ToD blocks
2021-06-27,NEVERSF1,-13.80895632101786,ToD blocks
2021-07-04,NEVERSF1,-13.566724012110491,ToD blocks
2021-07-11,NEVERSF1,-30.024199641931403,ToD blocks
2021-07-18,NEVERSF1,-29.160237511581784,ToD blocks
2021-07-25,NEVERSF1,-16.77905246004559,ToD blocks
2021-08-01,NEVERSF1,-6.108673284236787,ToD blocks
2021-08-08,NEVERSF1,-2.484262862244009,ToD blocks
2021-08-15,NEVERSF1,-0.9920246949694587,ToD blocks
2021-08-22,NEVERSF1,-4.593072314913105,ToD blocks
2021-08-29,NEVERSF1,-9.36257147268281,ToD blocks
2021-09-05,NEVERSF1,-8.791084056291588,ToD blocks
2021-09-12,NEVERSF1,-2.000143194124469,ToD blocks
2021-09-19,NEVERSF1,-4.271146410236025,ToD blocks
2021-09-26,NEVERSF1,-2.4271865194541746,ToD blocks
2021-10-03,NEVERSF1,-1.3405357639223894,ToD blocks
2021-10-10,NEVERSF1,1.1013491202309904,ToD blocks
2021-10-17,NEVERSF1,-8.996862774943963,ToD blocks
2021-10-24,NEVERSF1,-2.529109370960157,ToD blocks
2021-10-31,NEVERSF1,-6.08149334507722,ToD blocks
2021-11-07,NEVERSF1,-4.867165727437737,ToD blocks
2021-11-14,NEVERSF1,-8.660178867115391,ToD blocks
2021-11-21,NEVERSF1,5.326591593053024,ToD blocks
2021-11-28,NEVERSF1,-8.287482177066593,ToD blocks
2021-12-05,NEVERSF1,-6.247790694364738,ToD blocks
2021-12-12,NEVERSF1,-3.6185700905411338,ToD blocks
2021-12-19,NEVERSF1,-2.0514645281344173,ToD blocks
2021-12-26,NEVERSF1,0.41249902808600325,ToD blocks
2022-01-02,NEVERSF1,-1.7174161473531626,ToD blocks
2022-01-09,NEVERSF1,-1.1028354632701394,ToD blocks
2022-01-16,NEVERSF1,-2.618838492795774,ToD blocks
2022-01-23,NEVERSF1,-4.656221311318546,ToD blocks
2022-01-30,NEVERSF1,-1.3894410054538042,ToD blocks
2022-02-06,NEVERSF1,-7.457918971164432,ToD blocks
2022-02-13,NEVERSF1,-4.418542155702617,ToD blocks
2022-02-20,NEVERSF1,-4.47439946542562,ToD blocks
2022-02-27,NEVERSF1,6.962854089402342,ToD blocks
2022-03-06,NEVERSF1,-4.380074613458504,ToD blocks
2022-03-13,NEVERSF1,-10.711011070133111,ToD blocks
2022-03-20,NEVERSF1,-8.751074134601694,ToD blocks
2022-03-27,NEVERSF1,-5.508793224433404,ToD blocks
2022-04-03,NEVERSF1,-9.43090447593086,ToD blocks
2022-04-10,NEVERSF1,-26.329263239478507,ToD blocks
2022-04-17,NEVERSF1,-12.200313433169555,ToD blocks
2022-04-24,NEVERSF1,-22.402799518470033,ToD blocks
2022-05-01,NEVERSF1,-23.191320239813194,ToD blocks
2022-05-08,NEVERSF1,-41.45480448408628,ToD blocks
2022-05-15,NEVERSF1,-26.402673804401786,ToD blocks
2022-05-22,NEVERSF1,-20.51209310511905,ToD blocks
2022-05-29,NEVERSF1,-23.332548951677893,ToD blocks
2022-06-05,NEVERSF1,-42.0951144516045,ToD blocks
2022-06-12,NEVERSF1,-37.705300674471914,ToD blocks
2022-06-19,NEVERSF1,-9.664925720310066,ToD blocks
2022-06-26,NEVERSF1,-25.925414280900327,ToD blocks
2022-07-03,NEVERSF1,-12.980532792711358,ToD blocks
2022-07-10,NEVERSF1,-31.944746588930343,ToD blocks
2022-07-17,NEVERSF1,-70.39825936081724,ToD blocks
2022-07-24,NEVERSF1,-42.430982675790034,ToD blocks
2022-07-31,NEVERSF1,-29.360395406612042,ToD blocks
2022-08-07,NEVERSF1,-18.34180417796574,ToD blocks
2022-08-14,NEVERSF1,-25.806985917873092,ToD blocks
2022-08-21,NEVERSF1,-14.491321505276062,ToD blocks
2022-08-28,NEVERSF1,-19.887089901341213,ToD blocks
2022-09-04,NEVERSF1,-18.03926211306465,ToD blocks
2022-09-11,NEVERSF1,-14.56943926676675,ToD blocks
2022-09-18,NEVERSF1,-24.55195525856186,ToD blocks
2022-09-25,NEVERSF1,-30.103658072935062,ToD blocks
2022-10-02,NEVERSF1,-10.634261724335985,ToD blocks
2022-10-09,NEVERSF1,-42.0043040357553,ToD blocks
2022-10-16,NEVERSF1,-13.300339219544057,ToD blocks
2022-10-23,NEVERSF1,-14.396544923259057,ToD blocks
2022-10-30,NEVERSF1,5.478437603604718,ToD blocks
2022-11-06,NEVERSF1,-11.827551691684071,ToD blocks
2022-11-13,NEVERSF1,-14.81429503060589,ToD blocks
2022-11-20,NEVERSF1,-5.623069987228497,ToD blocks
2022-11-27,NEVERSF1,-7.149275921968275,ToD blocks
2022-12-04,NEVERSF1,-8.627513710205264,ToD blocks
2022-12-11,NEVERSF1,-11.147361302635794,ToD blocks
2022-12-18,NEVERSF1,-18.016624063775133,ToD blocks
2022-12-25,NEVERSF1,-12.442558279908091,ToD blocks
2023-01-01,NEVERSF1,-6.264541292906806,ToD blocks
2023-01-08,NEVERSF1,-3.4746474762663055,ToD blocks
2023-01-15,NEVERSF1,-3.4138442366211024,ToD blocks
2023-01-22,NEVERSF1,0.388710529459388,ToD blocks
2023-01-29,NEVERSF1,-11.72348303978707,ToD blocks
2023-02-05,NEVERSF1,-0.02887667066438837,ToD blocks
2023-02-12,NEVERSF1,-1.3775544291117114,ToD blocks
2023-02-19,NEVERSF1,-5.148756199914814,ToD blocks
2023-02-26,NEVERSF1,3.1842341674115175,ToD blocks
2023-03-05,NEVERSF1,-1.7312617828358867,ToD blocks
2023-03-12,NEVERSF1,-5.508463892371381,ToD blocks
2023-03-19,NEVERSF1,-22.55766323567991,ToD blocks
2023-03-26,NEVERSF1,-8.27860005526702,ToD blocks
2023-04-02,NEVERSF1,-28.10947690999913,ToD blocks
2023-04-09,NEVERSF1,15.478977525619719,ToD blocks
2023-04-16,NEVERSF1,-12.28131794440727,ToD blocks
2023-04-23,NEVERSF1,-12.205472005816873,ToD blocks
2023-04-30,NEVERSF1,-22.787188906350295,ToD blocks
2023-05-07,NEVERSF1,-23.113564934483776,ToD blocks
2023-05-14,NEVERSF1,-21.552587287575506,ToD blocks
2023-05-21,NEVERSF1,-14.733646057890567,ToD blocks
2023-05-28,NEVERSF1,-33.02937828275009,ToD blocks
2023-06-04,NEVERSF1,-21.13046644671735,ToD blocks
2023-06-11,NEVERSF1,-19.385559935195374,ToD blocks
2023-06-18,NEVERSF1,-15.884513379150313,ToD blocks
2023-06-25,NEVERSF1,-29.064789197786347,ToD blocks
2023-07-02,NEVERSF1,-23.970786930975528,ToD blocks
2023-07-09,NEVERSF1,-48.558688277149045,ToD blocks
2023-07-16,NEVERSF1,-17.442333379720516,ToD blocks
2023-07-23,NEVERSF1,-17.490995380913255,ToD blocks
2023-07-30,NEVERSF1,-11.77366067512392,ToD blocks
2023-08-06,NEVERSF1,-13.396728909932541,ToD blocks
2023-08-13,NEVERSF1,-16.262673640906407,ToD blocks
2023-08-20,NEVERSF1,-19.252413793291467,ToD blocks
2023-08-27,NEVERSF1,-13.283462982797587,ToD blocks
2023-09-03,NEVERSF1,-10.063977198632088,ToD blocks
2023-09-10,NEVERSF1,-7.215628332568495,ToD blocks
2023-09-17,NEVERSF1,0.9928265339722593,ToD blocks
2023-09-24,NEVERSF1,-5.238028953107628,ToD blocks
2023-10-01,NEVERSF1,-0.7004554180384446,ToD blocks
2023-10-08,NEVERSF1,-14.279946312379096,ToD blocks
2023-10-15,NEVERSF1,-9.915855814580313,ToD blocks
2023-10-22,NEVERSF1,0.05409849097027397,ToD blocks
2023-10-29,NEVERSF1,-7.06137111072857,ToD blocks
2023-11-05,NEVERSF1,-4.114364321797755,ToD blocks
2023-11-12,NEVERSF1,-19.787826800276086,ToD blocks
2023-11-19,NEVERSF1,-14.302886091624778,ToD blocks
2023-11-26,NEVERSF1,-6.876036208482823,ToD blocks
2023-12-03,NEVERSF1,-10.136367105307293,ToD blocks
2023-12-10,NEVERSF1,-20.236809603476026,ToD blocks
2023-12-17,NEVERSF1,-8.350925776362217,ToD blocks
2023-12-24,NEVERSF1,-2.9354811054645324,ToD blocks
2023-12-31,NEVERSF1,-6.3944489521867816,ToD blocks
2024-01-07,NEVERSF1,-2.071793301355342,ToD blocks
2024-01-14,NEVERSF1,-3.8227461108467438,ToD blocks
2024-01-21,NEVERSF1,-8.085182452559735,ToD blocks
2024-01-28,NEVERSF1,-3.1613439907281062,ToD blocks
2024-02-04,NEVERSF1,3.8217818450582826,ToD blocks
2024-02-11,NEVERSF1,-15.533312007043286,ToD blocks
2024-02-18,NEVERSF1,-5.4268211218209075,ToD blocks
2024-02-25,NEVERSF1,-7.702884150650078,ToD blocks
2024-03-03,NEVERSF1,-172.93122792698654,ToD blocks
2024-03-10,NEVERSF1,-5.729369831345437,ToD blocks
2024-03-17,NEVERSF1,-5.973690800651816,ToD blocks
2024-03-24,NEVERSF1,-8.497827243106286,ToD blocks
2024-03-31,NEVERSF1,-9.296537757851905,ToD blocks
2024-04-07,NEVERSF1,-13.202446270948975,ToD blocks
2024-04-14,NEVERSF1,-8.637873067172645,ToD blocks
2024-04-21,NEVERSF1,-9.967882589077533,ToD blocks
2024-04-28,NEVERSF1,-13.21651665204768,ToD blocks
2024-05-05,NEVERSF1,-24.887926359991212,ToD blocks
2024-05-12,NEVERSF1,-188.5341137804345,ToD blocks
2024-05-19,NEVERSF1,-25.54070834394126,ToD blocks
2024-05-26,NEVERSF1,-32.14388187918793,ToD blocks
2024-06-02,NEVERSF1,-18.28244417019863,ToD blocks
2024-06-09,NEVERSF1,-24.442282284248066,ToD blocks
2024-06-16,NEVERSF1,-34.62966247925614,ToD blocks
2024-06-23,NEVERSF1,-43.25060856820633,ToD blocks
2024-06-30,NEVERSF1,-20.45117177952993,ToD blocks
2024-07-07,NEVERSF1,-26.57455146730446,ToD blocks
2024-07-14,NEVERSF1,-30.86953437063677,ToD blocks
2024-07-21,NEVERSF1,-24.361233111401205,ToD blocks
2024-07-28,NEVERSF1,-17.806075024856604,ToD blocks
2024-08-04,NEVERSF1,-29.084811187962956,ToD blocks
2024-08-11,NEVERSF1,-191.8016201959172,ToD blocks
2024-08-18,NEVERSF1,-16.781687774831767,ToD blocks
2024-08-25,NEVERSF1,-16.32109735227519,ToD blocks
2024-09-01,NEVERSF1,-3.1941982557163406,ToD blocks
2024-09-08,NEVERSF1,-8.410640194320639,ToD blocks
2024-09-15,NEVERSF1,1.1278514028284263,ToD blocks
2024-09-22,NEVERSF1,2.671149202768582,ToD blocks
2024-09-29,NEVERSF1,-15.234692026366286,ToD blocks
2024-10-06,NEVERSF1,9.669095552912284,ToD blocks
2024-10-13,NEVERSF1,6.890592107278266,ToD blocks
2024-10-20,NEVERSF1,-19.60375616544477,ToD blocks
2024-10-27,NEVERSF1,-16.189932125836354,ToD blocks
2024-11-03,NEVERSF1,-1.7311152057245636,ToD blocks
2024-11-10,NEVERSF1,-107.8203153519783,ToD blocks
2024-11-17,NEVERSF1,-4.8792831520164555,ToD blocks
2024-11-24,NEVERSF1,8.09784435802672,ToD blocks
2024-12-01,NEVERSF1,-230.00672836610218,ToD blocks
2024-12-08,NEVERSF1,-57.88233226813429,ToD blocks
2024-12-15,NEVERSF1,-5.219608351971445,ToD blocks
2024-12-22,NEVERSF1,0.254120320430431,ToD blocks
2024-12-29,NEVERSF1,5.639935809129069,ToD blocks
2025-01-05,NEVERSF1,-3.1239297719008263,ToD blocks
2020-01-05,NYNGAN1,-141.41998652729268,ToD blocks
2020-01-12,NYNGAN1,-1.099444199555542,ToD blocks
2020-01-19,NYNGAN1,-1.1218273300496975,ToD blocks
2020-01-26,NYNGAN1,-14.950281455769982,ToD blocks
2020-02-02,NYNGAN1,-55.91571831427592,ToD blocks
2020-02-09,NYNGAN1,-0.3798985607463621,ToD blocks
2020-02-16,NYNGAN1,-0.3439262455129679,ToD blocks
2020-02-23,NYNGAN1,-0.19442415477869446,ToD blocks
2020-03-01,NYNGAN1,-2.2120186154511856,ToD blocks
2020-03-08,NYNGAN1,-4.202492778712951,ToD blocks
2020-03-15,NYNGAN1,-1.7189747440130745,ToD blocks
2020-03-22,NYNGAN1,-1.846705465719289,ToD blocks
2020-03-29,NYNGAN1,-0.20905247580418518,ToD blocks
2020-04-05,NYNGAN1,-5.854446053158249,ToD blocks
2020-04-12,NYNGAN1,-2.945642488818706,ToD blocks
2020-04-19,NYNGAN1,-1.4136055612668628,ToD blocks
2020-04-26,NYNGAN1,-4.575167702647359,ToD blocks
2020-05-03,NYNGAN1,-2.1230358554261315,ToD blocks
2020-05-10,NYNGAN1,-1.771526280829466,ToD blocks
2020-05-17,NYNGAN1,-2.278466201513851,ToD blocks
2020-05-24,NYNGAN1,0.2424813397955603,ToD blocks
2020-05-31,NYNGAN1,-2.2499431841387647,ToD blocks
2020-06-07,NYNGAN1,-0.9032860039277182,ToD blocks
2020-06-14,NYNGAN1,-3.666188763941676,ToD blocks
2020-06-21,NYNGAN1,-1.1099617834946613,ToD blocks
2020-06-28,NYNGAN1,-1.3912444644902706,ToD blocks
2020-07-05,NYNGAN1,-1.2552191316946733,ToD blocks
2020-07-12,NYNGAN1,-1.1774661396123633,ToD blocks
2020-07-19,NYNGAN1,-3.4974893699592116,ToD blocks
2020-07-26,NYNGAN1,-5.927433797368458,ToD blocks
2020-08-02,NYNGAN1,-2.517064040219033,ToD blocks
2020-08-09,NYNGAN1,-6.35614823897324,ToD blocks
2020-08-16,NYNGAN1,-6.030150398512767,ToD blocks
2020-08-23,NYNGAN1,-1.8544127795047345,ToD blocks
2020-08-30,NYNGAN1,-4.174846668077684,ToD blocks
2020-09-06,NYNGAN1,-2.8019904765096584,ToD blocks
2020-09-13,NYNGAN1,-1.9320461419198551,ToD blocks
2020-09-20,NYNGAN1,-1.8104700255334478,ToD blocks
2020-09-27,NYNGAN1,-1.520193162858341,ToD blocks
2020-10-04,NYNGAN1,-2.3159708742303984,ToD blocks
2020-10-11,NYNGAN1,-19.222667404197864,ToD blocks
2020-10-18,NYNGAN1,-1.8366004101995372,ToD blocks
2020-10-25,NYNGAN1,-31.643360493908418,ToD blocks
2020-11-01,NYNGAN1,-4.146069444503993,ToD blocks
2020-11-08,NYNGAN1,-2.1211394666448626,ToD blocks
2020-11-15,NYNGAN1,-1.9546003759359394,ToD blocks
2020-11-22,NYNGAN1,-8.932663384418277,ToD blocks
2020-11-29,NYNGAN1,-13.226687713473218,ToD blocks
2020-12-06,NYNGAN1,-12.950595625616472,ToD blocks
2020-12-13,NYNGAN1,-0.9243625455970275,ToD blocks
2020-12-20,NYNGAN1,-10.188401725430253,ToD blocks
2020-12-27,NYNGAN1,-4.3936746429819316,ToD blocks
2021-01-03,NYNGAN1,-0.7616388526291971,ToD blocks
2021-01-10,NYNGAN1,-0.5671266281595848,ToD blocks
2021-01-17,NYNGAN1,-3.654424752076963,ToD blocks
2021-01-24,NYNGAN1,-1.8085901650424674,ToD blocks
2021-01-31,NYNGAN1,-0.7034682179348479,ToD blocks
2021-02-07,NYNGAN1,-0.9885119726286788,ToD blocks
2021-02-14,NYNGAN1,-0.7520139109062356,ToD blocks
2021-02-21,NYNGAN1,-0.6060240864663129,ToD blocks
2021-02-28,NYNGAN1,-1.0254922202794567,ToD blocks
2021-03-07,NYNGAN1,-2.3206817130827844,ToD blocks
2021-03-14,NYNGAN1,-0.8859650689284777,ToD blocks
2021-03-21,NYNGAN1,-2.2442729424420023,ToD blocks
2021-03-28,NYNGAN1,-9.862346592945833,ToD blocks
2021-04-04,NYNGAN1,-4.041839388611017,ToD blocks
2021-04-11,NYNGAN1,-2.973685128660321,ToD blocks
2021-04-18,NYNGAN1,-3.6239817283527955,ToD blocks
2021-04-25,NYNGAN1,-7.08281055895187,ToD blocks
2021-05-02,NYNGAN1,-7.889906779948639,ToD blocks
2021-05-09,NYNGAN1,-5.863715660335437,ToD blocks
2021-05-16,NYNGAN1,-6.360515922475841,ToD blocks
2021-05-23,NYNGAN1,-59.87410722583901,ToD blocks
2021-05-30,NYNGAN1,-59.8136797869933,ToD blocks
2021-06-06,NYNGAN1,-39.37547206972397,ToD blocks
2021-06-13,NYNGAN1,-43.68028618247594,ToD blocks
2021-06-20,NYNGAN1,-19.7682701820668,ToD blocks
2021-06-27,NYNGAN1,-6.168510678880352,ToD blocks
2021-07-04,NYNGAN1,-14.848586928526764,ToD blocks
2021-07-11,NYNGAN1,-28.91263704619044,ToD blocks
2021-07-18,NYNGAN1,-36.593261623195886,ToD blocks
2021-07-25,NYNGAN1,-15.694283786089073,ToD blocks
2021-08-01,NYNGAN1,-6.085286982090572,ToD blocks
2021-08-08,NYNGAN1,-3.5799030885632064,ToD blocks
2021-08-15,NYNGAN1,-3.0568480037086445,ToD blocks
2021-08-22,NYNGAN1,-5.5241172958087965,ToD blocks
2021-08-29,NYNGAN1,-3.7811898842006,ToD blocks
2021-09-05,NYNGAN1,-9.784869398590576,ToD blocks
2021-09-12,NYNGAN1,-5.53837203937072,ToD blocks
2021-09-19,NYNGAN1,-5.588419382343314,ToD blocks
2021-09-26,NYNGAN1,-2.954741894952562,ToD blocks
2021-10-03,NYNGAN1,-8.459733137101313,ToD blocks
2021-10-10,NYNGAN1,-8.137590720618944,ToD blocks
2021-10-17,NYNGAN1,-11.143105703323634,ToD blocks
2021-10-24,NYNGAN1,-5.535218189909081,ToD blocks
2021-10-31,NYNGAN1,-7.6563021556649105,ToD blocks
2021-11-07,NYNGAN1,-4.81087447724682,ToD blocks
2021-11-14,NYNGAN1,-8.190721009386898,ToD blocks
2021-11-21,NYNGAN1,-7.735822783861906,ToD blocks
2021-11-28,NYNGAN1,0.5268390498671351,ToD blocks
2021-12-05,NYNGAN1,-3.559508110292903,ToD blocks
2021-12-12,NYNGAN1,-3.2622119693252642,ToD blocks
2021-12-19,NYNGAN1,-3.5259884302801225,ToD blocks
2021-12-26,NYNGAN1,-0.3553441735573557,ToD blocks
2022-01-02,NYNGAN1,-2.366422739156512,ToD blocks
2022-01-09,NYNGAN1,-0.15991298397437959,ToD blocks
2022-01-16,NYNGAN1,-3.1633956794109395,ToD blocks
2022-01-23,NYNGAN1,-2.20440647823996,ToD blocks
2022-01-30,NYNGAN1,-1.652459761071114,ToD blocks
2022-02-06,NYNGAN1,-14.275455754925282,ToD blocks
2022-02-13,NYNGAN1,-4.080571790566474,ToD blocks
2022-02-20,NYNGAN1,-3.7145009702952763,ToD blocks
2022-02-27,NYNGAN1,2.234988712435225,ToD blocks
2022-03-06,NYNGAN1,-2.4538009301474233,ToD blocks
2022-03-13,NYNGAN1,-8.08731553827731,ToD blocks
2022-03-20,NYNGAN1,-10.487369540124973,ToD blocks
2022-03-27,NYNGAN1,-3.8844528228974013,ToD blocks
2022-04-03,NYNGAN1,-10.169018884279879,ToD blocks
2022-04-10,NYNGAN1,-29.898766072691842,ToD blocks
2022-04-17,NYNGAN1,-15.038219421339647,ToD blocks
2022-04-24,NYNGAN1,-21.980885159140385,ToD blocks
2022-05-01,NYNGAN1,-20.466362011918562,ToD blocks
2022-05-08,NYNGAN1,-42.09072775399599,ToD blocks
2022-05-15,NYNGAN1,-22.903695761263236,ToD blocks
2022-05-22,NYNGAN1,-22.598153916573892,ToD blocks
2022-05-29,NYNGAN1,-24.82489639599305,ToD blocks
2022-06-05,NYNGAN1,-70.69757088948444,ToD blocks
2022-06-12,NYNGAN1,-32.56625553001078,ToD blocks
2022-06-19,NYNGAN1,-9.396403594382207,ToD blocks
2022-06-26,NYNGAN1,-24.794442115292497,ToD blocks
2022-07-03,NYNGAN1,-11.420652609776198,ToD blocks
2022-07-10,NYNGAN1,-34.39968252857983,ToD blocks
2022-07-17,NYNGAN1,-57.87173411502101,ToD blocks
2022-07-24,NYNGAN1,-46.00762268359151,ToD blocks
2022-07-31,NYNGAN1,-25.890425302197485,ToD blocks
2022-08-07,NYNGAN1,-17.851291710505322,ToD blocks
2022-08-14,NYNGAN1,-26.39841325532383,ToD blocks
2022-08-21,NYNGAN1,-13.915342570139046,ToD blocks
2022-08-28,NYNGAN1,-19.93029721257382,ToD blocks
2022-09-04,NYNGAN1,-17.03903218274732,ToD blocks
2022-09-11,NYNGAN1,-19.428272720272076,ToD blocks
2022-09-18,NYNGAN1,-31.26456839288567,ToD blocks
2022-09-25,NYNGAN1,-36.10928351111864,ToD blocks
2022-10-02,NYNGAN1,-11.442825558417582,ToD blocks
2022-10-09,NYNGAN1,-41.28018420145793,ToD blocks
2022-10-16,NYNGAN1,-12.089244344547993,ToD blocks
2022-10-23,NYNGAN1,-12.779734944557305,ToD blocks
2022-10-30,NYNGAN1,-15.287725832276486,ToD blocks
2022-11-06,NYNGAN1,-16.98607249536385,ToD blocks
2022-11-13,NYNGAN1,-14.753143601027311,ToD blocks
2022-11-20,NYNGAN1,-7.822001239372753,ToD blocks
2022-11-27,NYNGAN1,-9.082118273934945,ToD blocks
2022-12-04,NYNGAN1,-9.343231659075485,ToD blocks
2022-12-11,NYNGAN1,-12.345147362919157,ToD blocks
2022-12-18,NYNGAN1,-8.597591181043299,ToD blocks
2022-12-25,NYNGAN1,-15.42870444257677,ToD blocks
2023-01-01,NYNGAN1,-9.184098376692646,ToD blocks
2023-01-08,NYNGAN1,-14.261594031587933,ToD blocks
2023-01-15,NYNGAN1,-5.8022781768404315,ToD blocks
2023-01-22,NYNGAN1,0.08850405967852737,ToD blocks
2023-01-29,NYNGAN1,-15.244978554553526,ToD blocks
2023-02-05,NYNGAN1,-7.225104477428246,ToD blocks
2023-02-12,NYNGAN1,-2.9716492150551375,ToD blocks
2023-02-19,NYNGAN1,-6.801982367153343,ToD blocks
2023-02-26,NYNGAN1,-5.5294271737939695,ToD blocks
2023-03-05,NYNGAN1,-2.9248555250593853,ToD blocks
2023-03-12,NYNGAN1,-5.8183373297864165,ToD blocks
2023-03-19,NYNGAN1,-15.330122772407137,ToD blocks
2023-03-26,NYNGAN1,-6.201656178011376,ToD blocks
2023-04-02,NYNGAN1,-24.775622959038614,ToD blocks
2023-04-09,NYNGAN1,9.840617408844729,ToD blocks
2023-04-16,NYNGAN1,-13.355797273647973,ToD blocks
2023-04-23,NYNGAN1,-11.884187010734436,ToD blocks
2023-04-30,NYNGAN1,-36.65468016333258,ToD blocks
2023-05-07,NYNGAN1,-15.659770220414941,ToD blocks
2023-05-14,NYNGAN1,-21.237037183494706,ToD blocks
2023-05-21,NYNGAN1,-16.71084359001827,ToD blocks
2023-05-28,NYNGAN1,-29.026279531655817,ToD blocks
2023-06-04,NYNGAN1,-22.324553332383715,ToD blocks
2023-06-11,NYNGAN1,-21.089469987733253,ToD blocks
2023-06-18,NYNGAN1,-17.315741306924807,ToD blocks
2023-06-25,NYNGAN1,-30.362854500521692,ToD blocks
2023-07-02,NYNGAN1,-28.133641358536664,ToD blocks
2023-07-09,NYNGAN1,-54.02354516106224,ToD blocks
2023-07-16,NYNGAN1,-17.978020030210633,ToD blocks
2023-07-23,NYNGAN1,-16.992035127553038,ToD blocks
2023-07-30,NYNGAN1,-10.384449851803332,ToD blocks
2023-08-06,NYNGAN1,-12.399051962077607,ToD blocks
2023-08-13,NYNGAN1,-16.65061238329433,ToD blocks
2023-08-20,NYNGAN1,-17.022425284989446,ToD blocks
2023-08-27,NYNGAN1,-11.017468721762867,ToD blocks
2023-09-03,NYNGAN1,-11.516409330189468,ToD blocks
2023-09-10,NYNGAN1,-9.713220717928232,ToD blocks
2023-09-17,NYNGAN1,-10.58068634508,ToD blocks
2023-09-24,NYNGAN1,-6.092467210078963,ToD blocks
2023-10-01,NYNGAN1,-9.703329093242232,ToD blocks
2023-10-08,NYNGAN1,-15.761629675212948,ToD blocks
2023-10-15,NYNGAN1,-11.991626552673258,ToD blocks
2023-10-22,NYNGAN1,-7.062334798774377,ToD blocks
2023-10-29,NYNGAN1,-10.455089352619439,ToD blocks
2023-11-05,NYNGAN1,-21.224348087309487,ToD blocks
2023-11-12,NYNGAN1,-32.94301109420219,ToD blocks
2023-11-19,NYNGAN1,-14.63503403902994,ToD blocks
2023-11-26,NYNGAN1,-6.675156586180769,ToD blocks
2023-12-03,NYNGAN1,-9.546665933884448,ToD blocks
2023-12-10,NYNGAN1,2.2498906909954286,ToD blocks
2023-12-17,NYNGAN1,-2.7279900615028225,ToD blocks
2023-12-24,NYNGAN1,-0.5949580174538553,ToD blocks
2023-12-31,NYNGAN1,-7.07282574991387,ToD blocks
2024-01-07,NYNGAN1,-2.2580295665366137,ToD blocks
2024-01-14,NYNGAN1,-1.3275159170062238,ToD blocks
2024-01-21,NYNGAN1,-6.684093077347853,ToD blocks
2024-01-28,NYNGAN1,-2.478320611041937,ToD blocks
2024-02-04,NYNGAN1,-3.8009990786589753,ToD blocks
2024-02-11,NYNGAN1,-20.006754283123684,ToD blocks
2024-02-18,NYNGAN1,-4.533885997322585,ToD blocks
2024-02-25,NYNGAN1,-6.98906227315824,ToD blocks
2024-03-03,NYNGAN1,-163.1298352630503,ToD blocks
2024-03-10,NYNGAN1,-6.0855982475319905,ToD blocks
2024-03-17,NYNGAN1,-4.014372893353865,ToD blocks
2024-03-24,NYNGAN1,-11.940255058039138,ToD blocks
2024-03-31,NYNGAN1,-9.705574385085733,ToD blocks
2024-04-07,NYNGAN1,-11.08372006607889,ToD blocks
2024-04-14,NYNGAN1,-10.70307279575928,ToD blocks
2024-04-21,NYNGAN1,-10.523887787074202,ToD blocks
2024-04-28,NYNGAN1,-15.885630228741533,ToD blocks
2024-05-05,NYNGAN1,-23.31568758567728,ToD blocks
2024-05-12,NYNGAN1,-212.4469673974835,ToD blocks
2024-05-19,NYNGAN1,-25.567353263308476,ToD blocks
2024-05-26,NYNGAN1,-33.230832799630136,ToD blocks
2024-06-02,NYNGAN1,-18.410408520866696,ToD blocks
2024-06-09,NYNGAN1,-33.6853327390555,ToD blocks
2024-06-16,NYNGAN1,-37.89451444519318,ToD blocks
2024-06-23,NYNGAN1,-41.704653212088886,ToD blocks
2024-06-30,NYNGAN1,-21.227754749583823,ToD blocks
2024-07-07,NYNGAN1,-16.60114265212998,ToD blocks
2024-07-14,NYNGAN1,-34.825810233814266,ToD blocks
2024-07-21,NYNGAN1,-22.657633264116228,ToD blocks
2024-07-28,NYNGAN1,-21.53598138265776,ToD blocks
2024-08-04,NYNGAN1,-25.58506055858996,ToD blocks
2024-08-11,NYNGAN1,-159.08411330685857,ToD blocks
2024-08-18,NYNGAN1,-16.775062310369023,ToD blocks
2024-08-25,NYNGAN1,-20.65511891632398,ToD blocks
2024-09-01,NYNGAN1,-12.856749237838784,ToD blocks
2024-09-08,NYNGAN1,-8.771045210656823,ToD blocks
2024-09-15,NYNGAN1,-15.379819414042963,ToD blocks
2024-09-22,NYNGAN1,-4.077579500806181,ToD blocks
2024-09-29,NYNGAN1,-16.33515501750467,ToD blocks
2024-10-06,NYNGAN1,-20.967236662809796,ToD blocks
2024-10-13,NYNGAN1,-3.3858269712454785,ToD blocks
2024-10-20,NYNGAN1,-24.575343573001135,ToD blocks
2024-10-27,NYNGAN1,-16.606499711900312,ToD blocks
2024-11-03,NYNGAN1,-7.299947552934686,ToD blocks
2024-11-10,NYNGAN1,-114.20118715100298,ToD blocks
2024-11-17,NYNGAN1,-10.652119243262511,ToD blocks
2024-11-24,NYNGAN1,-7.16196943403439,ToD blocks
2024-12-01,NYNGAN1,-244.9118734941297,ToD blocks
2024-12-08,NYNGAN1,-29.37476402455175,ToD blocks
2024-12-15,NYNGAN1,-10.704003024052156,ToD blocks
2024-12-22,NYNGAN1,-13.639227201104205,ToD blocks
2024-12-29,NYNGAN1,-4.310553056240874,ToD blocks
2025-01-05,NYNGAN1,-7.134572200921951,ToD blocks
2020-01-05,PARSF1,-7.132526622147964,ToD blocks
2020-01-12,PARSF1,-1.0245973722176274,ToD blocks
2020-01-19,PARSF1,-1.23304925976732,ToD blocks
2020-01-26,PARSF1,-18.48866383662802,ToD blocks
2020-02-02,PARSF1,21.518432695707702,ToD blocks
2020-02-09,PARSF1,1.2614009906462158,ToD blocks
2020-02-16,PARSF1,-1.4887236029883866,ToD blocks
2020-02-23,PARSF1,0.0002679520559851767,ToD blocks
2020-03-01,PARSF1,-0.9489865672483333,ToD blocks
2020-03-08,PARSF1,-4.3500149386640174,ToD blocks
2020-03-15,PARSF1,-1.732661131284857,ToD blocks
2020-03-22,PARSF1,-1.0546885437718885,ToD blocks
2020-03-29,PARSF1,-1.6157347979885017,ToD blocks
2020-04-05,PARSF1,-4.621437418206128,ToD blocks
2020-04-12,PARSF1,-2.9004424602672785,ToD blocks
2020-04-19,PARSF1,-0.67161846931306,ToD blocks
2020-04-26,PARSF1,-1.6459386857619762,ToD blocks
2020-05-03,PARSF1,-1.9268599594465528,ToD blocks
2020-05-10,PARSF1,-0.4894551900390667,ToD blocks
2020-05-17,PARSF1,-1.701981868264241,ToD blocks
2020-05-24,PARSF1,-0.8994335661484953,ToD blocks
2020-05-31,PARSF1,-1.6170518792608988,ToD blocks
2020-06-07,PARSF1,-0.9121791224489115,ToD blocks
2020-06-14,PARSF1,-3.793596028719449,ToD blocks
2020-06-21,PARSF1,-1.0146081856390552,ToD blocks
2020-06-28,PARSF1,-3.18647018366093,ToD blocks
2020-07-05,PARSF1,-1.526516341009696,ToD blocks
2020-07-12,PARSF1,-1.0800845399334662,ToD blocks
2020-07-19,PARSF1,-4.003575469463236,ToD blocks
2020-07-26,PARSF1,-5.8758737260779625,ToD blocks
2020-08-02,PARSF1,-2.786807351499071,ToD blocks
2020-08-09,PARSF1,-5.854956532267664,ToD blocks
2020-08-16,PARSF1,-5.276189431907838,ToD blocks
2020-08-23,PARSF1,-2.3655116600186403,ToD blocks
2020-08-30,PARSF1,-6.234592052604803,ToD blocks
2020-09-06,PARSF1,-2.552298163755065,ToD blocks
2020-09-13,PARSF1,-0.8928913443548367,ToD blocks
2020-09-20,PARSF1,0.2962709436560935,ToD blocks
2020-09-27,PARSF1,-1.249437478549531,ToD blocks
2020-10-04,PARSF1,-1.7453988507681224,ToD blocks
2020-10-11,PARSF1,-22.87532822824366,ToD blocks
2020-10-18,PARSF1,-1.7627167713558194,ToD blocks
2020-10-25,PARSF1,-41.461864759736926,ToD blocks
2020-11-01,PARSF1,-2.801862394254222,ToD blocks
2020-11-08,PARSF1,-1.8170112027283167,ToD blocks
2020-11-15,PARSF1,-0.6322125348499057,ToD blocks
2020-11-22,PARSF1,-19.655206442317436,ToD blocks
2020-11-29,PARSF1,0.07393214538544157,ToD blocks
2020-12-06,PARSF1,2.0297196964920445,ToD blocks
2020-12-13,PARSF1,-1.0402026815321506,ToD blocks
2020-12-20,PARSF1,-11.427209595897693,ToD blocks
2020-12-27,PARSF1,-4.059384660391373,ToD blocks
2021-01-03,PARSF1,0.26638773302701324,ToD blocks
2021-01-10,PARSF1,-0.23378517795836729,ToD blocks
2021-01-17,PARSF1,-0.732759033428934,ToD blocks
2021-01-24,PARSF1,-1.902263135673138,ToD blocks
2021-01-31,PARSF1,-1.0415583347177702,ToD blocks
2021-02-07,PARSF1,-0.6004634005769205,ToD blocks
2021-02-14,PARSF1,-0.4725576975609229,ToD blocks
2021-02-21,PARSF1,-0.49570936127324217,ToD blocks
2021-02-28,PARSF1,-0.40020940646094516,ToD blocks
2021-03-07,PARSF1,-1.5621281882398712,ToD blocks
2021-03-14,PARSF1,-1.2423315890334834,ToD blocks
2021-03-21,PARSF1,-3.3615204200847018,ToD blocks
2021-03-28,PARSF1,-12.255143120462272,ToD blocks
2021-04-04,PARSF1,-4.835171940915462,ToD blocks
2021-04-11,PARSF1,-1.7348844718533982,ToD blocks
2021-04-18,PARSF1,-2.6651870926582717,ToD blocks
2021-04-25,PARSF1,-8.427276161970575,ToD blocks
2021-05-02,PARSF1,-7.274156426500838,ToD blocks
2021-05-09,PARSF1,-5.2687890861628475,ToD blocks
2021-05-16,PARSF1,-5.9781044500207585,ToD blocks
2021-05-23,PARSF1,-58.18618413575578,ToD blocks
2021-05-30,PARSF1,-60.07001170221864,ToD blocks
2021-06-06,PARSF1,-38.18097138440217,ToD blocks
2021-06-13,PARSF1,-52.84882646196421,ToD blocks
2021-06-20,PARSF1,-22.41707466982203,ToD blocks
2021-06-27,PARSF1,-2.817184072016957,ToD blocks
2021-07-04,PARSF1,-14.102959035414472,ToD blocks
2021-07-11,PARSF1,-31.789394006703617,ToD blocks
2021-07-18,PARSF1,-47.90714625118118,ToD blocks
2021-07-25,PARSF1,-46.53710036772472,ToD blocks
2021-08-01,PARSF1,-6.1258508685194215,ToD blocks
2021-08-08,PARSF1,-2.640648093629437,ToD blocks
2021-08-15,PARSF1,-2.2453076429552645,ToD blocks
2021-08-22,PARSF1,-5.547248782645205,ToD blocks
2021-08-29,PARSF1,-8.10948413913379,ToD blocks
2021-09-05,PARSF1,-7.82169847398853,ToD blocks
2021-09-12,PARSF1,-3.0441181904176986,ToD blocks
2021-09-19,PARSF1,-3.3378806379580475,ToD blocks
2021-09-26,PARSF1,-3.6797407471951047,ToD blocks
2021-10-03,PARSF1,-7.289815250551847,ToD blocks
2021-10-10,PARSF1,-13.320105440478548,ToD blocks
2021-10-17,PARSF1,-9.760017490573773,ToD blocks
2021-10-24,PARSF1,-4.472297825107539,ToD blocks
2021-10-31,PARSF1,-4.632155764333561,ToD blocks
2021-11-07,PARSF1,-4.877093240262937,ToD blocks
2021-11-14,PARSF1,-9.924504197475983,ToD blocks
2021-11-21,PARSF1,-5.493383497308798,ToD blocks
2021-11-28,PARSF1,1.4780632284929567,ToD blocks
2021-12-05,PARSF1,-1.117677843573972,ToD blocks
2021-12-12,PARSF1,-0.9279049780348387,ToD blocks
2021-12-19,PARSF1,-2.176225598558652,ToD blocks
2021-12-26,PARSF1,-0.12891118815566927,ToD blocks
2022-01-02,PARSF1,-0.7660087024514368,ToD blocks
2022-01-09,PARSF1,-1.2980048864575053,ToD blocks
2022-01-16,PARSF1,-2.0111888639851117,ToD blocks
2022-01-23,PARSF1,-1.7697887595134745,ToD blocks
2022-01-30,PARSF1,-0.9398778486355894,ToD blocks
2022-02-06,PARSF1,3.5511084198576555,ToD blocks
2022-02-13,PARSF1,-2.83235399836272,ToD blocks
2022-02-20,PARSF1,-1.9168670340434915,ToD blocks
2022-02-27,PARSF1,6.943002932723616,ToD blocks
2022-03-06,PARSF1,-3.208912280800675,ToD blocks
2022-03-13,PARSF1,-8.367028991963466,ToD blocks
2022-03-20,PARSF1,-5.30809966394024,ToD blocks
2022-03-27,PARSF1,-4.629370929286182,ToD blocks
2022-04-03,PARSF1,-4.815395676823357,ToD blocks
2022-04-10,PARSF1,-29.245073561654067,ToD blocks
2022-04-17,PARSF1,-11.542397171853509,ToD blocks
2022-04-24,PARSF1,-23.15113224068432,ToD blocks
2022-05-01,PARSF1,-26.349198908556957,ToD blocks
2022-05-08,PARSF1,-39.46158411953064,ToD blocks
2022-05-15,PARSF1,-18.821380280993594,ToD blocks
2022-05-22,PARSF1,-23.492382859960998,ToD blocks
2022-05-29,PARSF1,-20.379036993131024,ToD blocks
2022-06-05,PARSF1,-41.08365782407884,ToD blocks
2022-06-12,PARSF1,-42.36502581798118,ToD blocks
2022-06-19,PARSF1,-3.6012522085234195,ToD blocks
2022-06-26,PARSF1,-25.34637174736551,ToD blocks
2022-07-03,PARSF1,-10.95520822928745,ToD blocks
2022-07-10,PARSF1,-18.275834478983995,ToD blocks
2022-07-17,PARSF1,-71.55365508107974,ToD blocks
2022-07-24,PARSF1,-34.71239610418857,ToD blocks
2022-07-31,PARSF1,-35.124572932805705,ToD blocks
2022-08-07,PARSF1,-14.652862264225774,ToD blocks
2022-08-14,PARSF1,-20.641420629219724,ToD blocks
2022-08-21,PARSF1,-19.53637463769377,ToD blocks
2022-08-28,PARSF1,-18.82153264019398,ToD blocks
2022-09-04,PARSF1,-9.163688172310685,ToD blocks
2022-09-11,PARSF1,-25.138420868135043,ToD blocks
2022-09-18,PARSF1,-18.629709418703982,ToD blocks
2022-09-25,PARSF1,-25.808754533741542,ToD blocks
2022-10-02,PARSF1,-2.891932808681105,ToD blocks
2022-10-09,PARSF1,-45.9915381918711,ToD blocks
2022-10-16,PARSF1,-19.61084705622639,ToD blocks
2022-10-23,PARSF1,-8.463811423048583,ToD blocks
2022-10-30,PARSF1,-6.923847374203731,ToD blocks
2022-11-06,PARSF1,-24.942727411700723,ToD blocks
2022-11-13,PARSF1,-8.290263424518827,ToD blocks
2022-11-20,PARSF1,-5.525305918150181,ToD blocks
2022-11-27,PARSF1,-7.55082272721657,ToD blocks
2022-12-04,PARSF1,-8.776253803159165,ToD blocks
2022-12-11,PARSF1,-11.55586598349096,ToD blocks
2022-12-18,PARSF1,-20.385662693179423,ToD blocks
2022-12-25,PARSF1,-2.171136038282299,ToD blocks
2023-01-01,PARSF1,-5.9535363864832505,ToD blocks
2023-01-08,PARSF1,0.021430967139991708,ToD blocks
2023-01-15,PARSF1,0.32823918890517234,ToD blocks
2023-01-22,PARSF1,0.33549219720110557,ToD blocks
2023-01-29,PARSF1,-7.006424858409261,ToD blocks
2023-02-05,PARSF1,1.203603427541296,ToD blocks
2023-02-12,PARSF1,-4.450613689931188,ToD blocks
2023-02-19,PARSF1,-1.2505689728616858,ToD blocks
2023-02-26,PARSF1,-2.489449745961842,ToD blocks
2023-03-05,PARSF1,-11.433398588107949,ToD blocks
2023-03-12,PARSF1,-5.250447746191085,ToD blocks
2023-03-19,PARSF1,-17.72821162257216,ToD blocks
2023-03-26,PARSF1,-13.094551826265757,ToD blocks
2023-04-02,PARSF1,-25.260501301462938,ToD blocks
2023-04-09,PARSF1,1.3052464358596865,ToD blocks
2023-04-16,PARSF1,-13.423001783868095,ToD blocks
2023-04-23,PARSF1,-9.211236476255422,ToD blocks
2023-04-30,PARSF1,-26.290061465321457,ToD blocks
2023-05-07,PARSF1,-16.412282631109548,ToD blocks
2023-05-14,PARSF1,-17.9281891063749,ToD blocks
2023-05-21,PARSF1,-11.931521043325205,ToD blocks
2023-05-28,PARSF1,-37.091232952098224,ToD blocks
2023-06-04,PARSF1,-19.382883921757426,ToD blocks
2023-06-11,PARSF1,-20.48128022816595,ToD blocks
2023-06-18,PARSF1,-13.846252784862067,ToD blocks
2023-06-25,PARSF1,-31.84917517966292,ToD blocks
2023-07-02,PARSF1,-24.989707573360825,ToD blocks
2023-07-09,PARSF1,-27.782839379243043,ToD blocks
2023-07-16,PARSF1,-13.082915065274463,ToD blocks
2023-07-23,PARSF1,-16.35436245778557,ToD blocks
2023-07-30,PARSF1,-11.932251186199913,ToD blocks
2023-08-06,PARSF1,-8.555994434910374,ToD blocks
2023-08-13,PARSF1,-13.198192346364742,ToD blocks
2023-08-20,PARSF1,-16.519444768438,ToD blocks
2023-08-27,PARSF1,-14.573535247282177,ToD blocks
2023-09-03,PARSF1,-10.135156614737546,ToD blocks
2023-09-10,PARSF1,-8.741112591962308,ToD blocks
2023-09-17,PARSF1,-9.967310427341474,ToD blocks
2023-09-24,PARSF1,-0.1296659673088243,ToD blocks
2023-10-01,PARSF1,-6.205099460180865,ToD blocks
2023-10-08,PARSF1,-16.213999158907555,ToD blocks
2023-10-15,PARSF1,-6.457803283759959,ToD blocks
2023-10-22,PARSF1,-5.372772714023636,ToD blocks
2023-10-29,PARSF1,-7.7002034904410435,ToD blocks
2023-11-05,PARSF1,-4.6369690143150635,ToD blocks
2023-11-12,PARSF1,-7.787006276671761,ToD blocks
2023-11-19,PARSF1,-9.895888184158935,ToD blocks
2023-11-26,PARSF1,-10.150353185191904,ToD blocks
2023-12-03,PARSF1,-5.2775309031380715,ToD blocks
2023-12-10,PARSF1,-11.834652746290445,ToD blocks
2023-12-17,PARSF1,2.3522984063998678,ToD blocks
2023-12-24,PARSF1,-3.377143289443147,ToD blocks
2023-12-31,PARSF1,-6.7100662581337005,ToD blocks
2024-01-07,PARSF1,-3.7034099234472038,ToD blocks
2024-01-14,PARSF1,0.6189045876118584,ToD blocks
2024-01-21,PARSF1,3.4191600828882542,ToD blocks
2024-01-28,PARSF1,-5.2033042094122095,ToD blocks
2024-02-04,PARSF1,8.065085528312508,ToD blocks
2024-02-11,PARSF1,-18.418994311313554,ToD blocks
2024-02-18,PARSF1,-1.499483002007885,ToD blocks
2024-02-25,PARSF1,-5.557799084340957,ToD blocks
2024-03-03,PARSF1,-91.54052243083075,ToD blocks
2024-03-10,PARSF1,-5.806143051327723,ToD blocks
2024-03-17,PARSF1,-4.505532862106236,ToD blocks
2024-03-24,PARSF1,-5.648748358314464,ToD blocks
2024-03-31,PARSF1,-8.386742163540433,ToD blocks
2024-04-07,PARSF1,-11.167095817843219,ToD blocks
2024-04-14,PARSF1,-6.082095948109789,ToD blocks
2024-04-21,PARSF1,-5.962842455939224,ToD blocks
2024-04-28,PARSF1,-9.491663458071045,ToD blocks
2024-05-05,PARSF1,-19.37560491876829,ToD blocks
2024-05-12,PARSF1,-55.56092602291801,ToD blocks
2024-05-19,PARSF1,-20.97202341089598,ToD blocks
2024-05-26,PARSF1,-27.684558762788953,ToD blocks
2024-06-02,PARSF1,-18.130428317645,ToD blocks
2024-06-09,PARSF1,-30.944636775655212,ToD blocks
2024-06-16,PARSF1,-42.602077464875876,ToD blocks
2024-06-23,PARSF1,-47.94046815720449,ToD blocks
2024-06-30,PARSF1,-18.629759965842737,ToD blocks
2024-07-07,PARSF1,-24.885834529212516,ToD blocks
2024-07-14,PARSF1,-30.343207370437312,ToD blocks
2024-07-21,PARSF1,-25.742103458207552,ToD blocks
2024-07-28,PARSF1,-18.12430610034452,ToD blocks
2024-08-04,PARSF1,-29.603253471356425,ToD blocks
2024-08-11,PARSF1,-208.20077340408145,ToD blocks
2024-08-18,PARSF1,-13.835659807945902,ToD blocks
2024-08-25,PARSF1,-22.537620888030432,ToD blocks
2024-09-01,PARSF1,-10.434916427282218,ToD blocks
2024-09-08,PARSF1,-10.773934711890501,ToD blocks
2024-09-15,PARSF1,-21.861794675367868,ToD blocks
2024-09-22,PARSF1,0.42387911813635526,ToD blocks
2024-09-29,PARSF1,-16.03498201075216,ToD blocks
2024-10-06,PARSF1,-28.921329997081944,ToD blocks
2024-10-13,PARSF1,-28.961394311821525,ToD blocks
2024-10-20,PARSF1,-28.710046793660943,ToD blocks
2024-10-27,PARSF1,-7.258502852629725,ToD blocks
2024-11-03,PARSF1,-8.351979387844189,ToD blocks
2024-11-10,PARSF1,-104.91713842043526,ToD blocks
2024-11-17,PARSF1,-11.473175617309053,ToD blocks
2024-11-24,PARSF1,41.32616236852036,ToD blocks
2024-12-01,PARSF1,-216.23964482748352,ToD blocks
2024-12-08,PARSF1,-57.52818565494337,ToD blocks
2024-12-15,PARSF1,23.302658355067337,ToD blocks
2024-12-22,PARSF1,10.63711406065012,ToD blocks
2024-12-29,PARSF1,1.797180177119733,ToD blocks
2025-01-05,PARSF1,8.916177983146326,ToD blocks
2020-01-05,WRSF1,-218.4517485738674,ToD blocks
2020-01-12,WRSF1,-0.8300445922761028,ToD blocks
2020-01-19,WRSF1,0.5804004639157725,ToD blocks
2020-01-26,WRSF1,4.9120439878185636,ToD blocks
2020-02-02,WRSF1,-127.0123642385912,ToD blocks
2020-02-09,WRSF1,-0.5141110642082083,ToD blocks
2020-02-16,WRSF1,-3.120336198796686,ToD blocks
2020-02-23,WRSF1,0.10756693931341488,ToD blocks
2020-03-01,WRSF1,-2.2382635189661073,ToD blocks
2020-03-08,WRSF1,-1.6186608601000643,ToD blocks
2020-03-15,WRSF1,-1.1112404321896392,ToD blocks
2020-03-22,WRSF1,-2.4557595156874967,ToD blocks
2020-03-29,WRSF1,-1.2323743029758987,ToD blocks
2020-04-05,WRSF1,0.299507430251154,ToD blocks
2020-04-12,WRSF1,-0.03600141245665611,ToD blocks
2020-04-19,WRSF1,-2.155895879629938,ToD blocks
2020-04-26,WRSF1,0.0711294217479903,ToD blocks
2020-05-03,WRSF1,-0.9076029705067228,ToD blocks
2020-05-10,WRSF1,-0.9046852986222298,ToD blocks
2020-05-17,WRSF1,-2.962948145616977,ToD blocks
2020-05-24,WRSF1,-3.5520125099285877,ToD blocks
2020-05-31,WRSF1,-1.8833130536232545,ToD blocks
2020-06-07,WRSF1,-0.776276024642307,ToD blocks
2020-06-14,WRSF1,-5.334712052134321,ToD blocks
2020-06-21,WRSF1,-0.6465578979032358,ToD blocks
2020-06-28,WRSF1,-1.0068737995495738,ToD blocks
2020-07-05,WRSF1,-1.427360009911844,ToD blocks
2020-07-12,WRSF1,-0.08044990406065722,ToD blocks
2020-07-19,WRSF1,-1.6718585023838415,ToD blocks
2020-07-26,WRSF1,-5.163673866094648,ToD blocks
2020-08-02,WRSF1,-3.6274398127444556,ToD blocks
2020-08-09,WRSF1,-5.692381708336676,ToD blocks
2020-08-16,WRSF1,-0.19082134340669654,ToD blocks
2020-08-23,WRSF1,-1.5031368903804108,ToD blocks
2020-08-30,WRSF1,-3.5840090198359036,ToD blocks
2020-09-06,WRSF1,-4.235682928085193,ToD blocks
2020-09-13,WRSF1,-1.4588988963100462,ToD blocks
2020-09-20,WRSF1,0.31577311457509083,ToD blocks
2020-09-27,WRSF1,-0.44393322093201704,ToD blocks
2020-10-04,WRSF1,-2.004299096934812,ToD blocks
2020-10-11,WRSF1,-8.785165617749726,ToD blocks
2020-10-18,WRSF1,-2.3862754752007334,ToD blocks
2020-10-25,WRSF1,-25.37225915798905,ToD blocks
2020-11-01,WRSF1,-6.753124825274007,ToD blocks
2020-11-08,WRSF1,-1.8343008217267638,ToD blocks
2020-11-15,WRSF1,-2.551607484386203,ToD blocks
2020-11-22,WRSF1,35.586338366503384,ToD blocks
2020-11-29,WRSF1,-14.455184910221611,ToD blocks
2020-12-06,WRSF1,-16.03101216964363,ToD blocks
2020-12-13,WRSF1,0.23413682461761454,ToD blocks
2020-12-20,WRSF1,46.44552477589616,ToD blocks
2020-12-27,WRSF1,-3.7861822216631538,ToD blocks
2021-01-03,WRSF1,0.4331746986839029,ToD blocks
2021-01-10,WRSF1,-0.7238479191029015,ToD blocks
2021-01-17,WRSF1,-2.645405324626644,ToD blocks
2021-01-24,WRSF1,-0.9212596206196153,ToD blocks
2021-01-31,WRSF1,-1.0609613770634638,ToD blocks
2021-02-07,WRSF1,-0.8320481378450708,ToD blocks
2021-02-14,WRSF1,-0.5763066687274616,ToD blocks
2021-02-21,WRSF1,-0.5554917593816597,ToD blocks
2021-02-28,WRSF1,-1.1148800886859718,ToD blocks
2021-03-07,WRSF1,-1.5556101247274192,ToD blocks
2021-03-14,WRSF1,-1.3652606837515293,ToD blocks
2021-03-21,WRSF1,-0.4927656789800565,ToD blocks
2021-03-28,WRSF1,-12.45732821759815,ToD blocks
2021-04-04,WRSF1,-0.29445078689312965,ToD blocks
2021-04-11,WRSF1,-0.3393626405656782,ToD blocks
2021-04-18,WRSF1,-3.4751992394485782,ToD blocks
2021-04-25,WRSF1,-7.053188737350169,ToD blocks
2021-05-02,WRSF1,-19.283376355468725,ToD blocks
2021-05-09,WRSF1,-4.770044846850034,ToD blocks
2021-05-16,WRSF1,-6.499090836490311,ToD blocks
2021-05-23,WRSF1,-54.84284246541225,ToD blocks
2021-05-30,WRSF1,-59.8555556687709,ToD blocks
2021-06-06,WRSF1,-23.1769707764212,ToD blocks
2021-06-13,WRSF1,-46.25040456215376,ToD blocks
2021-06-20,WRSF1,-8.931605848298602,ToD blocks
2021-06-27,WRSF1,-7.914312014232593,ToD blocks
2021-07-04,WRSF1,-11.557503799998571,ToD blocks
2021-07-11,WRSF1,-43.378690328003984,ToD blocks
2021-07-18,WRSF1,19.408342927984336,ToD blocks
2021-07-25,WRSF1,14.995850652631049,ToD blocks
2021-08-01,WRSF1,-2.647425619074312,ToD blocks
2021-08-08,WRSF1,-2.8899943389801592,ToD blocks
2021-08-15,WRSF1,8.651690882527316,ToD blocks
2021-08-22,WRSF1,3.187012615723919,ToD blocks
2021-08-29,WRSF1,-6.921664374167982,ToD blocks
2021-09-05,WRSF1,4.144143162278503,ToD blocks
2021-09-12,WRSF1,-2.5254965245669068,ToD blocks
2021-09-19,WRSF1,-6.808226735600478,ToD blocks
2021-09-26,WRSF1,5.341395513457087,ToD blocks
2021-10-03,WRSF1,-14.760500432395926,ToD blocks
2021-10-10,WRSF1,-4.937269942202509,ToD blocks
2021-10-17,WRSF1,-10.986604684415237,ToD blocks
2021-10-24,WRSF1,-5.573158553763093,ToD blocks
2021-10-31,WRSF1,-5.726628609127275,ToD blocks
2021-11-07,WRSF1,-0.9294166950731437,ToD blocks
2021-11-14,WRSF1,-6.149942501330024,ToD blocks
2021-11-21,WRSF1,15.292608239263174,ToD blocks
2021-11-28,WRSF1,-5.9866057182270325,ToD blocks
2021-12-05,WRSF1,-2.69080165812489,ToD blocks
2021-12-12,WRSF1,-4.053853395196434,ToD blocks
2021-12-19,WRSF1,-3.7690265023236833,ToD blocks
2021-12-26,WRSF1,-0.6925341822380773,ToD blocks
2022-01-02,WRSF1,-0.07478491893364492,ToD blocks
2022-01-09,WRSF1,-1.969728812512173,ToD blocks
2022-01-16,WRSF1,1.1548930152684136,ToD blocks
2022-01-23,WRSF1,4.037459637285842,ToD blocks
2022-01-30,WRSF1,-1.795163650235608,ToD blocks
2022-02-06,WRSF1,6.5295708236123104,ToD blocks
2022-02-13,WRSF1,-3.0310483111100055,ToD blocks
2022-02-20,WRSF1,-4.678171979737826,ToD blocks
2022-02-27,WRSF1,20.983992895005585,ToD blocks
2022-03-06,WRSF1,-1.6216346356053748,ToD blocks
2022-03-13,WRSF1,-2.530888860113194,ToD blocks
2022-03-20,WRSF1,-6.4372702054455,ToD blocks
2022-03-27,WRSF1,-5.100298630551663,ToD blocks
2022-04-03,WRSF1,-14.118515823868293,ToD blocks
2022-04-10,WRSF1,-17.928221595443347,ToD blocks
2022-04-17,WRSF1,-17.9078441468302,ToD blocks
2022-04-24,WRSF1,-9.655971406302214,ToD blocks
2022-05-01,WRSF1,-21.666697789228323,ToD blocks
2022-05-08,WRSF1,-54.26412388686421,ToD blocks
2022-05-15,WRSF1,-25.71298437087654,ToD blocks
2022-05-22,WRSF1,-41.42047051886675,ToD blocks
2022-05-29,WRSF1,-26.748417477001112,ToD blocks
2022-06-05,WRSF1,-38.59336184010027,ToD blocks
2022-06-12,WRSF1,-101.27998726209313,ToD blocks
2022-06-19,WRSF1,7.401171421795141,ToD blocks
2022-06-26,WRSF1,-25.010850923866002,ToD blocks
2022-07-03,WRSF1,-54.202306868488506,ToD blocks
2022-07-10,WRSF1,-34.078289186737265,ToD blocks
2022-07-17,WRSF1,-47.734732427895494,ToD blocks
2022-07-24,WRSF1,-66.3670480705357,ToD blocks
2022-07-31,WRSF1,-35.743200227199594,ToD blocks
2022-08-07,WRSF1,-13.788798910335942,ToD blocks
2022-08-14,WRSF1,-1.390766188043557,ToD blocks
2022-08-21,WRSF1,29.707034194150495,ToD blocks
2022-08-28,WRSF1,-23.661102610941484,ToD blocks
2022-09-04,WRSF1,-13.871569341307179,ToD blocks
2022-09-11,WRSF1,-9.095027085172234,ToD blocks
2022-09-18,WRSF1,-31.697133404383514,ToD blocks
2022-09-25,WRSF1,-39.80986621940975,ToD blocks
2022-10-02,WRSF1,9.78298254870461,ToD blocks
2022-10-09,WRSF1,-24.782003582695523,ToD blocks
2022-10-16,WRSF1,5.483064440844288,ToD blocks
2022-10-23,WRSF1,-6.225506383750485,ToD blocks
2022-10-30,WRSF1,-35.14787980364419,ToD blocks
2022-11-06,WRSF1,29.98698803488503,ToD blocks
2022-11-13,WRSF1,3.6122607831641744,ToD blocks
2022-11-20,WRSF1,7.576289543423151,ToD blocks
2022-11-27,WRSF1,5.152672580421466,ToD blocks
2022-12-04,WRSF1,-6.990898537604139,ToD blocks
2022-12-11,WRSF1,11.05923633770449,ToD blocks
2022-12-18,WRSF1,9.168892101149225,ToD blocks
2022-12-25,WRSF1,6.620332674367809,ToD blocks
2023-01-01,WRSF1,15.673921998214595,ToD blocks
2023-01-08,WRSF1,10.83117037884363,ToD blocks
2023-01-15,WRSF1,-1.3689412993384025,ToD blocks
2023-01-22,WRSF1,5.297176028731769,ToD blocks
2023-01-29,WRSF1,-19.697443282274705,ToD blocks
2023-02-05,WRSF1,-11.435850036627741,ToD blocks
2023-02-12,WRSF1,10.887706511466234,ToD blocks
2023-02-19,WRSF1,-0.7787267044812296,ToD blocks
2023-02-26,WRSF1,7.083041461613291,ToD blocks
2023-03-05,WRSF1,1.1576613554433095,ToD blocks
2023-03-12,WRSF1,-2.9321762454686535,ToD blocks
2023-03-19,WRSF1,-9.672765247022312,ToD blocks
2023-03-26,WRSF1,-14.357216431196903,ToD blocks
2023-04-02,WRSF1,-11.028923443753456,ToD blocks
2023-04-09,WRSF1,-13.95550104507194,ToD blocks
2023-04-16,WRSF1,-9.541337077240676,ToD blocks
2023-04-23,WRSF1,-21.46550307251637,ToD blocks
2023-04-30,WRSF1,-20.05866388899919,ToD blocks
2023-05-07,WRSF1,-23.93202753195291,ToD blocks
2023-05-14,WRSF1,-25.93839234068453,ToD blocks
2023-05-21,WRSF1,-11.47647510533352,ToD blocks
2023-05-28,WRSF1,-36.91215519548102,ToD blocks
2023-06-04,WRSF1,-20.58913321794921,ToD blocks
2023-06-11,WRSF1,-24.02135639125708,ToD blocks
2023-06-18,WRSF1,-15.721176203981408,ToD blocks
2023-06-25,WRSF1,-30.306391814420266,ToD blocks
2023-07-02,WRSF1,-29.070633375221384,ToD blocks
2023-07-09,WRSF1,-50.27462642459643,ToD blocks
2023-07-16,WRSF1,-17.02396913748196,ToD blocks
2023-07-23,WRSF1,-17.43878455577083,ToD blocks
2023-07-30,WRSF1,-18.164066826357384,ToD blocks
2023-08-06,WRSF1,-14.535215447409193,ToD blocks
2023-08-13,WRSF1,-16.98629410988306,ToD blocks
2023-08-20,WRSF1,-19.494807000787844,ToD blocks
2023-08-27,WRSF1,-13.082634626075833,ToD blocks
2023-09-03,WRSF1,-10.74400617761486,ToD blocks
2023-09-10,WRSF1,-14.491640933301296,ToD blocks
2023-09-17,WRSF1,-13.92113533867832,ToD blocks
2023-09-24,WRSF1,-7.946004053960133,ToD blocks
2023-10-01,WRSF1,-33.39835295701559,ToD blocks
2023-10-08,WRSF1,-6.294318484135825,ToD blocks
2023-10-15,WRSF1,-9.083700710834476,ToD blocks
2023-10-22,WRSF1,-8.269279498056063,ToD blocks
2023-10-29,WRSF1,-13.728483756105746,ToD blocks
2023-11-05,WRSF1,1.8619349015180795,ToD blocks
2023-11-12,WRSF1,-24.076628144471115,ToD blocks
2023-11-19,WRSF1,-12.289873081256246,ToD blocks
2023-11-26,WRSF1,-3.819864768331371,ToD blocks
2023-12-03,WRSF1,-9.907324148816691,ToD blocks
2023-12-10,WRSF1,-7.311518567912344,ToD blocks
2023-12-17,WRSF1,-4.190640208112498,ToD blocks
2023-12-24,WRSF1,-1.1136425401624592,ToD blocks
2023-12-31,WRSF1,-4.061108383743026,ToD blocks
2024-01-07,WRSF1,-2.5076622095540415,ToD blocks
2024-01-14,WRSF1,-3.7808841963338793,ToD blocks
2024-01-21,WRSF1,-0.47779739333466154,ToD blocks
2024-01-28,WRSF1,2.8595315003989725,ToD blocks
2024-02-04,WRSF1,-7.638883708406837,ToD blocks
2024-02-11,WRSF1,-1.9834851586169435,ToD blocks
2024-02-18,WRSF1,-12.839666705125154,ToD blocks
2024-02-25,WRSF1,-6.724881959975065,ToD blocks
2024-03-03,WRSF1,-109.94022347791949,ToD blocks
2024-03-10,WRSF1,-2.6301576547571486,ToD blocks
2024-03-17,WRSF1,-8.060442935665819,ToD blocks
2024-03-24,WRSF1,-10.066567940470811,ToD blocks
2024-03-31,WRSF1,-13.85966262362285,ToD blocks
2024-04-07,WRSF1,-13.993860530277757,ToD blocks
2024-04-14,WRSF1,-11.143620159900994,ToD blocks
2024-04-21,WRSF1,-19.59722684545222,ToD blocks
2024-04-28,WRSF1,-16.546186673901758,ToD blocks
2024-05-05,WRSF1,-18.429926027835236,ToD blocks
2024-05-12,WRSF1,-527.7785250175506,ToD blocks
2024-05-19,WRSF1,,ToD blocks
2024-05-26,WRSF1,-28.07270087435873,ToD blocks
2024-06-02,WRSF1,-32.525719960504055,ToD blocks
2024-06-09,WRSF1,-13.479978802058653,ToD blocks
2024-06-16,WRSF1,-32.70464714026309,ToD blocks
2024-06-23,WRSF1,-43.22528148191341,ToD blocks
2024-06-30,WRSF1,-15.624291989669842,ToD blocks
2024-07-07,WRSF1,-27.500635303585327,ToD blocks
2024-07-14,WRSF1,-40.269875092225575,ToD blocks
2024-07-21,WRSF1,-29.665511534626773,ToD blocks
2024-07-28,WRSF1,-27.00137191764196,ToD blocks
2024-08-04,WRSF1,-27.13647508077051,ToD blocks
2024-08-11,WRSF1,-70.5715144917952,ToD blocks
2024-08-18,WRSF1,-35.00810265688149,ToD blocks
2024-08-25,WRSF1,-10.166764711361221,ToD blocks
2024-09-01,WRSF1,2.277880766092192,ToD blocks
2024-09-08,WRSF1,-5.188666747904631,ToD blocks
2024-09-15,WRSF1,-22.27394157265397,ToD blocks
2024-09-22,WRSF1,-5.436784951026365,ToD blocks
2024-09-29,WRSF1,-13.333443969018944,ToD blocks
2024-10-06,WRSF1,-7.117861811976001,ToD blocks
2024-10-13,WRSF1,11.199240000004473,ToD blocks
2024-10-20,WRSF1,-76.85833512710299,ToD blocks
2024-10-27,WRSF1,-0.11187366892409045,ToD blocks
2024-11-03,WRSF1,,ToD blocks
2024-11-10,WRSF1,-70.39105186506974,ToD blocks
2024-11-17,WRSF1,-1.6607573354027494,ToD blocks
2024-11-24,WRSF1,-14.393707608043961,ToD blocks
2024-12-01,WRSF1,-263.5125127460037,ToD blocks
2024-12-08,WRSF1,-160.6188058442783,ToD blocks
2024-12-15,WRSF1,-9.692146028752461,ToD blocks
2024-12-22,WRSF1,-12.899354822215805,ToD blocks
2024-12-29,WRSF1,-10.920029566238512,ToD blocks
2025-01-05,WRSF1,,ToD blocks
2020-01-05,BERYLSF1,244.19735367575345,Baseload
2020-01-12,BERYLSF1,0.34527993114154754,Baseload
2020-01-19,BERYLSF1,-1.1943872698894538,Baseload
2020-01-26,BERYLSF1,-10.85062626303828,Baseload
2020-02-02,BERYLSF1,22.6448756572849,Baseload
2020-02-09,BERYLSF1,3.2173628406473327,Baseload
2020-02-16,BERYLSF1,0.1949827114466629,Baseload
2020-02-23,BERYLSF1,-2.411971421766772,Baseload
2020-03-01,BERYLSF1,-1.8024476735038704,Baseload
2020-03-08,BERYLSF1,-0.506147267265348,Baseload
2020-03-15,BERYLSF1,-2.093327767683583,Baseload
2020-03-22,BERYLSF1,-1.7066125953260212,Baseload
2020-03-29,BERYLSF1,-1.9575044639820902,Baseload
2020-04-05,BERYLSF1,-6.922864668987053,Baseload
2020-04-12,BERYLSF1,-10.189413601850937,Baseload
2020-04-19,BERYLSF1,-8.953732528632521,Baseload
2020-04-26,BERYLSF1,-12.44745559672917,Baseload
2020-05-03,BERYLSF1,-2.019660915786858,Baseload
2020-05-10,BERYLSF1,-8.495008241042303,Baseload
2020-05-17,BERYLSF1,-8.007819108299323,Baseload
2020-05-24,BERYLSF1,5.561538976970304,Baseload
2020-05-31,BERYLSF1,-7.176286981198906,Baseload
2020-06-07,BERYLSF1,-4.8206844710881,Baseload
2020-06-14,BERYLSF1,-14.652083453593832,Baseload
2020-06-21,BERYLSF1,-2.5581590392047246,Baseload
2020-06-28,BERYLSF1,-4.775420936778843,Baseload
2020-07-05,BERYLSF1,-1.4987593107724422,Baseload
2020-07-12,BERYLSF1,-3.1462163270139527,Baseload
2020-07-19,BERYLSF1,-8.188704371660151,Baseload
2020-07-26,BERYLSF1,-14.789375411499861,Baseload
2020-08-02,BERYLSF1,-8.120179449995867,Baseload
2020-08-09,BERYLSF1,-6.191859652497165,Baseload
2020-08-16,BERYLSF1,-6.148885011559095,Baseload
2020-08-23,BERYLSF1,-9.54258585648347,Baseload
2020-08-30,BERYLSF1,-23.715049572811658,Baseload
2020-09-06,BERYLSF1,-13.322838052305084,Baseload
2020-09-13,BERYLSF1,-5.869674543030847,Baseload
2020-09-20,BERYLSF1,-8.112266100254793,Baseload
2020-09-27,BERYLSF1,-8.810916711317695,Baseload
2020-10-04,BERYLSF1,-9.86338188580573,Baseload
2020-10-11,BERYLSF1,-1.2649124712957303,Baseload
2020-10-18,BERYLSF1,-4.281094568853092,Baseload
2020-10-25,BERYLSF1,-6.682999800439077,Baseload
2020-11-01,BERYLSF1,-4.651704996255226,Baseload
2020-11-08,BERYLSF1,-9.533889603853027,Baseload
2020-11-15,BERYLSF1,-3.3544231689185082,Baseload
2020-11-22,BERYLSF1,64.89543000113278,Baseload
2020-11-29,BERYLSF1,6.107702282546327,Baseload
2020-12-06,BERYLSF1,11.662316982703679,Baseload
2020-12-13,BERYLSF1,-7.1063127840270255,Baseload
2020-12-20,BERYLSF1,53.8324338583416,Baseload
2020-12-27,BERYLSF1,-7.054826965335998,Baseload
2021-01-03,BERYLSF1,-3.1286473620010113,Baseload
2021-01-10,BERYLSF1,-2.6407634136627394,Baseload
2021-01-17,BERYLSF1,-3.7595897645832608,Baseload
2021-01-24,BERYLSF1,4.451118378313467,Baseload
2021-01-31,BERYLSF1,-0.938235660618389,Baseload
2021-02-07,BERYLSF1,-1.133778138200185,Baseload
2021-02-14,BERYLSF1,-1.7051898481036858,Baseload
2021-02-21,BERYLSF1,-0.9253006407830213,Baseload
2021-02-28,BERYLSF1,-2.2207241973440404,Baseload
2021-03-07,BERYLSF1,-4.626048674423682,Baseload
2021-03-14,BERYLSF1,-3.701734774108303,Baseload
2021-03-21,BERYLSF1,-1.572209530118279,Baseload
2021-03-28,BERYLSF1,-15.653682659825456,Baseload
2021-04-04,BERYLSF1,-9.135548855471825,Baseload
2021-04-11,BERYLSF1,-11.339808573177375,Baseload
2021-04-18,BERYLSF1,-17.5717556232292,Baseload
2021-04-25,BERYLSF1,-33.74412404122694,Baseload
2021-05-02,BERYLSF1,-23.053186214595335,Baseload
2021-05-09,BERYLSF1,-14.113495101561753,Baseload
2021-05-16,BERYLSF1,-22.443343821292075,Baseload
2021-05-23,BERYLSF1,-134.54678501284542,Baseload
2021-05-30,BERYLSF1,-123.32439131586354,Baseload
2021-06-06,BERYLSF1,-110.74431984821776,Baseload
2021-06-13,BERYLSF1,-142.10112089544202,Baseload
2021-06-20,BERYLSF1,-85.31000376327376,Baseload
2021-06-27,BERYLSF1,-26.278495476462865,Baseload
2021-07-04,BERYLSF1,-19.056819238851652,Baseload
2021-07-11,BERYLSF1,-66.9663764797729,Baseload
2021-07-18,BERYLSF1,-46.884145509348855,Baseload
2021-07-25,BERYLSF1,-0.27109549134351596,Baseload
2021-08-01,BERYLSF1,-26.94853241917736,Baseload
2021-08-08,BERYLSF1,-23.07815724665054,Baseload
2021-08-15,BERYLSF1,-27.97093458349416,Baseload
2021-08-22,BERYLSF1,-33.206584031224125,Baseload
2021-08-29,BERYLSF1,-26.887905599554628,Baseload
2021-09-05,BERYLSF1,-23.157461069045358,Baseload
2021-09-12,BERYLSF1,-28.64972601929414,Baseload
2021-09-19,BERYLSF1,-25.739689928833197,Baseload
2021-09-26,BERYLSF1,-26.780310284731826,Baseload
2021-10-03,BERYLSF1,-18.263525596795887,Baseload
2021-10-10,BERYLSF1,-23.323528179646217,Baseload
2021-10-17,BERYLSF1,-23.78542684266241,Baseload
2021-10-24,BERYLSF1,-20.278079645818075,Baseload
2021-10-31,BERYLSF1,-21.42130664803691,Baseload
2021-11-07,BERYLSF1,-6.459428022466454,Baseload
2021-11-14,BERYLSF1,-12.921371797181806,Baseload
2021-11-21,BERYLSF1,-6.023271068209574,Baseload
2021-11-28,BERYLSF1,-6.509331660461058,Baseload
2021-12-05,BERYLSF1,-13.901994035899875,Baseload
2021-12-12,BERYLSF1,-21.973608432067692,Baseload
2021-12-19,BERYLSF1,-16.078699593231974,Baseload
2021-12-26,BERYLSF1,-8.340511825063928,Baseload
2022-01-02,BERYLSF1,-20.950302269690027,Baseload
2022-01-09,BERYLSF1,-6.711550624331821,Baseload
2022-01-16,BERYLSF1,-3.25443428092845,Baseload
2022-01-23,BERYLSF1,-7.382964650219002,Baseload
2022-01-30,BERYLSF1,-0.33790444281244447,Baseload
2022-02-06,BERYLSF1,-6.520519471656385,Baseload
2022-02-13,BERYLSF1,-9.988314932997,Baseload
2022-02-20,BERYLSF1,-12.43464672255314,Baseload
2022-02-27,BERYLSF1,-5.732719365154978,Baseload
2022-03-06,BERYLSF1,-7.507518139345706,Baseload
2022-03-13,BERYLSF1,-17.888382137270128,Baseload
2022-03-20,BERYLSF1,-17.896656984162746,Baseload
2022-03-27,BERYLSF1,-9.978214414820101,Baseload
2022-04-03,BERYLSF1,-40.108610181681456,Baseload
2022-04-10,BERYLSF1,-45.20078961771955,Baseload
2022-04-17,BERYLSF1,-51.92499661653925,Baseload
2022-04-24,BERYLSF1,-40.15653715872995,Baseload
2022-05-01,BERYLSF1,-66.61972124747655,Baseload
2022-05-08,BERYLSF1,-221.59433136887884,Baseload
2022-05-15,BERYLSF1,-25.66157346333432,Baseload
2022-05-22,BERYLSF1,-43.49491515982959,Baseload
2022-05-29,BERYLSF1,-43.662740096768744,Baseload
2022-06-05,BERYLSF1,-102.30976400681192,Baseload
2022-06-12,BERYLSF1,-119.0863267609081,Baseload
2022-06-19,BERYLSF1,-68.3911253544843,Baseload
2022-06-26,BERYLSF1,-74.89992088375448,Baseload
2022-07-03,BERYLSF1,-17.636915866210416,Baseload
2022-07-10,BERYLSF1,-73.25994183400587,Baseload
2022-07-17,BERYLSF1,-160.2115509312602,Baseload
2022-07-24,BERYLSF1,-101.51094124767036,Baseload
2022-07-31,BERYLSF1,-104.95221213419367,Baseload
2022-08-07,BERYLSF1,-56.08961531077334,Baseload
2022-08-14,BERYLSF1,-57.07786173168816,Baseload
2022-08-21,BERYLSF1,-58.01412283522423,Baseload
2022-08-28,BERYLSF1,-48.37162413981439,Baseload
2022-09-04,BERYLSF1,-48.792834624632576,Baseload
2022-09-11,BERYLSF1,-44.19126074088442,Baseload
2022-09-18,BERYLSF1,-94.81077309811221,Baseload
2022-09-25,BERYLSF1,-97.5770047653643,Baseload
2022-10-02,BERYLSF1,-53.831276319401596,Baseload
2022-10-09,BERYLSF1,-75.23414620579432,Baseload
2022-10-16,BERYLSF1,-64.12199849941554,Baseload
2022-10-23,BERYLSF1,-23.906225693821696,Baseload
2022-10-30,BERYLSF1,-49.64454745842909,Baseload
2022-11-06,BERYLSF1,-59.781110362130754,Baseload
2022-11-13,BERYLSF1,-49.21086582033376,Baseload
2022-11-20,BERYLSF1,-62.80070890183817,Baseload
2022-11-27,BERYLSF1,-50.51490749855296,Baseload
2022-12-04,BERYLSF1,-33.97871098202339,Baseload
2022-12-11,BERYLSF1,-55.99360249081042,Baseload
2022-12-18,BERYLSF1,-57.70549730390261,Baseload
2022-12-25,BERYLSF1,-40.60668499322189,Baseload
2023-01-01,BERYLSF1,-34.795095782884424,Baseload
2023-01-08,BERYLSF1,-33.54552240328875,Baseload
2023-01-15,BERYLSF1,-21.272492943116845,Baseload
2023-01-22,BERYLSF1,-14.947267224925483,Baseload
2023-01-29,BERYLSF1,-14.421930124485257,Baseload
2023-02-05,BERYLSF1,-34.82541229521267,Baseload
2023-02-12,BERYLSF1,-21.7315830959501,Baseload
2023-02-19,BERYLSF1,-23.85823223828818,Baseload
2023-02-26,BERYLSF1,-24.186762714242036,Baseload
2023-03-05,BERYLSF1,-16.456219521383545,Baseload
2023-03-12,BERYLSF1,-16.988831316914613,Baseload
2023-03-19,BERYLSF1,-99.00806502087916,Baseload
2023-03-26,BERYLSF1,-17.39927280688414,Baseload
2023-04-02,BERYLSF1,-52.819455349294856,Baseload
2023-04-09,BERYLSF1,-11.77633627171167,Baseload
2023-04-16,BERYLSF1,-50.8136482981389,Baseload
2023-04-23,BERYLSF1,-46.33279430874623,Baseload
2023-04-30,BERYLSF1,-55.12238265353356,Baseload
2023-05-07,BERYLSF1,-64.12288080563675,Baseload
2023-05-14,BERYLSF1,-62.318243101663086,Baseload
2023-05-21,BERYLSF1,-63.05756207729202,Baseload
2023-05-28,BERYLSF1,-165.15309896390025,Baseload
2023-06-04,BERYLSF1,-85.55665450138581,Baseload
2023-06-11,BERYLSF1,-42.5474454424948,Baseload
2023-06-18,BERYLSF1,-39.37231329563406,Baseload
2023-06-25,BERYLSF1,-73.0821181880389,Baseload
2023-07-02,BERYLSF1,-40.09396561830549,Baseload
2023-07-09,BERYLSF1,-21.436103579263857,Baseload
2023-07-16,BERYLSF1,-39.13758319271591,Baseload
2023-07-23,BERYLSF1,-45.305867513504616,Baseload
2023-07-30,BERYLSF1,-47.781998921475164,Baseload
2023-08-06,BERYLSF1,-52.03838220755322,Baseload
2023-08-13,BERYLSF1,-47.429743300119846,Baseload
2023-08-20,BERYLSF1,-79.05741113304407,Baseload
2023-08-27,BERYLSF1,-49.96223317714347,Baseload
2023-09-03,BERYLSF1,-53.44070268131889,Baseload
2023-09-10,BERYLSF1,-62.507570534093595,Baseload
2023-09-17,BERYLSF1,-31.369726156513227,Baseload
2023-09-24,BERYLSF1,-36.19388081906389,Baseload
2023-10-01,BERYLSF1,-20.031456603090614,Baseload
2023-10-08,BERYLSF1,-29.458606186903964,Baseload
2023-10-15,BERYLSF1,-32.70133512197083,Baseload
2023-10-22,BERYLSF1,-31.336565063614618,Baseload
2023-10-29,BERYLSF1,-38.37667545895145,Baseload
2023-11-05,BERYLSF1,-19.683783577692424,Baseload
2023-11-12,BERYLSF1,-63.563477622722054,Baseload
2023-11-19,BERYLSF1,-54.660018390734386,Baseload
2023-11-26,BERYLSF1,-24.36997048549349,Baseload
2023-12-03,BERYLSF1,-23.726171472014325,Baseload
2023-12-10,BERYLSF1,-19.965628232704972,Baseload
2023-12-17,BERYLSF1,-13.973899937820661,Baseload
2023-12-24,BERYLSF1,-20.526397359502546,Baseload
2023-12-31,BERYLSF1,-31.369546581954797,Baseload
2024-01-07,BERYLSF1,-16.38073301105964,Baseload
2024-01-14,BERYLSF1,-17.03055896019167,Baseload
2024-01-21,BERYLSF1,-48.711535289581406,Baseload
2024-01-28,BERYLSF1,-19.22617340824717,Baseload
2024-02-04,BERYLSF1,-28.89377636745813,Baseload
2024-02-11,BERYLSF1,-28.768067332389407,Baseload
2024-02-18,BERYLSF1,-20.44289880175944,Baseload
2024-02-25,BERYLSF1,-30.94234409641853,Baseload
2024-03-03,BERYLSF1,-114.3660025774179,Baseload
2024-03-10,BERYLSF1,-27.45621719218739,Baseload
2024-03-17,BERYLSF1,-21.19928902720796,Baseload
2024-03-24,BERYLSF1,-27.382968285859967,Baseload
2024-03-31,BERYLSF1,-32.08286394214607,Baseload
2024-04-07,BERYLSF1,-29.918623302662603,Baseload
2024-04-14,BERYLSF1,-60.391934162381176,Baseload
2024-04-21,BERYLSF1,-47.23011692332104,Baseload
2024-04-28,BERYLSF1,-55.41792090555987,Baseload
2024-05-05,BERYLSF1,-70.17339763381126,Baseload
2024-05-12,BERYLSF1,-316.23823405284094,Baseload
2024-05-19,BERYLSF1,-63.257116479980134,Baseload
2024-05-26,BERYLSF1,-83.74449696786758,Baseload
2024-06-02,BERYLSF1,-49.71256670987662,Baseload
2024-06-09,BERYLSF1,-61.42104272029207,Baseload
2024-06-16,BERYLSF1,-65.05079934824553,Baseload
2024-06-23,BERYLSF1,-105.40655433745388,Baseload
2024-06-30,BERYLSF1,-51.415337531693226,Baseload
2024-07-07,BERYLSF1,-52.644309277196086,Baseload
2024-07-14,BERYLSF1,-57.71239351425142,Baseload
2024-07-21,BERYLSF1,-54.50770658541803,Baseload
2024-07-28,BERYLSF1,-57.0777772224907,Baseload
2024-08-04,BERYLSF1,-143.88710768287467,Baseload
2024-08-11,BERYLSF1,-351.99488417566556,Baseload
2024-08-18,BERYLSF1,-60.9290504457572,Baseload
2024-08-25,BERYLSF1,-56.73200454470634,Baseload
2024-09-01,BERYLSF1,-36.14357761149988,Baseload
2024-09-08,BERYLSF1,-44.89720774076544,Baseload
2024-09-15,BERYLSF1,-39.61298123267407,Baseload
2024-09-22,BERYLSF1,-45.28936641270942,Baseload
2024-09-29,BERYLSF1,-57.442971525493846,Baseload
2024-10-06,BERYLSF1,-35.40582477145151,Baseload
2024-10-13,BERYLSF1,-21.23563929909922,Baseload
2024-10-20,BERYLSF1,-47.93694383667624,Baseload
2024-10-27,BERYLSF1,-63.98075204313763,Baseload
2024-11-03,BERYLSF1,-31.854722828213397,Baseload
2024-11-10,BERYLSF1,-266.02848530553376,Baseload
2024-11-17,BERYLSF1,-58.901834264923664,Baseload
2024-11-24,BERYLSF1,-73.28837364661018,Baseload
2024-12-01,BERYLSF1,-96.25478812348737,Baseload
2024-12-08,BERYLSF1,-77.5461835216908,Baseload
2024-12-15,BERYLSF1,-79.02393586964845,Baseload
2024-12-22,BERYLSF1,-31.881022432893005,Baseload
2024-12-29,BERYLSF1,-39.447394380683775,Baseload
2025-01-05,BERYLSF1,-31.586911079659885,Baseload
2020-01-05,BROKENH1,-245.38723747448574,Baseload
2020-01-12,BROKENH1,1.0956560648657288,Baseload
2020-01-19,BROKENH1,0.3712729338259635,Baseload
2020-01-26,BROKENH1,17.158605820561277,Baseload
2020-02-02,BROKENH1,149.4588900010143,Baseload
2020-02-09,BROKENH1,2.4695783332055044,Baseload
2020-02-16,BROKENH1,1.676267405453359,Baseload
2020-02-23,BROKENH1,1.6070557194936583,Baseload
2020-03-01,BROKENH1,0.13253960207844528,Baseload
2020-03-08,BROKENH1,-1.0115456503684328,Baseload
2020-03-15,BROKENH1,-3.136133183862107,Baseload
2020-03-22,BROKENH1,-1.1270926879953933,Baseload
2020-03-29,BROKENH1,-1.24221979436426,Baseload
2020-04-05,BROKENH1,-6.049758455634368,Baseload
2020-04-12,BROKENH1,-8.30746458887863,Baseload
2020-04-19,BROKENH1,-9.242898285768003,Baseload
2020-04-26,BROKENH1,-12.534082496736513,Baseload
2020-05-03,BROKENH1,-2.0324144481854276,Baseload
2020-05-10,BROKENH1,-8.974807712164708,Baseload
2020-05-17,BROKENH1,-7.676213018446674,Baseload
2020-05-24,BROKENH1,3.6735257232769385,Baseload
2020-05-31,BROKENH1,-7.7586441164773134,Baseload
2020-06-07,BROKENH1,-5.156742904742821,Baseload
2020-06-14,BROKENH1,-11.497847592957598,Baseload
2020-06-21,BROKENH1,-2.761392369055102,Baseload
2020-06-28,BROKENH1,-4.425065872189492,Baseload
2020-07-05,BROKENH1,-1.3731546778693087,Baseload
2020-07-12,BROKENH1,-2.300027495782956,Baseload
2020-07-19,BROKENH1,-9.068925839659364,Baseload
2020-07-26,BROKENH1,-14.910945959840824,Baseload
2020-08-02,BROKENH1,-6.7461437723948094,Baseload
2020-08-09,BROKENH1,-4.303406479283524,Baseload
2020-08-16,BROKENH1,-1.2094835850855432,Baseload
2020-08-23,BROKENH1,-9.215138140171739,Baseload
2020-08-30,BROKENH1,-27.13728029261486,Baseload
2020-09-06,BROKENH1,-12.03130131758357,Baseload
2020-09-13,BROKENH1,-4.938286310128127,Baseload
2020-09-20,BROKENH1,-9.12585487845407,Baseload
2020-09-27,BROKENH1,-9.53706962253884,Baseload
2020-10-04,BROKENH1,-10.009155579090063,Baseload
2020-10-11,BROKENH1,-17.75146083391806,Baseload
2020-10-18,BROKENH1,-4.774094177728365,Baseload
2020-10-25,BROKENH1,-20.86395717957724,Baseload
2020-11-01,BROKENH1,-3.9679066091932995,Baseload
2020-11-08,BROKENH1,-11.630799262612733,Baseload
2020-11-15,BROKENH1,-3.561951178932162,Baseload
2020-11-22,BROKENH1,59.998444581606236,Baseload
2020-11-29,BROKENH1,-6.544364839427168,Baseload
2020-12-06,BROKENH1,-8.15808202921837,Baseload
2020-12-13,BROKENH1,-7.25034626793456,Baseload
2020-12-20,BROKENH1,134.57816921759786,Baseload
2020-12-27,BROKENH1,-5.75732173690492,Baseload
2021-01-03,BROKENH1,-2.6475447146546074,Baseload
2021-01-10,BROKENH1,-2.193797188951919,Baseload
2021-01-17,BROKENH1,-1.2896577787122894,Baseload
2021-01-24,BROKENH1,-0.6253549041071835,Baseload
2021-01-31,BROKENH1,-1.5057071916720304,Baseload
2021-02-07,BROKENH1,-0.887802473616965,Baseload
2021-02-14,BROKENH1,-1.6080055826398834,Baseload
2021-02-21,BROKENH1,-0.7697658890421124,Baseload
2021-02-28,BROKENH1,-2.678848200423996,Baseload
2021-03-07,BROKENH1,-5.433226250933362,Baseload
2021-03-14,BROKENH1,-2.9210247139487606,Baseload
2021-03-21,BROKENH1,-0.6494168548554882,Baseload
2021-03-28,BROKENH1,-11.545830035698806,Baseload
2021-04-04,BROKENH1,-9.16372685337394,Baseload
2021-04-11,BROKENH1,-12.504344579626462,Baseload
2021-04-18,BROKENH1,-15.49235592712634,Baseload
2021-04-25,BROKENH1,-35.38447436787884,Baseload
2021-05-02,BROKENH1,-23.980784079430194,Baseload
2021-05-09,BROKENH1,-10.312296319269024,Baseload
2021-05-16,BROKENH1,-19.726493964472795,Baseload
2021-05-23,BROKENH1,-117.84546634244896,Baseload
2021-05-30,BROKENH1,-112.12178513964977,Baseload
2021-06-06,BROKENH1,-83.67665805111261,Baseload
2021-06-13,BROKENH1,-147.50117943740426,Baseload
2021-06-20,BROKENH1,-106.85788605628787,Baseload
2021-06-27,BROKENH1,-27.216746102532994,Baseload
2021-07-04,BROKENH1,-12.115798777531268,Baseload
2021-07-11,BROKENH1,-45.47952258117297,Baseload
2021-07-18,BROKENH1,22.79252395525394,Baseload
2021-07-25,BROKENH1,-55.15160001862489,Baseload
2021-08-01,BROKENH1,-26.722685274301178,Baseload
2021-08-08,BROKENH1,-21.75174567725417,Baseload
2021-08-15,BROKENH1,-31.01945029868632,Baseload
2021-08-22,BROKENH1,-38.39106943215671,Baseload
2021-08-29,BROKENH1,-23.448061404069136,Baseload
2021-09-05,BROKENH1,-17.231347564237446,Baseload
2021-09-12,BROKENH1,-34.15615303966762,Baseload
2021-09-19,BROKENH1,-13.89767644824876,Baseload
2021-09-26,BROKENH1,-28.800186397916466,Baseload
2021-10-03,BROKENH1,-19.33898239411907,Baseload
2021-10-10,BROKENH1,-40.242822649481944,Baseload
2021-10-17,BROKENH1,-21.304356060845244,Baseload
2021-10-24,BROKENH1,-18.28488910363238,Baseload
2021-10-31,BROKENH1,-15.944290794418336,Baseload
2021-11-07,BROKENH1,-10.240470777483743,Baseload
2021-11-14,BROKENH1,-18.799067328019504,Baseload
2021-11-21,BROKENH1,-16.922996522227635,Baseload
2021-11-28,BROKENH1,-8.975920605886834,Baseload
2021-12-05,BROKENH1,-4.482322255466812,Baseload
2021-12-12,BROKENH1,-14.297143675070842,Baseload
2021-12-19,BROKENH1,-11.73813426606501,Baseload
2021-12-26,BROKENH1,-5.671836489155822,Baseload
2022-01-02,BROKENH1,-19.099288548116235,Baseload
2022-01-09,BROKENH1,-4.41363476690907,Baseload
2022-01-16,BROKENH1,-0.20391577682380557,Baseload
2022-01-23,BROKENH1,-9.105010905358661,Baseload
2022-01-30,BROKENH1,-0.4323446714895738,Baseload
2022-02-06,BROKENH1,-19.253732368667926,Baseload
2022-02-13,BROKENH1,-9.149687812052065,Baseload
2022-02-20,BROKENH1,-8.779915254726944,Baseload
2022-02-27,BROKENH1,14.520186534365493,Baseload
2022-03-06,BROKENH1,-7.364610073219836,Baseload
2022-03-13,BROKENH1,-11.659594991310726,Baseload
2022-03-20,BROKENH1,-13.184449222993933,Baseload
2022-03-27,BROKENH1,-7.36898140518332,Baseload
2022-04-03,BROKENH1,-34.8052138470708,Baseload
2022-04-10,BROKENH1,-27.049513501095674,Baseload
2022-04-17,BROKENH1,-43.35149841119885,Baseload
2022-04-24,BROKENH1,-26.186420893735743,Baseload
2022-05-01,BROKENH1,-44.252762756158944,Baseload
2022-05-08,BROKENH1,-216.5981592755141,Baseload
2022-05-15,BROKENH1,-23.5347388832829,Baseload
2022-05-22,BROKENH1,-38.14730745556005,Baseload
2022-05-29,BROKENH1,-49.29869409128571,Baseload
2022-06-05,BROKENH1,-115.95505234747856,Baseload
2022-06-12,BROKENH1,-111.90357764483736,Baseload
2022-06-19,BROKENH1,-68.49087326976917,Baseload
2022-06-26,BROKENH1,-68.22080636061315,Baseload
2022-07-03,BROKENH1,-19.81617180492168,Baseload
2022-07-10,BROKENH1,-59.33648745697508,Baseload
2022-07-17,BROKENH1,-156.45011244476063,Baseload
2022-07-24,BROKENH1,-130.49073928299492,Baseload
2022-07-31,BROKENH1,-87.76626400397356,Baseload
2022-08-07,BROKENH1,-49.544016943296455,Baseload
2022-08-14,BROKENH1,-50.53044236301719,Baseload
2022-08-21,BROKENH1,-63.024509706898854,Baseload
2022-08-28,BROKENH1,-51.66363685981008,Baseload
2022-09-04,BROKENH1,-36.12058983963685,Baseload
2022-09-11,BROKENH1,-65.92108121581641,Baseload
2022-09-18,BROKENH1,-92.04362533404988,Baseload
2022-09-25,BROKENH1,-86.78171912292677,Baseload
2022-10-02,BROKENH1,-47.99181873281937,Baseload
2022-10-09,BROKENH1,-30.83709382317221,Baseload
2022-10-16,BROKENH1,-65.16005713709345,Baseload
2022-10-23,BROKENH1,-16.66342452950292,Baseload
2022-10-30,BROKENH1,-82.94176353958426,Baseload
2022-11-06,BROKENH1,-50.265100981048676,Baseload
2022-11-13,BROKENH1,-40.98971096882987,Baseload
2022-11-20,BROKENH1,-74.93676821433644,Baseload
2022-11-27,BROKENH1,-64.9773898966369,Baseload
2022-12-04,BROKENH1,-38.29363846536155,Baseload
2022-12-11,BROKENH1,-52.739490656112395,Baseload
2022-12-18,BROKENH1,-45.563952398782725,Baseload
2022-12-25,BROKENH1,-39.850224988550515,Baseload
2023-01-01,BROKENH1,-30.339374061785648,Baseload
2023-01-08,BROKENH1,-27.31043301684923,Baseload
2023-01-15,BROKENH1,-21.124049155589873,Baseload
2023-01-22,BROKENH1,-20.417403755315732,Baseload
2023-01-29,BROKENH1,-15.437659394772979,Baseload
2023-02-05,BROKENH1,-36.501608722742745,Baseload
2023-02-12,BROKENH1,-19.108761058863237,Baseload
2023-02-19,BROKENH1,-14.130929659040078,Baseload
2023-02-26,BROKENH1,-20.859941382652643,Baseload
2023-03-05,BROKENH1,-19.76061895155354,Baseload
2023-03-12,BROKENH1,-11.13556955728474,Baseload
2023-03-19,BROKENH1,-73.76667995936018,Baseload
2023-03-26,BROKENH1,-16.527345853185025,Baseload
2023-04-02,BROKENH1,-11.657341838576997,Baseload
2023-04-09,BROKENH1,-44.148638550619225,Baseload
2023-04-16,BROKENH1,-47.014766017452466,Baseload
2023-04-23,BROKENH1,-42.018925506504885,Baseload
2023-04-30,BROKENH1,-38.45722980494726,Baseload
2023-05-07,BROKENH1,-53.72060359154139,Baseload
2023-05-14,BROKENH1,-58.98337387391608,Baseload
2023-05-21,BROKENH1,-46.21483684343892,Baseload
2023-05-28,BROKENH1,-160.09185785077034,Baseload
2023-06-04,BROKENH1,-82.11287031725027,Baseload
2023-06-11,BROKENH1,-22.378899685563155,Baseload
2023-06-18,BROKENH1,-28.154397239908917,Baseload
2023-06-25,BROKENH1,-88.402729583876,Baseload
2023-07-02,BROKENH1,-43.306751009312144,Baseload
2023-07-09,BROKENH1,-64.44516154224227,Baseload
2023-07-16,BROKENH1,-37.80913138638624,Baseload
2023-07-23,BROKENH1,-39.97217316274363,Baseload
2023-07-30,BROKENH1,-53.03742767544903,Baseload
2023-08-06,BROKENH1,-46.21319704983346,Baseload
2023-08-13,BROKENH1,-39.56834940341161,Baseload
2023-08-20,BROKENH1,-75.90049577173255,Baseload
2023-08-27,BROKENH1,-54.908721764754944,Baseload
2023-09-03,BROKENH1,-55.76230013992722,Baseload
2023-09-10,BROKENH1,-61.10612528025893,Baseload
2023-09-17,BROKENH1,-51.734689808928586,Baseload
2023-09-24,BROKENH1,-32.67271065416012,Baseload
2023-10-01,BROKENH1,-35.2093509341174,Baseload
2023-10-08,BROKENH1,-40.473876351636335,Baseload
2023-10-15,BROKENH1,-49.67795463245282,Baseload
2023-10-22,BROKENH1,-33.457236740928494,Baseload
2023-10-29,BROKENH1,-28.504442182879664,Baseload
2023-11-05,BROKENH1,-38.330909994578356,Baseload
2023-11-12,BROKENH1,-53.65752349118631,Baseload
2023-11-19,BROKENH1,-54.78071833185747,Baseload
2023-11-26,BROKENH1,-14.451141564522544,Baseload
2023-12-03,BROKENH1,-19.892631598467425,Baseload
2023-12-10,BROKENH1,1.7039761492904546,Baseload
2023-12-17,BROKENH1,-10.311882421904656,Baseload
2023-12-24,BROKENH1,-18.398488601084978,Baseload
2023-12-31,BROKENH1,-27.807056146613377,Baseload
2024-01-07,BROKENH1,-13.0188476630805,Baseload
2024-01-14,BROKENH1,-15.090184678942762,Baseload
2024-01-21,BROKENH1,-49.085255737402846,Baseload
2024-01-28,BROKENH1,-17.497491165868055,Baseload
2024-02-04,BROKENH1,-29.001437845107077,Baseload
2024-02-11,BROKENH1,-18.55132531011926,Baseload
2024-02-18,BROKENH1,-16.311821222247154,Baseload
2024-02-25,BROKENH1,-38.61442171759201,Baseload
2024-03-03,BROKENH1,66.83129003379068,Baseload
2024-03-10,BROKENH1,-26.11658562094142,Baseload
2024-03-17,BROKENH1,-9.9162920631358,Baseload
2024-03-24,BROKENH1,-21.938484656452367,Baseload
2024-03-31,BROKENH1,-28.545888230025405,Baseload
2024-04-07,BROKENH1,-18.55072272850154,Baseload
2024-04-14,BROKENH1,-48.5095377447053,Baseload
2024-04-21,BROKENH1,-39.98907391973762,Baseload
2024-04-28,BROKENH1,-55.73406413799557,Baseload
2024-05-05,BROKENH1,-64.47716152119796,Baseload
2024-05-12,BROKENH1,-438.6578388388344,Baseload
2024-05-19,BROKENH1,-57.24087545814624,Baseload
2024-05-26,BROKENH1,-88.19203263657117,Baseload
2024-06-02,BROKENH1,-36.33342995879967,Baseload
2024-06-09,BROKENH1,-45.19571719942866,Baseload
2024-06-16,BROKENH1,-55.78982976893691,Baseload
2024-06-23,BROKENH1,-87.7133834681224,Baseload
2024-06-30,BROKENH1,-57.88816249954514,Baseload
2024-07-07,BROKENH1,-51.933670639084184,Baseload
2024-07-14,BROKENH1,-43.92593291125387,Baseload
2024-07-21,BROKENH1,-51.521484531144026,Baseload
2024-07-28,BROKENH1,-40.968147275573536,Baseload
2024-08-04,BROKENH1,-139.17703079372706,Baseload
2024-08-11,BROKENH1,-315.3947758321633,Baseload
2024-08-18,BROKENH1,-45.44318444481341,Baseload
2024-08-25,BROKENH1,-50.06573991905837,Baseload
2024-09-01,BROKENH1,-49.86084715206913,Baseload
2024-09-08,BROKENH1,-54.06202509465562,Baseload
2024-09-15,BROKENH1,-54.60560617433957,Baseload
2024-09-22,BROKENH1,36.39547130219457,Baseload
2024-09-29,BROKENH1,-66.63500359967931,Baseload
2024-10-06,BROKENH1,-47.98730011079977,Baseload
2024-10-13,BROKENH1,-39.203626302800586,Baseload
2024-10-20,BROKENH1,1.748608470541086,Baseload
2024-10-27,BROKENH1,,Baseload
2024-11-03,BROKENH1,-58.819965634783046,Baseload
2024-11-10,BROKENH1,-238.65870463941474,Baseload
2024-11-17,BROKENH1,-65.03831245869068,Baseload
2024-11-24,BROKENH1,-75.64035929761657,Baseload
2024-12-01,BROKENH1,248.3689923852047,Baseload
2024-12-08,BROKENH1,-90.52575978223621,Baseload
2024-12-15,BROKENH1,-91.21913709578256,Baseload
2024-12-22,BROKENH1,-57.118685824319115,Baseload
2024-12-29,BROKENH1,-51.15083421769324,Baseload
2025-01-05,BROKENH1,-24.102428251306648,Baseload
2020-01-05,COLEASF1,-163.2705484106917,Baseload
2020-01-12,COLEASF1,1.3147121291525607,Baseload
2020-01-19,COLEASF1,-0.4717576166010602,Baseload
2020-01-26,COLEASF1,11.087404955765663,Baseload
2020-02-02,COLEASF1,231.57054313300972,Baseload
2020-02-09,COLEASF1,4.410447084943733,Baseload
2020-02-16,COLEASF1,0.8904822962943442,Baseload
2020-02-23,COLEASF1,0.5607662912912446,Baseload
2020-03-01,COLEASF1,0.7883055707985918,Baseload
2020-03-08,COLEASF1,-0.8600565706143541,Baseload
2020-03-15,COLEASF1,-2.033143454279447,Baseload
2020-03-22,COLEASF1,-1.8756252247574423,Baseload
2020-03-29,COLEASF1,-1.012811333898341,Baseload
2020-04-05,COLEASF1,-2.707225564292159,Baseload
2020-04-12,COLEASF1,-7.229763127766333,Baseload
2020-04-19,COLEASF1,-8.377365315459326,Baseload
2020-04-26,COLEASF1,-11.067277233993483,Baseload
2020-05-03,COLEASF1,-1.370735998008783,Baseload
2020-05-10,COLEASF1,-7.8750119212213505,Baseload
2020-05-17,COLEASF1,-7.088934525136182,Baseload
2020-05-24,COLEASF1,2.245262611693029,Baseload
2020-05-31,COLEASF1,-3.932519168921374,Baseload
2020-06-07,COLEASF1,,Baseload
2020-06-14,COLEASF1,,Baseload
2020-06-21,COLEASF1,-4.187944269818047,Baseload
2020-06-28,COLEASF1,-5.722606105882861,Baseload
2020-07-05,COLEASF1,-1.0987855648686065,Baseload
2020-07-12,COLEASF1,-3.118202142619623,Baseload
2020-07-19,COLEASF1,-9.132028275614623,Baseload
2020-07-26,COLEASF1,-16.444971187550458,Baseload
2020-08-02,COLEASF1,-7.445531557071867,Baseload
2020-08-09,COLEASF1,-6.169560655766283,Baseload
2020-08-16,COLEASF1,-5.208672653563987,Baseload
2020-08-23,COLEASF1,-8.19664731317377,Baseload
2020-08-30,COLEASF1,-32.540596610235525,Baseload
2020-09-06,COLEASF1,-11.878536609371707,Baseload
2020-09-13,COLEASF1,-4.934871090730091,Baseload
2020-09-20,COLEASF1,-8.020553051750209,Baseload
2020-09-27,COLEASF1,-8.636598264659163,Baseload
2020-10-04,COLEASF1,-8.952649253863004,Baseload
2020-10-11,COLEASF1,-19.23853599998388,Baseload
2020-10-18,COLEASF1,-5.0947483153780695,Baseload
2020-10-25,COLEASF1,-13.116632869316092,Baseload
2020-11-01,COLEASF1,-5.3163830115219355,Baseload
2020-11-08,COLEASF1,-7.434585648009076,Baseload
2020-11-15,COLEASF1,-2.223935047371377,Baseload
2020-11-22,COLEASF1,30.763267103501647,Baseload
2020-11-29,COLEASF1,8.552608667728535,Baseload
2020-12-06,COLEASF1,6.454294661294071,Baseload
2020-12-13,COLEASF1,-6.437071402402658,Baseload
2020-12-20,COLEASF1,49.93555082251166,Baseload
2020-12-27,COLEASF1,-5.937871484910261,Baseload
2021-01-03,COLEASF1,-2.5300476681124557,Baseload
2021-01-10,COLEASF1,-2.080715207917649,Baseload
2021-01-17,COLEASF1,-2.025484548286869,Baseload
2021-01-24,COLEASF1,-1.3301380905601263,Baseload
2021-01-31,COLEASF1,-1.7421345403520547,Baseload
2021-02-07,COLEASF1,-1.824767718582585,Baseload
2021-02-14,COLEASF1,-1.361100023515057,Baseload
2021-02-21,COLEASF1,-1.1030041491090188,Baseload
2021-02-28,COLEASF1,-2.4140490920472963,Baseload
2021-03-07,COLEASF1,-4.312554567464634,Baseload
2021-03-14,COLEASF1,-3.479220854725874,Baseload
2021-03-21,COLEASF1,-1.0728603139324093,Baseload
2021-03-28,COLEASF1,-14.705067909606285,Baseload
2021-04-04,COLEASF1,-8.920160053474572,Baseload
2021-04-11,COLEASF1,-11.449990291221809,Baseload
2021-04-18,COLEASF1,-15.774117662602443,Baseload
2021-04-25,COLEASF1,-37.045395735268166,Baseload
2021-05-02,COLEASF1,-22.651091269727054,Baseload
2021-05-09,COLEASF1,-12.105693114127185,Baseload
2021-05-16,COLEASF1,-22.244675803176285,Baseload
2021-05-23,COLEASF1,-134.96065788717198,Baseload
2021-05-30,COLEASF1,-124.04041727348462,Baseload
2021-06-06,COLEASF1,-104.47333478574733,Baseload
2021-06-13,COLEASF1,-149.581084877605,Baseload
2021-06-20,COLEASF1,-112.78789590246005,Baseload
2021-06-27,COLEASF1,-23.355477733281617,Baseload
2021-07-04,COLEASF1,-21.535394032729947,Baseload
2021-07-11,COLEASF1,-40.37253699777105,Baseload
2021-07-18,COLEASF1,-45.04386115754825,Baseload
2021-07-25,COLEASF1,-23.927417894168215,Baseload
2021-08-01,COLEASF1,-28.24929532385559,Baseload
2021-08-08,COLEASF1,-21.052348478118617,Baseload
2021-08-15,COLEASF1,-24.37527149757909,Baseload
2021-08-22,COLEASF1,-35.12668412476281,Baseload
2021-08-29,COLEASF1,-23.29375458394179,Baseload
2021-09-05,COLEASF1,-19.87799090494594,Baseload
2021-09-12,COLEASF1,-25.253387103520296,Baseload
2021-09-19,COLEASF1,-30.258291088353555,Baseload
2021-09-26,COLEASF1,-23.862169066974673,Baseload
2021-10-03,COLEASF1,-18.647105846461933,Baseload
2021-10-10,COLEASF1,-34.68281490646537,Baseload
2021-10-17,COLEASF1,-18.98505011841634,Baseload
2021-10-24,COLEASF1,-16.667978147108272,Baseload
2021-10-31,COLEASF1,-20.451230761773324,Baseload
2021-11-07,COLEASF1,-6.7059865392981735,Baseload
2021-11-14,COLEASF1,-2.977469757686272,Baseload
2021-11-21,COLEASF1,-25.279872974779444,Baseload
2021-11-28,COLEASF1,-14.392287395232039,Baseload
2021-12-05,COLEASF1,-16.089627080159396,Baseload
2021-12-12,COLEASF1,-18.225405306137347,Baseload
2021-12-19,COLEASF1,-14.963661720773032,Baseload
2021-12-26,COLEASF1,-6.992859610156387,Baseload
2022-01-02,COLEASF1,-15.461027093962535,Baseload
2022-01-09,COLEASF1,-8.085936465191665,Baseload
2022-01-16,COLEASF1,-4.785863694996763,Baseload
2022-01-23,COLEASF1,-8.728945684846522,Baseload
2022-01-30,COLEASF1,-0.614014316267756,Baseload
2022-02-06,COLEASF1,-13.033744987977137,Baseload
2022-02-13,COLEASF1,-9.883675941454015,Baseload
2022-02-20,COLEASF1,-7.987113160600231,Baseload
2022-02-27,COLEASF1,15.661463740602116,Baseload
2022-03-06,COLEASF1,-10.27514853058814,Baseload
2022-03-13,COLEASF1,-12.404948190312055,Baseload
2022-03-20,COLEASF1,-17.190140472121655,Baseload
2022-03-27,COLEASF1,-8.501108394473746,Baseload
2022-04-03,COLEASF1,-37.689456877670764,Baseload
2022-04-10,COLEASF1,-47.64885462367934,Baseload
2022-04-17,COLEASF1,-53.68790353509765,Baseload
2022-04-24,COLEASF1,-44.2227165463955,Baseload
2022-05-01,COLEASF1,-58.59376830481284,Baseload
2022-05-08,COLEASF1,-223.38761528958972,Baseload
2022-05-15,COLEASF1,-20.982917343155123,Baseload
2022-05-22,COLEASF1,-20.32872443877369,Baseload
2022-05-29,COLEASF1,-48.41040480102032,Baseload
2022-06-05,COLEASF1,-119.65419265732015,Baseload
2022-06-12,COLEASF1,-124.51540325337771,Baseload
2022-06-19,COLEASF1,-49.54209217531064,Baseload
2022-06-26,COLEASF1,-79.213369463795,Baseload
2022-07-03,COLEASF1,-19.20022267896411,Baseload
2022-07-10,COLEASF1,-86.46229458529382,Baseload
2022-07-17,COLEASF1,-150.1460508691743,Baseload
2022-07-24,COLEASF1,-92.00875234004906,Baseload
2022-07-31,COLEASF1,-126.46604078472069,Baseload
2022-08-07,COLEASF1,-49.85906740796372,Baseload
2022-08-14,COLEASF1,-50.86602980659609,Baseload
2022-08-21,COLEASF1,-57.6870335171444,Baseload
2022-08-28,COLEASF1,-44.63112853740391,Baseload
2022-09-04,COLEASF1,-26.776851017819112,Baseload
2022-09-11,COLEASF1,-62.74587923429402,Baseload
2022-09-18,COLEASF1,-90.22178237338919,Baseload
2022-09-25,COLEASF1,-96.01870789193245,Baseload
2022-10-02,COLEASF1,-58.46471987938192,Baseload
2022-10-09,COLEASF1,-50.20270242741249,Baseload
2022-10-16,COLEASF1,-63.37132398457295,Baseload
2022-10-23,COLEASF1,-15.933116903617531,Baseload
2022-10-30,COLEASF1,-114.12238326026251,Baseload
2022-11-06,COLEASF1,-58.176856052346814,Baseload
2022-11-13,COLEASF1,-44.57797687959673,Baseload
2022-11-20,COLEASF1,-65.76838493129753,Baseload
2022-11-27,COLEASF1,-43.03217950162279,Baseload
2022-12-04,COLEASF1,-37.06859463458677,Baseload
2022-12-11,COLEASF1,-48.17075823327484,Baseload
2022-12-18,COLEASF1,-38.319252741052644,Baseload
2022-12-25,COLEASF1,-39.18046807537922,Baseload
2023-01-01,COLEASF1,-34.031580254719834,Baseload
2023-01-08,COLEASF1,-32.61194427226651,Baseload
2023-01-15,COLEASF1,-18.243079579851184,Baseload
2023-01-22,COLEASF1,-16.14170791460377,Baseload
2023-01-29,COLEASF1,-19.495086678057675,Baseload
2023-02-05,COLEASF1,-21.345380303234222,Baseload
2023-02-12,COLEASF1,-18.211934227710998,Baseload
2023-02-19,COLEASF1,-19.848509351573625,Baseload
2023-02-26,COLEASF1,-17.122280997341832,Baseload
2023-03-05,COLEASF1,-8.695790768509653,Baseload
2023-03-12,COLEASF1,-15.483115537084274,Baseload
2023-03-19,COLEASF1,-75.46600355380859,Baseload
2023-03-26,COLEASF1,-20.679972330252085,Baseload
2023-04-02,COLEASF1,-47.593951068567335,Baseload
2023-04-09,COLEASF1,-41.64646020287893,Baseload
2023-04-16,COLEASF1,-48.93058560402115,Baseload
2023-04-23,COLEASF1,-44.70950123581723,Baseload
2023-04-30,COLEASF1,-54.74926903617502,Baseload
2023-05-07,COLEASF1,-62.94392649943373,Baseload
2023-05-14,COLEASF1,-62.71511565054759,Baseload
2023-05-21,COLEASF1,-51.98108089278543,Baseload
2023-05-28,COLEASF1,-161.78215202895194,Baseload
2023-06-04,COLEASF1,-88.7928162549823,Baseload
2023-06-11,COLEASF1,-29.101095828325654,Baseload
2023-06-18,COLEASF1,-40.533342626281055,Baseload
2023-06-25,COLEASF1,-79.30148174987703,Baseload
2023-07-02,COLEASF1,-44.91712090833287,Baseload
2023-07-09,COLEASF1,-45.94055812766496,Baseload
2023-07-16,COLEASF1,-37.83679623694535,Baseload
2023-07-23,COLEASF1,-42.4305200787347,Baseload
2023-07-30,COLEASF1,-56.603845222912035,Baseload
2023-08-06,COLEASF1,-50.415032586812806,Baseload
2023-08-13,COLEASF1,-44.54739988684245,Baseload
2023-08-20,COLEASF1,-73.30188539108744,Baseload
2023-08-27,COLEASF1,-49.26950894229926,Baseload
2023-09-03,COLEASF1,-55.146022999849656,Baseload
2023-09-10,COLEASF1,-73.11912275335092,Baseload
2023-09-17,COLEASF1,-50.339392120290924,Baseload
2023-09-24,COLEASF1,-38.86837196358934,Baseload
2023-10-01,COLEASF1,-37.41357500659803,Baseload
2023-10-08,COLEASF1,-50.63606243426453,Baseload
2023-10-15,COLEASF1,-54.99880276644117,Baseload
2023-10-22,COLEASF1,-31.696105319995805,Baseload
2023-10-29,COLEASF1,-38.98292929626762,Baseload
2023-11-05,COLEASF1,-19.723894267677366,Baseload
2023-11-12,COLEASF1,-27.92629143929375,Baseload
2023-11-19,COLEASF1,-37.42081522294629,Baseload
2023-11-26,COLEASF1,-24.174433049475887,Baseload
2023-12-03,COLEASF1,-24.91290152253276,Baseload
2023-12-10,COLEASF1,-29.64367956196331,Baseload
2023-12-17,COLEASF1,-14.94193881617241,Baseload
2023-12-24,COLEASF1,-10.481937861191035,Baseload
2023-12-31,COLEASF1,-27.875243761090427,Baseload
2024-01-07,COLEASF1,-16.415649918491404,Baseload
2024-01-14,COLEASF1,-12.684051232886297,Baseload
2024-01-21,COLEASF1,-21.806477516664458,Baseload
2024-01-28,COLEASF1,-22.476277948181576,Baseload
2024-02-04,COLEASF1,-16.618322093222645,Baseload
2024-02-11,COLEASF1,-34.55173521090988,Baseload
2024-02-18,COLEASF1,-15.124918356301109,Baseload
2024-02-25,COLEASF1,-22.971774348266734,Baseload
2024-03-03,COLEASF1,-41.0148777842586,Baseload
2024-03-10,COLEASF1,-25.72474974559448,Baseload
2024-03-17,COLEASF1,-22.05434250240433,Baseload
2024-03-24,COLEASF1,-22.196825159719964,Baseload
2024-03-31,COLEASF1,-29.592657604155406,Baseload
2024-04-07,COLEASF1,-24.503434401391118,Baseload
2024-04-14,COLEASF1,-55.36753776473901,Baseload
2024-04-21,COLEASF1,-56.75770551552112,Baseload
2024-04-28,COLEASF1,-55.536939401432626,Baseload
2024-05-05,COLEASF1,-70.9300859951538,Baseload
2024-05-12,COLEASF1,-514.8946251794741,Baseload
2024-05-19,COLEASF1,-61.84537208437712,Baseload
2024-05-26,COLEASF1,-87.07201643819126,Baseload
2024-06-02,COLEASF1,-33.127633281274015,Baseload
2024-06-09,COLEASF1,-55.75205585920601,Baseload
2024-06-16,COLEASF1,-84.38627985933029,Baseload
2024-06-23,COLEASF1,-101.3360491599079,Baseload
2024-06-30,COLEASF1,-58.30964684340687,Baseload
2024-07-07,COLEASF1,-52.301068329181646,Baseload
2024-07-14,COLEASF1,-63.47172683452425,Baseload
2024-07-21,COLEASF1,-45.670929655349525,Baseload
2024-07-28,COLEASF1,-43.97136495551587,Baseload
2024-08-04,COLEASF1,-141.53096370952068,Baseload
2024-08-11,COLEASF1,-318.63269285636505,Baseload
2024-08-18,COLEASF1,-34.52714735344318,Baseload
2024-08-25,COLEASF1,-55.05986884376132,Baseload
2024-09-01,COLEASF1,-59.67110307457443,Baseload
2024-09-08,COLEASF1,-57.099806659747514,Baseload
2024-09-15,COLEASF1,-54.10041518111238,Baseload
2024-09-22,COLEASF1,-52.326539176612485,Baseload
2024-09-29,COLEASF1,-77.53300694270489,Baseload
2024-10-06,COLEASF1,-42.56907269832159,Baseload
2024-10-13,COLEASF1,-29.554266077369668,Baseload
2024-10-20,COLEASF1,-34.5068071096128,Baseload
2024-10-27,COLEASF1,-61.86124850430615,Baseload
2024-11-03,COLEASF1,-28.345811741184598,Baseload
2024-11-10,COLEASF1,-243.55755726776624,Baseload
2024-11-17,COLEASF1,-52.91493392864574,Baseload
2024-11-24,COLEASF1,-70.8643903685647,Baseload
2024-12-01,COLEASF1,124.87746115936568,Baseload
2024-12-08,COLEASF1,-53.0420090508411,Baseload
2024-12-15,COLEASF1,-63.493974418345516,Baseload
2024-12-22,COLEASF1,-30.12483231489624,Baseload
2024-12-29,COLEASF1,-43.911719818131495,Baseload
2025-01-05,COLEASF1,-30.086377284410837,Baseload
2020-01-05,FINLYSF1,-127.04094873511062,Baseload
2020-01-12,FINLYSF1,0.7741321957711733,Baseload
2020-01-19,FINLYSF1,-1.0219556623001864,Baseload
2020-01-26,FINLYSF1,-1.0511439475412914,Baseload
2020-02-02,FINLYSF1,93.68637300764823,Baseload
2020-02-09,FINLYSF1,3.883039307659523,Baseload
2020-02-16,FINLYSF1,1.9236810799596356,Baseload
2020-02-23,FINLYSF1,0.8659398976650934,Baseload
2020-03-01,FINLYSF1,0.33461692423544065,Baseload
2020-03-08,FINLYSF1,1.7631507146210694,Baseload
2020-03-15,FINLYSF1,-1.8362317947156654,Baseload
2020-03-22,FINLYSF1,-1.5194542690355632,Baseload
2020-03-29,FINLYSF1,-0.98985181426022,Baseload
2020-04-05,FINLYSF1,-5.09212731223851,Baseload
2020-04-12,FINLYSF1,-8.186201445702785,Baseload
2020-04-19,FINLYSF1,-8.603886450016404,Baseload
2020-04-26,FINLYSF1,-11.646775327353115,Baseload
2020-05-03,FINLYSF1,-0.7387559615285042,Baseload
2020-05-10,FINLYSF1,-2.5411030400759103,Baseload
2020-05-17,FINLYSF1,-7.071271145679695,Baseload
2020-05-24,FINLYSF1,2.4929687759992376,Baseload
2020-05-31,FINLYSF1,-6.810170986855233,Baseload
2020-06-07,FINLYSF1,-4.246102360834939,Baseload
2020-06-14,FINLYSF1,-14.638558834133846,Baseload
2020-06-21,FINLYSF1,-2.9430762410300204,Baseload
2020-06-28,FINLYSF1,-5.357081474873851,Baseload
2020-07-05,FINLYSF1,-1.2788630386872768,Baseload
2020-07-12,FINLYSF1,-4.023832790821821,Baseload
2020-07-19,FINLYSF1,-14.638787810778496,Baseload
2020-07-26,FINLYSF1,-15.339458117033772,Baseload
2020-08-02,FINLYSF1,-7.075963979310913,Baseload
2020-08-09,FINLYSF1,-5.295132729145699,Baseload
2020-08-16,FINLYSF1,-4.437164121146999,Baseload
2020-08-23,FINLYSF1,-8.696317904936855,Baseload
2020-08-30,FINLYSF1,-32.88629294030535,Baseload
2020-09-06,FINLYSF1,-12.453753874052452,Baseload
2020-09-13,FINLYSF1,-5.142195648636246,Baseload
2020-09-20,FINLYSF1,-9.027325398794577,Baseload
2020-09-27,FINLYSF1,-8.29795007718743,Baseload
2020-10-04,FINLYSF1,-8.239168771867948,Baseload
2020-10-11,FINLYSF1,-19.622108492145692,Baseload
2020-10-18,FINLYSF1,-4.790336457673966,Baseload
2020-10-25,FINLYSF1,-23.326635044397705,Baseload
2020-11-01,FINLYSF1,-7.049070897574886,Baseload
2020-11-08,FINLYSF1,-6.572782207540534,Baseload
2020-11-15,FINLYSF1,-3.69541898335045,Baseload
2020-11-22,FINLYSF1,62.736480034901376,Baseload
2020-11-29,FINLYSF1,-9.389161155037435,Baseload
2020-12-06,FINLYSF1,6.520955209759123,Baseload
2020-12-13,FINLYSF1,-4.899349698745986,Baseload
2020-12-20,FINLYSF1,96.2333034075557,Baseload
2020-12-27,FINLYSF1,-4.78165354326876,Baseload
2021-01-03,FINLYSF1,-2.499915180972696,Baseload
2021-01-10,FINLYSF1,-1.8665115832952495,Baseload
2021-01-17,FINLYSF1,-2.8353637042136555,Baseload
2021-01-24,FINLYSF1,-0.9762628508395181,Baseload
2021-01-31,FINLYSF1,-0.10107262053630706,Baseload
2021-02-07,FINLYSF1,-1.5101290084665848,Baseload
2021-02-14,FINLYSF1,-1.2484920237752632,Baseload
2021-02-21,FINLYSF1,-0.6749661449807718,Baseload
2021-02-28,FINLYSF1,-2.096515626770085,Baseload
2021-03-07,FINLYSF1,-4.3182673683668185,Baseload
2021-03-14,FINLYSF1,-3.297951829087893,Baseload
2021-03-21,FINLYSF1,-1.195784300859792,Baseload
2021-03-28,FINLYSF1,-14.803865919008622,Baseload
2021-04-04,FINLYSF1,-8.74741867919861,Baseload
2021-04-11,FINLYSF1,-14.470554742726883,Baseload
2021-04-18,FINLYSF1,-15.350585065059818,Baseload
2021-04-25,FINLYSF1,-37.98595126278334,Baseload
2021-05-02,FINLYSF1,-22.018147165210976,Baseload
2021-05-09,FINLYSF1,-12.101436435313921,Baseload
2021-05-16,FINLYSF1,-21.68367051435561,Baseload
2021-05-23,FINLYSF1,-135.64790977862077,Baseload
2021-05-30,FINLYSF1,-123.30222087315053,Baseload
2021-06-06,FINLYSF1,-98.07611491324005,Baseload
2021-06-13,FINLYSF1,-146.89678278006141,Baseload
2021-06-20,FINLYSF1,-106.69202011259405,Baseload
2021-06-27,FINLYSF1,-11.460969603615851,Baseload
2021-07-04,FINLYSF1,-8.986388323555104,Baseload
2021-07-11,FINLYSF1,-58.0098076931902,Baseload
2021-07-18,FINLYSF1,-44.14437692200403,Baseload
2021-07-25,FINLYSF1,-21.912228684925594,Baseload
2021-08-01,FINLYSF1,-28.652898353094873,Baseload
2021-08-08,FINLYSF1,-20.781811765058507,Baseload
2021-08-15,FINLYSF1,-28.0618603317365,Baseload
2021-08-22,FINLYSF1,-38.362321589881205,Baseload
2021-08-29,FINLYSF1,-23.706860373107347,Baseload
2021-09-05,FINLYSF1,-20.617737771068555,Baseload
2021-09-12,FINLYSF1,-32.57740863913298,Baseload
2021-09-19,FINLYSF1,-21.530791343570932,Baseload
2021-09-26,FINLYSF1,-27.02944276546426,Baseload
2021-10-03,FINLYSF1,-22.14643112309227,Baseload
2021-10-10,FINLYSF1,-36.60258928209829,Baseload
2021-10-17,FINLYSF1,-39.73429438142199,Baseload
2021-10-24,FINLYSF1,-13.638826375428174,Baseload
2021-10-31,FINLYSF1,-18.822462062035527,Baseload
2021-11-07,FINLYSF1,1.0810115435115932,Baseload
2021-11-14,FINLYSF1,-8.175667381136101,Baseload
2021-11-21,FINLYSF1,-7.3769255161448655,Baseload
2021-11-28,FINLYSF1,-2.6646361687043623,Baseload
2021-12-05,FINLYSF1,-18.47406769250692,Baseload
2021-12-12,FINLYSF1,-17.525332601015727,Baseload
2021-12-19,FINLYSF1,-12.860261639879198,Baseload
2021-12-26,FINLYSF1,-7.338591191837068,Baseload
2022-01-02,FINLYSF1,-18.328032375197452,Baseload
2022-01-09,FINLYSF1,-7.611491198462446,Baseload
2022-01-16,FINLYSF1,-7.182310534807257,Baseload
2022-01-23,FINLYSF1,-7.834877082223471,Baseload
2022-01-30,FINLYSF1,-1.5887248612507108,Baseload
2022-02-06,FINLYSF1,-13.308408974391376,Baseload
2022-02-13,FINLYSF1,-10.254097403770274,Baseload
2022-02-20,FINLYSF1,-11.21090146334491,Baseload
2022-02-27,FINLYSF1,11.246810376190496,Baseload
2022-03-06,FINLYSF1,-9.336142158091889,Baseload
2022-03-13,FINLYSF1,-10.231184716529029,Baseload
2022-03-20,FINLYSF1,-18.113820328998372,Baseload
2022-03-27,FINLYSF1,-8.681297816402108,Baseload
2022-04-03,FINLYSF1,-36.13468779468222,Baseload
2022-04-10,FINLYSF1,-67.68148460236111,Baseload
2022-04-17,FINLYSF1,-49.980373075859575,Baseload
2022-04-24,FINLYSF1,-42.41346816641848,Baseload
2022-05-01,FINLYSF1,-53.30211266195809,Baseload
2022-05-08,FINLYSF1,-227.71197901286683,Baseload
2022-05-15,FINLYSF1,-22.36429092597956,Baseload
2022-05-22,FINLYSF1,-21.86769221891592,Baseload
2022-05-29,FINLYSF1,-47.31938845021915,Baseload
2022-06-05,FINLYSF1,-136.88757465689343,Baseload
2022-06-12,FINLYSF1,-122.22506709775445,Baseload
2022-06-19,FINLYSF1,-56.15063674610661,Baseload
2022-06-26,FINLYSF1,-73.58710373174193,Baseload
2022-07-03,FINLYSF1,-18.869966863815478,Baseload
2022-07-10,FINLYSF1,-57.83973034240489,Baseload
2022-07-17,FINLYSF1,-138.14697471955253,Baseload
2022-07-24,FINLYSF1,-86.41964090357209,Baseload
2022-07-31,FINLYSF1,-121.66045516744333,Baseload
2022-08-07,FINLYSF1,-52.18862084207083,Baseload
2022-08-14,FINLYSF1,-52.7900136818119,Baseload
2022-08-21,FINLYSF1,-61.14325376072098,Baseload
2022-08-28,FINLYSF1,-41.65226107328574,Baseload
2022-09-04,FINLYSF1,-24.613113955418072,Baseload
2022-09-11,FINLYSF1,-51.444193299030715,Baseload
2022-09-18,FINLYSF1,-91.49885479925761,Baseload
2022-09-25,FINLYSF1,-92.81634442709606,Baseload
2022-10-02,FINLYSF1,-52.561601139990415,Baseload
2022-10-09,FINLYSF1,-50.00861995536948,Baseload
2022-10-16,FINLYSF1,-59.74450497360971,Baseload
2022-10-23,FINLYSF1,-16.572551224680097,Baseload
2022-10-30,FINLYSF1,-116.2122118903145,Baseload
2022-11-06,FINLYSF1,-44.3728130253281,Baseload
2022-11-13,FINLYSF1,-40.44309758733405,Baseload
2022-11-20,FINLYSF1,-69.64775523985858,Baseload
2022-11-27,FINLYSF1,-52.646697258153324,Baseload
2022-12-04,FINLYSF1,-14.225766577160584,Baseload
2022-12-11,FINLYSF1,-43.26416093805376,Baseload
2022-12-18,FINLYSF1,-40.88926088305914,Baseload
2022-12-25,FINLYSF1,-34.65727921373137,Baseload
2023-01-01,FINLYSF1,-28.60877912534219,Baseload
2023-01-08,FINLYSF1,-28.586182718336445,Baseload
2023-01-15,FINLYSF1,-10.79960223240353,Baseload
2023-01-22,FINLYSF1,-19.741103587326876,Baseload
2023-01-29,FINLYSF1,-15.45769541448955,Baseload
2023-02-05,FINLYSF1,-24.05014304574769,Baseload
2023-02-12,FINLYSF1,-20.164807358275866,Baseload
2023-02-19,FINLYSF1,-20.440924605088057,Baseload
2023-02-26,FINLYSF1,-15.938360913319265,Baseload
2023-03-05,FINLYSF1,-9.331375728946725,Baseload
2023-03-12,FINLYSF1,-13.416893255166897,Baseload
2023-03-19,FINLYSF1,-80.24443770708281,Baseload
2023-03-26,FINLYSF1,-18.533231987399745,Baseload
2023-04-02,FINLYSF1,-43.22298142000638,Baseload
2023-04-09,FINLYSF1,-39.86582114074059,Baseload
2023-04-16,FINLYSF1,-47.715389313492764,Baseload
2023-04-23,FINLYSF1,-43.45931430873824,Baseload
2023-04-30,FINLYSF1,-48.41381046419015,Baseload
2023-05-07,FINLYSF1,-62.14445404249234,Baseload
2023-05-14,FINLYSF1,-59.656722411908774,Baseload
2023-05-21,FINLYSF1,-52.74163661865015,Baseload
2023-05-28,FINLYSF1,-157.35324655823953,Baseload
2023-06-04,FINLYSF1,-85.22453250041077,Baseload
2023-06-11,FINLYSF1,-32.11367417012941,Baseload
2023-06-18,FINLYSF1,-38.16238481057165,Baseload
2023-06-25,FINLYSF1,-88.38312860728439,Baseload
2023-07-02,FINLYSF1,-38.038482586528644,Baseload
2023-07-09,FINLYSF1,-36.8488856354398,Baseload
2023-07-16,FINLYSF1,-39.09012326396578,Baseload
2023-07-23,FINLYSF1,-42.97052962186385,Baseload
2023-07-30,FINLYSF1,-65.73690262553049,Baseload
2023-08-06,FINLYSF1,-47.310209824568624,Baseload
2023-08-13,FINLYSF1,-44.15195388097198,Baseload
2023-08-20,FINLYSF1,-68.72266483148857,Baseload
2023-08-27,FINLYSF1,-49.27843724468452,Baseload
2023-09-03,FINLYSF1,-53.745777447347564,Baseload
2023-09-10,FINLYSF1,-75.30952829340303,Baseload
2023-09-17,FINLYSF1,-51.10335882193371,Baseload
2023-09-24,FINLYSF1,-40.91979295506428,Baseload
2023-10-01,FINLYSF1,-31.467082078457587,Baseload
2023-10-08,FINLYSF1,-45.54014198501854,Baseload
2023-10-15,FINLYSF1,-45.68242900124717,Baseload
2023-10-22,FINLYSF1,-30.271767507647937,Baseload
2023-10-29,FINLYSF1,-34.57815656976573,Baseload
2023-11-05,FINLYSF1,-19.896317870341836,Baseload
2023-11-12,FINLYSF1,-16.734091925045362,Baseload
2023-11-19,FINLYSF1,-30.963309027169657,Baseload
2023-11-26,FINLYSF1,-19.802657761748577,Baseload
2023-12-03,FINLYSF1,-20.855302020709487,Baseload
2023-12-10,FINLYSF1,-37.483083086943665,Baseload
2023-12-17,FINLYSF1,-9.02023356194998,Baseload
2023-12-24,FINLYSF1,-15.872112679374915,Baseload
2023-12-31,FINLYSF1,-23.448579829835023,Baseload
2024-01-07,FINLYSF1,-15.118457711752257,Baseload
2024-01-14,FINLYSF1,-12.928181513949042,Baseload
2024-01-21,FINLYSF1,-10.47859682985927,Baseload
2024-01-28,FINLYSF1,-18.246841889760148,Baseload
2024-02-04,FINLYSF1,-11.280225623698115,Baseload
2024-02-11,FINLYSF1,-32.13793581882593,Baseload
2024-02-18,FINLYSF1,-16.72384169416231,Baseload
2024-02-25,FINLYSF1,-9.888137026996205,Baseload
2024-03-03,FINLYSF1,-32.55977038556446,Baseload
2024-03-10,FINLYSF1,-24.193072040963855,Baseload
2024-03-17,FINLYSF1,-22.9792367565732,Baseload
2024-03-24,FINLYSF1,-20.939212373212293,Baseload
2024-03-31,FINLYSF1,-31.130299281166792,Baseload
2024-04-07,FINLYSF1,-25.619179477681293,Baseload
2024-04-14,FINLYSF1,-67.43924156632222,Baseload
2024-04-21,FINLYSF1,-52.45078637400754,Baseload
2024-04-28,FINLYSF1,-68.87193805531952,Baseload
2024-05-05,FINLYSF1,-75.39949019045812,Baseload
2024-05-12,FINLYSF1,-560.384369636128,Baseload
2024-05-19,FINLYSF1,-69.3110465197105,Baseload
2024-05-26,FINLYSF1,-96.18371019196056,Baseload
2024-06-02,FINLYSF1,-42.233978459561214,Baseload
2024-06-09,FINLYSF1,-51.514383844174375,Baseload
2024-06-16,FINLYSF1,-72.62338610355775,Baseload
2024-06-23,FINLYSF1,-105.06935803018132,Baseload
2024-06-30,FINLYSF1,-65.92027758864032,Baseload
2024-07-07,FINLYSF1,-59.55170680520814,Baseload
2024-07-14,FINLYSF1,-66.58764226409129,Baseload
2024-07-21,FINLYSF1,-45.94170074257265,Baseload
2024-07-28,FINLYSF1,-47.94675431723337,Baseload
2024-08-04,FINLYSF1,-143.3970936233481,Baseload
2024-08-11,FINLYSF1,-268.1729982533687,Baseload
2024-08-18,FINLYSF1,-41.18426501226341,Baseload
2024-08-25,FINLYSF1,-58.123560074180375,Baseload
2024-09-01,FINLYSF1,-59.96966858645726,Baseload
2024-09-08,FINLYSF1,-56.584509044729366,Baseload
2024-09-15,FINLYSF1,-47.77147199352703,Baseload
2024-09-22,FINLYSF1,-55.14294771595834,Baseload
2024-09-29,FINLYSF1,-87.16857747173546,Baseload
2024-10-06,FINLYSF1,-44.635618106569545,Baseload
2024-10-13,FINLYSF1,-25.969422024188717,Baseload
2024-10-20,FINLYSF1,-30.070800486564764,Baseload
2024-10-27,FINLYSF1,-56.08981215809851,Baseload
2024-11-03,FINLYSF1,-34.361072462185824,Baseload
2024-11-10,FINLYSF1,-204.73015677418155,Baseload
2024-11-17,FINLYSF1,-54.71659746338325,Baseload
2024-11-24,FINLYSF1,-53.51658612247638,Baseload
2024-12-01,FINLYSF1,-23.204323260962553,Baseload
2024-12-08,FINLYSF1,-46.74940563345612,Baseload
2024-12-15,FINLYSF1,-56.19318739536941,Baseload
2024-12-22,FINLYSF1,-30.759834815824547,Baseload
2024-12-29,FINLYSF1,-44.24732945036865,Baseload
2025-01-05,FINLYSF1,-30.025195076623014,Baseload
2020-01-05,GULLRSF1,-102.86223614722624,Baseload
2020-01-12,GULLRSF1,2.132401576225284,Baseload
2020-01-19,GULLRSF1,1.5627953911778718,Baseload
2020-01-26,GULLRSF1,-19.500185521885754,Baseload
2020-02-02,GULLRSF1,27.502673489891833,Baseload
2020-02-09,GULLRSF1,2.7948060420047085,Baseload
2020-02-16,GULLRSF1,1.189452974253598,Baseload
2020-02-23,GULLRSF1,0.5735633477034625,Baseload
2020-03-01,GULLRSF1,-1.6704377480047938,Baseload
2020-03-08,GULLRSF1,-0.32777327485067076,Baseload
2020-03-15,GULLRSF1,-2.688890736543385,Baseload
2020-03-22,GULLRSF1,-2.8190446152121638,Baseload
2020-03-29,GULLRSF1,-1.3198957319384093,Baseload
2020-04-05,GULLRSF1,-24.10744132358964,Baseload
2020-04-12,GULLRSF1,0.4337920489455058,Baseload
2020-04-19,GULLRSF1,-10.065754000961089,Baseload
2020-04-26,GULLRSF1,-9.212384744808595,Baseload
2020-05-03,GULLRSF1,-2.122465449798767,Baseload
2020-05-10,GULLRSF1,-8.545562005128161,Baseload
2020-05-17,GULLRSF1,-8.686562196749406,Baseload
2020-05-24,GULLRSF1,2.007927548225247,Baseload
2020-05-31,GULLRSF1,-9.23497567897305,Baseload
2020-06-07,GULLRSF1,-5.105628375475533,Baseload
2020-06-14,GULLRSF1,-16.200131633707954,Baseload
2020-06-21,GULLRSF1,-3.0276148366165643,Baseload
2020-06-28,GULLRSF1,-4.845864531804352,Baseload
2020-07-05,GULLRSF1,-1.5466555466903458,Baseload
2020-07-12,GULLRSF1,-3.0685777002797394,Baseload
2020-07-19,GULLRSF1,-6.710263965950446,Baseload
2020-07-26,GULLRSF1,-14.038433737030303,Baseload
2020-08-02,GULLRSF1,-8.282918510770159,Baseload
2020-08-09,GULLRSF1,-5.635966846970405,Baseload
2020-08-16,GULLRSF1,-2.0724452661333217,Baseload
2020-08-23,GULLRSF1,-9.404216388828665,Baseload
2020-08-30,GULLRSF1,-21.353454606836834,Baseload
2020-09-06,GULLRSF1,-12.76229407746736,Baseload
2020-09-13,GULLRSF1,-6.206112692821037,Baseload
2020-09-20,GULLRSF1,-8.344478851679227,Baseload
2020-09-27,GULLRSF1,-8.721313782055162,Baseload
2020-10-04,GULLRSF1,-9.583694779660231,Baseload
2020-10-11,GULLRSF1,-19.036766599894683,Baseload
2020-10-18,GULLRSF1,-5.986718840385279,Baseload
2020-10-25,GULLRSF1,-20.077533451789975,Baseload
2020-11-01,GULLRSF1,-7.984065741118158,Baseload
2020-11-08,GULLRSF1,-10.993510328167382,Baseload
2020-11-15,GULLRSF1,-4.644275640319172,Baseload
2020-11-22,GULLRSF1,14.712415508081648,Baseload
2020-11-29,GULLRSF1,2.545973317201387,Baseload
2020-12-06,GULLRSF1,-8.355155145629588,Baseload
2020-12-13,GULLRSF1,-8.672954590485645,Baseload
2020-12-20,GULLRSF1,-100.14181856606949,Baseload
2020-12-27,GULLRSF1,-3.514843806843267,Baseload
2021-01-03,GULLRSF1,-4.3329154030487125,Baseload
2021-01-10,GULLRSF1,-3.168020732852682,Baseload
2021-01-17,GULLRSF1,-1.8688435094544076,Baseload
2021-01-24,GULLRSF1,-1.6600161315673034,Baseload
2021-01-31,GULLRSF1,-0.6900901904584629,Baseload
2021-02-07,GULLRSF1,-1.6083848409832697,Baseload
2021-02-14,GULLRSF1,-2.1264190490159933,Baseload
2021-02-21,GULLRSF1,-1.4759225164857455,Baseload
2021-02-28,GULLRSF1,-3.3405083140505276,Baseload
2021-03-07,GULLRSF1,-5.378862770569409,Baseload
2021-03-14,GULLRSF1,-3.6269886634253723,Baseload
2021-03-21,GULLRSF1,-0.7203137814235632,Baseload
2021-03-28,GULLRSF1,-17.011638436690372,Baseload
2021-04-04,GULLRSF1,-11.17475783660111,Baseload
2021-04-11,GULLRSF1,-12.116760315233542,Baseload
2021-04-18,GULLRSF1,-17.886820292544073,Baseload
2021-04-25,GULLRSF1,-34.38064594059818,Baseload
2021-05-02,GULLRSF1,-23.109194562781134,Baseload
2021-05-09,GULLRSF1,-13.513043401657235,Baseload
2021-05-16,GULLRSF1,-22.847060383308857,Baseload
2021-05-23,GULLRSF1,-138.80676477346677,Baseload
2021-05-30,GULLRSF1,-124.84531387070395,Baseload
2021-06-06,GULLRSF1,-114.23542579626267,Baseload
2021-06-13,GULLRSF1,-146.34979045708505,Baseload
2021-06-20,GULLRSF1,-97.2541992747977,Baseload
2021-06-27,GULLRSF1,-39.13523439076468,Baseload
2021-07-04,GULLRSF1,-14.004933978253163,Baseload
2021-07-11,GULLRSF1,-57.08460000284424,Baseload
2021-07-18,GULLRSF1,-46.442815046951395,Baseload
2021-07-25,GULLRSF1,-39.79399416590594,Baseload
2021-08-01,GULLRSF1,-27.740920185571397,Baseload
2021-08-08,GULLRSF1,-24.7436759646858,Baseload
2021-08-15,GULLRSF1,-29.015995962437934,Baseload
2021-08-22,GULLRSF1,-35.7214858936719,Baseload
2021-08-29,GULLRSF1,-28.761150700284702,Baseload
2021-09-05,GULLRSF1,-24.612099658018323,Baseload
2021-09-12,GULLRSF1,-34.829727497109474,Baseload
2021-09-19,GULLRSF1,-28.246389897319148,Baseload
2021-09-26,GULLRSF1,-27.160663509964767,Baseload
2021-10-03,GULLRSF1,-16.689222370582094,Baseload
2021-10-10,GULLRSF1,-18.80457395490563,Baseload
2021-10-17,GULLRSF1,-19.722283784000062,Baseload
2021-10-24,GULLRSF1,-21.814063631017248,Baseload
2021-10-31,GULLRSF1,-20.806542635303643,Baseload
2021-11-07,GULLRSF1,-5.956609751569047,Baseload
2021-11-14,GULLRSF1,-9.585028430212247,Baseload
2021-11-21,GULLRSF1,-7.349424028405636,Baseload
2021-11-28,GULLRSF1,-12.125280945813778,Baseload
2021-12-05,GULLRSF1,-7.01680360789085,Baseload
2021-12-12,GULLRSF1,-20.349115847365546,Baseload
2021-12-19,GULLRSF1,-20.68105345368503,Baseload
2021-12-26,GULLRSF1,-4.750246311626853,Baseload
2022-01-02,GULLRSF1,-19.18649595604738,Baseload
2022-01-09,GULLRSF1,-7.711954952368359,Baseload
2022-01-16,GULLRSF1,-3.0881854686803365,Baseload
2022-01-23,GULLRSF1,-7.828402447491726,Baseload
2022-01-30,GULLRSF1,-2.325420447311174,Baseload
2022-02-06,GULLRSF1,-14.813445938049057,Baseload
2022-02-13,GULLRSF1,-15.922759869008559,Baseload
2022-02-20,GULLRSF1,-15.425922458225457,Baseload
2022-02-27,GULLRSF1,-3.586030143359366,Baseload
2022-03-06,GULLRSF1,-9.641073123351575,Baseload
2022-03-13,GULLRSF1,-21.166414941726757,Baseload
2022-03-20,GULLRSF1,-22.749513897612914,Baseload
2022-03-27,GULLRSF1,-10.33464175436329,Baseload
2022-04-03,GULLRSF1,-40.282706494495955,Baseload
2022-04-10,GULLRSF1,-63.34825601592408,Baseload
2022-04-17,GULLRSF1,-61.446518858463705,Baseload
2022-04-24,GULLRSF1,-42.32961868694569,Baseload
2022-05-01,GULLRSF1,-68.90757240108812,Baseload
2022-05-08,GULLRSF1,-235.47769305747502,Baseload
2022-05-15,GULLRSF1,-17.799176190467506,Baseload
2022-05-22,GULLRSF1,-41.5916743500417,Baseload
2022-05-29,GULLRSF1,-53.83929830119649,Baseload
2022-06-05,GULLRSF1,-79.20398752947517,Baseload
2022-06-12,GULLRSF1,-124.17702818601083,Baseload
2022-06-19,GULLRSF1,-82.59779700951356,Baseload
2022-06-26,GULLRSF1,-100.1799146491143,Baseload
2022-07-03,GULLRSF1,-20.467795099205432,Baseload
2022-07-10,GULLRSF1,-90.8626761225184,Baseload
2022-07-17,GULLRSF1,-197.0556818767128,Baseload
2022-07-24,GULLRSF1,-120.31302669053593,Baseload
2022-07-31,GULLRSF1,-115.92305411351396,Baseload
2022-08-07,GULLRSF1,-62.8154828004982,Baseload
2022-08-14,GULLRSF1,-52.86608025078843,Baseload
2022-08-21,GULLRSF1,-61.579374802640274,Baseload
2022-08-28,GULLRSF1,-41.66908195949334,Baseload
2022-09-04,GULLRSF1,-42.58676570780453,Baseload
2022-09-11,GULLRSF1,-69.03123309413854,Baseload
2022-09-18,GULLRSF1,-100.4059391282714,Baseload
2022-09-25,GULLRSF1,-94.99471208291564,Baseload
2022-10-02,GULLRSF1,-53.71703664384739,Baseload
2022-10-09,GULLRSF1,-69.42704847386703,Baseload
2022-10-16,GULLRSF1,-65.09940433855347,Baseload
2022-10-23,GULLRSF1,-15.906426180274906,Baseload
2022-10-30,GULLRSF1,-50.78978053829621,Baseload
2022-11-06,GULLRSF1,-62.04854429556705,Baseload
2022-11-13,GULLRSF1,-48.736541514969225,Baseload
2022-11-20,GULLRSF1,-65.88630347678279,Baseload
2022-11-27,GULLRSF1,-48.38499066843365,Baseload
2022-12-04,GULLRSF1,-34.76413906849865,Baseload
2022-12-11,GULLRSF1,-56.50479904437178,Baseload
2022-12-18,GULLRSF1,-64.9130405088068,Baseload
2022-12-25,GULLRSF1,-43.19827120760779,Baseload
2023-01-01,GULLRSF1,-42.58028294345412,Baseload
2023-01-08,GULLRSF1,-34.737652221285956,Baseload
2023-01-15,GULLRSF1,-23.421506837156855,Baseload
2023-01-22,GULLRSF1,-16.482349219932445,Baseload
2023-01-29,GULLRSF1,-21.965419014443484,Baseload
2023-02-05,GULLRSF1,-38.88830002756862,Baseload
2023-02-12,GULLRSF1,-27.346721335475905,Baseload
2023-02-19,GULLRSF1,-29.248725432533305,Baseload
2023-02-26,GULLRSF1,-22.031614879521733,Baseload
2023-03-05,GULLRSF1,-25.947508160368685,Baseload
2023-03-12,GULLRSF1,-21.390282408699733,Baseload
2023-03-19,GULLRSF1,-110.19204584032536,Baseload
2023-03-26,GULLRSF1,-21.35238599866439,Baseload
2023-04-02,GULLRSF1,-51.29879102442355,Baseload
2023-04-09,GULLRSF1,-31.945995377549423,Baseload
2023-04-16,GULLRSF1,-59.25791939572179,Baseload
2023-04-23,GULLRSF1,-51.00926212171224,Baseload
2023-04-30,GULLRSF1,-66.65655352969091,Baseload
2023-05-07,GULLRSF1,-68.43827976601624,Baseload
2023-05-14,GULLRSF1,-67.95272108805892,Baseload
2023-05-21,GULLRSF1,-61.591401936068024,Baseload
2023-05-28,GULLRSF1,-165.05944105493296,Baseload
2023-06-04,GULLRSF1,-90.73533334130715,Baseload
2023-06-11,GULLRSF1,-39.56345815735477,Baseload
2023-06-18,GULLRSF1,-35.720002361175354,Baseload
2023-06-25,GULLRSF1,-76.00019500964228,Baseload
2023-07-02,GULLRSF1,-37.998730137092764,Baseload
2023-07-09,GULLRSF1,-33.02147782562558,Baseload
2023-07-16,GULLRSF1,-41.41488301841266,Baseload
2023-07-23,GULLRSF1,-46.93481710243833,Baseload
2023-07-30,GULLRSF1,-61.70477735026686,Baseload
2023-08-06,GULLRSF1,-55.821761638284826,Baseload
2023-08-13,GULLRSF1,-53.04697638228449,Baseload
2023-08-20,GULLRSF1,-80.49050403054665,Baseload
2023-08-27,GULLRSF1,-57.082363909664195,Baseload
2023-09-03,GULLRSF1,-61.48098045701045,Baseload
2023-09-10,GULLRSF1,-65.43695935197935,Baseload
2023-09-17,GULLRSF1,-45.578569962926125,Baseload
2023-09-24,GULLRSF1,-42.94178815592266,Baseload
2023-10-01,GULLRSF1,-30.998477967657305,Baseload
2023-10-08,GULLRSF1,-30.20853547459298,Baseload
2023-10-15,GULLRSF1,-35.46810214854271,Baseload
2023-10-22,GULLRSF1,-35.93226332904556,Baseload
2023-10-29,GULLRSF1,-35.256275772628676,Baseload
2023-11-05,GULLRSF1,-33.1501572756049,Baseload
2023-11-12,GULLRSF1,-60.12738650322485,Baseload
2023-11-19,GULLRSF1,-60.412461850828976,Baseload
2023-11-26,GULLRSF1,-21.546966202547473,Baseload
2023-12-03,GULLRSF1,-19.55635244282299,Baseload
2023-12-10,GULLRSF1,-25.989992346071475,Baseload
2023-12-17,GULLRSF1,-16.9303147122628,Baseload
2023-12-24,GULLRSF1,-20.728838264975003,Baseload
2023-12-31,GULLRSF1,-33.83154178448258,Baseload
2024-01-07,GULLRSF1,-20.33979638903689,Baseload
2024-01-14,GULLRSF1,-15.769978257720133,Baseload
2024-01-21,GULLRSF1,-65.67332725619707,Baseload
2024-01-28,GULLRSF1,-21.009862576098442,Baseload
2024-02-04,GULLRSF1,-38.80185775867169,Baseload
2024-02-11,GULLRSF1,-35.22185326446018,Baseload
2024-02-18,GULLRSF1,-21.73299388921069,Baseload
2024-02-25,GULLRSF1,-31.690182045985665,Baseload
2024-03-03,GULLRSF1,-128.59054938166668,Baseload
2024-03-10,GULLRSF1,-31.71902094277371,Baseload
2024-03-17,GULLRSF1,-28.889629509407108,Baseload
2024-03-24,GULLRSF1,-25.781284733160184,Baseload
2024-03-31,GULLRSF1,-38.1369231268704,Baseload
2024-04-07,GULLRSF1,-35.57800868272683,Baseload
2024-04-14,GULLRSF1,-65.41365112155151,Baseload
2024-04-21,GULLRSF1,-51.96140703847981,Baseload
2024-04-28,GULLRSF1,-64.0026623298761,Baseload
2024-05-05,GULLRSF1,-85.14691317552064,Baseload
2024-05-12,GULLRSF1,-592.4498497671898,Baseload
2024-05-19,GULLRSF1,-68.26650311024613,Baseload
2024-05-26,GULLRSF1,-90.84109642425265,Baseload
2024-06-02,GULLRSF1,-57.22648870592579,Baseload
2024-06-09,GULLRSF1,-65.6500419838409,Baseload
2024-06-16,GULLRSF1,-72.45098450638888,Baseload
2024-06-23,GULLRSF1,-96.58832195066356,Baseload
2024-06-30,GULLRSF1,-49.88393138109726,Baseload
2024-07-07,GULLRSF1,-57.138219256344215,Baseload
2024-07-14,GULLRSF1,-52.60277097219411,Baseload
2024-07-21,GULLRSF1,-51.08615434952654,Baseload
2024-07-28,GULLRSF1,-53.10735650141856,Baseload
2024-08-04,GULLRSF1,-144.34373969489985,Baseload
2024-08-11,GULLRSF1,-305.88164765145274,Baseload
2024-08-18,GULLRSF1,-48.78081415902231,Baseload
2024-08-25,GULLRSF1,-66.60719629817274,Baseload
2024-09-01,GULLRSF1,-46.977452000145504,Baseload
2024-09-08,GULLRSF1,-45.93128025604245,Baseload
2024-09-15,GULLRSF1,-44.33442836373396,Baseload
2024-09-22,GULLRSF1,-46.758554388104145,Baseload
2024-09-29,GULLRSF1,-59.30913297541093,Baseload
2024-10-06,GULLRSF1,-37.69590277991948,Baseload
2024-10-13,GULLRSF1,-30.01650183681555,Baseload
2024-10-20,GULLRSF1,-27.595878857521377,Baseload
2024-10-27,GULLRSF1,-64.44615594485795,Baseload
2024-11-03,GULLRSF1,-35.44492491483573,Baseload
2024-11-10,GULLRSF1,-263.9684336144406,Baseload
2024-11-17,GULLRSF1,-73.93587835881698,Baseload
2024-11-24,GULLRSF1,-94.85265298287497,Baseload
2024-12-01,GULLRSF1,-122.45109403143061,Baseload
2024-12-08,GULLRSF1,-137.73427648526433,Baseload
2024-12-15,GULLRSF1,-90.02616832382199,Baseload
2024-12-22,GULLRSF1,-31.67663864371241,Baseload
2024-12-29,GULLRSF1,-29.668552540215046,Baseload
2025-01-05,GULLRSF1,-29.381470471756586,Baseload
2020-01-05,LIMOSF21,-237.55345716566492,Baseload
2020-01-12,LIMOSF21,3.2151017744277155,Baseload
2020-01-19,LIMOSF21,4.213521217000576,Baseload
2020-01-26,LIMOSF21,-15.129443737664346,Baseload
2020-02-02,LIMOSF21,88.3103057078701,Baseload
2020-02-09,LIMOSF21,3.5815271358312515,Baseload
2020-02-16,LIMOSF21,1.987053694075989,Baseload
2020-02-23,LIMOSF21,-10.169670613198619,Baseload
2020-03-01,LIMOSF21,0.560803448088258,Baseload
2020-03-08,LIMOSF21,-0.6240629083068612,Baseload
2020-03-15,LIMOSF21,-3.188967025266102,Baseload
2020-03-22,LIMOSF21,-0.7069674369390668,Baseload
2020-03-29,LIMOSF21,-0.9249751327724951,Baseload
2020-04-05,LIMOSF21,-5.168844889649449,Baseload
2020-04-12,LIMOSF21,-5.757932316907514,Baseload
2020-04-19,LIMOSF21,-6.876090155474493,Baseload
2020-04-26,LIMOSF21,-11.151888480299384,Baseload
2020-05-03,LIMOSF21,-1.117397398268274,Baseload
2020-05-10,LIMOSF21,-8.403078788198144,Baseload
2020-05-17,LIMOSF21,-7.287116247013252,Baseload
2020-05-24,LIMOSF21,0.9336790595305757,Baseload
2020-05-31,LIMOSF21,-7.24884596954152,Baseload
2020-06-07,LIMOSF21,-5.077005362322289,Baseload
2020-06-14,LIMOSF21,-17.414534272868714,Baseload
2020-06-21,LIMOSF21,-2.5021557424879646,Baseload
2020-06-28,LIMOSF21,-5.269868858044511,Baseload
2020-07-05,LIMOSF21,-1.5674489127952569,Baseload
2020-07-12,LIMOSF21,-2.9995621179494236,Baseload
2020-07-19,LIMOSF21,-5.915869533358098,Baseload
2020-07-26,LIMOSF21,-13.74638067144312,Baseload
2020-08-02,LIMOSF21,-6.793653908861394,Baseload
2020-08-09,LIMOSF21,-5.940927768522222,Baseload
2020-08-16,LIMOSF21,-5.52966300126176,Baseload
2020-08-23,LIMOSF21,-8.39954597371409,Baseload
2020-08-30,LIMOSF21,-20.747075862146737,Baseload
2020-09-06,LIMOSF21,-6.056750016148776,Baseload
2020-09-13,LIMOSF21,-3.540994735376259,Baseload
2020-09-20,LIMOSF21,-8.211051952169573,Baseload
2020-09-27,LIMOSF21,-5.358557794601715,Baseload
2020-10-04,LIMOSF21,-7.873127244737635,Baseload
2020-10-11,LIMOSF21,-16.527351431736037,Baseload
2020-10-18,LIMOSF21,-5.771684303078075,Baseload
2020-10-25,LIMOSF21,-23.502744300307675,Baseload
2020-11-01,LIMOSF21,-5.189042749283026,Baseload
2020-11-08,LIMOSF21,-5.592474919278942,Baseload
2020-11-15,LIMOSF21,-3.28264652340404,Baseload
2020-11-22,LIMOSF21,56.60880433624661,Baseload
2020-11-29,LIMOSF21,10.967156782035218,Baseload
2020-12-06,LIMOSF21,7.6124602068342,Baseload
2020-12-13,LIMOSF21,-4.719286060096017,Baseload
2020-12-20,LIMOSF21,88.47822794488087,Baseload
2020-12-27,LIMOSF21,-5.252953670867804,Baseload
2021-01-03,LIMOSF21,-2.015476766010085,Baseload
2021-01-10,LIMOSF21,-1.2130255693184537,Baseload
2021-01-17,LIMOSF21,-2.1788369989571876,Baseload
2021-01-24,LIMOSF21,-0.04814858560946789,Baseload
2021-01-31,LIMOSF21,0.7948549248707621,Baseload
2021-02-07,LIMOSF21,-0.4778145746120188,Baseload
2021-02-14,LIMOSF21,-1.0740904501933386,Baseload
2021-02-21,LIMOSF21,0.6145548703797914,Baseload
2021-02-28,LIMOSF21,-1.8529474297989381,Baseload
2021-03-07,LIMOSF21,-6.100350505596328,Baseload
2021-03-14,LIMOSF21,-0.9390899960493613,Baseload
2021-03-21,LIMOSF21,-0.3161854614462314,Baseload
2021-03-28,LIMOSF21,-13.967725267724525,Baseload
2021-04-04,LIMOSF21,-6.63768468972841,Baseload
2021-04-11,LIMOSF21,-12.968369260102758,Baseload
2021-04-18,LIMOSF21,-11.838149023703501,Baseload
2021-04-25,LIMOSF21,-35.34924504097299,Baseload
2021-05-02,LIMOSF21,-19.698044385519125,Baseload
2021-05-09,LIMOSF21,-12.90478683469923,Baseload
2021-05-16,LIMOSF21,-19.803121999398805,Baseload
2021-05-23,LIMOSF21,-116.78644619559464,Baseload
2021-05-30,LIMOSF21,-111.65937495080394,Baseload
2021-06-06,LIMOSF21,-110.8475811137518,Baseload
2021-06-13,LIMOSF21,-141.76948348324697,Baseload
2021-06-20,LIMOSF21,-111.02458672311946,Baseload
2021-06-27,LIMOSF21,-17.013397784386356,Baseload
2021-07-04,LIMOSF21,-15.18340974236449,Baseload
2021-07-11,LIMOSF21,-42.14106684441546,Baseload
2021-07-18,LIMOSF21,-47.09266686122163,Baseload
2021-07-25,LIMOSF21,-40.56195141455514,Baseload
2021-08-01,LIMOSF21,-25.179703711193937,Baseload
2021-08-08,LIMOSF21,-22.484851912857437,Baseload
2021-08-15,LIMOSF21,-20.45455397714666,Baseload
2021-08-22,LIMOSF21,-22.380543054454392,Baseload
2021-08-29,LIMOSF21,-12.574607070347625,Baseload
2021-09-05,LIMOSF21,-10.404574277699005,Baseload
2021-09-12,LIMOSF21,-20.924683536728406,Baseload
2021-09-19,LIMOSF21,-7.133375703164077,Baseload
2021-09-26,LIMOSF21,-16.13315490649751,Baseload
2021-10-03,LIMOSF21,-9.258530429322292,Baseload
2021-10-10,LIMOSF21,-9.443181848686532,Baseload
2021-10-17,LIMOSF21,-14.072308380554105,Baseload
2021-10-24,LIMOSF21,-13.041954593207898,Baseload
2021-10-31,LIMOSF21,-5.777677225555564,Baseload
2021-11-07,LIMOSF21,-3.710356582870915,Baseload
2021-11-14,LIMOSF21,-4.239897366128062,Baseload
2021-11-21,LIMOSF21,20.373334832202033,Baseload
2021-11-28,LIMOSF21,19.665338035579964,Baseload
2021-12-05,LIMOSF21,-12.241827391149435,Baseload
2021-12-12,LIMOSF21,-18.48323841418202,Baseload
2021-12-19,LIMOSF21,-0.0366268950564006,Baseload
2021-12-26,LIMOSF21,-3.0538116107364885,Baseload
2022-01-02,LIMOSF21,-21.33388322312284,Baseload
2022-01-09,LIMOSF21,0.037811558715617366,Baseload
2022-01-16,LIMOSF21,-4.7952510913309965,Baseload
2022-01-23,LIMOSF21,-7.394269156430752,Baseload
2022-01-30,LIMOSF21,-0.04560871892216767,Baseload
2022-02-06,LIMOSF21,-9.994534809357177,Baseload
2022-02-13,LIMOSF21,-11.074020507443443,Baseload
2022-02-20,LIMOSF21,-13.116898493057406,Baseload
2022-02-27,LIMOSF21,13.132367142169969,Baseload
2022-03-06,LIMOSF21,-6.7967634875388825,Baseload
2022-03-13,LIMOSF21,-8.92376680628341,Baseload
2022-03-20,LIMOSF21,-12.901362394903032,Baseload
2022-03-27,LIMOSF21,-7.245669547346296,Baseload
2022-04-03,LIMOSF21,-33.212789168095554,Baseload
2022-04-10,LIMOSF21,-37.57207648223303,Baseload
2022-04-17,LIMOSF21,-47.219678454707775,Baseload
2022-04-24,LIMOSF21,-37.55654795306009,Baseload
2022-05-01,LIMOSF21,-46.071190568360095,Baseload
2022-05-08,LIMOSF21,-223.64274744101675,Baseload
2022-05-15,LIMOSF21,-17.46867204686413,Baseload
2022-05-22,LIMOSF21,-20.442480676681555,Baseload
2022-05-29,LIMOSF21,-47.11322746833537,Baseload
2022-06-05,LIMOSF21,-106.41334635522077,Baseload
2022-06-12,LIMOSF21,-120.78595743141187,Baseload
2022-06-19,LIMOSF21,-86.3077837342816,Baseload
2022-06-26,LIMOSF21,-66.58497705397576,Baseload
2022-07-03,LIMOSF21,-1.3085745223231697,Baseload
2022-07-10,LIMOSF21,-56.69771233761679,Baseload
2022-07-17,LIMOSF21,-129.65676952267665,Baseload
2022-07-24,LIMOSF21,-96.46747098407738,Baseload
2022-07-31,LIMOSF21,-110.1177648514265,Baseload
2022-08-07,LIMOSF21,-41.7134191447695,Baseload
2022-08-14,LIMOSF21,-47.58325870033629,Baseload
2022-08-21,LIMOSF21,-62.8061507608669,Baseload
2022-08-28,LIMOSF21,-54.62587671996438,Baseload
2022-09-04,LIMOSF21,-36.38520837931627,Baseload
2022-09-11,LIMOSF21,-51.7275958644705,Baseload
2022-09-18,LIMOSF21,-89.06229137229828,Baseload
2022-09-25,LIMOSF21,-72.96504397589513,Baseload
2022-10-02,LIMOSF21,-56.65450939985635,Baseload
2022-10-09,LIMOSF21,-51.77768013042747,Baseload
2022-10-16,LIMOSF21,-67.06825292494102,Baseload
2022-10-23,LIMOSF21,-12.755123616549525,Baseload
2022-10-30,LIMOSF21,-62.823858125181815,Baseload
2022-11-06,LIMOSF21,-52.13228669750634,Baseload
2022-11-13,LIMOSF21,-32.86035342227336,Baseload
2022-11-20,LIMOSF21,-63.91673326015964,Baseload
2022-11-27,LIMOSF21,-43.757783231197564,Baseload
2022-12-04,LIMOSF21,-41.11195314149742,Baseload
2022-12-11,LIMOSF21,-46.84241092698665,Baseload
2022-12-18,LIMOSF21,-36.43998716017475,Baseload
2022-12-25,LIMOSF21,-34.70224502550096,Baseload
2023-01-01,LIMOSF21,-28.48337267447254,Baseload
2023-01-08,LIMOSF21,-38.77831413728215,Baseload
2023-01-15,LIMOSF21,-17.457408411634134,Baseload
2023-01-22,LIMOSF21,-15.5474303868439,Baseload
2023-01-29,LIMOSF21,-17.555447045509226,Baseload
2023-02-05,LIMOSF21,-23.10448636820486,Baseload
2023-02-12,LIMOSF21,-18.22303206358042,Baseload
2023-02-19,LIMOSF21,-21.72386702517838,Baseload
2023-02-26,LIMOSF21,-17.58703412728206,Baseload
2023-03-05,LIMOSF21,-6.838873703389837,Baseload
2023-03-12,LIMOSF21,-15.455454952500261,Baseload
2023-03-19,LIMOSF21,-87.48786465751553,Baseload
2023-03-26,LIMOSF21,-17.648132104451392,Baseload
2023-04-02,LIMOSF21,-45.65166966969454,Baseload
2023-04-09,LIMOSF21,-12.850335429428696,Baseload
2023-04-16,LIMOSF21,-50.623565351070994,Baseload
2023-04-23,LIMOSF21,-47.644414764795755,Baseload
2023-04-30,LIMOSF21,-44.78487384225595,Baseload
2023-05-07,LIMOSF21,-64.60150913736716,Baseload
2023-05-14,LIMOSF21,-65.99266412665393,Baseload
2023-05-21,LIMOSF21,-54.099859957973095,Baseload
2023-05-28,LIMOSF21,-166.0748552868206,Baseload
2023-06-04,LIMOSF21,-90.170785031853,Baseload
2023-06-11,LIMOSF21,-28.803503268394607,Baseload
2023-06-18,LIMOSF21,-44.862948826572435,Baseload
2023-06-25,LIMOSF21,-85.7987989410487,Baseload
2023-07-02,LIMOSF21,-40.05326430327171,Baseload
2023-07-09,LIMOSF21,-41.33653719992763,Baseload
2023-07-16,LIMOSF21,-41.95193047196864,Baseload
2023-07-23,LIMOSF21,-42.87437096476367,Baseload
2023-07-30,LIMOSF21,-52.44503989903491,Baseload
2023-08-06,LIMOSF21,-46.22020907313787,Baseload
2023-08-13,LIMOSF21,-42.376997317893775,Baseload
2023-08-20,LIMOSF21,-61.07230020032799,Baseload
2023-08-27,LIMOSF21,-47.7268188055857,Baseload
2023-09-03,LIMOSF21,-48.795793034885875,Baseload
2023-09-10,LIMOSF21,-58.416900513553784,Baseload
2023-09-17,LIMOSF21,-40.80984347830488,Baseload
2023-09-24,LIMOSF21,-32.20656620867976,Baseload
2023-10-01,LIMOSF21,-16.712325024502398,Baseload
2023-10-08,LIMOSF21,-41.02814877678656,Baseload
2023-10-15,LIMOSF21,-33.57016054250094,Baseload
2023-10-22,LIMOSF21,-24.492559324140895,Baseload
2023-10-29,LIMOSF21,-15.144587551040214,Baseload
2023-11-05,LIMOSF21,-9.490068351185762,Baseload
2023-11-12,LIMOSF21,-21.371920983364987,Baseload
2023-11-19,LIMOSF21,-35.99442087369647,Baseload
2023-11-26,LIMOSF21,-13.386358413359957,Baseload
2023-12-03,LIMOSF21,-14.39705799463642,Baseload
2023-12-10,LIMOSF21,-23.1710780163193,Baseload
2023-12-17,LIMOSF21,-12.391870493530973,Baseload
2023-12-24,LIMOSF21,-16.285191555409376,Baseload
2023-12-31,LIMOSF21,-23.80591240093278,Baseload
2024-01-07,LIMOSF21,-14.043392765670355,Baseload
2024-01-14,LIMOSF21,-10.240437591272325,Baseload
2024-01-21,LIMOSF21,1.449543216125349,Baseload
2024-01-28,LIMOSF21,-16.985624577182868,Baseload
2024-02-04,LIMOSF21,-19.854482218880065,Baseload
2024-02-11,LIMOSF21,-29.93571785820567,Baseload
2024-02-18,LIMOSF21,-20.80563850654889,Baseload
2024-02-25,LIMOSF21,-32.08652997419476,Baseload
2024-03-03,LIMOSF21,14.25227463302079,Baseload
2024-03-10,LIMOSF21,-17.879487278538768,Baseload
2024-03-17,LIMOSF21,-16.857381227522993,Baseload
2024-03-24,LIMOSF21,-12.172650066439672,Baseload
2024-03-31,LIMOSF21,-24.47163796267317,Baseload
2024-04-07,LIMOSF21,-21.59627306850036,Baseload
2024-04-14,LIMOSF21,-51.745226228541256,Baseload
2024-04-21,LIMOSF21,-40.0863594213491,Baseload
2024-04-28,LIMOSF21,-47.71681210544389,Baseload
2024-05-05,LIMOSF21,-72.06310044169352,Baseload
2024-05-12,LIMOSF21,-280.3579266996847,Baseload
2024-05-19,LIMOSF21,-55.15374880740902,Baseload
2024-05-26,LIMOSF21,-84.70603410039088,Baseload
2024-06-02,LIMOSF21,-30.196603929632303,Baseload
2024-06-09,LIMOSF21,-48.75051006972373,Baseload
2024-06-16,LIMOSF21,-89.09129437620095,Baseload
2024-06-23,LIMOSF21,-95.77217814712822,Baseload
2024-06-30,LIMOSF21,-55.66564355500399,Baseload
2024-07-07,LIMOSF21,-51.54389017234655,Baseload
2024-07-14,LIMOSF21,-65.0852726781797,Baseload
2024-07-21,LIMOSF21,-48.92924491656505,Baseload
2024-07-28,LIMOSF21,-43.87321334768821,Baseload
2024-08-04,LIMOSF21,-138.4851171037496,Baseload
2024-08-11,LIMOSF21,-256.4138093190072,Baseload
2024-08-18,LIMOSF21,-38.27476347329127,Baseload
2024-08-25,LIMOSF21,-41.14560344309476,Baseload
2024-09-01,LIMOSF21,-38.65107597923582,Baseload
2024-09-08,LIMOSF21,-44.210651579139586,Baseload
2024-09-15,LIMOSF21,-32.06298205734595,Baseload
2024-09-22,LIMOSF21,-44.27928675424205,Baseload
2024-09-29,LIMOSF21,-60.63645034089645,Baseload
2024-10-06,LIMOSF21,-16.35038417827011,Baseload
2024-10-13,LIMOSF21,-0.5578429259999069,Baseload
2024-10-20,LIMOSF21,-20.170300455665284,Baseload
2024-10-27,LIMOSF21,-43.101131291008315,Baseload
2024-11-03,LIMOSF21,-19.612955851012735,Baseload
2024-11-10,LIMOSF21,-175.30732327823685,Baseload
2024-11-17,LIMOSF21,-38.37246838163851,Baseload
2024-11-24,LIMOSF21,-32.45286173303222,Baseload
2024-12-01,LIMOSF21,113.04383744038734,Baseload
2024-12-08,LIMOSF21,-83.87813145295624,Baseload
2024-12-15,LIMOSF21,-56.529867084921165,Baseload
2024-12-22,LIMOSF21,-18.882271365043664,Baseload
2024-12-29,LIMOSF21,-3.540150795981969,Baseload
2025-01-05,LIMOSF21,-23.1204025297693,Baseload
2020-01-05,MANSLR1,240.2971055548195,Baseload
2020-01-12,MANSLR1,0.4310668902919872,Baseload
2020-01-19,MANSLR1,0.6038381184234396,Baseload
2020-01-26,MANSLR1,-19.333343602748158,Baseload
2020-02-02,MANSLR1,175.58320082626273,Baseload
2020-02-09,MANSLR1,3.78525512230334,Baseload
2020-02-16,MANSLR1,0.5064659557613567,Baseload
2020-02-23,MANSLR1,0.004884341604643794,Baseload
2020-03-01,MANSLR1,-1.062109249516645,Baseload
2020-03-08,MANSLR1,-1.6765569668147222,Baseload
2020-03-15,MANSLR1,-1.7250872519414955,Baseload
2020-03-22,MANSLR1,-1.1293444705592464,Baseload
2020-03-29,MANSLR1,-1.6026501228943673,Baseload
2020-04-05,MANSLR1,-5.6370490236694835,Baseload
2020-04-12,MANSLR1,-8.707670217778436,Baseload
2020-04-19,MANSLR1,-8.45330388749256,Baseload
2020-04-26,MANSLR1,-10.582796304946822,Baseload
2020-05-03,MANSLR1,-2.3413533125458628,Baseload
2020-05-10,MANSLR1,-7.499545461675904,Baseload
2020-05-17,MANSLR1,-7.23011643437254,Baseload
2020-05-24,MANSLR1,3.452838453422686,Baseload
2020-05-31,MANSLR1,-7.921167454269806,Baseload
2020-06-07,MANSLR1,-4.920671667738084,Baseload
2020-06-14,MANSLR1,-13.77419039085246,Baseload
2020-06-21,MANSLR1,-2.1531823671849324,Baseload
2020-06-28,MANSLR1,-5.322843026012926,Baseload
2020-07-05,MANSLR1,-1.0644669187514637,Baseload
2020-07-12,MANSLR1,-3.4226020484816715,Baseload
2020-07-19,MANSLR1,-6.81751733853914,Baseload
2020-07-26,MANSLR1,-14.43981981626549,Baseload
2020-08-02,MANSLR1,-7.582089316289057,Baseload
2020-08-09,MANSLR1,-5.297118811483429,Baseload
2020-08-16,MANSLR1,-5.400847960979455,Baseload
2020-08-23,MANSLR1,-9.418029233617652,Baseload
2020-08-30,MANSLR1,-25.547441318602402,Baseload
2020-09-06,MANSLR1,-12.515853220035005,Baseload
2020-09-13,MANSLR1,-5.271014388230412,Baseload
2020-09-20,MANSLR1,-8.068582295276201,Baseload
2020-09-27,MANSLR1,-7.471428550593892,Baseload
2020-10-04,MANSLR1,-9.200247964446902,Baseload
2020-10-11,MANSLR1,-13.155221097174426,Baseload
2020-10-18,MANSLR1,-4.272717717006813,Baseload
2020-10-25,MANSLR1,-10.465391604680832,Baseload
2020-11-01,MANSLR1,-4.5959313549614365,Baseload
2020-11-08,MANSLR1,-8.879207450782033,Baseload
2020-11-15,MANSLR1,-2.4627443926124286,Baseload
2020-11-22,MANSLR1,36.890635383204085,Baseload
2020-11-29,MANSLR1,6.583974052894334,Baseload
2020-12-06,MANSLR1,7.407805332902591,Baseload
2020-12-13,MANSLR1,-6.6556840664744,Baseload
2020-12-20,MANSLR1,-42.5436432647864,Baseload
2020-12-27,MANSLR1,-3.3748370661026144,Baseload
2021-01-03,MANSLR1,-3.9391554436151814,Baseload
2021-01-10,MANSLR1,-1.31514591061417,Baseload
2021-01-17,MANSLR1,1.1099826448688077,Baseload
2021-01-24,MANSLR1,8.577222959716039,Baseload
2021-01-31,MANSLR1,-2.436488991737477,Baseload
2021-02-07,MANSLR1,-0.7366661558139285,Baseload
2021-02-14,MANSLR1,-0.3499980300507559,Baseload
2021-02-21,MANSLR1,1.4682982366868913,Baseload
2021-02-28,MANSLR1,-0.7459483864519854,Baseload
2021-03-07,MANSLR1,0.02360444946936724,Baseload
2021-03-14,MANSLR1,-2.266940889322136,Baseload
2021-03-21,MANSLR1,-1.5776326924655635,Baseload
2021-03-28,MANSLR1,-14.211825344695036,Baseload
2021-04-04,MANSLR1,-8.138068859858095,Baseload
2021-04-11,MANSLR1,-6.796828560695182,Baseload
2021-04-18,MANSLR1,-16.71155773399053,Baseload
2021-04-25,MANSLR1,-31.91764114530711,Baseload
2021-05-02,MANSLR1,-17.800350283841432,Baseload
2021-05-09,MANSLR1,-12.600013783673845,Baseload
2021-05-16,MANSLR1,-21.74671893183715,Baseload
2021-05-23,MANSLR1,-131.76099503675826,Baseload
2021-05-30,MANSLR1,-118.94677289746133,Baseload
2021-06-06,MANSLR1,-112.79317012847936,Baseload
2021-06-13,MANSLR1,-142.51834462111967,Baseload
2021-06-20,MANSLR1,-92.96450648211227,Baseload
2021-06-27,MANSLR1,-22.229536633455012,Baseload
2021-07-04,MANSLR1,-17.19957654909185,Baseload
2021-07-11,MANSLR1,-59.89014852579501,Baseload
2021-07-18,MANSLR1,-45.54895805926684,Baseload
2021-07-25,MANSLR1,-19.32295486441818,Baseload
2021-08-01,MANSLR1,-23.24332733280975,Baseload
2021-08-08,MANSLR1,-21.564296650269654,Baseload
2021-08-15,MANSLR1,-22.604526584064413,Baseload
2021-08-22,MANSLR1,-24.7755367411052,Baseload
2021-08-29,MANSLR1,-21.580843476711678,Baseload
2021-09-05,MANSLR1,-18.014404102811124,Baseload
2021-09-12,MANSLR1,-19.355902243730753,Baseload
2021-09-19,MANSLR1,-20.288544901948917,Baseload
2021-09-26,MANSLR1,-23.247965533553568,Baseload
2021-10-03,MANSLR1,-10.259602314092014,Baseload
2021-10-10,MANSLR1,0.6391842240695667,Baseload
2021-10-17,MANSLR1,-6.226961482738446,Baseload
2021-10-24,MANSLR1,-13.785264987887665,Baseload
2021-10-31,MANSLR1,-15.464152231168491,Baseload
2021-11-07,MANSLR1,-5.248749324258419,Baseload
2021-11-14,MANSLR1,-6.756381617245033,Baseload
2021-11-21,MANSLR1,28.416771301211313,Baseload
2021-11-28,MANSLR1,-10.342789170492651,Baseload
2021-12-05,MANSLR1,0.9769513614593563,Baseload
2021-12-12,MANSLR1,-10.51919244302195,Baseload
2021-12-19,MANSLR1,-15.133479957059443,Baseload
2021-12-26,MANSLR1,-7.388383370712688,Baseload
2022-01-02,MANSLR1,-8.878794359235826,Baseload
2022-01-09,MANSLR1,-1.8295291662658428,Baseload
2022-01-16,MANSLR1,-0.6055642700190731,Baseload
2022-01-23,MANSLR1,7.470299347754512,Baseload
2022-01-30,MANSLR1,-1.0747240865562873,Baseload
2022-02-06,MANSLR1,22.596986906227258,Baseload
2022-02-13,MANSLR1,-2.946976577822653,Baseload
2022-02-20,MANSLR1,-1.2841421425100776,Baseload
2022-02-27,MANSLR1,7.929871509234204,Baseload
2022-03-06,MANSLR1,-2.290414084100078,Baseload
2022-03-13,MANSLR1,-4.943666871002648,Baseload
2022-03-20,MANSLR1,-3.384539187938799,Baseload
2022-03-27,MANSLR1,-2.2642032716387206,Baseload
2022-04-03,MANSLR1,-22.995286426536467,Baseload
2022-04-10,MANSLR1,-23.83047562631029,Baseload
2022-04-17,MANSLR1,2.9539380475884514,Baseload
2022-04-24,MANSLR1,-25.97431898997567,Baseload
2022-05-01,MANSLR1,-43.0923383486755,Baseload
2022-05-08,MANSLR1,-220.05847169625628,Baseload
2022-05-15,MANSLR1,-13.230924767237411,Baseload
2022-05-22,MANSLR1,-18.663722565022653,Baseload
2022-05-29,MANSLR1,-43.85968802288778,Baseload
2022-06-05,MANSLR1,-103.30497840884937,Baseload
2022-06-12,MANSLR1,-131.58987762338086,Baseload
2022-06-19,MANSLR1,-85.93429696117994,Baseload
2022-06-26,MANSLR1,-53.07421614363821,Baseload
2022-07-03,MANSLR1,-19.659784775828086,Baseload
2022-07-10,MANSLR1,-73.13893447283561,Baseload
2022-07-17,MANSLR1,-161.80986579098226,Baseload
2022-07-24,MANSLR1,-84.3897185882409,Baseload
2022-07-31,MANSLR1,-96.93342632760678,Baseload
2022-08-07,MANSLR1,-44.38414904902561,Baseload
2022-08-14,MANSLR1,-47.31691937916496,Baseload
2022-08-21,MANSLR1,-57.261282864713706,Baseload
2022-08-28,MANSLR1,-31.513467382593774,Baseload
2022-09-04,MANSLR1,-42.81280425333681,Baseload
2022-09-11,MANSLR1,-35.72622286907924,Baseload
2022-09-18,MANSLR1,-24.830342198402604,Baseload
2022-09-25,MANSLR1,-47.220584260562404,Baseload
2022-10-02,MANSLR1,-27.43018953291846,Baseload
2022-10-09,MANSLR1,-37.72913600646177,Baseload
2022-10-16,MANSLR1,-47.4623268704604,Baseload
2022-10-23,MANSLR1,-4.237622751704777,Baseload
2022-10-30,MANSLR1,16.551716102797542,Baseload
2022-11-06,MANSLR1,-27.34427682757071,Baseload
2022-11-13,MANSLR1,-18.657139668960667,Baseload
2022-11-20,MANSLR1,-32.942300596875356,Baseload
2022-11-27,MANSLR1,-2.190321741335211,Baseload
2022-12-04,MANSLR1,-5.908682226598501,Baseload
2022-12-11,MANSLR1,-31.984164353308294,Baseload
2022-12-18,MANSLR1,-3.15815907052324,Baseload
2022-12-25,MANSLR1,3.806086059612909,Baseload
2023-01-01,MANSLR1,4.379935416365939,Baseload
2023-01-08,MANSLR1,0.8366343668987497,Baseload
2023-01-15,MANSLR1,3.830718092495488,Baseload
2023-01-22,MANSLR1,0.8779069304979856,Baseload
2023-01-29,MANSLR1,12.35949019736131,Baseload
2023-02-05,MANSLR1,13.457231607991275,Baseload
2023-02-12,MANSLR1,-26.255371093425858,Baseload
2023-02-19,MANSLR1,-16.057739125546775,Baseload
2023-02-26,MANSLR1,6.455913169469568,Baseload
2023-03-05,MANSLR1,-12.824613350322963,Baseload
2023-03-12,MANSLR1,-3.4972588866982335,Baseload
2023-03-19,MANSLR1,-67.32385745511095,Baseload
2023-03-26,MANSLR1,-21.279867956263004,Baseload
2023-04-02,MANSLR1,-33.15878067664674,Baseload
2023-04-09,MANSLR1,26.091346629927713,Baseload
2023-04-16,MANSLR1,-41.15780656105591,Baseload
2023-04-23,MANSLR1,-28.842732850955784,Baseload
2023-04-30,MANSLR1,-57.612869446612834,Baseload
2023-05-07,MANSLR1,-51.94545123428563,Baseload
2023-05-14,MANSLR1,-53.84134526777238,Baseload
2023-05-21,MANSLR1,-55.97553942804774,Baseload
2023-05-28,MANSLR1,-162.81485043849705,Baseload
2023-06-04,MANSLR1,-85.78902197570639,Baseload
2023-06-11,MANSLR1,-31.262709533693254,Baseload
2023-06-18,MANSLR1,-30.6528792848286,Baseload
2023-06-25,MANSLR1,-64.64054890927244,Baseload
2023-07-02,MANSLR1,-39.931884745404254,Baseload
2023-07-09,MANSLR1,7.857135181233019,Baseload
2023-07-16,MANSLR1,-29.635064300984695,Baseload
2023-07-23,MANSLR1,-40.10911626231054,Baseload
2023-07-30,MANSLR1,-34.596369398400455,Baseload
2023-08-06,MANSLR1,-39.81177041178981,Baseload
2023-08-13,MANSLR1,-38.75346821879386,Baseload
2023-08-20,MANSLR1,-55.595783065326,Baseload
2023-08-27,MANSLR1,-37.03395629971014,Baseload
2023-09-03,MANSLR1,-36.50345746587236,Baseload
2023-09-10,MANSLR1,-21.381120062816727,Baseload
2023-09-17,MANSLR1,10.012698374014171,Baseload
2023-09-24,MANSLR1,-19.115627846604212,Baseload
2023-10-01,MANSLR1,0.6593862145427352,Baseload
2023-10-08,MANSLR1,-2.007424757057983,Baseload
2023-10-15,MANSLR1,8.844669163890295,Baseload
2023-10-22,MANSLR1,-4.13923756793875,Baseload
2023-10-29,MANSLR1,7.118305740560324,Baseload
2023-11-05,MANSLR1,1.6855368131205495,Baseload
2023-11-12,MANSLR1,12.598310823676442,Baseload
2023-11-19,MANSLR1,-13.840961329033632,Baseload
2023-11-26,MANSLR1,-13.717116699216518,Baseload
2023-12-03,MANSLR1,3.878146082465115,Baseload
2023-12-10,MANSLR1,-19.400755240591025,Baseload
2023-12-17,MANSLR1,-3.3218210017349037,Baseload
2023-12-24,MANSLR1,3.9329125350289758,Baseload
2023-12-31,MANSLR1,4.203847752646723,Baseload
2024-01-07,MANSLR1,-11.858822989033428,Baseload
2024-01-14,MANSLR1,-4.851426104879565,Baseload
2024-01-21,MANSLR1,70.46694348859839,Baseload
2024-01-28,MANSLR1,-11.401910206406527,Baseload
2024-02-04,MANSLR1,-6.130972554836248,Baseload
2024-02-11,MANSLR1,-10.596220155132116,Baseload
2024-02-18,MANSLR1,0.41521285296957444,Baseload
2024-02-25,MANSLR1,24.914743081003166,Baseload
2024-03-03,MANSLR1,-18.68351799541975,Baseload
2024-03-10,MANSLR1,-8.301250198190289,Baseload
2024-03-17,MANSLR1,-3.7835403011406754,Baseload
2024-03-24,MANSLR1,-9.484311801134396,Baseload
2024-03-31,MANSLR1,-13.93387183279826,Baseload
2024-04-07,MANSLR1,-15.73612925106557,Baseload
2024-04-14,MANSLR1,-27.617677094705193,Baseload
2024-04-21,MANSLR1,-33.84140889490314,Baseload
2024-04-28,MANSLR1,-24.24794920140816,Baseload
2024-05-05,MANSLR1,-64.73076970579318,Baseload
2024-05-12,MANSLR1,-187.19616690339944,Baseload
2024-05-19,MANSLR1,-51.071363397204266,Baseload
2024-05-26,MANSLR1,-75.15744589484044,Baseload
2024-06-02,MANSLR1,-34.77940800683331,Baseload
2024-06-09,MANSLR1,-47.404760180798974,Baseload
2024-06-16,MANSLR1,-43.30454846573038,Baseload
2024-06-23,MANSLR1,-105.35066802312448,Baseload
2024-06-30,MANSLR1,-39.87144333953198,Baseload
2024-07-07,MANSLR1,-54.74698764444835,Baseload
2024-07-14,MANSLR1,-51.759004587510816,Baseload
2024-07-21,MANSLR1,-38.27810249051345,Baseload
2024-07-28,MANSLR1,-38.45270486687627,Baseload
2024-08-04,MANSLR1,-139.1923569643867,Baseload
2024-08-11,MANSLR1,-290.1532510364399,Baseload
2024-08-18,MANSLR1,-37.94029579422477,Baseload
2024-08-25,MANSLR1,-26.610349303353132,Baseload
2024-09-01,MANSLR1,33.54983741035526,Baseload
2024-09-08,MANSLR1,-14.39440349245632,Baseload
2024-09-15,MANSLR1,-8.13072717929196,Baseload
2024-09-22,MANSLR1,-7.140291663248412,Baseload
2024-09-29,MANSLR1,-45.40218326306268,Baseload
2024-10-06,MANSLR1,-13.196953728634,Baseload
2024-10-13,MANSLR1,-6.281921934829711,Baseload
2024-10-20,MANSLR1,-16.801863217759703,Baseload
2024-10-27,MANSLR1,-9.787459427440268,Baseload
2024-11-03,MANSLR1,6.382962888099485,Baseload
2024-11-10,MANSLR1,-123.8411981558499,Baseload
2024-11-17,MANSLR1,-31.64267499739732,Baseload
2024-11-24,MANSLR1,147.647663334222,Baseload
2024-12-01,MANSLR1,-127.16566235844468,Baseload
2024-12-08,MANSLR1,65.96300525755629,Baseload
2024-12-15,MANSLR1,14.423582750166446,Baseload
2024-12-22,MANSLR1,59.850289662305315,Baseload
2024-12-29,MANSLR1,17.468279864212302,Baseload
2025-01-05,MANSLR1,-3.7562667287533316,Baseload
2020-01-05,MOREESF1,206.1979652389512,Baseload
2020-01-12,MOREESF1,1.5432049824373095,Baseload
2020-01-19,MOREESF1,2.007333306119257,Baseload
2020-01-26,MOREESF1,-8.53343168074204,Baseload
2020-02-02,MOREESF1,162.12203058831489,Baseload
2020-02-09,MOREESF1,0.9647116985154227,Baseload
2020-02-16,MOREESF1,-2.0022907876173264,Baseload
2020-02-23,MOREESF1,3.0278287122757206,Baseload
2020-03-01,MOREESF1,-1.0734624632704808,Baseload
2020-03-08,MOREESF1,0.5783001161995287,Baseload
2020-03-15,MOREESF1,-3.1247840860421547,Baseload
2020-03-22,MOREESF1,-1.3439145774457302,Baseload
2020-03-29,MOREESF1,-0.35071471268781096,Baseload
2020-04-05,MOREESF1,-18.909413842060346,Baseload
2020-04-12,MOREESF1,-6.330775811092849,Baseload
2020-04-19,MOREESF1,-9.143501428641667,Baseload
2020-04-26,MOREESF1,-11.453250938282814,Baseload
2020-05-03,MOREESF1,1.4360994543524939,Baseload
2020-05-10,MOREESF1,-9.709067192014093,Baseload
2020-05-17,MOREESF1,-7.318582627297829,Baseload
2020-05-24,MOREESF1,2.4974412799128842,Baseload
2020-05-31,MOREESF1,-6.194014044003616,Baseload
2020-06-07,MOREESF1,-2.780146431922674,Baseload
2020-06-14,MOREESF1,-4.9408581090347,Baseload
2020-06-21,MOREESF1,-1.6055465181656814,Baseload
2020-06-28,MOREESF1,-2.1561974658955947,Baseload
2020-07-05,MOREESF1,-0.8236663932541077,Baseload
2020-07-12,MOREESF1,-2.689390496771942,Baseload
2020-07-19,MOREESF1,-7.822064807161965,Baseload
2020-07-26,MOREESF1,-13.481016877659663,Baseload
2020-08-02,MOREESF1,-6.422169314892848,Baseload
2020-08-09,MOREESF1,-5.078886717954894,Baseload
2020-08-16,MOREESF1,-3.87421145653137,Baseload
2020-08-23,MOREESF1,-7.852185060247606,Baseload
2020-08-30,MOREESF1,-20.71626050319972,Baseload
2020-09-06,MOREESF1,-11.17492566888864,Baseload
2020-09-13,MOREESF1,-4.1031708011849375,Baseload
2020-09-20,MOREESF1,-6.69511528010765,Baseload
2020-09-27,MOREESF1,-6.732143272528596,Baseload
2020-10-04,MOREESF1,-8.768736909829602,Baseload
2020-10-11,MOREESF1,0.8554457012338617,Baseload
2020-10-18,MOREESF1,-2.69925831095491,Baseload
2020-10-25,MOREESF1,8.61539083414445,Baseload
2020-11-01,MOREESF1,-2.9109670543833417,Baseload
2020-11-08,MOREESF1,-8.989333864784427,Baseload
2020-11-15,MOREESF1,-2.6327063577026095,Baseload
2020-11-22,MOREESF1,53.603511078636046,Baseload
2020-11-29,MOREESF1,-8.001461337051587,Baseload
2020-12-06,MOREESF1,-5.228601626872944,Baseload
2020-12-13,MOREESF1,-6.0168019052220885,Baseload
2020-12-20,MOREESF1,131.28472328672763,Baseload
2020-12-27,MOREESF1,-7.3132803816647645,Baseload
2021-01-03,MOREESF1,-3.462098791773183,Baseload
2021-01-10,MOREESF1,-2.7676444022410394,Baseload
2021-01-17,MOREESF1,-0.8154675887944052,Baseload
2021-01-24,MOREESF1,0.6588898308744646,Baseload
2021-01-31,MOREESF1,-0.758356185435666,Baseload
2021-02-07,MOREESF1,-0.5714462382947403,Baseload
2021-02-14,MOREESF1,-1.4989399751749133,Baseload
2021-02-21,MOREESF1,-0.5109968876268809,Baseload
2021-02-28,MOREESF1,-2.995076577814608,Baseload
2021-03-07,MOREESF1,-4.295244966984704,Baseload
2021-03-14,MOREESF1,-2.977504087718529,Baseload
2021-03-21,MOREESF1,1.00322534276701,Baseload
2021-03-28,MOREESF1,-14.46508606369251,Baseload
2021-04-04,MOREESF1,-8.930031714101244,Baseload
2021-04-11,MOREESF1,-11.555357207834017,Baseload
2021-04-18,MOREESF1,-16.12202812364255,Baseload
2021-04-25,MOREESF1,-30.52366932706385,Baseload
2021-05-02,MOREESF1,-15.696856283074425,Baseload
2021-05-09,MOREESF1,-12.600045145712201,Baseload
2021-05-16,MOREESF1,-20.52967486610057,Baseload
2021-05-23,MOREESF1,-123.05919168391452,Baseload
2021-05-30,MOREESF1,-116.47852643033514,Baseload
2021-06-06,MOREESF1,-108.0117677613984,Baseload
2021-06-13,MOREESF1,-136.98233730515747,Baseload
2021-06-20,MOREESF1,-100.83207578752257,Baseload
2021-06-27,MOREESF1,-16.5353497913636,Baseload
2021-07-04,MOREESF1,-20.313476186675167,Baseload
2021-07-11,MOREESF1,-66.96633244833933,Baseload
2021-07-18,MOREESF1,-76.1226519938952,Baseload
2021-07-25,MOREESF1,-3.071730591149901,Baseload
2021-08-01,MOREESF1,-25.298064118017535,Baseload
2021-08-08,MOREESF1,-20.0222971165417,Baseload
2021-08-15,MOREESF1,-15.290582571110413,Baseload
2021-08-22,MOREESF1,-36.29037942133557,Baseload
2021-08-29,MOREESF1,-24.427720376086576,Baseload
2021-09-05,MOREESF1,-15.787973149382747,Baseload
2021-09-12,MOREESF1,-31.49815292670123,Baseload
2021-09-19,MOREESF1,-12.842546597549251,Baseload
2021-09-26,MOREESF1,-28.56218304352897,Baseload
2021-10-03,MOREESF1,-35.821712507540866,Baseload
2021-10-10,MOREESF1,-34.05502256672515,Baseload
2021-10-17,MOREESF1,-17.023778756335474,Baseload
2021-10-24,MOREESF1,-16.430478448120255,Baseload
2021-10-31,MOREESF1,-18.44773329339032,Baseload
2021-11-07,MOREESF1,-2.608104835107241,Baseload
2021-11-14,MOREESF1,-16.684678701734285,Baseload
2021-11-21,MOREESF1,22.24011427422947,Baseload
2021-11-28,MOREESF1,8.838248770020783,Baseload
2021-12-05,MOREESF1,-17.439524969861722,Baseload
2021-12-12,MOREESF1,-17.872466124160674,Baseload
2021-12-19,MOREESF1,-9.005687717707936,Baseload
2021-12-26,MOREESF1,-10.2393102972446,Baseload
2022-01-02,MOREESF1,-21.462871925587606,Baseload
2022-01-09,MOREESF1,-5.517412662851157,Baseload
2022-01-16,MOREESF1,-2.9499933986150495,Baseload
2022-01-23,MOREESF1,-3.865379960276954,Baseload
2022-01-30,MOREESF1,-2.4430093819482295,Baseload
2022-02-06,MOREESF1,-21.62464907213578,Baseload
2022-02-13,MOREESF1,-10.852259764098648,Baseload
2022-02-20,MOREESF1,-14.183117585574081,Baseload
2022-02-27,MOREESF1,2.3917798442697062,Baseload
2022-03-06,MOREESF1,-8.129197015367595,Baseload
2022-03-13,MOREESF1,-12.617406977543553,Baseload
2022-03-20,MOREESF1,-38.59782546595196,Baseload
2022-03-27,MOREESF1,-8.936345450486968,Baseload
2022-04-03,MOREESF1,-26.442816475289845,Baseload
2022-04-10,MOREESF1,-43.684001709011284,Baseload
2022-04-17,MOREESF1,-47.835118794842174,Baseload
2022-04-24,MOREESF1,-33.99170411592591,Baseload
2022-05-01,MOREESF1,-50.913917009105205,Baseload
2022-05-08,MOREESF1,-226.08039752932135,Baseload
2022-05-15,MOREESF1,-26.622059179910025,Baseload
2022-05-22,MOREESF1,-46.79650708515845,Baseload
2022-05-29,MOREESF1,-42.14688742793459,Baseload
2022-06-05,MOREESF1,-129.32318670405363,Baseload
2022-06-12,MOREESF1,-115.57672046921994,Baseload
2022-06-19,MOREESF1,-70.92203956802763,Baseload
2022-06-26,MOREESF1,-53.00374689760753,Baseload
2022-07-03,MOREESF1,-26.013103006196047,Baseload
2022-07-10,MOREESF1,-68.68120194219699,Baseload
2022-07-17,MOREESF1,-137.08470353303716,Baseload
2022-07-24,MOREESF1,-92.86593883141077,Baseload
2022-07-31,MOREESF1,-90.53008969580014,Baseload
2022-08-07,MOREESF1,-52.301921703554555,Baseload
2022-08-14,MOREESF1,-61.767023201907065,Baseload
2022-08-21,MOREESF1,-58.29133257410888,Baseload
2022-08-28,MOREESF1,-37.925755655304314,Baseload
2022-09-04,MOREESF1,-46.17126624054802,Baseload
2022-09-11,MOREESF1,-56.67531904274743,Baseload
2022-09-18,MOREESF1,-105.23339698304264,Baseload
2022-09-25,MOREESF1,-89.826371520547,Baseload
2022-10-02,MOREESF1,-41.46903093177359,Baseload
2022-10-09,MOREESF1,-64.37829384482347,Baseload
2022-10-16,MOREESF1,-49.616181812635276,Baseload
2022-10-23,MOREESF1,-27.259235857731696,Baseload
2022-10-30,MOREESF1,-66.71020220111986,Baseload
2022-11-06,MOREESF1,-64.0719365253932,Baseload
2022-11-13,MOREESF1,-38.21536105635343,Baseload
2022-11-20,MOREESF1,-61.330735202543785,Baseload
2022-11-27,MOREESF1,-51.7388868388729,Baseload
2022-12-04,MOREESF1,-46.5246063995391,Baseload
2022-12-11,MOREESF1,-49.078369491498414,Baseload
2022-12-18,MOREESF1,-43.39374549586904,Baseload
2022-12-25,MOREESF1,-47.24858998077569,Baseload
2023-01-01,MOREESF1,-29.81173048309823,Baseload
2023-01-08,MOREESF1,-33.941921878853464,Baseload
2023-01-15,MOREESF1,-18.995341942666514,Baseload
2023-01-22,MOREESF1,-13.716198907058612,Baseload
2023-01-29,MOREESF1,-5.890079833290358,Baseload
2023-02-05,MOREESF1,-33.41348965542123,Baseload
2023-02-12,MOREESF1,-24.575462035918903,Baseload
2023-02-19,MOREESF1,-21.495010567706444,Baseload
2023-02-26,MOREESF1,-21.45528025369554,Baseload
2023-03-05,MOREESF1,-9.370136461390274,Baseload
2023-03-12,MOREESF1,-14.28687286889074,Baseload
2023-03-19,MOREESF1,-90.31804573386124,Baseload
2023-03-26,MOREESF1,-21.177438426075142,Baseload
2023-04-02,MOREESF1,-41.24035511549269,Baseload
2023-04-09,MOREESF1,-97.97416402596828,Baseload
2023-04-16,MOREESF1,-82.18276475516336,Baseload
2023-04-23,MOREESF1,-47.61190591497652,Baseload
2023-04-30,MOREESF1,-53.58233836568792,Baseload
2023-05-07,MOREESF1,-52.83095231778627,Baseload
2023-05-14,MOREESF1,-55.62351193097109,Baseload
2023-05-21,MOREESF1,-63.14210335434015,Baseload
2023-05-28,MOREESF1,-155.96424480614166,Baseload
2023-06-04,MOREESF1,-80.11666711553809,Baseload
2023-06-11,MOREESF1,-30.289322512681927,Baseload
2023-06-18,MOREESF1,-36.915914658323246,Baseload
2023-06-25,MOREESF1,-72.2960261830352,Baseload
2023-07-02,MOREESF1,-41.13550311706479,Baseload
2023-07-09,MOREESF1,-61.76662412976424,Baseload
2023-07-16,MOREESF1,-35.73780924799626,Baseload
2023-07-23,MOREESF1,-38.72396034793348,Baseload
2023-07-30,MOREESF1,-51.7978062485539,Baseload
2023-08-06,MOREESF1,-55.13171348844953,Baseload
2023-08-13,MOREESF1,-42.9760961924098,Baseload
2023-08-20,MOREESF1,-79.3182498410234,Baseload
2023-08-27,MOREESF1,-44.301944030482694,Baseload
2023-09-03,MOREESF1,-51.0304509032554,Baseload
2023-09-10,MOREESF1,-70.89136163637882,Baseload
2023-09-17,MOREESF1,-52.52364234947204,Baseload
2023-09-24,MOREESF1,-39.40023676014009,Baseload
2023-10-01,MOREESF1,-39.045046543234676,Baseload
2023-10-08,MOREESF1,-25.30161960890216,Baseload
2023-10-15,MOREESF1,-39.13861760990527,Baseload
2023-10-22,MOREESF1,-36.3790381207766,Baseload
2023-10-29,MOREESF1,-33.634620317471516,Baseload
2023-11-05,MOREESF1,-27.684447629775306,Baseload
2023-11-12,MOREESF1,-43.369786093317174,Baseload
2023-11-19,MOREESF1,-54.104823979391504,Baseload
2023-11-26,MOREESF1,-22.90813049884821,Baseload
2023-12-03,MOREESF1,-21.257355393339555,Baseload
2023-12-10,MOREESF1,-10.027814436673083,Baseload
2023-12-17,MOREESF1,-15.213970900037609,Baseload
2023-12-24,MOREESF1,-18.525273809649143,Baseload
2023-12-31,MOREESF1,-28.755234067574825,Baseload
2024-01-07,MOREESF1,-15.598475588854768,Baseload
2024-01-14,MOREESF1,-20.511255878243944,Baseload
2024-01-21,MOREESF1,-46.92176545768453,Baseload
2024-01-28,MOREESF1,-14.770699934232603,Baseload
2024-02-04,MOREESF1,-33.04396138037055,Baseload
2024-02-11,MOREESF1,-28.89489942053322,Baseload
2024-02-18,MOREESF1,-21.28267003200179,Baseload
2024-02-25,MOREESF1,-22.58514980672676,Baseload
2024-03-03,MOREESF1,47.23661918503362,Baseload
2024-03-10,MOREESF1,-26.147759547235147,Baseload
2024-03-17,MOREESF1,-21.356175246326337,Baseload
2024-03-24,MOREESF1,-21.6434283201829,Baseload
2024-03-31,MOREESF1,-36.76701602204345,Baseload
2024-04-07,MOREESF1,-30.306694334835363,Baseload
2024-04-14,MOREESF1,-57.54534136187466,Baseload
2024-04-21,MOREESF1,-46.42950154020595,Baseload
2024-04-28,MOREESF1,-55.60542618884581,Baseload
2024-05-05,MOREESF1,-68.96317320239622,Baseload
2024-05-12,MOREESF1,-449.3921883233959,Baseload
2024-05-19,MOREESF1,-59.5643688004509,Baseload
2024-05-26,MOREESF1,-78.0969798406341,Baseload
2024-06-02,MOREESF1,-44.928420066638715,Baseload
2024-06-09,MOREESF1,-49.21489459755149,Baseload
2024-06-16,MOREESF1,-50.522757821530305,Baseload
2024-06-23,MOREESF1,-91.60633918878847,Baseload
2024-06-30,MOREESF1,-34.28615679405165,Baseload
2024-07-07,MOREESF1,-51.03448380483448,Baseload
2024-07-14,MOREESF1,-57.96611788883061,Baseload
2024-07-21,MOREESF1,-54.82194678960975,Baseload
2024-07-28,MOREESF1,-53.71789587601134,Baseload
2024-08-04,MOREESF1,-136.74227644846061,Baseload
2024-08-11,MOREESF1,-267.31021210760247,Baseload
2024-08-18,MOREESF1,-72.86249057004004,Baseload
2024-08-25,MOREESF1,-55.424271964845026,Baseload
2024-09-01,MOREESF1,-61.06437801964624,Baseload
2024-09-08,MOREESF1,-56.51161679504723,Baseload
2024-09-15,MOREESF1,-54.92351869110603,Baseload
2024-09-22,MOREESF1,-64.8356711416384,Baseload
2024-09-29,MOREESF1,-58.552201045692485,Baseload
2024-10-06,MOREESF1,-47.50148406964546,Baseload
2024-10-13,MOREESF1,-32.70615239679435,Baseload
2024-10-20,MOREESF1,-50.186609578326966,Baseload
2024-10-27,MOREESF1,-65.36433829410475,Baseload
2024-11-03,MOREESF1,-38.306908732449315,Baseload
2024-11-10,MOREESF1,-238.28412329659574,Baseload
2024-11-17,MOREESF1,-67.4820086564145,Baseload
2024-11-24,MOREESF1,-82.27543610755718,Baseload
2024-12-01,MOREESF1,10.120359982438572,Baseload
2024-12-08,MOREESF1,-50.604126669383135,Baseload
2024-12-15,MOREESF1,-89.78936957006478,Baseload
2024-12-22,MOREESF1,-38.44883706232966,Baseload
2024-12-29,MOREESF1,-47.82935770323995,Baseload
2025-01-05,MOREESF1,-38.19445802069269,Baseload
2020-01-05,NEVERSF1,260.7123850989468,Baseload
2020-01-12,NEVERSF1,1.190381311360575,Baseload
2020-01-19,NEVERSF1,0.3264427261000833,Baseload
2020-01-26,NEVERSF1,6.2158728770651095,Baseload
2020-02-02,NEVERSF1,304.1825479104951,Baseload
2020-02-09,NEVERSF1,3.335158841890099,Baseload
2020-02-16,NEVERSF1,1.3209994124819744,Baseload
2020-02-23,NEVERSF1,0.08820601294875274,Baseload
2020-03-01,NEVERSF1,8.965687429724149,Baseload
2020-03-08,NEVERSF1,-2.856867979190085,Baseload
2020-03-15,NEVERSF1,-2.901046775198566,Baseload
2020-03-22,NEVERSF1,4.432559574058324,Baseload
2020-03-29,NEVERSF1,-2.1205833330147854,Baseload
2020-04-05,NEVERSF1,-8.061158208655556,Baseload
2020-04-12,NEVERSF1,-7.9661276460421035,Baseload
2020-04-19,NEVERSF1,-9.4774676445752,Baseload
2020-04-26,NEVERSF1,-0.055873887079918916,Baseload
2020-05-03,NEVERSF1,-6.441548323117523,Baseload
2020-05-10,NEVERSF1,-3.891268278711692,Baseload
2020-05-17,NEVERSF1,-6.708304331173039,Baseload
2020-05-24,NEVERSF1,2.730390766606419,Baseload
2020-05-31,NEVERSF1,-6.9182637177679,Baseload
2020-06-07,NEVERSF1,-4.300924217735847,Baseload
2020-06-14,NEVERSF1,-13.124640440177423,Baseload
2020-06-21,NEVERSF1,-2.203789716751544,Baseload
2020-06-28,NEVERSF1,-4.690838714591706,Baseload
2020-07-05,NEVERSF1,-1.3452028480874176,Baseload
2020-07-12,NEVERSF1,-3.172141469876699,Baseload
2020-07-19,NEVERSF1,-9.414269388143303,Baseload
2020-07-26,NEVERSF1,-15.896470692675969,Baseload
2020-08-02,NEVERSF1,-7.512675147414129,Baseload
2020-08-09,NEVERSF1,-5.354050232267724,Baseload
2020-08-16,NEVERSF1,-6.383510978965518,Baseload
2020-08-23,NEVERSF1,-9.266743522372288,Baseload
2020-08-30,NEVERSF1,-22.36245447608387,Baseload
2020-09-06,NEVERSF1,-14.087576732043644,Baseload
2020-09-13,NEVERSF1,-5.226865162429796,Baseload
2020-09-20,NEVERSF1,-7.864367877870286,Baseload
2020-09-27,NEVERSF1,-8.70758282619596,Baseload
2020-10-04,NEVERSF1,-9.770602622401018,Baseload
2020-10-11,NEVERSF1,-9.98109295580231,Baseload
2020-10-18,NEVERSF1,-3.968430524292849,Baseload
2020-10-25,NEVERSF1,-8.275227822975552,Baseload
2020-11-01,NEVERSF1,-5.030187371842246,Baseload
2020-11-08,NEVERSF1,-9.512540071050296,Baseload
2020-11-15,NEVERSF1,-3.031216574332518,Baseload
2020-11-22,NEVERSF1,56.84248519746316,Baseload
2020-11-29,NEVERSF1,-0.5481047546982012,Baseload
2020-12-06,NEVERSF1,6.222077559691179,Baseload
2020-12-13,NEVERSF1,-7.6298308774806145,Baseload
2020-12-20,NEVERSF1,102.38136855121985,Baseload
2020-12-27,NEVERSF1,-5.955805086581151,Baseload
2021-01-03,NEVERSF1,-2.8085819758241044,Baseload
2021-01-10,NEVERSF1,-2.4173537216334964,Baseload
2021-01-17,NEVERSF1,-4.804797857444591,Baseload
2021-01-24,NEVERSF1,0.2481201041210852,Baseload
2021-01-31,NEVERSF1,-1.3359195821589935,Baseload
2021-02-07,NEVERSF1,-1.159650431116198,Baseload
2021-02-14,NEVERSF1,-1.814292287021459,Baseload
2021-02-21,NEVERSF1,-1.1606114757947381,Baseload
2021-02-28,NEVERSF1,-3.0967182953854255,Baseload
2021-03-07,NEVERSF1,-4.971303068754615,Baseload
2021-03-14,NEVERSF1,-3.157499112325759,Baseload
2021-03-21,NEVERSF1,-1.7648875304350042,Baseload
2021-03-28,NEVERSF1,-14.96921862989462,Baseload
2021-04-04,NEVERSF1,-9.508305898992756,Baseload
2021-04-11,NEVERSF1,-12.184552491694213,Baseload
2021-04-18,NEVERSF1,-17.508239623272082,Baseload
2021-04-25,NEVERSF1,-34.17862840345894,Baseload
2021-05-02,NEVERSF1,-22.49616011864798,Baseload
2021-05-09,NEVERSF1,-13.251587527977193,Baseload
2021-05-16,NEVERSF1,-23.10101523322637,Baseload
2021-05-23,NEVERSF1,-135.73032142360313,Baseload
2021-05-30,NEVERSF1,-122.30127622437298,Baseload
2021-06-06,NEVERSF1,-108.23304059204857,Baseload
2021-06-13,NEVERSF1,-138.45112477938682,Baseload
2021-06-20,NEVERSF1,-95.13752560887166,Baseload
2021-06-27,NEVERSF1,-30.281688536814684,Baseload
2021-07-04,NEVERSF1,-18.870436933758278,Baseload
2021-07-11,NEVERSF1,-58.90946244829391,Baseload
2021-07-18,NEVERSF1,-35.557082554571494,Baseload
2021-07-25,NEVERSF1,-25.444016987426068,Baseload
2021-08-01,NEVERSF1,-26.214774380591393,Baseload
2021-08-08,NEVERSF1,-20.86801928440844,Baseload
2021-08-15,NEVERSF1,-22.364410171344705,Baseload
2021-08-22,NEVERSF1,-32.76281330034664,Baseload
2021-08-29,NEVERSF1,-26.25229266545133,Baseload
2021-09-05,NEVERSF1,-23.418064526129854,Baseload
2021-09-12,NEVERSF1,-31.286530101614744,Baseload
2021-09-19,NEVERSF1,-26.99692726619269,Baseload
2021-09-26,NEVERSF1,-25.77656396620376,Baseload
2021-10-03,NEVERSF1,-17.54822784446054,Baseload
2021-10-10,NEVERSF1,-26.412031782375156,Baseload
2021-10-17,NEVERSF1,-24.414127324596315,Baseload
2021-10-24,NEVERSF1,-17.108331345927553,Baseload
2021-10-31,NEVERSF1,-21.062779799089007,Baseload
2021-11-07,NEVERSF1,-6.7018625085099615,Baseload
2021-11-14,NEVERSF1,-18.252142811646955,Baseload
2021-11-21,NEVERSF1,8.25229358859275,Baseload
2021-11-28,NEVERSF1,-7.108568474808081,Baseload
2021-12-05,NEVERSF1,-17.656641905139324,Baseload
2021-12-12,NEVERSF1,-19.530189844175773,Baseload
2021-12-19,NEVERSF1,-17.02420442470082,Baseload
2021-12-26,NEVERSF1,-7.432634311761262,Baseload
2022-01-02,NEVERSF1,-22.14208454608729,Baseload
2022-01-09,NEVERSF1,-5.8345327685312895,Baseload
2022-01-16,NEVERSF1,-4.430954905977771,Baseload
2022-01-23,NEVERSF1,-8.136119574457908,Baseload
2022-01-30,NEVERSF1,-2.312812616060384,Baseload
2022-02-06,NEVERSF1,-17.097716302980942,Baseload
2022-02-13,NEVERSF1,-12.544367321617557,Baseload
2022-02-20,NEVERSF1,-14.672551539416872,Baseload
2022-02-27,NEVERSF1,17.120817217509725,Baseload
2022-03-06,NEVERSF1,-10.131131992371934,Baseload
2022-03-13,NEVERSF1,-18.107547177145065,Baseload
2022-03-20,NEVERSF1,-18.77320707074479,Baseload
2022-03-27,NEVERSF1,-9.668506046655523,Baseload
2022-04-03,NEVERSF1,-38.2521707588064,Baseload
2022-04-10,NEVERSF1,-45.25069186671064,Baseload
2022-04-17,NEVERSF1,-50.298262430134,Baseload
2022-04-24,NEVERSF1,-46.33645193090075,Baseload
2022-05-01,NEVERSF1,-44.38404947373601,Baseload
2022-05-08,NEVERSF1,-227.24505973801854,Baseload
2022-05-15,NEVERSF1,-27.983307937584357,Baseload
2022-05-22,NEVERSF1,-32.585234822625125,Baseload
2022-05-29,NEVERSF1,-49.24935654501536,Baseload
2022-06-05,NEVERSF1,-85.97411004437873,Baseload
2022-06-12,NEVERSF1,-117.38330788721834,Baseload
2022-06-19,NEVERSF1,-83.30434763872364,Baseload
2022-06-26,NEVERSF1,-68.29088849716061,Baseload
2022-07-03,NEVERSF1,-21.88381230022611,Baseload
2022-07-10,NEVERSF1,-74.04749352547759,Baseload
2022-07-17,NEVERSF1,-171.16920161167673,Baseload
2022-07-24,NEVERSF1,-101.48096108091264,Baseload
2022-07-31,NEVERSF1,-97.5232991048805,Baseload
2022-08-07,NEVERSF1,-53.185079659439054,Baseload
2022-08-14,NEVERSF1,-67.1800703046073,Baseload
2022-08-21,NEVERSF1,-60.60091205835474,Baseload
2022-08-28,NEVERSF1,-48.53657746139797,Baseload
2022-09-04,NEVERSF1,-44.78156277307377,Baseload
2022-09-11,NEVERSF1,-61.31568017756261,Baseload
2022-09-18,NEVERSF1,-95.34765576843265,Baseload
2022-09-25,NEVERSF1,-91.68821977136756,Baseload
2022-10-02,NEVERSF1,-53.327840897238175,Baseload
2022-10-09,NEVERSF1,-70.72629419921248,Baseload
2022-10-16,NEVERSF1,-59.32464142353862,Baseload
2022-10-23,NEVERSF1,-26.85764046739638,Baseload
2022-10-30,NEVERSF1,-51.26374749139313,Baseload
2022-11-06,NEVERSF1,-56.069863844868586,Baseload
2022-11-13,NEVERSF1,-46.145457730288356,Baseload
2022-11-20,NEVERSF1,-67.01716102295916,Baseload
2022-11-27,NEVERSF1,-54.19865528521566,Baseload
2022-12-04,NEVERSF1,-45.6216747019032,Baseload
2022-12-11,NEVERSF1,-57.70579430536821,Baseload
2022-12-18,NEVERSF1,-57.453214492148064,Baseload
2022-12-25,NEVERSF1,-47.61423565437951,Baseload
2023-01-01,NEVERSF1,-35.23648642206255,Baseload
2023-01-08,NEVERSF1,-33.28221177959171,Baseload
2023-01-15,NEVERSF1,-18.110133737649832,Baseload
2023-01-22,NEVERSF1,-13.061727380970197,Baseload
2023-01-29,NEVERSF1,-14.462237767516044,Baseload
2023-02-05,NEVERSF1,-29.006844990505172,Baseload
2023-02-12,NEVERSF1,-17.770469909006124,Baseload
2023-02-19,NEVERSF1,-24.211660605399274,Baseload
2023-02-26,NEVERSF1,-12.358377848049578,Baseload
2023-03-05,NEVERSF1,-8.739921983758748,Baseload
2023-03-12,NEVERSF1,-17.82315095762982,Baseload
2023-03-19,NEVERSF1,-94.59977062029712,Baseload
2023-03-26,NEVERSF1,-19.06612554731761,Baseload
2023-04-02,NEVERSF1,-56.348283124537105,Baseload
2023-04-09,NEVERSF1,-25.019749931588166,Baseload
2023-04-16,NEVERSF1,-53.25450671818827,Baseload
2023-04-23,NEVERSF1,-49.30604302595911,Baseload
2023-04-30,NEVERSF1,-56.06633726839573,Baseload
2023-05-07,NEVERSF1,-64.92870276975192,Baseload
2023-05-14,NEVERSF1,-61.13921917786716,Baseload
2023-05-21,NEVERSF1,-62.45393642229497,Baseload
2023-05-28,NEVERSF1,-161.9443403178144,Baseload
2023-06-04,NEVERSF1,-86.99160394835073,Baseload
2023-06-11,NEVERSF1,-34.338785992519476,Baseload
2023-06-18,NEVERSF1,-41.16471653962815,Baseload
2023-06-25,NEVERSF1,-77.14483612364518,Baseload
2023-07-02,NEVERSF1,-39.889658385840015,Baseload
2023-07-09,NEVERSF1,-60.882305665530595,Baseload
2023-07-16,NEVERSF1,-43.21860565789485,Baseload
2023-07-23,NEVERSF1,-44.77786626656194,Baseload
2023-07-30,NEVERSF1,-52.780495827818974,Baseload
2023-08-06,NEVERSF1,-52.444321944823,Baseload
2023-08-13,NEVERSF1,-46.764892074740146,Baseload
2023-08-20,NEVERSF1,-79.80281031757812,Baseload
2023-08-27,NEVERSF1,-52.7876200738967,Baseload
2023-09-03,NEVERSF1,-55.897747483103245,Baseload
2023-09-10,NEVERSF1,-69.74081338005152,Baseload
2023-09-17,NEVERSF1,-43.888905009693346,Baseload
2023-09-24,NEVERSF1,-40.238219716197875,Baseload
2023-10-01,NEVERSF1,-35.32316312765405,Baseload
2023-10-08,NEVERSF1,-33.38295250768741,Baseload
2023-10-15,NEVERSF1,-42.31966118311202,Baseload
2023-10-22,NEVERSF1,-32.56945414193152,Baseload
2023-10-29,NEVERSF1,-37.290160824156544,Baseload
2023-11-05,NEVERSF1,-25.611811893557324,Baseload
2023-11-12,NEVERSF1,-55.5044771449975,Baseload
2023-11-19,NEVERSF1,-56.104742381222614,Baseload
2023-11-26,NEVERSF1,-19.075006013284913,Baseload
2023-12-03,NEVERSF1,-24.42430050239375,Baseload
2023-12-10,NEVERSF1,-29.263514162971198,Baseload
2023-12-17,NEVERSF1,-20.66131318269312,Baseload
2023-12-24,NEVERSF1,-16.592844110814298,Baseload
2023-12-31,NEVERSF1,-33.27843052463672,Baseload
2024-01-07,NEVERSF1,-16.135597459503757,Baseload
2024-01-14,NEVERSF1,-19.237806586115987,Baseload
2024-01-21,NEVERSF1,-53.79886723042658,Baseload
2024-01-28,NEVERSF1,-18.12624042602863,Baseload
2024-02-04,NEVERSF1,-22.98848344996334,Baseload
2024-02-11,NEVERSF1,-31.372548615937745,Baseload
2024-02-18,NEVERSF1,-18.681323592011665,Baseload
2024-02-25,NEVERSF1,-27.066340468296687,Baseload
2024-03-03,NEVERSF1,-122.48207584719863,Baseload
2024-03-10,NEVERSF1,-27.17978881764727,Baseload
2024-03-17,NEVERSF1,-22.16045479230455,Baseload
2024-03-24,NEVERSF1,-22.970707986901033,Baseload
2024-03-31,NEVERSF1,-32.09700812851996,Baseload
2024-04-07,NEVERSF1,-29.60223978472097,Baseload
2024-04-14,NEVERSF1,-57.281523186464966,Baseload
2024-04-21,NEVERSF1,-43.70746176835293,Baseload
2024-04-28,NEVERSF1,-58.098951668788914,Baseload
2024-05-05,NEVERSF1,-81.57477343058974,Baseload
2024-05-12,NEVERSF1,-363.7668538919902,Baseload
2024-05-19,NEVERSF1,-63.56421923179907,Baseload
2024-05-26,NEVERSF1,-89.19598119977339,Baseload
2024-06-02,NEVERSF1,-37.821106358234076,Baseload
2024-06-09,NEVERSF1,-50.66583813374787,Baseload
2024-06-16,NEVERSF1,-61.31394397757725,Baseload
2024-06-23,NEVERSF1,-102.64665932183337,Baseload
2024-06-30,NEVERSF1,-46.58975413173543,Baseload
2024-07-07,NEVERSF1,-55.557935377991186,Baseload
2024-07-14,NEVERSF1,-56.31095719322022,Baseload
2024-07-21,NEVERSF1,-56.97125490061742,Baseload
2024-07-28,NEVERSF1,-48.70172437432899,Baseload
2024-08-04,NEVERSF1,-141.34794261606885,Baseload
2024-08-11,NEVERSF1,-315.3435873009273,Baseload
2024-08-18,NEVERSF1,-55.079327436160256,Baseload
2024-08-25,NEVERSF1,-61.10315698560033,Baseload
2024-09-01,NEVERSF1,-55.32330374210499,Baseload
2024-09-08,NEVERSF1,-59.60072554219922,Baseload
2024-09-15,NEVERSF1,-43.76904341835582,Baseload
2024-09-22,NEVERSF1,-61.85703881032312,Baseload
2024-09-29,NEVERSF1,-63.24814526275752,Baseload
2024-10-06,NEVERSF1,-33.456162968625776,Baseload
2024-10-13,NEVERSF1,-20.238354287218762,Baseload
2024-10-20,NEVERSF1,-40.88439637288416,Baseload
2024-10-27,NEVERSF1,-71.9973376825825,Baseload
2024-11-03,NEVERSF1,-37.3301390629118,Baseload
2024-11-10,NEVERSF1,-252.5682334110976,Baseload
2024-11-17,NEVERSF1,-58.30542470087215,Baseload
2024-11-24,NEVERSF1,-62.84743210564987,Baseload
2024-12-01,NEVERSF1,-108.75581621502769,Baseload
2024-12-08,NEVERSF1,-71.34523036805862,Baseload
2024-12-15,NEVERSF1,-78.67997928548473,Baseload
2024-12-22,NEVERSF1,-32.09988896444088,Baseload
2024-12-29,NEVERSF1,-40.69339512329007,Baseload
2025-01-05,NEVERSF1,-31.576842535227037,Baseload
2020-01-05,NYNGAN1,44.88591193704383,Baseload
2020-01-12,NYNGAN1,0.47239766160210905,Baseload
2020-01-19,NYNGAN1,-0.2248511738539989,Baseload
2020-01-26,NYNGAN1,-11.550146948047711,Baseload
2020-02-02,NYNGAN1,107.56984005865957,Baseload
2020-02-09,NYNGAN1,2.033495159605515,Baseload
2020-02-16,NYNGAN1,0.88335188376454,Baseload
2020-02-23,NYNGAN1,1.3663189636946385,Baseload
2020-03-01,NYNGAN1,-1.9750821908591547,Baseload
2020-03-08,NYNGAN1,-1.3997679847507243,Baseload
2020-03-15,NYNGAN1,-3.376567205253977,Baseload
2020-03-22,NYNGAN1,-2.6597861782418093,Baseload
2020-03-29,NYNGAN1,-0.7620355098470739,Baseload
2020-04-05,NYNGAN1,-8.040873991562123,Baseload
2020-04-12,NYNGAN1,-9.129252335130069,Baseload
2020-04-19,NYNGAN1,-9.41270302714615,Baseload
2020-04-26,NYNGAN1,-14.550570199191405,Baseload
2020-05-03,NYNGAN1,-2.6257027103172987,Baseload
2020-05-10,NYNGAN1,-9.162746044102029,Baseload
2020-05-17,NYNGAN1,-7.916893876282792,Baseload
2020-05-24,NYNGAN1,4.53916866486049,Baseload
2020-05-31,NYNGAN1,-7.559757883174981,Baseload
2020-06-07,NYNGAN1,-4.3357560274723,Baseload
2020-06-14,NYNGAN1,-11.353561887934958,Baseload
2020-06-21,NYNGAN1,-2.579459669393543,Baseload
2020-06-28,NYNGAN1,-4.4230394923198375,Baseload
2020-07-05,NYNGAN1,-1.4575567480922516,Baseload
2020-07-12,NYNGAN1,-3.5619963884988977,Baseload
2020-07-19,NYNGAN1,-9.29692059498938,Baseload
2020-07-26,NYNGAN1,-16.076086386274852,Baseload
2020-08-02,NYNGAN1,-7.405761043940224,Baseload
2020-08-09,NYNGAN1,-5.949326474622929,Baseload
2020-08-16,NYNGAN1,-6.666579755104173,Baseload
2020-08-23,NYNGAN1,-9.376940014743134,Baseload
2020-08-30,NYNGAN1,-24.78708863027949,Baseload
2020-09-06,NYNGAN1,-13.585031930943657,Baseload
2020-09-13,NYNGAN1,-5.856442713503505,Baseload
2020-09-20,NYNGAN1,-9.912229590218828,Baseload
2020-09-27,NYNGAN1,-8.467774270182872,Baseload
2020-10-04,NYNGAN1,-10.180492194515274,Baseload
2020-10-11,NYNGAN1,-12.921065818692199,Baseload
2020-10-18,NYNGAN1,-4.750678344003951,Baseload
2020-10-25,NYNGAN1,-7.049885444695732,Baseload
2020-11-01,NYNGAN1,-5.9359322574111175,Baseload
2020-11-08,NYNGAN1,-11.09291331908662,Baseload
2020-11-15,NYNGAN1,-4.445869333257427,Baseload
2020-11-22,NYNGAN1,55.21491598207453,Baseload
2020-11-29,NYNGAN1,-7.718609397631177,Baseload
2020-12-06,NYNGAN1,-4.188480997042326,Baseload
2020-12-13,NYNGAN1,-8.3347185366747,Baseload
2020-12-20,NYNGAN1,99.23973226202787,Baseload
2020-12-27,NYNGAN1,-6.915794379024884,Baseload
2021-01-03,NYNGAN1,-3.8416329423505147,Baseload
2021-01-10,NYNGAN1,-2.7229948840376963,Baseload
2021-01-17,NYNGAN1,-3.5918811877524917,Baseload
2021-01-24,NYNGAN1,-0.9006904035125842,Baseload
2021-01-31,NYNGAN1,-1.5533064799027798,Baseload
2021-02-07,NYNGAN1,-1.4298173628753261,Baseload
2021-02-14,NYNGAN1,-1.991533514934325,Baseload
2021-02-21,NYNGAN1,-1.4153887048916758,Baseload
2021-02-28,NYNGAN1,-3.3874712938424345,Baseload
2021-03-07,NYNGAN1,-6.243929475103371,Baseload
2021-03-14,NYNGAN1,-3.5033219121855055,Baseload
2021-03-21,NYNGAN1,-1.017229012450045,Baseload
2021-03-28,NYNGAN1,-14.977633916261503,Baseload
2021-04-04,NYNGAN1,-10.275355768710504,Baseload
2021-04-11,NYNGAN1,-12.673228003760997,Baseload
2021-04-18,NYNGAN1,-17.785713886623235,Baseload
2021-04-25,NYNGAN1,-35.36905650754841,Baseload
2021-05-02,NYNGAN1,-24.6014762940938,Baseload
2021-05-09,NYNGAN1,-14.042346908072773,Baseload
2021-05-16,NYNGAN1,-23.176328657011396,Baseload
2021-05-23,NYNGAN1,-133.74190523013772,Baseload
2021-05-30,NYNGAN1,-122.26480550192636,Baseload
2021-06-06,NYNGAN1,-114.96516203051995,Baseload
2021-06-13,NYNGAN1,-137.91551033599615,Baseload
2021-06-20,NYNGAN1,-91.8998698498325,Baseload
2021-06-27,NYNGAN1,-25.038259152180004,Baseload
2021-07-04,NYNGAN1,-20.47048565346045,Baseload
2021-07-11,NYNGAN1,-59.464400118667356,Baseload
2021-07-18,NYNGAN1,-47.42292339920941,Baseload
2021-07-25,NYNGAN1,-31.085884351061992,Baseload
2021-08-01,NYNGAN1,-27.688987429126946,Baseload
2021-08-08,NYNGAN1,-22.68790037698281,Baseload
2021-08-15,NYNGAN1,-25.841503948498662,Baseload
2021-08-22,NYNGAN1,-35.29845008078238,Baseload
2021-08-29,NYNGAN1,-21.78278504881908,Baseload
2021-09-05,NYNGAN1,-25.124078257908653,Baseload
2021-09-12,NYNGAN1,-36.02126305677151,Baseload
2021-09-19,NYNGAN1,-29.022474845554957,Baseload
2021-09-26,NYNGAN1,-26.862001407727664,Baseload
2021-10-03,NYNGAN1,-24.37362141892721,Baseload
2021-10-10,NYNGAN1,-39.64801928858396,Baseload
2021-10-17,NYNGAN1,-29.568589041487208,Baseload
2021-10-24,NYNGAN1,-21.369845912716066,Baseload
2021-10-31,NYNGAN1,-23.776983679499473,Baseload
2021-11-07,NYNGAN1,-7.212968034022914,Baseload
2021-11-14,NYNGAN1,-20.229736580295317,Baseload
2021-11-21,NYNGAN1,-2.1523046375806274,Baseload
2021-11-28,NYNGAN1,-2.1739883941032048,Baseload
2021-12-05,NYNGAN1,-15.059392555881104,Baseload
2021-12-12,NYNGAN1,-18.86766954866325,Baseload
2021-12-19,NYNGAN1,-18.815360177834627,Baseload
2021-12-26,NYNGAN1,-7.726073975443185,Baseload
2022-01-02,NYNGAN1,-21.459863680404474,Baseload
2022-01-09,NYNGAN1,-4.842317217607771,Baseload
2022-01-16,NYNGAN1,-4.245186357631269,Baseload
2022-01-23,NYNGAN1,-6.079887386548819,Baseload
2022-01-30,NYNGAN1,-2.760773127775579,Baseload
2022-02-06,NYNGAN1,-23.936211922281792,Baseload
2022-02-13,NYNGAN1,-12.506726340616659,Baseload
2022-02-20,NYNGAN1,-14.42126678794429,Baseload
2022-02-27,NYNGAN1,13.749092070981746,Baseload
2022-03-06,NYNGAN1,-8.877380389064655,Baseload
2022-03-13,NYNGAN1,-17.09107687559151,Baseload
2022-03-20,NYNGAN1,-21.75305660257702,Baseload
2022-03-27,NYNGAN1,-9.026890655823067,Baseload
2022-04-03,NYNGAN1,-40.27837984737181,Baseload
2022-04-10,NYNGAN1,-49.02218224882375,Baseload
2022-04-17,NYNGAN1,-53.101713114847314,Baseload
2022-04-24,NYNGAN1,-45.750177462302204,Baseload
2022-05-01,NYNGAN1,-42.06326372069415,Baseload
2022-05-08,NYNGAN1,-228.53726461175273,Baseload
2022-05-15,NYNGAN1,-24.912043392335477,Baseload
2022-05-22,NYNGAN1,-35.461483819683934,Baseload
2022-05-29,NYNGAN1,-51.7401246685302,Baseload
2022-06-05,NYNGAN1,-116.75480140005942,Baseload
2022-06-12,NYNGAN1,-115.58760323878647,Baseload
2022-06-19,NYNGAN1,-83.0462720889351,Baseload
2022-06-26,NYNGAN1,-69.82195876544813,Baseload
2022-07-03,NYNGAN1,-20.087350022353235,Baseload
2022-07-10,NYNGAN1,-79.76358453392885,Baseload
2022-07-17,NYNGAN1,-165.0329079280321,Baseload
2022-07-24,NYNGAN1,-110.7144276763153,Baseload
2022-07-31,NYNGAN1,-100.28639500401516,Baseload
2022-08-07,NYNGAN1,-56.00532170035565,Baseload
2022-08-14,NYNGAN1,-70.59690746637229,Baseload
2022-08-21,NYNGAN1,-63.186111784569974,Baseload
2022-08-28,NYNGAN1,-50.51560228066276,Baseload
2022-09-04,NYNGAN1,-45.31859076452366,Baseload
2022-09-11,NYNGAN1,-68.97246152991832,Baseload
2022-09-18,NYNGAN1,-104.65871491671066,Baseload
2022-09-25,NYNGAN1,-99.02737567308185,Baseload
2022-10-02,NYNGAN1,-53.8100453144272,Baseload
2022-10-09,NYNGAN1,-72.63710611715587,Baseload
2022-10-16,NYNGAN1,-61.861625446217786,Baseload
2022-10-23,NYNGAN1,-27.090926128483204,Baseload
2022-10-30,NYNGAN1,-76.597400421294,Baseload
2022-11-06,NYNGAN1,-63.617374786737706,Baseload
2022-11-13,NYNGAN1,-47.57939076420616,Baseload
2022-11-20,NYNGAN1,-73.18103270267932,Baseload
2022-11-27,NYNGAN1,-59.43967497782448,Baseload
2022-12-04,NYNGAN1,-47.72427565859475,Baseload
2022-12-11,NYNGAN1,-60.49024946639676,Baseload
2022-12-18,NYNGAN1,-58.101589761000966,Baseload
2022-12-25,NYNGAN1,-52.24389418391938,Baseload
2023-01-01,NYNGAN1,-37.48800204238625,Baseload
2023-01-08,NYNGAN1,-44.54600726018516,Baseload
2023-01-15,NYNGAN1,-20.737319333840333,Baseload
2023-01-22,NYNGAN1,-14.655127701640595,Baseload
2023-01-29,NYNGAN1,-16.456166013543452,Baseload
2023-02-05,NYNGAN1,-39.24092782193263,Baseload
2023-02-12,NYNGAN1,-20.45265792337827,Baseload
2023-02-19,NYNGAN1,-27.118357823700222,Baseload
2023-02-26,NYNGAN1,-22.733892525976565,Baseload
2023-03-05,NYNGAN1,-10.148337832989384,Baseload
2023-03-12,NYNGAN1,-19.909040892055117,Baseload
2023-03-19,NYNGAN1,-99.56899958212651,Baseload
2023-03-26,NYNGAN1,-19.04021401157,Baseload
2023-04-02,NYNGAN1,-57.43853307103761,Baseload
2023-04-09,NYNGAN1,-31.275169120694358,Baseload
2023-04-16,NYNGAN1,-54.94453399575903,Baseload
2023-04-23,NYNGAN1,-49.58547942260776,Baseload
2023-04-30,NYNGAN1,-69.90788131388547,Baseload
2023-05-07,NYNGAN1,-59.113888702468145,Baseload
2023-05-14,NYNGAN1,-62.824951041122745,Baseload
2023-05-21,NYNGAN1,-66.24332399817186,Baseload
2023-05-28,NYNGAN1,-161.98301773151792,Baseload
2023-06-04,NYNGAN1,-89.21767181254579,Baseload
2023-06-11,NYNGAN1,-36.53701097163503,Baseload
2023-06-18,NYNGAN1,-43.55015648876184,Baseload
2023-06-25,NYNGAN1,-79.73408714021406,Baseload
2023-07-02,NYNGAN1,-45.06799981188048,Baseload
2023-07-09,NYNGAN1,-67.95338038108821,Baseload
2023-07-16,NYNGAN1,-45.84332040771592,Baseload
2023-07-23,NYNGAN1,-46.22586267221016,Baseload
2023-07-30,NYNGAN1,-54.24096909023847,Baseload
2023-08-06,NYNGAN1,-53.30146290932601,Baseload
2023-08-13,NYNGAN1,-49.38057223947618,Baseload
2023-08-20,NYNGAN1,-80.40116252071294,Baseload
2023-08-27,NYNGAN1,-53.07597974144485,Baseload
2023-09-03,NYNGAN1,-59.657392315204305,Baseload
2023-09-10,NYNGAN1,-73.89309309975494,Baseload
2023-09-17,NYNGAN1,-56.60079435618061,Baseload
2023-09-24,NYNGAN1,-41.073284479362286,Baseload
2023-10-01,NYNGAN1,-43.145175578665864,Baseload
2023-10-08,NYNGAN1,-36.855338519786855,Baseload
2023-10-15,NYNGAN1,-48.226967651494704,Baseload
2023-10-22,NYNGAN1,-42.65577412994638,Baseload
2023-10-29,NYNGAN1,-43.790583757389406,Baseload
2023-11-05,NYNGAN1,-44.62219404156649,Baseload
2023-11-12,NYNGAN1,-69.4793070409651,Baseload
2023-11-19,NYNGAN1,-59.536012307109836,Baseload
2023-11-26,NYNGAN1,-20.810042622970336,Baseload
2023-12-03,NYNGAN1,-24.437832186678953,Baseload
2023-12-10,NYNGAN1,-4.390525772806797,Baseload
2023-12-17,NYNGAN1,-14.952296900106347,Baseload
2023-12-24,NYNGAN1,-15.802487898042642,Baseload
2023-12-31,NYNGAN1,-34.992820872338996,Baseload
2024-01-07,NYNGAN1,-16.229817968802386,Baseload
2024-01-14,NYNGAN1,-17.1464862383079,Baseload
2024-01-21,NYNGAN1,-59.23725240330023,Baseload
2024-01-28,NYNGAN1,-18.69932235705503,Baseload
2024-02-04,NYNGAN1,-33.805764731804274,Baseload
2024-02-11,NYNGAN1,-37.64596526757881,Baseload
2024-02-18,NYNGAN1,-18.821292866878622,Baseload
2024-02-25,NYNGAN1,-28.836508645719206,Baseload
2024-03-03,NYNGAN1,-101.92223616464403,Baseload
2024-03-10,NYNGAN1,-29.609660235313996,Baseload
2024-03-17,NYNGAN1,-22.293544594022357,Baseload
2024-03-24,NYNGAN1,-28.96782823078235,Baseload
2024-03-31,NYNGAN1,-36.397235294246535,Baseload
2024-04-07,NYNGAN1,-27.695817817876602,Baseload
2024-04-14,NYNGAN1,-60.18623454661834,Baseload
2024-04-21,NYNGAN1,-45.200819119842535,Baseload
2024-04-28,NYNGAN1,-61.428129125089406,Baseload
2024-05-05,NYNGAN1,-80.81622328913875,Baseload
2024-05-12,NYNGAN1,-404.45199588415653,Baseload
2024-05-19,NYNGAN1,-64.98759490914068,Baseload
2024-05-26,NYNGAN1,-92.39492539493271,Baseload
2024-06-02,NYNGAN1,-38.73810933006685,Baseload
2024-06-09,NYNGAN1,-61.194817189780665,Baseload
2024-06-16,NYNGAN1,-65.40215593144598,Baseload
2024-06-23,NYNGAN1,-103.8748832233943,Baseload
2024-06-30,NYNGAN1,-49.92358658421787,Baseload
2024-07-07,NYNGAN1,-48.77066577276727,Baseload
2024-07-14,NYNGAN1,-63.5903595727234,Baseload
2024-07-21,NYNGAN1,-57.9397511044483,Baseload
2024-07-28,NYNGAN1,-55.30863246240786,Baseload
2024-08-04,NYNGAN1,-141.56543239558405,Baseload
2024-08-11,NYNGAN1,-321.06011421079774,Baseload
2024-08-18,NYNGAN1,-56.79119222919327,Baseload
2024-08-25,NYNGAN1,-67.65726682102246,Baseload
2024-09-01,NYNGAN1,-67.10283287459782,Baseload
2024-09-08,NYNGAN1,-61.70911789634597,Baseload
2024-09-15,NYNGAN1,-61.664589796923124,Baseload
2024-09-22,NYNGAN1,-71.2200136670628,Baseload
2024-09-29,NYNGAN1,-65.04593089985073,Baseload
2024-10-06,NYNGAN1,-67.14591773081023,Baseload
2024-10-13,NYNGAN1,-32.651615968234765,Baseload
2024-10-20,NYNGAN1,-48.28398203766484,Baseload
2024-10-27,NYNGAN1,-77.61385505194973,Baseload
2024-11-03,NYNGAN1,-45.837232106334156,Baseload
2024-11-10,NYNGAN1,-274.0254730549299,Baseload
2024-11-17,NYNGAN1,-69.11845486689998,Baseload
2024-11-24,NYNGAN1,-83.88239349015188,Baseload
2024-12-01,NYNGAN1,-101.62599419573584,Baseload
2024-12-08,NYNGAN1,-33.74040426334602,Baseload
2024-12-15,NYNGAN1,-89.7455080291285,Baseload
2024-12-22,NYNGAN1,-47.9182564748871,Baseload
2024-12-29,NYNGAN1,-52.825838646807505,Baseload
2025-01-05,NYNGAN1,-34.51431114896604,Baseload
2020-01-05,PARSF1,133.56021683251572,Baseload
2020-01-12,PARSF1,0.5212491756420832,Baseload
2020-01-19,PARSF1,-0.1944725983192228,Baseload
2020-01-26,PARSF1,-14.589591455381324,Baseload
2020-02-02,PARSF1,147.25801836606746,Baseload
2020-02-09,PARSF1,4.029719569389357,Baseload
2020-02-16,PARSF1,0.5027802821671301,Baseload
2020-02-23,PARSF1,1.8010635801459216,Baseload
2020-03-01,PARSF1,-0.3031880478499289,Baseload
2020-03-08,PARSF1,-1.0671371549436515,Baseload
2020-03-15,PARSF1,-2.090449787960601,Baseload
2020-03-22,PARSF1,-1.128925747083791,Baseload
2020-03-29,PARSF1,-1.485923558827288,Baseload
2020-04-05,PARSF1,-5.947647036858761,Baseload
2020-04-12,PARSF1,-9.06751611201981,Baseload
2020-04-19,PARSF1,-8.320218233946694,Baseload
2020-04-26,PARSF1,-11.039785175972888,Baseload
2020-05-03,PARSF1,-2.2685472263203152,Baseload
2020-05-10,PARSF1,-7.050043831889866,Baseload
2020-05-17,PARSF1,-6.987246727980036,Baseload
2020-05-24,PARSF1,3.485304808082354,Baseload
2020-05-31,PARSF1,-6.193635833509752,Baseload
2020-06-07,PARSF1,-3.4278727747384607,Baseload
2020-06-14,PARSF1,-9.95687462419918,Baseload
2020-06-21,PARSF1,-1.9528240123224307,Baseload
2020-06-28,PARSF1,-5.328891732667593,Baseload
2020-07-05,PARSF1,-1.2264340677311125,Baseload
2020-07-12,PARSF1,-3.3133850706379633,Baseload
2020-07-19,PARSF1,-8.787669533366383,Baseload
2020-07-26,PARSF1,-13.569606194628513,Baseload
2020-08-02,PARSF1,-6.887943685166519,Baseload
2020-08-09,PARSF1,-5.0468715190994615,Baseload
2020-08-16,PARSF1,-5.4153035382514645,Baseload
2020-08-23,PARSF1,-9.000351762133256,Baseload
2020-08-30,PARSF1,-24.09510956192338,Baseload
2020-09-06,PARSF1,-12.448024915901076,Baseload
2020-09-13,PARSF1,-4.432139500935726,Baseload
2020-09-20,PARSF1,-7.05936498881718,Baseload
2020-09-27,PARSF1,-7.838972982596964,Baseload
2020-10-04,PARSF1,-8.596074566000613,Baseload
2020-10-11,PARSF1,-15.739924518873494,Baseload
2020-10-18,PARSF1,-3.9246367240682787,Baseload
2020-10-25,PARSF1,-22.83109235436038,Baseload
2020-11-01,PARSF1,-2.743594143091137,Baseload
2020-11-08,PARSF1,-7.999338162459381,Baseload
2020-11-15,PARSF1,-1.9773474202006867,Baseload
2020-11-22,PARSF1,24.303886689154027,Baseload
2020-11-29,PARSF1,4.397075627862193,Baseload
2020-12-06,PARSF1,7.7153731641071985,Baseload
2020-12-13,PARSF1,-7.121554844541514,Baseload
2020-12-20,PARSF1,66.19385957041305,Baseload
2020-12-27,PARSF1,-6.535012409272902,Baseload
2021-01-03,PARSF1,-2.6813511167354562,Baseload
2021-01-10,PARSF1,-2.0574648790903325,Baseload
2021-01-17,PARSF1,-1.0244174822708487,Baseload
2021-01-24,PARSF1,-1.4348846863170976,Baseload
2021-01-31,PARSF1,-1.5448592912210657,Baseload
2021-02-07,PARSF1,-1.086795194830728,Baseload
2021-02-14,PARSF1,-1.4420290272543212,Baseload
2021-02-21,PARSF1,-1.0499221338317284,Baseload
2021-02-28,PARSF1,-2.1007209130996287,Baseload
2021-03-07,PARSF1,-4.423912974714256,Baseload
2021-03-14,PARSF1,-2.820811708065335,Baseload
2021-03-21,PARSF1,-1.7232992210072737,Baseload
2021-03-28,PARSF1,-14.191530392776265,Baseload
2021-04-04,PARSF1,-8.427211701440875,Baseload
2021-04-11,PARSF1,-10.967135997472766,Baseload
2021-04-18,PARSF1,-16.03120058313492,Baseload
2021-04-25,PARSF1,-33.646677732596515,Baseload
2021-05-02,PARSF1,-19.76590664455761,Baseload
2021-05-09,PARSF1,-13.165997072609201,Baseload
2021-05-16,PARSF1,-22.26350128587132,Baseload
2021-05-23,PARSF1,-129.8273897642405,Baseload
2021-05-30,PARSF1,-119.55021263624269,Baseload
2021-06-06,PARSF1,-110.09477877137394,Baseload
2021-06-13,PARSF1,-138.48497461973352,Baseload
2021-06-20,PARSF1,-84.6254717449795,Baseload
2021-06-27,PARSF1,-15.7424834112946,Baseload
2021-07-04,PARSF1,-19.08680132518333,Baseload
2021-07-11,PARSF1,-58.961456391686625,Baseload
2021-07-18,PARSF1,-51.710758813600826,Baseload
2021-07-25,PARSF1,-51.546476132809886,Baseload
2021-08-01,PARSF1,-25.1972989014089,Baseload
2021-08-08,PARSF1,-20.35701291318395,Baseload
2021-08-15,PARSF1,-22.645700912958144,Baseload
2021-08-22,PARSF1,-32.56609751014837,Baseload
2021-08-29,PARSF1,-24.14650678115902,Baseload
2021-09-05,PARSF1,-21.929526451678083,Baseload
2021-09-12,PARSF1,-31.43705309699395,Baseload
2021-09-19,PARSF1,-25.415510728940884,Baseload
2021-09-26,PARSF1,-26.444951376828442,Baseload
2021-10-03,PARSF1,-21.699369698956602,Baseload
2021-10-10,PARSF1,-37.59318679761489,Baseload
2021-10-17,PARSF1,-22.607378635655294,Baseload
2021-10-24,PARSF1,-17.396256603138752,Baseload
2021-10-31,PARSF1,-17.87697091804042,Baseload
2021-11-07,PARSF1,-6.27704764347321,Baseload
2021-11-14,PARSF1,-17.88172908895985,Baseload
2021-11-21,PARSF1,-3.35697549355325,Baseload
2021-11-28,PARSF1,4.1543198395088865,Baseload
2021-12-05,PARSF1,-11.632525728467442,Baseload
2021-12-12,PARSF1,-16.00366766957405,Baseload
2021-12-19,PARSF1,-15.682157622998531,Baseload
2021-12-26,PARSF1,-7.612865821657024,Baseload
2022-01-02,PARSF1,-19.06573561418459,Baseload
2022-01-09,PARSF1,-5.705110078842168,Baseload
2022-01-16,PARSF1,-3.9563257935362657,Baseload
2022-01-23,PARSF1,-4.89121387295981,Baseload
2022-01-30,PARSF1,-1.4786900909394376,Baseload
2022-02-06,PARSF1,-5.627394664782003,Baseload
2022-02-13,PARSF1,-10.342733028441216,Baseload
2022-02-20,PARSF1,-11.17545249796612,Baseload
2022-02-27,PARSF1,16.34861770039241,Baseload
2022-03-06,PARSF1,-8.161070889604446,Baseload
2022-03-13,PARSF1,-14.187354697010491,Baseload
2022-03-20,PARSF1,-14.04687755073067,Baseload
2022-03-27,PARSF1,-7.8705796075819165,Baseload
2022-04-03,PARSF1,-32.21290705331678,Baseload
2022-04-10,PARSF1,-47.67290552346773,Baseload
2022-04-17,PARSF1,-49.43435048757952,Baseload
2022-04-24,PARSF1,-47.08639195740989,Baseload
2022-05-01,PARSF1,-46.790132109373616,Baseload
2022-05-08,PARSF1,-222.2083454894298,Baseload
2022-05-15,PARSF1,-19.71163929160906,Baseload
2022-05-22,PARSF1,-34.32006382323425,Baseload
2022-05-29,PARSF1,-44.708549725124215,Baseload
2022-06-05,PARSF1,-81.38549114837065,Baseload
2022-06-12,PARSF1,-116.91120697459132,Baseload
2022-06-19,PARSF1,-76.37200825862624,Baseload
2022-06-26,PARSF1,-63.765770677985444,Baseload
2022-07-03,PARSF1,-17.803422086314015,Baseload
2022-07-10,PARSF1,-58.110334077878406,Baseload
2022-07-17,PARSF1,-167.42634029283585,Baseload
2022-07-24,PARSF1,-90.11170420904111,Baseload
2022-07-31,PARSF1,-99.38028422353656,Baseload
2022-08-07,PARSF1,-47.42762362206038,Baseload
2022-08-14,PARSF1,-60.089171642612584,Baseload
2022-08-21,PARSF1,-63.52891874758433,Baseload
2022-08-28,PARSF1,-46.09864918201892,Baseload
2022-09-04,PARSF1,-34.81330432085878,Baseload
2022-09-11,PARSF1,-69.91678276694665,Baseload
2022-09-18,PARSF1,-87.38511370573916,Baseload
2022-09-25,PARSF1,-86.1065361148147,Baseload
2022-10-02,PARSF1,-42.41272736527581,Baseload
2022-10-09,PARSF1,-71.53568149091738,Baseload
2022-10-16,PARSF1,-60.89193308975776,Baseload
2022-10-23,PARSF1,-19.31423887057511,Baseload
2022-10-30,PARSF1,-57.482454122814886,Baseload
2022-11-06,PARSF1,-64.3912794093886,Baseload
2022-11-13,PARSF1,-36.99882395895625,Baseload
2022-11-20,PARSF1,-61.48520380396751,Baseload
2022-11-27,PARSF1,-49.78913906616526,Baseload
2022-12-04,PARSF1,-42.798374368285764,Baseload
2022-12-11,PARSF1,-54.67273039687859,Baseload
2022-12-18,PARSF1,-54.00244652399115,Baseload
2022-12-25,PARSF1,-34.602378980381545,Baseload
2023-01-01,PARSF1,-33.4784006672241,Baseload
2023-01-08,PARSF1,-28.282243238060254,Baseload
2023-01-15,PARSF1,-13.446763205840327,Baseload
2023-01-22,PARSF1,-11.885663614240883,Baseload
2023-01-29,PARSF1,-10.164029619725838,Baseload
2023-02-05,PARSF1,-24.747773929122772,Baseload
2023-02-12,PARSF1,-19.5919514351323,Baseload
2023-02-19,PARSF1,-18.544335448538547,Baseload
2023-02-26,PARSF1,-16.28201428287614,Baseload
2023-03-05,PARSF1,-17.761588530808524,Baseload
2023-03-12,PARSF1,-15.697757887935822,Baseload
2023-03-19,PARSF1,-75.18980342201395,Baseload
2023-03-26,PARSF1,-22.04619981309216,Baseload
2023-04-02,PARSF1,-49.86409595696696,Baseload
2023-04-09,PARSF1,-38.02081621563325,Baseload
2023-04-16,PARSF1,-53.2744033930454,Baseload
2023-04-23,PARSF1,-45.19862034666946,Baseload
2023-04-30,PARSF1,-59.31890601033486,Baseload
2023-05-07,PARSF1,-55.68564505564866,Baseload
2023-05-14,PARSF1,-54.41299725883894,Baseload
2023-05-21,PARSF1,-56.69703770208338,Baseload
2023-05-28,PARSF1,-159.04123218923758,Baseload
2023-06-04,PARSF1,-83.0602159884476,Baseload
2023-06-11,PARSF1,-34.60444152744713,Baseload
2023-06-18,PARSF1,-37.587796352710605,Baseload
2023-06-25,PARSF1,-77.66649899034707,Baseload
2023-07-02,PARSF1,-39.935661732790415,Baseload
2023-07-09,PARSF1,-39.054988696692405,Baseload
2023-07-16,PARSF1,-37.488193047862865,Baseload
2023-07-23,PARSF1,-42.28232435288963,Baseload
2023-07-30,PARSF1,-50.98099270944548,Baseload
2023-08-06,PARSF1,-45.98628482247181,Baseload
2023-08-13,PARSF1,-42.15991509084866,Baseload
2023-08-20,PARSF1,-74.63003969493822,Baseload
2023-08-27,PARSF1,-52.309955361571426,Baseload
2023-09-03,PARSF1,-54.25198521007129,Baseload
2023-09-10,PARSF1,-69.47100005467328,Baseload
2023-09-17,PARSF1,-53.762985607945026,Baseload
2023-09-24,PARSF1,-34.67275294964938,Baseload
2023-10-01,PARSF1,-39.154628331731075,Baseload
2023-10-08,PARSF1,-33.09545254766375,Baseload
2023-10-15,PARSF1,-35.2096902450447,Baseload
2023-10-22,PARSF1,-34.43278235029791,Baseload
2023-10-29,PARSF1,-34.64148788297609,Baseload
2023-11-05,PARSF1,-23.794552345940772,Baseload
2023-11-12,PARSF1,-38.48619550958412,Baseload
2023-11-19,PARSF1,-46.792988273048636,Baseload
2023-11-26,PARSF1,-20.369065116487022,Baseload
2023-12-03,PARSF1,-18.38208519425381,Baseload
2023-12-10,PARSF1,-20.10525074399483,Baseload
2023-12-17,PARSF1,-8.464468671340882,Baseload
2023-12-24,PARSF1,-15.461652008535246,Baseload
2023-12-31,PARSF1,-31.29557238816289,Baseload
2024-01-07,PARSF1,-17.120413267016907,Baseload
2024-01-14,PARSF1,-13.72672039616161,Baseload
2024-01-21,PARSF1,-33.57895613979066,Baseload
2024-01-28,PARSF1,-18.468687756446265,Baseload
2024-02-04,PARSF1,-14.12772205986424,Baseload
2024-02-11,PARSF1,-32.0064496339274,Baseload
2024-02-18,PARSF1,-13.230469974987976,Baseload
2024-02-25,PARSF1,-21.3480516685799,Baseload
2024-03-03,PARSF1,-44.58395653934599,Baseload
2024-03-10,PARSF1,-24.771490825701733,Baseload
2024-03-17,PARSF1,-18.568611683962736,Baseload
2024-03-24,PARSF1,-18.039257067853157,Baseload
2024-03-31,PARSF1,-28.133331796198064,Baseload
2024-04-07,PARSF1,-27.152504447245335,Baseload
2024-04-14,PARSF1,-53.25180212681523,Baseload
2024-04-21,PARSF1,-38.16864860354228,Baseload
2024-04-28,PARSF1,-53.153288655429996,Baseload
2024-05-05,PARSF1,-74.35995924138082,Baseload
2024-05-12,PARSF1,-204.25655176099656,Baseload
2024-05-19,PARSF1,-56.770580864985725,Baseload
2024-05-26,PARSF1,-81.27398013302593,Baseload
2024-06-02,PARSF1,-36.39172055946072,Baseload
2024-06-09,PARSF1,-55.163250544886964,Baseload
2024-06-16,PARSF1,-67.87474366730011,Baseload
2024-06-23,PARSF1,-103.06044494553018,Baseload
2024-06-30,PARSF1,-40.98385625379292,Baseload
2024-07-07,PARSF1,-51.710790212067224,Baseload
2024-07-14,PARSF1,-53.694528675169735,Baseload
2024-07-21,PARSF1,-56.53708466987929,Baseload
2024-07-28,PARSF1,-47.18745398218061,Baseload
2024-08-04,PARSF1,-137.93422741601054,Baseload
2024-08-11,PARSF1,-309.9143470135605,Baseload
2024-08-18,PARSF1,-50.57796574768204,Baseload
2024-08-25,PARSF1,-65.73734880070548,Baseload
2024-09-01,PARSF1,-61.01282802972615,Baseload
2024-09-08,PARSF1,-60.47891938901982,Baseload
2024-09-15,PARSF1,-65.5967557416366,Baseload
2024-09-22,PARSF1,-62.18478081050746,Baseload
2024-09-29,PARSF1,-62.998482284158094,Baseload
2024-10-06,PARSF1,-67.7469623214025,Baseload
2024-10-13,PARSF1,-53.08651639882616,Baseload
2024-10-20,PARSF1,-46.66378972681397,Baseload
2024-10-27,PARSF1,-56.267449868626,Baseload
2024-11-03,PARSF1,-40.370057412876484,Baseload
2024-11-10,PARSF1,-219.0083401509771,Baseload
2024-11-17,PARSF1,-57.53701778980978,Baseload
2024-11-24,PARSF1,-20.161858350723293,Baseload
2024-12-01,PARSF1,-106.7332989947048,Baseload
2024-12-08,PARSF1,-65.98752063637627,Baseload
2024-12-15,PARSF1,-41.71232548345378,Baseload
2024-12-22,PARSF1,-18.30715813314353,Baseload
2024-12-29,PARSF1,-41.15306369167361,Baseload
2025-01-05,PARSF1,-18.410682100341305,Baseload
2020-01-05,WRSF1,-53.14127473102769,Baseload
2020-01-12,WRSF1,0.5656466051733844,Baseload
2020-01-19,WRSF1,1.302637946634448,Baseload
2020-01-26,WRSF1,6.273277587846039,Baseload
2020-02-02,WRSF1,16.456089579291415,Baseload
2020-02-09,WRSF1,2.0176801211600264,Baseload
2020-02-16,WRSF1,-2.255520485648532,Baseload
2020-02-23,WRSF1,1.347505415677169,Baseload
2020-03-01,WRSF1,-2.243262586638025,Baseload
2020-03-08,WRSF1,1.1650362864975463,Baseload
2020-03-15,WRSF1,-2.5831512901246825,Baseload
2020-03-22,WRSF1,-3.3729214719448635,Baseload
2020-03-29,WRSF1,-1.7204136750275225,Baseload
2020-04-05,WRSF1,-2.1092641611115326,Baseload
2020-04-12,WRSF1,-6.321341759773922,Baseload
2020-04-19,WRSF1,-10.001778542150678,Baseload
2020-04-26,WRSF1,-9.555200825273168,Baseload
2020-05-03,WRSF1,-1.3321063646689382,Baseload
2020-05-10,WRSF1,-7.74170282440739,Baseload
2020-05-17,WRSF1,-8.417097242335409,Baseload
2020-05-24,WRSF1,0.7933935764010727,Baseload
2020-05-31,WRSF1,-6.748763473781594,Baseload
2020-06-07,WRSF1,-3.591205960376385,Baseload
2020-06-14,WRSF1,-12.12046853239299,Baseload
2020-06-21,WRSF1,-1.7680602655837063,Baseload
2020-06-28,WRSF1,-3.4333514688893914,Baseload
2020-07-05,WRSF1,-1.2689376984272158,Baseload
2020-07-12,WRSF1,-2.5197078229581678,Baseload
2020-07-19,WRSF1,-6.814352205478897,Baseload
2020-07-26,WRSF1,-13.664788036579012,Baseload
2020-08-02,WRSF1,-8.008174424990578,Baseload
2020-08-09,WRSF1,-5.021039444946311,Baseload
2020-08-16,WRSF1,-0.5237633434482731,Baseload
2020-08-23,WRSF1,-8.545431292041393,Baseload
2020-08-30,WRSF1,-22.533979994708666,Baseload
2020-09-06,WRSF1,-14.590209316625188,Baseload
2020-09-13,WRSF1,-5.219922768981547,Baseload
2020-09-20,WRSF1,-7.371805574361769,Baseload
2020-09-27,WRSF1,-7.302709267479855,Baseload
2020-10-04,WRSF1,-9.256278318078973,Baseload
2020-10-11,WRSF1,-2.7375685718015177,Baseload
2020-10-18,WRSF1,-5.235004006106273,Baseload
2020-10-25,WRSF1,-2.4168212731443504,Baseload
2020-11-01,WRSF1,-8.035986142716055,Baseload
2020-11-08,WRSF1,-10.895858770391833,Baseload
2020-11-15,WRSF1,-5.066385575142576,Baseload
2020-11-22,WRSF1,93.93364106263317,Baseload
2020-11-29,WRSF1,-9.832103930089637,Baseload
2020-12-06,WRSF1,-8.322571492886894,Baseload
2020-12-13,WRSF1,-7.4298800483504195,Baseload
2020-12-20,WRSF1,145.05734112982702,Baseload
2020-12-27,WRSF1,-6.51783050074684,Baseload
2021-01-03,WRSF1,-2.773841804141469,Baseload
2021-01-10,WRSF1,-3.0284224080381037,Baseload
2021-01-17,WRSF1,-3.387791651934876,Baseload
2021-01-24,WRSF1,-0.43568423717429283,Baseload
2021-01-31,WRSF1,-1.9824074375146594,Baseload
2021-02-07,WRSF1,-1.3716408424177757,Baseload
2021-02-14,WRSF1,-1.8660733297556646,Baseload
2021-02-21,WRSF1,-1.5551825754806359,Baseload
2021-02-28,WRSF1,-3.3964839933373625,Baseload
2021-03-07,WRSF1,-5.32360655554449,Baseload
2021-03-14,WRSF1,-3.971666736186272,Baseload
2021-03-21,WRSF1,0.842777786103305,Baseload
2021-03-28,WRSF1,-16.77439187541224,Baseload
2021-04-04,WRSF1,-6.32574381332152,Baseload
2021-04-11,WRSF1,-9.784020095687744,Baseload
2021-04-18,WRSF1,-17.233857721297554,Baseload
2021-04-25,WRSF1,-33.4457845275209,Baseload
2021-05-02,WRSF1,-33.008341474271155,Baseload
2021-05-09,WRSF1,-12.911915749793657,Baseload
2021-05-16,WRSF1,-23.238810915581283,Baseload
2021-05-23,WRSF1,-128.95451200084733,Baseload
2021-05-30,WRSF1,-121.50539437989414,Baseload
2021-06-06,WRSF1,-97.54570125773941,Baseload
2021-06-13,WRSF1,-135.7862951338538,Baseload
2021-06-20,WRSF1,-74.90332688347561,Baseload
2021-06-27,WRSF1,-22.632882244715375,Baseload
2021-07-04,WRSF1,-17.01100797688906,Baseload
2021-07-11,WRSF1,-72.71115560671691,Baseload
2021-07-18,WRSF1,13.815540838510302,Baseload
2021-07-25,WRSF1,7.859559750484323,Baseload
2021-08-01,WRSF1,-22.60902182215935,Baseload
2021-08-08,WRSF1,-21.366069477411266,Baseload
2021-08-15,WRSF1,-12.57363763865942,Baseload
2021-08-22,WRSF1,-24.856768670387844,Baseload
2021-08-29,WRSF1,-23.792865723559217,Baseload
2021-09-05,WRSF1,-10.430325793180351,Baseload
2021-09-12,WRSF1,-31.734399664734493,Baseload
2021-09-19,WRSF1,-29.60615150664433,Baseload
2021-09-26,WRSF1,-18.131820808849106,Baseload
2021-10-03,WRSF1,-30.21681004738505,Baseload
2021-10-10,WRSF1,-35.40721678953091,Baseload
2021-10-17,WRSF1,-28.844098461725206,Baseload
2021-10-24,WRSF1,-21.535571481827972,Baseload
2021-10-31,WRSF1,-22.13831096611227,Baseload
2021-11-07,WRSF1,-3.200082315214601,Baseload
2021-11-14,WRSF1,-17.377776488771417,Baseload
2021-11-21,WRSF1,19.260262870245143,Baseload
2021-11-28,WRSF1,-6.736496495657526,Baseload
2021-12-05,WRSF1,-14.693157754549325,Baseload
2021-12-12,WRSF1,-20.3641136788374,Baseload
2021-12-19,WRSF1,-19.81040818747232,Baseload
2021-12-26,WRSF1,-8.640780357918132,Baseload
2022-01-02,WRSF1,-20.649068440920914,Baseload
2022-01-09,WRSF1,-7.1308564330904005,Baseload
2022-01-16,WRSF1,-0.6647026001663221,Baseload
2022-01-23,WRSF1,0.19698277334421732,Baseload
2022-01-30,WRSF1,-3.1930796033624205,Baseload
2022-02-06,WRSF1,-3.673701755548578,Baseload
2022-02-13,WRSF1,-11.866657706616138,Baseload
2022-02-20,WRSF1,-15.961919847187175,Baseload
2022-02-27,WRSF1,31.73020636147588,Baseload
2022-03-06,WRSF1,-8.249615132474744,Baseload
2022-03-13,WRSF1,-11.607621312546343,Baseload
2022-03-20,WRSF1,-17.81654439338108,Baseload
2022-03-27,WRSF1,-10.227246272240734,Baseload
2022-04-03,WRSF1,-42.75557927978613,Baseload
2022-04-10,WRSF1,-36.863372775463944,Baseload
2022-04-17,WRSF1,-56.19683312738891,Baseload
2022-04-24,WRSF1,-33.90011463629371,Baseload
2022-05-01,WRSF1,-42.67685698722062,Baseload
2022-05-08,WRSF1,-241.31043342234176,Baseload
2022-05-15,WRSF1,-27.048615887476217,Baseload
2022-05-22,WRSF1,-52.9790778875543,Baseload
2022-05-29,WRSF1,-51.99694581405902,Baseload
2022-06-05,WRSF1,-81.18080350646159,Baseload
2022-06-12,WRSF1,-178.53856041213936,Baseload
2022-06-19,WRSF1,-66.94885100311564,Baseload
2022-06-26,WRSF1,-65.36018124891862,Baseload
2022-07-03,WRSF1,-61.56197036085683,Baseload
2022-07-10,WRSF1,-75.88793123693875,Baseload
2022-07-17,WRSF1,-148.38632446708664,Baseload
2022-07-24,WRSF1,-124.63093424872505,Baseload
2022-07-31,WRSF1,-102.90287038730506,Baseload
2022-08-07,WRSF1,-48.09534537494979,Baseload
2022-08-14,WRSF1,-42.452020779875824,Baseload
2022-08-21,WRSF1,-16.012842400402917,Baseload
2022-08-28,WRSF1,-52.155417250272606,Baseload
2022-09-04,WRSF1,-40.482829144829736,Baseload
2022-09-11,WRSF1,-55.58478722058861,Baseload
2022-09-18,WRSF1,-102.4161136993047,Baseload
2022-09-25,WRSF1,-101.5524421135253,Baseload
2022-10-02,WRSF1,-30.355295761293235,Baseload
2022-10-09,WRSF1,-56.17937566696233,Baseload
2022-10-16,WRSF1,-44.44804357619731,Baseload
2022-10-23,WRSF1,-20.15850776513352,Baseload
2022-10-30,WRSF1,-96.99648505846788,Baseload
2022-11-06,WRSF1,-18.037418826298847,Baseload
2022-11-13,WRSF1,-29.683100012063065,Baseload
2022-11-20,WRSF1,-58.08291542584348,Baseload
2022-11-27,WRSF1,-45.77891323787016,Baseload
2022-12-04,WRSF1,-46.13732370085768,Baseload
2022-12-11,WRSF1,-37.9191758772615,Baseload
2022-12-18,WRSF1,-36.19512372205864,Baseload
2022-12-25,WRSF1,-30.570515394462973,Baseload
2023-01-01,WRSF1,-14.308291243647744,Baseload
2023-01-08,WRSF1,-20.710471897589855,Baseload
2023-01-15,WRSF1,-17.16849494040038,Baseload
2023-01-22,WRSF1,-9.39649902968388,Baseload
2023-01-29,WRSF1,-22.264524060812008,Baseload
2023-02-05,WRSF1,-43.54595953362376,Baseload
2023-02-12,WRSF1,-6.815522801979199,Baseload
2023-02-19,WRSF1,-21.803669946637655,Baseload
2023-02-26,WRSF1,-10.306091832937241,Baseload
2023-03-05,WRSF1,-6.6831022588564934,Baseload
2023-03-12,WRSF1,-17.247530223386818,Baseload
2023-03-19,WRSF1,-97.98101291104642,Baseload
2023-03-26,WRSF1,-27.035618286789386,Baseload
2023-04-02,WRSF1,-42.246265246446214,Baseload
2023-04-09,WRSF1,-54.17771081120134,Baseload
2023-04-16,WRSF1,-50.1835561854301,Baseload
2023-04-23,WRSF1,-58.27255356336488,Baseload
2023-04-30,WRSF1,-53.57309533235426,Baseload
2023-05-07,WRSF1,-64.58143203715964,Baseload
2023-05-14,WRSF1,-64.13540443596581,Baseload
2023-05-21,WRSF1,-58.06361232944741,Baseload
2023-05-28,WRSF1,-163.64609477761968,Baseload
2023-06-04,WRSF1,-86.24100113469778,Baseload
2023-06-11,WRSF1,-38.686202940380134,Baseload
2023-06-18,WRSF1,-40.38514736782705,Baseload
2023-06-25,WRSF1,-77.71003607402035,Baseload
2023-07-02,WRSF1,-44.77258869325966,Baseload
2023-07-09,WRSF1,-62.40387773030562,Baseload
2023-07-16,WRSF1,-42.524423955360604,Baseload
2023-07-23,WRSF1,-44.55000699455638,Baseload
2023-07-30,WRSF1,-58.87645340722845,Baseload
2023-08-06,WRSF1,-53.73899337542308,Baseload
2023-08-13,WRSF1,-47.2734848121402,Baseload
2023-08-20,WRSF1,-80.2512137494441,Baseload
2023-08-27,WRSF1,-52.3292880154992,Baseload
2023-09-03,WRSF1,-56.45114183732203,Baseload
2023-09-10,WRSF1,-77.472494412707,Baseload
2023-09-17,WRSF1,-58.94514231552526,Baseload
2023-09-24,WRSF1,-43.37497268186846,Baseload
2023-10-01,WRSF1,-66.10726880168505,Baseload
2023-10-08,WRSF1,-27.308013767655826,Baseload
2023-10-15,WRSF1,-44.693148886268155,Baseload
2023-10-22,WRSF1,-43.887431389862954,Baseload
2023-10-29,WRSF1,-46.772178331184826,Baseload
2023-11-05,WRSF1,-21.592964775522816,Baseload
2023-11-12,WRSF1,-63.69870416013359,Baseload
2023-11-19,WRSF1,-58.123763884551295,Baseload
2023-11-26,WRSF1,-17.836204248150864,Baseload
2023-12-03,WRSF1,-25.068087871520575,Baseload
2023-12-10,WRSF1,-16.48424763048159,Baseload
2023-12-17,WRSF1,-17.583044033687244,Baseload
2023-12-24,WRSF1,-16.142298772634255,Baseload
2023-12-31,WRSF1,-32.63633583378396,Baseload
2024-01-07,WRSF1,-17.391648759076986,Baseload
2024-01-14,WRSF1,-20.45300027145216,Baseload
2024-01-21,WRSF1,-56.02205512032965,Baseload
2024-01-28,WRSF1,-13.999990295514685,Baseload
2024-02-04,WRSF1,-39.758941306687205,Baseload
2024-02-11,WRSF1,-20.323976521887296,Baseload
2024-02-18,WRSF1,-27.819918050498742,Baseload
2024-02-25,WRSF1,-30.2040335563764,Baseload
2024-03-03,WRSF1,-58.0377799010063,Baseload
2024-03-10,WRSF1,-26.78754391785141,Baseload
2024-03-17,WRSF1,-26.48617799712558,Baseload
2024-03-24,WRSF1,-26.603783942096065,Baseload
2024-03-31,WRSF1,-39.63545682274142,Baseload
2024-04-07,WRSF1,-30.30294863099583,Baseload
2024-04-14,WRSF1,-59.29625993849558,Baseload
2024-04-21,WRSF1,-52.72842845630445,Baseload
2024-04-28,WRSF1,-61.0906458416644,Baseload
2024-05-05,WRSF1,-74.9153848267481,Baseload
2024-05-12,WRSF1,-692.4555499152924,Baseload
2024-05-19,WRSF1,,Baseload
2024-05-26,WRSF1,-83.82088819043985,Baseload
2024-06-02,WRSF1,-51.56469583207984,Baseload
2024-06-09,WRSF1,-38.82134804582523,Baseload
2024-06-16,WRSF1,-58.93526974379469,Baseload
2024-06-23,WRSF1,-100.65461489109259,Baseload
2024-06-30,WRSF1,-39.86461653562077,Baseload
2024-07-07,WRSF1,-56.16695386455626,Baseload
2024-07-14,WRSF1,-65.21429539781788,Baseload
2024-07-21,WRSF1,-61.99212038203966,Baseload
2024-07-28,WRSF1,-57.46789063117906,Baseload
2024-08-04,WRSF1,-140.38856444452549,Baseload
2024-08-11,WRSF1,-186.22371690006577,Baseload
2024-08-18,WRSF1,-73.50799389188771,Baseload
2024-08-25,WRSF1,-54.74736191893486,Baseload
2024-09-01,WRSF1,-49.68030021393517,Baseload
2024-09-08,WRSF1,-56.442736216400355,Baseload
2024-09-15,WRSF1,-67.19073006743302,Baseload
2024-09-22,WRSF1,-69.75789249813323,Baseload
2024-09-29,WRSF1,-61.80601594293821,Baseload
2024-10-06,WRSF1,-52.68686192928374,Baseload
2024-10-13,WRSF1,-18.406167626984754,Baseload
2024-10-20,WRSF1,-101.05453667645769,Baseload
2024-10-27,WRSF1,-61.682814393010815,Baseload
2024-11-03,WRSF1,,Baseload
2024-11-10,WRSF1,-241.87477559113404,Baseload
2024-11-17,WRSF1,-61.37107245175869,Baseload
2024-11-24,WRSF1,-93.2637627131376,Baseload
2024-12-01,WRSF1,-130.82101430674746,Baseload
2024-12-08,WRSF1,-176.91039551709474,Baseload
2024-12-15,WRSF1,-90.10404477244379,Baseload
2024-12-22,WRSF1,-47.96068663513609,Baseload
2024-12-29,WRSF1,-59.71450030328712,Baseload
2025-01-05,WRSF1,,Baseload
