Period,DUID,Delta,Contract
2020-01-05,BOCORWF1,479.3806884482701,Ex-post DWA
2020-01-12,BOCORWF1,3.956614626492481,Ex-post DWA
2020-01-19,BOCORWF1,3.759157882653895,Ex-post DWA
2020-01-26,BOCORWF1,-16.223617738521284,Ex-post DWA
2020-02-02,BOCORWF1,72.89492891738294,Ex-post DWA
2020-02-09,BOCORWF1,-0.8676925407719622,Ex-post DWA
2020-02-16,BOCORWF1,2.365266636783801,Ex-post DWA
2020-02-23,BOCORWF1,6.328098934861465,Ex-post DWA
2020-03-01,BOCORWF1,0.6611076890353758,Ex-post DWA
2020-03-08,BOCORWF1,4.995106384246682,Ex-post DWA
2020-03-15,BOCORWF1,1.5192183580887715,Ex-post DWA
2020-03-22,BOCORWF1,3.0195474626285304,Ex-post DWA
2020-03-29,BOCORWF1,0.23715698884961256,Ex-post DWA
2020-04-05,BOCORWF1,2.594373634971994,Ex-post DWA
2020-04-12,BOCORWF1,-4.018754460475826,Ex-post DWA
2020-04-19,BOCORWF1,1.0713235122023832,Ex-post DWA
2020-04-26,BOCORWF1,-0.31720908361446476,Ex-post DWA
2020-05-03,BOCORWF1,0.36524725696725113,Ex-post DWA
2020-05-10,BOCORWF1,-0.5013700992635677,Ex-post DWA
2020-05-17,BOCORWF1,-3.5343294761130934,Ex-post DWA
2020-05-24,BOCORWF1,-0.1142809277996335,Ex-post DWA
2020-05-31,BOCORWF1,-0.4061812640779152,Ex-post DWA
2020-06-07,BOCORWF1,-2.578326261866742,Ex-post DWA
2020-06-14,BOCORWF1,-8.050901012591474,Ex-post DWA
2020-06-21,BOCORWF1,-1.7953148517369328,Ex-post DWA
2020-06-28,BOCORWF1,1.698469823751779,Ex-post DWA
2020-07-05,BOCORWF1,0.6157582177340046,Ex-post DWA
2020-07-12,BOCORWF1,2.478608021526533,Ex-post DWA
2020-07-19,BOCORWF1,-2.2085931929039475,Ex-post DWA
2020-07-26,BOCORWF1,-7.344103362715543,Ex-post DWA
2020-08-02,BOCORWF1,-0.6778580045192513,Ex-post DWA
2020-08-09,BOCORWF1,-2.1207293726578342,Ex-post DWA
2020-08-16,BOCORWF1,-0.5306431662395283,Ex-post DWA
2020-08-23,BOCORWF1,-0.14006669827978868,Ex-post DWA
2020-08-30,BOCORWF1,-11.462472079317777,Ex-post DWA
2020-09-06,BOCORWF1,1.594631107215804,Ex-post DWA
2020-09-13,BOCORWF1,-0.6548219661185328,Ex-post DWA
2020-09-20,BOCORWF1,-1.2955249314609176,Ex-post DWA
2020-09-27,BOCORWF1,-0.2491220153743967,Ex-post DWA
2020-10-04,BOCORWF1,-0.5378712979180875,Ex-post DWA
2020-10-11,BOCORWF1,2.6139074336023853,Ex-post DWA
2020-10-18,BOCORWF1,1.5568808507915293,Ex-post DWA
2020-10-25,BOCORWF1,-3.4822815239308795,Ex-post DWA
2020-11-01,BOCORWF1,-0.28838739922799306,Ex-post DWA
2020-11-08,BOCORWF1,4.143506983053399,Ex-post DWA
2020-11-15,BOCORWF1,1.501884169299565,Ex-post DWA
2020-11-22,BOCORWF1,82.5446579442191,Ex-post DWA
2020-11-29,BOCORWF1,16.889702640472336,Ex-post DWA
2020-12-06,BOCORWF1,4.436817052978029,Ex-post DWA
2020-12-13,BOCORWF1,2.1813459765636196,Ex-post DWA
2020-12-20,BOCORWF1,-2.671542250114996,Ex-post DWA
2020-12-27,BOCORWF1,-0.6417905836526501,Ex-post DWA
2021-01-03,BOCORWF1,-1.0084500265381067,Ex-post DWA
2021-01-10,BOCORWF1,1.4390901512537866,Ex-post DWA
2021-01-17,BOCORWF1,-4.587482764170147,Ex-post DWA
2021-01-24,BOCORWF1,2.3502456342310722,Ex-post DWA
2021-01-31,BOCORWF1,0.5682942734538514,Ex-post DWA
2021-02-07,BOCORWF1,-0.11427246240996425,Ex-post DWA
2021-02-14,BOCORWF1,0.704496060201599,Ex-post DWA
2021-02-21,BOCORWF1,2.4975690333277782,Ex-post DWA
2021-02-28,BOCORWF1,1.7600627676907266,Ex-post DWA
2021-03-07,BOCORWF1,-0.9995019998026535,Ex-post DWA
2021-03-14,BOCORWF1,0.7124841683079666,Ex-post DWA
2021-03-21,BOCORWF1,1.0884850814536975,Ex-post DWA
2021-03-28,BOCORWF1,-0.866548283624077,Ex-post DWA
2021-04-04,BOCORWF1,2.7485555627842118,Ex-post DWA
2021-04-11,BOCORWF1,-2.858289777282849,Ex-post DWA
2021-04-18,BOCORWF1,-0.6335125018635352,Ex-post DWA
2021-04-25,BOCORWF1,-3.5582362215733383,Ex-post DWA
2021-05-02,BOCORWF1,-1.318148122930019,Ex-post DWA
2021-05-09,BOCORWF1,-1.7188259067335991,Ex-post DWA
2021-05-16,BOCORWF1,2.230697569929241,Ex-post DWA
2021-05-23,BOCORWF1,-58.91785752393217,Ex-post DWA
2021-05-30,BOCORWF1,73.05670438510933,Ex-post DWA
2021-06-06,BOCORWF1,-48.674994513321735,Ex-post DWA
2021-06-13,BOCORWF1,-42.51924396161678,Ex-post DWA
2021-06-20,BOCORWF1,3.786555700471297,Ex-post DWA
2021-06-27,BOCORWF1,-4.108399066265292,Ex-post DWA
2021-07-04,BOCORWF1,3.6356470396373055,Ex-post DWA
2021-07-11,BOCORWF1,-23.19981379614785,Ex-post DWA
2021-07-18,BOCORWF1,7.337762885940236,Ex-post DWA
2021-07-25,BOCORWF1,2.243415506464615,Ex-post DWA
2021-08-01,BOCORWF1,-0.6910872016725165,Ex-post DWA
2021-08-08,BOCORWF1,-1.330526226270898,Ex-post DWA
2021-08-15,BOCORWF1,2.1235279121549695,Ex-post DWA
2021-08-22,BOCORWF1,-0.5154953803528528,Ex-post DWA
2021-08-29,BOCORWF1,-0.001245998598832898,Ex-post DWA
2021-09-05,BOCORWF1,-2.05238697638665,Ex-post DWA
2021-09-12,BOCORWF1,-0.8261710388037358,Ex-post DWA
2021-09-19,BOCORWF1,-2.289574477887655,Ex-post DWA
2021-09-26,BOCORWF1,-0.048663063146960894,Ex-post DWA
2021-10-03,BOCORWF1,2.1336327872666274,Ex-post DWA
2021-10-10,BOCORWF1,3.4361524084383746,Ex-post DWA
2021-10-17,BOCORWF1,3.6435129604038323,Ex-post DWA
2021-10-24,BOCORWF1,0.20554565114630918,Ex-post DWA
2021-10-31,BOCORWF1,0.6950681301366473,Ex-post DWA
2021-11-07,BOCORWF1,-0.8313323327896285,Ex-post DWA
2021-11-14,BOCORWF1,-5.814940294454445,Ex-post DWA
2021-11-21,BOCORWF1,1.076893754732282,Ex-post DWA
2021-11-28,BOCORWF1,9.182215496708963,Ex-post DWA
2021-12-05,BOCORWF1,3.3060630369667194,Ex-post DWA
2021-12-12,BOCORWF1,-1.1387880710218639,Ex-post DWA
2021-12-19,BOCORWF1,-1.7700004716723612,Ex-post DWA
2021-12-26,BOCORWF1,7.4568564411471385,Ex-post DWA
2022-01-02,BOCORWF1,23.69089097982065,Ex-post DWA
2022-01-09,BOCORWF1,1.5215647630222122,Ex-post DWA
2022-01-16,BOCORWF1,-3.124383008619631,Ex-post DWA
2022-01-23,BOCORWF1,7.441263120197931,Ex-post DWA
2022-01-30,BOCORWF1,-1.0717230697736682,Ex-post DWA
2022-02-06,BOCORWF1,6.857560787821704,Ex-post DWA
2022-02-13,BOCORWF1,3.121440416040528,Ex-post DWA
2022-02-20,BOCORWF1,5.866870053775585,Ex-post DWA
2022-02-27,BOCORWF1,10.68181189802435,Ex-post DWA
2022-03-06,BOCORWF1,1.2218960593417023,Ex-post DWA
2022-03-13,BOCORWF1,2.211146620739129,Ex-post DWA
2022-03-20,BOCORWF1,0.02073115073987708,Ex-post DWA
2022-03-27,BOCORWF1,3.0252684502144547,Ex-post DWA
2022-04-03,BOCORWF1,,Ex-post DWA
2022-04-10,BOCORWF1,,Ex-post DWA
2022-04-17,BOCORWF1,,Ex-post DWA
2022-04-24,BOCORWF1,,Ex-post DWA
2022-05-01,BOCORWF1,58.033227613508785,Ex-post DWA
2022-05-08,BOCORWF1,-22.77250854816043,Ex-post DWA
2022-05-15,BOCORWF1,-5.5654530984505755,Ex-post DWA
2022-05-22,BOCORWF1,-14.304452764213266,Ex-post DWA
2022-05-29,BOCORWF1,18.921360958322566,Ex-post DWA
2022-06-05,BOCORWF1,-8.462926310376815,Ex-post DWA
2022-06-12,BOCORWF1,-6.049639425327655,Ex-post DWA
2022-06-19,BOCORWF1,-21.136929287474402,Ex-post DWA
2022-06-26,BOCORWF1,17.228707707718115,Ex-post DWA
2022-07-03,BOCORWF1,13.626390224997067,Ex-post DWA
2022-07-10,BOCORWF1,-8.638631201980274,Ex-post DWA
2022-07-17,BOCORWF1,-2.4907168589522257,Ex-post DWA
2022-07-24,BOCORWF1,-20.587979874726443,Ex-post DWA
2022-07-31,BOCORWF1,-0.39810909387082916,Ex-post DWA
2022-08-07,BOCORWF1,-2.6341252582422214,Ex-post DWA
2022-08-14,BOCORWF1,-4.690100439805349,Ex-post DWA
2022-08-21,BOCORWF1,-0.5055472295128141,Ex-post DWA
2022-08-28,BOCORWF1,-3.503248928037948,Ex-post DWA
2022-09-04,BOCORWF1,-12.845950501505087,Ex-post DWA
2022-09-11,BOCORWF1,13.28769071238463,Ex-post DWA
2022-09-18,BOCORWF1,1.9633993862501882,Ex-post DWA
2022-09-25,BOCORWF1,-5.843354211478015,Ex-post DWA
2022-10-02,BOCORWF1,-11.368827055644985,Ex-post DWA
2022-10-09,BOCORWF1,11.873103545201616,Ex-post DWA
2022-10-16,BOCORWF1,-2.260820413183609,Ex-post DWA
2022-10-23,BOCORWF1,-4.760398528428226,Ex-post DWA
2022-10-30,BOCORWF1,1.5762095773199576,Ex-post DWA
2022-11-06,BOCORWF1,0.04492325814265996,Ex-post DWA
2022-11-13,BOCORWF1,-2.5504602414412005,Ex-post DWA
2022-11-20,BOCORWF1,-3.850201009368533,Ex-post DWA
2022-11-27,BOCORWF1,-3.457251303127876,Ex-post DWA
2022-12-04,BOCORWF1,-4.45390606354475,Ex-post DWA
2022-12-11,BOCORWF1,-8.445940738615903,Ex-post DWA
2022-12-18,BOCORWF1,-8.842448188779485,Ex-post DWA
2022-12-25,BOCORWF1,4.377105126945281,Ex-post DWA
2023-01-01,BOCORWF1,-12.499624969986414,Ex-post DWA
2023-01-08,BOCORWF1,-0.7705113033191395,Ex-post DWA
2023-01-15,BOCORWF1,-4.678562173620477,Ex-post DWA
2023-01-22,BOCORWF1,5.636911938178045,Ex-post DWA
2023-01-29,BOCORWF1,-1.8919239700957604,Ex-post DWA
2023-02-05,BOCORWF1,-2.9313708240150618,Ex-post DWA
2023-02-12,BOCORWF1,-11.979843184571038,Ex-post DWA
2023-02-19,BOCORWF1,9.463732301517126,Ex-post DWA
2023-02-26,BOCORWF1,-4.299892590083232,Ex-post DWA
2023-03-05,BOCORWF1,7.370907167289786,Ex-post DWA
2023-03-12,BOCORWF1,5.091578822197292,Ex-post DWA
2023-03-19,BOCORWF1,87.63545860481133,Ex-post DWA
2023-03-26,BOCORWF1,4.50709993344212,Ex-post DWA
2023-04-02,BOCORWF1,1.2884271920214303,Ex-post DWA
2023-04-09,BOCORWF1,-3.3181805891836404,Ex-post DWA
2023-04-16,BOCORWF1,-4.023780769202048,Ex-post DWA
2023-04-23,BOCORWF1,10.932946298976148,Ex-post DWA
2023-04-30,BOCORWF1,14.005112767249159,Ex-post DWA
2023-05-07,BOCORWF1,-8.688215710325835,Ex-post DWA
2023-05-14,BOCORWF1,-6.181583029778579,Ex-post DWA
2023-05-21,BOCORWF1,-0.856798460496293,Ex-post DWA
2023-05-28,BOCORWF1,23.798694963410526,Ex-post DWA
2023-06-04,BOCORWF1,-2.364820632807607,Ex-post DWA
2023-06-11,BOCORWF1,2.632177512909223,Ex-post DWA
2023-06-18,BOCORWF1,5.962328401879049,Ex-post DWA
2023-06-25,BOCORWF1,-2.161207462416911,Ex-post DWA
2023-07-02,BOCORWF1,-2.2601407061714696,Ex-post DWA
2023-07-09,BOCORWF1,-5.221323576410867,Ex-post DWA
2023-07-16,BOCORWF1,-0.5956937398166531,Ex-post DWA
2023-07-23,BOCORWF1,-2.3602494091278885,Ex-post DWA
2023-07-30,BOCORWF1,-2.6343922914381466,Ex-post DWA
2023-08-06,BOCORWF1,-5.891401795009358,Ex-post DWA
2023-08-13,BOCORWF1,4.066206863988512,Ex-post DWA
2023-08-20,BOCORWF1,-5.795563831853045,Ex-post DWA
2023-08-27,BOCORWF1,3.9729276805194473,Ex-post DWA
2023-09-03,BOCORWF1,0.8572126837521097,Ex-post DWA
2023-09-10,BOCORWF1,5.6204641391782815,Ex-post DWA
2023-09-17,BOCORWF1,-12.485506744083459,Ex-post DWA
2023-09-24,BOCORWF1,10.028130120019469,Ex-post DWA
2023-10-01,BOCORWF1,3.761265008616917,Ex-post DWA
2023-10-08,BOCORWF1,-2.326108495234415,Ex-post DWA
2023-10-15,BOCORWF1,-6.040930588656675,Ex-post DWA
2023-10-22,BOCORWF1,-8.64877937331935,Ex-post DWA
2023-10-29,BOCORWF1,1.492989941301424,Ex-post DWA
2023-11-05,BOCORWF1,-8.728797929464314,Ex-post DWA
2023-11-12,BOCORWF1,-14.708906869009027,Ex-post DWA
2023-11-19,BOCORWF1,5.079076242940658,Ex-post DWA
2023-11-26,BOCORWF1,0.03756221640649926,Ex-post DWA
2023-12-03,BOCORWF1,-1.351174197163985,Ex-post DWA
2023-12-10,BOCORWF1,32.02166476913318,Ex-post DWA
2023-12-17,BOCORWF1,-2.015847711746005,Ex-post DWA
2023-12-24,BOCORWF1,7.050323402372406,Ex-post DWA
2023-12-31,BOCORWF1,-8.182987210126399,Ex-post DWA
2024-01-07,BOCORWF1,2.9713573227008965,Ex-post DWA
2024-01-14,BOCORWF1,6.0629026234835806,Ex-post DWA
2024-01-21,BOCORWF1,11.525183093249339,Ex-post DWA
2024-01-28,BOCORWF1,8.416435311750348,Ex-post DWA
2024-02-04,BOCORWF1,60.30710144792816,Ex-post DWA
2024-02-11,BOCORWF1,15.024659376014135,Ex-post DWA
2024-02-18,BOCORWF1,3.968773676065709,Ex-post DWA
2024-02-25,BOCORWF1,54.103171332331925,Ex-post DWA
2024-03-03,BOCORWF1,203.700589330785,Ex-post DWA
2024-03-10,BOCORWF1,8.76811632401838,Ex-post DWA
2024-03-17,BOCORWF1,3.1571863443857495,Ex-post DWA
2024-03-24,BOCORWF1,10.043518040988282,Ex-post DWA
2024-03-31,BOCORWF1,-6.262503334044368,Ex-post DWA
2024-04-07,BOCORWF1,-2.0579741699706773,Ex-post DWA
2024-04-14,BOCORWF1,-2.691615440400099,Ex-post DWA
2024-04-21,BOCORWF1,14.496699524484455,Ex-post DWA
2024-04-28,BOCORWF1,-5.750195860439362,Ex-post DWA
2024-05-05,BOCORWF1,-18.287638596313954,Ex-post DWA
2024-05-12,BOCORWF1,-300.26058108623465,Ex-post DWA
2024-05-19,BOCORWF1,-22.146690835939054,Ex-post DWA
2024-05-26,BOCORWF1,-19.08831058602371,Ex-post DWA
2024-06-02,BOCORWF1,-1.5697464110393042,Ex-post DWA
2024-06-09,BOCORWF1,-10.242926052050308,Ex-post DWA
2024-06-16,BOCORWF1,-1.5726056944022133,Ex-post DWA
2024-06-23,BOCORWF1,-33.83356536830897,Ex-post DWA
2024-06-30,BOCORWF1,14.687370792519374,Ex-post DWA
2024-07-07,BOCORWF1,3.0946479772553346,Ex-post DWA
2024-07-14,BOCORWF1,-3.9646679310251045,Ex-post DWA
2024-07-21,BOCORWF1,2.9402867655600176,Ex-post DWA
2024-07-28,BOCORWF1,3.207581509601411,Ex-post DWA
2024-08-04,BOCORWF1,3.2377537253086928,Ex-post DWA
2024-08-11,BOCORWF1,-62.83220618513346,Ex-post DWA
2024-08-18,BOCORWF1,8.434766686447418,Ex-post DWA
2024-08-25,BOCORWF1,-6.631252128864162,Ex-post DWA
2024-09-01,BOCORWF1,-4.321257549418547,Ex-post DWA
2024-09-08,BOCORWF1,1.936815821085375,Ex-post DWA
2024-09-15,BOCORWF1,-0.5819898572998525,Ex-post DWA
2024-09-22,BOCORWF1,-3.7844682306772413,Ex-post DWA
2024-09-29,BOCORWF1,1.4531837666293512,Ex-post DWA
2024-10-06,BOCORWF1,-6.766377069696816,Ex-post DWA
2024-10-13,BOCORWF1,-1.6831013424828996,Ex-post DWA
2024-10-20,BOCORWF1,-8.90451925201252,Ex-post DWA
2024-10-27,BOCORWF1,8.105933026134025,Ex-post DWA
2024-11-03,BOCORWF1,-1.3620811963029098,Ex-post DWA
2024-11-10,BOCORWF1,-11.075444691242467,Ex-post DWA
2024-11-17,BOCORWF1,-15.052924794679626,Ex-post DWA
2024-11-24,BOCORWF1,-6.6440689596400375,Ex-post DWA
2024-12-01,BOCORWF1,104.34781957417829,Ex-post DWA
2024-12-08,BOCORWF1,172.68469445301048,Ex-post DWA
2024-12-15,BOCORWF1,17.735411794362847,Ex-post DWA
2024-12-22,BOCORWF1,20.992713999094505,Ex-post DWA
2024-12-29,BOCORWF1,-11.964312935955963,Ex-post DWA
2025-01-05,BOCORWF1,7.683281653889779,Ex-post DWA
2020-01-05,BODWF1,-84.18865884030967,Ex-post DWA
2020-01-12,BODWF1,-0.8502176965029307,Ex-post DWA
2020-01-19,BODWF1,-0.4702297817203771,Ex-post DWA
2020-01-26,BODWF1,20.850625602505886,Ex-post DWA
2020-02-02,BODWF1,-108.21553383501468,Ex-post DWA
2020-02-09,BODWF1,0.05723592318826576,Ex-post DWA
2020-02-16,BODWF1,-1.3021995659061503,Ex-post DWA
2020-02-23,BODWF1,1.4015492132831184,Ex-post DWA
2020-03-01,BODWF1,-2.922391743154108,Ex-post DWA
2020-03-08,BODWF1,0.6049432878635344,Ex-post DWA
2020-03-15,BODWF1,-0.7563188507228347,Ex-post DWA
2020-03-22,BODWF1,-0.41031366686400617,Ex-post DWA
2020-03-29,BODWF1,-0.5629209676443665,Ex-post DWA
2020-04-05,BODWF1,0.9672237781689788,Ex-post DWA
2020-04-12,BODWF1,0.7508006386084105,Ex-post DWA
2020-04-19,BODWF1,0.644196462337419,Ex-post DWA
2020-04-26,BODWF1,0.4982245076762979,Ex-post DWA
2020-05-03,BODWF1,-0.9476429869509246,Ex-post DWA
2020-05-10,BODWF1,1.7417539965885211,Ex-post DWA
2020-05-17,BODWF1,-1.9805585572506246,Ex-post DWA
2020-05-24,BODWF1,-0.344471375268931,Ex-post DWA
2020-05-31,BODWF1,-1.385797834905624,Ex-post DWA
2020-06-07,BODWF1,-1.5922977964268696,Ex-post DWA
2020-06-14,BODWF1,5.004560147044977,Ex-post DWA
2020-06-21,BODWF1,-1.102374590843361,Ex-post DWA
2020-06-28,BODWF1,-0.7348655210722583,Ex-post DWA
2020-07-05,BODWF1,-0.9285665664400256,Ex-post DWA
2020-07-12,BODWF1,-0.35281287514917636,Ex-post DWA
2020-07-19,BODWF1,2.1770066188271926,Ex-post DWA
2020-07-26,BODWF1,-5.520024476817973,Ex-post DWA
2020-08-02,BODWF1,0.013372255320042825,Ex-post DWA
2020-08-09,BODWF1,3.151340501302691,Ex-post DWA
2020-08-16,BODWF1,1.653089999469671,Ex-post DWA
2020-08-23,BODWF1,0.5948292867968235,Ex-post DWA
2020-08-30,BODWF1,13.213934600514747,Ex-post DWA
2020-09-06,BODWF1,1.8293964402610143,Ex-post DWA
2020-09-13,BODWF1,-0.9358249431688037,Ex-post DWA
2020-09-20,BODWF1,-0.2801817538475433,Ex-post DWA
2020-09-27,BODWF1,0.32901157284726423,Ex-post DWA
2020-10-04,BODWF1,2.2079154613001677,Ex-post DWA
2020-10-11,BODWF1,5.637506131038691,Ex-post DWA
2020-10-18,BODWF1,0.8267119721405507,Ex-post DWA
2020-10-25,BODWF1,6.29332762160648,Ex-post DWA
2020-11-01,BODWF1,3.9949281905727148,Ex-post DWA
2020-11-08,BODWF1,-2.10342387574547,Ex-post DWA
2020-11-15,BODWF1,-1.277118662251162,Ex-post DWA
2020-11-22,BODWF1,9.485165410810396,Ex-post DWA
2020-11-29,BODWF1,-2.8117824275889873,Ex-post DWA
2020-12-06,BODWF1,4.382686160621972,Ex-post DWA
2020-12-13,BODWF1,0.465387878866359,Ex-post DWA
2020-12-20,BODWF1,12.595585739211657,Ex-post DWA
2020-12-27,BODWF1,0.057299812390070315,Ex-post DWA
2021-01-03,BODWF1,0.07903193378172091,Ex-post DWA
2021-01-10,BODWF1,0.058150746782189344,Ex-post DWA
2021-01-17,BODWF1,-0.15514368600415196,Ex-post DWA
2021-01-24,BODWF1,-1.494916323537069,Ex-post DWA
2021-01-31,BODWF1,-0.34072797520655485,Ex-post DWA
2021-02-07,BODWF1,-0.36203064190347334,Ex-post DWA
2021-02-14,BODWF1,-0.02667369487203075,Ex-post DWA
2021-02-21,BODWF1,-0.11952719901044873,Ex-post DWA
2021-02-28,BODWF1,0.03419688996967807,Ex-post DWA
2021-03-07,BODWF1,-0.8050950455305639,Ex-post DWA
2021-03-14,BODWF1,1.083456728478616,Ex-post DWA
2021-03-21,BODWF1,-0.047362251644763376,Ex-post DWA
2021-03-28,BODWF1,4.091776130426062,Ex-post DWA
2021-04-04,BODWF1,0.5116479270401655,Ex-post DWA
2021-04-11,BODWF1,-0.8352368957323293,Ex-post DWA
2021-04-18,BODWF1,2.9680824690025744,Ex-post DWA
2021-04-25,BODWF1,-1.5404575584804832,Ex-post DWA
2021-05-02,BODWF1,6.094729745047687,Ex-post DWA
2021-05-09,BODWF1,-1.1764547099923846,Ex-post DWA
2021-05-16,BODWF1,-0.06380675342474262,Ex-post DWA
2021-05-23,BODWF1,17.200850431556773,Ex-post DWA
2021-05-30,BODWF1,33.21249665872412,Ex-post DWA
2021-06-06,BODWF1,-26.01575093624851,Ex-post DWA
2021-06-13,BODWF1,-35.68511265507104,Ex-post DWA
2021-06-20,BODWF1,-5.319867916436593,Ex-post DWA
2021-06-27,BODWF1,21.664306192575765,Ex-post DWA
2021-07-04,BODWF1,-0.32318176351900263,Ex-post DWA
2021-07-11,BODWF1,18.130580905121292,Ex-post DWA
2021-07-18,BODWF1,8.869999988172324,Ex-post DWA
2021-07-25,BODWF1,14.66242088433546,Ex-post DWA
2021-08-01,BODWF1,-1.8481675521462222,Ex-post DWA
2021-08-08,BODWF1,2.9643105172147273,Ex-post DWA
2021-08-15,BODWF1,7.361372444862404,Ex-post DWA
2021-08-22,BODWF1,9.104086338632392,Ex-post DWA
2021-08-29,BODWF1,2.210229319349068,Ex-post DWA
2021-09-05,BODWF1,-0.5865092636747136,Ex-post DWA
2021-09-12,BODWF1,2.718548800760093,Ex-post DWA
2021-09-19,BODWF1,7.015163686290585,Ex-post DWA
2021-09-26,BODWF1,10.784149017619356,Ex-post DWA
2021-10-03,BODWF1,4.927624350170468,Ex-post DWA
2021-10-10,BODWF1,-0.7150534416433558,Ex-post DWA
2021-10-17,BODWF1,-0.8192015120755727,Ex-post DWA
2021-10-24,BODWF1,6.683778762012636,Ex-post DWA
2021-10-31,BODWF1,-1.3204568468657243,Ex-post DWA
2021-11-07,BODWF1,0.7118201038920802,Ex-post DWA
2021-11-14,BODWF1,2.5128508579372735,Ex-post DWA
2021-11-21,BODWF1,-0.31259230766838186,Ex-post DWA
2021-11-28,BODWF1,-1.464057551966924,Ex-post DWA
2021-12-05,BODWF1,-0.02928978036444363,Ex-post DWA
2021-12-12,BODWF1,-2.4470376523018302,Ex-post DWA
2021-12-19,BODWF1,0.0295016226685334,Ex-post DWA
2021-12-26,BODWF1,-1.918568603259203,Ex-post DWA
2022-01-02,BODWF1,-2.9158534703535395,Ex-post DWA
2022-01-09,BODWF1,-0.017899783374446088,Ex-post DWA
2022-01-16,BODWF1,0.7488703025727972,Ex-post DWA
2022-01-23,BODWF1,-0.3798814216545807,Ex-post DWA
2022-01-30,BODWF1,-2.1635040556712823,Ex-post DWA
2022-02-06,BODWF1,-2.6718651525429564,Ex-post DWA
2022-02-13,BODWF1,-1.2947996142680012,Ex-post DWA
2022-02-20,BODWF1,-3.1574298894750115,Ex-post DWA
2022-02-27,BODWF1,-1.0357529779743828,Ex-post DWA
2022-03-06,BODWF1,2.661177341389319,Ex-post DWA
2022-03-13,BODWF1,-4.5375066837336675,Ex-post DWA
2022-03-20,BODWF1,-3.0039809650853186,Ex-post DWA
2022-03-27,BODWF1,1.3843549033747848,Ex-post DWA
2022-04-03,BODWF1,10.876491927279034,Ex-post DWA
2022-04-10,BODWF1,-13.488733869251746,Ex-post DWA
2022-04-17,BODWF1,-8.460920379953222,Ex-post DWA
2022-04-24,BODWF1,0.6857249137077588,Ex-post DWA
2022-05-01,BODWF1,3.8097921113590303,Ex-post DWA
2022-05-08,BODWF1,-2.0075388935731553,Ex-post DWA
2022-05-15,BODWF1,1.5284418915502442,Ex-post DWA
2022-05-22,BODWF1,9.286654115924875,Ex-post DWA
2022-05-29,BODWF1,-8.79950049909246,Ex-post DWA
2022-06-05,BODWF1,7.024079163178385,Ex-post DWA
2022-06-12,BODWF1,-13.971379956568342,Ex-post DWA
2022-06-19,BODWF1,24.525496236331264,Ex-post DWA
2022-06-26,BODWF1,-18.648022539728856,Ex-post DWA
2022-07-03,BODWF1,80.41431574974979,Ex-post DWA
2022-07-10,BODWF1,13.817509871437721,Ex-post DWA
2022-07-17,BODWF1,54.18148181636485,Ex-post DWA
2022-07-24,BODWF1,0.5909872746071301,Ex-post DWA
2022-07-31,BODWF1,-2.2481014554820433,Ex-post DWA
2022-08-07,BODWF1,-6.460794485234118,Ex-post DWA
2022-08-14,BODWF1,14.82999744340853,Ex-post DWA
2022-08-21,BODWF1,10.83095415431319,Ex-post DWA
2022-08-28,BODWF1,2.6029652163860817,Ex-post DWA
2022-09-04,BODWF1,6.582539365554737,Ex-post DWA
2022-09-11,BODWF1,11.682782735922274,Ex-post DWA
2022-09-18,BODWF1,25.31579679400963,Ex-post DWA
2022-09-25,BODWF1,8.925724238113247,Ex-post DWA
2022-10-02,BODWF1,4.15636549695563,Ex-post DWA
2022-10-09,BODWF1,9.345833376308633,Ex-post DWA
2022-10-16,BODWF1,5.864072403714715,Ex-post DWA
2022-10-23,BODWF1,2.4714751835763025,Ex-post DWA
2022-10-30,BODWF1,2.817495886379845,Ex-post DWA
2022-11-06,BODWF1,0.5223861217464503,Ex-post DWA
2022-11-13,BODWF1,1.0408253479327385,Ex-post DWA
2022-11-20,BODWF1,5.133817123125922,Ex-post DWA
2022-11-27,BODWF1,5.900665142372873,Ex-post DWA
2022-12-04,BODWF1,-0.25269558585419816,Ex-post DWA
2022-12-11,BODWF1,4.852857001678757,Ex-post DWA
2022-12-18,BODWF1,5.877560797462749,Ex-post DWA
2022-12-25,BODWF1,1.9994787877797648,Ex-post DWA
2023-01-01,BODWF1,3.3603787138786885,Ex-post DWA
2023-01-08,BODWF1,-3.6499037211626018,Ex-post DWA
2023-01-15,BODWF1,-1.3395315041222204,Ex-post DWA
2023-01-22,BODWF1,-4.8778980312550715,Ex-post DWA
2023-01-29,BODWF1,-3.1850179726230863,Ex-post DWA
2023-02-05,BODWF1,15.446879605939642,Ex-post DWA
2023-02-12,BODWF1,4.002795086134739,Ex-post DWA
2023-02-19,BODWF1,-3.665873885059085,Ex-post DWA
2023-02-26,BODWF1,-1.8782664418766188,Ex-post DWA
2023-03-05,BODWF1,-3.898984085851197,Ex-post DWA
2023-03-12,BODWF1,2.033162336503011,Ex-post DWA
2023-03-19,BODWF1,-31.69585509585292,Ex-post DWA
2023-03-26,BODWF1,3.856189275560453,Ex-post DWA
2023-04-02,BODWF1,1.9073148083311509,Ex-post DWA
2023-04-09,BODWF1,12.871230303820823,Ex-post DWA
2023-04-16,BODWF1,1.5568999113139625,Ex-post DWA
2023-04-23,BODWF1,0.981731959869407,Ex-post DWA
2023-04-30,BODWF1,-1.57580334615119,Ex-post DWA
2023-05-07,BODWF1,-5.895758199715829,Ex-post DWA
2023-05-14,BODWF1,-6.295997972271778,Ex-post DWA
2023-05-21,BODWF1,-2.6537685201801935,Ex-post DWA
2023-05-28,BODWF1,-7.820391246492591,Ex-post DWA
2023-06-04,BODWF1,-20.286554594981993,Ex-post DWA
2023-06-11,BODWF1,2.0200410172938206,Ex-post DWA
2023-06-18,BODWF1,5.624750906691887,Ex-post DWA
2023-06-25,BODWF1,31.485958536093648,Ex-post DWA
2023-07-02,BODWF1,-3.4632026888206155,Ex-post DWA
2023-07-09,BODWF1,21.111293500158993,Ex-post DWA
2023-07-16,BODWF1,11.36244114468225,Ex-post DWA
2023-07-23,BODWF1,2.23967089843228,Ex-post DWA
2023-07-30,BODWF1,14.852189937804397,Ex-post DWA
2023-08-06,BODWF1,35.92904458711567,Ex-post DWA
2023-08-13,BODWF1,13.558685761190645,Ex-post DWA
2023-08-20,BODWF1,3.2790073082148723,Ex-post DWA
2023-08-27,BODWF1,0.9646520670010688,Ex-post DWA
2023-09-03,BODWF1,5.997288687014546,Ex-post DWA
2023-09-10,BODWF1,10.185834352913275,Ex-post DWA
2023-09-17,BODWF1,13.704087598394466,Ex-post DWA
2023-09-24,BODWF1,-6.641091285381208,Ex-post DWA
2023-10-01,BODWF1,-3.0168170598028965,Ex-post DWA
2023-10-08,BODWF1,-6.377097415208574,Ex-post DWA
2023-10-15,BODWF1,9.13350116892197,Ex-post DWA
2023-10-22,BODWF1,5.390577204987288,Ex-post DWA
2023-10-29,BODWF1,4.055308545148158,Ex-post DWA
2023-11-05,BODWF1,6.108736289652072,Ex-post DWA
2023-11-12,BODWF1,19.81676011314309,Ex-post DWA
2023-11-19,BODWF1,12.07693072139331,Ex-post DWA
2023-11-26,BODWF1,0.5158725686372208,Ex-post DWA
2023-12-03,BODWF1,1.3137591058803721,Ex-post DWA
2023-12-10,BODWF1,4.416564098536782,Ex-post DWA
2023-12-17,BODWF1,1.1894490016452863,Ex-post DWA
2023-12-24,BODWF1,-2.4219153280379686,Ex-post DWA
2023-12-31,BODWF1,-6.7725879483957705,Ex-post DWA
2024-01-07,BODWF1,-1.9582987812108286,Ex-post DWA
2024-01-14,BODWF1,-3.482887471593088,Ex-post DWA
2024-01-21,BODWF1,-29.888149809064345,Ex-post DWA
2024-01-28,BODWF1,-6.088693887663517,Ex-post DWA
2024-02-04,BODWF1,-8.148713308558285,Ex-post DWA
2024-02-11,BODWF1,-0.8198365560228709,Ex-post DWA
2024-02-18,BODWF1,-2.8715807813881753,Ex-post DWA
2024-02-25,BODWF1,-11.271155588498061,Ex-post DWA
2024-03-03,BODWF1,-21.25809004724124,Ex-post DWA
2024-03-10,BODWF1,-1.8552970387726901,Ex-post DWA
2024-03-17,BODWF1,-2.783427625251889,Ex-post DWA
2024-03-24,BODWF1,-0.8946913388634457,Ex-post DWA
2024-03-31,BODWF1,-3.439301137495562,Ex-post DWA
2024-04-07,BODWF1,-1.0955657996857866,Ex-post DWA
2024-04-14,BODWF1,-1.6374516160403942,Ex-post DWA
2024-04-21,BODWF1,4.147646852433311,Ex-post DWA
2024-04-28,BODWF1,10.292260836258592,Ex-post DWA
2024-05-05,BODWF1,2.5723680342622117,Ex-post DWA
2024-05-12,BODWF1,130.64897061445095,Ex-post DWA
2024-05-19,BODWF1,10.193569918748551,Ex-post DWA
2024-05-26,BODWF1,-20.12517822329079,Ex-post DWA
2024-06-02,BODWF1,4.527287743016132,Ex-post DWA
2024-06-09,BODWF1,4.126967452744424,Ex-post DWA
2024-06-16,BODWF1,11.298473684148362,Ex-post DWA
2024-06-23,BODWF1,-8.514904278854488,Ex-post DWA
2024-06-30,BODWF1,-0.20009338680858946,Ex-post DWA
2024-07-07,BODWF1,-7.095503637786933,Ex-post DWA
2024-07-14,BODWF1,11.763084025675312,Ex-post DWA
2024-07-21,BODWF1,-2.106293876304619,Ex-post DWA
2024-07-28,BODWF1,-2.5238615861033935,Ex-post DWA
2024-08-04,BODWF1,46.31006779253616,Ex-post DWA
2024-08-11,BODWF1,-6.146919980875765,Ex-post DWA
2024-08-18,BODWF1,11.866086450693345,Ex-post DWA
2024-08-25,BODWF1,7.803136842999535,Ex-post DWA
2024-09-01,BODWF1,-1.7106601710595015,Ex-post DWA
2024-09-08,BODWF1,-11.813205564928502,Ex-post DWA
2024-09-15,BODWF1,8.947766423088112,Ex-post DWA
2024-09-22,BODWF1,2.02225090186905,Ex-post DWA
2024-09-29,BODWF1,8.617559916906899,Ex-post DWA
2024-10-06,BODWF1,3.848934771689642,Ex-post DWA
2024-10-13,BODWF1,11.605546417676834,Ex-post DWA
2024-10-20,BODWF1,8.464259640576017,Ex-post DWA
2024-10-27,BODWF1,2.8365907334321463,Ex-post DWA
2024-11-03,BODWF1,9.95075442301296,Ex-post DWA
2024-11-10,BODWF1,-203.8513785367402,Ex-post DWA
2024-11-17,BODWF1,-8.11249640561941,Ex-post DWA
2024-11-24,BODWF1,23.03732368280282,Ex-post DWA
2024-12-01,BODWF1,-68.00529292239804,Ex-post DWA
2024-12-08,BODWF1,-15.6821488494613,Ex-post DWA
2024-12-15,BODWF1,-12.518689289485565,Ex-post DWA
2024-12-22,BODWF1,-2.812117010395909,Ex-post DWA
2024-12-29,BODWF1,1.2927439053424798,Ex-post DWA
2025-01-05,BODWF1,0.5327138031354508,Ex-post DWA
2020-01-05,CROOKWF2,188.01606567719062,Ex-post DWA
2020-01-12,CROOKWF2,1.2750638774417382,Ex-post DWA
2020-01-19,CROOKWF2,0.6817189273649404,Ex-post DWA
2020-01-26,CROOKWF2,-22.426197023352962,Ex-post DWA
2020-02-02,CROOKWF2,-60.326297108321725,Ex-post DWA
2020-02-09,CROOKWF2,-0.5220355077808492,Ex-post DWA
2020-02-16,CROOKWF2,4.1215385033348255,Ex-post DWA
2020-02-23,CROOKWF2,2.0840597164377996,Ex-post DWA
2020-03-01,CROOKWF2,0.008816096847695576,Ex-post DWA
2020-03-08,CROOKWF2,1.1907200902366455,Ex-post DWA
2020-03-15,CROOKWF2,-0.020898584643070706,Ex-post DWA
2020-03-22,CROOKWF2,0.08186769009091677,Ex-post DWA
2020-03-29,CROOKWF2,-0.09056231122370662,Ex-post DWA
2020-04-05,CROOKWF2,-2.1105471053626204,Ex-post DWA
2020-04-12,CROOKWF2,-1.9652020503806398,Ex-post DWA
2020-04-19,CROOKWF2,-0.2311062084843556,Ex-post DWA
2020-04-26,CROOKWF2,-1.0113463140015924,Ex-post DWA
2020-05-03,CROOKWF2,0.08867532414986101,Ex-post DWA
2020-05-10,CROOKWF2,-2.2994585002565024,Ex-post DWA
2020-05-17,CROOKWF2,1.2449383046007227,Ex-post DWA
2020-05-24,CROOKWF2,0.04588913682749052,Ex-post DWA
2020-05-31,CROOKWF2,0.6317671313701538,Ex-post DWA
2020-06-07,CROOKWF2,-0.8640235284357942,Ex-post DWA
2020-06-14,CROOKWF2,-2.533560427751823,Ex-post DWA
2020-06-21,CROOKWF2,0.01758782034437445,Ex-post DWA
2020-06-28,CROOKWF2,0.5214477451688921,Ex-post DWA
2020-07-05,CROOKWF2,0.1480512062342214,Ex-post DWA
2020-07-12,CROOKWF2,-0.09117774628737152,Ex-post DWA
2020-07-19,CROOKWF2,-3.576302003633664,Ex-post DWA
2020-07-26,CROOKWF2,-4.933346053937662,Ex-post DWA
2020-08-02,CROOKWF2,-0.662455960648856,Ex-post DWA
2020-08-09,CROOKWF2,-0.8086890988040025,Ex-post DWA
2020-08-16,CROOKWF2,-0.5762211539744868,Ex-post DWA
2020-08-23,CROOKWF2,-0.38864352043346173,Ex-post DWA
2020-08-30,CROOKWF2,-2.6907704368798875,Ex-post DWA
2020-09-06,CROOKWF2,-2.0235488429063935,Ex-post DWA
2020-09-13,CROOKWF2,-0.7817123622563429,Ex-post DWA
2020-09-20,CROOKWF2,-1.7635800440429819,Ex-post DWA
2020-09-27,CROOKWF2,-0.7300341780753499,Ex-post DWA
2020-10-04,CROOKWF2,-0.6312283156868617,Ex-post DWA
2020-10-11,CROOKWF2,-5.231701086666639,Ex-post DWA
2020-10-18,CROOKWF2,-1.3050245382735355,Ex-post DWA
2020-10-25,CROOKWF2,0.5890600315751726,Ex-post DWA
2020-11-01,CROOKWF2,-0.3776374358132202,Ex-post DWA
2020-11-08,CROOKWF2,-1.3708377786480597,Ex-post DWA
2020-11-15,CROOKWF2,-1.8777053988920116,Ex-post DWA
2020-11-22,CROOKWF2,-2.911371617533945,Ex-post DWA
2020-11-29,CROOKWF2,-0.3719483072446792,Ex-post DWA
2020-12-06,CROOKWF2,-1.2832423266578985,Ex-post DWA
2020-12-13,CROOKWF2,-0.5178012666502809,Ex-post DWA
2020-12-20,CROOKWF2,-17.185956831343276,Ex-post DWA
2020-12-27,CROOKWF2,-0.93842468534978,Ex-post DWA
2021-01-03,CROOKWF2,-0.9427612431090182,Ex-post DWA
2021-01-10,CROOKWF2,-0.06240237804627213,Ex-post DWA
2021-01-17,CROOKWF2,1.7278528371872355,Ex-post DWA
2021-01-24,CROOKWF2,-0.6797724434284262,Ex-post DWA
2021-01-31,CROOKWF2,0.1827136233465083,Ex-post DWA
2021-02-07,CROOKWF2,0.41736687569780173,Ex-post DWA
2021-02-14,CROOKWF2,-0.3195957346212239,Ex-post DWA
2021-02-21,CROOKWF2,0.4103797124749846,Ex-post DWA
2021-02-28,CROOKWF2,-0.3949697965359036,Ex-post DWA
2021-03-07,CROOKWF2,0.853251642540414,Ex-post DWA
2021-03-14,CROOKWF2,-0.9264592787043924,Ex-post DWA
2021-03-21,CROOKWF2,0.3700554046397926,Ex-post DWA
2021-03-28,CROOKWF2,-0.7322510024366693,Ex-post DWA
2021-04-04,CROOKWF2,-2.7136338755973526,Ex-post DWA
2021-04-11,CROOKWF2,-3.09749989783354,Ex-post DWA
2021-04-18,CROOKWF2,-3.745503263799101,Ex-post DWA
2021-04-25,CROOKWF2,-4.0205831984572455,Ex-post DWA
2021-05-02,CROOKWF2,-1.8212692197652842,Ex-post DWA
2021-05-09,CROOKWF2,0.7061791206613393,Ex-post DWA
2021-05-16,CROOKWF2,0.422687196549397,Ex-post DWA
2021-05-23,CROOKWF2,16.30688320850217,Ex-post DWA
2021-05-30,CROOKWF2,1.9394788815194488,Ex-post DWA
2021-06-06,CROOKWF2,-26.898065229465544,Ex-post DWA
2021-06-13,CROOKWF2,-62.43562128568928,Ex-post DWA
2021-06-20,CROOKWF2,-8.614366571276733,Ex-post DWA
2021-06-27,CROOKWF2,-7.783785229399413,Ex-post DWA
2021-07-04,CROOKWF2,0.5850979160905752,Ex-post DWA
2021-07-11,CROOKWF2,-21.453423810505768,Ex-post DWA
2021-07-18,CROOKWF2,-16.769660162349794,Ex-post DWA
2021-07-25,CROOKWF2,-7.807013252404559,Ex-post DWA
2021-08-01,CROOKWF2,-1.802898383362816,Ex-post DWA
2021-08-08,CROOKWF2,-1.9234316698949598,Ex-post DWA
2021-08-15,CROOKWF2,-4.124577562333165,Ex-post DWA
2021-08-22,CROOKWF2,-9.166223236292623,Ex-post DWA
2021-08-29,CROOKWF2,-1.3393451899087268,Ex-post DWA
2021-09-05,CROOKWF2,0.9790419740300322,Ex-post DWA
2021-09-12,CROOKWF2,-4.822311169343912,Ex-post DWA
2021-09-19,CROOKWF2,-6.0659640559247165,Ex-post DWA
2021-09-26,CROOKWF2,-2.780647665701572,Ex-post DWA
2021-10-03,CROOKWF2,-3.1761133129521895,Ex-post DWA
2021-10-10,CROOKWF2,-4.5628479465705745,Ex-post DWA
2021-10-17,CROOKWF2,-1.30718661662808,Ex-post DWA
2021-10-24,CROOKWF2,-5.9667287462731124,Ex-post DWA
2021-10-31,CROOKWF2,-0.5658155831265645,Ex-post DWA
2021-11-07,CROOKWF2,0.09179980787985187,Ex-post DWA
2021-11-14,CROOKWF2,-4.549900691959387,Ex-post DWA
2021-11-21,CROOKWF2,-1.0118746779269543,Ex-post DWA
2021-11-28,CROOKWF2,-1.1515507475248228,Ex-post DWA
2021-12-05,CROOKWF2,-7.2575615725222065,Ex-post DWA
2021-12-12,CROOKWF2,-5.011399579360855,Ex-post DWA
2021-12-19,CROOKWF2,-2.354121875747765,Ex-post DWA
2021-12-26,CROOKWF2,-1.4122657479260567,Ex-post DWA
2022-01-02,CROOKWF2,5.420687777211143,Ex-post DWA
2022-01-09,CROOKWF2,0.2312960988192856,Ex-post DWA
2022-01-16,CROOKWF2,-3.282262906413905,Ex-post DWA
2022-01-23,CROOKWF2,-2.508857477201545,Ex-post DWA
2022-01-30,CROOKWF2,2.4512477416380136,Ex-post DWA
2022-02-06,CROOKWF2,-3.2998198934692624,Ex-post DWA
2022-02-13,CROOKWF2,1.1378093848553164,Ex-post DWA
2022-02-20,CROOKWF2,-3.1427832686192545,Ex-post DWA
2022-02-27,CROOKWF2,2.3179281701330297,Ex-post DWA
2022-03-06,CROOKWF2,-1.3412574542094262,Ex-post DWA
2022-03-13,CROOKWF2,-0.04301610513829246,Ex-post DWA
2022-03-20,CROOKWF2,-2.061709838279114,Ex-post DWA
2022-03-27,CROOKWF2,-1.8404517765032296,Ex-post DWA
2022-04-03,CROOKWF2,1.7147927012517243,Ex-post DWA
2022-04-10,CROOKWF2,7.118811408770057,Ex-post DWA
2022-04-17,CROOKWF2,12.619068642392335,Ex-post DWA
2022-04-24,CROOKWF2,7.6427332474086995,Ex-post DWA
2022-05-01,CROOKWF2,7.805880461470849,Ex-post DWA
2022-05-08,CROOKWF2,-21.35034064753205,Ex-post DWA
2022-05-15,CROOKWF2,-5.322294031482841,Ex-post DWA
2022-05-22,CROOKWF2,-21.243730883669116,Ex-post DWA
2022-05-29,CROOKWF2,8.514912960468337,Ex-post DWA
2022-06-05,CROOKWF2,-13.390444464011921,Ex-post DWA
2022-06-12,CROOKWF2,-4.874388378326444,Ex-post DWA
2022-06-19,CROOKWF2,13.26793508262449,Ex-post DWA
2022-06-26,CROOKWF2,-3.8456738784626623,Ex-post DWA
2022-07-03,CROOKWF2,-18.160805488461676,Ex-post DWA
2022-07-10,CROOKWF2,-6.812546628383416,Ex-post DWA
2022-07-17,CROOKWF2,-30.202147762511743,Ex-post DWA
2022-07-24,CROOKWF2,-8.219852854814917,Ex-post DWA
2022-07-31,CROOKWF2,7.343187123424769,Ex-post DWA
2022-08-07,CROOKWF2,-1.5314567985800664,Ex-post DWA
2022-08-14,CROOKWF2,-9.866648606456096,Ex-post DWA
2022-08-21,CROOKWF2,-6.653541470494616,Ex-post DWA
2022-08-28,CROOKWF2,-7.234591903860519,Ex-post DWA
2022-09-04,CROOKWF2,-10.89912812414795,Ex-post DWA
2022-09-11,CROOKWF2,-17.41209918185507,Ex-post DWA
2022-09-18,CROOKWF2,-5.349351682749301,Ex-post DWA
2022-09-25,CROOKWF2,-10.189718801648638,Ex-post DWA
2022-10-02,CROOKWF2,-11.53275075033406,Ex-post DWA
2022-10-09,CROOKWF2,-6.225759822694187,Ex-post DWA
2022-10-16,CROOKWF2,-9.405980317814283,Ex-post DWA
2022-10-23,CROOKWF2,-3.5814285110456012,Ex-post DWA
2022-10-30,CROOKWF2,0.5509643070938068,Ex-post DWA
2022-11-06,CROOKWF2,-6.72331176498659,Ex-post DWA
2022-11-13,CROOKWF2,1.3240847318079005,Ex-post DWA
2022-11-20,CROOKWF2,-4.549918446458847,Ex-post DWA
2022-11-27,CROOKWF2,-4.166597769003644,Ex-post DWA
2022-12-04,CROOKWF2,6.088495280604562,Ex-post DWA
2022-12-11,CROOKWF2,-5.143756993088459,Ex-post DWA
2022-12-18,CROOKWF2,-8.4974455673065,Ex-post DWA
2022-12-25,CROOKWF2,-1.3570741254391834,Ex-post DWA
2023-01-01,CROOKWF2,-4.356274516023831,Ex-post DWA
2023-01-08,CROOKWF2,-4.224510398900051,Ex-post DWA
2023-01-15,CROOKWF2,1.2572050862770396,Ex-post DWA
2023-01-22,CROOKWF2,-2.225371499318797,Ex-post DWA
2023-01-29,CROOKWF2,-1.9336362163909229,Ex-post DWA
2023-02-05,CROOKWF2,-12.16103579287639,Ex-post DWA
2023-02-12,CROOKWF2,-7.608085548494131,Ex-post DWA
2023-02-19,CROOKWF2,-0.52230425008959,Ex-post DWA
2023-02-26,CROOKWF2,-6.441542062865253,Ex-post DWA
2023-03-05,CROOKWF2,-2.617661125287057,Ex-post DWA
2023-03-12,CROOKWF2,-3.3508629962934577,Ex-post DWA
2023-03-19,CROOKWF2,11.358818655180926,Ex-post DWA
2023-03-26,CROOKWF2,0.83259741687624,Ex-post DWA
2023-04-02,CROOKWF2,-1.3279264233477477,Ex-post DWA
2023-04-09,CROOKWF2,-9.263656064601733,Ex-post DWA
2023-04-16,CROOKWF2,-6.572899602956724,Ex-post DWA
2023-04-23,CROOKWF2,-0.11714600532214092,Ex-post DWA
2023-04-30,CROOKWF2,7.204311290314948,Ex-post DWA
2023-05-07,CROOKWF2,0.9455447898939155,Ex-post DWA
2023-05-14,CROOKWF2,-11.962893609875891,Ex-post DWA
2023-05-21,CROOKWF2,-3.322648884846501,Ex-post DWA
2023-05-28,CROOKWF2,-39.652998259565805,Ex-post DWA
2023-06-04,CROOKWF2,-3.2041172813417234,Ex-post DWA
2023-06-11,CROOKWF2,0.5049617898879575,Ex-post DWA
2023-06-18,CROOKWF2,-3.357801808384579,Ex-post DWA
2023-06-25,CROOKWF2,-1.9035916027193025,Ex-post DWA
2023-07-02,CROOKWF2,-2.3867748071871375,Ex-post DWA
2023-07-09,CROOKWF2,-11.351791904281164,Ex-post DWA
2023-07-16,CROOKWF2,-3.871979824983022,Ex-post DWA
2023-07-23,CROOKWF2,-6.191730109131456,Ex-post DWA
2023-07-30,CROOKWF2,-12.462567031470115,Ex-post DWA
2023-08-06,CROOKWF2,-15.084229139997277,Ex-post DWA
2023-08-13,CROOKWF2,-4.630801841640974,Ex-post DWA
2023-08-20,CROOKWF2,-8.282432689870845,Ex-post DWA
2023-08-27,CROOKWF2,0.22426924614170218,Ex-post DWA
2023-09-03,CROOKWF2,-6.545478266069807,Ex-post DWA
2023-09-10,CROOKWF2,-12.145906186348093,Ex-post DWA
2023-09-17,CROOKWF2,-26.503537339966336,Ex-post DWA
2023-09-24,CROOKWF2,-4.124885648186691,Ex-post DWA
2023-10-01,CROOKWF2,-17.478819496008406,Ex-post DWA
2023-10-08,CROOKWF2,1.5122537429767036,Ex-post DWA
2023-10-15,CROOKWF2,-8.624690231957512,Ex-post DWA
2023-10-22,CROOKWF2,-14.38986375123675,Ex-post DWA
2023-10-29,CROOKWF2,-5.925851759503601,Ex-post DWA
2023-11-05,CROOKWF2,-7.51803957500244,Ex-post DWA
2023-11-12,CROOKWF2,-31.596038526920253,Ex-post DWA
2023-11-19,CROOKWF2,-4.141325081166187,Ex-post DWA
2023-11-26,CROOKWF2,-6.31936261479909,Ex-post DWA
2023-12-03,CROOKWF2,-4.2576374342623495,Ex-post DWA
2023-12-10,CROOKWF2,-0.09627440186454805,Ex-post DWA
2023-12-17,CROOKWF2,8.314227573900098,Ex-post DWA
2023-12-24,CROOKWF2,-1.7912076702730388,Ex-post DWA
2023-12-31,CROOKWF2,4.226618665415771,Ex-post DWA
2024-01-07,CROOKWF2,1.4842986862619227,Ex-post DWA
2024-01-14,CROOKWF2,0.23651870414711595,Ex-post DWA
2024-01-21,CROOKWF2,28.059086337242064,Ex-post DWA
2024-01-28,CROOKWF2,2.196262587915541,Ex-post DWA
2024-02-04,CROOKWF2,-4.932923897057648,Ex-post DWA
2024-02-11,CROOKWF2,-4.95473365121034,Ex-post DWA
2024-02-18,CROOKWF2,0.23830118942788658,Ex-post DWA
2024-02-25,CROOKWF2,5.632317401226857,Ex-post DWA
2024-03-03,CROOKWF2,-45.07724419718171,Ex-post DWA
2024-03-10,CROOKWF2,4.784763251244982,Ex-post DWA
2024-03-17,CROOKWF2,-0.8632375897004749,Ex-post DWA
2024-03-24,CROOKWF2,-4.704082863529699,Ex-post DWA
2024-03-31,CROOKWF2,-5.603246702223515,Ex-post DWA
2024-04-07,CROOKWF2,-2.511130458440647,Ex-post DWA
2024-04-14,CROOKWF2,23.526156161701664,Ex-post DWA
2024-04-21,CROOKWF2,,Ex-post DWA
2024-04-28,CROOKWF2,,Ex-post DWA
2024-05-05,CROOKWF2,,Ex-post DWA
2024-05-12,CROOKWF2,,Ex-post DWA
2024-05-19,CROOKWF2,,Ex-post DWA
2024-05-26,CROOKWF2,-16.748476050799297,Ex-post DWA
2024-06-02,CROOKWF2,13.741809874632011,Ex-post DWA
2024-06-09,CROOKWF2,8.657708987324327,Ex-post DWA
2024-06-16,CROOKWF2,36.39172221334276,Ex-post DWA
2024-06-23,CROOKWF2,-1.9234152394841146,Ex-post DWA
2024-06-30,CROOKWF2,19.392737697767316,Ex-post DWA
2024-07-07,CROOKWF2,2.202060342757761,Ex-post DWA
2024-07-14,CROOKWF2,3.924727622041388,Ex-post DWA
2024-07-21,CROOKWF2,9.143133637265322,Ex-post DWA
2024-07-28,CROOKWF2,-3.5211656108660634,Ex-post DWA
2024-08-04,CROOKWF2,-44.01536814737645,Ex-post DWA
2024-08-11,CROOKWF2,-74.2171313436368,Ex-post DWA
2024-08-18,CROOKWF2,-3.828565655024022,Ex-post DWA
2024-08-25,CROOKWF2,-2.0330884022726394,Ex-post DWA
2024-09-01,CROOKWF2,-5.5029737602413,Ex-post DWA
2024-09-08,CROOKWF2,4.726923090927237,Ex-post DWA
2024-09-15,CROOKWF2,-13.531031750753343,Ex-post DWA
2024-09-22,CROOKWF2,-12.413018651065347,Ex-post DWA
2024-09-29,CROOKWF2,-4.091020706428225,Ex-post DWA
2024-10-06,CROOKWF2,-15.390632067575261,Ex-post DWA
2024-10-13,CROOKWF2,-10.354998233365222,Ex-post DWA
2024-10-20,CROOKWF2,-10.360254263926521,Ex-post DWA
2024-10-27,CROOKWF2,-7.067596993800905,Ex-post DWA
2024-11-03,CROOKWF2,-1.7551399829840406,Ex-post DWA
2024-11-10,CROOKWF2,-181.83478982533546,Ex-post DWA
2024-11-17,CROOKWF2,-18.753570581717227,Ex-post DWA
2024-11-24,CROOKWF2,-14.910543719487492,Ex-post DWA
2024-12-01,CROOKWF2,-89.423389300505,Ex-post DWA
2024-12-08,CROOKWF2,-53.406493567300544,Ex-post DWA
2024-12-15,CROOKWF2,-26.157117249751508,Ex-post DWA
2024-12-22,CROOKWF2,-4.871728505185601,Ex-post DWA
2024-12-29,CROOKWF2,-8.527902305217093,Ex-post DWA
2025-01-05,CROOKWF2,1.8697410581852125,Ex-post DWA
2020-01-05,GULLRWF1,38.031020357906016,Ex-post DWA
2020-01-12,GULLRWF1,0.7567442091137906,Ex-post DWA
2020-01-19,GULLRWF1,-0.40360285087770364,Ex-post DWA
2020-01-26,GULLRWF1,-21.76166661403264,Ex-post DWA
2020-02-02,GULLRWF1,-47.29142747545882,Ex-post DWA
2020-02-09,GULLRWF1,-0.804205766568586,Ex-post DWA
2020-02-16,GULLRWF1,3.7798815037549147,Ex-post DWA
2020-02-23,GULLRWF1,1.0871180353797172,Ex-post DWA
2020-03-01,GULLRWF1,-0.17143918051967688,Ex-post DWA
2020-03-08,GULLRWF1,0.7745661203491707,Ex-post DWA
2020-03-15,GULLRWF1,-1.3148184595459114,Ex-post DWA
2020-03-22,GULLRWF1,0.3016197819072488,Ex-post DWA
2020-03-29,GULLRWF1,-0.7172193970406155,Ex-post DWA
2020-04-05,GULLRWF1,-11.828078873614182,Ex-post DWA
2020-04-12,GULLRWF1,0.4954902006238555,Ex-post DWA
2020-04-19,GULLRWF1,0.41835559454445104,Ex-post DWA
2020-04-26,GULLRWF1,1.4546744191510612,Ex-post DWA
2020-05-03,GULLRWF1,0.7795519135308737,Ex-post DWA
2020-05-10,GULLRWF1,-1.3059596525404764,Ex-post DWA
2020-05-17,GULLRWF1,1.2711183826542864,Ex-post DWA
2020-05-24,GULLRWF1,-0.8835326684342846,Ex-post DWA
2020-05-31,GULLRWF1,0.9766283385080285,Ex-post DWA
2020-06-07,GULLRWF1,0.07682523565151911,Ex-post DWA
2020-06-14,GULLRWF1,-6.222942835949212,Ex-post DWA
2020-06-21,GULLRWF1,0.6219870463899753,Ex-post DWA
2020-06-28,GULLRWF1,0.5526466684633604,Ex-post DWA
2020-07-05,GULLRWF1,0.13721205172078754,Ex-post DWA
2020-07-12,GULLRWF1,2.470178481119305,Ex-post DWA
2020-07-19,GULLRWF1,-2.6143600645329244,Ex-post DWA
2020-07-26,GULLRWF1,-4.171003678452571,Ex-post DWA
2020-08-02,GULLRWF1,0.557110355433089,Ex-post DWA
2020-08-09,GULLRWF1,-0.9953502397538756,Ex-post DWA
2020-08-16,GULLRWF1,-1.1406986428505448,Ex-post DWA
2020-08-23,GULLRWF1,-0.07105716106892146,Ex-post DWA
2020-08-30,GULLRWF1,12.725240186255704,Ex-post DWA
2020-09-06,GULLRWF1,-0.6699632510486921,Ex-post DWA
2020-09-13,GULLRWF1,-0.7711239940075387,Ex-post DWA
2020-09-20,GULLRWF1,1.9739750214739828,Ex-post DWA
2020-09-27,GULLRWF1,-0.14716913743477988,Ex-post DWA
2020-10-04,GULLRWF1,-1.802397362678576,Ex-post DWA
2020-10-11,GULLRWF1,-4.91953381519275,Ex-post DWA
2020-10-18,GULLRWF1,-1.0410037988370533,Ex-post DWA
2020-10-25,GULLRWF1,-14.922516890421583,Ex-post DWA
2020-11-01,GULLRWF1,2.0032034847828797,Ex-post DWA
2020-11-08,GULLRWF1,-1.7741911579017398,Ex-post DWA
2020-11-15,GULLRWF1,-1.8328692830692006,Ex-post DWA
2020-11-22,GULLRWF1,-16.08665301569468,Ex-post DWA
2020-11-29,GULLRWF1,-2.8084399934499444,Ex-post DWA
2020-12-06,GULLRWF1,-3.0025053182441326,Ex-post DWA
2020-12-13,GULLRWF1,0.5595504351128469,Ex-post DWA
2020-12-20,GULLRWF1,-22.24269084989919,Ex-post DWA
2020-12-27,GULLRWF1,-0.7269482258755602,Ex-post DWA
2021-01-03,GULLRWF1,-0.5158618274234783,Ex-post DWA
2021-01-10,GULLRWF1,-0.07965261339820273,Ex-post DWA
2021-01-17,GULLRWF1,0.9497975074600404,Ex-post DWA
2021-01-24,GULLRWF1,-0.5959070425306194,Ex-post DWA
2021-01-31,GULLRWF1,-0.286339941380632,Ex-post DWA
2021-02-07,GULLRWF1,-0.2695867890888479,Ex-post DWA
2021-02-14,GULLRWF1,-0.3460621176885752,Ex-post DWA
2021-02-21,GULLRWF1,-0.34167241816305705,Ex-post DWA
2021-02-28,GULLRWF1,-0.4363333865391468,Ex-post DWA
2021-03-07,GULLRWF1,0.4973665117042785,Ex-post DWA
2021-03-14,GULLRWF1,-1.4663136530414107,Ex-post DWA
2021-03-21,GULLRWF1,0.44150059360296723,Ex-post DWA
2021-03-28,GULLRWF1,-2.8689700912696523,Ex-post DWA
2021-04-04,GULLRWF1,-2.6992543196600174,Ex-post DWA
2021-04-11,GULLRWF1,-2.641704384166868,Ex-post DWA
2021-04-18,GULLRWF1,-4.019963988365923,Ex-post DWA
2021-04-25,GULLRWF1,2.663646813093237,Ex-post DWA
2021-05-02,GULLRWF1,-5.829154832462372,Ex-post DWA
2021-05-09,GULLRWF1,0.4296269370452137,Ex-post DWA
2021-05-16,GULLRWF1,-0.3816342292117696,Ex-post DWA
2021-05-23,GULLRWF1,12.634442871152402,Ex-post DWA
2021-05-30,GULLRWF1,-15.059250499324548,Ex-post DWA
2021-06-06,GULLRWF1,-12.049162633639355,Ex-post DWA
2021-06-13,GULLRWF1,-43.62492274291574,Ex-post DWA
2021-06-20,GULLRWF1,-8.284438078833276,Ex-post DWA
2021-06-27,GULLRWF1,-8.281893771313278,Ex-post DWA
2021-07-04,GULLRWF1,0.7622366606998554,Ex-post DWA
2021-07-11,GULLRWF1,-34.159960557941815,Ex-post DWA
2021-07-18,GULLRWF1,-15.371229297772416,Ex-post DWA
2021-07-25,GULLRWF1,-14.307733821871608,Ex-post DWA
2021-08-01,GULLRWF1,-0.3561480463220974,Ex-post DWA
2021-08-08,GULLRWF1,-0.42627092319433757,Ex-post DWA
2021-08-15,GULLRWF1,-3.9628169521172865,Ex-post DWA
2021-08-22,GULLRWF1,-6.5845103701925325,Ex-post DWA
2021-08-29,GULLRWF1,-1.4672089000686555,Ex-post DWA
2021-09-05,GULLRWF1,0.773385191002248,Ex-post DWA
2021-09-12,GULLRWF1,-2.245725782697093,Ex-post DWA
2021-09-19,GULLRWF1,-6.946482331324049,Ex-post DWA
2021-09-26,GULLRWF1,-2.202704945662475,Ex-post DWA
2021-10-03,GULLRWF1,-4.250618033436147,Ex-post DWA
2021-10-10,GULLRWF1,-3.790643022859296,Ex-post DWA
2021-10-17,GULLRWF1,-1.1917904523700784,Ex-post DWA
2021-10-24,GULLRWF1,-4.473651889581873,Ex-post DWA
2021-10-31,GULLRWF1,0.6759435654832657,Ex-post DWA
2021-11-07,GULLRWF1,-0.19002725137954712,Ex-post DWA
2021-11-14,GULLRWF1,-4.833670022534093,Ex-post DWA
2021-11-21,GULLRWF1,-5.541028220131913,Ex-post DWA
2021-11-28,GULLRWF1,0.1522484122010752,Ex-post DWA
2021-12-05,GULLRWF1,-9.882786384920898,Ex-post DWA
2021-12-12,GULLRWF1,-4.084633701301556,Ex-post DWA
2021-12-19,GULLRWF1,-4.131372612706983,Ex-post DWA
2021-12-26,GULLRWF1,3.2344918241930998,Ex-post DWA
2022-01-02,GULLRWF1,-0.8926986051095724,Ex-post DWA
2022-01-09,GULLRWF1,-0.7432369969204728,Ex-post DWA
2022-01-16,GULLRWF1,-2.153470992261248,Ex-post DWA
2022-01-23,GULLRWF1,-2.519911303544866,Ex-post DWA
2022-01-30,GULLRWF1,1.0474876562333435,Ex-post DWA
2022-02-06,GULLRWF1,-4.387947825752711,Ex-post DWA
2022-02-13,GULLRWF1,0.19118884667942382,Ex-post DWA
2022-02-20,GULLRWF1,-4.694025460313725,Ex-post DWA
2022-02-27,GULLRWF1,1.4120511602765902,Ex-post DWA
2022-03-06,GULLRWF1,-1.5605938046799679,Ex-post DWA
2022-03-13,GULLRWF1,-0.6701156738228917,Ex-post DWA
2022-03-20,GULLRWF1,-3.599452181448072,Ex-post DWA
2022-03-27,GULLRWF1,-1.1880353657377896,Ex-post DWA
2022-04-03,GULLRWF1,4.190438417907302,Ex-post DWA
2022-04-10,GULLRWF1,4.461480434125406,Ex-post DWA
2022-04-17,GULLRWF1,9.892734587749118,Ex-post DWA
2022-04-24,GULLRWF1,1.648828606966788,Ex-post DWA
2022-05-01,GULLRWF1,5.211421869402756,Ex-post DWA
2022-05-08,GULLRWF1,-35.78594161857683,Ex-post DWA
2022-05-15,GULLRWF1,-10.8183241511328,Ex-post DWA
2022-05-22,GULLRWF1,-13.178779026713357,Ex-post DWA
2022-05-29,GULLRWF1,3.7603209850297503,Ex-post DWA
2022-06-05,GULLRWF1,-6.78015654923621,Ex-post DWA
2022-06-12,GULLRWF1,1.4849784961971295,Ex-post DWA
2022-06-19,GULLRWF1,20.400121370806517,Ex-post DWA
2022-06-26,GULLRWF1,-4.044907673717546,Ex-post DWA
2022-07-03,GULLRWF1,-16.39139032380814,Ex-post DWA
2022-07-10,GULLRWF1,-3.364601822327529,Ex-post DWA
2022-07-17,GULLRWF1,-37.08251812453972,Ex-post DWA
2022-07-24,GULLRWF1,-1.9172436416992582,Ex-post DWA
2022-07-31,GULLRWF1,11.11333714557881,Ex-post DWA
2022-08-07,GULLRWF1,0.9823262254520415,Ex-post DWA
2022-08-14,GULLRWF1,-10.286118817783432,Ex-post DWA
2022-08-21,GULLRWF1,-3.4803083959641015,Ex-post DWA
2022-08-28,GULLRWF1,-3.2652535611632345,Ex-post DWA
2022-09-04,GULLRWF1,-8.640149633124025,Ex-post DWA
2022-09-11,GULLRWF1,-26.202090362546784,Ex-post DWA
2022-09-18,GULLRWF1,-12.924848932928,Ex-post DWA
2022-09-25,GULLRWF1,-8.540271614785013,Ex-post DWA
2022-10-02,GULLRWF1,-11.339882092047333,Ex-post DWA
2022-10-09,GULLRWF1,-7.131686906264633,Ex-post DWA
2022-10-16,GULLRWF1,-16.31566906948794,Ex-post DWA
2022-10-23,GULLRWF1,-2.173896110783261,Ex-post DWA
2022-10-30,GULLRWF1,-15.357363848496064,Ex-post DWA
2022-11-06,GULLRWF1,38.69474112834895,Ex-post DWA
2022-11-13,GULLRWF1,-1.4222872892270146,Ex-post DWA
2022-11-20,GULLRWF1,-7.678116350027125,Ex-post DWA
2022-11-27,GULLRWF1,-0.2213710301215741,Ex-post DWA
2022-12-04,GULLRWF1,2.742609226344925,Ex-post DWA
2022-12-11,GULLRWF1,-5.855688126258784,Ex-post DWA
2022-12-18,GULLRWF1,-4.430228974866907,Ex-post DWA
2022-12-25,GULLRWF1,-6.0324501398664125,Ex-post DWA
2023-01-01,GULLRWF1,-3.3262072563751417,Ex-post DWA
2023-01-08,GULLRWF1,-4.5751184684653055,Ex-post DWA
2023-01-15,GULLRWF1,-1.407675188186957,Ex-post DWA
2023-01-22,GULLRWF1,-3.2814399736631117,Ex-post DWA
2023-01-29,GULLRWF1,-3.355151983791174,Ex-post DWA
2023-02-05,GULLRWF1,-13.009691895823423,Ex-post DWA
2023-02-12,GULLRWF1,-11.136347567091306,Ex-post DWA
2023-02-19,GULLRWF1,-4.346972390413114,Ex-post DWA
2023-02-26,GULLRWF1,-6.110033085736703,Ex-post DWA
2023-03-05,GULLRWF1,-1.6487612709970279,Ex-post DWA
2023-03-12,GULLRWF1,-3.8492612175748917,Ex-post DWA
2023-03-19,GULLRWF1,3.326513428254003,Ex-post DWA
2023-03-26,GULLRWF1,-4.201090363885015,Ex-post DWA
2023-04-02,GULLRWF1,-3.3885845530672043,Ex-post DWA
2023-04-09,GULLRWF1,-15.816385679652889,Ex-post DWA
2023-04-16,GULLRWF1,-4.731646781619801,Ex-post DWA
2023-04-23,GULLRWF1,-3.479028453983787,Ex-post DWA
2023-04-30,GULLRWF1,5.832629683580947,Ex-post DWA
2023-05-07,GULLRWF1,-1.5315884463916234,Ex-post DWA
2023-05-14,GULLRWF1,-10.28414576996201,Ex-post DWA
2023-05-21,GULLRWF1,-4.453191882484447,Ex-post DWA
2023-05-28,GULLRWF1,-40.24506967460948,Ex-post DWA
2023-06-04,GULLRWF1,19.978421677264322,Ex-post DWA
2023-06-11,GULLRWF1,-1.8601289006313522,Ex-post DWA
2023-06-18,GULLRWF1,-5.046407683958108,Ex-post DWA
2023-06-25,GULLRWF1,-7.374922323799581,Ex-post DWA
2023-07-02,GULLRWF1,-0.9413673688398774,Ex-post DWA
2023-07-09,GULLRWF1,-12.549200159225116,Ex-post DWA
2023-07-16,GULLRWF1,-3.2280699751311204,Ex-post DWA
2023-07-23,GULLRWF1,-3.81250400635048,Ex-post DWA
2023-07-30,GULLRWF1,-12.595390347539421,Ex-post DWA
2023-08-06,GULLRWF1,-7.834789070950791,Ex-post DWA
2023-08-13,GULLRWF1,-7.23731893765833,Ex-post DWA
2023-08-20,GULLRWF1,-10.506471325181536,Ex-post DWA
2023-08-27,GULLRWF1,2.835832401043163,Ex-post DWA
2023-09-03,GULLRWF1,-3.441352330598164,Ex-post DWA
2023-09-10,GULLRWF1,-9.034489376282131,Ex-post DWA
2023-09-17,GULLRWF1,-19.18151898076362,Ex-post DWA
2023-09-24,GULLRWF1,-3.4576429672983906,Ex-post DWA
2023-10-01,GULLRWF1,-13.533781116491646,Ex-post DWA
2023-10-08,GULLRWF1,-1.7832296918434665,Ex-post DWA
2023-10-15,GULLRWF1,-9.036559197741713,Ex-post DWA
2023-10-22,GULLRWF1,-13.01125236044296,Ex-post DWA
2023-10-29,GULLRWF1,-10.328409197922937,Ex-post DWA
2023-11-05,GULLRWF1,-6.918397290715333,Ex-post DWA
2023-11-12,GULLRWF1,-40.18652735396047,Ex-post DWA
2023-11-19,GULLRWF1,-4.78838872116728,Ex-post DWA
2023-11-26,GULLRWF1,-7.896537371168037,Ex-post DWA
2023-12-03,GULLRWF1,-3.69504916219789,Ex-post DWA
2023-12-10,GULLRWF1,-5.218476208587504,Ex-post DWA
2023-12-17,GULLRWF1,-1.9686526051120552,Ex-post DWA
2023-12-24,GULLRWF1,-3.2126184284145864,Ex-post DWA
2023-12-31,GULLRWF1,-2.129133800080748,Ex-post DWA
2024-01-07,GULLRWF1,-2.4066505399804186,Ex-post DWA
2024-01-14,GULLRWF1,-5.8382612962960465,Ex-post DWA
2024-01-21,GULLRWF1,20.432668211521985,Ex-post DWA
2024-01-28,GULLRWF1,-2.8616462671002694,Ex-post DWA
2024-02-04,GULLRWF1,-7.900672193646415,Ex-post DWA
2024-02-11,GULLRWF1,-7.863114791708341,Ex-post DWA
2024-02-18,GULLRWF1,-2.9343545074087274,Ex-post DWA
2024-02-25,GULLRWF1,-4.952791515451594,Ex-post DWA
2024-03-03,GULLRWF1,-70.71342297064608,Ex-post DWA
2024-03-10,GULLRWF1,-1.0939284004222145,Ex-post DWA
2024-03-17,GULLRWF1,-2.870041519120335,Ex-post DWA
2024-03-24,GULLRWF1,-6.142247619305294,Ex-post DWA
2024-03-31,GULLRWF1,-4.974203201834854,Ex-post DWA
2024-04-07,GULLRWF1,-1.523674562325013,Ex-post DWA
2024-04-14,GULLRWF1,-5.075428298949902,Ex-post DWA
2024-04-21,GULLRWF1,-0.6027280732844531,Ex-post DWA
2024-04-28,GULLRWF1,-9.866498753486894,Ex-post DWA
2024-05-05,GULLRWF1,-31.57971451756694,Ex-post DWA
2024-05-12,GULLRWF1,-283.85325170986437,Ex-post DWA
2024-05-19,GULLRWF1,-4.52944728702559,Ex-post DWA
2024-05-26,GULLRWF1,-15.115723407897775,Ex-post DWA
2024-06-02,GULLRWF1,-4.9556439666879015,Ex-post DWA
2024-06-09,GULLRWF1,-1.2820992835394378,Ex-post DWA
2024-06-16,GULLRWF1,-10.428369161829309,Ex-post DWA
2024-06-23,GULLRWF1,-1.6148666007895258,Ex-post DWA
2024-06-30,GULLRWF1,1.8856112431337664,Ex-post DWA
2024-07-07,GULLRWF1,-0.6746485095727905,Ex-post DWA
2024-07-14,GULLRWF1,-11.84184199279926,Ex-post DWA
2024-07-21,GULLRWF1,-0.9649454238232238,Ex-post DWA
2024-07-28,GULLRWF1,-0.9180697113179122,Ex-post DWA
2024-08-04,GULLRWF1,-7.783057102646666,Ex-post DWA
2024-08-11,GULLRWF1,-67.50954858421406,Ex-post DWA
2024-08-18,GULLRWF1,-13.315311602528595,Ex-post DWA
2024-08-25,GULLRWF1,-8.915336624403501,Ex-post DWA
2024-09-01,GULLRWF1,-6.9705015384743305,Ex-post DWA
2024-09-08,GULLRWF1,-4.028870355841207,Ex-post DWA
2024-09-15,GULLRWF1,-15.208957032644726,Ex-post DWA
2024-09-22,GULLRWF1,-6.86456989294247,Ex-post DWA
2024-09-29,GULLRWF1,-0.527590199847964,Ex-post DWA
2024-10-06,GULLRWF1,-20.18199829534528,Ex-post DWA
2024-10-13,GULLRWF1,-11.457665487139145,Ex-post DWA
2024-10-20,GULLRWF1,0.8207699903365437,Ex-post DWA
2024-10-27,GULLRWF1,-6.942991341298907,Ex-post DWA
2024-11-03,GULLRWF1,-3.3947393255107556,Ex-post DWA
2024-11-10,GULLRWF1,104.13105896835509,Ex-post DWA
2024-11-17,GULLRWF1,-9.82460727984585,Ex-post DWA
2024-11-24,GULLRWF1,-22.558259165638304,Ex-post DWA
2024-12-01,GULLRWF1,-74.47609034132503,Ex-post DWA
2024-12-08,GULLRWF1,-57.92261256987216,Ex-post DWA
2024-12-15,GULLRWF1,-26.16252149226537,Ex-post DWA
2024-12-22,GULLRWF1,-8.315883577220205,Ex-post DWA
2024-12-29,GULLRWF1,-12.414967707202106,Ex-post DWA
2025-01-05,GULLRWF1,-3.6324742686651916,Ex-post DWA
2020-01-05,GUNNING1,-80.18818182763297,Ex-post DWA
2020-01-12,GUNNING1,0.4356354492108565,Ex-post DWA
2020-01-19,GUNNING1,0.19232806057775065,Ex-post DWA
2020-01-26,GUNNING1,18.478412821677026,Ex-post DWA
2020-02-02,GUNNING1,-64.19622905742611,Ex-post DWA
2020-02-09,GUNNING1,-0.05416814423845295,Ex-post DWA
2020-02-16,GUNNING1,3.7141792520316272,Ex-post DWA
2020-02-23,GUNNING1,0.5910515018876126,Ex-post DWA
2020-03-01,GUNNING1,0.23410155260715015,Ex-post DWA
2020-03-08,GUNNING1,-0.8949681376714125,Ex-post DWA
2020-03-15,GUNNING1,-0.46140385328772027,Ex-post DWA
2020-03-22,GUNNING1,0.6767025193366649,Ex-post DWA
2020-03-29,GUNNING1,-0.2710789986012685,Ex-post DWA
2020-04-05,GUNNING1,-3.50180916229786,Ex-post DWA
2020-04-12,GUNNING1,-1.2160336787580661,Ex-post DWA
2020-04-19,GUNNING1,0.17062451815007051,Ex-post DWA
2020-04-26,GUNNING1,0.23946295059561606,Ex-post DWA
2020-05-03,GUNNING1,-0.42727191266693865,Ex-post DWA
2020-05-10,GUNNING1,-1.638568067957479,Ex-post DWA
2020-05-17,GUNNING1,1.8556117542315818,Ex-post DWA
2020-05-24,GUNNING1,-1.6882492155142756,Ex-post DWA
2020-05-31,GUNNING1,1.1208010859376998,Ex-post DWA
2020-06-07,GUNNING1,-0.08613079199947293,Ex-post DWA
2020-06-14,GUNNING1,-7.578715401465644,Ex-post DWA
2020-06-21,GUNNING1,1.3324584370011294,Ex-post DWA
2020-06-28,GUNNING1,0.09006929276650766,Ex-post DWA
2020-07-05,GUNNING1,0.19375226730082318,Ex-post DWA
2020-07-12,GUNNING1,0.4656229539798602,Ex-post DWA
2020-07-19,GUNNING1,-5.071298884456141,Ex-post DWA
2020-07-26,GUNNING1,-4.439645941074112,Ex-post DWA
2020-08-02,GUNNING1,0.4546831001993823,Ex-post DWA
2020-08-09,GUNNING1,-0.682310724638171,Ex-post DWA
2020-08-16,GUNNING1,-1.2837352438558227,Ex-post DWA
2020-08-23,GUNNING1,-0.30384171068126165,Ex-post DWA
2020-08-30,GUNNING1,2.462825754804406,Ex-post DWA
2020-09-06,GUNNING1,-0.47246269174691946,Ex-post DWA
2020-09-13,GUNNING1,0.22130833190139043,Ex-post DWA
2020-09-20,GUNNING1,0.7220860416812513,Ex-post DWA
2020-09-27,GUNNING1,-0.5059472306811301,Ex-post DWA
2020-10-04,GUNNING1,-1.2733625478084534,Ex-post DWA
2020-10-11,GUNNING1,-1.7896601637217628,Ex-post DWA
2020-10-18,GUNNING1,0.6847834773249488,Ex-post DWA
2020-10-25,GUNNING1,-11.886021107823666,Ex-post DWA
2020-11-01,GUNNING1,1.6125411136050616,Ex-post DWA
2020-11-08,GUNNING1,-2.728084087056992,Ex-post DWA
2020-11-15,GUNNING1,-1.8791543344919006,Ex-post DWA
2020-11-22,GUNNING1,22.38739059892768,Ex-post DWA
2020-11-29,GUNNING1,-4.0386448532575585,Ex-post DWA
2020-12-06,GUNNING1,4.403190171730081,Ex-post DWA
2020-12-13,GUNNING1,0.48865382034693994,Ex-post DWA
2020-12-20,GUNNING1,-20.79213337148159,Ex-post DWA
2020-12-27,GUNNING1,-0.36895250934319535,Ex-post DWA
2021-01-03,GUNNING1,0.01809843437455072,Ex-post DWA
2021-01-10,GUNNING1,-0.0476724579405996,Ex-post DWA
2021-01-17,GUNNING1,1.7634521540054493,Ex-post DWA
2021-01-24,GUNNING1,-0.8193167272895892,Ex-post DWA
2021-01-31,GUNNING1,-0.5866523439834239,Ex-post DWA
2021-02-07,GUNNING1,-0.016232764131224542,Ex-post DWA
2021-02-14,GUNNING1,-0.3176043747844517,Ex-post DWA
2021-02-21,GUNNING1,0.038733303517012985,Ex-post DWA
2021-02-28,GUNNING1,-0.3150196966892338,Ex-post DWA
2021-03-07,GUNNING1,0.38050529190128657,Ex-post DWA
2021-03-14,GUNNING1,-0.8893680554737173,Ex-post DWA
2021-03-21,GUNNING1,0.31154836342514614,Ex-post DWA
2021-03-28,GUNNING1,-0.4720266925889547,Ex-post DWA
2021-04-04,GUNNING1,-1.5348268349842442,Ex-post DWA
2021-04-11,GUNNING1,-0.5596577495801043,Ex-post DWA
2021-04-18,GUNNING1,-2.9023706313869937,Ex-post DWA
2021-04-25,GUNNING1,-1.1899762753814827,Ex-post DWA
2021-05-02,GUNNING1,-6.805641212676868,Ex-post DWA
2021-05-09,GUNNING1,0.5550721166271657,Ex-post DWA
2021-05-16,GUNNING1,2.79909258664771,Ex-post DWA
2021-05-23,GUNNING1,-3.0512545306061156,Ex-post DWA
2021-05-30,GUNNING1,-14.667690461594859,Ex-post DWA
2021-06-06,GUNNING1,-1.928929632094082,Ex-post DWA
2021-06-13,GUNNING1,-21.21109695015275,Ex-post DWA
2021-06-20,GUNNING1,-6.2620781234996485,Ex-post DWA
2021-06-27,GUNNING1,-4.371212943164096,Ex-post DWA
2021-07-04,GUNNING1,-2.0067653508453986,Ex-post DWA
2021-07-11,GUNNING1,-35.052616565397955,Ex-post DWA
2021-07-18,GUNNING1,7.9910860557195065,Ex-post DWA
2021-07-25,GUNNING1,-22.141435129118946,Ex-post DWA
2021-08-01,GUNNING1,-0.42517027887922865,Ex-post DWA
2021-08-08,GUNNING1,3.4774286833131214,Ex-post DWA
2021-08-15,GUNNING1,-2.1849952718212435,Ex-post DWA
2021-08-22,GUNNING1,-6.5566550051289525,Ex-post DWA
2021-08-29,GUNNING1,-1.5786994981592528,Ex-post DWA
2021-09-05,GUNNING1,1.5103980590164028,Ex-post DWA
2021-09-12,GUNNING1,-3.116841631708617,Ex-post DWA
2021-09-19,GUNNING1,-2.408779958695071,Ex-post DWA
2021-09-26,GUNNING1,-3.473617896119201,Ex-post DWA
2021-10-03,GUNNING1,-6.421296946331061,Ex-post DWA
2021-10-10,GUNNING1,-1.6232974557199071,Ex-post DWA
2021-10-17,GUNNING1,-2.01120402820235,Ex-post DWA
2021-10-24,GUNNING1,-3.3857795201586924,Ex-post DWA
2021-10-31,GUNNING1,4.097061747158747,Ex-post DWA
2021-11-07,GUNNING1,-0.5269750595464728,Ex-post DWA
2021-11-14,GUNNING1,-3.0006546487026924,Ex-post DWA
2021-11-21,GUNNING1,-0.44408347659445724,Ex-post DWA
2021-11-28,GUNNING1,-5.801817549001058,Ex-post DWA
2021-12-05,GUNNING1,-5.464156457699666,Ex-post DWA
2021-12-12,GUNNING1,-0.8050323767718481,Ex-post DWA
2021-12-19,GUNNING1,-2.141823526669171,Ex-post DWA
2021-12-26,GUNNING1,1.595042879762829,Ex-post DWA
2022-01-02,GUNNING1,-1.1553625599832742,Ex-post DWA
2022-01-09,GUNNING1,-0.577111402121929,Ex-post DWA
2022-01-16,GUNNING1,-0.37826224603298897,Ex-post DWA
2022-01-23,GUNNING1,-1.621939784099638,Ex-post DWA
2022-01-30,GUNNING1,1.8643372339555953,Ex-post DWA
2022-02-06,GUNNING1,-0.42069515154195614,Ex-post DWA
2022-02-13,GUNNING1,0.8483961251419743,Ex-post DWA
2022-02-20,GUNNING1,-5.365899441656225,Ex-post DWA
2022-02-27,GUNNING1,-3.1436524588279298,Ex-post DWA
2022-03-06,GUNNING1,-1.099669021376144,Ex-post DWA
2022-03-13,GUNNING1,1.793331365148532,Ex-post DWA
2022-03-20,GUNNING1,-0.5518998511804085,Ex-post DWA
2022-03-27,GUNNING1,0.6681052499015152,Ex-post DWA
2022-04-03,GUNNING1,1.7259410264702524,Ex-post DWA
2022-04-10,GUNNING1,6.9495484577685716,Ex-post DWA
2022-04-17,GUNNING1,12.509756145522658,Ex-post DWA
2022-04-24,GUNNING1,3.836681948684344,Ex-post DWA
2022-05-01,GUNNING1,7.686666929633134,Ex-post DWA
2022-05-08,GUNNING1,6.988177833315376,Ex-post DWA
2022-05-15,GUNNING1,-11.753790552197813,Ex-post DWA
2022-05-22,GUNNING1,-8.111146845819178,Ex-post DWA
2022-05-29,GUNNING1,1.3961499688679737,Ex-post DWA
2022-06-05,GUNNING1,-9.522227346254056,Ex-post DWA
2022-06-12,GUNNING1,-1.641426406631183,Ex-post DWA
2022-06-19,GUNNING1,39.64191873446504,Ex-post DWA
2022-06-26,GUNNING1,0.3974820835145465,Ex-post DWA
2022-07-03,GUNNING1,-13.730646751522556,Ex-post DWA
2022-07-10,GUNNING1,-2.2849524810782214,Ex-post DWA
2022-07-17,GUNNING1,-35.6602224707612,Ex-post DWA
2022-07-24,GUNNING1,2.8849278054502747,Ex-post DWA
2022-07-31,GUNNING1,10.30624437574491,Ex-post DWA
2022-08-07,GUNNING1,1.2533330366074864,Ex-post DWA
2022-08-14,GUNNING1,-7.132203846689379,Ex-post DWA
2022-08-21,GUNNING1,-4.903904631600824,Ex-post DWA
2022-08-28,GUNNING1,-3.8883021340110133,Ex-post DWA
2022-09-04,GUNNING1,-3.3282059388822915,Ex-post DWA
2022-09-11,GUNNING1,-6.621973677386677,Ex-post DWA
2022-09-18,GUNNING1,-7.651821880849269,Ex-post DWA
2022-09-25,GUNNING1,-1.9415923226285656,Ex-post DWA
2022-10-02,GUNNING1,-6.8073059223399355,Ex-post DWA
2022-10-09,GUNNING1,-9.904867184930026,Ex-post DWA
2022-10-16,GUNNING1,-37.86559406543495,Ex-post DWA
2022-10-23,GUNNING1,-4.6983417247320745,Ex-post DWA
2022-10-30,GUNNING1,241.39934651226827,Ex-post DWA
2022-11-06,GUNNING1,341.60696927740463,Ex-post DWA
2022-11-13,GUNNING1,6.031052062913673,Ex-post DWA
2022-11-20,GUNNING1,-1.408291733160496,Ex-post DWA
2022-11-27,GUNNING1,8.660408816440523,Ex-post DWA
2022-12-04,GUNNING1,5.607431756314099,Ex-post DWA
2022-12-11,GUNNING1,-3.882896262231398,Ex-post DWA
2022-12-18,GUNNING1,-5.150023929044551,Ex-post DWA
2022-12-25,GUNNING1,-1.4831295372547686,Ex-post DWA
2023-01-01,GUNNING1,3.0861471327176844,Ex-post DWA
2023-01-08,GUNNING1,-2.3449978640373246,Ex-post DWA
2023-01-15,GUNNING1,4.837674356241109,Ex-post DWA
2023-01-22,GUNNING1,-3.106039472433878,Ex-post DWA
2023-01-29,GUNNING1,0.5897721886033338,Ex-post DWA
2023-02-05,GUNNING1,-2.91322226975484,Ex-post DWA
2023-02-12,GUNNING1,-3.3134499069581835,Ex-post DWA
2023-02-19,GUNNING1,-1.1450550648950326,Ex-post DWA
2023-02-26,GUNNING1,-5.494621798950476,Ex-post DWA
2023-03-05,GUNNING1,0.2186552270733415,Ex-post DWA
2023-03-12,GUNNING1,-3.5086510633434784,Ex-post DWA
2023-03-19,GUNNING1,-67.04018443154558,Ex-post DWA
2023-03-26,GUNNING1,-1.9096672099030911,Ex-post DWA
2023-04-02,GUNNING1,0.8948466793878254,Ex-post DWA
2023-04-09,GUNNING1,3.3745934032695004,Ex-post DWA
2023-04-16,GUNNING1,-4.970747627716605,Ex-post DWA
2023-04-23,GUNNING1,-1.5210956459794716,Ex-post DWA
2023-04-30,GUNNING1,0.2569684502617804,Ex-post DWA
2023-05-07,GUNNING1,1.4619552634295019,Ex-post DWA
2023-05-14,GUNNING1,-3.7558533988481884,Ex-post DWA
2023-05-21,GUNNING1,9.823207192718797,Ex-post DWA
2023-05-28,GUNNING1,24.70311040363339,Ex-post DWA
2023-06-04,GUNNING1,18.02760172553505,Ex-post DWA
2023-06-11,GUNNING1,-0.22027700833970698,Ex-post DWA
2023-06-18,GUNNING1,0.623617563540833,Ex-post DWA
2023-06-25,GUNNING1,11.715293826936971,Ex-post DWA
2023-07-02,GUNNING1,-2.2226855369873704,Ex-post DWA
2023-07-09,GUNNING1,-11.405863986673417,Ex-post DWA
2023-07-16,GUNNING1,-1.8095054020218129,Ex-post DWA
2023-07-23,GUNNING1,-3.396134329460324,Ex-post DWA
2023-07-30,GUNNING1,-7.199331320412512,Ex-post DWA
2023-08-06,GUNNING1,-3.1610599459133226,Ex-post DWA
2023-08-13,GUNNING1,-3.4101175105505774,Ex-post DWA
2023-08-20,GUNNING1,3.325503703711945,Ex-post DWA
2023-08-27,GUNNING1,2.5757901380095376,Ex-post DWA
2023-09-03,GUNNING1,-3.8278474517995704,Ex-post DWA
2023-09-10,GUNNING1,-12.10291448768998,Ex-post DWA
2023-09-17,GUNNING1,-18.322598380456213,Ex-post DWA
2023-09-24,GUNNING1,-1.9142439560292246,Ex-post DWA
2023-10-01,GUNNING1,-7.643701223638644,Ex-post DWA
2023-10-08,GUNNING1,-2.7119659726069614,Ex-post DWA
2023-10-15,GUNNING1,-7.125786032356409,Ex-post DWA
2023-10-22,GUNNING1,-7.741888055547584,Ex-post DWA
2023-10-29,GUNNING1,5.1626312882355165,Ex-post DWA
2023-11-05,GUNNING1,-2.013096522338465,Ex-post DWA
2023-11-12,GUNNING1,-10.33533630411884,Ex-post DWA
2023-11-19,GUNNING1,-9.594566519644445,Ex-post DWA
2023-11-26,GUNNING1,-5.079935090139259,Ex-post DWA
2023-12-03,GUNNING1,4.760538932806952,Ex-post DWA
2023-12-10,GUNNING1,-2.0076069008510444,Ex-post DWA
2023-12-17,GUNNING1,2.200592657598065,Ex-post DWA
2023-12-24,GUNNING1,-3.4509445153468974,Ex-post DWA
2023-12-31,GUNNING1,-2.620627124173197,Ex-post DWA
2024-01-07,GUNNING1,-0.7667814297122746,Ex-post DWA
2024-01-14,GUNNING1,-1.5816600386535669,Ex-post DWA
2024-01-21,GUNNING1,-18.13550528168139,Ex-post DWA
2024-01-28,GUNNING1,-0.8399965475803128,Ex-post DWA
2024-02-04,GUNNING1,-7.787570100292868,Ex-post DWA
2024-02-11,GUNNING1,-9.172349172076942,Ex-post DWA
2024-02-18,GUNNING1,-2.278390915651798,Ex-post DWA
2024-02-25,GUNNING1,-0.4715220514480052,Ex-post DWA
2024-03-03,GUNNING1,-17.848364108441814,Ex-post DWA
2024-03-10,GUNNING1,1.0516565956475574,Ex-post DWA
2024-03-17,GUNNING1,-0.2097615421116643,Ex-post DWA
2024-03-24,GUNNING1,-3.588938910326533,Ex-post DWA
2024-03-31,GUNNING1,-2.5675317564026727,Ex-post DWA
2024-04-07,GUNNING1,0.2144364438869104,Ex-post DWA
2024-04-14,GUNNING1,-2.1344429004940793,Ex-post DWA
2024-04-21,GUNNING1,1.6960823983521323,Ex-post DWA
2024-04-28,GUNNING1,-6.618675441747627,Ex-post DWA
2024-05-05,GUNNING1,-11.420780793242841,Ex-post DWA
2024-05-12,GUNNING1,-184.6916532658961,Ex-post DWA
2024-05-19,GUNNING1,-0.5101661600096179,Ex-post DWA
2024-05-26,GUNNING1,31.10135251940173,Ex-post DWA
2024-06-02,GUNNING1,-5.717026212649657,Ex-post DWA
2024-06-09,GUNNING1,0.6997806843394869,Ex-post DWA
2024-06-16,GUNNING1,-3.744346640442359,Ex-post DWA
2024-06-23,GUNNING1,-0.35440660905567256,Ex-post DWA
2024-06-30,GUNNING1,3.100134761214747,Ex-post DWA
2024-07-07,GUNNING1,-0.06386101796199739,Ex-post DWA
2024-07-14,GUNNING1,-9.188310541266105,Ex-post DWA
2024-07-21,GUNNING1,-2.063014594821013,Ex-post DWA
2024-07-28,GUNNING1,-2.9677737424114667,Ex-post DWA
2024-08-04,GUNNING1,-3.1841782096605016,Ex-post DWA
2024-08-11,GUNNING1,-105.55702587527043,Ex-post DWA
2024-08-18,GUNNING1,1.3863843793986206,Ex-post DWA
2024-08-25,GUNNING1,-5.341674945849348,Ex-post DWA
2024-09-01,GUNNING1,-4.68629683372853,Ex-post DWA
2024-09-08,GUNNING1,1.647172223937801,Ex-post DWA
2024-09-15,GUNNING1,-10.156460371485714,Ex-post DWA
2024-09-22,GUNNING1,-7.460143783509324,Ex-post DWA
2024-09-29,GUNNING1,-0.6992675485130206,Ex-post DWA
2024-10-06,GUNNING1,-11.465117341205456,Ex-post DWA
2024-10-13,GUNNING1,-3.183269968744341,Ex-post DWA
2024-10-20,GUNNING1,-7.777265826510003,Ex-post DWA
2024-10-27,GUNNING1,1.9453119285347071,Ex-post DWA
2024-11-03,GUNNING1,-0.8691147531365075,Ex-post DWA
2024-11-10,GUNNING1,-201.68162981531003,Ex-post DWA
2024-11-17,GUNNING1,9.493943465649522,Ex-post DWA
2024-11-24,GUNNING1,-1.7550682647851659,Ex-post DWA
2024-12-01,GUNNING1,-48.703726189591464,Ex-post DWA
2024-12-08,GUNNING1,-47.409547765388766,Ex-post DWA
2024-12-15,GUNNING1,11.181443207834832,Ex-post DWA
2024-12-22,GUNNING1,-1.8261044663775863,Ex-post DWA
2024-12-29,GUNNING1,-7.321162052416096,Ex-post DWA
2025-01-05,GUNNING1,-3.750274652815037,Ex-post DWA
2020-01-05,SAPHWF1,-158.37357840626558,Ex-post DWA
2020-01-12,SAPHWF1,-1.9618883332335315,Ex-post DWA
2020-01-19,SAPHWF1,-0.2825192501319904,Ex-post DWA
2020-01-26,SAPHWF1,9.950952173696635,Ex-post DWA
2020-02-02,SAPHWF1,-12.461379725359308,Ex-post DWA
2020-02-09,SAPHWF1,1.3506788529228544,Ex-post DWA
2020-02-16,SAPHWF1,-2.787896392073975,Ex-post DWA
2020-02-23,SAPHWF1,-2.710016087755733,Ex-post DWA
2020-03-01,SAPHWF1,1.0472175919314708,Ex-post DWA
2020-03-08,SAPHWF1,-2.30001215798665,Ex-post DWA
2020-03-15,SAPHWF1,0.812280188155377,Ex-post DWA
2020-03-22,SAPHWF1,-0.5039565250649076,Ex-post DWA
2020-03-29,SAPHWF1,0.5284027164743108,Ex-post DWA
2020-04-05,SAPHWF1,2.8811018526255125,Ex-post DWA
2020-04-12,SAPHWF1,1.8146276802512702,Ex-post DWA
2020-04-19,SAPHWF1,-0.6427058414432238,Ex-post DWA
2020-04-26,SAPHWF1,-1.0911895135983798,Ex-post DWA
2020-05-03,SAPHWF1,-0.5918061787660278,Ex-post DWA
2020-05-10,SAPHWF1,2.142670966721674,Ex-post DWA
2020-05-17,SAPHWF1,-0.3177775385309687,Ex-post DWA
2020-05-24,SAPHWF1,0.863998836521084,Ex-post DWA
2020-05-31,SAPHWF1,1.9039837661697163,Ex-post DWA
2020-06-07,SAPHWF1,0.03639521935495793,Ex-post DWA
2020-06-14,SAPHWF1,3.371420882950801,Ex-post DWA
2020-06-21,SAPHWF1,2.415278244606192,Ex-post DWA
2020-06-28,SAPHWF1,-0.1509489667019679,Ex-post DWA
2020-07-05,SAPHWF1,-0.3066107958397666,Ex-post DWA
2020-07-12,SAPHWF1,-0.9170434002148866,Ex-post DWA
2020-07-19,SAPHWF1,6.25760953458267,Ex-post DWA
2020-07-26,SAPHWF1,0.385282517792497,Ex-post DWA
2020-08-02,SAPHWF1,0.8881959260397991,Ex-post DWA
2020-08-09,SAPHWF1,2.5192241904791075,Ex-post DWA
2020-08-16,SAPHWF1,1.2965900342840229,Ex-post DWA
2020-08-23,SAPHWF1,1.0172142560422586,Ex-post DWA
2020-08-30,SAPHWF1,-1.0325659002446343,Ex-post DWA
2020-09-06,SAPHWF1,-0.6033866408619986,Ex-post DWA
2020-09-13,SAPHWF1,0.7633059653041698,Ex-post DWA
2020-09-20,SAPHWF1,0.22594973951797215,Ex-post DWA
2020-09-27,SAPHWF1,-0.14031591895130902,Ex-post DWA
2020-10-04,SAPHWF1,1.6226777590455228,Ex-post DWA
2020-10-11,SAPHWF1,-1.9134765484192044,Ex-post DWA
2020-10-18,SAPHWF1,1.098517929300911,Ex-post DWA
2020-10-25,SAPHWF1,3.278295846812668,Ex-post DWA
2020-11-01,SAPHWF1,-0.25743442882006207,Ex-post DWA
2020-11-08,SAPHWF1,0.4180041770805616,Ex-post DWA
2020-11-15,SAPHWF1,1.1018484312706391,Ex-post DWA
2020-11-22,SAPHWF1,-23.16075393432594,Ex-post DWA
2020-11-29,SAPHWF1,-1.4215907030287553,Ex-post DWA
2020-12-06,SAPHWF1,-2.1127629083656743,Ex-post DWA
2020-12-13,SAPHWF1,-1.7025160736472955,Ex-post DWA
2020-12-20,SAPHWF1,-21.07749137527238,Ex-post DWA
2020-12-27,SAPHWF1,1.1930212064650405,Ex-post DWA
2021-01-03,SAPHWF1,0.19381026468437312,Ex-post DWA
2021-01-10,SAPHWF1,0.17643312178378068,Ex-post DWA
2021-01-17,SAPHWF1,-0.19878765897009032,Ex-post DWA
2021-01-24,SAPHWF1,0.6100517779243333,Ex-post DWA
2021-01-31,SAPHWF1,-0.6527796890796225,Ex-post DWA
2021-02-07,SAPHWF1,0.03683140910027305,Ex-post DWA
2021-02-14,SAPHWF1,0.3058209438174515,Ex-post DWA
2021-02-21,SAPHWF1,0.3378587496882943,Ex-post DWA
2021-02-28,SAPHWF1,-0.07877368790388317,Ex-post DWA
2021-03-07,SAPHWF1,-0.08219111269423252,Ex-post DWA
2021-03-14,SAPHWF1,1.3240697042903022,Ex-post DWA
2021-03-21,SAPHWF1,-0.42050786588626465,Ex-post DWA
2021-03-28,SAPHWF1,4.204105519226189,Ex-post DWA
2021-04-04,SAPHWF1,-1.5515634981829223,Ex-post DWA
2021-04-11,SAPHWF1,2.4347003975894594,Ex-post DWA
2021-04-18,SAPHWF1,6.007503046308194,Ex-post DWA
2021-04-25,SAPHWF1,6.709621823973308,Ex-post DWA
2021-05-02,SAPHWF1,3.293181387893725,Ex-post DWA
2021-05-09,SAPHWF1,0.2376251719017688,Ex-post DWA
2021-05-16,SAPHWF1,-0.5091637777615432,Ex-post DWA
2021-05-23,SAPHWF1,-5.087790627613316,Ex-post DWA
2021-05-30,SAPHWF1,-7.474412301117809,Ex-post DWA
2021-06-06,SAPHWF1,23.77025463457872,Ex-post DWA
2021-06-13,SAPHWF1,105.06605696335001,Ex-post DWA
2021-06-20,SAPHWF1,-9.619229655133395,Ex-post DWA
2021-06-27,SAPHWF1,3.5399917559497993,Ex-post DWA
2021-07-04,SAPHWF1,-0.4340883860133431,Ex-post DWA
2021-07-11,SAPHWF1,25.067372371573754,Ex-post DWA
2021-07-18,SAPHWF1,1.3914912534728643,Ex-post DWA
2021-07-25,SAPHWF1,19.059084739925993,Ex-post DWA
2021-08-01,SAPHWF1,1.2860920611703506,Ex-post DWA
2021-08-08,SAPHWF1,1.843345895328234,Ex-post DWA
2021-08-15,SAPHWF1,3.935597369443151,Ex-post DWA
2021-08-22,SAPHWF1,17.050207151654526,Ex-post DWA
2021-08-29,SAPHWF1,3.2750688753095147,Ex-post DWA
2021-09-05,SAPHWF1,-1.3510697027368295,Ex-post DWA
2021-09-12,SAPHWF1,6.023744788379663,Ex-post DWA
2021-09-19,SAPHWF1,6.350267023586376,Ex-post DWA
2021-09-26,SAPHWF1,5.379122900884852,Ex-post DWA
2021-10-03,SAPHWF1,4.183615702828355,Ex-post DWA
2021-10-10,SAPHWF1,3.315332677960967,Ex-post DWA
2021-10-17,SAPHWF1,-0.3949795754394998,Ex-post DWA
2021-10-24,SAPHWF1,0.6836845510348724,Ex-post DWA
2021-10-31,SAPHWF1,-5.058019499045301,Ex-post DWA
2021-11-07,SAPHWF1,0.5210343579868066,Ex-post DWA
2021-11-14,SAPHWF1,3.007619396962724,Ex-post DWA
2021-11-21,SAPHWF1,-2.4071054381678536,Ex-post DWA
2021-11-28,SAPHWF1,-0.8366084327565204,Ex-post DWA
2021-12-05,SAPHWF1,0.7678873393469559,Ex-post DWA
2021-12-12,SAPHWF1,0.23395436479327714,Ex-post DWA
2021-12-19,SAPHWF1,8.428007198903146,Ex-post DWA
2021-12-26,SAPHWF1,0.3839761205006482,Ex-post DWA
2022-01-02,SAPHWF1,1.8095077879654582,Ex-post DWA
2022-01-09,SAPHWF1,2.0295602810311237,Ex-post DWA
2022-01-16,SAPHWF1,1.76450778552217,Ex-post DWA
2022-01-23,SAPHWF1,2.454488511381129,Ex-post DWA
2022-01-30,SAPHWF1,0.13631783138733056,Ex-post DWA
2022-02-06,SAPHWF1,-4.3574902361729215,Ex-post DWA
2022-02-13,SAPHWF1,0.07178407297824663,Ex-post DWA
2022-02-20,SAPHWF1,1.6408226781239819,Ex-post DWA
2022-02-27,SAPHWF1,-4.557411502435855,Ex-post DWA
2022-03-06,SAPHWF1,0.15416890818382,Ex-post DWA
2022-03-13,SAPHWF1,-7.775410159307484,Ex-post DWA
2022-03-20,SAPHWF1,2.199651893900608,Ex-post DWA
2022-03-27,SAPHWF1,-0.7605429107339035,Ex-post DWA
2022-04-03,SAPHWF1,-8.000956518836631,Ex-post DWA
2022-04-10,SAPHWF1,-7.926838002965269,Ex-post DWA
2022-04-17,SAPHWF1,-11.141407153281506,Ex-post DWA
2022-04-24,SAPHWF1,-0.6612289574274257,Ex-post DWA
2022-05-01,SAPHWF1,1.8363369840002122,Ex-post DWA
2022-05-08,SAPHWF1,-10.502609422673572,Ex-post DWA
2022-05-15,SAPHWF1,6.394238256688823,Ex-post DWA
2022-05-22,SAPHWF1,22.417860355232364,Ex-post DWA
2022-05-29,SAPHWF1,-1.0146922385681023,Ex-post DWA
2022-06-05,SAPHWF1,40.84239474693766,Ex-post DWA
2022-06-12,SAPHWF1,19.515658021420677,Ex-post DWA
2022-06-19,SAPHWF1,-29.4344864833202,Ex-post DWA
2022-06-26,SAPHWF1,-4.491216986507993,Ex-post DWA
2022-07-03,SAPHWF1,58.78505440355332,Ex-post DWA
2022-07-10,SAPHWF1,10.720524219728532,Ex-post DWA
2022-07-17,SAPHWF1,63.990434781669705,Ex-post DWA
2022-07-24,SAPHWF1,9.22439363944676,Ex-post DWA
2022-07-31,SAPHWF1,-5.914049095692519,Ex-post DWA
2022-08-07,SAPHWF1,7.021668808155809,Ex-post DWA
2022-08-14,SAPHWF1,7.187967025322507,Ex-post DWA
2022-08-21,SAPHWF1,21.396877887177595,Ex-post DWA
2022-08-28,SAPHWF1,5.667017698246269,Ex-post DWA
2022-09-04,SAPHWF1,3.856514799816267,Ex-post DWA
2022-09-11,SAPHWF1,8.850729333286125,Ex-post DWA
2022-09-18,SAPHWF1,22.022710625639064,Ex-post DWA
2022-09-25,SAPHWF1,19.039276347814678,Ex-post DWA
2022-10-02,SAPHWF1,4.6103239983516175,Ex-post DWA
2022-10-09,SAPHWF1,7.888243252185646,Ex-post DWA
2022-10-16,SAPHWF1,11.81053268264543,Ex-post DWA
2022-10-23,SAPHWF1,-1.5335158733916785,Ex-post DWA
2022-10-30,SAPHWF1,8.50955513494651,Ex-post DWA
2022-11-06,SAPHWF1,-6.275781510395319,Ex-post DWA
2022-11-13,SAPHWF1,-1.3160758038237788,Ex-post DWA
2022-11-20,SAPHWF1,-0.3649529076980542,Ex-post DWA
2022-11-27,SAPHWF1,-5.964144513232867,Ex-post DWA
2022-12-04,SAPHWF1,-4.300882099431888,Ex-post DWA
2022-12-11,SAPHWF1,7.386944041036699,Ex-post DWA
2022-12-18,SAPHWF1,11.312197536577955,Ex-post DWA
2022-12-25,SAPHWF1,6.4391431948252915,Ex-post DWA
2023-01-01,SAPHWF1,0.6659541189954865,Ex-post DWA
2023-01-08,SAPHWF1,9.193948976527707,Ex-post DWA
2023-01-15,SAPHWF1,3.8400663338657637,Ex-post DWA
2023-01-22,SAPHWF1,3.2631569864837644,Ex-post DWA
2023-01-29,SAPHWF1,3.271819987375153,Ex-post DWA
2023-02-05,SAPHWF1,-0.12044404772998973,Ex-post DWA
2023-02-12,SAPHWF1,9.005366885835684,Ex-post DWA
2023-02-19,SAPHWF1,1.7391817778407557,Ex-post DWA
2023-02-26,SAPHWF1,5.360582366935233,Ex-post DWA
2023-03-05,SAPHWF1,-3.5271424128544027,Ex-post DWA
2023-03-12,SAPHWF1,2.8040860425413996,Ex-post DWA
2023-03-19,SAPHWF1,-8.531669410409307,Ex-post DWA
2023-03-26,SAPHWF1,4.4364778936237315,Ex-post DWA
2023-04-02,SAPHWF1,2.9753780567989168,Ex-post DWA
2023-04-09,SAPHWF1,4.8541385954118255,Ex-post DWA
2023-04-16,SAPHWF1,3.3231756271314055,Ex-post DWA
2023-04-23,SAPHWF1,4.1968656979114485,Ex-post DWA
2023-04-30,SAPHWF1,-7.269051004292706,Ex-post DWA
2023-05-07,SAPHWF1,9.86538509596329,Ex-post DWA
2023-05-14,SAPHWF1,9.616677447742347,Ex-post DWA
2023-05-21,SAPHWF1,-11.70534974409992,Ex-post DWA
2023-05-28,SAPHWF1,-24.896421038305107,Ex-post DWA
2023-06-04,SAPHWF1,-0.5546671051488374,Ex-post DWA
2023-06-11,SAPHWF1,1.4570952091331861,Ex-post DWA
2023-06-18,SAPHWF1,4.890175039414274,Ex-post DWA
2023-06-25,SAPHWF1,5.698081879555332,Ex-post DWA
2023-07-02,SAPHWF1,9.8022912514419,Ex-post DWA
2023-07-09,SAPHWF1,28.37639142020872,Ex-post DWA
2023-07-16,SAPHWF1,16.4658691633974,Ex-post DWA
2023-07-23,SAPHWF1,6.767281505597552,Ex-post DWA
2023-07-30,SAPHWF1,21.08537781622914,Ex-post DWA
2023-08-06,SAPHWF1,14.399941855042087,Ex-post DWA
2023-08-13,SAPHWF1,7.667715561677284,Ex-post DWA
2023-08-20,SAPHWF1,4.457788346482815,Ex-post DWA
2023-08-27,SAPHWF1,-2.642483831089635,Ex-post DWA
2023-09-03,SAPHWF1,2.8198164090430566,Ex-post DWA
2023-09-10,SAPHWF1,5.834782371521271,Ex-post DWA
2023-09-17,SAPHWF1,32.704472058190476,Ex-post DWA
2023-09-24,SAPHWF1,3.6878423863666114,Ex-post DWA
2023-10-01,SAPHWF1,22.12548619351334,Ex-post DWA
2023-10-08,SAPHWF1,6.0059949460281175,Ex-post DWA
2023-10-15,SAPHWF1,18.924902116254312,Ex-post DWA
2023-10-22,SAPHWF1,13.388623218696594,Ex-post DWA
2023-10-29,SAPHWF1,-3.037132792524247,Ex-post DWA
2023-11-05,SAPHWF1,5.800691170882693,Ex-post DWA
2023-11-12,SAPHWF1,5.558780016106269,Ex-post DWA
2023-11-19,SAPHWF1,-4.137661924798266,Ex-post DWA
2023-11-26,SAPHWF1,8.494430114060421,Ex-post DWA
2023-12-03,SAPHWF1,-1.5739842662474572,Ex-post DWA
2023-12-10,SAPHWF1,8.754944601066256,Ex-post DWA
2023-12-17,SAPHWF1,2.5028305886820164,Ex-post DWA
2023-12-24,SAPHWF1,5.241756402227033,Ex-post DWA
2023-12-31,SAPHWF1,2.637384914708896,Ex-post DWA
2024-01-07,SAPHWF1,1.7694478260484132,Ex-post DWA
2024-01-14,SAPHWF1,10.193257777417244,Ex-post DWA
2024-01-21,SAPHWF1,-44.05263138734783,Ex-post DWA
2024-01-28,SAPHWF1,2.4670100169770848,Ex-post DWA
2024-02-04,SAPHWF1,-0.27824474868457116,Ex-post DWA
2024-02-11,SAPHWF1,-0.8453953262416931,Ex-post DWA
2024-02-18,SAPHWF1,3.7059801061716797,Ex-post DWA
2024-02-25,SAPHWF1,-10.65641957452847,Ex-post DWA
2024-03-03,SAPHWF1,32.33246771917254,Ex-post DWA
2024-03-10,SAPHWF1,-0.5930234652240358,Ex-post DWA
2024-03-17,SAPHWF1,2.8833538907025797,Ex-post DWA
2024-03-24,SAPHWF1,1.5417842508136488,Ex-post DWA
2024-03-31,SAPHWF1,4.153942732538624,Ex-post DWA
2024-04-07,SAPHWF1,1.8633119201147395,Ex-post DWA
2024-04-14,SAPHWF1,-1.664348846298239,Ex-post DWA
2024-04-21,SAPHWF1,-5.070501348111705,Ex-post DWA
2024-04-28,SAPHWF1,10.218959323336506,Ex-post DWA
2024-05-05,SAPHWF1,34.321893774621174,Ex-post DWA
2024-05-12,SAPHWF1,222.63409188822345,Ex-post DWA
2024-05-19,SAPHWF1,27.7175184020671,Ex-post DWA
2024-05-26,SAPHWF1,0.5948062830121899,Ex-post DWA
2024-06-02,SAPHWF1,9.21075839274495,Ex-post DWA
2024-06-09,SAPHWF1,5.901321101124282,Ex-post DWA
2024-06-16,SAPHWF1,11.19715001440963,Ex-post DWA
2024-06-23,SAPHWF1,-2.6622597662735643,Ex-post DWA
2024-06-30,SAPHWF1,-8.027154388227842,Ex-post DWA
2024-07-07,SAPHWF1,-6.716707598585316,Ex-post DWA
2024-07-14,SAPHWF1,12.994222154235445,Ex-post DWA
2024-07-21,SAPHWF1,4.872716041872195,Ex-post DWA
2024-07-28,SAPHWF1,7.619034168817592,Ex-post DWA
2024-08-04,SAPHWF1,79.63832596432746,Ex-post DWA
2024-08-11,SAPHWF1,72.93825773821152,Ex-post DWA
2024-08-18,SAPHWF1,7.028718838463078,Ex-post DWA
2024-08-25,SAPHWF1,16.840780022307598,Ex-post DWA
2024-09-01,SAPHWF1,-1.5572894710307494,Ex-post DWA
2024-09-08,SAPHWF1,-1.2247798502506484,Ex-post DWA
2024-09-15,SAPHWF1,15.61778987681042,Ex-post DWA
2024-09-22,SAPHWF1,0.6544817665075655,Ex-post DWA
2024-09-29,SAPHWF1,-8.468583649015628,Ex-post DWA
2024-10-06,SAPHWF1,12.627433320160385,Ex-post DWA
2024-10-13,SAPHWF1,7.209653015846229,Ex-post DWA
2024-10-20,SAPHWF1,-4.920260556000542,Ex-post DWA
2024-10-27,SAPHWF1,20.854556103335582,Ex-post DWA
2024-11-03,SAPHWF1,16.685427190764663,Ex-post DWA
2024-11-10,SAPHWF1,155.4599931711424,Ex-post DWA
2024-11-17,SAPHWF1,5.834817024060399,Ex-post DWA
2024-11-24,SAPHWF1,-0.4310212317348885,Ex-post DWA
2024-12-01,SAPHWF1,-32.794937180700515,Ex-post DWA
2024-12-08,SAPHWF1,-21.475236491670245,Ex-post DWA
2024-12-15,SAPHWF1,32.429626217165975,Ex-post DWA
2024-12-22,SAPHWF1,10.234485541717419,Ex-post DWA
2024-12-29,SAPHWF1,18.368786352265243,Ex-post DWA
2025-01-05,SAPHWF1,6.850524197352726,Ex-post DWA
2020-01-05,STWF1,-191.05174826066536,Ex-post DWA
2020-01-12,STWF1,-0.6327567807262966,Ex-post DWA
2020-01-19,STWF1,-0.3762603157961948,Ex-post DWA
2020-01-26,STWF1,-9.242136344862857,Ex-post DWA
2020-02-02,STWF1,64.75063509991412,Ex-post DWA
2020-02-09,STWF1,-1.9049333298495483,Ex-post DWA
2020-02-16,STWF1,-3.370575668701214,Ex-post DWA
2020-02-23,STWF1,-0.42897762291480745,Ex-post DWA
2020-03-01,STWF1,-2.9758819296548893,Ex-post DWA
2020-03-08,STWF1,-0.6548488531446495,Ex-post DWA
2020-03-15,STWF1,-1.286399027071738,Ex-post DWA
2020-03-22,STWF1,-1.6896257681772937,Ex-post DWA
2020-03-29,STWF1,-1.4595594412218773,Ex-post DWA
2020-04-05,STWF1,2.32422476277803,Ex-post DWA
2020-04-12,STWF1,-1.0960916490718446,Ex-post DWA
2020-04-19,STWF1,-0.25834208189960606,Ex-post DWA
2020-04-26,STWF1,-1.577887861924168,Ex-post DWA
2020-05-03,STWF1,0.0672412599626,Ex-post DWA
2020-05-10,STWF1,1.4638108788286885,Ex-post DWA
2020-05-17,STWF1,1.0297776431953807,Ex-post DWA
2020-05-24,STWF1,-0.956178460353776,Ex-post DWA
2020-05-31,STWF1,-2.880814294349406,Ex-post DWA
2020-06-07,STWF1,1.4277989061755179,Ex-post DWA
2020-06-14,STWF1,-3.928515439078737,Ex-post DWA
2020-06-21,STWF1,-1.4856893836090208,Ex-post DWA
2020-06-28,STWF1,-0.8251063352467156,Ex-post DWA
2020-07-05,STWF1,-0.27287860344554815,Ex-post DWA
2020-07-12,STWF1,0.3393188806362204,Ex-post DWA
2020-07-19,STWF1,-3.1022290559463386,Ex-post DWA
2020-07-26,STWF1,6.714297343398769,Ex-post DWA
2020-08-02,STWF1,-0.824377271850274,Ex-post DWA
2020-08-09,STWF1,0.5778371985797577,Ex-post DWA
2020-08-16,STWF1,1.2242463515150064,Ex-post DWA
2020-08-23,STWF1,-1.1815789578925049,Ex-post DWA
2020-08-30,STWF1,-13.283948073838388,Ex-post DWA
2020-09-06,STWF1,1.1127332505298355,Ex-post DWA
2020-09-13,STWF1,-0.03282772022821945,Ex-post DWA
2020-09-20,STWF1,0.08871303405049957,Ex-post DWA
2020-09-27,STWF1,1.6033470081731735,Ex-post DWA
2020-10-04,STWF1,-1.3472743433186167,Ex-post DWA
2020-10-11,STWF1,10.175654258183627,Ex-post DWA
2020-10-18,STWF1,-0.8599831950995878,Ex-post DWA
2020-10-25,STWF1,4.982671589114048,Ex-post DWA
2020-11-01,STWF1,-3.2689978655889504,Ex-post DWA
2020-11-08,STWF1,-0.4769943390824949,Ex-post DWA
2020-11-15,STWF1,-0.11958681465883103,Ex-post DWA
2020-11-22,STWF1,-38.084289476736444,Ex-post DWA
2020-11-29,STWF1,0.516112057183129,Ex-post DWA
2020-12-06,STWF1,-3.6358309863974796,Ex-post DWA
2020-12-13,STWF1,1.3030275340632116,Ex-post DWA
2020-12-20,STWF1,26.670493203367755,Ex-post DWA
2020-12-27,STWF1,0.18859034536878028,Ex-post DWA
2021-01-03,STWF1,0.7449212434627697,Ex-post DWA
2021-01-10,STWF1,-0.18809678276421948,Ex-post DWA
2021-01-17,STWF1,-1.21902662358994,Ex-post DWA
2021-01-24,STWF1,-0.016673331870833863,Ex-post DWA
2021-01-31,STWF1,1.0148957509553398,Ex-post DWA
2021-02-07,STWF1,-0.059979855688652606,Ex-post DWA
2021-02-14,STWF1,0.02416684269720548,Ex-post DWA
2021-02-21,STWF1,-1.445426084212798,Ex-post DWA
2021-02-28,STWF1,0.502728006324233,Ex-post DWA
2021-03-07,STWF1,-0.2967322106396324,Ex-post DWA
2021-03-14,STWF1,-0.5223099153318742,Ex-post DWA
2021-03-21,STWF1,-1.0939146477452084,Ex-post DWA
2021-03-28,STWF1,-1.2995046750618613,Ex-post DWA
2021-04-04,STWF1,3.25932986246584,Ex-post DWA
2021-04-11,STWF1,0.9695884942057376,Ex-post DWA
2021-04-18,STWF1,1.346665719533533,Ex-post DWA
2021-04-25,STWF1,-13.256976507074747,Ex-post DWA
2021-05-02,STWF1,-5.548822878077729,Ex-post DWA
2021-05-09,STWF1,-1.287440629140356,Ex-post DWA
2021-05-16,STWF1,0.5771243942236666,Ex-post DWA
2021-05-23,STWF1,-37.7171326309591,Ex-post DWA
2021-05-30,STWF1,-24.266742537848017,Ex-post DWA
2021-06-06,STWF1,33.959802997737,Ex-post DWA
2021-06-13,STWF1,50.988727653722776,Ex-post DWA
2021-06-20,STWF1,45.62122243174434,Ex-post DWA
2021-06-27,STWF1,3.7124204040831046,Ex-post DWA
2021-07-04,STWF1,-2.9592839972540617,Ex-post DWA
2021-07-11,STWF1,-1.6205952765358518,Ex-post DWA
2021-07-18,STWF1,30.888125732477874,Ex-post DWA
2021-07-25,STWF1,25.79474280952607,Ex-post DWA
2021-08-01,STWF1,3.2526327113164157,Ex-post DWA
2021-08-08,STWF1,-2.2313362784656263,Ex-post DWA
2021-08-15,STWF1,1.3395126584805723,Ex-post DWA
2021-08-22,STWF1,5.557357278245604,Ex-post DWA
2021-08-29,STWF1,-6.119849827936534,Ex-post DWA
2021-09-05,STWF1,1.3655451230424234,Ex-post DWA
2021-09-12,STWF1,5.687373646889046,Ex-post DWA
2021-09-19,STWF1,8.257945965404915,Ex-post DWA
2021-09-26,STWF1,3.144050247196361,Ex-post DWA
2021-10-03,STWF1,-3.944786874525903,Ex-post DWA
2021-10-10,STWF1,8.626553422558366,Ex-post DWA
2021-10-17,STWF1,6.869835069859718,Ex-post DWA
2021-10-24,STWF1,5.895261280711097,Ex-post DWA
2021-10-31,STWF1,6.269855904982322,Ex-post DWA
2021-11-07,STWF1,-1.5895526387138545,Ex-post DWA
2021-11-14,STWF1,9.29685491481117,Ex-post DWA
2021-11-21,STWF1,1.6719682094350787,Ex-post DWA
2021-11-28,STWF1,6.365716289264455,Ex-post DWA
2021-12-05,STWF1,11.204072194236218,Ex-post DWA
2021-12-12,STWF1,5.796559447262297,Ex-post DWA
2021-12-19,STWF1,1.8508714906923558,Ex-post DWA
2021-12-26,STWF1,-4.061462674990878,Ex-post DWA
2022-01-02,STWF1,-5.84656336676268,Ex-post DWA
2022-01-09,STWF1,-2.073122944598765,Ex-post DWA
2022-01-16,STWF1,-1.6229154148651332,Ex-post DWA
2022-01-23,STWF1,3.3002326663855754,Ex-post DWA
2022-01-30,STWF1,-0.7374138123543759,Ex-post DWA
2022-02-06,STWF1,11.395627513668607,Ex-post DWA
2022-02-13,STWF1,0.3971052124549317,Ex-post DWA
2022-02-20,STWF1,7.774815472975135,Ex-post DWA
2022-02-27,STWF1,4.508770918756298,Ex-post DWA
2022-03-06,STWF1,3.3729377533570073,Ex-post DWA
2022-03-13,STWF1,4.132004126258025,Ex-post DWA
2022-03-20,STWF1,1.7626532613585795,Ex-post DWA
2022-03-27,STWF1,1.3175237203288788,Ex-post DWA
2022-04-03,STWF1,0.13168416091093604,Ex-post DWA
2022-04-10,STWF1,-1.137871325901159,Ex-post DWA
2022-04-17,STWF1,3.827119445817914,Ex-post DWA
2022-04-24,STWF1,-2.3056193975064048,Ex-post DWA
2022-05-01,STWF1,-19.252184668745258,Ex-post DWA
2022-05-08,STWF1,90.01214728075342,Ex-post DWA
2022-05-15,STWF1,-9.840584557317754,Ex-post DWA
2022-05-22,STWF1,14.525896785904905,Ex-post DWA
2022-05-29,STWF1,1.6184369810844714,Ex-post DWA
2022-06-05,STWF1,-10.044564492175823,Ex-post DWA
2022-06-12,STWF1,-20.614497597612228,Ex-post DWA
2022-06-19,STWF1,-36.37969642281695,Ex-post DWA
2022-06-26,STWF1,14.916116868122003,Ex-post DWA
2022-07-03,STWF1,4.2856292667439675,Ex-post DWA
2022-07-10,STWF1,2.271044882371541,Ex-post DWA
2022-07-17,STWF1,19.936800750194607,Ex-post DWA
2022-07-24,STWF1,-22.95344734087911,Ex-post DWA
2022-07-31,STWF1,-27.696736962786844,Ex-post DWA
2022-08-07,STWF1,-3.7396637088602063,Ex-post DWA
2022-08-14,STWF1,19.224630344052827,Ex-post DWA
2022-08-21,STWF1,-4.7735715685865046,Ex-post DWA
2022-08-28,STWF1,1.6463197089457537,Ex-post DWA
2022-09-04,STWF1,10.477875098727623,Ex-post DWA
2022-09-11,STWF1,19.192191448321154,Ex-post DWA
2022-09-18,STWF1,91.60025204784702,Ex-post DWA
2022-09-25,STWF1,-1.4925136203090403,Ex-post DWA
2022-10-02,STWF1,15.034909256119846,Ex-post DWA
2022-10-09,STWF1,-7.626054382197452,Ex-post DWA
2022-10-16,STWF1,10.829063978209575,Ex-post DWA
2022-10-23,STWF1,8.601057577386399,Ex-post DWA
2022-10-30,STWF1,-12.269876983761918,Ex-post DWA
2022-11-06,STWF1,2.3912843595977478,Ex-post DWA
2022-11-13,STWF1,-2.5684783711578376,Ex-post DWA
2022-11-20,STWF1,12.648052267646804,Ex-post DWA
2022-11-27,STWF1,2.5559444407343364,Ex-post DWA
2022-12-04,STWF1,8.341592268326679,Ex-post DWA
2022-12-11,STWF1,5.4806830067926455,Ex-post DWA
2022-12-18,STWF1,1.9080502389386425,Ex-post DWA
2022-12-25,STWF1,-6.314390553999559,Ex-post DWA
2023-01-01,STWF1,-3.512902159147856,Ex-post DWA
2023-01-08,STWF1,0.5268476171052043,Ex-post DWA
2023-01-15,STWF1,-10.237964535954504,Ex-post DWA
2023-01-22,STWF1,1.2506524192920097,Ex-post DWA
2023-01-29,STWF1,-1.0987479184407363,Ex-post DWA
2023-02-05,STWF1,17.35576354404641,Ex-post DWA
2023-02-12,STWF1,6.064738315910432,Ex-post DWA
2023-02-19,STWF1,-1.4598165166852937,Ex-post DWA
2023-02-26,STWF1,2.6604565153100594,Ex-post DWA
2023-03-05,STWF1,-5.3628103658875546,Ex-post DWA
2023-03-12,STWF1,3.969922209338762,Ex-post DWA
2023-03-19,STWF1,3.2928708221897125,Ex-post DWA
2023-03-26,STWF1,3.4646967888912883,Ex-post DWA
2023-04-02,STWF1,10.132427652960956,Ex-post DWA
2023-04-09,STWF1,-5.268410002119246,Ex-post DWA
2023-04-16,STWF1,12.56998197408329,Ex-post DWA
2023-04-23,STWF1,0.7683574847423529,Ex-post DWA
2023-04-30,STWF1,0.35632047313110604,Ex-post DWA
2023-05-07,STWF1,11.414136908030315,Ex-post DWA
2023-05-14,STWF1,8.384694740310096,Ex-post DWA
2023-05-21,STWF1,26.92958167325378,Ex-post DWA
2023-05-28,STWF1,49.31656363335861,Ex-post DWA
2023-06-04,STWF1,-13.288302349389497,Ex-post DWA
2023-06-11,STWF1,-0.12277512366573262,Ex-post DWA
2023-06-18,STWF1,9.718753216268922,Ex-post DWA
2023-06-25,STWF1,-9.76471747667263,Ex-post DWA
2023-07-02,STWF1,6.005938246551224,Ex-post DWA
2023-07-09,STWF1,0.6593196522393043,Ex-post DWA
2023-07-16,STWF1,8.320202544651636,Ex-post DWA
2023-07-23,STWF1,-1.4438940374372606,Ex-post DWA
2023-07-30,STWF1,11.173651813176434,Ex-post DWA
2023-08-06,STWF1,-4.5192920867838495,Ex-post DWA
2023-08-13,STWF1,8.410289862050902,Ex-post DWA
2023-08-20,STWF1,26.550867070596993,Ex-post DWA
2023-08-27,STWF1,-8.19278306367967,Ex-post DWA
2023-09-03,STWF1,1.8380774191712845,Ex-post DWA
2023-09-10,STWF1,24.976676234810228,Ex-post DWA
2023-09-17,STWF1,17.12641782247779,Ex-post DWA
2023-09-24,STWF1,8.679265832739688,Ex-post DWA
2023-10-01,STWF1,17.599374920594883,Ex-post DWA
2023-10-08,STWF1,-2.1171056299112223,Ex-post DWA
2023-10-15,STWF1,13.654396243058013,Ex-post DWA
2023-10-22,STWF1,6.292164413690365,Ex-post DWA
2023-10-29,STWF1,5.715015246001073,Ex-post DWA
2023-11-05,STWF1,4.257284423497055,Ex-post DWA
2023-11-12,STWF1,12.840505655746583,Ex-post DWA
2023-11-19,STWF1,-5.074302234369014,Ex-post DWA
2023-11-26,STWF1,5.074072123694648,Ex-post DWA
2023-12-03,STWF1,9.202334389322708,Ex-post DWA
2023-12-10,STWF1,-2.053580486173658,Ex-post DWA
2023-12-17,STWF1,2.14210812268189,Ex-post DWA
2023-12-24,STWF1,1.78602793353501,Ex-post DWA
2023-12-31,STWF1,8.029061702820613,Ex-post DWA
2024-01-07,STWF1,0.4943210477809288,Ex-post DWA
2024-01-14,STWF1,1.4767010924467456,Ex-post DWA
2024-01-21,STWF1,24.153715575916834,Ex-post DWA
2024-01-28,STWF1,3.9497122936210474,Ex-post DWA
2024-02-04,STWF1,6.686799838589437,Ex-post DWA
2024-02-11,STWF1,22.987652994724336,Ex-post DWA
2024-02-18,STWF1,-5.048128877092438,Ex-post DWA
2024-02-25,STWF1,-0.628814216770138,Ex-post DWA
2024-03-03,STWF1,-26.650228829499582,Ex-post DWA
2024-03-10,STWF1,-9.596840316139264,Ex-post DWA
2024-03-17,STWF1,2.889374922232335,Ex-post DWA
2024-03-24,STWF1,1.465717872985195,Ex-post DWA
2024-03-31,STWF1,0.8162244993751528,Ex-post DWA
2024-04-07,STWF1,4.285243469309492,Ex-post DWA
2024-04-14,STWF1,8.929500075614357,Ex-post DWA
2024-04-21,STWF1,11.211448920911309,Ex-post DWA
2024-04-28,STWF1,3.535227773283168,Ex-post DWA
2024-05-05,STWF1,5.2986325567469805,Ex-post DWA
2024-05-12,STWF1,387.95833563077315,Ex-post DWA
2024-05-19,STWF1,0.6615420909194256,Ex-post DWA
2024-05-26,STWF1,42.98401778027534,Ex-post DWA
2024-06-02,STWF1,-2.66590384368142,Ex-post DWA
2024-06-09,STWF1,8.460550954151557,Ex-post DWA
2024-06-16,STWF1,22.212190510854967,Ex-post DWA
2024-06-23,STWF1,19.5294912621286,Ex-post DWA
2024-06-30,STWF1,-4.657691090510795,Ex-post DWA
2024-07-07,STWF1,4.520243915053896,Ex-post DWA
2024-07-14,STWF1,3.7431344085993032,Ex-post DWA
2024-07-21,STWF1,7.76117707936308,Ex-post DWA
2024-07-28,STWF1,-2.4868995078713994,Ex-post DWA
2024-08-04,STWF1,-10.615230531782373,Ex-post DWA
2024-08-11,STWF1,188.54962129119855,Ex-post DWA
2024-08-18,STWF1,8.966601366695613,Ex-post DWA
2024-08-25,STWF1,12.262217499667486,Ex-post DWA
2024-09-01,STWF1,25.080461466843474,Ex-post DWA
2024-09-08,STWF1,1.7180012633912298,Ex-post DWA
2024-09-15,STWF1,16.322987873612476,Ex-post DWA
2024-09-22,STWF1,41.19490761988873,Ex-post DWA
2024-09-29,STWF1,54.01256553467407,Ex-post DWA
2024-10-06,STWF1,20.301198324231194,Ex-post DWA
2024-10-13,STWF1,13.09728598737479,Ex-post DWA
2024-10-20,STWF1,8.340837751254327,Ex-post DWA
2024-10-27,STWF1,,Ex-post DWA
2024-11-03,STWF1,-19.18665960378894,Ex-post DWA
2024-11-10,STWF1,-250.49074631832897,Ex-post DWA
2024-11-17,STWF1,24.543736883117617,Ex-post DWA
2024-11-24,STWF1,-6.519454436052143,Ex-post DWA
2024-12-01,STWF1,121.70431921879543,Ex-post DWA
2024-12-08,STWF1,93.04263124613709,Ex-post DWA
2024-12-15,STWF1,19.747701471206653,Ex-post DWA
2024-12-22,STWF1,-1.3891477776524113,Ex-post DWA
2024-12-29,STWF1,2.8468963906002323,Ex-post DWA
2025-01-05,STWF1,6.8137528903185824,Ex-post DWA
2020-01-05,TARALGA1,166.0535226612472,Ex-post DWA
2020-01-12,TARALGA1,2.838848316812573,Ex-post DWA
2020-01-19,TARALGA1,-0.2581821003795568,Ex-post DWA
2020-01-26,TARALGA1,16.377678295440603,Ex-post DWA
2020-02-02,TARALGA1,-35.073885787402304,Ex-post DWA
2020-02-09,TARALGA1,-1.0598631351426135,Ex-post DWA
2020-02-16,TARALGA1,4.928649738654933,Ex-post DWA
2020-02-23,TARALGA1,3.021655214824783,Ex-post DWA
2020-03-01,TARALGA1,0.45751671309741226,Ex-post DWA
2020-03-08,TARALGA1,2.7751288506381186,Ex-post DWA
2020-03-15,TARALGA1,-0.6559141454539343,Ex-post DWA
2020-03-22,TARALGA1,0.32127090443635353,Ex-post DWA
2020-03-29,TARALGA1,-0.9553966013171333,Ex-post DWA
2020-04-05,TARALGA1,-1.8858168756487501,Ex-post DWA
2020-04-12,TARALGA1,-0.7104921171033283,Ex-post DWA
2020-04-19,TARALGA1,-0.20498650467116875,Ex-post DWA
2020-04-26,TARALGA1,0.5347264134228169,Ex-post DWA
2020-05-03,TARALGA1,1.1485682119545686,Ex-post DWA
2020-05-10,TARALGA1,-1.8522895502570123,Ex-post DWA
2020-05-17,TARALGA1,0.11219054490453573,Ex-post DWA
2020-05-24,TARALGA1,0.46649506625401216,Ex-post DWA
2020-05-31,TARALGA1,0.6851423060710502,Ex-post DWA
2020-06-07,TARALGA1,0.7593826800220498,Ex-post DWA
2020-06-14,TARALGA1,-7.624574092052164,Ex-post DWA
2020-06-21,TARALGA1,-0.8270895709097701,Ex-post DWA
2020-06-28,TARALGA1,-0.15447903061344448,Ex-post DWA
2020-07-05,TARALGA1,0.2729356661991531,Ex-post DWA
2020-07-12,TARALGA1,0.6470888224032478,Ex-post DWA
2020-07-19,TARALGA1,-4.288770910915488,Ex-post DWA
2020-07-26,TARALGA1,-4.455142405666237,Ex-post DWA
2020-08-02,TARALGA1,-0.32238047577013873,Ex-post DWA
2020-08-09,TARALGA1,-1.8010997140124516,Ex-post DWA
2020-08-16,TARALGA1,-2.3757273435940505,Ex-post DWA
2020-08-23,TARALGA1,-0.06210832302001279,Ex-post DWA
2020-08-30,TARALGA1,5.401163611945684,Ex-post DWA
2020-09-06,TARALGA1,-0.39204826300422724,Ex-post DWA
2020-09-13,TARALGA1,-0.6790617077253671,Ex-post DWA
2020-09-20,TARALGA1,-1.2522497220008475,Ex-post DWA
2020-09-27,TARALGA1,-0.7827182211395893,Ex-post DWA
2020-10-04,TARALGA1,-0.7508811251605039,Ex-post DWA
2020-10-11,TARALGA1,-6.173095902749466,Ex-post DWA
2020-10-18,TARALGA1,-2.0579081398351633,Ex-post DWA
2020-10-25,TARALGA1,-6.1118122875019765,Ex-post DWA
2020-11-01,TARALGA1,-0.12053252194230879,Ex-post DWA
2020-11-08,TARALGA1,3.7688461159591284,Ex-post DWA
2020-11-15,TARALGA1,-0.7850779291824708,Ex-post DWA
2020-11-22,TARALGA1,68.42986129169802,Ex-post DWA
2020-11-29,TARALGA1,-2.3118407971682444,Ex-post DWA
2020-12-06,TARALGA1,6.001960561465189,Ex-post DWA
2020-12-13,TARALGA1,1.3860018367614657,Ex-post DWA
2020-12-20,TARALGA1,29.155737182949323,Ex-post DWA
2020-12-27,TARALGA1,-1.3857409550707516,Ex-post DWA
2021-01-03,TARALGA1,-1.2397489234630967,Ex-post DWA
2021-01-10,TARALGA1,-0.3891701893026962,Ex-post DWA
2021-01-17,TARALGA1,0.5426073564999925,Ex-post DWA
2021-01-24,TARALGA1,-0.6944212507295475,Ex-post DWA
2021-01-31,TARALGA1,0.7092206692610077,Ex-post DWA
2021-02-07,TARALGA1,0.5786101489821434,Ex-post DWA
2021-02-14,TARALGA1,-0.2491598933550705,Ex-post DWA
2021-02-21,TARALGA1,-0.1156042820642682,Ex-post DWA
2021-02-28,TARALGA1,-0.1418248596988576,Ex-post DWA
2021-03-07,TARALGA1,1.169545540702515,Ex-post DWA
2021-03-14,TARALGA1,-1.789239821805083,Ex-post DWA
2021-03-21,TARALGA1,0.6772350772207005,Ex-post DWA
2021-03-28,TARALGA1,-2.6050630021837478,Ex-post DWA
2021-04-04,TARALGA1,-3.5672419145608067,Ex-post DWA
2021-04-11,TARALGA1,-5.339801977891181,Ex-post DWA
2021-04-18,TARALGA1,-3.4798286548028656,Ex-post DWA
2021-04-25,TARALGA1,0.8701383661410773,Ex-post DWA
2021-05-02,TARALGA1,4.024690774755619,Ex-post DWA
2021-05-09,TARALGA1,0.5450753421323355,Ex-post DWA
2021-05-16,TARALGA1,-2.550685001852443,Ex-post DWA
2021-05-23,TARALGA1,-7.750050156163667,Ex-post DWA
2021-05-30,TARALGA1,-16.0537417494848,Ex-post DWA
2021-06-06,TARALGA1,-7.027729271331765,Ex-post DWA
2021-06-13,TARALGA1,-75.13178737142414,Ex-post DWA
2021-06-20,TARALGA1,-10.21740473463528,Ex-post DWA
2021-06-27,TARALGA1,-9.281507588752774,Ex-post DWA
2021-07-04,TARALGA1,1.415498492450368,Ex-post DWA
2021-07-11,TARALGA1,-17.718110257624915,Ex-post DWA
2021-07-18,TARALGA1,17.258728977704195,Ex-post DWA
2021-07-25,TARALGA1,-15.658367707002,Ex-post DWA
2021-08-01,TARALGA1,0.5006054259498995,Ex-post DWA
2021-08-08,TARALGA1,1.2488664739430888,Ex-post DWA
2021-08-15,TARALGA1,-4.501369759759207,Ex-post DWA
2021-08-22,TARALGA1,-6.1421512674245164,Ex-post DWA
2021-08-29,TARALGA1,3.0623227502862562,Ex-post DWA
2021-09-05,TARALGA1,0.06945125149226072,Ex-post DWA
2021-09-12,TARALGA1,-2.2166682559140334,Ex-post DWA
2021-09-19,TARALGA1,-5.745822918193646,Ex-post DWA
2021-09-26,TARALGA1,-2.351576150238195,Ex-post DWA
2021-10-03,TARALGA1,-6.19121005303645,Ex-post DWA
2021-10-10,TARALGA1,-4.273049483618667,Ex-post DWA
2021-10-17,TARALGA1,-1.5994297193706188,Ex-post DWA
2021-10-24,TARALGA1,-4.873874397807043,Ex-post DWA
2021-10-31,TARALGA1,2.41704095755604,Ex-post DWA
2021-11-07,TARALGA1,-0.5517395084903853,Ex-post DWA
2021-11-14,TARALGA1,-5.499920419027603,Ex-post DWA
2021-11-21,TARALGA1,5.2046911430912814,Ex-post DWA
2021-11-28,TARALGA1,3.2069848081726207,Ex-post DWA
2021-12-05,TARALGA1,-0.9676264105390899,Ex-post DWA
2021-12-12,TARALGA1,-2.838510735186958,Ex-post DWA
2021-12-19,TARALGA1,-3.5999018679020764,Ex-post DWA
2021-12-26,TARALGA1,8.996970841050668,Ex-post DWA
2022-01-02,TARALGA1,3.5656373834386983,Ex-post DWA
2022-01-09,TARALGA1,0.27713375875802626,Ex-post DWA
2022-01-16,TARALGA1,-0.483306008283634,Ex-post DWA
2022-01-23,TARALGA1,-3.9063255994677633,Ex-post DWA
2022-01-30,TARALGA1,1.8594614443347552,Ex-post DWA
2022-02-06,TARALGA1,-4.62672617283738,Ex-post DWA
2022-02-13,TARALGA1,1.0363234193690545,Ex-post DWA
2022-02-20,TARALGA1,-1.936908453363273,Ex-post DWA
2022-02-27,TARALGA1,3.482877094657937,Ex-post DWA
2022-03-06,TARALGA1,-0.6754484588891358,Ex-post DWA
2022-03-13,TARALGA1,12.485075139951007,Ex-post DWA
2022-03-20,TARALGA1,-3.1691049589486937,Ex-post DWA
2022-03-27,TARALGA1,-2.540147721299803,Ex-post DWA
2022-04-03,TARALGA1,11.811476990535823,Ex-post DWA
2022-04-10,TARALGA1,7.915881109628543,Ex-post DWA
2022-04-17,TARALGA1,18.241166533098152,Ex-post DWA
2022-04-24,TARALGA1,4.2778569787784875,Ex-post DWA
2022-05-01,TARALGA1,0.922105488565478,Ex-post DWA
2022-05-08,TARALGA1,-28.20932863750363,Ex-post DWA
2022-05-15,TARALGA1,-3.579314158580246,Ex-post DWA
2022-05-22,TARALGA1,-19.23230281810038,Ex-post DWA
2022-05-29,TARALGA1,-1.0388517643709747,Ex-post DWA
2022-06-05,TARALGA1,4.242641843000968,Ex-post DWA
2022-06-12,TARALGA1,1.7122881487169934,Ex-post DWA
2022-06-19,TARALGA1,5.552510703478276,Ex-post DWA
2022-06-26,TARALGA1,-3.8945878912022636,Ex-post DWA
2022-07-03,TARALGA1,-16.330682914946408,Ex-post DWA
2022-07-10,TARALGA1,-5.491427368554753,Ex-post DWA
2022-07-17,TARALGA1,4.750330568988488,Ex-post DWA
2022-07-24,TARALGA1,-13.535304418562077,Ex-post DWA
2022-07-31,TARALGA1,3.6899590971774785,Ex-post DWA
2022-08-07,TARALGA1,-0.3108428276377282,Ex-post DWA
2022-08-14,TARALGA1,-15.797657748397825,Ex-post DWA
2022-08-21,TARALGA1,-5.936208524660174,Ex-post DWA
2022-08-28,TARALGA1,-5.518727941513106,Ex-post DWA
2022-09-04,TARALGA1,-8.627130781341549,Ex-post DWA
2022-09-11,TARALGA1,-32.018284632732374,Ex-post DWA
2022-09-18,TARALGA1,-8.973563336374283,Ex-post DWA
2022-09-25,TARALGA1,-14.773408431457682,Ex-post DWA
2022-10-02,TARALGA1,-6.192603716139587,Ex-post DWA
2022-10-09,TARALGA1,-2.975849885886987,Ex-post DWA
2022-10-16,TARALGA1,-12.232173845418998,Ex-post DWA
2022-10-23,TARALGA1,-0.7431981409550588,Ex-post DWA
2022-10-30,TARALGA1,6.095585774394692,Ex-post DWA
2022-11-06,TARALGA1,-0.7953645350244187,Ex-post DWA
2022-11-13,TARALGA1,-10.603520488169778,Ex-post DWA
2022-11-20,TARALGA1,18.1343025382091,Ex-post DWA
2022-11-27,TARALGA1,7.89987517547074,Ex-post DWA
2022-12-04,TARALGA1,-3.3991168676309513,Ex-post DWA
2022-12-11,TARALGA1,2.4010397467264966,Ex-post DWA
2022-12-18,TARALGA1,-8.775389448581734,Ex-post DWA
2022-12-25,TARALGA1,0.9831596653676229,Ex-post DWA
2023-01-01,TARALGA1,-11.855229156702592,Ex-post DWA
2023-01-08,TARALGA1,-4.35377168956181,Ex-post DWA
2023-01-15,TARALGA1,-1.1471383595870321,Ex-post DWA
2023-01-22,TARALGA1,-1.3819157397559536,Ex-post DWA
2023-01-29,TARALGA1,-2.0347724402800935,Ex-post DWA
2023-02-05,TARALGA1,-5.5288646455144175,Ex-post DWA
2023-02-12,TARALGA1,-10.789578615223007,Ex-post DWA
2023-02-19,TARALGA1,-1.0008465812394434,Ex-post DWA
2023-02-26,TARALGA1,-7.469974406128117,Ex-post DWA
2023-03-05,TARALGA1,6.687025223113423,Ex-post DWA
2023-03-12,TARALGA1,-2.1263596524753297,Ex-post DWA
2023-03-19,TARALGA1,29.702627231757845,Ex-post DWA
2023-03-26,TARALGA1,0.4739108620326249,Ex-post DWA
2023-04-02,TARALGA1,-0.2009154087958933,Ex-post DWA
2023-04-09,TARALGA1,-19.399486331913806,Ex-post DWA
2023-04-16,TARALGA1,-6.127533279716758,Ex-post DWA
2023-04-23,TARALGA1,-1.7607944898170729,Ex-post DWA
2023-04-30,TARALGA1,15.503111320032218,Ex-post DWA
2023-05-07,TARALGA1,10.235337408628823,Ex-post DWA
2023-05-14,TARALGA1,-11.06378408351506,Ex-post DWA
2023-05-21,TARALGA1,2.4839521701069316,Ex-post DWA
2023-05-28,TARALGA1,53.23479882450857,Ex-post DWA
2023-06-04,TARALGA1,-26.858424874174162,Ex-post DWA
2023-06-11,TARALGA1,2.5527223539582735,Ex-post DWA
2023-06-18,TARALGA1,-0.5515181371617928,Ex-post DWA
2023-06-25,TARALGA1,1.5401496963193324,Ex-post DWA
2023-07-02,TARALGA1,-2.597081687894544,Ex-post DWA
2023-07-09,TARALGA1,-10.886294939368732,Ex-post DWA
2023-07-16,TARALGA1,-1.102612089742479,Ex-post DWA
2023-07-23,TARALGA1,-5.795798411732676,Ex-post DWA
2023-07-30,TARALGA1,-10.970477273898439,Ex-post DWA
2023-08-06,TARALGA1,-10.735457765527798,Ex-post DWA
2023-08-13,TARALGA1,-4.620345048129209,Ex-post DWA
2023-08-20,TARALGA1,-9.74311462875113,Ex-post DWA
2023-08-27,TARALGA1,3.0228929460095486,Ex-post DWA
2023-09-03,TARALGA1,-8.1267788139468,Ex-post DWA
2023-09-10,TARALGA1,-14.614110468200693,Ex-post DWA
2023-09-17,TARALGA1,-21.327565907713883,Ex-post DWA
2023-09-24,TARALGA1,-5.702827805645697,Ex-post DWA
2023-10-01,TARALGA1,-19.822190873755,Ex-post DWA
2023-10-08,TARALGA1,-0.4725991310095736,Ex-post DWA
2023-10-15,TARALGA1,-6.715287089436593,Ex-post DWA
2023-10-22,TARALGA1,-14.798297808106376,Ex-post DWA
2023-10-29,TARALGA1,2.3884777791523533,Ex-post DWA
2023-11-05,TARALGA1,-10.876691587823416,Ex-post DWA
2023-11-12,TARALGA1,16.217799217372416,Ex-post DWA
2023-11-19,TARALGA1,0.9893418760941444,Ex-post DWA
2023-11-26,TARALGA1,-10.140563208976332,Ex-post DWA
2023-12-03,TARALGA1,-5.609322134227817,Ex-post DWA
2023-12-10,TARALGA1,10.724748904537833,Ex-post DWA
2023-12-17,TARALGA1,3.2886577370562406,Ex-post DWA
2023-12-24,TARALGA1,4.248363190926533,Ex-post DWA
2023-12-31,TARALGA1,8.762569585769093,Ex-post DWA
2024-01-07,TARALGA1,0.013878465535270834,Ex-post DWA
2024-01-14,TARALGA1,-2.5719443253687047,Ex-post DWA
2024-01-21,TARALGA1,28.60587831771997,Ex-post DWA
2024-01-28,TARALGA1,4.303688825563057,Ex-post DWA
2024-02-04,TARALGA1,2.495723425371736,Ex-post DWA
2024-02-11,TARALGA1,0.9367310680764618,Ex-post DWA
2024-02-18,TARALGA1,2.631223464410951,Ex-post DWA
2024-02-25,TARALGA1,23.520061405860233,Ex-post DWA
2024-03-03,TARALGA1,-11.056117087478484,Ex-post DWA
2024-03-10,TARALGA1,0.6345809517217873,Ex-post DWA
2024-03-17,TARALGA1,-2.416545615205081,Ex-post DWA
2024-03-24,TARALGA1,-3.758604530883936,Ex-post DWA
2024-03-31,TARALGA1,-7.710543323468883,Ex-post DWA
2024-04-07,TARALGA1,-3.297643079054552,Ex-post DWA
2024-04-14,TARALGA1,-2.381257824964493,Ex-post DWA
2024-04-21,TARALGA1,-0.0407537636861548,Ex-post DWA
2024-04-28,TARALGA1,-18.610298821908742,Ex-post DWA
2024-05-05,TARALGA1,-17.863374194852284,Ex-post DWA
2024-05-12,TARALGA1,223.48262839793347,Ex-post DWA
2024-05-19,TARALGA1,-6.16984295583535,Ex-post DWA
2024-05-26,TARALGA1,33.45341690833587,Ex-post DWA
2024-06-02,TARALGA1,-2.2287682259817245,Ex-post DWA
2024-06-09,TARALGA1,-5.343605100274004,Ex-post DWA
2024-06-16,TARALGA1,-11.20638732944336,Ex-post DWA
2024-06-23,TARALGA1,3.9906004457902498,Ex-post DWA
2024-06-30,TARALGA1,2.58949322822572,Ex-post DWA
2024-07-07,TARALGA1,1.0720696163463117,Ex-post DWA
2024-07-14,TARALGA1,-11.419844884494992,Ex-post DWA
2024-07-21,TARALGA1,1.843544170783332,Ex-post DWA
2024-07-28,TARALGA1,0.7878476828376222,Ex-post DWA
2024-08-04,TARALGA1,-1.6237328605063794,Ex-post DWA
2024-08-11,TARALGA1,-94.01382628451796,Ex-post DWA
2024-08-18,TARALGA1,-17.3937570252981,Ex-post DWA
2024-08-25,TARALGA1,-8.596636650268692,Ex-post DWA
2024-09-01,TARALGA1,-3.1926779257452793,Ex-post DWA
2024-09-08,TARALGA1,-2.5165049122459493,Ex-post DWA
2024-09-15,TARALGA1,-15.328182911249833,Ex-post DWA
2024-09-22,TARALGA1,-7.619811221094352,Ex-post DWA
2024-09-29,TARALGA1,-4.665503445284585,Ex-post DWA
2024-10-06,TARALGA1,-21.45682661207268,Ex-post DWA
2024-10-13,TARALGA1,-20.778850969262365,Ex-post DWA
2024-10-20,TARALGA1,-5.738988220320337,Ex-post DWA
2024-10-27,TARALGA1,6.2517169523202085,Ex-post DWA
2024-11-03,TARALGA1,-5.407570184009813,Ex-post DWA
2024-11-10,TARALGA1,87.27051408371648,Ex-post DWA
2024-11-17,TARALGA1,-14.425982486091002,Ex-post DWA
2024-11-24,TARALGA1,19.427819126075377,Ex-post DWA
2024-12-01,TARALGA1,-71.74979328597573,Ex-post DWA
2024-12-08,TARALGA1,-12.976966852133984,Ex-post DWA
2024-12-15,TARALGA1,-7.248948106752465,Ex-post DWA
2024-12-22,TARALGA1,1.4053446916049523,Ex-post DWA
2024-12-29,TARALGA1,-9.197116349705034,Ex-post DWA
2025-01-05,TARALGA1,-0.9996726675996115,Ex-post DWA
2020-01-05,WOODLWN1,103.07983317543312,Ex-post DWA
2020-01-12,WOODLWN1,3.223702386702371,Ex-post DWA
2020-01-19,WOODLWN1,1.0805116818853264,Ex-post DWA
2020-01-26,WOODLWN1,13.613983880841232,Ex-post DWA
2020-02-02,WOODLWN1,-29.623277061713424,Ex-post DWA
2020-02-09,WOODLWN1,-0.22585106548812917,Ex-post DWA
2020-02-16,WOODLWN1,2.43726825334727,Ex-post DWA
2020-02-23,WOODLWN1,2.16186884014882,Ex-post DWA
2020-03-01,WOODLWN1,2.9040136137747865,Ex-post DWA
2020-03-08,WOODLWN1,2.6938599386237456,Ex-post DWA
2020-03-15,WOODLWN1,0.9201645625140245,Ex-post DWA
2020-03-22,WOODLWN1,1.48390776224457,Ex-post DWA
2020-03-29,WOODLWN1,1.481601384660614,Ex-post DWA
2020-04-05,WOODLWN1,-2.7236075655473755,Ex-post DWA
2020-04-12,WOODLWN1,-1.912218150965984,Ex-post DWA
2020-04-19,WOODLWN1,-0.13519020744929122,Ex-post DWA
2020-04-26,WOODLWN1,0.45619766060394795,Ex-post DWA
2020-05-03,WOODLWN1,-0.2721550683910081,Ex-post DWA
2020-05-10,WOODLWN1,-2.2315345983423036,Ex-post DWA
2020-05-17,WOODLWN1,1.4636375088920133,Ex-post DWA
2020-05-24,WOODLWN1,0.8318228470377136,Ex-post DWA
2020-05-31,WOODLWN1,-0.707986796658588,Ex-post DWA
2020-06-07,WOODLWN1,-0.06958392491448961,Ex-post DWA
2020-06-14,WOODLWN1,-11.217987736547443,Ex-post DWA
2020-06-21,WOODLWN1,-1.4636241419639902,Ex-post DWA
2020-06-28,WOODLWN1,0.16530919434443803,Ex-post DWA
2020-07-05,WOODLWN1,0.3148004403142366,Ex-post DWA
2020-07-12,WOODLWN1,7.229374770584769,Ex-post DWA
2020-07-19,WOODLWN1,-5.437258945230532,Ex-post DWA
2020-07-26,WOODLWN1,-2.059261132784634,Ex-post DWA
2020-08-02,WOODLWN1,-0.2774458537373832,Ex-post DWA
2020-08-09,WOODLWN1,-1.7247372053641712,Ex-post DWA
2020-08-16,WOODLWN1,-1.8021736924138807,Ex-post DWA
2020-08-23,WOODLWN1,-0.02665105521299438,Ex-post DWA
2020-08-30,WOODLWN1,9.637975614594424,Ex-post DWA
2020-09-06,WOODLWN1,-0.097962718020284,Ex-post DWA
2020-09-13,WOODLWN1,-0.2739784903718743,Ex-post DWA
2020-09-20,WOODLWN1,0.5675752128887197,Ex-post DWA
2020-09-27,WOODLWN1,0.028411554183065846,Ex-post DWA
2020-10-04,WOODLWN1,-1.0987001263207574,Ex-post DWA
2020-10-11,WOODLWN1,-3.9553590185656873,Ex-post DWA
2020-10-18,WOODLWN1,-0.3026616173312817,Ex-post DWA
2020-10-25,WOODLWN1,14.274897686895244,Ex-post DWA
2020-11-01,WOODLWN1,0.9842296530373034,Ex-post DWA
2020-11-08,WOODLWN1,2.6814027258977546,Ex-post DWA
2020-11-15,WOODLWN1,0.9056691906455185,Ex-post DWA
2020-11-22,WOODLWN1,85.51353588019737,Ex-post DWA
2020-11-29,WOODLWN1,-2.3373639649566442,Ex-post DWA
2020-12-06,WOODLWN1,-0.6040615831191403,Ex-post DWA
2020-12-13,WOODLWN1,1.6136925850512966,Ex-post DWA
2020-12-20,WOODLWN1,72.87728456626083,Ex-post DWA
2020-12-27,WOODLWN1,0.30068786083705845,Ex-post DWA
2021-01-03,WOODLWN1,-0.28186728638986125,Ex-post DWA
2021-01-10,WOODLWN1,0.9135155762302105,Ex-post DWA
2021-01-17,WOODLWN1,1.6523302189654956,Ex-post DWA
2021-01-24,WOODLWN1,0.7943893438686018,Ex-post DWA
2021-01-31,WOODLWN1,0.39276616847892853,Ex-post DWA
2021-02-07,WOODLWN1,0.6518607098118423,Ex-post DWA
2021-02-14,WOODLWN1,-0.1338399335707834,Ex-post DWA
2021-02-21,WOODLWN1,0.09600101502255853,Ex-post DWA
2021-02-28,WOODLWN1,-0.02827804831617442,Ex-post DWA
2021-03-07,WOODLWN1,1.6214754127610362,Ex-post DWA
2021-03-14,WOODLWN1,-0.22620867880976903,Ex-post DWA
2021-03-21,WOODLWN1,0.47916754480930734,Ex-post DWA
2021-03-28,WOODLWN1,-0.4184689681453051,Ex-post DWA
2021-04-04,WOODLWN1,1.1175442112571048,Ex-post DWA
2021-04-11,WOODLWN1,-0.7244691249865873,Ex-post DWA
2021-04-18,WOODLWN1,-0.4020375454442586,Ex-post DWA
2021-04-25,WOODLWN1,3.489527633084947,Ex-post DWA
2021-05-02,WOODLWN1,7.0060701964106755,Ex-post DWA
2021-05-09,WOODLWN1,-0.48746045075470334,Ex-post DWA
2021-05-16,WOODLWN1,-0.13080431845014573,Ex-post DWA
2021-05-23,WOODLWN1,38.44923948934965,Ex-post DWA
2021-05-30,WOODLWN1,1.7553887328824374,Ex-post DWA
2021-06-06,WOODLWN1,40.817535121166145,Ex-post DWA
2021-06-13,WOODLWN1,-22.646048979219387,Ex-post DWA
2021-06-20,WOODLWN1,-9.736808202702463,Ex-post DWA
2021-06-27,WOODLWN1,-11.414216352866745,Ex-post DWA
2021-07-04,WOODLWN1,5.1604188872563554,Ex-post DWA
2021-07-11,WOODLWN1,-40.65930893016832,Ex-post DWA
2021-07-18,WOODLWN1,1.8920709364750792,Ex-post DWA
2021-07-25,WOODLWN1,-19.61472820131779,Ex-post DWA
2021-08-01,WOODLWN1,-0.20557778682139372,Ex-post DWA
2021-08-08,WOODLWN1,-0.852391449830904,Ex-post DWA
2021-08-15,WOODLWN1,2.8714791331118548,Ex-post DWA
2021-08-22,WOODLWN1,-0.012361629329667778,Ex-post DWA
2021-08-29,WOODLWN1,-1.0501304696476836,Ex-post DWA
2021-09-05,WOODLWN1,0.5013682326180984,Ex-post DWA
2021-09-12,WOODLWN1,3.956259190396157,Ex-post DWA
2021-09-19,WOODLWN1,2.8705686592375557,Ex-post DWA
2021-09-26,WOODLWN1,-0.8891888182643157,Ex-post DWA
2021-10-03,WOODLWN1,-4.435602935142462,Ex-post DWA
2021-10-10,WOODLWN1,-0.45402887607839304,Ex-post DWA
2021-10-17,WOODLWN1,0.2856349119576862,Ex-post DWA
2021-10-24,WOODLWN1,-0.5600214179722087,Ex-post DWA
2021-10-31,WOODLWN1,5.972854445624961,Ex-post DWA
2021-11-07,WOODLWN1,0.9167357437500243,Ex-post DWA
2021-11-14,WOODLWN1,-2.0308085719927718,Ex-post DWA
2021-11-21,WOODLWN1,9.455181834021914,Ex-post DWA
2021-11-28,WOODLWN1,1.7019852204736026,Ex-post DWA
2021-12-05,WOODLWN1,-0.36237443735967645,Ex-post DWA
2021-12-12,WOODLWN1,0.8102488119726985,Ex-post DWA
2021-12-19,WOODLWN1,-1.7645909633147028,Ex-post DWA
2021-12-26,WOODLWN1,4.21200537346671,Ex-post DWA
2022-01-02,WOODLWN1,0.13630819418909823,Ex-post DWA
2022-01-09,WOODLWN1,1.2090928438328348,Ex-post DWA
2022-01-16,WOODLWN1,-0.3412710879066623,Ex-post DWA
2022-01-23,WOODLWN1,-0.4150346109217651,Ex-post DWA
2022-01-30,WOODLWN1,3.9786382926688333,Ex-post DWA
2022-02-06,WOODLWN1,-1.7310620984838465,Ex-post DWA
2022-02-13,WOODLWN1,2.634301961434659,Ex-post DWA
2022-02-20,WOODLWN1,-0.6400530997876501,Ex-post DWA
2022-02-27,WOODLWN1,3.458939071466716,Ex-post DWA
2022-03-06,WOODLWN1,-1.05565079520251,Ex-post DWA
2022-03-13,WOODLWN1,13.067084143774395,Ex-post DWA
2022-03-20,WOODLWN1,2.6233431707430412,Ex-post DWA
2022-03-27,WOODLWN1,1.5838208894520847,Ex-post DWA
2022-04-03,WOODLWN1,16.334156072950577,Ex-post DWA
2022-04-10,WOODLWN1,13.628669654871857,Ex-post DWA
2022-04-17,WOODLWN1,33.65967043266821,Ex-post DWA
2022-04-24,WOODLWN1,7.115939437203764,Ex-post DWA
2022-05-01,WOODLWN1,15.584163372038887,Ex-post DWA
2022-05-08,WOODLWN1,2.7499582040077257,Ex-post DWA
2022-05-15,WOODLWN1,-3.635996464756488,Ex-post DWA
2022-05-22,WOODLWN1,-12.3839964169145,Ex-post DWA
2022-05-29,WOODLWN1,4.221764579849889,Ex-post DWA
2022-06-05,WOODLWN1,-1.586966855882281,Ex-post DWA
2022-06-12,WOODLWN1,4.198707829735895,Ex-post DWA
2022-06-19,WOODLWN1,63.78175230398449,Ex-post DWA
2022-06-26,WOODLWN1,2.0151357375033854,Ex-post DWA
2022-07-03,WOODLWN1,-10.726368583418434,Ex-post DWA
2022-07-10,WOODLWN1,-2.528045749201226,Ex-post DWA
2022-07-17,WOODLWN1,-42.19345392019028,Ex-post DWA
2022-07-24,WOODLWN1,0.8047350622024965,Ex-post DWA
2022-07-31,WOODLWN1,11.233350083693495,Ex-post DWA
2022-08-07,WOODLWN1,3.7886965933711707,Ex-post DWA
2022-08-14,WOODLWN1,-16.241037642618096,Ex-post DWA
2022-08-21,WOODLWN1,-5.691380315018819,Ex-post DWA
2022-08-28,WOODLWN1,-6.730555616737689,Ex-post DWA
2022-09-04,WOODLWN1,-5.512815800695847,Ex-post DWA
2022-09-11,WOODLWN1,-3.0090795040416083,Ex-post DWA
2022-09-18,WOODLWN1,-13.62743170263495,Ex-post DWA
2022-09-25,WOODLWN1,1.6315802641946107,Ex-post DWA
2022-10-02,WOODLWN1,-4.345310529689101,Ex-post DWA
2022-10-09,WOODLWN1,-5.7842035405693935,Ex-post DWA
2022-10-16,WOODLWN1,-8.00699275032295,Ex-post DWA
2022-10-23,WOODLWN1,-1.298185575377886,Ex-post DWA
2022-10-30,WOODLWN1,3.634771489827216,Ex-post DWA
2022-11-06,WOODLWN1,-2.792427333366973,Ex-post DWA
2022-11-13,WOODLWN1,6.000624257382924,Ex-post DWA
2022-11-20,WOODLWN1,1.6259880944826932,Ex-post DWA
2022-11-27,WOODLWN1,4.073941284063821,Ex-post DWA
2022-12-04,WOODLWN1,11.627111162692245,Ex-post DWA
2022-12-11,WOODLWN1,-7.471134652629658,Ex-post DWA
2022-12-18,WOODLWN1,-0.67780635464581,Ex-post DWA
2022-12-25,WOODLWN1,2.289874611635213,Ex-post DWA
2023-01-01,WOODLWN1,0.5054073503808638,Ex-post DWA
2023-01-08,WOODLWN1,1.0472175157550652,Ex-post DWA
2023-01-15,WOODLWN1,3.368206031335191,Ex-post DWA
2023-01-22,WOODLWN1,-0.07481427704020405,Ex-post DWA
2023-01-29,WOODLWN1,1.5141646229513839,Ex-post DWA
2023-02-05,WOODLWN1,0.033441222428521655,Ex-post DWA
2023-02-12,WOODLWN1,6.617970636782147,Ex-post DWA
2023-02-19,WOODLWN1,5.843688970123381,Ex-post DWA
2023-02-26,WOODLWN1,3.409807202672752,Ex-post DWA
2023-03-05,WOODLWN1,12.503785719788567,Ex-post DWA
2023-03-12,WOODLWN1,-0.32067060889835375,Ex-post DWA
2023-03-19,WOODLWN1,74.22850404929824,Ex-post DWA
2023-03-26,WOODLWN1,-3.0170960867422423,Ex-post DWA
2023-04-02,WOODLWN1,7.193532726297249,Ex-post DWA
2023-04-09,WOODLWN1,7.574539325331983,Ex-post DWA
2023-04-16,WOODLWN1,-0.5497954815056261,Ex-post DWA
2023-04-23,WOODLWN1,8.846006616921628,Ex-post DWA
2023-04-30,WOODLWN1,11.074834839387407,Ex-post DWA
2023-05-07,WOODLWN1,10.131030662579178,Ex-post DWA
2023-05-14,WOODLWN1,-11.807514739975119,Ex-post DWA
2023-05-21,WOODLWN1,3.922373768918675,Ex-post DWA
2023-05-28,WOODLWN1,15.153043372066293,Ex-post DWA
2023-06-04,WOODLWN1,39.41283876989925,Ex-post DWA
2023-06-11,WOODLWN1,2.9586190385409594,Ex-post DWA
2023-06-18,WOODLWN1,0.5316069252380515,Ex-post DWA
2023-06-25,WOODLWN1,-2.1304543608366657,Ex-post DWA
2023-07-02,WOODLWN1,-0.7427415702752853,Ex-post DWA
2023-07-09,WOODLWN1,-11.46652588572691,Ex-post DWA
2023-07-16,WOODLWN1,-1.6607797666281456,Ex-post DWA
2023-07-23,WOODLWN1,-3.627372665779859,Ex-post DWA
2023-07-30,WOODLWN1,-11.794072868943033,Ex-post DWA
2023-08-06,WOODLWN1,-14.442843707352608,Ex-post DWA
2023-08-13,WOODLWN1,-4.356122638859588,Ex-post DWA
2023-08-20,WOODLWN1,-8.766698405156788,Ex-post DWA
2023-08-27,WOODLWN1,6.9359980563354355,Ex-post DWA
2023-09-03,WOODLWN1,-8.497370308201525,Ex-post DWA
2023-09-10,WOODLWN1,-3.8742616603233415,Ex-post DWA
2023-09-17,WOODLWN1,0.8729261951747702,Ex-post DWA
2023-09-24,WOODLWN1,-2.108117856639602,Ex-post DWA
2023-10-01,WOODLWN1,11.755419235524073,Ex-post DWA
2023-10-08,WOODLWN1,0.1902645651906738,Ex-post DWA
2023-10-15,WOODLWN1,2.751764666140968,Ex-post DWA
2023-10-22,WOODLWN1,-10.998731453647736,Ex-post DWA
2023-10-29,WOODLWN1,-2.648087810790855,Ex-post DWA
2023-11-05,WOODLWN1,4.973622987379457,Ex-post DWA
2023-11-12,WOODLWN1,43.11322718394655,Ex-post DWA
2023-11-19,WOODLWN1,10.71522142043331,Ex-post DWA
2023-11-26,WOODLWN1,-0.3098347218342212,Ex-post DWA
2023-12-03,WOODLWN1,1.0829689768920971,Ex-post DWA
2023-12-10,WOODLWN1,-7.583932739800275,Ex-post DWA
2023-12-17,WOODLWN1,2.570819561907669,Ex-post DWA
2023-12-24,WOODLWN1,0.09054869256704734,Ex-post DWA
2023-12-31,WOODLWN1,4.9490455857705555,Ex-post DWA
2024-01-07,WOODLWN1,3.4170035955493177,Ex-post DWA
2024-01-14,WOODLWN1,-4.612315387230211,Ex-post DWA
2024-01-21,WOODLWN1,25.859753156696,Ex-post DWA
2024-01-28,WOODLWN1,7.871711596462205,Ex-post DWA
2024-02-04,WOODLWN1,7.612782899517455,Ex-post DWA
2024-02-11,WOODLWN1,-1.6457017466289159,Ex-post DWA
2024-02-18,WOODLWN1,3.2261754307615575,Ex-post DWA
2024-02-25,WOODLWN1,29.118914499825863,Ex-post DWA
2024-03-03,WOODLWN1,-10.967927199184743,Ex-post DWA
2024-03-10,WOODLWN1,2.457209433138388,Ex-post DWA
2024-03-17,WOODLWN1,2.939757956427158,Ex-post DWA
2024-03-24,WOODLWN1,0.152380802314255,Ex-post DWA
2024-03-31,WOODLWN1,-0.12160071266995942,Ex-post DWA
2024-04-07,WOODLWN1,0.9103578325881045,Ex-post DWA
2024-04-14,WOODLWN1,8.796236113141987,Ex-post DWA
2024-04-21,WOODLWN1,10.160083999303936,Ex-post DWA
2024-04-28,WOODLWN1,-17.27480167499722,Ex-post DWA
2024-05-05,WOODLWN1,6.442401205954582,Ex-post DWA
2024-05-12,WOODLWN1,173.06995897510126,Ex-post DWA
2024-05-19,WOODLWN1,-4.466184028779097,Ex-post DWA
2024-05-26,WOODLWN1,80.5356367061531,Ex-post DWA
2024-06-02,WOODLWN1,-1.614604237524091,Ex-post DWA
2024-06-09,WOODLWN1,-4.253994726004009,Ex-post DWA
2024-06-16,WOODLWN1,-8.435457198619758,Ex-post DWA
2024-06-23,WOODLWN1,1.0975867086443714,Ex-post DWA
2024-06-30,WOODLWN1,6.1785492689352,Ex-post DWA
2024-07-07,WOODLWN1,6.302360230307357,Ex-post DWA
2024-07-14,WOODLWN1,-10.221627062351317,Ex-post DWA
2024-07-21,WOODLWN1,-0.10422960512113377,Ex-post DWA
2024-07-28,WOODLWN1,-1.0224638654569418,Ex-post DWA
2024-08-04,WOODLWN1,-16.185112811163634,Ex-post DWA
2024-08-11,WOODLWN1,-108.53937660315523,Ex-post DWA
2024-08-18,WOODLWN1,-14.92906005731379,Ex-post DWA
2024-08-25,WOODLWN1,0.25318834103624965,Ex-post DWA
2024-09-01,WOODLWN1,-1.8035282320317805,Ex-post DWA
2024-09-08,WOODLWN1,3.4113578364278823,Ex-post DWA
2024-09-15,WOODLWN1,-4.900873838472499,Ex-post DWA
2024-09-22,WOODLWN1,12.279238067793244,Ex-post DWA
2024-09-29,WOODLWN1,4.055819842811204,Ex-post DWA
2024-10-06,WOODLWN1,-16.392244317951032,Ex-post DWA
2024-10-13,WOODLWN1,-9.82252439551376,Ex-post DWA
2024-10-20,WOODLWN1,3.1872420364718295,Ex-post DWA
2024-10-27,WOODLWN1,27.930955025762373,Ex-post DWA
2024-11-03,WOODLWN1,2.794910270139731,Ex-post DWA
2024-11-10,WOODLWN1,266.55049231627606,Ex-post DWA
2024-11-17,WOODLWN1,16.756605284915622,Ex-post DWA
2024-11-24,WOODLWN1,12.900770539826254,Ex-post DWA
2024-12-01,WOODLWN1,109.59886161966847,Ex-post DWA
2024-12-08,WOODLWN1,-24.5838655200576,Ex-post DWA
2024-12-15,WOODLWN1,25.449720015779235,Ex-post DWA
2024-12-22,WOODLWN1,3.1345203848304664,Ex-post DWA
2024-12-29,WOODLWN1,-4.364897627047856,Ex-post DWA
2025-01-05,WOODLWN1,-6.238727176187396,Ex-post DWA
2020-01-05,WRWF1,-120.56977402108878,Ex-post DWA
2020-01-12,WRWF1,-1.697303557530276,Ex-post DWA
2020-01-19,WRWF1,-0.37932021172812824,Ex-post DWA
2020-01-26,WRWF1,12.216719512889426,Ex-post DWA
2020-02-02,WRWF1,87.78254681413821,Ex-post DWA
2020-02-09,WRWF1,1.623554947954851,Ex-post DWA
2020-02-16,WRWF1,1.5364046657312969,Ex-post DWA
2020-02-23,WRWF1,-2.235270168661998,Ex-post DWA
2020-03-01,WRWF1,2.378308801370949,Ex-post DWA
2020-03-08,WRWF1,-0.8279215875373964,Ex-post DWA
2020-03-15,WRWF1,0.3768919266393951,Ex-post DWA
2020-03-22,WRWF1,-0.010113610663033512,Ex-post DWA
2020-03-29,WRWF1,0.9183803786726941,Ex-post DWA
2020-04-05,WRWF1,0.7382308962718227,Ex-post DWA
2020-04-12,WRWF1,1.3302655707218491,Ex-post DWA
2020-04-19,WRWF1,-1.4429418875293578,Ex-post DWA
2020-04-26,WRWF1,0.6698940590566806,Ex-post DWA
2020-05-03,WRWF1,-0.24078807389323487,Ex-post DWA
2020-05-10,WRWF1,1.6518039216769438,Ex-post DWA
2020-05-17,WRWF1,0.5205929724691458,Ex-post DWA
2020-05-24,WRWF1,0.8785804946105742,Ex-post DWA
2020-05-31,WRWF1,1.880519863121485,Ex-post DWA
2020-06-07,WRWF1,0.003307400370502478,Ex-post DWA
2020-06-14,WRWF1,15.750839796222131,Ex-post DWA
2020-06-21,WRWF1,1.9684920741339553,Ex-post DWA
2020-06-28,WRWF1,0.035894210937442494,Ex-post DWA
2020-07-05,WRWF1,-0.04243411821325793,Ex-post DWA
2020-07-12,WRWF1,-0.3383920703100358,Ex-post DWA
2020-07-19,WRWF1,5.120190419783327,Ex-post DWA
2020-07-26,WRWF1,1.0121581564443645,Ex-post DWA
2020-08-02,WRWF1,0.13948595985645795,Ex-post DWA
2020-08-09,WRWF1,1.2625379301693513,Ex-post DWA
2020-08-16,WRWF1,-0.03658718857308685,Ex-post DWA
2020-08-23,WRWF1,0.20488091278081555,Ex-post DWA
2020-08-30,WRWF1,0.3623865474376373,Ex-post DWA
2020-09-06,WRWF1,-1.3567296242618667,Ex-post DWA
2020-09-13,WRWF1,1.0571651336582875,Ex-post DWA
2020-09-20,WRWF1,0.9663564337217707,Ex-post DWA
2020-09-27,WRWF1,-0.16707938071721884,Ex-post DWA
2020-10-04,WRWF1,1.9031581598819614,Ex-post DWA
2020-10-11,WRWF1,-3.016279585072837,Ex-post DWA
2020-10-18,WRWF1,0.07116464462806249,Ex-post DWA
2020-10-25,WRWF1,-4.790794211324737,Ex-post DWA
2020-11-01,WRWF1,-1.1710907796450272,Ex-post DWA
2020-11-08,WRWF1,0.6815261697856485,Ex-post DWA
2020-11-15,WRWF1,1.0650406521303069,Ex-post DWA
2020-11-22,WRWF1,-3.550325764647795,Ex-post DWA
2020-11-29,WRWF1,-2.3325105389795837,Ex-post DWA
2020-12-06,WRWF1,1.273128375102182,Ex-post DWA
2020-12-13,WRWF1,-1.8947196217659084,Ex-post DWA
2020-12-20,WRWF1,0.6549140831907039,Ex-post DWA
2020-12-27,WRWF1,0.9140598451126678,Ex-post DWA
2021-01-03,WRWF1,0.14446189727309644,Ex-post DWA
2021-01-10,WRWF1,-0.17791066598132943,Ex-post DWA
2021-01-17,WRWF1,0.1876695223921132,Ex-post DWA
2021-01-24,WRWF1,0.6433807162146437,Ex-post DWA
2021-01-31,WRWF1,-0.6753905396131685,Ex-post DWA
2021-02-07,WRWF1,0.06269265704044358,Ex-post DWA
2021-02-14,WRWF1,0.05653715421314587,Ex-post DWA
2021-02-21,WRWF1,0.426158304441536,Ex-post DWA
2021-02-28,WRWF1,-0.6174748472115539,Ex-post DWA
2021-03-07,WRWF1,-0.9372327923494765,Ex-post DWA
2021-03-14,WRWF1,1.452531830818053,Ex-post DWA
2021-03-21,WRWF1,-0.21259335811860325,Ex-post DWA
2021-03-28,WRWF1,0.9842478284776917,Ex-post DWA
2021-04-04,WRWF1,-0.6851367360172063,Ex-post DWA
2021-04-11,WRWF1,6.938697419765084,Ex-post DWA
2021-04-18,WRWF1,8.115305724092508,Ex-post DWA
2021-04-25,WRWF1,-1.1900587224478727,Ex-post DWA
2021-05-02,WRWF1,-5.544165318445025,Ex-post DWA
2021-05-09,WRWF1,6.079968510045255,Ex-post DWA
2021-05-16,WRWF1,-0.4034541257526385,Ex-post DWA
2021-05-23,WRWF1,11.680115587650107,Ex-post DWA
2021-05-30,WRWF1,-9.07353279574724,Ex-post DWA
2021-06-06,WRWF1,38.76028398845793,Ex-post DWA
2021-06-13,WRWF1,37.69444961504678,Ex-post DWA
2021-06-20,WRWF1,-9.525542116402548,Ex-post DWA
2021-06-27,WRWF1,13.891471117426875,Ex-post DWA
2021-07-04,WRWF1,-1.7391989974323963,Ex-post DWA
2021-07-11,WRWF1,8.663517686128586,Ex-post DWA
2021-07-18,WRWF1,-15.554414729603693,Ex-post DWA
2021-07-25,WRWF1,0.5268401650058792,Ex-post DWA
2021-08-01,WRWF1,-0.8394251731664539,Ex-post DWA
2021-08-08,WRWF1,-1.194362971613863,Ex-post DWA
2021-08-15,WRWF1,3.582569286817062,Ex-post DWA
2021-08-22,WRWF1,12.017325334720503,Ex-post DWA
2021-08-29,WRWF1,5.411972839496485,Ex-post DWA
2021-09-05,WRWF1,-1.0255122014606357,Ex-post DWA
2021-09-12,WRWF1,13.695203625364751,Ex-post DWA
2021-09-19,WRWF1,7.015632991966875,Ex-post DWA
2021-09-26,WRWF1,8.548457284451509,Ex-post DWA
2021-10-03,WRWF1,5.983170231582491,Ex-post DWA
2021-10-10,WRWF1,15.72589475979651,Ex-post DWA
2021-10-17,WRWF1,2.2507689405223843,Ex-post DWA
2021-10-24,WRWF1,-3.252903873718836,Ex-post DWA
2021-10-31,WRWF1,-6.172081617008658,Ex-post DWA
2021-11-07,WRWF1,-0.09398844812898233,Ex-post DWA
2021-11-14,WRWF1,2.0324976077659755,Ex-post DWA
2021-11-21,WRWF1,0.07164588977717301,Ex-post DWA
2021-11-28,WRWF1,-3.238650381732249,Ex-post DWA
2021-12-05,WRWF1,-0.07861375255757252,Ex-post DWA
2021-12-12,WRWF1,-0.9120925798678741,Ex-post DWA
2021-12-19,WRWF1,4.846976260532443,Ex-post DWA
2021-12-26,WRWF1,0.9404108168948397,Ex-post DWA
2022-01-02,WRWF1,1.2125399353209474,Ex-post DWA
2022-01-09,WRWF1,-0.5472042032223641,Ex-post DWA
2022-01-16,WRWF1,3.020952498628702,Ex-post DWA
2022-01-23,WRWF1,-0.32573525091594746,Ex-post DWA
2022-01-30,WRWF1,0.2523635040257943,Ex-post DWA
2022-02-06,WRWF1,-1.4548538831994122,Ex-post DWA
2022-02-13,WRWF1,-0.8668297589473184,Ex-post DWA
2022-02-20,WRWF1,0.08900256211377666,Ex-post DWA
2022-02-27,WRWF1,-4.030366684203628,Ex-post DWA
2022-03-06,WRWF1,-1.24798964625721,Ex-post DWA
2022-03-13,WRWF1,-6.180577264850399,Ex-post DWA
2022-03-20,WRWF1,1.0609384189531283,Ex-post DWA
2022-03-27,WRWF1,-1.108310871906653,Ex-post DWA
2022-04-03,WRWF1,-7.089850789708436,Ex-post DWA
2022-04-10,WRWF1,-5.993921457962443,Ex-post DWA
2022-04-17,WRWF1,-11.097656997532738,Ex-post DWA
2022-04-24,WRWF1,-6.297739648502244,Ex-post DWA
2022-05-01,WRWF1,-3.4339351569028054,Ex-post DWA
2022-05-08,WRWF1,57.875462709723024,Ex-post DWA
2022-05-15,WRWF1,6.092566281734321,Ex-post DWA
2022-05-22,WRWF1,22.698043475646585,Ex-post DWA
2022-05-29,WRWF1,-2.535480957211405,Ex-post DWA
2022-06-05,WRWF1,14.906570448785601,Ex-post DWA
2022-06-12,WRWF1,10.809169152631,Ex-post DWA
2022-06-19,WRWF1,-37.890000903624866,Ex-post DWA
2022-06-26,WRWF1,18.515056086148377,Ex-post DWA
2022-07-03,WRWF1,40.95510268405906,Ex-post DWA
2022-07-10,WRWF1,6.58342420730969,Ex-post DWA
2022-07-17,WRWF1,59.46731046420115,Ex-post DWA
2022-07-24,WRWF1,-0.9545201152842537,Ex-post DWA
2022-07-31,WRWF1,-6.527891791520517,Ex-post DWA
2022-08-07,WRWF1,12.760780548983348,Ex-post DWA
2022-08-14,WRWF1,3.539973738337409,Ex-post DWA
2022-08-21,WRWF1,22.18623291300284,Ex-post DWA
2022-08-28,WRWF1,9.766290252917202,Ex-post DWA
2022-09-04,WRWF1,10.582603780546947,Ex-post DWA
2022-09-11,WRWF1,2.2600694851445553,Ex-post DWA
2022-09-18,WRWF1,3.683640973439992,Ex-post DWA
2022-09-25,WRWF1,3.728609321879077,Ex-post DWA
2022-10-02,WRWF1,3.352245101890162,Ex-post DWA
2022-10-09,WRWF1,4.84830783305523,Ex-post DWA
2022-10-16,WRWF1,3.909291414646333,Ex-post DWA
2022-10-23,WRWF1,-5.958389352722804,Ex-post DWA
2022-10-30,WRWF1,5.641245029977824,Ex-post DWA
2022-11-06,WRWF1,-0.7480446542671046,Ex-post DWA
2022-11-13,WRWF1,-4.152195021192497,Ex-post DWA
2022-11-20,WRWF1,0.181029429100505,Ex-post DWA
2022-11-27,WRWF1,-12.573583597834599,Ex-post DWA
2022-12-04,WRWF1,-9.121866088997734,Ex-post DWA
2022-12-11,WRWF1,-5.505800959261393,Ex-post DWA
2022-12-18,WRWF1,-4.7819983631865455,Ex-post DWA
2022-12-25,WRWF1,5.102157401943273,Ex-post DWA
2023-01-01,WRWF1,-1.533951287812073,Ex-post DWA
2023-01-08,WRWF1,5.544603531496705,Ex-post DWA
2023-01-15,WRWF1,4.095921334037328,Ex-post DWA
2023-01-22,WRWF1,3.4550004989741865,Ex-post DWA
2023-01-29,WRWF1,3.435210522356499,Ex-post DWA
2023-02-05,WRWF1,7.205572299409468,Ex-post DWA
2023-02-12,WRWF1,9.539236726909678,Ex-post DWA
2023-02-19,WRWF1,1.611881242452469,Ex-post DWA
2023-02-26,WRWF1,9.669509842321645,Ex-post DWA
2023-03-05,WRWF1,-2.4653934475571475,Ex-post DWA
2023-03-12,WRWF1,4.452639408130523,Ex-post DWA
2023-03-19,WRWF1,-28.357004111340473,Ex-post DWA
2023-03-26,WRWF1,1.9772512504280968,Ex-post DWA
2023-04-02,WRWF1,1.6411440694082131,Ex-post DWA
2023-04-09,WRWF1,31.466666130479325,Ex-post DWA
2023-04-16,WRWF1,1.6910240402390855,Ex-post DWA
2023-04-23,WRWF1,-5.1063996087546,Ex-post DWA
2023-04-30,WRWF1,-12.090320889716466,Ex-post DWA
2023-05-07,WRWF1,0.24692195345710388,Ex-post DWA
2023-05-14,WRWF1,3.760257773800703,Ex-post DWA
2023-05-21,WRWF1,-5.932122049608068,Ex-post DWA
2023-05-28,WRWF1,-41.14178328857349,Ex-post DWA
2023-06-04,WRWF1,-12.908820902173531,Ex-post DWA
2023-06-11,WRWF1,-1.3448889641403525,Ex-post DWA
2023-06-18,WRWF1,1.6192345807057507,Ex-post DWA
2023-06-25,WRWF1,1.1699622109194792,Ex-post DWA
2023-07-02,WRWF1,5.092740262640561,Ex-post DWA
2023-07-09,WRWF1,17.800603592081558,Ex-post DWA
2023-07-16,WRWF1,15.763974399801498,Ex-post DWA
2023-07-23,WRWF1,6.340807099006639,Ex-post DWA
2023-07-30,WRWF1,17.172784080768423,Ex-post DWA
2023-08-06,WRWF1,12.837750770742375,Ex-post DWA
2023-08-13,WRWF1,0.8866509665845541,Ex-post DWA
2023-08-20,WRWF1,5.979987289144987,Ex-post DWA
2023-08-27,WRWF1,-4.895423832164667,Ex-post DWA
2023-09-03,WRWF1,-8.040572579182296,Ex-post DWA
2023-09-10,WRWF1,1.979430638726214,Ex-post DWA
2023-09-17,WRWF1,32.064283383852995,Ex-post DWA
2023-09-24,WRWF1,0.9449340875622738,Ex-post DWA
2023-10-01,WRWF1,18.074185729921723,Ex-post DWA
2023-10-08,WRWF1,1.4038856066039216,Ex-post DWA
2023-10-15,WRWF1,16.401528871307452,Ex-post DWA
2023-10-22,WRWF1,17.514772222667396,Ex-post DWA
2023-10-29,WRWF1,-4.79184091883684,Ex-post DWA
2023-11-05,WRWF1,12.948891968191937,Ex-post DWA
2023-11-12,WRWF1,10.324903661906646,Ex-post DWA
2023-11-19,WRWF1,-9.375376318974844,Ex-post DWA
2023-11-26,WRWF1,5.175442437117368,Ex-post DWA
2023-12-03,WRWF1,-4.502985018549381,Ex-post DWA
2023-12-10,WRWF1,-3.947890540933983,Ex-post DWA
2023-12-17,WRWF1,-1.270972748723878,Ex-post DWA
2023-12-24,WRWF1,4.6260996293527015,Ex-post DWA
2023-12-31,WRWF1,1.9828447815866568,Ex-post DWA
2024-01-07,WRWF1,1.1656211349980055,Ex-post DWA
2024-01-14,WRWF1,8.781426491168077,Ex-post DWA
2024-01-21,WRWF1,-43.67398917436515,Ex-post DWA
2024-01-28,WRWF1,3.9262961057841608,Ex-post DWA
2024-02-04,WRWF1,-2.339148623726061,Ex-post DWA
2024-02-11,WRWF1,0.47332148430791676,Ex-post DWA
2024-02-18,WRWF1,4.377250061947905,Ex-post DWA
2024-02-25,WRWF1,-4.952459928928903,Ex-post DWA
2024-03-03,WRWF1,8.966322806634793,Ex-post DWA
2024-03-10,WRWF1,-0.5230607777465934,Ex-post DWA
2024-03-17,WRWF1,4.384258385837796,Ex-post DWA
2024-03-24,WRWF1,0.2845948802206095,Ex-post DWA
2024-03-31,WRWF1,4.972300584421632,Ex-post DWA
2024-04-07,WRWF1,2.5357646825273292,Ex-post DWA
2024-04-14,WRWF1,-6.62951111573004,Ex-post DWA
2024-04-21,WRWF1,-9.558462429647747,Ex-post DWA
2024-04-28,WRWF1,7.203747984336786,Ex-post DWA
2024-05-05,WRWF1,35.028806645089645,Ex-post DWA
2024-05-12,WRWF1,277.73220449782013,Ex-post DWA
2024-05-19,WRWF1,25.33622137458846,Ex-post DWA
2024-05-26,WRWF1,2.8273636801170596,Ex-post DWA
2024-06-02,WRWF1,14.94533438443699,Ex-post DWA
2024-06-09,WRWF1,-4.396868273509327,Ex-post DWA
2024-06-16,WRWF1,8.013995473524801,Ex-post DWA
2024-06-23,WRWF1,-17.754724533272395,Ex-post DWA
2024-06-30,WRWF1,-2.1402482969580916,Ex-post DWA
2024-07-07,WRWF1,-1.9893481571811833,Ex-post DWA
2024-07-14,WRWF1,2.6399172476545516,Ex-post DWA
2024-07-21,WRWF1,7.61955956884988,Ex-post DWA
2024-07-28,WRWF1,7.848147433858557,Ex-post DWA
2024-08-04,WRWF1,-3.2466556322646056,Ex-post DWA
2024-08-11,WRWF1,-41.52003638999247,Ex-post DWA
2024-08-18,WRWF1,4.722686463549707,Ex-post DWA
2024-08-25,WRWF1,11.394685260007577,Ex-post DWA
2024-09-01,WRWF1,7.709688014009984,Ex-post DWA
2024-09-08,WRWF1,1.8036444910325145,Ex-post DWA
2024-09-15,WRWF1,19.12768933133411,Ex-post DWA
2024-09-22,WRWF1,9.368999202985165,Ex-post DWA
2024-09-29,WRWF1,-9.824349780879189,Ex-post DWA
2024-10-06,WRWF1,11.290871854733453,Ex-post DWA
2024-10-13,WRWF1,5.929627384147722,Ex-post DWA
2024-10-20,WRWF1,-2.0661965237474504,Ex-post DWA
2024-10-27,WRWF1,21.41952445670057,Ex-post DWA
2024-11-03,WRWF1,13.175642875345524,Ex-post DWA
2024-11-10,WRWF1,267.504013326277,Ex-post DWA
2024-11-17,WRWF1,15.47961459898616,Ex-post DWA
2024-11-24,WRWF1,-3.06969680462268,Ex-post DWA
2024-12-01,WRWF1,-11.49065510676229,Ex-post DWA
2024-12-08,WRWF1,20.13274522346117,Ex-post DWA
2024-12-15,WRWF1,31.173137760692953,Ex-post DWA
2024-12-22,WRWF1,16.093266263666806,Ex-post DWA
2024-12-29,WRWF1,29.949596360651686,Ex-post DWA
2025-01-05,WRWF1,4.440599731831668,Ex-post DWA
2020-01-05,BOCORWF1,395.43897551117874,ToD blocks
2020-01-12,BOCORWF1,2.0987398431457223,ToD blocks
2020-01-19,BOCORWF1,1.1994680739520902,ToD blocks
2020-01-26,BOCORWF1,-22.5583589938757,ToD blocks
2020-02-02,BOCORWF1,-82.89860851335976,ToD blocks
2020-02-09,BOCORWF1,-2.1794105093912677,ToD blocks
2020-02-16,BOCORWF1,-0.8698974672732405,ToD blocks
2020-02-23,BOCORWF1,1.0166381596912473,ToD blocks
2020-03-01,BOCORWF1,-1.9855464880329308,ToD blocks
2020-03-08,BOCORWF1,2.0629847101162824,ToD blocks
2020-03-15,BOCORWF1,0.304346906605538,ToD blocks
2020-03-22,BOCORWF1,-0.08607613094500266,ToD blocks
2020-03-29,BOCORWF1,-0.3118758038590883,ToD blocks
2020-04-05,BOCORWF1,-2.4047726747175275,ToD blocks
2020-04-12,BOCORWF1,-8.364901617056454,ToD blocks
2020-04-19,BOCORWF1,-4.067769353863639,ToD blocks
2020-04-26,BOCORWF1,-2.129036757505226,ToD blocks
2020-05-03,BOCORWF1,-1.4092996481394522,ToD blocks
2020-05-10,BOCORWF1,-3.8145952003381822,ToD blocks
2020-05-17,BOCORWF1,-3.2308290257322767,ToD blocks
2020-05-24,BOCORWF1,-1.0679876362723633,ToD blocks
2020-05-31,BOCORWF1,-4.667088045451003,ToD blocks
2020-06-07,BOCORWF1,-7.117330359147346,ToD blocks
2020-06-14,BOCORWF1,-23.203941895443492,ToD blocks
2020-06-21,BOCORWF1,-2.9318371276826056,ToD blocks
2020-06-28,BOCORWF1,1.6195098313115608,ToD blocks
2020-07-05,BOCORWF1,-0.22359363764852702,ToD blocks
2020-07-12,BOCORWF1,-0.03244693390725217,ToD blocks
2020-07-19,BOCORWF1,-4.043002083467243,ToD blocks
2020-07-26,BOCORWF1,-14.52660427944162,ToD blocks
2020-08-02,BOCORWF1,-2.0143967002560146,ToD blocks
2020-08-09,BOCORWF1,-1.6223011745005351,ToD blocks
2020-08-16,BOCORWF1,-3.8653410169218674,ToD blocks
2020-08-23,BOCORWF1,-0.21203977719189027,ToD blocks
2020-08-30,BOCORWF1,-20.929627630624452,ToD blocks
2020-09-06,BOCORWF1,-2.274729632986265,ToD blocks
2020-09-13,BOCORWF1,-1.9754665735012367,ToD blocks
2020-09-20,BOCORWF1,-2.978363976163564,ToD blocks
2020-09-27,BOCORWF1,-2.4492008135463976,ToD blocks
2020-10-04,BOCORWF1,-4.059324630734615,ToD blocks
2020-10-11,BOCORWF1,-9.604002304912704,ToD blocks
2020-10-18,BOCORWF1,0.2787701607895343,ToD blocks
2020-10-25,BOCORWF1,-15.773507576206299,ToD blocks
2020-11-01,BOCORWF1,-0.492487480521028,ToD blocks
2020-11-08,BOCORWF1,1.8165210765257598,ToD blocks
2020-11-15,BOCORWF1,-0.48637758483626214,ToD blocks
2020-11-22,BOCORWF1,75.779165501241,ToD blocks
2020-11-29,BOCORWF1,7.715243771131817,ToD blocks
2020-12-06,BOCORWF1,0.692051459810699,ToD blocks
2020-12-13,BOCORWF1,-0.5481326267924516,ToD blocks
2020-12-20,BOCORWF1,-98.0922392056062,ToD blocks
2020-12-27,BOCORWF1,-1.7624326185156818,ToD blocks
2021-01-03,BOCORWF1,-0.7584653249555089,ToD blocks
2021-01-10,BOCORWF1,0.9694923481235875,ToD blocks
2021-01-17,BOCORWF1,-6.438797515398832,ToD blocks
2021-01-24,BOCORWF1,-0.16216847077289032,ToD blocks
2021-01-31,BOCORWF1,-0.42356374707879496,ToD blocks
2021-02-07,BOCORWF1,0.037128453403020956,ToD blocks
2021-02-14,BOCORWF1,-0.10902085960847074,ToD blocks
2021-02-21,BOCORWF1,1.6380307234512799,ToD blocks
2021-02-28,BOCORWF1,0.8821661536491803,ToD blocks
2021-03-07,BOCORWF1,-0.03768480902488136,ToD blocks
2021-03-14,BOCORWF1,-0.8634284557085863,ToD blocks
2021-03-21,BOCORWF1,0.7905199645148855,ToD blocks
2021-03-28,BOCORWF1,1.7952591235730395,ToD blocks
2021-04-04,BOCORWF1,3.126723744746158,ToD blocks
2021-04-11,BOCORWF1,-7.712781565982077,ToD blocks
2021-04-18,BOCORWF1,-5.886695859596244,ToD blocks
2021-04-25,BOCORWF1,-6.038252878264501,ToD blocks
2021-05-02,BOCORWF1,-16.328477833375594,ToD blocks
2021-05-09,BOCORWF1,-5.4742759729904975,ToD blocks
2021-05-16,BOCORWF1,-8.683877551733367,ToD blocks
2021-05-23,BOCORWF1,-109.32798463736536,ToD blocks
2021-05-30,BOCORWF1,35.57838269249743,ToD blocks
2021-06-06,BOCORWF1,-87.5425503966417,ToD blocks
2021-06-13,BOCORWF1,-47.34844384715734,ToD blocks
2021-06-20,BOCORWF1,-78.0987216698374,ToD blocks
2021-06-27,BOCORWF1,-29.177984432539247,ToD blocks
2021-07-04,BOCORWF1,-3.8330008246433778,ToD blocks
2021-07-11,BOCORWF1,-52.21969441237002,ToD blocks
2021-07-18,BOCORWF1,-7.016439398095017,ToD blocks
2021-07-25,BOCORWF1,-34.94602629511532,ToD blocks
2021-08-01,BOCORWF1,-3.203940853165882,ToD blocks
2021-08-08,BOCORWF1,-4.7773634743372,ToD blocks
2021-08-15,BOCORWF1,-0.5248505056948645,ToD blocks
2021-08-22,BOCORWF1,-9.913653501483367,ToD blocks
2021-08-29,BOCORWF1,-4.049740919732727,ToD blocks
2021-09-05,BOCORWF1,-2.717454409590566,ToD blocks
2021-09-12,BOCORWF1,-4.787817256560491,ToD blocks
2021-09-19,BOCORWF1,-5.841573678423245,ToD blocks
2021-09-26,BOCORWF1,-2.525153696970186,ToD blocks
2021-10-03,BOCORWF1,-1.9979235526559052,ToD blocks
2021-10-10,BOCORWF1,0.8858138414863745,ToD blocks
2021-10-17,BOCORWF1,2.5880793332805325,ToD blocks
2021-10-24,BOCORWF1,-4.054735809003134,ToD blocks
2021-10-31,BOCORWF1,0.37782612320143016,ToD blocks
2021-11-07,BOCORWF1,-2.895675786067244,ToD blocks
2021-11-14,BOCORWF1,-15.228854090184477,ToD blocks
2021-11-21,BOCORWF1,-2.06609027155217,ToD blocks
2021-11-28,BOCORWF1,8.121985209292575,ToD blocks
2021-12-05,BOCORWF1,-3.225993817134949,ToD blocks
2021-12-12,BOCORWF1,1.3003165078747685,ToD blocks
2021-12-19,BOCORWF1,-0.9907692749953299,ToD blocks
2021-12-26,BOCORWF1,6.9678800980634605,ToD blocks
2022-01-02,BOCORWF1,23.32988728621359,ToD blocks
2022-01-09,BOCORWF1,1.395806208174747,ToD blocks
2022-01-16,BOCORWF1,-4.816887141857137,ToD blocks
2022-01-23,BOCORWF1,3.3288863249235447,ToD blocks
2022-01-30,BOCORWF1,-3.7255908904495953,ToD blocks
2022-02-06,BOCORWF1,-9.91421335618979,ToD blocks
2022-02-13,BOCORWF1,-0.03163359188631887,ToD blocks
2022-02-20,BOCORWF1,-0.15814025098194406,ToD blocks
2022-02-27,BOCORWF1,4.644197212921441,ToD blocks
2022-03-06,BOCORWF1,-1.495913552805547,ToD blocks
2022-03-13,BOCORWF1,0.4733000595395538,ToD blocks
2022-03-20,BOCORWF1,-1.4309838510027788,ToD blocks
2022-03-27,BOCORWF1,-0.15039077336632545,ToD blocks
2022-04-03,BOCORWF1,,ToD blocks
2022-04-10,BOCORWF1,,ToD blocks
2022-04-17,BOCORWF1,,ToD blocks
2022-04-24,BOCORWF1,,ToD blocks
2022-05-01,BOCORWF1,47.7240014058942,ToD blocks
2022-05-08,BOCORWF1,-119.00603303991522,ToD blocks
2022-05-15,BOCORWF1,-6.681171644928099,ToD blocks
2022-05-22,BOCORWF1,-19.088057678751568,ToD blocks
2022-05-29,BOCORWF1,11.103333894676098,ToD blocks
2022-06-05,BOCORWF1,-61.73732676660893,ToD blocks
2022-06-12,BOCORWF1,-13.650080528863043,ToD blocks
2022-06-19,BOCORWF1,-53.369928363322515,ToD blocks
2022-06-26,BOCORWF1,22.464532034147226,ToD blocks
2022-07-03,BOCORWF1,-4.92287069828302,ToD blocks
2022-07-10,BOCORWF1,-19.637294420928242,ToD blocks
2022-07-17,BOCORWF1,-112.48409179027186,ToD blocks
2022-07-24,BOCORWF1,-23.371922728027414,ToD blocks
2022-07-31,BOCORWF1,-23.519020898007142,ToD blocks
2022-08-07,BOCORWF1,-16.25127358017383,ToD blocks
2022-08-14,BOCORWF1,-33.37393137590723,ToD blocks
2022-08-21,BOCORWF1,-9.82624088205219,ToD blocks
2022-08-28,BOCORWF1,-8.507368240486727,ToD blocks
2022-09-04,BOCORWF1,-15.187985743824953,ToD blocks
2022-09-11,BOCORWF1,4.391609027196068,ToD blocks
2022-09-18,BOCORWF1,-19.89135283933328,ToD blocks
2022-09-25,BOCORWF1,-4.210926024324749,ToD blocks
2022-10-02,BOCORWF1,-16.108465302709718,ToD blocks
2022-10-09,BOCORWF1,16.609771005868424,ToD blocks
2022-10-16,BOCORWF1,1.9225638058461811,ToD blocks
2022-10-23,BOCORWF1,-2.7126285948816076,ToD blocks
2022-10-30,BOCORWF1,-7.7275085035415145,ToD blocks
2022-11-06,BOCORWF1,5.313174283280844,ToD blocks
2022-11-13,BOCORWF1,9.239885869411182,ToD blocks
2022-11-20,BOCORWF1,-21.3787351584147,ToD blocks
2022-11-27,BOCORWF1,-13.778832046031582,ToD blocks
2022-12-04,BOCORWF1,6.765916462033715,ToD blocks
2022-12-11,BOCORWF1,-11.175338274002954,ToD blocks
2022-12-18,BOCORWF1,8.620196780821189,ToD blocks
2022-12-25,BOCORWF1,15.03830312748282,ToD blocks
2023-01-01,BOCORWF1,-5.811870555875856,ToD blocks
2023-01-08,BOCORWF1,7.049086194437621,ToD blocks
2023-01-15,BOCORWF1,-0.3503256321367587,ToD blocks
2023-01-22,BOCORWF1,8.320112950757718,ToD blocks
2023-01-29,BOCORWF1,-7.032040801755954,ToD blocks
2023-02-05,BOCORWF1,-12.60683227856758,ToD blocks
2023-02-12,BOCORWF1,-14.236503486339515,ToD blocks
2023-02-19,BOCORWF1,8.630481193768318,ToD blocks
2023-02-26,BOCORWF1,-7.996686791238972,ToD blocks
2023-03-05,BOCORWF1,9.232234598092461,ToD blocks
2023-03-12,BOCORWF1,-0.8659057116863238,ToD blocks
2023-03-19,BOCORWF1,74.59743518286385,ToD blocks
2023-03-26,BOCORWF1,-1.7906408217553178,ToD blocks
2023-04-02,BOCORWF1,-13.199611451789835,ToD blocks
2023-04-09,BOCORWF1,-36.53128580723417,ToD blocks
2023-04-16,BOCORWF1,-9.385643819959725,ToD blocks
2023-04-23,BOCORWF1,12.799474189224611,ToD blocks
2023-04-30,BOCORWF1,-4.142610269485132,ToD blocks
2023-05-07,BOCORWF1,-28.502638498137486,ToD blocks
2023-05-14,BOCORWF1,-12.200554721111502,ToD blocks
2023-05-21,BOCORWF1,-17.861592107199925,ToD blocks
2023-05-28,BOCORWF1,0.5654090821879549,ToD blocks
2023-06-04,BOCORWF1,-24.383192171518857,ToD blocks
2023-06-11,BOCORWF1,-3.3384146598881017,ToD blocks
2023-06-18,BOCORWF1,-0.2473958364363682,ToD blocks
2023-06-25,BOCORWF1,-26.91015289790998,ToD blocks
2023-07-02,BOCORWF1,-10.500642345073317,ToD blocks
2023-07-09,BOCORWF1,-25.42592119895565,ToD blocks
2023-07-16,BOCORWF1,-10.08995808457162,ToD blocks
2023-07-23,BOCORWF1,-2.6198081005835974,ToD blocks
2023-07-30,BOCORWF1,-12.432436113583734,ToD blocks
2023-08-06,BOCORWF1,-20.472478860574498,ToD blocks
2023-08-13,BOCORWF1,-2.029235646529358,ToD blocks
2023-08-20,BOCORWF1,-46.67033519464695,ToD blocks
2023-08-27,BOCORWF1,12.467974098328341,ToD blocks
2023-09-03,BOCORWF1,1.862272337056467,ToD blocks
2023-09-10,BOCORWF1,-4.182720814038348,ToD blocks
2023-09-17,BOCORWF1,-18.294794363885977,ToD blocks
2023-09-24,BOCORWF1,11.085210322764183,ToD blocks
2023-10-01,BOCORWF1,-8.34701125937574,ToD blocks
2023-10-08,BOCORWF1,1.4475373596917294,ToD blocks
2023-10-15,BOCORWF1,-13.41561831169593,ToD blocks
2023-10-22,BOCORWF1,-10.27424444984505,ToD blocks
2023-10-29,BOCORWF1,4.51275875029809,ToD blocks
2023-11-05,BOCORWF1,-10.02357903616933,ToD blocks
2023-11-12,BOCORWF1,-29.19806773544363,ToD blocks
2023-11-19,BOCORWF1,8.191679850170289,ToD blocks
2023-11-26,BOCORWF1,-3.962823124399989,ToD blocks
2023-12-03,BOCORWF1,-2.91812185427284,ToD blocks
2023-12-10,BOCORWF1,21.61931124001957,ToD blocks
2023-12-17,BOCORWF1,-2.821029894457638,ToD blocks
2023-12-24,BOCORWF1,8.054124297874097,ToD blocks
2023-12-31,BOCORWF1,-17.391729686672264,ToD blocks
2024-01-07,BOCORWF1,4.651082896564226,ToD blocks
2024-01-14,BOCORWF1,2.174920211073939,ToD blocks
2024-01-21,BOCORWF1,-2.837036382157251,ToD blocks
2024-01-28,BOCORWF1,5.6984066768532955,ToD blocks
2024-02-04,BOCORWF1,37.54064931236016,ToD blocks
2024-02-11,BOCORWF1,-2.167348553410875,ToD blocks
2024-02-18,BOCORWF1,2.2160718534201465,ToD blocks
2024-02-25,BOCORWF1,41.01182579954255,ToD blocks
2024-03-03,BOCORWF1,138.38574711909942,ToD blocks
2024-03-10,BOCORWF1,8.884528108291008,ToD blocks
2024-03-17,BOCORWF1,-2.591611691043397,ToD blocks
2024-03-24,BOCORWF1,7.67360080773129,ToD blocks
2024-03-31,BOCORWF1,0.2967274203456043,ToD blocks
2024-04-07,BOCORWF1,-5.186569474363054,ToD blocks
2024-04-14,BOCORWF1,-3.5186220824941046,ToD blocks
2024-04-21,BOCORWF1,0.723809936750115,ToD blocks
2024-04-28,BOCORWF1,-8.37091328829105,ToD blocks
2024-05-05,BOCORWF1,-19.843003797699694,ToD blocks
2024-05-12,BOCORWF1,-596.8603288341393,ToD blocks
2024-05-19,BOCORWF1,-30.49206988999518,ToD blocks
2024-05-26,BOCORWF1,-21.17034783762176,ToD blocks
2024-06-02,BOCORWF1,-15.510552309058625,ToD blocks
2024-06-09,BOCORWF1,-19.14867639078375,ToD blocks
2024-06-16,BOCORWF1,-38.26172495640941,ToD blocks
2024-06-23,BOCORWF1,-32.482471140637784,ToD blocks
2024-06-30,BOCORWF1,-4.7568355718545945,ToD blocks
2024-07-07,BOCORWF1,0.0719038340598388,ToD blocks
2024-07-14,BOCORWF1,-8.394955548951202,ToD blocks
2024-07-21,BOCORWF1,-7.098562578611535,ToD blocks
2024-07-28,BOCORWF1,1.2516179923409823,ToD blocks
2024-08-04,BOCORWF1,-19.898879183777808,ToD blocks
2024-08-11,BOCORWF1,-221.1077864284076,ToD blocks
2024-08-18,BOCORWF1,-14.084678780227762,ToD blocks
2024-08-25,BOCORWF1,-10.265838874016879,ToD blocks
2024-09-01,BOCORWF1,-2.6203296869982893,ToD blocks
2024-09-08,BOCORWF1,2.4643312151046004,ToD blocks
2024-09-15,BOCORWF1,-1.6261392108885886,ToD blocks
2024-09-22,BOCORWF1,-5.256404205538004,ToD blocks
2024-09-29,BOCORWF1,-10.744464692610933,ToD blocks
2024-10-06,BOCORWF1,-14.461211567728604,ToD blocks
2024-10-13,BOCORWF1,-6.13494073741677,ToD blocks
2024-10-20,BOCORWF1,-8.753386074312886,ToD blocks
2024-10-27,BOCORWF1,4.150824016481337,ToD blocks
2024-11-03,BOCORWF1,-12.665372443345795,ToD blocks
2024-11-10,BOCORWF1,7.93189034498846,ToD blocks
2024-11-17,BOCORWF1,-38.682053110613424,ToD blocks
2024-11-24,BOCORWF1,-18.575255696982623,ToD blocks
2024-12-01,BOCORWF1,87.76452054540823,ToD blocks
2024-12-08,BOCORWF1,73.05279997485974,ToD blocks
2024-12-15,BOCORWF1,9.440521144076087,ToD blocks
2024-12-22,BOCORWF1,24.482321311669793,ToD blocks
2024-12-29,BOCORWF1,-9.2196406132501,ToD blocks
2025-01-05,BOCORWF1,17.403618920549675,ToD blocks
2020-01-05,BODWF1,-76.42085990802758,ToD blocks
2020-01-12,BODWF1,-1.3359955818452534,ToD blocks
2020-01-19,BODWF1,-1.669706983294681,ToD blocks
2020-01-26,BODWF1,25.442465143449027,ToD blocks
2020-02-02,BODWF1,-172.9513357600295,ToD blocks
2020-02-09,BODWF1,-0.13285096869510227,ToD blocks
2020-02-16,BODWF1,-1.195460891833747,ToD blocks
2020-02-23,BODWF1,-1.4827430895159566,ToD blocks
2020-03-01,BODWF1,-3.7562779120227177,ToD blocks
2020-03-08,BODWF1,-0.24708935090004047,ToD blocks
2020-03-15,BODWF1,-1.2813155470555984,ToD blocks
2020-03-22,BODWF1,-2.1803723534565265,ToD blocks
2020-03-29,BODWF1,-0.4761299236366767,ToD blocks
2020-04-05,BODWF1,-4.293416001080175,ToD blocks
2020-04-12,BODWF1,-3.101764842132795,ToD blocks
2020-04-19,BODWF1,-4.39570434587506,ToD blocks
2020-04-26,BODWF1,-1.9686166224446637,ToD blocks
2020-05-03,BODWF1,-2.0938492663886663,ToD blocks
2020-05-10,BODWF1,-1.8841175800411634,ToD blocks
2020-05-17,BODWF1,-1.5256127764008482,ToD blocks
2020-05-24,BODWF1,-0.027766848241114417,ToD blocks
2020-05-31,BODWF1,-4.913410435690508,ToD blocks
2020-06-07,BODWF1,-5.513483844475125,ToD blocks
2020-06-14,BODWF1,-7.511269938552715,ToD blocks
2020-06-21,BODWF1,-1.6021034270753205,ToD blocks
2020-06-28,BODWF1,-0.2501251909789417,ToD blocks
2020-07-05,BODWF1,-1.31074977268554,ToD blocks
2020-07-12,BODWF1,-2.0272765810779845,ToD blocks
2020-07-19,BODWF1,0.764026805967589,ToD blocks
2020-07-26,BODWF1,-11.384295940017111,ToD blocks
2020-08-02,BODWF1,-1.056489792451039,ToD blocks
2020-08-09,BODWF1,4.275183467925245,ToD blocks
2020-08-16,BODWF1,-0.9468740443108032,ToD blocks
2020-08-23,BODWF1,1.092232814971048,ToD blocks
2020-08-30,BODWF1,4.809509869948521,ToD blocks
2020-09-06,BODWF1,-1.7115524987902049,ToD blocks
2020-09-13,BODWF1,-1.819969744241142,ToD blocks
2020-09-20,BODWF1,-1.88173323985162,ToD blocks
2020-09-27,BODWF1,-1.6328962090503722,ToD blocks
2020-10-04,BODWF1,-0.14373426218010366,ToD blocks
2020-10-11,BODWF1,-1.4757308326706067,ToD blocks
2020-10-18,BODWF1,-0.7187546632877471,ToD blocks
2020-10-25,BODWF1,1.4712436867580863,ToD blocks
2020-11-01,BODWF1,3.942006505199096,ToD blocks
2020-11-08,BODWF1,-3.2472402536029676,ToD blocks
2020-11-15,BODWF1,-2.330937775561317,ToD blocks
2020-11-22,BODWF1,21.00502830808216,ToD blocks
2020-11-29,BODWF1,-7.88219561707762,ToD blocks
2020-12-06,BODWF1,3.7119844911489466,ToD blocks
2020-12-13,BODWF1,-2.1360243649681223,ToD blocks
2020-12-20,BODWF1,-43.413822889172124,ToD blocks
2020-12-27,BODWF1,-1.1689537535014054,ToD blocks
2021-01-03,BODWF1,0.30602730930882416,ToD blocks
2021-01-10,BODWF1,-0.14124325816811734,ToD blocks
2021-01-17,BODWF1,0.8368702446842775,ToD blocks
2021-01-24,BODWF1,-2.570601493600009,ToD blocks
2021-01-31,BODWF1,-0.8090264420933408,ToD blocks
2021-02-07,BODWF1,-0.057552133091476776,ToD blocks
2021-02-14,BODWF1,-0.7014963346879739,ToD blocks
2021-02-21,BODWF1,-0.08857030623016016,ToD blocks
2021-02-28,BODWF1,-1.0792376198000682,ToD blocks
2021-03-07,BODWF1,-0.3892007949651273,ToD blocks
2021-03-14,BODWF1,0.09123111173470733,ToD blocks
2021-03-21,BODWF1,0.4076386656112234,ToD blocks
2021-03-28,BODWF1,6.530551731692711,ToD blocks
2021-04-04,BODWF1,-1.0432485853195246,ToD blocks
2021-04-11,BODWF1,-6.172880185171962,ToD blocks
2021-04-18,BODWF1,-2.0713301645270903,ToD blocks
2021-04-25,BODWF1,-2.89123070548267,ToD blocks
2021-05-02,BODWF1,-8.644769447991479,ToD blocks
2021-05-09,BODWF1,-3.8284657534610957,ToD blocks
2021-05-16,BODWF1,-9.324582041019063,ToD blocks
2021-05-23,BODWF1,-17.745730058327524,ToD blocks
2021-05-30,BODWF1,5.947877067802693,ToD blocks
2021-06-06,BODWF1,-55.64115292410665,ToD blocks
2021-06-13,BODWF1,-30.665922007227692,ToD blocks
2021-06-20,BODWF1,-79.74187110716586,ToD blocks
2021-06-27,BODWF1,-1.0556472806315327,ToD blocks
2021-07-04,BODWF1,-5.396206325523977,ToD blocks
2021-07-11,BODWF1,-4.873033084465874,ToD blocks
2021-07-18,BODWF1,-1.9804530769034585,ToD blocks
2021-07-25,BODWF1,-20.80023569691022,ToD blocks
2021-08-01,BODWF1,-4.638749285466567,ToD blocks
2021-08-08,BODWF1,-0.09170327576134696,ToD blocks
2021-08-15,BODWF1,3.9145751435383076,ToD blocks
2021-08-22,BODWF1,-1.352005647096668,ToD blocks
2021-08-29,BODWF1,-1.2908143885343577,ToD blocks
2021-09-05,BODWF1,-2.0361702951156957,ToD blocks
2021-09-12,BODWF1,-3.221604550845335,ToD blocks
2021-09-19,BODWF1,2.8270441110463906,ToD blocks
2021-09-26,BODWF1,7.709449307844565,ToD blocks
2021-10-03,BODWF1,0.07508687706751971,ToD blocks
2021-10-10,BODWF1,-9.038478371369813,ToD blocks
2021-10-17,BODWF1,-2.8632333523022666,ToD blocks
2021-10-24,BODWF1,1.0681964823592978,ToD blocks
2021-10-31,BODWF1,-2.4833391636606876,ToD blocks
2021-11-07,BODWF1,-1.2704436878494647,ToD blocks
2021-11-14,BODWF1,-8.681563921771911,ToD blocks
2021-11-21,BODWF1,0.03477392828811787,ToD blocks
2021-11-28,BODWF1,-3.0309368918250144,ToD blocks
2021-12-05,BODWF1,-7.67829781369565,ToD blocks
2021-12-12,BODWF1,-2.7559507572664472,ToD blocks
2021-12-19,BODWF1,0.45779941301579186,ToD blocks
2021-12-26,BODWF1,-3.2731137734688645,ToD blocks
2022-01-02,BODWF1,-5.959532410913866,ToD blocks
2022-01-09,BODWF1,0.3540669918444621,ToD blocks
2022-01-16,BODWF1,0.27311270169799684,ToD blocks
2022-01-23,BODWF1,-5.024386401441014,ToD blocks
2022-01-30,BODWF1,-3.105567677227384,ToD blocks
2022-02-06,BODWF1,-20.44749756300284,ToD blocks
2022-02-13,BODWF1,-4.762126786489588,ToD blocks
2022-02-20,BODWF1,-8.86364351560077,ToD blocks
2022-02-27,BODWF1,-2.457361365210403,ToD blocks
2022-03-06,BODWF1,0.5456131414521934,ToD blocks
2022-03-13,BODWF1,-4.453930967124137,ToD blocks
2022-03-20,BODWF1,-4.527496728931098,ToD blocks
2022-03-27,BODWF1,-0.8538774908253401,ToD blocks
2022-04-03,BODWF1,8.197073021121838,ToD blocks
2022-04-10,BODWF1,-19.79208099257741,ToD blocks
2022-04-17,BODWF1,-9.653228002646529,ToD blocks
2022-04-24,BODWF1,-9.8562980216077,ToD blocks
2022-05-01,BODWF1,-6.437781446720805,ToD blocks
2022-05-08,BODWF1,-83.62948289004459,ToD blocks
2022-05-15,BODWF1,2.975957209760395,ToD blocks
2022-05-22,BODWF1,5.792462317351919,ToD blocks
2022-05-29,BODWF1,-17.50513807317509,ToD blocks
2022-06-05,BODWF1,-41.17701396859127,ToD blocks
2022-06-12,BODWF1,-28.243034804470824,ToD blocks
2022-06-19,BODWF1,-1.651035332165634,ToD blocks
2022-06-26,BODWF1,-17.235639902362664,ToD blocks
2022-07-03,BODWF1,58.96567190766126,ToD blocks
2022-07-10,BODWF1,2.7592779729378663,ToD blocks
2022-07-17,BODWF1,-53.4444778869767,ToD blocks
2022-07-24,BODWF1,-3.336918754918031,ToD blocks
2022-07-31,BODWF1,-28.821954890534727,ToD blocks
2022-08-07,BODWF1,-21.730322402866932,ToD blocks
2022-08-14,BODWF1,-15.433724476157778,ToD blocks
2022-08-21,BODWF1,-0.7252674728913746,ToD blocks
2022-08-28,BODWF1,-2.8209727367279527,ToD blocks
2022-09-04,BODWF1,3.141664615664098,ToD blocks
2022-09-11,BODWF1,0.890938542732755,ToD blocks
2022-09-18,BODWF1,-0.9264703479967125,ToD blocks
2022-09-25,BODWF1,6.475445092990157,ToD blocks
2022-10-02,BODWF1,-2.3521817969447625,ToD blocks
2022-10-09,BODWF1,10.583206931354084,ToD blocks
2022-10-16,BODWF1,3.6805807690110157,ToD blocks
2022-10-23,BODWF1,2.5810671882057363,ToD blocks
2022-10-30,BODWF1,-12.401832802412542,ToD blocks
2022-11-06,BODWF1,3.796902227029207,ToD blocks
2022-11-13,BODWF1,7.726236447804865,ToD blocks
2022-11-20,BODWF1,-23.252872185924502,ToD blocks
2022-11-27,BODWF1,-9.897570018821526,ToD blocks
2022-12-04,BODWF1,5.162075923263004,ToD blocks
2022-12-11,BODWF1,-6.416547703981422,ToD blocks
2022-12-18,BODWF1,11.151919853888202,ToD blocks
2022-12-25,BODWF1,5.915848583804191,ToD blocks
2023-01-01,BODWF1,6.438193912126238,ToD blocks
2023-01-08,BODWF1,-0.06912178947213476,ToD blocks
2023-01-15,BODWF1,2.242169956042943,ToD blocks
2023-01-22,BODWF1,-4.447749149644338,ToD blocks
2023-01-29,BODWF1,-6.362501188420566,ToD blocks
2023-02-05,BODWF1,2.7237258062049534,ToD blocks
2023-02-12,BODWF1,-0.8257209926410098,ToD blocks
2023-02-19,BODWF1,-5.0701255876620905,ToD blocks
2023-02-26,BODWF1,-6.3879395656061035,ToD blocks
2023-03-05,BODWF1,-0.9934770601422969,ToD blocks
2023-03-12,BODWF1,-2.853412343035828,ToD blocks
2023-03-19,BODWF1,-18.38822846201461,ToD blocks
2023-03-26,BODWF1,-2.0595527232380135,ToD blocks
2023-04-02,BODWF1,-14.379695814741467,ToD blocks
2023-04-09,BODWF1,-21.723656287634185,ToD blocks
2023-04-16,BODWF1,-6.821808711993654,ToD blocks
2023-04-23,BODWF1,1.2670453075733263,ToD blocks
2023-04-30,BODWF1,-20.062142558209715,ToD blocks
2023-05-07,BODWF1,-28.936517416941967,ToD blocks
2023-05-14,BODWF1,-13.150466879098445,ToD blocks
2023-05-21,BODWF1,-19.182746300117742,ToD blocks
2023-05-28,BODWF1,-24.62591588080312,ToD blocks
2023-06-04,BODWF1,-37.235565472424156,ToD blocks
2023-06-11,BODWF1,-3.6114493544548196,ToD blocks
2023-06-18,BODWF1,-0.9064431513776441,ToD blocks
2023-06-25,BODWF1,8.053069195796624,ToD blocks
2023-07-02,BODWF1,-10.022196863600868,ToD blocks
2023-07-09,BODWF1,1.6797073472515507,ToD blocks
2023-07-16,BODWF1,0.9559887461396386,ToD blocks
2023-07-23,BODWF1,1.575381601875435,ToD blocks
2023-07-30,BODWF1,3.826607969362385,ToD blocks
2023-08-06,BODWF1,22.71855781378318,ToD blocks
2023-08-13,BODWF1,6.949599864630741,ToD blocks
2023-08-20,BODWF1,-36.06734467002758,ToD blocks
2023-08-27,BODWF1,7.97662713985693,ToD blocks
2023-09-03,BODWF1,5.2512417704592735,ToD blocks
2023-09-10,BODWF1,0.8162425919662297,ToD blocks
2023-09-17,BODWF1,5.790771800822554,ToD blocks
2023-09-24,BODWF1,-6.291198664279534,ToD blocks
2023-10-01,BODWF1,-15.037240629981277,ToD blocks
2023-10-08,BODWF1,-4.911887920121401,ToD blocks
2023-10-15,BODWF1,-3.857307409151069,ToD blocks
2023-10-22,BODWF1,-0.4028394430326472,ToD blocks
2023-10-29,BODWF1,2.2976496656128305,ToD blocks
2023-11-05,BODWF1,2.1561767639063163,ToD blocks
2023-11-12,BODWF1,12.513830705841926,ToD blocks
2023-11-19,BODWF1,13.339556096100551,ToD blocks
2023-11-26,BODWF1,-3.504150708984241,ToD blocks
2023-12-03,BODWF1,-2.463575984974426,ToD blocks
2023-12-10,BODWF1,-0.8037348823391142,ToD blocks
2023-12-17,BODWF1,2.4620525885919164,ToD blocks
2023-12-24,BODWF1,-3.4511179289626597,ToD blocks
2023-12-31,BODWF1,-19.51980522076777,ToD blocks
2024-01-07,BODWF1,-1.4292097067725678,ToD blocks
2024-01-14,BODWF1,-8.015819363238165,ToD blocks
2024-01-21,BODWF1,-27.828426536907415,ToD blocks
2024-01-28,BODWF1,-8.043546921289142,ToD blocks
2024-02-04,BODWF1,-21.60699511507768,ToD blocks
2024-02-11,BODWF1,-15.745915326437682,ToD blocks
2024-02-18,BODWF1,-3.477974058264209,ToD blocks
2024-02-25,BODWF1,-16.577474602195082,ToD blocks
2024-03-03,BODWF1,-45.00691088696237,ToD blocks
2024-03-10,BODWF1,-1.4151023897866537,ToD blocks
2024-03-17,BODWF1,-8.613805580774624,ToD blocks
2024-03-24,BODWF1,-4.8058730654073045,ToD blocks
2024-03-31,BODWF1,-0.463639493303063,ToD blocks
2024-04-07,BODWF1,-5.04208365580385,ToD blocks
2024-04-14,BODWF1,-6.3122416743200915,ToD blocks
2024-04-21,BODWF1,-11.706650030288259,ToD blocks
2024-04-28,BODWF1,4.727787599062154,ToD blocks
2024-05-05,BODWF1,3.10603956303558,ToD blocks
2024-05-12,BODWF1,-113.13610286370329,ToD blocks
2024-05-19,BODWF1,0.25600248793691094,ToD blocks
2024-05-26,BODWF1,-21.460298308235735,ToD blocks
2024-06-02,BODWF1,-9.14740629814591,ToD blocks
2024-06-09,BODWF1,-5.166770906658002,ToD blocks
2024-06-16,BODWF1,-24.420760032411323,ToD blocks
2024-06-23,BODWF1,-10.29754182717835,ToD blocks
2024-06-30,BODWF1,-19.499408253853687,ToD blocks
2024-07-07,BODWF1,-8.511115822887632,ToD blocks
2024-07-14,BODWF1,7.783720076191656,ToD blocks
2024-07-21,BODWF1,-12.404754031823757,ToD blocks
2024-07-28,BODWF1,-5.564491871904181,ToD blocks
2024-08-04,BODWF1,28.458347948103068,ToD blocks
2024-08-11,BODWF1,-156.67947223049524,ToD blocks
2024-08-18,BODWF1,-9.037280229656204,ToD blocks
2024-08-25,BODWF1,1.3982152253390012,ToD blocks
2024-09-01,BODWF1,-3.975595213308999,ToD blocks
2024-09-08,BODWF1,-13.425369862245851,ToD blocks
2024-09-15,BODWF1,5.113643774841371,ToD blocks
2024-09-22,BODWF1,-4.324274037999487,ToD blocks
2024-09-29,BODWF1,-3.7755344413226766,ToD blocks
2024-10-06,BODWF1,-8.628037604738616,ToD blocks
2024-10-13,BODWF1,4.691346642918347,ToD blocks
2024-10-20,BODWF1,10.134795934133294,ToD blocks
2024-10-27,BODWF1,-4.748439332681414,ToD blocks
2024-11-03,BODWF1,-6.842693445570006,ToD blocks
2024-11-10,BODWF1,-127.89373688325921,ToD blocks
2024-11-17,BODWF1,-30.76588578862369,ToD blocks
2024-11-24,BODWF1,12.849684506146417,ToD blocks
2024-12-01,BODWF1,-35.062424939284256,ToD blocks
2024-12-08,BODWF1,-73.64430944682681,ToD blocks
2024-12-15,BODWF1,-25.319729580751556,ToD blocks
2024-12-22,BODWF1,-1.7169385532552894,ToD blocks
2024-12-29,BODWF1,-6.109944319123578,ToD blocks
2025-01-05,BODWF1,4.595513258719706,ToD blocks
2020-01-05,CROOKWF2,119.76176755594992,ToD blocks
2020-01-12,CROOKWF2,-0.3022316362700934,ToD blocks
2020-01-19,CROOKWF2,-1.5830609112110778,ToD blocks
2020-01-26,CROOKWF2,-26.364654484093315,ToD blocks
2020-02-02,CROOKWF2,-199.9082475720515,ToD blocks
2020-02-09,CROOKWF2,-1.60441129376008,ToD blocks
2020-02-16,CROOKWF2,1.642995971802634,ToD blocks
2020-02-23,CROOKWF2,-2.7011336078954216,ToD blocks
2020-03-01,CROOKWF2,-2.2214838648853927,ToD blocks
2020-03-08,CROOKWF2,-1.299656562232812,ToD blocks
2020-03-15,CROOKWF2,-1.002706631999338,ToD blocks
2020-03-22,CROOKWF2,-2.6838670741587762,ToD blocks
2020-03-29,CROOKWF2,-0.4610938046546096,ToD blocks
2020-04-05,CROOKWF2,-7.484416553405595,ToD blocks
2020-04-12,CROOKWF2,-6.306082937069171,ToD blocks
2020-04-19,CROOKWF2,-5.322160978217681,ToD blocks
2020-04-26,CROOKWF2,-2.743923300194602,ToD blocks
2020-05-03,CROOKWF2,-1.6674033378988469,ToD blocks
2020-05-10,CROOKWF2,-5.505796618364368,ToD blocks
2020-05-17,CROOKWF2,1.5950029852159204,ToD blocks
2020-05-24,CROOKWF2,-0.9030980526204075,ToD blocks
2020-05-31,CROOKWF2,-3.5379732155012533,ToD blocks
2020-06-07,CROOKWF2,-5.290629837061395,ToD blocks
2020-06-14,CROOKWF2,-17.502045241012574,ToD blocks
2020-06-21,CROOKWF2,-1.0548097608045097,ToD blocks
2020-06-28,CROOKWF2,0.551396205833278,ToD blocks
2020-07-05,CROOKWF2,-0.6058268576393928,ToD blocks
2020-07-12,CROOKWF2,-2.2294737592384237,ToD blocks
2020-07-19,CROOKWF2,-5.025622274597367,ToD blocks
2020-07-26,CROOKWF2,-11.346992396694652,ToD blocks
2020-08-02,CROOKWF2,-1.6924368554411515,ToD blocks
2020-08-09,CROOKWF2,-0.20040569274604536,ToD blocks
2020-08-16,CROOKWF2,-3.7135126678710435,ToD blocks
2020-08-23,CROOKWF2,0.08901155262472571,ToD blocks
2020-08-30,CROOKWF2,-10.824887664228363,ToD blocks
2020-09-06,CROOKWF2,-5.203591290646017,ToD blocks
2020-09-13,CROOKWF2,-1.7683042288450892,ToD blocks
2020-09-20,CROOKWF2,-2.9833189877029866,ToD blocks
2020-09-27,CROOKWF2,-2.4567269041886277,ToD blocks
2020-10-04,CROOKWF2,-3.215791712331523,ToD blocks
2020-10-11,CROOKWF2,-15.845166994332537,ToD blocks
2020-10-18,CROOKWF2,-2.476127180319317,ToD blocks
2020-10-25,CROOKWF2,-10.518604832753113,ToD blocks
2020-11-01,CROOKWF2,-0.3744448331297434,ToD blocks
2020-11-08,CROOKWF2,-2.561598266136116,ToD blocks
2020-11-15,CROOKWF2,-3.304248363861994,ToD blocks
2020-11-22,CROOKWF2,-7.119838416879347,ToD blocks
2020-11-29,CROOKWF2,-8.308449021673603,ToD blocks
2020-12-06,CROOKWF2,-4.452062575532949,ToD blocks
2020-12-13,CROOKWF2,-2.6589791215804865,ToD blocks
2020-12-20,CROOKWF2,-104.93201667237814,ToD blocks
2020-12-27,CROOKWF2,-1.9229992482835954,ToD blocks
2021-01-03,CROOKWF2,-0.4914305958123606,ToD blocks
2021-01-10,CROOKWF2,-0.42663873891915927,ToD blocks
2021-01-17,CROOKWF2,0.49104849558812447,ToD blocks
2021-01-24,CROOKWF2,-2.905603784817899,ToD blocks
2021-01-31,CROOKWF2,-0.6657899517240651,ToD blocks
2021-02-07,CROOKWF2,0.6071402979097726,ToD blocks
2021-02-14,CROOKWF2,-1.0728158907710466,ToD blocks
2021-02-21,CROOKWF2,-0.22894055729464924,ToD blocks
2021-02-28,CROOKWF2,-1.2624960563024317,ToD blocks
2021-03-07,CROOKWF2,1.7963712680206285,ToD blocks
2021-03-14,CROOKWF2,-2.290298013233226,ToD blocks
2021-03-21,CROOKWF2,0.2391856045853018,ToD blocks
2021-03-28,CROOKWF2,2.091121334471346,ToD blocks
2021-04-04,CROOKWF2,-2.9080612050619976,ToD blocks
2021-04-11,CROOKWF2,-7.887215000335832,ToD blocks
2021-04-18,CROOKWF2,-8.892442574588621,ToD blocks
2021-04-25,CROOKWF2,-6.11050306650273,ToD blocks
2021-05-02,CROOKWF2,-16.307672232606436,ToD blocks
2021-05-09,CROOKWF2,-3.01180952947378,ToD blocks
2021-05-16,CROOKWF2,-10.419305917154382,ToD blocks
2021-05-23,CROOKWF2,-33.8158478838275,ToD blocks
2021-05-30,CROOKWF2,-35.15704054389687,ToD blocks
2021-06-06,CROOKWF2,-65.28659942358439,ToD blocks
2021-06-13,CROOKWF2,-66.17581625829732,ToD blocks
2021-06-20,CROOKWF2,-89.2599815584304,ToD blocks
2021-06-27,CROOKWF2,-32.123167306153775,ToD blocks
2021-07-04,CROOKWF2,-6.143259760718976,ToD blocks
2021-07-11,CROOKWF2,-47.17214026363129,ToD blocks
2021-07-18,CROOKWF2,-30.159760508418714,ToD blocks
2021-07-25,CROOKWF2,-44.58521518487949,ToD blocks
2021-08-01,CROOKWF2,-3.2757617323795785,ToD blocks
2021-08-08,CROOKWF2,-4.184347918530285,ToD blocks
2021-08-15,CROOKWF2,-5.789715413330839,ToD blocks
2021-08-22,CROOKWF2,-17.246961618499952,ToD blocks
2021-08-29,CROOKWF2,-4.286490840864474,ToD blocks
2021-09-05,CROOKWF2,0.9441902093730974,ToD blocks
2021-09-12,CROOKWF2,-7.61362343417964,ToD blocks
2021-09-19,CROOKWF2,-8.442890422285913,ToD blocks
2021-09-26,CROOKWF2,-4.019392330589895,ToD blocks
2021-10-03,CROOKWF2,-6.540827413202727,ToD blocks
2021-10-10,CROOKWF2,-7.117468733924323,ToD blocks
2021-10-17,CROOKWF2,-1.3964009694489832,ToD blocks
2021-10-24,CROOKWF2,-9.619832275924786,ToD blocks
2021-10-31,CROOKWF2,-0.05252038990968799,ToD blocks
2021-11-07,CROOKWF2,-1.7592177455066462,ToD blocks
2021-11-14,CROOKWF2,-13.78080370259314,ToD blocks
2021-11-21,CROOKWF2,-3.192791601680412,ToD blocks
2021-11-28,CROOKWF2,-2.1634116943008053,ToD blocks
2021-12-05,CROOKWF2,-13.414337992242253,ToD blocks
2021-12-12,CROOKWF2,-2.5643695279194674,ToD blocks
2021-12-19,CROOKWF2,-0.6175944503469992,ToD blocks
2021-12-26,CROOKWF2,-1.7288665884395442,ToD blocks
2022-01-02,CROOKWF2,4.892837617668448,ToD blocks
2022-01-09,CROOKWF2,0.2953309250163727,ToD blocks
2022-01-16,CROOKWF2,-4.726562083064664,ToD blocks
2022-01-23,CROOKWF2,-6.650837788650861,ToD blocks
2022-01-30,CROOKWF2,0.2176682200883846,ToD blocks
2022-02-06,CROOKWF2,-20.134182141042835,ToD blocks
2022-02-13,CROOKWF2,-1.9239560291485418,ToD blocks
2022-02-20,CROOKWF2,-8.880190806007917,ToD blocks
2022-02-27,CROOKWF2,-2.9528029824020336,ToD blocks
2022-03-06,CROOKWF2,-3.7693276656595884,ToD blocks
2022-03-13,CROOKWF2,-1.1095463473930494,ToD blocks
2022-03-20,CROOKWF2,-3.257816148437243,ToD blocks
2022-03-27,CROOKWF2,-4.651924867996442,ToD blocks
2022-04-03,CROOKWF2,-2.3369338199925096,ToD blocks
2022-04-10,CROOKWF2,-0.4610251306556563,ToD blocks
2022-04-17,CROOKWF2,14.14936431387062,ToD blocks
2022-04-24,CROOKWF2,-3.289972378543837,ToD blocks
2022-05-01,CROOKWF2,-2.3477008562605874,ToD blocks
2022-05-08,CROOKWF2,-117.03553539891158,ToD blocks
2022-05-15,CROOKWF2,-6.30664798699479,ToD blocks
2022-05-22,CROOKWF2,-25.773848796484344,ToD blocks
2022-05-29,CROOKWF2,1.0321987167531574,ToD blocks
2022-06-05,CROOKWF2,-65.94456337298084,ToD blocks
2022-06-12,CROOKWF2,-11.370811011126023,ToD blocks
2022-06-19,CROOKWF2,-18.819872118953697,ToD blocks
2022-06-26,CROOKWF2,2.2337837144362993,ToD blocks
2022-07-03,CROOKWF2,-38.423834407251945,ToD blocks
2022-07-10,CROOKWF2,-15.50114191937422,ToD blocks
2022-07-17,CROOKWF2,-133.84972481075903,ToD blocks
2022-07-24,CROOKWF2,-8.152381562165658,ToD blocks
2022-07-31,CROOKWF2,-13.045923632439184,ToD blocks
2022-08-07,CROOKWF2,-13.732348741379766,ToD blocks
2022-08-14,CROOKWF2,-36.664726162969544,ToD blocks
2022-08-21,CROOKWF2,-14.004217047060507,ToD blocks
2022-08-28,CROOKWF2,-10.745690109972259,ToD blocks
2022-09-04,CROOKWF2,-12.017735645988864,ToD blocks
2022-09-11,CROOKWF2,-24.172634500646126,ToD blocks
2022-09-18,CROOKWF2,-24.240006871347475,ToD blocks
2022-09-25,CROOKWF2,-5.968989640734492,ToD blocks
2022-10-02,CROOKWF2,-14.251798130922651,ToD blocks
2022-10-09,CROOKWF2,-0.6118988497479165,ToD blocks
2022-10-16,CROOKWF2,-4.16306868007652,ToD blocks
2022-10-23,CROOKWF2,-1.2604943165442535,ToD blocks
2022-10-30,CROOKWF2,-6.674533417257948,ToD blocks
2022-11-06,CROOKWF2,1.1153320566666736,ToD blocks
2022-11-13,CROOKWF2,13.434716889823434,ToD blocks
2022-11-20,CROOKWF2,-21.704449652150416,ToD blocks
2022-11-27,CROOKWF2,-13.0359817704811,ToD blocks
2022-12-04,CROOKWF2,17.743087528691134,ToD blocks
2022-12-11,CROOKWF2,-7.835314664386431,ToD blocks
2022-12-18,CROOKWF2,7.763477295235802,ToD blocks
2022-12-25,CROOKWF2,9.253419996131072,ToD blocks
2023-01-01,CROOKWF2,2.670550998344325,ToD blocks
2023-01-08,CROOKWF2,3.1769285765667803,ToD blocks
2023-01-15,CROOKWF2,5.685236557076152,ToD blocks
2023-01-22,CROOKWF2,0.2795335493615312,ToD blocks
2023-01-29,CROOKWF2,-6.705008704616432,ToD blocks
2023-02-05,CROOKWF2,-21.78909996217166,ToD blocks
2023-02-12,CROOKWF2,-10.082195562324713,ToD blocks
2023-02-19,CROOKWF2,-1.058804186602444,ToD blocks
2023-02-26,CROOKWF2,-9.923282897160192,ToD blocks
2023-03-05,CROOKWF2,-0.38191717192646024,ToD blocks
2023-03-12,CROOKWF2,-8.710316289785922,ToD blocks
2023-03-19,CROOKWF2,6.535670117527303,ToD blocks
2023-03-26,CROOKWF2,-5.0274589983743,ToD blocks
2023-04-02,CROOKWF2,-15.056605816342056,ToD blocks
2023-04-09,CROOKWF2,-42.226927569855945,ToD blocks
2023-04-16,CROOKWF2,-11.687193081353584,ToD blocks
2023-04-23,CROOKWF2,1.9880376636275514,ToD blocks
2023-04-30,CROOKWF2,-10.89174679311742,ToD blocks
2023-05-07,CROOKWF2,-18.322643535896844,ToD blocks
2023-05-14,CROOKWF2,-17.330403138822447,ToD blocks
2023-05-21,CROOKWF2,-19.7141933764037,ToD blocks
2023-05-28,CROOKWF2,-61.46937748436332,ToD blocks
2023-06-04,CROOKWF2,-24.795936942014265,ToD blocks
2023-06-11,CROOKWF2,-5.2945329813115904,ToD blocks
2023-06-18,CROOKWF2,-9.24528031270755,ToD blocks
2023-06-25,CROOKWF2,-26.188714041420837,ToD blocks
2023-07-02,CROOKWF2,-9.80602388533336,ToD blocks
2023-07-09,CROOKWF2,-30.72127765433867,ToD blocks
2023-07-16,CROOKWF2,-12.200994664627025,ToD blocks
2023-07-23,CROOKWF2,-5.039862066989173,ToD blocks
2023-07-30,CROOKWF2,-20.302942956622772,ToD blocks
2023-08-06,CROOKWF2,-27.026139445025734,ToD blocks
2023-08-13,CROOKWF2,-9.169932501145084,ToD blocks
2023-08-20,CROOKWF2,-45.2245108814968,ToD blocks
2023-08-27,CROOKWF2,10.539725596331593,ToD blocks
2023-09-03,CROOKWF2,-3.3779079425318486,ToD blocks
2023-09-10,CROOKWF2,-18.08946126447716,ToD blocks
2023-09-17,CROOKWF2,-30.201877073042198,ToD blocks
2023-09-24,CROOKWF2,-1.0837305834309987,ToD blocks
2023-10-01,CROOKWF2,-27.42806533231257,ToD blocks
2023-10-08,CROOKWF2,5.897566421195286,ToD blocks
2023-10-15,CROOKWF2,-15.605228242941315,ToD blocks
2023-10-22,CROOKWF2,-15.098595912436135,ToD blocks
2023-10-29,CROOKWF2,-2.3934968184195,ToD blocks
2023-11-05,CROOKWF2,-8.17801748300019,ToD blocks
2023-11-12,CROOKWF2,-40.574234532350644,ToD blocks
2023-11-19,CROOKWF2,1.4863902249346097,ToD blocks
2023-11-26,CROOKWF2,-9.287497311046451,ToD blocks
2023-12-03,CROOKWF2,-5.638104111689124,ToD blocks
2023-12-10,CROOKWF2,-7.97894372932366,ToD blocks
2023-12-17,CROOKWF2,9.216314275332849,ToD blocks
2023-12-24,CROOKWF2,-0.4927531723310068,ToD blocks
2023-12-31,CROOKWF2,-4.390634192678171,ToD blocks
2024-01-07,CROOKWF2,3.1341538821383423,ToD blocks
2024-01-14,CROOKWF2,-3.502860949047218,ToD blocks
2024-01-21,CROOKWF2,18.768999321796443,ToD blocks
2024-01-28,CROOKWF2,0.009005441978160889,ToD blocks
2024-02-04,CROOKWF2,-24.864698732225037,ToD blocks
2024-02-11,CROOKWF2,-21.214840317619633,ToD blocks
2024-02-18,CROOKWF2,-0.9437568507565857,ToD blocks
2024-02-25,CROOKWF2,-5.155594837684717,ToD blocks
2024-03-03,CROOKWF2,-102.66969287239316,ToD blocks
2024-03-10,CROOKWF2,5.508993487524279,ToD blocks
2024-03-17,CROOKWF2,-6.184538564665061,ToD blocks
2024-03-24,CROOKWF2,-6.9701513716638885,ToD blocks
2024-03-31,CROOKWF2,0.8458002676357381,ToD blocks
2024-04-07,CROOKWF2,-5.549901026450641,ToD blocks
2024-04-14,CROOKWF2,23.024235843730835,ToD blocks
2024-04-21,CROOKWF2,,ToD blocks
2024-04-28,CROOKWF2,,ToD blocks
2024-05-05,CROOKWF2,,ToD blocks
2024-05-12,CROOKWF2,,ToD blocks
2024-05-19,CROOKWF2,,ToD blocks
2024-05-26,CROOKWF2,-18.112914376423447,ToD blocks
2024-06-02,CROOKWF2,0.06588785960610721,ToD blocks
2024-06-09,CROOKWF2,0.17221436054468597,ToD blocks
2024-06-16,CROOKWF2,-0.008552364274947877,ToD blocks
2024-06-23,CROOKWF2,0.3356209048831431,ToD blocks
2024-06-30,CROOKWF2,0.7390600184003802,ToD blocks
2024-07-07,CROOKWF2,1.1383710881878386,ToD blocks
2024-07-14,CROOKWF2,0.9030872206043341,ToD blocks
2024-07-21,CROOKWF2,0.8217307239499974,ToD blocks
2024-07-28,CROOKWF2,-4.111471880012175,ToD blocks
2024-08-04,CROOKWF2,-59.050048640796234,ToD blocks
2024-08-11,CROOKWF2,-226.1224322889203,ToD blocks
2024-08-18,CROOKWF2,-23.675789839484153,ToD blocks
2024-08-25,CROOKWF2,-3.842970023183767,ToD blocks
2024-09-01,CROOKWF2,-1.8398408606004857,ToD blocks
2024-09-08,CROOKWF2,7.693327731835467,ToD blocks
2024-09-15,CROOKWF2,-12.674207986198489,ToD blocks
2024-09-22,CROOKWF2,-11.445968635335323,ToD blocks
2024-09-29,CROOKWF2,-13.418760993840252,ToD blocks
2024-10-06,CROOKWF2,-21.644012501009286,ToD blocks
2024-10-13,CROOKWF2,-13.670339385073333,ToD blocks
2024-10-20,CROOKWF2,-7.866750004299448,ToD blocks
2024-10-27,CROOKWF2,-8.038715192592633,ToD blocks
2024-11-03,CROOKWF2,-12.462582566771218,ToD blocks
2024-11-10,CROOKWF2,-128.3009530509695,ToD blocks
2024-11-17,CROOKWF2,-37.733425236061365,ToD blocks
2024-11-24,CROOKWF2,-20.567576703284516,ToD blocks
2024-12-01,CROOKWF2,-96.69961277878684,ToD blocks
2024-12-08,CROOKWF2,-136.1310909958656,ToD blocks
2024-12-15,CROOKWF2,-30.52438492500852,ToD blocks
2024-12-22,CROOKWF2,0.1369766832479371,ToD blocks
2024-12-29,CROOKWF2,-6.35535404605513,ToD blocks
2025-01-05,CROOKWF2,11.260120364402866,ToD blocks
2020-01-05,GULLRWF1,-16.223288080661234,ToD blocks
2020-01-12,GULLRWF1,-0.5827724787918314,ToD blocks
2020-01-19,GULLRWF1,-2.4140371611253215,ToD blocks
2020-01-26,GULLRWF1,-23.522596572226625,ToD blocks
2020-02-02,GULLRWF1,-172.40305215473072,ToD blocks
2020-02-09,GULLRWF1,-1.7352267188821955,ToD blocks
2020-02-16,GULLRWF1,1.9508749608306104,ToD blocks
2020-02-23,GULLRWF1,-3.24271313108067,ToD blocks
2020-03-01,GULLRWF1,-2.0353911027054252,ToD blocks
2020-03-08,GULLRWF1,-1.377786634446899,ToD blocks
2020-03-15,GULLRWF1,-2.119887718124353,ToD blocks
2020-03-22,GULLRWF1,-2.169570753175357,ToD blocks
2020-03-29,GULLRWF1,-0.9477597723528248,ToD blocks
2020-04-05,GULLRWF1,-16.7017538792352,ToD blocks
2020-04-12,GULLRWF1,-3.7577007745308677,ToD blocks
2020-04-19,GULLRWF1,-4.65895851791646,ToD blocks
2020-04-26,GULLRWF1,-0.3793357999611544,ToD blocks
2020-05-03,GULLRWF1,-0.9004607223361418,ToD blocks
2020-05-10,GULLRWF1,-4.594296856321581,ToD blocks
2020-05-17,GULLRWF1,1.6339785029952552,ToD blocks
2020-05-24,GULLRWF1,-1.678403705510604,ToD blocks
2020-05-31,GULLRWF1,-3.1302819885341506,ToD blocks
2020-06-07,GULLRWF1,-4.323300501129978,ToD blocks
2020-06-14,GULLRWF1,-20.918493726674605,ToD blocks
2020-06-21,GULLRWF1,-0.39833936635453426,ToD blocks
2020-06-28,GULLRWF1,0.6023592621118965,ToD blocks
2020-07-05,GULLRWF1,-0.587423721117247,ToD blocks
2020-07-12,GULLRWF1,0.34220388936615365,ToD blocks
2020-07-19,GULLRWF1,-4.1245469045784375,ToD blocks
2020-07-26,GULLRWF1,-10.639877734060711,ToD blocks
2020-08-02,GULLRWF1,-0.5312170445416342,ToD blocks
2020-08-09,GULLRWF1,-0.33148156355730407,ToD blocks
2020-08-16,GULLRWF1,-4.233200861536922,ToD blocks
2020-08-23,GULLRWF1,0.3194806887786612,ToD blocks
2020-08-30,GULLRWF1,4.32858215269858,ToD blocks
2020-09-06,GULLRWF1,-4.013838888127204,ToD blocks
2020-09-13,GULLRWF1,-1.7962219674123645,ToD blocks
2020-09-20,GULLRWF1,0.6226146528012322,ToD blocks
2020-09-27,GULLRWF1,-1.9825348324909768,ToD blocks
2020-10-04,GULLRWF1,-4.989010259927994,ToD blocks
2020-10-11,GULLRWF1,-15.104682963046017,ToD blocks
2020-10-18,GULLRWF1,-2.1831636172815863,ToD blocks
2020-10-25,GULLRWF1,-25.720355350895197,ToD blocks
2020-11-01,GULLRWF1,2.0639542498381473,ToD blocks
2020-11-08,GULLRWF1,-2.6610905774674336,ToD blocks
2020-11-15,GULLRWF1,-3.1091321684618762,ToD blocks
2020-11-22,GULLRWF1,-19.63505650966573,ToD blocks
2020-11-29,GULLRWF1,-10.417258729387328,ToD blocks
2020-12-06,GULLRWF1,-6.021555456879625,ToD blocks
2020-12-13,GULLRWF1,-1.425101426396374,ToD blocks
2020-12-20,GULLRWF1,-107.97986746223607,ToD blocks
2020-12-27,GULLRWF1,-1.6759206502594495,ToD blocks
2021-01-03,GULLRWF1,-0.0596379730596297,ToD blocks
2021-01-10,GULLRWF1,-0.32275174715571353,ToD blocks
2021-01-17,GULLRWF1,0.3145404109376102,ToD blocks
2021-01-24,GULLRWF1,-2.541786743565787,ToD blocks
2021-01-31,GULLRWF1,-1.003102327203166,ToD blocks
2021-02-07,GULLRWF1,-0.03255123758326306,ToD blocks
2021-02-14,GULLRWF1,-1.034477273918732,ToD blocks
2021-02-21,GULLRWF1,-0.7718976723326136,ToD blocks
2021-02-28,GULLRWF1,-1.2879086033273666,ToD blocks
2021-03-07,GULLRWF1,1.4351015215769536,ToD blocks
2021-03-14,GULLRWF1,-2.6401443256558963,ToD blocks
2021-03-21,GULLRWF1,0.42206424411807575,ToD blocks
2021-03-28,GULLRWF1,0.019639076040277814,ToD blocks
2021-04-04,GULLRWF1,-2.5405726775943585,ToD blocks
2021-04-11,GULLRWF1,-7.501291568168373,ToD blocks
2021-04-18,GULLRWF1,-9.150754688320234,ToD blocks
2021-04-25,GULLRWF1,0.5895217276727749,ToD blocks
2021-05-02,GULLRWF1,-20.545724907355968,ToD blocks
2021-05-09,GULLRWF1,-3.1301036303453813,ToD blocks
2021-05-16,GULLRWF1,-10.979416255780343,ToD blocks
2021-05-23,GULLRWF1,-35.27595048183389,ToD blocks
2021-05-30,GULLRWF1,-50.76362922542944,ToD blocks
2021-06-06,GULLRWF1,-49.18949309388006,ToD blocks
2021-06-13,GULLRWF1,-46.34825134539523,ToD blocks
2021-06-20,GULLRWF1,-88.41847862370615,ToD blocks
2021-06-27,GULLRWF1,-32.68960117049075,ToD blocks
2021-07-04,GULLRWF1,-5.888148264892607,ToD blocks
2021-07-11,GULLRWF1,-60.00697203215381,ToD blocks
2021-07-18,GULLRWF1,-28.591385649304428,ToD blocks
2021-07-25,GULLRWF1,-51.03803992165004,ToD blocks
2021-08-01,GULLRWF1,-2.1986547981261992,ToD blocks
2021-08-08,GULLRWF1,-2.9934375169701823,ToD blocks
2021-08-15,GULLRWF1,-6.055663362714064,ToD blocks
2021-08-22,GULLRWF1,-15.23311263937211,ToD blocks
2021-08-29,GULLRWF1,-4.67712881549609,ToD blocks
2021-09-05,GULLRWF1,0.42686759574084476,ToD blocks
2021-09-12,GULLRWF1,-5.690468512995988,ToD blocks
2021-09-19,GULLRWF1,-9.77624406203504,ToD blocks
2021-09-26,GULLRWF1,-3.905665306765222,ToD blocks
2021-10-03,GULLRWF1,-7.814879878788858,ToD blocks
2021-10-10,GULLRWF1,-6.341789070096787,ToD blocks
2021-10-17,GULLRWF1,-1.0198594468301252,ToD blocks
2021-10-24,GULLRWF1,-7.964558436717965,ToD blocks
2021-10-31,GULLRWF1,1.4105601187030743,ToD blocks
2021-11-07,GULLRWF1,-1.9833851444677606,ToD blocks
2021-11-14,GULLRWF1,-14.012149608260842,ToD blocks
2021-11-21,GULLRWF1,-7.47106616781857,ToD blocks
2021-11-28,GULLRWF1,-0.8387298389455822,ToD blocks
2021-12-05,GULLRWF1,-15.94100634838113,ToD blocks
2021-12-12,GULLRWF1,-1.6381356931039335,ToD blocks
2021-12-19,GULLRWF1,-2.1414749220032547,ToD blocks
2021-12-26,GULLRWF1,2.9617830177722766,ToD blocks
2022-01-02,GULLRWF1,-1.0935848112117696,ToD blocks
2022-01-09,GULLRWF1,-0.42726127122968194,ToD blocks
2022-01-16,GULLRWF1,-3.292281677664903,ToD blocks
2022-01-23,GULLRWF1,-6.660710469065876,ToD blocks
2022-01-30,GULLRWF1,-0.8000170959480926,ToD blocks
2022-02-06,GULLRWF1,-21.127844051868166,ToD blocks
2022-02-13,GULLRWF1,-2.6786178936287115,ToD blocks
2022-02-20,GULLRWF1,-10.041428226620255,ToD blocks
2022-02-27,GULLRWF1,-3.2265680153213623,ToD blocks
2022-03-06,GULLRWF1,-3.6785318703269354,ToD blocks
2022-03-13,GULLRWF1,-1.1155797341175173,ToD blocks
2022-03-20,GULLRWF1,-4.487806702400761,ToD blocks
2022-03-27,GULLRWF1,-3.6678186968158997,ToD blocks
2022-04-03,GULLRWF1,-3.109516460025503,ToD blocks
2022-04-10,GULLRWF1,-2.918021102348632,ToD blocks
2022-04-17,GULLRWF1,11.169768579659973,ToD blocks
2022-04-24,GULLRWF1,-9.137713290028756,ToD blocks
2022-05-01,GULLRWF1,-4.94960560176915,ToD blocks
2022-05-08,GULLRWF1,-129.11017937167338,ToD blocks
2022-05-15,GULLRWF1,-11.527928368626135,ToD blocks
2022-05-22,GULLRWF1,-17.643814798654915,ToD blocks
2022-05-29,GULLRWF1,-3.952670140711689,ToD blocks
2022-06-05,GULLRWF1,-58.92056289545138,ToD blocks
2022-06-12,GULLRWF1,-6.302970599271589,ToD blocks
2022-06-19,GULLRWF1,-10.671085239895206,ToD blocks
2022-06-26,GULLRWF1,1.1513751919399624,ToD blocks
2022-07-03,GULLRWF1,-36.07174719175873,ToD blocks
2022-07-10,GULLRWF1,-12.792054440786274,ToD blocks
2022-07-17,GULLRWF1,-142.35891857311532,ToD blocks
2022-07-24,GULLRWF1,-2.9378940247087826,ToD blocks
2022-07-31,GULLRWF1,-10.672414332330874,ToD blocks
2022-08-07,GULLRWF1,-11.92346881487758,ToD blocks
2022-08-14,GULLRWF1,-37.91301148498454,ToD blocks
2022-08-21,GULLRWF1,-11.784836062844562,ToD blocks
2022-08-28,GULLRWF1,-7.3075078462448175,ToD blocks
2022-09-04,GULLRWF1,-10.303679160643384,ToD blocks
2022-09-11,GULLRWF1,-33.91193850293641,ToD blocks
2022-09-18,GULLRWF1,-33.37414069323859,ToD blocks
2022-09-25,GULLRWF1,-5.705983492900884,ToD blocks
2022-10-02,GULLRWF1,-15.690540202065876,ToD blocks
2022-10-09,GULLRWF1,-1.2828056711882425,ToD blocks
2022-10-16,GULLRWF1,-10.789177206968077,ToD blocks
2022-10-23,GULLRWF1,0.2218665213218287,ToD blocks
2022-10-30,GULLRWF1,-22.02802084310092,ToD blocks
2022-11-06,GULLRWF1,47.21630579365082,ToD blocks
2022-11-13,GULLRWF1,10.772592470836784,ToD blocks
2022-11-20,GULLRWF1,-24.732918647776856,ToD blocks
2022-11-27,GULLRWF1,-8.703752024462958,ToD blocks
2022-12-04,GULLRWF1,14.51096216138896,ToD blocks
2022-12-11,GULLRWF1,-8.539871899116989,ToD blocks
2022-12-18,GULLRWF1,11.526461803759759,ToD blocks
2022-12-25,GULLRWF1,4.563426708294529,ToD blocks
2023-01-01,GULLRWF1,3.8862525672847,ToD blocks
2023-01-08,GULLRWF1,2.885006426828241,ToD blocks
2023-01-15,GULLRWF1,3.328623044536741,ToD blocks
2023-01-22,GULLRWF1,-0.8142213491986467,ToD blocks
2023-01-29,GULLRWF1,-7.641694609767896,ToD blocks
2023-02-05,GULLRWF1,-22.341838648231374,ToD blocks
2023-02-12,GULLRWF1,-13.62317662446624,ToD blocks
2023-02-19,GULLRWF1,-4.3952267381739745,ToD blocks
2023-02-26,GULLRWF1,-9.261994335937231,ToD blocks
2023-03-05,GULLRWF1,1.02573960637541,ToD blocks
2023-03-12,GULLRWF1,-8.588043563755775,ToD blocks
2023-03-19,GULLRWF1,6.320540983705627,ToD blocks
2023-03-26,GULLRWF1,-9.63004284121169,ToD blocks
2023-04-02,GULLRWF1,-17.417216299911985,ToD blocks
2023-04-09,GULLRWF1,-48.96921315067831,ToD blocks
2023-04-16,GULLRWF1,-10.255562550296517,ToD blocks
2023-04-23,GULLRWF1,-1.5966123775634173,ToD blocks
2023-04-30,GULLRWF1,-12.215356102072235,ToD blocks
2023-05-07,GULLRWF1,-21.4195493785586,ToD blocks
2023-05-14,GULLRWF1,-16.01850419819189,ToD blocks
2023-05-21,GULLRWF1,-20.978028995991963,ToD blocks
2023-05-28,GULLRWF1,-61.57104081130311,ToD blocks
2023-06-04,GULLRWF1,-0.9351335780397676,ToD blocks
2023-06-11,GULLRWF1,-7.6624163251825195,ToD blocks
2023-06-18,GULLRWF1,-11.081189670404214,ToD blocks
2023-06-25,GULLRWF1,-31.584810657307145,ToD blocks
2023-07-02,GULLRWF1,-8.458101395466912,ToD blocks
2023-07-09,GULLRWF1,-32.074889126992936,ToD blocks
2023-07-16,GULLRWF1,-12.064022510973857,ToD blocks
2023-07-23,GULLRWF1,-3.16532675102313,ToD blocks
2023-07-30,GULLRWF1,-21.234903229259928,ToD blocks
2023-08-06,GULLRWF1,-20.38800898127957,ToD blocks
2023-08-13,GULLRWF1,-12.343768329598603,ToD blocks
2023-08-20,GULLRWF1,-48.43533641924452,ToD blocks
2023-08-27,GULLRWF1,12.359434998735196,ToD blocks
2023-09-03,GULLRWF1,-1.2040858658070306,ToD blocks
2023-09-10,GULLRWF1,-16.088720931801667,ToD blocks
2023-09-17,GULLRWF1,-23.83215729321131,ToD blocks
2023-09-24,GULLRWF1,-1.112783187232715,ToD blocks
2023-10-01,GULLRWF1,-24.94703318437317,ToD blocks
2023-10-08,GULLRWF1,2.7663909236227013,ToD blocks
2023-10-15,GULLRWF1,-15.908601023791114,ToD blocks
2023-10-22,GULLRWF1,-13.474263190108609,ToD blocks
2023-10-29,GULLRWF1,-6.6572493452027075,ToD blocks
2023-11-05,GULLRWF1,-7.408400276878417,ToD blocks
2023-11-12,GULLRWF1,-47.70174912451499,ToD blocks
2023-11-19,GULLRWF1,1.5092931142056614,ToD blocks
2023-11-26,GULLRWF1,-10.587729258897667,ToD blocks
2023-12-03,GULLRWF1,-5.026504290457659,ToD blocks
2023-12-10,GULLRWF1,-12.436926940877726,ToD blocks
2023-12-17,GULLRWF1,-0.6141914626086731,ToD blocks
2023-12-24,GULLRWF1,-1.8343796268720567,ToD blocks
2023-12-31,GULLRWF1,-10.590368992645484,ToD blocks
2024-01-07,GULLRWF1,-0.5544548966703502,ToD blocks
2024-01-14,GULLRWF1,-9.224646141126918,ToD blocks
2024-01-21,GULLRWF1,16.03596916571763,ToD blocks
2024-01-28,GULLRWF1,-4.412076523079776,ToD blocks
2024-02-04,GULLRWF1,-25.03471394918907,ToD blocks
2024-02-11,GULLRWF1,-23.143132385120346,ToD blocks
2024-02-18,GULLRWF1,-3.455061681742791,ToD blocks
2024-02-25,GULLRWF1,-13.4981178730051,ToD blocks
2024-03-03,GULLRWF1,-121.31534874788166,ToD blocks
2024-03-10,GULLRWF1,0.38466233290606056,ToD blocks
2024-03-17,GULLRWF1,-7.686629496418831,ToD blocks
2024-03-24,GULLRWF1,-8.258153194499691,ToD blocks
2024-03-31,GULLRWF1,1.4703499577985184,ToD blocks
2024-04-07,GULLRWF1,-4.6674690318223355,ToD blocks
2024-04-14,GULLRWF1,-6.119279697754351,ToD blocks
2024-04-21,GULLRWF1,-14.406071174139242,ToD blocks
2024-04-28,GULLRWF1,-12.616796632753264,ToD blocks
2024-05-05,GULLRWF1,-32.50438407552912,ToD blocks
2024-05-12,GULLRWF1,-570.5635640940803,ToD blocks
2024-05-19,GULLRWF1,-12.768046551526524,ToD blocks
2024-05-26,GULLRWF1,-16.605574460281417,ToD blocks
2024-06-02,GULLRWF1,-18.68493891606049,ToD blocks
2024-06-09,GULLRWF1,-9.981025163099332,ToD blocks
2024-06-16,GULLRWF1,-46.77362590540068,ToD blocks
2024-06-23,GULLRWF1,-0.11998653453252928,ToD blocks
2024-06-30,GULLRWF1,-17.13808784766765,ToD blocks
2024-07-07,GULLRWF1,-2.127856615633334,ToD blocks
2024-07-14,GULLRWF1,-15.258997753933215,ToD blocks
2024-07-21,GULLRWF1,-9.870111873160525,ToD blocks
2024-07-28,GULLRWF1,-2.109966441810357,ToD blocks
2024-08-04,GULLRWF1,-24.513081654666735,ToD blocks
2024-08-11,GULLRWF1,-220.6534872491114,ToD blocks
2024-08-18,GULLRWF1,-33.74621620307302,ToD blocks
2024-08-25,GULLRWF1,-11.702361645090456,ToD blocks
2024-09-01,GULLRWF1,-4.4990248579235725,ToD blocks
2024-09-08,GULLRWF1,-2.1254013794588857,ToD blocks
2024-09-15,GULLRWF1,-15.344877528306007,ToD blocks
2024-09-22,GULLRWF1,-7.370498901538674,ToD blocks
2024-09-29,GULLRWF1,-10.750396986830495,ToD blocks
2024-10-06,GULLRWF1,-27.01392731766041,ToD blocks
2024-10-13,GULLRWF1,-14.46982257731883,ToD blocks
2024-10-20,GULLRWF1,3.93953735273125,ToD blocks
2024-10-27,GULLRWF1,-7.1169445320937825,ToD blocks
2024-11-03,GULLRWF1,-13.94225333837263,ToD blocks
2024-11-10,GULLRWF1,166.86069790059855,ToD blocks
2024-11-17,GULLRWF1,-27.564375174320674,ToD blocks
2024-11-24,GULLRWF1,-26.543741389365294,ToD blocks
2024-12-01,GULLRWF1,-79.30604900403048,ToD blocks
2024-12-08,GULLRWF1,-136.1702457809369,ToD blocks
2024-12-15,GULLRWF1,-29.483097590425558,ToD blocks
2024-12-22,GULLRWF1,-2.9033204454392063,ToD blocks
2024-12-29,GULLRWF1,-10.396052290401368,ToD blocks
2025-01-05,GULLRWF1,5.664353479400447,ToD blocks
2020-01-05,GUNNING1,-122.23002563686467,ToD blocks
2020-01-12,GUNNING1,-0.8110067770737714,ToD blocks
2020-01-19,GUNNING1,-1.7886523646612247,ToD blocks
2020-01-26,GUNNING1,16.47773044861762,ToD blocks
2020-02-02,GUNNING1,-179.06547337996045,ToD blocks
2020-02-09,GUNNING1,-0.7544696613799644,ToD blocks
2020-02-16,GUNNING1,1.8773233585677147,ToD blocks
2020-02-23,GUNNING1,-3.6916374676846146,ToD blocks
2020-03-01,GUNNING1,-1.6829841731334483,ToD blocks
2020-03-08,GUNNING1,-2.8214368635112663,ToD blocks
2020-03-15,GUNNING1,-1.4013577535321176,ToD blocks
2020-03-22,GUNNING1,-1.9135669528334134,ToD blocks
2020-03-29,GUNNING1,-0.5530803790063601,ToD blocks
2020-04-05,GUNNING1,-8.969485989197025,ToD blocks
2020-04-12,GUNNING1,-5.669088748129042,ToD blocks
2020-04-19,GUNNING1,-5.1705187161220465,ToD blocks
2020-04-26,GUNNING1,-1.9175608562131572,ToD blocks
2020-05-03,GUNNING1,-2.1391390128763774,ToD blocks
2020-05-10,GUNNING1,-5.185364797754453,ToD blocks
2020-05-17,GUNNING1,2.026879102644628,ToD blocks
2020-05-24,GUNNING1,-2.373110425329237,ToD blocks
2020-05-31,GUNNING1,-3.1921138474122586,ToD blocks
2020-06-07,GUNNING1,-4.639881277060411,ToD blocks
2020-06-14,GUNNING1,-22.61575897599868,ToD blocks
2020-06-21,GUNNING1,0.23492828861806458,ToD blocks
2020-06-28,GUNNING1,0.0005325295953042541,ToD blocks
2020-07-05,GUNNING1,-0.5303910958754088,ToD blocks
2020-07-12,GUNNING1,-1.6728440433108531,ToD blocks
2020-07-19,GUNNING1,-6.690249490087886,ToD blocks
2020-07-26,GUNNING1,-11.057894583260072,ToD blocks
2020-08-02,GUNNING1,-0.7311509577879534,ToD blocks
2020-08-09,GUNNING1,0.03185238305852067,ToD blocks
2020-08-16,GUNNING1,-4.344661304904335,ToD blocks
2020-08-23,GUNNING1,-0.058276602683335454,ToD blocks
2020-08-30,GUNNING1,-6.355289852383983,ToD blocks
2020-09-06,GUNNING1,-4.056320112594676,ToD blocks
2020-09-13,GUNNING1,-0.8724882945319123,ToD blocks
2020-09-20,GUNNING1,-0.817963740291134,ToD blocks
2020-09-27,GUNNING1,-2.4970111880968346,ToD blocks
2020-10-04,GUNNING1,-4.854694080903904,ToD blocks
2020-10-11,GUNNING1,-11.382836503292182,ToD blocks
2020-10-18,GUNNING1,-0.7765989389965924,ToD blocks
2020-10-25,GUNNING1,-20.217044124717347,ToD blocks
2020-11-01,GUNNING1,1.526949580459636,ToD blocks
2020-11-08,GUNNING1,-4.6701098340450855,ToD blocks
2020-11-15,GUNNING1,-3.4595986934241907,ToD blocks
2020-11-22,GUNNING1,25.113578613164904,ToD blocks
2020-11-29,GUNNING1,-11.202341010111667,ToD blocks
2020-12-06,GUNNING1,2.1992387953518673,ToD blocks
2020-12-13,GUNNING1,-2.3729596479590214,ToD blocks
2020-12-20,GUNNING1,-96.08962181152373,ToD blocks
2020-12-27,GUNNING1,-1.628284099590644,ToD blocks
2021-01-03,GUNNING1,0.4543635609584129,ToD blocks
2021-01-10,GUNNING1,-0.5267086192190007,ToD blocks
2021-01-17,GUNNING1,0.9378080060474261,ToD blocks
2021-01-24,GUNNING1,-2.7812979430360514,ToD blocks
2021-01-31,GUNNING1,-1.4060027088858433,ToD blocks
2021-02-07,GUNNING1,0.15841216558779792,ToD blocks
2021-02-14,GUNNING1,-1.1349387233885082,ToD blocks
2021-02-21,GUNNING1,-0.5182958320838864,ToD blocks
2021-02-28,GUNNING1,-1.3714185990806556,ToD blocks
2021-03-07,GUNNING1,0.9846778796320734,ToD blocks
2021-03-14,GUNNING1,-2.319048134867984,ToD blocks
2021-03-21,GUNNING1,0.41509090081752475,ToD blocks
2021-03-28,GUNNING1,2.0821561411747425,ToD blocks
2021-04-04,GUNNING1,-2.1609058489459727,ToD blocks
2021-04-11,GUNNING1,-5.731639436804812,ToD blocks
2021-04-18,GUNNING1,-8.508054500328136,ToD blocks
2021-04-25,GUNNING1,-4.284310048980174,ToD blocks
2021-05-02,GUNNING1,-22.218105876722113,ToD blocks
2021-05-09,GUNNING1,-3.2866180158180356,ToD blocks
2021-05-16,GUNNING1,-8.36699160641809,ToD blocks
2021-05-23,GUNNING1,-53.57964337551459,ToD blocks
2021-05-30,GUNNING1,-52.586401627429254,ToD blocks
2021-06-06,GUNNING1,-41.70484775654734,ToD blocks
2021-06-13,GUNNING1,-27.359969987294306,ToD blocks
2021-06-20,GUNNING1,-89.15471712586553,ToD blocks
2021-06-27,GUNNING1,-29.644672412528237,ToD blocks
2021-07-04,GUNNING1,-8.672461370656748,ToD blocks
2021-07-11,GUNNING1,-61.282088791809116,ToD blocks
2021-07-18,GUNNING1,-5.216975392614273,ToD blocks
2021-07-25,GUNNING1,-59.03336685728564,ToD blocks
2021-08-01,GUNNING1,-2.792191100784841,ToD blocks
2021-08-08,GUNNING1,0.47203730654041465,ToD blocks
2021-08-15,GUNNING1,-4.863013027719035,ToD blocks
2021-08-22,GUNNING1,-15.975108807892688,ToD blocks
2021-08-29,GUNNING1,-5.183472165826487,ToD blocks
2021-09-05,GUNNING1,0.751476055942156,ToD blocks
2021-09-12,GUNNING1,-7.40910923432364,ToD blocks
2021-09-19,GUNNING1,-5.843159986360433,ToD blocks
2021-09-26,GUNNING1,-5.793456145495824,ToD blocks
2021-10-03,GUNNING1,-11.107657783345346,ToD blocks
2021-10-10,GUNNING1,-7.5324018174682905,ToD blocks
2021-10-17,GUNNING1,-3.85240829605425,ToD blocks
2021-10-24,GUNNING1,-8.670671665741523,ToD blocks
2021-10-31,GUNNING1,2.976087097741768,ToD blocks
2021-11-07,GUNNING1,-2.5798994454525115,ToD blocks
2021-11-14,GUNNING1,-13.420764427803753,ToD blocks
2021-11-21,GUNNING1,-1.9960019246067304,ToD blocks
2021-11-28,GUNNING1,-6.858494789310782,ToD blocks
2021-12-05,GUNNING1,-12.871595561211087,ToD blocks
2021-12-12,GUNNING1,-0.16905816749395797,ToD blocks
2021-12-19,GUNNING1,-1.9770243370244032,ToD blocks
2021-12-26,GUNNING1,0.4299258565184658,ToD blocks
2022-01-02,GUNNING1,-4.963309214530597,ToD blocks
2022-01-09,GUNNING1,-0.8005100236080835,ToD blocks
2022-01-16,GUNNING1,-1.775401261963239,ToD blocks
2022-01-23,GUNNING1,-6.114003360053005,ToD blocks
2022-01-30,GUNNING1,-0.1706156153779972,ToD blocks
2022-02-06,GUNNING1,-18.15693921281529,ToD blocks
2022-02-13,GUNNING1,-2.8884783467646002,ToD blocks
2022-02-20,GUNNING1,-11.837827283891741,ToD blocks
2022-02-27,GUNNING1,-6.912494997697522,ToD blocks
2022-03-06,GUNNING1,-3.873455420482088,ToD blocks
2022-03-13,GUNNING1,0.4507336262339834,ToD blocks
2022-03-20,GUNNING1,-2.5262133148576567,ToD blocks
2022-03-27,GUNNING1,-2.311840103029212,ToD blocks
2022-04-03,GUNNING1,-3.0754367106811458,ToD blocks
2022-04-10,GUNNING1,-1.0722320362153823,ToD blocks
2022-04-17,GUNNING1,12.641236700299572,ToD blocks
2022-04-24,GUNNING1,-7.685473000296781,ToD blocks
2022-05-01,GUNNING1,-3.192153413765311,ToD blocks
2022-05-08,GUNNING1,-92.49008102653744,ToD blocks
2022-05-15,GUNNING1,-12.611047967953766,ToD blocks
2022-05-22,GUNNING1,-13.078453812510276,ToD blocks
2022-05-29,GUNNING1,-7.243782144063516,ToD blocks
2022-06-05,GUNNING1,-63.40483703302317,ToD blocks
2022-06-12,GUNNING1,-12.248779724394808,ToD blocks
2022-06-19,GUNNING1,6.159390956131745,ToD blocks
2022-06-26,GUNNING1,3.9848812391256843,ToD blocks
2022-07-03,GUNNING1,-34.9052084295468,ToD blocks
2022-07-10,GUNNING1,-12.781679848204988,ToD blocks
2022-07-17,GUNNING1,-143.34234686127394,ToD blocks
2022-07-24,GUNNING1,0.29642693511408424,ToD blocks
2022-07-31,GUNNING1,-13.40954317840729,ToD blocks
2022-08-07,GUNNING1,-12.633439910327994,ToD blocks
2022-08-14,GUNNING1,-35.89447233333124,ToD blocks
2022-08-21,GUNNING1,-14.50109033643551,ToD blocks
2022-08-28,GUNNING1,-8.677974896552143,ToD blocks
2022-09-04,GUNNING1,-5.728089964835789,ToD blocks
2022-09-11,GUNNING1,-15.618308187543704,ToD blocks
2022-09-18,GUNNING1,-30.12522385810857,ToD blocks
2022-09-25,GUNNING1,-0.8769968756046183,ToD blocks
2022-10-02,GUNNING1,-13.066642110251337,ToD blocks
2022-10-09,GUNNING1,-7.567937046726286,ToD blocks
2022-10-16,GUNNING1,-37.909596019614895,ToD blocks
2022-10-23,GUNNING1,-3.8517474734618986,ToD blocks
2022-10-30,GUNNING1,227.78987160976365,ToD blocks
2022-11-06,GUNNING1,344.6867807563533,ToD blocks
2022-11-13,GUNNING1,14.525593917270825,ToD blocks
2022-11-20,GUNNING1,-25.742125274100488,ToD blocks
2022-11-27,GUNNING1,-5.525336874491828,ToD blocks
2022-12-04,GUNNING1,13.020361408966195,ToD blocks
2022-12-11,GUNNING1,-11.991803516844627,ToD blocks
2022-12-18,GUNNING1,5.888296296871786,ToD blocks
2022-12-25,GUNNING1,4.999812958826794,ToD blocks
2023-01-01,GUNNING1,6.942154846710594,ToD blocks
2023-01-08,GUNNING1,2.0917364794283912,ToD blocks
2023-01-15,GUNNING1,8.015031562203632,ToD blocks
2023-01-22,GUNNING1,-1.9864106953404814,ToD blocks
2023-01-29,GUNNING1,-4.09324585938549,ToD blocks
2023-02-05,GUNNING1,-15.240618059634258,ToD blocks
2023-02-12,GUNNING1,-7.451247956581767,ToD blocks
2023-02-19,GUNNING1,-3.2361798304280427,ToD blocks
2023-02-26,GUNNING1,-10.294907014183792,ToD blocks
2023-03-05,GUNNING1,2.0784612424203885,ToD blocks
2023-03-12,GUNNING1,-9.640868718739114,ToD blocks
2023-03-19,GUNNING1,-73.21970611369025,ToD blocks
2023-03-26,GUNNING1,-8.53126281169898,ToD blocks
2023-04-02,GUNNING1,-14.897354272441788,ToD blocks
2023-04-09,GUNNING1,-31.104806769845027,ToD blocks
2023-04-16,GUNNING1,-11.808635496990846,ToD blocks
2023-04-23,GUNNING1,-0.8532644054682663,ToD blocks
2023-04-30,GUNNING1,-18.825457019742558,ToD blocks
2023-05-07,GUNNING1,-19.895262959252193,ToD blocks
2023-05-14,GUNNING1,-10.976351647088023,ToD blocks
2023-05-21,GUNNING1,-8.44021575091412,ToD blocks
2023-05-28,GUNNING1,-1.2949611522473106,ToD blocks
2023-06-04,GUNNING1,-5.169057800684357,ToD blocks
2023-06-11,GUNNING1,-6.5610110962737025,ToD blocks
2023-06-18,GUNNING1,-6.321872904805531,ToD blocks
2023-06-25,GUNNING1,-14.19108760774418,ToD blocks
2023-07-02,GUNNING1,-10.088224542806998,ToD blocks
2023-07-09,GUNNING1,-31.203658782028775,ToD blocks
2023-07-16,GUNNING1,-11.350925757191746,ToD blocks
2023-07-23,GUNNING1,-3.4618100389293573,ToD blocks
2023-07-30,GUNNING1,-16.945107214602487,ToD blocks
2023-08-06,GUNNING1,-16.616253590361737,ToD blocks
2023-08-13,GUNNING1,-9.31727854166742,ToD blocks
2023-08-20,GUNNING1,-36.03593018112528,ToD blocks
2023-08-27,GUNNING1,11.017741060013947,ToD blocks
2023-09-03,GUNNING1,-2.842812650417315,ToD blocks
2023-09-10,GUNNING1,-20.69343310629609,ToD blocks
2023-09-17,GUNNING1,-24.214137650882634,ToD blocks
2023-09-24,GUNNING1,-0.47737595560896295,ToD blocks
2023-10-01,GUNNING1,-20.11825395353486,ToD blocks
2023-10-08,GUNNING1,-0.5128987329729,ToD blocks
2023-10-15,GUNNING1,-17.946494436527534,ToD blocks
2023-10-22,GUNNING1,-12.185135400725258,ToD blocks
2023-10-29,GUNNING1,5.15997820053348,ToD blocks
2023-11-05,GUNNING1,-5.125967241194402,ToD blocks
2023-11-12,GUNNING1,-22.516034989345542,ToD blocks
2023-11-19,GUNNING1,-8.489334525330634,ToD blocks
2023-11-26,GUNNING1,-9.367139963237548,ToD blocks
2023-12-03,GUNNING1,1.7417318310807488,ToD blocks
2023-12-10,GUNNING1,-10.381677919981115,ToD blocks
2023-12-17,GUNNING1,1.9840366094322093,ToD blocks
2023-12-24,GUNNING1,-3.7459790101424915,ToD blocks
2023-12-31,GUNNING1,-14.274753608957056,ToD blocks
2024-01-07,GUNNING1,-0.38407819257449205,ToD blocks
2024-01-14,GUNNING1,-6.610337794130132,ToD blocks
2024-01-21,GUNNING1,-28.337672354636723,ToD blocks
2024-01-28,GUNNING1,-4.055871455099194,ToD blocks
2024-02-04,GUNNING1,-28.30953539092883,ToD blocks
2024-02-11,GUNNING1,-26.28950754121408,ToD blocks
2024-02-18,GUNNING1,-4.29805856040015,ToD blocks
2024-02-25,GUNNING1,-11.5178445756015,ToD blocks
2024-03-03,GUNNING1,-65.07590890768208,ToD blocks
2024-03-10,GUNNING1,0.18202418532639797,ToD blocks
2024-03-17,GUNNING1,-6.782078969123987,ToD blocks
2024-03-24,GUNNING1,-7.200417846745893,ToD blocks
2024-03-31,GUNNING1,1.5797195184220953,ToD blocks
2024-04-07,GUNNING1,-3.457377237615603,ToD blocks
2024-04-14,GUNNING1,-4.747874115121661,ToD blocks
2024-04-21,GUNNING1,-13.251661429865052,ToD blocks
2024-04-28,GUNNING1,-10.81249497395548,ToD blocks
2024-05-05,GUNNING1,-14.26293682251901,ToD blocks
2024-05-12,GUNNING1,-479.9470119592951,ToD blocks
2024-05-19,GUNNING1,-10.095069790482952,ToD blocks
2024-05-26,GUNNING1,27.537019679223732,ToD blocks
2024-06-02,GUNNING1,-20.165446059933657,ToD blocks
2024-06-09,GUNNING1,-8.981229814175634,ToD blocks
2024-06-16,GUNNING1,-41.04895667588535,ToD blocks
2024-06-23,GUNNING1,-1.0284058386219783,ToD blocks
2024-06-30,GUNNING1,-17.076322309406308,ToD blocks
2024-07-07,GUNNING1,-2.1650825112663625,ToD blocks
2024-07-14,GUNNING1,-13.232898144629019,ToD blocks
2024-07-21,GUNNING1,-11.809605230671366,ToD blocks
2024-07-28,GUNNING1,-5.007293753281871,ToD blocks
2024-08-04,GUNNING1,-22.419327838612162,ToD blocks
2024-08-11,GUNNING1,-261.58129349493834,ToD blocks
2024-08-18,GUNNING1,-19.912901959884778,ToD blocks
2024-08-25,GUNNING1,-9.412698473380615,ToD blocks
2024-09-01,GUNNING1,-3.7487712478054895,ToD blocks
2024-09-08,GUNNING1,2.1471718018305594,ToD blocks
2024-09-15,GUNNING1,-11.574681435020054,ToD blocks
2024-09-22,GUNNING1,-9.862854934727032,ToD blocks
2024-09-29,GUNNING1,-12.128184087888584,ToD blocks
2024-10-06,GUNNING1,-22.58364293882125,ToD blocks
2024-10-13,GUNNING1,-9.524224186648553,ToD blocks
2024-10-20,GUNNING1,-7.4464409293948535,ToD blocks
2024-10-27,GUNNING1,-5.178824995766163,ToD blocks
2024-11-03,GUNNING1,-15.705910400324186,ToD blocks
2024-11-10,GUNNING1,-159.6200458659349,ToD blocks
2024-11-17,GUNNING1,-15.073971210020403,ToD blocks
2024-11-24,GUNNING1,-14.770888318175167,ToD blocks
2024-12-01,GUNNING1,-39.39956408170303,ToD blocks
2024-12-08,GUNNING1,-128.35762357263332,ToD blocks
2024-12-15,GUNNING1,-1.2238297465032986,ToD blocks
2024-12-22,GUNNING1,-0.36757696005221874,ToD blocks
2024-12-29,GUNNING1,-10.672954334174129,ToD blocks
2025-01-05,GUNNING1,2.368502190930343,ToD blocks
2020-01-05,SAPHWF1,-146.63632064016383,ToD blocks
2020-01-12,SAPHWF1,-2.5248808662680275,ToD blocks
2020-01-19,SAPHWF1,-1.6739123889471514,ToD blocks
2020-01-26,SAPHWF1,11.990601477746779,ToD blocks
2020-02-02,SAPHWF1,-76.5515442585984,ToD blocks
2020-02-09,SAPHWF1,1.43757927833137,ToD blocks
2020-02-16,SAPHWF1,-3.2864397925246536,ToD blocks
2020-02-23,SAPHWF1,-5.948624588184856,ToD blocks
2020-03-01,SAPHWF1,-0.21452212763156808,ToD blocks
2020-03-08,SAPHWF1,-3.0604222780651966,ToD blocks
2020-03-15,SAPHWF1,-0.028599524648349472,ToD blocks
2020-03-22,SAPHWF1,-2.7209512454435796,ToD blocks
2020-03-29,SAPHWF1,0.43603009353370226,ToD blocks
2020-04-05,SAPHWF1,-2.9057582492666114,ToD blocks
2020-04-12,SAPHWF1,-2.869135632597782,ToD blocks
2020-04-19,SAPHWF1,-6.587179165390836,ToD blocks
2020-04-26,SAPHWF1,-4.455531768337721,ToD blocks
2020-05-03,SAPHWF1,-1.9668497546903794,ToD blocks
2020-05-10,SAPHWF1,-2.1786190115604995,ToD blocks
2020-05-17,SAPHWF1,-0.5187737056760113,ToD blocks
2020-05-24,SAPHWF1,1.2997036329974136,ToD blocks
2020-05-31,SAPHWF1,-2.391757570821447,ToD blocks
2020-06-07,SAPHWF1,-4.401396037960964,ToD blocks
2020-06-14,SAPHWF1,-10.686771884116304,ToD blocks
2020-06-21,SAPHWF1,1.5941223609954136,ToD blocks
2020-06-28,SAPHWF1,-0.12386127566535521,ToD blocks
2020-07-05,SAPHWF1,-0.7554769304343907,ToD blocks
2020-07-12,SAPHWF1,-2.719320850024168,ToD blocks
2020-07-19,SAPHWF1,4.522182810917855,ToD blocks
2020-07-26,SAPHWF1,-6.087303644987415,ToD blocks
2020-08-02,SAPHWF1,-0.4486152552361631,ToD blocks
2020-08-09,SAPHWF1,3.6314743125890345,ToD blocks
2020-08-16,SAPHWF1,-1.3688596292167219,ToD blocks
2020-08-23,SAPHWF1,1.1187679443008918,ToD blocks
2020-08-30,SAPHWF1,-10.531557462806319,ToD blocks
2020-09-06,SAPHWF1,-4.684521999740504,ToD blocks
2020-09-13,SAPHWF1,-0.3251836256507943,ToD blocks
2020-09-20,SAPHWF1,-1.7833453286326488,ToD blocks
2020-09-27,SAPHWF1,-2.439335691658968,ToD blocks
2020-10-04,SAPHWF1,-1.8833431875548996,ToD blocks
2020-10-11,SAPHWF1,-9.159061155865906,ToD blocks
2020-10-18,SAPHWF1,-0.8448338357372833,ToD blocks
2020-10-25,SAPHWF1,0.25230975203520245,ToD blocks
2020-11-01,SAPHWF1,-0.4162159871817508,ToD blocks
2020-11-08,SAPHWF1,-2.496288852093251,ToD blocks
2020-11-15,SAPHWF1,-0.5692592866266821,ToD blocks
2020-11-22,SAPHWF1,-7.375133041551678,ToD blocks
2020-11-29,SAPHWF1,-6.823171986767342,ToD blocks
2020-12-06,SAPHWF1,-2.4352989375227807,ToD blocks
2020-12-13,SAPHWF1,-5.6678180555684605,ToD blocks
2020-12-20,SAPHWF1,-71.92630760577174,ToD blocks
2020-12-27,SAPHWF1,-0.5202362593994962,ToD blocks
2021-01-03,SAPHWF1,-0.09035956041083182,ToD blocks
2021-01-10,SAPHWF1,-0.5303589944017375,ToD blocks
2021-01-17,SAPHWF1,-0.1641529946870861,ToD blocks
2021-01-24,SAPHWF1,-0.805106387060242,ToD blocks
2021-01-31,SAPHWF1,-1.4057226112563228,ToD blocks
2021-02-07,SAPHWF1,0.18220987712317083,ToD blocks
2021-02-14,SAPHWF1,-0.6383784216579826,ToD blocks
2021-02-21,SAPHWF1,-0.041836200358723374,ToD blocks
2021-02-28,SAPHWF1,-1.516393861637276,ToD blocks
2021-03-07,SAPHWF1,-0.1641300775314818,ToD blocks
2021-03-14,SAPHWF1,-0.22710082632271877,ToD blocks
2021-03-21,SAPHWF1,0.16774033094803542,ToD blocks
2021-03-28,SAPHWF1,6.228356462318267,ToD blocks
2021-04-04,SAPHWF1,-3.4731328916614785,ToD blocks
2021-04-11,SAPHWF1,-3.8244870975507865,ToD blocks
2021-04-18,SAPHWF1,-0.6359358805171453,ToD blocks
2021-04-25,SAPHWF1,2.0241959110634724,ToD blocks
2021-05-02,SAPHWF1,-13.187133521634962,ToD blocks
2021-05-09,SAPHWF1,-3.6307130287142186,ToD blocks
2021-05-16,SAPHWF1,-12.09650031296173,ToD blocks
2021-05-23,SAPHWF1,-52.613897728133225,ToD blocks
2021-05-30,SAPHWF1,-44.50081836128459,ToD blocks
2021-06-06,SAPHWF1,-16.770700340824817,ToD blocks
2021-06-13,SAPHWF1,97.15041248727812,ToD blocks
2021-06-20,SAPHWF1,-93.76029093616087,ToD blocks
2021-06-27,SAPHWF1,-21.675962985497193,ToD blocks
2021-07-04,SAPHWF1,-6.277837282251994,ToD blocks
2021-07-11,SAPHWF1,0.4159351377575433,ToD blocks
2021-07-18,SAPHWF1,-10.370768941564307,ToD blocks
2021-07-25,SAPHWF1,-17.674728624325866,ToD blocks
2021-08-01,SAPHWF1,-2.61352433615361,ToD blocks
2021-08-08,SAPHWF1,-2.1576495007214476,ToD blocks
2021-08-15,SAPHWF1,-0.6585958273877921,ToD blocks
2021-08-22,SAPHWF1,5.113998662269495,ToD blocks
2021-08-29,SAPHWF1,-1.1533447068421054,ToD blocks
2021-09-05,SAPHWF1,-3.549933283700746,ToD blocks
2021-09-12,SAPHWF1,-1.3804703553085744,ToD blocks
2021-09-19,SAPHWF1,1.037438583224933,ToD blocks
2021-09-26,SAPHWF1,1.1690842441811498,ToD blocks
2021-10-03,SAPHWF1,-2.5118497394275963,ToD blocks
2021-10-10,SAPHWF1,-8.56371054207306,ToD blocks
2021-10-17,SAPHWF1,-5.0333736472032555,ToD blocks
2021-10-24,SAPHWF1,-7.325528288329309,ToD blocks
2021-10-31,SAPHWF1,-8.839504940184796,ToD blocks
2021-11-07,SAPHWF1,-1.8183165436213216,ToD blocks
2021-11-14,SAPHWF1,-9.4529115937965,ToD blocks
2021-11-21,SAPHWF1,-2.5702822018284124,ToD blocks
2021-11-28,SAPHWF1,-1.8912243413850973,ToD blocks
2021-12-05,SAPHWF1,-8.771080165419754,ToD blocks
2021-12-12,SAPHWF1,-2.3928432891888605,ToD blocks
2021-12-19,SAPHWF1,6.070448541322918,ToD blocks
2021-12-26,SAPHWF1,-2.2624933993287186,ToD blocks
2022-01-02,SAPHWF1,-4.901637269340284,ToD blocks
2022-01-09,SAPHWF1,1.2309938914575014,ToD blocks
2022-01-16,SAPHWF1,0.4708941043239605,ToD blocks
2022-01-23,SAPHWF1,-2.747766359899515,ToD blocks
2022-01-30,SAPHWF1,-1.4754479657549382,ToD blocks
2022-02-06,SAPHWF1,-23.927451689335335,ToD blocks
2022-02-13,SAPHWF1,-5.030110957442872,ToD blocks
2022-02-20,SAPHWF1,-6.306848179028961,ToD blocks
2022-02-27,SAPHWF1,-5.24882894856637,ToD blocks
2022-03-06,SAPHWF1,-3.30514313528586,ToD blocks
2022-03-13,SAPHWF1,-9.640383345895216,ToD blocks
2022-03-20,SAPHWF1,-1.3370513134990887,ToD blocks
2022-03-27,SAPHWF1,-4.061325713236485,ToD blocks
2022-04-03,SAPHWF1,-13.523057360819507,ToD blocks
2022-04-10,SAPHWF1,-16.725318166588096,ToD blocks
2022-04-17,SAPHWF1,-15.807946327848384,ToD blocks
2022-04-24,SAPHWF1,-13.97545156536512,ToD blocks
2022-05-01,SAPHWF1,-10.78424772749571,ToD blocks
2022-05-08,SAPHWF1,-116.95531826135004,ToD blocks
2022-05-15,SAPHWF1,6.935082664131187,ToD blocks
2022-05-22,SAPHWF1,17.21513885469662,ToD blocks
2022-05-29,SAPHWF1,-12.345814765585203,ToD blocks
2022-06-05,SAPHWF1,-13.680749658673903,ToD blocks
2022-06-12,SAPHWF1,-1.7009009076778625,ToD blocks
2022-06-19,SAPHWF1,-65.52930285020494,ToD blocks
2022-06-26,SAPHWF1,-6.690063299219162,ToD blocks
2022-07-03,SAPHWF1,37.81774238166594,ToD blocks
2022-07-10,SAPHWF1,-2.6850684673115666,ToD blocks
2022-07-17,SAPHWF1,-49.12200103791042,ToD blocks
2022-07-24,SAPHWF1,1.8879433279409454,ToD blocks
2022-07-31,SAPHWF1,-36.347104648269976,ToD blocks
2022-08-07,SAPHWF1,-10.238183087902812,ToD blocks
2022-08-14,SAPHWF1,-25.307728018381994,ToD blocks
2022-08-21,SAPHWF1,7.360144597697939,ToD blocks
2022-08-28,SAPHWF1,-1.3120045202367407,ToD blocks
2022-09-04,SAPHWF1,-0.9895248966318206,ToD blocks
2022-09-11,SAPHWF1,-4.411675274657995,ToD blocks
2022-09-18,SAPHWF1,-7.729076634743592,ToD blocks
2022-09-25,SAPHWF1,13.656712079889274,ToD blocks
2022-10-02,SAPHWF1,-5.6890501349271005,ToD blocks
2022-10-09,SAPHWF1,4.648544503650186,ToD blocks
2022-10-16,SAPHWF1,2.6486430243271,ToD blocks
2022-10-23,SAPHWF1,-3.222603075218956,ToD blocks
2022-10-30,SAPHWF1,-15.857687830032546,ToD blocks
2022-11-06,SAPHWF1,-10.91145509724376,ToD blocks
2022-11-13,SAPHWF1,0.7962413366035577,ToD blocks
2022-11-20,SAPHWF1,-37.43498611472165,ToD blocks
2022-11-27,SAPHWF1,-29.204860143809697,ToD blocks
2022-12-04,SAPHWF1,-4.362073382800219,ToD blocks
2022-12-11,SAPHWF1,-10.43378950375498,ToD blocks
2022-12-18,SAPHWF1,12.746697915132103,ToD blocks
2022-12-25,SAPHWF1,5.505045928429411,ToD blocks
2023-01-01,SAPHWF1,-1.0476718363230049,ToD blocks
2023-01-08,SAPHWF1,7.595116300677432,ToD blocks
2023-01-15,SAPHWF1,4.483996303237788,ToD blocks
2023-01-22,SAPHWF1,1.5684973901536097,ToD blocks
2023-01-29,SAPHWF1,-1.2223671720667681,ToD blocks
2023-02-05,SAPHWF1,-17.911356887147306,ToD blocks
2023-02-12,SAPHWF1,1.4853042928843223,ToD blocks
2023-02-19,SAPHWF1,-3.488684174543536,ToD blocks
2023-02-26,SAPHWF1,-2.0989214967807897,ToD blocks
2023-03-05,SAPHWF1,-2.4125547136878396,ToD blocks
2023-03-12,SAPHWF1,-4.861409595665052,ToD blocks
2023-03-19,SAPHWF1,-17.034298988795655,ToD blocks
2023-03-26,SAPHWF1,-3.701570101356026,ToD blocks
2023-04-02,SAPHWF1,-17.25259020133501,ToD blocks
2023-04-09,SAPHWF1,-33.84762461891091,ToD blocks
2023-04-16,SAPHWF1,-8.748154520495774,ToD blocks
2023-04-23,SAPHWF1,0.8100815445669554,ToD blocks
2023-04-30,SAPHWF1,-29.359262420879816,ToD blocks
2023-05-07,SAPHWF1,-16.898868425618815,ToD blocks
2023-05-14,SAPHWF1,-1.3953402992818553,ToD blocks
2023-05-21,SAPHWF1,-33.67139254477783,ToD blocks
2023-05-28,SAPHWF1,-57.86124098484464,ToD blocks
2023-06-04,SAPHWF1,-26.272195668115245,ToD blocks
2023-06-11,SAPHWF1,-5.932587328844804,ToD blocks
2023-06-18,SAPHWF1,-4.357546569717641,ToD blocks
2023-06-25,SAPHWF1,-23.453353712752943,ToD blocks
2023-07-02,SAPHWF1,1.3059814293227845,ToD blocks
2023-07-09,SAPHWF1,8.162087555380253,ToD blocks
2023-07-16,SAPHWF1,4.6264701463043565,ToD blocks
2023-07-23,SAPHWF1,4.609058250710248,ToD blocks
2023-07-30,SAPHWF1,7.835347124965551,ToD blocks
2023-08-06,SAPHWF1,-0.8669719518895675,ToD blocks
2023-08-13,SAPHWF1,-0.6166628584997795,ToD blocks
2023-08-20,SAPHWF1,-38.06072691891795,ToD blocks
2023-08-27,SAPHWF1,2.255811051053044,ToD blocks
2023-09-03,SAPHWF1,-0.295990502634325,ToD blocks
2023-09-10,SAPHWF1,-6.631664426178503,ToD blocks
2023-09-17,SAPHWF1,22.617704634955473,ToD blocks
2023-09-24,SAPHWF1,2.4394257369419208,ToD blocks
2023-10-01,SAPHWF1,7.5260127702751305,ToD blocks
2023-10-08,SAPHWF1,4.496914667509088,ToD blocks
2023-10-15,SAPHWF1,1.3825213479235003,ToD blocks
2023-10-22,SAPHWF1,2.5633575234799864,ToD blocks
2023-10-29,SAPHWF1,-9.187498010312012,ToD blocks
2023-11-05,SAPHWF1,-1.4945879082665954,ToD blocks
2023-11-12,SAPHWF1,-10.637838812668505,ToD blocks
2023-11-19,SAPHWF1,-10.327523037254437,ToD blocks
2023-11-26,SAPHWF1,2.191422785278121,ToD blocks
2023-12-03,SAPHWF1,-7.47265368388193,ToD blocks
2023-12-10,SAPHWF1,0.24780339557442232,ToD blocks
2023-12-17,SAPHWF1,0.8085013807523893,ToD blocks
2023-12-24,SAPHWF1,2.198113815727943,ToD blocks
2023-12-31,SAPHWF1,-14.278999859914727,ToD blocks
2024-01-07,SAPHWF1,-0.4221826445830388,ToD blocks
2024-01-14,SAPHWF1,2.5557387265003655,ToD blocks
2024-01-21,SAPHWF1,-55.843922703078064,ToD blocks
2024-01-28,SAPHWF1,-2.8070938007860207,ToD blocks
2024-02-04,SAPHWF1,-21.854650511322035,ToD blocks
2024-02-11,SAPHWF1,-19.6516947429309,ToD blocks
2024-02-18,SAPHWF1,0.016610131234500614,ToD blocks
2024-02-25,SAPHWF1,-22.111082503349678,ToD blocks
2024-03-03,SAPHWF1,6.446534159513391,ToD blocks
2024-03-10,SAPHWF1,-4.661048098120588,ToD blocks
2024-03-17,SAPHWF1,-6.199406038242671,ToD blocks
2024-03-24,SAPHWF1,-4.784251954614071,ToD blocks
2024-03-31,SAPHWF1,3.6416578819298877,ToD blocks
2024-04-07,SAPHWF1,-3.672576701173128,ToD blocks
2024-04-14,SAPHWF1,-10.646711596215525,ToD blocks
2024-04-21,SAPHWF1,-24.07933972541973,ToD blocks
2024-04-28,SAPHWF1,0.5064213985598514,ToD blocks
2024-05-05,SAPHWF1,27.95783253764435,ToD blocks
2024-05-12,SAPHWF1,-55.67374214224037,ToD blocks
2024-05-19,SAPHWF1,14.010625852578997,ToD blocks
2024-05-26,SAPHWF1,-7.29162137559149,ToD blocks
2024-06-02,SAPHWF1,-6.71032443039563,ToD blocks
2024-06-09,SAPHWF1,-6.193898667087794,ToD blocks
2024-06-16,SAPHWF1,-27.763957233471345,ToD blocks
2024-06-23,SAPHWF1,-10.146542630183689,ToD blocks
2024-06-30,SAPHWF1,-30.267088337598963,ToD blocks
2024-07-07,SAPHWF1,-9.895451587331564,ToD blocks
2024-07-14,SAPHWF1,7.418635516091513,ToD blocks
2024-07-21,SAPHWF1,-7.258298826707119,ToD blocks
2024-07-28,SAPHWF1,2.8140777278247953,ToD blocks
2024-08-04,SAPHWF1,56.05207988433102,ToD blocks
2024-08-11,SAPHWF1,-88.2319375805493,ToD blocks
2024-08-18,SAPHWF1,-15.883871596410714,ToD blocks
2024-08-25,SAPHWF1,8.143764603420692,ToD blocks
2024-09-01,SAPHWF1,-6.418652061373294,ToD blocks
2024-09-08,SAPHWF1,-5.376747803606648,ToD blocks
2024-09-15,SAPHWF1,9.590646106877976,ToD blocks
2024-09-22,SAPHWF1,-8.905877529569864,ToD blocks
2024-09-29,SAPHWF1,-23.15862953037322,ToD blocks
2024-10-06,SAPHWF1,-5.686387158410902,ToD blocks
2024-10-13,SAPHWF1,-4.182612321916608,ToD blocks
2024-10-20,SAPHWF1,-7.702873865936269,ToD blocks
2024-10-27,SAPHWF1,3.684446951884695,ToD blocks
2024-11-03,SAPHWF1,-5.345641130590764,ToD blocks
2024-11-10,SAPHWF1,187.99966548716708,ToD blocks
2024-11-17,SAPHWF1,-27.240820496225965,ToD blocks
2024-11-24,SAPHWF1,-24.617745594104065,ToD blocks
2024-12-01,SAPHWF1,8.899940521718747,ToD blocks
2024-12-08,SAPHWF1,-94.06283039463102,ToD blocks
2024-12-15,SAPHWF1,6.888974528649612,ToD blocks
2024-12-22,SAPHWF1,5.8141990599272475,ToD blocks
2024-12-29,SAPHWF1,4.930974429458644,ToD blocks
2025-01-05,SAPHWF1,6.9578306810012975,ToD blocks
2020-01-05,STWF1,-162.26452992289387,ToD blocks
2020-01-12,STWF1,-0.7768869736692992,ToD blocks
2020-01-19,STWF1,-1.2315114895536894,ToD blocks
2020-01-26,STWF1,-1.9312889926059995,ToD blocks
2020-02-02,STWF1,21.16728160835484,ToD blocks
2020-02-09,STWF1,-1.7929489369616363,ToD blocks
2020-02-16,STWF1,-2.4016909406436326,ToD blocks
2020-02-23,STWF1,-2.699804009966627,ToD blocks
2020-03-01,STWF1,-3.3440820474664292,ToD blocks
2020-03-08,STWF1,-0.961975647426847,ToD blocks
2020-03-15,STWF1,-1.5853476221098575,ToD blocks
2020-03-22,STWF1,-3.0991773822096675,ToD blocks
2020-03-29,STWF1,-1.1856709282801035,ToD blocks
2020-04-05,STWF1,-2.5116064168499292,ToD blocks
2020-04-12,STWF1,-4.954186827467794,ToD blocks
2020-04-19,STWF1,-5.451500689055713,ToD blocks
2020-04-26,STWF1,-4.423918492783507,ToD blocks
2020-05-03,STWF1,-0.955959859687411,ToD blocks
2020-05-10,STWF1,-2.431205086078826,ToD blocks
2020-05-17,STWF1,1.3879917018581907,ToD blocks
2020-05-24,STWF1,-0.27359633684601903,ToD blocks
2020-05-31,STWF1,-6.392189408844217,ToD blocks
2020-06-07,STWF1,-2.4806644797415274,ToD blocks
2020-06-14,STWF1,-16.092577319908408,ToD blocks
2020-06-21,STWF1,-1.9044482970783747,ToD blocks
2020-06-28,STWF1,-0.33052380855509256,ToD blocks
2020-07-05,STWF1,-0.5581400217008294,ToD blocks
2020-07-12,STWF1,-1.1533345805341497,ToD blocks
2020-07-19,STWF1,-4.55089460668588,ToD blocks
2020-07-26,STWF1,0.9368694602293317,ToD blocks
2020-08-02,STWF1,-1.9479653670194992,ToD blocks
2020-08-09,STWF1,1.879848787944482,ToD blocks
2020-08-16,STWF1,-1.1922177120892172,ToD blocks
2020-08-23,STWF1,-0.7132453839119108,ToD blocks
2020-08-30,STWF1,-21.91835143164659,ToD blocks
2020-09-06,STWF1,-2.599870654398657,ToD blocks
2020-09-13,STWF1,-0.8902785775028192,ToD blocks
2020-09-20,STWF1,-1.6911476067998876,ToD blocks
2020-09-27,STWF1,-0.4562230163998038,ToD blocks
2020-10-04,STWF1,-4.141790984235811,ToD blocks
2020-10-11,STWF1,3.9305194288962184,ToD blocks
2020-10-18,STWF1,-2.455188854945213,ToD blocks
2020-10-25,STWF1,1.5863192121936294,ToD blocks
2020-11-01,STWF1,-3.3640353879779212,ToD blocks
2020-11-08,STWF1,-1.404070745771584,ToD blocks
2020-11-15,STWF1,-1.0136634112676717,ToD blocks
2020-11-22,STWF1,-22.83489412625555,ToD blocks
2020-11-29,STWF1,-3.7642644787041917,ToD blocks
2020-12-06,STWF1,-3.66665988620683,ToD blocks
2020-12-13,STWF1,-1.2347595458321265,ToD blocks
2020-12-20,STWF1,-21.49836188640255,ToD blocks
2020-12-27,STWF1,-1.0238180229900067,ToD blocks
2021-01-03,STWF1,0.8687012734738957,ToD blocks
2021-01-10,STWF1,-0.3135319471555036,ToD blocks
2021-01-17,STWF1,0.4536992675047813,ToD blocks
2021-01-24,STWF1,-0.7576702813968339,ToD blocks
2021-01-31,STWF1,0.688591889426668,ToD blocks
2021-02-07,STWF1,0.2781229905346194,ToD blocks
2021-02-14,STWF1,-0.6083700708527715,ToD blocks
2021-02-21,STWF1,-1.1867245550955943,ToD blocks
2021-02-28,STWF1,-0.6456256230383914,ToD blocks
2021-03-07,STWF1,0.02138736209406744,ToD blocks
2021-03-14,STWF1,-1.3310518892641454,ToD blocks
2021-03-21,STWF1,-0.42926108102629,ToD blocks
2021-03-28,STWF1,1.219162351950672,ToD blocks
2021-04-04,STWF1,1.813256678755934,ToD blocks
2021-04-11,STWF1,-4.694804002747411,ToD blocks
2021-04-18,STWF1,-3.9674794630116494,ToD blocks
2021-04-25,STWF1,-15.098193066642445,ToD blocks
2021-05-02,STWF1,-20.835401278771357,ToD blocks
2021-05-09,STWF1,-3.861693455253487,ToD blocks
2021-05-16,STWF1,-8.661055000985307,ToD blocks
2021-05-23,STWF1,-70.68249937130207,ToD blocks
2021-05-30,STWF1,-50.585666771100165,ToD blocks
2021-06-06,STWF1,4.760004364309509,ToD blocks
2021-06-13,STWF1,55.87777428443371,ToD blocks
2021-06-20,STWF1,-29.148870896951962,ToD blocks
2021-06-27,STWF1,-19.23957463460202,ToD blocks
2021-07-04,STWF1,-7.743413341587598,ToD blocks
2021-07-11,STWF1,-23.676615331203323,ToD blocks
2021-07-18,STWF1,20.620579346410068,ToD blocks
2021-07-25,STWF1,-9.780331708361388,ToD blocks
2021-08-01,STWF1,-0.16847986149878835,ToD blocks
2021-08-08,STWF1,-5.641723561235828,ToD blocks
2021-08-15,STWF1,-2.9098133141709113,ToD blocks
2021-08-22,STWF1,-5.942642468006042,ToD blocks
2021-08-29,STWF1,-9.919750239349781,ToD blocks
2021-09-05,STWF1,-0.685786414758681,ToD blocks
2021-09-12,STWF1,-1.5595506600200437,ToD blocks
2021-09-19,STWF1,3.3247276805637895,ToD blocks
2021-09-26,STWF1,-0.6702352342828988,ToD blocks
2021-10-03,STWF1,-9.011175941118118,ToD blocks
2021-10-10,STWF1,-0.7546028155614124,ToD blocks
2021-10-17,STWF1,4.605808879367309,ToD blocks
2021-10-24,STWF1,0.09111996161851721,ToD blocks
2021-10-31,STWF1,5.024828410883586,ToD blocks
2021-11-07,STWF1,-3.5735685826295622,ToD blocks
2021-11-14,STWF1,-2.287933917581803,ToD blocks
2021-11-21,STWF1,2.807646164155827,ToD blocks
2021-11-28,STWF1,4.453046029405044,ToD blocks
2021-12-05,STWF1,3.451993683774525,ToD blocks
2021-12-12,STWF1,5.148020112164531,ToD blocks
2021-12-19,STWF1,2.3402605088339783,ToD blocks
2021-12-26,STWF1,-5.4719697913304515,ToD blocks
2022-01-02,STWF1,-8.78070378752571,ToD blocks
2022-01-09,STWF1,-1.5841318387950594,ToD blocks
2022-01-16,STWF1,-1.8464338333516537,ToD blocks
2022-01-23,STWF1,-1.453447861221683,ToD blocks
2022-01-30,STWF1,-1.2360628483091745,ToD blocks
2022-02-06,STWF1,-6.641062846042871,ToD blocks
2022-02-13,STWF1,-3.1360568691345065,ToD blocks
2022-02-20,STWF1,2.1750236688507414,ToD blocks
2022-02-27,STWF1,4.162710234385656,ToD blocks
2022-03-06,STWF1,1.4514255736712727,ToD blocks
2022-03-13,STWF1,4.781995137824879,ToD blocks
2022-03-20,STWF1,0.30004911674207335,ToD blocks
2022-03-27,STWF1,-0.6184017929131755,ToD blocks
2022-04-03,STWF1,-5.553354426639572,ToD blocks
2022-04-10,STWF1,-7.538381861934624,ToD blocks
2022-04-17,STWF1,1.2909783066548641,ToD blocks
2022-04-24,STWF1,-13.198471411005642,ToD blocks
2022-05-01,STWF1,-29.975197133342164,ToD blocks
2022-05-08,STWF1,7.939946094201844,ToD blocks
2022-05-15,STWF1,-7.922426783316041,ToD blocks
2022-05-22,STWF1,10.941717729015267,ToD blocks
2022-05-29,STWF1,-7.979527878017166,ToD blocks
2022-06-05,STWF1,-58.357313117031595,ToD blocks
2022-06-12,STWF1,-38.572577381950964,ToD blocks
2022-06-19,STWF1,-62.62868825922487,ToD blocks
2022-06-26,STWF1,14.14294177834364,ToD blocks
2022-07-03,STWF1,-15.673793478750213,ToD blocks
2022-07-10,STWF1,-9.966624466105372,ToD blocks
2022-07-17,STWF1,-89.7132197831985,ToD blocks
2022-07-24,STWF1,-28.902219487220805,ToD blocks
2022-07-31,STWF1,-57.19186770487468,ToD blocks
2022-08-07,STWF1,-20.477928457082925,ToD blocks
2022-08-14,STWF1,-12.607898701143853,ToD blocks
2022-08-21,STWF1,-18.21394855930035,ToD blocks
2022-08-28,STWF1,-4.671001813045649,ToD blocks
2022-09-04,STWF1,6.018273379055444,ToD blocks
2022-09-11,STWF1,6.620042794260343,ToD blocks
2022-09-18,STWF1,62.32912327615986,ToD blocks
2022-09-25,STWF1,-6.597482755948931,ToD blocks
2022-10-02,STWF1,6.436451212856298,ToD blocks
2022-10-09,STWF1,-6.9252379357144775,ToD blocks
2022-10-16,STWF1,7.6729926661704155,ToD blocks
2022-10-23,STWF1,8.355666844740654,ToD blocks
2022-10-30,STWF1,-28.323261408801784,ToD blocks
2022-11-06,STWF1,5.57764230114978,ToD blocks
2022-11-13,STWF1,3.375922999980702,ToD blocks
2022-11-20,STWF1,-17.41447484631928,ToD blocks
2022-11-27,STWF1,-14.011196894528354,ToD blocks
2022-12-04,STWF1,12.946412109336862,ToD blocks
2022-12-11,STWF1,-7.02910082954962,ToD blocks
2022-12-18,STWF1,4.666548175772846,ToD blocks
2022-12-25,STWF1,-3.4173905939154565,ToD blocks
2023-01-01,STWF1,-0.8904544773932912,ToD blocks
2023-01-08,STWF1,3.0441665473215096,ToD blocks
2023-01-15,STWF1,-6.842023289271566,ToD blocks
2023-01-22,STWF1,1.1924860494196992,ToD blocks
2023-01-29,STWF1,-3.894232228610946,ToD blocks
2023-02-05,STWF1,4.053517017317674,ToD blocks
2023-02-12,STWF1,0.6499429667562566,ToD blocks
2023-02-19,STWF1,-2.9373090804464965,ToD blocks
2023-02-26,STWF1,-1.9505378710856576,ToD blocks
2023-03-05,STWF1,-2.1860353926241487,ToD blocks
2023-03-12,STWF1,-0.5321203822522165,ToD blocks
2023-03-19,STWF1,24.036596195288098,ToD blocks
2023-03-26,STWF1,-2.2187480017912122,ToD blocks
2023-04-02,STWF1,-6.94577878096284,ToD blocks
2023-04-09,STWF1,-41.082783866421984,ToD blocks
2023-04-16,STWF1,2.5925594655651736,ToD blocks
2023-04-23,STWF1,-0.14142756097318454,ToD blocks
2023-04-30,STWF1,-18.85351342405508,ToD blocks
2023-05-07,STWF1,-13.477764878624328,ToD blocks
2023-05-14,STWF1,0.19732297694116596,ToD blocks
2023-05-21,STWF1,9.240184599279672,ToD blocks
2023-05-28,STWF1,30.697810191210408,ToD blocks
2023-06-04,STWF1,-30.569138482533205,ToD blocks
2023-06-11,STWF1,-6.061318302834408,ToD blocks
2023-06-18,STWF1,2.4440263991578206,ToD blocks
2023-06-25,STWF1,-34.07885521035119,ToD blocks
2023-07-02,STWF1,-0.9490013716144574,ToD blocks
2023-07-09,STWF1,-18.931911422471487,ToD blocks
2023-07-16,STWF1,-3.0629133668568898,ToD blocks
2023-07-23,STWF1,-2.966671125234754,ToD blocks
2023-07-30,STWF1,-1.3135945054928442,ToD blocks
2023-08-06,STWF1,-18.347823730784484,ToD blocks
2023-08-13,STWF1,0.8210577906026941,ToD blocks
2023-08-20,STWF1,-13.92074093524785,ToD blocks
2023-08-27,STWF1,-2.66288422788665,ToD blocks
2023-09-03,STWF1,-0.5966804979512546,ToD blocks
2023-09-10,STWF1,14.195762413528342,ToD blocks
2023-09-17,STWF1,7.5161837769702515,ToD blocks
2023-09-24,STWF1,8.025888580866805,ToD blocks
2023-10-01,STWF1,3.807803534596772,ToD blocks
2023-10-08,STWF1,-1.0199226588151333,ToD blocks
2023-10-15,STWF1,-0.3067913452999633,ToD blocks
2023-10-22,STWF1,-0.14543359606712158,ToD blocks
2023-10-29,STWF1,3.167340160047388,ToD blocks
2023-11-05,STWF1,-0.099673491240857,ToD blocks
2023-11-12,STWF1,7.179980052410727,ToD blocks
2023-11-19,STWF1,-3.940628818705406,ToD blocks
2023-11-26,STWF1,1.0500403989195917,ToD blocks
2023-12-03,STWF1,5.113925222073576,ToD blocks
2023-12-10,STWF1,-6.06915523775082,ToD blocks
2023-12-17,STWF1,3.9289087287224476,ToD blocks
2023-12-24,STWF1,0.41430964167761886,ToD blocks
2023-12-31,STWF1,-5.181289165534288,ToD blocks
2024-01-07,STWF1,0.7128145527610172,ToD blocks
2024-01-14,STWF1,-3.2052974292620178,ToD blocks
2024-01-21,STWF1,30.793043057984065,ToD blocks
2024-01-28,STWF1,2.2619461789855677,ToD blocks
2024-02-04,STWF1,-4.2255104820768565,ToD blocks
2024-02-11,STWF1,8.745205646836865,ToD blocks
2024-02-18,STWF1,-5.305216556931597,ToD blocks
2024-02-25,STWF1,-3.8161357160466594,ToD blocks
2024-03-03,STWF1,-40.65134068406499,ToD blocks
2024-03-10,STWF1,-8.94817694677755,ToD blocks
2024-03-17,STWF1,-2.8279484393034693,ToD blocks
2024-03-24,STWF1,-2.6651404645629313,ToD blocks
2024-03-31,STWF1,3.1452549646649004,ToD blocks
2024-04-07,STWF1,-0.20668241326296766,ToD blocks
2024-04-14,STWF1,2.276413358972505,ToD blocks
2024-04-21,STWF1,-5.947398440274085,ToD blocks
2024-04-28,STWF1,-3.696152562752715,ToD blocks
2024-05-05,STWF1,5.045507132045799,ToD blocks
2024-05-12,STWF1,149.61128490663725,ToD blocks
2024-05-19,STWF1,-10.638299558418169,ToD blocks
2024-05-26,STWF1,40.311923624401544,ToD blocks
2024-06-02,STWF1,-16.80824609046286,ToD blocks
2024-06-09,STWF1,-1.6713522991044272,ToD blocks
2024-06-16,STWF1,-13.961573924062094,ToD blocks
2024-06-23,STWF1,15.363349122631092,ToD blocks
2024-06-30,STWF1,-24.90702069370259,ToD blocks
2024-07-07,STWF1,2.7047759051623643,ToD blocks
2024-07-14,STWF1,-0.8918121698961841,ToD blocks
2024-07-21,STWF1,-3.5202961803007327,ToD blocks
2024-07-28,STWF1,-6.7181342740793895,ToD blocks
2024-08-04,STWF1,-29.764385911197706,ToD blocks
2024-08-11,STWF1,35.07172211971863,ToD blocks
2024-08-18,STWF1,-12.459589501221146,ToD blocks
2024-08-25,STWF1,3.908132333099232,ToD blocks
2024-09-01,STWF1,20.36396734370898,ToD blocks
2024-09-08,STWF1,-1.7826757233459247,ToD blocks
2024-09-15,STWF1,10.581534758705104,ToD blocks
2024-09-22,STWF1,31.8239185178198,ToD blocks
2024-09-29,STWF1,40.41993180246675,ToD blocks
2024-10-06,STWF1,6.422580387651877,ToD blocks
2024-10-13,STWF1,5.8556574870118965,ToD blocks
2024-10-20,STWF1,10.3535636792041,ToD blocks
2024-10-27,STWF1,,ToD blocks
2024-11-03,STWF1,-36.84056577925087,ToD blocks
2024-11-10,STWF1,-163.3980577510156,ToD blocks
2024-11-17,STWF1,2.28363404363904,ToD blocks
2024-11-24,STWF1,-16.0444204533041,ToD blocks
2024-12-01,STWF1,164.08605015053195,ToD blocks
2024-12-08,STWF1,43.56728526657284,ToD blocks
2024-12-15,STWF1,6.476973608265467,ToD blocks
2024-12-22,STWF1,-0.5445699999512783,ToD blocks
2024-12-29,STWF1,-6.135750104284192,ToD blocks
2025-01-05,STWF1,10.16261741748069,ToD blocks
2020-01-05,TARALGA1,94.64232139834945,ToD blocks
2020-01-12,TARALGA1,1.2546667867703647,ToD blocks
2020-01-19,TARALGA1,-2.490550094212743,ToD blocks
2020-01-26,TARALGA1,13.071353089349913,ToD blocks
2020-02-02,TARALGA1,-176.70629248933528,ToD blocks
2020-02-09,TARALGA1,-2.2751429127645224,ToD blocks
2020-02-16,TARALGA1,2.572268427460635,ToD blocks
2020-02-23,TARALGA1,-1.7012704359632096,ToD blocks
2020-03-01,TARALGA1,-1.670666577353657,ToD blocks
2020-03-08,TARALGA1,0.19236840493378793,ToD blocks
2020-03-15,TARALGA1,-1.559107952611626,ToD blocks
2020-03-22,TARALGA1,-2.327721649810478,ToD blocks
2020-03-29,TARALGA1,-1.286848892320684,ToD blocks
2020-04-05,TARALGA1,-6.418588018409061,ToD blocks
2020-04-12,TARALGA1,-4.843658239492214,ToD blocks
2020-04-19,TARALGA1,-5.149100651614425,ToD blocks
2020-04-26,TARALGA1,-1.1370009185734773,ToD blocks
2020-05-03,TARALGA1,-0.5415759974438075,ToD blocks
2020-05-10,TARALGA1,-5.056130055913165,ToD blocks
2020-05-17,TARALGA1,0.5590669864588378,ToD blocks
2020-05-24,TARALGA1,-0.4376521874369885,ToD blocks
2020-05-31,TARALGA1,-3.382990557098779,ToD blocks
2020-06-07,TARALGA1,-3.65475870941831,ToD blocks
2020-06-14,TARALGA1,-22.32021912673177,ToD blocks
2020-06-21,TARALGA1,-1.8692043228957615,ToD blocks
2020-06-28,TARALGA1,-0.12408825023007353,ToD blocks
2020-07-05,TARALGA1,-0.4515444820931833,ToD blocks
2020-07-12,TARALGA1,-1.3770161055500694,ToD blocks
2020-07-19,TARALGA1,-5.69161414475775,ToD blocks
2020-07-26,TARALGA1,-10.709005644256571,ToD blocks
2020-08-02,TARALGA1,-1.3253324384262797,ToD blocks
2020-08-09,TARALGA1,-1.1060605672139587,ToD blocks
2020-08-16,TARALGA1,-5.412714224602276,ToD blocks
2020-08-23,TARALGA1,0.48130313536947966,ToD blocks
2020-08-30,TARALGA1,-2.624705618689795,ToD blocks
2020-09-06,TARALGA1,-3.5446917703813483,ToD blocks
2020-09-13,TARALGA1,-1.6112426086401967,ToD blocks
2020-09-20,TARALGA1,-2.4751890921200754,ToD blocks
2020-09-27,TARALGA1,-2.4868802245060664,ToD blocks
2020-10-04,TARALGA1,-4.6968889277091534,ToD blocks
2020-10-11,TARALGA1,-17.792083788438234,ToD blocks
2020-10-18,TARALGA1,-3.1035908324131043,ToD blocks
2020-10-25,TARALGA1,-18.995492113729526,ToD blocks
2020-11-01,TARALGA1,-0.15503111455640095,ToD blocks
2020-11-08,TARALGA1,2.671030774913284,ToD blocks
2020-11-15,TARALGA1,-2.286313178956128,ToD blocks
2020-11-22,TARALGA1,59.99163718031623,ToD blocks
2020-11-29,TARALGA1,-10.97923432086688,ToD blocks
2020-12-06,TARALGA1,2.1949560747716745,ToD blocks
2020-12-13,TARALGA1,-0.5137839312558725,ToD blocks
2020-12-20,TARALGA1,-67.04301679144103,ToD blocks
2020-12-27,TARALGA1,-2.246961563139301,ToD blocks
2021-01-03,TARALGA1,-0.4759536365318269,ToD blocks
2021-01-10,TARALGA1,-0.5823379194750729,ToD blocks
2021-01-17,TARALGA1,-0.417833802923262,ToD blocks
2021-01-24,TARALGA1,-2.8289838220522228,ToD blocks
2021-01-31,TARALGA1,-0.054938084806352094,ToD blocks
2021-02-07,TARALGA1,0.8222714386817245,ToD blocks
2021-02-14,TARALGA1,-0.9126887647153126,ToD blocks
2021-02-21,TARALGA1,-0.6334223394931939,ToD blocks
2021-02-28,TARALGA1,-0.8956374359280019,ToD blocks
2021-03-07,TARALGA1,2.291376828753684,ToD blocks
2021-03-14,TARALGA1,-2.980903358973812,ToD blocks
2021-03-21,TARALGA1,0.473781034550413,ToD blocks
2021-03-28,TARALGA1,0.33058967663106387,ToD blocks
2021-04-04,TARALGA1,-2.8175875817721696,ToD blocks
2021-04-11,TARALGA1,-10.034934549860385,ToD blocks
2021-04-18,TARALGA1,-8.390060901737925,ToD blocks
2021-04-25,TARALGA1,-0.896266555723912,ToD blocks
2021-05-02,TARALGA1,-10.709877528412257,ToD blocks
2021-05-09,TARALGA1,-2.8827761017281617,ToD blocks
2021-05-16,TARALGA1,-12.866581361235525,ToD blocks
2021-05-23,TARALGA1,-54.50205149357103,ToD blocks
2021-05-30,TARALGA1,-50.84010297576006,ToD blocks
2021-06-06,TARALGA1,-43.02995291550923,ToD blocks
2021-06-13,TARALGA1,-76.75860211219731,ToD blocks
2021-06-20,TARALGA1,-89.79449236477056,ToD blocks
2021-06-27,TARALGA1,-33.831614105767315,ToD blocks
2021-07-04,TARALGA1,-5.076115655969076,ToD blocks
2021-07-11,TARALGA1,-42.64548715813251,ToD blocks
2021-07-18,TARALGA1,4.312111985931011,ToD blocks
2021-07-25,TARALGA1,-52.26776629504185,ToD blocks
2021-08-01,TARALGA1,-1.053484408250334,ToD blocks
2021-08-08,TARALGA1,-0.9895407599842514,ToD blocks
2021-08-15,TARALGA1,-6.322060143767473,ToD blocks
2021-08-22,TARALGA1,-14.426325068297352,ToD blocks
2021-08-29,TARALGA1,0.15825994403016352,ToD blocks
2021-09-05,TARALGA1,-0.1030502051084099,ToD blocks
2021-09-12,TARALGA1,-5.338866729782779,ToD blocks
2021-09-19,TARALGA1,-8.250832860347707,ToD blocks
2021-09-26,TARALGA1,-3.712550018872811,ToD blocks
2021-10-03,TARALGA1,-9.616926766821145,ToD blocks
2021-10-10,TARALGA1,-5.039030532116467,ToD blocks
2021-10-17,TARALGA1,-1.0325486052067063,ToD blocks
2021-10-24,TARALGA1,-7.796946988749866,ToD blocks
2021-10-31,TARALGA1,3.606669003096357,ToD blocks
2021-11-07,TARALGA1,-2.359832060318382,ToD blocks
2021-11-14,TARALGA1,-14.173226312348078,ToD blocks
2021-11-21,TARALGA1,2.490014269158678,ToD blocks
2021-11-28,TARALGA1,2.1011100787737718,ToD blocks
2021-12-05,TARALGA1,-6.517402493280706,ToD blocks
2021-12-12,TARALGA1,0.6393122905302278,ToD blocks
2021-12-19,TARALGA1,-1.2328647530204933,ToD blocks
2021-12-26,TARALGA1,9.12840453606539,ToD blocks
2022-01-02,TARALGA1,3.650265933127173,ToD blocks
2022-01-09,TARALGA1,0.7455671015848537,ToD blocks
2022-01-16,TARALGA1,-1.653124287533828,ToD blocks
2022-01-23,TARALGA1,-7.844306697333252,ToD blocks
2022-01-30,TARALGA1,-0.1846343889099984,ToD blocks
2022-02-06,TARALGA1,-20.79692880568242,ToD blocks
2022-02-13,TARALGA1,-1.4420798167168414,ToD blocks
2022-02-20,TARALGA1,-6.896045675160622,ToD blocks
2022-02-27,TARALGA1,-2.1399079482570755,ToD blocks
2022-03-06,TARALGA1,-2.655479965133239,ToD blocks
2022-03-13,TARALGA1,12.030056197322551,ToD blocks
2022-03-20,TARALGA1,-3.6734278335994617,ToD blocks
2022-03-27,TARALGA1,-5.018944003091576,ToD blocks
2022-04-03,TARALGA1,1.9112251698496436,ToD blocks
2022-04-10,TARALGA1,0.8546237930378879,ToD blocks
2022-04-17,TARALGA1,20.312796651560603,ToD blocks
2022-04-24,TARALGA1,-6.011534154342229,ToD blocks
2022-05-01,TARALGA1,-8.894833840629644,ToD blocks
2022-05-08,TARALGA1,-118.18299954892422,ToD blocks
2022-05-15,TARALGA1,-4.370219763608645,ToD blocks
2022-05-22,TARALGA1,-23.620115008348108,ToD blocks
2022-05-29,TARALGA1,-8.409648233768564,ToD blocks
2022-06-05,TARALGA1,-47.49624867019082,ToD blocks
2022-06-12,TARALGA1,-5.019953100401381,ToD blocks
2022-06-19,TARALGA1,-24.148877241015498,ToD blocks
2022-06-26,TARALGA1,1.7060009785666352,ToD blocks
2022-07-03,TARALGA1,-35.790318349650136,ToD blocks
2022-07-10,TARALGA1,-14.277750415098922,ToD blocks
2022-07-17,TARALGA1,-98.76454687528303,ToD blocks
2022-07-24,TARALGA1,-13.764269112222053,ToD blocks
2022-07-31,TARALGA1,-17.338929296859675,ToD blocks
2022-08-07,TARALGA1,-12.824055651587756,ToD blocks
2022-08-14,TARALGA1,-42.90253382556483,ToD blocks
2022-08-21,TARALGA1,-13.695787298571616,ToD blocks
2022-08-28,TARALGA1,-9.1471256045171,ToD blocks
2022-09-04,TARALGA1,-9.9523060306675,ToD blocks
2022-09-11,TARALGA1,-39.13740413618662,ToD blocks
2022-09-18,TARALGA1,-28.60570233576756,ToD blocks
2022-09-25,TARALGA1,-11.226586666372327,ToD blocks
2022-10-02,TARALGA1,-11.030764337154153,ToD blocks
2022-10-09,TARALGA1,4.19020589059312,ToD blocks
2022-10-16,TARALGA1,-4.378316302892131,ToD blocks
2022-10-23,TARALGA1,2.289516014746795,ToD blocks
2022-10-30,TARALGA1,1.8131895795249307,ToD blocks
2022-11-06,TARALGA1,8.998590901577188,ToD blocks
2022-11-13,TARALGA1,3.4278589080485204,ToD blocks
2022-11-20,TARALGA1,4.834106986982746,ToD blocks
2022-11-27,TARALGA1,1.5677166952177686,ToD blocks
2022-12-04,TARALGA1,10.503180962685065,ToD blocks
2022-12-11,TARALGA1,2.720320375044423,ToD blocks
2022-12-18,TARALGA1,10.476393075723337,ToD blocks
2022-12-25,TARALGA1,13.896452266334151,ToD blocks
2023-01-01,TARALGA1,-3.0400507374030923,ToD blocks
2023-01-08,TARALGA1,4.99121156296917,ToD blocks
2023-01-15,TARALGA1,4.340473375650461,ToD blocks
2023-01-22,TARALGA1,1.9105777955839045,ToD blocks
2023-01-29,TARALGA1,-6.356916277915587,ToD blocks
2023-02-05,TARALGA1,-13.338451795263495,ToD blocks
2023-02-12,TARALGA1,-12.261810083698663,ToD blocks
2023-02-19,TARALGA1,-0.18866518787953623,ToD blocks
2023-02-26,TARALGA1,-9.916153042145154,ToD blocks
2023-03-05,TARALGA1,9.527967011407668,ToD blocks
2023-03-12,TARALGA1,-6.562812046374546,ToD blocks
2023-03-19,TARALGA1,31.69037970711193,ToD blocks
2023-03-26,TARALGA1,-4.6489089819128395,ToD blocks
2023-04-02,TARALGA1,-13.705699255517416,ToD blocks
2023-04-09,TARALGA1,-51.84620622575754,ToD blocks
2023-04-16,TARALGA1,-10.913531312894932,ToD blocks
2023-04-23,TARALGA1,0.7663147823990641,ToD blocks
2023-04-30,TARALGA1,-1.8785503548513276,ToD blocks
2023-05-07,TARALGA1,-9.08129443206451,ToD blocks
2023-05-14,TARALGA1,-16.369088338406158,ToD blocks
2023-05-21,TARALGA1,-13.434655032806461,ToD blocks
2023-05-28,TARALGA1,33.632033167616726,ToD blocks
2023-06-04,TARALGA1,-46.72804764129758,ToD blocks
2023-06-11,TARALGA1,-3.0488095975023555,ToD blocks
2023-06-18,TARALGA1,-6.256312719486573,ToD blocks
2023-06-25,TARALGA1,-21.97308419707801,ToD blocks
2023-07-02,TARALGA1,-9.910152958909094,ToD blocks
2023-07-09,TARALGA1,-30.179085042903587,ToD blocks
2023-07-16,TARALGA1,-9.615652601936134,ToD blocks
2023-07-23,TARALGA1,-4.757292825413501,ToD blocks
2023-07-30,TARALGA1,-19.067735038603075,ToD blocks
2023-08-06,TARALGA1,-22.55636456958598,ToD blocks
2023-08-13,TARALGA1,-9.295293995454927,ToD blocks
2023-08-20,TARALGA1,-46.581185429913916,ToD blocks
2023-08-27,TARALGA1,13.050321138416749,ToD blocks
2023-09-03,TARALGA1,-5.291596925880754,ToD blocks
2023-09-10,TARALGA1,-20.599775405444575,ToD blocks
2023-09-17,TARALGA1,-25.395850339983063,ToD blocks
2023-09-24,TARALGA1,-2.8102847393424284,ToD blocks
2023-10-01,TARALGA1,-31.760522658385337,ToD blocks
2023-10-08,TARALGA1,4.934976120205718,ToD blocks
2023-10-15,TARALGA1,-11.731883737238984,ToD blocks
2023-10-22,TARALGA1,-13.715533511802263,ToD blocks
2023-10-29,TARALGA1,7.701188285145328,ToD blocks
2023-11-05,TARALGA1,-10.367129468959178,ToD blocks
2023-11-12,TARALGA1,7.590296777537304,ToD blocks
2023-11-19,TARALGA1,8.43356620310243,ToD blocks
2023-11-26,TARALGA1,-12.68521853890357,ToD blocks
2023-12-03,TARALGA1,-6.1283135340757084,ToD blocks
2023-12-10,TARALGA1,2.528098384683844,ToD blocks
2023-12-17,TARALGA1,4.3803109371344675,ToD blocks
2023-12-24,TARALGA1,6.328638617609812,ToD blocks
2023-12-31,TARALGA1,1.6802755958604507,ToD blocks
2024-01-07,TARALGA1,2.6636717636290683,ToD blocks
2024-01-14,TARALGA1,-5.198550243877918,ToD blocks
2024-01-21,TARALGA1,23.668422321876065,ToD blocks
2024-01-28,TARALGA1,3.250684978179436,ToD blocks
2024-02-04,TARALGA1,-14.859472219657249,ToD blocks
2024-02-11,TARALGA1,-14.040419526334915,ToD blocks
2024-02-18,TARALGA1,2.4940430876019235,ToD blocks
2024-02-25,TARALGA1,14.66291753697162,ToD blocks
2024-03-03,TARALGA1,-68.75015255548327,ToD blocks
2024-03-10,TARALGA1,2.910270802935841,ToD blocks
2024-03-17,TARALGA1,-6.6229062319441,ToD blocks
2024-03-24,TARALGA1,-5.1791875389423865,ToD blocks
2024-03-31,TARALGA1,-0.008988411076458647,ToD blocks
2024-04-07,TARALGA1,-6.145168960683861,ToD blocks
2024-04-14,TARALGA1,-2.5652055343432068,ToD blocks
2024-04-21,TARALGA1,-13.320173197979614,ToD blocks
2024-04-28,TARALGA1,-20.554583939824226,ToD blocks
2024-05-05,TARALGA1,-17.845144220312974,ToD blocks
2024-05-12,TARALGA1,-63.53326118695054,ToD blocks
2024-05-19,TARALGA1,-13.890086625814064,ToD blocks
2024-05-26,TARALGA1,32.695852477074624,ToD blocks
2024-06-02,TARALGA1,-15.719367983320083,ToD blocks
2024-06-09,TARALGA1,-13.753320698878838,ToD blocks
2024-06-16,TARALGA1,-47.187657102242014,ToD blocks
2024-06-23,TARALGA1,6.196277324968435,ToD blocks
2024-06-30,TARALGA1,-16.3850131164844,ToD blocks
2024-07-07,TARALGA1,0.16452775788191332,ToD blocks
2024-07-14,TARALGA1,-14.444471398919276,ToD blocks
2024-07-21,TARALGA1,-6.5849710551489835,ToD blocks
2024-07-28,TARALGA1,-0.025260586311048883,ToD blocks
2024-08-04,TARALGA1,-16.106228211115734,ToD blocks
2024-08-11,TARALGA1,-245.35773372247178,ToD blocks
2024-08-18,TARALGA1,-37.08308724007033,ToD blocks
2024-08-25,TARALGA1,-10.880174108066143,ToD blocks
2024-09-01,TARALGA1,-0.18095447075943838,ToD blocks
2024-09-08,TARALGA1,0.06042887408909081,ToD blocks
2024-09-15,TARALGA1,-14.94024388495194,ToD blocks
2024-09-22,TARALGA1,-7.4541840098566965,ToD blocks
2024-09-29,TARALGA1,-14.094698815461044,ToD blocks
2024-10-06,TARALGA1,-27.46579016362885,ToD blocks
2024-10-13,TARALGA1,-22.73812816072474,ToD blocks
2024-10-20,TARALGA1,-2.7002699910573824,ToD blocks
2024-10-27,TARALGA1,7.839264144168823,ToD blocks
2024-11-03,TARALGA1,-14.015557152166913,ToD blocks
2024-11-10,TARALGA1,137.86804890222032,ToD blocks
2024-11-17,TARALGA1,-31.59696313289409,ToD blocks
2024-11-24,TARALGA1,16.136996951542358,ToD blocks
2024-12-01,TARALGA1,-90.2276138136753,ToD blocks
2024-12-08,TARALGA1,-100.86872575791003,ToD blocks
2024-12-15,TARALGA1,-8.248053518677835,ToD blocks
2024-12-22,TARALGA1,7.97281310312178,ToD blocks
2024-12-29,TARALGA1,-3.810395994600423,ToD blocks
2025-01-05,TARALGA1,10.356954123136006,ToD blocks
2020-01-05,WOODLWN1,19.59231680709189,ToD blocks
2020-01-12,WOODLWN1,1.2777504918908065,ToD blocks
2020-01-19,WOODLWN1,-1.6368975139259447,ToD blocks
2020-01-26,WOODLWN1,5.44846043193651,ToD blocks
2020-02-02,WOODLWN1,-187.04637827508964,ToD blocks
2020-02-09,WOODLWN1,-1.4238568020852682,ToD blocks
2020-02-16,WOODLWN1,-1.2726091288419852,ToD blocks
2020-02-23,WOODLWN1,-3.4375159097832793,ToD blocks
2020-03-01,WOODLWN1,-0.05710969259585141,ToD blocks
2020-03-08,WOODLWN1,-0.26509135757248004,ToD blocks
2020-03-15,WOODLWN1,-0.5309476246204525,ToD blocks
2020-03-22,WOODLWN1,-1.9399728159370326,ToD blocks
2020-03-29,WOODLWN1,0.7920267302137063,ToD blocks
2020-04-05,WOODLWN1,-8.131287828243494,ToD blocks
2020-04-12,WOODLWN1,-6.630798273918344,ToD blocks
2020-04-19,WOODLWN1,-5.592769326340907,ToD blocks
2020-04-26,WOODLWN1,-1.5353689530437151,ToD blocks
2020-05-03,WOODLWN1,-2.2263129043699266,ToD blocks
2020-05-10,WOODLWN1,-5.702203081864223,ToD blocks
2020-05-17,WOODLWN1,1.526602813361059,ToD blocks
2020-05-24,WOODLWN1,-0.2914664316229789,ToD blocks
2020-05-31,WOODLWN1,-5.332037794759195,ToD blocks
2020-06-07,WOODLWN1,-4.857446431479097,ToD blocks
2020-06-14,WOODLWN1,-27.29484174950526,ToD blocks
2020-06-21,WOODLWN1,-2.7991102090835582,ToD blocks
2020-06-28,WOODLWN1,-0.13388458892266186,ToD blocks
2020-07-05,WOODLWN1,-0.6177174848623466,ToD blocks
2020-07-12,WOODLWN1,4.643465166359405,ToD blocks
2020-07-19,WOODLWN1,-7.397739913756382,ToD blocks
2020-07-26,WOODLWN1,-9.570567296942308,ToD blocks
2020-08-02,WOODLWN1,-1.7071491717892542,ToD blocks
2020-08-09,WOODLWN1,-1.3112379841932764,ToD blocks
2020-08-16,WOODLWN1,-5.23857579621049,ToD blocks
2020-08-23,WOODLWN1,-0.2223487053749409,ToD blocks
2020-08-30,WOODLWN1,-0.162502254276518,ToD blocks
2020-09-06,WOODLWN1,-4.071628983221196,ToD blocks
2020-09-13,WOODLWN1,-1.6618859042324203,ToD blocks
2020-09-20,WOODLWN1,-1.189150264829216,ToD blocks
2020-09-27,WOODLWN1,-2.220183555562876,ToD blocks
2020-10-04,WOODLWN1,-5.0133863077879965,ToD blocks
2020-10-11,WOODLWN1,-16.402404362559892,ToD blocks
2020-10-18,WOODLWN1,-1.7895037516064818,ToD blocks
2020-10-25,WOODLWN1,2.862996224669544,ToD blocks
2020-11-01,WOODLWN1,0.6534271747913891,ToD blocks
2020-11-08,WOODLWN1,-0.6146808051609298,ToD blocks
2020-11-15,WOODLWN1,-1.4410796198040785,ToD blocks
2020-11-22,WOODLWN1,81.06098367731481,ToD blocks
2020-11-29,WOODLWN1,-11.727546482062593,ToD blocks
2020-12-06,WOODLWN1,-4.145010082979525,ToD blocks
2020-12-13,WOODLWN1,-1.8092353606168459,ToD blocks
2020-12-20,WOODLWN1,-19.90729012542198,ToD blocks
2020-12-27,WOODLWN1,-1.0466175613725497,ToD blocks
2021-01-03,WOODLWN1,-0.07390589528422709,ToD blocks
2021-01-10,WOODLWN1,0.13567214384284654,ToD blocks
2021-01-17,WOODLWN1,-0.8315052475357589,ToD blocks
2021-01-24,WOODLWN1,-1.9482717170554835,ToD blocks
2021-01-31,WOODLWN1,-0.7880803850192066,ToD blocks
2021-02-07,WOODLWN1,0.7081419967887328,ToD blocks
2021-02-14,WOODLWN1,-1.1132030266921404,ToD blocks
2021-02-21,WOODLWN1,-1.0344157742469378,ToD blocks
2021-02-28,WOODLWN1,-1.1011860352494196,ToD blocks
2021-03-07,WOODLWN1,2.288641769071525,ToD blocks
2021-03-14,WOODLWN1,-2.167843977803379,ToD blocks
2021-03-21,WOODLWN1,0.22295702691219077,ToD blocks
2021-03-28,WOODLWN1,1.9328558991171008,ToD blocks
2021-04-04,WOODLWN1,1.249802603825195,ToD blocks
2021-04-11,WOODLWN1,-5.800523426866075,ToD blocks
2021-04-18,WOODLWN1,-6.219618578066012,ToD blocks
2021-04-25,WOODLWN1,-0.22470584430151064,ToD blocks
2021-05-02,WOODLWN1,-8.493284115173068,ToD blocks
2021-05-09,WOODLWN1,-4.842288827546874,ToD blocks
2021-05-16,WOODLWN1,-12.11503688921374,ToD blocks
2021-05-23,WOODLWN1,-18.87029450984582,ToD blocks
2021-05-30,WOODLWN1,-40.73496435478617,ToD blocks
2021-06-06,WOODLWN1,-3.272901103308925,ToD blocks
2021-06-13,WOODLWN1,-33.31359163737537,ToD blocks
2021-06-20,WOODLWN1,-95.88547090246078,ToD blocks
2021-06-27,WOODLWN1,-37.52019516619414,ToD blocks
2021-07-04,WOODLWN1,-2.4995480723851955,ToD blocks
2021-07-11,WOODLWN1,-70.43204379093308,ToD blocks
2021-07-18,WOODLWN1,-13.392782171009586,ToD blocks
2021-07-25,WOODLWN1,-57.926138799960526,ToD blocks
2021-08-01,WOODLWN1,-2.9315462083646864,ToD blocks
2021-08-08,WOODLWN1,-4.4525584902290944,ToD blocks
2021-08-15,WOODLWN1,0.06314998816097273,ToD blocks
2021-08-22,WOODLWN1,-9.583668857787615,ToD blocks
2021-08-29,WOODLWN1,-5.31938369398523,ToD blocks
2021-09-05,WOODLWN1,-0.21711851680554872,ToD blocks
2021-09-12,WOODLWN1,-0.04623408779742988,ToD blocks
2021-09-19,WOODLWN1,-0.753675350096529,ToD blocks
2021-09-26,WOODLWN1,-3.4197560072215225,ToD blocks
2021-10-03,WOODLWN1,-9.269068334054062,ToD blocks
2021-10-10,WOODLWN1,-4.801114433436805,ToD blocks
2021-10-17,WOODLWN1,-2.177357980547292,ToD blocks
2021-10-24,WOODLWN1,-6.0186792252722086,ToD blocks
2021-10-31,WOODLWN1,4.340073989921223,ToD blocks
2021-11-07,WOODLWN1,-1.356369859926346,ToD blocks
2021-11-14,WOODLWN1,-12.151401268282754,ToD blocks
2021-11-21,WOODLWN1,6.118448067794262,ToD blocks
2021-11-28,WOODLWN1,0.6813499772666773,ToD blocks
2021-12-05,WOODLWN1,-7.787362292604861,ToD blocks
2021-12-12,WOODLWN1,2.217374169159328,ToD blocks
2021-12-19,WOODLWN1,-2.3487715302505308,ToD blocks
2021-12-26,WOODLWN1,3.14650664031241,ToD blocks
2022-01-02,WOODLWN1,-2.91117539672058,ToD blocks
2022-01-09,WOODLWN1,0.3886323462441226,ToD blocks
2022-01-16,WOODLWN1,-2.5207852446170733,ToD blocks
2022-01-23,WOODLWN1,-4.8491692628532945,ToD blocks
2022-01-30,WOODLWN1,0.8707583702264969,ToD blocks
2022-02-06,WOODLWN1,-19.512066388885465,ToD blocks
2022-02-13,WOODLWN1,-1.4695432910781676,ToD blocks
2022-02-20,WOODLWN1,-7.997946286972038,ToD blocks
2022-02-27,WOODLWN1,-2.256169010676814,ToD blocks
2022-03-06,WOODLWN1,-4.600981939259938,ToD blocks
2022-03-13,WOODLWN1,10.072199132042613,ToD blocks
2022-03-20,WOODLWN1,-0.04471689762688413,ToD blocks
2022-03-27,WOODLWN1,-2.2796505730930363,ToD blocks
2022-04-03,WOODLWN1,7.986640903950928,ToD blocks
2022-04-10,WOODLWN1,4.879547037720499,ToD blocks
2022-04-17,WOODLWN1,34.38203046628473,ToD blocks
2022-04-24,WOODLWN1,-4.850640408327536,ToD blocks
2022-05-01,WOODLWN1,4.482122620502224,ToD blocks
2022-05-08,WOODLWN1,-104.46267870568505,ToD blocks
2022-05-15,WOODLWN1,-5.457178274481066,ToD blocks
2022-05-22,WOODLWN1,-17.901973242214808,ToD blocks
2022-05-29,WOODLWN1,-4.261422297114848,ToD blocks
2022-06-05,WOODLWN1,-57.698622824380266,ToD blocks
2022-06-12,WOODLWN1,-4.367947982092062,ToD blocks
2022-06-19,WOODLWN1,27.102950991874934,ToD blocks
2022-06-26,WOODLWN1,6.893697256911935,ToD blocks
2022-07-03,WOODLWN1,-32.740748570894084,ToD blocks
2022-07-10,WOODLWN1,-14.033178918439773,ToD blocks
2022-07-17,WOODLWN1,-153.39621178492854,ToD blocks
2022-07-24,WOODLWN1,-2.7610412959538735,ToD blocks
2022-07-31,WOODLWN1,-12.575202059141304,ToD blocks
2022-08-07,WOODLWN1,-10.207089495917657,ToD blocks
2022-08-14,WOODLWN1,-45.245002571221846,ToD blocks
2022-08-21,WOODLWN1,-15.332382350238618,ToD blocks
2022-08-28,WOODLWN1,-12.007690159143152,ToD blocks
2022-09-04,WOODLWN1,-8.013635132131924,ToD blocks
2022-09-11,WOODLWN1,-12.200792582166315,ToD blocks
2022-09-18,WOODLWN1,-35.57017845237617,ToD blocks
2022-09-25,WOODLWN1,3.343224351180851,ToD blocks
2022-10-02,WOODLWN1,-9.964236764678446,ToD blocks
2022-10-09,WOODLWN1,-3.2782452042339685,ToD blocks
2022-10-16,WOODLWN1,-7.254055202741569,ToD blocks
2022-10-23,WOODLWN1,-0.17722216724919804,ToD blocks
2022-10-30,WOODLWN1,-10.214738124797861,ToD blocks
2022-11-06,WOODLWN1,-1.4532204989632618,ToD blocks
2022-11-13,WOODLWN1,15.624796916880712,ToD blocks
2022-11-20,WOODLWN1,-20.047666325280233,ToD blocks
2022-11-27,WOODLWN1,-9.903634304126726,ToD blocks
2022-12-04,WOODLWN1,20.267659606937826,ToD blocks
2022-12-11,WOODLWN1,-13.236980882129771,ToD blocks
2022-12-18,WOODLWN1,14.681097163533707,ToD blocks
2022-12-25,WOODLWN1,10.687840418049845,ToD blocks
2023-01-01,WOODLWN1,4.908769818485823,ToD blocks
2023-01-08,WOODLWN1,5.982144927349722,ToD blocks
2023-01-15,WOODLWN1,6.005729961095213,ToD blocks
2023-01-22,WOODLWN1,1.3987227681826795,ToD blocks
2023-01-29,WOODLWN1,-4.396156420885319,ToD blocks
2023-02-05,WOODLWN1,-12.603636061293855,ToD blocks
2023-02-12,WOODLWN1,2.84135468021789,ToD blocks
2023-02-19,WOODLWN1,2.7589489698504366,ToD blocks
2023-02-26,WOODLWN1,-2.0390295043234232,ToD blocks
2023-03-05,WOODLWN1,13.281158592967103,ToD blocks
2023-03-12,WOODLWN1,-7.998930022763034,ToD blocks
2023-03-19,WOODLWN1,47.14985431172829,ToD blocks
2023-03-26,WOODLWN1,-10.700028021984409,ToD blocks
2023-04-02,WOODLWN1,-9.120562774491177,ToD blocks
2023-04-09,WOODLWN1,-26.767537800637726,ToD blocks
2023-04-16,WOODLWN1,-6.622217440218392,ToD blocks
2023-04-23,WOODLWN1,9.765852358952117,ToD blocks
2023-04-30,WOODLWN1,-8.26329150431198,ToD blocks
2023-05-07,WOODLWN1,-10.274659316021598,ToD blocks
2023-05-14,WOODLWN1,-18.936949533112312,ToD blocks
2023-05-21,WOODLWN1,-14.873314052979339,ToD blocks
2023-05-28,WOODLWN1,-14.371804202695898,ToD blocks
2023-06-04,WOODLWN1,13.606656927983522,ToD blocks
2023-06-11,WOODLWN1,-3.6307836119545556,ToD blocks
2023-06-18,WOODLWN1,-6.474189747377039,ToD blocks
2023-06-25,WOODLWN1,-28.95727575468419,ToD blocks
2023-07-02,WOODLWN1,-9.240898920884533,ToD blocks
2023-07-09,WOODLWN1,-31.97751059143023,ToD blocks
2023-07-16,WOODLWN1,-11.407948494872876,ToD blocks
2023-07-23,WOODLWN1,-4.161526087297773,ToD blocks
2023-07-30,WOODLWN1,-21.943826915701763,ToD blocks
2023-08-06,WOODLWN1,-29.439021881163413,ToD blocks
2023-08-13,WOODLWN1,-10.76102733362255,ToD blocks
2023-08-20,WOODLWN1,-50.23011501682576,ToD blocks
2023-08-27,WOODLWN1,15.144106647407597,ToD blocks
2023-09-03,WOODLWN1,-7.727641536038973,ToD blocks
2023-09-10,WOODLWN1,-14.009585184888664,ToD blocks
2023-09-17,WOODLWN1,-4.9729838432949265,ToD blocks
2023-09-24,WOODLWN1,-1.023367097421115,ToD blocks
2023-10-01,WOODLWN1,-0.6377257657952242,ToD blocks
2023-10-08,WOODLWN1,2.4676403940653344,ToD blocks
2023-10-15,WOODLWN1,-6.899004525645076,ToD blocks
2023-10-22,WOODLWN1,-15.125157643920367,ToD blocks
2023-10-29,WOODLWN1,-1.809036067179413,ToD blocks
2023-11-05,WOODLWN1,2.0184651548567842,ToD blocks
2023-11-12,WOODLWN1,24.047327420539787,ToD blocks
2023-11-19,WOODLWN1,10.076357955217446,ToD blocks
2023-11-26,WOODLWN1,-5.531864754358196,ToD blocks
2023-12-03,WOODLWN1,-1.4880595383288622,ToD blocks
2023-12-10,WOODLWN1,-19.594022713561003,ToD blocks
2023-12-17,WOODLWN1,0.2686337616233345,ToD blocks
2023-12-24,WOODLWN1,0.08258942652488344,ToD blocks
2023-12-31,WOODLWN1,-6.247246996574496,ToD blocks
2024-01-07,WOODLWN1,3.5588496676921224,ToD blocks
2024-01-14,WOODLWN1,-10.297890240090169,ToD blocks
2024-01-21,WOODLWN1,2.6272127114948205,ToD blocks
2024-01-28,WOODLWN1,3.150094412771736,ToD blocks
2024-02-04,WOODLWN1,-20.309562531890734,ToD blocks
2024-02-11,WOODLWN1,-21.239376607253284,ToD blocks
2024-02-18,WOODLWN1,-0.3969145326894079,ToD blocks
2024-02-25,WOODLWN1,12.095357237870246,ToD blocks
2024-03-03,WOODLWN1,-78.49688951226963,ToD blocks
2024-03-10,WOODLWN1,-0.13825687788873608,ToD blocks
2024-03-17,WOODLWN1,-4.778566607868399,ToD blocks
2024-03-24,WOODLWN1,-3.6697890571088507,ToD blocks
2024-03-31,WOODLWN1,4.377770964902311,ToD blocks
2024-04-07,WOODLWN1,-2.6099013654948493,ToD blocks
2024-04-14,WOODLWN1,7.20691468959545,ToD blocks
2024-04-21,WOODLWN1,-4.265286099395155,ToD blocks
2024-04-28,WOODLWN1,-20.77161673695855,ToD blocks
2024-05-05,WOODLWN1,2.2273988555921846,ToD blocks
2024-05-12,WOODLWN1,-142.80209557307694,ToD blocks
2024-05-19,WOODLWN1,-13.71635561688062,ToD blocks
2024-05-26,WOODLWN1,76.2598257877356,ToD blocks
2024-06-02,WOODLWN1,-16.303322498583086,ToD blocks
2024-06-09,WOODLWN1,-13.94327772270303,ToD blocks
2024-06-16,WOODLWN1,-46.331784292735435,ToD blocks
2024-06-23,WOODLWN1,1.2634188913152684,ToD blocks
2024-06-30,WOODLWN1,-14.069428793180933,ToD blocks
2024-07-07,WOODLWN1,2.6617483910243607,ToD blocks
2024-07-14,WOODLWN1,-15.193210905281362,ToD blocks
2024-07-21,WOODLWN1,-10.539345502134552,ToD blocks
2024-07-28,WOODLWN1,-3.3363290834285095,ToD blocks
2024-08-04,WOODLWN1,-40.389399513471744,ToD blocks
2024-08-11,WOODLWN1,-273.12240419233643,ToD blocks
2024-08-18,WOODLWN1,-37.86294364522978,ToD blocks
2024-08-25,WOODLWN1,-3.5210026037119917,ToD blocks
2024-09-01,WOODLWN1,-0.13766306137778628,ToD blocks
2024-09-08,WOODLWN1,3.8109852342856243,ToD blocks
2024-09-15,WOODLWN1,-5.962541279790081,ToD blocks
2024-09-22,WOODLWN1,10.76202154790142,ToD blocks
2024-09-29,WOODLWN1,-8.271209173645005,ToD blocks
2024-10-06,WOODLWN1,-26.620450803831716,ToD blocks
2024-10-13,WOODLWN1,-16.506164351127545,ToD blocks
2024-10-20,WOODLWN1,0.9891667596856593,ToD blocks
2024-10-27,WOODLWN1,19.116202544109186,ToD blocks
2024-11-03,WOODLWN1,-11.0701748747572,ToD blocks
2024-11-10,WOODLWN1,261.95644513574007,ToD blocks
2024-11-17,WOODLWN1,-12.260540487566487,ToD blocks
2024-11-24,WOODLWN1,-6.222402238261651,ToD blocks
2024-12-01,WOODLWN1,97.14230550193628,ToD blocks
2024-12-08,WOODLWN1,-131.9843552755163,ToD blocks
2024-12-15,WOODLWN1,10.763591404976097,ToD blocks
2024-12-22,WOODLWN1,3.8980264658854935,ToD blocks
2024-12-29,WOODLWN1,-4.3944388007132815,ToD blocks
2025-01-05,WOODLWN1,1.7797156940998917,ToD blocks
2020-01-05,WRWF1,-130.47488743750893,ToD blocks
2020-01-12,WRWF1,-2.557518746817948,ToD blocks
2020-01-19,WRWF1,-2.042384606015915,ToD blocks
2020-01-26,WRWF1,12.278183214010454,ToD blocks
2020-02-02,WRWF1,2.8563796749946277,ToD blocks
2020-02-09,WRWF1,1.3985581819936357,ToD blocks
2020-02-16,WRWF1,0.3967278999511237,ToD blocks
2020-02-23,WRWF1,-5.956246729123102,ToD blocks
2020-03-01,WRWF1,0.7888232224963403,ToD blocks
2020-03-08,WRWF1,-2.0816093720089484,ToD blocks
2020-03-15,WRWF1,-0.5595003714697881,ToD blocks
2020-03-22,WRWF1,-2.442683391492949,ToD blocks
2020-03-29,WRWF1,0.7161631825946628,ToD blocks
2020-04-05,WRWF1,-4.917797655168059,ToD blocks
2020-04-12,WRWF1,-3.221159664475188,ToD blocks
2020-04-19,WRWF1,-7.118701387022654,ToD blocks
2020-04-26,WRWF1,-2.2040342362694645,ToD blocks
2020-05-03,WRWF1,-1.7341702402885844,ToD blocks
2020-05-10,WRWF1,-2.3594811701850915,ToD blocks
2020-05-17,WRWF1,0.48743522727412625,ToD blocks
2020-05-24,WRWF1,0.8830693154771012,ToD blocks
2020-05-31,WRWF1,-2.3973350292864595,ToD blocks
2020-06-07,WRWF1,-4.472175524722452,ToD blocks
2020-06-14,WRWF1,1.3712186922044935,ToD blocks
2020-06-21,WRWF1,1.0478369959117302,ToD blocks
2020-06-28,WRWF1,0.02246409737509225,ToD blocks
2020-07-05,WRWF1,-0.6020853216976647,ToD blocks
2020-07-12,WRWF1,-2.2443428323032464,ToD blocks
2020-07-19,WRWF1,3.5725848489401315,ToD blocks
2020-07-26,WRWF1,-5.286862793487643,ToD blocks
2020-08-02,WRWF1,-1.015217020478147,ToD blocks
2020-08-09,WRWF1,2.185628443074677,ToD blocks
2020-08-16,WRWF1,-2.8668108288246614,ToD blocks
2020-08-23,WRWF1,0.5423507169601365,ToD blocks
2020-08-30,WRWF1,-8.35409746602165,ToD blocks
2020-09-06,WRWF1,-4.968761704936497,ToD blocks
2020-09-13,WRWF1,0.05363611037100213,ToD blocks
2020-09-20,WRWF1,-0.6453096137251677,ToD blocks
2020-09-27,WRWF1,-2.1718291154488725,ToD blocks
2020-10-04,WRWF1,-1.6864132282357005,ToD blocks
2020-10-11,WRWF1,-11.972697230609512,ToD blocks
2020-10-18,WRWF1,-1.7060681549705876,ToD blocks
2020-10-25,WRWF1,-10.648927822815125,ToD blocks
2020-11-01,WRWF1,-1.38470211579331,ToD blocks
2020-11-08,WRWF1,-2.2885699890277564,ToD blocks
2020-11-15,WRWF1,-0.8046624679125713,ToD blocks
2020-11-22,WRWF1,5.4111153457888435,ToD blocks
2020-11-29,WRWF1,-9.033920069877297,ToD blocks
2020-12-06,WRWF1,-0.12103485772474443,ToD blocks
2020-12-13,WRWF1,-5.626052597204811,ToD blocks
2020-12-20,WRWF1,-64.19450476369404,ToD blocks
2020-12-27,WRWF1,-0.6582571132727821,ToD blocks
2021-01-03,WRWF1,0.2274557458489923,ToD blocks
2021-01-10,WRWF1,-0.8446917884433915,ToD blocks
2021-01-17,WRWF1,-0.2328097138268248,ToD blocks
2021-01-24,WRWF1,-1.0304104666234934,ToD blocks
2021-01-31,WRWF1,-1.4909059513903316,ToD blocks
2021-02-07,WRWF1,0.20524001964064098,ToD blocks
2021-02-14,WRWF1,-0.8654648753913534,ToD blocks
2021-02-21,WRWF1,-0.07428540730658995,ToD blocks
2021-02-28,WRWF1,-1.9370986132196748,ToD blocks
2021-03-07,WRWF1,-0.7960382845692777,ToD blocks
2021-03-14,WRWF1,-0.12069313908571644,ToD blocks
2021-03-21,WRWF1,0.17663683303291577,ToD blocks
2021-03-28,WRWF1,3.1383573237874245,ToD blocks
2021-04-04,WRWF1,-2.0784327232477082,ToD blocks
2021-04-11,WRWF1,1.1287508781105515,ToD blocks
2021-04-18,WRWF1,1.9320025460282295,ToD blocks
2021-04-25,WRWF1,-5.166953511073984,ToD blocks
2021-05-02,WRWF1,-21.629148676965855,ToD blocks
2021-05-09,WRWF1,2.281752351017161,ToD blocks
2021-05-16,WRWF1,-11.716854502666365,ToD blocks
2021-05-23,WRWF1,-36.33999704008551,ToD blocks
2021-05-30,WRWF1,-45.971660768789775,ToD blocks
2021-06-06,WRWF1,-0.9812056460654901,ToD blocks
2021-06-13,WRWF1,30.946811191521192,ToD blocks
2021-06-20,WRWF1,-92.90341350186553,ToD blocks
2021-06-27,WRWF1,-11.354050903049867,ToD blocks
2021-07-04,WRWF1,-7.7213827840808875,ToD blocks
2021-07-11,WRWF1,-16.03535303616087,ToD blocks
2021-07-18,WRWF1,-27.68452416471642,ToD blocks
2021-07-25,WRWF1,-35.84591119509956,ToD blocks
2021-08-01,WRWF1,-3.5426539177550396,ToD blocks
2021-08-08,WRWF1,-4.312885940364183,ToD blocks
2021-08-15,WRWF1,0.3862686458509046,ToD blocks
2021-08-22,WRWF1,1.9105049384059782,ToD blocks
2021-08-29,WRWF1,1.768652834299644,ToD blocks
2021-09-05,WRWF1,-2.217594612227728,ToD blocks
2021-09-12,WRWF1,8.404187659016486,ToD blocks
2021-09-19,WRWF1,3.0864021685375675,ToD blocks
2021-09-26,WRWF1,5.735317744191001,ToD blocks
2021-10-03,WRWF1,0.21516543221913054,ToD blocks
2021-10-10,WRWF1,6.469106408391234,ToD blocks
2021-10-17,WRWF1,-1.5695927583964675,ToD blocks
2021-10-24,WRWF1,-10.325111466404167,ToD blocks
2021-10-31,WRWF1,-9.13963635371482,ToD blocks
2021-11-07,WRWF1,-2.3979571856718422,ToD blocks
2021-11-14,WRWF1,-9.609144661633096,ToD blocks
2021-11-21,WRWF1,-1.1120160798374883,ToD blocks
2021-11-28,WRWF1,-4.310785980748143,ToD blocks
2021-12-05,WRWF1,-8.842934977156723,ToD blocks
2021-12-12,WRWF1,-2.112644517744826,ToD blocks
2021-12-19,WRWF1,3.188054734054319,ToD blocks
2021-12-26,WRWF1,-1.130639707339128,ToD blocks
2022-01-02,WRWF1,-5.07457002761754,ToD blocks
2022-01-09,WRWF1,-1.224157067449326,ToD blocks
2022-01-16,WRWF1,1.615663076178791,ToD blocks
2022-01-23,WRWF1,-5.295526614797943,ToD blocks
2022-01-30,WRWF1,-1.6157041464613542,ToD blocks
2022-02-06,WRWF1,-20.435699222935085,ToD blocks
2022-02-13,WRWF1,-5.56954663861849,ToD blocks
2022-02-20,WRWF1,-7.482457569903403,ToD blocks
2022-02-27,WRWF1,-5.918055646653244,ToD blocks
2022-03-06,WRWF1,-4.576315928598888,ToD blocks
2022-03-13,WRWF1,-8.073189457130894,ToD blocks
2022-03-20,WRWF1,-2.0579106374409832,ToD blocks
2022-03-27,WRWF1,-4.411671737566635,ToD blocks
2022-04-03,WRWF1,-12.62297629656851,ToD blocks
2022-04-10,WRWF1,-14.37920025506267,ToD blocks
2022-04-17,WRWF1,-13.768039388884915,ToD blocks
2022-04-24,WRWF1,-18.779606087712807,ToD blocks
2022-05-01,WRWF1,-15.295410467212577,ToD blocks
2022-05-08,WRWF1,-44.67112713935785,ToD blocks
2022-05-15,WRWF1,6.128833193086393,ToD blocks
2022-05-22,WRWF1,17.628381892267726,ToD blocks
2022-05-29,WRWF1,-12.770553425063042,ToD blocks
2022-06-05,WRWF1,-39.16772002017342,ToD blocks
2022-06-12,WRWF1,-6.231992927687941,ToD blocks
2022-06-19,WRWF1,-72.47538246403894,ToD blocks
2022-06-26,WRWF1,18.535219128608276,ToD blocks
2022-07-03,WRWF1,18.328778117371144,ToD blocks
2022-07-10,WRWF1,-4.4512510370452105,ToD blocks
2022-07-17,WRWF1,-48.73118172244625,ToD blocks
2022-07-24,WRWF1,-4.616723527985243,ToD blocks
2022-07-31,WRWF1,-32.15862819712481,ToD blocks
2022-08-07,WRWF1,-2.067692769913606,ToD blocks
2022-08-14,WRWF1,-26.235153879716847,ToD blocks
2022-08-21,WRWF1,11.310893778677496,ToD blocks
2022-08-28,WRWF1,4.4872754259197905,ToD blocks
2022-09-04,WRWF1,7.4996614767164544,ToD blocks
2022-09-11,WRWF1,-7.920879394368654,ToD blocks
2022-09-18,WRWF1,-21.08362162751527,ToD blocks
2022-09-25,WRWF1,2.7014257534093815,ToD blocks
2022-10-02,WRWF1,-4.5133359257019094,ToD blocks
2022-10-09,WRWF1,3.6822272738868094,ToD blocks
2022-10-16,WRWF1,-1.7034124220820672,ToD blocks
2022-10-23,WRWF1,-6.650486539735454,ToD blocks
2022-10-30,WRWF1,-14.890524381601097,ToD blocks
2022-11-06,WRWF1,-3.093076310429339,ToD blocks
2022-11-13,WRWF1,0.622479614418296,ToD blocks
2022-11-20,WRWF1,-31.462308129209035,ToD blocks
2022-11-27,WRWF1,-32.46013203974286,ToD blocks
2022-12-04,WRWF1,-6.0909685607274895,ToD blocks
2022-12-11,WRWF1,-19.084746809129413,ToD blocks
2022-12-18,WRWF1,1.3827658272023058,ToD blocks
2022-12-25,WRWF1,7.441858786872544,ToD blocks
2023-01-01,WRWF1,-1.1005216448536999,ToD blocks
2023-01-08,WRWF1,5.95124476765902,ToD blocks
2023-01-15,WRWF1,5.499381892386552,ToD blocks
2023-01-22,WRWF1,2.697903344832497,ToD blocks
2023-01-29,WRWF1,-1.238856013060385,ToD blocks
2023-02-05,WRWF1,-8.879512086349237,ToD blocks
2023-02-12,WRWF1,3.143664708396628,ToD blocks
2023-02-19,WRWF1,-2.7208393584259483,ToD blocks
2023-02-26,WRWF1,2.983992454868641,ToD blocks
2023-03-05,WRWF1,-1.2298243008936396,ToD blocks
2023-03-12,WRWF1,-2.9030049900639767,ToD blocks
2023-03-19,WRWF1,-38.5151247667622,ToD blocks
2023-03-26,WRWF1,-5.80619690667767,ToD blocks
2023-04-02,WRWF1,-17.166341616871577,ToD blocks
2023-04-09,WRWF1,-5.460716966995861,ToD blocks
2023-04-16,WRWF1,-8.24621667923627,ToD blocks
2023-04-23,WRWF1,-6.8041328517770125,ToD blocks
2023-04-30,WRWF1,-32.85354498247119,ToD blocks
2023-05-07,WRWF1,-24.375803314905454,ToD blocks
2023-05-14,WRWF1,-5.718017235006158,ToD blocks
2023-05-21,WRWF1,-26.319296984889405,ToD blocks
2023-05-28,WRWF1,-70.85927769314571,ToD blocks
2023-06-04,WRWF1,-37.27177865791096,ToD blocks
2023-06-11,WRWF1,-8.274649163192436,ToD blocks
2023-06-18,WRWF1,-6.671815206865375,ToD blocks
2023-06-25,WRWF1,-26.529992797918155,ToD blocks
2023-07-02,WRWF1,-2.6967768199224196,ToD blocks
2023-07-09,WRWF1,-1.8968819433959965,ToD blocks
2023-07-16,WRWF1,5.618697632877769,ToD blocks
2023-07-23,WRWF1,5.808928758388788,ToD blocks
2023-07-30,WRWF1,6.530338345861821,ToD blocks
2023-08-06,WRWF1,-0.683240767468817,ToD blocks
2023-08-13,WRWF1,-5.560228849421236,ToD blocks
2023-08-20,WRWF1,-33.67210527123673,ToD blocks
2023-08-27,WRWF1,2.585488028285667,ToD blocks
2023-09-03,WRWF1,-8.189053227734618,ToD blocks
2023-09-10,WRWF1,-7.288886247854407,ToD blocks
2023-09-17,WRWF1,24.924955911488894,ToD blocks
2023-09-24,WRWF1,1.6904107014454794,ToD blocks
2023-10-01,WRWF1,4.978816172267344,ToD blocks
2023-10-08,WRWF1,1.2618186802244793,ToD blocks
2023-10-15,WRWF1,1.6412388213207478,ToD blocks
2023-10-22,WRWF1,9.09961714292752,ToD blocks
2023-10-29,WRWF1,-8.462764724249702,ToD blocks
2023-11-05,WRWF1,7.218542170932189,ToD blocks
2023-11-12,WRWF1,-6.454608042132222,ToD blocks
2023-11-19,WRWF1,-13.434600671770283,ToD blocks
2023-11-26,WRWF1,-0.6811550423033452,ToD blocks
2023-12-03,WRWF1,-9.21823100515828,ToD blocks
2023-12-10,WRWF1,-13.47072795417455,ToD blocks
2023-12-17,WRWF1,-3.0438222587158776,ToD blocks
2023-12-24,WRWF1,2.6633185821305716,ToD blocks
2023-12-31,WRWF1,-12.877820758358808,ToD blocks
2024-01-07,WRWF1,-0.21718667723336438,ToD blocks
2024-01-14,WRWF1,1.9134049911121167,ToD blocks
2024-01-21,WRWF1,-56.444115445134145,ToD blocks
2024-01-28,WRWF1,-0.8581700523454145,ToD blocks
2024-02-04,WRWF1,-24.41524435821799,ToD blocks
2024-02-11,WRWF1,-18.07458122324436,ToD blocks
2024-02-18,WRWF1,1.0431981077988581,ToD blocks
2024-02-25,WRWF1,-16.953404548076463,ToD blocks
2024-03-03,WRWF1,-25.94574980016293,ToD blocks
2024-03-10,WRWF1,-3.7643199592695566,ToD blocks
2024-03-17,WRWF1,-4.03147171470583,ToD blocks
2024-03-24,WRWF1,-5.210703499579928,ToD blocks
2024-03-31,WRWF1,5.969012058338748,ToD blocks
2024-04-07,WRWF1,-2.2250968451101443,ToD blocks
2024-04-14,WRWF1,-13.029873900130625,ToD blocks
2024-04-21,WRWF1,-26.922800974709205,ToD blocks
2024-04-28,WRWF1,-0.24557437742542731,ToD blocks
2024-05-05,WRWF1,30.310882236058006,ToD blocks
2024-05-12,WRWF1,-6.123910310368046,ToD blocks
2024-05-19,WRWF1,13.302511114848372,ToD blocks
2024-05-26,WRWF1,-3.2050273438146064,ToD blocks
2024-06-02,WRWF1,-0.3473247594058222,ToD blocks
2024-06-09,WRWF1,-15.508020401514926,ToD blocks
2024-06-16,WRWF1,-30.198696433198748,ToD blocks
2024-06-23,WRWF1,-22.52962009235131,ToD blocks
2024-06-30,WRWF1,-23.59526061471942,ToD blocks
2024-07-07,WRWF1,-3.9290983877973673,ToD blocks
2024-07-14,WRWF1,-1.5580299449604809,ToD blocks
2024-07-21,WRWF1,-2.6089276152374055,ToD blocks
2024-07-28,WRWF1,5.092644422338296,ToD blocks
2024-08-04,WRWF1,-22.26955540973958,ToD blocks
2024-08-11,WRWF1,-196.2373352367145,ToD blocks
2024-08-18,WRWF1,-16.55690689794004,ToD blocks
2024-08-25,WRWF1,5.882078098764595,ToD blocks
2024-09-01,WRWF1,6.729420703272126,ToD blocks
2024-09-08,WRWF1,0.9684811140702152,ToD blocks
2024-09-15,WRWF1,16.24885858254501,ToD blocks
2024-09-22,WRWF1,4.6031421778081665,ToD blocks
2024-09-29,WRWF1,-21.947937063154484,ToD blocks
2024-10-06,WRWF1,-3.947457548049222,ToD blocks
2024-10-13,WRWF1,-3.7300292402042032,ToD blocks
2024-10-20,WRWF1,-4.478027281534224,ToD blocks
2024-10-27,WRWF1,7.388374741183512,ToD blocks
2024-11-03,WRWF1,-5.95290486854465,ToD blocks
2024-11-10,WRWF1,289.5484967200574,ToD blocks
2024-11-17,WRWF1,-15.839591927919315,ToD blocks
2024-11-24,WRWF1,-25.02312301390944,ToD blocks
2024-12-01,WRWF1,12.02819243329219,ToD blocks
2024-12-08,WRWF1,-63.31856200519846,ToD blocks
2024-12-15,WRWF1,9.724471854856205,ToD blocks
2024-12-22,WRWF1,13.605316729810454,ToD blocks
2024-12-29,WRWF1,21.17757947677083,ToD blocks
2025-01-05,WRWF1,7.321699527812868,ToD blocks
2020-01-05,BOCORWF1,419.7344202680547,Baseload
2020-01-12,BOCORWF1,2.5593006318698883,Baseload
2020-01-19,BOCORWF1,1.7157481483249128,Baseload
2020-01-26,BOCORWF1,-18.009203603577717,Baseload
2020-02-02,BOCORWF1,-56.91128713884467,Baseload
2020-02-09,BOCORWF1,-1.9288993159542827,Baseload
2020-02-16,BOCORWF1,0.48056862087697994,Baseload
2020-02-23,BOCORWF1,1.9423122159153365,Baseload
2020-03-01,BOCORWF1,-1.210132073895977,Baseload
2020-03-08,BOCORWF1,2.70051190103824,Baseload
2020-03-15,BOCORWF1,0.7317213431641179,Baseload
2020-03-22,BOCORWF1,0.5675672974319212,Baseload
2020-03-29,BOCORWF1,0.0037671694982677195,Baseload
2020-04-05,BOCORWF1,-2.5109970950860756,Baseload
2020-04-12,BOCORWF1,-8.26952510283045,Baseload
2020-04-19,BOCORWF1,-3.957857217973249,Baseload
2020-04-26,BOCORWF1,-1.9888847993695862,Baseload
2020-05-03,BOCORWF1,-1.4221831152165834,Baseload
2020-05-10,BOCORWF1,-3.740844696483144,Baseload
2020-05-17,BOCORWF1,-3.1619343218891345,Baseload
2020-05-24,BOCORWF1,-1.167818242093297,Baseload
2020-05-31,BOCORWF1,-4.639303158578919,Baseload
2020-06-07,BOCORWF1,-7.131916800207392,Baseload
2020-06-14,BOCORWF1,-23.22137327378151,Baseload
2020-06-21,BOCORWF1,-2.953715150900294,Baseload
2020-06-28,BOCORWF1,1.6009043400826357,Baseload
2020-07-05,BOCORWF1,-0.26899933851849056,Baseload
2020-07-12,BOCORWF1,0.15691658407325093,Baseload
2020-07-19,BOCORWF1,-3.8882348555876263,Baseload
2020-07-26,BOCORWF1,-14.303634518100566,Baseload
2020-08-02,BOCORWF1,-1.8827170651423373,Baseload
2020-08-09,BOCORWF1,-1.6364710899509234,Baseload
2020-08-16,BOCORWF1,-3.832640551783996,Baseload
2020-08-23,BOCORWF1,0.06585147108342682,Baseload
2020-08-30,BOCORWF1,-20.283223045456154,Baseload
2020-09-06,BOCORWF1,-1.8681569474768835,Baseload
2020-09-13,BOCORWF1,-1.8002523073067564,Baseload
2020-09-20,BOCORWF1,-2.706510138444642,Baseload
2020-09-27,BOCORWF1,-2.147022965303897,Baseload
2020-10-04,BOCORWF1,-2.946118700845389,Baseload
2020-10-11,BOCORWF1,-7.976014226892325,Baseload
2020-10-18,BOCORWF1,0.34425411181894106,Baseload
2020-10-25,BOCORWF1,-14.101318123164774,Baseload
2020-11-01,BOCORWF1,-0.42173469151221354,Baseload
2020-11-08,BOCORWF1,2.8495726985690126,Baseload
2020-11-15,BOCORWF1,0.03412382992510743,Baseload
2020-11-22,BOCORWF1,79.97736361394018,Baseload
2020-11-29,BOCORWF1,9.129638636530501,Baseload
2020-12-06,BOCORWF1,1.539114878228979,Baseload
2020-12-13,BOCORWF1,0.012358278185224947,Baseload
2020-12-20,BOCORWF1,-87.57748256929193,Baseload
2020-12-27,BOCORWF1,-1.6051966895324554,Baseload
2021-01-03,BOCORWF1,-0.40359586144947457,Baseload
2021-01-10,BOCORWF1,1.2932385213752937,Baseload
2021-01-17,BOCORWF1,-5.155580406917913,Baseload
2021-01-24,BOCORWF1,0.4085587929097514,Baseload
2021-01-31,BOCORWF1,-0.11654956191854637,Baseload
2021-02-07,BOCORWF1,0.1514055694688139,Baseload
2021-02-14,BOCORWF1,0.06676130013763526,Baseload
2021-02-21,BOCORWF1,2.10908363762956,Baseload
2021-02-28,BOCORWF1,0.9873805336114927,Baseload
2021-03-07,BOCORWF1,0.0689788680780481,Baseload
2021-03-14,BOCORWF1,-0.3787323160227345,Baseload
2021-03-21,BOCORWF1,0.9915156488038264,Baseload
2021-03-28,BOCORWF1,2.0884591733675464,Baseload
2021-04-04,BOCORWF1,2.7001589585086236,Baseload
2021-04-11,BOCORWF1,-7.572369334671379,Baseload
2021-04-18,BOCORWF1,-5.7046724390812145,Baseload
2021-04-25,BOCORWF1,-5.786982212632637,Baseload
2021-05-02,BOCORWF1,-16.33746797857753,Baseload
2021-05-09,BOCORWF1,-5.373286836684073,Baseload
2021-05-16,BOCORWF1,-8.462746860755075,Baseload
2021-05-23,BOCORWF1,-108.48564617371899,Baseload
2021-05-30,BOCORWF1,36.26385684370962,Baseload
2021-06-06,BOCORWF1,-86.66652069931146,Baseload
2021-06-13,BOCORWF1,-46.502138503382156,Baseload
2021-06-20,BOCORWF1,-77.67726241026551,Baseload
2021-06-27,BOCORWF1,-29.30241272020723,Baseload
2021-07-04,BOCORWF1,-3.0854616589807335,Baseload
2021-07-11,BOCORWF1,-50.60761765908572,Baseload
2021-07-18,BOCORWF1,-7.290655958456696,Baseload
2021-07-25,BOCORWF1,-35.794746267297555,Baseload
2021-08-01,BOCORWF1,-2.632417688378524,Baseload
2021-08-08,BOCORWF1,-4.048506857804519,Baseload
2021-08-15,BOCORWF1,0.06690901152988715,Baseload
2021-08-22,BOCORWF1,-9.079676301345131,Baseload
2021-08-29,BOCORWF1,-3.454852586848091,Baseload
2021-09-05,BOCORWF1,-2.283926800639435,Baseload
2021-09-12,BOCORWF1,-3.914699995850146,Baseload
2021-09-19,BOCORWF1,-5.0208161250399215,Baseload
2021-09-26,BOCORWF1,-1.6398284521167668,Baseload
2021-10-03,BOCORWF1,-1.2982347626349124,Baseload
2021-10-10,BOCORWF1,0.4159516699236079,Baseload
2021-10-17,BOCORWF1,3.2428552078112602,Baseload
2021-10-24,BOCORWF1,-3.5669132340410954,Baseload
2021-10-31,BOCORWF1,1.1121244381952948,Baseload
2021-11-07,BOCORWF1,-2.740080345388705,Baseload
2021-11-14,BOCORWF1,-15.325050995617659,Baseload
2021-11-21,BOCORWF1,-0.7505018529352299,Baseload
2021-11-28,BOCORWF1,7.713328856896226,Baseload
2021-12-05,BOCORWF1,-2.842875751446499,Baseload
2021-12-12,BOCORWF1,1.3489344779733585,Baseload
2021-12-19,BOCORWF1,-0.027158152777019495,Baseload
2021-12-26,BOCORWF1,7.205573226484077,Baseload
2022-01-02,BOCORWF1,23.42319360236445,Baseload
2022-01-09,BOCORWF1,2.0751763126885976,Baseload
2022-01-16,BOCORWF1,-4.131553481522403,Baseload
2022-01-23,BOCORWF1,3.4481755816269626,Baseload
2022-01-30,BOCORWF1,-2.8674904742673704,Baseload
2022-02-06,BOCORWF1,-9.421155821809649,Baseload
2022-02-13,BOCORWF1,0.6324077572469946,Baseload
2022-02-20,BOCORWF1,0.9976797166369664,Baseload
2022-02-27,BOCORWF1,5.647617940856705,Baseload
2022-03-06,BOCORWF1,-0.6398827218010297,Baseload
2022-03-13,BOCORWF1,2.071147275009025,Baseload
2022-03-20,BOCORWF1,-0.434162815210712,Baseload
2022-03-27,BOCORWF1,0.7130044951798737,Baseload
2022-04-03,BOCORWF1,,Baseload
2022-04-10,BOCORWF1,,Baseload
2022-04-17,BOCORWF1,,Baseload
2022-04-24,BOCORWF1,,Baseload
2022-05-01,BOCORWF1,48.00989586068823,Baseload
2022-05-08,BOCORWF1,-116.34382560571208,Baseload
2022-05-15,BOCORWF1,-6.765871369048625,Baseload
2022-05-22,BOCORWF1,-19.03033014672755,Baseload
2022-05-29,BOCORWF1,11.397639000732283,Baseload
2022-06-05,BOCORWF1,-61.433770455921945,Baseload
2022-06-12,BOCORWF1,-12.711016480573903,Baseload
2022-06-19,BOCORWF1,-52.28336166472741,Baseload
2022-06-26,BOCORWF1,22.840232011332034,Baseload
2022-07-03,BOCORWF1,-11.485223145547195,Baseload
2022-07-10,BOCORWF1,-18.411144581222004,Baseload
2022-07-17,BOCORWF1,-108.9793229786655,Baseload
2022-07-24,BOCORWF1,-21.99619452507119,Baseload
2022-07-31,BOCORWF1,-22.096536349844342,Baseload
2022-08-07,BOCORWF1,-15.538534322387079,Baseload
2022-08-14,BOCORWF1,-32.25152600527855,Baseload
2022-08-21,BOCORWF1,-8.628863314108372,Baseload
2022-08-28,BOCORWF1,-7.653450100463459,Baseload
2022-09-04,BOCORWF1,-14.409374299945284,Baseload
2022-09-11,BOCORWF1,5.7317722255654076,Baseload
2022-09-18,BOCORWF1,-17.675837687861815,Baseload
2022-09-25,BOCORWF1,-2.1151284844526685,Baseload
2022-10-02,BOCORWF1,-13.892684799688354,Baseload
2022-10-09,BOCORWF1,17.21943387720043,Baseload
2022-10-16,BOCORWF1,2.5950591961242537,Baseload
2022-10-23,BOCORWF1,-2.6435874384236513,Baseload
2022-10-30,BOCORWF1,-6.088010800083737,Baseload
2022-11-06,BOCORWF1,7.7196343663508316,Baseload
2022-11-13,BOCORWF1,9.404922142834238,Baseload
2022-11-20,BOCORWF1,-21.441910447935413,Baseload
2022-11-27,BOCORWF1,-12.645046510088264,Baseload
2022-12-04,BOCORWF1,7.064475381864611,Baseload
2022-12-11,BOCORWF1,-11.311346261881624,Baseload
2022-12-18,BOCORWF1,6.188443061447714,Baseload
2022-12-25,BOCORWF1,14.80036680489664,Baseload
2023-01-01,BOCORWF1,-5.0891257835077255,Baseload
2023-01-08,BOCORWF1,8.087413284143722,Baseload
2023-01-15,BOCORWF1,0.7584207620743939,Baseload
2023-01-22,BOCORWF1,8.683867300337738,Baseload
2023-01-29,BOCORWF1,-5.959546284487331,Baseload
2023-02-05,BOCORWF1,-11.010037897950909,Baseload
2023-02-12,BOCORWF1,-13.736844158286956,Baseload
2023-02-19,BOCORWF1,10.285738751066575,Baseload
2023-02-26,BOCORWF1,-6.773841743302256,Baseload
2023-03-05,BOCORWF1,10.387235975380321,Baseload
2023-03-12,BOCORWF1,0.8844325215285664,Baseload
2023-03-19,BOCORWF1,93.83362506066484,Baseload
2023-03-26,BOCORWF1,-0.48305528080958027,Baseload
2023-04-02,BOCORWF1,-11.556672167521043,Baseload
2023-04-09,BOCORWF1,-35.934128145186136,Baseload
2023-04-16,BOCORWF1,-8.749772384463327,Baseload
2023-04-23,BOCORWF1,13.347295201026725,Baseload
2023-04-30,BOCORWF1,-3.589260781652243,Baseload
2023-05-07,BOCORWF1,-27.998144628600983,Baseload
2023-05-14,BOCORWF1,-11.830166476632257,Baseload
2023-05-21,BOCORWF1,-17.355561421876644,Baseload
2023-05-28,BOCORWF1,1.9600820568230688,Baseload
2023-06-04,BOCORWF1,-23.553807244321007,Baseload
2023-06-11,BOCORWF1,-3.1727118707170376,Baseload
2023-06-18,BOCORWF1,0.0323101762452751,Baseload
2023-06-25,BOCORWF1,-26.338168913806072,Baseload
2023-07-02,BOCORWF1,-9.314469552220146,Baseload
2023-07-09,BOCORWF1,-25.120826919702665,Baseload
2023-07-16,BOCORWF1,-9.452842070750208,Baseload
2023-07-23,BOCORWF1,-1.8289717400525092,Baseload
2023-07-30,BOCORWF1,-11.294164545172265,Baseload
2023-08-06,BOCORWF1,-18.93371346627393,Baseload
2023-08-13,BOCORWF1,-1.1626970360482005,Baseload
2023-08-20,BOCORWF1,-44.33802249130488,Baseload
2023-08-27,BOCORWF1,13.572902205947926,Baseload
2023-09-03,BOCORWF1,3.280548439387559,Baseload
2023-09-10,BOCORWF1,-1.6279202841316618,Baseload
2023-09-17,BOCORWF1,-16.709387802768944,Baseload
2023-09-24,BOCORWF1,12.614540041166208,Baseload
2023-10-01,BOCORWF1,-5.971660974780043,Baseload
2023-10-08,BOCORWF1,1.8542796665606787,Baseload
2023-10-15,BOCORWF1,-13.449619731557469,Baseload
2023-10-22,BOCORWF1,-9.661980253034855,Baseload
2023-10-29,BOCORWF1,4.6872551640678495,Baseload
2023-11-05,BOCORWF1,-9.581433813725035,Baseload
2023-11-12,BOCORWF1,-23.545347150723245,Baseload
2023-11-19,BOCORWF1,10.455955918443777,Baseload
2023-11-26,BOCORWF1,-3.113324026350213,Baseload
2023-12-03,BOCORWF1,-2.791467462118277,Baseload
2023-12-10,BOCORWF1,24.528355130474566,Baseload
2023-12-17,BOCORWF1,-1.0293189563256249,Baseload
2023-12-24,BOCORWF1,8.181324752826441,Baseload
2023-12-31,BOCORWF1,-16.891088649871328,Baseload
2024-01-07,BOCORWF1,5.504575770974661,Baseload
2024-01-14,BOCORWF1,3.4058309989764552,Baseload
2024-01-21,BOCORWF1,9.199184860235718,Baseload
2024-01-28,BOCORWF1,7.547585630116501,Baseload
2024-02-04,BOCORWF1,44.42108596985649,Baseload
2024-02-11,BOCORWF1,0.4577488375455232,Baseload
2024-02-18,BOCORWF1,4.059385093663636,Baseload
2024-02-25,BOCORWF1,46.46057386561954,Baseload
2024-03-03,BOCORWF1,151.47542693301037,Baseload
2024-03-10,BOCORWF1,11.204802030669,Baseload
2024-03-17,BOCORWF1,-0.9627614335211234,Baseload
2024-03-24,BOCORWF1,8.507246306656356,Baseload
2024-03-31,BOCORWF1,1.0911049929125483,Baseload
2024-04-07,BOCORWF1,-4.934421724087201,Baseload
2024-04-14,BOCORWF1,-2.7745417078573666,Baseload
2024-04-21,BOCORWF1,1.1771481911706587,Baseload
2024-04-28,BOCORWF1,-7.679090938434285,Baseload
2024-05-05,BOCORWF1,-19.075525120845114,Baseload
2024-05-12,BOCORWF1,-597.436150903016,Baseload
2024-05-19,BOCORWF1,-30.044914236262315,Baseload
2024-05-26,BOCORWF1,-20.56076161107049,Baseload
2024-06-02,BOCORWF1,-15.31155628567133,Baseload
2024-06-09,BOCORWF1,-18.900635039374635,Baseload
2024-06-16,BOCORWF1,-37.96432790774497,Baseload
2024-06-23,BOCORWF1,-31.85809103323473,Baseload
2024-06-30,BOCORWF1,-4.705366905247956,Baseload
2024-07-07,BOCORWF1,0.892587634497545,Baseload
2024-07-14,BOCORWF1,-7.8893955530664925,Baseload
2024-07-21,BOCORWF1,-6.202846871705319,Baseload
2024-07-28,BOCORWF1,1.936877386001811,Baseload
2024-08-04,BOCORWF1,-14.98724449482026,Baseload
2024-08-11,BOCORWF1,-222.79825817894587,Baseload
2024-08-18,BOCORWF1,-12.524910006959658,Baseload
2024-08-25,BOCORWF1,-8.986434099981125,Baseload
2024-09-01,BOCORWF1,-1.1111107455333382,Baseload
2024-09-08,BOCORWF1,4.204864839193739,Baseload
2024-09-15,BOCORWF1,-0.16663901340815812,Baseload
2024-09-22,BOCORWF1,-3.383174425075019,Baseload
2024-09-29,BOCORWF1,-8.717375039034437,Baseload
2024-10-06,BOCORWF1,-13.17768093194563,Baseload
2024-10-13,BOCORWF1,-5.196706950048991,Baseload
2024-10-20,BOCORWF1,-6.595055835567507,Baseload
2024-10-27,BOCORWF1,6.658758421453044,Baseload
2024-11-03,BOCORWF1,-12.382827392520348,Baseload
2024-11-10,BOCORWF1,42.150400649374774,Baseload
2024-11-17,BOCORWF1,-34.42127353068909,Baseload
2024-11-24,BOCORWF1,-12.704296437839957,Baseload
2024-12-01,BOCORWF1,100.03251676713626,Baseload
2024-12-08,BOCORWF1,91.74280577315284,Baseload
2024-12-15,BOCORWF1,12.89090273043874,Baseload
2024-12-22,BOCORWF1,25.845487931543957,Baseload
2024-12-29,BOCORWF1,-10.061438364953457,Baseload
2025-01-05,BOCORWF1,17.19426386527951,Baseload
2020-01-05,BODWF1,-143.8349270205251,Baseload
2020-01-12,BODWF1,-2.2475316911255234,Baseload
2020-01-19,BODWF1,-2.513639516049359,Baseload
2020-01-26,BODWF1,19.065039737449453,Baseload
2020-02-02,BODWF1,-238.02174989124228,Baseload
2020-02-09,BODWF1,-1.0039708519940547,Baseload
2020-02-16,BODWF1,-3.1868975818129712,Baseload
2020-02-23,BODWF1,-2.9842375056630104,Baseload
2020-03-01,BODWF1,-4.793631506085461,Baseload
2020-03-08,BODWF1,-1.6896511953449078,Baseload
2020-03-15,BODWF1,-1.5438158656474883,Baseload
2020-03-22,BODWF1,-2.8622938320606153,Baseload
2020-03-29,BODWF1,-0.7963107869957113,Baseload
2020-04-05,BODWF1,-4.138146951889091,Baseload
2020-04-12,BODWF1,-3.4999700037462134,Baseload
2020-04-19,BODWF1,-4.384984267838213,Baseload
2020-04-26,BODWF1,-1.1734512080788235,Baseload
2020-05-03,BODWF1,-2.735073359134759,Baseload
2020-05-10,BODWF1,-1.4977206006310553,Baseload
2020-05-17,BODWF1,-1.6081634030266656,Baseload
2020-05-24,BODWF1,-1.3980086895625945,Baseload
2020-05-31,BODWF1,-5.6189197294066275,Baseload
2020-06-07,BODWF1,-6.14588833476752,Baseload
2020-06-14,BODWF1,-10.165912114145058,Baseload
2020-06-21,BODWF1,-2.260774890006722,Baseload
2020-06-28,BODWF1,-0.8324310047414016,Baseload
2020-07-05,BODWF1,-1.8133241226925207,Baseload
2020-07-12,BODWF1,-2.6745043126024584,Baseload
2020-07-19,BODWF1,0.49736495614351384,Baseload
2020-07-26,BODWF1,-12.479555632202995,Baseload
2020-08-02,BODWF1,-1.1914868053030432,Baseload
2020-08-09,BODWF1,3.635598784009602,Baseload
2020-08-16,BODWF1,-1.6489073860747965,Baseload
2020-08-23,BODWF1,0.800747456160039,Baseload
2020-08-30,BODWF1,4.393183634376371,Baseload
2020-09-06,BODWF1,-1.6333916144316731,Baseload
2020-09-13,BODWF1,-2.0812552843570273,Baseload
2020-09-20,BODWF1,-1.6911669608312678,Baseload
2020-09-27,BODWF1,-1.568889377082236,Baseload
2020-10-04,BODWF1,-0.20033194162713386,Baseload
2020-10-11,BODWF1,-4.952415529456019,Baseload
2020-10-18,BODWF1,-0.3859147668320375,Baseload
2020-10-25,BODWF1,-4.325708977627414,Baseload
2020-11-01,BODWF1,3.8615808982884943,Baseload
2020-11-08,BODWF1,-3.3973581602298566,Baseload
2020-11-15,BODWF1,-2.7448790016256197,Baseload
2020-11-22,BODWF1,6.917871080531484,Baseload
2020-11-29,BODWF1,-10.571846431530822,Baseload
2020-12-06,BODWF1,1.4849839858729226,Baseload
2020-12-13,BODWF1,-1.7035998195120357,Baseload
2020-12-20,BODWF1,-72.31035457996528,Baseload
2020-12-27,BODWF1,-0.906106293489735,Baseload
2021-01-03,BODWF1,0.683886098870353,Baseload
2021-01-10,BODWF1,-0.08770088309630353,Baseload
2021-01-17,BODWF1,-0.7232413287519179,Baseload
2021-01-24,BODWF1,-3.43660316485839,Baseload
2021-01-31,BODWF1,-1.0255718105789526,Baseload
2021-02-07,BODWF1,-0.0963526100246952,Baseload
2021-02-14,BODWF1,-0.6644084549359945,Baseload
2021-02-21,BODWF1,-0.5080125947086671,Baseload
2021-02-28,BODWF1,-0.7384853441095558,Baseload
2021-03-07,BODWF1,0.26338582235013774,Baseload
2021-03-14,BODWF1,-0.007759755852084993,Baseload
2021-03-21,BODWF1,-0.1443316842946345,Baseload
2021-03-28,BODWF1,7.046783587417686,Baseload
2021-04-04,BODWF1,0.46325132276457737,Baseload
2021-04-11,BODWF1,-5.549316453120859,Baseload
2021-04-18,BODWF1,-2.1030774682151048,Baseload
2021-04-25,BODWF1,-3.7692035495397818,Baseload
2021-05-02,BODWF1,-8.924590110599823,Baseload
2021-05-09,BODWF1,-4.830915639942859,Baseload
2021-05-16,BODWF1,-10.757251184109059,Baseload
2021-05-23,BODWF1,-32.36693821823005,Baseload
2021-05-30,BODWF1,-3.5803508826755888,Baseload
2021-06-06,BODWF1,-64.00727712223824,Baseload
2021-06-13,BODWF1,-39.66800719683641,Baseload
2021-06-20,BODWF1,-86.7836860271734,Baseload
2021-06-27,BODWF1,-3.529707461366172,Baseload
2021-07-04,BODWF1,-7.044290462137042,Baseload
2021-07-11,BODWF1,-9.277222957816576,Baseload
2021-07-18,BODWF1,-5.758418856224608,Baseload
2021-07-25,BODWF1,-23.37574088942671,Baseload
2021-08-01,BODWF1,-3.78949803885223,Baseload
2021-08-08,BODWF1,0.24632988568110648,Baseload
2021-08-15,BODWF1,5.304753544237322,Baseload
2021-08-22,BODWF1,0.5399054176401137,Baseload
2021-08-29,BODWF1,-1.2433772689001898,Baseload
2021-09-05,BODWF1,-0.8180490879274984,Baseload
2021-09-12,BODWF1,-0.3699801562863172,Baseload
2021-09-19,BODWF1,4.283922039138318,Baseload
2021-09-26,BODWF1,9.19298362864955,Baseload
2021-10-03,BODWF1,1.4957568002689285,Baseload
2021-10-10,BODWF1,-3.7352541801581225,Baseload
2021-10-17,BODWF1,-1.2198592646681448,Baseload
2021-10-24,BODWF1,2.9113198768252317,Baseload
2021-10-31,BODWF1,-0.9034005388070767,Baseload
2021-11-07,BODWF1,-1.1969279087069964,Baseload
2021-11-14,BODWF1,-6.99725984322594,Baseload
2021-11-21,BODWF1,-2.139987915335894,Baseload
2021-11-28,BODWF1,-2.9329441917796615,Baseload
2021-12-05,BODWF1,-6.178228568777662,Baseload
2021-12-12,BODWF1,0.04068489669339215,Baseload
2021-12-19,BODWF1,1.772343941563875,Baseload
2021-12-26,BODWF1,-2.1698518179222646,Baseload
2022-01-02,BODWF1,-3.183550847809741,Baseload
2022-01-09,BODWF1,0.5357117662919393,Baseload
2022-01-16,BODWF1,-0.2583001703299743,Baseload
2022-01-23,BODWF1,-4.372968960225549,Baseload
2022-01-30,BODWF1,-3.9592714601649845,Baseload
2022-02-06,BODWF1,-18.95058176217431,Baseload
2022-02-13,BODWF1,-3.7838322730615346,Baseload
2022-02-20,BODWF1,-8.02662022661363,Baseload
2022-02-27,BODWF1,-6.069946935142028,Baseload
2022-03-06,BODWF1,0.799398560246587,Baseload
2022-03-13,BODWF1,-4.677506029463771,Baseload
2022-03-20,BODWF1,-3.4588749310359077,Baseload
2022-03-27,BODWF1,-0.9279090516597961,Baseload
2022-04-03,BODWF1,6.332548147365628,Baseload
2022-04-10,BODWF1,-20.909872131654765,Baseload
2022-04-17,BODWF1,-6.307593880426623,Baseload
2022-04-24,BODWF1,-9.835486836185112,Baseload
2022-05-01,BODWF1,-6.213539641461523,Baseload
2022-05-08,BODWF1,-95.57885595112481,Baseload
2022-05-15,BODWF1,0.3280236209521945,Baseload
2022-05-22,BODWF1,4.5607767334105915,Baseload
2022-05-29,BODWF1,-16.323222456682743,Baseload
2022-06-05,BODWF1,-45.946764982366744,Baseload
2022-06-12,BODWF1,-20.63275701181459,Baseload
2022-06-19,BODWF1,-6.620936140921742,Baseload
2022-06-26,BODWF1,-13.036498236114937,Baseload
2022-07-03,BODWF1,55.30270237920553,Baseload
2022-07-10,BODWF1,4.044996492195992,Baseload
2022-07-17,BODWF1,-52.30712430334842,Baseload
2022-07-24,BODWF1,-0.8172273757376161,Baseload
2022-07-31,BODWF1,-23.946528711455557,Baseload
2022-08-07,BODWF1,-19.365203549378975,Baseload
2022-08-14,BODWF1,-12.73142812206467,Baseload
2022-08-21,BODWF1,2.707638069717632,Baseload
2022-08-28,BODWF1,-1.5472359560394295,Baseload
2022-09-04,BODWF1,5.0191155671145395,Baseload
2022-09-11,BODWF1,4.1268642491030505,Baseload
2022-09-18,BODWF1,5.676559719897625,Baseload
2022-09-25,BODWF1,12.653949965138594,Baseload
2022-10-02,BODWF1,1.632507752912261,Baseload
2022-10-09,BODWF1,14.692163708307447,Baseload
2022-10-16,BODWF1,10.719952013022578,Baseload
2022-10-23,BODWF1,4.588286273580877,Baseload
2022-10-30,BODWF1,-4.846724491023849,Baseload
2022-11-06,BODWF1,8.197097229954622,Baseload
2022-11-13,BODWF1,12.996207732208177,Baseload
2022-11-20,BODWF1,-12.457892315440958,Baseload
2022-11-27,BODWF1,-3.287130064587515,Baseload
2022-12-04,BODWF1,11.265685859555163,Baseload
2022-12-11,BODWF1,1.9874514784130355,Baseload
2022-12-18,BODWF1,20.90845204768995,Baseload
2022-12-25,BODWF1,12.422740465731124,Baseload
2023-01-01,BODWF1,10.770877900357377,Baseload
2023-01-08,BODWF1,5.208020866300259,Baseload
2023-01-15,BODWF1,4.097451431572651,Baseload
2023-01-22,BODWF1,-1.8309426690953785,Baseload
2023-01-29,BODWF1,-7.252640287014657,Baseload
2023-02-05,BODWF1,7.3682125320037954,Baseload
2023-02-12,BODWF1,2.245794112418821,Baseload
2023-02-19,BODWF1,-2.8438674355096367,Baseload
2023-02-26,BODWF1,-4.352215595095643,Baseload
2023-03-05,BODWF1,-0.8826552777606622,Baseload
2023-03-12,BODWF1,-2.173983964165714,Baseload
2023-03-19,BODWF1,-25.49768863999941,Baseload
2023-03-26,BODWF1,-1.1339659386912473,Baseload
2023-04-02,BODWF1,-10.937784551211323,Baseload
2023-04-09,BODWF1,-19.744717252181673,Baseload
2023-04-16,BODWF1,-3.1690917039473163,Baseload
2023-04-23,BODWF1,3.396080861919984,Baseload
2023-04-30,BODWF1,-19.17017689505259,Baseload
2023-05-07,BODWF1,-25.205687117990976,Baseload
2023-05-14,BODWF1,-11.944581419125456,Baseload
2023-05-21,BODWF1,-19.152531481560544,Baseload
2023-05-28,BODWF1,-29.659004153080048,Baseload
2023-06-04,BODWF1,-41.47554120649539,Baseload
2023-06-11,BODWF1,-3.78484836633244,Baseload
2023-06-18,BODWF1,-0.30526731894188686,Baseload
2023-06-25,BODWF1,7.308997084704487,Baseload
2023-07-02,BODWF1,-10.517531534869292,Baseload
2023-07-09,BODWF1,1.2117901568671954,Baseload
2023-07-16,BODWF1,2.505292813748696,Baseload
2023-07-23,BODWF1,2.7709485675076593,Baseload
2023-07-30,BODWF1,6.1924176840702785,Baseload
2023-08-06,BODWF1,22.8867329158511,Baseload
2023-08-13,BODWF1,8.329781861153933,Baseload
2023-08-20,BODWF1,-35.26345135123697,Baseload
2023-08-27,BODWF1,10.564626592429548,Baseload
2023-09-03,BODWF1,8.420624442649995,Baseload
2023-09-10,BODWF1,2.937449929603332,Baseload
2023-09-17,BODWF1,9.48020653970898,Baseload
2023-09-24,BODWF1,-4.054681364234469,Baseload
2023-10-01,BODWF1,-12.749743043199857,Baseload
2023-10-08,BODWF1,-2.1967092534134807,Baseload
2023-10-15,BODWF1,1.7248120260211763,Baseload
2023-10-22,BODWF1,4.377376325271783,Baseload
2023-10-29,BODWF1,7.249573767914583,Baseload
2023-11-05,BODWF1,5.256100405391351,Baseload
2023-11-12,BODWF1,10.980319831428872,Baseload
2023-11-19,BODWF1,17.45381039689643,Baseload
2023-11-26,BODWF1,-2.6350136741194916,Baseload
2023-12-03,BODWF1,-0.12653415907391974,Baseload
2023-12-10,BODWF1,-3.076745540121834,Baseload
2023-12-17,BODWF1,2.1759777570656667,Baseload
2023-12-24,BODWF1,-1.2909139775839336,Baseload
2023-12-31,BODWF1,-15.4806893881407,Baseload
2024-01-07,BODWF1,0.574919667062936,Baseload
2024-01-14,BODWF1,-6.139959096100213,Baseload
2024-01-21,BODWF1,-32.214148042077966,Baseload
2024-01-28,BODWF1,-6.957543569297364,Baseload
2024-02-04,BODWF1,-24.034728786629955,Baseload
2024-02-11,BODWF1,-15.386747094491483,Baseload
2024-02-18,BODWF1,-2.7809693637902484,Baseload
2024-02-25,BODWF1,-18.91375305521045,Baseload
2024-03-03,BODWF1,-73.48325244501586,Baseload
2024-03-10,BODWF1,0.5813886678779312,Baseload
2024-03-17,BODWF1,-6.903375403158762,Baseload
2024-03-24,BODWF1,-2.4309630731953717,Baseload
2024-03-31,BODWF1,3.914307189461354,Baseload
2024-04-07,BODWF1,-3.9720133538023106,Baseload
2024-04-14,BODWF1,-1.7203778834976617,Baseload
2024-04-21,BODWF1,-9.171904480880485,Baseload
2024-04-28,BODWF1,8.363365758263669,Baseload
2024-05-05,BODWF1,1.7844815097310516,Baseload
2024-05-12,BODWF1,-166.52659920233043,Baseload
2024-05-19,BODWF1,2.2953465184252906,Baseload
2024-05-26,BODWF1,-21.59762924833757,Baseload
2024-06-02,BODWF1,-9.214522131615894,Baseload
2024-06-09,BODWF1,-4.530741534579903,Baseload
2024-06-16,BODWF1,-25.093248529194398,Baseload
2024-06-23,BODWF1,-6.539429943780249,Baseload
2024-06-30,BODWF1,-19.59283108457592,Baseload
2024-07-07,BODWF1,-9.297563980544723,Baseload
2024-07-14,BODWF1,7.838356403633924,Baseload
2024-07-21,BODWF1,-11.249427513569955,Baseload
2024-07-28,BODWF1,-3.7945657097029937,Baseload
2024-08-04,BODWF1,28.085069572407207,Baseload
2024-08-11,BODWF1,-166.11297197468818,Baseload
2024-08-18,BODWF1,-9.09359024271373,Baseload
2024-08-25,BODWF1,5.4479548718825725,Baseload
2024-09-01,BODWF1,1.4994866328257075,Baseload
2024-09-08,BODWF1,-9.545156546820138,Baseload
2024-09-15,BODWF1,9.363117266979806,Baseload
2024-09-22,BODWF1,2.4235447074712724,Baseload
2024-09-29,BODWF1,-1.552998888756889,Baseload
2024-10-06,BODWF1,-2.562369090559173,Baseload
2024-10-13,BODWF1,8.091940810110742,Baseload
2024-10-20,BODWF1,10.77372305702103,Baseload
2024-10-27,BODWF1,1.389416128751165,Baseload
2024-11-03,BODWF1,-1.0699917732044781,Baseload
2024-11-10,BODWF1,-150.62553319612297,Baseload
2024-11-17,BODWF1,-27.480845141628876,Baseload
2024-11-24,BODWF1,16.9770962046029,Baseload
2024-12-01,BODWF1,-72.32059572944007,Baseload
2024-12-08,BODWF1,-96.62403752931894,Baseload
2024-12-15,BODWF1,-17.363198353409672,Baseload
2024-12-22,BODWF1,2.040656922053543,Baseload
2024-12-29,BODWF1,3.195618476344986,Baseload
2025-01-05,BODWF1,10.043696014525182,Baseload
2020-01-05,CROOKWF2,128.3697974969752,Baseload
2020-01-12,CROOKWF2,-0.12225011718085455,Baseload
2020-01-19,CROOKWF2,-1.3616908069640417,Baseload
2020-01-26,CROOKWF2,-24.211782888409395,Baseload
2020-02-02,CROOKWF2,-190.13251316454932,Baseload
2020-02-09,CROOKWF2,-1.5832422829631696,Baseload
2020-02-16,CROOKWF2,2.2368404874280046,Baseload
2020-02-23,CROOKWF2,-2.301727002508329,Baseload
2020-03-01,CROOKWF2,-1.8624236660836573,Baseload
2020-03-08,CROOKWF2,-1.1038743929717967,Baseload
2020-03-15,CROOKWF2,-0.8083955995677243,Baseload
2020-03-22,CROOKWF2,-2.3701124751056923,Baseload
2020-03-29,CROOKWF2,-0.32395213057505146,Baseload
2020-04-05,CROOKWF2,-7.21591783542069,Baseload
2020-04-12,CROOKWF2,-6.215972692735264,Baseload
2020-04-19,CROOKWF2,-5.260286938659988,Baseload
2020-04-26,CROOKWF2,-2.6830220297567138,Baseload
2020-05-03,CROOKWF2,-1.6987550480339735,Baseload
2020-05-10,CROOKWF2,-5.538933097476079,Baseload
2020-05-17,CROOKWF2,1.6173334588246817,Baseload
2020-05-24,CROOKWF2,-1.007648177466173,Baseload
2020-05-31,CROOKWF2,-3.60135476313085,Baseload
2020-06-07,CROOKWF2,-5.417614066776444,Baseload
2020-06-14,CROOKWF2,-17.704032688941858,Baseload
2020-06-21,CROOKWF2,-1.1408124788189866,Baseload
2020-06-28,CROOKWF2,0.42388226149974884,Baseload
2020-07-05,CROOKWF2,-0.7367063500182738,Baseload
2020-07-12,CROOKWF2,-2.4128691837406535,Baseload
2020-07-19,CROOKWF2,-5.255943666317343,Baseload
2020-07-26,CROOKWF2,-11.892877209322684,Baseload
2020-08-02,CROOKWF2,-1.867315021271942,Baseload
2020-08-09,CROOKWF2,-0.3244308160970917,Baseload
2020-08-16,CROOKWF2,-3.8782185395189543,Baseload
2020-08-23,CROOKWF2,-0.18272535107024623,Baseload
2020-08-30,CROOKWF2,-11.511521403018264,Baseload
2020-09-06,CROOKWF2,-5.486336897599081,Baseload
2020-09-13,CROOKWF2,-1.9271427034445665,Baseload
2020-09-20,CROOKWF2,-3.1745652510267064,Baseload
2020-09-27,CROOKWF2,-2.62793512800485,Baseload
2020-10-04,CROOKWF2,-3.039475718614163,Baseload
2020-10-11,CROOKWF2,-15.82162274716135,Baseload
2020-10-18,CROOKWF2,-2.5176512772461237,Baseload
2020-10-25,CROOKWF2,-10.029976567658721,Baseload
2020-11-01,CROOKWF2,-0.5109847280974407,Baseload
2020-11-08,CROOKWF2,-2.664772063132446,Baseload
2020-11-15,CROOKWF2,-3.345465738266469,Baseload
2020-11-22,CROOKWF2,-5.478665947812857,Baseload
2020-11-29,CROOKWF2,-8.132012311186514,Baseload
2020-12-06,CROOKWF2,-4.180944501406948,Baseload
2020-12-13,CROOKWF2,-2.6867889650286756,Baseload
2020-12-20,CROOKWF2,-102.09189715052021,Baseload
2020-12-27,CROOKWF2,-1.9018307912295853,Baseload
2021-01-03,CROOKWF2,-0.3379070780203861,Baseload
2021-01-10,CROOKWF2,-0.208254007924765,Baseload
2021-01-17,CROOKWF2,1.1597551944394695,Baseload
2021-01-24,CROOKWF2,-2.621459284749747,Baseload
2021-01-31,CROOKWF2,-0.5021302120258895,Baseload
2021-02-07,CROOKWF2,0.6830449075765799,Baseload
2021-02-14,CROOKWF2,-0.9573304946851877,Baseload
2021-02-21,CROOKWF2,0.02189431677676623,Baseload
2021-02-28,CROOKWF2,-1.1676520306151374,Baseload
2021-03-07,CROOKWF2,1.9217325104211156,Baseload
2021-03-14,CROOKWF2,-2.0176757630350934,Baseload
2021-03-21,CROOKWF2,0.27308597198992146,Baseload
2021-03-28,CROOKWF2,2.222756454554954,Baseload
2021-04-04,CROOKWF2,-2.7620304798729407,Baseload
2021-04-11,CROOKWF2,-7.81157945522207,Baseload
2021-04-18,CROOKWF2,-8.81666320101678,Baseload
2021-04-25,CROOKWF2,-6.249329189516544,Baseload
2021-05-02,CROOKWF2,-16.840589075412794,Baseload
2021-05-09,CROOKWF2,-2.948281809289135,Baseload
2021-05-16,CROOKWF2,-10.27075723413492,Baseload
2021-05-23,CROOKWF2,-33.26090544128465,Baseload
2021-05-30,CROOKWF2,-34.85336865988026,Baseload
2021-06-06,CROOKWF2,-64.88959141545527,Baseload
2021-06-13,CROOKWF2,-66.41851582745466,Baseload
2021-06-20,CROOKWF2,-90.07818468201354,Baseload
2021-06-27,CROOKWF2,-32.97779888334135,Baseload
2021-07-04,CROOKWF2,-6.136010782527464,Baseload
2021-07-11,CROOKWF2,-48.861227673443636,Baseload
2021-07-18,CROOKWF2,-31.398079006746727,Baseload
2021-07-25,CROOKWF2,-45.84517502616673,Baseload
2021-08-01,CROOKWF2,-3.7442288700688238,Baseload
2021-08-08,CROOKWF2,-4.641412301428581,Baseload
2021-08-15,CROOKWF2,-6.181196462958248,Baseload
2021-08-22,CROOKWF2,-17.7304041572849,Baseload
2021-08-29,CROOKWF2,-4.792951778157985,Baseload
2021-09-05,CROOKWF2,0.7475021497772474,Baseload
2021-09-12,CROOKWF2,-7.9108401263903225,Baseload
2021-09-19,CROOKWF2,-8.797205703076983,Baseload
2021-09-26,CROOKWF2,-4.371813054671378,Baseload
2021-10-03,CROOKWF2,-6.607980862853729,Baseload
2021-10-10,CROOKWF2,-7.583048685085341,Baseload
2021-10-17,CROOKWF2,-1.707844369220652,Baseload
2021-10-24,CROOKWF2,-9.739187631460517,Baseload
2021-10-31,CROOKWF2,-0.14875927506791697,Baseload
2021-11-07,CROOKWF2,-1.8169482047192247,Baseload
2021-11-14,CROOKWF2,-14.0600113931226,Baseload
2021-11-21,CROOKWF2,-2.8392702855944663,Baseload
2021-11-28,CROOKWF2,-2.62043738733756,Baseload
2021-12-05,CROOKWF2,-13.406500360935425,Baseload
2021-12-12,CROOKWF2,-2.523677030365633,Baseload
2021-12-19,CROOKWF2,-0.6112795568524234,Baseload
2021-12-26,CROOKWF2,-1.6635489625891182,Baseload
2022-01-02,CROOKWF2,5.152990399754941,Baseload
2022-01-09,CROOKWF2,0.784907648485671,Baseload
2022-01-16,CROOKWF2,-4.289433379316677,Baseload
2022-01-23,CROOKWF2,-6.501945015772513,Baseload
2022-01-30,CROOKWF2,0.6554803371443114,Baseload
2022-02-06,CROOKWF2,-19.578536503100615,Baseload
2022-02-13,CROOKWF2,-1.351223273938217,Baseload
2022-02-20,CROOKWF2,-8.011973605757873,Baseload
2022-02-27,CROOKWF2,-2.716265787034615,Baseload
2022-03-06,CROOKWF2,-3.203036235352158,Baseload
2022-03-13,CROOKWF2,-0.1830154508683961,Baseload
2022-03-20,CROOKWF2,-2.516603804229703,Baseload
2022-03-27,CROOKWF2,-4.1527157315378105,Baseload
2022-04-03,CROOKWF2,-2.829151078661681,Baseload
2022-04-10,CROOKWF2,-0.3023268536329624,Baseload
2022-04-17,CROOKWF2,14.772395141918935,Baseload
2022-04-24,CROOKWF2,-2.878478502484171,Baseload
2022-05-01,CROOKWF2,-2.217451291349704,Baseload
2022-05-08,CROOKWF2,-114.9216577050837,Baseload
2022-05-15,CROOKWF2,-6.52271230208089,Baseload
2022-05-22,CROOKWF2,-25.9696082661834,Baseload
2022-05-29,CROOKWF2,0.991191002878054,Baseload
2022-06-05,CROOKWF2,-66.36128860955705,Baseload
2022-06-12,CROOKWF2,-11.535765433572692,Baseload
2022-06-19,CROOKWF2,-17.878497294628517,Baseload
2022-06-26,CROOKWF2,1.7658504251512568,Baseload
2022-07-03,CROOKWF2,-43.27241885900594,Baseload
2022-07-10,CROOKWF2,-16.585060007625145,Baseload
2022-07-17,CROOKWF2,-136.690753882225,Baseload
2022-07-24,CROOKWF2,-9.628067505159663,Baseload
2022-07-31,CROOKWF2,-14.355240132548744,Baseload
2022-08-07,CROOKWF2,-14.435865862724924,Baseload
2022-08-14,CROOKWF2,-37.428074171929296,Baseload
2022-08-21,CROOKWF2,-14.776857555090174,Baseload
2022-08-28,CROOKWF2,-11.38479307628603,Baseload
2022-09-04,CROOKWF2,-12.462551922588148,Baseload
2022-09-11,CROOKWF2,-24.968017668674293,Baseload
2022-09-18,CROOKWF2,-24.988588756861304,Baseload
2022-09-25,CROOKWF2,-6.4614930746232915,Baseload
2022-10-02,CROOKWF2,-14.056608494377429,Baseload
2022-10-09,CROOKWF2,-0.8794294906953724,Baseload
2022-10-16,CROOKWF2,-4.55010070850642,Baseload
2022-10-23,CROOKWF2,-1.4646174210410265,Baseload
2022-10-30,CROOKWF2,-7.1132560703098875,Baseload
2022-11-06,CROOKWF2,0.9513993432215813,Baseload
2022-11-13,CROOKWF2,13.279467116083339,Baseload
2022-11-20,CROOKWF2,-22.141627885025727,Baseload
2022-11-27,CROOKWF2,-13.354392975964032,Baseload
2022-12-04,CROOKWF2,17.606876726013923,Baseload
2022-12-11,CROOKWF2,-8.00916251635418,Baseload
2022-12-18,CROOKWF2,6.5334456829207,Baseload
2022-12-25,CROOKWF2,9.066187552512176,Baseload
2023-01-01,CROOKWF2,3.0542246704548575,Baseload
2023-01-08,CROOKWF2,4.63341418856281,Baseload
2023-01-15,CROOKWF2,6.694188021971911,Baseload
2023-01-22,CROOKWF2,0.821583862840896,Baseload
2023-01-29,CROOKWF2,-6.0012585307824935,Baseload
2023-02-05,CROOKWF2,-20.239702866812237,Baseload
2023-02-12,CROOKWF2,-9.36508652221005,Baseload
2023-02-19,CROOKWF2,0.2997021994598583,Baseload
2023-02-26,CROOKWF2,-8.915491216084277,Baseload
2023-03-05,CROOKWF2,0.3986676828034774,Baseload
2023-03-12,CROOKWF2,-7.558009296962183,Baseload
2023-03-19,CROOKWF2,17.556985111034436,Baseload
2023-03-26,CROOKWF2,-4.1575577973754605,Baseload
2023-04-02,CROOKWF2,-14.173025782890221,Baseload
2023-04-09,CROOKWF2,-41.87960362060423,Baseload
2023-04-16,CROOKWF2,-11.298891218218003,Baseload
2023-04-23,CROOKWF2,2.297202896728436,Baseload
2023-04-30,CROOKWF2,-10.390062258586454,Baseload
2023-05-07,CROOKWF2,-18.364384128381232,Baseload
2023-05-14,CROOKWF2,-17.61147705672957,Baseload
2023-05-21,CROOKWF2,-19.82141184622685,Baseload
2023-05-28,CROOKWF2,-61.49161116615326,Baseload
2023-06-04,CROOKWF2,-24.393103892855123,Baseload
2023-06-11,CROOKWF2,-5.299927593738303,Baseload
2023-06-18,CROOKWF2,-9.287820034018353,Baseload
2023-06-25,CROOKWF2,-26.080553054108464,Baseload
2023-07-02,CROOKWF2,-9.441103653235814,Baseload
2023-07-09,CROOKWF2,-31.251295247572962,Baseload
2023-07-16,CROOKWF2,-12.729128155916577,Baseload
2023-07-23,CROOKWF2,-5.660452440056076,Baseload
2023-07-30,CROOKWF2,-21.122339285204234,Baseload
2023-08-06,CROOKWF2,-28.126540811261847,Baseload
2023-08-13,CROOKWF2,-9.859705741677686,Baseload
2023-08-20,CROOKWF2,-46.824891349322684,Baseload
2023-08-27,CROOKWF2,9.824243771570181,Baseload
2023-09-03,CROOKWF2,-4.122142510434358,Baseload
2023-09-10,CROOKWF2,-19.394290609658036,Baseload
2023-09-17,CROOKWF2,-30.72741839865182,Baseload
2023-09-24,CROOKWF2,-1.5384757270399518,Baseload
2023-10-01,CROOKWF2,-27.211745479405366,Baseload
2023-10-08,CROOKWF2,5.692641904771797,Baseload
2023-10-15,CROOKWF2,-16.033379374858306,Baseload
2023-10-22,CROOKWF2,-15.403064630952255,Baseload
2023-10-29,CROOKWF2,-2.7315865367371757,Baseload
2023-11-05,CROOKWF2,-8.370675459263161,Baseload
2023-11-12,CROOKWF2,-40.43247880863447,Baseload
2023-11-19,CROOKWF2,1.2355545943369322,Baseload
2023-11-26,CROOKWF2,-9.470248857555802,Baseload
2023-12-03,CROOKWF2,-5.697930699216641,Baseload
2023-12-10,CROOKWF2,-7.589584040523164,Baseload
2023-12-17,CROOKWF2,9.300756329320478,Baseload
2023-12-24,CROOKWF2,-0.6602063198190038,Baseload
2023-12-31,CROOKWF2,-4.481482774329159,Baseload
2024-01-07,CROOKWF2,4.017517134535687,Baseload
2024-01-14,CROOKWF2,-2.4205529203600094,Baseload
2024-01-21,CROOKWF2,25.733088104228443,Baseload
2024-01-28,CROOKWF2,1.327412906281694,Baseload
2024-02-04,CROOKWF2,-20.818939375129318,Baseload
2024-02-11,CROOKWF2,-19.521644189678952,Baseload
2024-02-18,CROOKWF2,0.3289126070258135,Baseload
2024-02-25,CROOKWF2,-2.0102800654855315,Baseload
2024-03-03,CROOKWF2,-97.30240659495634,Baseload
2024-03-10,CROOKWF2,7.221448957895603,Baseload
2024-03-17,CROOKWF2,-4.983185367607348,Baseload
2024-03-24,CROOKWF2,-6.240354597861625,Baseload
2024-03-31,CROOKWF2,1.7503616247334008,Baseload
2024-04-07,CROOKWF2,-5.387578012557171,Baseload
2024-04-14,CROOKWF2,23.443229894244396,Baseload
2024-04-21,CROOKWF2,,Baseload
2024-04-28,CROOKWF2,,Baseload
2024-05-05,CROOKWF2,,Baseload
2024-05-12,CROOKWF2,,Baseload
2024-05-19,CROOKWF2,,Baseload
2024-05-26,CROOKWF2,-18.220927075846078,Baseload
2024-06-02,CROOKWF2,-1.4210854715202004e-14,Baseload
2024-06-09,CROOKWF2,0.0,Baseload
2024-06-16,CROOKWF2,0.0,Baseload
2024-06-23,CROOKWF2,0.052059095590124116,Baseload
2024-06-30,CROOKWF2,-1.4210854715202004e-14,Baseload
2024-07-07,CROOKWF2,-2.842170943040401e-14,Baseload
2024-07-14,CROOKWF2,0.0,Baseload
2024-07-21,CROOKWF2,-1.4210854715202004e-14,Baseload
2024-07-28,CROOKWF2,-4.7918697344656636,Baseload
2024-08-04,CROOKWF2,-62.2403663675054,Baseload
2024-08-11,CROOKWF2,-234.1831833374492,Baseload
2024-08-18,CROOKWF2,-24.788242348431098,Baseload
2024-08-25,CROOKWF2,-4.388270373389602,Baseload
2024-09-01,CROOKWF2,-2.292826956356091,Baseload
2024-09-08,CROOKWF2,6.994972109035601,Baseload
2024-09-15,CROOKWF2,-13.115680906861648,Baseload
2024-09-22,CROOKWF2,-12.011724845463124,Baseload
2024-09-29,CROOKWF2,-14.261579512092013,Baseload
2024-10-06,CROOKWF2,-21.801935929824076,Baseload
2024-10-13,CROOKWF2,-13.868603840931314,Baseload
2024-10-20,CROOKWF2,-8.050790847481508,Baseload
2024-10-27,CROOKWF2,-8.514771598481886,Baseload
2024-11-03,CROOKWF2,-12.775886179201478,Baseload
2024-11-10,CROOKWF2,-128.60894448471822,Baseload
2024-11-17,CROOKWF2,-38.12191931772669,Baseload
2024-11-24,CROOKWF2,-20.970771197687412,Baseload
2024-12-01,CROOKWF2,-93.73869210754702,Baseload
2024-12-08,CROOKWF2,-134.34838224715818,Baseload
2024-12-15,CROOKWF2,-31.001626313675615,Baseload
2024-12-22,CROOKWF2,-0.01895457273614909,Baseload
2024-12-29,CROOKWF2,-6.625027734214587,Baseload
2025-01-05,CROOKWF2,11.380723269574943,Baseload
2020-01-05,GULLRWF1,-21.615247822309414,Baseload
2020-01-12,GULLRWF1,-0.6405697855088022,Baseload
2020-01-19,GULLRWF1,-2.4470125852066857,Baseload
2020-01-26,GULLRWF1,-23.547252479089074,Baseload
2020-02-02,GULLRWF1,-177.09764353168643,Baseload
2020-02-09,GULLRWF1,-1.8654125417509064,Baseload
2020-02-16,GULLRWF1,1.8951834878480938,Baseload
2020-02-23,GULLRWF1,-3.2986686835664116,Baseload
2020-03-01,GULLRWF1,-2.0426789434510297,Baseload
2020-03-08,GULLRWF1,-1.5200283628592715,Baseload
2020-03-15,GULLRWF1,-2.102315474470565,Baseload
2020-03-22,GULLRWF1,-2.1503603832893603,Baseload
2020-03-29,GULLRWF1,-0.9506092163919604,Baseload
2020-04-05,GULLRWF1,-16.93344960367225,Baseload
2020-04-12,GULLRWF1,-3.7552804417307684,Baseload
2020-04-19,GULLRWF1,-4.610825135631181,Baseload
2020-04-26,GULLRWF1,-0.2170012966040602,Baseload
2020-05-03,GULLRWF1,-1.0078784586529608,Baseload
2020-05-10,GULLRWF1,-4.545434249760053,Baseload
2020-05-17,GULLRWF1,1.6435135368782454,Baseload
2020-05-24,GULLRWF1,-1.937069982727948,Baseload
2020-05-31,GULLRWF1,-3.256493555992975,Baseload
2020-06-07,GULLRWF1,-4.476765302689131,Baseload
2020-06-14,GULLRWF1,-21.393415097139247,Baseload
2020-06-21,GULLRWF1,-0.5364132527733858,Baseload
2020-06-28,GULLRWF1,0.4550811847942171,Baseload
2020-07-05,GULLRWF1,-0.7475455045317076,Baseload
2020-07-12,GULLRWF1,0.14848704366602306,Baseload
2020-07-19,GULLRWF1,-4.294001727216603,Baseload
2020-07-26,GULLRWF1,-11.130534833837594,Baseload
2020-08-02,GULLRWF1,-0.647748705189997,Baseload
2020-08-09,GULLRWF1,-0.5110919570469648,Baseload
2020-08-16,GULLRWF1,-4.442696028395012,Baseload
2020-08-23,GULLRWF1,0.13486100829429404,Baseload
2020-08-30,GULLRWF1,3.904489220117327,Baseload
2020-09-06,GULLRWF1,-4.13275130574138,Baseload
2020-09-13,GULLRWF1,-1.9165543351957623,Baseload
2020-09-20,GULLRWF1,0.5629898144902583,Baseload
2020-09-27,GULLRWF1,-2.04507008736428,Baseload
2020-10-04,GULLRWF1,-4.210644765605878,Baseload
2020-10-11,GULLRWF1,-15.50945547568746,Baseload
2020-10-18,GULLRWF1,-2.2536305378096415,Baseload
2020-10-25,GULLRWF1,-25.541553489655477,Baseload
2020-11-01,GULLRWF1,1.8698561924986592,Baseload
2020-11-08,GULLRWF1,-3.068125442386126,Baseload
2020-11-15,GULLRWF1,-3.300629622443658,Baseload
2020-11-22,GULLRWF1,-18.65394734597359,Baseload
2020-11-29,GULLRWF1,-10.56850399739178,Baseload
2020-12-06,GULLRWF1,-5.900207492993182,Baseload
2020-12-13,GULLRWF1,-1.6094372632655478,Baseload
2020-12-20,GULLRWF1,-107.14863116907613,Baseload
2020-12-27,GULLRWF1,-1.6903543317553655,Baseload
2021-01-03,GULLRWF1,0.0889923376651538,Baseload
2021-01-10,GULLRWF1,-0.2255042432766956,Baseload
2021-01-17,GULLRWF1,0.38169986471227446,Baseload
2021-01-24,GULLRWF1,-2.5375938838519403,Baseload
2021-01-31,GULLRWF1,-0.9711837767530298,Baseload
2021-02-07,GULLRWF1,-0.00390875721006978,Baseload
2021-02-14,GULLRWF1,-0.983796877752539,Baseload
2021-02-21,GULLRWF1,-0.7301578138612754,Baseload
2021-02-28,GULLRWF1,-1.2090156206183806,Baseload
2021-03-07,GULLRWF1,1.56584737958498,Baseload
2021-03-14,GULLRWF1,-2.5575301373721118,Baseload
2021-03-21,GULLRWF1,0.3445311609530961,Baseload
2021-03-28,GULLRWF1,0.08603736572197107,Baseload
2021-04-04,GULLRWF1,-2.7476509239356055,Baseload
2021-04-11,GULLRWF1,-7.355783941555398,Baseload
2021-04-18,GULLRWF1,-9.091123925583602,Baseload
2021-04-25,GULLRWF1,0.43490082203393854,Baseload
2021-05-02,GULLRWF1,-20.84847468810988,Baseload
2021-05-09,GULLRWF1,-3.2248339929052605,Baseload
2021-05-16,GULLRWF1,-11.075078659896086,Baseload
2021-05-23,GULLRWF1,-36.93334577863442,Baseload
2021-05-30,GULLRWF1,-51.85209804072426,Baseload
2021-06-06,GULLRWF1,-50.04068881962908,Baseload
2021-06-13,GULLRWF1,-47.60781728468112,Baseload
2021-06-20,GULLRWF1,-89.74825618957009,Baseload
2021-06-27,GULLRWF1,-33.475907425255215,Baseload
2021-07-04,GULLRWF1,-5.958872037918184,Baseload
2021-07-11,GULLRWF1,-61.56776442087968,Baseload
2021-07-18,GULLRWF1,-29.99964814216935,Baseload
2021-07-25,GULLRWF1,-52.34589559563378,Baseload
2021-08-01,GULLRWF1,-2.297478533028105,Baseload
2021-08-08,GULLRWF1,-3.1442515547279584,Baseload
2021-08-15,GULLRWF1,-6.019435852742369,Baseload
2021-08-22,GULLRWF1,-15.14869129118481,Baseload
2021-08-29,GULLRWF1,-4.920815488317913,Baseload
2021-09-05,GULLRWF1,0.5418453667494632,Baseload
2021-09-12,GULLRWF1,-5.334254739743503,Baseload
2021-09-19,GULLRWF1,-9.677723978476315,Baseload
2021-09-26,GULLRWF1,-3.793870334632281,Baseload
2021-10-03,GULLRWF1,-7.682485583337687,Baseload
2021-10-10,GULLRWF1,-6.810843761374063,Baseload
2021-10-17,GULLRWF1,-1.5924482049626505,Baseload
2021-10-24,GULLRWF1,-8.246110774769278,Baseload
2021-10-31,GULLRWF1,1.0929998735419133,Baseload
2021-11-07,GULLRWF1,-2.0987752639786237,Baseload
2021-11-14,GULLRWF1,-14.343780723697307,Baseload
2021-11-21,GULLRWF1,-7.368423827799425,Baseload
2021-11-28,GULLRWF1,-1.3166382276116622,Baseload
2021-12-05,GULLRWF1,-16.031725173334117,Baseload
2021-12-12,GULLRWF1,-1.5969111523063333,Baseload
2021-12-19,GULLRWF1,-2.388530293811641,Baseload
2021-12-26,GULLRWF1,2.9832086095300383,Baseload
2022-01-02,GULLRWF1,-1.160395982565774,Baseload
2022-01-09,GULLRWF1,-0.18962544725408748,Baseload
2022-01-16,GULLRWF1,-3.1606414651640193,Baseload
2022-01-23,GULLRWF1,-6.5129988421158345,Baseload
2022-01-30,GULLRWF1,-0.7482797482603587,Baseload
2022-02-06,GULLRWF1,-20.666664435384064,Baseload
2022-02-13,GULLRWF1,-2.2978438121141096,Baseload
2022-02-20,GULLRWF1,-9.563215797452344,Baseload
2022-02-27,GULLRWF1,-3.6221427968910547,Baseload
2022-03-06,GULLRWF1,-3.4223725858227,Baseload
2022-03-13,GULLRWF1,-0.8101150195529954,Baseload
2022-03-20,GULLRWF1,-4.054346147398661,Baseload
2022-03-27,GULLRWF1,-3.5002993207723705,Baseload
2022-04-03,GULLRWF1,-0.3535053620061035,Baseload
2022-04-10,GULLRWF1,-2.9596578282776136,Baseload
2022-04-17,GULLRWF1,12.046061087275717,Baseload
2022-04-24,GULLRWF1,-8.872383142926083,Baseload
2022-05-01,GULLRWF1,-4.811909883417798,Baseload
2022-05-08,GULLRWF1,-129.35725867612848,Baseload
2022-05-15,GULLRWF1,-12.018742421730849,Baseload
2022-05-22,GULLRWF1,-17.90465640922764,Baseload
2022-05-29,GULLRWF1,-3.7634009725605324,Baseload
2022-06-05,GULLRWF1,-59.75100069478134,Baseload
2022-06-12,GULLRWF1,-5.176398559049119,Baseload
2022-06-19,GULLRWF1,-10.74631100644649,Baseload
2022-06-26,GULLRWF1,1.566616629896373,Baseload
2022-07-03,GULLRWF1,-41.5030036943524,Baseload
2022-07-10,GULLRWF1,-13.137115201569259,Baseload
2022-07-17,GULLRWF1,-143.57112424425299,Baseload
2022-07-24,GULLRWF1,-3.3254582920440043,Baseload
2022-07-31,GULLRWF1,-10.585090110394702,Baseload
2022-08-07,GULLRWF1,-11.922082838692816,Baseload
2022-08-14,GULLRWF1,-37.84754438325663,Baseload
2022-08-21,GULLRWF1,-11.60362448055966,Baseload
2022-08-28,GULLRWF1,-7.415454733588746,Baseload
2022-09-04,GULLRWF1,-10.203573431564223,Baseload
2022-09-11,GULLRWF1,-33.75800884936601,Baseload
2022-09-18,GULLRWF1,-32.564086007040004,Baseload
2022-09-25,GULLRWF1,-4.812045887759666,Baseload
2022-10-02,GULLRWF1,-13.863739836090701,Baseload
2022-10-09,GULLRWF1,-1.785356574265819,Baseload
2022-10-16,GULLRWF1,-11.459789460180076,Baseload
2022-10-23,GULLRWF1,-0.05708502077868616,Baseload
2022-10-30,GULLRWF1,-23.02158422589976,Baseload
2022-11-06,GULLRWF1,46.36945223655712,Baseload
2022-11-13,GULLRWF1,10.533095095048424,Baseload
2022-11-20,GULLRWF1,-25.269825788594005,Baseload
2022-11-27,GULLRWF1,-9.409166237081962,Baseload
2022-12-04,GULLRWF1,14.260990671754286,Baseload
2022-12-11,GULLRWF1,-8.721093649524505,Baseload
2022-12-18,GULLRWF1,10.600662275360293,Baseload
2022-12-25,GULLRWF1,4.390811538084947,Baseload
2023-01-01,GULLRWF1,4.0842919301035465,Baseload
2023-01-08,GULLRWF1,4.282806118997556,Baseload
2023-01-15,GULLRWF1,4.029307747507914,Baseload
2023-01-22,GULLRWF1,-0.2344846115034187,Baseload
2023-01-29,GULLRWF1,-7.422774298182745,Baseload
2023-02-05,GULLRWF1,-21.08835896975927,Baseload
2023-02-12,GULLRWF1,-12.893348540807224,Baseload
2023-02-19,GULLRWF1,-3.524965940863666,Baseload
2023-02-26,GULLRWF1,-8.583982238955727,Baseload
2023-03-05,GULLRWF1,1.3675675370935068,Baseload
2023-03-12,GULLRWF1,-8.056407518243617,Baseload
2023-03-19,GULLRWF1,9.524679884107513,Baseload
2023-03-26,GULLRWF1,-9.191245578136716,Baseload
2023-04-02,GULLRWF1,-16.233683912609678,Baseload
2023-04-09,GULLRWF1,-48.432333235655385,Baseload
2023-04-16,GULLRWF1,-9.45763839688108,Baseload
2023-04-23,GULLRWF1,-1.0646795519332102,Baseload
2023-04-30,GULLRWF1,-11.761743865320454,Baseload
2023-05-07,GULLRWF1,-20.84151736466677,Baseload
2023-05-14,GULLRWF1,-15.932729216815687,Baseload
2023-05-21,GULLRWF1,-20.951954843864797,Baseload
2023-05-28,GULLRWF1,-62.08368258119694,Baseload
2023-06-04,GULLRWF1,-1.2105649342490779,Baseload
2023-06-11,GULLRWF1,-7.665018284257613,Baseload
2023-06-18,GULLRWF1,-10.976425909591882,Baseload
2023-06-25,GULLRWF1,-31.55188377518874,Baseload
2023-07-02,GULLRWF1,-7.995696214888554,Baseload
2023-07-09,GULLRWF1,-32.44870350251691,Baseload
2023-07-16,GULLRWF1,-12.085218306064675,Baseload
2023-07-23,GULLRWF1,-3.2812263372751005,Baseload
2023-07-30,GULLRWF1,-21.25516260127354,Baseload
2023-08-06,GULLRWF1,-20.87710074221536,Baseload
2023-08-13,GULLRWF1,-12.466222837695042,Baseload
2023-08-20,GULLRWF1,-49.048929984633375,Baseload
2023-08-27,GULLRWF1,12.435806926471642,Baseload
2023-09-03,GULLRWF1,-1.018016574962715,Baseload
2023-09-10,GULLRWF1,-16.282873799592075,Baseload
2023-09-17,GULLRWF1,-23.405400039449106,Baseload
2023-09-24,GULLRWF1,-0.8712330461516515,Baseload
2023-10-01,GULLRWF1,-23.266707099888606,Baseload
2023-10-08,GULLRWF1,2.397158469951627,Baseload
2023-10-15,GULLRWF1,-16.445248340642507,Baseload
2023-10-22,GULLRWF1,-14.024453240158465,Baseload
2023-10-29,GULLRWF1,-7.134143975156512,Baseload
2023-11-05,GULLRWF1,-7.771033174976054,Baseload
2023-11-12,GULLRWF1,-49.02296763567469,Baseload
2023-11-19,GULLRWF1,0.588490954335839,Baseload
2023-11-26,GULLRWF1,-11.04742361392475,Baseload
2023-12-03,GULLRWF1,-5.135342427152182,Baseload
2023-12-10,GULLRWF1,-12.71178584724612,Baseload
2023-12-17,GULLRWF1,-0.9821238496916749,Baseload
2023-12-24,GULLRWF1,-2.0816170779605514,Baseload
2023-12-31,GULLRWF1,-10.837235239825677,Baseload
2024-01-07,GULLRWF1,0.12656790829334597,Baseload
2024-01-14,GULLRWF1,-8.495332920803172,Baseload
2024-01-21,GULLRWF1,18.106669978508364,Baseload
2024-01-28,GULLRWF1,-3.7304959487341165,Baseload
2024-02-04,GULLRWF1,-23.786687671718084,Baseload
2024-02-11,GULLRWF1,-22.430025330176953,Baseload
2024-02-18,GULLRWF1,-2.8437430898108005,Baseload
2024-02-25,GULLRWF1,-12.595388982163982,Baseload
2024-03-03,GULLRWF1,-122.9385853684207,Baseload
2024-03-10,GULLRWF1,1.3427573062284068,Baseload
2024-03-17,GULLRWF1,-6.989989297027208,Baseload
2024-03-24,GULLRWF1,-7.6785193536372205,Baseload
2024-03-31,GULLRWF1,2.3794051251220623,Baseload
2024-04-07,GULLRWF1,-4.400122116441537,Baseload
2024-04-14,GULLRWF1,-5.158354566407169,Baseload
2024-04-21,GULLRWF1,-13.92227940659825,Baseload
2024-04-28,GULLRWF1,-11.795393831481817,Baseload
2024-05-05,GULLRWF1,-32.3676010420981,Baseload
2024-05-12,GULLRWF1,-581.0288215266457,Baseload
2024-05-19,GULLRWF1,-12.42767068734885,Baseload
2024-05-26,GULLRWF1,-16.588174432944555,Baseload
2024-06-02,GULLRWF1,-18.697453841319927,Baseload
2024-06-09,GULLRWF1,-9.939808270863765,Baseload
2024-06-16,GULLRWF1,-46.82009137517207,Baseload
2024-06-23,GULLRWF1,0.36060773428471293,Baseload
2024-06-30,GULLRWF1,-17.507126454633564,Baseload
2024-07-07,GULLRWF1,-2.87670885233058,Baseload
2024-07-14,GULLRWF1,-15.766569614840648,Baseload
2024-07-21,GULLRWF1,-10.10807906108856,Baseload
2024-07-28,GULLRWF1,-2.1887738349175123,Baseload
2024-08-04,GULLRWF1,-26.00805532277562,Baseload
2024-08-11,GULLRWF1,-227.47560057802647,Baseload
2024-08-18,GULLRWF1,-34.27498829593567,Baseload
2024-08-25,GULLRWF1,-11.270518595520464,Baseload
2024-09-01,GULLRWF1,-3.7603547345891215,Baseload
2024-09-08,GULLRWF1,-1.7608213377328426,Baseload
2024-09-15,GULLRWF1,-14.793606188753031,Baseload
2024-09-22,GULLRWF1,-6.4632760873402475,Baseload
2024-09-29,GULLRWF1,-10.698149005511752,Baseload
2024-10-06,GULLRWF1,-26.593302157594096,Baseload
2024-10-13,GULLRWF1,-14.971271094705237,Baseload
2024-10-20,GULLRWF1,3.1302334067815565,Baseload
2024-10-27,GULLRWF1,-8.390165945979888,Baseload
2024-11-03,GULLRWF1,-14.415485521728193,Baseload
2024-11-10,GULLRWF1,157.35690430897233,Baseload
2024-11-17,GULLRWF1,-29.192956015855316,Baseload
2024-11-24,GULLRWF1,-28.618486643838224,Baseload
2024-12-01,GULLRWF1,-78.79139314836706,Baseload
2024-12-08,GULLRWF1,-138.8645012497298,Baseload
2024-12-15,GULLRWF1,-31.007030556189477,Baseload
2024-12-22,GULLRWF1,-3.4631096447707534,Baseload
2024-12-29,GULLRWF1,-10.5120931361996,Baseload
2025-01-05,GULLRWF1,5.878507942724539,Baseload
2020-01-05,GUNNING1,-139.8344500078484,Baseload
2020-01-12,GUNNING1,-0.9616785454117363,Baseload
2020-01-19,GUNNING1,-1.8510816737512314,Baseload
2020-01-26,GUNNING1,16.692826956620593,Baseload
2020-02-02,GUNNING1,-194.00244511365372,Baseload
2020-02-09,GUNNING1,-1.1153749194207734,Baseload
2020-02-16,GUNNING1,1.8294812361248063,Baseload
2020-02-23,GUNNING1,-3.7947352170585162,Baseload
2020-03-01,GUNNING1,-1.6371382103242027,Baseload
2020-03-08,GUNNING1,-3.1895626208798546,Baseload
2020-03-15,GUNNING1,-1.248900868212374,Baseload
2020-03-22,GUNNING1,-1.7752776458599442,Baseload
2020-03-29,GUNNING1,-0.5044688179526133,Baseload
2020-04-05,GUNNING1,-8.60717989235593,Baseload
2020-04-12,GUNNING1,-5.46680432111269,Baseload
2020-04-19,GUNNING1,-4.858556212025562,Baseload
2020-04-26,GUNNING1,-1.4322127651595054,Baseload
2020-05-03,GUNNING1,-2.214702284850773,Baseload
2020-05-10,GUNNING1,-4.878042665177055,Baseload
2020-05-17,GUNNING1,2.2280069084555407,Baseload
2020-05-24,GUNNING1,-2.741786529807939,Baseload
2020-05-31,GUNNING1,-3.112320808563304,Baseload
2020-06-07,GUNNING1,-4.639721330340123,Baseload
2020-06-14,GUNNING1,-22.74918766265568,Baseload
2020-06-21,GUNNING1,0.17405813783776836,Baseload
2020-06-28,GUNNING1,-0.007496190902635647,Baseload
2020-07-05,GUNNING1,-0.691005288951672,Baseload
2020-07-12,GUNNING1,-1.8560684834734218,Baseload
2020-07-19,GUNNING1,-6.75094054713982,Baseload
2020-07-26,GUNNING1,-11.399177096459134,Baseload
2020-08-02,GUNNING1,-0.7501759604237037,Baseload
2020-08-09,GUNNING1,-0.19805244193126015,Baseload
2020-08-16,GUNNING1,-4.58573262940029,Baseload
2020-08-23,GUNNING1,-0.09792354131804615,Baseload
2020-08-30,GUNNING1,-6.357925211333971,Baseload
2020-09-06,GUNNING1,-3.935250746439607,Baseload
2020-09-13,GUNNING1,-0.9241220092868332,Baseload
2020-09-20,GUNNING1,-0.6888991653024732,Baseload
2020-09-27,GUNNING1,-2.4038481806106304,Baseload
2020-10-04,GUNNING1,-3.681609950735755,Baseload
2020-10-11,GUNNING1,-12.379581824216473,Baseload
2020-10-18,GUNNING1,-0.5278432616476394,Baseload
2020-10-25,GUNNING1,-22.50505770705756,Baseload
2020-11-01,GUNNING1,1.479193821320841,Baseload
2020-11-08,GUNNING1,-4.022018371541378,Baseload
2020-11-15,GUNNING1,-3.346914673866358,Baseload
2020-11-22,GUNNING1,19.82009626864877,Baseload
2020-11-29,GUNNING1,-11.798708857199394,Baseload
2020-12-06,GUNNING1,1.5054879969810315,Baseload
2020-12-13,GUNNING1,-1.6803338780314547,Baseload
2020-12-20,GUNNING1,-105.69807369065853,Baseload
2020-12-27,GUNNING1,-1.3323586152230007,Baseload
2021-01-03,GUNNING1,0.6229525994631828,Baseload
2021-01-10,GUNNING1,-0.19352408781909247,Baseload
2021-01-17,GUNNING1,1.1953545112576833,Baseload
2021-01-24,GUNNING1,-2.76100356861091,Baseload
2021-01-31,GUNNING1,-1.2714961793558217,Baseload
2021-02-07,GUNNING1,0.2494452677475536,Baseload
2021-02-14,GUNNING1,-0.9553391348484155,Baseload
2021-02-21,GUNNING1,-0.3497520921812054,Baseload
2021-02-28,GUNNING1,-1.0877019307684677,Baseload
2021-03-07,GUNNING1,1.4489861597819882,Baseload
2021-03-14,GUNNING1,-1.9805845398044184,Baseload
2021-03-21,GUNNING1,0.214578930775275,Baseload
2021-03-28,GUNNING1,2.4829807644026687,Baseload
2021-04-04,GUNNING1,-1.5832234392598323,Baseload
2021-04-11,GUNNING1,-5.273737306968634,Baseload
2021-04-18,GUNNING1,-7.973530568604673,Baseload
2021-04-25,GUNNING1,-3.4187222664407813,Baseload
2021-05-02,GUNNING1,-21.824961068324377,Baseload
2021-05-09,GUNNING1,-3.0993888133233085,Baseload
2021-05-16,GUNNING1,-7.894351844036606,Baseload
2021-05-23,GUNNING1,-52.619043180392936,Baseload
2021-05-30,GUNNING1,-51.46053800299457,Baseload
2021-06-06,GUNNING1,-39.92045581808381,Baseload
2021-06-13,GUNNING1,-25.193991491918126,Baseload
2021-06-20,GUNNING1,-87.72589623423646,Baseload
2021-06-27,GUNNING1,-29.565226597106033,Baseload
2021-07-04,GUNNING1,-8.727874049463438,Baseload
2021-07-11,GUNNING1,-62.46042042833582,Baseload
2021-07-18,GUNNING1,-6.637332788677426,Baseload
2021-07-25,GUNNING1,-60.179596902881116,Baseload
2021-08-01,GUNNING1,-2.3665007655852364,Baseload
2021-08-08,GUNNING1,0.7594480517795006,Baseload
2021-08-15,GUNNING1,-4.241614172446326,Baseload
2021-08-22,GUNNING1,-15.12083592612123,Baseload
2021-08-29,GUNNING1,-5.032306086408511,Baseload
2021-09-05,GUNNING1,1.278858234763618,Baseload
2021-09-12,GUNNING1,-6.205370588755027,Baseload
2021-09-19,GUNNING1,-5.140021605847338,Baseload
2021-09-26,GUNNING1,-5.064783285089007,Baseload
2021-10-03,GUNNING1,-9.853164496232601,Baseload
2021-10-10,GUNNING1,-4.643498194234674,Baseload
2021-10-17,GUNNING1,-2.411861780794922,Baseload
2021-10-24,GUNNING1,-7.158238405346097,Baseload
2021-10-31,GUNNING1,4.514118055217395,Baseload
2021-11-07,GUNNING1,-2.4357230721455494,Baseload
2021-11-14,GUNNING1,-12.510765349865906,Baseload
2021-11-21,GUNNING1,-2.271479084261969,Baseload
2021-11-28,GUNNING1,-7.270704188813795,Baseload
2021-12-05,GUNNING1,-11.613095246112884,Baseload
2021-12-12,GUNNING1,1.6826901722233742,Baseload
2021-12-19,GUNNING1,-0.3989812077738293,Baseload
2021-12-26,GUNNING1,1.3437596650997676,Baseload
2022-01-02,GUNNING1,-1.4230599374394757,Baseload
2022-01-09,GUNNING1,-0.023499852455543646,Baseload
2022-01-16,GUNNING1,-1.3854327189357605,Baseload
2022-01-23,GUNNING1,-5.615027322670606,Baseload
2022-01-30,GUNNING1,0.06856982946189305,Baseload
2022-02-06,GUNNING1,-16.69941176117331,Baseload
2022-02-13,GUNNING1,-1.6406365336515591,Baseload
2022-02-20,GUNNING1,-10.235089778794844,Baseload
2022-02-27,GUNNING1,-8.177846415995575,Baseload
2022-03-06,GUNNING1,-2.961447802518876,Baseload
2022-03-13,GUNNING1,1.6533320194184284,Baseload
2022-03-20,GUNNING1,-1.0067938171309976,Baseload
2022-03-27,GUNNING1,-1.6441587051330657,Baseload
2022-04-03,GUNNING1,-2.818002753443153,Baseload
2022-04-10,GUNNING1,-0.4715898046344478,Baseload
2022-04-17,GUNNING1,14.663082645049258,Baseload
2022-04-24,GUNNING1,-6.684529801208527,Baseload
2022-05-01,GUNNING1,-2.3366648231874194,Baseload
2022-05-08,GUNNING1,-86.58313922423628,Baseload
2022-05-15,GUNNING1,-12.954208822795863,Baseload
2022-05-22,GUNNING1,-12.837024228333462,Baseload
2022-05-29,GUNNING1,-6.127571988722309,Baseload
2022-06-05,GUNNING1,-62.493071491799185,Baseload
2022-06-12,GUNNING1,-8.302803461877431,Baseload
2022-06-19,GUNNING1,8.49548635721203,Baseload
2022-06-26,GUNNING1,6.009006387128466,Baseload
2022-07-03,GUNNING1,-38.84226012206682,Baseload
2022-07-10,GUNNING1,-12.057465860319951,Baseload
2022-07-17,GUNNING1,-142.14882859047447,Baseload
2022-07-24,GUNNING1,1.4767131551055286,Baseload
2022-07-31,GUNNING1,-11.392182880228603,Baseload
2022-08-07,GUNNING1,-11.651076027537371,Baseload
2022-08-14,GUNNING1,-34.69362941216258,Baseload
2022-08-21,GUNNING1,-13.027220716196382,Baseload
2022-08-28,GUNNING1,-8.038503306436525,Baseload
2022-09-04,GUNNING1,-4.891629737322489,Baseload
2022-09-11,GUNNING1,-14.1778921642059,Baseload
2022-09-18,GUNNING1,-27.291058954961272,Baseload
2022-09-25,GUNNING1,1.786633404396781,Baseload
2022-10-02,GUNNING1,-9.331163666383304,Baseload
2022-10-09,GUNNING1,-4.558536852931212,Baseload
2022-10-16,GUNNING1,-33.009714456127085,Baseload
2022-10-23,GUNNING1,-2.5815306347274998,Baseload
2022-10-30,GUNNING1,233.73512613486457,Baseload
2022-11-06,GUNNING1,349.2816803856128,Baseload
2022-11-13,GUNNING1,17.98643444718911,Baseload
2022-11-20,GUNNING1,-19.000001171727376,Baseload
2022-11-27,GUNNING1,-0.5273863905198652,Baseload
2022-12-04,GUNNING1,17.12581320172346,Baseload
2022-12-11,GUNNING1,-6.7483017854971195,Baseload
2022-12-18,GUNNING1,9.880867321182649,Baseload
2022-12-25,GUNNING1,8.94013214069659,Baseload
2023-01-01,GUNNING1,10.496646319196373,Baseload
2023-01-08,GUNNING1,6.512926723425537,Baseload
2023-01-15,GUNNING1,10.27465729193598,Baseload
2023-01-22,GUNNING1,-0.05908411027418481,Baseload
2023-01-29,GUNNING1,-3.477850125788237,Baseload
2023-02-05,GUNNING1,-10.991889343690687,Baseload
2023-02-12,GUNNING1,-5.070450880674102,Baseload
2023-02-19,GUNNING1,-0.32304861534558427,Baseload
2023-02-26,GUNNING1,-7.9685709521695,Baseload
2023-03-05,GUNNING1,3.234984035163876,Baseload
2023-03-12,GUNNING1,-7.715797364012204,Baseload
2023-03-19,GUNNING1,-60.84201797569207,Baseload
2023-03-26,GUNNING1,-6.899822424154792,Baseload
2023-04-02,GUNNING1,-11.950252680154648,Baseload
2023-04-09,GUNNING1,-29.241354152732995,Baseload
2023-04-16,GUNNING1,-9.696739242977884,Baseload
2023-04-23,GUNNING1,0.8932532560711053,Baseload
2023-04-30,GUNNING1,-17.33740509863962,Baseload
2023-05-07,GUNNING1,-17.847973654845646,Baseload
2023-05-14,GUNNING1,-9.404436845701866,Baseload
2023-05-21,GUNNING1,-6.675555768661553,Baseload
2023-05-28,GUNNING1,2.8644974970459316,Baseload
2023-06-04,GUNNING1,-3.16138488597835,Baseload
2023-06-11,GUNNING1,-6.025166391965968,Baseload
2023-06-18,GUNNING1,-5.3064006620929405,Baseload
2023-06-25,GUNNING1,-12.46166762445219,Baseload
2023-07-02,GUNNING1,-9.277014383036047,Baseload
2023-07-09,GUNNING1,-31.305367329965215,Baseload
2023-07-16,GUNNING1,-10.666653732955368,Baseload
2023-07-23,GUNNING1,-2.8648566603849446,Baseload
2023-07-30,GUNNING1,-15.85910357414663,Baseload
2023-08-06,GUNNING1,-16.203371617177893,Baseload
2023-08-13,GUNNING1,-8.63902141058729,Baseload
2023-08-20,GUNNING1,-35.216954955739894,Baseload
2023-08-27,GUNNING1,12.175764663438017,Baseload
2023-09-03,GUNNING1,-1.4045116961641213,Baseload
2023-09-10,GUNNING1,-19.351298910999922,Baseload
2023-09-17,GUNNING1,-22.5464794391417,Baseload
2023-09-24,GUNNING1,0.6721659651175145,Baseload
2023-10-01,GUNNING1,-17.376627207035604,Baseload
2023-10-08,GUNNING1,1.4684221891881322,Baseload
2023-10-15,GUNNING1,-14.534475175257203,Baseload
2023-10-22,GUNNING1,-8.755088935263089,Baseload
2023-10-29,GUNNING1,8.356896511001942,Baseload
2023-11-05,GUNNING1,-2.865732406599186,Baseload
2023-11-12,GUNNING1,-19.171776585833058,Baseload
2023-11-19,GUNNING1,-4.217686844141326,Baseload
2023-11-26,GUNNING1,-8.230821332895971,Baseload
2023-12-03,GUNNING1,3.32024566785266,Baseload
2023-12-10,GUNNING1,-9.50091653950966,Baseload
2023-12-17,GUNNING1,3.1871214130184455,Baseload
2023-12-24,GUNNING1,-2.3199431648928623,Baseload
2023-12-31,GUNNING1,-11.328728563918126,Baseload
2024-01-07,GUNNING1,1.76643701856149,Baseload
2024-01-14,GUNNING1,-4.238731663160692,Baseload
2024-01-21,GUNNING1,-20.46150351469501,Baseload
2024-01-28,GUNNING1,-1.70884622921416,Baseload
2024-02-04,GUNNING1,-23.673585578364538,Baseload
2024-02-11,GUNNING1,-23.739259710545554,Baseload
2024-02-18,GUNNING1,-2.187779498053871,Baseload
2024-02-25,GUNNING1,-8.114119518160393,Baseload
2024-03-03,GUNNING1,-70.07352650621644,Baseload
2024-03-10,GUNNING1,3.4883423022981788,Baseload
2024-03-17,GUNNING1,-4.329709320018537,Baseload
2024-03-24,GUNNING1,-5.125210644658459,Baseload
2024-03-31,GUNNING1,4.786076570554243,Baseload
2024-04-07,GUNNING1,-2.6620111102296136,Baseload
2024-04-14,GUNNING1,-2.2173691679513468,Baseload
2024-04-21,GUNNING1,-11.623468934961664,Baseload
2024-04-28,GUNNING1,-8.54757051974255,Baseload
2024-05-05,GUNNING1,-12.208667317774001,Baseload
2024-05-12,GUNNING1,-481.86722308267747,Baseload
2024-05-19,GUNNING1,-8.408389560332878,Baseload
2024-05-26,GUNNING1,29.62890149435495,Baseload
2024-06-02,GUNNING1,-19.458836087281682,Baseload
2024-06-09,GUNNING1,-7.95792830298484,Baseload
2024-06-16,GUNNING1,-40.13606885378512,Baseload
2024-06-23,GUNNING1,1.6210677260185662,Baseload
2024-06-30,GUNNING1,-16.292602936552584,Baseload
2024-07-07,GUNNING1,-2.265921360719787,Baseload
2024-07-14,GUNNING1,-13.113038163307493,Baseload
2024-07-21,GUNNING1,-11.206148232086349,Baseload
2024-07-28,GUNNING1,-4.238477866011067,Baseload
2024-08-04,GUNNING1,-21.409176429789454,Baseload
2024-08-11,GUNNING1,-265.52307786908284,Baseload
2024-08-18,GUNNING1,-19.573292314008455,Baseload
2024-08-25,GUNNING1,-7.696856916966311,Baseload
2024-09-01,GUNNING1,-1.4761500298433212,Baseload
2024-09-08,GUNNING1,3.915221242046165,Baseload
2024-09-15,GUNNING1,-9.74110952759402,Baseload
2024-09-22,GUNNING1,-7.0588499779071014,Baseload
2024-09-29,GUNNING1,-10.869826354176809,Baseload
2024-10-06,GUNNING1,-17.87642120345427,Baseload
2024-10-13,GUNNING1,-6.696875576310433,Baseload
2024-10-20,GUNNING1,-5.467802410064991,Baseload
2024-10-27,GUNNING1,0.4981373238537259,Baseload
2024-11-03,GUNNING1,-11.889860949353945,Baseload
2024-11-10,GUNNING1,-148.4557844746928,Baseload
2024-11-17,GUNNING1,-9.874405270359944,Baseload
2024-11-24,GUNNING1,-7.815295742985086,Baseload
2024-12-01,GUNNING1,-53.019028996633494,Baseload
2024-12-08,GUNNING1,-128.3514364452464,Baseload
2024-12-15,GUNNING1,6.3369341439107245,Baseload
2024-12-22,GUNNING1,3.0266694660718656,Baseload
2024-12-29,GUNNING1,-5.418287481413589,Baseload
2025-01-05,GUNNING1,5.760707558574694,Baseload
2020-01-05,SAPHWF1,-218.019846586481,Baseload
2020-01-12,SAPHWF1,-3.3592023278561243,Baseload
2020-01-19,SAPHWF1,-2.3259289844609725,Baseload
2020-01-26,SAPHWF1,8.165366308640202,Baseload
2020-02-02,SAPHWF1,-142.26759578158692,Baseload
2020-02-09,SAPHWF1,0.28947207774053396,Baseload
2020-02-16,SAPHWF1,-4.672594407980796,Baseload
2020-02-23,SAPHWF1,-7.095802806701862,Baseload
2020-03-01,SAPHWF1,-0.8240221709998821,Baseload
2020-03-08,SAPHWF1,-4.594606641195092,Baseload
2020-03-15,SAPHWF1,0.02478317323072332,Baseload
2020-03-22,SAPHWF1,-2.9559366902615167,Baseload
2020-03-29,SAPHWF1,0.29501289712296597,Baseload
2020-04-05,SAPHWF1,-2.224268877432557,Baseload
2020-04-12,SAPHWF1,-2.4361429621033537,Baseload
2020-04-19,SAPHWF1,-5.671886571618856,Baseload
2020-04-26,SAPHWF1,-2.762865229353501,Baseload
2020-05-03,SAPHWF1,-2.3792365509498623,Baseload
2020-05-10,SAPHWF1,-1.0968036304979023,Baseload
2020-05-17,SAPHWF1,0.054617615692990285,Baseload
2020-05-24,SAPHWF1,-0.18953847777257948,Baseload
2020-05-31,SAPHWF1,-2.3291381283312873,Baseload
2020-06-07,SAPHWF1,-4.517195318985692,Baseload
2020-06-14,SAPHWF1,-11.799051378239234,Baseload
2020-06-21,SAPHWF1,1.256877945442831,Baseload
2020-06-28,SAPHWF1,-0.2485144503711112,Baseload
2020-07-05,SAPHWF1,-1.1913683520922618,Baseload
2020-07-12,SAPHWF1,-3.2387348376681686,Baseload
2020-07-19,SAPHWF1,4.577967871898991,Baseload
2020-07-26,SAPHWF1,-6.574248637592525,Baseload
2020-08-02,SAPHWF1,-0.3166631345832869,Baseload
2020-08-09,SAPHWF1,3.0034824731860184,Baseload
2020-08-16,SAPHWF1,-2.0054073512604447,Baseload
2020-08-23,SAPHWF1,1.223132425405474,Baseload
2020-08-30,SAPHWF1,-9.853316866383011,Baseload
2020-09-06,SAPHWF1,-4.066174695554686,Baseload
2020-09-13,SAPHWF1,-0.3821243758840538,Baseload
2020-09-20,SAPHWF1,-1.1850354674657524,Baseload
2020-09-27,SAPHWF1,-2.0382168688808093,Baseload
2020-10-04,SAPHWF1,-0.7855696438817787,Baseload
2020-10-11,SAPHWF1,-12.503398208913914,Baseload
2020-10-18,SAPHWF1,-0.11410880967167714,Baseload
2020-10-25,SAPHWF1,-7.340740752421226,Baseload
2020-11-01,SAPHWF1,-0.39078172110428255,Baseload
2020-11-08,SAPHWF1,-0.8759301074038248,Baseload
2020-11-15,SAPHWF1,-0.36591190810381846,Baseload
2020-11-22,SAPHWF1,-25.72804826460485,Baseload
2020-11-29,SAPHWF1,-9.18165470697059,Baseload
2020-12-06,SAPHWF1,-5.010465083114724,Baseload
2020-12-13,SAPHWF1,-3.87150377202569,Baseload
2020-12-20,SAPHWF1,-105.98343169444931,Baseload
2020-12-27,SAPHWF1,0.22961510058523515,Baseload
2021-01-03,SAPHWF1,0.7986644297730052,Baseload
2021-01-10,SAPHWF1,0.030581491905287805,Baseload
2021-01-17,SAPHWF1,-0.7668853017178563,Baseload
2021-01-24,SAPHWF1,-1.3316350633969876,Baseload
2021-01-31,SAPHWF1,-1.3376235244520203,Baseload
2021-02-07,SAPHWF1,0.3025094409790512,Baseload
2021-02-14,SAPHWF1,-0.3319138162465123,Baseload
2021-02-21,SAPHWF1,-0.05062664600992406,Baseload
2021-02-28,SAPHWF1,-0.851455921983117,Baseload
2021-03-07,SAPHWF1,0.9862897551864691,Baseload
2021-03-14,SAPHWF1,0.23285321995960118,Baseload
2021-03-21,SAPHWF1,-0.5174772985361358,Baseload
2021-03-28,SAPHWF1,7.159112976217813,Baseload
2021-04-04,SAPHWF1,-1.5999601024585104,Baseload
2021-04-11,SAPHWF1,-2.2793791597990705,Baseload
2021-04-18,SAPHWF1,0.9363431090905152,Baseload
2021-04-25,SAPHWF1,4.480875832914009,Baseload
2021-05-02,SAPHWF1,-11.726138467753785,Baseload
2021-05-09,SAPHWF1,-3.4168357580487054,Baseload
2021-05-16,SAPHWF1,-11.20260820844586,Baseload
2021-05-23,SAPHWF1,-54.655579277400136,Baseload
2021-05-30,SAPHWF1,-44.26725984251752,Baseload
2021-06-06,SAPHWF1,-14.221271551411007,Baseload
2021-06-13,SAPHWF1,101.08316242158463,Baseload
2021-06-20,SAPHWF1,-91.0830477658702,Baseload
2021-06-27,SAPHWF1,-21.654021897992138,Baseload
2021-07-04,SAPHWF1,-7.155197084631382,Baseload
2021-07-11,SAPHWF1,-2.3404314913641144,Baseload
2021-07-18,SAPHWF1,-13.236927590924068,Baseload
2021-07-25,SAPHWF1,-18.979077033836177,Baseload
2021-08-01,SAPHWF1,-0.6552384255356571,Baseload
2021-08-08,SAPHWF1,-0.8746347362053868,Baseload
2021-08-15,SAPHWF1,1.8789784688180688,Baseload
2021-08-22,SAPHWF1,8.486026230662247,Baseload
2021-08-29,SAPHWF1,-0.1785377129397432,Baseload
2021-09-05,SAPHWF1,-1.5826095269896143,Baseload
2021-09-12,SAPHWF1,2.9352158313332524,Baseload
2021-09-19,SAPHWF1,3.6190253764341094,Baseload
2021-09-26,SAPHWF1,3.787957511915046,Baseload
2021-10-03,SAPHWF1,0.7517481529268153,Baseload
2021-10-10,SAPHWF1,0.2951319394462004,Baseload
2021-10-17,SAPHWF1,-0.7956373280320719,Baseload
2021-10-24,SAPHWF1,-3.088774334152532,Baseload
2021-10-31,SAPHWF1,-4.640963190986653,Baseload
2021-11-07,SAPHWF1,-1.38771365461227,Baseload
2021-11-14,SAPHWF1,-6.50249130420049,Baseload
2021-11-21,SAPHWF1,-4.234501045835366,Baseload
2021-11-28,SAPHWF1,-2.305495072569258,Baseload
2021-12-05,SAPHWF1,-5.381051449066263,Baseload
2021-12-12,SAPHWF1,2.7216769137884995,Baseload
2021-12-19,SAPHWF1,10.170849517798487,Baseload
2021-12-26,SAPHWF1,0.13269290583758675,Baseload
2022-01-02,SAPHWF1,1.5418104105092567,Baseload
2022-01-09,SAPHWF1,2.583171830697509,Baseload
2022-01-16,SAPHWF1,0.7573373126193985,Baseload
2022-01-23,SAPHWF1,-1.5385990271898393,Baseload
2022-01-30,SAPHWF1,-1.6594495731063716,Baseload
2022-02-06,SAPHWF1,-20.636206845804274,Baseload
2022-02-13,SAPHWF1,-2.417248585815287,Baseload
2022-02-20,SAPHWF1,-3.228367659014637,Baseload
2022-02-27,SAPHWF1,-9.5916054596035,Baseload
2022-03-06,SAPHWF1,-1.707609872958912,Baseload
2022-03-13,SAPHWF1,-7.915409505037587,Baseload
2022-03-20,SAPHWF1,1.744757927950019,Baseload
2022-03-27,SAPHWF1,-3.0728068657684844,Baseload
2022-04-03,SAPHWF1,-12.544900298750036,Baseload
2022-04-10,SAPHWF1,-15.347976265368288,Baseload
2022-04-17,SAPHWF1,-8.988080653754906,Baseload
2022-04-24,SAPHWF1,-11.182440707320296,Baseload
2022-05-01,SAPHWF1,-8.186994768820341,Baseload
2022-05-08,SAPHWF1,-104.07392648022523,Baseload
2022-05-15,SAPHWF1,5.193819986090773,Baseload
2022-05-22,SAPHWF1,17.69198297271808,Baseload
2022-05-29,SAPHWF1,-8.538414196158385,Baseload
2022-06-05,SAPHWF1,-12.128449398607472,Baseload
2022-06-12,SAPHWF1,12.854280966174429,Baseload
2022-06-19,SAPHWF1,-60.580918860573206,Baseload
2022-06-26,SAPHWF1,1.120307317105926,Baseload
2022-07-03,SAPHWF1,33.673441033009055,Baseload
2022-07-10,SAPHWF1,0.948010840486802,Baseload
2022-07-17,SAPHWF1,-42.49817133804356,Baseload
2022-07-24,SAPHWF1,7.8161789891020135,Baseload
2022-07-31,SAPHWF1,-27.612476351666032,Baseload
2022-08-07,SAPHWF1,-5.882740255989049,Baseload
2022-08-14,SAPHWF1,-20.373458540150693,Baseload
2022-08-21,SAPHWF1,13.273561802582037,Baseload
2022-08-28,SAPHWF1,1.516816525820758,Baseload
2022-09-04,SAPHWF1,2.2930910013760695,Baseload
2022-09-11,SAPHWF1,1.294810846466902,Baseload
2022-09-18,SAPHWF1,2.383473551527061,Baseload
2022-09-25,SAPHWF1,22.767502074840024,Baseload
2022-10-02,SAPHWF1,2.086466254308249,Baseload
2022-10-09,SAPHWF1,13.23457358418446,Baseload
2022-10-16,SAPHWF1,16.666412291953293,Baseload
2022-10-23,SAPHWF1,0.5832952166128962,Baseload
2022-10-30,SAPHWF1,0.8453347575428154,Baseload
2022-11-06,SAPHWF1,1.3989295978128524,Baseload
2022-11-13,SAPHWF1,10.63930658045166,Baseload
2022-11-20,SAPHWF1,-17.956662346264935,Baseload
2022-11-27,SAPHWF1,-15.151939720193255,Baseload
2022-12-04,SAPHWF1,7.217499345977473,Baseload
2022-12-11,SAPHWF1,4.521538517770978,Baseload
2022-12-18,SAPHWF1,26.343088786805154,Baseload
2022-12-25,SAPHWF1,16.86240487277665,Baseload
2023-01-01,SAPHWF1,8.076453305474175,Baseload
2023-01-08,SAPHWF1,18.05187356399057,Baseload
2023-01-15,SAPHWF1,9.277049269560635,Baseload
2023-01-22,SAPHWF1,6.310112348643457,Baseload
2023-01-29,SAPHWF1,-0.7958023270164176,Baseload
2023-02-05,SAPHWF1,-8.199111121665837,Baseload
2023-02-12,SAPHWF1,7.248365912119766,Baseload
2023-02-19,SAPHWF1,2.561188227390204,Baseload
2023-02-26,SAPHWF1,2.886633213716209,Baseload
2023-03-05,SAPHWF1,-0.5108136047638681,Baseload
2023-03-12,SAPHWF1,-1.4030602581273257,Baseload
2023-03-19,SAPHWF1,-2.3335029545557973,Baseload
2023-03-26,SAPHWF1,-0.553677320627969,Baseload
2023-04-02,SAPHWF1,-9.869721302743557,Baseload
2023-04-09,SAPHWF1,-27.76180896059067,Baseload
2023-04-16,SAPHWF1,-1.4028159881298734,Baseload
2023-04-23,SAPHWF1,6.611214599962025,Baseload
2023-04-30,SAPHWF1,-24.863424553194108,Baseload
2023-05-07,SAPHWF1,-9.444543822311857,Baseload
2023-05-14,SAPHWF1,3.9680940008886694,Baseload
2023-05-21,SAPHWF1,-28.20411270548027,Baseload
2023-05-28,SAPHWF1,-46.735033944892564,Baseload
2023-06-04,SAPHWF1,-21.743653716662237,Baseload
2023-06-11,SAPHWF1,-4.347794174493075,Baseload
2023-06-18,SAPHWF1,-1.0398431862194997,Baseload
2023-06-25,SAPHWF1,-18.47887957183383,Baseload
2023-07-02,SAPHWF1,2.747962405393224,Baseload
2023-07-09,SAPHWF1,8.476888076916921,Baseload
2023-07-16,SAPHWF1,7.608720832463845,Baseload
2023-07-23,SAPHWF1,7.298559174672931,Baseload
2023-07-30,SAPHWF1,12.425605562495022,Baseload
2023-08-06,SAPHWF1,1.3576301837775162,Baseload
2023-08-13,SAPHWF1,2.438811661640571,Baseload
2023-08-20,SAPHWF1,-34.084670312969024,Baseload
2023-08-27,SAPHWF1,6.957490694338844,Baseload
2023-09-03,SAPHWF1,5.243152164678506,Baseload
2023-09-10,SAPHWF1,-1.413602051788672,Baseload
2023-09-17,SAPHWF1,28.48059099950499,Baseload
2023-09-24,SAPHWF1,6.2742523075133505,Baseload
2023-10-01,SAPHWF1,12.392560210116379,Baseload
2023-10-08,SAPHWF1,10.186383107823211,Baseload
2023-10-15,SAPHWF1,11.516212973353518,Baseload
2023-10-22,SAPHWF1,12.375422338981089,Baseload
2023-10-29,SAPHWF1,0.1571324302421786,Baseload
2023-11-05,SAPHWF1,4.9480552866219725,Baseload
2023-11-12,SAPHWF1,-3.277660265607949,Baseload
2023-11-19,SAPHWF1,1.239217750704853,Baseload
2023-11-26,SAPHWF1,5.343543871303709,Baseload
2023-12-03,SAPHWF1,-3.014277531201749,Baseload
2023-12-10,SAPHWF1,1.2616349624076406,Baseload
2023-12-17,SAPHWF1,3.4893593441023967,Baseload
2023-12-24,SAPHWF1,6.372757752681068,Baseload
2023-12-31,SAPHWF1,-6.070716525036033,Baseload
2024-01-07,SAPHWF1,4.302666274322178,Baseload
2024-01-14,SAPHWF1,7.536186152910119,Baseload
2024-01-21,SAPHWF1,-46.37862962036145,Baseload
2024-01-28,SAPHWF1,1.5981603353432376,Baseload
2024-02-04,SAPHWF1,-16.16426022675624,Baseload
2024-02-11,SAPHWF1,-15.412305864710305,Baseload
2024-02-18,SAPHWF1,3.7965915237696066,Baseload
2024-02-25,SAPHWF1,-18.29901704124086,Baseload
2024-03-03,SAPHWF1,-19.892694678602084,Baseload
2024-03-10,SAPHWF1,1.8436622414265855,Baseload
2024-03-17,SAPHWF1,-1.2365938872042932,Baseload
2024-03-24,SAPHWF1,0.005512516481722685,Baseload
2024-03-31,SAPHWF1,11.50755105949554,Baseload
2024-04-07,SAPHWF1,-1.0131356340017845,Baseload
2024-04-14,SAPHWF1,-1.7472751137555065,Baseload
2024-04-21,SAPHWF1,-18.3900526814255,Baseload
2024-04-28,SAPHWF1,8.290064245341583,Baseload
2024-05-05,SAPHWF1,33.53400725009001,Baseload
2024-05-12,SAPHWF1,-74.54147792855792,Baseload
2024-05-19,SAPHWF1,19.81929500174384,Baseload
2024-05-26,SAPHWF1,-0.8776447420345903,Baseload
2024-06-02,SAPHWF1,-4.531051481887076,Baseload
2024-06-09,SAPHWF1,-2.756387886200045,Baseload
2024-06-16,SAPHWF1,-25.19457219893313,Baseload
2024-06-23,SAPHWF1,-0.6867854311993256,Baseload
2024-06-30,SAPHWF1,-27.419892085995173,Baseload
2024-07-07,SAPHWF1,-8.918767941343106,Baseload
2024-07-14,SAPHWF1,9.069494532194057,Baseload
2024-07-21,SAPHWF1,-4.270417595393141,Baseload
2024-07-28,SAPHWF1,6.348330045217992,Baseload
2024-08-04,SAPHWF1,61.41332774419851,Baseload
2024-08-11,SAPHWF1,-87.0277942556009,Baseload
2024-08-18,SAPHWF1,-13.930957854943998,Baseload
2024-08-25,SAPHWF1,14.485598051190635,Baseload
2024-09-01,SAPHWF1,1.6528573328544596,Baseload
2024-09-08,SAPHWF1,1.0432691678577157,Baseload
2024-09-15,SAPHWF1,16.033140720702114,Baseload
2024-09-22,SAPHWF1,1.0557755721097877,Baseload
2024-09-29,SAPHWF1,-18.639142454679416,Baseload
2024-10-06,SAPHWF1,6.2161294579115705,Baseload
2024-10-13,SAPHWF1,3.696047408280137,Baseload
2024-10-20,SAPHWF1,-2.6107971395555296,Baseload
2024-10-27,SAPHWF1,19.4073814986546,Baseload
2024-11-03,SAPHWF1,5.664680994547226,Baseload
2024-11-10,SAPHWF1,208.68583851175964,Baseload
2024-11-17,SAPHWF1,-13.533531711949067,Baseload
2024-11-24,SAPHWF1,-6.491248709934808,Baseload
2024-12-01,SAPHWF1,-37.110239987742546,Baseload
2024-12-08,SAPHWF1,-102.41712517152789,Baseload
2024-12-15,SAPHWF1,27.585117153241868,Baseload
2024-12-22,SAPHWF1,15.08725947416687,Baseload
2024-12-29,SAPHWF1,20.27166092326775,Baseload
2025-01-05,SAPHWF1,16.361506408742457,Baseload
2020-01-05,STWF1,-250.6980164408808,Baseload
2020-01-12,STWF1,-2.0300707753488894,Baseload
2020-01-19,STWF1,-2.419670050125177,Baseload
2020-01-26,STWF1,-11.02772220991929,Baseload
2020-02-02,STWF1,-65.05558095631349,Baseload
2020-02-09,STWF1,-2.9661401050318688,Baseload
2020-02-16,STWF1,-5.255273684608035,Baseload
2020-02-23,STWF1,-4.814764341860936,Baseload
2020-03-01,STWF1,-4.847121692586242,Baseload
2020-03-08,STWF1,-2.9494433363530916,Baseload
2020-03-15,STWF1,-2.0738960419963917,Baseload
2020-03-22,STWF1,-4.141605933373903,Baseload
2020-03-29,STWF1,-1.6929492605732221,Baseload
2020-04-05,STWF1,-2.7811459672800396,Baseload
2020-04-12,STWF1,-5.3468622914264685,Baseload
2020-04-19,STWF1,-5.287522812075238,Baseload
2020-04-26,STWF1,-3.2495635776792895,Baseload
2020-05-03,STWF1,-1.7201891122212345,Baseload
2020-05-10,STWF1,-1.7756637183908879,Baseload
2020-05-17,STWF1,1.4021727974193396,Baseload
2020-05-24,STWF1,-2.0097157746474394,Baseload
2020-05-31,STWF1,-7.11393618885041,Baseload
2020-06-07,STWF1,-3.1257916321651322,Baseload
2020-06-14,STWF1,-19.098987700268772,Baseload
2020-06-21,STWF1,-2.644089682772382,Baseload
2020-06-28,STWF1,-0.9226718189158589,Baseload
2020-07-05,STWF1,-1.1576361596980433,Baseload
2020-07-12,STWF1,-1.9823725568170616,Baseload
2020-07-19,STWF1,-4.781870718630017,Baseload
2020-07-26,STWF1,-0.24523381198625316,Baseload
2020-08-02,STWF1,-2.02923633247336,Baseload
2020-08-09,STWF1,1.0620954812866685,Baseload
2020-08-16,STWF1,-2.077751034029461,Baseload
2020-08-23,STWF1,-0.9756607885292894,Baseload
2020-08-30,STWF1,-22.104699039976765,Baseload
2020-09-06,STWF1,-2.350054804162852,Baseload
2020-09-13,STWF1,-1.178258061416443,Baseload
2020-09-20,STWF1,-1.322272172933225,Baseload
2020-09-27,STWF1,-0.29455394175632676,Baseload
2020-10-04,STWF1,-3.7555217462459183,Baseload
2020-10-11,STWF1,-0.41426740231108283,Baseload
2020-10-18,STWF1,-2.072609934072176,Baseload
2020-10-25,STWF1,-5.636365010119846,Baseload
2020-11-01,STWF1,-3.402345157873171,Baseload
2020-11-08,STWF1,-1.7709286235668813,Baseload
2020-11-15,STWF1,-1.5873471540332886,Baseload
2020-11-22,STWF1,-40.651583807015356,Baseload
2020-11-29,STWF1,-7.243951946758706,Baseload
2020-12-06,STWF1,-6.533533161146529,Baseload
2020-12-13,STWF1,-0.8659601643151831,Baseload
2020-12-20,STWF1,-58.23544711580918,Baseload
2020-12-27,STWF1,-0.7748157605110251,Baseload
2021-01-03,STWF1,1.3497754085514018,Baseload
2021-01-10,STWF1,-0.33394841264271236,Baseload
2021-01-17,STWF1,-1.787124266337706,Baseload
2021-01-24,STWF1,-1.9583601731921547,Baseload
2021-01-31,STWF1,0.330051915582942,Baseload
2021-02-07,STWF1,0.20569817619012554,Baseload
2021-02-14,STWF1,-0.6135679173667583,Baseload
2021-02-21,STWF1,-1.8339114799110163,Baseload
2021-02-28,STWF1,-0.2699542277550009,Baseload
2021-03-07,STWF1,0.7717486572410692,Baseload
2021-03-14,STWF1,-1.6135263996625753,Baseload
2021-03-21,STWF1,-1.1908840803950795,Baseload
2021-03-28,STWF1,1.655502781929762,Baseload
2021-04-04,STWF1,3.210933258190252,Baseload
2021-04-11,STWF1,-3.7444910631827923,Baseload
2021-04-18,STWF1,-3.7244942176841462,Baseload
2021-04-25,STWF1,-15.485722498134045,Baseload
2021-05-02,STWF1,-20.56814273372524,Baseload
2021-05-09,STWF1,-4.94190155909083,Baseload
2021-05-16,STWF1,-10.11632003646065,Baseload
2021-05-23,STWF1,-87.28492128074592,Baseload
2021-05-30,STWF1,-61.05959007924773,Baseload
2021-06-06,STWF1,-4.031723188252727,Baseload
2021-06-13,STWF1,47.0058331119574,Baseload
2021-06-20,STWF1,-35.84259567899247,Baseload
2021-06-27,STWF1,-21.481593249858832,Baseload
2021-07-04,STWF1,-9.6803926958721,Baseload
2021-07-11,STWF1,-29.02839913947372,Baseload
2021-07-18,STWF1,16.25970688808094,Baseload
2021-07-25,STWF1,-12.243418964236099,Baseload
2021-08-01,STWF1,1.311302224610408,Baseload
2021-08-08,STWF1,-4.949316909999247,Baseload
2021-08-15,STWF1,-0.71710624214451,Baseload
2021-08-22,STWF1,-3.0068236427466744,Baseload
2021-08-29,STWF1,-9.573456416185792,Baseload
2021-09-05,STWF1,1.1340052987896385,Baseload
2021-09-12,STWF1,2.598844689842636,Baseload
2021-09-19,STWF1,5.526704318252648,Baseload
2021-09-26,STWF1,1.5528848582265553,Baseload
2021-10-03,STWF1,-7.376654424427443,Baseload
2021-10-10,STWF1,5.6063526840436,Baseload
2021-10-17,STWF1,6.469177317267146,Baseload
2021-10-24,STWF1,2.122802395523692,Baseload
2021-10-31,STWF1,6.686912213040969,Baseload
2021-11-07,STWF1,-3.498300651312931,Baseload
2021-11-14,STWF1,-0.21325578635204323,Baseload
2021-11-21,STWF1,-0.15542739823243323,Baseload
2021-11-28,STWF1,4.896829649451718,Baseload
2021-12-05,STWF1,5.055133405823,Baseload
2021-12-12,STWF1,8.28428199625752,Baseload
2021-12-19,STWF1,3.5937138095876975,Baseload
2021-12-26,STWF1,-4.3127458896539395,Baseload
2022-01-02,STWF1,-6.114260744218882,Baseload
2022-01-09,STWF1,-1.5195113949323797,Baseload
2022-01-16,STWF1,-2.6300858877679048,Baseload
2022-01-23,STWF1,-0.6928548721853929,Baseload
2022-01-30,STWF1,-2.533181216848078,Baseload
2022-02-06,STWF1,-4.883089095962745,Baseload
2022-02-13,STWF1,-2.0919274463386017,Baseload
2022-02-20,STWF1,2.905625135836516,Baseload
2022-02-27,STWF1,-0.525423038411347,Baseload
2022-03-06,STWF1,1.5111589722142753,Baseload
2022-03-13,STWF1,3.992004780527921,Baseload
2022-03-20,STWF1,1.3077592954079904,Baseload
2022-03-27,STWF1,-0.9947402347057022,Baseload
2022-04-03,STWF1,-4.412259619002469,Baseload
2022-04-10,STWF1,-8.559009588304178,Baseload
2022-04-17,STWF1,5.980445945344513,Baseload
2022-04-24,STWF1,-12.826831147399275,Baseload
2022-05-01,STWF1,-29.27551642156581,Baseload
2022-05-08,STWF1,-3.559169776798228,Baseload
2022-05-15,STWF1,-11.041002827915804,Baseload
2022-05-22,STWF1,9.800019403390621,Baseload
2022-05-29,STWF1,-5.905284976505811,Baseload
2022-06-05,STWF1,-63.01540863772095,Baseload
2022-06-12,STWF1,-27.275874652858477,Baseload
2022-06-19,STWF1,-67.52612880006996,Baseload
2022-06-26,STWF1,20.527641171735922,Baseload
2022-07-03,STWF1,-20.825984103800295,Baseload
2022-07-10,STWF1,-7.501468496870189,Baseload
2022-07-17,STWF1,-86.55180536951866,Baseload
2022-07-24,STWF1,-24.361661991223855,Baseload
2022-07-31,STWF1,-49.39516421876036,Baseload
2022-08-07,STWF1,-16.644072773005064,Baseload
2022-08-14,STWF1,-8.336795221420374,Baseload
2022-08-21,STWF1,-12.896887653182063,Baseload
2022-08-28,STWF1,-2.5038814634797575,Baseload
2022-09-04,STWF1,8.914451300287425,Baseload
2022-09-11,STWF1,11.63627296150193,Baseload
2022-09-18,STWF1,71.96101497373502,Baseload
2022-09-25,STWF1,2.2357121067163064,Baseload
2022-10-02,STWF1,12.511051512076477,Baseload
2022-10-09,STWF1,-2.279724050198638,Baseload
2022-10-16,STWF1,15.684943587517438,Baseload
2022-10-23,STWF1,10.717868667390974,Baseload
2022-10-30,STWF1,-19.934097361165612,Baseload
2022-11-06,STWF1,10.06599546780592,Baseload
2022-11-13,STWF1,9.3869040131176,Baseload
2022-11-20,STWF1,-4.943657170920076,Baseload
2022-11-27,STWF1,-6.6318507662260515,Baseload
2022-12-04,STWF1,19.85997371373604,Baseload
2022-12-11,STWF1,2.615277483526924,Baseload
2022-12-18,STWF1,16.938941489165842,Baseload
2022-12-25,STWF1,4.1088711239518005,Baseload
2023-01-01,STWF1,3.897597027330832,Baseload
2023-01-08,STWF1,9.384772204568065,Baseload
2023-01-15,STWF1,-4.800981600259632,Baseload
2023-01-22,STWF1,4.297607781451703,Baseload
2023-01-29,STWF1,-5.166370232832307,Baseload
2023-02-05,STWF1,9.277096470110564,Baseload
2023-02-12,STWF1,4.307737342194514,Baseload
2023-02-19,STWF1,-0.6378100671358453,Baseload
2023-02-26,STWF1,0.18650736209103513,Baseload
2023-03-05,STWF1,-2.34648155779702,Baseload
2023-03-12,STWF1,-0.23722409132996347,Baseload
2023-03-19,STWF1,9.491037278043223,Baseload
2023-03-26,STWF1,-1.5254584253604122,Baseload
2023-04-02,STWF1,-2.712671706581517,Baseload
2023-04-09,STWF1,-37.88435755812174,Baseload
2023-04-16,STWF1,7.843990358822012,Baseload
2023-04-23,STWF1,3.1827063867929297,Baseload
2023-04-30,STWF1,-17.238053075770296,Baseload
2023-05-07,STWF1,-7.895792010244833,Baseload
2023-05-14,STWF1,2.7361112934564176,Baseload
2023-05-21,STWF1,10.430818711873428,Baseload
2023-05-28,STWF1,27.477950726771155,Baseload
2023-06-04,STWF1,-34.4772889609029,Baseload
2023-06-11,STWF1,-5.927664507291993,Baseload
2023-06-18,STWF1,3.788734990635149,Baseload
2023-06-25,STWF1,-33.94167892806179,Baseload
2023-07-02,STWF1,-1.048390599497452,Baseload
2023-07-09,STWF1,-19.240183691052493,Baseload
2023-07-16,STWF1,-0.5369457862819189,Baseload
2023-07-23,STWF1,-0.9126163683618813,Baseload
2023-07-30,STWF1,2.513879559442316,Baseload
2023-08-06,STWF1,-17.56160375804842,Baseload
2023-08-13,STWF1,3.1813859620141898,Baseload
2023-08-20,STWF1,-11.991591588854845,Baseload
2023-08-27,STWF1,1.407191461748809,Baseload
2023-09-03,STWF1,4.261413174806734,Baseload
2023-09-10,STWF1,17.728291811500284,Baseload
2023-09-17,STWF1,12.902536763792305,Baseload
2023-09-24,STWF1,11.265675753886427,Baseload
2023-10-01,STWF1,7.866448937197923,Baseload
2023-10-08,STWF1,2.0632825318838712,Baseload
2023-10-15,STWF1,6.245707100157219,Baseload
2023-10-22,STWF1,5.27896353397486,Baseload
2023-10-29,STWF1,8.909280468767498,Baseload
2023-11-05,STWF1,3.4046485392363337,Baseload
2023-11-12,STWF1,4.004065374032365,Baseload
2023-11-19,STWF1,0.3025774411341047,Baseload
2023-11-26,STWF1,1.923185880937936,Baseload
2023-12-03,STWF1,7.762041124368416,Baseload
2023-12-10,STWF1,-9.546890124832274,Baseload
2023-12-17,STWF1,3.12863687810227,Baseload
2023-12-24,STWF1,2.917029283989045,Baseload
2023-12-31,STWF1,-0.6790397369243166,Baseload
2024-01-07,STWF1,3.0275394960546933,Baseload
2024-01-14,STWF1,-1.1803705320603797,Baseload
2024-01-21,STWF1,21.827717342903213,Baseload
2024-01-28,STWF1,3.0808626119872002,Baseload
2024-02-04,STWF1,-9.199215639482233,Baseload
2024-02-11,STWF1,8.420742456255724,Baseload
2024-02-18,STWF1,-4.957517459494511,Baseload
2024-02-25,STWF1,-8.271411683482526,Baseload
2024-03-03,STWF1,-78.8753912272742,Baseload
2024-03-10,STWF1,-7.160154609488643,Baseload
2024-03-17,STWF1,-1.230572855674538,Baseload
2024-03-24,STWF1,-0.07055386134673114,Baseload
2024-03-31,STWF1,8.169832826332069,Baseload
2024-04-07,STWF1,1.408795915192968,Baseload
2024-04-14,STWF1,8.846573808157089,Baseload
2024-04-21,STWF1,-2.108102412402488,Baseload
2024-04-28,STWF1,1.6063326952882448,Baseload
2024-05-05,STWF1,4.51074603221582,Baseload
2024-05-12,STWF1,90.78276581399177,Baseload
2024-05-19,STWF1,-7.236681309403835,Baseload
2024-05-26,STWF1,41.51156675522856,Baseload
2024-06-02,STWF1,-16.407713718313445,Baseload
2024-06-09,STWF1,-0.19715803317276936,Baseload
2024-06-16,STWF1,-14.179531702487793,Baseload
2024-06-23,STWF1,21.50496559720284,Baseload
2024-06-30,STWF1,-24.050428788278126,Baseload
2024-07-07,STWF1,2.318183572296107,Baseload
2024-07-14,STWF1,-0.1815932134420848,Baseload
2024-07-21,STWF1,-1.3819565579022566,Baseload
2024-07-28,STWF1,-3.7576036314709995,Baseload
2024-08-04,STWF1,-28.840228751911326,Baseload
2024-08-11,STWF1,28.583569297386134,Baseload
2024-08-18,STWF1,-11.993075326711462,Baseload
2024-08-25,STWF1,9.907035528550523,Baseload
2024-09-01,STWF1,28.290608270728683,Baseload
2024-09-08,STWF1,3.986050281499594,Baseload
2024-09-15,STWF1,16.73833871750417,Baseload
2024-09-22,STWF1,41.59620142549095,Baseload
2024-09-29,STWF1,43.84200672901028,Baseload
2024-10-06,STWF1,13.88989446198238,Baseload
2024-10-13,STWF1,9.583680379808698,Baseload
2024-10-20,STWF1,10.65030116769934,Baseload
2024-10-27,STWF1,,Baseload
2024-11-03,STWF1,-30.207405800006377,Baseload
2024-11-10,STWF1,-197.26490097771173,Baseload
2024-11-17,STWF1,5.175388147108151,Baseload
2024-11-24,STWF1,-12.579681914252063,Baseload
2024-12-01,STWF1,117.3890164117534,Baseload
2024-12-08,STWF1,12.10074256627945,Baseload
2024-12-15,STWF1,14.903192407282546,Baseload
2024-12-22,STWF1,3.4636261547970406,Baseload
2024-12-29,STWF1,4.749770961602739,Baseload
2025-01-05,STWF1,16.324735101708313,Baseload
2020-01-05,TARALGA1,106.40725448103177,Baseload
2020-01-12,TARALGA1,1.4415343221899803,Baseload
2020-01-19,TARALGA1,-2.301591834708539,Baseload
2020-01-26,TARALGA1,14.59209243038417,Baseload
2020-02-02,TARALGA1,-164.88010184362992,Baseload
2020-02-09,TARALGA1,-2.121069910324934,Baseload
2020-02-16,TARALGA1,3.043951722748112,Baseload
2020-02-23,TARALGA1,-1.364131504121346,Baseload
2020-03-01,TARALGA1,-1.4137230498339406,Baseload
2020-03-08,TARALGA1,0.4805343674296765,Baseload
2020-03-15,TARALGA1,-1.443411160378588,Baseload
2020-03-22,TARALGA1,-2.1307092607602556,Baseload
2020-03-29,TARALGA1,-1.1887864206684782,Baseload
2020-04-05,TARALGA1,-6.99118760570682,Baseload
2020-04-12,TARALGA1,-4.961262759457952,Baseload
2020-04-19,TARALGA1,-5.234167234846801,Baseload
2020-04-26,TARALGA1,-1.1369493023323045,Baseload
2020-05-03,TARALGA1,-0.6388621602292659,Baseload
2020-05-10,TARALGA1,-5.091764147476589,Baseload
2020-05-17,TARALGA1,0.4845856991284947,Baseload
2020-05-24,TARALGA1,-0.5870422480396513,Baseload
2020-05-31,TARALGA1,-3.5479795884299534,Baseload
2020-06-07,TARALGA1,-3.7942078583186003,Baseload
2020-06-14,TARALGA1,-22.7950463532422,Baseload
2020-06-21,TARALGA1,-1.9854898700731312,Baseload
2020-06-28,TARALGA1,-0.2520445142825878,Baseload
2020-07-05,TARALGA1,-0.6118218900533421,Baseload
2020-07-12,TARALGA1,-1.6746026150500342,Baseload
2020-07-19,TARALGA1,-5.968412573599167,Baseload
2020-07-26,TARALGA1,-11.41467356105126,Baseload
2020-08-02,TARALGA1,-1.5272395363932247,Baseload
2020-08-09,TARALGA1,-1.3168414313055408,Baseload
2020-08-16,TARALGA1,-5.677724729138518,Baseload
2020-08-23,TARALGA1,0.1438098463432027,Baseload
2020-08-30,TARALGA1,-3.419587354192693,Baseload
2020-09-06,TARALGA1,-3.8548363176969147,Baseload
2020-09-13,TARALGA1,-1.8244920489135907,Baseload
2020-09-20,TARALGA1,-2.663234928984572,Baseload
2020-09-27,TARALGA1,-2.6806191710690896,Baseload
2020-10-04,TARALGA1,-3.1591285280878054,Baseload
2020-10-11,TARALGA1,-16.763017563244176,Baseload
2020-10-18,TARALGA1,-3.2705348788077515,Baseload
2020-10-25,TARALGA1,-16.73084888673587,Baseload
2020-11-01,TARALGA1,-0.2538798142265293,Baseload
2020-11-08,TARALGA1,2.474911831474742,Baseload
2020-11-15,TARALGA1,-2.2528382685569284,Baseload
2020-11-22,TARALGA1,65.8625669614191,Baseload
2020-11-29,TARALGA1,-10.07190480111008,Baseload
2020-12-06,TARALGA1,3.1042583867161397,Baseload
2020-12-13,TARALGA1,-0.782985861616929,Baseload
2020-12-20,TARALGA1,-55.75020313622761,Baseload
2020-12-27,TARALGA1,-2.349147060950557,Baseload
2021-01-03,TARALGA1,-0.6348947583744646,Baseload
2021-01-10,TARALGA1,-0.5350218191811891,Baseload
2021-01-17,TARALGA1,-0.025490286247773497,Baseload
2021-01-24,TARALGA1,-2.6361080920508684,Baseload
2021-01-31,TARALGA1,0.024376833888609895,Baseload
2021-02-07,TARALGA1,0.8442881808609215,Baseload
2021-02-14,TARALGA1,-0.8868946534190343,Baseload
2021-02-21,TARALGA1,-0.5040896777624866,Baseload
2021-02-28,TARALGA1,-0.9145070937780915,Baseload
2021-03-07,TARALGA1,2.2380264085832167,Baseload
2021-03-14,TARALGA1,-2.880456306135784,Baseload
2021-03-21,TARALGA1,0.5802656445708294,Baseload
2021-03-28,TARALGA1,0.3499444548078756,Baseload
2021-04-04,TARALGA1,-3.615638518836395,Baseload
2021-04-11,TARALGA1,-10.05388153527971,Baseload
2021-04-18,TARALGA1,-8.550988592020545,Baseload
2021-04-25,TARALGA1,-1.3586076249182213,Baseload
2021-05-02,TARALGA1,-10.99462908089189,Baseload
2021-05-09,TARALGA1,-3.1093855878181387,Baseload
2021-05-16,TARALGA1,-13.24412943253676,Baseload
2021-05-23,TARALGA1,-57.31783880595049,Baseload
2021-05-30,TARALGA1,-52.84658929088451,Baseload
2021-06-06,TARALGA1,-45.01925545732149,Baseload
2021-06-13,TARALGA1,-79.11468191318951,Baseload
2021-06-20,TARALGA1,-91.68122284537209,Baseload
2021-06-27,TARALGA1,-34.47552124269471,Baseload
2021-07-04,TARALGA1,-5.305610206167671,Baseload
2021-07-11,TARALGA1,-45.12591412056278,Baseload
2021-07-18,TARALGA1,2.630310133307262,Baseload
2021-07-25,TARALGA1,-53.69652948076417,Baseload
2021-08-01,TARALGA1,-1.4407250607561082,Baseload
2021-08-08,TARALGA1,-1.469114157590532,Baseload
2021-08-15,TARALGA1,-6.557988660384289,Baseload
2021-08-22,TARALGA1,-14.706332188416795,Baseload
2021-08-29,TARALGA1,-0.3912838379630017,Baseload
2021-09-05,TARALGA1,-0.16208857276052413,Baseload
2021-09-12,TARALGA1,-5.305197212960444,Baseload
2021-09-19,TARALGA1,-8.477064565345913,Baseload
2021-09-26,TARALGA1,-3.9427415392080007,Baseload
2021-10-03,TARALGA1,-9.62307760293799,Baseload
2021-10-10,TARALGA1,-7.293250222133434,Baseload
2021-10-17,TARALGA1,-2.000087471963191,Baseload
2021-10-24,TARALGA1,-8.646333282994448,Baseload
2021-10-31,TARALGA1,2.8340972656146874,Baseload
2021-11-07,TARALGA1,-2.460487521089462,Baseload
2021-11-14,TARALGA1,-15.010031120190817,Baseload
2021-11-21,TARALGA1,3.3772955354237695,Baseload
2021-11-28,TARALGA1,1.7380981683598833,Baseload
2021-12-05,TARALGA1,-7.116565198952308,Baseload
2021-12-12,TARALGA1,-0.35078818619173546,Baseload
2021-12-19,TARALGA1,-1.8570595490067348,Baseload
2021-12-26,TARALGA1,8.745687626387607,Baseload
2022-01-02,TARALGA1,3.297940005982497,Baseload
2022-01-09,TARALGA1,0.8307453084244116,Baseload
2022-01-16,TARALGA1,-1.4904764811864055,Baseload
2022-01-23,TARALGA1,-7.899413138038732,Baseload
2022-01-30,TARALGA1,0.06369403984105304,Baseload
2022-02-06,TARALGA1,-20.905442782468732,Baseload
2022-02-13,TARALGA1,-1.452709239424479,Baseload
2022-02-20,TARALGA1,-6.806098790501892,Baseload
2022-02-27,TARALGA1,-1.551316862509708,Baseload
2022-03-06,TARALGA1,-2.537227240031868,Baseload
2022-03-13,TARALGA1,12.345075794220904,Baseload
2022-03-20,TARALGA1,-3.6239989248992828,Baseload
2022-03-27,TARALGA1,-4.852411676334384,Baseload
2022-04-03,TARALGA1,7.2675332106224175,Baseload
2022-04-10,TARALGA1,0.494742847225524,Baseload
2022-04-17,TARALGA1,20.39449303262475,Baseload
2022-04-24,TARALGA1,-6.243354771114383,Baseload
2022-05-01,TARALGA1,-9.101226264255075,Baseload
2022-05-08,TARALGA1,-121.78064569505528,Baseload
2022-05-15,TARALGA1,-4.779732429178296,Baseload
2022-05-22,TARALGA1,-23.958180200614663,Baseload
2022-05-29,TARALGA1,-8.562573721961257,Baseload
2022-06-05,TARALGA1,-48.72820230254416,Baseload
2022-06-12,TARALGA1,-4.949088906529255,Baseload
2022-06-19,TARALGA1,-25.59392167377473,Baseload
2022-06-26,TARALGA1,1.7169364124116555,Baseload
2022-07-03,TARALGA1,-41.44229628549067,Baseload
2022-07-10,TARALGA1,-15.263940747796482,Baseload
2022-07-17,TARALGA1,-101.73827555072478,Baseload
2022-07-24,TARALGA1,-14.943519068906824,Baseload
2022-07-31,TARALGA1,-18.008468158796035,Baseload
2022-08-07,TARALGA1,-13.215251891782586,Baseload
2022-08-14,TARALGA1,-43.359083313871025,Baseload
2022-08-21,TARALGA1,-14.059524609255732,Baseload
2022-08-28,TARALGA1,-9.668929113938617,Baseload
2022-09-04,TARALGA1,-10.190554579781747,Baseload
2022-09-11,TARALGA1,-39.5742031195516,Baseload
2022-09-18,TARALGA1,-28.612800410486287,Baseload
2022-09-25,TARALGA1,-11.045182704432335,Baseload
2022-10-02,TARALGA1,-8.716461460182956,Baseload
2022-10-09,TARALGA1,2.370480446111827,Baseload
2022-10-16,TARALGA1,-7.376294236111136,Baseload
2022-10-23,TARALGA1,1.373612949049516,Baseload
2022-10-30,TARALGA1,-1.5686346030090021,Baseload
2022-11-06,TARALGA1,6.879346573183753,Baseload
2022-11-13,TARALGA1,1.3518618961056603,Baseload
2022-11-20,TARALGA1,0.5425930996422181,Baseload
2022-11-27,TARALGA1,-1.287920031489648,Baseload
2022-12-04,TARALGA1,8.11926457777841,Baseload
2022-12-11,TARALGA1,-0.46436577653922484,Baseload
2022-12-18,TARALGA1,6.255501801645465,Baseload
2022-12-25,TARALGA1,11.406421343318982,Baseload
2023-01-01,TARALGA1,-4.444729970223904,Baseload
2023-01-08,TARALGA1,4.504152897901051,Baseload
2023-01-15,TARALGA1,4.289844576107839,Baseload
2023-01-22,TARALGA1,1.6650396224037394,Baseload
2023-01-29,TARALGA1,-6.102394754671664,Baseload
2023-02-05,TARALGA1,-13.607531719450265,Baseload
2023-02-12,TARALGA1,-12.546579588938926,Baseload
2023-02-19,TARALGA1,-0.17884013168999502,Baseload
2023-02-26,TARALGA1,-9.943923559347141,Baseload
2023-03-05,TARALGA1,9.703354031203958,Baseload
2023-03-12,TARALGA1,-6.333505953144055,Baseload
2023-03-19,TARALGA1,35.900793687611355,Baseload
2023-03-26,TARALGA1,-4.516244352219076,Baseload
2023-04-02,TARALGA1,-13.046014768338367,Baseload
2023-04-09,TARALGA1,-52.0154338879163,Baseload
2023-04-16,TARALGA1,-10.853524894978037,Baseload
2023-04-23,TARALGA1,0.653554412233504,Baseload
2023-04-30,TARALGA1,-2.0912622288691836,Baseload
2023-05-07,TARALGA1,-9.074591509646325,Baseload
2023-05-14,TARALGA1,-16.712367530368738,Baseload
2023-05-21,TARALGA1,-14.014810791273419,Baseload
2023-05-28,TARALGA1,31.396185917921116,Baseload
2023-06-04,TARALGA1,-48.04741148568756,Baseload
2023-06-11,TARALGA1,-3.252167029667987,Baseload
2023-06-18,TARALGA1,-6.481536362795566,Baseload
2023-06-25,TARALGA1,-22.63681175506983,Baseload
2023-07-02,TARALGA1,-9.65141053394322,Baseload
2023-07-09,TARALGA1,-30.78579828266053,Baseload
2023-07-16,TARALGA1,-9.959760420676034,Baseload
2023-07-23,TARALGA1,-5.264520742657297,Baseload
2023-07-30,TARALGA1,-19.630249527632557,Baseload
2023-08-06,TARALGA1,-23.77776943679237,Baseload
2023-08-13,TARALGA1,-9.849248948165922,Baseload
2023-08-20,TARALGA1,-48.28557328820297,Baseload
2023-08-27,TARALGA1,12.622867471438028,Baseload
2023-09-03,TARALGA1,-5.7034430583113505,Baseload
2023-09-10,TARALGA1,-21.862494891510636,Baseload
2023-09-17,TARALGA1,-25.551446966399368,Baseload
2023-09-24,TARALGA1,-3.116417884498958,Baseload
2023-10-01,TARALGA1,-29.555116857151962,Baseload
2023-10-08,TARALGA1,3.70778903078552,Baseload
2023-10-15,TARALGA1,-14.123976232337387,Baseload
2023-10-22,TARALGA1,-15.811498687821882,Baseload
2023-10-29,TARALGA1,5.582743001918779,Baseload
2023-11-05,TARALGA1,-11.729327472084137,Baseload
2023-11-12,TARALGA1,7.381358935658199,Baseload
2023-11-19,TARALGA1,6.366221551597263,Baseload
2023-11-26,TARALGA1,-13.291449451733044,Baseload
2023-12-03,TARALGA1,-7.049615399182109,Baseload
2023-12-10,TARALGA1,3.2314392658792173,Baseload
2023-12-17,TARALGA1,4.275186492476621,Baseload
2023-12-24,TARALGA1,5.379364541380568,Baseload
2023-12-31,TARALGA1,0.05446814602416339,Baseload
2024-01-07,TARALGA1,2.5470969138090354,Baseload
2024-01-14,TARALGA1,-5.22901594987583,Baseload
2024-01-21,TARALGA1,26.27988008470635,Baseload
2024-01-28,TARALGA1,3.43483914392921,Baseload
2024-02-04,TARALGA1,-13.390292052699934,Baseload
2024-02-11,TARALGA1,-13.63017947039215,Baseload
2024-02-18,TARALGA1,2.721834882008878,Baseload
2024-02-25,TARALGA1,15.877463939147844,Baseload
2024-03-03,TARALGA1,-63.28127948525311,Baseload
2024-03-10,TARALGA1,3.0712666583724086,Baseload
2024-03-17,TARALGA1,-6.536493393111954,Baseload
2024-03-24,TARALGA1,-5.294876265215862,Baseload
2024-03-31,TARALGA1,-0.35693499651196703,Baseload
2024-04-07,TARALGA1,-6.174090633171076,Baseload
2024-04-14,TARALGA1,-2.4641840924217604,Baseload
2024-04-21,TARALGA1,-13.360305096999952,Baseload
2024-04-28,TARALGA1,-20.539193899903665,Baseload
2024-05-05,TARALGA1,-18.651260719383444,Baseload
2024-05-12,TARALGA1,-73.69294141884791,Baseload
2024-05-19,TARALGA1,-14.06806635615861,Baseload
2024-05-26,TARALGA1,31.980965883289088,Baseload
2024-06-02,TARALGA1,-15.97057810061375,Baseload
2024-06-09,TARALGA1,-14.001314087598331,Baseload
2024-06-16,TARALGA1,-47.59810954278612,Baseload
2024-06-23,TARALGA1,5.9660747808644885,Baseload
2024-06-30,TARALGA1,-16.80324446954161,Baseload
2024-07-07,TARALGA1,-1.129990726411478,Baseload
2024-07-14,TARALGA1,-15.34457250653638,Baseload
2024-07-21,TARALGA1,-7.299589466482004,Baseload
2024-07-28,TARALGA1,-0.482856440761978,Baseload
2024-08-04,TARALGA1,-19.848731080635332,Baseload
2024-08-11,TARALGA1,-253.97987827833037,Baseload
2024-08-18,TARALGA1,-38.353433718705176,Baseload
2024-08-25,TARALGA1,-10.951818621385655,Baseload
2024-09-01,TARALGA1,0.0174688781399297,Baseload
2024-09-08,TARALGA1,-0.24845589413758518,Baseload
2024-09-15,TARALGA1,-14.912832067358138,Baseload
2024-09-22,TARALGA1,-7.21851741549213,Baseload
2024-09-29,TARALGA1,-14.836062250948373,Baseload
2024-10-06,TARALGA1,-27.868130474321493,Baseload
2024-10-13,TARALGA1,-24.292456576828457,Baseload
2024-10-20,TARALGA1,-3.4295248038753243,Baseload
2024-10-27,TARALGA1,4.804542347639227,Baseload
2024-11-03,TARALGA1,-16.42831638022725,Baseload
2024-11-10,TARALGA1,140.49635942433372,Baseload
2024-11-17,TARALGA1,-33.79433122210047,Baseload
2024-11-24,TARALGA1,13.367591647875457,Baseload
2024-12-01,TARALGA1,-76.06509609301776,Baseload
2024-12-08,TARALGA1,-93.91885553199162,Baseload
2024-12-15,TARALGA1,-12.093457170676572,Baseload
2024-12-22,TARALGA1,6.258118624054404,Baseload
2024-12-29,TARALGA1,-7.294241778702528,Baseload
2025-01-05,TARALGA1,8.51130954379012,Baseload
2020-01-05,WOODLWN1,43.433564995217694,Baseload
2020-01-12,WOODLWN1,1.826388392079778,Baseload
2020-01-19,WOODLWN1,-0.9628980524436557,Baseload
2020-01-26,WOODLWN1,11.8283980157848,Baseload
2020-02-02,WOODLWN1,-159.42949311794104,Baseload
2020-02-09,WOODLWN1,-1.2870578406704496,Baseload
2020-02-16,WOODLWN1,0.5525702374404489,Baseload
2020-02-23,WOODLWN1,-2.223917878797309,Baseload
2020-03-01,WOODLWN1,1.0327738508434336,Baseload
2020-03-08,WOODLWN1,0.39926545541530345,Baseload
2020-03-15,WOODLWN1,0.13266754758937083,Baseload
2020-03-22,WOODLWN1,-0.9680724029520391,Baseload
2020-03-29,WOODLWN1,1.2482115653092691,Baseload
2020-04-05,WOODLWN1,-7.828978295605445,Baseload
2020-04-12,WOODLWN1,-6.162988793320608,Baseload
2020-04-19,WOODLWN1,-5.164370937624923,Baseload
2020-04-26,WOODLWN1,-1.2154780551511735,Baseload
2020-05-03,WOODLWN1,-2.0595854405748426,Baseload
2020-05-10,WOODLWN1,-5.47100919556188,Baseload
2020-05-17,WOODLWN1,1.8360326631159722,Baseload
2020-05-24,WOODLWN1,-0.2217144672559499,Baseload
2020-05-31,WOODLWN1,-4.941108691159592,Baseload
2020-06-07,WOODLWN1,-4.62317446325514,Baseload
2020-06-14,WOODLWN1,-26.388459997737478,Baseload
2020-06-21,WOODLWN1,-2.6220244411273512,Baseload
2020-06-28,WOODLWN1,0.06774371067529472,Baseload
2020-07-05,WOODLWN1,-0.5699571159382586,Baseload
2020-07-12,WOODLWN1,4.907683333131487,Baseload
2020-07-19,WOODLWN1,-7.116900607914211,Baseload
2020-07-26,WOODLWN1,-9.018792288169657,Baseload
2020-08-02,WOODLWN1,-1.4823049143604692,Baseload
2020-08-09,WOODLWN1,-1.2404789226572603,Baseload
2020-08-16,WOODLWN1,-5.104171077958348,Baseload
2020-08-23,WOODLWN1,0.17926711415022112,Baseload
2020-08-30,WOODLWN1,0.8172246484560475,Baseload
2020-09-06,WOODLWN1,-3.5607507727129715,Baseload
2020-09-13,WOODLWN1,-1.419408831560098,Baseload
2020-09-20,WOODLWN1,-0.8434099940950048,Baseload
2020-09-27,WOODLWN1,-1.8694893957464345,Baseload
2020-10-04,WOODLWN1,-3.506947529248059,Baseload
2020-10-11,WOODLWN1,-14.545280679060397,Baseload
2020-10-18,WOODLWN1,-1.51528835630387,Baseload
2020-10-25,WOODLWN1,3.65586108766135,Baseload
2020-11-01,WOODLWN1,0.8508823607530829,Baseload
2020-11-08,WOODLWN1,1.3874684414133682,Baseload
2020-11-15,WOODLWN1,-0.5620911487289391,Baseload
2020-11-22,WOODLWN1,82.94624154991845,Baseload
2020-11-29,WOODLWN1,-10.09742796889848,Baseload
2020-12-06,WOODLWN1,-3.50176375786819,Baseload
2020-12-13,WOODLWN1,-0.555295113327098,Baseload
2020-12-20,WOODLWN1,-12.028655752916109,Baseload
2020-12-27,WOODLWN1,-0.6627182450427469,Baseload
2021-01-03,WOODLWN1,0.32298687869877085,Baseload
2021-01-10,WOODLWN1,0.7676639463517176,Baseload
2021-01-17,WOODLWN1,1.0842325762177296,Baseload
2021-01-24,WOODLWN1,-1.147297497452719,Baseload
2021-01-31,WOODLWN1,-0.29207766689346926,Baseload
2021-02-07,WOODLWN1,0.9175387416906204,Baseload
2021-02-14,WOODLWN1,-0.7715746936347472,Baseload
2021-02-21,WOODLWN1,-0.29248438067565985,Baseload
2021-02-28,WOODLWN1,-0.8009602823954083,Baseload
2021-03-07,WOODLWN1,2.689956280641738,Baseload
2021-03-14,WOODLWN1,-1.31742516314047,Baseload
2021-03-21,WOODLWN1,0.3821981121594362,Baseload
2021-03-28,WOODLWN1,2.5365384888463183,Baseload
2021-04-04,WOODLWN1,1.0691476069815167,Baseload
2021-04-11,WOODLWN1,-5.438548682375117,Baseload
2021-04-18,WOODLWN1,-5.473197482661938,Baseload
2021-04-25,WOODLWN1,1.2607816420256484,Baseload
2021-05-02,WOODLWN1,-8.013249659236834,Baseload
2021-05-09,WOODLWN1,-4.141921380705178,Baseload
2021-05-16,WOODLWN1,-10.824248749134462,Baseload
2021-05-23,WOODLWN1,-11.11854916043717,Baseload
2021-05-30,WOODLWN1,-35.03745880851727,Baseload
2021-06-06,WOODLWN1,2.826008935176418,Baseload
2021-06-13,WOODLWN1,-26.628943520984762,Baseload
2021-06-20,WOODLWN1,-91.20062631343927,Baseload
2021-06-27,WOODLWN1,-36.60823000680868,Baseload
2021-07-04,WOODLWN1,-1.5606898113616836,Baseload
2021-07-11,WOODLWN1,-68.06711279310619,Baseload
2021-07-18,WOODLWN1,-12.736347907921854,Baseload
2021-07-25,WOODLWN1,-57.65288997507996,Baseload
2021-08-01,WOODLWN1,-2.1469082735274014,Baseload
2021-08-08,WOODLWN1,-3.5703720813645248,Baseload
2021-08-15,WOODLWN1,0.8148602324867724,Baseload
2021-08-22,WOODLWN1,-8.576542550321946,Baseload
2021-08-29,WOODLWN1,-4.503737057896942,Baseload
2021-09-05,WOODLWN1,0.2698284083653135,Baseload
2021-09-12,WOODLWN1,0.8677302333497465,Baseload
2021-09-19,WOODLWN1,0.13932701208528897,Baseload
2021-09-26,WOODLWN1,-2.4803542072341216,Baseload
2021-10-03,WOODLWN1,-7.867470485044002,Baseload
2021-10-10,WOODLWN1,-3.4742296145931597,Baseload
2021-10-17,WOODLWN1,-0.11502284063488588,Baseload
2021-10-24,WOODLWN1,-4.332480303159613,Baseload
2021-10-31,WOODLWN1,6.389910753683608,Baseload
2021-11-07,WOODLWN1,-0.9920122688490522,Baseload
2021-11-14,WOODLWN1,-11.540919273155986,Baseload
2021-11-21,WOODLWN1,7.627786226354402,Baseload
2021-11-28,WOODLWN1,0.2330985806608652,Baseload
2021-12-05,WOODLWN1,-6.511313225772895,Baseload
2021-12-12,WOODLWN1,3.297971360967921,Baseload
2021-12-19,WOODLWN1,-0.021748644419361085,Baseload
2021-12-26,WOODLWN1,3.960722158803648,Baseload
2022-01-02,WOODLWN1,-0.13138918326710325,Baseload
2022-01-09,WOODLWN1,1.7627043934992201,Baseload
2022-01-16,WOODLWN1,-1.3484415608094338,Baseload
2022-01-23,WOODLWN1,-4.408122149492733,Baseload
2022-01-30,WOODLWN1,2.182870888175131,Baseload
2022-02-06,WOODLWN1,-18.0097787081152,Baseload
2022-02-13,WOODLWN1,0.14526930264112536,Baseload
2022-02-20,WOODLWN1,-5.509243436926269,Baseload
2022-02-27,WOODLWN1,-1.5752548857009288,Baseload
2022-03-06,WOODLWN1,-2.917429576345242,Baseload
2022-03-13,WOODLWN1,12.927084798044291,Baseload
2022-03-20,WOODLWN1,2.168449204792452,Baseload
2022-03-27,WOODLWN1,-0.7284430655824963,Baseload
2022-04-03,WOODLWN1,11.790212293037172,Baseload
2022-04-10,WOODLWN1,6.207531392468837,Baseload
2022-04-17,WOODLWN1,35.81299693219481,Baseload
2022-04-24,WOODLWN1,-3.4052723126891067,Baseload
2022-05-01,WOODLWN1,5.560831619218334,Baseload
2022-05-08,WOODLWN1,-90.82135885354393,Baseload
2022-05-15,WOODLWN1,-4.836414735354538,Baseload
2022-05-22,WOODLWN1,-17.109873799428783,Baseload
2022-05-29,WOODLWN1,-3.3019573777403934,Baseload
2022-06-05,WOODLWN1,-54.55781100142741,Baseload
2022-06-12,WOODLWN1,-2.4626692255103535,Baseload
2022-06-19,WOODLWN1,32.63531992673148,Baseload
2022-06-26,WOODLWN1,7.6266600411173044,Baseload
2022-07-03,WOODLWN1,-35.8379819539627,Baseload
2022-07-10,WOODLWN1,-12.300559128442956,Baseload
2022-07-17,WOODLWN1,-148.68206003990355,Baseload
2022-07-24,WOODLWN1,-0.6034795881422497,Baseload
2022-07-31,WOODLWN1,-10.465077172280019,Baseload
2022-08-07,WOODLWN1,-9.115712470773687,Baseload
2022-08-14,WOODLWN1,-43.8024632080913,Baseload
2022-08-21,WOODLWN1,-13.814696399614377,Baseload
2022-08-28,WOODLWN1,-10.8807567891632,Baseload
2022-09-04,WOODLWN1,-7.076239599136045,Baseload
2022-09-11,WOODLWN1,-10.564997990860832,Baseload
2022-09-18,WOODLWN1,-33.266668776746954,Baseload
2022-09-25,WOODLWN1,5.359805991219957,Baseload
2022-10-02,WOODLWN1,-6.86916827373247,Baseload
2022-10-09,WOODLWN1,-0.4378732085705792,Baseload
2022-10-16,WOODLWN1,-3.151113141015088,Baseload
2022-10-23,WOODLWN1,0.8186255146266888,Baseload
2022-10-30,WOODLWN1,-4.0294488875764785,Baseload
2022-11-06,WOODLWN1,4.8822837748411985,Baseload
2022-11-13,WOODLWN1,17.956006641658362,Baseload
2022-11-20,WOODLWN1,-15.965721344084187,Baseload
2022-11-27,WOODLWN1,-5.113853922896567,Baseload
2022-12-04,WOODLWN1,23.145492608101605,Baseload
2022-12-11,WOODLWN1,-10.33654017589538,Baseload
2022-12-18,WOODLWN1,14.35308489558139,Baseload
2022-12-25,WOODLWN1,12.713136289586572,Baseload
2023-01-01,WOODLWN1,7.915906536859552,Baseload
2023-01-08,WOODLWN1,9.905142103217926,Baseload
2023-01-15,WOODLWN1,8.805188967030062,Baseload
2023-01-22,WOODLWN1,2.972141085119489,Baseload
2023-01-29,WOODLWN1,-2.5534576914401867,Baseload
2023-02-05,WOODLWN1,-8.045225851507325,Baseload
2023-02-12,WOODLWN1,4.8609696630662285,Baseload
2023-02-19,WOODLWN1,6.665695419672829,Baseload
2023-02-26,WOODLWN1,0.9358580494537279,Baseload
2023-03-05,WOODLWN1,15.520114527879102,Baseload
2023-03-12,WOODLWN1,-4.527816909567079,Baseload
2023-03-19,WOODLWN1,80.42667050515175,Baseload
2023-03-26,WOODLWN1,-8.007251300993943,Baseload
2023-04-02,WOODLWN1,-5.651566633245224,Baseload
2023-04-09,WOODLWN1,-25.041408230670513,Baseload
2023-04-16,WOODLWN1,-5.275787096766905,Baseload
2023-04-23,WOODLWN1,11.260355518972204,Baseload
2023-04-30,WOODLWN1,-6.519538709513995,Baseload
2023-05-07,WOODLWN1,-9.17889825569597,Baseload
2023-05-14,WOODLWN1,-17.456098186828797,Baseload
2023-05-21,WOODLWN1,-12.576389192461676,Baseload
2023-05-28,WOODLWN1,-6.685569534521164,Baseload
2023-06-04,WOODLWN1,18.223852158385853,Baseload
2023-06-11,WOODLWN1,-2.8462703450853013,Baseload
2023-06-18,WOODLWN1,-5.398411300395722,Baseload
2023-06-25,WOODLWN1,-26.307415812225827,Baseload
2023-07-02,WOODLWN1,-7.797070416323962,Baseload
2023-07-09,WOODLWN1,-31.366029229018707,Baseload
2023-07-16,WOODLWN1,-10.5179280975617,Baseload
2023-07-23,WOODLWN1,-3.0960949967044797,Baseload
2023-07-30,WOODLWN1,-20.45384512267715,Baseload
2023-08-06,WOODLWN1,-27.48515537861718,Baseload
2023-08-13,WOODLWN1,-9.585026538896301,Baseload
2023-08-20,WOODLWN1,-47.30915706460863,Baseload
2023-08-27,WOODLWN1,16.535972581763914,Baseload
2023-09-03,WOODLWN1,-6.074034552566076,Baseload
2023-09-10,WOODLWN1,-11.122646083633285,Baseload
2023-09-17,WOODLWN1,-3.350954863510715,Baseload
2023-09-24,WOODLWN1,0.4782920645071371,Baseload
2023-10-01,WOODLWN1,2.022493252127113,Baseload
2023-10-08,WOODLWN1,4.370652726985767,Baseload
2023-10-15,WOODLWN1,-4.656924476759826,Baseload
2023-10-22,WOODLWN1,-12.01193233336324,Baseload
2023-10-29,WOODLWN1,0.5461774119755702,Baseload
2023-11-05,WOODLWN1,4.120987103118736,Baseload
2023-11-12,WOODLWN1,34.27678690223233,Baseload
2023-11-19,WOODLWN1,16.092101095936428,Baseload
2023-11-26,WOODLWN1,-3.4607209645909336,Baseload
2023-12-03,WOODLWN1,-0.35732428806219474,Baseload
2023-12-10,WOODLWN1,-15.077242378458891,Baseload
2023-12-17,WOODLWN1,3.5573483173280493,Baseload
2023-12-24,WOODLWN1,1.2215500430210824,Baseload
2023-12-31,WOODLWN1,-3.759055853974374,Baseload
2024-01-07,WOODLWN1,5.950222043823082,Baseload
2024-01-14,WOODLWN1,-7.2693870117373365,Baseload
2024-01-21,WOODLWN1,23.53375492368238,Baseload
2024-01-28,WOODLWN1,7.002861914828358,Baseload
2024-02-04,WOODLWN1,-8.273232578554214,Baseload
2024-02-11,WOODLWN1,-16.212612285097528,Baseload
2024-02-18,WOODLWN1,3.3167868483594845,Baseload
2024-02-25,WOODLWN1,21.476317033113475,Baseload
2024-03-03,WOODLWN1,-63.19308959695937,Baseload
2024-03-10,WOODLWN1,4.893895139789009,Baseload
2024-03-17,WOODLWN1,-1.1801898214797149,Baseload
2024-03-24,WOODLWN1,-1.383890932017671,Baseload
2024-03-31,WOODLWN1,7.232007614286957,Baseload
2024-04-07,WOODLWN1,-1.9660897215284194,Baseload
2024-04-14,WOODLWN1,8.71330984568472,Baseload
2024-04-21,WOODLWN1,-3.159467334009861,Baseload
2024-04-28,WOODLWN1,-19.203696752992144,Baseload
2024-05-05,WOODLWN1,5.6545146814234215,Baseload
2024-05-12,WOODLWN1,-124.10561084168012,Baseload
2024-05-19,WOODLWN1,-12.364407429102357,Baseload
2024-05-26,WOODLWN1,79.06318568110632,Baseload
2024-06-02,WOODLWN1,-15.356414112156116,Baseload
2024-06-09,WOODLWN1,-12.911703713328336,Baseload
2024-06-16,WOODLWN1,-44.82717941196252,Baseload
2024-06-23,WOODLWN1,3.07306104371861,Baseload
2024-06-30,WOODLWN1,-13.21418842883213,Baseload
2024-07-07,WOODLWN1,4.100299887549568,Baseload
2024-07-14,WOODLWN1,-14.146354684392705,Baseload
2024-07-21,WOODLWN1,-9.24736324238647,Baseload
2024-07-28,WOODLWN1,-2.293167989056542,Baseload
2024-08-04,WOODLWN1,-34.41011103129259,Baseload
2024-08-11,WOODLWN1,-268.50542859696765,Baseload
2024-08-18,WOODLWN1,-35.88873675072087,Baseload
2024-08-25,WOODLWN1,-2.101993630080713,Baseload
2024-09-01,WOODLWN1,1.4066185718534285,Baseload
2024-09-08,WOODLWN1,5.679406854536246,Baseload
2024-09-15,WOODLWN1,-4.485522994580805,Baseload
2024-09-22,WOODLWN1,12.680531873395466,Baseload
2024-09-29,WOODLWN1,-6.114738962852584,Baseload
2024-10-06,WOODLWN1,-22.803548180199847,Baseload
2024-10-13,WOODLWN1,-13.336130003079852,Baseload
2024-10-20,WOODLWN1,5.496705452916842,Baseload
2024-10-27,WOODLWN1,26.48378042108139,Baseload
2024-11-03,WOODLWN1,-8.225835926077707,Baseload
2024-11-10,WOODLWN1,319.7763376568933,Baseload
2024-11-17,WOODLWN1,-2.6117434510938438,Baseload
2024-11-24,WOODLWN1,6.8405430616263345,Baseload
2024-12-01,WOODLWN1,105.28355881262644,Baseload
2024-12-08,WOODLWN1,-105.52575419991524,Baseload
2024-12-15,WOODLWN1,20.605210951855128,Baseload
2024-12-22,WOODLWN1,7.987294317279918,Baseload
2024-12-29,WOODLWN1,-2.46202305604535,Baseload
2025-01-05,WOODLWN1,3.2722550352023347,Baseload
2020-01-05,WRWF1,-180.21604220130422,Baseload
2020-01-12,WRWF1,-3.0946175521528687,Baseload
2020-01-19,WRWF1,-2.4227299460571103,Baseload
2020-01-26,WRWF1,10.431133647832993,Baseload
2020-02-02,WRWF1,-42.0236692420894,Baseload
2020-02-09,WRWF1,0.5623481727725306,Baseload
2020-02-16,WRWF1,-0.3482933501755241,Baseload
2020-02-23,WRWF1,-6.621056887608127,Baseload
2020-03-01,WRWF1,0.5070690384395959,Baseload
2020-03-08,WRWF1,-3.1225160707458386,Baseload
2020-03-15,WRWF1,-0.41060508828525855,Baseload
2020-03-22,WRWF1,-2.4620937758596426,Baseload
2020-03-29,WRWF1,0.6849905593213492,Baseload
2020-04-05,WRWF1,-4.367139833786247,Baseload
2020-04-12,WRWF1,-2.9205050716327747,Baseload
2020-04-19,WRWF1,-6.47212261770499,Baseload
2020-04-26,WRWF1,-1.0017816566984408,Baseload
2020-05-03,WRWF1,-2.0282184460770694,Baseload
2020-05-10,WRWF1,-1.5876706755426326,Baseload
2020-05-17,WRWF1,0.8929881266931048,Baseload
2020-05-24,WRWF1,-0.1749568196830893,Baseload
2020-05-31,WRWF1,-2.3526020313795186,Baseload
2020-06-07,WRWF1,-4.550283137970148,Baseload
2020-06-14,WRWF1,0.5803675350320958,Baseload
2020-06-21,WRWF1,0.8100917749705943,Baseload
2020-06-28,WRWF1,-0.06167127273170081,Baseload
2020-07-05,WRWF1,-0.9271916744657531,Baseload
2020-07-12,WRWF1,-2.660083507763318,Baseload
2020-07-19,WRWF1,3.4405487570996485,Baseload
2020-07-26,WRWF1,-5.947372998940658,Baseload
2020-08-02,WRWF1,-1.065373100766628,Baseload
2020-08-09,WRWF1,1.7467962128762622,Baseload
2020-08-16,WRWF1,-3.3385845741175544,Baseload
2020-08-23,WRWF1,0.41079908214403105,Baseload
2020-08-30,WRWF1,-8.45836441870074,Baseload
2020-09-06,WRWF1,-4.819517678954554,Baseload
2020-09-13,WRWF1,-0.08826520752993616,Baseload
2020-09-20,WRWF1,-0.4446287732619538,Baseload
2020-09-27,WRWF1,-2.064980330646719,Baseload
2020-10-04,WRWF1,-0.5050892430453402,Baseload
2020-10-11,WRWF1,-13.606201245567547,Baseload
2020-10-18,WRWF1,-1.1414620943445257,Baseload
2020-10-25,WRWF1,-15.409830810558631,Baseload
2020-11-01,WRWF1,-1.3044380719292477,Baseload
2020-11-08,WRWF1,-0.6124081146987379,Baseload
2020-11-15,WRWF1,-0.40271968724415075,Baseload
2020-11-22,WRWF1,-6.117620094926707,Baseload
2020-11-29,WRWF1,-10.092574542921419,Baseload
2020-12-06,WRWF1,-1.6245737996468677,Baseload
2020-12-13,WRWF1,-4.063707320144303,Baseload
2020-12-20,WRWF1,-84.25102623598623,Baseload
2020-12-27,WRWF1,-0.04934626076713755,Baseload
2021-01-03,WRWF1,0.7493160623617285,Baseload
2021-01-10,WRWF1,-0.3237622958598223,Baseload
2021-01-17,WRWF1,-0.38042812035565277,Baseload
2021-01-24,WRWF1,-1.2983061251066772,Baseload
2021-01-31,WRWF1,-1.3602343749855663,Baseload
2021-02-07,WRWF1,0.3283706889192217,Baseload
2021-02-14,WRWF1,-0.5811976058508179,Baseload
2021-02-21,WRWF1,0.037672908743317635,Baseload
2021-02-28,WRWF1,-1.3901570812907877,Baseload
2021-03-07,WRWF1,0.13124807553122508,Baseload
2021-03-14,WRWF1,0.361315346487352,Baseload
2021-03-21,WRWF1,-0.30956279076847437,Baseload
2021-03-28,WRWF1,3.939255285469315,Baseload
2021-04-04,WRWF1,-0.7335333402927944,Baseload
2021-04-11,WRWF1,2.2246178623765545,Baseload
2021-04-18,WRWF1,3.0441457868748287,Baseload
2021-04-25,WRWF1,-3.4188047135071713,Baseload
2021-05-02,WRWF1,-20.563485174092534,Baseload
2021-05-09,WRWF1,2.4255075800947807,Baseload
2021-05-16,WRWF1,-11.096898556436955,Baseload
2021-05-23,WRWF1,-37.88767306213671,Baseload
2021-05-30,WRWF1,-45.86638033714695,Baseload
2021-06-06,WRWF1,0.7687578024682011,Baseload
2021-06-13,WRWF1,33.7115550732814,Baseload
2021-06-20,WRWF1,-90.98936022713936,Baseload
2021-06-27,WRWF1,-11.302542536515062,Baseload
2021-07-04,WRWF1,-8.460307696050435,Baseload
2021-07-11,WRWF1,-18.744286176809283,Baseload
2021-07-18,WRWF1,-30.182833574000625,Baseload
2021-07-25,WRWF1,-37.51132160875629,Baseload
2021-08-01,WRWF1,-2.7807556598724616,Baseload
2021-08-08,WRWF1,-3.912343603147484,Baseload
2021-08-15,WRWF1,1.5259503861919796,Baseload
2021-08-22,WRWF1,3.453144413728225,Baseload
2021-08-29,WRWF1,1.9583662512472273,Baseload
2021-09-05,WRWF1,-1.2570520257134206,Baseload
2021-09-12,WRWF1,10.606674668318341,Baseload
2021-09-19,WRWF1,4.284391344814608,Baseload
2021-09-26,WRWF1,6.957291895481703,Baseload
2021-10-03,WRWF1,2.5513026816809514,Baseload
2021-10-10,WRWF1,12.705694021281744,Baseload
2021-10-17,WRWF1,1.8501111879298122,Baseload
2021-10-24,WRWF1,-7.02536275890624,Baseload
2021-10-31,WRWF1,-5.75502530895001,Baseload
2021-11-07,WRWF1,-2.002736460728059,Baseload
2021-11-14,WRWF1,-7.477613093397238,Baseload
2021-11-21,WRWF1,-1.755749717890339,Baseload
2021-11-28,WRWF1,-4.7075370215449865,Baseload
2021-12-05,WRWF1,-6.227552540970791,Baseload
2021-12-12,WRWF1,1.5756299691273483,Baseload
2021-12-19,WRWF1,6.589818579427785,Baseload
2021-12-26,WRWF1,0.6891276022317783,Baseload
2022-01-02,WRWF1,0.9448425578647459,Baseload
2022-01-09,WRWF1,0.0064073464440213,Baseload
2022-01-16,WRWF1,2.0137820257259307,Baseload
2022-01-23,WRWF1,-4.318822789486916,Baseload
2022-01-30,WRWF1,-1.5434039004679079,Baseload
2022-02-06,WRWF1,-17.733570492830765,Baseload
2022-02-13,WRWF1,-3.355862417740852,Baseload
2022-02-20,WRWF1,-4.780187775024842,Baseload
2022-02-27,WRWF1,-9.064560641371273,Baseload
2022-03-06,WRWF1,-3.109768427399942,Baseload
2022-03-13,WRWF1,-6.320576610580503,Baseload
2022-03-20,WRWF1,0.6060444530025393,Baseload
2022-03-27,WRWF1,-3.420574826941234,Baseload
2022-04-03,WRWF1,-11.633794569621841,Baseload
2022-04-10,WRWF1,-13.415059720365463,Baseload
2022-04-17,WRWF1,-8.944330498006138,Baseload
2022-04-24,WRWF1,-16.818951398395114,Baseload
2022-05-01,WRWF1,-13.457266909723359,Baseload
2022-05-08,WRWF1,-35.69585434782863,Baseload
2022-05-15,WRWF1,4.892148011136271,Baseload
2022-05-22,WRWF1,17.9721660931323,Baseload
2022-05-29,WRWF1,-10.059202914801688,Baseload
2022-06-05,WRWF1,-38.06427369675953,Baseload
2022-06-12,WRWF1,4.147792097384752,Baseload
2022-06-19,WRWF1,-69.03643328087787,Baseload
2022-06-26,WRWF1,24.126580389762296,Baseload
2022-07-03,WRWF1,15.843489313514795,Baseload
2022-07-10,WRWF1,-3.1890891719320393,Baseload
2022-07-17,WRWF1,-47.02129565551212,Baseload
2022-07-24,WRWF1,-2.362734765629,Baseload
2022-07-31,WRWF1,-28.22631904749403,Baseload
2022-08-07,WRWF1,-0.14362851516150954,Baseload
2022-08-14,WRWF1,-24.02145182713579,Baseload
2022-08-21,WRWF1,14.062916828407282,Baseload
2022-08-28,WRWF1,5.61608908049169,Baseload
2022-09-04,WRWF1,9.019179982106749,Baseload
2022-09-11,WRWF1,-5.295849001674668,Baseload
2022-09-18,WRWF1,-15.955596100672011,Baseload
2022-09-25,WRWF1,7.4568350489044235,Baseload
2022-10-02,WRWF1,0.8283873578467933,Baseload
2022-10-09,WRWF1,10.194638165054045,Baseload
2022-10-16,WRWF1,8.765171023954196,Baseload
2022-10-23,WRWF1,-3.8415782627182296,Baseload
2022-10-30,WRWF1,-2.02297534742587,Baseload
2022-11-06,WRWF1,6.926666453941067,Baseload
2022-11-13,WRWF1,7.803187363082941,Baseload
2022-11-20,WRWF1,-17.410680009466375,Baseload
2022-11-27,WRWF1,-21.761378804794987,Baseload
2022-12-04,WRWF1,2.3965153564116264,Baseload
2022-12-11,WRWF1,-8.371206482527114,Baseload
2022-12-18,WRWF1,10.248892887040654,Baseload
2022-12-25,WRWF1,15.525419079894633,Baseload
2023-01-01,WRWF1,5.876547898666615,Baseload
2023-01-08,WRWF1,14.402528118959566,Baseload
2023-01-15,WRWF1,9.5329042697322,Baseload
2023-01-22,WRWF1,6.5019558611338795,Baseload
2023-01-29,WRWF1,-0.6324117920350716,Baseload
2023-02-05,WRWF1,-0.8730947745263791,Baseload
2023-02-12,WRWF1,7.78223575319376,Baseload
2023-02-19,WRWF1,2.4338876920019175,Baseload
2023-02-26,WRWF1,7.195560689102621,Baseload
2023-03-05,WRWF1,0.5509353605333871,Baseload
2023-03-12,WRWF1,0.24549310746179742,Baseload
2023-03-19,WRWF1,-22.158837655486963,Baseload
2023-03-26,WRWF1,-3.0129039638236037,Baseload
2023-04-02,WRWF1,-11.20395529013426,Baseload
2023-04-09,WRWF1,-1.1492814255231707,Baseload
2023-04-16,WRWF1,-3.0349675750221934,Baseload
2023-04-23,WRWF1,-2.6920507067040234,Baseload
2023-04-30,WRWF1,-29.684694438617868,Baseload
2023-05-07,WRWF1,-19.063006964818044,Baseload
2023-05-14,WRWF1,-1.8883256730529752,Baseload
2023-05-21,WRWF1,-22.43088501098842,Baseload
2023-05-28,WRWF1,-62.98039619516095,Baseload
2023-06-04,WRWF1,-34.09780751368693,Baseload
2023-06-11,WRWF1,-7.149778347766613,Baseload
2023-06-18,WRWF1,-4.310783644928023,Baseload
2023-06-25,WRWF1,-23.006999240469682,Baseload
2023-07-02,WRWF1,-1.9615885834081155,Baseload
2023-07-09,WRWF1,-2.09889975121024,Baseload
2023-07-16,WRWF1,6.906826068867943,Baseload
2023-07-23,WRWF1,6.8720847680820185,Baseload
2023-07-30,WRWF1,8.513011827034305,Baseload
2023-08-06,WRWF1,-0.20456090052219622,Baseload
2023-08-13,WRWF1,-4.3422529334521585,Baseload
2023-08-20,WRWF1,-32.56247137030685,Baseload
2023-08-27,WRWF1,4.704550693263812,Baseload
2023-09-03,WRWF1,-5.617236823546847,Baseload
2023-09-10,WRWF1,-5.268953784583729,Baseload
2023-09-17,WRWF1,27.84040232516751,Baseload
2023-09-24,WRWF1,3.531344008709013,Baseload
2023-10-01,WRWF1,8.341259746524763,Baseload
2023-10-08,WRWF1,5.584273768399015,Baseload
2023-10-15,WRWF1,8.992839728406658,Baseload
2023-10-22,WRWF1,16.50157134295189,Baseload
2023-10-29,WRWF1,-1.5975756960704146,Baseload
2023-11-05,WRWF1,12.096256083931216,Baseload
2023-11-12,WRWF1,1.488463380192428,Baseload
2023-11-19,WRWF1,-3.998496643471725,Baseload
2023-11-26,WRWF1,2.024556194360656,Baseload
2023-12-03,WRWF1,-5.943278283503673,Baseload
2023-12-10,WRWF1,-11.441200179592599,Baseload
2023-12-17,WRWF1,-0.2844439933034977,Baseload
2023-12-24,WRWF1,5.7571009798067365,Baseload
2023-12-31,WRWF1,-6.725256658158273,Baseload
2024-01-07,WRWF1,3.69883958327177,Baseload
2024-01-14,WRWF1,6.124354866660951,Baseload
2024-01-21,WRWF1,-45.99998740737877,Baseload
2024-01-28,WRWF1,3.0574464241503136,Baseload
2024-02-04,WRWF1,-18.22516410179773,Baseload
2024-02-11,WRWF1,-14.093589054160695,Baseload
2024-02-18,WRWF1,4.467861479545832,Baseload
2024-02-25,WRWF1,-12.595057395641291,Baseload
2024-03-03,WRWF1,-43.25883959113983,Baseload
2024-03-10,WRWF1,1.913624928904028,Baseload
2024-03-17,WRWF1,0.2643106079309234,Baseload
2024-03-24,WRWF1,-1.2516768541113166,Baseload
2024-03-31,WRWF1,12.325908911378548,Baseload
2024-04-07,WRWF1,-0.34068287158919475,Baseload
2024-04-14,WRWF1,-6.712437383187307,Baseload
2024-04-21,WRWF1,-22.878013762961544,Baseload
2024-04-28,WRWF1,5.274852906341863,Baseload
2024-05-05,WRWF1,34.240920120558485,Baseload
2024-05-12,WRWF1,-19.44336531896124,Baseload
2024-05-19,WRWF1,17.4379979742652,Baseload
2024-05-26,WRWF1,1.3549126550702795,Baseload
2024-06-02,WRWF1,1.2035245098049643,Baseload
2024-06-09,WRWF1,-13.054577260833653,Baseload
2024-06-16,WRWF1,-28.37772673981796,Baseload
2024-06-23,WRWF1,-15.779250198198156,Baseload
2024-06-30,WRWF1,-21.532985994725422,Baseload
2024-07-07,WRWF1,-4.191408499938973,Baseload
2024-07-14,WRWF1,-1.2848103743868364,Baseload
2024-07-21,WRWF1,-1.5235740684154564,Baseload
2024-07-28,WRWF1,6.577443310258957,Baseload
2024-08-04,WRWF1,-21.47165385239356,Baseload
2024-08-11,WRWF1,-201.48608838380488,Baseload
2024-08-18,WRWF1,-16.23699022985737,Baseload
2024-08-25,WRWF1,9.039503288890614,Baseload
2024-09-01,WRWF1,10.919834817895193,Baseload
2024-09-08,WRWF1,4.071693509140879,Baseload
2024-09-15,WRWF1,19.543040175225805,Baseload
2024-09-22,WRWF1,9.770293008587387,Baseload
2024-09-29,WRWF1,-19.994908586542977,Baseload
2024-10-06,WRWF1,4.879567992484638,Baseload
2024-10-13,WRWF1,2.41602177658163,Baseload
2024-10-20,WRWF1,0.2432668926975623,Baseload
2024-10-27,WRWF1,19.97234985201959,Baseload
2024-11-03,WRWF1,2.154896679128086,Baseload
2024-11-10,WRWF1,320.72985866689424,Baseload
2024-11-17,WRWF1,-3.888734137023306,Baseload
2024-11-24,WRWF1,-9.1299242828226,Baseload
2024-12-01,WRWF1,-15.80595791380432,Baseload
2024-12-08,WRWF1,-60.80914345639647,Baseload
2024-12-15,WRWF1,26.328628696768845,Baseload
2024-12-22,WRWF1,20.946040196116257,Baseload
2024-12-29,WRWF1,31.852470931654192,Baseload
2025-01-05,WRWF1,13.951581943221399,Baseload
