Period,DUID,Delta,Contract
2020-01-05,CHILDSF1,4.827032305046686,Ex-post DWA
2020-01-12,CHILDSF1,0.5925894397682256,Ex-post DWA
2020-01-19,CHILDSF1,0.4617385405141263,Ex-post DWA
2020-01-26,CHILDSF1,-1.2679201729054768,Ex-post DWA
2020-02-02,CHILDSF1,5.770691046705295,Ex-post DWA
2020-02-09,CHILDSF1,4.161918403786451,Ex-post DWA
2020-02-16,CHILDSF1,0.6170591342962837,Ex-post DWA
2020-02-23,CHILDSF1,-2.1335992842705807,Ex-post DWA
2020-03-01,CHILDSF1,1.472682532179256,Ex-post DWA
2020-03-08,CHILDSF1,2.6174194312872956,Ex-post DWA
2020-03-15,CHILDSF1,-4.209631110873829,Ex-post DWA
2020-03-22,CHILDSF1,0.12329511848813013,Ex-post DWA
2020-03-29,CHILDSF1,0.02479771655002594,Ex-post DWA
2020-04-05,CHILDSF1,-2.6112650059841442,Ex-post DWA
2020-04-12,CHILDSF1,-1.8377377311671559,Ex-post DWA
2020-04-19,CHILDSF1,0.1794577059987148,Ex-post DWA
2020-04-26,CHILDSF1,-0.6574354744249185,Ex-post DWA
2020-05-03,CHILDSF1,4.727728842898076,Ex-post DWA
2020-05-10,CHILDSF1,1.4149507321068242,Ex-post DWA
2020-05-17,CHILDSF1,-0.13418561664102313,Ex-post DWA
2020-05-24,CHILDSF1,-1.8538679233796174,Ex-post DWA
2020-05-31,CHILDSF1,-1.8892377375401956,Ex-post DWA
2020-06-07,CHILDSF1,1.1904951431811526,Ex-post DWA
2020-06-14,CHILDSF1,-1.034125063558701,Ex-post DWA
2020-06-21,CHILDSF1,5.411702517189763,Ex-post DWA
2020-06-28,CHILDSF1,8.516791084149547,Ex-post DWA
2020-07-05,CHILDSF1,-1.2794869552813068,Ex-post DWA
2020-07-12,CHILDSF1,1.1272313045167266,Ex-post DWA
2020-07-19,CHILDSF1,-1.362681575363144,Ex-post DWA
2020-07-26,CHILDSF1,-1.0454238541892629,Ex-post DWA
2020-08-02,CHILDSF1,-0.6872209935224802,Ex-post DWA
2020-08-09,CHILDSF1,-3.513590809037936,Ex-post DWA
2020-08-16,CHILDSF1,-3.153779425139472,Ex-post DWA
2020-08-23,CHILDSF1,-2.3129053404589044,Ex-post DWA
2020-08-30,CHILDSF1,-3.7778316608358553,Ex-post DWA
2020-09-06,CHILDSF1,-4.312190733149627,Ex-post DWA
2020-09-13,CHILDSF1,-0.857537217286195,Ex-post DWA
2020-09-20,CHILDSF1,-1.9855360053609612,Ex-post DWA
2020-09-27,CHILDSF1,-8.365897815285297,Ex-post DWA
2020-10-04,CHILDSF1,-4.382394059949341,Ex-post DWA
2020-10-11,CHILDSF1,-4.086545300850938,Ex-post DWA
2020-10-18,CHILDSF1,-7.434141505611802,Ex-post DWA
2020-10-25,CHILDSF1,-3.8974701673176035,Ex-post DWA
2020-11-01,CHILDSF1,-1.6591895606009004,Ex-post DWA
2020-11-08,CHILDSF1,0.40631641273730423,Ex-post DWA
2020-11-15,CHILDSF1,-1.9507929080766928,Ex-post DWA
2020-11-22,CHILDSF1,0.9612760443615116,Ex-post DWA
2020-11-29,CHILDSF1,0.5602488439463968,Ex-post DWA
2020-12-06,CHILDSF1,-1.0866683908820391,Ex-post DWA
2020-12-13,CHILDSF1,2.2073819745023258,Ex-post DWA
2020-12-20,CHILDSF1,14.669891250041218,Ex-post DWA
2020-12-27,CHILDSF1,-2.2652837074288925,Ex-post DWA
2021-01-03,CHILDSF1,-0.5036230916508408,Ex-post DWA
2021-01-10,CHILDSF1,4.355833880374078,Ex-post DWA
2021-01-17,CHILDSF1,2.1116357050543044,Ex-post DWA
2021-01-24,CHILDSF1,-3.447912418022206,Ex-post DWA
2021-01-31,CHILDSF1,-0.27175351514077306,Ex-post DWA
2021-02-07,CHILDSF1,-0.531522497136649,Ex-post DWA
2021-02-14,CHILDSF1,0.1518542430835197,Ex-post DWA
2021-02-21,CHILDSF1,-0.3474354137303912,Ex-post DWA
2021-02-28,CHILDSF1,4.332805319727733,Ex-post DWA
2021-03-07,CHILDSF1,3.937636295974901,Ex-post DWA
2021-03-14,CHILDSF1,-2.829577886435139,Ex-post DWA
2021-03-21,CHILDSF1,1.4021921663320853,Ex-post DWA
2021-03-28,CHILDSF1,-6.853217363743269,Ex-post DWA
2021-04-04,CHILDSF1,-1.8369327380342568,Ex-post DWA
2021-04-11,CHILDSF1,-15.242025909237064,Ex-post DWA
2021-04-18,CHILDSF1,-1.8053913312158585,Ex-post DWA
2021-04-25,CHILDSF1,8.608150661352735,Ex-post DWA
2021-05-02,CHILDSF1,-2.078548387839966,Ex-post DWA
2021-05-09,CHILDSF1,4.577775209728358,Ex-post DWA
2021-05-16,CHILDSF1,-6.809659440598157,Ex-post DWA
2021-05-23,CHILDSF1,-6.4148403079442025,Ex-post DWA
2021-05-30,CHILDSF1,22.72080194980866,Ex-post DWA
2021-06-06,CHILDSF1,-15.967194873538503,Ex-post DWA
2021-06-13,CHILDSF1,-3.073492510080996,Ex-post DWA
2021-06-20,CHILDSF1,49.081810889086654,Ex-post DWA
2021-06-27,CHILDSF1,-8.885487955722962,Ex-post DWA
2021-07-04,CHILDSF1,-30.92366544993903,Ex-post DWA
2021-07-11,CHILDSF1,2.8451728183480753,Ex-post DWA
2021-07-18,CHILDSF1,-0.3429662815744763,Ex-post DWA
2021-07-25,CHILDSF1,-7.111888123733074,Ex-post DWA
2021-08-01,CHILDSF1,-3.879255947765337,Ex-post DWA
2021-08-08,CHILDSF1,-1.8786026922320254,Ex-post DWA
2021-08-15,CHILDSF1,-4.8112289706105,Ex-post DWA
2021-08-22,CHILDSF1,-7.3187266470583,Ex-post DWA
2021-08-29,CHILDSF1,-3.1579368654425615,Ex-post DWA
2021-09-05,CHILDSF1,-5.122731115734645,Ex-post DWA
2021-09-12,CHILDSF1,-3.7712064015170217,Ex-post DWA
2021-09-19,CHILDSF1,5.4968170020585525,Ex-post DWA
2021-09-26,CHILDSF1,-2.1032077517656793,Ex-post DWA
2021-10-03,CHILDSF1,-21.693535953895335,Ex-post DWA
2021-10-10,CHILDSF1,-2.9592073244525388,Ex-post DWA
2021-10-17,CHILDSF1,-11.449534964631475,Ex-post DWA
2021-10-24,CHILDSF1,-0.5429803037816043,Ex-post DWA
2021-10-31,CHILDSF1,-1.6710965197251895,Ex-post DWA
2021-11-07,CHILDSF1,-1.6386877867635334,Ex-post DWA
2021-11-14,CHILDSF1,-52.09099059262911,Ex-post DWA
2021-11-21,CHILDSF1,-0.24128602365152574,Ex-post DWA
2021-11-28,CHILDSF1,-10.8746035020256,Ex-post DWA
2021-12-05,CHILDSF1,-2.429217640125657,Ex-post DWA
2021-12-12,CHILDSF1,-1.7035487749150633,Ex-post DWA
2021-12-19,CHILDSF1,0.5606030253953946,Ex-post DWA
2021-12-26,CHILDSF1,-19.41818197422637,Ex-post DWA
2022-01-02,CHILDSF1,-2.058101795677878,Ex-post DWA
2022-01-09,CHILDSF1,-18.270718571191452,Ex-post DWA
2022-01-16,CHILDSF1,-4.39216199575398,Ex-post DWA
2022-01-23,CHILDSF1,-8.091889662251091,Ex-post DWA
2022-01-30,CHILDSF1,4.698990796119077,Ex-post DWA
2022-02-06,CHILDSF1,-160.2235588268305,Ex-post DWA
2022-02-13,CHILDSF1,-0.13484398315545576,Ex-post DWA
2022-02-20,CHILDSF1,0.6507995613556972,Ex-post DWA
2022-02-27,CHILDSF1,8.746649780091175,Ex-post DWA
2022-03-06,CHILDSF1,-7.347489386414452,Ex-post DWA
2022-03-13,CHILDSF1,-20.175219421686307,Ex-post DWA
2022-03-20,CHILDSF1,-0.7426032482102798,Ex-post DWA
2022-03-27,CHILDSF1,0.46294270398384185,Ex-post DWA
2022-04-03,CHILDSF1,-5.550961267478272,Ex-post DWA
2022-04-10,CHILDSF1,-13.649444463411157,Ex-post DWA
2022-04-17,CHILDSF1,0.5094435805829676,Ex-post DWA
2022-04-24,CHILDSF1,-10.513425949831571,Ex-post DWA
2022-05-01,CHILDSF1,-13.782952837892651,Ex-post DWA
2022-05-08,CHILDSF1,-5.954750178748213,Ex-post DWA
2022-05-15,CHILDSF1,-19.103944720588117,Ex-post DWA
2022-05-22,CHILDSF1,-3.647292834746736,Ex-post DWA
2022-05-29,CHILDSF1,-10.050718595236873,Ex-post DWA
2022-06-05,CHILDSF1,-23.06662655954483,Ex-post DWA
2022-06-12,CHILDSF1,13.710054195960453,Ex-post DWA
2022-06-19,CHILDSF1,-3.7645942945924276,Ex-post DWA
2022-06-26,CHILDSF1,-11.779084860521493,Ex-post DWA
2022-07-03,CHILDSF1,0.48378421503366553,Ex-post DWA
2022-07-10,CHILDSF1,-54.36099463204624,Ex-post DWA
2022-07-17,CHILDSF1,-30.973913419502594,Ex-post DWA
2022-07-24,CHILDSF1,-38.03733674597572,Ex-post DWA
2022-07-31,CHILDSF1,-3.108962269210025,Ex-post DWA
2022-08-07,CHILDSF1,-4.054027793398845,Ex-post DWA
2022-08-14,CHILDSF1,-8.447106824451382,Ex-post DWA
2022-08-21,CHILDSF1,-3.968918309863618,Ex-post DWA
2022-08-28,CHILDSF1,-6.073316480278759,Ex-post DWA
2022-09-04,CHILDSF1,-1.9270823205013983,Ex-post DWA
2022-09-11,CHILDSF1,-12.960350103638568,Ex-post DWA
2022-09-18,CHILDSF1,-17.168643020669094,Ex-post DWA
2022-09-25,CHILDSF1,-27.152103725758643,Ex-post DWA
2022-10-02,CHILDSF1,-4.822834085791186,Ex-post DWA
2022-10-09,CHILDSF1,-5.739363257026156,Ex-post DWA
2022-10-16,CHILDSF1,-10.71988691027071,Ex-post DWA
2022-10-23,CHILDSF1,-3.2194576615549977,Ex-post DWA
2022-10-30,CHILDSF1,-15.325421143605013,Ex-post DWA
2022-11-06,CHILDSF1,-14.425527521742545,Ex-post DWA
2022-11-13,CHILDSF1,-3.75019479200715,Ex-post DWA
2022-11-20,CHILDSF1,1.9845279288929731,Ex-post DWA
2022-11-27,CHILDSF1,-6.1232860455602065,Ex-post DWA
2022-12-04,CHILDSF1,-17.154752432182242,Ex-post DWA
2022-12-11,CHILDSF1,-6.6001742293685055,Ex-post DWA
2022-12-18,CHILDSF1,-6.411402201833145,Ex-post DWA
2022-12-25,CHILDSF1,-0.7638223843000382,Ex-post DWA
2023-01-01,CHILDSF1,-6.9440383746663805,Ex-post DWA
2023-01-08,CHILDSF1,-7.161743868927616,Ex-post DWA
2023-01-15,CHILDSF1,-0.10192282560122123,Ex-post DWA
2023-01-22,CHILDSF1,-6.6731339866747135,Ex-post DWA
2023-01-29,CHILDSF1,-2.050400295690366,Ex-post DWA
2023-02-05,CHILDSF1,3.65401204245056,Ex-post DWA
2023-02-12,CHILDSF1,-3.4062495016268244,Ex-post DWA
2023-02-19,CHILDSF1,-4.7242789012274145,Ex-post DWA
2023-02-26,CHILDSF1,-4.165764632094138,Ex-post DWA
2023-03-05,CHILDSF1,-0.6077865975432104,Ex-post DWA
2023-03-12,CHILDSF1,1.0028797474466273,Ex-post DWA
2023-03-19,CHILDSF1,-12.550054561957865,Ex-post DWA
2023-03-26,CHILDSF1,-3.674481947108532,Ex-post DWA
2023-04-02,CHILDSF1,8.121725948813292,Ex-post DWA
2023-04-09,CHILDSF1,-3.9598350502354336,Ex-post DWA
2023-04-16,CHILDSF1,-3.7134344102328978,Ex-post DWA
2023-04-23,CHILDSF1,-0.40635385499470544,Ex-post DWA
2023-04-30,CHILDSF1,-2.939739764059091,Ex-post DWA
2023-05-07,CHILDSF1,-5.645694236923717,Ex-post DWA
2023-05-14,CHILDSF1,-8.402551425328909,Ex-post DWA
2023-05-21,CHILDSF1,-7.936432688195197,Ex-post DWA
2023-05-28,CHILDSF1,-5.8847927184678355,Ex-post DWA
2023-06-04,CHILDSF1,-3.0834612164765787,Ex-post DWA
2023-06-11,CHILDSF1,-3.461781931110856,Ex-post DWA
2023-06-18,CHILDSF1,-2.4753243876064914,Ex-post DWA
2023-06-25,CHILDSF1,-0.5884565339622938,Ex-post DWA
2023-07-02,CHILDSF1,-7.436123246719458,Ex-post DWA
2023-07-09,CHILDSF1,-5.4310402136105616,Ex-post DWA
2023-07-16,CHILDSF1,-5.23227845050792,Ex-post DWA
2023-07-23,CHILDSF1,-4.998247311154774,Ex-post DWA
2023-07-30,CHILDSF1,-7.871063946865798,Ex-post DWA
2023-08-06,CHILDSF1,-10.906894519766624,Ex-post DWA
2023-08-13,CHILDSF1,-9.726934952133426,Ex-post DWA
2023-08-20,CHILDSF1,-10.968771319652056,Ex-post DWA
2023-08-27,CHILDSF1,-6.032968881093732,Ex-post DWA
2023-09-03,CHILDSF1,-7.9022322184890825,Ex-post DWA
2023-09-10,CHILDSF1,-12.031182808561121,Ex-post DWA
2023-09-17,CHILDSF1,-9.557058863110592,Ex-post DWA
2023-09-24,CHILDSF1,-8.412820348061489,Ex-post DWA
2023-10-01,CHILDSF1,-10.113811497903683,Ex-post DWA
2023-10-08,CHILDSF1,-9.781910084258241,Ex-post DWA
2023-10-15,CHILDSF1,-9.450505046835179,Ex-post DWA
2023-10-22,CHILDSF1,-7.540603167962134,Ex-post DWA
2023-10-29,CHILDSF1,-8.004225565328264,Ex-post DWA
2023-11-05,CHILDSF1,-3.893282866405796,Ex-post DWA
2023-11-12,CHILDSF1,-12.484078052810915,Ex-post DWA
2023-11-19,CHILDSF1,-4.247595196261717,Ex-post DWA
2023-11-26,CHILDSF1,-7.577105581828299,Ex-post DWA
2023-12-03,CHILDSF1,-10.874987402997675,Ex-post DWA
2023-12-10,CHILDSF1,-4.9789552427316615,Ex-post DWA
2023-12-17,CHILDSF1,0.770164797148972,Ex-post DWA
2023-12-24,CHILDSF1,-6.302577598944467,Ex-post DWA
2023-12-31,CHILDSF1,-8.808174962780054,Ex-post DWA
2024-01-07,CHILDSF1,-3.094902680462173,Ex-post DWA
2024-01-14,CHILDSF1,8.96455897566284,Ex-post DWA
2024-01-21,CHILDSF1,-1.1943385775789892,Ex-post DWA
2024-01-28,CHILDSF1,-6.7983135004532045,Ex-post DWA
2024-02-04,CHILDSF1,-9.78879998211032,Ex-post DWA
2024-02-11,CHILDSF1,-4.171646339533957,Ex-post DWA
2024-02-18,CHILDSF1,-8.765621123020473,Ex-post DWA
2024-02-25,CHILDSF1,10.42693583552142,Ex-post DWA
2024-03-03,CHILDSF1,-1.9540339601071253,Ex-post DWA
2024-03-10,CHILDSF1,-7.926961270319623,Ex-post DWA
2024-03-17,CHILDSF1,-1.1893388669445812,Ex-post DWA
2024-03-24,CHILDSF1,-0.21899555739551602,Ex-post DWA
2024-03-31,CHILDSF1,-14.121678094571042,Ex-post DWA
2024-04-07,CHILDSF1,-0.398139092982845,Ex-post DWA
2024-04-14,CHILDSF1,-13.957334548722217,Ex-post DWA
2024-04-21,CHILDSF1,-2.849890036896639,Ex-post DWA
2024-04-28,CHILDSF1,-7.497716457914471,Ex-post DWA
2024-05-05,CHILDSF1,-13.212696850753048,Ex-post DWA
2024-05-12,CHILDSF1,-4.168861814025021,Ex-post DWA
2024-05-19,CHILDSF1,-5.58627462553551,Ex-post DWA
2024-05-26,CHILDSF1,-7.461007027934494,Ex-post DWA
2024-06-02,CHILDSF1,-4.127653855476424,Ex-post DWA
2024-06-09,CHILDSF1,-4.946478377906246,Ex-post DWA
2024-06-16,CHILDSF1,-6.932031743382675,Ex-post DWA
2024-06-23,CHILDSF1,-2.17765104557715,Ex-post DWA
2024-06-30,CHILDSF1,-4.508983625724994,Ex-post DWA
2024-07-07,CHILDSF1,-5.85182813150675,Ex-post DWA
2024-07-14,CHILDSF1,-0.2066696044008367,Ex-post DWA
2024-07-21,CHILDSF1,0.8127756560022448,Ex-post DWA
2024-07-28,CHILDSF1,-1.1346324242245416,Ex-post DWA
2024-08-04,CHILDSF1,-2.1576060740006433,Ex-post DWA
2024-08-11,CHILDSF1,8.921244565555085,Ex-post DWA
2024-08-18,CHILDSF1,-7.018521106291672,Ex-post DWA
2024-08-25,CHILDSF1,-2.8711594273938212,Ex-post DWA
2024-09-01,CHILDSF1,-4.838143720004476,Ex-post DWA
2024-09-08,CHILDSF1,-5.632126552923523,Ex-post DWA
2024-09-15,CHILDSF1,-2.9932442771291914,Ex-post DWA
2024-09-22,CHILDSF1,-0.406084010097274,Ex-post DWA
2024-09-29,CHILDSF1,-3.2999834103360266,Ex-post DWA
2024-10-06,CHILDSF1,0.5304203988523337,Ex-post DWA
2024-10-13,CHILDSF1,4.0814836473999865,Ex-post DWA
2024-10-20,CHILDSF1,5.263910795903366,Ex-post DWA
2024-10-27,CHILDSF1,-4.4987579737427765,Ex-post DWA
2024-11-03,CHILDSF1,4.7187815311281796,Ex-post DWA
2024-11-10,CHILDSF1,4.03551536058643,Ex-post DWA
2024-11-17,CHILDSF1,2.8231351674240557,Ex-post DWA
2024-11-24,CHILDSF1,6.447158691057588,Ex-post DWA
2024-12-01,CHILDSF1,7.45360173368708,Ex-post DWA
2024-12-08,CHILDSF1,-13.136393115625353,Ex-post DWA
2024-12-15,CHILDSF1,3.4160517164548594,Ex-post DWA
2024-12-22,CHILDSF1,-8.2276836320396,Ex-post DWA
2024-12-29,CHILDSF1,3.9562387578572977,Ex-post DWA
2025-01-05,CHILDSF1,-2.1103740093446106,Ex-post DWA
2020-01-05,CLARESF1,-2.016039659041624,Ex-post DWA
2020-01-12,CLARESF1,0.14274423214993703,Ex-post DWA
2020-01-19,CLARESF1,0.3125160123292545,Ex-post DWA
2020-01-26,CLARESF1,-3.1729495989734033,Ex-post DWA
2020-02-02,CLARESF1,-10.74437368807142,Ex-post DWA
2020-02-09,CLARESF1,-0.6845842712507988,Ex-post DWA
2020-02-16,CLARESF1,0.3575431499565198,Ex-post DWA
2020-02-23,CLARESF1,0.2672096838482645,Ex-post DWA
2020-03-01,CLARESF1,0.31948511318908857,Ex-post DWA
2020-03-08,CLARESF1,-1.1993041937701534,Ex-post DWA
2020-03-15,CLARESF1,-0.5068224292332957,Ex-post DWA
2020-03-22,CLARESF1,-0.8810861310219735,Ex-post DWA
2020-03-29,CLARESF1,0.10608049562451782,Ex-post DWA
2020-04-05,CLARESF1,0.1779831091125601,Ex-post DWA
2020-04-12,CLARESF1,0.028847973092652524,Ex-post DWA
2020-04-19,CLARESF1,-0.3543021002860307,Ex-post DWA
2020-04-26,CLARESF1,-0.12968723118130754,Ex-post DWA
2020-05-03,CLARESF1,8.823664986755695,Ex-post DWA
2020-05-10,CLARESF1,0.9840999192749891,Ex-post DWA
2020-05-17,CLARESF1,0.22804930008533475,Ex-post DWA
2020-05-24,CLARESF1,1.6821432166411334,Ex-post DWA
2020-05-31,CLARESF1,1.5608864950685906,Ex-post DWA
2020-06-07,CLARESF1,-1.0595835039411412,Ex-post DWA
2020-06-14,CLARESF1,-0.49743744169056114,Ex-post DWA
2020-06-21,CLARESF1,-1.0824413669905937,Ex-post DWA
2020-06-28,CLARESF1,-1.6908948342146797,Ex-post DWA
2020-07-05,CLARESF1,-3.333593690926577,Ex-post DWA
2020-07-12,CLARESF1,0.11181256062027245,Ex-post DWA
2020-07-19,CLARESF1,0.3995004370813575,Ex-post DWA
2020-07-26,CLARESF1,1.3440161991462567,Ex-post DWA
2020-08-02,CLARESF1,0.07658434819515136,Ex-post DWA
2020-08-09,CLARESF1,2.156933087601704,Ex-post DWA
2020-08-16,CLARESF1,-2.4864168218180502,Ex-post DWA
2020-08-23,CLARESF1,-3.318387358409331,Ex-post DWA
2020-08-30,CLARESF1,0.5678917788606856,Ex-post DWA
2020-09-06,CLARESF1,1.5131740904629112,Ex-post DWA
2020-09-13,CLARESF1,-0.9936931465586714,Ex-post DWA
2020-09-20,CLARESF1,1.2046262641290095,Ex-post DWA
2020-09-27,CLARESF1,4.592098270997619,Ex-post DWA
2020-10-04,CLARESF1,-0.30169681646907875,Ex-post DWA
2020-10-11,CLARESF1,2.4168944894338864,Ex-post DWA
2020-10-18,CLARESF1,-0.6168501457692059,Ex-post DWA
2020-10-25,CLARESF1,0.45304697441096664,Ex-post DWA
2020-11-01,CLARESF1,-0.651552365174858,Ex-post DWA
2020-11-08,CLARESF1,-0.5059610334190872,Ex-post DWA
2020-11-15,CLARESF1,-0.030541208804915954,Ex-post DWA
2020-11-22,CLARESF1,0.9927332388881069,Ex-post DWA
2020-11-29,CLARESF1,-5.796480895139339,Ex-post DWA
2020-12-06,CLARESF1,2.881691626254394,Ex-post DWA
2020-12-13,CLARESF1,-0.1682533193592377,Ex-post DWA
2020-12-20,CLARESF1,5.5868184632188616,Ex-post DWA
2020-12-27,CLARESF1,4.08212081819979,Ex-post DWA
2021-01-03,CLARESF1,1.1892246404141815,Ex-post DWA
2021-01-10,CLARESF1,-1.6216213563704258,Ex-post DWA
2021-01-17,CLARESF1,-1.3538932718336056,Ex-post DWA
2021-01-24,CLARESF1,-6.891934207608159,Ex-post DWA
2021-01-31,CLARESF1,0.25088879687613996,Ex-post DWA
2021-02-07,CLARESF1,0.5228136838336468,Ex-post DWA
2021-02-14,CLARESF1,-0.4479269903128795,Ex-post DWA
2021-02-21,CLARESF1,-1.4490184315370271,Ex-post DWA
2021-02-28,CLARESF1,-2.8936199874177717,Ex-post DWA
2021-03-07,CLARESF1,-2.6648000311599915,Ex-post DWA
2021-03-14,CLARESF1,3.570399525829316,Ex-post DWA
2021-03-21,CLARESF1,-1.2432523412904501,Ex-post DWA
2021-03-28,CLARESF1,-3.681420715701652,Ex-post DWA
2021-04-04,CLARESF1,-0.20409487074879706,Ex-post DWA
2021-04-11,CLARESF1,-14.792332065401304,Ex-post DWA
2021-04-18,CLARESF1,-1.8958245922421657,Ex-post DWA
2021-04-25,CLARESF1,-10.046134957591562,Ex-post DWA
2021-05-02,CLARESF1,-0.7578702876640513,Ex-post DWA
2021-05-09,CLARESF1,1.490293723271563,Ex-post DWA
2021-05-16,CLARESF1,-23.371797341125404,Ex-post DWA
2021-05-23,CLARESF1,0.2150778430405147,Ex-post DWA
2021-05-30,CLARESF1,-34.388123799358965,Ex-post DWA
2021-06-06,CLARESF1,17.42843807377028,Ex-post DWA
2021-06-13,CLARESF1,4.360026535196781,Ex-post DWA
2021-06-20,CLARESF1,-3.236863796197113,Ex-post DWA
2021-06-27,CLARESF1,5.313250359910384,Ex-post DWA
2021-07-04,CLARESF1,19.69158199275418,Ex-post DWA
2021-07-11,CLARESF1,-1.334069207706463,Ex-post DWA
2021-07-18,CLARESF1,7.0315383484154665,Ex-post DWA
2021-07-25,CLARESF1,9.732292592182588,Ex-post DWA
2021-08-01,CLARESF1,4.384846521015348,Ex-post DWA
2021-08-08,CLARESF1,0.26779035255874106,Ex-post DWA
2021-08-15,CLARESF1,7.656050960261734,Ex-post DWA
2021-08-22,CLARESF1,15.075432309200636,Ex-post DWA
2021-08-29,CLARESF1,9.963201239452765,Ex-post DWA
2021-09-05,CLARESF1,6.720679138197916,Ex-post DWA
2021-09-12,CLARESF1,16.372702342733742,Ex-post DWA
2021-09-19,CLARESF1,19.02404147182757,Ex-post DWA
2021-09-26,CLARESF1,26.201400551975112,Ex-post DWA
2021-10-03,CLARESF1,22.599470028505202,Ex-post DWA
2021-10-10,CLARESF1,60.466263210875326,Ex-post DWA
2021-10-17,CLARESF1,10.580054733096027,Ex-post DWA
2021-10-24,CLARESF1,-8.196493540929943,Ex-post DWA
2021-10-31,CLARESF1,6.098799233187265,Ex-post DWA
2021-11-07,CLARESF1,6.307954103193609,Ex-post DWA
2021-11-14,CLARESF1,-13.999073008250832,Ex-post DWA
2021-11-21,CLARESF1,9.899365270636196,Ex-post DWA
2021-11-28,CLARESF1,7.628594714313834,Ex-post DWA
2021-12-05,CLARESF1,10.375419056432612,Ex-post DWA
2021-12-12,CLARESF1,8.839827649317627,Ex-post DWA
2021-12-19,CLARESF1,0.40336949554633605,Ex-post DWA
2021-12-26,CLARESF1,-7.931631261190105,Ex-post DWA
2022-01-02,CLARESF1,0.9722958378290087,Ex-post DWA
2022-01-09,CLARESF1,5.507488251153262,Ex-post DWA
2022-01-16,CLARESF1,0.8495661265101546,Ex-post DWA
2022-01-23,CLARESF1,15.641371944162657,Ex-post DWA
2022-01-30,CLARESF1,0.004605393064267105,Ex-post DWA
2022-02-06,CLARESF1,201.38188886629877,Ex-post DWA
2022-02-13,CLARESF1,1.0021282685332267,Ex-post DWA
2022-02-20,CLARESF1,-1.6065338933233022,Ex-post DWA
2022-02-27,CLARESF1,1.600949732215227,Ex-post DWA
2022-03-06,CLARESF1,-3.034666078578269,Ex-post DWA
2022-03-13,CLARESF1,28.050581053661247,Ex-post DWA
2022-03-20,CLARESF1,4.1339895841722765,Ex-post DWA
2022-03-27,CLARESF1,0.055259421845022416,Ex-post DWA
2022-04-03,CLARESF1,4.470055948594549,Ex-post DWA
2022-04-10,CLARESF1,29.54929709352328,Ex-post DWA
2022-04-17,CLARESF1,-12.38963710598054,Ex-post DWA
2022-04-24,CLARESF1,3.5987788700328878,Ex-post DWA
2022-05-01,CLARESF1,-1.8619377535853516,Ex-post DWA
2022-05-08,CLARESF1,16.392630180048968,Ex-post DWA
2022-05-15,CLARESF1,12.417392881707485,Ex-post DWA
2022-05-22,CLARESF1,1.7630387836027808,Ex-post DWA
2022-05-29,CLARESF1,4.660280429057735,Ex-post DWA
2022-06-05,CLARESF1,21.435194120453843,Ex-post DWA
2022-06-12,CLARESF1,-0.35625543492653833,Ex-post DWA
2022-06-19,CLARESF1,0.4731866264382347,Ex-post DWA
2022-06-26,CLARESF1,14.625713902040815,Ex-post DWA
2022-07-03,CLARESF1,47.72017508618069,Ex-post DWA
2022-07-10,CLARESF1,-51.12093706777097,Ex-post DWA
2022-07-17,CLARESF1,37.2815153178945,Ex-post DWA
2022-07-24,CLARESF1,13.280113901679613,Ex-post DWA
2022-07-31,CLARESF1,11.075620658002677,Ex-post DWA
2022-08-07,CLARESF1,3.216057395010239,Ex-post DWA
2022-08-14,CLARESF1,12.107017037685779,Ex-post DWA
2022-08-21,CLARESF1,60.841673243125946,Ex-post DWA
2022-08-28,CLARESF1,32.016357246084745,Ex-post DWA
2022-09-04,CLARESF1,3.646052920410696,Ex-post DWA
2022-09-11,CLARESF1,47.65718871795147,Ex-post DWA
2022-09-18,CLARESF1,44.36307719753812,Ex-post DWA
2022-09-25,CLARESF1,38.518029059881826,Ex-post DWA
2022-10-02,CLARESF1,11.733610319584315,Ex-post DWA
2022-10-09,CLARESF1,10.09531444594289,Ex-post DWA
2022-10-16,CLARESF1,68.47085916792858,Ex-post DWA
2022-10-23,CLARESF1,-0.7155511296680004,Ex-post DWA
2022-10-30,CLARESF1,35.177327980894916,Ex-post DWA
2022-11-06,CLARESF1,42.41043965838798,Ex-post DWA
2022-11-13,CLARESF1,8.097604677305604,Ex-post DWA
2022-11-20,CLARESF1,3.5803104221305375,Ex-post DWA
2022-11-27,CLARESF1,25.081770108600892,Ex-post DWA
2022-12-04,CLARESF1,27.529820152277694,Ex-post DWA
2022-12-11,CLARESF1,14.612794382132243,Ex-post DWA
2022-12-18,CLARESF1,16.664046308730185,Ex-post DWA
2022-12-25,CLARESF1,17.871725713246402,Ex-post DWA
2023-01-01,CLARESF1,11.811265260385774,Ex-post DWA
2023-01-08,CLARESF1,16.242979390706168,Ex-post DWA
2023-01-15,CLARESF1,6.359746775596889,Ex-post DWA
2023-01-22,CLARESF1,7.650279521415044,Ex-post DWA
2023-01-29,CLARESF1,9.878192441488636,Ex-post DWA
2023-02-05,CLARESF1,11.033086158749143,Ex-post DWA
2023-02-12,CLARESF1,12.613651556825673,Ex-post DWA
2023-02-19,CLARESF1,2.2280962559480386,Ex-post DWA
2023-02-26,CLARESF1,19.097540199076704,Ex-post DWA
2023-03-05,CLARESF1,15.286090532468542,Ex-post DWA
2023-03-12,CLARESF1,8.007030629625206,Ex-post DWA
2023-03-19,CLARESF1,11.94658597945022,Ex-post DWA
2023-03-26,CLARESF1,11.542657359743991,Ex-post DWA
2023-04-02,CLARESF1,27.013013129935317,Ex-post DWA
2023-04-09,CLARESF1,30.120152527521547,Ex-post DWA
2023-04-16,CLARESF1,35.566641121920355,Ex-post DWA
2023-04-23,CLARESF1,12.315681757770456,Ex-post DWA
2023-04-30,CLARESF1,10.605832109860295,Ex-post DWA
2023-05-07,CLARESF1,26.34337239130131,Ex-post DWA
2023-05-14,CLARESF1,20.776006971172265,Ex-post DWA
2023-05-21,CLARESF1,29.064709301195236,Ex-post DWA
2023-05-28,CLARESF1,14.046724962667135,Ex-post DWA
2023-06-04,CLARESF1,10.183073157923097,Ex-post DWA
2023-06-11,CLARESF1,7.24785557047678,Ex-post DWA
2023-06-18,CLARESF1,19.992935573895075,Ex-post DWA
2023-06-25,CLARESF1,19.942585520393358,Ex-post DWA
2023-07-02,CLARESF1,33.006563974194385,Ex-post DWA
2023-07-09,CLARESF1,40.24411971463255,Ex-post DWA
2023-07-16,CLARESF1,19.093047295149656,Ex-post DWA
2023-07-23,CLARESF1,29.371122255997975,Ex-post DWA
2023-07-30,CLARESF1,38.42824177952107,Ex-post DWA
2023-08-06,CLARESF1,24.61714485058223,Ex-post DWA
2023-08-13,CLARESF1,36.434335499923236,Ex-post DWA
2023-08-20,CLARESF1,44.86281395981307,Ex-post DWA
2023-08-27,CLARESF1,49.64030065920708,Ex-post DWA
2023-09-03,CLARESF1,41.160964277946235,Ex-post DWA
2023-09-10,CLARESF1,27.213988828094756,Ex-post DWA
2023-09-17,CLARESF1,41.88409455460745,Ex-post DWA
2023-09-24,CLARESF1,38.35022060268943,Ex-post DWA
2023-10-01,CLARESF1,54.01611828037844,Ex-post DWA
2023-10-08,CLARESF1,32.77813454557852,Ex-post DWA
2023-10-15,CLARESF1,47.555516984263186,Ex-post DWA
2023-10-22,CLARESF1,29.624836442838557,Ex-post DWA
2023-10-29,CLARESF1,39.89403610009336,Ex-post DWA
2023-11-05,CLARESF1,27.176640209904996,Ex-post DWA
2023-11-12,CLARESF1,43.35052090085874,Ex-post DWA
2023-11-19,CLARESF1,53.222087072483134,Ex-post DWA
2023-11-26,CLARESF1,8.464855751487548,Ex-post DWA
2023-12-03,CLARESF1,26.013317529102387,Ex-post DWA
2023-12-10,CLARESF1,15.28480984133991,Ex-post DWA
2023-12-17,CLARESF1,3.309209857814487,Ex-post DWA
2023-12-24,CLARESF1,21.529456645008942,Ex-post DWA
2023-12-31,CLARESF1,65.46279828684166,Ex-post DWA
2024-01-07,CLARESF1,10.40280864469619,Ex-post DWA
2024-01-14,CLARESF1,6.032849528131216,Ex-post DWA
2024-01-21,CLARESF1,29.29673128325014,Ex-post DWA
2024-01-28,CLARESF1,16.69711260116233,Ex-post DWA
2024-02-04,CLARESF1,-1.0454165692808886,Ex-post DWA
2024-02-11,CLARESF1,11.837839141433498,Ex-post DWA
2024-02-18,CLARESF1,9.637106980450035,Ex-post DWA
2024-02-25,CLARESF1,-9.389367429571053,Ex-post DWA
2024-03-03,CLARESF1,-11.468519194975116,Ex-post DWA
2024-03-10,CLARESF1,4.447768728888043,Ex-post DWA
2024-03-17,CLARESF1,-0.7567305890750191,Ex-post DWA
2024-03-24,CLARESF1,-2.7717271337595832,Ex-post DWA
2024-03-31,CLARESF1,2.6569845456806647,Ex-post DWA
2024-04-07,CLARESF1,0.06407662638171274,Ex-post DWA
2024-04-14,CLARESF1,-1.363928484745248,Ex-post DWA
2024-04-21,CLARESF1,-4.18430418966183,Ex-post DWA
2024-04-28,CLARESF1,-4.617204383883383,Ex-post DWA
2024-05-05,CLARESF1,-0.5145776827300992,Ex-post DWA
2024-05-12,CLARESF1,2.8606066414757265,Ex-post DWA
2024-05-19,CLARESF1,17.94240348144229,Ex-post DWA
2024-05-26,CLARESF1,2.377261237980207,Ex-post DWA
2024-06-02,CLARESF1,7.000423423511968,Ex-post DWA
2024-06-09,CLARESF1,3.2550608480529846,Ex-post DWA
2024-06-16,CLARESF1,5.652768521871177,Ex-post DWA
2024-06-23,CLARESF1,8.767812117678389,Ex-post DWA
2024-06-30,CLARESF1,2.9556528203016654,Ex-post DWA
2024-07-07,CLARESF1,8.49735246638972,Ex-post DWA
2024-07-14,CLARESF1,5.786962203224654,Ex-post DWA
2024-07-21,CLARESF1,12.388187598498124,Ex-post DWA
2024-07-28,CLARESF1,-0.5068727949486771,Ex-post DWA
2024-08-04,CLARESF1,0.2351774302975933,Ex-post DWA
2024-08-11,CLARESF1,17.776086819423313,Ex-post DWA
2024-08-18,CLARESF1,30.331982530536507,Ex-post DWA
2024-08-25,CLARESF1,4.81170680777997,Ex-post DWA
2024-09-01,CLARESF1,9.250972776331302,Ex-post DWA
2024-09-08,CLARESF1,9.429498013451937,Ex-post DWA
2024-09-15,CLARESF1,7.217674132207814,Ex-post DWA
2024-09-22,CLARESF1,-5.7006258055363155,Ex-post DWA
2024-09-29,CLARESF1,0.45652680488506014,Ex-post DWA
2024-10-06,CLARESF1,0.5791937094775736,Ex-post DWA
2024-10-13,CLARESF1,4.580018827816476,Ex-post DWA
2024-10-20,CLARESF1,-1.0683180833636925,Ex-post DWA
2024-10-27,CLARESF1,-2.0631471309449827,Ex-post DWA
2024-11-03,CLARESF1,2.002016728928405,Ex-post DWA
2024-11-10,CLARESF1,13.423608433639899,Ex-post DWA
2024-11-17,CLARESF1,14.161074355504994,Ex-post DWA
2024-11-24,CLARESF1,9.558325168657724,Ex-post DWA
2024-12-01,CLARESF1,6.390820304022284,Ex-post DWA
2024-12-08,CLARESF1,6.690488284730193,Ex-post DWA
2024-12-15,CLARESF1,-0.8618247353043245,Ex-post DWA
2024-12-22,CLARESF1,53.757092123452296,Ex-post DWA
2024-12-29,CLARESF1,64.39759378966286,Ex-post DWA
2025-01-05,CLARESF1,26.709862670930647,Ex-post DWA
2020-01-05,CLERMSF1,2.0407082042978146,Ex-post DWA
2020-01-12,CLERMSF1,0.44129211634225385,Ex-post DWA
2020-01-19,CLERMSF1,0.023899289570145754,Ex-post DWA
2020-01-26,CLERMSF1,5.347803383155906,Ex-post DWA
2020-02-02,CLERMSF1,8.940475338594055,Ex-post DWA
2020-02-09,CLERMSF1,0.5408264836624568,Ex-post DWA
2020-02-16,CLERMSF1,1.3696700251650924,Ex-post DWA
2020-02-23,CLERMSF1,2.4248286851356866,Ex-post DWA
2020-03-01,CLERMSF1,-0.4636627148343777,Ex-post DWA
2020-03-08,CLERMSF1,-0.2782657263810222,Ex-post DWA
2020-03-15,CLERMSF1,-0.6946961911441925,Ex-post DWA
2020-03-22,CLERMSF1,0.4366402992355738,Ex-post DWA
2020-03-29,CLERMSF1,-0.07355624538898553,Ex-post DWA
2020-04-05,CLERMSF1,-0.9953408370140266,Ex-post DWA
2020-04-12,CLERMSF1,1.5668794748500297,Ex-post DWA
2020-04-19,CLERMSF1,0.8786368012309964,Ex-post DWA
2020-04-26,CLERMSF1,0.48311444292950156,Ex-post DWA
2020-05-03,CLERMSF1,-17.217942004500564,Ex-post DWA
2020-05-10,CLERMSF1,0.35075910046780123,Ex-post DWA
2020-05-17,CLERMSF1,-0.9160632139612837,Ex-post DWA
2020-05-24,CLERMSF1,-0.10525004131556415,Ex-post DWA
2020-05-31,CLERMSF1,2.5983751801259416,Ex-post DWA
2020-06-07,CLERMSF1,0.18048121008877516,Ex-post DWA
2020-06-14,CLERMSF1,1.8482406058441008,Ex-post DWA
2020-06-21,CLERMSF1,0.7201930808343704,Ex-post DWA
2020-06-28,CLERMSF1,2.1756758933067673,Ex-post DWA
2020-07-05,CLERMSF1,2.462523882885719,Ex-post DWA
2020-07-12,CLERMSF1,0.2603099655940184,Ex-post DWA
2020-07-19,CLERMSF1,1.6787827376217308,Ex-post DWA
2020-07-26,CLERMSF1,-1.6701222098067205,Ex-post DWA
2020-08-02,CLERMSF1,0.25051956047374446,Ex-post DWA
2020-08-09,CLERMSF1,0.4645097755881231,Ex-post DWA
2020-08-16,CLERMSF1,6.7581773460516015,Ex-post DWA
2020-08-23,CLERMSF1,5.608231182311103,Ex-post DWA
2020-08-30,CLERMSF1,4.080431527191853,Ex-post DWA
2020-09-06,CLERMSF1,7.4210405309529826,Ex-post DWA
2020-09-13,CLERMSF1,1.5527973002408935,Ex-post DWA
2020-09-20,CLERMSF1,2.0200924939216875,Ex-post DWA
2020-09-27,CLERMSF1,2.6431461831119165,Ex-post DWA
2020-10-04,CLERMSF1,0.5771859910422066,Ex-post DWA
2020-10-11,CLERMSF1,0.9502728256677848,Ex-post DWA
2020-10-18,CLERMSF1,8.409341706240433,Ex-post DWA
2020-10-25,CLERMSF1,0.20530394132631713,Ex-post DWA
2020-11-01,CLERMSF1,0.4318924132874855,Ex-post DWA
2020-11-08,CLERMSF1,3.660157439437331,Ex-post DWA
2020-11-15,CLERMSF1,-1.2391396087777977,Ex-post DWA
2020-11-22,CLERMSF1,3.6953399868148864,Ex-post DWA
2020-11-29,CLERMSF1,-7.7689635920315325,Ex-post DWA
2020-12-06,CLERMSF1,1.00910715954749,Ex-post DWA
2020-12-13,CLERMSF1,2.981395163791703,Ex-post DWA
2020-12-20,CLERMSF1,3.642377971339684,Ex-post DWA
2020-12-27,CLERMSF1,1.8675360820168692,Ex-post DWA
2021-01-03,CLERMSF1,-0.8812127171864361,Ex-post DWA
2021-01-10,CLERMSF1,0.8878917717943224,Ex-post DWA
2021-01-17,CLERMSF1,0.6027001032306245,Ex-post DWA
2021-01-24,CLERMSF1,-2.0710519076751197,Ex-post DWA
2021-01-31,CLERMSF1,-0.020865104121398304,Ex-post DWA
2021-02-07,CLERMSF1,-0.6349353012968422,Ex-post DWA
2021-02-14,CLERMSF1,0.03652063285419871,Ex-post DWA
2021-02-21,CLERMSF1,1.0341429037178678,Ex-post DWA
2021-02-28,CLERMSF1,0.8623425474045803,Ex-post DWA
2021-03-07,CLERMSF1,0.2574690634112322,Ex-post DWA
2021-03-14,CLERMSF1,1.7814059133232973,Ex-post DWA
2021-03-21,CLERMSF1,0.02531068127997571,Ex-post DWA
2021-03-28,CLERMSF1,1.8325616954477546,Ex-post DWA
2021-04-04,CLERMSF1,-0.3213233706809149,Ex-post DWA
2021-04-11,CLERMSF1,5.926149079960894,Ex-post DWA
2021-04-18,CLERMSF1,2.9381318670160823,Ex-post DWA
2021-04-25,CLERMSF1,-8.15422774634882,Ex-post DWA
2021-05-02,CLERMSF1,0.16965294014279664,Ex-post DWA
2021-05-09,CLERMSF1,1.9180830637202178,Ex-post DWA
2021-05-16,CLERMSF1,10.187494643427513,Ex-post DWA
2021-05-23,CLERMSF1,-2.213700497645144,Ex-post DWA
2021-05-30,CLERMSF1,71.04922820446563,Ex-post DWA
2021-06-06,CLERMSF1,-3.415728382758772,Ex-post DWA
2021-06-13,CLERMSF1,0.5950710461488029,Ex-post DWA
2021-06-20,CLERMSF1,57.743014523128664,Ex-post DWA
2021-06-27,CLERMSF1,-4.823401850938062,Ex-post DWA
2021-07-04,CLERMSF1,-11.971204268026852,Ex-post DWA
2021-07-11,CLERMSF1,4.828043156486942,Ex-post DWA
2021-07-18,CLERMSF1,0.46716687188559547,Ex-post DWA
2021-07-25,CLERMSF1,-3.104463721733403,Ex-post DWA
2021-08-01,CLERMSF1,1.0126267415604246,Ex-post DWA
2021-08-08,CLERMSF1,-0.38166393898165296,Ex-post DWA
2021-08-15,CLERMSF1,3.37296672832208,Ex-post DWA
2021-08-22,CLERMSF1,4.621924444991567,Ex-post DWA
2021-08-29,CLERMSF1,4.909802144867946,Ex-post DWA
2021-09-05,CLERMSF1,0.31157944158222506,Ex-post DWA
2021-09-12,CLERMSF1,3.202755321142518,Ex-post DWA
2021-09-19,CLERMSF1,-3.7576167377369565,Ex-post DWA
2021-09-26,CLERMSF1,7.701225168692952,Ex-post DWA
2021-10-03,CLERMSF1,24.740460989326586,Ex-post DWA
2021-10-10,CLERMSF1,11.750755694502088,Ex-post DWA
2021-10-17,CLERMSF1,-0.3392747687481119,Ex-post DWA
2021-10-24,CLERMSF1,13.264062819395868,Ex-post DWA
2021-10-31,CLERMSF1,-2.8227790137844266,Ex-post DWA
2021-11-07,CLERMSF1,-3.9207912825312192,Ex-post DWA
2021-11-14,CLERMSF1,20.35058840195373,Ex-post DWA
2021-11-21,CLERMSF1,4.695155652898109,Ex-post DWA
2021-11-28,CLERMSF1,6.761885599950773,Ex-post DWA
2021-12-05,CLERMSF1,-4.054550535489405,Ex-post DWA
2021-12-12,CLERMSF1,10.513732048531594,Ex-post DWA
2021-12-19,CLERMSF1,1.5322929780278685,Ex-post DWA
2021-12-26,CLERMSF1,11.225101555658014,Ex-post DWA
2022-01-02,CLERMSF1,3.2259025641574794,Ex-post DWA
2022-01-09,CLERMSF1,-0.6223846515110978,Ex-post DWA
2022-01-16,CLERMSF1,0.7276243849938027,Ex-post DWA
2022-01-23,CLERMSF1,-4.550467340237319,Ex-post DWA
2022-01-30,CLERMSF1,2.929505847914868,Ex-post DWA
2022-02-06,CLERMSF1,-73.23311938265363,Ex-post DWA
2022-02-13,CLERMSF1,0.5176399725894782,Ex-post DWA
2022-02-20,CLERMSF1,2.8383142110966446,Ex-post DWA
2022-02-27,CLERMSF1,5.143419186838003,Ex-post DWA
2022-03-06,CLERMSF1,-3.2922254749785367,Ex-post DWA
2022-03-13,CLERMSF1,13.459681810285176,Ex-post DWA
2022-03-20,CLERMSF1,2.8690534226282267,Ex-post DWA
2022-03-27,CLERMSF1,5.167233308063032,Ex-post DWA
2022-04-03,CLERMSF1,6.748112299046568,Ex-post DWA
2022-04-10,CLERMSF1,22.54987242410502,Ex-post DWA
2022-04-17,CLERMSF1,2.5319181852640043,Ex-post DWA
2022-04-24,CLERMSF1,-0.2301520621793287,Ex-post DWA
2022-05-01,CLERMSF1,-21.76561437235307,Ex-post DWA
2022-05-08,CLERMSF1,-4.30375296639707,Ex-post DWA
2022-05-15,CLERMSF1,3.403953965717619,Ex-post DWA
2022-05-22,CLERMSF1,5.57120199517658,Ex-post DWA
2022-05-29,CLERMSF1,-2.7420449643710185,Ex-post DWA
2022-06-05,CLERMSF1,41.72570301824129,Ex-post DWA
2022-06-12,CLERMSF1,12.12224739351123,Ex-post DWA
2022-06-19,CLERMSF1,-0.618826251244343,Ex-post DWA
2022-06-26,CLERMSF1,3.4656367141446935,Ex-post DWA
2022-07-03,CLERMSF1,0.6405209127443072,Ex-post DWA
2022-07-10,CLERMSF1,141.77140780782884,Ex-post DWA
2022-07-17,CLERMSF1,6.482815879482104,Ex-post DWA
2022-07-24,CLERMSF1,10.723682073192151,Ex-post DWA
2022-07-31,CLERMSF1,-0.568600438741683,Ex-post DWA
2022-08-07,CLERMSF1,5.458026932826584,Ex-post DWA
2022-08-14,CLERMSF1,-0.0994372133716439,Ex-post DWA
2022-08-21,CLERMSF1,11.7522350406779,Ex-post DWA
2022-08-28,CLERMSF1,5.806395622470156,Ex-post DWA
2022-09-04,CLERMSF1,7.3018827957351675,Ex-post DWA
2022-09-11,CLERMSF1,-1.5950057533204358,Ex-post DWA
2022-09-18,CLERMSF1,10.349081236415344,Ex-post DWA
2022-09-25,CLERMSF1,-7.433313830689258,Ex-post DWA
2022-10-02,CLERMSF1,-6.942355726539006,Ex-post DWA
2022-10-09,CLERMSF1,5.728706327435518,Ex-post DWA
2022-10-16,CLERMSF1,-3.9811703889125454,Ex-post DWA
2022-10-23,CLERMSF1,-4.113822599081672,Ex-post DWA
2022-10-30,CLERMSF1,-0.6785046559718779,Ex-post DWA
2022-11-06,CLERMSF1,-0.42990604267399846,Ex-post DWA
2022-11-13,CLERMSF1,-1.7814660856077609,Ex-post DWA
2022-11-20,CLERMSF1,1.2611298653994822,Ex-post DWA
2022-11-27,CLERMSF1,-5.179528200319432,Ex-post DWA
2022-12-04,CLERMSF1,-8.941660182546016,Ex-post DWA
2022-12-11,CLERMSF1,-2.3538490793162268,Ex-post DWA
2022-12-18,CLERMSF1,-1.4501024729431968,Ex-post DWA
2022-12-25,CLERMSF1,-1.0645921852909126,Ex-post DWA
2023-01-01,CLERMSF1,1.1766779220284356,Ex-post DWA
2023-01-08,CLERMSF1,0.2753031806878461,Ex-post DWA
2023-01-15,CLERMSF1,-8.79721605919849,Ex-post DWA
2023-01-22,CLERMSF1,-4.6618412703667715,Ex-post DWA
2023-01-29,CLERMSF1,7.771685853108309,Ex-post DWA
2023-02-05,CLERMSF1,5.831732321934595,Ex-post DWA
2023-02-12,CLERMSF1,-0.9908917770308179,Ex-post DWA
2023-02-19,CLERMSF1,3.282078799186664,Ex-post DWA
2023-02-26,CLERMSF1,5.79150493302582,Ex-post DWA
2023-03-05,CLERMSF1,-1.7542863623407925,Ex-post DWA
2023-03-12,CLERMSF1,1.1752224294024671,Ex-post DWA
2023-03-19,CLERMSF1,7.683628155612695,Ex-post DWA
2023-03-26,CLERMSF1,-2.372032816735576,Ex-post DWA
2023-04-02,CLERMSF1,17.895825675652162,Ex-post DWA
2023-04-09,CLERMSF1,5.094306717365235,Ex-post DWA
2023-04-16,CLERMSF1,-1.3676661490247817,Ex-post DWA
2023-04-23,CLERMSF1,-4.24227131467903,Ex-post DWA
2023-04-30,CLERMSF1,-1.2173580210449373,Ex-post DWA
2023-05-07,CLERMSF1,4.511176281806428,Ex-post DWA
2023-05-14,CLERMSF1,-0.014565182806933308,Ex-post DWA
2023-05-21,CLERMSF1,5.554799510662207,Ex-post DWA
2023-05-28,CLERMSF1,2.3771852297487968,Ex-post DWA
2023-06-04,CLERMSF1,0.8604031624052269,Ex-post DWA
2023-06-11,CLERMSF1,1.0633303309168696,Ex-post DWA
2023-06-18,CLERMSF1,-0.5961022627881292,Ex-post DWA
2023-06-25,CLERMSF1,4.9706118031108915,Ex-post DWA
2023-07-02,CLERMSF1,-0.7378642689704868,Ex-post DWA
2023-07-09,CLERMSF1,3.743954402978652,Ex-post DWA
2023-07-16,CLERMSF1,-1.730583620122598,Ex-post DWA
2023-07-23,CLERMSF1,-5.038598785399122,Ex-post DWA
2023-07-30,CLERMSF1,-8.794048989141041,Ex-post DWA
2023-08-06,CLERMSF1,-1.5049089752885885,Ex-post DWA
2023-08-13,CLERMSF1,-2.691710656744013,Ex-post DWA
2023-08-20,CLERMSF1,-1.0742799111119945,Ex-post DWA
2023-08-27,CLERMSF1,-4.039043702465159,Ex-post DWA
2023-09-03,CLERMSF1,-7.569243214282041,Ex-post DWA
2023-09-10,CLERMSF1,-0.26125139584186563,Ex-post DWA
2023-09-17,CLERMSF1,0.6857710818216258,Ex-post DWA
2023-09-24,CLERMSF1,-0.31356463573016136,Ex-post DWA
2023-10-01,CLERMSF1,-4.0891778866611475,Ex-post DWA
2023-10-08,CLERMSF1,-7.441672153549469,Ex-post DWA
2023-10-15,CLERMSF1,-8.730310743816894,Ex-post DWA
2023-10-22,CLERMSF1,-7.303477379896792,Ex-post DWA
2023-10-29,CLERMSF1,-5.401360715447558,Ex-post DWA
2023-11-05,CLERMSF1,-2.9587672956735496,Ex-post DWA
2023-11-12,CLERMSF1,1.6377451738743574,Ex-post DWA
2023-11-19,CLERMSF1,-2.3321747278602274,Ex-post DWA
2023-11-26,CLERMSF1,2.0027556048277333,Ex-post DWA
2023-12-03,CLERMSF1,-10.035189724259006,Ex-post DWA
2023-12-10,CLERMSF1,-2.7131407345417884,Ex-post DWA
2023-12-17,CLERMSF1,7.1092855739146685,Ex-post DWA
2023-12-24,CLERMSF1,-2.2489790078757963,Ex-post DWA
2023-12-31,CLERMSF1,0.5723219180870203,Ex-post DWA
2024-01-07,CLERMSF1,1.7513491485562547,Ex-post DWA
2024-01-14,CLERMSF1,3.044526103255727,Ex-post DWA
2024-01-21,CLERMSF1,22.563899398177327,Ex-post DWA
2024-01-28,CLERMSF1,-9.1082322829117,Ex-post DWA
2024-02-04,CLERMSF1,8.947402971604674,Ex-post DWA
2024-02-11,CLERMSF1,-5.413515085135913,Ex-post DWA
2024-02-18,CLERMSF1,3.39430035374469,Ex-post DWA
2024-02-25,CLERMSF1,5.363628187404416,Ex-post DWA
2024-03-03,CLERMSF1,4.515390718974572,Ex-post DWA
2024-03-10,CLERMSF1,-2.1201528612761464,Ex-post DWA
2024-03-17,CLERMSF1,1.3758480212809872,Ex-post DWA
2024-03-24,CLERMSF1,1.5066978556986186,Ex-post DWA
2024-03-31,CLERMSF1,2.7191641151134114,Ex-post DWA
2024-04-07,CLERMSF1,1.79353162598035,Ex-post DWA
2024-04-14,CLERMSF1,-3.6909463586130027,Ex-post DWA
2024-04-21,CLERMSF1,-0.7456529272693331,Ex-post DWA
2024-04-28,CLERMSF1,0.6241300077459506,Ex-post DWA
2024-05-05,CLERMSF1,-1.6015032837593495,Ex-post DWA
2024-05-12,CLERMSF1,-4.696177246259509,Ex-post DWA
2024-05-19,CLERMSF1,-5.5923437382597445,Ex-post DWA
2024-05-26,CLERMSF1,-7.277731506075874,Ex-post DWA
2024-06-02,CLERMSF1,-4.47093024400337,Ex-post DWA
2024-06-09,CLERMSF1,2.23709684159984,Ex-post DWA
2024-06-16,CLERMSF1,-1.6742327277577367,Ex-post DWA
2024-06-23,CLERMSF1,8.48972976737302,Ex-post DWA
2024-06-30,CLERMSF1,-5.491486810466931,Ex-post DWA
2024-07-07,CLERMSF1,7.835289021157898,Ex-post DWA
2024-07-14,CLERMSF1,5.815579906625423,Ex-post DWA
2024-07-21,CLERMSF1,0.12269777564223361,Ex-post DWA
2024-07-28,CLERMSF1,-3.3874032667219716,Ex-post DWA
2024-08-04,CLERMSF1,2.1062954696425535,Ex-post DWA
2024-08-11,CLERMSF1,22.481852462074585,Ex-post DWA
2024-08-18,CLERMSF1,-6.46355859372396,Ex-post DWA
2024-08-25,CLERMSF1,-1.3722670358128655,Ex-post DWA
2024-09-01,CLERMSF1,-4.789231649656829,Ex-post DWA
2024-09-08,CLERMSF1,-1.6002083918256247,Ex-post DWA
2024-09-15,CLERMSF1,-0.5675299483131742,Ex-post DWA
2024-09-22,CLERMSF1,-5.2631634869712975,Ex-post DWA
2024-09-29,CLERMSF1,-5.683021275447501,Ex-post DWA
2024-10-06,CLERMSF1,-3.895591728485927,Ex-post DWA
2024-10-13,CLERMSF1,-1.0123884291246297,Ex-post DWA
2024-10-20,CLERMSF1,-6.023057617502331,Ex-post DWA
2024-10-27,CLERMSF1,-11.150016029150079,Ex-post DWA
2024-11-03,CLERMSF1,-9.780546181934783,Ex-post DWA
2024-11-10,CLERMSF1,-2.268054093226567,Ex-post DWA
2024-11-17,CLERMSF1,-4.599685761721361,Ex-post DWA
2024-11-24,CLERMSF1,-3.20769093129519,Ex-post DWA
2024-12-01,CLERMSF1,-0.45035193028651577,Ex-post DWA
2024-12-08,CLERMSF1,29.38778228284275,Ex-post DWA
2024-12-15,CLERMSF1,12.318300751901319,Ex-post DWA
2024-12-22,CLERMSF1,5.232353912966332,Ex-post DWA
2024-12-29,CLERMSF1,-8.032861677164107,Ex-post DWA
2025-01-05,CLERMSF1,-0.9905469679324455,Ex-post DWA
2020-01-05,CSPVPS1,-2.818489115313753,Ex-post DWA
2020-01-12,CSPVPS1,-0.9922345448206684,Ex-post DWA
2020-01-19,CSPVPS1,-0.2539958025274629,Ex-post DWA
2020-01-26,CSPVPS1,-0.5510536956665675,Ex-post DWA
2020-02-02,CSPVPS1,-3.843936667527302,Ex-post DWA
2020-02-09,CSPVPS1,-1.3432062231275879,Ex-post DWA
2020-02-16,CSPVPS1,0.11838974681761272,Ex-post DWA
2020-02-23,CSPVPS1,-1.4918136461772278,Ex-post DWA
2020-03-01,CSPVPS1,0.34877484804991354,Ex-post DWA
2020-03-08,CSPVPS1,-0.6324472740862745,Ex-post DWA
2020-03-15,CSPVPS1,0.13057047473246186,Ex-post DWA
2020-03-22,CSPVPS1,-0.9516714865355134,Ex-post DWA
2020-03-29,CSPVPS1,0.21374163796681245,Ex-post DWA
2020-04-05,CSPVPS1,-0.5294551512525061,Ex-post DWA
2020-04-12,CSPVPS1,-0.9366935065562103,Ex-post DWA
2020-04-19,CSPVPS1,-0.6748339696186747,Ex-post DWA
2020-04-26,CSPVPS1,-1.1235756010714972,Ex-post DWA
2020-05-03,CSPVPS1,-4.179296801576383,Ex-post DWA
2020-05-10,CSPVPS1,-2.109159699095432,Ex-post DWA
2020-05-17,CSPVPS1,-0.6436962903430619,Ex-post DWA
2020-05-24,CSPVPS1,-0.132799213664768,Ex-post DWA
2020-05-31,CSPVPS1,-2.15107848863342,Ex-post DWA
2020-06-07,CSPVPS1,-2.028443020402893,Ex-post DWA
2020-06-14,CSPVPS1,-1.0960330871951172,Ex-post DWA
2020-06-21,CSPVPS1,-0.16957177953501912,Ex-post DWA
2020-06-28,CSPVPS1,-4.411116833942716,Ex-post DWA
2020-07-05,CSPVPS1,-3.895691975745766,Ex-post DWA
2020-07-12,CSPVPS1,-0.4632185593635967,Ex-post DWA
2020-07-19,CSPVPS1,-1.5521747062048732,Ex-post DWA
2020-07-26,CSPVPS1,-0.07580706534730552,Ex-post DWA
2020-08-02,CSPVPS1,-0.8908906425737904,Ex-post DWA
2020-08-09,CSPVPS1,-1.4039426943839182,Ex-post DWA
2020-08-16,CSPVPS1,-4.78334899669548,Ex-post DWA
2020-08-23,CSPVPS1,-5.991943883465514,Ex-post DWA
2020-08-30,CSPVPS1,-6.910930035858946,Ex-post DWA
2020-09-06,CSPVPS1,-6.694726586664993,Ex-post DWA
2020-09-13,CSPVPS1,-3.1462400484428237,Ex-post DWA
2020-09-20,CSPVPS1,-4.102391894575776,Ex-post DWA
2020-09-27,CSPVPS1,-6.3520069328795925,Ex-post DWA
2020-10-04,CSPVPS1,-3.368523301736488,Ex-post DWA
2020-10-11,CSPVPS1,-2.1752590598864643,Ex-post DWA
2020-10-18,CSPVPS1,-6.782747198031132,Ex-post DWA
2020-10-25,CSPVPS1,-0.09092476411861128,Ex-post DWA
2020-11-01,CSPVPS1,0.18021818450964133,Ex-post DWA
2020-11-08,CSPVPS1,-1.2690844333754576,Ex-post DWA
2020-11-15,CSPVPS1,-1.406151185554286,Ex-post DWA
2020-11-22,CSPVPS1,6.179550982582242,Ex-post DWA
2020-11-29,CSPVPS1,-5.1789973522305175,Ex-post DWA
2020-12-06,CSPVPS1,2.5084514544000243,Ex-post DWA
2020-12-13,CSPVPS1,-0.06436236564937303,Ex-post DWA
2020-12-20,CSPVPS1,1.366694714177072,Ex-post DWA
2020-12-27,CSPVPS1,-0.43390487653287835,Ex-post DWA
2021-01-03,CSPVPS1,0.02871513203013265,Ex-post DWA
2021-01-10,CSPVPS1,-1.0539699747057938,Ex-post DWA
2021-01-17,CSPVPS1,-1.5549367732044814,Ex-post DWA
2021-01-24,CSPVPS1,-3.0362153411029027,Ex-post DWA
2021-01-31,CSPVPS1,-0.2943134735986206,Ex-post DWA
2021-02-07,CSPVPS1,-0.013665998626130715,Ex-post DWA
2021-02-14,CSPVPS1,-0.16666149489493165,Ex-post DWA
2021-02-21,CSPVPS1,0.8095315911501721,Ex-post DWA
2021-02-28,CSPVPS1,-0.8876349027257291,Ex-post DWA
2021-03-07,CSPVPS1,0.06562108047908666,Ex-post DWA
2021-03-14,CSPVPS1,-1.1911318055634652,Ex-post DWA
2021-03-21,CSPVPS1,-0.2961830240053587,Ex-post DWA
2021-03-28,CSPVPS1,-2.651643955172908,Ex-post DWA
2021-04-04,CSPVPS1,0.28664718487011953,Ex-post DWA
2021-04-11,CSPVPS1,-15.484135493534573,Ex-post DWA
2021-04-18,CSPVPS1,-5.214327045742449,Ex-post DWA
2021-04-25,CSPVPS1,-9.459474067917462,Ex-post DWA
2021-05-02,CSPVPS1,-2.542197813649569,Ex-post DWA
2021-05-09,CSPVPS1,-4.271636130759354,Ex-post DWA
2021-05-16,CSPVPS1,-23.655399701056147,Ex-post DWA
2021-05-23,CSPVPS1,-2.9334459240648876,Ex-post DWA
2021-05-30,CSPVPS1,-14.865552945316324,Ex-post DWA
2021-06-06,CSPVPS1,7.577210818792523,Ex-post DWA
2021-06-13,CSPVPS1,-6.637724587412308,Ex-post DWA
2021-06-20,CSPVPS1,-14.105818110026988,Ex-post DWA
2021-06-27,CSPVPS1,3.125031136862347,Ex-post DWA
2021-07-04,CSPVPS1,6.727209936661325,Ex-post DWA
2021-07-11,CSPVPS1,-5.39018317070699,Ex-post DWA
2021-07-18,CSPVPS1,-5.198337834945924,Ex-post DWA
2021-07-25,CSPVPS1,-4.660815557572377,Ex-post DWA
2021-08-01,CSPVPS1,-5.341781381294492,Ex-post DWA
2021-08-08,CSPVPS1,-2.9938445191948695,Ex-post DWA
2021-08-15,CSPVPS1,-4.530292969786192,Ex-post DWA
2021-08-22,CSPVPS1,-10.468089207473088,Ex-post DWA
2021-08-29,CSPVPS1,-11.444004297014512,Ex-post DWA
2021-09-05,CSPVPS1,-3.6966231606030497,Ex-post DWA
2021-09-12,CSPVPS1,-10.251802303559417,Ex-post DWA
2021-09-19,CSPVPS1,-9.498872272782705,Ex-post DWA
2021-09-26,CSPVPS1,-18.25266255970235,Ex-post DWA
2021-10-03,CSPVPS1,-13.309591802080107,Ex-post DWA
2021-10-10,CSPVPS1,-26.409020434602887,Ex-post DWA
2021-10-17,CSPVPS1,-13.310428049023677,Ex-post DWA
2021-10-24,CSPVPS1,-5.977661922983835,Ex-post DWA
2021-10-31,CSPVPS1,-0.6834608092229715,Ex-post DWA
2021-11-07,CSPVPS1,-3.328912581161525,Ex-post DWA
2021-11-14,CSPVPS1,-41.85364787754065,Ex-post DWA
2021-11-21,CSPVPS1,-26.756275872705444,Ex-post DWA
2021-11-28,CSPVPS1,-5.878435031693584,Ex-post DWA
2021-12-05,CSPVPS1,2.0022820198502345,Ex-post DWA
2021-12-12,CSPVPS1,-6.658624045153601,Ex-post DWA
2021-12-19,CSPVPS1,-2.8308979442599025,Ex-post DWA
2021-12-26,CSPVPS1,-8.25682524937885,Ex-post DWA
2022-01-02,CSPVPS1,0.48005540076410824,Ex-post DWA
2022-01-09,CSPVPS1,-1.2226765080293944,Ex-post DWA
2022-01-16,CSPVPS1,-1.2243479170088563,Ex-post DWA
2022-01-23,CSPVPS1,5.944749769284783,Ex-post DWA
2022-01-30,CSPVPS1,-0.6598804398383606,Ex-post DWA
2022-02-06,CSPVPS1,-49.647203368257635,Ex-post DWA
2022-02-13,CSPVPS1,-1.3071975432147198,Ex-post DWA
2022-02-20,CSPVPS1,-2.9379732188977243,Ex-post DWA
2022-02-27,CSPVPS1,-4.0105258246712765,Ex-post DWA
2022-03-06,CSPVPS1,2.4836942347952515,Ex-post DWA
2022-03-13,CSPVPS1,-23.141234809620684,Ex-post DWA
2022-03-20,CSPVPS1,-5.603397085471336,Ex-post DWA
2022-03-27,CSPVPS1,0.7277473444249694,Ex-post DWA
2022-04-03,CSPVPS1,-5.243946826086201,Ex-post DWA
2022-04-10,CSPVPS1,-21.099859595033934,Ex-post DWA
2022-04-17,CSPVPS1,-9.042903041912552,Ex-post DWA
2022-04-24,CSPVPS1,-10.325248652680614,Ex-post DWA
2022-05-01,CSPVPS1,-7.140680377234503,Ex-post DWA
2022-05-08,CSPVPS1,-16.72680525076413,Ex-post DWA
2022-05-15,CSPVPS1,-4.17141359516296,Ex-post DWA
2022-05-22,CSPVPS1,-1.1221142849835815,Ex-post DWA
2022-05-29,CSPVPS1,-10.436605761961914,Ex-post DWA
2022-06-05,CSPVPS1,-20.959894690476517,Ex-post DWA
2022-06-12,CSPVPS1,-32.60787745081629,Ex-post DWA
2022-06-19,CSPVPS1,-3.581567680448302,Ex-post DWA
2022-06-26,CSPVPS1,-8.203280219378172,Ex-post DWA
2022-07-03,CSPVPS1,-8.086070463497094,Ex-post DWA
2022-07-10,CSPVPS1,-66.02771493778332,Ex-post DWA
2022-07-17,CSPVPS1,-14.619513141075657,Ex-post DWA
2022-07-24,CSPVPS1,-8.329278681607576,Ex-post DWA
2022-07-31,CSPVPS1,-15.88355661855168,Ex-post DWA
2022-08-07,CSPVPS1,-6.428289701828248,Ex-post DWA
2022-08-14,CSPVPS1,-7.1335461420082,Ex-post DWA
2022-08-21,CSPVPS1,-26.074067699249625,Ex-post DWA
2022-08-28,CSPVPS1,-19.26913810507469,Ex-post DWA
2022-09-04,CSPVPS1,-1.1255112856911893,Ex-post DWA
2022-09-11,CSPVPS1,-17.272277452587545,Ex-post DWA
2022-09-18,CSPVPS1,-29.364368553222235,Ex-post DWA
2022-09-25,CSPVPS1,-6.1472081736026,Ex-post DWA
2022-10-02,CSPVPS1,-8.387415668095741,Ex-post DWA
2022-10-09,CSPVPS1,-1.22558377560388,Ex-post DWA
2022-10-16,CSPVPS1,12.710693618511442,Ex-post DWA
2022-10-23,CSPVPS1,-2.875113789667651,Ex-post DWA
2022-10-30,CSPVPS1,-22.057408959795197,Ex-post DWA
2022-11-06,CSPVPS1,-11.422953697457608,Ex-post DWA
2022-11-13,CSPVPS1,-5.817118065489879,Ex-post DWA
2022-11-20,CSPVPS1,-11.142142110776973,Ex-post DWA
2022-11-27,CSPVPS1,-6.370979860148061,Ex-post DWA
2022-12-04,CSPVPS1,2.109478203653296,Ex-post DWA
2022-12-11,CSPVPS1,-9.051068046703165,Ex-post DWA
2022-12-18,CSPVPS1,-9.081806755594277,Ex-post DWA
2022-12-25,CSPVPS1,1.1294628487202836,Ex-post DWA
2023-01-01,CSPVPS1,-5.73965092779922,Ex-post DWA
2023-01-08,CSPVPS1,-2.897116411163015,Ex-post DWA
2023-01-15,CSPVPS1,3.1900459091764617,Ex-post DWA
2023-01-22,CSPVPS1,-3.2045825290745427,Ex-post DWA
2023-01-29,CSPVPS1,-3.3165057250670884,Ex-post DWA
2023-02-05,CSPVPS1,4.655227885584921,Ex-post DWA
2023-02-12,CSPVPS1,-0.07355997616861032,Ex-post DWA
2023-02-19,CSPVPS1,0.4517741666651105,Ex-post DWA
2023-02-26,CSPVPS1,-7.651689976392497,Ex-post DWA
2023-03-05,CSPVPS1,-1.536794852450555,Ex-post DWA
2023-03-12,CSPVPS1,4.106482714306253,Ex-post DWA
2023-03-19,CSPVPS1,-11.308327777228541,Ex-post DWA
2023-03-26,CSPVPS1,-3.692159746033461,Ex-post DWA
2023-04-02,CSPVPS1,2.0711679466870834,Ex-post DWA
2023-04-09,CSPVPS1,-19.67809290003131,Ex-post DWA
2023-04-16,CSPVPS1,-13.516957361959065,Ex-post DWA
2023-04-23,CSPVPS1,-7.80567702146287,Ex-post DWA
2023-04-30,CSPVPS1,-3.241156025934764,Ex-post DWA
2023-05-07,CSPVPS1,-8.674949953819237,Ex-post DWA
2023-05-14,CSPVPS1,-7.368649189991665,Ex-post DWA
2023-05-21,CSPVPS1,2.9574549509428607,Ex-post DWA
2023-05-28,CSPVPS1,-10.111789688283594,Ex-post DWA
2023-06-04,CSPVPS1,-3.952714222585257,Ex-post DWA
2023-06-11,CSPVPS1,0.6113199664996856,Ex-post DWA
2023-06-18,CSPVPS1,-5.131992196982743,Ex-post DWA
2023-06-25,CSPVPS1,-3.0024805255153026,Ex-post DWA
2023-07-02,CSPVPS1,-5.015169243024115,Ex-post DWA
2023-07-09,CSPVPS1,0.37205983631738704,Ex-post DWA
2023-07-16,CSPVPS1,-7.545791594789284,Ex-post DWA
2023-07-23,CSPVPS1,-11.445914842553384,Ex-post DWA
2023-07-30,CSPVPS1,-13.997939382808816,Ex-post DWA
2023-08-06,CSPVPS1,-5.718535897592409,Ex-post DWA
2023-08-13,CSPVPS1,-10.471784809318589,Ex-post DWA
2023-08-20,CSPVPS1,-10.035693341089303,Ex-post DWA
2023-08-27,CSPVPS1,-9.230955364829684,Ex-post DWA
2023-09-03,CSPVPS1,-8.703032472272476,Ex-post DWA
2023-09-10,CSPVPS1,-15.642499084916487,Ex-post DWA
2023-09-17,CSPVPS1,-15.198201954584798,Ex-post DWA
2023-09-24,CSPVPS1,-7.3598152801031755,Ex-post DWA
2023-10-01,CSPVPS1,-12.99446947813383,Ex-post DWA
2023-10-08,CSPVPS1,-7.940584889233357,Ex-post DWA
2023-10-15,CSPVPS1,-13.35503416596713,Ex-post DWA
2023-10-22,CSPVPS1,-12.389055988492524,Ex-post DWA
2023-10-29,CSPVPS1,-11.058916021322176,Ex-post DWA
2023-11-05,CSPVPS1,-5.029807692241758,Ex-post DWA
2023-11-12,CSPVPS1,-14.386289512903414,Ex-post DWA
2023-11-19,CSPVPS1,-5.8913840760503255,Ex-post DWA
2023-11-26,CSPVPS1,1.9542440907997616,Ex-post DWA
2023-12-03,CSPVPS1,-4.0885057322413765,Ex-post DWA
2023-12-10,CSPVPS1,-10.157108601732983,Ex-post DWA
2023-12-17,CSPVPS1,-1.3164007679075453,Ex-post DWA
2023-12-24,CSPVPS1,-2.7945015848541814,Ex-post DWA
2023-12-31,CSPVPS1,-23.984893028587173,Ex-post DWA
2024-01-07,CSPVPS1,-1.8428577860817654,Ex-post DWA
2024-01-14,CSPVPS1,-5.102964392300869,Ex-post DWA
2024-01-21,CSPVPS1,5.871296832768252,Ex-post DWA
2024-01-28,CSPVPS1,-3.1350171336141557,Ex-post DWA
2024-02-04,CSPVPS1,11.235670493169707,Ex-post DWA
2024-02-11,CSPVPS1,-6.541610652767325,Ex-post DWA
2024-02-18,CSPVPS1,-1.7263211905327083,Ex-post DWA
2024-02-25,CSPVPS1,-6.099734027986543,Ex-post DWA
2024-03-03,CSPVPS1,-16.881716194125232,Ex-post DWA
2024-03-10,CSPVPS1,0.7031295206655699,Ex-post DWA
2024-03-17,CSPVPS1,-1.5264295938193229,Ex-post DWA
2024-03-24,CSPVPS1,0.8782743100564687,Ex-post DWA
2024-03-31,CSPVPS1,5.6325682806195445,Ex-post DWA
2024-04-07,CSPVPS1,4.047637025581501,Ex-post DWA
2024-04-14,CSPVPS1,-5.814988365871198,Ex-post DWA
2024-04-21,CSPVPS1,-1.8247156468169692,Ex-post DWA
2024-04-28,CSPVPS1,-7.163179925698747,Ex-post DWA
2024-05-05,CSPVPS1,-2.027027740769249,Ex-post DWA
2024-05-12,CSPVPS1,-17.03147461935133,Ex-post DWA
2024-05-19,CSPVPS1,-12.14634435200862,Ex-post DWA
2024-05-26,CSPVPS1,-12.243213117554202,Ex-post DWA
2024-06-02,CSPVPS1,0.4434721749327011,Ex-post DWA
2024-06-09,CSPVPS1,-12.636660171815828,Ex-post DWA
2024-06-16,CSPVPS1,-13.216241543590481,Ex-post DWA
2024-06-23,CSPVPS1,-8.680925267057262,Ex-post DWA
2024-06-30,CSPVPS1,-9.043387871096257,Ex-post DWA
2024-07-07,CSPVPS1,4.074987919030924,Ex-post DWA
2024-07-14,CSPVPS1,-5.758343553662009,Ex-post DWA
2024-07-21,CSPVPS1,-9.528206283220015,Ex-post DWA
2024-07-28,CSPVPS1,-5.263387975168211,Ex-post DWA
2024-08-04,CSPVPS1,-14.663848152357442,Ex-post DWA
2024-08-11,CSPVPS1,-2.672173170074842,Ex-post DWA
2024-08-18,CSPVPS1,-6.720611648012955,Ex-post DWA
2024-08-25,CSPVPS1,-12.264938483048631,Ex-post DWA
2024-09-01,CSPVPS1,-14.190226994395827,Ex-post DWA
2024-09-08,CSPVPS1,-8.825712856363253,Ex-post DWA
2024-09-15,CSPVPS1,-9.62840829152681,Ex-post DWA
2024-09-22,CSPVPS1,-11.129407705449733,Ex-post DWA
2024-09-29,CSPVPS1,-7.8654093425684986,Ex-post DWA
2024-10-06,CSPVPS1,-13.517788698159087,Ex-post DWA
2024-10-13,CSPVPS1,-12.449951184157683,Ex-post DWA
2024-10-20,CSPVPS1,-10.694586830827244,Ex-post DWA
2024-10-27,CSPVPS1,-12.266764078610457,Ex-post DWA
2024-11-03,CSPVPS1,-7.706599647460612,Ex-post DWA
2024-11-10,CSPVPS1,-21.72306196359355,Ex-post DWA
2024-11-17,CSPVPS1,1.0951245129733138,Ex-post DWA
2024-11-24,CSPVPS1,7.833192653164332,Ex-post DWA
2024-12-01,CSPVPS1,-5.66151543447657,Ex-post DWA
2024-12-08,CSPVPS1,-12.278663302673067,Ex-post DWA
2024-12-15,CSPVPS1,-1.8151109497371323,Ex-post DWA
2024-12-22,CSPVPS1,-6.995388078883629,Ex-post DWA
2024-12-29,CSPVPS1,-12.922811228672849,Ex-post DWA
2025-01-05,CSPVPS1,-4.604284261727404,Ex-post DWA
2020-01-05,DAYDSF1,-7.297170208040939,Ex-post DWA
2020-01-12,DAYDSF1,-0.9430513470541371,Ex-post DWA
2020-01-19,DAYDSF1,-0.6458266153025889,Ex-post DWA
2020-01-26,DAYDSF1,-3.0608233644241523,Ex-post DWA
2020-02-02,DAYDSF1,5.850492615108834,Ex-post DWA
2020-02-09,DAYDSF1,-0.27822815759573416,Ex-post DWA
2020-02-16,DAYDSF1,-0.12323167676504454,Ex-post DWA
2020-02-23,DAYDSF1,-2.3063009451959147,Ex-post DWA
2020-03-01,DAYDSF1,-0.8964806852535503,Ex-post DWA
2020-03-08,DAYDSF1,-0.9665127397226456,Ex-post DWA
2020-03-15,DAYDSF1,-1.0578153193751483,Ex-post DWA
2020-03-22,DAYDSF1,-0.6191676707025913,Ex-post DWA
2020-03-29,DAYDSF1,0.5314426249693298,Ex-post DWA
2020-04-05,DAYDSF1,0.3999133278007605,Ex-post DWA
2020-04-12,DAYDSF1,-0.5141788547975104,Ex-post DWA
2020-04-19,DAYDSF1,-0.06215586647922677,Ex-post DWA
2020-04-26,DAYDSF1,0.06916277376720004,Ex-post DWA
2020-05-03,DAYDSF1,7.840748147107728,Ex-post DWA
2020-05-10,DAYDSF1,-0.6915664701728765,Ex-post DWA
2020-05-17,DAYDSF1,-0.11264310422342305,Ex-post DWA
2020-05-24,DAYDSF1,-0.5411273615312666,Ex-post DWA
2020-05-31,DAYDSF1,-0.9372091545664283,Ex-post DWA
2020-06-07,DAYDSF1,-0.3860377586903425,Ex-post DWA
2020-06-14,DAYDSF1,-0.49476777778948744,Ex-post DWA
2020-06-21,DAYDSF1,-0.781964955758351,Ex-post DWA
2020-06-28,DAYDSF1,-0.8388707833704325,Ex-post DWA
2020-07-05,DAYDSF1,4.0162599229016465,Ex-post DWA
2020-07-12,DAYDSF1,0.4388341027397047,Ex-post DWA
2020-07-19,DAYDSF1,0.7291275642784996,Ex-post DWA
2020-07-26,DAYDSF1,0.6934790956744017,Ex-post DWA
2020-08-02,DAYDSF1,0.13981384246989137,Ex-post DWA
2020-08-09,DAYDSF1,2.993043274984281,Ex-post DWA
2020-08-16,DAYDSF1,3.9775521817842385,Ex-post DWA
2020-08-23,DAYDSF1,-1.528530360634969,Ex-post DWA
2020-08-30,DAYDSF1,-3.397716692832637,Ex-post DWA
2020-09-06,DAYDSF1,-2.14695994847915,Ex-post DWA
2020-09-13,DAYDSF1,-2.846095326637318,Ex-post DWA
2020-09-20,DAYDSF1,-0.34432999887268156,Ex-post DWA
2020-09-27,DAYDSF1,2.5244753675123306,Ex-post DWA
2020-10-04,DAYDSF1,-2.5768818753617637,Ex-post DWA
2020-10-11,DAYDSF1,-1.3714892418804077,Ex-post DWA
2020-10-18,DAYDSF1,1.6635619457031012,Ex-post DWA
2020-10-25,DAYDSF1,-0.5388382770130704,Ex-post DWA
2020-11-01,DAYDSF1,-0.5635492126982129,Ex-post DWA
2020-11-08,DAYDSF1,-0.42900779078483353,Ex-post DWA
2020-11-15,DAYDSF1,-0.2980767781095963,Ex-post DWA
2020-11-22,DAYDSF1,-5.568146732461095,Ex-post DWA
2020-11-29,DAYDSF1,0.7555181223512761,Ex-post DWA
2020-12-06,DAYDSF1,-4.095578590411542,Ex-post DWA
2020-12-13,DAYDSF1,-1.7179962762755707,Ex-post DWA
2020-12-20,DAYDSF1,-0.8898170306645028,Ex-post DWA
2020-12-27,DAYDSF1,1.6283404478071901,Ex-post DWA
2021-01-03,DAYDSF1,-1.4344038511248876,Ex-post DWA
2021-01-10,DAYDSF1,-1.0609486529906604,Ex-post DWA
2021-01-17,DAYDSF1,-2.2609762322833404,Ex-post DWA
2021-01-24,DAYDSF1,-7.667944468270072,Ex-post DWA
2021-01-31,DAYDSF1,0.37738289815786885,Ex-post DWA
2021-02-07,DAYDSF1,0.6498333634969455,Ex-post DWA
2021-02-14,DAYDSF1,-0.3453236346023232,Ex-post DWA
2021-02-21,DAYDSF1,-0.8616843144262099,Ex-post DWA
2021-02-28,DAYDSF1,-2.581368567141517,Ex-post DWA
2021-03-07,DAYDSF1,-1.1992932583773914,Ex-post DWA
2021-03-14,DAYDSF1,4.08513362742908,Ex-post DWA
2021-03-21,DAYDSF1,-0.05784982042673903,Ex-post DWA
2021-03-28,DAYDSF1,6.351796702758783,Ex-post DWA
2021-04-04,DAYDSF1,-0.6923116904925912,Ex-post DWA
2021-04-11,DAYDSF1,-4.392405225292002,Ex-post DWA
2021-04-18,DAYDSF1,-4.534533772530828,Ex-post DWA
2021-04-25,DAYDSF1,-13.840594250305953,Ex-post DWA
2021-05-02,DAYDSF1,-2.039315175992975,Ex-post DWA
2021-05-09,DAYDSF1,0.3860741951227098,Ex-post DWA
2021-05-16,DAYDSF1,11.723370368751453,Ex-post DWA
2021-05-23,DAYDSF1,-0.6984230495037398,Ex-post DWA
2021-05-30,DAYDSF1,-20.65643350166833,Ex-post DWA
2021-06-06,DAYDSF1,7.62240496955215,Ex-post DWA
2021-06-13,DAYDSF1,7.128093119773325,Ex-post DWA
2021-06-20,DAYDSF1,-38.12548289817752,Ex-post DWA
2021-06-27,DAYDSF1,2.1369748215594413,Ex-post DWA
2021-07-04,DAYDSF1,-20.072873339154278,Ex-post DWA
2021-07-11,DAYDSF1,5.662098324338629,Ex-post DWA
2021-07-18,DAYDSF1,0.014466883752781712,Ex-post DWA
2021-07-25,DAYDSF1,4.437176687807437,Ex-post DWA
2021-08-01,DAYDSF1,-0.006968834127370371,Ex-post DWA
2021-08-08,DAYDSF1,1.5612257050566463,Ex-post DWA
2021-08-15,DAYDSF1,-3.4333315700664215,Ex-post DWA
2021-08-22,DAYDSF1,-3.4197096383303283,Ex-post DWA
2021-08-29,DAYDSF1,-2.714504901320442,Ex-post DWA
2021-09-05,DAYDSF1,-0.13488361982765085,Ex-post DWA
2021-09-12,DAYDSF1,-1.4971814234151712,Ex-post DWA
2021-09-19,DAYDSF1,-12.056434211816939,Ex-post DWA
2021-09-26,DAYDSF1,-11.842026954110551,Ex-post DWA
2021-10-03,DAYDSF1,-5.854334359660335,Ex-post DWA
2021-10-10,DAYDSF1,-7.989150620231818,Ex-post DWA
2021-10-17,DAYDSF1,-10.244520091441263,Ex-post DWA
2021-10-24,DAYDSF1,2.201399159158079,Ex-post DWA
2021-10-31,DAYDSF1,1.2058761283521093,Ex-post DWA
2021-11-07,DAYDSF1,-1.9747955903529473,Ex-post DWA
2021-11-14,DAYDSF1,67.36475923721048,Ex-post DWA
2021-11-21,DAYDSF1,-8.491875298114934,Ex-post DWA
2021-11-28,DAYDSF1,4.080510235500853,Ex-post DWA
2021-12-05,DAYDSF1,0.43578241614903135,Ex-post DWA
2021-12-12,DAYDSF1,-9.102265410921262,Ex-post DWA
2021-12-19,DAYDSF1,-2.079803040972415,Ex-post DWA
2021-12-26,DAYDSF1,-13.118894821478335,Ex-post DWA
2022-01-02,DAYDSF1,1.8294451933074711,Ex-post DWA
2022-01-09,DAYDSF1,-3.824955439087077,Ex-post DWA
2022-01-16,DAYDSF1,1.1112495962422173,Ex-post DWA
2022-01-23,DAYDSF1,0.4737993518229473,Ex-post DWA
2022-01-30,DAYDSF1,-1.0107785510917466,Ex-post DWA
2022-02-06,DAYDSF1,0.30637730342766645,Ex-post DWA
2022-02-13,DAYDSF1,-1.0087429335634823,Ex-post DWA
2022-02-20,DAYDSF1,-4.317428134691596,Ex-post DWA
2022-02-27,DAYDSF1,-4.926477551013775,Ex-post DWA
2022-03-06,DAYDSF1,1.9804601343176387,Ex-post DWA
2022-03-13,DAYDSF1,-22.767339604100925,Ex-post DWA
2022-03-20,DAYDSF1,-5.60965273019297,Ex-post DWA
2022-03-27,DAYDSF1,1.8414965148715652,Ex-post DWA
2022-04-03,DAYDSF1,-0.7726930028769488,Ex-post DWA
2022-04-10,DAYDSF1,-19.433752251727896,Ex-post DWA
2022-04-17,DAYDSF1,-1.488884175236933,Ex-post DWA
2022-04-24,DAYDSF1,-10.501761870123815,Ex-post DWA
2022-05-01,DAYDSF1,-0.6208821399446833,Ex-post DWA
2022-05-08,DAYDSF1,4.624324772876236,Ex-post DWA
2022-05-15,DAYDSF1,-10.71774765341172,Ex-post DWA
2022-05-22,DAYDSF1,-2.3813094083159285,Ex-post DWA
2022-05-29,DAYDSF1,3.529739113079984,Ex-post DWA
2022-06-05,DAYDSF1,5.03363719660797,Ex-post DWA
2022-06-12,DAYDSF1,49.48323192725749,Ex-post DWA
2022-06-19,DAYDSF1,-0.7018030716327246,Ex-post DWA
2022-06-26,DAYDSF1,-4.044824405450072,Ex-post DWA
2022-07-03,DAYDSF1,-0.36103143152951134,Ex-post DWA
2022-07-10,DAYDSF1,-60.139718290067236,Ex-post DWA
2022-07-17,DAYDSF1,17.70998208925431,Ex-post DWA
2022-07-24,DAYDSF1,7.728247244408294,Ex-post DWA
2022-07-31,DAYDSF1,3.2294269054767994,Ex-post DWA
2022-08-07,DAYDSF1,0.9721725354561812,Ex-post DWA
2022-08-14,DAYDSF1,2.849747014193241,Ex-post DWA
2022-08-21,DAYDSF1,7.167124695359362,Ex-post DWA
2022-08-28,DAYDSF1,-0.6974525003564054,Ex-post DWA
2022-09-04,DAYDSF1,-1.0134782567378409,Ex-post DWA
2022-09-11,DAYDSF1,-9.093960133022762,Ex-post DWA
2022-09-18,DAYDSF1,-1.3183962799222968,Ex-post DWA
2022-09-25,DAYDSF1,3.387652218685318,Ex-post DWA
2022-10-02,DAYDSF1,-3.6326516871231007,Ex-post DWA
2022-10-09,DAYDSF1,2.095472538878653,Ex-post DWA
2022-10-16,DAYDSF1,-4.074792244223602,Ex-post DWA
2022-10-23,DAYDSF1,-1.3106639617923008,Ex-post DWA
2022-10-30,DAYDSF1,-17.364065549513526,Ex-post DWA
2022-11-06,DAYDSF1,6.467924219609365,Ex-post DWA
2022-11-13,DAYDSF1,-2.463514289797459,Ex-post DWA
2022-11-20,DAYDSF1,-7.599806356174355,Ex-post DWA
2022-11-27,DAYDSF1,-2.5004747628991097,Ex-post DWA
2022-12-04,DAYDSF1,3.2013900492628835,Ex-post DWA
2022-12-11,DAYDSF1,-1.183286261407659,Ex-post DWA
2022-12-18,DAYDSF1,-2.6350619635700276,Ex-post DWA
2022-12-25,DAYDSF1,2.0825701702856776,Ex-post DWA
2023-01-01,DAYDSF1,-0.614115874568725,Ex-post DWA
2023-01-08,DAYDSF1,1.253568578256079,Ex-post DWA
2023-01-15,DAYDSF1,-10.403589483871166,Ex-post DWA
2023-01-22,DAYDSF1,-14.550316175876322,Ex-post DWA
2023-01-29,DAYDSF1,5.8806731128798475,Ex-post DWA
2023-02-05,DAYDSF1,8.87396524661861,Ex-post DWA
2023-02-12,DAYDSF1,0.9248402114963952,Ex-post DWA
2023-02-19,DAYDSF1,2.514963493274749,Ex-post DWA
2023-02-26,DAYDSF1,-13.704926712158478,Ex-post DWA
2023-03-05,DAYDSF1,3.7471956603641132,Ex-post DWA
2023-03-12,DAYDSF1,4.993249150112959,Ex-post DWA
2023-03-19,DAYDSF1,1.621984499773646,Ex-post DWA
2023-03-26,DAYDSF1,1.4998154850145582,Ex-post DWA
2023-04-02,DAYDSF1,-17.748787234947926,Ex-post DWA
2023-04-09,DAYDSF1,-6.453162940742587,Ex-post DWA
2023-04-16,DAYDSF1,1.0788404968413303,Ex-post DWA
2023-04-23,DAYDSF1,-3.6650346034192367,Ex-post DWA
2023-04-30,DAYDSF1,2.6088084647839977,Ex-post DWA
2023-05-07,DAYDSF1,0.3871072514180014,Ex-post DWA
2023-05-14,DAYDSF1,3.8371552771239266,Ex-post DWA
2023-05-21,DAYDSF1,4.129738742813018,Ex-post DWA
2023-05-28,DAYDSF1,1.1186516577753522,Ex-post DWA
2023-06-04,DAYDSF1,3.6060778150578727,Ex-post DWA
2023-06-11,DAYDSF1,2.7576880268873367,Ex-post DWA
2023-06-18,DAYDSF1,-0.2720449953518269,Ex-post DWA
2023-06-25,DAYDSF1,6.24705637244049,Ex-post DWA
2023-07-02,DAYDSF1,4.854083617019011,Ex-post DWA
2023-07-09,DAYDSF1,-0.8016168989214414,Ex-post DWA
2023-07-16,DAYDSF1,-2.310189851708177,Ex-post DWA
2023-07-23,DAYDSF1,-6.706087360959829,Ex-post DWA
2023-07-30,DAYDSF1,-5.548561347186796,Ex-post DWA
2023-08-06,DAYDSF1,1.1427536631092194,Ex-post DWA
2023-08-13,DAYDSF1,-2.731016608919196,Ex-post DWA
2023-08-20,DAYDSF1,0.35561228777731824,Ex-post DWA
2023-08-27,DAYDSF1,-1.7633689879082741,Ex-post DWA
2023-09-03,DAYDSF1,-2.623067933802048,Ex-post DWA
2023-09-10,DAYDSF1,-8.88952186237104,Ex-post DWA
2023-09-17,DAYDSF1,-9.967336074751321,Ex-post DWA
2023-09-24,DAYDSF1,-2.0413829068033955,Ex-post DWA
2023-10-01,DAYDSF1,-6.972966788572524,Ex-post DWA
2023-10-08,DAYDSF1,-4.561896614267141,Ex-post DWA
2023-10-15,DAYDSF1,-7.534491229449156,Ex-post DWA
2023-10-22,DAYDSF1,-8.233776846169691,Ex-post DWA
2023-10-29,DAYDSF1,-4.844151947770632,Ex-post DWA
2023-11-05,DAYDSF1,-1.1790718647264313,Ex-post DWA
2023-11-12,DAYDSF1,-7.867298044973147,Ex-post DWA
2023-11-19,DAYDSF1,8.784531744465333,Ex-post DWA
2023-11-26,DAYDSF1,4.367034796743788,Ex-post DWA
2023-12-03,DAYDSF1,-2.94971334555089,Ex-post DWA
2023-12-10,DAYDSF1,-3.501673302393204,Ex-post DWA
2023-12-17,DAYDSF1,-2.301581260582836,Ex-post DWA
2023-12-24,DAYDSF1,1.3292424737766382,Ex-post DWA
2023-12-31,DAYDSF1,-19.62837903382437,Ex-post DWA
2024-01-07,DAYDSF1,-1.2764768656174468,Ex-post DWA
2024-01-14,DAYDSF1,-8.180323218625212,Ex-post DWA
2024-01-21,DAYDSF1,-0.21648936676609765,Ex-post DWA
2024-01-28,DAYDSF1,34.49036463542065,Ex-post DWA
2024-02-04,DAYDSF1,33.388633302083164,Ex-post DWA
2024-02-11,DAYDSF1,-3.316714025132974,Ex-post DWA
2024-02-18,DAYDSF1,0.8609654873219128,Ex-post DWA
2024-02-25,DAYDSF1,-3.0742831979175946,Ex-post DWA
2024-03-03,DAYDSF1,-25.1488770529251,Ex-post DWA
2024-03-10,DAYDSF1,-0.3289851407536517,Ex-post DWA
2024-03-17,DAYDSF1,-0.26890917160172023,Ex-post DWA
2024-03-24,DAYDSF1,0.2518547379008922,Ex-post DWA
2024-03-31,DAYDSF1,3.0389162998470702,Ex-post DWA
2024-04-07,DAYDSF1,4.266729900847437,Ex-post DWA
2024-04-14,DAYDSF1,-1.9231211383847988,Ex-post DWA
2024-04-21,DAYDSF1,-2.4389477435904894,Ex-post DWA
2024-04-28,DAYDSF1,-5.020478868818307,Ex-post DWA
2024-05-05,DAYDSF1,2.341387979343523,Ex-post DWA
2024-05-12,DAYDSF1,-3.2005395814536186,Ex-post DWA
2024-05-19,DAYDSF1,-13.819991382197422,Ex-post DWA
2024-05-26,DAYDSF1,-5.160162045315289,Ex-post DWA
2024-06-02,DAYDSF1,4.869152502497933,Ex-post DWA
2024-06-09,DAYDSF1,4.227924283417533,Ex-post DWA
2024-06-16,DAYDSF1,-1.100072533730895,Ex-post DWA
2024-06-23,DAYDSF1,10.04955733988352,Ex-post DWA
2024-06-30,DAYDSF1,-1.0873185283833067,Ex-post DWA
2024-07-07,DAYDSF1,30.155789636924247,Ex-post DWA
2024-07-14,DAYDSF1,-0.8707096077929393,Ex-post DWA
2024-07-21,DAYDSF1,1.4620267443659252,Ex-post DWA
2024-07-28,DAYDSF1,0.6575164217309108,Ex-post DWA
2024-08-04,DAYDSF1,0.46496748122176257,Ex-post DWA
2024-08-11,DAYDSF1,11.596577946635477,Ex-post DWA
2024-08-18,DAYDSF1,-3.053725051054215,Ex-post DWA
2024-08-25,DAYDSF1,-1.2614376947391905,Ex-post DWA
2024-09-01,DAYDSF1,2.3635342895947242,Ex-post DWA
2024-09-08,DAYDSF1,-1.8745034516404964,Ex-post DWA
2024-09-15,DAYDSF1,-2.4153464506239644,Ex-post DWA
2024-09-22,DAYDSF1,-5.035787858911998,Ex-post DWA
2024-09-29,DAYDSF1,-2.5380374956047946,Ex-post DWA
2024-10-06,DAYDSF1,-4.215641301014449,Ex-post DWA
2024-10-13,DAYDSF1,-2.7307799148874836,Ex-post DWA
2024-10-20,DAYDSF1,-6.126375234121155,Ex-post DWA
2024-10-27,DAYDSF1,5.184712308382113,Ex-post DWA
2024-11-03,DAYDSF1,8.836101530415473,Ex-post DWA
2024-11-10,DAYDSF1,-11.20101025956339,Ex-post DWA
2024-11-17,DAYDSF1,12.092334493079008,Ex-post DWA
2024-11-24,DAYDSF1,19.267317249616205,Ex-post DWA
2024-12-01,DAYDSF1,4.012285950581159,Ex-post DWA
2024-12-08,DAYDSF1,3.138156664376396,Ex-post DWA
2024-12-15,DAYDSF1,0.9401836278441067,Ex-post DWA
2024-12-22,DAYDSF1,-4.881238247902431,Ex-post DWA
2024-12-29,DAYDSF1,1.7703911516770594,Ex-post DWA
2025-01-05,DAYDSF1,-1.8137824986515696,Ex-post DWA
2020-01-05,DDSF1,-4.412916231072231,Ex-post DWA
2020-01-12,DDSF1,-0.1540706734005184,Ex-post DWA
2020-01-19,DDSF1,0.8077153466166109,Ex-post DWA
2020-01-26,DDSF1,-1.8590966113327596,Ex-post DWA
2020-02-02,DDSF1,-16.36447519181479,Ex-post DWA
2020-02-09,DDSF1,-0.22296738221385226,Ex-post DWA
2020-02-16,DDSF1,-0.3219405816382732,Ex-post DWA
2020-02-23,DDSF1,2.099544754681226,Ex-post DWA
2020-03-01,DDSF1,0.017689158178392006,Ex-post DWA
2020-03-08,DDSF1,-0.1811005977286726,Ex-post DWA
2020-03-15,DDSF1,-0.3100983294781656,Ex-post DWA
2020-03-22,DDSF1,-1.0643418470542585,Ex-post DWA
2020-03-29,DDSF1,-1.2923512371606876,Ex-post DWA
2020-04-05,DDSF1,-2.2009902868563103,Ex-post DWA
2020-04-12,DDSF1,-1.945262716538707,Ex-post DWA
2020-04-19,DDSF1,-1.7494350089065804,Ex-post DWA
2020-04-26,DDSF1,-1.6936564155954166,Ex-post DWA
2020-05-03,DDSF1,-6.224554655204323,Ex-post DWA
2020-05-10,DDSF1,-2.289306900844199,Ex-post DWA
2020-05-17,DDSF1,-2.0241763552454692,Ex-post DWA
2020-05-24,DDSF1,0.3948329844863281,Ex-post DWA
2020-05-31,DDSF1,-2.8979027691713313,Ex-post DWA
2020-06-07,DDSF1,-3.130286175977396,Ex-post DWA
2020-06-14,DDSF1,-2.8269499561317133,Ex-post DWA
2020-06-21,DDSF1,0.3907322434687224,Ex-post DWA
2020-06-28,DDSF1,-3.4843310817809705,Ex-post DWA
2020-07-05,DDSF1,-2.8652343555970994,Ex-post DWA
2020-07-12,DDSF1,-2.015382796023321,Ex-post DWA
2020-07-19,DDSF1,-2.6234886517717797,Ex-post DWA
2020-07-26,DDSF1,0.0837324520203282,Ex-post DWA
2020-08-02,DDSF1,-1.1918703206721908,Ex-post DWA
2020-08-09,DDSF1,-1.2820785945295086,Ex-post DWA
2020-08-16,DDSF1,-9.149115860984683,Ex-post DWA
2020-08-23,DDSF1,-6.750621767235384,Ex-post DWA
2020-08-30,DDSF1,-6.761645354471588,Ex-post DWA
2020-09-06,DDSF1,-7.386966797518847,Ex-post DWA
2020-09-13,DDSF1,-0.29586465585250465,Ex-post DWA
2020-09-20,DDSF1,-3.757235170910792,Ex-post DWA
2020-09-27,DDSF1,-8.615813893036282,Ex-post DWA
2020-10-04,DDSF1,-4.058705238239597,Ex-post DWA
2020-10-11,DDSF1,-4.007033682238056,Ex-post DWA
2020-10-18,DDSF1,2.1559959695849216,Ex-post DWA
2020-10-25,DDSF1,-5.155251783601759,Ex-post DWA
2020-11-01,DDSF1,0.36980452260963403,Ex-post DWA
2020-11-08,DDSF1,-2.09223596435654,Ex-post DWA
2020-11-15,DDSF1,-2.4640246080067243,Ex-post DWA
2020-11-22,DDSF1,3.5795152073567422,Ex-post DWA
2020-11-29,DDSF1,-10.767490188453646,Ex-post DWA
2020-12-06,DDSF1,2.543155747376879,Ex-post DWA
2020-12-13,DDSF1,-2.218981072244148,Ex-post DWA
2020-12-20,DDSF1,-6.886993017806802,Ex-post DWA
2020-12-27,DDSF1,-4.806241820810399,Ex-post DWA
2021-01-03,DDSF1,0.5705981937196327,Ex-post DWA
2021-01-10,DDSF1,0.38689518267470646,Ex-post DWA
2021-01-17,DDSF1,0.18406342559624278,Ex-post DWA
2021-01-24,DDSF1,4.933833008939722,Ex-post DWA
2021-01-31,DDSF1,-0.8585958810810723,Ex-post DWA
2021-02-07,DDSF1,-0.5363933557900609,Ex-post DWA
2021-02-14,DDSF1,0.5557455999386178,Ex-post DWA
2021-02-21,DDSF1,0.36174030314960604,Ex-post DWA
2021-02-28,DDSF1,2.1808447780994555,Ex-post DWA
2021-03-07,DDSF1,0.4365132335950648,Ex-post DWA
2021-03-14,DDSF1,-6.012400668751475,Ex-post DWA
2021-03-21,DDSF1,1.1490933628073918,Ex-post DWA
2021-03-28,DDSF1,-5.618523423407648,Ex-post DWA
2021-04-04,DDSF1,-1.051412478909036,Ex-post DWA
2021-04-11,DDSF1,1.3889428036486606,Ex-post DWA
2021-04-18,DDSF1,-5.61227214186955,Ex-post DWA
2021-04-25,DDSF1,1.7481216716671604,Ex-post DWA
2021-05-02,DDSF1,-2.3999569764137423,Ex-post DWA
2021-05-09,DDSF1,-10.762393080221095,Ex-post DWA
2021-05-16,DDSF1,-28.529750562153552,Ex-post DWA
2021-05-23,DDSF1,-6.886774696529751,Ex-post DWA
2021-05-30,DDSF1,26.737898662986822,Ex-post DWA
2021-06-06,DDSF1,-27.081998511502164,Ex-post DWA
2021-06-13,DDSF1,-12.314287142545695,Ex-post DWA
2021-06-20,DDSF1,-30.972771916581706,Ex-post DWA
2021-06-27,DDSF1,-8.921796102981236,Ex-post DWA
2021-07-04,DDSF1,-15.834312937935536,Ex-post DWA
2021-07-11,DDSF1,-19.900608531198245,Ex-post DWA
2021-07-18,DDSF1,-9.439715322652667,Ex-post DWA
2021-07-25,DDSF1,-19.384455100967763,Ex-post DWA
2021-08-01,DDSF1,-7.502284633203285,Ex-post DWA
2021-08-08,DDSF1,-4.765628734806633,Ex-post DWA
2021-08-15,DDSF1,-4.629743873310268,Ex-post DWA
2021-08-22,DDSF1,-11.797333897275957,Ex-post DWA
2021-08-29,DDSF1,-7.71858898669292,Ex-post DWA
2021-09-05,DDSF1,-6.421692927451598,Ex-post DWA
2021-09-12,DDSF1,-12.232855876460384,Ex-post DWA
2021-09-19,DDSF1,-7.267214089174388,Ex-post DWA
2021-09-26,DDSF1,-11.964453862109938,Ex-post DWA
2021-10-03,DDSF1,-22.421581516553076,Ex-post DWA
2021-10-10,DDSF1,-29.37665326415921,Ex-post DWA
2021-10-17,DDSF1,-4.926389827828384,Ex-post DWA
2021-10-24,DDSF1,-15.8634447016166,Ex-post DWA
2021-10-31,DDSF1,-8.094680481527739,Ex-post DWA
2021-11-07,DDSF1,-3.987068754162401,Ex-post DWA
2021-11-14,DDSF1,-101.71563830018887,Ex-post DWA
2021-11-21,DDSF1,-20.031514667282934,Ex-post DWA
2021-11-28,DDSF1,-6.1363871415369715,Ex-post DWA
2021-12-05,DDSF1,-4.586012034267107,Ex-post DWA
2021-12-12,DDSF1,-7.725430413407977,Ex-post DWA
2021-12-19,DDSF1,-3.067608778510845,Ex-post DWA
2021-12-26,DDSF1,-17.187823646614774,Ex-post DWA
2022-01-02,DDSF1,-2.425422035879855,Ex-post DWA
2022-01-09,DDSF1,0.06960762666658127,Ex-post DWA
2022-01-16,DDSF1,-1.2746625255473276,Ex-post DWA
2022-01-23,DDSF1,-8.025968567991953,Ex-post DWA
2022-01-30,DDSF1,3.423372197647197,Ex-post DWA
2022-02-06,DDSF1,-125.03220354721984,Ex-post DWA
2022-02-13,DDSF1,-2.4879649157601307,Ex-post DWA
2022-02-20,DDSF1,1.7581386002555064,Ex-post DWA
2022-02-27,DDSF1,-7.2273902690190255,Ex-post DWA
2022-03-06,DDSF1,2.1185366682473017,Ex-post DWA
2022-03-13,DDSF1,-19.924077093276665,Ex-post DWA
2022-03-20,DDSF1,-3.336061717312724,Ex-post DWA
2022-03-27,DDSF1,-12.853869925131022,Ex-post DWA
2022-04-03,DDSF1,-5.276749151668,Ex-post DWA
2022-04-10,DDSF1,-10.398142500564319,Ex-post DWA
2022-04-17,DDSF1,-2.8552554038846836,Ex-post DWA
2022-04-24,DDSF1,1.8291820914775627,Ex-post DWA
2022-05-01,DDSF1,-6.164046032996595,Ex-post DWA
2022-05-08,DDSF1,-27.697938892669214,Ex-post DWA
2022-05-15,DDSF1,-6.940195554795309,Ex-post DWA
2022-05-22,DDSF1,-17.008736924968844,Ex-post DWA
2022-05-29,DDSF1,-7.5778010727288745,Ex-post DWA
2022-06-05,DDSF1,-59.664362528811125,Ex-post DWA
2022-06-12,DDSF1,-30.906061714140634,Ex-post DWA
2022-06-19,DDSF1,9.416867689051003,Ex-post DWA
2022-06-26,DDSF1,-24.068224653348466,Ex-post DWA
2022-07-03,DDSF1,-42.773283201478165,Ex-post DWA
2022-07-10,DDSF1,-32.99180897418779,Ex-post DWA
2022-07-17,DDSF1,-40.55714834078839,Ex-post DWA
2022-07-24,DDSF1,-41.97454378633816,Ex-post DWA
2022-07-31,DDSF1,-15.40794456346606,Ex-post DWA
2022-08-07,DDSF1,-13.88571073764308,Ex-post DWA
2022-08-14,DDSF1,-19.940519210814784,Ex-post DWA
2022-08-21,DDSF1,-22.119030941968653,Ex-post DWA
2022-08-28,DDSF1,-17.616371907196065,Ex-post DWA
2022-09-04,DDSF1,-2.6891029218027995,Ex-post DWA
2022-09-11,DDSF1,-17.423894980857604,Ex-post DWA
2022-09-18,DDSF1,-35.384123623498425,Ex-post DWA
2022-09-25,DDSF1,-23.196064927624363,Ex-post DWA
2022-10-02,DDSF1,-7.711396644392522,Ex-post DWA
2022-10-09,DDSF1,-11.715423061520468,Ex-post DWA
2022-10-16,DDSF1,-12.921337852900017,Ex-post DWA
2022-10-23,DDSF1,2.5015205389396726,Ex-post DWA
2022-10-30,DDSF1,-23.4298651698805,Ex-post DWA
2022-11-06,DDSF1,-33.66632954980419,Ex-post DWA
2022-11-13,DDSF1,-6.191512333636979,Ex-post DWA
2022-11-20,DDSF1,-15.437291914262566,Ex-post DWA
2022-11-27,DDSF1,-15.496870293337729,Ex-post DWA
2022-12-04,DDSF1,-9.55314840361514,Ex-post DWA
2022-12-11,DDSF1,-13.213962284186227,Ex-post DWA
2022-12-18,DDSF1,-11.165552587375116,Ex-post DWA
2022-12-25,DDSF1,-9.990222628026075,Ex-post DWA
2023-01-01,DDSF1,-9.011677028132747,Ex-post DWA
2023-01-08,DDSF1,-14.378871912486908,Ex-post DWA
2023-01-15,DDSF1,-3.8861764358327804,Ex-post DWA
2023-01-22,DDSF1,0.21223687087416465,Ex-post DWA
2023-01-29,DDSF1,-8.670302150733264,Ex-post DWA
2023-02-05,DDSF1,-11.29971036502802,Ex-post DWA
2023-02-12,DDSF1,-4.674190709067496,Ex-post DWA
2023-02-19,DDSF1,-7.30454819275554,Ex-post DWA
2023-02-26,DDSF1,-4.965922169135482,Ex-post DWA
2023-03-05,DDSF1,-6.838593548399636,Ex-post DWA
2023-03-12,DDSF1,-8.440655634315007,Ex-post DWA
2023-03-19,DDSF1,-9.888696475795527,Ex-post DWA
2023-03-26,DDSF1,-6.498732576162382,Ex-post DWA
2023-04-02,DDSF1,-65.40375942742715,Ex-post DWA
2023-04-09,DDSF1,-25.436845591494563,Ex-post DWA
2023-04-16,DDSF1,-15.209945946168052,Ex-post DWA
2023-04-23,DDSF1,-7.890366243632521,Ex-post DWA
2023-04-30,DDSF1,-3.6416145985328683,Ex-post DWA
2023-05-07,DDSF1,-12.137909128142574,Ex-post DWA
2023-05-14,DDSF1,-12.492922704947915,Ex-post DWA
2023-05-21,DDSF1,-23.034498688273978,Ex-post DWA
2023-05-28,DDSF1,-8.969059849271702,Ex-post DWA
2023-06-04,DDSF1,-7.652069783027159,Ex-post DWA
2023-06-11,DDSF1,-5.548673280928149,Ex-post DWA
2023-06-18,DDSF1,-7.554124803491447,Ex-post DWA
2023-06-25,DDSF1,-13.88355432424051,Ex-post DWA
2023-07-02,DDSF1,-20.354295608118914,Ex-post DWA
2023-07-09,DDSF1,-15.68742098299157,Ex-post DWA
2023-07-16,DDSF1,-8.520878497479073,Ex-post DWA
2023-07-23,DDSF1,-10.965414452024223,Ex-post DWA
2023-07-30,DDSF1,-10.579894807639068,Ex-post DWA
2023-08-06,DDSF1,-8.814175263081065,Ex-post DWA
2023-08-13,DDSF1,-14.690720423818233,Ex-post DWA
2023-08-20,DDSF1,-23.683705380924746,Ex-post DWA
2023-08-27,DDSF1,-9.785095287117285,Ex-post DWA
2023-09-03,DDSF1,-12.87132293218447,Ex-post DWA
2023-09-10,DDSF1,-17.201416368160633,Ex-post DWA
2023-09-17,DDSF1,-15.704042329363814,Ex-post DWA
2023-09-24,DDSF1,-10.643304210329338,Ex-post DWA
2023-10-01,DDSF1,-16.23793131669823,Ex-post DWA
2023-10-08,DDSF1,-11.467721091595724,Ex-post DWA
2023-10-15,DDSF1,-14.785242692967092,Ex-post DWA
2023-10-22,DDSF1,-11.280541833416567,Ex-post DWA
2023-10-29,DDSF1,-14.069709440067276,Ex-post DWA
2023-11-05,DDSF1,-13.714165053649074,Ex-post DWA
2023-11-12,DDSF1,-18.89429693680064,Ex-post DWA
2023-11-19,DDSF1,-17.971709446842837,Ex-post DWA
2023-11-26,DDSF1,-5.291754008135328,Ex-post DWA
2023-12-03,DDSF1,-11.770204444135103,Ex-post DWA
2023-12-10,DDSF1,-14.36212766468126,Ex-post DWA
2023-12-17,DDSF1,-9.282232481880087,Ex-post DWA
2023-12-24,DDSF1,-12.963870285376274,Ex-post DWA
2023-12-31,DDSF1,-30.18248714840433,Ex-post DWA
2024-01-07,DDSF1,-3.5036560647553294,Ex-post DWA
2024-01-14,DDSF1,-4.358021601280541,Ex-post DWA
2024-01-21,DDSF1,-15.40389299714684,Ex-post DWA
2024-01-28,DDSF1,-12.37984092273338,Ex-post DWA
2024-02-04,DDSF1,-10.057212883962762,Ex-post DWA
2024-02-11,DDSF1,-4.377661489915759,Ex-post DWA
2024-02-18,DDSF1,-5.079462480238178,Ex-post DWA
2024-02-25,DDSF1,-9.216817710683138,Ex-post DWA
2024-03-03,DDSF1,-13.270967871109534,Ex-post DWA
2024-03-10,DDSF1,-3.8619763062387733,Ex-post DWA
2024-03-17,DDSF1,-7.37946525833323,Ex-post DWA
2024-03-24,DDSF1,-2.8880320127588988,Ex-post DWA
2024-03-31,DDSF1,-9.225575130082746,Ex-post DWA
2024-04-07,DDSF1,-7.789231544468052,Ex-post DWA
2024-04-14,DDSF1,-12.66678459708276,Ex-post DWA
2024-04-21,DDSF1,-24.17348953117254,Ex-post DWA
2024-04-28,DDSF1,-11.82837011204867,Ex-post DWA
2024-05-05,DDSF1,-11.291278673922616,Ex-post DWA
2024-05-12,DDSF1,-8.397302048586386,Ex-post DWA
2024-05-19,DDSF1,-28.674116262981016,Ex-post DWA
2024-05-26,DDSF1,-14.12933741446188,Ex-post DWA
2024-06-02,DDSF1,-14.377071529645033,Ex-post DWA
2024-06-09,DDSF1,-15.247784956041347,Ex-post DWA
2024-06-16,DDSF1,-19.24006222552858,Ex-post DWA
2024-06-23,DDSF1,-25.15964732760021,Ex-post DWA
2024-06-30,DDSF1,-6.506239793566223,Ex-post DWA
2024-07-07,DDSF1,-13.550336916176192,Ex-post DWA
2024-07-14,DDSF1,-14.71267845539246,Ex-post DWA
2024-07-21,DDSF1,-20.420232862217365,Ex-post DWA
2024-07-28,DDSF1,-7.227995615839799,Ex-post DWA
2024-08-04,DDSF1,-17.773015925056395,Ex-post DWA
2024-08-11,DDSF1,-24.031604825704626,Ex-post DWA
2024-08-18,DDSF1,-33.329417764955956,Ex-post DWA
2024-08-25,DDSF1,-14.701703699393729,Ex-post DWA
2024-09-01,DDSF1,-16.191110083139343,Ex-post DWA
2024-09-08,DDSF1,-10.844199011980308,Ex-post DWA
2024-09-15,DDSF1,-13.933862842220396,Ex-post DWA
2024-09-22,DDSF1,-10.978059193217188,Ex-post DWA
2024-09-29,DDSF1,-16.738392326545515,Ex-post DWA
2024-10-06,DDSF1,-15.438550161216785,Ex-post DWA
2024-10-13,DDSF1,-18.539639861120676,Ex-post DWA
2024-10-20,DDSF1,-13.785005863047012,Ex-post DWA
2024-10-27,DDSF1,-18.476970332228333,Ex-post DWA
2024-11-03,DDSF1,-15.905734655293335,Ex-post DWA
2024-11-10,DDSF1,-40.6371622357945,Ex-post DWA
2024-11-17,DDSF1,-14.058350856387463,Ex-post DWA
2024-11-24,DDSF1,-23.133866025242035,Ex-post DWA
2024-12-01,DDSF1,-7.360217436538228,Ex-post DWA
2024-12-08,DDSF1,-22.87044351504113,Ex-post DWA
2024-12-15,DDSF1,-8.171489533943358,Ex-post DWA
2024-12-22,DDSF1,-9.043374323870474,Ex-post DWA
2024-12-29,DDSF1,-17.062916550682804,Ex-post DWA
2025-01-05,DDSF1,-15.97279081969456,Ex-post DWA
2020-01-05,EMERASF1,2.6272418563974327,Ex-post DWA
2020-01-12,EMERASF1,0.7596550312720609,Ex-post DWA
2020-01-19,EMERASF1,-0.7333002817636469,Ex-post DWA
2020-01-26,EMERASF1,8.29314298090732,Ex-post DWA
2020-02-02,EMERASF1,11.879702574883936,Ex-post DWA
2020-02-09,EMERASF1,-0.05422651092755615,Ex-post DWA
2020-02-16,EMERASF1,-1.1728853988550156,Ex-post DWA
2020-02-23,EMERASF1,1.7932484602831096,Ex-post DWA
2020-03-01,EMERASF1,1.182550108533512,Ex-post DWA
2020-03-08,EMERASF1,-0.8096885841579109,Ex-post DWA
2020-03-15,EMERASF1,4.655292655327695,Ex-post DWA
2020-03-22,EMERASF1,0.6144788853593468,Ex-post DWA
2020-03-29,EMERASF1,0.2506591492318506,Ex-post DWA
2020-04-05,EMERASF1,1.0691240394724204,Ex-post DWA
2020-04-12,EMERASF1,1.7797816919333727,Ex-post DWA
2020-04-19,EMERASF1,0.45255116112752347,Ex-post DWA
2020-04-26,EMERASF1,1.2449181895334505,Ex-post DWA
2020-05-03,EMERASF1,21.12116862570344,Ex-post DWA
2020-05-10,EMERASF1,1.4542208034141346,Ex-post DWA
2020-05-17,EMERASF1,0.5401248181652925,Ex-post DWA
2020-05-24,EMERASF1,-1.196987767222307,Ex-post DWA
2020-05-31,EMERASF1,3.609701665837406,Ex-post DWA
2020-06-07,EMERASF1,3.1860786477593024,Ex-post DWA
2020-06-14,EMERASF1,0.5017303308953736,Ex-post DWA
2020-06-21,EMERASF1,1.154233615191469,Ex-post DWA
2020-06-28,EMERASF1,5.519255734416246,Ex-post DWA
2020-07-05,EMERASF1,3.5619613024615724,Ex-post DWA
2020-07-12,EMERASF1,0.27250584344233886,Ex-post DWA
2020-07-19,EMERASF1,3.0117495285272824,Ex-post DWA
2020-07-26,EMERASF1,-1.1058044691244433,Ex-post DWA
2020-08-02,EMERASF1,0.7734712845508156,Ex-post DWA
2020-08-09,EMERASF1,2.5745549068597846,Ex-post DWA
2020-08-16,EMERASF1,10.877466672933663,Ex-post DWA
2020-08-23,EMERASF1,9.800994542685645,Ex-post DWA
2020-08-30,EMERASF1,11.919212622149299,Ex-post DWA
2020-09-06,EMERASF1,10.725648930109198,Ex-post DWA
2020-09-13,EMERASF1,2.885312090929535,Ex-post DWA
2020-09-20,EMERASF1,6.732196184215441,Ex-post DWA
2020-09-27,EMERASF1,9.951233507001238,Ex-post DWA
2020-10-04,EMERASF1,7.259597406603223,Ex-post DWA
2020-10-11,EMERASF1,4.299422486135732,Ex-post DWA
2020-10-18,EMERASF1,-0.025021006810383994,Ex-post DWA
2020-10-25,EMERASF1,3.5464407602372425,Ex-post DWA
2020-11-01,EMERASF1,-1.024623944491033,Ex-post DWA
2020-11-08,EMERASF1,0.31582589878311396,Ex-post DWA
2020-11-15,EMERASF1,0.4759887120170063,Ex-post DWA
2020-11-22,EMERASF1,3.8371360580842406,Ex-post DWA
2020-11-29,EMERASF1,6.680927461945245,Ex-post DWA
2020-12-06,EMERASF1,1.0635928790939957,Ex-post DWA
2020-12-13,EMERASF1,0.6553208260694205,Ex-post DWA
2020-12-20,EMERASF1,5.589639970796455,Ex-post DWA
2020-12-27,EMERASF1,1.4225679774401954,Ex-post DWA
2021-01-03,EMERASF1,-1.6770943356432326,Ex-post DWA
2021-01-10,EMERASF1,3.3852421267619235,Ex-post DWA
2021-01-17,EMERASF1,1.7405541287323345,Ex-post DWA
2021-01-24,EMERASF1,-1.8659385835440077,Ex-post DWA
2021-01-31,EMERASF1,-0.24635677583108873,Ex-post DWA
2021-02-07,EMERASF1,-0.6081921461209134,Ex-post DWA
2021-02-14,EMERASF1,0.14082522797667707,Ex-post DWA
2021-02-21,EMERASF1,1.2715737917128287,Ex-post DWA
2021-02-28,EMERASF1,1.4521493490010826,Ex-post DWA
2021-03-07,EMERASF1,0.004528573226842525,Ex-post DWA
2021-03-14,EMERASF1,-4.538641585390074,Ex-post DWA
2021-03-21,EMERASF1,-0.12978806442744428,Ex-post DWA
2021-03-28,EMERASF1,1.4793267082840202,Ex-post DWA
2021-04-04,EMERASF1,1.3477853183100201,Ex-post DWA
2021-04-11,EMERASF1,26.684610423595757,Ex-post DWA
2021-04-18,EMERASF1,6.720045054091223,Ex-post DWA
2021-04-25,EMERASF1,1.2611075454314857,Ex-post DWA
2021-05-02,EMERASF1,5.624603201449499,Ex-post DWA
2021-05-09,EMERASF1,3.889249709129338,Ex-post DWA
2021-05-16,EMERASF1,16.59541719578752,Ex-post DWA
2021-05-23,EMERASF1,8.619938371512271,Ex-post DWA
2021-05-30,EMERASF1,83.40134558579598,Ex-post DWA
2021-06-06,EMERASF1,-16.74697239500199,Ex-post DWA
2021-06-13,EMERASF1,-8.441444810950287,Ex-post DWA
2021-06-20,EMERASF1,-14.473587729648074,Ex-post DWA
2021-06-27,EMERASF1,0.12173002770467178,Ex-post DWA
2021-07-04,EMERASF1,40.13818129136614,Ex-post DWA
2021-07-11,EMERASF1,7.563563411958214,Ex-post DWA
2021-07-18,EMERASF1,3.0053284625695795,Ex-post DWA
2021-07-25,EMERASF1,12.614076476230593,Ex-post DWA
2021-08-01,EMERASF1,2.8920979854336437,Ex-post DWA
2021-08-08,EMERASF1,1.133436251036688,Ex-post DWA
2021-08-15,EMERASF1,6.021878519715614,Ex-post DWA
2021-08-22,EMERASF1,15.441390990071639,Ex-post DWA
2021-08-29,EMERASF1,13.951182109685284,Ex-post DWA
2021-09-05,EMERASF1,2.840195513752434,Ex-post DWA
2021-09-12,EMERASF1,18.778092161659355,Ex-post DWA
2021-09-19,EMERASF1,50.66243927565344,Ex-post DWA
2021-09-26,EMERASF1,33.9784315122215,Ex-post DWA
2021-10-03,EMERASF1,77.10155726913311,Ex-post DWA
2021-10-10,EMERASF1,52.43311444069846,Ex-post DWA
2021-10-17,EMERASF1,20.09075329577142,Ex-post DWA
2021-10-24,EMERASF1,15.004473180082861,Ex-post DWA
2021-10-31,EMERASF1,3.919986514132674,Ex-post DWA
2021-11-07,EMERASF1,2.0018608203280124,Ex-post DWA
2021-11-14,EMERASF1,78.52240343126977,Ex-post DWA
2021-11-21,EMERASF1,26.451135245606324,Ex-post DWA
2021-11-28,EMERASF1,7.981645912304103,Ex-post DWA
2021-12-05,EMERASF1,3.5418191256890594,Ex-post DWA
2021-12-12,EMERASF1,0.646612243258943,Ex-post DWA
2021-12-19,EMERASF1,1.937279780948053,Ex-post DWA
2021-12-26,EMERASF1,33.68898568705778,Ex-post DWA
2022-01-02,EMERASF1,0.6574809660606888,Ex-post DWA
2022-01-09,EMERASF1,3.934307851007091,Ex-post DWA
2022-01-16,EMERASF1,1.7663462798044662,Ex-post DWA
2022-01-23,EMERASF1,2.9364266332280806,Ex-post DWA
2022-01-30,EMERASF1,2.182055878348649,Ex-post DWA
2022-02-06,EMERASF1,-29.972523053739167,Ex-post DWA
2022-02-13,EMERASF1,0.8110170030647481,Ex-post DWA
2022-02-20,EMERASF1,4.93291852969881,Ex-post DWA
2022-02-27,EMERASF1,2.4020746197257097,Ex-post DWA
2022-03-06,EMERASF1,-2.5407411473088786,Ex-post DWA
2022-03-13,EMERASF1,4.202793700582063,Ex-post DWA
2022-03-20,EMERASF1,4.385266846051955,Ex-post DWA
2022-03-27,EMERASF1,3.2861598052462,Ex-post DWA
2022-04-03,EMERASF1,2.2559870809654115,Ex-post DWA
2022-04-10,EMERASF1,16.809036694187853,Ex-post DWA
2022-04-17,EMERASF1,9.034730355179278,Ex-post DWA
2022-04-24,EMERASF1,5.207148092792252,Ex-post DWA
2022-05-01,EMERASF1,3.831145411033731,Ex-post DWA
2022-05-08,EMERASF1,2.669125958140512,Ex-post DWA
2022-05-15,EMERASF1,1.7604767055415778,Ex-post DWA
2022-05-22,EMERASF1,6.19730181377173,Ex-post DWA
2022-05-29,EMERASF1,12.84393458631223,Ex-post DWA
2022-06-05,EMERASF1,54.55340176280873,Ex-post DWA
2022-06-12,EMERASF1,23.868352159334506,Ex-post DWA
2022-06-19,EMERASF1,-0.886645184909213,Ex-post DWA
2022-06-26,EMERASF1,5.666014732865534,Ex-post DWA
2022-07-03,EMERASF1,2.2380590131861027,Ex-post DWA
2022-07-10,EMERASF1,146.86104571170944,Ex-post DWA
2022-07-17,EMERASF1,-2.4169298980538656,Ex-post DWA
2022-07-24,EMERASF1,8.046514915285343,Ex-post DWA
2022-07-31,EMERASF1,-2.4499479325704954,Ex-post DWA
2022-08-07,EMERASF1,9.030166167699704,Ex-post DWA
2022-08-14,EMERASF1,7.147768401685909,Ex-post DWA
2022-08-21,EMERASF1,38.74735283427962,Ex-post DWA
2022-08-28,EMERASF1,18.626534783842118,Ex-post DWA
2022-09-04,EMERASF1,1.2104276943522763,Ex-post DWA
2022-09-11,EMERASF1,30.263216442000143,Ex-post DWA
2022-09-18,EMERASF1,44.84866426327096,Ex-post DWA
2022-09-25,EMERASF1,28.129865657382766,Ex-post DWA
2022-10-02,EMERASF1,8.853301447845652,Ex-post DWA
2022-10-09,EMERASF1,12.39177619827602,Ex-post DWA
2022-10-16,EMERASF1,9.519071209978705,Ex-post DWA
2022-10-23,EMERASF1,-4.196950437797469,Ex-post DWA
2022-10-30,EMERASF1,15.278188272729423,Ex-post DWA
2022-11-06,EMERASF1,26.213534883009096,Ex-post DWA
2022-11-13,EMERASF1,5.35494594614994,Ex-post DWA
2022-11-20,EMERASF1,24.152260787096168,Ex-post DWA
2022-11-27,EMERASF1,6.778593101721327,Ex-post DWA
2022-12-04,EMERASF1,12.06948402933368,Ex-post DWA
2022-12-11,EMERASF1,6.652154819073104,Ex-post DWA
2022-12-18,EMERASF1,10.77229041589215,Ex-post DWA
2022-12-25,EMERASF1,11.955916060198756,Ex-post DWA
2023-01-01,EMERASF1,11.304762305878398,Ex-post DWA
2023-01-08,EMERASF1,12.604857944505845,Ex-post DWA
2023-01-15,EMERASF1,-6.17394257270881,Ex-post DWA
2023-01-22,EMERASF1,3.969371308542712,Ex-post DWA
2023-01-29,EMERASF1,11.178784320265038,Ex-post DWA
2023-02-05,EMERASF1,8.927421772711682,Ex-post DWA
2023-02-12,EMERASF1,7.426586423855767,Ex-post DWA
2023-02-19,EMERASF1,4.089599387026702,Ex-post DWA
2023-02-26,EMERASF1,19.324347503013016,Ex-post DWA
2023-03-05,EMERASF1,6.22040821524056,Ex-post DWA
2023-03-12,EMERASF1,0.3591725831183652,Ex-post DWA
2023-03-19,EMERASF1,9.656654211405666,Ex-post DWA
2023-03-26,EMERASF1,14.018086252092985,Ex-post DWA
2023-04-02,EMERASF1,41.06954741354599,Ex-post DWA
2023-04-09,EMERASF1,25.561714094284177,Ex-post DWA
2023-04-16,EMERASF1,25.67861204017372,Ex-post DWA
2023-04-23,EMERASF1,10.875943085330022,Ex-post DWA
2023-04-30,EMERASF1,0.657516614437931,Ex-post DWA
2023-05-07,EMERASF1,20.42352325145331,Ex-post DWA
2023-05-14,EMERASF1,11.57766776365311,Ex-post DWA
2023-05-21,EMERASF1,22.342558468890076,Ex-post DWA
2023-05-28,EMERASF1,8.747048168782634,Ex-post DWA
2023-06-04,EMERASF1,1.3115277186648981,Ex-post DWA
2023-06-11,EMERASF1,1.8441502135426475,Ex-post DWA
2023-06-18,EMERASF1,9.987921313729842,Ex-post DWA
2023-06-25,EMERASF1,12.169553485078076,Ex-post DWA
2023-07-02,EMERASF1,27.377109239869533,Ex-post DWA
2023-07-09,EMERASF1,23.20293815028617,Ex-post DWA
2023-07-16,EMERASF1,12.507576023127253,Ex-post DWA
2023-07-23,EMERASF1,24.202100227056263,Ex-post DWA
2023-07-30,EMERASF1,18.611383609733323,Ex-post DWA
2023-08-06,EMERASF1,21.99289321975173,Ex-post DWA
2023-08-13,EMERASF1,30.259747855626927,Ex-post DWA
2023-08-20,EMERASF1,33.27001048385684,Ex-post DWA
2023-08-27,EMERASF1,33.57159281664258,Ex-post DWA
2023-09-03,EMERASF1,28.60979232738638,Ex-post DWA
2023-09-10,EMERASF1,23.60091985023707,Ex-post DWA
2023-09-17,EMERASF1,32.51614813656864,Ex-post DWA
2023-09-24,EMERASF1,24.429259668707623,Ex-post DWA
2023-10-01,EMERASF1,51.47352831439222,Ex-post DWA
2023-10-08,EMERASF1,25.426611099428985,Ex-post DWA
2023-10-15,EMERASF1,47.861521461488124,Ex-post DWA
2023-10-22,EMERASF1,23.728602588434953,Ex-post DWA
2023-10-29,EMERASF1,29.827355935899696,Ex-post DWA
2023-11-05,EMERASF1,20.954370268361814,Ex-post DWA
2023-11-12,EMERASF1,28.908701550832664,Ex-post DWA
2023-11-19,EMERASF1,23.13809050328662,Ex-post DWA
2023-11-26,EMERASF1,4.962674072642898,Ex-post DWA
2023-12-03,EMERASF1,17.448578151010672,Ex-post DWA
2023-12-10,EMERASF1,11.167120933835928,Ex-post DWA
2023-12-17,EMERASF1,14.430487354288317,Ex-post DWA
2023-12-24,EMERASF1,21.35380342591457,Ex-post DWA
2023-12-31,EMERASF1,58.133613407595156,Ex-post DWA
2024-01-07,EMERASF1,7.346969359729048,Ex-post DWA
2024-01-14,EMERASF1,6.4648595434092115,Ex-post DWA
2024-01-21,EMERASF1,29.902023657602896,Ex-post DWA
2024-01-28,EMERASF1,-9.32737887105003,Ex-post DWA
2024-02-04,EMERASF1,27.6955428794615,Ex-post DWA
2024-02-11,EMERASF1,12.604243063154186,Ex-post DWA
2024-02-18,EMERASF1,13.148938495913413,Ex-post DWA
2024-02-25,EMERASF1,13.348950061784393,Ex-post DWA
2024-03-03,EMERASF1,34.60593233082683,Ex-post DWA
2024-03-10,EMERASF1,14.565626787036692,Ex-post DWA
2024-03-17,EMERASF1,13.05968034216069,Ex-post DWA
2024-03-24,EMERASF1,6.431314029365026,Ex-post DWA
2024-03-31,EMERASF1,22.364525578851158,Ex-post DWA
2024-04-07,EMERASF1,9.888706250327992,Ex-post DWA
2024-04-14,EMERASF1,27.58466834218627,Ex-post DWA
2024-04-21,EMERASF1,5.857855832349031,Ex-post DWA
2024-04-28,EMERASF1,26.038385367876508,Ex-post DWA
2024-05-05,EMERASF1,18.32765748617475,Ex-post DWA
2024-05-12,EMERASF1,37.595378143270835,Ex-post DWA
2024-05-19,EMERASF1,50.56826977464725,Ex-post DWA
2024-05-26,EMERASF1,34.65554661111071,Ex-post DWA
2024-06-02,EMERASF1,18.159575948265527,Ex-post DWA
2024-06-09,EMERASF1,34.767841606344646,Ex-post DWA
2024-06-16,EMERASF1,49.12287239119324,Ex-post DWA
2024-06-23,EMERASF1,43.79647971489966,Ex-post DWA
2024-06-30,EMERASF1,11.925774958571807,Ex-post DWA
2024-07-07,EMERASF1,-1.7275844732000394,Ex-post DWA
2024-07-14,EMERASF1,2.077652118571443,Ex-post DWA
2024-07-21,EMERASF1,-3.7456016402452157,Ex-post DWA
2024-07-28,EMERASF1,-6.187375751007494,Ex-post DWA
2024-08-04,EMERASF1,-1.3065558838017033,Ex-post DWA
2024-08-11,EMERASF1,14.29382888208302,Ex-post DWA
2024-08-18,EMERASF1,-20.148451970976456,Ex-post DWA
2024-08-25,EMERASF1,-5.815179497273469,Ex-post DWA
2024-09-01,EMERASF1,-10.406482901223152,Ex-post DWA
2024-09-08,EMERASF1,-6.2896946028537,Ex-post DWA
2024-09-15,EMERASF1,-5.686900570448373,Ex-post DWA
2024-09-22,EMERASF1,-8.265905285650287,Ex-post DWA
2024-09-29,EMERASF1,-7.389573817506786,Ex-post DWA
2024-10-06,EMERASF1,-8.562919051472473,Ex-post DWA
2024-10-13,EMERASF1,-6.1208257342766235,Ex-post DWA
2024-10-20,EMERASF1,-6.329142928787616,Ex-post DWA
2024-10-27,EMERASF1,-10.536596977055964,Ex-post DWA
2024-11-03,EMERASF1,-8.158088080017878,Ex-post DWA
2024-11-10,EMERASF1,0.9388593429348617,Ex-post DWA
2024-11-17,EMERASF1,-4.301638525414489,Ex-post DWA
2024-11-24,EMERASF1,-6.234501162934194,Ex-post DWA
2024-12-01,EMERASF1,1.3828368668969375,Ex-post DWA
2024-12-08,EMERASF1,-6.635368332217169,Ex-post DWA
2024-12-15,EMERASF1,6.516054536174465,Ex-post DWA
2024-12-22,EMERASF1,-14.122528424756013,Ex-post DWA
2024-12-29,EMERASF1,-9.490993387957637,Ex-post DWA
2025-01-05,EMERASF1,3.558684249879576,Ex-post DWA
2020-01-05,HAMISF1,-7.290755498610366,Ex-post DWA
2020-01-12,HAMISF1,-0.04972338414516031,Ex-post DWA
2020-01-19,HAMISF1,-0.8482586180911582,Ex-post DWA
2020-01-26,HAMISF1,-2.5435431739727647,Ex-post DWA
2020-02-02,HAMISF1,4.796580657368679,Ex-post DWA
2020-02-09,HAMISF1,-0.852381524120922,Ex-post DWA
2020-02-16,HAMISF1,-0.3186206797155364,Ex-post DWA
2020-02-23,HAMISF1,-2.456738959632574,Ex-post DWA
2020-03-01,HAMISF1,-1.065529837032642,Ex-post DWA
2020-03-08,HAMISF1,-0.7698396366240203,Ex-post DWA
2020-03-15,HAMISF1,-0.9958466742516059,Ex-post DWA
2020-03-22,HAMISF1,-0.4805928644106281,Ex-post DWA
2020-03-29,HAMISF1,0.5577849871516065,Ex-post DWA
2020-04-05,HAMISF1,0.41869301031194794,Ex-post DWA
2020-04-12,HAMISF1,-0.5542473178013196,Ex-post DWA
2020-04-19,HAMISF1,0.21109649458881918,Ex-post DWA
2020-04-26,HAMISF1,0.16405305080425592,Ex-post DWA
2020-05-03,HAMISF1,-22.507970205004554,Ex-post DWA
2020-05-10,HAMISF1,-1.1975549900147904,Ex-post DWA
2020-05-17,HAMISF1,0.01979634234666605,Ex-post DWA
2020-05-24,HAMISF1,0.013371903118795103,Ex-post DWA
2020-05-31,HAMISF1,-0.39908137474180805,Ex-post DWA
2020-06-07,HAMISF1,-0.760770605508835,Ex-post DWA
2020-06-14,HAMISF1,-0.11222412805842197,Ex-post DWA
2020-06-21,HAMISF1,-0.8202299799066068,Ex-post DWA
2020-06-28,HAMISF1,-1.6258080819331875,Ex-post DWA
2020-07-05,HAMISF1,-2.106107532085076,Ex-post DWA
2020-07-12,HAMISF1,0.24126259012110296,Ex-post DWA
2020-07-19,HAMISF1,0.6852135262347012,Ex-post DWA
2020-07-26,HAMISF1,0.17120560038129184,Ex-post DWA
2020-08-02,HAMISF1,-0.05957737537887553,Ex-post DWA
2020-08-09,HAMISF1,-0.9372353702786285,Ex-post DWA
2020-08-16,HAMISF1,-5.790130924277776,Ex-post DWA
2020-08-23,HAMISF1,-5.665276297736783,Ex-post DWA
2020-08-30,HAMISF1,-3.877518464304813,Ex-post DWA
2020-09-06,HAMISF1,-3.766595647583716,Ex-post DWA
2020-09-13,HAMISF1,-2.4217963196388084,Ex-post DWA
2020-09-20,HAMISF1,-2.9829781381422373,Ex-post DWA
2020-09-27,HAMISF1,-4.79020864111235,Ex-post DWA
2020-10-04,HAMISF1,-1.9706476829403896,Ex-post DWA
2020-10-11,HAMISF1,-0.6086962479704425,Ex-post DWA
2020-10-18,HAMISF1,-4.447208128703469,Ex-post DWA
2020-10-25,HAMISF1,-0.2434725124468784,Ex-post DWA
2020-11-01,HAMISF1,-0.2077323586879416,Ex-post DWA
2020-11-08,HAMISF1,0.01940838228990671,Ex-post DWA
2020-11-15,HAMISF1,-0.11062074768862828,Ex-post DWA
2020-11-22,HAMISF1,0.8258597590921539,Ex-post DWA
2020-11-29,HAMISF1,-3.4012954575507734,Ex-post DWA
2020-12-06,HAMISF1,1.3750274195360959,Ex-post DWA
2020-12-13,HAMISF1,-1.486651428329317,Ex-post DWA
2020-12-20,HAMISF1,-8.58114352610302,Ex-post DWA
2020-12-27,HAMISF1,1.763561187288893,Ex-post DWA
2021-01-03,HAMISF1,-1.5078556369306,Ex-post DWA
2021-01-10,HAMISF1,-1.3385412412662276,Ex-post DWA
2021-01-17,HAMISF1,-2.1696382699459633,Ex-post DWA
2021-01-24,HAMISF1,-3.4203498006386113,Ex-post DWA
2021-01-31,HAMISF1,0.06615137141402272,Ex-post DWA
2021-02-07,HAMISF1,0.27946314916482606,Ex-post DWA
2021-02-14,HAMISF1,0.04787224735649431,Ex-post DWA
2021-02-21,HAMISF1,-0.9746222909157503,Ex-post DWA
2021-02-28,HAMISF1,-3.1537056161052917,Ex-post DWA
2021-03-07,HAMISF1,-0.7667192446331157,Ex-post DWA
2021-03-14,HAMISF1,3.782009701579419,Ex-post DWA
2021-03-21,HAMISF1,-1.0837950623125892,Ex-post DWA
2021-03-28,HAMISF1,2.1063136067612085,Ex-post DWA
2021-04-04,HAMISF1,-0.44398497532620596,Ex-post DWA
2021-04-11,HAMISF1,-12.11005656488718,Ex-post DWA
2021-04-18,HAMISF1,-1.5150315869466855,Ex-post DWA
2021-04-25,HAMISF1,-8.335813495088736,Ex-post DWA
2021-05-02,HAMISF1,-1.1792504277959885,Ex-post DWA
2021-05-09,HAMISF1,2.011403389632754,Ex-post DWA
2021-05-16,HAMISF1,13.8726523168108,Ex-post DWA
2021-05-23,HAMISF1,0.14930161312464563,Ex-post DWA
2021-05-30,HAMISF1,-37.25801815748674,Ex-post DWA
2021-06-06,HAMISF1,11.58763315902766,Ex-post DWA
2021-06-13,HAMISF1,4.544141028348321,Ex-post DWA
2021-06-20,HAMISF1,-13.530250375985858,Ex-post DWA
2021-06-27,HAMISF1,1.5713745748882815,Ex-post DWA
2021-07-04,HAMISF1,-20.904933736687596,Ex-post DWA
2021-07-11,HAMISF1,2.5047809025936374,Ex-post DWA
2021-07-18,HAMISF1,1.6915277987276127,Ex-post DWA
2021-07-25,HAMISF1,2.172115834158916,Ex-post DWA
2021-08-01,HAMISF1,1.4920600221666191,Ex-post DWA
2021-08-08,HAMISF1,0.9800702639650787,Ex-post DWA
2021-08-15,HAMISF1,3.0079142753457617,Ex-post DWA
2021-08-22,HAMISF1,-0.8775616898958383,Ex-post DWA
2021-08-29,HAMISF1,0.05556173918606433,Ex-post DWA
2021-09-05,HAMISF1,-0.28931722482908384,Ex-post DWA
2021-09-12,HAMISF1,3.3575411017554404,Ex-post DWA
2021-09-19,HAMISF1,-2.9771523608850146,Ex-post DWA
2021-09-26,HAMISF1,12.689209561787893,Ex-post DWA
2021-10-03,HAMISF1,0.14890283153752648,Ex-post DWA
2021-10-10,HAMISF1,18.165014141259725,Ex-post DWA
2021-10-17,HAMISF1,-2.596164436855574,Ex-post DWA
2021-10-24,HAMISF1,5.743851254987639,Ex-post DWA
2021-10-31,HAMISF1,1.0081681051774751,Ex-post DWA
2021-11-07,HAMISF1,0.7957728461692,Ex-post DWA
2021-11-14,HAMISF1,52.153159138098715,Ex-post DWA
2021-11-21,HAMISF1,-4.905928684211162,Ex-post DWA
2021-11-28,HAMISF1,4.920731087590923,Ex-post DWA
2021-12-05,HAMISF1,0.4090323952685395,Ex-post DWA
2021-12-12,HAMISF1,-6.260825404324343,Ex-post DWA
2021-12-19,HAMISF1,-1.0409380507810795,Ex-post DWA
2021-12-26,HAMISF1,-5.127059082607261,Ex-post DWA
2022-01-02,HAMISF1,2.3189359486125127,Ex-post DWA
2022-01-09,HAMISF1,-3.4821474241837507,Ex-post DWA
2022-01-16,HAMISF1,-1.0171151632116988,Ex-post DWA
2022-01-23,HAMISF1,3.527904088426311,Ex-post DWA
2022-01-30,HAMISF1,-2.9032551159659903,Ex-post DWA
2022-02-06,HAMISF1,-16.336173908462,Ex-post DWA
2022-02-13,HAMISF1,-0.9894382428916302,Ex-post DWA
2022-02-20,HAMISF1,-4.749715742908236,Ex-post DWA
2022-02-27,HAMISF1,1.5607489890841464,Ex-post DWA
2022-03-06,HAMISF1,2.170179497843449,Ex-post DWA
2022-03-13,HAMISF1,-23.530945484512856,Ex-post DWA
2022-03-20,HAMISF1,-5.505637888477246,Ex-post DWA
2022-03-27,HAMISF1,4.807374155397355,Ex-post DWA
2022-04-03,HAMISF1,-0.4984540158406503,Ex-post DWA
2022-04-10,HAMISF1,-20.24743499016128,Ex-post DWA
2022-04-17,HAMISF1,-4.8235350276019915,Ex-post DWA
2022-04-24,HAMISF1,-12.262646992311929,Ex-post DWA
2022-05-01,HAMISF1,-8.024182178312884,Ex-post DWA
2022-05-08,HAMISF1,6.549658847069566,Ex-post DWA
2022-05-15,HAMISF1,-4.893082598797321,Ex-post DWA
2022-05-22,HAMISF1,1.2144122101148014,Ex-post DWA
2022-05-29,HAMISF1,1.6551980473775814,Ex-post DWA
2022-06-05,HAMISF1,2.566966483427109,Ex-post DWA
2022-06-12,HAMISF1,3.456580000428602,Ex-post DWA
2022-06-19,HAMISF1,-0.10572111529751282,Ex-post DWA
2022-06-26,HAMISF1,7.634131403045359,Ex-post DWA
2022-07-03,HAMISF1,18.558091728563113,Ex-post DWA
2022-07-10,HAMISF1,-55.40174821228598,Ex-post DWA
2022-07-17,HAMISF1,15.733567691153127,Ex-post DWA
2022-07-24,HAMISF1,3.2372882669175738,Ex-post DWA
2022-07-31,HAMISF1,1.4807318293410248,Ex-post DWA
2022-08-07,HAMISF1,0.09288882965722678,Ex-post DWA
2022-08-14,HAMISF1,2.167728180274466,Ex-post DWA
2022-08-21,HAMISF1,7.310309890510103,Ex-post DWA
2022-08-28,HAMISF1,-0.8679151791571726,Ex-post DWA
2022-09-04,HAMISF1,2.9743131801565568,Ex-post DWA
2022-09-11,HAMISF1,-1.984528007189752,Ex-post DWA
2022-09-18,HAMISF1,4.965838856286453,Ex-post DWA
2022-09-25,HAMISF1,4.460047762234609,Ex-post DWA
2022-10-02,HAMISF1,-2.1463890808890795,Ex-post DWA
2022-10-09,HAMISF1,3.0820178511181098,Ex-post DWA
2022-10-16,HAMISF1,-1.566709429371528,Ex-post DWA
2022-10-23,HAMISF1,-2.2253077037693316,Ex-post DWA
2022-10-30,HAMISF1,-12.016217931986006,Ex-post DWA
2022-11-06,HAMISF1,-35.16618502998781,Ex-post DWA
2022-11-13,HAMISF1,-2.2839530614904646,Ex-post DWA
2022-11-20,HAMISF1,-10.826107777728225,Ex-post DWA
2022-11-27,HAMISF1,-4.711226701025289,Ex-post DWA
2022-12-04,HAMISF1,6.108615208039296,Ex-post DWA
2022-12-11,HAMISF1,-2.114265902174111,Ex-post DWA
2022-12-18,HAMISF1,-4.8459220580794415,Ex-post DWA
2022-12-25,HAMISF1,1.7171733831602651,Ex-post DWA
2023-01-01,HAMISF1,-2.1187026988739355,Ex-post DWA
2023-01-08,HAMISF1,1.8474073744805821,Ex-post DWA
2023-01-15,HAMISF1,6.543862113760724,Ex-post DWA
2023-01-22,HAMISF1,-6.305244738583866,Ex-post DWA
2023-01-29,HAMISF1,-0.5696919873711579,Ex-post DWA
2023-02-05,HAMISF1,8.963943096266831,Ex-post DWA
2023-02-12,HAMISF1,-0.15560617412350553,Ex-post DWA
2023-02-19,HAMISF1,2.9172631846226906,Ex-post DWA
2023-02-26,HAMISF1,-10.669363612848038,Ex-post DWA
2023-03-05,HAMISF1,4.3494496580806015,Ex-post DWA
2023-03-12,HAMISF1,5.277253306806173,Ex-post DWA
2023-03-19,HAMISF1,-0.9089056936270765,Ex-post DWA
2023-03-26,HAMISF1,0.03145740585949852,Ex-post DWA
2023-04-02,HAMISF1,13.247116919195491,Ex-post DWA
2023-04-09,HAMISF1,0.6835264801278882,Ex-post DWA
2023-04-16,HAMISF1,-3.8199568349130484,Ex-post DWA
2023-04-23,HAMISF1,-3.088907201314612,Ex-post DWA
2023-04-30,HAMISF1,1.3796864111411509,Ex-post DWA
2023-05-07,HAMISF1,-2.3705349875589405,Ex-post DWA
2023-05-14,HAMISF1,-1.5423439128771719,Ex-post DWA
2023-05-21,HAMISF1,2.221279932649381,Ex-post DWA
2023-05-28,HAMISF1,-2.2277029989494324,Ex-post DWA
2023-06-04,HAMISF1,0.7167695710453543,Ex-post DWA
2023-06-11,HAMISF1,2.202280571296704,Ex-post DWA
2023-06-18,HAMISF1,-1.8689570261199009,Ex-post DWA
2023-06-25,HAMISF1,5.8866950097725805,Ex-post DWA
2023-07-02,HAMISF1,5.682876904240743,Ex-post DWA
2023-07-09,HAMISF1,-1.366662663814477,Ex-post DWA
2023-07-16,HAMISF1,-2.0516611638768474,Ex-post DWA
2023-07-23,HAMISF1,-7.401668888990579,Ex-post DWA
2023-07-30,HAMISF1,-6.268051845076951,Ex-post DWA
2023-08-06,HAMISF1,-0.409454047782263,Ex-post DWA
2023-08-13,HAMISF1,-3.562781275540754,Ex-post DWA
2023-08-20,HAMISF1,0.8878733666853504,Ex-post DWA
2023-08-27,HAMISF1,-3.7334739540034736,Ex-post DWA
2023-09-03,HAMISF1,-3.470447574736461,Ex-post DWA
2023-09-10,HAMISF1,-7.6210188203348626,Ex-post DWA
2023-09-17,HAMISF1,-8.980255425634263,Ex-post DWA
2023-09-24,HAMISF1,-1.9187896358560579,Ex-post DWA
2023-10-01,HAMISF1,-6.378280577632921,Ex-post DWA
2023-10-08,HAMISF1,-5.5038307785486555,Ex-post DWA
2023-10-15,HAMISF1,-8.810701993515426,Ex-post DWA
2023-10-22,HAMISF1,-9.895804587806227,Ex-post DWA
2023-10-29,HAMISF1,-5.387122541824631,Ex-post DWA
2023-11-05,HAMISF1,0.08630613565074796,Ex-post DWA
2023-11-12,HAMISF1,-9.68181004238034,Ex-post DWA
2023-11-19,HAMISF1,7.940897503924688,Ex-post DWA
2023-11-26,HAMISF1,4.515692385226629,Ex-post DWA
2023-12-03,HAMISF1,-1.8732352617604704,Ex-post DWA
2023-12-10,HAMISF1,-4.417884125362839,Ex-post DWA
2023-12-17,HAMISF1,-0.202241067276411,Ex-post DWA
2023-12-24,HAMISF1,1.8887086356653953,Ex-post DWA
2023-12-31,HAMISF1,-17.466760721315698,Ex-post DWA
2024-01-07,HAMISF1,-0.9947267286024157,Ex-post DWA
2024-01-14,HAMISF1,-8.431946327733804,Ex-post DWA
2024-01-21,HAMISF1,0.6314918514476346,Ex-post DWA
2024-01-28,HAMISF1,23.513270443673804,Ex-post DWA
2024-02-04,HAMISF1,28.67948502984632,Ex-post DWA
2024-02-11,HAMISF1,-5.143232320674564,Ex-post DWA
2024-02-18,HAMISF1,1.1618772967302107,Ex-post DWA
2024-02-25,HAMISF1,-9.22251211688046,Ex-post DWA
2024-03-03,HAMISF1,-24.4206304773899,Ex-post DWA
2024-03-10,HAMISF1,-0.48792592869787654,Ex-post DWA
2024-03-17,HAMISF1,1.0114029311601556,Ex-post DWA
2024-03-24,HAMISF1,0.21381164501479333,Ex-post DWA
2024-03-31,HAMISF1,5.9392420684033596,Ex-post DWA
2024-04-07,HAMISF1,4.758429733507299,Ex-post DWA
2024-04-14,HAMISF1,-1.7932784231092018,Ex-post DWA
2024-04-21,HAMISF1,-2.9472561515758997,Ex-post DWA
2024-04-28,HAMISF1,-5.406672455813233,Ex-post DWA
2024-05-05,HAMISF1,1.5078548401829295,Ex-post DWA
2024-05-12,HAMISF1,-3.236349043951389,Ex-post DWA
2024-05-19,HAMISF1,1.5514364828057463,Ex-post DWA
2024-05-26,HAMISF1,-7.837853750867033,Ex-post DWA
2024-06-02,HAMISF1,5.096375107482075,Ex-post DWA
2024-06-09,HAMISF1,0.5311131219042338,Ex-post DWA
2024-06-16,HAMISF1,-0.11603858745860407,Ex-post DWA
2024-06-23,HAMISF1,7.952021741072741,Ex-post DWA
2024-06-30,HAMISF1,-2.0253024936259365,Ex-post DWA
2024-07-07,HAMISF1,6.094587650376958,Ex-post DWA
2024-07-14,HAMISF1,3.0871130238672464,Ex-post DWA
2024-07-21,HAMISF1,0.8308554647544284,Ex-post DWA
2024-07-28,HAMISF1,-0.20251696793918228,Ex-post DWA
2024-08-04,HAMISF1,-0.9405758887843518,Ex-post DWA
2024-08-11,HAMISF1,3.738870523470567,Ex-post DWA
2024-08-18,HAMISF1,7.903542569177091,Ex-post DWA
2024-08-25,HAMISF1,-0.9663233004591913,Ex-post DWA
2024-09-01,HAMISF1,0.6646148060835797,Ex-post DWA
2024-09-08,HAMISF1,10.147821093296967,Ex-post DWA
2024-09-15,HAMISF1,-0.9878219721752934,Ex-post DWA
2024-09-22,HAMISF1,-5.877514231834727,Ex-post DWA
2024-09-29,HAMISF1,-2.579226329467879,Ex-post DWA
2024-10-06,HAMISF1,-2.10337812453521,Ex-post DWA
2024-10-13,HAMISF1,2.4526958014367466,Ex-post DWA
2024-10-20,HAMISF1,-0.022859054972028225,Ex-post DWA
2024-10-27,HAMISF1,1.6324428029102274,Ex-post DWA
2024-11-03,HAMISF1,-0.4338120676593551,Ex-post DWA
2024-11-10,HAMISF1,-6.444374741541409,Ex-post DWA
2024-11-17,HAMISF1,11.877444097384569,Ex-post DWA
2024-11-24,HAMISF1,11.123640800402463,Ex-post DWA
2024-12-01,HAMISF1,3.1773768131628373,Ex-post DWA
2024-12-08,HAMISF1,0.5395802888911589,Ex-post DWA
2024-12-15,HAMISF1,0.8736046128436215,Ex-post DWA
2024-12-22,HAMISF1,-4.998192023600566,Ex-post DWA
2024-12-29,HAMISF1,-0.6639903430803766,Ex-post DWA
2025-01-05,HAMISF1,-2.6682812531563975,Ex-post DWA
2020-01-05,HAUGHT11,6.910473019029794,Ex-post DWA
2020-01-12,HAUGHT11,1.5997319012451996,Ex-post DWA
2020-01-19,HAUGHT11,0.4859106975687837,Ex-post DWA
2020-01-26,HAUGHT11,-4.168659125833869,Ex-post DWA
2020-02-02,HAUGHT11,9.933027864752319,Ex-post DWA
2020-02-09,HAUGHT11,0.28999638187276844,Ex-post DWA
2020-02-16,HAUGHT11,0.48979791428968156,Ex-post DWA
2020-02-23,HAUGHT11,1.9537668434428994,Ex-post DWA
2020-03-01,HAUGHT11,-0.9380183121041981,Ex-post DWA
2020-03-08,HAUGHT11,3.1002716809842283,Ex-post DWA
2020-03-15,HAUGHT11,-0.06597247990745814,Ex-post DWA
2020-03-22,HAUGHT11,1.1509918061689994,Ex-post DWA
2020-03-29,HAUGHT11,-0.2681126876200679,Ex-post DWA
2020-04-05,HAUGHT11,2.2604376918614193,Ex-post DWA
2020-04-12,HAUGHT11,-0.7860917382893717,Ex-post DWA
2020-04-19,HAUGHT11,0.17085367455382539,Ex-post DWA
2020-04-26,HAUGHT11,0.6776514745484583,Ex-post DWA
2020-05-03,HAUGHT11,-15.900837651180408,Ex-post DWA
2020-05-10,HAUGHT11,-0.17305242848773617,Ex-post DWA
2020-05-17,HAUGHT11,0.579019668431652,Ex-post DWA
2020-05-24,HAUGHT11,0.9909467186726495,Ex-post DWA
2020-05-31,HAUGHT11,0.10448335157629884,Ex-post DWA
2020-06-07,HAUGHT11,0.4251371329645437,Ex-post DWA
2020-06-14,HAUGHT11,1.1508073386208473,Ex-post DWA
2020-06-21,HAUGHT11,-2.7139682734128705,Ex-post DWA
2020-06-28,HAUGHT11,0.026307833884311904,Ex-post DWA
2020-07-05,HAUGHT11,-2.8933825944676865,Ex-post DWA
2020-07-12,HAUGHT11,,Ex-post DWA
2020-07-19,HAUGHT11,-3.5576491327632844,Ex-post DWA
2020-07-26,HAUGHT11,,Ex-post DWA
2020-08-02,HAUGHT11,,Ex-post DWA
2020-08-09,HAUGHT11,-6.33217728324524,Ex-post DWA
2020-08-16,HAUGHT11,1.6553343260632687,Ex-post DWA
2020-08-23,HAUGHT11,7.579998623434671,Ex-post DWA
2020-08-30,HAUGHT11,0.75587834194884,Ex-post DWA
2020-09-06,HAUGHT11,0.5887091518061922,Ex-post DWA
2020-09-13,HAUGHT11,2.1428569007123706,Ex-post DWA
2020-09-20,HAUGHT11,1.8112761822964778,Ex-post DWA
2020-09-27,HAUGHT11,1.4162243068978526,Ex-post DWA
2020-10-04,HAUGHT11,2.12075235623389,Ex-post DWA
2020-10-11,HAUGHT11,11.797129909738146,Ex-post DWA
2020-10-18,HAUGHT11,-15.571562574036992,Ex-post DWA
2020-10-25,HAUGHT11,12.456891951325417,Ex-post DWA
2020-11-01,HAUGHT11,1.8591394859581527,Ex-post DWA
2020-11-08,HAUGHT11,2.7056715045942816,Ex-post DWA
2020-11-15,HAUGHT11,1.6698953345621703,Ex-post DWA
2020-11-22,HAUGHT11,-16.323354115886964,Ex-post DWA
2020-11-29,HAUGHT11,-1.8180163906485518,Ex-post DWA
2020-12-06,HAUGHT11,-3.6054223302915815,Ex-post DWA
2020-12-13,HAUGHT11,0.3721733288150588,Ex-post DWA
2020-12-20,HAUGHT11,3.8210126077463684,Ex-post DWA
2020-12-27,HAUGHT11,3.4556371682552367,Ex-post DWA
2021-01-03,HAUGHT11,0.7910097833580316,Ex-post DWA
2021-01-10,HAUGHT11,-1.7221642958404644,Ex-post DWA
2021-01-17,HAUGHT11,-2.329536582734214,Ex-post DWA
2021-01-24,HAUGHT11,-8.614205255079426,Ex-post DWA
2021-01-31,HAUGHT11,0.40911898518724144,Ex-post DWA
2021-02-07,HAUGHT11,0.6300602624222904,Ex-post DWA
2021-02-14,HAUGHT11,-0.12154169530306547,Ex-post DWA
2021-02-21,HAUGHT11,-1.2013225542514903,Ex-post DWA
2021-02-28,HAUGHT11,-3.4982045263509605,Ex-post DWA
2021-03-07,HAUGHT11,-1.3161363619085407,Ex-post DWA
2021-03-14,HAUGHT11,6.727402923949342,Ex-post DWA
2021-03-21,HAUGHT11,-0.44692217493970077,Ex-post DWA
2021-03-28,HAUGHT11,-2.4779042758500474,Ex-post DWA
2021-04-04,HAUGHT11,-0.36871996796534035,Ex-post DWA
2021-04-11,HAUGHT11,-1.4770654655201696,Ex-post DWA
2021-04-18,HAUGHT11,0.28294731374966986,Ex-post DWA
2021-04-25,HAUGHT11,-13.048172349708292,Ex-post DWA
2021-05-02,HAUGHT11,0.6567927448646316,Ex-post DWA
2021-05-09,HAUGHT11,2.1263402965994445,Ex-post DWA
2021-05-16,HAUGHT11,6.8769495544098405,Ex-post DWA
2021-05-23,HAUGHT11,1.499839046041334,Ex-post DWA
2021-05-30,HAUGHT11,-31.620060131598223,Ex-post DWA
2021-06-06,HAUGHT11,26.21329250940188,Ex-post DWA
2021-06-13,HAUGHT11,22.07941865853867,Ex-post DWA
2021-06-20,HAUGHT11,-37.34642611216299,Ex-post DWA
2021-06-27,HAUGHT11,3.7321174624061655,Ex-post DWA
2021-07-04,HAUGHT11,-7.165664742268419,Ex-post DWA
2021-07-11,HAUGHT11,-5.138571228521414,Ex-post DWA
2021-07-18,HAUGHT11,3.2870496812466854,Ex-post DWA
2021-07-25,HAUGHT11,0.5990993108445011,Ex-post DWA
2021-08-01,HAUGHT11,9.585543213182312,Ex-post DWA
2021-08-08,HAUGHT11,6.165530468909768,Ex-post DWA
2021-08-15,HAUGHT11,3.2332302383491687,Ex-post DWA
2021-08-22,HAUGHT11,-0.22375598965085075,Ex-post DWA
2021-08-29,HAUGHT11,-2.350085503949078,Ex-post DWA
2021-09-05,HAUGHT11,1.0047489492766566,Ex-post DWA
2021-09-12,HAUGHT11,-2.3854536654294654,Ex-post DWA
2021-09-19,HAUGHT11,-26.47519935198884,Ex-post DWA
2021-09-26,HAUGHT11,-5.645679103920477,Ex-post DWA
2021-10-03,HAUGHT11,-9.705899395698616,Ex-post DWA
2021-10-10,HAUGHT11,-2.8740932595362056,Ex-post DWA
2021-10-17,HAUGHT11,-5.616338988954329,Ex-post DWA
2021-10-24,HAUGHT11,-1.5755367859346308,Ex-post DWA
2021-10-31,HAUGHT11,4.0518424561877495,Ex-post DWA
2021-11-07,HAUGHT11,0.6310549114492758,Ex-post DWA
2021-11-14,HAUGHT11,30.66154705398685,Ex-post DWA
2021-11-21,HAUGHT11,-1.2936397727983149,Ex-post DWA
2021-11-28,HAUGHT11,-1.209153974734619,Ex-post DWA
2021-12-05,HAUGHT11,0.8759024016544288,Ex-post DWA
2021-12-12,HAUGHT11,4.688560722944388,Ex-post DWA
2021-12-19,HAUGHT11,0.4396552523836519,Ex-post DWA
2021-12-26,HAUGHT11,-3.421423546690633,Ex-post DWA
2022-01-02,HAUGHT11,-1.5019399321682911,Ex-post DWA
2022-01-09,HAUGHT11,6.191022544307245,Ex-post DWA
2022-01-16,HAUGHT11,1.6676453789663697,Ex-post DWA
2022-01-23,HAUGHT11,16.24598705696023,Ex-post DWA
2022-01-30,HAUGHT11,-1.782988803510662,Ex-post DWA
2022-02-06,HAUGHT11,134.51281559635106,Ex-post DWA
2022-02-13,HAUGHT11,1.34163238276615,Ex-post DWA
2022-02-20,HAUGHT11,-1.5746466020654424,Ex-post DWA
2022-02-27,HAUGHT11,-0.9608545506317654,Ex-post DWA
2022-03-06,HAUGHT11,-0.29693923115415544,Ex-post DWA
2022-03-13,HAUGHT11,26.74002117948747,Ex-post DWA
2022-03-20,HAUGHT11,1.4905038216544142,Ex-post DWA
2022-03-27,HAUGHT11,-1.3539417044221835,Ex-post DWA
2022-04-03,HAUGHT11,8.10366833572536,Ex-post DWA
2022-04-10,HAUGHT11,8.42734538812823,Ex-post DWA
2022-04-17,HAUGHT11,8.2183885444541,Ex-post DWA
2022-04-24,HAUGHT11,4.672248372286305,Ex-post DWA
2022-05-01,HAUGHT11,31.969836601989982,Ex-post DWA
2022-05-08,HAUGHT11,22.786546259754232,Ex-post DWA
2022-05-15,HAUGHT11,17.66020924915472,Ex-post DWA
2022-05-22,HAUGHT11,1.0634195722727782,Ex-post DWA
2022-05-29,HAUGHT11,6.435924014615779,Ex-post DWA
2022-06-05,HAUGHT11,7.851095153985568,Ex-post DWA
2022-06-12,HAUGHT11,1.287781875206889,Ex-post DWA
2022-06-19,HAUGHT11,4.911361003397303,Ex-post DWA
2022-06-26,HAUGHT11,13.566758990023601,Ex-post DWA
2022-07-03,HAUGHT11,21.27176380724444,Ex-post DWA
2022-07-10,HAUGHT11,-46.28920096458526,Ex-post DWA
2022-07-17,HAUGHT11,26.469518347878136,Ex-post DWA
2022-07-24,HAUGHT11,18.604073734683254,Ex-post DWA
2022-07-31,HAUGHT11,8.288521699134606,Ex-post DWA
2022-08-07,HAUGHT11,5.144678258639061,Ex-post DWA
2022-08-14,HAUGHT11,6.5328818166807,Ex-post DWA
2022-08-21,HAUGHT11,27.66358342190216,Ex-post DWA
2022-08-28,HAUGHT11,12.910488792885161,Ex-post DWA
2022-09-04,HAUGHT11,2.474798947079094,Ex-post DWA
2022-09-11,HAUGHT11,31.531045220608178,Ex-post DWA
2022-09-18,HAUGHT11,25.881311910748508,Ex-post DWA
2022-09-25,HAUGHT11,19.877490694608767,Ex-post DWA
2022-10-02,HAUGHT11,10.915788912292427,Ex-post DWA
2022-10-09,HAUGHT11,5.571891240542598,Ex-post DWA
2022-10-16,HAUGHT11,13.933399782799654,Ex-post DWA
2022-10-23,HAUGHT11,3.27245092042034,Ex-post DWA
2022-10-30,HAUGHT11,24.91958080651868,Ex-post DWA
2022-11-06,HAUGHT11,34.7692655994686,Ex-post DWA
2022-11-13,HAUGHT11,2.7071363790799694,Ex-post DWA
2022-11-20,HAUGHT11,-2.7340556821040067,Ex-post DWA
2022-11-27,HAUGHT11,15.30788435025029,Ex-post DWA
2022-12-04,HAUGHT11,3.3789407982453454,Ex-post DWA
2022-12-11,HAUGHT11,-2.0192828878629427,Ex-post DWA
2022-12-18,HAUGHT11,-4.668673123831123,Ex-post DWA
2022-12-25,HAUGHT11,0.6782479431313675,Ex-post DWA
2023-01-01,HAUGHT11,-1.1903279590466838,Ex-post DWA
2023-01-08,HAUGHT11,2.4320434191241844,Ex-post DWA
2023-01-15,HAUGHT11,6.2831777323069105,Ex-post DWA
2023-01-22,HAUGHT11,-2.471588122898666,Ex-post DWA
2023-01-29,HAUGHT11,12.64027335408717,Ex-post DWA
2023-02-05,HAUGHT11,8.701665704043734,Ex-post DWA
2023-02-12,HAUGHT11,-2.6414657658349583,Ex-post DWA
2023-02-19,HAUGHT11,2.2358135336355858,Ex-post DWA
2023-02-26,HAUGHT11,-9.650118780588858,Ex-post DWA
2023-03-05,HAUGHT11,10.688815161354817,Ex-post DWA
2023-03-12,HAUGHT11,8.93826812916015,Ex-post DWA
2023-03-19,HAUGHT11,15.547274448582854,Ex-post DWA
2023-03-26,HAUGHT11,4.54693819833772,Ex-post DWA
2023-04-02,HAUGHT11,-0.016493209234283768,Ex-post DWA
2023-04-09,HAUGHT11,18.98216418535609,Ex-post DWA
2023-04-16,HAUGHT11,8.328435094850551,Ex-post DWA
2023-04-23,HAUGHT11,-0.26726910107051793,Ex-post DWA
2023-04-30,HAUGHT11,8.514797640560737,Ex-post DWA
2023-05-07,HAUGHT11,7.876778408507327,Ex-post DWA
2023-05-14,HAUGHT11,7.0073936308910305,Ex-post DWA
2023-05-21,HAUGHT11,16.944263281999426,Ex-post DWA
2023-05-28,HAUGHT11,1.1504668224880703,Ex-post DWA
2023-06-04,HAUGHT11,4.604582923460484,Ex-post DWA
2023-06-11,HAUGHT11,6.3158127499116645,Ex-post DWA
2023-06-18,HAUGHT11,7.578250080499103,Ex-post DWA
2023-06-25,HAUGHT11,8.365667113580066,Ex-post DWA
2023-07-02,HAUGHT11,11.580960239053354,Ex-post DWA
2023-07-09,HAUGHT11,7.188825327212225,Ex-post DWA
2023-07-16,HAUGHT11,6.2444022730317315,Ex-post DWA
2023-07-23,HAUGHT11,12.149819379265203,Ex-post DWA
2023-07-30,HAUGHT11,10.499306428494434,Ex-post DWA
2023-08-06,HAUGHT11,-0.26183971153142216,Ex-post DWA
2023-08-13,HAUGHT11,21.384661375587108,Ex-post DWA
2023-08-20,HAUGHT11,28.91551705359741,Ex-post DWA
2023-08-27,HAUGHT11,20.310961877251803,Ex-post DWA
2023-09-03,HAUGHT11,16.839003030115435,Ex-post DWA
2023-09-10,HAUGHT11,12.424745511154978,Ex-post DWA
2023-09-17,HAUGHT11,11.064819955478953,Ex-post DWA
2023-09-24,HAUGHT11,5.913654407621486,Ex-post DWA
2023-10-01,HAUGHT11,21.839673167492457,Ex-post DWA
2023-10-08,HAUGHT11,7.821088186444598,Ex-post DWA
2023-10-15,HAUGHT11,23.601785178959204,Ex-post DWA
2023-10-22,HAUGHT11,8.498157221611137,Ex-post DWA
2023-10-29,HAUGHT11,13.400238545861145,Ex-post DWA
2023-11-05,HAUGHT11,8.91076723302365,Ex-post DWA
2023-11-12,HAUGHT11,11.590715992918483,Ex-post DWA
2023-11-19,HAUGHT11,14.381335593736353,Ex-post DWA
2023-11-26,HAUGHT11,5.85517625484556,Ex-post DWA
2023-12-03,HAUGHT11,2.5650695701819686,Ex-post DWA
2023-12-10,HAUGHT11,2.2312564958128043,Ex-post DWA
2023-12-17,HAUGHT11,-6.750516111072791,Ex-post DWA
2023-12-24,HAUGHT11,9.988673255157984,Ex-post DWA
2023-12-31,HAUGHT11,24.76390914824919,Ex-post DWA
2024-01-07,HAUGHT11,1.2960490501158652,Ex-post DWA
2024-01-14,HAUGHT11,-0.7479526352475432,Ex-post DWA
2024-01-21,HAUGHT11,20.190273607076662,Ex-post DWA
2024-01-28,HAUGHT11,4.244152738626241,Ex-post DWA
2024-02-04,HAUGHT11,-5.663569984055698,Ex-post DWA
2024-02-11,HAUGHT11,1.939770348930459,Ex-post DWA
2024-02-18,HAUGHT11,6.308556133579074,Ex-post DWA
2024-02-25,HAUGHT11,-10.569662853152032,Ex-post DWA
2024-03-03,HAUGHT11,7.7031376456290275,Ex-post DWA
2024-03-10,HAUGHT11,1.372534640577065,Ex-post DWA
2024-03-17,HAUGHT11,1.435366998241463,Ex-post DWA
2024-03-24,HAUGHT11,-2.5188882481559034,Ex-post DWA
2024-03-31,HAUGHT11,3.2768412405100236,Ex-post DWA
2024-04-07,HAUGHT11,3.7714434221632587,Ex-post DWA
2024-04-14,HAUGHT11,0.48459368543028347,Ex-post DWA
2024-04-21,HAUGHT11,-1.6120461517150773,Ex-post DWA
2024-04-28,HAUGHT11,0.8062952639265468,Ex-post DWA
2024-05-05,HAUGHT11,1.5542848048900737,Ex-post DWA
2024-05-12,HAUGHT11,7.868175668979941,Ex-post DWA
2024-05-19,HAUGHT11,14.336349811728676,Ex-post DWA
2024-05-26,HAUGHT11,6.645066623401124,Ex-post DWA
2024-06-02,HAUGHT11,6.133320111583572,Ex-post DWA
2024-06-09,HAUGHT11,6.808980242502294,Ex-post DWA
2024-06-16,HAUGHT11,13.062053454496816,Ex-post DWA
2024-06-23,HAUGHT11,11.96290221287731,Ex-post DWA
2024-06-30,HAUGHT11,5.964769894459003,Ex-post DWA
2024-07-07,HAUGHT11,9.500355182116074,Ex-post DWA
2024-07-14,HAUGHT11,12.929013836031373,Ex-post DWA
2024-07-21,HAUGHT11,15.563508674281294,Ex-post DWA
2024-07-28,HAUGHT11,-10.65741321960261,Ex-post DWA
2024-08-04,HAUGHT11,38.627394125954694,Ex-post DWA
2024-08-11,HAUGHT11,11.279873210053537,Ex-post DWA
2024-08-18,HAUGHT11,29.43672877474178,Ex-post DWA
2024-08-25,HAUGHT11,7.66725142477144,Ex-post DWA
2024-09-01,HAUGHT11,10.751227667467214,Ex-post DWA
2024-09-08,HAUGHT11,13.885570982983333,Ex-post DWA
2024-09-15,HAUGHT11,14.627552897871354,Ex-post DWA
2024-09-22,HAUGHT11,-9.955794761380172,Ex-post DWA
2024-09-29,HAUGHT11,7.68292822251599,Ex-post DWA
2024-10-06,HAUGHT11,5.133285972479254,Ex-post DWA
2024-10-13,HAUGHT11,13.13361761068446,Ex-post DWA
2024-10-20,HAUGHT11,5.238975652239736,Ex-post DWA
2024-10-27,HAUGHT11,3.704207428421504,Ex-post DWA
2024-11-03,HAUGHT11,3.6957194172378722,Ex-post DWA
2024-11-10,HAUGHT11,22.427964475926885,Ex-post DWA
2024-11-17,HAUGHT11,19.21515098995907,Ex-post DWA
2024-11-24,HAUGHT11,9.831568008336909,Ex-post DWA
2024-12-01,HAUGHT11,3.0042518435924563,Ex-post DWA
2024-12-08,HAUGHT11,1.811686433820924,Ex-post DWA
2024-12-15,HAUGHT11,0.3928833635295774,Ex-post DWA
2024-12-22,HAUGHT11,7.629928125746218,Ex-post DWA
2024-12-29,HAUGHT11,-2.5707846124474134,Ex-post DWA
2025-01-05,HAUGHT11,7.934609663151981,Ex-post DWA
2020-01-05,HAYMSF1,-6.740764118245551,Ex-post DWA
2020-01-12,HAYMSF1,-1.2644989128469675,Ex-post DWA
2020-01-19,HAYMSF1,-0.8509427071598026,Ex-post DWA
2020-01-26,HAYMSF1,-2.9551117387860586,Ex-post DWA
2020-02-02,HAYMSF1,3.242442151292906,Ex-post DWA
2020-02-09,HAYMSF1,-0.15147984244175206,Ex-post DWA
2020-02-16,HAYMSF1,-0.33715010351359354,Ex-post DWA
2020-02-23,HAYMSF1,-2.496612660504553,Ex-post DWA
2020-03-01,HAYMSF1,-1.3524205982453665,Ex-post DWA
2020-03-08,HAYMSF1,-1.1924898589980444,Ex-post DWA
2020-03-15,HAYMSF1,-0.27629422827171624,Ex-post DWA
2020-03-22,HAYMSF1,-0.3685526473195253,Ex-post DWA
2020-03-29,HAYMSF1,0.5224277149107266,Ex-post DWA
2020-04-05,HAYMSF1,0.16972733010998553,Ex-post DWA
2020-04-12,HAYMSF1,-1.036837115146536,Ex-post DWA
2020-04-19,HAYMSF1,-0.12754916157512852,Ex-post DWA
2020-04-26,HAYMSF1,-0.04629523441675687,Ex-post DWA
2020-05-03,HAYMSF1,-14.497959428508343,Ex-post DWA
2020-05-10,HAYMSF1,0.2265129831238184,Ex-post DWA
2020-05-17,HAYMSF1,-0.14480806048140948,Ex-post DWA
2020-05-24,HAYMSF1,-1.277505769643497,Ex-post DWA
2020-05-31,HAYMSF1,0.5066909808738593,Ex-post DWA
2020-06-07,HAYMSF1,0.9822363300627011,Ex-post DWA
2020-06-14,HAYMSF1,-1.0132904056111052,Ex-post DWA
2020-06-21,HAYMSF1,-1.0372948112219476,Ex-post DWA
2020-06-28,HAYMSF1,2.3567866103471076,Ex-post DWA
2020-07-05,HAYMSF1,1.7669137850649328,Ex-post DWA
2020-07-12,HAYMSF1,0.23368874066051148,Ex-post DWA
2020-07-19,HAYMSF1,1.9174335711381474,Ex-post DWA
2020-07-26,HAYMSF1,0.08418929068844605,Ex-post DWA
2020-08-02,HAYMSF1,0.07317324343010156,Ex-post DWA
2020-08-09,HAYMSF1,1.655654095953782,Ex-post DWA
2020-08-16,HAYMSF1,5.073794119849273,Ex-post DWA
2020-08-23,HAYMSF1,3.1028096498506077,Ex-post DWA
2020-08-30,HAYMSF1,1.9530554552444839,Ex-post DWA
2020-09-06,HAYMSF1,2.1827582714580327,Ex-post DWA
2020-09-13,HAYMSF1,-2.6943866908712266,Ex-post DWA
2020-09-20,HAYMSF1,-1.717393469092742,Ex-post DWA
2020-09-27,HAYMSF1,2.882722882325467,Ex-post DWA
2020-10-04,HAYMSF1,1.6965229122435916,Ex-post DWA
2020-10-11,HAYMSF1,0.46663938374363667,Ex-post DWA
2020-10-18,HAYMSF1,-0.13954586930290702,Ex-post DWA
2020-10-25,HAYMSF1,0.08542078840352474,Ex-post DWA
2020-11-01,HAYMSF1,-1.5994531770167555,Ex-post DWA
2020-11-08,HAYMSF1,0.28087691317637464,Ex-post DWA
2020-11-15,HAYMSF1,-0.4768461929750494,Ex-post DWA
2020-11-22,HAYMSF1,-6.998558275314892,Ex-post DWA
2020-11-29,HAYMSF1,2.515778001107762,Ex-post DWA
2020-12-06,HAYMSF1,-3.755580468916797,Ex-post DWA
2020-12-13,HAYMSF1,-2.0432916558511636,Ex-post DWA
2020-12-20,HAYMSF1,-11.625380966380959,Ex-post DWA
2020-12-27,HAYMSF1,1.3135493193460661,Ex-post DWA
2021-01-03,HAYMSF1,-1.874437388167145,Ex-post DWA
2021-01-10,HAYMSF1,-1.4115788144257664,Ex-post DWA
2021-01-17,HAYMSF1,-2.896818193770386,Ex-post DWA
2021-01-24,HAYMSF1,-7.248366196685929,Ex-post DWA
2021-01-31,HAYMSF1,0.3482723269844783,Ex-post DWA
2021-02-07,HAYMSF1,0.3741211230018635,Ex-post DWA
2021-02-14,HAYMSF1,-0.3763627356167589,Ex-post DWA
2021-02-21,HAYMSF1,-0.8828075114072469,Ex-post DWA
2021-02-28,HAYMSF1,-2.8227593114695466,Ex-post DWA
2021-03-07,HAYMSF1,-1.1555463812011517,Ex-post DWA
2021-03-14,HAYMSF1,3.238087826062049,Ex-post DWA
2021-03-21,HAYMSF1,0.3673209538008493,Ex-post DWA
2021-03-28,HAYMSF1,0.6395772506356074,Ex-post DWA
2021-04-04,HAYMSF1,-0.5002206091255701,Ex-post DWA
2021-04-11,HAYMSF1,-9.387506313446714,Ex-post DWA
2021-04-18,HAYMSF1,-3.120876668313027,Ex-post DWA
2021-04-25,HAYMSF1,-11.119599468163699,Ex-post DWA
2021-05-02,HAYMSF1,-0.9935085891767379,Ex-post DWA
2021-05-09,HAYMSF1,2.0208477796842175,Ex-post DWA
2021-05-16,HAYMSF1,20.12227574711759,Ex-post DWA
2021-05-23,HAYMSF1,0.12516208373480175,Ex-post DWA
2021-05-30,HAYMSF1,-37.11325587111315,Ex-post DWA
2021-06-06,HAYMSF1,20.116414284084456,Ex-post DWA
2021-06-13,HAYMSF1,4.686979785277785,Ex-post DWA
2021-06-20,HAYMSF1,-13.593866488315015,Ex-post DWA
2021-06-27,HAYMSF1,2.5277030777699636,Ex-post DWA
2021-07-04,HAYMSF1,-20.28177083721642,Ex-post DWA
2021-07-11,HAYMSF1,4.070468545897484,Ex-post DWA
2021-07-18,HAYMSF1,2.58290956316592,Ex-post DWA
2021-07-25,HAYMSF1,5.9902999220502835,Ex-post DWA
2021-08-01,HAYMSF1,0.825661253879737,Ex-post DWA
2021-08-08,HAYMSF1,1.4485435567335863,Ex-post DWA
2021-08-15,HAYMSF1,1.5364898727680263,Ex-post DWA
2021-08-22,HAYMSF1,-0.5575263206399939,Ex-post DWA
2021-08-29,HAYMSF1,1.3140673287618583,Ex-post DWA
2021-09-05,HAYMSF1,-0.09247774413296739,Ex-post DWA
2021-09-12,HAYMSF1,3.3744026641871634,Ex-post DWA
2021-09-19,HAYMSF1,-23.490974571034293,Ex-post DWA
2021-09-26,HAYMSF1,5.27298823672165,Ex-post DWA
2021-10-03,HAYMSF1,10.138256187381863,Ex-post DWA
2021-10-10,HAYMSF1,21.548282223584998,Ex-post DWA
2021-10-17,HAYMSF1,-2.3735730936657937,Ex-post DWA
2021-10-24,HAYMSF1,6.273054252276502,Ex-post DWA
2021-10-31,HAYMSF1,1.076109995123204,Ex-post DWA
2021-11-07,HAYMSF1,-2.396360726439994,Ex-post DWA
2021-11-14,HAYMSF1,52.75250293383721,Ex-post DWA
2021-11-21,HAYMSF1,-13.630893510519442,Ex-post DWA
2021-11-28,HAYMSF1,5.848114790068649,Ex-post DWA
2021-12-05,HAYMSF1,0.7682070942772867,Ex-post DWA
2021-12-12,HAYMSF1,-9.816297141708112,Ex-post DWA
2021-12-19,HAYMSF1,-1.864495728043444,Ex-post DWA
2021-12-26,HAYMSF1,-7.443517459683804,Ex-post DWA
2022-01-02,HAYMSF1,1.8060004660355347,Ex-post DWA
2022-01-09,HAYMSF1,-3.9013038524487484,Ex-post DWA
2022-01-16,HAYMSF1,0.15922553699159891,Ex-post DWA
2022-01-23,HAYMSF1,6.91864025774764,Ex-post DWA
2022-01-30,HAYMSF1,-1.8181339740401228,Ex-post DWA
2022-02-06,HAYMSF1,-10.657346436660248,Ex-post DWA
2022-02-13,HAYMSF1,-1.1424872270301591,Ex-post DWA
2022-02-20,HAYMSF1,-4.413356002635112,Ex-post DWA
2022-02-27,HAYMSF1,2.2099939155316406,Ex-post DWA
2022-03-06,HAYMSF1,1.7503603424021748,Ex-post DWA
2022-03-13,HAYMSF1,-23.8062302608308,Ex-post DWA
2022-03-20,HAYMSF1,-5.19339218181922,Ex-post DWA
2022-03-27,HAYMSF1,1.6955538351141826,Ex-post DWA
2022-04-03,HAYMSF1,-1.6954446685698485,Ex-post DWA
2022-04-10,HAYMSF1,-21.410351708234828,Ex-post DWA
2022-04-17,HAYMSF1,-3.8958237609118385,Ex-post DWA
2022-04-24,HAYMSF1,-12.611162613039596,Ex-post DWA
2022-05-01,HAYMSF1,-2.4709855277750137,Ex-post DWA
2022-05-08,HAYMSF1,4.761387521044782,Ex-post DWA
2022-05-15,HAYMSF1,-11.619471272629085,Ex-post DWA
2022-05-22,HAYMSF1,-2.6348178020554087,Ex-post DWA
2022-05-29,HAYMSF1,2.56162567869913,Ex-post DWA
2022-06-05,HAYMSF1,6.061650414268229,Ex-post DWA
2022-06-12,HAYMSF1,22.98904359392563,Ex-post DWA
2022-06-19,HAYMSF1,-0.5901052714085893,Ex-post DWA
2022-06-26,HAYMSF1,11.115027525596133,Ex-post DWA
2022-07-03,HAYMSF1,30.955464322333796,Ex-post DWA
2022-07-10,HAYMSF1,-62.354093249992474,Ex-post DWA
2022-07-17,HAYMSF1,25.26508373772205,Ex-post DWA
2022-07-24,HAYMSF1,6.027060652905533,Ex-post DWA
2022-07-31,HAYMSF1,5.244069763045459,Ex-post DWA
2022-08-07,HAYMSF1,3.0461235596180813,Ex-post DWA
2022-08-14,HAYMSF1,13.431913915425824,Ex-post DWA
2022-08-21,HAYMSF1,49.23433371997294,Ex-post DWA
2022-08-28,HAYMSF1,24.138930800718242,Ex-post DWA
2022-09-04,HAYMSF1,-0.31537918502999673,Ex-post DWA
2022-09-11,HAYMSF1,34.64694056541941,Ex-post DWA
2022-09-18,HAYMSF1,21.06896106870569,Ex-post DWA
2022-09-25,HAYMSF1,28.096408816268834,Ex-post DWA
2022-10-02,HAYMSF1,8.198669924379004,Ex-post DWA
2022-10-09,HAYMSF1,3.5149503552874677,Ex-post DWA
2022-10-16,HAYMSF1,4.307150238485292,Ex-post DWA
2022-10-23,HAYMSF1,-2.859500406332927,Ex-post DWA
2022-10-30,HAYMSF1,26.789442714454438,Ex-post DWA
2022-11-06,HAYMSF1,41.675828938585504,Ex-post DWA
2022-11-13,HAYMSF1,1.6300500156419133,Ex-post DWA
2022-11-20,HAYMSF1,0.1153136217945061,Ex-post DWA
2022-11-27,HAYMSF1,9.450523344419224,Ex-post DWA
2022-12-04,HAYMSF1,19.635195022694333,Ex-post DWA
2022-12-11,HAYMSF1,6.520841967690636,Ex-post DWA
2022-12-18,HAYMSF1,6.432762808053546,Ex-post DWA
2022-12-25,HAYMSF1,10.98989872746412,Ex-post DWA
2023-01-01,HAYMSF1,8.432474174108751,Ex-post DWA
2023-01-08,HAYMSF1,12.71422842223965,Ex-post DWA
2023-01-15,HAYMSF1,-10.53459004376819,Ex-post DWA
2023-01-22,HAYMSF1,-6.482261884393246,Ex-post DWA
2023-01-29,HAYMSF1,5.90399587530959,Ex-post DWA
2023-02-05,HAYMSF1,12.905827761263879,Ex-post DWA
2023-02-12,HAYMSF1,2.0020648016776192,Ex-post DWA
2023-02-19,HAYMSF1,1.8344157999682054,Ex-post DWA
2023-02-26,HAYMSF1,6.297039441879171,Ex-post DWA
2023-03-05,HAYMSF1,7.379026353310955,Ex-post DWA
2023-03-12,HAYMSF1,5.43776513189168,Ex-post DWA
2023-03-19,HAYMSF1,0.18162756509504163,Ex-post DWA
2023-03-26,HAYMSF1,10.804062465715546,Ex-post DWA
2023-04-02,HAYMSF1,1.3874289415859806,Ex-post DWA
2023-04-09,HAYMSF1,18.830322544093768,Ex-post DWA
2023-04-16,HAYMSF1,14.46419840499414,Ex-post DWA
2023-04-23,HAYMSF1,3.0738027163141695,Ex-post DWA
2023-04-30,HAYMSF1,1.5735619110377996,Ex-post DWA
2023-05-07,HAYMSF1,8.19888237795525,Ex-post DWA
2023-05-14,HAYMSF1,9.500883278363709,Ex-post DWA
2023-05-21,HAYMSF1,10.213413496143616,Ex-post DWA
2023-05-28,HAYMSF1,-1.2205313809271203,Ex-post DWA
2023-06-04,HAYMSF1,1.9811809027960194,Ex-post DWA
2023-06-11,HAYMSF1,2.2761945551188916,Ex-post DWA
2023-06-18,HAYMSF1,-3.2891906615859057,Ex-post DWA
2023-06-25,HAYMSF1,4.808179101246154,Ex-post DWA
2023-07-02,HAYMSF1,9.325759614613808,Ex-post DWA
2023-07-09,HAYMSF1,3.7243457997812577,Ex-post DWA
2023-07-16,HAYMSF1,1.8125210118859272,Ex-post DWA
2023-07-23,HAYMSF1,6.872554369838628,Ex-post DWA
2023-07-30,HAYMSF1,0.1568786529770403,Ex-post DWA
2023-08-06,HAYMSF1,5.4454298059430855,Ex-post DWA
2023-08-13,HAYMSF1,11.779346069555015,Ex-post DWA
2023-08-20,HAYMSF1,12.376023641614502,Ex-post DWA
2023-08-27,HAYMSF1,1.4764892759026207,Ex-post DWA
2023-09-03,HAYMSF1,6.701888682855779,Ex-post DWA
2023-09-10,HAYMSF1,8.991548874960312,Ex-post DWA
2023-09-17,HAYMSF1,3.6656466709810918,Ex-post DWA
2023-09-24,HAYMSF1,0.5969001578543178,Ex-post DWA
2023-10-01,HAYMSF1,12.52489343366845,Ex-post DWA
2023-10-08,HAYMSF1,0.35964888454335586,Ex-post DWA
2023-10-15,HAYMSF1,8.34482028719206,Ex-post DWA
2023-10-22,HAYMSF1,-1.4266957394470206,Ex-post DWA
2023-10-29,HAYMSF1,4.818681127000236,Ex-post DWA
2023-11-05,HAYMSF1,8.600639962591325,Ex-post DWA
2023-11-12,HAYMSF1,-8.247896366801653,Ex-post DWA
2023-11-19,HAYMSF1,7.899427284499865,Ex-post DWA
2023-11-26,HAYMSF1,4.2083809197444,Ex-post DWA
2023-12-03,HAYMSF1,-3.1513889862727034,Ex-post DWA
2023-12-10,HAYMSF1,-3.810221914505661,Ex-post DWA
2023-12-17,HAYMSF1,-8.220065274454562,Ex-post DWA
2023-12-24,HAYMSF1,5.698524124850671,Ex-post DWA
2023-12-31,HAYMSF1,-9.112818620967193,Ex-post DWA
2024-01-07,HAYMSF1,-1.3878489262017943,Ex-post DWA
2024-01-14,HAYMSF1,-8.531812011454996,Ex-post DWA
2024-01-21,HAYMSF1,-2.4532993019537344,Ex-post DWA
2024-01-28,HAYMSF1,35.89617801183702,Ex-post DWA
2024-02-04,HAYMSF1,35.207530900875184,Ex-post DWA
2024-02-11,HAYMSF1,-3.930596329241581,Ex-post DWA
2024-02-18,HAYMSF1,-1.4552720080702954,Ex-post DWA
2024-02-25,HAYMSF1,-6.940142604401885,Ex-post DWA
2024-03-03,HAYMSF1,-25.453391739502315,Ex-post DWA
2024-03-10,HAYMSF1,-0.4850399287600098,Ex-post DWA
2024-03-17,HAYMSF1,0.24754784643317862,Ex-post DWA
2024-03-24,HAYMSF1,-1.148838961977063,Ex-post DWA
2024-03-31,HAYMSF1,7.153683907769484,Ex-post DWA
2024-04-07,HAYMSF1,3.811731063477673,Ex-post DWA
2024-04-14,HAYMSF1,4.9107593893077155,Ex-post DWA
2024-04-21,HAYMSF1,-2.58482636982734,Ex-post DWA
2024-04-28,HAYMSF1,-2.497172964606552,Ex-post DWA
2024-05-05,HAYMSF1,2.0670554323781047,Ex-post DWA
2024-05-12,HAYMSF1,0.23847237339283467,Ex-post DWA
2024-05-19,HAYMSF1,29.40679462658082,Ex-post DWA
2024-05-26,HAYMSF1,0.9838064878040846,Ex-post DWA
2024-06-02,HAYMSF1,5.655988926561122,Ex-post DWA
2024-06-09,HAYMSF1,13.26648736704756,Ex-post DWA
2024-06-16,HAYMSF1,10.979002505746973,Ex-post DWA
2024-06-23,HAYMSF1,8.644582290073743,Ex-post DWA
2024-06-30,HAYMSF1,0.15799290754275574,Ex-post DWA
2024-07-07,HAYMSF1,29.63704696948475,Ex-post DWA
2024-07-14,HAYMSF1,8.980854504737337,Ex-post DWA
2024-07-21,HAYMSF1,17.854674132037644,Ex-post DWA
2024-07-28,HAYMSF1,2.1854531834766533,Ex-post DWA
2024-08-04,HAYMSF1,7.804673121485962,Ex-post DWA
2024-08-11,HAYMSF1,5.420061384587314,Ex-post DWA
2024-08-18,HAYMSF1,25.30086996669972,Ex-post DWA
2024-08-25,HAYMSF1,11.390967584276874,Ex-post DWA
2024-09-01,HAYMSF1,17.08480941960518,Ex-post DWA
2024-09-08,HAYMSF1,23.034750288000396,Ex-post DWA
2024-09-15,HAYMSF1,19.72274330531191,Ex-post DWA
2024-09-22,HAYMSF1,0.3932463033765785,Ex-post DWA
2024-09-29,HAYMSF1,15.485605753662908,Ex-post DWA
2024-10-06,HAYMSF1,13.03473890329953,Ex-post DWA
2024-10-13,HAYMSF1,35.98421860861809,Ex-post DWA
2024-10-20,HAYMSF1,27.87120110091374,Ex-post DWA
2024-10-27,HAYMSF1,24.277312291408762,Ex-post DWA
2024-11-03,HAYMSF1,41.576301918293204,Ex-post DWA
2024-11-10,HAYMSF1,-2.375901153526854,Ex-post DWA
2024-11-17,HAYMSF1,21.90897930202307,Ex-post DWA
2024-11-24,HAYMSF1,28.711550105910582,Ex-post DWA
2024-12-01,HAYMSF1,3.7649457795451156,Ex-post DWA
2024-12-08,HAYMSF1,4.003927805986066,Ex-post DWA
2024-12-15,HAYMSF1,0.7401247192452018,Ex-post DWA
2024-12-22,HAYMSF1,-7.964386279677946,Ex-post DWA
2024-12-29,HAYMSF1,11.175249519312022,Ex-post DWA
2025-01-05,HAYMSF1,-2.89471217006275,Ex-post DWA
2020-01-05,KSP1,6.07627652262741,Ex-post DWA
2020-01-12,KSP1,-0.018127227513453192,Ex-post DWA
2020-01-19,KSP1,0.04469965281829502,Ex-post DWA
2020-01-26,KSP1,-2.4557796736067417,Ex-post DWA
2020-02-02,KSP1,-20.216954642918367,Ex-post DWA
2020-02-09,KSP1,-0.19661839599248054,Ex-post DWA
2020-02-16,KSP1,-0.1961875095673733,Ex-post DWA
2020-02-23,KSP1,-0.3679203338229371,Ex-post DWA
2020-03-01,KSP1,1.0223817747904107,Ex-post DWA
2020-03-08,KSP1,1.4327819162016127,Ex-post DWA
2020-03-15,KSP1,-0.061323107424122725,Ex-post DWA
2020-03-22,KSP1,1.481904441373736,Ex-post DWA
2020-03-29,KSP1,1.5494023166532358,Ex-post DWA
2020-04-05,KSP1,2.7950787768375775,Ex-post DWA
2020-04-12,KSP1,0.960994107282918,Ex-post DWA
2020-04-19,KSP1,1.3051649074429719,Ex-post DWA
2020-04-26,KSP1,0.6653511425926091,Ex-post DWA
2020-05-03,KSP1,-1.3328868824969993,Ex-post DWA
2020-05-10,KSP1,3.3913800794852484,Ex-post DWA
2020-05-17,KSP1,1.0431034631060712,Ex-post DWA
2020-05-24,KSP1,1.7283332567873266,Ex-post DWA
2020-05-31,KSP1,2.674938065808316,Ex-post DWA
2020-06-07,KSP1,4.713613799663154,Ex-post DWA
2020-06-14,KSP1,2.633132414182942,Ex-post DWA
2020-06-21,KSP1,1.3644836010468602,Ex-post DWA
2020-06-28,KSP1,2.578074609578744,Ex-post DWA
2020-07-05,KSP1,0.8210419754549605,Ex-post DWA
2020-07-12,KSP1,1.482434853386657,Ex-post DWA
2020-07-19,KSP1,1.45802592291831,Ex-post DWA
2020-07-26,KSP1,1.6987998189476166,Ex-post DWA
2020-08-02,KSP1,0.9500494673087054,Ex-post DWA
2020-08-09,KSP1,0.13361508094919117,Ex-post DWA
2020-08-16,KSP1,6.910634807128618,Ex-post DWA
2020-08-23,KSP1,5.186062649489214,Ex-post DWA
2020-08-30,KSP1,3.6349556231824716,Ex-post DWA
2020-09-06,KSP1,6.572310910759905,Ex-post DWA
2020-09-13,KSP1,-0.9031024732330799,Ex-post DWA
2020-09-20,KSP1,1.764926695469942,Ex-post DWA
2020-09-27,KSP1,4.88040098376308,Ex-post DWA
2020-10-04,KSP1,4.723788637572413,Ex-post DWA
2020-10-11,KSP1,4.443789767424505,Ex-post DWA
2020-10-18,KSP1,1.0887797566159847,Ex-post DWA
2020-10-25,KSP1,0.7898107929059499,Ex-post DWA
2020-11-01,KSP1,0.39826670870795766,Ex-post DWA
2020-11-08,KSP1,1.2601210355560113,Ex-post DWA
2020-11-15,KSP1,1.05669402543732,Ex-post DWA
2020-11-22,KSP1,0.2897513736272046,Ex-post DWA
2020-11-29,KSP1,-6.912477322235361,Ex-post DWA
2020-12-06,KSP1,1.1271664222257414,Ex-post DWA
2020-12-13,KSP1,1.0648147748311416,Ex-post DWA
2020-12-20,KSP1,3.208760842271019,Ex-post DWA
2020-12-27,KSP1,1.6413821482311306,Ex-post DWA
2021-01-03,KSP1,1.9723335999264364,Ex-post DWA
2021-01-10,KSP1,1.5810888491345807,Ex-post DWA
2021-01-17,KSP1,0.5446134351216827,Ex-post DWA
2021-01-24,KSP1,-2.4882804546291055,Ex-post DWA
2021-01-31,KSP1,0.769389376131997,Ex-post DWA
2021-02-07,KSP1,0.412005969211215,Ex-post DWA
2021-02-14,KSP1,0.4779730171534524,Ex-post DWA
2021-02-21,KSP1,0.19569323509593062,Ex-post DWA
2021-02-28,KSP1,3.0470854022200626,Ex-post DWA
2021-03-07,KSP1,1.2821880740472515,Ex-post DWA
2021-03-14,KSP1,1.5558199648306115,Ex-post DWA
2021-03-21,KSP1,1.008331485392631,Ex-post DWA
2021-03-28,KSP1,3.958917830207163,Ex-post DWA
2021-04-04,KSP1,1.397991098571346,Ex-post DWA
2021-04-11,KSP1,10.197006135084152,Ex-post DWA
2021-04-18,KSP1,7.249620575529036,Ex-post DWA
2021-04-25,KSP1,-5.868789298720568,Ex-post DWA
2021-05-02,KSP1,3.8494351868405943,Ex-post DWA
2021-05-09,KSP1,4.190394423402921,Ex-post DWA
2021-05-16,KSP1,29.740263391439754,Ex-post DWA
2021-05-23,KSP1,13.269545511611055,Ex-post DWA
2021-05-30,KSP1,-20.478122422194275,Ex-post DWA
2021-06-06,KSP1,40.540522995916206,Ex-post DWA
2021-06-13,KSP1,28.829608145243142,Ex-post DWA
2021-06-20,KSP1,40.054920327843575,Ex-post DWA
2021-06-27,KSP1,8.752075666082789,Ex-post DWA
2021-07-04,KSP1,46.6432094270036,Ex-post DWA
2021-07-11,KSP1,6.593675827704516,Ex-post DWA
2021-07-18,KSP1,6.819458945091519,Ex-post DWA
2021-07-25,KSP1,12.996149736769794,Ex-post DWA
2021-08-01,KSP1,4.377674349010817,Ex-post DWA
2021-08-08,KSP1,2.7626444611257135,Ex-post DWA
2021-08-15,KSP1,4.903717435472011,Ex-post DWA
2021-08-22,KSP1,12.388555166284338,Ex-post DWA
2021-08-29,KSP1,6.694188937468326,Ex-post DWA
2021-09-05,KSP1,3.944287314188088,Ex-post DWA
2021-09-12,KSP1,8.156250931019649,Ex-post DWA
2021-09-19,KSP1,0.446162653265727,Ex-post DWA
2021-09-26,KSP1,15.342040265324608,Ex-post DWA
2021-10-03,KSP1,22.947042676624,Ex-post DWA
2021-10-10,KSP1,4.553750984193083,Ex-post DWA
2021-10-17,KSP1,17.128277115482973,Ex-post DWA
2021-10-24,KSP1,8.558641022108297,Ex-post DWA
2021-10-31,KSP1,0.7018312377795013,Ex-post DWA
2021-11-07,KSP1,-0.9467054890861135,Ex-post DWA
2021-11-14,KSP1,-39.33925431798778,Ex-post DWA
2021-11-21,KSP1,-7.923140919622767,Ex-post DWA
2021-11-28,KSP1,-14.352230852319707,Ex-post DWA
2021-12-05,KSP1,5.126993139831001,Ex-post DWA
2021-12-12,KSP1,-1.5284576592973522,Ex-post DWA
2021-12-19,KSP1,1.2578607727414735,Ex-post DWA
2021-12-26,KSP1,-18.975104025447436,Ex-post DWA
2022-01-02,KSP1,-1.3398144160942138,Ex-post DWA
2022-01-09,KSP1,8.911636232393377,Ex-post DWA
2022-01-16,KSP1,-3.032731157504287,Ex-post DWA
2022-01-23,KSP1,-3.3682885020294435,Ex-post DWA
2022-01-30,KSP1,5.313703240976224,Ex-post DWA
2022-02-06,KSP1,-106.38881632116025,Ex-post DWA
2022-02-13,KSP1,1.0566725479884838,Ex-post DWA
2022-02-20,KSP1,0.15770187300255145,Ex-post DWA
2022-02-27,KSP1,1.9346176439586174,Ex-post DWA
2022-03-06,KSP1,5.040455353176128,Ex-post DWA
2022-03-13,KSP1,55.54926705541918,Ex-post DWA
2022-03-20,KSP1,4.301144804516703,Ex-post DWA
2022-03-27,KSP1,5.060399827714676,Ex-post DWA
2022-04-03,KSP1,6.70350818021538,Ex-post DWA
2022-04-10,KSP1,-11.342102214773263,Ex-post DWA
2022-04-17,KSP1,10.299827007817541,Ex-post DWA
2022-04-24,KSP1,24.556465058601944,Ex-post DWA
2022-05-01,KSP1,28.876758228349644,Ex-post DWA
2022-05-08,KSP1,29.61044107331452,Ex-post DWA
2022-05-15,KSP1,37.071978330728996,Ex-post DWA
2022-05-22,KSP1,12.2247079810125,Ex-post DWA
2022-05-29,KSP1,15.094887998440186,Ex-post DWA
2022-06-05,KSP1,16.74799673147413,Ex-post DWA
2022-06-12,KSP1,43.16057877627608,Ex-post DWA
2022-06-19,KSP1,3.8690428740166567,Ex-post DWA
2022-06-26,KSP1,20.11302031136219,Ex-post DWA
2022-07-03,KSP1,60.70743621961992,Ex-post DWA
2022-07-10,KSP1,218.4252689178723,Ex-post DWA
2022-07-17,KSP1,50.072444838990236,Ex-post DWA
2022-07-24,KSP1,31.901467483213167,Ex-post DWA
2022-07-31,KSP1,11.886296949826175,Ex-post DWA
2022-08-07,KSP1,9.96161334587488,Ex-post DWA
2022-08-14,KSP1,23.096559001774494,Ex-post DWA
2022-08-21,KSP1,29.301959832713393,Ex-post DWA
2022-08-28,KSP1,19.170879939849698,Ex-post DWA
2022-09-04,KSP1,13.893034655063033,Ex-post DWA
2022-09-11,KSP1,22.613619958800015,Ex-post DWA
2022-09-18,KSP1,21.100113066312602,Ex-post DWA
2022-09-25,KSP1,16.47124686901266,Ex-post DWA
2022-10-02,KSP1,15.266022150511375,Ex-post DWA
2022-10-09,KSP1,7.520506885554283,Ex-post DWA
2022-10-16,KSP1,8.664002117916155,Ex-post DWA
2022-10-23,KSP1,1.928770943105775,Ex-post DWA
2022-10-30,KSP1,16.241675055554296,Ex-post DWA
2022-11-06,KSP1,36.684958562200514,Ex-post DWA
2022-11-13,KSP1,-3.1168208647043656,Ex-post DWA
2022-11-20,KSP1,-12.073242703072708,Ex-post DWA
2022-11-27,KSP1,12.187400665183475,Ex-post DWA
2022-12-04,KSP1,14.179854558538182,Ex-post DWA
2022-12-11,KSP1,6.840618862629391,Ex-post DWA
2022-12-18,KSP1,3.7799652391247314,Ex-post DWA
2022-12-25,KSP1,11.253261148912667,Ex-post DWA
2023-01-01,KSP1,4.909031457014773,Ex-post DWA
2023-01-08,KSP1,4.810801671369646,Ex-post DWA
2023-01-15,KSP1,5.244391502048117,Ex-post DWA
2023-01-22,KSP1,5.456732264909888,Ex-post DWA
2023-01-29,KSP1,15.111270188391714,Ex-post DWA
2023-02-05,KSP1,10.429526573285244,Ex-post DWA
2023-02-12,KSP1,13.940879187153413,Ex-post DWA
2023-02-19,KSP1,11.158220745296589,Ex-post DWA
2023-02-26,KSP1,2.1227034067739297,Ex-post DWA
2023-03-05,KSP1,18.958104850563423,Ex-post DWA
2023-03-12,KSP1,14.121985131231028,Ex-post DWA
2023-03-19,KSP1,1.2462544640151947,Ex-post DWA
2023-03-26,KSP1,5.834221436935977,Ex-post DWA
2023-04-02,KSP1,9.268455109646368,Ex-post DWA
2023-04-09,KSP1,19.316558849284384,Ex-post DWA
2023-04-16,KSP1,6.572631171516697,Ex-post DWA
2023-04-23,KSP1,4.849131099801923,Ex-post DWA
2023-04-30,KSP1,12.088775484075235,Ex-post DWA
2023-05-07,KSP1,10.335251212302843,Ex-post DWA
2023-05-14,KSP1,9.333851525417415,Ex-post DWA
2023-05-21,KSP1,23.54513075257765,Ex-post DWA
2023-05-28,KSP1,19.10737363999843,Ex-post DWA
2023-06-04,KSP1,20.22681571805655,Ex-post DWA
2023-06-11,KSP1,9.534667972514583,Ex-post DWA
2023-06-18,KSP1,19.808483827937167,Ex-post DWA
2023-06-25,KSP1,10.383326484569281,Ex-post DWA
2023-07-02,KSP1,5.338146523433153,Ex-post DWA
2023-07-09,KSP1,11.678106753960197,Ex-post DWA
2023-07-16,KSP1,8.659192022859202,Ex-post DWA
2023-07-23,KSP1,13.363519390981857,Ex-post DWA
2023-07-30,KSP1,7.754396924279041,Ex-post DWA
2023-08-06,KSP1,2.776393964943212,Ex-post DWA
2023-08-13,KSP1,14.253322755545465,Ex-post DWA
2023-08-20,KSP1,8.23419545670551,Ex-post DWA
2023-08-27,KSP1,3.143702624196477,Ex-post DWA
2023-09-03,KSP1,2.2736779993259617,Ex-post DWA
2023-09-10,KSP1,2.9589388651691486,Ex-post DWA
2023-09-17,KSP1,2.2024826921651828,Ex-post DWA
2023-09-24,KSP1,-0.03679461466768075,Ex-post DWA
2023-10-01,KSP1,3.118419819638527,Ex-post DWA
2023-10-08,KSP1,-3.8009520131815226,Ex-post DWA
2023-10-15,KSP1,-2.910015095307603,Ex-post DWA
2023-10-22,KSP1,-2.079676384478529,Ex-post DWA
2023-10-29,KSP1,-5.91049045941813,Ex-post DWA
2023-11-05,KSP1,-1.1344869690042287,Ex-post DWA
2023-11-12,KSP1,2.8211467459826487,Ex-post DWA
2023-11-19,KSP1,10.005739085959782,Ex-post DWA
2023-11-26,KSP1,4.289375248965989,Ex-post DWA
2023-12-03,KSP1,11.774120293949807,Ex-post DWA
2023-12-10,KSP1,19.78034752245591,Ex-post DWA
2023-12-17,KSP1,7.535623698803171,Ex-post DWA
2023-12-24,KSP1,25.146625384043794,Ex-post DWA
2023-12-31,KSP1,58.63522083702751,Ex-post DWA
2024-01-07,KSP1,0.27000078619263235,Ex-post DWA
2024-01-14,KSP1,2.401668497188986,Ex-post DWA
2024-01-21,KSP1,-6.252822334077351,Ex-post DWA
2024-01-28,KSP1,23.83976917027931,Ex-post DWA
2024-02-04,KSP1,84.12182093768877,Ex-post DWA
2024-02-11,KSP1,-0.77101943992119,Ex-post DWA
2024-02-18,KSP1,8.836965115396161,Ex-post DWA
2024-02-25,KSP1,4.556445338415529,Ex-post DWA
2024-03-03,KSP1,-3.001356676150877,Ex-post DWA
2024-03-10,KSP1,9.15538658495823,Ex-post DWA
2024-03-17,KSP1,6.487669250504489,Ex-post DWA
2024-03-24,KSP1,-1.2212461157763883,Ex-post DWA
2024-03-31,KSP1,6.369796166135764,Ex-post DWA
2024-04-07,KSP1,11.277635425539529,Ex-post DWA
2024-04-14,KSP1,14.923799248878405,Ex-post DWA
2024-04-21,KSP1,8.134306676382401,Ex-post DWA
2024-04-28,KSP1,14.778833037221332,Ex-post DWA
2024-05-05,KSP1,12.955203173954352,Ex-post DWA
2024-05-12,KSP1,5.539060820431434,Ex-post DWA
2024-05-19,KSP1,38.28377652057284,Ex-post DWA
2024-05-26,KSP1,22.02024036045235,Ex-post DWA
2024-06-02,KSP1,10.930440307467542,Ex-post DWA
2024-06-09,KSP1,20.225263907818928,Ex-post DWA
2024-06-16,KSP1,20.133320386304227,Ex-post DWA
2024-06-23,KSP1,18.674379353892235,Ex-post DWA
2024-06-30,KSP1,11.778378560059231,Ex-post DWA
2024-07-07,KSP1,23.34562656941477,Ex-post DWA
2024-07-14,KSP1,22.797816550351463,Ex-post DWA
2024-07-21,KSP1,23.159237495699095,Ex-post DWA
2024-07-28,KSP1,9.165502544095482,Ex-post DWA
2024-08-04,KSP1,17.289792700216076,Ex-post DWA
2024-08-11,KSP1,53.20877824242403,Ex-post DWA
2024-08-18,KSP1,46.11278990537272,Ex-post DWA
2024-08-25,KSP1,17.785573696121617,Ex-post DWA
2024-09-01,KSP1,19.687622148328686,Ex-post DWA
2024-09-08,KSP1,36.44034853503982,Ex-post DWA
2024-09-15,KSP1,30.72966678401964,Ex-post DWA
2024-09-22,KSP1,6.513592667527654,Ex-post DWA
2024-09-29,KSP1,11.764579656806088,Ex-post DWA
2024-10-06,KSP1,21.97403301788745,Ex-post DWA
2024-10-13,KSP1,55.319892147399216,Ex-post DWA
2024-10-20,KSP1,57.38337706054942,Ex-post DWA
2024-10-27,KSP1,33.31134246268252,Ex-post DWA
2024-11-03,KSP1,70.21723381722693,Ex-post DWA
2024-11-10,KSP1,89.74881875359152,Ex-post DWA
2024-11-17,KSP1,33.58280914715344,Ex-post DWA
2024-11-24,KSP1,56.89976723720003,Ex-post DWA
2024-12-01,KSP1,-1.3847327843040347,Ex-post DWA
2024-12-08,KSP1,-1.5840263249355928,Ex-post DWA
2024-12-15,KSP1,0.01689277238926934,Ex-post DWA
2024-12-22,KSP1,37.93124690071731,Ex-post DWA
2024-12-29,KSP1,42.22178770390883,Ex-post DWA
2025-01-05,KSP1,24.49664004079846,Ex-post DWA
2020-01-05,LILYSF1,3.5239449165730576,Ex-post DWA
2020-01-12,LILYSF1,0.5031465349318083,Ex-post DWA
2020-01-19,LILYSF1,-0.1662197374303176,Ex-post DWA
2020-01-26,LILYSF1,0.8020059501014316,Ex-post DWA
2020-02-02,LILYSF1,-0.6402479187697736,Ex-post DWA
2020-02-09,LILYSF1,-0.020954914173081818,Ex-post DWA
2020-02-16,LILYSF1,0.4735474862133273,Ex-post DWA
2020-02-23,LILYSF1,0.4477381460549168,Ex-post DWA
2020-03-01,LILYSF1,0.19469960723702684,Ex-post DWA
2020-03-08,LILYSF1,1.6886373574343736,Ex-post DWA
2020-03-15,LILYSF1,-0.9040931714797757,Ex-post DWA
2020-03-22,LILYSF1,0.11765243862862462,Ex-post DWA
2020-03-29,LILYSF1,0.3014424759418901,Ex-post DWA
2020-04-05,LILYSF1,-0.708560948991412,Ex-post DWA
2020-04-12,LILYSF1,1.3522341662554815,Ex-post DWA
2020-04-19,LILYSF1,0.47493664069937225,Ex-post DWA
2020-04-26,LILYSF1,0.1517516648762438,Ex-post DWA
2020-05-03,LILYSF1,10.794600558230915,Ex-post DWA
2020-05-10,LILYSF1,1.5031634787154076,Ex-post DWA
2020-05-17,LILYSF1,0.705087957048228,Ex-post DWA
2020-05-24,LILYSF1,-3.0737378599802305,Ex-post DWA
2020-05-31,LILYSF1,-1.2100215676220394,Ex-post DWA
2020-06-07,LILYSF1,0.46794601441402506,Ex-post DWA
2020-06-14,LILYSF1,-0.37309312495373703,Ex-post DWA
2020-06-21,LILYSF1,0.5964538454730537,Ex-post DWA
2020-06-28,LILYSF1,-1.5913380858564237,Ex-post DWA
2020-07-05,LILYSF1,3.022576136134006,Ex-post DWA
2020-07-12,LILYSF1,-0.08643537175370142,Ex-post DWA
2020-07-19,LILYSF1,0.34842068120380176,Ex-post DWA
2020-07-26,LILYSF1,-0.48819582817538887,Ex-post DWA
2020-08-02,LILYSF1,0.4379901832671358,Ex-post DWA
2020-08-09,LILYSF1,-1.2790159298858512,Ex-post DWA
2020-08-16,LILYSF1,-0.3388974701769385,Ex-post DWA
2020-08-23,LILYSF1,-1.4673568096556373,Ex-post DWA
2020-08-30,LILYSF1,5.858752257897989,Ex-post DWA
2020-09-06,LILYSF1,2.5662369681412933,Ex-post DWA
2020-09-13,LILYSF1,3.897715457234373,Ex-post DWA
2020-09-20,LILYSF1,0.7921839594002815,Ex-post DWA
2020-09-27,LILYSF1,5.416704125786612,Ex-post DWA
2020-10-04,LILYSF1,4.4209114422505795,Ex-post DWA
2020-10-11,LILYSF1,1.8948481715137326,Ex-post DWA
2020-10-18,LILYSF1,-2.0808178766275773,Ex-post DWA
2020-10-25,LILYSF1,5.399284724331171,Ex-post DWA
2020-11-01,LILYSF1,-0.8110798278925415,Ex-post DWA
2020-11-08,LILYSF1,1.1148904947442908,Ex-post DWA
2020-11-15,LILYSF1,2.4768712475615864,Ex-post DWA
2020-11-22,LILYSF1,8.131433755425505,Ex-post DWA
2020-11-29,LILYSF1,5.825508638687204,Ex-post DWA
2020-12-06,LILYSF1,0.00956682767772321,Ex-post DWA
2020-12-13,LILYSF1,1.8609052811526254,Ex-post DWA
2020-12-20,LILYSF1,-6.372620679943026,Ex-post DWA
2020-12-27,LILYSF1,-2.274909498593793,Ex-post DWA
2021-01-03,LILYSF1,-1.4901168707384613,Ex-post DWA
2021-01-10,LILYSF1,0.4722199822556874,Ex-post DWA
2021-01-17,LILYSF1,1.3785289575010111,Ex-post DWA
2021-01-24,LILYSF1,-1.9850952720032495,Ex-post DWA
2021-01-31,LILYSF1,-0.2579772863522649,Ex-post DWA
2021-02-07,LILYSF1,-0.7743302698079049,Ex-post DWA
2021-02-14,LILYSF1,0.4046857152977168,Ex-post DWA
2021-02-21,LILYSF1,0.7783206934763136,Ex-post DWA
2021-02-28,LILYSF1,1.3578766134403608,Ex-post DWA
2021-03-07,LILYSF1,-0.6548424761901117,Ex-post DWA
2021-03-14,LILYSF1,-3.7481330786490474,Ex-post DWA
2021-03-21,LILYSF1,-0.2267611534757421,Ex-post DWA
2021-03-28,LILYSF1,4.80086513543278,Ex-post DWA
2021-04-04,LILYSF1,2.8875268911812917,Ex-post DWA
2021-04-11,LILYSF1,32.92003289609015,Ex-post DWA
2021-04-18,LILYSF1,8.541090832347486,Ex-post DWA
2021-04-25,LILYSF1,5.767888501884325,Ex-post DWA
2021-05-02,LILYSF1,6.079807588693402,Ex-post DWA
2021-05-09,LILYSF1,5.0590411843086045,Ex-post DWA
2021-05-16,LILYSF1,19.439498722659778,Ex-post DWA
2021-05-23,LILYSF1,15.037630849124236,Ex-post DWA
2021-05-30,LILYSF1,36.876747900347596,Ex-post DWA
2021-06-06,LILYSF1,-11.824633860395238,Ex-post DWA
2021-06-13,LILYSF1,-8.426944457351595,Ex-post DWA
2021-06-20,LILYSF1,4.388088338870787,Ex-post DWA
2021-06-27,LILYSF1,-0.33083637434038593,Ex-post DWA
2021-07-04,LILYSF1,-12.640756261788908,Ex-post DWA
2021-07-11,LILYSF1,10.029517852485384,Ex-post DWA
2021-07-18,LILYSF1,5.03544715182408,Ex-post DWA
2021-07-25,LILYSF1,13.841925528196484,Ex-post DWA
2021-08-01,LILYSF1,3.8606969632644166,Ex-post DWA
2021-08-08,LILYSF1,0.8134080684809746,Ex-post DWA
2021-08-15,LILYSF1,5.817107351884303,Ex-post DWA
2021-08-22,LILYSF1,17.5897054754292,Ex-post DWA
2021-08-29,LILYSF1,10.523048777061256,Ex-post DWA
2021-09-05,LILYSF1,6.17183111052282,Ex-post DWA
2021-09-12,LILYSF1,23.417057277358378,Ex-post DWA
2021-09-19,LILYSF1,25.31290394956655,Ex-post DWA
2021-09-26,LILYSF1,31.95118446069207,Ex-post DWA
2021-10-03,LILYSF1,25.651717099090867,Ex-post DWA
2021-10-10,LILYSF1,65.37816014100228,Ex-post DWA
2021-10-17,LILYSF1,33.9047283346524,Ex-post DWA
2021-10-24,LILYSF1,0.5477838088532749,Ex-post DWA
2021-10-31,LILYSF1,-4.468219004086535,Ex-post DWA
2021-11-07,LILYSF1,9.237786386307633,Ex-post DWA
2021-11-14,LILYSF1,-38.91203661334529,Ex-post DWA
2021-11-21,LILYSF1,24.173374431440763,Ex-post DWA
2021-11-28,LILYSF1,-11.356785467033632,Ex-post DWA
2021-12-05,LILYSF1,5.510840474765672,Ex-post DWA
2021-12-12,LILYSF1,13.920039566992614,Ex-post DWA
2021-12-19,LILYSF1,2.0111648400095206,Ex-post DWA
2021-12-26,LILYSF1,29.757200126774237,Ex-post DWA
2022-01-02,LILYSF1,1.8012016798509762,Ex-post DWA
2022-01-09,LILYSF1,0.25697337572411527,Ex-post DWA
2022-01-16,LILYSF1,0.21592547168535248,Ex-post DWA
2022-01-23,LILYSF1,-4.605707423965455,Ex-post DWA
2022-01-30,LILYSF1,0.12972361232402818,Ex-post DWA
2022-02-06,LILYSF1,136.27642122991375,Ex-post DWA
2022-02-13,LILYSF1,0.9718800458256567,Ex-post DWA
2022-02-20,LILYSF1,3.6335702072768754,Ex-post DWA
2022-02-27,LILYSF1,-5.763619429309273,Ex-post DWA
2022-03-06,LILYSF1,-3.763709201161177,Ex-post DWA
2022-03-13,LILYSF1,0.9466604620767782,Ex-post DWA
2022-03-20,LILYSF1,5.31172811604646,Ex-post DWA
2022-03-27,LILYSF1,1.8894339127716648,Ex-post DWA
2022-04-03,LILYSF1,1.689354797472106,Ex-post DWA
2022-04-10,LILYSF1,11.162890819881056,Ex-post DWA
2022-04-17,LILYSF1,0.692707466614678,Ex-post DWA
2022-04-24,LILYSF1,0.38643445113305575,Ex-post DWA
2022-05-01,LILYSF1,-2.7878631944375343,Ex-post DWA
2022-05-08,LILYSF1,-1.2771009562096367,Ex-post DWA
2022-05-15,LILYSF1,-2.215774110032271,Ex-post DWA
2022-05-22,LILYSF1,1.1156792406118257,Ex-post DWA
2022-05-29,LILYSF1,-1.880578496399579,Ex-post DWA
2022-06-05,LILYSF1,65.73491409158783,Ex-post DWA
2022-06-12,LILYSF1,64.69709849630888,Ex-post DWA
2022-06-19,LILYSF1,0.017194209224868473,Ex-post DWA
2022-06-26,LILYSF1,17.64490880561135,Ex-post DWA
2022-07-03,LILYSF1,33.8791773270155,Ex-post DWA
2022-07-10,LILYSF1,83.65642224686104,Ex-post DWA
2022-07-17,LILYSF1,27.449915887581398,Ex-post DWA
2022-07-24,LILYSF1,11.01151922093095,Ex-post DWA
2022-07-31,LILYSF1,11.008916016896492,Ex-post DWA
2022-08-07,LILYSF1,10.162025725985657,Ex-post DWA
2022-08-14,LILYSF1,15.847297734217477,Ex-post DWA
2022-08-21,LILYSF1,59.8942651809048,Ex-post DWA
2022-08-28,LILYSF1,29.531267211028187,Ex-post DWA
2022-09-04,LILYSF1,0.7873770311291821,Ex-post DWA
2022-09-11,LILYSF1,44.018139168641625,Ex-post DWA
2022-09-18,LILYSF1,53.92275952697965,Ex-post DWA
2022-09-25,LILYSF1,31.04551327963486,Ex-post DWA
2022-10-02,LILYSF1,6.949626175781191,Ex-post DWA
2022-10-09,LILYSF1,8.549178891502137,Ex-post DWA
2022-10-16,LILYSF1,13.309483849778942,Ex-post DWA
2022-10-23,LILYSF1,-0.017420928836330063,Ex-post DWA
2022-10-30,LILYSF1,41.18659921919169,Ex-post DWA
2022-11-06,LILYSF1,50.530960663718794,Ex-post DWA
2022-11-13,LILYSF1,10.747790961715104,Ex-post DWA
2022-11-20,LILYSF1,5.38873068682058,Ex-post DWA
2022-11-27,LILYSF1,20.335415554994796,Ex-post DWA
2022-12-04,LILYSF1,22.383186343724063,Ex-post DWA
2022-12-11,LILYSF1,18.24087316221064,Ex-post DWA
2022-12-18,LILYSF1,21.545665858299756,Ex-post DWA
2022-12-25,LILYSF1,18.86293273831949,Ex-post DWA
2023-01-01,LILYSF1,18.111840487540025,Ex-post DWA
2023-01-08,LILYSF1,16.88051934964885,Ex-post DWA
2023-01-15,LILYSF1,-5.445797320270785,Ex-post DWA
2023-01-22,LILYSF1,5.287798793068859,Ex-post DWA
2023-01-29,LILYSF1,10.112142942982743,Ex-post DWA
2023-02-05,LILYSF1,9.272591841120501,Ex-post DWA
2023-02-12,LILYSF1,12.150673083113176,Ex-post DWA
2023-02-19,LILYSF1,4.220498534503363,Ex-post DWA
2023-02-26,LILYSF1,12.948754787528735,Ex-post DWA
2023-03-05,LILYSF1,6.66785285784173,Ex-post DWA
2023-03-12,LILYSF1,-15.03755292162608,Ex-post DWA
2023-03-19,LILYSF1,3.148399299525451,Ex-post DWA
2023-03-26,LILYSF1,13.1484207985322,Ex-post DWA
2023-04-02,LILYSF1,54.227959810937705,Ex-post DWA
2023-04-09,LILYSF1,8.249155607513927,Ex-post DWA
2023-04-16,LILYSF1,-2.2785699851402317,Ex-post DWA
2023-04-23,LILYSF1,-7.247251958358049,Ex-post DWA
2023-04-30,LILYSF1,-3.7910198477823656,Ex-post DWA
2023-05-07,LILYSF1,-0.7334170053666682,Ex-post DWA
2023-05-14,LILYSF1,-3.3285358640344214,Ex-post DWA
2023-05-21,LILYSF1,4.681736140555955,Ex-post DWA
2023-05-28,LILYSF1,-0.04949576169332204,Ex-post DWA
2023-06-04,LILYSF1,-1.9523811381343066,Ex-post DWA
2023-06-11,LILYSF1,-0.05853809524381859,Ex-post DWA
2023-06-18,LILYSF1,-4.859033276762538,Ex-post DWA
2023-06-25,LILYSF1,2.6949688036430146,Ex-post DWA
2023-07-02,LILYSF1,-1.7847732128361038,Ex-post DWA
2023-07-09,LILYSF1,1.6368983332081228,Ex-post DWA
2023-07-16,LILYSF1,-4.15055369680173,Ex-post DWA
2023-07-23,LILYSF1,3.215773002882008,Ex-post DWA
2023-07-30,LILYSF1,-6.274553346658863,Ex-post DWA
2023-08-06,LILYSF1,-3.1531318372544153,Ex-post DWA
2023-08-13,LILYSF1,6.599481535831979,Ex-post DWA
2023-08-20,LILYSF1,3.4641244266360385,Ex-post DWA
2023-08-27,LILYSF1,-1.9386476153717531,Ex-post DWA
2023-09-03,LILYSF1,0.013349964515420254,Ex-post DWA
2023-09-10,LILYSF1,6.810613938404103,Ex-post DWA
2023-09-17,LILYSF1,2.92556219413913,Ex-post DWA
2023-09-24,LILYSF1,-1.2178952709377988,Ex-post DWA
2023-10-01,LILYSF1,8.531290693699622,Ex-post DWA
2023-10-08,LILYSF1,-0.010081890825081707,Ex-post DWA
2023-10-15,LILYSF1,8.371089875618,Ex-post DWA
2023-10-22,LILYSF1,0.44584540408933204,Ex-post DWA
2023-10-29,LILYSF1,2.132041535168638,Ex-post DWA
2023-11-05,LILYSF1,3.541457174680751,Ex-post DWA
2023-11-12,LILYSF1,1.3716788980545331,Ex-post DWA
2023-11-19,LILYSF1,-0.22658740885983875,Ex-post DWA
2023-11-26,LILYSF1,16.832962503377694,Ex-post DWA
2023-12-03,LILYSF1,87.15456981291257,Ex-post DWA
2023-12-10,LILYSF1,-6.0495113021872555,Ex-post DWA
2023-12-17,LILYSF1,10.971912265730538,Ex-post DWA
2023-12-24,LILYSF1,3.65052930761356,Ex-post DWA
2023-12-31,LILYSF1,0.22337035857734833,Ex-post DWA
2024-01-07,LILYSF1,3.4005467830211877,Ex-post DWA
2024-01-14,LILYSF1,3.4605161993929414,Ex-post DWA
2024-01-21,LILYSF1,34.738189014848714,Ex-post DWA
2024-01-28,LILYSF1,-11.847379806080369,Ex-post DWA
2024-02-04,LILYSF1,-19.876706856950207,Ex-post DWA
2024-02-11,LILYSF1,-0.02491768773984404,Ex-post DWA
2024-02-18,LILYSF1,-2.2402987732809123,Ex-post DWA
2024-02-25,LILYSF1,6.322656624143136,Ex-post DWA
2024-03-03,LILYSF1,5.541169784993372,Ex-post DWA
2024-03-10,LILYSF1,-3.3983799717194643,Ex-post DWA
2024-03-17,LILYSF1,0.18114843108203615,Ex-post DWA
2024-03-24,LILYSF1,1.9215709906325316,Ex-post DWA
2024-03-31,LILYSF1,2.2748730856665844,Ex-post DWA
2024-04-07,LILYSF1,1.8033709077773779,Ex-post DWA
2024-04-14,LILYSF1,-1.367074764039117,Ex-post DWA
2024-04-21,LILYSF1,-1.0593375362292363,Ex-post DWA
2024-04-28,LILYSF1,-4.785288952875595,Ex-post DWA
2024-05-05,LILYSF1,-4.308368653869749,Ex-post DWA
2024-05-12,LILYSF1,-2.777186634975287,Ex-post DWA
2024-05-19,LILYSF1,16.222245588236014,Ex-post DWA
2024-05-26,LILYSF1,-2.1445343645261055,Ex-post DWA
2024-06-02,LILYSF1,-3.275747946117505,Ex-post DWA
2024-06-09,LILYSF1,0.14916340113483884,Ex-post DWA
2024-06-16,LILYSF1,0.7393212556810838,Ex-post DWA
2024-06-23,LILYSF1,4.264181750643871,Ex-post DWA
2024-06-30,LILYSF1,-11.975663848727962,Ex-post DWA
2024-07-07,LILYSF1,0.11102152215812566,Ex-post DWA
2024-07-14,LILYSF1,1.9753645999007716,Ex-post DWA
2024-07-21,LILYSF1,5.257483618590943,Ex-post DWA
2024-07-28,LILYSF1,-0.8411266765911023,Ex-post DWA
2024-08-04,LILYSF1,-1.5878807541613575,Ex-post DWA
2024-08-11,LILYSF1,12.341211028361329,Ex-post DWA
2024-08-18,LILYSF1,-3.991807980735203,Ex-post DWA
2024-08-25,LILYSF1,-0.9543173966816529,Ex-post DWA
2024-09-01,LILYSF1,-0.999097958901304,Ex-post DWA
2024-09-08,LILYSF1,3.333511646964439,Ex-post DWA
2024-09-15,LILYSF1,-0.6621017376453153,Ex-post DWA
2024-09-22,LILYSF1,13.722551868732966,Ex-post DWA
2024-09-29,LILYSF1,39.59096382187737,Ex-post DWA
2024-10-06,LILYSF1,46.05329647140549,Ex-post DWA
2024-10-13,LILYSF1,18.279111279218736,Ex-post DWA
2024-10-20,LILYSF1,0.2932731630500305,Ex-post DWA
2024-10-27,LILYSF1,-2.66957561249759,Ex-post DWA
2024-11-03,LILYSF1,-8.117657530485728,Ex-post DWA
2024-11-10,LILYSF1,-4.461239997145853,Ex-post DWA
2024-11-17,LILYSF1,-0.27562220491945766,Ex-post DWA
2024-11-24,LILYSF1,-1.0819286914138644,Ex-post DWA
2024-12-01,LILYSF1,-4.022084058800772,Ex-post DWA
2024-12-08,LILYSF1,-1.080144414971386,Ex-post DWA
2024-12-15,LILYSF1,-6.408301687636012,Ex-post DWA
2024-12-22,LILYSF1,-6.070434868348428,Ex-post DWA
2024-12-29,LILYSF1,-9.961018046938744,Ex-post DWA
2025-01-05,LILYSF1,5.194115501405001,Ex-post DWA
2020-01-05,OAKEY1SF,2.692862005613904,Ex-post DWA
2020-01-12,OAKEY1SF,0.8285388414483066,Ex-post DWA
2020-01-19,OAKEY1SF,0.8946521645414123,Ex-post DWA
2020-01-26,OAKEY1SF,7.158904416404226,Ex-post DWA
2020-02-02,OAKEY1SF,1.667544105321383,Ex-post DWA
2020-02-09,OAKEY1SF,0.7976523898194543,Ex-post DWA
2020-02-16,OAKEY1SF,-1.326442776147573,Ex-post DWA
2020-02-23,OAKEY1SF,1.5560354794360123,Ex-post DWA
2020-03-01,OAKEY1SF,0.950549584297633,Ex-post DWA
2020-03-08,OAKEY1SF,-0.661088832890556,Ex-post DWA
2020-03-15,OAKEY1SF,4.482352986451751,Ex-post DWA
2020-03-22,OAKEY1SF,0.6569124129143376,Ex-post DWA
2020-03-29,OAKEY1SF,-0.8079368451426916,Ex-post DWA
2020-04-05,OAKEY1SF,0.5753393202800723,Ex-post DWA
2020-04-12,OAKEY1SF,1.8342364267184266,Ex-post DWA
2020-04-19,OAKEY1SF,-0.7895890862695865,Ex-post DWA
2020-04-26,OAKEY1SF,1.7555351052700026,Ex-post DWA
2020-05-03,OAKEY1SF,19.830657357786343,Ex-post DWA
2020-05-10,OAKEY1SF,1.4940038947091203,Ex-post DWA
2020-05-17,OAKEY1SF,0.3295747051653741,Ex-post DWA
2020-05-24,OAKEY1SF,5.016106991670274,Ex-post DWA
2020-05-31,OAKEY1SF,3.515836418149462,Ex-post DWA
2020-06-07,OAKEY1SF,5.239548458519476,Ex-post DWA
2020-06-14,OAKEY1SF,2.1903445593967916,Ex-post DWA
2020-06-21,OAKEY1SF,2.2580174030821674,Ex-post DWA
2020-06-28,OAKEY1SF,9.06465483285112,Ex-post DWA
2020-07-05,OAKEY1SF,4.851829872191036,Ex-post DWA
2020-07-12,OAKEY1SF,-0.6547158246189255,Ex-post DWA
2020-07-19,OAKEY1SF,1.5135801524346277,Ex-post DWA
2020-07-26,OAKEY1SF,1.1989864359366642,Ex-post DWA
2020-08-02,OAKEY1SF,1.2690837108389417,Ex-post DWA
2020-08-09,OAKEY1SF,2.5540605463150285,Ex-post DWA
2020-08-16,OAKEY1SF,8.75296648622305,Ex-post DWA
2020-08-23,OAKEY1SF,9.256435923587729,Ex-post DWA
2020-08-30,OAKEY1SF,10.962218027593977,Ex-post DWA
2020-09-06,OAKEY1SF,8.791133636451473,Ex-post DWA
2020-09-13,OAKEY1SF,4.366310741576335,Ex-post DWA
2020-09-20,OAKEY1SF,10.653019893812482,Ex-post DWA
2020-09-27,OAKEY1SF,11.461766101557401,Ex-post DWA
2020-10-04,OAKEY1SF,7.177953563126788,Ex-post DWA
2020-10-11,OAKEY1SF,4.951812803329016,Ex-post DWA
2020-10-18,OAKEY1SF,14.264184682310074,Ex-post DWA
2020-10-25,OAKEY1SF,-0.4576709790012359,Ex-post DWA
2020-11-01,OAKEY1SF,-0.6265756884861844,Ex-post DWA
2020-11-08,OAKEY1SF,-0.937243117684563,Ex-post DWA
2020-11-15,OAKEY1SF,0.3425827952363498,Ex-post DWA
2020-11-22,OAKEY1SF,-14.947895362404402,Ex-post DWA
2020-11-29,OAKEY1SF,2.821282607357695,Ex-post DWA
2020-12-06,OAKEY1SF,1.7503695198665028,Ex-post DWA
2020-12-13,OAKEY1SF,-1.6224925806858437,Ex-post DWA
2020-12-20,OAKEY1SF,-15.115480043127661,Ex-post DWA
2020-12-27,OAKEY1SF,-5.190003220475454,Ex-post DWA
2021-01-03,OAKEY1SF,0.8157333781354872,Ex-post DWA
2021-01-10,OAKEY1SF,-1.7854122783293676,Ex-post DWA
2021-01-17,OAKEY1SF,2.2360273356077514,Ex-post DWA
2021-01-24,OAKEY1SF,24.28274047819474,Ex-post DWA
2021-01-31,OAKEY1SF,-0.07961912220945777,Ex-post DWA
2021-02-07,OAKEY1SF,-0.537529672010244,Ex-post DWA
2021-02-14,OAKEY1SF,0.7571316436392053,Ex-post DWA
2021-02-21,OAKEY1SF,-1.075880594942067,Ex-post DWA
2021-02-28,OAKEY1SF,0.5601360399672828,Ex-post DWA
2021-03-07,OAKEY1SF,0.24524229551098742,Ex-post DWA
2021-03-14,OAKEY1SF,-5.544237314905793,Ex-post DWA
2021-03-21,OAKEY1SF,2.212902551750652,Ex-post DWA
2021-03-28,OAKEY1SF,-2.836177568809088,Ex-post DWA
2021-04-04,OAKEY1SF,1.8735828344029386,Ex-post DWA
2021-04-11,OAKEY1SF,12.676837895146676,Ex-post DWA
2021-04-18,OAKEY1SF,2.9396769229032067,Ex-post DWA
2021-04-25,OAKEY1SF,13.073016262506638,Ex-post DWA
2021-05-02,OAKEY1SF,2.5711293782636844,Ex-post DWA
2021-05-09,OAKEY1SF,-19.94458009559039,Ex-post DWA
2021-05-16,OAKEY1SF,0.8412629859655638,Ex-post DWA
2021-05-23,OAKEY1SF,4.6990066125205505,Ex-post DWA
2021-05-30,OAKEY1SF,25.21493067792298,Ex-post DWA
2021-06-06,OAKEY1SF,-19.056500833799433,Ex-post DWA
2021-06-13,OAKEY1SF,-11.643685316243847,Ex-post DWA
2021-06-20,OAKEY1SF,37.261300331703296,Ex-post DWA
2021-06-27,OAKEY1SF,-4.602278661779799,Ex-post DWA
2021-07-04,OAKEY1SF,-8.328355592517582,Ex-post DWA
2021-07-11,OAKEY1SF,-4.247747388991982,Ex-post DWA
2021-07-18,OAKEY1SF,-10.40643484172832,Ex-post DWA
2021-07-25,OAKEY1SF,-3.4381724146783412,Ex-post DWA
2021-08-01,OAKEY1SF,1.281644215192479,Ex-post DWA
2021-08-08,OAKEY1SF,-2.2260022081807094,Ex-post DWA
2021-08-15,OAKEY1SF,2.1167163002342733,Ex-post DWA
2021-08-22,OAKEY1SF,10.356036042506506,Ex-post DWA
2021-08-29,OAKEY1SF,7.199125083946068,Ex-post DWA
2021-09-05,OAKEY1SF,3.8365147723838824,Ex-post DWA
2021-09-12,OAKEY1SF,11.959334741235207,Ex-post DWA
2021-09-19,OAKEY1SF,29.347148889643595,Ex-post DWA
2021-09-26,OAKEY1SF,8.404831927901713,Ex-post DWA
2021-10-03,OAKEY1SF,29.30750662410552,Ex-post DWA
2021-10-10,OAKEY1SF,62.81529829303631,Ex-post DWA
2021-10-17,OAKEY1SF,57.471101834178135,Ex-post DWA
2021-10-24,OAKEY1SF,-19.880596116672308,Ex-post DWA
2021-10-31,OAKEY1SF,-1.8917867633529397,Ex-post DWA
2021-11-07,OAKEY1SF,4.866080246702289,Ex-post DWA
2021-11-14,OAKEY1SF,-66.92571798717546,Ex-post DWA
2021-11-21,OAKEY1SF,24.221099597342175,Ex-post DWA
2021-11-28,OAKEY1SF,-8.84509881460749,Ex-post DWA
2021-12-05,OAKEY1SF,-1.1115844636140437,Ex-post DWA
2021-12-12,OAKEY1SF,-7.981018980894184,Ex-post DWA
2021-12-19,OAKEY1SF,-1.1545716474079626,Ex-post DWA
2021-12-26,OAKEY1SF,6.888803251235245,Ex-post DWA
2022-01-02,OAKEY1SF,-5.033751382796815,Ex-post DWA
2022-01-09,OAKEY1SF,-5.362194153857899,Ex-post DWA
2022-01-16,OAKEY1SF,-1.0169179361751475,Ex-post DWA
2022-01-23,OAKEY1SF,-13.937480695507304,Ex-post DWA
2022-01-30,OAKEY1SF,-3.710585812896568,Ex-post DWA
2022-02-06,OAKEY1SF,-29.26458879246718,Ex-post DWA
2022-02-13,OAKEY1SF,-0.9671628250285167,Ex-post DWA
2022-02-20,OAKEY1SF,1.19710013679628,Ex-post DWA
2022-02-27,OAKEY1SF,10.61621247197084,Ex-post DWA
2022-03-06,OAKEY1SF,-4.773350509325141,Ex-post DWA
2022-03-13,OAKEY1SF,-8.312135382030448,Ex-post DWA
2022-03-20,OAKEY1SF,0.3409562915225024,Ex-post DWA
2022-03-27,OAKEY1SF,-8.728449943615772,Ex-post DWA
2022-04-03,OAKEY1SF,-4.553158156763388,Ex-post DWA
2022-04-10,OAKEY1SF,-5.053952668316583,Ex-post DWA
2022-04-17,OAKEY1SF,-1.2856655799788683,Ex-post DWA
2022-04-24,OAKEY1SF,5.100630301556492,Ex-post DWA
2022-05-01,OAKEY1SF,1.4565447342672257,Ex-post DWA
2022-05-08,OAKEY1SF,-24.338985684477194,Ex-post DWA
2022-05-15,OAKEY1SF,-6.83658629310753,Ex-post DWA
2022-05-22,OAKEY1SF,-5.009478450378936,Ex-post DWA
2022-05-29,OAKEY1SF,3.014274586452075,Ex-post DWA
2022-06-05,OAKEY1SF,-39.561321542681696,Ex-post DWA
2022-06-12,OAKEY1SF,3.5808947977918137,Ex-post DWA
2022-06-19,OAKEY1SF,12.019020496423508,Ex-post DWA
2022-06-26,OAKEY1SF,-9.759718791426906,Ex-post DWA
2022-07-03,OAKEY1SF,7.691407315528579,Ex-post DWA
2022-07-10,OAKEY1SF,-53.68247041833334,Ex-post DWA
2022-07-17,OAKEY1SF,-28.43453916932401,Ex-post DWA
2022-07-24,OAKEY1SF,-15.611703395572675,Ex-post DWA
2022-07-31,OAKEY1SF,-4.2867941311829725,Ex-post DWA
2022-08-07,OAKEY1SF,-3.7525247732470888,Ex-post DWA
2022-08-14,OAKEY1SF,-6.6553506394331094,Ex-post DWA
2022-08-21,OAKEY1SF,1.2390659912346553,Ex-post DWA
2022-08-28,OAKEY1SF,0.28794157814950694,Ex-post DWA
2022-09-04,OAKEY1SF,-3.1725291261550552,Ex-post DWA
2022-09-11,OAKEY1SF,15.27642471849866,Ex-post DWA
2022-09-18,OAKEY1SF,-2.440179961661201,Ex-post DWA
2022-09-25,OAKEY1SF,0.989739506799765,Ex-post DWA
2022-10-02,OAKEY1SF,6.934639336732104,Ex-post DWA
2022-10-09,OAKEY1SF,-5.8099698613601305,Ex-post DWA
2022-10-16,OAKEY1SF,-0.7869201965706623,Ex-post DWA
2022-10-23,OAKEY1SF,-0.13158268864900435,Ex-post DWA
2022-10-30,OAKEY1SF,23.869600654606856,Ex-post DWA
2022-11-06,OAKEY1SF,23.148933801788353,Ex-post DWA
2022-11-13,OAKEY1SF,1.6175228909847519,Ex-post DWA
2022-11-20,OAKEY1SF,1.5260264191880069,Ex-post DWA
2022-11-27,OAKEY1SF,3.977775163574016,Ex-post DWA
2022-12-04,OAKEY1SF,15.148359215867501,Ex-post DWA
2022-12-11,OAKEY1SF,6.839732725694461,Ex-post DWA
2022-12-18,OAKEY1SF,10.558413705128608,Ex-post DWA
2022-12-25,OAKEY1SF,9.581235036213851,Ex-post DWA
2023-01-01,OAKEY1SF,13.22647294363247,Ex-post DWA
2023-01-08,OAKEY1SF,7.767281670657013,Ex-post DWA
2023-01-15,OAKEY1SF,4.429831349479301,Ex-post DWA
2023-01-22,OAKEY1SF,8.237349060133631,Ex-post DWA
2023-01-29,OAKEY1SF,-10.471893584174168,Ex-post DWA
2023-02-05,OAKEY1SF,0.3313886948987914,Ex-post DWA
2023-02-12,OAKEY1SF,7.483249277786413,Ex-post DWA
2023-02-19,OAKEY1SF,-1.410954168263217,Ex-post DWA
2023-02-26,OAKEY1SF,6.275833127907582,Ex-post DWA
2023-03-05,OAKEY1SF,-2.70827008879845,Ex-post DWA
2023-03-12,OAKEY1SF,-9.052205951429528,Ex-post DWA
2023-03-19,OAKEY1SF,-6.7753355463968035,Ex-post DWA
2023-03-26,OAKEY1SF,-3.6291774115146964,Ex-post DWA
2023-04-02,OAKEY1SF,-7.779856257342814,Ex-post DWA
2023-04-09,OAKEY1SF,6.527905220263996,Ex-post DWA
2023-04-16,OAKEY1SF,-2.480860149150484,Ex-post DWA
2023-04-23,OAKEY1SF,-2.6865825414102105,Ex-post DWA
2023-04-30,OAKEY1SF,-4.548448222872089,Ex-post DWA
2023-05-07,OAKEY1SF,-6.282155917167351,Ex-post DWA
2023-05-14,OAKEY1SF,0.6345028523393523,Ex-post DWA
2023-05-21,OAKEY1SF,-4.417322358695046,Ex-post DWA
2023-05-28,OAKEY1SF,7.441585049162647,Ex-post DWA
2023-06-04,OAKEY1SF,0.19287995945611414,Ex-post DWA
2023-06-11,OAKEY1SF,-1.7858032123710998,Ex-post DWA
2023-06-18,OAKEY1SF,11.682643206719455,Ex-post DWA
2023-06-25,OAKEY1SF,3.0948165725185035,Ex-post DWA
2023-07-02,OAKEY1SF,16.34012046753589,Ex-post DWA
2023-07-09,OAKEY1SF,32.350463798080355,Ex-post DWA
2023-07-16,OAKEY1SF,12.615298506955671,Ex-post DWA
2023-07-23,OAKEY1SF,20.173881538561815,Ex-post DWA
2023-07-30,OAKEY1SF,24.244280228126357,Ex-post DWA
2023-08-06,OAKEY1SF,22.769018899900377,Ex-post DWA
2023-08-13,OAKEY1SF,25.63109133715869,Ex-post DWA
2023-08-20,OAKEY1SF,20.799791534592526,Ex-post DWA
2023-08-27,OAKEY1SF,30.874226558240977,Ex-post DWA
2023-09-03,OAKEY1SF,31.069005856306568,Ex-post DWA
2023-09-10,OAKEY1SF,18.543002925307196,Ex-post DWA
2023-09-17,OAKEY1SF,22.892715370621374,Ex-post DWA
2023-09-24,OAKEY1SF,22.622594730854654,Ex-post DWA
2023-10-01,OAKEY1SF,34.21260571292644,Ex-post DWA
2023-10-08,OAKEY1SF,21.194231329761124,Ex-post DWA
2023-10-15,OAKEY1SF,24.041310929919998,Ex-post DWA
2023-10-22,OAKEY1SF,8.283275814935644,Ex-post DWA
2023-10-29,OAKEY1SF,13.504949417082079,Ex-post DWA
2023-11-05,OAKEY1SF,4.04488880870135,Ex-post DWA
2023-11-12,OAKEY1SF,9.059786353850225,Ex-post DWA
2023-11-19,OAKEY1SF,-3.7031917817635716,Ex-post DWA
2023-11-26,OAKEY1SF,-1.5530032642287992,Ex-post DWA
2023-12-03,OAKEY1SF,2.3864415398341983,Ex-post DWA
2023-12-10,OAKEY1SF,0.9591130450837184,Ex-post DWA
2023-12-17,OAKEY1SF,-0.8739289695029413,Ex-post DWA
2023-12-24,OAKEY1SF,-4.075339723117992,Ex-post DWA
2023-12-31,OAKEY1SF,-1.1162583221148523,Ex-post DWA
2024-01-07,OAKEY1SF,-0.4798456136701752,Ex-post DWA
2024-01-14,OAKEY1SF,1.9634221612946092,Ex-post DWA
2024-01-21,OAKEY1SF,-3.7590102234980804,Ex-post DWA
2024-01-28,OAKEY1SF,-13.129827873562249,Ex-post DWA
2024-02-04,OAKEY1SF,-6.610713436541104,Ex-post DWA
2024-02-11,OAKEY1SF,4.5027223375810195,Ex-post DWA
2024-02-18,OAKEY1SF,-1.518091809155301,Ex-post DWA
2024-02-25,OAKEY1SF,0.6172913133485167,Ex-post DWA
2024-03-03,OAKEY1SF,-20.03984043740158,Ex-post DWA
2024-03-10,OAKEY1SF,-2.3824805402075313,Ex-post DWA
2024-03-17,OAKEY1SF,1.0781553051435253,Ex-post DWA
2024-03-24,OAKEY1SF,1.949848101284502,Ex-post DWA
2024-03-31,OAKEY1SF,4.131289234788866,Ex-post DWA
2024-04-07,OAKEY1SF,-0.8066215913485095,Ex-post DWA
2024-04-14,OAKEY1SF,2.5079874997238942,Ex-post DWA
2024-04-21,OAKEY1SF,2.6866161466087846,Ex-post DWA
2024-04-28,OAKEY1SF,3.723606137816919,Ex-post DWA
2024-05-05,OAKEY1SF,0.8361707038431305,Ex-post DWA
2024-05-12,OAKEY1SF,12.518646458243133,Ex-post DWA
2024-05-19,OAKEY1SF,17.804223479996637,Ex-post DWA
2024-05-26,OAKEY1SF,10.232804101550798,Ex-post DWA
2024-06-02,OAKEY1SF,0.041957745378809364,Ex-post DWA
2024-06-09,OAKEY1SF,2.0214712248507993,Ex-post DWA
2024-06-16,OAKEY1SF,11.289501801642107,Ex-post DWA
2024-06-23,OAKEY1SF,-13.250256365649498,Ex-post DWA
2024-06-30,OAKEY1SF,4.521493586461347,Ex-post DWA
2024-07-07,OAKEY1SF,-6.4049779581675566,Ex-post DWA
2024-07-14,OAKEY1SF,10.966254849843423,Ex-post DWA
2024-07-21,OAKEY1SF,5.1133349299417645,Ex-post DWA
2024-07-28,OAKEY1SF,6.879930126161376,Ex-post DWA
2024-08-04,OAKEY1SF,11.919789905620313,Ex-post DWA
2024-08-11,OAKEY1SF,-11.481449889132165,Ex-post DWA
2024-08-18,OAKEY1SF,11.166793414524086,Ex-post DWA
2024-08-25,OAKEY1SF,10.853069290086099,Ex-post DWA
2024-09-01,OAKEY1SF,18.725945614240523,Ex-post DWA
2024-09-08,OAKEY1SF,21.829010602305665,Ex-post DWA
2024-09-15,OAKEY1SF,17.879011769412408,Ex-post DWA
2024-09-22,OAKEY1SF,22.105765984274115,Ex-post DWA
2024-09-29,OAKEY1SF,14.475835047544178,Ex-post DWA
2024-10-06,OAKEY1SF,11.775089062554262,Ex-post DWA
2024-10-13,OAKEY1SF,17.448071892104114,Ex-post DWA
2024-10-20,OAKEY1SF,23.267523681980755,Ex-post DWA
2024-10-27,OAKEY1SF,13.262737406646934,Ex-post DWA
2024-11-03,OAKEY1SF,22.46020315628849,Ex-post DWA
2024-11-10,OAKEY1SF,5.343052765522472,Ex-post DWA
2024-11-17,OAKEY1SF,0.5789022797817296,Ex-post DWA
2024-11-24,OAKEY1SF,8.201065691005027,Ex-post DWA
2024-12-01,OAKEY1SF,7.056504441252443,Ex-post DWA
2024-12-08,OAKEY1SF,5.033247228917062,Ex-post DWA
2024-12-15,OAKEY1SF,3.5944971635385627,Ex-post DWA
2024-12-22,OAKEY1SF,16.215684512308655,Ex-post DWA
2024-12-29,OAKEY1SF,39.432466854357635,Ex-post DWA
2025-01-05,OAKEY1SF,-10.7477507838409,Ex-post DWA
2020-01-05,OAKEY2SF,-1.3994120133519488,Ex-post DWA
2020-01-12,OAKEY2SF,0.7374711652459638,Ex-post DWA
2020-01-19,OAKEY2SF,0.8615649681650197,Ex-post DWA
2020-01-26,OAKEY2SF,-7.862627042083375,Ex-post DWA
2020-02-02,OAKEY2SF,-17.05744558897301,Ex-post DWA
2020-02-09,OAKEY2SF,-0.39240173536918377,Ex-post DWA
2020-02-16,OAKEY2SF,-0.9669610965080437,Ex-post DWA
2020-02-23,OAKEY2SF,-0.449652411250959,Ex-post DWA
2020-03-01,OAKEY2SF,1.5950161134899687,Ex-post DWA
2020-03-08,OAKEY2SF,-0.25727119075114047,Ex-post DWA
2020-03-15,OAKEY2SF,4.245700024282829,Ex-post DWA
2020-03-22,OAKEY2SF,1.8662313816059566,Ex-post DWA
2020-03-29,OAKEY2SF,-1.484512462364279,Ex-post DWA
2020-04-05,OAKEY2SF,-1.1291219074154313,Ex-post DWA
2020-04-12,OAKEY2SF,0.0918867732105042,Ex-post DWA
2020-04-19,OAKEY2SF,-0.6526747969364592,Ex-post DWA
2020-04-26,OAKEY2SF,-1.4087134412087146,Ex-post DWA
2020-05-03,OAKEY2SF,4.545713576312037,Ex-post DWA
2020-05-10,OAKEY2SF,0.2806523635846112,Ex-post DWA
2020-05-17,OAKEY2SF,-0.8101175424413327,Ex-post DWA
2020-05-24,OAKEY2SF,-0.9659475025885094,Ex-post DWA
2020-05-31,OAKEY2SF,,Ex-post DWA
2020-06-07,OAKEY2SF,,Ex-post DWA
2020-06-14,OAKEY2SF,-4.549140711308567,Ex-post DWA
2020-06-21,OAKEY2SF,0.37168659041197927,Ex-post DWA
2020-06-28,OAKEY2SF,-1.3403821197671624,Ex-post DWA
2020-07-05,OAKEY2SF,0.27800935293947404,Ex-post DWA
2020-07-12,OAKEY2SF,-0.8393328949964598,Ex-post DWA
2020-07-19,OAKEY2SF,0.07479974952568824,Ex-post DWA
2020-07-26,OAKEY2SF,1.3504335298154935,Ex-post DWA
2020-08-02,OAKEY2SF,-0.5352123997985174,Ex-post DWA
2020-08-09,OAKEY2SF,-1.3234805658714137,Ex-post DWA
2020-08-16,OAKEY2SF,-1.5888406797644326,Ex-post DWA
2020-08-23,OAKEY2SF,-1.4750123721204798,Ex-post DWA
2020-08-30,OAKEY2SF,-1.0646399823772974,Ex-post DWA
2020-09-06,OAKEY2SF,-3.1763903192480463,Ex-post DWA
2020-09-13,OAKEY2SF,0.31683803673124444,Ex-post DWA
2020-09-20,OAKEY2SF,0.6063511281452367,Ex-post DWA
2020-09-27,OAKEY2SF,-1.0894867182822061,Ex-post DWA
2020-10-04,OAKEY2SF,-0.7024498511007402,Ex-post DWA
2020-10-11,OAKEY2SF,-2.879122502752237,Ex-post DWA
2020-10-18,OAKEY2SF,4.170680017297229,Ex-post DWA
2020-10-25,OAKEY2SF,-4.573989209022237,Ex-post DWA
2020-11-01,OAKEY2SF,0.162152692906659,Ex-post DWA
2020-11-08,OAKEY2SF,-1.0890791012704675,Ex-post DWA
2020-11-15,OAKEY2SF,-0.31799084013566414,Ex-post DWA
2020-11-22,OAKEY2SF,-10.873264682518439,Ex-post DWA
2020-11-29,OAKEY2SF,5.291214698581278,Ex-post DWA
2020-12-06,OAKEY2SF,-3.1621755096513624,Ex-post DWA
2020-12-13,OAKEY2SF,-1.4122539069042688,Ex-post DWA
2020-12-20,OAKEY2SF,-11.20973517918847,Ex-post DWA
2020-12-27,OAKEY2SF,-5.216457850711286,Ex-post DWA
2021-01-03,OAKEY2SF,0.6735422399687998,Ex-post DWA
2021-01-10,OAKEY2SF,-0.9398660038489979,Ex-post DWA
2021-01-17,OAKEY2SF,2.021772369492531,Ex-post DWA
2021-01-24,OAKEY2SF,22.953068059407812,Ex-post DWA
2021-01-31,OAKEY2SF,-0.2687157523539696,Ex-post DWA
2021-02-07,OAKEY2SF,0.0034938930523935596,Ex-post DWA
2021-02-14,OAKEY2SF,0.19359551768579308,Ex-post DWA
2021-02-21,OAKEY2SF,-0.8769126828805227,Ex-post DWA
2021-02-28,OAKEY2SF,1.202145743777244,Ex-post DWA
2021-03-07,OAKEY2SF,-1.7856729165968552,Ex-post DWA
2021-03-14,OAKEY2SF,-4.88425789966292,Ex-post DWA
2021-03-21,OAKEY2SF,1.591667837602138,Ex-post DWA
2021-03-28,OAKEY2SF,-5.585888386118942,Ex-post DWA
2021-04-04,OAKEY2SF,0.4838355942808654,Ex-post DWA
2021-04-11,OAKEY2SF,4.658772464588495,Ex-post DWA
2021-04-18,OAKEY2SF,-2.5663035903522413,Ex-post DWA
2021-04-25,OAKEY2SF,9.72175180781419,Ex-post DWA
2021-05-02,OAKEY2SF,-3.1802816181674505,Ex-post DWA
2021-05-09,OAKEY2SF,-21.05330745674668,Ex-post DWA
2021-05-16,OAKEY2SF,-9.678376892413912,Ex-post DWA
2021-05-23,OAKEY2SF,-4.325057155077184,Ex-post DWA
2021-05-30,OAKEY2SF,9.794185068945012,Ex-post DWA
2021-06-06,OAKEY2SF,-23.100026745236136,Ex-post DWA
2021-06-13,OAKEY2SF,-10.592035691567375,Ex-post DWA
2021-06-20,OAKEY2SF,43.1047751630135,Ex-post DWA
2021-06-27,OAKEY2SF,-8.438360249971083,Ex-post DWA
2021-07-04,OAKEY2SF,-17.80541347885618,Ex-post DWA
2021-07-11,OAKEY2SF,-7.504251752595778,Ex-post DWA
2021-07-18,OAKEY2SF,-13.594706768950985,Ex-post DWA
2021-07-25,OAKEY2SF,-13.904861356941488,Ex-post DWA
2021-08-01,OAKEY2SF,-1.8418838263475124,Ex-post DWA
2021-08-08,OAKEY2SF,-2.2980997073747957,Ex-post DWA
2021-08-15,OAKEY2SF,-3.5230625615961024,Ex-post DWA
2021-08-22,OAKEY2SF,-4.734398032109457,Ex-post DWA
2021-08-29,OAKEY2SF,-4.055793929407113,Ex-post DWA
2021-09-05,OAKEY2SF,-1.0892119385693277,Ex-post DWA
2021-09-12,OAKEY2SF,-16.78718603249148,Ex-post DWA
2021-09-19,OAKEY2SF,5.829908498179368,Ex-post DWA
2021-09-26,OAKEY2SF,-4.9366288371757125,Ex-post DWA
2021-10-03,OAKEY2SF,-2.5521184476870147,Ex-post DWA
2021-10-10,OAKEY2SF,10.440071375673655,Ex-post DWA
2021-10-17,OAKEY2SF,-15.970543380060775,Ex-post DWA
2021-10-24,OAKEY2SF,-20.189930698022458,Ex-post DWA
2021-10-31,OAKEY2SF,-11.289016160523857,Ex-post DWA
2021-11-07,OAKEY2SF,0.0025131017258175348,Ex-post DWA
2021-11-14,OAKEY2SF,-84.14141476264452,Ex-post DWA
2021-11-21,OAKEY2SF,14.109187711566861,Ex-post DWA
2021-11-28,OAKEY2SF,-8.110489702613158,Ex-post DWA
2021-12-05,OAKEY2SF,-4.195241789328897,Ex-post DWA
2021-12-12,OAKEY2SF,-9.244135919397841,Ex-post DWA
2021-12-19,OAKEY2SF,-0.18489306018524587,Ex-post DWA
2021-12-26,OAKEY2SF,10.91576857964192,Ex-post DWA
2022-01-02,OAKEY2SF,-4.13741986623554,Ex-post DWA
2022-01-09,OAKEY2SF,-4.423530883057907,Ex-post DWA
2022-01-16,OAKEY2SF,0.4762814045954826,Ex-post DWA
2022-01-23,OAKEY2SF,-9.072098498127247,Ex-post DWA
2022-01-30,OAKEY2SF,-1.6445143862674882,Ex-post DWA
2022-02-06,OAKEY2SF,1.112490961834908,Ex-post DWA
2022-02-13,OAKEY2SF,2.6703090017997084,Ex-post DWA
2022-02-20,OAKEY2SF,3.4005724020709494,Ex-post DWA
2022-02-27,OAKEY2SF,-16.049944708906466,Ex-post DWA
2022-03-06,OAKEY2SF,-2.045572847699148,Ex-post DWA
2022-03-13,OAKEY2SF,0.19679765482275968,Ex-post DWA
2022-03-20,OAKEY2SF,4.753838238238977,Ex-post DWA
2022-03-27,OAKEY2SF,-4.200036194072595,Ex-post DWA
2022-04-03,OAKEY2SF,2.284662004543776,Ex-post DWA
2022-04-10,OAKEY2SF,-2.568718021796059,Ex-post DWA
2022-04-17,OAKEY2SF,-0.9834622455223467,Ex-post DWA
2022-04-24,OAKEY2SF,13.80093845973532,Ex-post DWA
2022-05-01,OAKEY2SF,0.3325372238141142,Ex-post DWA
2022-05-08,OAKEY2SF,-21.87354251456415,Ex-post DWA
2022-05-15,OAKEY2SF,-5.284093017562441,Ex-post DWA
2022-05-22,OAKEY2SF,-6.821085398267911,Ex-post DWA
2022-05-29,OAKEY2SF,3.865274003534722,Ex-post DWA
2022-06-05,OAKEY2SF,-26.738800860700138,Ex-post DWA
2022-06-12,OAKEY2SF,-11.128034612428422,Ex-post DWA
2022-06-19,OAKEY2SF,17.298221357892686,Ex-post DWA
2022-06-26,OAKEY2SF,-43.297751918670556,Ex-post DWA
2022-07-03,OAKEY2SF,-4.110621113655782,Ex-post DWA
2022-07-10,OAKEY2SF,-64.78745942858336,Ex-post DWA
2022-07-17,OAKEY2SF,-34.08404280823157,Ex-post DWA
2022-07-24,OAKEY2SF,-26.544922602727212,Ex-post DWA
2022-07-31,OAKEY2SF,-6.411694198509949,Ex-post DWA
2022-08-07,OAKEY2SF,-5.965834084227438,Ex-post DWA
2022-08-14,OAKEY2SF,-5.332334132042973,Ex-post DWA
2022-08-21,OAKEY2SF,19.645776143039136,Ex-post DWA
2022-08-28,OAKEY2SF,9.14464579890145,Ex-post DWA
2022-09-04,OAKEY2SF,-4.859722969102322,Ex-post DWA
2022-09-11,OAKEY2SF,-8.316868407716612,Ex-post DWA
2022-09-18,OAKEY2SF,-28.46445927094831,Ex-post DWA
2022-09-25,OAKEY2SF,-14.41950503192372,Ex-post DWA
2022-10-02,OAKEY2SF,-1.648424018678412,Ex-post DWA
2022-10-09,OAKEY2SF,-7.208888517072907,Ex-post DWA
2022-10-16,OAKEY2SF,-6.815394015164173,Ex-post DWA
2022-10-23,OAKEY2SF,0.2039390997951216,Ex-post DWA
2022-10-30,OAKEY2SF,-1.5507394217029855,Ex-post DWA
2022-11-06,OAKEY2SF,-4.379586238245686,Ex-post DWA
2022-11-13,OAKEY2SF,-0.9125158812539027,Ex-post DWA
2022-11-20,OAKEY2SF,-2.3310789734910102,Ex-post DWA
2022-11-27,OAKEY2SF,0.3782945360235601,Ex-post DWA
2022-12-04,OAKEY2SF,2.8207571067778687,Ex-post DWA
2022-12-11,OAKEY2SF,1.7952004674286641,Ex-post DWA
2022-12-18,OAKEY2SF,2.6206971935088035,Ex-post DWA
2022-12-25,OAKEY2SF,1.2064306891006282,Ex-post DWA
2023-01-01,OAKEY2SF,4.196299446940188,Ex-post DWA
2023-01-08,OAKEY2SF,-0.6369619630704371,Ex-post DWA
2023-01-15,OAKEY2SF,-1.0935250911617374,Ex-post DWA
2023-01-22,OAKEY2SF,0.4697485805459607,Ex-post DWA
2023-01-29,OAKEY2SF,-10.960046081294976,Ex-post DWA
2023-02-05,OAKEY2SF,-7.385275511220783,Ex-post DWA
2023-02-12,OAKEY2SF,0.7429037886178875,Ex-post DWA
2023-02-19,OAKEY2SF,-2.553068144584344,Ex-post DWA
2023-02-26,OAKEY2SF,-2.0615815533671196,Ex-post DWA
2023-03-05,OAKEY2SF,-3.1630856294370204,Ex-post DWA
2023-03-12,OAKEY2SF,-10.101322059311016,Ex-post DWA
2023-03-19,OAKEY2SF,-6.589950205422937,Ex-post DWA
2023-03-26,OAKEY2SF,-1.712111203644227,Ex-post DWA
2023-04-02,OAKEY2SF,-14.964785025723188,Ex-post DWA
2023-04-09,OAKEY2SF,-3.037420615650909,Ex-post DWA
2023-04-16,OAKEY2SF,-5.751962697248766,Ex-post DWA
2023-04-23,OAKEY2SF,-4.680598645905604,Ex-post DWA
2023-04-30,OAKEY2SF,-6.1930175339689555,Ex-post DWA
2023-05-07,OAKEY2SF,-9.762485411610548,Ex-post DWA
2023-05-14,OAKEY2SF,-2.7595171988678047,Ex-post DWA
2023-05-21,OAKEY2SF,0.004975661228328931,Ex-post DWA
2023-05-28,OAKEY2SF,2.8827405341422363,Ex-post DWA
2023-06-04,OAKEY2SF,-2.428529630721279,Ex-post DWA
2023-06-11,OAKEY2SF,-3.3499568256114785,Ex-post DWA
2023-06-18,OAKEY2SF,10.72092929313839,Ex-post DWA
2023-06-25,OAKEY2SF,0.7466368962351453,Ex-post DWA
2023-07-02,OAKEY2SF,10.778638216102387,Ex-post DWA
2023-07-09,OAKEY2SF,23.229941296974904,Ex-post DWA
2023-07-16,OAKEY2SF,11.501742345099437,Ex-post DWA
2023-07-23,OAKEY2SF,18.17967483157477,Ex-post DWA
2023-07-30,OAKEY2SF,21.106963510159694,Ex-post DWA
2023-08-06,OAKEY2SF,17.14475305021256,Ex-post DWA
2023-08-13,OAKEY2SF,21.82361708172299,Ex-post DWA
2023-08-20,OAKEY2SF,14.092585981674581,Ex-post DWA
2023-08-27,OAKEY2SF,22.54701095724056,Ex-post DWA
2023-09-03,OAKEY2SF,27.346307239171956,Ex-post DWA
2023-09-10,OAKEY2SF,16.08271292359625,Ex-post DWA
2023-09-17,OAKEY2SF,23.174497915687468,Ex-post DWA
2023-09-24,OAKEY2SF,15.65810548923453,Ex-post DWA
2023-10-01,OAKEY2SF,34.002481852167506,Ex-post DWA
2023-10-08,OAKEY2SF,15.356461693245024,Ex-post DWA
2023-10-15,OAKEY2SF,10.02761077395334,Ex-post DWA
2023-10-22,OAKEY2SF,0.19190592495871606,Ex-post DWA
2023-10-29,OAKEY2SF,0.4622882210706756,Ex-post DWA
2023-11-05,OAKEY2SF,-1.5829520069352814,Ex-post DWA
2023-11-12,OAKEY2SF,-3.77311055983194,Ex-post DWA
2023-11-19,OAKEY2SF,-12.361709695262594,Ex-post DWA
2023-11-26,OAKEY2SF,-3.3074438645433872,Ex-post DWA
2023-12-03,OAKEY2SF,-6.997951046501981,Ex-post DWA
2023-12-10,OAKEY2SF,-3.0704223913599975,Ex-post DWA
2023-12-17,OAKEY2SF,-0.8186072040501742,Ex-post DWA
2023-12-24,OAKEY2SF,-10.458690686792963,Ex-post DWA
2023-12-31,OAKEY2SF,-13.453933371912598,Ex-post DWA
2024-01-07,OAKEY2SF,-2.636866444583461,Ex-post DWA
2024-01-14,OAKEY2SF,2.8593511488398136,Ex-post DWA
2024-01-21,OAKEY2SF,-1.7037176430702345,Ex-post DWA
2024-01-28,OAKEY2SF,-12.590926833601273,Ex-post DWA
2024-02-04,OAKEY2SF,-6.514726406839273,Ex-post DWA
2024-02-11,OAKEY2SF,-1.3473249403147065,Ex-post DWA
2024-02-18,OAKEY2SF,-3.097599008378239,Ex-post DWA
2024-02-25,OAKEY2SF,-3.4511583436510307,Ex-post DWA
2024-03-03,OAKEY2SF,-20.52211344781533,Ex-post DWA
2024-03-10,OAKEY2SF,-4.814679102029935,Ex-post DWA
2024-03-17,OAKEY2SF,-1.252303928221096,Ex-post DWA
2024-03-24,OAKEY2SF,0.9388844379912555,Ex-post DWA
2024-03-31,OAKEY2SF,-1.9301262883388084,Ex-post DWA
2024-04-07,OAKEY2SF,-2.194534634635332,Ex-post DWA
2024-04-14,OAKEY2SF,-3.503236586566688,Ex-post DWA
2024-04-21,OAKEY2SF,-1.6503512991890474,Ex-post DWA
2024-04-28,OAKEY2SF,-7.493373371072849,Ex-post DWA
2024-05-05,OAKEY2SF,-4.406565118761854,Ex-post DWA
2024-05-12,OAKEY2SF,2.198291170669485,Ex-post DWA
2024-05-19,OAKEY2SF,-8.83389381303026,Ex-post DWA
2024-05-26,OAKEY2SF,-4.484094766264805,Ex-post DWA
2024-06-02,OAKEY2SF,-5.2325939777934,Ex-post DWA
2024-06-09,OAKEY2SF,-13.745771215516667,Ex-post DWA
2024-06-16,OAKEY2SF,-8.964523317716605,Ex-post DWA
2024-06-23,OAKEY2SF,-18.536156383755497,Ex-post DWA
2024-06-30,OAKEY2SF,1.536976922905886,Ex-post DWA
2024-07-07,OAKEY2SF,-7.329248320619847,Ex-post DWA
2024-07-14,OAKEY2SF,-6.736896070539764,Ex-post DWA
2024-07-21,OAKEY2SF,-11.173842384268635,Ex-post DWA
2024-07-28,OAKEY2SF,1.067611004965194,Ex-post DWA
2024-08-04,OAKEY2SF,-3.3065806636796964,Ex-post DWA
2024-08-11,OAKEY2SF,-15.379472844460778,Ex-post DWA
2024-08-18,OAKEY2SF,-20.477996215018347,Ex-post DWA
2024-08-25,OAKEY2SF,-4.587319067481978,Ex-post DWA
2024-09-01,OAKEY2SF,-4.91596248774399,Ex-post DWA
2024-09-08,OAKEY2SF,-4.753504203209417,Ex-post DWA
2024-09-15,OAKEY2SF,-8.878825678836577,Ex-post DWA
2024-09-22,OAKEY2SF,-0.4060195229497907,Ex-post DWA
2024-09-29,OAKEY2SF,-9.034054665159296,Ex-post DWA
2024-10-06,OAKEY2SF,-7.749702046583629,Ex-post DWA
2024-10-13,OAKEY2SF,-21.828974160755834,Ex-post DWA
2024-10-20,OAKEY2SF,-5.401831953353297,Ex-post DWA
2024-10-27,OAKEY2SF,-10.91212809061724,Ex-post DWA
2024-11-03,OAKEY2SF,-7.003070893519514,Ex-post DWA
2024-11-10,OAKEY2SF,-26.11718804158042,Ex-post DWA
2024-11-17,OAKEY2SF,-13.605943905453941,Ex-post DWA
2024-11-24,OAKEY2SF,-22.727017172897984,Ex-post DWA
2024-12-01,OAKEY2SF,-5.434941084106555,Ex-post DWA
2024-12-08,OAKEY2SF,-12.409025785711108,Ex-post DWA
2024-12-15,OAKEY2SF,1.1295043066389496,Ex-post DWA
2024-12-22,OAKEY2SF,5.820672865979603,Ex-post DWA
2024-12-29,OAKEY2SF,32.44909082469684,Ex-post DWA
2025-01-05,OAKEY2SF,-10.995525556445997,Ex-post DWA
2020-01-05,RRSF1,3.55453116708712,Ex-post DWA
2020-01-12,RRSF1,-0.6416108992628224,Ex-post DWA
2020-01-19,RRSF1,0.9374546166193696,Ex-post DWA
2020-01-26,RRSF1,-1.2605058398041393,Ex-post DWA
2020-02-02,RRSF1,-8.027493856522057,Ex-post DWA
2020-02-09,RRSF1,-0.10319555858298202,Ex-post DWA
2020-02-16,RRSF1,-0.590977013991349,Ex-post DWA
2020-02-23,RRSF1,1.3330022818373592,Ex-post DWA
2020-03-01,RRSF1,-0.1823348236105602,Ex-post DWA
2020-03-08,RRSF1,0.1441328446450072,Ex-post DWA
2020-03-15,RRSF1,-1.3530050741700208,Ex-post DWA
2020-03-22,RRSF1,-1.2420642287077968,Ex-post DWA
2020-03-29,RRSF1,0.843524972465886,Ex-post DWA
2020-04-05,RRSF1,1.0240333904136492,Ex-post DWA
2020-04-12,RRSF1,0.353082273847086,Ex-post DWA
2020-04-19,RRSF1,-0.8681971599611948,Ex-post DWA
2020-04-26,RRSF1,0.36066838902015874,Ex-post DWA
2020-05-03,RRSF1,-5.437366152674199,Ex-post DWA
2020-05-10,RRSF1,-1.4656841095388558,Ex-post DWA
2020-05-17,RRSF1,0.006885303194987813,Ex-post DWA
2020-05-24,RRSF1,1.8534877324854087,Ex-post DWA
2020-05-31,RRSF1,-0.0023757999753755144,Ex-post DWA
2020-06-07,RRSF1,-2.4918284953730705,Ex-post DWA
2020-06-14,RRSF1,0.5871048189282639,Ex-post DWA
2020-06-21,RRSF1,-1.0752634025727623,Ex-post DWA
2020-06-28,RRSF1,-2.1732928571614822,Ex-post DWA
2020-07-05,RRSF1,-2.8023755335195553,Ex-post DWA
2020-07-12,RRSF1,-0.616254633230092,Ex-post DWA
2020-07-19,RRSF1,-1.76232255073581,Ex-post DWA
2020-07-26,RRSF1,-0.5925320345970952,Ex-post DWA
2020-08-02,RRSF1,-0.729792742866568,Ex-post DWA
2020-08-09,RRSF1,-0.2846178657799108,Ex-post DWA
2020-08-16,RRSF1,-6.758948210795694,Ex-post DWA
2020-08-23,RRSF1,-3.60742441472427,Ex-post DWA
2020-08-30,RRSF1,-4.619911950110641,Ex-post DWA
2020-09-06,RRSF1,-4.647370484517291,Ex-post DWA
2020-09-13,RRSF1,-2.524716133129564,Ex-post DWA
2020-09-20,RRSF1,-2.187831101725589,Ex-post DWA
2020-09-27,RRSF1,-3.349490957282227,Ex-post DWA
2020-10-04,RRSF1,-2.355561232612258,Ex-post DWA
2020-10-11,RRSF1,-2.8260649651080083,Ex-post DWA
2020-10-18,RRSF1,-15.325294814537695,Ex-post DWA
2020-10-25,RRSF1,-1.0161900727037185,Ex-post DWA
2020-11-01,RRSF1,2.5108620589410293,Ex-post DWA
2020-11-08,RRSF1,-0.49217962145216987,Ex-post DWA
2020-11-15,RRSF1,-1.1303135521339343,Ex-post DWA
2020-11-22,RRSF1,6.272950138270623,Ex-post DWA
2020-11-29,RRSF1,7.50736236880649,Ex-post DWA
2020-12-06,RRSF1,1.0009562285199394,Ex-post DWA
2020-12-13,RRSF1,0.7337358624676753,Ex-post DWA
2020-12-20,RRSF1,6.648836381063475,Ex-post DWA
2020-12-27,RRSF1,2.0653661244576327,Ex-post DWA
2021-01-03,RRSF1,1.5458350370784544,Ex-post DWA
2021-01-10,RRSF1,-1.750892408929161,Ex-post DWA
2021-01-17,RRSF1,-1.1193137565476405,Ex-post DWA
2021-01-24,RRSF1,-3.776359317962452,Ex-post DWA
2021-01-31,RRSF1,-0.2525164611739541,Ex-post DWA
2021-02-07,RRSF1,0.5907372311213379,Ex-post DWA
2021-02-14,RRSF1,-0.9937449622612817,Ex-post DWA
2021-02-21,RRSF1,-0.7138657817513341,Ex-post DWA
2021-02-28,RRSF1,-2.6751797448836996,Ex-post DWA
2021-03-07,RRSF1,-2.353447226199485,Ex-post DWA
2021-03-14,RRSF1,2.007203702455463,Ex-post DWA
2021-03-21,RRSF1,-0.8890450243875847,Ex-post DWA
2021-03-28,RRSF1,-0.26501774789645793,Ex-post DWA
2021-04-04,RRSF1,-0.6950154518144664,Ex-post DWA
2021-04-11,RRSF1,1.4489915744263229,Ex-post DWA
2021-04-18,RRSF1,-2.848823342683197,Ex-post DWA
2021-04-25,RRSF1,-8.734319157026523,Ex-post DWA
2021-05-02,RRSF1,-1.6086460024450489,Ex-post DWA
2021-05-09,RRSF1,0.2564774246006891,Ex-post DWA
2021-05-16,RRSF1,-17.336756786488998,Ex-post DWA
2021-05-23,RRSF1,-6.061207493136323,Ex-post DWA
2021-05-30,RRSF1,-36.74140557309447,Ex-post DWA
2021-06-06,RRSF1,19.737875228149605,Ex-post DWA
2021-06-13,RRSF1,3.560117292401415,Ex-post DWA
2021-06-20,RRSF1,-38.753407673716396,Ex-post DWA
2021-06-27,RRSF1,3.2006865940838907,Ex-post DWA
2021-07-04,RRSF1,29.160158388693816,Ex-post DWA
2021-07-11,RRSF1,-9.1604708692319,Ex-post DWA
2021-07-18,RRSF1,-2.9548116516070024,Ex-post DWA
2021-07-25,RRSF1,-4.893481669586031,Ex-post DWA
2021-08-01,RRSF1,-2.1975324658979787,Ex-post DWA
2021-08-08,RRSF1,-0.2710154436929031,Ex-post DWA
2021-08-15,RRSF1,-3.212189775707472,Ex-post DWA
2021-08-22,RRSF1,-6.133103695850867,Ex-post DWA
2021-08-29,RRSF1,-9.113904503442459,Ex-post DWA
2021-09-05,RRSF1,-0.6296939072025225,Ex-post DWA
2021-09-12,RRSF1,-5.936423648620993,Ex-post DWA
2021-09-19,RRSF1,-7.600408434874705,Ex-post DWA
2021-09-26,RRSF1,-7.282688561484581,Ex-post DWA
2021-10-03,RRSF1,-27.119938071302663,Ex-post DWA
2021-10-10,RRSF1,-11.856116793466224,Ex-post DWA
2021-10-17,RRSF1,-6.587530155471885,Ex-post DWA
2021-10-24,RRSF1,4.212686669481307,Ex-post DWA
2021-10-31,RRSF1,2.9522613103322684,Ex-post DWA
2021-11-07,RRSF1,-3.0104842103148357,Ex-post DWA
2021-11-14,RRSF1,-13.9479231966167,Ex-post DWA
2021-11-21,RRSF1,-24.632808928754237,Ex-post DWA
2021-11-28,RRSF1,3.9735595719917995,Ex-post DWA
2021-12-05,RRSF1,-2.4983506417534045,Ex-post DWA
2021-12-12,RRSF1,-0.6425992568555117,Ex-post DWA
2021-12-19,RRSF1,0.5523134190438554,Ex-post DWA
2021-12-26,RRSF1,-8.44561869521263,Ex-post DWA
2022-01-02,RRSF1,1.0311328437195897,Ex-post DWA
2022-01-09,RRSF1,4.427960592675149,Ex-post DWA
2022-01-16,RRSF1,1.1310694980271876,Ex-post DWA
2022-01-23,RRSF1,8.651990873377969,Ex-post DWA
2022-01-30,RRSF1,-0.17791349673380807,Ex-post DWA
2022-02-06,RRSF1,13.627088935713573,Ex-post DWA
2022-02-13,RRSF1,-0.765215232324671,Ex-post DWA
2022-02-20,RRSF1,-2.81444997567975,Ex-post DWA
2022-02-27,RRSF1,1.5040399964798894,Ex-post DWA
2022-03-06,RRSF1,4.128431782668642,Ex-post DWA
2022-03-13,RRSF1,5.379196524467787,Ex-post DWA
2022-03-20,RRSF1,-4.008123527468257,Ex-post DWA
2022-03-27,RRSF1,-1.753843194500277,Ex-post DWA
2022-04-03,RRSF1,-1.8999151083579306,Ex-post DWA
2022-04-10,RRSF1,5.07088371486779,Ex-post DWA
2022-04-17,RRSF1,1.1049571769404025,Ex-post DWA
2022-04-24,RRSF1,-0.9918899204014906,Ex-post DWA
2022-05-01,RRSF1,-8.626303291629938,Ex-post DWA
2022-05-08,RRSF1,8.977619859868668,Ex-post DWA
2022-05-15,RRSF1,3.537350583802322,Ex-post DWA
2022-05-22,RRSF1,0.13800130402592004,Ex-post DWA
2022-05-29,RRSF1,2.6049747255279954,Ex-post DWA
2022-06-05,RRSF1,1.0560039997003514,Ex-post DWA
2022-06-12,RRSF1,-45.06209520862211,Ex-post DWA
2022-06-19,RRSF1,1.920924132431935,Ex-post DWA
2022-06-26,RRSF1,0.3056414115951611,Ex-post DWA
2022-07-03,RRSF1,0.6978313924527129,Ex-post DWA
2022-07-10,RRSF1,-38.01149672945152,Ex-post DWA
2022-07-17,RRSF1,-0.11964763323518923,Ex-post DWA
2022-07-24,RRSF1,36.77714391075136,Ex-post DWA
2022-07-31,RRSF1,-4.679965746341395,Ex-post DWA
2022-08-07,RRSF1,-5.460261102522296,Ex-post DWA
2022-08-14,RRSF1,-0.7263295084882344,Ex-post DWA
2022-08-21,RRSF1,-15.929044077863738,Ex-post DWA
2022-08-28,RRSF1,-13.359476710753473,Ex-post DWA
2022-09-04,RRSF1,0.030796257901158697,Ex-post DWA
2022-09-11,RRSF1,-15.450941940881144,Ex-post DWA
2022-09-18,RRSF1,-6.108889108319296,Ex-post DWA
2022-09-25,RRSF1,3.7106416937465383,Ex-post DWA
2022-10-02,RRSF1,0.39172498991160865,Ex-post DWA
2022-10-09,RRSF1,1.3176003061307,Ex-post DWA
2022-10-16,RRSF1,2.145669239692978,Ex-post DWA
2022-10-23,RRSF1,0.7017920750084556,Ex-post DWA
2022-10-30,RRSF1,-17.10007832755008,Ex-post DWA
2022-11-06,RRSF1,1.8838311814753013,Ex-post DWA
2022-11-13,RRSF1,-1.4261973974162316,Ex-post DWA
2022-11-20,RRSF1,-7.14436626974075,Ex-post DWA
2022-11-27,RRSF1,4.3480259432130595,Ex-post DWA
2022-12-04,RRSF1,-2.121883080254719,Ex-post DWA
2022-12-11,RRSF1,-3.553845917166157,Ex-post DWA
2022-12-18,RRSF1,-1.9078967222783447,Ex-post DWA
2022-12-25,RRSF1,-1.4780837859409992,Ex-post DWA
2023-01-01,RRSF1,-3.3965332601913154,Ex-post DWA
2023-01-08,RRSF1,0.8349392999390872,Ex-post DWA
2023-01-15,RRSF1,3.1598178576036133,Ex-post DWA
2023-01-22,RRSF1,-3.3158845522943565,Ex-post DWA
2023-01-29,RRSF1,4.980046608572692,Ex-post DWA
2023-02-05,RRSF1,3.49736225058777,Ex-post DWA
2023-02-12,RRSF1,-0.10232140751990926,Ex-post DWA
2023-02-19,RRSF1,0.12809429456150667,Ex-post DWA
2023-02-26,RRSF1,59.97749006011625,Ex-post DWA
2023-03-05,RRSF1,4.384671058460469,Ex-post DWA
2023-03-12,RRSF1,9.322099007697787,Ex-post DWA
2023-03-19,RRSF1,3.7134696489103334,Ex-post DWA
2023-03-26,RRSF1,-2.612480134173552,Ex-post DWA
2023-04-02,RRSF1,-11.205804314689956,Ex-post DWA
2023-04-09,RRSF1,-19.499574941042127,Ex-post DWA
2023-04-16,RRSF1,-8.234722922279163,Ex-post DWA
2023-04-23,RRSF1,-2.6882010126393894,Ex-post DWA
2023-04-30,RRSF1,4.560672107593213,Ex-post DWA
2023-05-07,RRSF1,-6.745385681067319,Ex-post DWA
2023-05-14,RRSF1,-2.4579918183219363,Ex-post DWA
2023-05-21,RRSF1,0.5610774187788508,Ex-post DWA
2023-05-28,RRSF1,-8.412872815260052,Ex-post DWA
2023-06-04,RRSF1,0.09379930865378583,Ex-post DWA
2023-06-11,RRSF1,0.9391264919757987,Ex-post DWA
2023-06-18,RRSF1,-5.288386407382326,Ex-post DWA
2023-06-25,RRSF1,2.330134760187896,Ex-post DWA
2023-07-02,RRSF1,5.124436071782792,Ex-post DWA
2023-07-09,RRSF1,-1.171588866716366,Ex-post DWA
2023-07-16,RRSF1,-1.6033449727363696,Ex-post DWA
2023-07-23,RRSF1,-3.024229228636184,Ex-post DWA
2023-07-30,RRSF1,3.199258664844608,Ex-post DWA
2023-08-06,RRSF1,-5.987735519263898,Ex-post DWA
2023-08-13,RRSF1,-6.314241925698896,Ex-post DWA
2023-08-20,RRSF1,-4.3504259414788375,Ex-post DWA
2023-08-27,RRSF1,-5.302108397845954,Ex-post DWA
2023-09-03,RRSF1,-3.577237766190361,Ex-post DWA
2023-09-10,RRSF1,-15.100929506289802,Ex-post DWA
2023-09-17,RRSF1,-13.052962790789946,Ex-post DWA
2023-09-24,RRSF1,-5.170587199289427,Ex-post DWA
2023-10-01,RRSF1,-7.808552763155884,Ex-post DWA
2023-10-08,RRSF1,-7.21535611850369,Ex-post DWA
2023-10-15,RRSF1,-8.400666756587626,Ex-post DWA
2023-10-22,RRSF1,-7.577707483846485,Ex-post DWA
2023-10-29,RRSF1,-5.587617843407077,Ex-post DWA
2023-11-05,RRSF1,-2.2125943578184106,Ex-post DWA
2023-11-12,RRSF1,-4.984068548837776,Ex-post DWA
2023-11-19,RRSF1,4.072183758816806,Ex-post DWA
2023-11-26,RRSF1,7.197639012239186,Ex-post DWA
2023-12-03,RRSF1,0.8612873006320569,Ex-post DWA
2023-12-10,RRSF1,-8.709331049849855,Ex-post DWA
2023-12-17,RRSF1,-11.220110853300682,Ex-post DWA
2023-12-24,RRSF1,3.3060524237909164,Ex-post DWA
2023-12-31,RRSF1,-1.1177581625506292,Ex-post DWA
2024-01-07,RRSF1,-2.0135346605096736,Ex-post DWA
2024-01-14,RRSF1,0.36350377462214567,Ex-post DWA
2024-01-21,RRSF1,15.729156141185811,Ex-post DWA
2024-01-28,RRSF1,-3.4016665144238516,Ex-post DWA
2024-02-04,RRSF1,6.782010165532455,Ex-post DWA
2024-02-11,RRSF1,-3.6418720464191594,Ex-post DWA
2024-02-18,RRSF1,5.04854246596738,Ex-post DWA
2024-02-25,RRSF1,9.68332907985453,Ex-post DWA
2024-03-03,RRSF1,-14.237594901219069,Ex-post DWA
2024-03-10,RRSF1,3.308928995727072,Ex-post DWA
2024-03-17,RRSF1,-2.2667667838579604,Ex-post DWA
2024-03-24,RRSF1,-2.8107131131161367,Ex-post DWA
2024-03-31,RRSF1,1.2251606821851873,Ex-post DWA
2024-04-07,RRSF1,4.334213489420257,Ex-post DWA
2024-04-14,RRSF1,-6.386981886643757,Ex-post DWA
2024-04-21,RRSF1,-3.750265486931511,Ex-post DWA
2024-04-28,RRSF1,-3.213399712545243,Ex-post DWA
2024-05-05,RRSF1,-0.026071377937569196,Ex-post DWA
2024-05-12,RRSF1,1.3291972895955553,Ex-post DWA
2024-05-19,RRSF1,-17.35445048832693,Ex-post DWA
2024-05-26,RRSF1,-10.4047803611563,Ex-post DWA
2024-06-02,RRSF1,2.558422501531062,Ex-post DWA
2024-06-09,RRSF1,-5.762130737613912,Ex-post DWA
2024-06-16,RRSF1,-6.056357951694855,Ex-post DWA
2024-06-23,RRSF1,3.5962030179747018,Ex-post DWA
2024-06-30,RRSF1,-7.417171291464321,Ex-post DWA
2024-07-07,RRSF1,6.286155900737718,Ex-post DWA
2024-07-14,RRSF1,0.031085851671498688,Ex-post DWA
2024-07-21,RRSF1,-6.090097382786514,Ex-post DWA
2024-07-28,RRSF1,-4.93397073151203,Ex-post DWA
2024-08-04,RRSF1,-15.720785586362432,Ex-post DWA
2024-08-11,RRSF1,27.284164875960116,Ex-post DWA
2024-08-18,RRSF1,-0.021671556273602732,Ex-post DWA
2024-08-25,RRSF1,-9.259924593793928,Ex-post DWA
2024-09-01,RRSF1,-10.20018066220445,Ex-post DWA
2024-09-08,RRSF1,-8.012534233481837,Ex-post DWA
2024-09-15,RRSF1,-5.679159897330097,Ex-post DWA
2024-09-22,RRSF1,-9.627550603430056,Ex-post DWA
2024-09-29,RRSF1,-5.148080865987513,Ex-post DWA
2024-10-06,RRSF1,-9.12736581888435,Ex-post DWA
2024-10-13,RRSF1,-5.875387855324419,Ex-post DWA
2024-10-20,RRSF1,-5.151616288846882,Ex-post DWA
2024-10-27,RRSF1,-7.264457001741695,Ex-post DWA
2024-11-03,RRSF1,-2.0459194637591693,Ex-post DWA
2024-11-10,RRSF1,7.482162067021264,Ex-post DWA
2024-11-17,RRSF1,7.444561882191152,Ex-post DWA
2024-11-24,RRSF1,9.882110562291494,Ex-post DWA
2024-12-01,RRSF1,-5.146435986177785,Ex-post DWA
2024-12-08,RRSF1,-13.13391269901605,Ex-post DWA
2024-12-15,RRSF1,-1.2114477515164737,Ex-post DWA
2024-12-22,RRSF1,11.048060985488476,Ex-post DWA
2024-12-29,RRSF1,-8.007827024510807,Ex-post DWA
2025-01-05,RRSF1,6.084477203136835,Ex-post DWA
2020-01-05,RUGBYR1,1.148160035207212,Ex-post DWA
2020-01-12,RUGBYR1,0.6023291901633598,Ex-post DWA
2020-01-19,RUGBYR1,-0.6512606544283202,Ex-post DWA
2020-01-26,RUGBYR1,17.08538000029212,Ex-post DWA
2020-02-02,RUGBYR1,20.062751994809958,Ex-post DWA
2020-02-09,RUGBYR1,-0.24036184718386977,Ex-post DWA
2020-02-16,RUGBYR1,0.7912320277961555,Ex-post DWA
2020-02-23,RUGBYR1,0.9875242591369471,Ex-post DWA
2020-03-01,RUGBYR1,0.6637876292762357,Ex-post DWA
2020-03-08,RUGBYR1,0.6949702369679756,Ex-post DWA
2020-03-15,RUGBYR1,0.15955887483356435,Ex-post DWA
2020-03-22,RUGBYR1,0.6429071017658892,Ex-post DWA
2020-03-29,RUGBYR1,0.9129008273572978,Ex-post DWA
2020-04-05,RUGBYR1,0.5355507963267385,Ex-post DWA
2020-04-12,RUGBYR1,0.7177493352130035,Ex-post DWA
2020-04-19,RUGBYR1,1.0938934018783968,Ex-post DWA
2020-04-26,RUGBYR1,-0.2325857092667576,Ex-post DWA
2020-05-03,RUGBYR1,7.495055686366843,Ex-post DWA
2020-05-10,RUGBYR1,-0.247167097938906,Ex-post DWA
2020-05-17,RUGBYR1,1.535171797761226,Ex-post DWA
2020-05-24,RUGBYR1,-1.3875161692271263,Ex-post DWA
2020-05-31,RUGBYR1,-0.4250354328703523,Ex-post DWA
2020-06-07,RUGBYR1,-1.3207925760093282,Ex-post DWA
2020-06-14,RUGBYR1,1.3630856309473494,Ex-post DWA
2020-06-21,RUGBYR1,-0.4554240415840418,Ex-post DWA
2020-06-28,RUGBYR1,-0.5730583148104476,Ex-post DWA
2020-07-05,RUGBYR1,-1.43541445313749,Ex-post DWA
2020-07-12,RUGBYR1,0.4175273893999645,Ex-post DWA
2020-07-19,RUGBYR1,1.2285545745774797,Ex-post DWA
2020-07-26,RUGBYR1,-1.5521998964388928,Ex-post DWA
2020-08-02,RUGBYR1,0.533573779358818,Ex-post DWA
2020-08-09,RUGBYR1,-2.014501978506541,Ex-post DWA
2020-08-16,RUGBYR1,2.7785912720405346,Ex-post DWA
2020-08-23,RUGBYR1,1.3633514848695327,Ex-post DWA
2020-08-30,RUGBYR1,-2.349119853978818,Ex-post DWA
2020-09-06,RUGBYR1,-0.8701479482174825,Ex-post DWA
2020-09-13,RUGBYR1,-0.6413196143669317,Ex-post DWA
2020-09-20,RUGBYR1,-0.8003893512433295,Ex-post DWA
2020-09-27,RUGBYR1,-3.5914417735084356,Ex-post DWA
2020-10-04,RUGBYR1,-0.9628731464091977,Ex-post DWA
2020-10-11,RUGBYR1,-1.157086995162551,Ex-post DWA
2020-10-18,RUGBYR1,2.171567262427331,Ex-post DWA
2020-10-25,RUGBYR1,-1.0221046964974825,Ex-post DWA
2020-11-01,RUGBYR1,-1.7160610856224139,Ex-post DWA
2020-11-08,RUGBYR1,0.8919617041359373,Ex-post DWA
2020-11-15,RUGBYR1,0.2534498804436147,Ex-post DWA
2020-11-22,RUGBYR1,4.809045118802807,Ex-post DWA
2020-11-29,RUGBYR1,0.0668312788635177,Ex-post DWA
2020-12-06,RUGBYR1,1.4349601566772634,Ex-post DWA
2020-12-13,RUGBYR1,1.9598714824877064,Ex-post DWA
2020-12-20,RUGBYR1,6.043202119483411,Ex-post DWA
2020-12-27,RUGBYR1,1.5890537781914844,Ex-post DWA
2021-01-03,RUGBYR1,0.05411317519146763,Ex-post DWA
2021-01-10,RUGBYR1,0.3437362003211675,Ex-post DWA
2021-01-17,RUGBYR1,0.6294181322247567,Ex-post DWA
2021-01-24,RUGBYR1,-4.0098556244444765,Ex-post DWA
2021-01-31,RUGBYR1,0.13825480680574032,Ex-post DWA
2021-02-07,RUGBYR1,-0.1581459935010372,Ex-post DWA
2021-02-14,RUGBYR1,0.10364442624241121,Ex-post DWA
2021-02-21,RUGBYR1,0.262729881208859,Ex-post DWA
2021-02-28,RUGBYR1,-0.55923987833701,Ex-post DWA
2021-03-07,RUGBYR1,-0.28150643896487537,Ex-post DWA
2021-03-14,RUGBYR1,-4.8373147413097755,Ex-post DWA
2021-03-21,RUGBYR1,1.4347435066794958,Ex-post DWA
2021-03-28,RUGBYR1,-1.4442688321587234,Ex-post DWA
2021-04-04,RUGBYR1,0.2681629381398736,Ex-post DWA
2021-04-11,RUGBYR1,-9.60353718760885,Ex-post DWA
2021-04-18,RUGBYR1,0.9995976171624577,Ex-post DWA
2021-04-25,RUGBYR1,-5.934848504951294,Ex-post DWA
2021-05-02,RUGBYR1,-0.1190691317165502,Ex-post DWA
2021-05-09,RUGBYR1,1.6087897477831206,Ex-post DWA
2021-05-16,RUGBYR1,12.497504879668462,Ex-post DWA
2021-05-23,RUGBYR1,-0.4574289194536707,Ex-post DWA
2021-05-30,RUGBYR1,-42.1889650163136,Ex-post DWA
2021-06-06,RUGBYR1,-16.51077679700684,Ex-post DWA
2021-06-13,RUGBYR1,-1.1972960033737365,Ex-post DWA
2021-06-20,RUGBYR1,38.78013814891233,Ex-post DWA
2021-06-27,RUGBYR1,-4.156168383175242,Ex-post DWA
2021-07-04,RUGBYR1,26.661615339207387,Ex-post DWA
2021-07-11,RUGBYR1,4.736449154761971,Ex-post DWA
2021-07-18,RUGBYR1,-0.7761481466447862,Ex-post DWA
2021-07-25,RUGBYR1,0.3980861169475034,Ex-post DWA
2021-08-01,RUGBYR1,0.5656478305439094,Ex-post DWA
2021-08-08,RUGBYR1,0.845855873267098,Ex-post DWA
2021-08-15,RUGBYR1,-0.39230384375477456,Ex-post DWA
2021-08-22,RUGBYR1,-2.1634665328805234,Ex-post DWA
2021-08-29,RUGBYR1,-1.0712118196788758,Ex-post DWA
2021-09-05,RUGBYR1,-0.4078754354004879,Ex-post DWA
2021-09-12,RUGBYR1,-0.4803236506415476,Ex-post DWA
2021-09-19,RUGBYR1,15.583590755077434,Ex-post DWA
2021-09-26,RUGBYR1,-0.9292571665863143,Ex-post DWA
2021-10-03,RUGBYR1,-3.965669458850556,Ex-post DWA
2021-10-10,RUGBYR1,1.8835502691874275,Ex-post DWA
2021-10-17,RUGBYR1,-8.730983517292689,Ex-post DWA
2021-10-24,RUGBYR1,-1.4904752067171287,Ex-post DWA
2021-10-31,RUGBYR1,-0.6704964374578921,Ex-post DWA
2021-11-07,RUGBYR1,-1.5229948173420809,Ex-post DWA
2021-11-14,RUGBYR1,77.69643444409917,Ex-post DWA
2021-11-21,RUGBYR1,7.858773195297857,Ex-post DWA
2021-11-28,RUGBYR1,-10.51319898161018,Ex-post DWA
2021-12-05,RUGBYR1,-5.323083962868296,Ex-post DWA
2021-12-12,RUGBYR1,18.845978533171063,Ex-post DWA
2021-12-19,RUGBYR1,2.924040810449867,Ex-post DWA
2021-12-26,RUGBYR1,25.218119925534253,Ex-post DWA
2022-01-02,RUGBYR1,-0.9273093690526792,Ex-post DWA
2022-01-09,RUGBYR1,1.1316582992427584,Ex-post DWA
2022-01-16,RUGBYR1,-0.13153489149358677,Ex-post DWA
2022-01-23,RUGBYR1,3.0246380988314314,Ex-post DWA
2022-01-30,RUGBYR1,-1.2817792623691417,Ex-post DWA
2022-02-06,RUGBYR1,84.61511280025474,Ex-post DWA
2022-02-13,RUGBYR1,-0.3971490711339456,Ex-post DWA
2022-02-20,RUGBYR1,1.9395452688381596,Ex-post DWA
2022-02-27,RUGBYR1,4.521745540800126,Ex-post DWA
2022-03-06,RUGBYR1,-2.441880017475839,Ex-post DWA
2022-03-13,RUGBYR1,15.681538429089343,Ex-post DWA
2022-03-20,RUGBYR1,-3.785133697045154,Ex-post DWA
2022-03-27,RUGBYR1,6.35522875748066,Ex-post DWA
2022-04-03,RUGBYR1,1.5032747231336714,Ex-post DWA
2022-04-10,RUGBYR1,10.23256269188147,Ex-post DWA
2022-04-17,RUGBYR1,3.8234429854749976,Ex-post DWA
2022-04-24,RUGBYR1,-1.3379445721365215,Ex-post DWA
2022-05-01,RUGBYR1,6.171904983855882,Ex-post DWA
2022-05-08,RUGBYR1,11.707106080015393,Ex-post DWA
2022-05-15,RUGBYR1,-8.420092836043239,Ex-post DWA
2022-05-22,RUGBYR1,-3.432432698481989,Ex-post DWA
2022-05-29,RUGBYR1,-2.952443508358499,Ex-post DWA
2022-06-05,RUGBYR1,-4.353148209910728,Ex-post DWA
2022-06-12,RUGBYR1,-4.245781822406116,Ex-post DWA
2022-06-19,RUGBYR1,-0.603261348311122,Ex-post DWA
2022-06-26,RUGBYR1,7.276536709827695,Ex-post DWA
2022-07-03,RUGBYR1,15.952356638447895,Ex-post DWA
2022-07-10,RUGBYR1,49.62864845944313,Ex-post DWA
2022-07-17,RUGBYR1,12.693846831409445,Ex-post DWA
2022-07-24,RUGBYR1,21.165093220204625,Ex-post DWA
2022-07-31,RUGBYR1,3.542283565990431,Ex-post DWA
2022-08-07,RUGBYR1,9.996521681839326,Ex-post DWA
2022-08-14,RUGBYR1,4.476383514129736,Ex-post DWA
2022-08-21,RUGBYR1,9.365005541608214,Ex-post DWA
2022-08-28,RUGBYR1,2.939870734970036,Ex-post DWA
2022-09-04,RUGBYR1,4.312823161416162,Ex-post DWA
2022-09-11,RUGBYR1,-2.9482757870085976,Ex-post DWA
2022-09-18,RUGBYR1,14.462165794986689,Ex-post DWA
2022-09-25,RUGBYR1,5.011358399330803,Ex-post DWA
2022-10-02,RUGBYR1,-1.1823430129811356,Ex-post DWA
2022-10-09,RUGBYR1,3.728280876513722,Ex-post DWA
2022-10-16,RUGBYR1,1.4696241735156974,Ex-post DWA
2022-10-23,RUGBYR1,-1.2081408090068777,Ex-post DWA
2022-10-30,RUGBYR1,-2.303345749081217,Ex-post DWA
2022-11-06,RUGBYR1,5.646557863791578,Ex-post DWA
2022-11-13,RUGBYR1,2.5642105712227803,Ex-post DWA
2022-11-20,RUGBYR1,-3.133086958205112,Ex-post DWA
2022-11-27,RUGBYR1,-3.8951568707391218,Ex-post DWA
2022-12-04,RUGBYR1,-10.404353862470415,Ex-post DWA
2022-12-11,RUGBYR1,0.551954062317364,Ex-post DWA
2022-12-18,RUGBYR1,-0.3606728740566254,Ex-post DWA
2022-12-25,RUGBYR1,0.699276932889294,Ex-post DWA
2023-01-01,RUGBYR1,0.5665819997562167,Ex-post DWA
2023-01-08,RUGBYR1,1.7835942872684427,Ex-post DWA
2023-01-15,RUGBYR1,-2.5614502901505745,Ex-post DWA
2023-01-22,RUGBYR1,-1.643592644695886,Ex-post DWA
2023-01-29,RUGBYR1,9.464668776669768,Ex-post DWA
2023-02-05,RUGBYR1,3.290117163380529,Ex-post DWA
2023-02-12,RUGBYR1,0.6824511904179715,Ex-post DWA
2023-02-19,RUGBYR1,5.222533942627393,Ex-post DWA
2023-02-26,RUGBYR1,-7.0358291930757275,Ex-post DWA
2023-03-05,RUGBYR1,-1.6119810425117436,Ex-post DWA
2023-03-12,RUGBYR1,1.521801268554853,Ex-post DWA
2023-03-19,RUGBYR1,-2.6661327851032013,Ex-post DWA
2023-03-26,RUGBYR1,1.2150778926077095,Ex-post DWA
2023-04-02,RUGBYR1,-3.4685028435243197,Ex-post DWA
2023-04-09,RUGBYR1,-5.219748872717837,Ex-post DWA
2023-04-16,RUGBYR1,-0.9337252733820236,Ex-post DWA
2023-04-23,RUGBYR1,0.8713273107525055,Ex-post DWA
2023-04-30,RUGBYR1,-4.857183044531787,Ex-post DWA
2023-05-07,RUGBYR1,-3.020772106386673,Ex-post DWA
2023-05-14,RUGBYR1,-0.6085031037929696,Ex-post DWA
2023-05-21,RUGBYR1,9.405282753992523,Ex-post DWA
2023-05-28,RUGBYR1,3.6306582858923804,Ex-post DWA
2023-06-04,RUGBYR1,2.334199394482468,Ex-post DWA
2023-06-11,RUGBYR1,1.0045640937940306,Ex-post DWA
2023-06-18,RUGBYR1,4.382142700971642,Ex-post DWA
2023-06-25,RUGBYR1,6.600595602030175,Ex-post DWA
2023-07-02,RUGBYR1,3.9540320751873566,Ex-post DWA
2023-07-09,RUGBYR1,-3.969600605854808,Ex-post DWA
2023-07-16,RUGBYR1,-1.698345883042787,Ex-post DWA
2023-07-23,RUGBYR1,-2.6338697489987073,Ex-post DWA
2023-07-30,RUGBYR1,-9.265573752405924,Ex-post DWA
2023-08-06,RUGBYR1,2.276702440551083,Ex-post DWA
2023-08-13,RUGBYR1,1.719938303242352,Ex-post DWA
2023-08-20,RUGBYR1,-1.358775092277908,Ex-post DWA
2023-08-27,RUGBYR1,-1.9018654733803437,Ex-post DWA
2023-09-03,RUGBYR1,-3.7347613778027817,Ex-post DWA
2023-09-10,RUGBYR1,-3.6080345125774116,Ex-post DWA
2023-09-17,RUGBYR1,-1.5319444674362366,Ex-post DWA
2023-09-24,RUGBYR1,-3.9400632511822202,Ex-post DWA
2023-10-01,RUGBYR1,-1.6002998443933762,Ex-post DWA
2023-10-08,RUGBYR1,-3.631456538533277,Ex-post DWA
2023-10-15,RUGBYR1,-5.484323112472932,Ex-post DWA
2023-10-22,RUGBYR1,-8.064301614640858,Ex-post DWA
2023-10-29,RUGBYR1,-5.350870849596655,Ex-post DWA
2023-11-05,RUGBYR1,-1.4100089260643074,Ex-post DWA
2023-11-12,RUGBYR1,5.3058408219275535,Ex-post DWA
2023-11-19,RUGBYR1,6.147365401359593,Ex-post DWA
2023-11-26,RUGBYR1,6.281664569085841,Ex-post DWA
2023-12-03,RUGBYR1,-3.6845860528329375,Ex-post DWA
2023-12-10,RUGBYR1,-3.0795864902461503,Ex-post DWA
2023-12-17,RUGBYR1,4.084093322041305,Ex-post DWA
2023-12-24,RUGBYR1,-2.1226562119059764,Ex-post DWA
2023-12-31,RUGBYR1,5.860009998042827,Ex-post DWA
2024-01-07,RUGBYR1,2.1918337619860466,Ex-post DWA
2024-01-14,RUGBYR1,3.713654461001731,Ex-post DWA
2024-01-21,RUGBYR1,20.997453094924694,Ex-post DWA
2024-01-28,RUGBYR1,15.497512658400794,Ex-post DWA
2024-02-04,RUGBYR1,7.267754058831315,Ex-post DWA
2024-02-11,RUGBYR1,0.7209815155123849,Ex-post DWA
2024-02-18,RUGBYR1,-0.244914644434985,Ex-post DWA
2024-02-25,RUGBYR1,0.8510087258403018,Ex-post DWA
2024-03-03,RUGBYR1,8.839989508477089,Ex-post DWA
2024-03-10,RUGBYR1,-0.08251602730207708,Ex-post DWA
2024-03-17,RUGBYR1,2.2406111075376387,Ex-post DWA
2024-03-24,RUGBYR1,3.0045679249177795,Ex-post DWA
2024-03-31,RUGBYR1,3.735184824386593,Ex-post DWA
2024-04-07,RUGBYR1,3.489225099941848,Ex-post DWA
2024-04-14,RUGBYR1,-4.940488084238639,Ex-post DWA
2024-04-21,RUGBYR1,0.11477824816393678,Ex-post DWA
2024-04-28,RUGBYR1,-0.4044269844534867,Ex-post DWA
2024-05-05,RUGBYR1,-1.0770680424150356,Ex-post DWA
2024-05-12,RUGBYR1,0.27397813247131353,Ex-post DWA
2024-05-19,RUGBYR1,-4.863494296267834,Ex-post DWA
2024-05-26,RUGBYR1,1.0845600658414618,Ex-post DWA
2024-06-02,RUGBYR1,1.9743119256466883,Ex-post DWA
2024-06-09,RUGBYR1,1.6125055869455664,Ex-post DWA
2024-06-16,RUGBYR1,-0.9080275336976715,Ex-post DWA
2024-06-23,RUGBYR1,6.76153988395447,Ex-post DWA
2024-06-30,RUGBYR1,-0.7027071757797998,Ex-post DWA
2024-07-07,RUGBYR1,8.786593122979518,Ex-post DWA
2024-07-14,RUGBYR1,5.252607214474018,Ex-post DWA
2024-07-21,RUGBYR1,5.152472925788317,Ex-post DWA
2024-07-28,RUGBYR1,0.8271066088784735,Ex-post DWA
2024-08-04,RUGBYR1,4.82087700171769,Ex-post DWA
2024-08-11,RUGBYR1,28.00143472858629,Ex-post DWA
2024-08-18,RUGBYR1,-7.079161728248046,Ex-post DWA
2024-08-25,RUGBYR1,2.167118229299576,Ex-post DWA
2024-09-01,RUGBYR1,2.3965032954879764,Ex-post DWA
2024-09-08,RUGBYR1,3.0702985357452626,Ex-post DWA
2024-09-15,RUGBYR1,-2.008377781856826,Ex-post DWA
2024-09-22,RUGBYR1,0.30136457612802303,Ex-post DWA
2024-09-29,RUGBYR1,-0.3418886967421826,Ex-post DWA
2024-10-06,RUGBYR1,5.164198831311758,Ex-post DWA
2024-10-13,RUGBYR1,5.757229869177349,Ex-post DWA
2024-10-20,RUGBYR1,2.04415831457026,Ex-post DWA
2024-10-27,RUGBYR1,1.5398343448715375,Ex-post DWA
2024-11-03,RUGBYR1,-2.9029318485174045,Ex-post DWA
2024-11-10,RUGBYR1,2.9939763615849415,Ex-post DWA
2024-11-17,RUGBYR1,3.030625204385913,Ex-post DWA
2024-11-24,RUGBYR1,-1.400026038249429,Ex-post DWA
2024-12-01,RUGBYR1,0.4163221287361978,Ex-post DWA
2024-12-08,RUGBYR1,30.591125806945172,Ex-post DWA
2024-12-15,RUGBYR1,13.775426043448164,Ex-post DWA
2024-12-22,RUGBYR1,15.17320726016193,Ex-post DWA
2024-12-29,RUGBYR1,-6.821110680186099,Ex-post DWA
2025-01-05,RUGBYR1,3.6749750921187143,Ex-post DWA
2020-01-05,SMCSF1,3.6262344114885536,Ex-post DWA
2020-01-12,SMCSF1,-0.04282229041797336,Ex-post DWA
2020-01-19,SMCSF1,0.4230223734821834,Ex-post DWA
2020-01-26,SMCSF1,1.7031009229593224,Ex-post DWA
2020-02-02,SMCSF1,-15.045480803185896,Ex-post DWA
2020-02-09,SMCSF1,0.1811730141589436,Ex-post DWA
2020-02-16,SMCSF1,1.01495792691113,Ex-post DWA
2020-02-23,SMCSF1,1.50976208965524,Ex-post DWA
2020-03-01,SMCSF1,-1.9353566202637325,Ex-post DWA
2020-03-08,SMCSF1,-1.6277339550881536,Ex-post DWA
2020-03-15,SMCSF1,3.749030768713215,Ex-post DWA
2020-03-22,SMCSF1,-0.15780472835833947,Ex-post DWA
2020-03-29,SMCSF1,-0.5843693149175664,Ex-post DWA
2020-04-05,SMCSF1,0.21742035289366157,Ex-post DWA
2020-04-12,SMCSF1,-1.4317121717915953,Ex-post DWA
2020-04-19,SMCSF1,-0.011754888871312374,Ex-post DWA
2020-04-26,SMCSF1,-0.7492969946410177,Ex-post DWA
2020-05-03,SMCSF1,-0.7734360110243408,Ex-post DWA
2020-05-10,SMCSF1,-1.558349152429976,Ex-post DWA
2020-05-17,SMCSF1,0.20289906547757752,Ex-post DWA
2020-05-24,SMCSF1,2.1643491493180456,Ex-post DWA
2020-05-31,SMCSF1,-1.1505542047792368,Ex-post DWA
2020-06-07,SMCSF1,-1.0688394564740307,Ex-post DWA
2020-06-14,SMCSF1,0.3183838710044071,Ex-post DWA
2020-06-21,SMCSF1,-1.2965375020248153,Ex-post DWA
2020-06-28,SMCSF1,1.0146419024152031,Ex-post DWA
2020-07-05,SMCSF1,1.3083403121920298,Ex-post DWA
2020-07-12,SMCSF1,,Ex-post DWA
2020-07-19,SMCSF1,-4.809619996482844,Ex-post DWA
2020-07-26,SMCSF1,-6.509928469210347,Ex-post DWA
2020-08-02,SMCSF1,4.186734895837503,Ex-post DWA
2020-08-09,SMCSF1,1.4181441768789824,Ex-post DWA
2020-08-16,SMCSF1,1.4356163559609314,Ex-post DWA
2020-08-23,SMCSF1,4.1991600472931765,Ex-post DWA
2020-08-30,SMCSF1,17.614115118859004,Ex-post DWA
2020-09-06,SMCSF1,0.45261620799395175,Ex-post DWA
2020-09-13,SMCSF1,0.5526465506935665,Ex-post DWA
2020-09-20,SMCSF1,-0.19517164010470278,Ex-post DWA
2020-09-27,SMCSF1,1.0136411133604035,Ex-post DWA
2020-10-04,SMCSF1,0.6892665296166944,Ex-post DWA
2020-10-11,SMCSF1,4.726405087971525,Ex-post DWA
2020-10-18,SMCSF1,-11.806125791762426,Ex-post DWA
2020-10-25,SMCSF1,10.763649369304368,Ex-post DWA
2020-11-01,SMCSF1,-0.8518004662333354,Ex-post DWA
2020-11-08,SMCSF1,-3.2094809136885907,Ex-post DWA
2020-11-15,SMCSF1,-0.9438595591422718,Ex-post DWA
2020-11-22,SMCSF1,-32.27697539318811,Ex-post DWA
2020-11-29,SMCSF1,-8.65383092094288,Ex-post DWA
2020-12-06,SMCSF1,-14.597282552331585,Ex-post DWA
2020-12-13,SMCSF1,-1.200715799989723,Ex-post DWA
2020-12-20,SMCSF1,0.09761451145337219,Ex-post DWA
2020-12-27,SMCSF1,0.8981807502583052,Ex-post DWA
2021-01-03,SMCSF1,6.183039640827424,Ex-post DWA
2021-01-10,SMCSF1,0.30637043990523694,Ex-post DWA
2021-01-17,SMCSF1,0.07050143934709041,Ex-post DWA
2021-01-24,SMCSF1,132.19649213703698,Ex-post DWA
2021-01-31,SMCSF1,,Ex-post DWA
2021-02-07,SMCSF1,,Ex-post DWA
2021-02-14,SMCSF1,,Ex-post DWA
2021-02-21,SMCSF1,,Ex-post DWA
2021-02-28,SMCSF1,,Ex-post DWA
2021-03-07,SMCSF1,,Ex-post DWA
2021-03-14,SMCSF1,,Ex-post DWA
2021-03-21,SMCSF1,,Ex-post DWA
2021-03-28,SMCSF1,,Ex-post DWA
2021-04-04,SMCSF1,-2.486327612948429,Ex-post DWA
2021-04-11,SMCSF1,,Ex-post DWA
2021-04-18,SMCSF1,51.685538479424686,Ex-post DWA
2021-04-25,SMCSF1,,Ex-post DWA
2021-05-02,SMCSF1,,Ex-post DWA
2021-05-09,SMCSF1,,Ex-post DWA
2021-05-16,SMCSF1,,Ex-post DWA
2021-05-23,SMCSF1,,Ex-post DWA
2021-05-30,SMCSF1,,Ex-post DWA
2021-06-06,SMCSF1,,Ex-post DWA
2021-06-13,SMCSF1,,Ex-post DWA
2021-06-20,SMCSF1,14843.34121717459,Ex-post DWA
2021-06-27,SMCSF1,,Ex-post DWA
2021-07-04,SMCSF1,,Ex-post DWA
2021-07-11,SMCSF1,,Ex-post DWA
2021-07-18,SMCSF1,,Ex-post DWA
2021-07-25,SMCSF1,,Ex-post DWA
2021-08-01,SMCSF1,,Ex-post DWA
2021-08-08,SMCSF1,,Ex-post DWA
2021-08-15,SMCSF1,,Ex-post DWA
2021-08-22,SMCSF1,,Ex-post DWA
2021-08-29,SMCSF1,,Ex-post DWA
2021-09-05,SMCSF1,,Ex-post DWA
2021-09-12,SMCSF1,-9.776186474403637,Ex-post DWA
2021-09-19,SMCSF1,-21.04395541689874,Ex-post DWA
2021-09-26,SMCSF1,-13.020274800545838,Ex-post DWA
2021-10-03,SMCSF1,-18.864979089473053,Ex-post DWA
2021-10-10,SMCSF1,-10.506226698417642,Ex-post DWA
2021-10-17,SMCSF1,7.673024733705347,Ex-post DWA
2021-10-24,SMCSF1,2.5914633498084854,Ex-post DWA
2021-10-31,SMCSF1,1.2717067781628728,Ex-post DWA
2021-11-07,SMCSF1,-1.8737158356181354,Ex-post DWA
2021-11-14,SMCSF1,101.79036958098914,Ex-post DWA
2021-11-21,SMCSF1,-14.517778283082436,Ex-post DWA
2021-11-28,SMCSF1,1.4303956069255719,Ex-post DWA
2021-12-05,SMCSF1,-24.588872443309395,Ex-post DWA
2021-12-12,SMCSF1,-4.449624155941692,Ex-post DWA
2021-12-19,SMCSF1,-0.2813936510359838,Ex-post DWA
2021-12-26,SMCSF1,-17.042314141690227,Ex-post DWA
2022-01-02,SMCSF1,-0.5431109045351619,Ex-post DWA
2022-01-09,SMCSF1,4.896454618428862,Ex-post DWA
2022-01-16,SMCSF1,-0.3631983800940901,Ex-post DWA
2022-01-23,SMCSF1,5.45170924308168,Ex-post DWA
2022-01-30,SMCSF1,-2.364454285923486,Ex-post DWA
2022-02-06,SMCSF1,-20.65210825507694,Ex-post DWA
2022-02-13,SMCSF1,-0.6623147994306819,Ex-post DWA
2022-02-20,SMCSF1,-0.36863374722030073,Ex-post DWA
2022-02-27,SMCSF1,5.075107078244557,Ex-post DWA
2022-03-06,SMCSF1,3.6983242691523657,Ex-post DWA
2022-03-13,SMCSF1,-4.999678665226909,Ex-post DWA
2022-03-20,SMCSF1,-3.6014530616711866,Ex-post DWA
2022-03-27,SMCSF1,-2.407598038909569,Ex-post DWA
2022-04-03,SMCSF1,-0.8158388772184821,Ex-post DWA
2022-04-10,SMCSF1,-8.169553718338904,Ex-post DWA
2022-04-17,SMCSF1,2.9985005416713477,Ex-post DWA
2022-04-24,SMCSF1,-3.172361822830709,Ex-post DWA
2022-05-01,SMCSF1,9.682657187139569,Ex-post DWA
2022-05-08,SMCSF1,-0.23195014278502413,Ex-post DWA
2022-05-15,SMCSF1,0.27176620580837607,Ex-post DWA
2022-05-22,SMCSF1,0.5226715135145241,Ex-post DWA
2022-05-29,SMCSF1,-6.161861046338572,Ex-post DWA
2022-06-05,SMCSF1,-17.564551071182166,Ex-post DWA
2022-06-12,SMCSF1,-49.37877051948024,Ex-post DWA
2022-06-19,SMCSF1,-2.065793163285946,Ex-post DWA
2022-06-26,SMCSF1,-6.501536648904164,Ex-post DWA
2022-07-03,SMCSF1,-0.7806181191573387,Ex-post DWA
2022-07-10,SMCSF1,-70.58904317790811,Ex-post DWA
2022-07-17,SMCSF1,-13.971067352142995,Ex-post DWA
2022-07-24,SMCSF1,-6.0882757669816385,Ex-post DWA
2022-07-31,SMCSF1,-11.91270117302777,Ex-post DWA
2022-08-07,SMCSF1,-5.2398860184600835,Ex-post DWA
2022-08-14,SMCSF1,-2.21429998152594,Ex-post DWA
2022-08-21,SMCSF1,-15.95606797310873,Ex-post DWA
2022-08-28,SMCSF1,-12.365470694494842,Ex-post DWA
2022-09-04,SMCSF1,2.3002227255401664,Ex-post DWA
2022-09-11,SMCSF1,-14.050400855479594,Ex-post DWA
2022-09-18,SMCSF1,-12.824573660672321,Ex-post DWA
2022-09-25,SMCSF1,-5.121972631510907,Ex-post DWA
2022-10-02,SMCSF1,-2.9683421978706264,Ex-post DWA
2022-10-09,SMCSF1,-0.523100141447685,Ex-post DWA
2022-10-16,SMCSF1,0.5864733988173754,Ex-post DWA
2022-10-23,SMCSF1,-2.4091645599945224,Ex-post DWA
2022-10-30,SMCSF1,-23.103884610548214,Ex-post DWA
2022-11-06,SMCSF1,-5.473895438084561,Ex-post DWA
2022-11-13,SMCSF1,-3.2144245497086317,Ex-post DWA
2022-11-20,SMCSF1,-3.554431121206754,Ex-post DWA
2022-11-27,SMCSF1,-4.825135142443379,Ex-post DWA
2022-12-04,SMCSF1,5.747712395341679,Ex-post DWA
2022-12-11,SMCSF1,-9.928670390883724,Ex-post DWA
2022-12-18,SMCSF1,-11.33302373462178,Ex-post DWA
2022-12-25,SMCSF1,0.7835934173293815,Ex-post DWA
2023-01-01,SMCSF1,-5.660047530279298,Ex-post DWA
2023-01-08,SMCSF1,-0.965713869618142,Ex-post DWA
2023-01-15,SMCSF1,3.193770480570194,Ex-post DWA
2023-01-22,SMCSF1,-2.622924766632906,Ex-post DWA
2023-01-29,SMCSF1,-0.2646179396717514,Ex-post DWA
2023-02-05,SMCSF1,-11.42217563379026,Ex-post DWA
2023-02-12,SMCSF1,0.954066812963859,Ex-post DWA
2023-02-19,SMCSF1,-2.445698647554366,Ex-post DWA
2023-02-26,SMCSF1,-8.75249715509068,Ex-post DWA
2023-03-05,SMCSF1,2.9711234821292436,Ex-post DWA
2023-03-12,SMCSF1,8.099125401806873,Ex-post DWA
2023-03-19,SMCSF1,-2.344863703141428,Ex-post DWA
2023-03-26,SMCSF1,-6.185849323972668,Ex-post DWA
2023-04-02,SMCSF1,-3.9189167650018533,Ex-post DWA
2023-04-09,SMCSF1,-12.583888628892446,Ex-post DWA
2023-04-16,SMCSF1,-12.2848780424257,Ex-post DWA
2023-04-23,SMCSF1,-8.19648692444705,Ex-post DWA
2023-04-30,SMCSF1,3.746274370237593,Ex-post DWA
2023-05-07,SMCSF1,-5.139647029001445,Ex-post DWA
2023-05-14,SMCSF1,-4.840774049575494,Ex-post DWA
2023-05-21,SMCSF1,-7.473648763277765,Ex-post DWA
2023-05-28,SMCSF1,-10.861872753754184,Ex-post DWA
2023-06-04,SMCSF1,-3.9936504483980713,Ex-post DWA
2023-06-11,SMCSF1,2.7086845037883975,Ex-post DWA
2023-06-18,SMCSF1,-5.937793478641055,Ex-post DWA
2023-06-25,SMCSF1,0.6447100977008162,Ex-post DWA
2023-07-02,SMCSF1,-3.962069782779011,Ex-post DWA
2023-07-09,SMCSF1,-4.437693737113765,Ex-post DWA
2023-07-16,SMCSF1,-5.532542583166181,Ex-post DWA
2023-07-23,SMCSF1,-6.377863861641322,Ex-post DWA
2023-07-30,SMCSF1,-2.261332006296202,Ex-post DWA
2023-08-06,SMCSF1,-9.581786505248175,Ex-post DWA
2023-08-13,SMCSF1,-11.246887880076486,Ex-post DWA
2023-08-20,SMCSF1,-9.748639233794899,Ex-post DWA
2023-08-27,SMCSF1,-8.195961969970098,Ex-post DWA
2023-09-03,SMCSF1,-8.367645786555336,Ex-post DWA
2023-09-10,SMCSF1,-9.688969736342603,Ex-post DWA
2023-09-17,SMCSF1,-16.299685019446798,Ex-post DWA
2023-09-24,SMCSF1,-9.4294047359871,Ex-post DWA
2023-10-01,SMCSF1,-12.436140656623174,Ex-post DWA
2023-10-08,SMCSF1,-8.96237642962774,Ex-post DWA
2023-10-15,SMCSF1,-12.757808135546558,Ex-post DWA
2023-10-22,SMCSF1,-12.896882566839558,Ex-post DWA
2023-10-29,SMCSF1,-12.495329820719457,Ex-post DWA
2023-11-05,SMCSF1,-4.14476252776348,Ex-post DWA
2023-11-12,SMCSF1,-13.957542145694708,Ex-post DWA
2023-11-19,SMCSF1,-8.870557585392536,Ex-post DWA
2023-11-26,SMCSF1,2.8801185226102035,Ex-post DWA
2023-12-03,SMCSF1,0.07639314637215833,Ex-post DWA
2023-12-10,SMCSF1,-8.353777553919553,Ex-post DWA
2023-12-17,SMCSF1,-4.724821585115876,Ex-post DWA
2023-12-24,SMCSF1,1.75637649423021,Ex-post DWA
2023-12-31,SMCSF1,-20.373381216456686,Ex-post DWA
2024-01-07,SMCSF1,-1.7280661132045303,Ex-post DWA
2024-01-14,SMCSF1,0.6907967408291,Ex-post DWA
2024-01-21,SMCSF1,6.557937357150507,Ex-post DWA
2024-01-28,SMCSF1,-8.352440447907583,Ex-post DWA
2024-02-04,SMCSF1,-1.0797641965620102,Ex-post DWA
2024-02-11,SMCSF1,-5.331795371649683,Ex-post DWA
2024-02-18,SMCSF1,5.708942888929961,Ex-post DWA
2024-02-25,SMCSF1,-7.970426741580681,Ex-post DWA
2024-03-03,SMCSF1,-16.23753123168244,Ex-post DWA
2024-03-10,SMCSF1,-0.032828544115290015,Ex-post DWA
2024-03-17,SMCSF1,-2.638596858642998,Ex-post DWA
2024-03-24,SMCSF1,-2.6409862396274164,Ex-post DWA
2024-03-31,SMCSF1,-0.6486694816088949,Ex-post DWA
2024-04-07,SMCSF1,-0.32260652746717966,Ex-post DWA
2024-04-14,SMCSF1,-9.111956072351665,Ex-post DWA
2024-04-21,SMCSF1,-5.516148043318033,Ex-post DWA
2024-04-28,SMCSF1,-8.752827110317927,Ex-post DWA
2024-05-05,SMCSF1,-2.5081917072814406,Ex-post DWA
2024-05-12,SMCSF1,-0.969147743443667,Ex-post DWA
2024-05-19,SMCSF1,10.463319575393799,Ex-post DWA
2024-05-26,SMCSF1,-5.594280468556688,Ex-post DWA
2024-06-02,SMCSF1,0.45581025530087516,Ex-post DWA
2024-06-09,SMCSF1,-10.805584686555207,Ex-post DWA
2024-06-16,SMCSF1,-11.433720678176938,Ex-post DWA
2024-06-23,SMCSF1,-0.04525207578136303,Ex-post DWA
2024-06-30,SMCSF1,-9.48141031019712,Ex-post DWA
2024-07-07,SMCSF1,5.59307155302357,Ex-post DWA
2024-07-14,SMCSF1,-0.23542295380163125,Ex-post DWA
2024-07-21,SMCSF1,-2.7219093888688466,Ex-post DWA
2024-07-28,SMCSF1,-3.901819955348863,Ex-post DWA
2024-08-04,SMCSF1,-18.833005893981237,Ex-post DWA
2024-08-11,SMCSF1,4.291507618617175,Ex-post DWA
2024-08-18,SMCSF1,18.17339904707434,Ex-post DWA
2024-08-25,SMCSF1,-10.808751832404788,Ex-post DWA
2024-09-01,SMCSF1,-3.3776051509083356,Ex-post DWA
2024-09-08,SMCSF1,-7.9475995241529205,Ex-post DWA
2024-09-15,SMCSF1,-8.53366029306024,Ex-post DWA
2024-09-22,SMCSF1,-11.532228783079542,Ex-post DWA
2024-09-29,SMCSF1,-2.869172841232314,Ex-post DWA
2024-10-06,SMCSF1,-5.0383420497690246,Ex-post DWA
2024-10-13,SMCSF1,-2.4534997140433203,Ex-post DWA
2024-10-20,SMCSF1,-3.1557064850381726,Ex-post DWA
2024-10-27,SMCSF1,-10.037875477813682,Ex-post DWA
2024-11-03,SMCSF1,-6.679548697303481,Ex-post DWA
2024-11-10,SMCSF1,-33.40472731862981,Ex-post DWA
2024-11-17,SMCSF1,-1.756337183607414,Ex-post DWA
2024-11-24,SMCSF1,0.28799661931109455,Ex-post DWA
2024-12-01,SMCSF1,-6.693564762735328,Ex-post DWA
2024-12-08,SMCSF1,-23.16939680429593,Ex-post DWA
2024-12-15,SMCSF1,-6.102962693437732,Ex-post DWA
2024-12-22,SMCSF1,17.589316123593335,Ex-post DWA
2024-12-29,SMCSF1,8.163819459899626,Ex-post DWA
2025-01-05,SMCSF1,-1.8156446140852474,Ex-post DWA
2020-01-05,SRSF1,1.969966263664503,Ex-post DWA
2020-01-12,SRSF1,1.0090876063299348,Ex-post DWA
2020-01-19,SRSF1,0.1974485336198839,Ex-post DWA
2020-01-26,SRSF1,-1.6420358835442386,Ex-post DWA
2020-02-02,SRSF1,4.653313636164555,Ex-post DWA
2020-02-09,SRSF1,1.5095814605054088,Ex-post DWA
2020-02-16,SRSF1,-1.1927191003297892,Ex-post DWA
2020-02-23,SRSF1,-1.1942345657779256,Ex-post DWA
2020-03-01,SRSF1,-1.1685098178692286,Ex-post DWA
2020-03-08,SRSF1,0.9024043873744745,Ex-post DWA
2020-03-15,SRSF1,-5.347034735915106,Ex-post DWA
2020-03-22,SRSF1,0.17895760525901494,Ex-post DWA
2020-03-29,SRSF1,-0.5457970771856324,Ex-post DWA
2020-04-05,SRSF1,-1.6262984562158138,Ex-post DWA
2020-04-12,SRSF1,-1.579802883271352,Ex-post DWA
2020-04-19,SRSF1,-0.47321489488117763,Ex-post DWA
2020-04-26,SRSF1,-0.3123911387470919,Ex-post DWA
2020-05-03,SRSF1,6.41744662248386,Ex-post DWA
2020-05-10,SRSF1,0.19651135780834394,Ex-post DWA
2020-05-17,SRSF1,-0.21314431335895279,Ex-post DWA
2020-05-24,SRSF1,-2.287223447984836,Ex-post DWA
2020-05-31,SRSF1,-3.1743616131155115,Ex-post DWA
2020-06-07,SRSF1,-0.9195165743603404,Ex-post DWA
2020-06-14,SRSF1,-1.2402422834509146,Ex-post DWA
2020-06-21,SRSF1,4.716434041683215,Ex-post DWA
2020-06-28,SRSF1,4.696283543131944,Ex-post DWA
2020-07-05,SRSF1,-2.3477025613551117,Ex-post DWA
2020-07-12,SRSF1,0.8042170070600179,Ex-post DWA
2020-07-19,SRSF1,-2.022088175974897,Ex-post DWA
2020-07-26,SRSF1,-1.5292079334677808,Ex-post DWA
2020-08-02,SRSF1,-0.9995428440356982,Ex-post DWA
2020-08-09,SRSF1,-3.7986883404628315,Ex-post DWA
2020-08-16,SRSF1,-6.229170957279247,Ex-post DWA
2020-08-23,SRSF1,-3.8185719459725567,Ex-post DWA
2020-08-30,SRSF1,-3.984823625239021,Ex-post DWA
2020-09-06,SRSF1,-4.66019867550938,Ex-post DWA
2020-09-13,SRSF1,-0.9259809012299822,Ex-post DWA
2020-09-20,SRSF1,-2.1672189135810536,Ex-post DWA
2020-09-27,SRSF1,-8.714553170526433,Ex-post DWA
2020-10-04,SRSF1,-3.199520445543105,Ex-post DWA
2020-10-11,SRSF1,-2.993855011207188,Ex-post DWA
2020-10-18,SRSF1,-9.589483149336665,Ex-post DWA
2020-10-25,SRSF1,-1.0823072625784924,Ex-post DWA
2020-11-01,SRSF1,-0.19665089476772835,Ex-post DWA
2020-11-08,SRSF1,-0.9483921807599316,Ex-post DWA
2020-11-15,SRSF1,0.596460802147071,Ex-post DWA
2020-11-22,SRSF1,11.196256467490493,Ex-post DWA
2020-11-29,SRSF1,2.964619400942638,Ex-post DWA
2020-12-06,SRSF1,1.8663124463417091,Ex-post DWA
2020-12-13,SRSF1,-0.6066295565686985,Ex-post DWA
2020-12-20,SRSF1,14.049527213375882,Ex-post DWA
2020-12-27,SRSF1,-1.2567921067928864,Ex-post DWA
2021-01-03,SRSF1,-0.7366360485777292,Ex-post DWA
2021-01-10,SRSF1,3.1707025617853972,Ex-post DWA
2021-01-17,SRSF1,2.5384196419336362,Ex-post DWA
2021-01-24,SRSF1,-0.46365156624240456,Ex-post DWA
2021-01-31,SRSF1,-0.7524389099836455,Ex-post DWA
2021-02-07,SRSF1,-0.4981802902692607,Ex-post DWA
2021-02-14,SRSF1,0.17544622869915827,Ex-post DWA
2021-02-21,SRSF1,-0.19013756349717426,Ex-post DWA
2021-02-28,SRSF1,5.858027344106837,Ex-post DWA
2021-03-07,SRSF1,6.555755679315656,Ex-post DWA
2021-03-14,SRSF1,-2.7293993949272988,Ex-post DWA
2021-03-21,SRSF1,0.6939791693084203,Ex-post DWA
2021-03-28,SRSF1,-5.612497281739696,Ex-post DWA
2021-04-04,SRSF1,-1.543267031764298,Ex-post DWA
2021-04-11,SRSF1,-25.083209395370183,Ex-post DWA
2021-04-18,SRSF1,-3.3141266797926328,Ex-post DWA
2021-04-25,SRSF1,6.039234940054417,Ex-post DWA
2021-05-02,SRSF1,-3.393785714266505,Ex-post DWA
2021-05-09,SRSF1,2.8431745696155915,Ex-post DWA
2021-05-16,SRSF1,-57.31949886741831,Ex-post DWA
2021-05-23,SRSF1,-7.731009615065689,Ex-post DWA
2021-05-30,SRSF1,17.221133450118202,Ex-post DWA
2021-06-06,SRSF1,-12.916653402567093,Ex-post DWA
2021-06-13,SRSF1,-5.185131249348217,Ex-post DWA
2021-06-20,SRSF1,16.049799862570183,Ex-post DWA
2021-06-27,SRSF1,-4.566765956168425,Ex-post DWA
2021-07-04,SRSF1,-25.111380338396458,Ex-post DWA
2021-07-11,SRSF1,-0.551810162727989,Ex-post DWA
2021-07-18,SRSF1,-1.4297395983498618,Ex-post DWA
2021-07-25,SRSF1,-9.57419982235789,Ex-post DWA
2021-08-01,SRSF1,-6.912355406523584,Ex-post DWA
2021-08-08,SRSF1,-2.313414882601105,Ex-post DWA
2021-08-15,SRSF1,-6.434388161732873,Ex-post DWA
2021-08-22,SRSF1,-6.116529503495748,Ex-post DWA
2021-08-29,SRSF1,-4.39487430038961,Ex-post DWA
2021-09-05,SRSF1,-4.041329342832679,Ex-post DWA
2021-09-12,SRSF1,-4.805350223442254,Ex-post DWA
2021-09-19,SRSF1,-3.0405004260110253,Ex-post DWA
2021-09-26,SRSF1,-4.905027585453933,Ex-post DWA
2021-10-03,SRSF1,2.3825910476276135,Ex-post DWA
2021-10-10,SRSF1,-7.141906941727568,Ex-post DWA
2021-10-17,SRSF1,-13.918515129155214,Ex-post DWA
2021-10-24,SRSF1,-6.437630617974435,Ex-post DWA
2021-10-31,SRSF1,-2.098559048211378,Ex-post DWA
2021-11-07,SRSF1,-1.077352728680836,Ex-post DWA
2021-11-14,SRSF1,33.78083289276054,Ex-post DWA
2021-11-21,SRSF1,-1.8454462778980343,Ex-post DWA
2021-11-28,SRSF1,-8.66504928811731,Ex-post DWA
2021-12-05,SRSF1,-2.5372762220103553,Ex-post DWA
2021-12-12,SRSF1,-3.3839991443584196,Ex-post DWA
2021-12-19,SRSF1,-0.6986854445450774,Ex-post DWA
2021-12-26,SRSF1,-24.62679625320891,Ex-post DWA
2022-01-02,SRSF1,-1.2616586519748125,Ex-post DWA
2022-01-09,SRSF1,-15.307762724143544,Ex-post DWA
2022-01-16,SRSF1,-3.510106462391633,Ex-post DWA
2022-01-23,SRSF1,-10.455594805383086,Ex-post DWA
2022-01-30,SRSF1,3.514526003436032,Ex-post DWA
2022-02-06,SRSF1,-90.17553141172226,Ex-post DWA
2022-02-13,SRSF1,0.2577205919815526,Ex-post DWA
2022-02-20,SRSF1,-0.21392079020010613,Ex-post DWA
2022-02-27,SRSF1,-6.219277408020261,Ex-post DWA
2022-03-06,SRSF1,-3.980765878580371,Ex-post DWA
2022-03-13,SRSF1,-15.909743856612863,Ex-post DWA
2022-03-20,SRSF1,0.7905321227423627,Ex-post DWA
2022-03-27,SRSF1,2.812190944962154,Ex-post DWA
2022-04-03,SRSF1,-8.357938586884032,Ex-post DWA
2022-04-10,SRSF1,-7.532523012927214,Ex-post DWA
2022-04-17,SRSF1,-0.3754280123287259,Ex-post DWA
2022-04-24,SRSF1,-1.9420934891304995,Ex-post DWA
2022-05-01,SRSF1,-11.06486968440882,Ex-post DWA
2022-05-08,SRSF1,-8.220237772038786,Ex-post DWA
2022-05-15,SRSF1,-16.85300358009215,Ex-post DWA
2022-05-22,SRSF1,-1.8305718004668847,Ex-post DWA
2022-05-29,SRSF1,-10.641057051504646,Ex-post DWA
2022-06-05,SRSF1,-16.17141131995527,Ex-post DWA
2022-06-12,SRSF1,4.321549236718141,Ex-post DWA
2022-06-19,SRSF1,-5.21624069991293,Ex-post DWA
2022-06-26,SRSF1,-16.44352476936953,Ex-post DWA
2022-07-03,SRSF1,-7.510918520651501,Ex-post DWA
2022-07-10,SRSF1,-50.11830816873132,Ex-post DWA
2022-07-17,SRSF1,-36.877475217420624,Ex-post DWA
2022-07-24,SRSF1,-40.56684270398529,Ex-post DWA
2022-07-31,SRSF1,-2.5726147715737966,Ex-post DWA
2022-08-07,SRSF1,2.4013619783360554,Ex-post DWA
2022-08-14,SRSF1,-7.284354414942527,Ex-post DWA
2022-08-21,SRSF1,-6.878876920466646,Ex-post DWA
2022-08-28,SRSF1,-8.084176649560277,Ex-post DWA
2022-09-04,SRSF1,-2.0580732020243317,Ex-post DWA
2022-09-11,SRSF1,-18.005013363537635,Ex-post DWA
2022-09-18,SRSF1,-23.222804762120155,Ex-post DWA
2022-09-25,SRSF1,-29.566638049146768,Ex-post DWA
2022-10-02,SRSF1,-4.465983803853149,Ex-post DWA
2022-10-09,SRSF1,-24.446551961128733,Ex-post DWA
2022-10-16,SRSF1,-9.852493054686562,Ex-post DWA
2022-10-23,SRSF1,0.38465801692561286,Ex-post DWA
2022-10-30,SRSF1,-21.796563017031815,Ex-post DWA
2022-11-06,SRSF1,-16.500629226390743,Ex-post DWA
2022-11-13,SRSF1,-0.2722453532526927,Ex-post DWA
2022-11-20,SRSF1,-4.889595140303385,Ex-post DWA
2022-11-27,SRSF1,-3.4730561730573726,Ex-post DWA
2022-12-04,SRSF1,-10.977764564974194,Ex-post DWA
2022-12-11,SRSF1,-6.576069663550875,Ex-post DWA
2022-12-18,SRSF1,-4.6447668871869965,Ex-post DWA
2022-12-25,SRSF1,-0.7547664142813169,Ex-post DWA
2023-01-01,SRSF1,-6.2417469759075725,Ex-post DWA
2023-01-08,SRSF1,-1.450677590983105,Ex-post DWA
2023-01-15,SRSF1,2.139971842475987,Ex-post DWA
2023-01-22,SRSF1,-5.6918097622801085,Ex-post DWA
2023-01-29,SRSF1,-4.534359572238401,Ex-post DWA
2023-02-05,SRSF1,2.493269338331899,Ex-post DWA
2023-02-12,SRSF1,-5.942350347534791,Ex-post DWA
2023-02-19,SRSF1,-4.207488896118534,Ex-post DWA
2023-02-26,SRSF1,-12.010708884658445,Ex-post DWA
2023-03-05,SRSF1,1.190352761405471,Ex-post DWA
2023-03-12,SRSF1,-0.03188460945487748,Ex-post DWA
2023-03-19,SRSF1,-13.717818482319245,Ex-post DWA
2023-03-26,SRSF1,-4.32343042074428,Ex-post DWA
2023-04-02,SRSF1,8.67162190742826,Ex-post DWA
2023-04-09,SRSF1,-8.361617196729071,Ex-post DWA
2023-04-16,SRSF1,-7.044979761363736,Ex-post DWA
2023-04-23,SRSF1,-3.8698714294406784,Ex-post DWA
2023-04-30,SRSF1,-3.7592078431034395,Ex-post DWA
2023-05-07,SRSF1,-5.247336145166074,Ex-post DWA
2023-05-14,SRSF1,-5.177763495388504,Ex-post DWA
2023-05-21,SRSF1,-8.190500386814705,Ex-post DWA
2023-05-28,SRSF1,-6.8376715848191125,Ex-post DWA
2023-06-04,SRSF1,-3.3454330477787337,Ex-post DWA
2023-06-11,SRSF1,-4.997826889253439,Ex-post DWA
2023-06-18,SRSF1,-4.0838152474122325,Ex-post DWA
2023-06-25,SRSF1,-0.9491391126722206,Ex-post DWA
2023-07-02,SRSF1,-8.288276518765066,Ex-post DWA
2023-07-09,SRSF1,-10.127737829560122,Ex-post DWA
2023-07-16,SRSF1,-4.104109781100881,Ex-post DWA
2023-07-23,SRSF1,-4.614837068982908,Ex-post DWA
2023-07-30,SRSF1,-11.810314905416309,Ex-post DWA
2023-08-06,SRSF1,-5.93451734235284,Ex-post DWA
2023-08-13,SRSF1,-10.651195013695752,Ex-post DWA
2023-08-20,SRSF1,-11.675300689827377,Ex-post DWA
2023-08-27,SRSF1,-8.760017420963381,Ex-post DWA
2023-09-03,SRSF1,-6.432917595428695,Ex-post DWA
2023-09-10,SRSF1,-14.650625768713915,Ex-post DWA
2023-09-17,SRSF1,-9.890039492390498,Ex-post DWA
2023-09-24,SRSF1,-9.653242545176328,Ex-post DWA
2023-10-01,SRSF1,-11.821574388733456,Ex-post DWA
2023-10-08,SRSF1,-9.743191039654253,Ex-post DWA
2023-10-15,SRSF1,-11.270793173342508,Ex-post DWA
2023-10-22,SRSF1,-8.202163235401352,Ex-post DWA
2023-10-29,SRSF1,-9.94654955201369,Ex-post DWA
2023-11-05,SRSF1,-4.9666497285670825,Ex-post DWA
2023-11-12,SRSF1,-14.405372604352777,Ex-post DWA
2023-11-19,SRSF1,-6.061210277602555,Ex-post DWA
2023-11-26,SRSF1,-5.709562846930048,Ex-post DWA
2023-12-03,SRSF1,-11.807123826280506,Ex-post DWA
2023-12-10,SRSF1,-5.511383161774006,Ex-post DWA
2023-12-17,SRSF1,1.6810430702093768,Ex-post DWA
2023-12-24,SRSF1,-4.053925140268575,Ex-post DWA
2023-12-31,SRSF1,-12.821791216189567,Ex-post DWA
2024-01-07,SRSF1,-5.111006731358991,Ex-post DWA
2024-01-14,SRSF1,-2.0084316300368883,Ex-post DWA
2024-01-21,SRSF1,-15.813727374821141,Ex-post DWA
2024-01-28,SRSF1,-11.54608446243698,Ex-post DWA
2024-02-04,SRSF1,-22.867356522955518,Ex-post DWA
2024-02-11,SRSF1,-4.951286987615752,Ex-post DWA
2024-02-18,SRSF1,-10.10543137069957,Ex-post DWA
2024-02-25,SRSF1,11.976880424315752,Ex-post DWA
2024-03-03,SRSF1,-28.996853985367714,Ex-post DWA
2024-03-10,SRSF1,-8.618380579551179,Ex-post DWA
2024-03-17,SRSF1,-2.8270182268398116,Ex-post DWA
2024-03-24,SRSF1,0.9685189247261476,Ex-post DWA
2024-03-31,SRSF1,-7.739780693716838,Ex-post DWA
2024-04-07,SRSF1,-1.4842731054773353,Ex-post DWA
2024-04-14,SRSF1,-11.463797790673153,Ex-post DWA
2024-04-21,SRSF1,-6.134099763673518,Ex-post DWA
2024-04-28,SRSF1,-10.119178117563036,Ex-post DWA
2024-05-05,SRSF1,-10.648636949023636,Ex-post DWA
2024-05-12,SRSF1,-3.975348877668516,Ex-post DWA
2024-05-19,SRSF1,-2.966511852603648,Ex-post DWA
2024-05-26,SRSF1,-10.99630944533163,Ex-post DWA
2024-06-02,SRSF1,-4.613201305433492,Ex-post DWA
2024-06-09,SRSF1,-8.243379275669145,Ex-post DWA
2024-06-16,SRSF1,-8.9276410731005,Ex-post DWA
2024-06-23,SRSF1,-10.074246878338897,Ex-post DWA
2024-06-30,SRSF1,-5.827474335037067,Ex-post DWA
2024-07-07,SRSF1,-6.2362201872275165,Ex-post DWA
2024-07-14,SRSF1,-4.302756228755214,Ex-post DWA
2024-07-21,SRSF1,-1.780005747473048,Ex-post DWA
2024-07-28,SRSF1,-3.817160477015687,Ex-post DWA
2024-08-04,SRSF1,-4.927190480700244,Ex-post DWA
2024-08-11,SRSF1,-22.512094282998547,Ex-post DWA
2024-08-18,SRSF1,-15.445828322495842,Ex-post DWA
2024-08-25,SRSF1,-5.965512424372449,Ex-post DWA
2024-09-01,SRSF1,-5.283931413430592,Ex-post DWA
2024-09-08,SRSF1,-6.621827250423038,Ex-post DWA
2024-09-15,SRSF1,-5.191030121703845,Ex-post DWA
2024-09-22,SRSF1,-0.500330030369053,Ex-post DWA
2024-09-29,SRSF1,-3.4172177311347385,Ex-post DWA
2024-10-06,SRSF1,0.27297781512054264,Ex-post DWA
2024-10-13,SRSF1,4.6547323644078435,Ex-post DWA
2024-10-20,SRSF1,5.848898722413359,Ex-post DWA
2024-10-27,SRSF1,-1.15629320592502,Ex-post DWA
2024-11-03,SRSF1,8.53080741265718,Ex-post DWA
2024-11-10,SRSF1,-2.8060466484212867,Ex-post DWA
2024-11-17,SRSF1,5.477007695024582,Ex-post DWA
2024-11-24,SRSF1,10.804170085355196,Ex-post DWA
2024-12-01,SRSF1,12.262277420334797,Ex-post DWA
2024-12-08,SRSF1,-15.925666323108658,Ex-post DWA
2024-12-15,SRSF1,4.358282462791919,Ex-post DWA
2024-12-22,SRSF1,-11.467353309784357,Ex-post DWA
2024-12-29,SRSF1,3.254933603543015,Ex-post DWA
2025-01-05,SRSF1,3.065585512117643,Ex-post DWA
2020-01-05,WHITSF1,-9.099645887583684,Ex-post DWA
2020-01-12,WHITSF1,-1.0577389156379908,Ex-post DWA
2020-01-19,WHITSF1,-0.8743753571025792,Ex-post DWA
2020-01-26,WHITSF1,-2.2585233951129453,Ex-post DWA
2020-02-02,WHITSF1,-1.846447123258102,Ex-post DWA
2020-02-09,WHITSF1,-0.4266162536360838,Ex-post DWA
2020-02-16,WHITSF1,-0.4207194080617498,Ex-post DWA
2020-02-23,WHITSF1,-3.8120074284040726,Ex-post DWA
2020-03-01,WHITSF1,-1.2547213539022195,Ex-post DWA
2020-03-08,WHITSF1,-1.367078511007037,Ex-post DWA
2020-03-15,WHITSF1,3.5565600262454673,Ex-post DWA
2020-03-22,WHITSF1,-0.39987223582863507,Ex-post DWA
2020-03-29,WHITSF1,0.495259988547609,Ex-post DWA
2020-04-05,WHITSF1,1.2009783768029152,Ex-post DWA
2020-04-12,WHITSF1,-0.10642581947486818,Ex-post DWA
2020-04-19,WHITSF1,0.07435024064015394,Ex-post DWA
2020-04-26,WHITSF1,1.4407646376413652,Ex-post DWA
2020-05-03,WHITSF1,2.4819683943653583,Ex-post DWA
2020-05-10,WHITSF1,1.6071295042462168,Ex-post DWA
2020-05-17,WHITSF1,-0.1317191116014662,Ex-post DWA
2020-05-24,WHITSF1,1.4711136590334846,Ex-post DWA
2020-05-31,WHITSF1,5.584627879144005,Ex-post DWA
2020-06-07,WHITSF1,5.273115028266901,Ex-post DWA
2020-06-14,WHITSF1,1.799347881890597,Ex-post DWA
2020-06-21,WHITSF1,0.09163357822455609,Ex-post DWA
2020-06-28,WHITSF1,9.440407415417672,Ex-post DWA
2020-07-05,WHITSF1,5.566506748066178,Ex-post DWA
2020-07-12,WHITSF1,0.3495276094740092,Ex-post DWA
2020-07-19,WHITSF1,5.604946021039847,Ex-post DWA
2020-07-26,WHITSF1,0.7185677704219238,Ex-post DWA
2020-08-02,WHITSF1,1.9024888097184736,Ex-post DWA
2020-08-09,WHITSF1,3.161619717215899,Ex-post DWA
2020-08-16,WHITSF1,11.469338422828292,Ex-post DWA
2020-08-23,WHITSF1,10.378495333516215,Ex-post DWA
2020-08-30,WHITSF1,14.926614647680395,Ex-post DWA
2020-09-06,WHITSF1,11.937854138334242,Ex-post DWA
2020-09-13,WHITSF1,3.995411953746096,Ex-post DWA
2020-09-20,WHITSF1,9.78208346225435,Ex-post DWA
2020-09-27,WHITSF1,14.736191186537507,Ex-post DWA
2020-10-04,WHITSF1,10.39040058438199,Ex-post DWA
2020-10-11,WHITSF1,6.069621256738277,Ex-post DWA
2020-10-18,WHITSF1,13.293361885542055,Ex-post DWA
2020-10-25,WHITSF1,4.3672326670774275,Ex-post DWA
2020-11-01,WHITSF1,-0.4196877476463001,Ex-post DWA
2020-11-08,WHITSF1,0.7758290937935755,Ex-post DWA
2020-11-15,WHITSF1,1.9099005231715473,Ex-post DWA
2020-11-22,WHITSF1,4.012476188250162,Ex-post DWA
2020-11-29,WHITSF1,-0.21130525596940686,Ex-post DWA
2020-12-06,WHITSF1,1.3989069304381019,Ex-post DWA
2020-12-13,WHITSF1,-0.6899274846837642,Ex-post DWA
2020-12-20,WHITSF1,-7.82492660946545,Ex-post DWA
2020-12-27,WHITSF1,2.493542554311354,Ex-post DWA
2021-01-03,WHITSF1,-1.4442727816809082,Ex-post DWA
2021-01-10,WHITSF1,-1.2271888901073638,Ex-post DWA
2021-01-17,WHITSF1,-2.416048313969519,Ex-post DWA
2021-01-24,WHITSF1,-4.468018805839527,Ex-post DWA
2021-01-31,WHITSF1,0.04052862932993406,Ex-post DWA
2021-02-07,WHITSF1,0.22800678375747196,Ex-post DWA
2021-02-14,WHITSF1,-0.2983768765497956,Ex-post DWA
2021-02-21,WHITSF1,-1.1013249887747811,Ex-post DWA
2021-02-28,WHITSF1,-3.280324519263729,Ex-post DWA
2021-03-07,WHITSF1,-0.7664276585483378,Ex-post DWA
2021-03-14,WHITSF1,2.748462113441221,Ex-post DWA
2021-03-21,WHITSF1,-0.2649527824773159,Ex-post DWA
2021-03-28,WHITSF1,6.926918819397457,Ex-post DWA
2021-04-04,WHITSF1,2.3578916426108556,Ex-post DWA
2021-04-11,WHITSF1,9.131280714273132,Ex-post DWA
2021-04-18,WHITSF1,6.147053400623918,Ex-post DWA
2021-04-25,WHITSF1,-2.0471648433524834,Ex-post DWA
2021-05-02,WHITSF1,7.350841504511596,Ex-post DWA
2021-05-09,WHITSF1,5.815132210277525,Ex-post DWA
2021-05-16,WHITSF1,25.75443767080221,Ex-post DWA
2021-05-23,WHITSF1,13.711850228582334,Ex-post DWA
2021-05-30,WHITSF1,-37.39870853416024,Ex-post DWA
2021-06-06,WHITSF1,4.525792024908753,Ex-post DWA
2021-06-13,WHITSF1,1.809282087864304,Ex-post DWA
2021-06-20,WHITSF1,-3.1532665645981552,Ex-post DWA
2021-06-27,WHITSF1,7.411320148386082,Ex-post DWA
2021-07-04,WHITSF1,-6.009883377321614,Ex-post DWA
2021-07-11,WHITSF1,8.113631959959946,Ex-post DWA
2021-07-18,WHITSF1,8.738348389398936,Ex-post DWA
2021-07-25,WHITSF1,22.0711000061294,Ex-post DWA
2021-08-01,WHITSF1,6.014568625896068,Ex-post DWA
2021-08-08,WHITSF1,2.2911078448875735,Ex-post DWA
2021-08-15,WHITSF1,6.835216531107424,Ex-post DWA
2021-08-22,WHITSF1,18.193060806936614,Ex-post DWA
2021-08-29,WHITSF1,13.194633801847004,Ex-post DWA
2021-09-05,WHITSF1,7.600165800469419,Ex-post DWA
2021-09-12,WHITSF1,24.504559372350283,Ex-post DWA
2021-09-19,WHITSF1,11.759032167091501,Ex-post DWA
2021-09-26,WHITSF1,47.3733862700952,Ex-post DWA
2021-10-03,WHITSF1,40.87024001808698,Ex-post DWA
2021-10-10,WHITSF1,82.64877235857304,Ex-post DWA
2021-10-17,WHITSF1,14.216468259892764,Ex-post DWA
2021-10-24,WHITSF1,0.43651207260897706,Ex-post DWA
2021-10-31,WHITSF1,6.273723142081792,Ex-post DWA
2021-11-07,WHITSF1,9.525927156568102,Ex-post DWA
2021-11-14,WHITSF1,-0.8231170594955302,Ex-post DWA
2021-11-21,WHITSF1,23.024077160430764,Ex-post DWA
2021-11-28,WHITSF1,10.752866403051868,Ex-post DWA
2021-12-05,WHITSF1,10.00827826368915,Ex-post DWA
2021-12-12,WHITSF1,-4.214611930791072,Ex-post DWA
2021-12-19,WHITSF1,-1.2409956747180928,Ex-post DWA
2021-12-26,WHITSF1,-1.7317200650703057,Ex-post DWA
2022-01-02,WHITSF1,4.869039290681741,Ex-post DWA
2022-01-09,WHITSF1,-3.828370067461435,Ex-post DWA
2022-01-16,WHITSF1,-1.183480419244006,Ex-post DWA
2022-01-23,WHITSF1,9.942882742336451,Ex-post DWA
2022-01-30,WHITSF1,-2.981367524434347,Ex-post DWA
2022-02-06,WHITSF1,65.45938114474865,Ex-post DWA
2022-02-13,WHITSF1,-0.9898873128600059,Ex-post DWA
2022-02-20,WHITSF1,-4.685697267316584,Ex-post DWA
2022-02-27,WHITSF1,2.0311086013154522,Ex-post DWA
2022-03-06,WHITSF1,0.7388523987932558,Ex-post DWA
2022-03-13,WHITSF1,-23.190273303505876,Ex-post DWA
2022-03-20,WHITSF1,-3.4217109544442437,Ex-post DWA
2022-03-27,WHITSF1,4.906794630737963,Ex-post DWA
2022-04-03,WHITSF1,-1.2872621044523243,Ex-post DWA
2022-04-10,WHITSF1,-19.995835408392907,Ex-post DWA
2022-04-17,WHITSF1,-3.9960172492717163,Ex-post DWA
2022-04-24,WHITSF1,-9.497292139960535,Ex-post DWA
2022-05-01,WHITSF1,-8.550157119657257,Ex-post DWA
2022-05-08,WHITSF1,5.694014459745489,Ex-post DWA
2022-05-15,WHITSF1,-6.2812505684512985,Ex-post DWA
2022-05-22,WHITSF1,0.34374299338963965,Ex-post DWA
2022-05-29,WHITSF1,1.790222367779677,Ex-post DWA
2022-06-05,WHITSF1,29.677914330665203,Ex-post DWA
2022-06-12,WHITSF1,29.596469774696033,Ex-post DWA
2022-06-19,WHITSF1,-0.4054882855648998,Ex-post DWA
2022-06-26,WHITSF1,19.43296940394356,Ex-post DWA
2022-07-03,WHITSF1,69.06779993891621,Ex-post DWA
2022-07-10,WHITSF1,-51.54303924287527,Ex-post DWA
2022-07-17,WHITSF1,41.685088317277604,Ex-post DWA
2022-07-24,WHITSF1,12.019449635387275,Ex-post DWA
2022-07-31,WHITSF1,16.26827204367713,Ex-post DWA
2022-08-07,WHITSF1,6.058609182258735,Ex-post DWA
2022-08-14,WHITSF1,16.30686347354181,Ex-post DWA
2022-08-21,WHITSF1,68.34886028582058,Ex-post DWA
2022-08-28,WHITSF1,36.46724010708251,Ex-post DWA
2022-09-04,WHITSF1,4.806647599743542,Ex-post DWA
2022-09-11,WHITSF1,49.488487023071315,Ex-post DWA
2022-09-18,WHITSF1,62.74912115751593,Ex-post DWA
2022-09-25,WHITSF1,45.58954354864447,Ex-post DWA
2022-10-02,WHITSF1,15.563845073051183,Ex-post DWA
2022-10-09,WHITSF1,9.60172954841633,Ex-post DWA
2022-10-16,WHITSF1,11.376509852992427,Ex-post DWA
2022-10-23,WHITSF1,-2.018784172638675,Ex-post DWA
2022-10-30,WHITSF1,37.40722348445212,Ex-post DWA
2022-11-06,WHITSF1,35.984975838053806,Ex-post DWA
2022-11-13,WHITSF1,9.31106861556524,Ex-post DWA
2022-11-20,WHITSF1,7.0991095163207945,Ex-post DWA
2022-11-27,WHITSF1,25.471816455803022,Ex-post DWA
2022-12-04,WHITSF1,55.737415658024915,Ex-post DWA
2022-12-11,WHITSF1,16.18398246284567,Ex-post DWA
2022-12-18,WHITSF1,27.039704765230617,Ex-post DWA
2022-12-25,WHITSF1,25.07799148038664,Ex-post DWA
2023-01-01,WHITSF1,19.613150607043085,Ex-post DWA
2023-01-08,WHITSF1,22.57878667685906,Ex-post DWA
2023-01-15,WHITSF1,7.5532084284610335,Ex-post DWA
2023-01-22,WHITSF1,6.930582320591142,Ex-post DWA
2023-01-29,WHITSF1,6.031974264080617,Ex-post DWA
2023-02-05,WHITSF1,20.294713810352434,Ex-post DWA
2023-02-12,WHITSF1,9.89226858787515,Ex-post DWA
2023-02-19,WHITSF1,8.968146180766368,Ex-post DWA
2023-02-26,WHITSF1,16.482694889584337,Ex-post DWA
2023-03-05,WHITSF1,12.480217540917046,Ex-post DWA
2023-03-12,WHITSF1,6.5280280724778095,Ex-post DWA
2023-03-19,WHITSF1,10.909540022937904,Ex-post DWA
2023-03-26,WHITSF1,16.308897521767364,Ex-post DWA
2023-04-02,WHITSF1,48.63860626849586,Ex-post DWA
2023-04-09,WHITSF1,34.2746895338047,Ex-post DWA
2023-04-16,WHITSF1,41.076918485168136,Ex-post DWA
2023-04-23,WHITSF1,16.67601090104194,Ex-post DWA
2023-04-30,WHITSF1,6.482904667491972,Ex-post DWA
2023-05-07,WHITSF1,25.720699571407728,Ex-post DWA
2023-05-14,WHITSF1,23.383945978637072,Ex-post DWA
2023-05-21,WHITSF1,30.55807719092543,Ex-post DWA
2023-05-28,WHITSF1,16.84214267406233,Ex-post DWA
2023-06-04,WHITSF1,9.06157509754238,Ex-post DWA
2023-06-11,WHITSF1,4.184474647445349,Ex-post DWA
2023-06-18,WHITSF1,14.477430168753152,Ex-post DWA
2023-06-25,WHITSF1,19.229104901803467,Ex-post DWA
2023-07-02,WHITSF1,38.15343551559139,Ex-post DWA
2023-07-09,WHITSF1,41.021755381446525,Ex-post DWA
2023-07-16,WHITSF1,20.570939698794692,Ex-post DWA
2023-07-23,WHITSF1,35.29852692838013,Ex-post DWA
2023-07-30,WHITSF1,37.050342650834146,Ex-post DWA
2023-08-06,WHITSF1,36.61043545012714,Ex-post DWA
2023-08-13,WHITSF1,45.223673932872806,Ex-post DWA
2023-08-20,WHITSF1,52.09834600347443,Ex-post DWA
2023-08-27,WHITSF1,57.76864195557298,Ex-post DWA
2023-09-03,WHITSF1,46.50174742759552,Ex-post DWA
2023-09-10,WHITSF1,31.154776814035394,Ex-post DWA
2023-09-17,WHITSF1,48.083891891053376,Ex-post DWA
2023-09-24,WHITSF1,49.10093416352444,Ex-post DWA
2023-10-01,WHITSF1,64.23920587153097,Ex-post DWA
2023-10-08,WHITSF1,38.18679904102392,Ex-post DWA
2023-10-15,WHITSF1,34.30167297600282,Ex-post DWA
2023-10-22,WHITSF1,32.11434388898774,Ex-post DWA
2023-10-29,WHITSF1,37.54632260352865,Ex-post DWA
2023-11-05,WHITSF1,30.766912013553167,Ex-post DWA
2023-11-12,WHITSF1,30.786631744314082,Ex-post DWA
2023-11-19,WHITSF1,63.376456736962496,Ex-post DWA
2023-11-26,WHITSF1,9.179869288287264,Ex-post DWA
2023-12-03,WHITSF1,31.478876031125615,Ex-post DWA
2023-12-10,WHITSF1,19.267229709212504,Ex-post DWA
2023-12-17,WHITSF1,16.507291327933444,Ex-post DWA
2023-12-24,WHITSF1,10.644376920550847,Ex-post DWA
2023-12-31,WHITSF1,30.299501811491318,Ex-post DWA
2024-01-07,WHITSF1,10.733992024016498,Ex-post DWA
2024-01-14,WHITSF1,3.51170072895259,Ex-post DWA
2024-01-21,WHITSF1,-0.8509395860570805,Ex-post DWA
2024-01-28,WHITSF1,29.411422657843957,Ex-post DWA
2024-02-04,WHITSF1,37.71208491068914,Ex-post DWA
2024-02-11,WHITSF1,-1.533472655092467,Ex-post DWA
2024-02-18,WHITSF1,0.15263852821347257,Ex-post DWA
2024-02-25,WHITSF1,-6.84465027596589,Ex-post DWA
2024-03-03,WHITSF1,-25.520483283699832,Ex-post DWA
2024-03-10,WHITSF1,-0.2833291698810996,Ex-post DWA
2024-03-17,WHITSF1,0.8373331481359685,Ex-post DWA
2024-03-24,WHITSF1,-0.4418005048434779,Ex-post DWA
2024-03-31,WHITSF1,9.153725641532432,Ex-post DWA
2024-04-07,WHITSF1,3.838977640571848,Ex-post DWA
2024-04-14,WHITSF1,13.426653128320206,Ex-post DWA
2024-04-21,WHITSF1,-0.6287694947321043,Ex-post DWA
2024-04-28,WHITSF1,3.7369039164311353,Ex-post DWA
2024-05-05,WHITSF1,2.9102191872674155,Ex-post DWA
2024-05-12,WHITSF1,5.35696806608183,Ex-post DWA
2024-05-19,WHITSF1,31.950803535388296,Ex-post DWA
2024-05-26,WHITSF1,6.713517460078233,Ex-post DWA
2024-06-02,WHITSF1,9.371450002850331,Ex-post DWA
2024-06-09,WHITSF1,10.39399340879303,Ex-post DWA
2024-06-16,WHITSF1,16.749729223945522,Ex-post DWA
2024-06-23,WHITSF1,10.373755116050049,Ex-post DWA
2024-06-30,WHITSF1,2.7338708891898094,Ex-post DWA
2024-07-07,WHITSF1,8.93799046129076,Ex-post DWA
2024-07-14,WHITSF1,19.56042783284621,Ex-post DWA
2024-07-21,WHITSF1,20.264707350613207,Ex-post DWA
2024-07-28,WHITSF1,7.534882352130985,Ex-post DWA
2024-08-04,WHITSF1,22.399997589077735,Ex-post DWA
2024-08-11,WHITSF1,2.1661509198143847,Ex-post DWA
2024-08-18,WHITSF1,32.61873995860253,Ex-post DWA
2024-08-25,WHITSF1,22.726876157481104,Ex-post DWA
2024-09-01,WHITSF1,15.141403867091825,Ex-post DWA
2024-09-08,WHITSF1,44.2204007211079,Ex-post DWA
2024-09-15,WHITSF1,33.81379788342416,Ex-post DWA
2024-09-22,WHITSF1,,Ex-post DWA
2024-09-29,WHITSF1,15.623105442652713,Ex-post DWA
2024-10-06,WHITSF1,25.61497341971852,Ex-post DWA
2024-10-13,WHITSF1,45.121545437368795,Ex-post DWA
2024-10-20,WHITSF1,47.584897714823576,Ex-post DWA
2024-10-27,WHITSF1,37.86753897383503,Ex-post DWA
2024-11-03,WHITSF1,57.79160903321261,Ex-post DWA
2024-11-10,WHITSF1,13.361336229322461,Ex-post DWA
2024-11-17,WHITSF1,26.57016088773345,Ex-post DWA
2024-11-24,WHITSF1,24.65633647599838,Ex-post DWA
2024-12-01,WHITSF1,15.9987703735993,Ex-post DWA
2024-12-08,WHITSF1,1.553183729417995,Ex-post DWA
2024-12-15,WHITSF1,1.5603221481647722,Ex-post DWA
2024-12-22,WHITSF1,18.35675706658661,Ex-post DWA
2024-12-29,WHITSF1,30.277196303656076,Ex-post DWA
2025-01-05,WHITSF1,4.509157446704016,Ex-post DWA
2020-01-05,CHILDSF1,5.878113184621796,ToD blocks
2020-01-12,CHILDSF1,0.6702942380706531,ToD blocks
2020-01-19,CHILDSF1,-0.3492227631277842,ToD blocks
2020-01-26,CHILDSF1,-0.07970493201798945,ToD blocks
2020-02-02,CHILDSF1,19.818391739523065,ToD blocks
2020-02-09,CHILDSF1,3.6062989506051153,ToD blocks
2020-02-16,CHILDSF1,-0.19082418334465956,ToD blocks
2020-02-23,CHILDSF1,-1.4359264665087679,ToD blocks
2020-03-01,CHILDSF1,-1.2950526617619005,ToD blocks
2020-03-08,CHILDSF1,0.6705623980614988,ToD blocks
2020-03-15,CHILDSF1,-8.133829957311534,ToD blocks
2020-03-22,CHILDSF1,-2.3054424092143186,ToD blocks
2020-03-29,CHILDSF1,-1.3485640973773911,ToD blocks
2020-04-05,CHILDSF1,-4.280427181177103,ToD blocks
2020-04-12,CHILDSF1,-3.566687648652916,ToD blocks
2020-04-19,CHILDSF1,-1.8565098399922029,ToD blocks
2020-04-26,CHILDSF1,-2.294768590416613,ToD blocks
2020-05-03,CHILDSF1,20.522130599664678,ToD blocks
2020-05-10,CHILDSF1,-0.6042852185150736,ToD blocks
2020-05-17,CHILDSF1,-3.653173256867465,ToD blocks
2020-05-24,CHILDSF1,-10.503045818833247,ToD blocks
2020-05-31,CHILDSF1,-4.361491599889877,ToD blocks
2020-06-07,CHILDSF1,-3.650695678395479,ToD blocks
2020-06-14,CHILDSF1,-5.799450185083206,ToD blocks
2020-06-21,CHILDSF1,1.7267068258789386,ToD blocks
2020-06-28,CHILDSF1,2.085232539359197,ToD blocks
2020-07-05,CHILDSF1,-4.524881755890494,ToD blocks
2020-07-12,CHILDSF1,-2.298295174788187,ToD blocks
2020-07-19,CHILDSF1,-6.979747984557186,ToD blocks
2020-07-26,CHILDSF1,-8.663200219194913,ToD blocks
2020-08-02,CHILDSF1,-3.6726945067414647,ToD blocks
2020-08-09,CHILDSF1,-5.874949469591211,ToD blocks
2020-08-16,CHILDSF1,-0.45262509391015193,ToD blocks
2020-08-23,CHILDSF1,-3.218080961448667,ToD blocks
2020-08-30,CHILDSF1,-4.371074616319858,ToD blocks
2020-09-06,CHILDSF1,-5.8274009449863104,ToD blocks
2020-09-13,CHILDSF1,-3.0814497238620415,ToD blocks
2020-09-20,CHILDSF1,-4.130363537941522,ToD blocks
2020-09-27,CHILDSF1,-6.773768107249676,ToD blocks
2020-10-04,CHILDSF1,-5.206901362247584,ToD blocks
2020-10-11,CHILDSF1,-4.254441294429599,ToD blocks
2020-10-18,CHILDSF1,1.6337137633007615,ToD blocks
2020-10-25,CHILDSF1,-6.408035064254555,ToD blocks
2020-11-01,CHILDSF1,-6.940095505345866,ToD blocks
2020-11-08,CHILDSF1,-0.6707785363304914,ToD blocks
2020-11-15,CHILDSF1,-3.953367284121949,ToD blocks
2020-11-22,CHILDSF1,3.938185501568036,ToD blocks
2020-11-29,CHILDSF1,-5.576139488470858,ToD blocks
2020-12-06,CHILDSF1,-2.1061210334206706,ToD blocks
2020-12-13,CHILDSF1,0.8473772102868082,ToD blocks
2020-12-20,CHILDSF1,10.27193240193273,ToD blocks
2020-12-27,CHILDSF1,0.21046722615167823,ToD blocks
2021-01-03,CHILDSF1,-3.402870154922784,ToD blocks
2021-01-10,CHILDSF1,3.0307023462504574,ToD blocks
2021-01-17,CHILDSF1,-0.2043299789042976,ToD blocks
2021-01-24,CHILDSF1,-18.487979876941445,ToD blocks
2021-01-31,CHILDSF1,-0.46888172490198343,ToD blocks
2021-02-07,CHILDSF1,-1.0643213852428701,ToD blocks
2021-02-14,CHILDSF1,-1.1709853251088376,ToD blocks
2021-02-21,CHILDSF1,-2.136878425177315,ToD blocks
2021-02-28,CHILDSF1,-2.399090083016631,ToD blocks
2021-03-07,CHILDSF1,-5.363909272412457,ToD blocks
2021-03-14,CHILDSF1,-2.2258180488693426,ToD blocks
2021-03-21,CHILDSF1,-0.867378888752782,ToD blocks
2021-03-28,CHILDSF1,-14.066327848043976,ToD blocks
2021-04-04,CHILDSF1,-5.259907617314283,ToD blocks
2021-04-11,CHILDSF1,-7.983232670208864,ToD blocks
2021-04-18,CHILDSF1,-4.968211768487329,ToD blocks
2021-04-25,CHILDSF1,-27.977752274846708,ToD blocks
2021-05-02,CHILDSF1,-7.861843544093027,ToD blocks
2021-05-09,CHILDSF1,2.9520078626578297,ToD blocks
2021-05-16,CHILDSF1,-26.189474436925526,ToD blocks
2021-05-23,CHILDSF1,-33.169831589310846,ToD blocks
2021-05-30,CHILDSF1,-173.80969100970458,ToD blocks
2021-06-06,CHILDSF1,-87.55342199189225,ToD blocks
2021-06-13,CHILDSF1,-73.06708238222528,ToD blocks
2021-06-20,CHILDSF1,-8.875374614918883,ToD blocks
2021-06-27,CHILDSF1,-49.89746410971118,ToD blocks
2021-07-04,CHILDSF1,-99.2147741621821,ToD blocks
2021-07-11,CHILDSF1,-27.3772192611913,ToD blocks
2021-07-18,CHILDSF1,-21.63111898021412,ToD blocks
2021-07-25,CHILDSF1,-69.8033512105664,ToD blocks
2021-08-01,CHILDSF1,-10.130132852337283,ToD blocks
2021-08-08,CHILDSF1,-6.037040500042679,ToD blocks
2021-08-15,CHILDSF1,-7.754678963548795,ToD blocks
2021-08-22,CHILDSF1,-10.512682116677327,ToD blocks
2021-08-29,CHILDSF1,-5.760967211862045,ToD blocks
2021-09-05,CHILDSF1,-12.247925321455565,ToD blocks
2021-09-12,CHILDSF1,-3.02979849439234,ToD blocks
2021-09-19,CHILDSF1,3.0666464023269207,ToD blocks
2021-09-26,CHILDSF1,3.2010818715704445,ToD blocks
2021-10-03,CHILDSF1,-12.433227913806384,ToD blocks
2021-10-10,CHILDSF1,-1.1537655146020134,ToD blocks
2021-10-17,CHILDSF1,28.49196383365618,ToD blocks
2021-10-24,CHILDSF1,-11.844443365668617,ToD blocks
2021-10-31,CHILDSF1,-7.536801311057864,ToD blocks
2021-11-07,CHILDSF1,-4.444813345881457,ToD blocks
2021-11-14,CHILDSF1,-60.10381108316048,ToD blocks
2021-11-21,CHILDSF1,4.438696762836599,ToD blocks
2021-11-28,CHILDSF1,-11.59008173149197,ToD blocks
2021-12-05,CHILDSF1,-10.912537231408606,ToD blocks
2021-12-12,CHILDSF1,-6.84649013391514,ToD blocks
2021-12-19,CHILDSF1,-0.19914550607118287,ToD blocks
2021-12-26,CHILDSF1,-3.323732565820393,ToD blocks
2022-01-02,CHILDSF1,-0.1663327954689322,ToD blocks
2022-01-09,CHILDSF1,-23.477789621017223,ToD blocks
2022-01-16,CHILDSF1,-9.544706264211285,ToD blocks
2022-01-23,CHILDSF1,-9.481655483726897,ToD blocks
2022-01-30,CHILDSF1,-6.827668584423364,ToD blocks
2022-02-06,CHILDSF1,-102.0273633184726,ToD blocks
2022-02-13,CHILDSF1,-2.6983420053568423,ToD blocks
2022-02-20,CHILDSF1,-4.27450534983835,ToD blocks
2022-02-27,CHILDSF1,6.014635941829283,ToD blocks
2022-03-06,CHILDSF1,-11.696502651216676,ToD blocks
2022-03-13,CHILDSF1,-29.043317910104633,ToD blocks
2022-03-20,CHILDSF1,-7.901001274138416,ToD blocks
2022-03-27,CHILDSF1,-10.553793584808375,ToD blocks
2022-04-03,CHILDSF1,-14.193000941857463,ToD blocks
2022-04-10,CHILDSF1,-40.33209861590436,ToD blocks
2022-04-17,CHILDSF1,-15.361762721655197,ToD blocks
2022-04-24,CHILDSF1,-33.69767760162553,ToD blocks
2022-05-01,CHILDSF1,-26.36667572431017,ToD blocks
2022-05-08,CHILDSF1,-56.331347843263075,ToD blocks
2022-05-15,CHILDSF1,-57.29950035712454,ToD blocks
2022-05-22,CHILDSF1,-32.92891391006543,ToD blocks
2022-05-29,CHILDSF1,-39.68881554243879,ToD blocks
2022-06-05,CHILDSF1,-93.06307113105458,ToD blocks
2022-06-12,CHILDSF1,-175.42110957495515,ToD blocks
2022-06-19,CHILDSF1,-7.515195982606542,ToD blocks
2022-06-26,CHILDSF1,-45.855713032116114,ToD blocks
2022-07-03,CHILDSF1,-66.80568022951326,ToD blocks
2022-07-10,CHILDSF1,-493.74515772356136,ToD blocks
2022-07-17,CHILDSF1,-94.84821683233278,ToD blocks
2022-07-24,CHILDSF1,-98.91171873038124,ToD blocks
2022-07-31,CHILDSF1,-38.289614777356036,ToD blocks
2022-08-07,CHILDSF1,-25.624426981402152,ToD blocks
2022-08-14,CHILDSF1,-31.36267824202325,ToD blocks
2022-08-21,CHILDSF1,-13.170086347152878,ToD blocks
2022-08-28,CHILDSF1,-23.22346969406019,ToD blocks
2022-09-04,CHILDSF1,-24.961028222259657,ToD blocks
2022-09-11,CHILDSF1,-28.076345327442972,ToD blocks
2022-09-18,CHILDSF1,-30.552007458619713,ToD blocks
2022-09-25,CHILDSF1,-38.70460880224004,ToD blocks
2022-10-02,CHILDSF1,-16.908586551601246,ToD blocks
2022-10-09,CHILDSF1,-19.017189294650052,ToD blocks
2022-10-16,CHILDSF1,-23.0502618158608,ToD blocks
2022-10-23,CHILDSF1,-15.69427150735973,ToD blocks
2022-10-30,CHILDSF1,-16.249395292453045,ToD blocks
2022-11-06,CHILDSF1,-20.09988394947625,ToD blocks
2022-11-13,CHILDSF1,-8.289266756659138,ToD blocks
2022-11-20,CHILDSF1,-12.511845167964083,ToD blocks
2022-11-27,CHILDSF1,-15.317467056076879,ToD blocks
2022-12-04,CHILDSF1,-33.32741220524925,ToD blocks
2022-12-11,CHILDSF1,-3.6028183176114226,ToD blocks
2022-12-18,CHILDSF1,-6.113513665924387,ToD blocks
2022-12-25,CHILDSF1,-8.826430282204633,ToD blocks
2023-01-01,CHILDSF1,-4.3098283776327015,ToD blocks
2023-01-08,CHILDSF1,-12.37360011482145,ToD blocks
2023-01-15,CHILDSF1,-7.501118817893882,ToD blocks
2023-01-22,CHILDSF1,-15.542239718116306,ToD blocks
2023-01-29,CHILDSF1,-3.4714726031635905,ToD blocks
2023-02-05,CHILDSF1,-9.198665421033994,ToD blocks
2023-02-12,CHILDSF1,-10.101731863262373,ToD blocks
2023-02-19,CHILDSF1,-10.475603479460503,ToD blocks
2023-02-26,CHILDSF1,-10.640089554575702,ToD blocks
2023-03-05,CHILDSF1,-7.947958751139957,ToD blocks
2023-03-12,CHILDSF1,-8.374790005417964,ToD blocks
2023-03-19,CHILDSF1,-22.28390163140935,ToD blocks
2023-03-26,CHILDSF1,-9.792392299407076,ToD blocks
2023-04-02,CHILDSF1,-9.137399177132252,ToD blocks
2023-04-09,CHILDSF1,-3.9229266636714257,ToD blocks
2023-04-16,CHILDSF1,-10.699599664276198,ToD blocks
2023-04-23,CHILDSF1,-14.168867081470516,ToD blocks
2023-04-30,CHILDSF1,-19.213938752586714,ToD blocks
2023-05-07,CHILDSF1,-32.007376239101355,ToD blocks
2023-05-14,CHILDSF1,-38.69029859522509,ToD blocks
2023-05-21,CHILDSF1,-39.67790013936178,ToD blocks
2023-05-28,CHILDSF1,-49.59361709735191,ToD blocks
2023-06-04,CHILDSF1,-26.646731938414568,ToD blocks
2023-06-11,CHILDSF1,-18.77382016263342,ToD blocks
2023-06-18,CHILDSF1,-17.042731481381395,ToD blocks
2023-06-25,CHILDSF1,-32.18742466860665,ToD blocks
2023-07-02,CHILDSF1,-28.53360224393587,ToD blocks
2023-07-09,CHILDSF1,-48.10855596786625,ToD blocks
2023-07-16,CHILDSF1,-20.288018146855737,ToD blocks
2023-07-23,CHILDSF1,-26.8873994902973,ToD blocks
2023-07-30,CHILDSF1,-29.24712051382653,ToD blocks
2023-08-06,CHILDSF1,-24.48817706732299,ToD blocks
2023-08-13,CHILDSF1,-27.310706035979813,ToD blocks
2023-08-20,CHILDSF1,-23.466678134904114,ToD blocks
2023-08-27,CHILDSF1,-16.96357509051423,ToD blocks
2023-09-03,CHILDSF1,-16.89731430846549,ToD blocks
2023-09-10,CHILDSF1,-11.405100690893663,ToD blocks
2023-09-17,CHILDSF1,-9.553919906993125,ToD blocks
2023-09-24,CHILDSF1,-8.505631683235027,ToD blocks
2023-10-01,CHILDSF1,-5.9425775584904486,ToD blocks
2023-10-08,CHILDSF1,-12.57015528372094,ToD blocks
2023-10-15,CHILDSF1,-8.78802256108882,ToD blocks
2023-10-22,CHILDSF1,-7.900872141944838,ToD blocks
2023-10-29,CHILDSF1,-8.04633603915666,ToD blocks
2023-11-05,CHILDSF1,-7.678828559883238,ToD blocks
2023-11-12,CHILDSF1,-7.416203679923526,ToD blocks
2023-11-19,CHILDSF1,-4.676810429529592,ToD blocks
2023-11-26,CHILDSF1,-14.61792347457439,ToD blocks
2023-12-03,CHILDSF1,-19.807041963246157,ToD blocks
2023-12-10,CHILDSF1,-0.7148413427102689,ToD blocks
2023-12-17,CHILDSF1,-1.9865991856162495,ToD blocks
2023-12-24,CHILDSF1,-10.009163329672191,ToD blocks
2023-12-31,CHILDSF1,-2.300769544894255,ToD blocks
2024-01-07,CHILDSF1,-3.4367068262535767,ToD blocks
2024-01-14,CHILDSF1,5.1194713602012385,ToD blocks
2024-01-21,CHILDSF1,-19.715930250119584,ToD blocks
2024-01-28,CHILDSF1,-5.363412906333011,ToD blocks
2024-02-04,CHILDSF1,-24.479732011051652,ToD blocks
2024-02-11,CHILDSF1,-6.831304702991275,ToD blocks
2024-02-18,CHILDSF1,-19.115524482628835,ToD blocks
2024-02-25,CHILDSF1,-6.839814374845261,ToD blocks
2024-03-03,CHILDSF1,-4.01400966302829,ToD blocks
2024-03-10,CHILDSF1,-14.314667453030879,ToD blocks
2024-03-17,CHILDSF1,-9.835210072753064,ToD blocks
2024-03-24,CHILDSF1,-9.402665330812773,ToD blocks
2024-03-31,CHILDSF1,-35.37495516021575,ToD blocks
2024-04-07,CHILDSF1,-10.594424273188835,ToD blocks
2024-04-14,CHILDSF1,-20.70410015886055,ToD blocks
2024-04-21,CHILDSF1,-17.933090034486952,ToD blocks
2024-04-28,CHILDSF1,-20.478365174296556,ToD blocks
2024-05-05,CHILDSF1,-32.30035442592118,ToD blocks
2024-05-12,CHILDSF1,-29.60875609212858,ToD blocks
2024-05-19,CHILDSF1,-16.380133107201004,ToD blocks
2024-05-26,CHILDSF1,-38.209745819033124,ToD blocks
2024-06-02,CHILDSF1,-33.10073542959643,ToD blocks
2024-06-09,CHILDSF1,-29.68799306565961,ToD blocks
2024-06-16,CHILDSF1,-29.97126032897401,ToD blocks
2024-06-23,CHILDSF1,-52.73812957535023,ToD blocks
2024-06-30,CHILDSF1,-32.05576010965212,ToD blocks
2024-07-07,CHILDSF1,-34.65533435244867,ToD blocks
2024-07-14,CHILDSF1,-32.71206574124146,ToD blocks
2024-07-21,CHILDSF1,-16.43631798346795,ToD blocks
2024-07-28,CHILDSF1,-24.323172326881767,ToD blocks
2024-08-04,CHILDSF1,-30.815329062988855,ToD blocks
2024-08-11,CHILDSF1,-15.935916460441902,ToD blocks
2024-08-18,CHILDSF1,-32.90769772979745,ToD blocks
2024-08-25,CHILDSF1,-11.26506390845924,ToD blocks
2024-09-01,CHILDSF1,-6.688262986412375,ToD blocks
2024-09-08,CHILDSF1,-7.934298092687321,ToD blocks
2024-09-15,CHILDSF1,-5.660769940084382,ToD blocks
2024-09-22,CHILDSF1,-2.555954967889029,ToD blocks
2024-09-29,CHILDSF1,-6.0076798143138115,ToD blocks
2024-10-06,CHILDSF1,0.11070566718976949,ToD blocks
2024-10-13,CHILDSF1,-0.4189388822142277,ToD blocks
2024-10-20,CHILDSF1,0.24087781055262886,ToD blocks
2024-10-27,CHILDSF1,-2.580593944428238,ToD blocks
2024-11-03,CHILDSF1,-1.3041498469671353,ToD blocks
2024-11-10,CHILDSF1,-22.805035881876407,ToD blocks
2024-11-17,CHILDSF1,-9.359797272275912,ToD blocks
2024-11-24,CHILDSF1,-16.03455550476913,ToD blocks
2024-12-01,CHILDSF1,-4.709279925221324,ToD blocks
2024-12-08,CHILDSF1,-8.553203971728166,ToD blocks
2024-12-15,CHILDSF1,-1.6990214252348608,ToD blocks
2024-12-22,CHILDSF1,-24.723643776918408,ToD blocks
2024-12-29,CHILDSF1,12.403706881886068,ToD blocks
2025-01-05,CHILDSF1,-7.191678440898784,ToD blocks
2020-01-05,CLARESF1,-3.6064940048693614,ToD blocks
2020-01-12,CLARESF1,-0.3270378051237657,ToD blocks
2020-01-19,CLARESF1,-1.0426481568800767,ToD blocks
2020-01-26,CLARESF1,-4.5605495776217,ToD blocks
2020-02-02,CLARESF1,-1.7254787471098325,ToD blocks
2020-02-09,CLARESF1,-1.459334776435135,ToD blocks
2020-02-16,CLARESF1,-1.4754301807331203,ToD blocks
2020-02-23,CLARESF1,0.23378017482157532,ToD blocks
2020-03-01,CLARESF1,-3.073856197381467,ToD blocks
2020-03-08,CLARESF1,-4.080092600546287,ToD blocks
2020-03-15,CLARESF1,-4.739219418646378,ToD blocks
2020-03-22,CLARESF1,-3.6193458586335367,ToD blocks
2020-03-29,CLARESF1,-1.6475257324502408,ToD blocks
2020-04-05,CLARESF1,-1.85601010442101,ToD blocks
2020-04-12,CLARESF1,-1.9234168130507605,ToD blocks
2020-04-19,CLARESF1,-2.546672441516762,ToD blocks
2020-04-26,CLARESF1,-1.731187311501344,ToD blocks
2020-05-03,CLARESF1,25.14361072308938,ToD blocks
2020-05-10,CLARESF1,-0.9879520844641902,ToD blocks
2020-05-17,CLARESF1,-3.2755040659459027,ToD blocks
2020-05-24,CLARESF1,-7.116266124247282,ToD blocks
2020-05-31,CLARESF1,-0.6700156146965384,ToD blocks
2020-06-07,CLARESF1,-5.585451692079722,ToD blocks
2020-06-14,CLARESF1,-5.257522378119969,ToD blocks
2020-06-21,CLARESF1,-4.748336980189126,ToD blocks
2020-06-28,CLARESF1,-7.244849610277129,ToD blocks
2020-07-05,CLARESF1,-6.897915869438172,ToD blocks
2020-07-12,CLARESF1,-3.6819642349683477,ToD blocks
2020-07-19,CLARESF1,-5.2117024569952655,ToD blocks
2020-07-26,CLARESF1,-6.601382011226761,ToD blocks
2020-08-02,CLARESF1,-3.1167135587280796,ToD blocks
2020-08-09,CLARESF1,-0.3763816274686995,ToD blocks
2020-08-16,CLARESF1,0.08196135904785251,ToD blocks
2020-08-23,CLARESF1,-4.674381342556786,ToD blocks
2020-08-30,CLARESF1,-0.805139325693605,ToD blocks
2020-09-06,CLARESF1,-0.780642852332722,ToD blocks
2020-09-13,CLARESF1,-3.873755538750613,ToD blocks
2020-09-20,CLARESF1,-1.5203586522890316,ToD blocks
2020-09-27,CLARESF1,5.410066740996458,ToD blocks
2020-10-04,CLARESF1,-2.036368868172932,ToD blocks
2020-10-11,CLARESF1,0.6904588001620908,ToD blocks
2020-10-18,CLARESF1,7.567114798164454,ToD blocks
2020-10-25,CLARESF1,-3.104655871784214,ToD blocks
2020-11-01,CLARESF1,-6.361518046193794,ToD blocks
2020-11-08,CLARESF1,-3.2731995606877646,ToD blocks
2020-11-15,CLARESF1,-3.4468086457081277,ToD blocks
2020-11-22,CLARESF1,1.9968390416719473,ToD blocks
2020-11-29,CLARESF1,-13.936648017325162,ToD blocks
2020-12-06,CLARESF1,0.27543547178855476,ToD blocks
2020-12-13,CLARESF1,-2.112995639486897,ToD blocks
2020-12-20,CLARESF1,-0.8930544012959132,ToD blocks
2020-12-27,CLARESF1,5.196865713065655,ToD blocks
2021-01-03,CLARESF1,-2.9397230419370786,ToD blocks
2021-01-10,CLARESF1,-3.62760176507539,ToD blocks
2021-01-17,CLARESF1,-4.969416367937541,ToD blocks
2021-01-24,CLARESF1,-23.529519491358172,ToD blocks
2021-01-31,CLARESF1,-0.3799102904412237,ToD blocks
2021-02-07,CLARESF1,-0.671243279245779,ToD blocks
2021-02-14,CLARESF1,-2.5601459100596173,ToD blocks
2021-02-21,CLARESF1,-3.6330768238560474,ToD blocks
2021-02-28,CLARESF1,-11.276753535991944,ToD blocks
2021-03-07,CLARESF1,-11.8990239668513,ToD blocks
2021-03-14,CLARESF1,1.6846970283168545,ToD blocks
2021-03-21,CLARESF1,-3.7961748005298617,ToD blocks
2021-03-28,CLARESF1,-10.35691982442967,ToD blocks
2021-04-04,CLARESF1,-3.556120414919949,ToD blocks
2021-04-11,CLARESF1,-8.55761685815326,ToD blocks
2021-04-18,CLARESF1,-5.504200598351021,ToD blocks
2021-04-25,CLARESF1,-44.2718892622633,ToD blocks
2021-05-02,CLARESF1,-6.710180221205238,ToD blocks
2021-05-09,CLARESF1,-0.8640097450142719,ToD blocks
2021-05-16,CLARESF1,-43.94787562233084,ToD blocks
2021-05-23,CLARESF1,-26.637688790476375,ToD blocks
2021-05-30,CLARESF1,-242.34681771744826,ToD blocks
2021-06-06,CLARESF1,-57.32421883235318,ToD blocks
2021-06-13,CLARESF1,-62.15170537895,ToD blocks
2021-06-20,CLARESF1,-61.10534815370657,ToD blocks
2021-06-27,CLARESF1,-35.503562035462124,ToD blocks
2021-07-04,CLARESF1,-45.67418515156797,ToD blocks
2021-07-11,CLARESF1,-34.439682170866945,ToD blocks
2021-07-18,CLARESF1,-15.224562287580198,ToD blocks
2021-07-25,CLARESF1,-56.58952977134389,ToD blocks
2021-08-01,CLARESF1,-3.2556532361695147,ToD blocks
2021-08-08,CLARESF1,-5.119636533370045,ToD blocks
2021-08-15,CLARESF1,4.020993246991093,ToD blocks
2021-08-22,CLARESF1,10.98650336410947,ToD blocks
2021-08-29,CLARESF1,6.3653635493639165,ToD blocks
2021-09-05,CLARESF1,-1.837843349121158,ToD blocks
2021-09-12,CLARESF1,16.2736474738942,ToD blocks
2021-09-19,CLARESF1,15.124419876021825,ToD blocks
2021-09-26,CLARESF1,30.0284317543671,ToD blocks
2021-10-03,CLARESF1,33.529526963402624,ToD blocks
2021-10-10,CLARESF1,58.64676164804904,ToD blocks
2021-10-17,CLARESF1,52.29346496529843,ToD blocks
2021-10-24,CLARESF1,-21.708514452874027,ToD blocks
2021-10-31,CLARESF1,-2.710311554048751,ToD blocks
2021-11-07,CLARESF1,0.7943635584946804,ToD blocks
2021-11-14,CLARESF1,-28.21002176161707,ToD blocks
2021-11-21,CLARESF1,11.464102524904703,ToD blocks
2021-11-28,CLARESF1,7.939848134327065,ToD blocks
2021-12-05,CLARESF1,0.12123997353261018,ToD blocks
2021-12-12,CLARESF1,-12.079404264803358,ToD blocks
2021-12-19,CLARESF1,-3.5799025501002717,ToD blocks
2021-12-26,CLARESF1,-12.63148089130064,ToD blocks
2022-01-02,CLARESF1,0.22855553115240923,ToD blocks
2022-01-09,CLARESF1,-2.714148200578464,ToD blocks
2022-01-16,CLARESF1,-9.282569819247854,ToD blocks
2022-01-23,CLARESF1,11.213341919457534,ToD blocks
2022-01-30,CLARESF1,-14.580941116421329,ToD blocks
2022-02-06,CLARESF1,218.93123059666055,ToD blocks
2022-02-13,CLARESF1,-2.8320717469383823,ToD blocks
2022-02-20,CLARESF1,-7.605997517289055,ToD blocks
2022-02-27,CLARESF1,-2.3541678378303175,ToD blocks
2022-03-06,CLARESF1,-9.882972903138096,ToD blocks
2022-03-13,CLARESF1,0.26292825975306755,ToD blocks
2022-03-20,CLARESF1,-4.728997114837789,ToD blocks
2022-03-27,CLARESF1,-12.499684517927946,ToD blocks
2022-04-03,CLARESF1,-7.107313132396584,ToD blocks
2022-04-10,CLARESF1,0.6775559230254373,ToD blocks
2022-04-17,CLARESF1,-29.429734293801758,ToD blocks
2022-04-24,CLARESF1,-21.2522779686482,ToD blocks
2022-05-01,CLARESF1,-17.215081338126055,ToD blocks
2022-05-08,CLARESF1,-39.98189830291071,ToD blocks
2022-05-15,CLARESF1,-28.490151656340743,ToD blocks
2022-05-22,CLARESF1,-28.646217108129406,ToD blocks
2022-05-29,CLARESF1,-24.384419264473735,ToD blocks
2022-06-05,CLARESF1,-47.01090647644435,ToD blocks
2022-06-12,CLARESF1,-173.36881845739887,ToD blocks
2022-06-19,CLARESF1,-2.8191532938764965,ToD blocks
2022-06-26,CLARESF1,-16.75843490736716,ToD blocks
2022-07-03,CLARESF1,-15.38380833843155,ToD blocks
2022-07-10,CLARESF1,-494.52665519351154,ToD blocks
2022-07-17,CLARESF1,-30.036799051913448,ToD blocks
2022-07-24,CLARESF1,-48.995099873231226,ToD blocks
2022-07-31,CLARESF1,-24.833013392891317,ToD blocks
2022-08-07,CLARESF1,-18.906453831359798,ToD blocks
2022-08-14,CLARESF1,-11.914768399717175,ToD blocks
2022-08-21,CLARESF1,49.27031743933091,ToD blocks
2022-08-28,CLARESF1,13.636397348041605,ToD blocks
2022-09-04,CLARESF1,-20.443323660036924,ToD blocks
2022-09-11,CLARESF1,30.5710119117483,ToD blocks
2022-09-18,CLARESF1,27.8678759100016,ToD blocks
2022-09-25,CLARESF1,24.809550663311597,ToD blocks
2022-10-02,CLARESF1,-1.5582391165141871,ToD blocks
2022-10-09,CLARESF1,-5.95204408867383,ToD blocks
2022-10-16,CLARESF1,52.17931310540321,ToD blocks
2022-10-23,CLARESF1,-14.517287707655044,ToD blocks
2022-10-30,CLARESF1,29.05495292390286,ToD blocks
2022-11-06,CLARESF1,30.950668840603086,ToD blocks
2022-11-13,CLARESF1,0.6868493814381651,ToD blocks
2022-11-20,CLARESF1,-15.978234503070226,ToD blocks
2022-11-27,CLARESF1,11.419441590412475,ToD blocks
2022-12-04,CLARESF1,8.711394627240864,ToD blocks
2022-12-11,CLARESF1,12.354297605132018,ToD blocks
2022-12-18,CLARESF1,14.264050394080751,ToD blocks
2022-12-25,CLARESF1,7.438396153247147,ToD blocks
2023-01-01,CLARESF1,11.774409448232248,ToD blocks
2023-01-08,CLARESF1,8.369511525865533,ToD blocks
2023-01-15,CLARESF1,-3.0038481323750403,ToD blocks
2023-01-22,CLARESF1,-2.2490479528507734,ToD blocks
2023-01-29,CLARESF1,4.897549279841812,ToD blocks
2023-02-05,CLARESF1,-5.982472761799343,ToD blocks
2023-02-12,CLARESF1,4.028234532145518,ToD blocks
2023-02-19,CLARESF1,-5.476407023812641,ToD blocks
2023-02-26,CLARESF1,11.869493098078166,ToD blocks
2023-03-05,CLARESF1,5.6642830112399025,ToD blocks
2023-03-12,CLARESF1,-2.513406048650552,ToD blocks
2023-03-19,CLARESF1,-9.146871053177946,ToD blocks
2023-03-26,CLARESF1,4.721165742006349,ToD blocks
2023-04-02,CLARESF1,9.50630439980317,ToD blocks
2023-04-09,CLARESF1,29.61605511793168,ToD blocks
2023-04-16,CLARESF1,27.837945803443787,ToD blocks
2023-04-23,CLARESF1,-1.616866016111679,ToD blocks
2023-04-30,CLARESF1,-6.406476117925948,ToD blocks
2023-05-07,CLARESF1,0.7597032420218284,ToD blocks
2023-05-14,CLARESF1,-8.70256944225872,ToD blocks
2023-05-21,CLARESF1,-1.8341706304892682,ToD blocks
2023-05-28,CLARESF1,-29.175449140675873,ToD blocks
2023-06-04,CLARESF1,-14.135432717099533,ToD blocks
2023-06-11,CLARESF1,-7.988950063803692,ToD blocks
2023-06-18,CLARESF1,4.675491409451077,ToD blocks
2023-06-25,CLARESF1,-10.165501115453779,ToD blocks
2023-07-02,CLARESF1,14.25369568341813,ToD blocks
2023-07-09,CLARESF1,-3.0165328931482946,ToD blocks
2023-07-16,CLARESF1,3.684684650258305,ToD blocks
2023-07-23,CLARESF1,6.772424167090136,ToD blocks
2023-07-30,CLARESF1,16.088758971321063,ToD blocks
2023-08-06,CLARESF1,9.098930573325468,ToD blocks
2023-08-13,CLARESF1,18.35748940704897,ToD blocks
2023-08-20,CLARESF1,30.514250712436997,ToD blocks
2023-08-27,CLARESF1,37.11928222894643,ToD blocks
2023-09-03,CLARESF1,30.456696977052378,ToD blocks
2023-09-10,CLARESF1,23.886359754470075,ToD blocks
2023-09-17,CLARESF1,40.10833951812392,ToD blocks
2023-09-24,CLARESF1,36.354776808518615,ToD blocks
2023-10-01,CLARESF1,56.511041546520225,ToD blocks
2023-10-08,CLARESF1,27.979704894744586,ToD blocks
2023-10-15,CLARESF1,46.130369834074955,ToD blocks
2023-10-22,CLARESF1,25.485998511372745,ToD blocks
2023-10-29,CLARESF1,37.88689701331546,ToD blocks
2023-11-05,CLARESF1,21.437445004516,ToD blocks
2023-11-12,CLARESF1,42.67226613339293,ToD blocks
2023-11-19,CLARESF1,47.71571034633228,ToD blocks
2023-11-26,CLARESF1,0.16352552483723315,ToD blocks
2023-12-03,CLARESF1,14.551450530018663,ToD blocks
2023-12-10,CLARESF1,15.793875354493053,ToD blocks
2023-12-17,CLARESF1,-2.7761086369846026,ToD blocks
2023-12-24,CLARESF1,16.154652970102774,ToD blocks
2023-12-31,CLARESF1,58.39990871621366,ToD blocks
2024-01-07,CLARESF1,7.777094363786631,ToD blocks
2024-01-14,CLARESF1,0.05657510418490119,ToD blocks
2024-01-21,CLARESF1,-8.760253588597891,ToD blocks
2024-01-28,CLARESF1,6.745547218402862,ToD blocks
2024-02-04,CLARESF1,-25.008813720069654,ToD blocks
2024-02-11,CLARESF1,7.162305845595341,ToD blocks
2024-02-18,CLARESF1,-1.466012537437173,ToD blocks
2024-02-25,CLARESF1,-32.27248654238119,ToD blocks
2024-03-03,CLARESF1,-23.516622915364167,ToD blocks
2024-03-10,CLARESF1,-3.6381593481201477,ToD blocks
2024-03-17,CLARESF1,-9.775765522760267,ToD blocks
2024-03-24,CLARESF1,-12.008863579761226,ToD blocks
2024-03-31,CLARESF1,-17.78516276347537,ToD blocks
2024-04-07,CLARESF1,-10.41430604219596,ToD blocks
2024-04-14,CLARESF1,-8.129463354104177,ToD blocks
2024-04-21,CLARESF1,-19.166594638938022,ToD blocks
2024-04-28,CLARESF1,-17.81726811648106,ToD blocks
2024-05-05,CLARESF1,-19.19966728822306,ToD blocks
2024-05-12,CLARESF1,-22.656098480448136,ToD blocks
2024-05-19,CLARESF1,7.6393501409569495,ToD blocks
2024-05-26,CLARESF1,-27.20933993999452,ToD blocks
2024-06-02,CLARESF1,-21.424550261174048,ToD blocks
2024-06-09,CLARESF1,-19.669587390802995,ToD blocks
2024-06-16,CLARESF1,-15.819637301092282,ToD blocks
2024-06-23,CLARESF1,-39.68646999769038,ToD blocks
2024-06-30,CLARESF1,-22.35624490930264,ToD blocks
2024-07-07,CLARESF1,-21.213288852638357,ToD blocks
2024-07-14,CLARESF1,-27.369534700306133,ToD blocks
2024-07-21,CLARESF1,-5.692286920055036,ToD blocks
2024-07-28,CLARESF1,-24.11193924418921,ToD blocks
2024-08-04,CLARESF1,-34.885521223198936,ToD blocks
2024-08-11,CLARESF1,-19.669011223821173,ToD blocks
2024-08-18,CLARESF1,3.126242897946611,ToD blocks
2024-08-25,CLARESF1,-4.84016943313963,ToD blocks
2024-09-01,CLARESF1,5.684389230159949,ToD blocks
2024-09-08,CLARESF1,4.805429692996221,ToD blocks
2024-09-15,CLARESF1,2.938011765354133,ToD blocks
2024-09-22,CLARESF1,-9.492203325641935,ToD blocks
2024-09-29,CLARESF1,-5.121439116817925,ToD blocks
2024-10-06,CLARESF1,-2.671576439525369,ToD blocks
2024-10-13,CLARESF1,-3.852523693292751,ToD blocks
2024-10-20,CLARESF1,-9.23024161617005,ToD blocks
2024-10-27,CLARESF1,-5.608058187712141,ToD blocks
2024-11-03,CLARESF1,-7.420953862987128,ToD blocks
2024-11-10,CLARESF1,-49.0975735967979,ToD blocks
2024-11-17,CLARESF1,-3.392755009956275,ToD blocks
2024-11-24,CLARESF1,-19.52330661056844,ToD blocks
2024-12-01,CLARESF1,-8.22615561326917,ToD blocks
2024-12-08,CLARESF1,-4.514658305191816,ToD blocks
2024-12-15,CLARESF1,-12.14725659558809,ToD blocks
2024-12-22,CLARESF1,33.63962101351947,ToD blocks
2024-12-29,CLARESF1,69.39981966354746,ToD blocks
2025-01-05,CLARESF1,19.660251398228226,ToD blocks
2020-01-05,CLERMSF1,0.6419829945074298,ToD blocks
2020-01-12,CLERMSF1,-0.026819664827321787,ToD blocks
2020-01-19,CLERMSF1,-1.3273683997630172,ToD blocks
2020-01-26,CLERMSF1,3.9040357897171276,ToD blocks
2020-02-02,CLERMSF1,17.99318661920249,ToD blocks
2020-02-09,CLERMSF1,-0.2690175159714272,ToD blocks
2020-02-16,CLERMSF1,-0.48048426299599356,ToD blocks
2020-02-23,CLERMSF1,2.392322610355073,ToD blocks
2020-03-01,CLERMSF1,-3.8664151964338416,ToD blocks
2020-03-08,CLERMSF1,-3.2051439316683243,ToD blocks
2020-03-15,CLERMSF1,-4.974775206793424,ToD blocks
2020-03-22,CLERMSF1,-2.3657530136328013,ToD blocks
2020-03-29,CLERMSF1,-1.8390998431686398,ToD blocks
2020-04-05,CLERMSF1,-3.160353283248348,ToD blocks
2020-04-12,CLERMSF1,-0.24158599244977097,ToD blocks
2020-04-19,CLERMSF1,-1.1759787553591146,ToD blocks
2020-04-26,CLERMSF1,-0.9207354198443625,ToD blocks
2020-05-03,CLERMSF1,-0.27907025804492047,ToD blocks
2020-05-10,CLERMSF1,-1.419118322276148,ToD blocks
2020-05-17,CLERMSF1,-4.2604238904670275,ToD blocks
2020-05-24,CLERMSF1,-8.868771527682842,ToD blocks
2020-05-31,CLERMSF1,0.7680385631172939,ToD blocks
2020-06-07,CLERMSF1,-3.953198518495544,ToD blocks
2020-06-14,CLERMSF1,-2.66565721108341,ToD blocks
2020-06-21,CLERMSF1,-2.80774364026761,ToD blocks
2020-06-28,CLERMSF1,-2.6169780464538057,ToD blocks
2020-07-05,CLERMSF1,-0.509130189434817,ToD blocks
2020-07-12,CLERMSF1,-3.2167999905861677,ToD blocks
2020-07-19,CLERMSF1,-3.1986717788528765,ToD blocks
2020-07-26,CLERMSF1,-8.910091720448957,ToD blocks
2020-08-02,CLERMSF1,-2.5295805357482237,ToD blocks
2020-08-09,CLERMSF1,-1.8117101341581154,ToD blocks
2020-08-16,CLERMSF1,10.046966166707888,ToD blocks
2020-08-23,CLERMSF1,4.992702811340365,ToD blocks
2020-08-30,CLERMSF1,3.5309731887322897,ToD blocks
2020-09-06,CLERMSF1,5.794107243326847,ToD blocks
2020-09-13,CLERMSF1,-1.0261560840234054,ToD blocks
2020-09-20,CLERMSF1,-0.34046660238747073,ToD blocks
2020-09-27,CLERMSF1,3.89149871922913,ToD blocks
2020-10-04,CLERMSF1,-0.6816957634140381,ToD blocks
2020-10-11,CLERMSF1,-0.05502210366208615,ToD blocks
2020-10-18,CLERMSF1,16.779027444018674,ToD blocks
2020-10-25,CLERMSF1,-3.0193205237880925,ToD blocks
2020-11-01,CLERMSF1,-5.12844117952524,ToD blocks
2020-11-08,CLERMSF1,1.527491028714472,ToD blocks
2020-11-15,CLERMSF1,-4.184740727921447,ToD blocks
2020-11-22,CLERMSF1,4.616084003648162,ToD blocks
2020-11-29,CLERMSF1,-15.74412099521495,ToD blocks
2020-12-06,CLERMSF1,-1.5690219242147663,ToD blocks
2020-12-13,CLERMSF1,1.3564460562196317,ToD blocks
2020-12-20,CLERMSF1,-3.0236246670954756,ToD blocks
2020-12-27,CLERMSF1,3.401442458686226,ToD blocks
2021-01-03,CLERMSF1,-4.6531915702939415,ToD blocks
2021-01-10,CLERMSF1,-1.102277688964726,ToD blocks
2021-01-17,CLERMSF1,-3.0304871690930213,ToD blocks
2021-01-24,CLERMSF1,-18.52745087089881,ToD blocks
2021-01-31,CLERMSF1,-0.6940261053378336,ToD blocks
2021-02-07,CLERMSF1,-1.8642140413522696,ToD blocks
2021-02-14,CLERMSF1,-2.1481978408864038,ToD blocks
2021-02-21,CLERMSF1,-1.160004196397594,ToD blocks
2021-02-28,CLERMSF1,-7.570958475573349,ToD blocks
2021-03-07,CLERMSF1,-9.226776932780275,ToD blocks
2021-03-14,CLERMSF1,-0.3819715234236156,ToD blocks
2021-03-21,CLERMSF1,-2.5331501715547873,ToD blocks
2021-03-28,CLERMSF1,-5.031172092439714,ToD blocks
2021-04-04,CLERMSF1,-3.8790230538410206,ToD blocks
2021-04-11,CLERMSF1,11.939146109356223,ToD blocks
2021-04-18,CLERMSF1,-0.241889776830444,ToD blocks
2021-04-25,CLERMSF1,-40.41002931554937,ToD blocks
2021-05-02,CLERMSF1,-5.438806673892383,ToD blocks
2021-05-09,CLERMSF1,-0.5347126347742588,ToD blocks
2021-05-16,CLERMSF1,-10.524990230448317,ToD blocks
2021-05-23,CLERMSF1,-28.43115693821479,ToD blocks
2021-05-30,CLERMSF1,-137.19912171128846,ToD blocks
2021-06-06,CLERMSF1,-74.22312709676754,ToD blocks
2021-06-13,CLERMSF1,-59.57175134278704,ToD blocks
2021-06-20,CLERMSF1,2.6666443647122264,ToD blocks
2021-06-27,CLERMSF1,-44.77005239309867,ToD blocks
2021-07-04,CLERMSF1,-80.82808820415688,ToD blocks
2021-07-11,CLERMSF1,-25.685201443529223,ToD blocks
2021-07-18,CLERMSF1,-19.278831398947062,ToD blocks
2021-07-25,CLERMSF1,-61.98222792760584,ToD blocks
2021-08-01,CLERMSF1,-5.148550536213676,ToD blocks
2021-08-08,CLERMSF1,-4.944477621688851,ToD blocks
2021-08-15,CLERMSF1,0.4394185406632829,ToD blocks
2021-08-22,CLERMSF1,1.454765306976391,ToD blocks
2021-08-29,CLERMSF1,2.634260908909269,ToD blocks
2021-09-05,CLERMSF1,-7.286537423984726,ToD blocks
2021-09-12,CLERMSF1,4.151995251565651,ToD blocks
2021-09-19,CLERMSF1,-7.009805786556157,ToD blocks
2021-09-26,CLERMSF1,12.527814812553022,ToD blocks
2021-10-03,CLERMSF1,37.34940287612871,ToD blocks
2021-10-10,CLERMSF1,11.243940884701068,ToD blocks
2021-10-17,CLERMSF1,43.6177654263597,ToD blocks
2021-10-24,CLERMSF1,0.36579196463861763,ToD blocks
2021-10-31,CLERMSF1,-10.542304459294236,ToD blocks
2021-11-07,CLERMSF1,-8.429660596374838,ToD blocks
2021-11-14,CLERMSF1,4.900093137392389,ToD blocks
2021-11-21,CLERMSF1,6.662895800160086,ToD blocks
2021-11-28,CLERMSF1,7.525507833987859,ToD blocks
2021-12-05,CLERMSF1,-14.030326710582635,ToD blocks
2021-12-12,CLERMSF1,-4.093148202348544,ToD blocks
2021-12-19,CLERMSF1,-1.3673646240703405,ToD blocks
2021-12-26,CLERMSF1,14.634433154134342,ToD blocks
2022-01-02,CLERMSF1,2.8961124820411257,ToD blocks
2022-01-09,CLERMSF1,-8.821446480386598,ToD blocks
2022-01-16,CLERMSF1,-9.768606458906177,ToD blocks
2022-01-23,CLERMSF1,-8.843929682664097,ToD blocks
2022-01-30,CLERMSF1,-11.76911519853968,ToD blocks
2022-02-06,CLERMSF1,-58.08652855996911,ToD blocks
2022-02-13,CLERMSF1,-3.4067222876246035,ToD blocks
2022-02-20,CLERMSF1,-3.2371898192963613,ToD blocks
2022-02-27,CLERMSF1,1.2730460432393187,ToD blocks
2022-03-06,CLERMSF1,-10.220790098597178,ToD blocks
2022-03-13,CLERMSF1,-16.41126345779145,ToD blocks
2022-03-20,CLERMSF1,-6.185524966041996,ToD blocks
2022-03-27,CLERMSF1,-7.466336066567692,ToD blocks
2022-04-03,CLERMSF1,-3.832606613386332,ToD blocks
2022-04-10,CLERMSF1,-6.2623773639014075,ToD blocks
2022-04-17,CLERMSF1,-14.255900303285685,ToD blocks
2022-04-24,CLERMSF1,-24.32902639551196,ToD blocks
2022-05-01,CLERMSF1,-35.554418764018834,ToD blocks
2022-05-08,CLERMSF1,-56.86627341703223,ToD blocks
2022-05-15,CLERMSF1,-37.43590669750154,ToD blocks
2022-05-22,CLERMSF1,-24.34480754576623,ToD blocks
2022-05-29,CLERMSF1,-30.318790345614445,ToD blocks
2022-06-05,CLERMSF1,-23.509636030856086,ToD blocks
2022-06-12,CLERMSF1,-142.88518381196855,ToD blocks
2022-06-19,CLERMSF1,-3.4135729601353546,ToD blocks
2022-06-26,CLERMSF1,-25.341569076057056,ToD blocks
2022-07-03,CLERMSF1,-62.77756857998651,ToD blocks
2022-07-10,CLERMSF1,-299.4207887221834,ToD blocks
2022-07-17,CLERMSF1,-53.26666272206322,ToD blocks
2022-07-24,CLERMSF1,-47.832098364318,ToD blocks
2022-07-31,CLERMSF1,-32.033387265532596,ToD blocks
2022-08-07,CLERMSF1,-14.43652235987598,ToD blocks
2022-08-14,CLERMSF1,-21.881805518383203,ToD blocks
2022-08-21,CLERMSF1,3.893741145611509,ToD blocks
2022-08-28,CLERMSF1,-10.24833273100812,ToD blocks
2022-09-04,CLERMSF1,-15.829566555653756,ToD blocks
2022-09-11,CLERMSF1,-16.386937753429024,ToD blocks
2022-09-18,CLERMSF1,-3.701457645144501,ToD blocks
2022-09-25,CLERMSF1,-19.71745564019497,ToD blocks
2022-10-02,CLERMSF1,-18.779204157681164,ToD blocks
2022-10-09,CLERMSF1,-8.860816065820458,ToD blocks
2022-10-16,CLERMSF1,-18.440793772473583,ToD blocks
2022-10-23,CLERMSF1,-17.01124210394461,ToD blocks
2022-10-30,CLERMSF1,-4.119485444406948,ToD blocks
2022-11-06,CLERMSF1,-10.06423985039008,ToD blocks
2022-11-13,CLERMSF1,-8.103126564266603,ToD blocks
2022-11-20,CLERMSF1,-16.41908136769871,ToD blocks
2022-11-27,CLERMSF1,-16.820669982897975,ToD blocks
2022-12-04,CLERMSF1,-26.574015602351594,ToD blocks
2022-12-11,CLERMSF1,-2.3455761255718315,ToD blocks
2022-12-18,CLERMSF1,-2.061094616977023,ToD blocks
2022-12-25,CLERMSF1,-10.498972824288895,ToD blocks
2023-01-01,CLERMSF1,2.066370598982271,ToD blocks
2023-01-08,CLERMSF1,-7.682061100560109,ToD blocks
2023-01-15,CLERMSF1,-18.23929890957055,ToD blocks
2023-01-22,CLERMSF1,-14.680414867741483,ToD blocks
2023-01-29,CLERMSF1,2.6039484778484905,ToD blocks
2023-02-05,CLERMSF1,-11.6554137077366,ToD blocks
2023-02-12,CLERMSF1,-9.783968466616464,ToD blocks
2023-02-19,CLERMSF1,-4.603516206382849,ToD blocks
2023-02-26,CLERMSF1,-1.624047348657136,ToD blocks
2023-03-05,CLERMSF1,-11.764884647457784,ToD blocks
2023-03-12,CLERMSF1,-9.480937287704506,ToD blocks
2023-03-19,CLERMSF1,-14.521135472784607,ToD blocks
2023-03-26,CLERMSF1,-9.516919568315352,ToD blocks
2023-04-02,CLERMSF1,-0.6379141847190368,ToD blocks
2023-04-09,CLERMSF1,5.431307409589316,ToD blocks
2023-04-16,CLERMSF1,-7.77694241146521,ToD blocks
2023-04-23,CLERMSF1,-17.32617303954418,ToD blocks
2023-04-30,CLERMSF1,-17.78246710112333,ToD blocks
2023-05-07,CLERMSF1,-19.677212355772646,ToD blocks
2023-05-14,CLERMSF1,-27.850110450618217,ToD blocks
2023-05-21,CLERMSF1,-23.31708642416362,ToD blocks
2023-05-28,CLERMSF1,-36.38735917914109,ToD blocks
2023-06-04,CLERMSF1,-21.472039597900647,ToD blocks
2023-06-11,CLERMSF1,-13.58360851998745,ToD blocks
2023-06-18,CLERMSF1,-14.50627699299536,ToD blocks
2023-06-25,CLERMSF1,-22.7440542604253,ToD blocks
2023-07-02,CLERMSF1,-18.822011953914743,ToD blocks
2023-07-09,CLERMSF1,-38.29126716535531,ToD blocks
2023-07-16,CLERMSF1,-15.538634380277806,ToD blocks
2023-07-23,CLERMSF1,-25.809682160410134,ToD blocks
2023-07-30,CLERMSF1,-28.94027280238609,ToD blocks
2023-08-06,CLERMSF1,-14.706986612083147,ToD blocks
2023-08-13,CLERMSF1,-18.423895446808828,ToD blocks
2023-08-20,CLERMSF1,-12.8455614909672,ToD blocks
2023-08-27,CLERMSF1,-14.595266298862452,ToD blocks
2023-09-03,CLERMSF1,-16.496930454209252,ToD blocks
2023-09-10,CLERMSF1,-1.3351485732952995,ToD blocks
2023-09-17,CLERMSF1,0.4151377994543477,ToD blocks
2023-09-24,CLERMSF1,-1.1387772243360654,ToD blocks
2023-10-01,CLERMSF1,-0.40013548607288385,ToD blocks
2023-10-08,CLERMSF1,-10.912247620593648,ToD blocks
2023-10-15,CLERMSF1,-8.716017255733174,ToD blocks
2023-10-22,CLERMSF1,-9.545700197267756,ToD blocks
2023-10-29,CLERMSF1,-6.148394573544764,ToD blocks
2023-11-05,CLERMSF1,-7.681983363998876,ToD blocks
2023-11-12,CLERMSF1,3.6021286242352986,ToD blocks
2023-11-19,CLERMSF1,-5.7521614211471,ToD blocks
2023-11-26,CLERMSF1,-5.390983038151589,ToD blocks
2023-12-03,CLERMSF1,-20.55713514335413,ToD blocks
2023-12-10,CLERMSF1,-0.6340070164943299,ToD blocks
2023-12-17,CLERMSF1,2.1586370293044084,ToD blocks
2023-12-24,CLERMSF1,-6.712993482473557,ToD blocks
2023-12-31,CLERMSF1,-1.163423065688022,ToD blocks
2024-01-07,CLERMSF1,-0.911833196970715,ToD blocks
2024-01-14,CLERMSF1,-3.1028435450393275,ToD blocks
2024-01-21,CLERMSF1,-17.058028729657735,ToD blocks
2024-01-28,CLERMSF1,-20.29220655871177,ToD blocks
2024-02-04,CLERMSF1,-15.922768050113405,ToD blocks
2024-02-11,CLERMSF1,-10.496206989727241,ToD blocks
2024-02-18,CLERMSF1,-7.984822516222181,ToD blocks
2024-02-25,CLERMSF1,-18.02030677247859,ToD blocks
2024-03-03,CLERMSF1,-8.587270780438104,ToD blocks
2024-03-10,CLERMSF1,-10.44306817144998,ToD blocks
2024-03-17,CLERMSF1,-7.969475731037505,ToD blocks
2024-03-24,CLERMSF1,-7.974719772609006,ToD blocks
2024-03-31,CLERMSF1,-18.078677897628783,ToD blocks
2024-04-07,CLERMSF1,-8.311565957272464,ToD blocks
2024-04-14,CLERMSF1,-9.56135930038176,ToD blocks
2024-04-21,CLERMSF1,-14.984824766316777,ToD blocks
2024-04-28,CLERMSF1,-11.840482366523663,ToD blocks
2024-05-05,CLERMSF1,-19.304892615011106,ToD blocks
2024-05-12,CLERMSF1,-29.43007447718336,ToD blocks
2024-05-19,CLERMSF1,-14.627779249049393,ToD blocks
2024-05-26,CLERMSF1,-35.06530370314997,ToD blocks
2024-06-02,CLERMSF1,-31.955642759691536,ToD blocks
2024-06-09,CLERMSF1,-18.712049200946634,ToD blocks
2024-06-16,CLERMSF1,-21.108902383269093,ToD blocks
2024-06-23,CLERMSF1,-37.30534546256651,ToD blocks
2024-06-30,CLERMSF1,-28.762883863369225,ToD blocks
2024-07-07,CLERMSF1,-19.851223241044607,ToD blocks
2024-07-14,CLERMSF1,-25.074064517466525,ToD blocks
2024-07-21,CLERMSF1,-15.4379840477152,ToD blocks
2024-07-28,CLERMSF1,-25.053651786681964,ToD blocks
2024-08-04,CLERMSF1,-27.354705433645947,ToD blocks
2024-08-11,CLERMSF1,-8.085126303934373,ToD blocks
2024-08-18,CLERMSF1,-31.965619046536716,ToD blocks
2024-08-25,CLERMSF1,-9.188320402375684,ToD blocks
2024-09-01,CLERMSF1,-6.859451335590323,ToD blocks
2024-09-08,CLERMSF1,-4.568132342702228,ToD blocks
2024-09-15,CLERMSF1,-3.4872688276493875,ToD blocks
2024-09-22,CLERMSF1,-7.469997030914257,ToD blocks
2024-09-29,CLERMSF1,-9.631908977687125,ToD blocks
2024-10-06,CLERMSF1,-5.234343625431423,ToD blocks
2024-10-13,CLERMSF1,-7.234791397417067,ToD blocks
2024-10-20,CLERMSF1,-12.7152947759776,ToD blocks
2024-10-27,CLERMSF1,-11.99828885855941,ToD blocks
2024-11-03,CLERMSF1,-17.446907602924327,ToD blocks
2024-11-10,CLERMSF1,-51.20886040345151,ToD blocks
2024-11-17,CLERMSF1,-19.61498481573969,ToD blocks
2024-11-24,CLERMSF1,-28.88975204391543,ToD blocks
2024-12-01,CLERMSF1,-13.09361994208939,ToD blocks
2024-12-08,CLERMSF1,24.830561630264043,ToD blocks
2024-12-15,CLERMSF1,3.7388798523112996,ToD blocks
2024-12-22,CLERMSF1,-13.746388771018673,ToD blocks
2024-12-29,CLERMSF1,-1.3237763247710532,ToD blocks
2025-01-05,CLERMSF1,-7.285428812234684,ToD blocks
2020-01-05,CSPVPS1,-4.959862734744277,ToD blocks
2020-01-12,CSPVPS1,-1.3046309537438745,ToD blocks
2020-01-19,CSPVPS1,-1.4687532685124083,ToD blocks
2020-01-26,CSPVPS1,-0.7427545955505792,ToD blocks
2020-02-02,CSPVPS1,6.486574236716663,ToD blocks
2020-02-09,CSPVPS1,-1.8010105807979997,ToD blocks
2020-02-16,CSPVPS1,-1.2756160975262745,ToD blocks
2020-02-23,CSPVPS1,-1.3063256305007869,ToD blocks
2020-03-01,CSPVPS1,-2.7842273072084325,ToD blocks
2020-03-08,CSPVPS1,-2.897285133838757,ToD blocks
2020-03-15,CSPVPS1,-3.665573809489981,ToD blocks
2020-03-22,CSPVPS1,-3.135686755610738,ToD blocks
2020-03-29,CSPVPS1,-1.3365767140579408,ToD blocks
2020-04-05,CSPVPS1,-2.5218326696364244,ToD blocks
2020-04-12,CSPVPS1,-2.6250701943981625,ToD blocks
2020-04-19,CSPVPS1,-2.588311772063541,ToD blocks
2020-04-26,CSPVPS1,-2.2272669338628894,ToD blocks
2020-05-03,CSPVPS1,13.862168525065764,ToD blocks
2020-05-10,CSPVPS1,-3.5641876122079346,ToD blocks
2020-05-17,CSPVPS1,-3.7484251105259396,ToD blocks
2020-05-24,CSPVPS1,-8.893299286004808,ToD blocks
2020-05-31,CSPVPS1,-3.269994764783821,ToD blocks
2020-06-07,CSPVPS1,-5.436280242002365,ToD blocks
2020-06-14,CSPVPS1,-5.227050943263109,ToD blocks
2020-06-21,CSPVPS1,-3.4775106552359887,ToD blocks
2020-06-28,CSPVPS1,-7.692076916728517,ToD blocks
2020-07-05,CSPVPS1,-5.752132383953644,ToD blocks
2020-07-12,CSPVPS1,-3.3534409537596233,ToD blocks
2020-07-19,CSPVPS1,-4.379235610579681,ToD blocks
2020-07-26,CSPVPS1,-5.607076387087968,ToD blocks
2020-08-02,CSPVPS1,-2.689082956681858,ToD blocks
2020-08-09,CSPVPS1,-3.1025360294106186,ToD blocks
2020-08-16,CSPVPS1,0.3983783290442924,ToD blocks
2020-08-23,CSPVPS1,-4.913766201537514,ToD blocks
2020-08-30,CSPVPS1,-5.8042412996831185,ToD blocks
2020-09-06,CSPVPS1,-7.09952675394376,ToD blocks
2020-09-13,CSPVPS1,-5.419310053664617,ToD blocks
2020-09-20,CSPVPS1,-5.922085654465057,ToD blocks
2020-09-27,CSPVPS1,-4.537656880018143,ToD blocks
2020-10-04,CSPVPS1,-4.431369556923001,ToD blocks
2020-10-11,CSPVPS1,-2.0193589343699934,ToD blocks
2020-10-18,CSPVPS1,1.521786019616087,ToD blocks
2020-10-25,CSPVPS1,-3.0034214632979612,ToD blocks
2020-11-01,CSPVPS1,-5.193668138808249,ToD blocks
2020-11-08,CSPVPS1,-2.5877778697237623,ToD blocks
2020-11-15,CSPVPS1,-3.872324946813986,ToD blocks
2020-11-22,CSPVPS1,5.519598280159698,ToD blocks
2020-11-29,CSPVPS1,-13.995804315839692,ToD blocks
2020-12-06,CSPVPS1,-1.023212919015137,ToD blocks
2020-12-13,CSPVPS1,-1.0789650487096196,ToD blocks
2020-12-20,CSPVPS1,-7.1846435672597835,ToD blocks
2020-12-27,CSPVPS1,1.4971772114678927,ToD blocks
2021-01-03,CSPVPS1,-3.2071330749729334,ToD blocks
2021-01-10,CSPVPS1,-2.9622514768731634,ToD blocks
2021-01-17,CSPVPS1,-4.64181435863474,ToD blocks
2021-01-24,CSPVPS1,-20.47315597999966,ToD blocks
2021-01-31,CSPVPS1,-0.48854189732723086,ToD blocks
2021-02-07,CSPVPS1,-0.7515250206515063,ToD blocks
2021-02-14,CSPVPS1,-1.5172523374243454,ToD blocks
2021-02-21,CSPVPS1,-1.1803902658899617,ToD blocks
2021-02-28,CSPVPS1,-8.40238717822836,ToD blocks
2021-03-07,CSPVPS1,-7.407430410649027,ToD blocks
2021-03-14,CSPVPS1,-0.32545873161699035,ToD blocks
2021-03-21,CSPVPS1,-2.722694402069372,ToD blocks
2021-03-28,CSPVPS1,-8.150599051031442,ToD blocks
2021-04-04,CSPVPS1,-2.8309751659745075,ToD blocks
2021-04-11,CSPVPS1,-10.200901299694564,ToD blocks
2021-04-18,CSPVPS1,-7.951229207202362,ToD blocks
2021-04-25,CSPVPS1,-37.64917279777656,ToD blocks
2021-05-02,CSPVPS1,-7.701820928248544,ToD blocks
2021-05-09,CSPVPS1,-7.150066630562087,ToD blocks
2021-05-16,CSPVPS1,-45.02933357173407,ToD blocks
2021-05-23,CSPVPS1,-28.203188946343914,ToD blocks
2021-05-30,CSPVPS1,-227.70938777633103,ToD blocks
2021-06-06,CSPVPS1,-58.25010160089893,ToD blocks
2021-06-13,CSPVPS1,-55.38127918102512,ToD blocks
2021-06-20,CSPVPS1,-64.61967953342328,ToD blocks
2021-06-27,CSPVPS1,-35.34044610058116,ToD blocks
2021-07-04,CSPVPS1,-67.68229567310044,ToD blocks
2021-07-11,CSPVPS1,-30.982900543075743,ToD blocks
2021-07-18,CSPVPS1,-18.71357675882114,ToD blocks
2021-07-25,CSPVPS1,-45.653120740227436,ToD blocks
2021-08-01,CSPVPS1,-8.498362973218082,ToD blocks
2021-08-08,CSPVPS1,-6.2520226644304415,ToD blocks
2021-08-15,CSPVPS1,-6.072770657075761,ToD blocks
2021-08-22,CSPVPS1,-11.799737039272856,ToD blocks
2021-08-29,CSPVPS1,-10.847499515618871,ToD blocks
2021-09-05,CSPVPS1,-9.776608067989212,ToD blocks
2021-09-12,CSPVPS1,-7.073884378279527,ToD blocks
2021-09-19,CSPVPS1,-12.141353188281794,ToD blocks
2021-09-26,CSPVPS1,-11.852572285673583,ToD blocks
2021-10-03,CSPVPS1,-0.6541483562872941,ToD blocks
2021-10-10,CSPVPS1,-25.363832438426627,ToD blocks
2021-10-17,CSPVPS1,38.77276018684864,ToD blocks
2021-10-24,CSPVPS1,-18.638961861132117,ToD blocks
2021-10-31,CSPVPS1,-7.004483651973828,ToD blocks
2021-11-07,CSPVPS1,-6.568214161878451,ToD blocks
2021-11-14,CSPVPS1,-65.15203829790983,ToD blocks
2021-11-21,CSPVPS1,-25.663659332795945,ToD blocks
2021-11-28,CSPVPS1,-2.9393421692974613,ToD blocks
2021-12-05,CSPVPS1,-8.33741179068668,ToD blocks
2021-12-12,CSPVPS1,-11.99445228556506,ToD blocks
2021-12-19,CSPVPS1,-4.581882649156405,ToD blocks
2021-12-26,CSPVPS1,6.847982730926958,ToD blocks
2022-01-02,CSPVPS1,0.25191735562277273,ToD blocks
2022-01-09,CSPVPS1,-8.670505391614995,ToD blocks
2022-01-16,CSPVPS1,-7.2167719686359675,ToD blocks
2022-01-23,CSPVPS1,1.4962743080029952,ToD blocks
2022-01-30,CSPVPS1,-13.491520641543957,ToD blocks
2022-02-06,CSPVPS1,-2.3941159545566393,ToD blocks
2022-02-13,CSPVPS1,-4.101658385286932,ToD blocks
2022-02-20,CSPVPS1,-8.059697955875976,ToD blocks
2022-02-27,CSPVPS1,-8.194336998288762,ToD blocks
2022-03-06,CSPVPS1,-3.0181577092132557,ToD blocks
2022-03-13,CSPVPS1,-30.210770726074614,ToD blocks
2022-03-20,CSPVPS1,-12.569108041350042,ToD blocks
2022-03-27,CSPVPS1,-10.788962564105745,ToD blocks
2022-04-03,CSPVPS1,-14.049645498023793,ToD blocks
2022-04-10,CSPVPS1,-50.74048680888686,ToD blocks
2022-04-17,CSPVPS1,-26.02010649740184,ToD blocks
2022-04-24,CSPVPS1,-33.92728189344676,ToD blocks
2022-05-01,CSPVPS1,-19.61635179329832,ToD blocks
2022-05-08,CSPVPS1,-65.75418418070376,ToD blocks
2022-05-15,CSPVPS1,-45.829404509213134,ToD blocks
2022-05-22,CSPVPS1,-30.606577980676832,ToD blocks
2022-05-29,CSPVPS1,-35.56119752699095,ToD blocks
2022-06-05,CSPVPS1,-80.62312262360462,ToD blocks
2022-06-12,CSPVPS1,-153.013119767278,ToD blocks
2022-06-19,CSPVPS1,-5.4533302279675695,ToD blocks
2022-06-26,CSPVPS1,-32.08385269760137,ToD blocks
2022-07-03,CSPVPS1,-70.02681634165606,ToD blocks
2022-07-10,CSPVPS1,-504.10400147377186,ToD blocks
2022-07-17,CSPVPS1,-56.10591524883648,ToD blocks
2022-07-24,CSPVPS1,-57.660647320001715,ToD blocks
2022-07-31,CSPVPS1,-35.57836366836774,ToD blocks
2022-08-07,CSPVPS1,-20.562436292762726,ToD blocks
2022-08-14,CSPVPS1,-23.58351656560447,ToD blocks
2022-08-21,CSPVPS1,-25.543926254071053,ToD blocks
2022-08-28,CSPVPS1,-29.862221811363618,ToD blocks
2022-09-04,CSPVPS1,-22.444740042910524,ToD blocks
2022-09-11,CSPVPS1,-27.28559676359599,ToD blocks
2022-09-18,CSPVPS1,-39.174294509883055,ToD blocks
2022-09-25,CSPVPS1,-16.240685325953983,ToD blocks
2022-10-02,CSPVPS1,-19.056312630881393,ToD blocks
2022-10-09,CSPVPS1,-13.27496801362544,ToD blocks
2022-10-16,CSPVPS1,1.0804342101762217,ToD blocks
2022-10-23,CSPVPS1,-13.852708459657649,ToD blocks
2022-10-30,CSPVPS1,-20.78899332651325,ToD blocks
2022-11-06,CSPVPS1,-19.42019427093615,ToD blocks
2022-11-13,CSPVPS1,-10.87510146905624,ToD blocks
2022-11-20,CSPVPS1,-26.621306291693173,ToD blocks
2022-11-27,CSPVPS1,-14.876844181797473,ToD blocks
2022-12-04,CSPVPS1,-13.767303943502895,ToD blocks
2022-12-11,CSPVPS1,-5.733096263067075,ToD blocks
2022-12-18,CSPVPS1,-6.156630823229305,ToD blocks
2022-12-25,CSPVPS1,-6.986367735164663,ToD blocks
2023-01-01,CSPVPS1,-3.507707742251858,ToD blocks
2023-01-08,CSPVPS1,-9.339079488921893,ToD blocks
2023-01-15,CSPVPS1,-5.001209351476874,ToD blocks
2023-01-22,CSPVPS1,-11.928842405839639,ToD blocks
2023-01-29,CSPVPS1,-5.85620644144403,ToD blocks
2023-02-05,CSPVPS1,-7.702497131443565,ToD blocks
2023-02-12,CSPVPS1,-6.586384876536329,ToD blocks
2023-02-19,CSPVPS1,-5.3509617244775285,ToD blocks
2023-02-26,CSPVPS1,-13.305170651919703,ToD blocks
2023-03-05,CSPVPS1,-7.676253127210863,ToD blocks
2023-03-12,CSPVPS1,-5.091156831247972,ToD blocks
2023-03-19,CSPVPS1,-20.961993685702353,ToD blocks
2023-03-26,CSPVPS1,-7.983606122209558,ToD blocks
2023-04-02,CSPVPS1,-12.334448785625312,ToD blocks
2023-04-09,CSPVPS1,-18.35296319056242,ToD blocks
2023-04-16,CSPVPS1,-18.34991723449639,ToD blocks
2023-04-23,CSPVPS1,-19.745435401097062,ToD blocks
2023-04-30,CSPVPS1,-19.49052720476672,ToD blocks
2023-05-07,CSPVPS1,-30.517082788253454,ToD blocks
2023-05-14,CSPVPS1,-32.43225891677074,ToD blocks
2023-05-21,CSPVPS1,-22.513656553357805,ToD blocks
2023-05-28,CSPVPS1,-41.83956625343741,ToD blocks
2023-06-04,CSPVPS1,-23.525172049200556,ToD blocks
2023-06-11,CSPVPS1,-13.102565467577499,ToD blocks
2023-06-18,CSPVPS1,-17.19445898917661,ToD blocks
2023-06-25,CSPVPS1,-26.42923749690567,ToD blocks
2023-07-02,CSPVPS1,-20.323526311051292,ToD blocks
2023-07-09,CSPVPS1,-38.710481607116904,ToD blocks
2023-07-16,CSPVPS1,-17.183770451092677,ToD blocks
2023-07-23,CSPVPS1,-27.70591777434728,ToD blocks
2023-07-30,CSPVPS1,-28.82073027848718,ToD blocks
2023-08-06,CSPVPS1,-14.040911625942325,ToD blocks
2023-08-13,CSPVPS1,-20.07882773870289,ToD blocks
2023-08-20,CSPVPS1,-16.136051069467015,ToD blocks
2023-08-27,CSPVPS1,-15.619266831869833,ToD blocks
2023-09-03,CSPVPS1,-14.082254944637372,ToD blocks
2023-09-10,CSPVPS1,-13.636225304893124,ToD blocks
2023-09-17,CSPVPS1,-12.739314948193831,ToD blocks
2023-09-24,CSPVPS1,-6.485742287084985,ToD blocks
2023-10-01,CSPVPS1,-8.14424713021726,ToD blocks
2023-10-08,CSPVPS1,-8.751409349176566,ToD blocks
2023-10-15,CSPVPS1,-10.438483449416204,ToD blocks
2023-10-22,CSPVPS1,-11.369601993438403,ToD blocks
2023-10-29,CSPVPS1,-9.344929281393167,ToD blocks
2023-11-05,CSPVPS1,-8.002771535599564,ToD blocks
2023-11-12,CSPVPS1,-8.135708930365283,ToD blocks
2023-11-19,CSPVPS1,-6.4062092307386,ToD blocks
2023-11-26,CSPVPS1,-3.4615596301754294,ToD blocks
2023-12-03,CSPVPS1,-13.465724157000732,ToD blocks
2023-12-10,CSPVPS1,-5.83947440880824,ToD blocks
2023-12-17,CSPVPS1,-5.045357788998338,ToD blocks
2023-12-24,CSPVPS1,-5.6111264449565255,ToD blocks
2023-12-31,CSPVPS1,-18.249111708085806,ToD blocks
2024-01-07,CSPVPS1,-3.4877177019389904,ToD blocks
2024-01-14,CSPVPS1,-9.192937277034723,ToD blocks
2024-01-21,CSPVPS1,-14.978754110218361,ToD blocks
2024-01-28,CSPVPS1,-0.768421491606972,ToD blocks
2024-02-04,CSPVPS1,-3.3863404183431243,ToD blocks
2024-02-11,CSPVPS1,-7.684237752665652,ToD blocks
2024-02-18,CSPVPS1,-10.624264100958783,ToD blocks
2024-02-25,CSPVPS1,-23.67281722838466,ToD blocks
2024-03-03,CSPVPS1,-18.315509428261834,ToD blocks
2024-03-10,CSPVPS1,-5.1627080386258655,ToD blocks
2024-03-17,CSPVPS1,-8.097811185302994,ToD blocks
2024-03-24,CSPVPS1,-6.59824101446916,ToD blocks
2024-03-31,CSPVPS1,-12.520674593193093,ToD blocks
2024-04-07,CSPVPS1,-5.64772962850099,ToD blocks
2024-04-14,CSPVPS1,-10.441547966745945,ToD blocks
2024-04-21,CSPVPS1,-14.937039519198933,ToD blocks
2024-04-28,CSPVPS1,-18.68950727752422,ToD blocks
2024-05-05,CSPVPS1,-18.134754509387328,ToD blocks
2024-05-12,CSPVPS1,-40.71160795852779,ToD blocks
2024-05-19,CSPVPS1,-19.150178904984728,ToD blocks
2024-05-26,CSPVPS1,-36.89642570027014,ToD blocks
2024-06-02,CSPVPS1,-25.39583384788307,ToD blocks
2024-06-09,CSPVPS1,-29.88971228702472,ToD blocks
2024-06-16,CSPVPS1,-28.990992830118312,ToD blocks
2024-06-23,CSPVPS1,-49.66479821229704,ToD blocks
2024-06-30,CSPVPS1,-28.249869233252987,ToD blocks
2024-07-07,CSPVPS1,-18.692296200376887,ToD blocks
2024-07-14,CSPVPS1,-30.858817396283612,ToD blocks
2024-07-21,CSPVPS1,-18.746466662301568,ToD blocks
2024-07-28,CSPVPS1,-21.86976908060709,ToD blocks
2024-08-04,CSPVPS1,-33.59231752080052,ToD blocks
2024-08-11,CSPVPS1,-24.18364935192116,ToD blocks
2024-08-18,CSPVPS1,-28.549233641779985,ToD blocks
2024-08-25,CSPVPS1,-16.009065217354756,ToD blocks
2024-09-01,CSPVPS1,-13.506882619828687,ToD blocks
2024-09-08,CSPVPS1,-9.081542313614896,ToD blocks
2024-09-15,CSPVPS1,-10.09162903249944,ToD blocks
2024-09-22,CSPVPS1,-10.28492033913118,ToD blocks
2024-09-29,CSPVPS1,-9.61957045252921,ToD blocks
2024-10-06,CSPVPS1,-11.70886476552458,ToD blocks
2024-10-13,CSPVPS1,-14.721527694975316,ToD blocks
2024-10-20,CSPVPS1,-15.144770551547348,ToD blocks
2024-10-27,CSPVPS1,-8.613510025098492,ToD blocks
2024-11-03,CSPVPS1,-12.461370093629725,ToD blocks
2024-11-10,CSPVPS1,-51.77741160795259,ToD blocks
2024-11-17,CSPVPS1,-9.773948832019443,ToD blocks
2024-11-24,CSPVPS1,-11.75695108087131,ToD blocks
2024-12-01,CSPVPS1,-13.915113512928698,ToD blocks
2024-12-08,CSPVPS1,-6.586081516467601,ToD blocks
2024-12-15,CSPVPS1,-6.325763200684406,ToD blocks
2024-12-22,CSPVPS1,-24.984898683686502,ToD blocks
2024-12-29,CSPVPS1,-3.476347419218193,ToD blocks
2025-01-05,CSPVPS1,-10.086219686713367,ToD blocks
2020-01-05,DAYDSF1,-7.9467293784092305,ToD blocks
2020-01-12,DAYDSF1,-1.2614719627689581,ToD blocks
2020-01-19,DAYDSF1,-1.8482416634138588,ToD blocks
2020-01-26,DAYDSF1,-3.814043012722962,ToD blocks
2020-02-02,DAYDSF1,16.27359424646329,ToD blocks
2020-02-09,DAYDSF1,-1.037236069550147,ToD blocks
2020-02-16,DAYDSF1,-1.6980268979711326,ToD blocks
2020-02-23,DAYDSF1,-2.140993479533506,ToD blocks
2020-03-01,DAYDSF1,-4.13068567471111,ToD blocks
2020-03-08,DAYDSF1,-3.6506297922840005,ToD blocks
2020-03-15,DAYDSF1,-5.258163229434384,ToD blocks
2020-03-22,DAYDSF1,-3.3431615580198972,ToD blocks
2020-03-29,DAYDSF1,-1.1302712346660968,ToD blocks
2020-04-05,DAYDSF1,-1.6799823279715298,ToD blocks
2020-04-12,DAYDSF1,-2.464985980966272,ToD blocks
2020-04-19,DAYDSF1,-2.25656720939773,ToD blocks
2020-04-26,DAYDSF1,-1.551267385002589,ToD blocks
2020-05-03,DAYDSF1,24.076167880326324,ToD blocks
2020-05-10,DAYDSF1,-2.6835438564662333,ToD blocks
2020-05-17,DAYDSF1,-3.6305532358347143,ToD blocks
2020-05-24,DAYDSF1,-9.333127238223373,ToD blocks
2020-05-31,DAYDSF1,-3.215970884627776,ToD blocks
2020-06-07,DAYDSF1,-4.963631139518082,ToD blocks
2020-06-14,DAYDSF1,-5.27548321229764,ToD blocks
2020-06-21,DAYDSF1,-4.460429257992637,ToD blocks
2020-06-28,DAYDSF1,-6.509490136741662,ToD blocks
2020-07-05,DAYDSF1,0.8623212881901381,ToD blocks
2020-07-12,DAYDSF1,-3.2010813969929117,ToD blocks
2020-07-19,DAYDSF1,-4.471894513826278,ToD blocks
2020-07-26,DAYDSF1,-6.876497923116574,ToD blocks
2020-08-02,DAYDSF1,-2.836773930880497,ToD blocks
2020-08-09,DAYDSF1,0.5922430854335694,ToD blocks
2020-08-16,DAYDSF1,6.936845987148713,ToD blocks
2020-08-23,DAYDSF1,-2.5021053213592666,ToD blocks
2020-08-30,DAYDSF1,-4.364195137314173,ToD blocks
2020-09-06,DAYDSF1,-4.120992418413209,ToD blocks
2020-09-13,DAYDSF1,-5.601195586625469,ToD blocks
2020-09-20,DAYDSF1,-2.905177732465151,ToD blocks
2020-09-27,DAYDSF1,3.53029060149872,ToD blocks
2020-10-04,DAYDSF1,-3.91627971187303,ToD blocks
2020-10-11,DAYDSF1,-2.3995449317743045,ToD blocks
2020-10-18,DAYDSF1,10.17596177708808,ToD blocks
2020-10-25,DAYDSF1,-3.682726233906738,ToD blocks
2020-11-01,DAYDSF1,-6.106611051899961,ToD blocks
2020-11-08,DAYDSF1,-2.4972255821257434,ToD blocks
2020-11-15,DAYDSF1,-3.1451351593010592,ToD blocks
2020-11-22,DAYDSF1,-4.056357687966013,ToD blocks
2020-11-29,DAYDSF1,-6.774375724394702,ToD blocks
2020-12-06,DAYDSF1,-6.268555911405677,ToD blocks
2020-12-13,DAYDSF1,-3.392101503481534,ToD blocks
2020-12-20,DAYDSF1,-6.905795956094693,ToD blocks
2020-12-27,DAYDSF1,3.261717296084015,ToD blocks
2021-01-03,DAYDSF1,-5.250105349092141,ToD blocks
2021-01-10,DAYDSF1,-2.8631105733659723,ToD blocks
2021-01-17,DAYDSF1,-5.539504004743009,ToD blocks
2021-01-24,DAYDSF1,-23.664339134032403,ToD blocks
2021-01-31,DAYDSF1,-0.18275394845701243,ToD blocks
2021-02-07,DAYDSF1,-0.4026382442299692,ToD blocks
2021-02-14,DAYDSF1,-2.3241336843853304,ToD blocks
2021-02-21,DAYDSF1,-2.9491439217243425,ToD blocks
2021-02-28,DAYDSF1,-10.571697075490633,ToD blocks
2021-03-07,DAYDSF1,-10.74393083106471,ToD blocks
2021-03-14,DAYDSF1,2.5627410203765777,ToD blocks
2021-03-21,DAYDSF1,-2.542141471040267,ToD blocks
2021-03-28,DAYDSF1,-0.6864481125974393,ToD blocks
2021-04-04,DAYDSF1,-4.288413586164754,ToD blocks
2021-04-11,DAYDSF1,1.923514907552267,ToD blocks
2021-04-18,DAYDSF1,-8.152008705905413,ToD blocks
2021-04-25,DAYDSF1,-48.37104542758035,ToD blocks
2021-05-02,DAYDSF1,-8.010034322603442,ToD blocks
2021-05-09,DAYDSF1,-1.9153050513979224,ToD blocks
2021-05-16,DAYDSF1,-8.76793257625868,ToD blocks
2021-05-23,DAYDSF1,-27.59755383818284,ToD blocks
2021-05-30,DAYDSF1,-227.88541394183272,ToD blocks
2021-06-06,DAYDSF1,-67.25958872712212,ToD blocks
2021-06-13,DAYDSF1,-60.11450915516984,ToD blocks
2021-06-20,DAYDSF1,-96.2251228263774,ToD blocks
2021-06-27,DAYDSF1,-38.76225711987923,ToD blocks
2021-07-04,DAYDSF1,-89.16814531341888,ToD blocks
2021-07-11,DAYDSF1,-26.17202539817694,ToD blocks
2021-07-18,DAYDSF1,-20.896369780671712,ToD blocks
2021-07-25,DAYDSF1,-57.9361400819607,ToD blocks
2021-08-01,DAYDSF1,-6.909058948193632,ToD blocks
2021-08-08,DAYDSF1,-3.4447634679561148,ToD blocks
2021-08-15,DAYDSF1,-6.7229468049810315,ToD blocks
2021-08-22,DAYDSF1,-7.055089127588527,ToD blocks
2021-08-29,DAYDSF1,-5.641286896011724,ToD blocks
2021-09-05,DAYDSF1,-8.249195866857544,ToD blocks
2021-09-12,DAYDSF1,-1.0698265284986137,ToD blocks
2021-09-19,DAYDSF1,-15.691340647698908,ToD blocks
2021-09-26,DAYDSF1,-7.558258005271296,ToD blocks
2021-10-03,DAYDSF1,6.473927473863668,ToD blocks
2021-10-10,DAYDSF1,-8.30855669134877,ToD blocks
2021-10-17,DAYDSF1,31.80499323397437,ToD blocks
2021-10-24,DAYDSF1,-10.40896800109654,ToD blocks
2021-10-31,DAYDSF1,-6.403646706033996,ToD blocks
2021-11-07,DAYDSF1,-6.373832976006788,ToD blocks
2021-11-14,DAYDSF1,54.33275180077135,ToD blocks
2021-11-21,DAYDSF1,-5.916711084004348,ToD blocks
2021-11-28,DAYDSF1,4.240147095143243,ToD blocks
2021-12-05,DAYDSF1,-9.218099413898628,ToD blocks
2021-12-12,DAYDSF1,-23.55068836329022,ToD blocks
2021-12-19,DAYDSF1,-4.77109676773474,ToD blocks
2021-12-26,DAYDSF1,-9.420163591651246,ToD blocks
2022-01-02,DAYDSF1,2.1792651854169094,ToD blocks
2022-01-09,DAYDSF1,-11.189137630931498,ToD blocks
2022-01-16,DAYDSF1,-8.07104296921068,ToD blocks
2022-01-23,DAYDSF1,-2.97055040254034,ToD blocks
2022-01-30,DAYDSF1,-14.886607072464486,ToD blocks
2022-02-06,DAYDSF1,26.17463376196912,ToD blocks
2022-02-13,DAYDSF1,-4.5876815636295305,ToD blocks
2022-02-20,DAYDSF1,-10.10066077071123,ToD blocks
2022-02-27,DAYDSF1,-8.458309171012218,ToD blocks
2022-03-06,DAYDSF1,-4.274224252175671,ToD blocks
2022-03-13,DAYDSF1,-47.760793553330004,ToD blocks
2022-03-20,DAYDSF1,-14.215961464726256,ToD blocks
2022-03-27,DAYDSF1,-10.37825235124076,ToD blocks
2022-04-03,DAYDSF1,-11.31238556244621,ToD blocks
2022-04-10,DAYDSF1,-48.17798617603597,ToD blocks
2022-04-17,DAYDSF1,-18.48103880385692,ToD blocks
2022-04-24,DAYDSF1,-35.31329607400676,ToD blocks
2022-05-01,DAYDSF1,-15.934288403853486,ToD blocks
2022-05-08,DAYDSF1,-51.69834156663819,ToD blocks
2022-05-15,DAYDSF1,-51.46202381997409,ToD blocks
2022-05-22,DAYDSF1,-32.75989424940428,ToD blocks
2022-05-29,DAYDSF1,-25.673465420768366,ToD blocks
2022-06-05,DAYDSF1,-63.77215386793466,ToD blocks
2022-06-12,DAYDSF1,-125.9903300349722,ToD blocks
2022-06-19,DAYDSF1,-4.0637852208826075,ToD blocks
2022-06-26,DAYDSF1,-35.808671773491795,ToD blocks
2022-07-03,DAYDSF1,-65.9771206818441,ToD blocks
2022-07-10,DAYDSF1,-502.4972185149338,ToD blocks
2022-07-17,DAYDSF1,-45.621336577428764,ToD blocks
2022-07-24,DAYDSF1,-52.564021824477834,ToD blocks
2022-07-31,DAYDSF1,-30.254940757032415,ToD blocks
2022-08-07,DAYDSF1,-19.943094908322124,ToD blocks
2022-08-14,DAYDSF1,-19.998218258698273,ToD blocks
2022-08-21,DAYDSF1,-2.499198677469428,ToD blocks
2022-08-28,DAYDSF1,-17.867190824860025,ToD blocks
2022-09-04,DAYDSF1,-24.637396818016143,ToD blocks
2022-09-11,DAYDSF1,-25.034034973331913,ToD blocks
2022-09-18,DAYDSF1,-16.66899752308936,ToD blocks
2022-09-25,DAYDSF1,-9.676950049359348,ToD blocks
2022-10-02,DAYDSF1,-15.838951679612052,ToD blocks
2022-10-09,DAYDSF1,-12.617787494270786,ToD blocks
2022-10-16,DAYDSF1,-18.54199416201162,ToD blocks
2022-10-23,DAYDSF1,-14.425687686759147,ToD blocks
2022-10-30,DAYDSF1,-21.048948161657904,ToD blocks
2022-11-06,DAYDSF1,-2.693580890233008,ToD blocks
2022-11-13,DAYDSF1,-8.618728081854933,ToD blocks
2022-11-20,DAYDSF1,-25.002742437128504,ToD blocks
2022-11-27,DAYDSF1,-14.156341447673931,ToD blocks
2022-12-04,DAYDSF1,-14.40461101148152,ToD blocks
2022-12-11,DAYDSF1,-1.1070716711739692,ToD blocks
2022-12-18,DAYDSF1,-3.567804749573895,ToD blocks
2022-12-25,DAYDSF1,-7.263829426511382,ToD blocks
2023-01-01,DAYDSF1,0.5711077255718386,ToD blocks
2023-01-08,DAYDSF1,-5.9569451010186185,ToD blocks
2023-01-15,DAYDSF1,-19.304687158322103,ToD blocks
2023-01-22,DAYDSF1,-24.28611457671317,ToD blocks
2023-01-29,DAYDSF1,1.6752017119070501,ToD blocks
2023-02-05,DAYDSF1,-7.525335797215689,ToD blocks
2023-02-12,DAYDSF1,-7.360657112529701,ToD blocks
2023-02-19,DAYDSF1,-4.844681560463862,ToD blocks
2023-02-26,DAYDSF1,-20.9295826817341,ToD blocks
2023-03-05,DAYDSF1,-5.687054688175984,ToD blocks
2023-03-12,DAYDSF1,-5.366979379571916,ToD blocks
2023-03-19,DAYDSF1,-17.64781289245265,ToD blocks
2023-03-26,DAYDSF1,-5.482655283234166,ToD blocks
2023-04-02,DAYDSF1,-36.2836491025961,ToD blocks
2023-04-09,DAYDSF1,-6.995815725724064,ToD blocks
2023-04-16,DAYDSF1,-6.717162533190685,ToD blocks
2023-04-23,DAYDSF1,-17.659457343958984,ToD blocks
2023-04-30,DAYDSF1,-14.397198443656166,ToD blocks
2023-05-07,DAYDSF1,-25.361810406719435,ToD blocks
2023-05-14,DAYDSF1,-25.828344979399517,ToD blocks
2023-05-21,DAYDSF1,-26.989302254082347,ToD blocks
2023-05-28,DAYDSF1,-42.502110297479824,ToD blocks
2023-06-04,DAYDSF1,-20.830476321307195,ToD blocks
2023-06-11,DAYDSF1,-12.532575953059109,ToD blocks
2023-06-18,DAYDSF1,-15.660524795486218,ToD blocks
2023-06-25,DAYDSF1,-24.14958032673978,ToD blocks
2023-07-02,DAYDSF1,-15.017713298335917,ToD blocks
2023-07-09,DAYDSF1,-43.41252489553719,ToD blocks
2023-07-16,DAYDSF1,-16.84968406201073,ToD blocks
2023-07-23,DAYDSF1,-28.333343337576544,ToD blocks
2023-07-30,DAYDSF1,-26.729314348748844,ToD blocks
2023-08-06,DAYDSF1,-13.210296537263561,ToD blocks
2023-08-13,DAYDSF1,-19.534631090593983,ToD blocks
2023-08-20,DAYDSF1,-12.678751237113747,ToD blocks
2023-08-27,DAYDSF1,-13.297651094072343,ToD blocks
2023-09-03,DAYDSF1,-12.452870330406427,ToD blocks
2023-09-10,DAYDSF1,-11.2144656016981,ToD blocks
2023-09-17,DAYDSF1,-11.026771555209613,ToD blocks
2023-09-24,DAYDSF1,-3.5142496273979624,ToD blocks
2023-10-01,DAYDSF1,-3.818346759248204,ToD blocks
2023-10-08,DAYDSF1,-8.285985306751536,ToD blocks
2023-10-15,DAYDSF1,-7.802296078996669,ToD blocks
2023-10-22,DAYDSF1,-10.62027673060112,ToD blocks
2023-10-29,DAYDSF1,-5.805869218003998,ToD blocks
2023-11-05,DAYDSF1,-5.980344966322951,ToD blocks
2023-11-12,DAYDSF1,-5.999490149722799,ToD blocks
2023-11-19,DAYDSF1,5.4842982458021865,ToD blocks
2023-11-26,DAYDSF1,-3.2659417087699225,ToD blocks
2023-12-03,DAYDSF1,-13.350962740725826,ToD blocks
2023-12-10,DAYDSF1,-1.3537760909969094,ToD blocks
2023-12-17,DAYDSF1,-7.041604291408142,ToD blocks
2023-12-24,DAYDSF1,-3.236855729079956,ToD blocks
2023-12-31,DAYDSF1,-21.085097033151857,ToD blocks
2024-01-07,DAYDSF1,-3.2977608534920506,ToD blocks
2024-01-14,DAYDSF1,-13.749055863570895,ToD blocks
2024-01-21,DAYDSF1,-34.72925148509488,ToD blocks
2024-01-28,DAYDSF1,26.251070378898845,ToD blocks
2024-02-04,DAYDSF1,10.933766208001785,ToD blocks
2024-02-11,DAYDSF1,-7.892700376250765,ToD blocks
2024-02-18,DAYDSF1,-10.342235723729836,ToD blocks
2024-02-25,DAYDSF1,-24.996861802007174,ToD blocks
2024-03-03,DAYDSF1,-35.671252823872976,ToD blocks
2024-03-10,DAYDSF1,-8.208946962104577,ToD blocks
2024-03-17,DAYDSF1,-9.545253118154797,ToD blocks
2024-03-24,DAYDSF1,-9.246128975949155,ToD blocks
2024-03-31,DAYDSF1,-18.02509033794048,ToD blocks
2024-04-07,DAYDSF1,-6.226470187956352,ToD blocks
2024-04-14,DAYDSF1,-8.764306202702361,ToD blocks
2024-04-21,DAYDSF1,-17.49008823569534,ToD blocks
2024-04-28,DAYDSF1,-18.270313142337464,ToD blocks
2024-05-05,DAYDSF1,-16.451080118627992,ToD blocks
2024-05-12,DAYDSF1,-28.779940185358917,ToD blocks
2024-05-19,DAYDSF1,-24.260309103907197,ToD blocks
2024-05-26,DAYDSF1,-34.96851075111985,ToD blocks
2024-06-02,DAYDSF1,-23.6674203644656,ToD blocks
2024-06-09,DAYDSF1,-18.97233637898108,ToD blocks
2024-06-16,DAYDSF1,-22.838704090464205,ToD blocks
2024-06-23,DAYDSF1,-38.75566205322673,ToD blocks
2024-06-30,DAYDSF1,-26.70343042414563,ToD blocks
2024-07-07,DAYDSF1,1.520813830927878,ToD blocks
2024-07-14,DAYDSF1,-32.80446009860535,ToD blocks
2024-07-21,DAYDSF1,-15.268205277367674,ToD blocks
2024-07-28,DAYDSF1,-21.894536133887215,ToD blocks
2024-08-04,DAYDSF1,-31.916999542859728,ToD blocks
2024-08-11,DAYDSF1,-22.794448686976807,ToD blocks
2024-08-18,DAYDSF1,-29.39667277463586,ToD blocks
2024-08-25,DAYDSF1,-9.979130849388714,ToD blocks
2024-09-01,DAYDSF1,-0.48833382610932574,ToD blocks
2024-09-08,DAYDSF1,-5.732553205245569,ToD blocks
2024-09-15,DAYDSF1,-6.050160871044188,ToD blocks
2024-09-22,DAYDSF1,-8.061733931819862,ToD blocks
2024-09-29,DAYDSF1,-7.399772593232162,ToD blocks
2024-10-06,DAYDSF1,-5.874904023462861,ToD blocks
2024-10-13,DAYDSF1,-9.18057068371171,ToD blocks
2024-10-20,DAYDSF1,-12.81279841293212,ToD blocks
2024-10-27,DAYDSF1,4.187406593254483,ToD blocks
2024-11-03,DAYDSF1,1.0824294133084498,ToD blocks
2024-11-10,DAYDSF1,-59.37115972137455,ToD blocks
2024-11-17,DAYDSF1,-3.026739849171477,ToD blocks
2024-11-24,DAYDSF1,-6.774598738547908,ToD blocks
2024-12-01,DAYDSF1,-9.186077192584406,ToD blocks
2024-12-08,DAYDSF1,-1.4491100758613982,ToD blocks
2024-12-15,DAYDSF1,-7.606527009737704,ToD blocks
2024-12-22,DAYDSF1,-23.551757840617242,ToD blocks
2024-12-29,DAYDSF1,8.431928047345377,ToD blocks
2025-01-05,DAYDSF1,-7.966974382130417,ToD blocks
2020-01-05,DDSF1,-6.301443904798674,ToD blocks
2020-01-12,DDSF1,-0.3204744845849703,ToD blocks
2020-01-19,DDSF1,-0.2674747831147499,ToD blocks
2020-01-26,DDSF1,-1.2073640060923196,ToD blocks
2020-02-02,DDSF1,-4.73980833582462,ToD blocks
2020-02-09,DDSF1,-0.5351597972283741,ToD blocks
2020-02-16,DDSF1,-1.3930439034408408,ToD blocks
2020-02-23,DDSF1,2.4828364413173176,ToD blocks
2020-03-01,DDSF1,-2.9208229148548526,ToD blocks
2020-03-08,DDSF1,-2.0776283907309434,ToD blocks
2020-03-15,DDSF1,-3.9040220808189297,ToD blocks
2020-03-22,DDSF1,-3.005189336029215,ToD blocks
2020-03-29,DDSF1,-2.7087295518308707,ToD blocks
2020-04-05,DDSF1,-3.9944493143235036,ToD blocks
2020-04-12,DDSF1,-3.490160974519398,ToD blocks
2020-04-19,DDSF1,-3.554112773332786,ToD blocks
2020-04-26,DDSF1,-2.7531298438256044,ToD blocks
2020-05-03,DDSF1,11.771096997136695,ToD blocks
2020-05-10,DDSF1,-3.7069898250509645,ToD blocks
2020-05-17,DDSF1,-5.090047830529738,ToD blocks
2020-05-24,DDSF1,-8.29828232522149,ToD blocks
2020-05-31,DDSF1,-4.034285496289417,ToD blocks
2020-06-07,DDSF1,-6.588892968648825,ToD blocks
2020-06-14,DDSF1,-6.906605459307652,ToD blocks
2020-06-21,DDSF1,-2.894829626423519,ToD blocks
2020-06-28,DDSF1,-6.980674639869681,ToD blocks
2020-07-05,DDSF1,-4.807045526923986,ToD blocks
2020-07-12,DDSF1,-4.861886423430473,ToD blocks
2020-07-19,DDSF1,-5.6718779889489035,ToD blocks
2020-07-26,DDSF1,-5.533968323539508,ToD blocks
2020-08-02,DDSF1,-3.0361105030345144,ToD blocks
2020-08-09,DDSF1,-2.99309144994735,ToD blocks
2020-08-16,DDSF1,-4.13468532805147,ToD blocks
2020-08-23,DDSF1,-5.7261880266662795,ToD blocks
2020-08-30,DDSF1,-5.6110891506712655,ToD blocks
2020-09-06,DDSF1,-7.701120270893213,ToD blocks
2020-09-13,DDSF1,-2.413876220481338,ToD blocks
2020-09-20,DDSF1,-5.469914263810527,ToD blocks
2020-09-27,DDSF1,-6.6419382928219175,ToD blocks
2020-10-04,DDSF1,-4.945956573655784,ToD blocks
2020-10-11,DDSF1,-3.5245423855000304,ToD blocks
2020-10-18,DDSF1,10.627922378972386,ToD blocks
2020-10-25,DDSF1,-7.859480240917936,ToD blocks
2020-11-01,DDSF1,-4.9170451104217605,ToD blocks
2020-11-08,DDSF1,-3.067198681093192,ToD blocks
2020-11-15,DDSF1,-4.647757382636076,ToD blocks
2020-11-22,DDSF1,3.260714610722779,ToD blocks
2020-11-29,DDSF1,-19.219709680396303,ToD blocks
2020-12-06,DDSF1,-0.7061253438628796,ToD blocks
2020-12-13,DDSF1,-3.106505322004466,ToD blocks
2020-12-20,DDSF1,-15.082027341003695,ToD blocks
2020-12-27,DDSF1,-2.604091182771839,ToD blocks
2021-01-03,DDSF1,-2.3243466105891954,ToD blocks
2021-01-10,DDSF1,-1.3736264222461685,ToD blocks
2021-01-17,DDSF1,-2.502616099643184,ToD blocks
2021-01-24,DDSF1,-12.511078766121294,ToD blocks
2021-01-31,DDSF1,-0.8296189571443051,ToD blocks
2021-02-07,DDSF1,-1.0060872297839722,ToD blocks
2021-02-14,DDSF1,-0.39998722496100214,ToD blocks
2021-02-21,DDSF1,-1.495104503461043,ToD blocks
2021-02-28,DDSF1,-4.757948771445456,ToD blocks
2021-03-07,DDSF1,-6.44136275523476,ToD blocks
2021-03-14,DDSF1,-3.7811507815914283,ToD blocks
2021-03-21,DDSF1,-1.1865753386626565,ToD blocks
2021-03-28,DDSF1,-10.802135288424726,ToD blocks
2021-04-04,DDSF1,-4.004051886016523,ToD blocks
2021-04-11,DDSF1,7.066290617489024,ToD blocks
2021-04-18,DDSF1,-8.018793149934424,ToD blocks
2021-04-25,DDSF1,-27.142236286015766,ToD blocks
2021-05-02,DDSF1,-7.3948751694781,ToD blocks
2021-05-09,DDSF1,-13.349165619421278,ToD blocks
2021-05-16,DDSF1,-49.417766584640674,ToD blocks
2021-05-23,DDSF1,-31.977351178201133,ToD blocks
2021-05-30,DDSF1,-181.37800552221165,ToD blocks
2021-06-06,DDSF1,-90.74424079739855,ToD blocks
2021-06-13,DDSF1,-61.43299449053612,ToD blocks
2021-06-20,DDSF1,-81.09819103268927,ToD blocks
2021-06-27,DDSF1,-47.335120788324716,ToD blocks
2021-07-04,DDSF1,-89.5880744134228,ToD blocks
2021-07-11,DDSF1,-45.18241592262082,ToD blocks
2021-07-18,DDSF1,-23.338664326105537,ToD blocks
2021-07-25,DDSF1,-61.225303298414936,ToD blocks
2021-08-01,DDSF1,-10.579458438848103,ToD blocks
2021-08-08,DDSF1,-7.810052878135583,ToD blocks
2021-08-15,DDSF1,-6.124021625409693,ToD blocks
2021-08-22,DDSF1,-13.071601456233163,ToD blocks
2021-08-29,DDSF1,-7.146801375638978,ToD blocks
2021-09-05,DDSF1,-12.251937088510456,ToD blocks
2021-09-12,DDSF1,-9.056587124879512,ToD blocks
2021-09-19,DDSF1,-9.554478465917839,ToD blocks
2021-09-26,DDSF1,-5.3140299287198935,ToD blocks
2021-10-03,DDSF1,-10.829896143724042,ToD blocks
2021-10-10,DDSF1,-27.599621261797125,ToD blocks
2021-10-17,DDSF1,47.01033504919128,ToD blocks
2021-10-24,DDSF1,-28.097612469140323,ToD blocks
2021-10-31,DDSF1,-13.8170545131321,ToD blocks
2021-11-07,DDSF1,-6.676525602016227,ToD blocks
2021-11-14,DDSF1,-124.00853033528647,ToD blocks
2021-11-21,DDSF1,-18.362074607683454,ToD blocks
2021-11-28,DDSF1,-3.3410850309218603,ToD blocks
2021-12-05,DDSF1,-14.594947298980628,ToD blocks
2021-12-12,DDSF1,-9.804896169073032,ToD blocks
2021-12-19,DDSF1,-4.172848494252527,ToD blocks
2021-12-26,DDSF1,2.1987686228863907,ToD blocks
2022-01-02,DDSF1,-2.1956146089202875,ToD blocks
2022-01-09,DDSF1,-6.605568793489866,ToD blocks
2022-01-16,DDSF1,-5.005217823093801,ToD blocks
2022-01-23,DDSF1,-11.972295882635862,ToD blocks
2022-01-30,DDSF1,-8.2908073792063,ToD blocks
2022-02-06,DDSF1,-60.73245863014819,ToD blocks
2022-02-13,DDSF1,-4.7101150490571655,ToD blocks
2022-02-20,DDSF1,-2.8801813331730983,ToD blocks
2022-02-27,DDSF1,-11.285713011338146,ToD blocks
2022-03-06,DDSF1,-2.500138942271164,ToD blocks
2022-03-13,DDSF1,-16.681383612590096,ToD blocks
2022-03-20,DDSF1,-9.361287325805414,ToD blocks
2022-03-27,DDSF1,-23.75451235036212,ToD blocks
2022-04-03,DDSF1,-12.843573918708287,ToD blocks
2022-04-10,DDSF1,-38.99873035001289,ToD blocks
2022-04-17,DDSF1,-19.152499124218565,ToD blocks
2022-04-24,DDSF1,-20.856381446277908,ToD blocks
2022-05-01,DDSF1,-17.049256393617696,ToD blocks
2022-05-08,DDSF1,-73.21890839242704,ToD blocks
2022-05-15,DDSF1,-47.49973643552852,ToD blocks
2022-05-22,DDSF1,-45.980385794796405,ToD blocks
2022-05-29,DDSF1,-32.601534279668755,ToD blocks
2022-06-05,DDSF1,-119.31441937108912,ToD blocks
2022-06-12,DDSF1,-154.9235685702896,ToD blocks
2022-06-19,DDSF1,7.4728321667382716,ToD blocks
2022-06-26,DDSF1,-48.48366420834952,ToD blocks
2022-07-03,DDSF1,-105.01815927216487,ToD blocks
2022-07-10,DDSF1,-470.17862348557975,ToD blocks
2022-07-17,DDSF1,-83.02669016331348,ToD blocks
2022-07-24,DDSF1,-91.89505891707037,ToD blocks
2022-07-31,DDSF1,-36.16430196922012,ToD blocks
2022-08-07,DDSF1,-28.47956292472685,ToD blocks
2022-08-14,DDSF1,-36.6488607383657,ToD blocks
2022-08-21,DDSF1,-21.82079321231976,ToD blocks
2022-08-28,DDSF1,-28.449472729213458,ToD blocks
2022-09-04,DDSF1,-23.90038405934162,ToD blocks
2022-09-11,DDSF1,-27.390305686138056,ToD blocks
2022-09-18,DDSF1,-44.7724027246865,ToD blocks
2022-09-25,DDSF1,-32.91611154933845,ToD blocks
2022-10-02,DDSF1,-18.396828183553296,ToD blocks
2022-10-09,DDSF1,-23.174249280073354,ToD blocks
2022-10-16,DDSF1,-23.72646358911745,ToD blocks
2022-10-23,DDSF1,-8.175243013656399,ToD blocks
2022-10-30,DDSF1,-21.052476494659984,ToD blocks
2022-11-06,DDSF1,-40.51568292187094,ToD blocks
2022-11-13,DDSF1,-10.670913320485816,ToD blocks
2022-11-20,DDSF1,-29.895443386233772,ToD blocks
2022-11-27,DDSF1,-23.07191807929916,ToD blocks
2022-12-04,DDSF1,-24.882313468447606,ToD blocks
2022-12-11,DDSF1,-8.810708304005477,ToD blocks
2022-12-18,DDSF1,-7.641112914538754,ToD blocks
2022-12-25,DDSF1,-17.622404492997322,ToD blocks
2023-01-01,DDSF1,-6.266004939321361,ToD blocks
2023-01-08,DDSF1,-19.87857268365846,ToD blocks
2023-01-15,DDSF1,-11.342770079319493,ToD blocks
2023-01-22,DDSF1,-7.9327388108249295,ToD blocks
2023-01-29,DDSF1,-9.770663427361796,ToD blocks
2023-02-05,DDSF1,-21.352776952903,ToD blocks
2023-02-12,DDSF1,-10.15407483635694,ToD blocks
2023-02-19,DDSF1,-12.122858933334243,ToD blocks
2023-02-26,DDSF1,-9.949347426269817,ToD blocks
2023-03-05,DDSF1,-11.394660303327065,ToD blocks
2023-03-12,DDSF1,-16.990574177543948,ToD blocks
2023-03-19,DDSF1,-13.696482060587059,ToD blocks
2023-03-26,DDSF1,-9.798800263815401,ToD blocks
2023-04-02,DDSF1,-78.39612421079303,ToD blocks
2023-04-09,DDSF1,-23.60025021290379,ToD blocks
2023-04-16,DDSF1,-19.274427091140286,ToD blocks
2023-04-23,DDSF1,-19.48096345930417,ToD blocks
2023-04-30,DDSF1,-19.390136683601604,ToD blocks
2023-05-07,DDSF1,-33.91994094449349,ToD blocks
2023-05-14,DDSF1,-37.482477472111285,ToD blocks
2023-05-21,DDSF1,-48.381579903897865,ToD blocks
2023-05-28,DDSF1,-39.89801820802987,ToD blocks
2023-06-04,DDSF1,-26.441637997866543,ToD blocks
2023-06-11,DDSF1,-19.159628279650967,ToD blocks
2023-06-18,DDSF1,-18.945768980149843,ToD blocks
2023-06-25,DDSF1,-37.451959026617786,ToD blocks
2023-07-02,DDSF1,-35.865813262927155,ToD blocks
2023-07-09,DDSF1,-54.91582865865507,ToD blocks
2023-07-16,DDSF1,-18.50621457574588,ToD blocks
2023-07-23,DDSF1,-27.50795219397787,ToD blocks
2023-07-30,DDSF1,-25.699762603797126,ToD blocks
2023-08-06,DDSF1,-17.105628460763473,ToD blocks
2023-08-13,DDSF1,-24.816328462374337,ToD blocks
2023-08-20,DDSF1,-29.864938111779725,ToD blocks
2023-08-27,DDSF1,-16.170141044652258,ToD blocks
2023-09-03,DDSF1,-18.14629554414262,ToD blocks
2023-09-10,DDSF1,-14.389273919673727,ToD blocks
2023-09-17,DDSF1,-13.03504856212042,ToD blocks
2023-09-24,DDSF1,-9.411987316257992,ToD blocks
2023-10-01,DDSF1,-11.11301769343077,ToD blocks
2023-10-08,DDSF1,-11.830748376194421,ToD blocks
2023-10-15,DDSF1,-11.401097312918179,ToD blocks
2023-10-22,DDSF1,-9.458846948307457,ToD blocks
2023-10-29,DDSF1,-11.921667880016901,ToD blocks
2023-11-05,DDSF1,-16.271591881621745,ToD blocks
2023-11-12,DDSF1,-11.438567727135647,ToD blocks
2023-11-19,DDSF1,-17.444649086357458,ToD blocks
2023-11-26,DDSF1,-10.418035409942604,ToD blocks
2023-12-03,DDSF1,-20.635411017406405,ToD blocks
2023-12-10,DDSF1,-9.271667195471412,ToD blocks
2023-12-17,DDSF1,-12.343777896365289,ToD blocks
2023-12-24,DDSF1,-15.421698867781693,ToD blocks
2023-12-31,DDSF1,-21.660836135933305,ToD blocks
2024-01-07,DDSF1,-4.4256186678190375,ToD blocks
2024-01-14,DDSF1,-7.438834414008937,ToD blocks
2024-01-21,DDSF1,-27.04961361855024,ToD blocks
2024-01-28,DDSF1,-3.858387974642042,ToD blocks
2024-02-04,DDSF1,-19.90451111270623,ToD blocks
2024-02-11,DDSF1,-3.963520745561425,ToD blocks
2024-02-18,DDSF1,-13.090279705707104,ToD blocks
2024-02-25,DDSF1,-24.018559319438886,ToD blocks
2024-03-03,DDSF1,-9.37220400044329,ToD blocks
2024-03-10,DDSF1,-8.676876817353524,ToD blocks
2024-03-17,DDSF1,-13.043485791319515,ToD blocks
2024-03-24,DDSF1,-9.74843621698654,ToD blocks
2024-03-31,DDSF1,-26.725309670211274,ToD blocks
2024-04-07,DDSF1,-17.2282254659439,ToD blocks
2024-04-14,DDSF1,-16.973960487288263,ToD blocks
2024-04-21,DDSF1,-37.1145825934542,ToD blocks
2024-04-28,DDSF1,-22.998379624069052,ToD blocks
2024-05-05,DDSF1,-27.29377025013383,ToD blocks
2024-05-12,DDSF1,-31.762303522099177,ToD blocks
2024-05-19,DDSF1,-35.51405098387241,ToD blocks
2024-05-26,DDSF1,-38.81638789307539,ToD blocks
2024-06-02,DDSF1,-40.2341619881806,ToD blocks
2024-06-09,DDSF1,-32.81505806850541,ToD blocks
2024-06-16,DDSF1,-35.1744416103671,ToD blocks
2024-06-23,DDSF1,-66.38869129782435,ToD blocks
2024-06-30,DDSF1,-26.28918809963131,ToD blocks
2024-07-07,DDSF1,-36.58029522673234,ToD blocks
2024-07-14,DDSF1,-40.24732146310242,ToD blocks
2024-07-21,DDSF1,-30.0821059394255,ToD blocks
2024-07-28,DDSF1,-24.259418784797308,ToD blocks
2024-08-04,DDSF1,-35.97654818998427,ToD blocks
2024-08-11,DDSF1,-42.870785166742344,ToD blocks
2024-08-18,DDSF1,-55.17657501083033,ToD blocks
2024-08-25,DDSF1,-18.529709944313034,ToD blocks
2024-09-01,DDSF1,-15.318878669138591,ToD blocks
2024-09-08,DDSF1,-10.731576605503179,ToD blocks
2024-09-15,DDSF1,-14.206742643648969,ToD blocks
2024-09-22,DDSF1,-10.001141875776955,ToD blocks
2024-09-29,DDSF1,-17.910354264315067,ToD blocks
2024-10-06,DDSF1,-13.09043976718967,ToD blocks
2024-10-13,DDSF1,-19.96606088289218,ToD blocks
2024-10-20,DDSF1,-17.582287043740543,ToD blocks
2024-10-27,DDSF1,-13.670188748598129,ToD blocks
2024-11-03,DDSF1,-19.942206188111744,ToD blocks
2024-11-10,DDSF1,-63.37516563188043,ToD blocks
2024-11-17,DDSF1,-23.798854265105277,ToD blocks
2024-11-24,DDSF1,-41.31119733162768,ToD blocks
2024-12-01,DDSF1,-15.03899603815406,ToD blocks
2024-12-08,DDSF1,-13.896705639417362,ToD blocks
2024-12-15,DDSF1,-11.4028978862857,ToD blocks
2024-12-22,DDSF1,-26.31558270191902,ToD blocks
2024-12-29,DDSF1,-6.893459529959099,ToD blocks
2025-01-05,DDSF1,-21.060758566302894,ToD blocks
2020-01-05,EMERASF1,1.4152641380083821,ToD blocks
2020-01-12,EMERASF1,0.32916118679651163,ToD blocks
2020-01-19,EMERASF1,-2.0471861808049283,ToD blocks
2020-01-26,EMERASF1,7.0233312857419605,ToD blocks
2020-02-02,EMERASF1,21.276457986599326,ToD blocks
2020-02-09,EMERASF1,-0.8510977592648885,ToD blocks
2020-02-16,EMERASF1,-2.9537226709379567,ToD blocks
2020-02-23,EMERASF1,1.8104158725684982,ToD blocks
2020-03-01,EMERASF1,-2.177773735993604,ToD blocks
2020-03-08,EMERASF1,-3.6752941175905747,ToD blocks
2020-03-15,EMERASF1,0.3957196537807093,ToD blocks
2020-03-22,EMERASF1,-2.167588329960477,ToD blocks
2020-03-29,EMERASF1,-1.4886372856787418,ToD blocks
2020-04-05,EMERASF1,-1.1637353086939726,ToD blocks
2020-04-12,EMERASF1,-0.03128066582639377,ToD blocks
2020-04-19,EMERASF1,-1.6196770440460675,ToD blocks
2020-04-26,EMERASF1,-0.2498081726126955,ToD blocks
2020-05-03,EMERASF1,37.67022151297834,ToD blocks
2020-05-10,EMERASF1,-0.4118023607030956,ToD blocks
2020-05-17,EMERASF1,-2.8744478693379136,ToD blocks
2020-05-24,EMERASF1,-9.93849630940376,ToD blocks
2020-05-31,EMERASF1,1.5471591528640332,ToD blocks
2020-06-07,EMERASF1,-1.194822701438305,ToD blocks
2020-06-14,EMERASF1,-4.1187156709239225,ToD blocks
2020-06-21,EMERASF1,-2.437399086609318,ToD blocks
2020-06-28,EMERASF1,0.17934389388105032,ToD blocks
2020-07-05,EMERASF1,0.3782346669761658,ToD blocks
2020-07-12,EMERASF1,-3.212367715240781,ToD blocks
2020-07-19,EMERASF1,-1.9670904123511868,ToD blocks
2020-07-26,EMERASF1,-8.41119894071399,ToD blocks
2020-08-02,EMERASF1,-2.0430544140778153,ToD blocks
2020-08-09,EMERASF1,0.27975604895112127,ToD blocks
2020-08-16,EMERASF1,14.08066474509063,ToD blocks
2020-08-23,EMERASF1,9.12796511729933,ToD blocks
2020-08-30,EMERASF1,11.333044562318612,ToD blocks
2020-09-06,EMERASF1,9.083312696801721,ToD blocks
2020-09-13,EMERASF1,0.32903482941801343,ToD blocks
2020-09-20,EMERASF1,4.378386546965505,ToD blocks
2020-09-27,EMERASF1,11.21626638141177,ToD blocks
2020-10-04,EMERASF1,5.908829233746858,ToD blocks
2020-10-11,EMERASF1,3.081999419486035,ToD blocks
2020-10-18,EMERASF1,8.330630508241313,ToD blocks
2020-10-25,EMERASF1,0.24930801968131533,ToD blocks
2020-11-01,EMERASF1,-6.622369915045084,ToD blocks
2020-11-08,EMERASF1,-1.9796533027502363,ToD blocks
2020-11-15,EMERASF1,-2.576588435067528,ToD blocks
2020-11-22,EMERASF1,4.947371583996144,ToD blocks
2020-11-29,EMERASF1,-1.2164913899552943,ToD blocks
2020-12-06,EMERASF1,-1.4082723376357578,ToD blocks
2020-12-13,EMERASF1,-1.0740166980818486,ToD blocks
2020-12-20,EMERASF1,-0.8388106826428441,ToD blocks
2020-12-27,EMERASF1,2.8655127503084046,ToD blocks
2021-01-03,EMERASF1,-4.976985571225015,ToD blocks
2021-01-10,EMERASF1,1.4422018111149129,ToD blocks
2021-01-17,EMERASF1,-1.8032622190145844,ToD blocks
2021-01-24,EMERASF1,-18.208264266986667,ToD blocks
2021-01-31,EMERASF1,-0.8907306595254667,ToD blocks
2021-02-07,EMERASF1,-1.7926924948893372,ToD blocks
2021-02-14,EMERASF1,-1.9915001629128781,ToD blocks
2021-02-21,EMERASF1,-0.89565729465874,ToD blocks
2021-02-28,EMERASF1,-6.869384459817148,ToD blocks
2021-03-07,EMERASF1,-9.492963501820586,ToD blocks
2021-03-14,EMERASF1,-6.538519896417725,ToD blocks
2021-03-21,EMERASF1,-2.669617740715225,ToD blocks
2021-03-28,EMERASF1,-5.426721593428304,ToD blocks
2021-04-04,EMERASF1,-2.4235739279756388,ToD blocks
2021-04-11,EMERASF1,33.050879189574026,ToD blocks
2021-04-18,EMERASF1,3.476501431479175,ToD blocks
2021-04-25,EMERASF1,-32.44998663163807,ToD blocks
2021-05-02,EMERASF1,-0.08548968621209951,ToD blocks
2021-05-09,EMERASF1,1.6621957677172148,ToD blocks
2021-05-16,EMERASF1,-3.7569809367463094,ToD blocks
2021-05-23,EMERASF1,-17.84461397708591,ToD blocks
2021-05-30,EMERASF1,-121.8616531255812,ToD blocks
2021-06-06,EMERASF1,-88.4512661777629,ToD blocks
2021-06-13,EMERASF1,-72.23939212099357,ToD blocks
2021-06-20,EMERASF1,-70.79462526159011,ToD blocks
2021-06-27,EMERASF1,-40.25455615047815,ToD blocks
2021-07-04,EMERASF1,-27.04184313088517,ToD blocks
2021-07-11,EMERASF1,-23.02658766344061,ToD blocks
2021-07-18,EMERASF1,-16.992201145189256,ToD blocks
2021-07-25,EMERASF1,-46.9369105106814,ToD blocks
2021-08-01,EMERASF1,-3.3372833450487533,ToD blocks
2021-08-08,EMERASF1,-3.423004142596362,ToD blocks
2021-08-15,EMERASF1,3.05958352905699,ToD blocks
2021-08-22,EMERASF1,12.235315375888458,ToD blocks
2021-08-29,EMERASF1,11.591376976007695,ToD blocks
2021-09-05,EMERASF1,-4.750321706273507,ToD blocks
2021-09-12,EMERASF1,19.66593356448261,ToD blocks
2021-09-19,EMERASF1,47.46474788624325,ToD blocks
2021-09-26,EMERASF1,38.81255984809394,ToD blocks
2021-10-03,EMERASF1,89.36775092124529,ToD blocks
2021-10-10,EMERASF1,51.60346801464404,ToD blocks
2021-10-17,EMERASF1,62.874591031306316,ToD blocks
2021-10-24,EMERASF1,2.0076527633017207,ToD blocks
2021-10-31,EMERASF1,-4.078521348023358,ToD blocks
2021-11-07,EMERASF1,-2.762555670674473,ToD blocks
2021-11-14,EMERASF1,64.10658078544569,ToD blocks
2021-11-21,EMERASF1,28.4737661105504,ToD blocks
2021-11-28,EMERASF1,8.44952331522795,ToD blocks
2021-12-05,EMERASF1,-6.423845987301156,ToD blocks
2021-12-12,EMERASF1,-15.702511330886992,ToD blocks
2021-12-19,EMERASF1,-1.2132260486372957,ToD blocks
2021-12-26,EMERASF1,34.88789687128782,ToD blocks
2022-01-02,EMERASF1,-0.3917205210086294,ToD blocks
2022-01-09,EMERASF1,-4.054832880038617,ToD blocks
2022-01-16,EMERASF1,-8.396339618475125,ToD blocks
2022-01-23,EMERASF1,-1.1446871419691291,ToD blocks
2022-01-30,EMERASF1,-12.308667914914977,ToD blocks
2022-02-06,EMERASF1,-12.111166941070792,ToD blocks
2022-02-13,EMERASF1,-3.025457351306187,ToD blocks
2022-02-20,EMERASF1,-1.0682172902407103,ToD blocks
2022-02-27,EMERASF1,-1.3840919500132571,ToD blocks
2022-03-06,EMERASF1,-9.299141584562676,ToD blocks
2022-03-13,EMERASF1,-24.4242175247806,ToD blocks
2022-03-20,EMERASF1,-4.554745824883419,ToD blocks
2022-03-27,EMERASF1,-9.242584490581407,ToD blocks
2022-04-03,EMERASF1,-7.529637181562464,ToD blocks
2022-04-10,EMERASF1,-11.463107673971479,ToD blocks
2022-04-17,EMERASF1,-7.546757513376818,ToD blocks
2022-04-24,EMERASF1,-18.78729845232749,ToD blocks
2022-05-01,EMERASF1,-9.918733128544943,ToD blocks
2022-05-08,EMERASF1,-49.995176747022356,ToD blocks
2022-05-15,EMERASF1,-38.437720149170445,ToD blocks
2022-05-22,EMERASF1,-23.657897926603994,ToD blocks
2022-05-29,EMERASF1,-15.504074781831378,ToD blocks
2022-06-05,EMERASF1,-12.448249907604634,ToD blocks
2022-06-12,EMERASF1,-142.99445176003147,ToD blocks
2022-06-19,EMERASF1,-4.006996572223898,ToD blocks
2022-06-26,EMERASF1,-24.9116260202195,ToD blocks
2022-07-03,EMERASF1,-61.0552091821458,ToD blocks
2022-07-10,EMERASF1,-294.25500576515907,ToD blocks
2022-07-17,EMERASF1,-62.86801657388844,ToD blocks
2022-07-24,EMERASF1,-50.88322482348693,ToD blocks
2022-07-31,EMERASF1,-34.45269242617903,ToD blocks
2022-08-07,EMERASF1,-11.116488470008449,ToD blocks
2022-08-14,EMERASF1,-14.8336600644962,ToD blocks
2022-08-21,EMERASF1,30.612085859261043,ToD blocks
2022-08-28,EMERASF1,2.3735611484991566,ToD blocks
2022-09-04,EMERASF1,-21.949608235733308,ToD blocks
2022-09-11,EMERASF1,15.349254894208286,ToD blocks
2022-09-18,EMERASF1,30.76851825997028,ToD blocks
2022-09-25,EMERASF1,15.862013937655973,ToD blocks
2022-10-02,EMERASF1,-3.120220848046415,ToD blocks
2022-10-09,EMERASF1,-2.650045375717511,ToD blocks
2022-10-16,EMERASF1,-5.468487437529745,ToD blocks
2022-10-23,EMERASF1,-17.412273703493625,ToD blocks
2022-10-30,EMERASF1,11.003563581458778,ToD blocks
2022-11-06,EMERASF1,16.18921204252466,ToD blocks
2022-11-13,EMERASF1,-1.2345319239894579,ToD blocks
2022-11-20,EMERASF1,6.009922914975178,ToD blocks
2022-11-27,EMERASF1,-5.44471543394792,ToD blocks
2022-12-04,EMERASF1,-5.8964922612913995,ToD blocks
2022-12-11,EMERASF1,6.0300914315376914,ToD blocks
2022-12-18,EMERASF1,9.557247740736617,ToD blocks
2022-12-25,EMERASF1,2.257288977607182,ToD blocks
2023-01-01,EMERASF1,11.690808461969866,ToD blocks
2023-01-08,EMERASF1,4.8367808477077645,ToD blocks
2023-01-15,EMERASF1,-15.478955743454819,ToD blocks
2023-01-22,EMERASF1,-5.976636701156053,ToD blocks
2023-01-29,EMERASF1,6.254971156460542,ToD blocks
2023-02-05,EMERASF1,-8.281803837106608,ToD blocks
2023-02-12,EMERASF1,-1.2365972631075834,ToD blocks
2023-02-19,EMERASF1,-3.6617761200872962,ToD blocks
2023-02-26,EMERASF1,11.958664958811653,ToD blocks
2023-03-05,EMERASF1,-3.6418040064040156,ToD blocks
2023-03-12,EMERASF1,-10.221365842348277,ToD blocks
2023-03-19,EMERASF1,-11.801128397403318,ToD blocks
2023-03-26,EMERASF1,6.91716783758276,ToD blocks
2023-04-02,EMERASF1,21.9068575681425,ToD blocks
2023-04-09,EMERASF1,25.69081873929749,ToD blocks
2023-04-16,EMERASF1,18.91832971360654,ToD blocks
2023-04-23,EMERASF1,-2.513310495370021,ToD blocks
2023-04-30,EMERASF1,-15.898959454346667,ToD blocks
2023-05-07,EMERASF1,-4.542944796328584,ToD blocks
2023-05-14,EMERASF1,-17.15394070914671,ToD blocks
2023-05-21,EMERASF1,-7.600998755185415,ToD blocks
2023-05-28,EMERASF1,-32.03956547098975,ToD blocks
2023-06-04,EMERASF1,-21.67533790066146,ToD blocks
2023-06-11,EMERASF1,-13.072795799563707,ToD blocks
2023-06-18,EMERASF1,-4.328013572059788,ToD blocks
2023-06-25,EMERASF1,-16.94745974095055,ToD blocks
2023-07-02,EMERASF1,9.158603668750942,ToD blocks
2023-07-09,EMERASF1,-18.94432969469395,ToD blocks
2023-07-16,EMERASF1,-1.485661157836077,ToD blocks
2023-07-23,EMERASF1,3.24957882464485,ToD blocks
2023-07-30,EMERASF1,-1.7417016601480455,ToD blocks
2023-08-06,EMERASF1,8.6617900373191,ToD blocks
2023-08-13,EMERASF1,14.254152847558167,ToD blocks
2023-08-20,EMERASF1,21.32580065526321,ToD blocks
2023-08-27,EMERASF1,22.901596089546793,ToD blocks
2023-09-03,EMERASF1,19.60567762598443,ToD blocks
2023-09-10,EMERASF1,22.60260239566567,ToD blocks
2023-09-17,EMERASF1,32.2134998212755,ToD blocks
2023-09-24,EMERASF1,23.629892164646606,ToD blocks
2023-10-01,EMERASF1,55.12726058581661,ToD blocks
2023-10-08,EMERASF1,21.504634685127527,ToD blocks
2023-10-15,EMERASF1,47.38331608447272,ToD blocks
2023-10-22,EMERASF1,20.904611168609964,ToD blocks
2023-10-29,EMERASF1,28.658565562733443,ToD blocks
2023-11-05,EMERASF1,15.918124800724417,ToD blocks
2023-11-12,EMERASF1,30.093481878523775,ToD blocks
2023-11-19,EMERASF1,19.154491662227578,ToD blocks
2023-11-26,EMERASF1,-2.755876238297084,ToD blocks
2023-12-03,EMERASF1,6.691409081064116,ToD blocks
2023-12-10,EMERASF1,12.816349451384067,ToD blocks
2023-12-17,EMERASF1,9.214720722979443,ToD blocks
2023-12-24,EMERASF1,16.600761644760247,ToD blocks
2023-12-31,EMERASF1,54.96351598939045,ToD blocks
2024-01-07,EMERASF1,4.846082622656311,ToD blocks
2024-01-14,EMERASF1,0.4649392505428409,ToD blocks
2024-01-21,EMERASF1,-8.422345567113524,ToD blocks
2024-01-28,EMERASF1,-19.76040961945519,ToD blocks
2024-02-04,EMERASF1,3.4405300547631867,ToD blocks
2024-02-11,EMERASF1,7.652725120488462,ToD blocks
2024-02-18,EMERASF1,1.8166070100018246,ToD blocks
2024-02-25,EMERASF1,-9.663408686562562,ToD blocks
2024-03-03,EMERASF1,22.160907322795964,ToD blocks
2024-03-10,EMERASF1,6.356396082239193,ToD blocks
2024-03-17,EMERASF1,3.734787180883906,ToD blocks
2024-03-24,EMERASF1,-3.052123088990804,ToD blocks
2024-03-31,EMERASF1,1.5029102390251836,ToD blocks
2024-04-07,EMERASF1,-0.2962679900007714,ToD blocks
2024-04-14,EMERASF1,21.354904441060825,ToD blocks
2024-04-21,EMERASF1,-8.71598648424316,ToD blocks
2024-04-28,EMERASF1,13.330935524776237,ToD blocks
2024-05-05,EMERASF1,0.11344200515755887,ToD blocks
2024-05-12,EMERASF1,12.564013008866759,ToD blocks
2024-05-19,EMERASF1,40.88301781209665,ToD blocks
2024-05-26,EMERASF1,5.817824643731541,ToD blocks
2024-06-02,EMERASF1,-9.863122982820407,ToD blocks
2024-06-09,EMERASF1,12.522121908919537,ToD blocks
2024-06-16,EMERASF1,28.433400232006342,ToD blocks
2024-06-23,EMERASF1,-3.653254767281979,ToD blocks
2024-06-30,EMERASF1,-12.79074180614358,ToD blocks
2024-07-07,EMERASF1,-29.604443974970245,ToD blocks
2024-07-14,EMERASF1,-29.059826747156677,ToD blocks
2024-07-21,EMERASF1,-19.570969864098526,ToD blocks
2024-07-28,EMERASF1,-28.078969987440722,ToD blocks
2024-08-04,EMERASF1,-30.914858584770915,ToD blocks
2024-08-11,EMERASF1,-15.996099005804496,ToD blocks
2024-08-18,EMERASF1,-45.75575728107087,ToD blocks
2024-08-25,EMERASF1,-13.759350697712069,ToD blocks
2024-09-01,EMERASF1,-12.513476442362938,ToD blocks
2024-09-08,EMERASF1,-9.257557955826876,ToD blocks
2024-09-15,EMERASF1,-8.63476489762225,ToD blocks
2024-09-22,EMERASF1,-10.528414658444564,ToD blocks
2024-09-29,EMERASF1,-11.28138519874937,ToD blocks
2024-10-06,EMERASF1,-10.45657944037053,ToD blocks
2024-10-13,EMERASF1,-13.04218591027135,ToD blocks
2024-10-20,EMERASF1,-13.443018605558146,ToD blocks
2024-10-27,EMERASF1,-12.198294096132017,ToD blocks
2024-11-03,EMERASF1,-16.354947427347717,ToD blocks
2024-11-10,EMERASF1,-51.62682268029582,ToD blocks
2024-11-17,EMERASF1,-20.07079397821373,ToD blocks
2024-11-24,EMERASF1,-32.98431329243089,ToD blocks
2024-12-01,EMERASF1,-11.979318716722105,ToD blocks
2024-12-08,EMERASF1,-13.084501613796448,ToD blocks
2024-12-15,EMERASF1,-2.8281475181416056,ToD blocks
2024-12-22,EMERASF1,-33.34145528451114,ToD blocks
2024-12-29,EMERASF1,-3.2868392792944228,ToD blocks
2025-01-05,EMERASF1,-2.916451671568815,ToD blocks
2020-01-05,HAMISF1,-8.079685427493516,ToD blocks
2020-01-12,HAMISF1,-0.37238808048560657,ToD blocks
2020-01-19,HAMISF1,-2.0562909722212197,ToD blocks
2020-01-26,HAMISF1,-3.2744966084282936,ToD blocks
2020-02-02,HAMISF1,15.17006379903583,ToD blocks
2020-02-09,HAMISF1,-1.5892406204612257,ToD blocks
2020-02-16,HAMISF1,-1.8878634796263398,ToD blocks
2020-02-23,HAMISF1,-2.2959089717350167,ToD blocks
2020-03-01,HAMISF1,-4.297103514145157,ToD blocks
2020-03-08,HAMISF1,-3.428531556642149,ToD blocks
2020-03-15,HAMISF1,-5.16758177444661,ToD blocks
2020-03-22,HAMISF1,-3.1654630570784654,ToD blocks
2020-03-29,HAMISF1,-1.0987233333406223,ToD blocks
2020-04-05,HAMISF1,-1.6456248514486091,ToD blocks
2020-04-12,HAMISF1,-2.4411624588826264,ToD blocks
2020-04-19,HAMISF1,-1.927060150431089,ToD blocks
2020-04-26,HAMISF1,-1.3965133740004276,ToD blocks
2020-05-03,HAMISF1,-6.118783307295167,ToD blocks
2020-05-10,HAMISF1,-3.1294359531771647,ToD blocks
2020-05-17,HAMISF1,-3.4490436671829343,ToD blocks
2020-05-24,HAMISF1,-8.75623717759552,ToD blocks
2020-05-31,HAMISF1,-2.5730629715805975,ToD blocks
2020-06-07,HAMISF1,-5.242079364945365,ToD blocks
2020-06-14,HAMISF1,-4.817026776538434,ToD blocks
2020-06-21,HAMISF1,-4.4574015176239214,ToD blocks
2020-06-28,HAMISF1,-7.131030617684353,ToD blocks
2020-07-05,HAMISF1,-5.092222470662005,ToD blocks
2020-07-12,HAMISF1,-3.2509616107449872,ToD blocks
2020-07-19,HAMISF1,-4.190215813699091,ToD blocks
2020-07-26,HAMISF1,-7.080976826614677,ToD blocks
2020-08-02,HAMISF1,-2.847761944897936,ToD blocks
2020-08-09,HAMISF1,-3.2202865902125417,ToD blocks
2020-08-16,HAMISF1,-2.5056785679900386,ToD blocks
2020-08-23,HAMISF1,-6.298787920895977,ToD blocks
2020-08-30,HAMISF1,-4.4591375924057655,ToD blocks
2020-09-06,HAMISF1,-5.425942420335802,ToD blocks
2020-09-13,HAMISF1,-5.028563587586394,ToD blocks
2020-09-20,HAMISF1,-5.3680255240935475,ToD blocks
2020-09-27,HAMISF1,-3.5746630912961983,ToD blocks
2020-10-04,HAMISF1,-3.241780014237872,ToD blocks
2020-10-11,HAMISF1,-1.4794199818209037,ToD blocks
2020-10-18,HAMISF1,4.037092171590423,ToD blocks
2020-10-25,HAMISF1,-3.3609597250342205,ToD blocks
2020-11-01,HAMISF1,-5.7328708425877934,ToD blocks
2020-11-08,HAMISF1,-1.9552905725013332,ToD blocks
2020-11-15,HAMISF1,-2.91112589456052,ToD blocks
2020-11-22,HAMISF1,2.0154464184106047,ToD blocks
2020-11-29,HAMISF1,-11.127788792047241,ToD blocks
2020-12-06,HAMISF1,-1.0069784513684041,ToD blocks
2020-12-13,HAMISF1,-3.0756724099968196,ToD blocks
2020-12-20,HAMISF1,-14.98750656551475,ToD blocks
2020-12-27,HAMISF1,3.4244610580923123,ToD blocks
2021-01-03,HAMISF1,-5.178136384412753,ToD blocks
2021-01-10,HAMISF1,-3.154842034701325,ToD blocks
2021-01-17,HAMISF1,-5.4446966676155455,ToD blocks
2021-01-24,HAMISF1,-19.542779938553963,ToD blocks
2021-01-31,HAMISF1,-0.4692251319206804,ToD blocks
2021-02-07,HAMISF1,-0.7542963035024357,ToD blocks
2021-02-14,HAMISF1,-1.8887612308580444,ToD blocks
2021-02-21,HAMISF1,-3.057912820469305,ToD blocks
2021-02-28,HAMISF1,-11.121025015675805,ToD blocks
2021-03-07,HAMISF1,-10.148148293437405,ToD blocks
2021-03-14,HAMISF1,2.4245876703634295,ToD blocks
2021-03-21,HAMISF1,-3.565708079557595,ToD blocks
2021-03-28,HAMISF1,-4.806947802898808,ToD blocks
2021-04-04,HAMISF1,-4.007556280850615,ToD blocks
2021-04-11,HAMISF1,-5.780648903278781,ToD blocks
2021-04-18,HAMISF1,-4.960007636578018,ToD blocks
2021-04-25,HAMISF1,-42.45462031245924,ToD blocks
2021-05-02,HAMISF1,-7.0283124593842565,ToD blocks
2021-05-09,HAMISF1,-0.2621546309966618,ToD blocks
2021-05-16,HAMISF1,-6.564986440889513,ToD blocks
2021-05-23,HAMISF1,-26.545119285453907,ToD blocks
2021-05-30,HAMISF1,-243.67190288157036,ToD blocks
2021-06-06,HAMISF1,-61.822262625752614,ToD blocks
2021-06-13,HAMISF1,-61.032886342110785,ToD blocks
2021-06-20,HAMISF1,-70.78716417481162,ToD blocks
2021-06-27,HAMISF1,-39.078370616393514,ToD blocks
2021-07-04,HAMISF1,-90.5779763988594,ToD blocks
2021-07-11,HAMISF1,-28.1261154225286,ToD blocks
2021-07-18,HAMISF1,-18.0897247118127,ToD blocks
2021-07-25,HAMISF1,-56.84224920351244,ToD blocks
2021-08-01,HAMISF1,-4.7255784178306754,ToD blocks
2021-08-08,HAMISF1,-3.6340082237151705,ToD blocks
2021-08-15,HAMISF1,0.04588608217526158,ToD blocks
2021-08-22,HAMISF1,-4.081683957452594,ToD blocks
2021-08-29,HAMISF1,-2.260275625592609,ToD blocks
2021-09-05,HAMISF1,-7.947216136998424,ToD blocks
2021-09-12,HAMISF1,4.272339149367445,ToD blocks
2021-09-19,HAMISF1,-6.291708245492277,ToD blocks
2021-09-26,HAMISF1,17.453483222329265,ToD blocks
2021-10-03,HAMISF1,12.182545318599615,ToD blocks
2021-10-10,HAMISF1,18.020342784826767,ToD blocks
2021-10-17,HAMISF1,40.8785511596091,ToD blocks
2021-10-24,HAMISF1,-6.859361288550687,ToD blocks
2021-10-31,HAMISF1,-6.446272895067025,ToD blocks
2021-11-07,HAMISF1,-3.459613596490968,ToD blocks
2021-11-14,HAMISF1,37.598567748384085,ToD blocks
2021-11-21,HAMISF1,-2.559945563472354,ToD blocks
2021-11-28,HAMISF1,5.463313404872963,ToD blocks
2021-12-05,HAMISF1,-9.349529146505013,ToD blocks
2021-12-12,HAMISF1,-19.626863387056623,ToD blocks
2021-12-19,HAMISF1,-3.620354321499093,ToD blocks
2021-12-26,HAMISF1,-0.11059903705435659,ToD blocks
2022-01-02,HAMISF1,2.4733058022262995,ToD blocks
2022-01-09,HAMISF1,-10.879940197979494,ToD blocks
2022-01-16,HAMISF1,-9.993955435168814,ToD blocks
2022-01-23,HAMISF1,-0.02111265465286749,ToD blocks
2022-01-30,HAMISF1,-16.724359582902153,ToD blocks
2022-02-06,HAMISF1,10.856493554540407,ToD blocks
2022-02-13,HAMISF1,-4.519498982848582,ToD blocks
2022-02-20,HAMISF1,-10.491790066424144,ToD blocks
2022-02-27,HAMISF1,-2.031594255793067,ToD blocks
2022-03-06,HAMISF1,-4.047613842524683,ToD blocks
2022-03-13,HAMISF1,-47.288512314965914,ToD blocks
2022-03-20,HAMISF1,-13.99978699911307,ToD blocks
2022-03-27,HAMISF1,-7.371360584685874,ToD blocks
2022-04-03,HAMISF1,-10.71896034713356,ToD blocks
2022-04-10,HAMISF1,-48.790313689123764,ToD blocks
2022-04-17,HAMISF1,-21.633096387718567,ToD blocks
2022-04-24,HAMISF1,-36.70426184664109,ToD blocks
2022-05-01,HAMISF1,-22.625492464174982,ToD blocks
2022-05-08,HAMISF1,-48.10197373627216,ToD blocks
2022-05-15,HAMISF1,-45.406292213784866,ToD blocks
2022-05-22,HAMISF1,-28.92784385095473,ToD blocks
2022-05-29,HAMISF1,-27.13721951625658,ToD blocks
2022-06-05,HAMISF1,-65.36921991201785,ToD blocks
2022-06-12,HAMISF1,-167.77856489823603,ToD blocks
2022-06-19,HAMISF1,-3.3487012516152106,ToD blocks
2022-06-26,HAMISF1,-23.541045305479912,ToD blocks
2022-07-03,HAMISF1,-46.76523468968958,ToD blocks
2022-07-10,HAMISF1,-496.7549814035681,ToD blocks
2022-07-17,HAMISF1,-44.14894379180768,ToD blocks
2022-07-24,HAMISF1,-55.37068426881612,ToD blocks
2022-07-31,HAMISF1,-30.006074881826564,ToD blocks
2022-08-07,HAMISF1,-19.8203792512262,ToD blocks
2022-08-14,HAMISF1,-19.65780408361681,ToD blocks
2022-08-21,HAMISF1,-0.6437147264060616,ToD blocks
2022-08-28,HAMISF1,-16.971353377809052,ToD blocks
2022-09-04,HAMISF1,-20.20073756573666,ToD blocks
2022-09-11,HAMISF1,-16.85723267502621,ToD blocks
2022-09-18,HAMISF1,-9.215918314858484,ToD blocks
2022-09-25,HAMISF1,-7.915508885347862,ToD blocks
2022-10-02,HAMISF1,-14.121897686616393,ToD blocks
2022-10-09,HAMISF1,-11.260128764731107,ToD blocks
2022-10-16,HAMISF1,-15.635962317391304,ToD blocks
2022-10-23,HAMISF1,-15.053918364557276,ToD blocks
2022-10-30,HAMISF1,-15.031954605980744,ToD blocks
2022-11-06,HAMISF1,-44.190088374970216,ToD blocks
2022-11-13,HAMISF1,-8.276411265769944,ToD blocks
2022-11-20,HAMISF1,-27.962647322093602,ToD blocks
2022-11-27,HAMISF1,-15.940871233108389,ToD blocks
2022-12-04,HAMISF1,-11.25145447113033,ToD blocks
2022-12-11,HAMISF1,-1.5951188776846976,ToD blocks
2022-12-18,HAMISF1,-5.224918915960469,ToD blocks
2022-12-25,HAMISF1,-7.442977347182637,ToD blocks
2023-01-01,HAMISF1,-0.811695499404216,ToD blocks
2023-01-08,HAMISF1,-5.330112807491531,ToD blocks
2023-01-15,HAMISF1,-2.320740186076108,ToD blocks
2023-01-22,HAMISF1,-15.97327091488821,ToD blocks
2023-01-29,HAMISF1,-4.677903394623343,ToD blocks
2023-02-05,HAMISF1,-7.157899854400924,ToD blocks
2023-02-12,HAMISF1,-8.321629182979706,ToD blocks
2023-02-19,HAMISF1,-4.339963268046077,ToD blocks
2023-02-26,HAMISF1,-17.779300244502387,ToD blocks
2023-03-05,HAMISF1,-4.848228404852982,ToD blocks
2023-03-12,HAMISF1,-5.002429397962715,ToD blocks
2023-03-19,HAMISF1,-19.524428940864695,ToD blocks
2023-03-26,HAMISF1,-6.748974043204868,ToD blocks
2023-04-02,HAMISF1,-4.990865846476183,ToD blocks
2023-04-09,HAMISF1,0.4533860018593856,ToD blocks
2023-04-16,HAMISF1,-11.133198394379798,ToD blocks
2023-04-23,HAMISF1,-16.798589236228217,ToD blocks
2023-04-30,HAMISF1,-15.420986587070281,ToD blocks
2023-05-07,HAMISF1,-27.74122418523789,ToD blocks
2023-05-14,HAMISF1,-30.75762377033972,ToD blocks
2023-05-21,HAMISF1,-28.332854336335487,ToD blocks
2023-05-28,HAMISF1,-44.50206404918223,ToD blocks
2023-06-04,HAMISF1,-23.041232116221778,ToD blocks
2023-06-11,HAMISF1,-12.910520857576593,ToD blocks
2023-06-18,HAMISF1,-16.757341414102925,ToD blocks
2023-06-25,HAMISF1,-23.889205613518037,ToD blocks
2023-07-02,HAMISF1,-13.676894302544774,ToD blocks
2023-07-09,HAMISF1,-43.42387547277324,ToD blocks
2023-07-16,HAMISF1,-15.87137596686074,ToD blocks
2023-07-23,HAMISF1,-28.199489883394634,ToD blocks
2023-07-30,HAMISF1,-26.451196978637256,ToD blocks
2023-08-06,HAMISF1,-13.690288095921046,ToD blocks
2023-08-13,HAMISF1,-19.31117776791174,ToD blocks
2023-08-20,HAMISF1,-10.958059503613253,ToD blocks
2023-08-27,HAMISF1,-14.354787269433153,ToD blocks
2023-09-03,HAMISF1,-12.468771570392267,ToD blocks
2023-09-10,HAMISF1,-8.860970143689384,ToD blocks
2023-09-17,HAMISF1,-9.325429182390646,ToD blocks
2023-09-24,HAMISF1,-2.8245725160341433,ToD blocks
2023-10-01,HAMISF1,-2.817671080956803,ToD blocks
2023-10-08,HAMISF1,-8.817515930006886,ToD blocks
2023-10-15,HAMISF1,-8.621211257456956,ToD blocks
2023-10-22,HAMISF1,-11.823363634070702,ToD blocks
2023-10-29,HAMISF1,-5.967777949069477,ToD blocks
2023-11-05,HAMISF1,-4.4597089339950795,ToD blocks
2023-11-12,HAMISF1,-7.2417142661954745,ToD blocks
2023-11-19,HAMISF1,5.014763339398829,ToD blocks
2023-11-26,HAMISF1,-2.8197377357218585,ToD blocks
2023-12-03,HAMISF1,-12.14021479312737,ToD blocks
2023-12-10,HAMISF1,-1.9790957425362556,ToD blocks
2023-12-17,HAMISF1,-4.81865234615961,ToD blocks
2023-12-24,HAMISF1,-2.4365449246441386,ToD blocks
2023-12-31,HAMISF1,-18.04840362824864,ToD blocks
2024-01-07,HAMISF1,-3.009312812205163,ToD blocks
2024-01-14,HAMISF1,-13.906238635907279,ToD blocks
2024-01-21,HAMISF1,-32.98221615342045,ToD blocks
2024-01-28,HAMISF1,16.00282088956891,ToD blocks
2024-02-04,HAMISF1,6.754897326306747,ToD blocks
2024-02-11,HAMISF1,-9.470239699723805,ToD blocks
2024-02-18,HAMISF1,-9.86897618901537,ToD blocks
2024-02-25,HAMISF1,-30.853657849824167,ToD blocks
2024-03-03,HAMISF1,-34.31961337357132,ToD blocks
2024-03-10,HAMISF1,-8.226866163651373,ToD blocks
2024-03-17,HAMISF1,-8.058606579258893,ToD blocks
2024-03-24,HAMISF1,-9.12720030371829,ToD blocks
2024-03-31,HAMISF1,-14.89117720359797,ToD blocks
2024-04-07,HAMISF1,-5.591719170529018,ToD blocks
2024-04-14,HAMISF1,-8.345231396758034,ToD blocks
2024-04-21,HAMISF1,-17.771450379076214,ToD blocks
2024-04-28,HAMISF1,-18.401980750870987,ToD blocks
2024-05-05,HAMISF1,-17.00683351199404,ToD blocks
2024-05-12,HAMISF1,-28.557106792362863,ToD blocks
2024-05-19,HAMISF1,-8.5265140139158,ToD blocks
2024-05-26,HAMISF1,-37.17502744054838,ToD blocks
2024-06-02,HAMISF1,-23.19142871020737,ToD blocks
2024-06-09,HAMISF1,-22.198979209834462,ToD blocks
2024-06-16,HAMISF1,-21.34223641500342,ToD blocks
2024-06-23,HAMISF1,-40.1903217268128,ToD blocks
2024-06-30,HAMISF1,-27.1930472843612,ToD blocks
2024-07-07,HAMISF1,-21.625949776095865,ToD blocks
2024-07-14,HAMISF1,-27.825428579785218,ToD blocks
2024-07-21,HAMISF1,-14.760166264501223,ToD blocks
2024-07-28,HAMISF1,-21.882470472076996,ToD blocks
2024-08-04,HAMISF1,-30.668663323941388,ToD blocks
2024-08-11,HAMISF1,-27.35442161376217,ToD blocks
2024-08-18,HAMISF1,-17.65189783414688,ToD blocks
2024-08-25,HAMISF1,-8.83358707330343,ToD blocks
2024-09-01,HAMISF1,-1.4775426922110584,ToD blocks
2024-09-08,HAMISF1,7.08222566192474,ToD blocks
2024-09-15,HAMISF1,-3.9753495797446776,ToD blocks
2024-09-22,HAMISF1,-8.153195396603078,ToD blocks
2024-09-29,HAMISF1,-6.64954315618335,ToD blocks
2024-10-06,HAMISF1,-3.257281482352571,ToD blocks
2024-10-13,HAMISF1,-3.3977844043450514,ToD blocks
2024-10-20,HAMISF1,-6.385166923088245,ToD blocks
2024-10-27,HAMISF1,1.2739580877553731,ToD blocks
2024-11-03,HAMISF1,-7.750490913808652,ToD blocks
2024-11-10,HAMISF1,-52.53019868801701,ToD blocks
2024-11-17,HAMISF1,-2.671728646096213,ToD blocks
2024-11-24,HAMISF1,-14.069663743125531,ToD blocks
2024-12-01,HAMISF1,-9.334647901040483,ToD blocks
2024-12-08,HAMISF1,-2.7918727133770176,ToD blocks
2024-12-15,HAMISF1,-7.129087459578216,ToD blocks
2024-12-22,HAMISF1,-23.58492540886344,ToD blocks
2024-12-29,HAMISF1,6.4022231869279995,ToD blocks
2025-01-05,HAMISF1,-8.706553002217941,ToD blocks
2020-01-05,HAUGHT11,5.748057412677383,ToD blocks
2020-01-12,HAUGHT11,1.1160426062738225,ToD blocks
2020-01-19,HAUGHT11,-0.877021626452354,ToD blocks
2020-01-26,HAUGHT11,-5.793851882332362,ToD blocks
2020-02-02,HAUGHT11,18.874721879006415,ToD blocks
2020-02-09,HAUGHT11,-0.5863391508874329,ToD blocks
2020-02-16,HAUGHT11,-1.4237653426333594,ToD blocks
2020-02-23,HAUGHT11,1.8984339850748952,ToD blocks
2020-03-01,HAUGHT11,-4.377681628982302,ToD blocks
2020-03-08,HAUGHT11,0.06437848695779991,ToD blocks
2020-03-15,HAUGHT11,-4.437537257200269,ToD blocks
2020-03-22,HAUGHT11,-1.7709032574384445,ToD blocks
2020-03-29,HAUGHT11,-2.0668668807964536,ToD blocks
2020-04-05,HAUGHT11,0.047595905091746715,ToD blocks
2020-04-12,HAUGHT11,-2.7912209131611796,ToD blocks
2020-04-19,HAUGHT11,-2.0575008777531423,ToD blocks
2020-04-26,HAUGHT11,-0.9118771127061933,ToD blocks
2020-05-03,HAUGHT11,0.5586187029944956,ToD blocks
2020-05-10,HAUGHT11,-2.129771419450357,ToD blocks
2020-05-17,HAUGHT11,-2.917785828802881,ToD blocks
2020-05-24,HAUGHT11,-7.842249637418483,ToD blocks
2020-05-31,HAUGHT11,-2.055634371427928,ToD blocks
2020-06-07,HAUGHT11,-4.012161878038668,ToD blocks
2020-06-14,HAUGHT11,-3.600833287896709,ToD blocks
2020-06-21,HAUGHT11,-6.371264760541489,ToD blocks
2020-06-28,HAUGHT11,-5.2904201886793345,ToD blocks
2020-07-05,HAUGHT11,-6.647181520755739,ToD blocks
2020-07-12,HAUGHT11,,ToD blocks
2020-07-19,HAUGHT11,-9.269466602848237,ToD blocks
2020-07-26,HAUGHT11,,ToD blocks
2020-08-02,HAUGHT11,,ToD blocks
2020-08-09,HAUGHT11,-8.939632994296382,ToD blocks
2020-08-16,HAUGHT11,4.09222252200297,ToD blocks
2020-08-23,HAUGHT11,6.019129142575315,ToD blocks
2020-08-30,HAUGHT11,-0.907751687789232,ToD blocks
2020-09-06,HAUGHT11,-1.9732733863401855,ToD blocks
2020-09-13,HAUGHT11,-0.9262408665185973,ToD blocks
2020-09-20,HAUGHT11,-1.0952111541051632,ToD blocks
2020-09-27,HAUGHT11,1.9997896612353419,ToD blocks
2020-10-04,HAUGHT11,0.6435984275923303,ToD blocks
2020-10-11,HAUGHT11,10.183726273982796,ToD blocks
2020-10-18,HAUGHT11,-7.386036145745681,ToD blocks
2020-10-25,HAUGHT11,8.932895934595471,ToD blocks
2020-11-01,HAUGHT11,-3.83320025712667,ToD blocks
2020-11-08,HAUGHT11,0.019966967829819993,ToD blocks
2020-11-15,HAUGHT11,-1.6950668962615687,ToD blocks
2020-11-22,HAUGHT11,-15.453781896958752,ToD blocks
2020-11-29,HAUGHT11,-10.025255948714396,ToD blocks
2020-12-06,HAUGHT11,-6.293150262372265,ToD blocks
2020-12-13,HAUGHT11,-1.5162463781401812,ToD blocks
2020-12-20,HAUGHT11,-2.8275093528096704,ToD blocks
2020-12-27,HAUGHT11,4.610633160380182,ToD blocks
2021-01-03,HAUGHT11,-3.259132856869531,ToD blocks
2021-01-10,HAUGHT11,-3.708399659560648,ToD blocks
2021-01-17,HAUGHT11,-6.036632689709897,ToD blocks
2021-01-24,HAUGHT11,-24.816799869858002,ToD blocks
2021-01-31,HAUGHT11,-0.35054903633225365,ToD blocks
2021-02-07,HAUGHT11,-0.6813321921430813,ToD blocks
2021-02-14,HAUGHT11,-2.455856694107787,ToD blocks
2021-02-21,HAUGHT11,-3.4258930982142353,ToD blocks
2021-02-28,HAUGHT11,-12.072063389641578,ToD blocks
2021-03-07,HAUGHT11,-11.22156350986253,ToD blocks
2021-03-14,HAUGHT11,4.009214094134919,ToD blocks
2021-03-21,HAUGHT11,-3.024063420940429,ToD blocks
2021-03-28,HAUGHT11,-9.642752562877316,ToD blocks
2021-04-04,HAUGHT11,-3.999240145923565,ToD blocks
2021-04-11,HAUGHT11,4.500595090464323,ToD blocks
2021-04-18,HAUGHT11,-3.428824185301224,ToD blocks
2021-04-25,HAUGHT11,-46.6222007196177,ToD blocks
2021-05-02,HAUGHT11,-5.329443455924579,ToD blocks
2021-05-09,HAUGHT11,-0.40886214051440817,ToD blocks
2021-05-16,HAUGHT11,-13.995659199898817,ToD blocks
2021-05-23,HAUGHT11,-25.358148690961656,ToD blocks
2021-05-30,HAUGHT11,-242.3614514420351,ToD blocks
2021-06-06,HAUGHT11,-49.18993060986851,ToD blocks
2021-06-13,HAUGHT11,-43.356949337332225,ToD blocks
2021-06-20,HAUGHT11,-95.0842106606315,ToD blocks
2021-06-27,HAUGHT11,-37.00349834910337,ToD blocks
2021-07-04,HAUGHT11,-70.70892794847485,ToD blocks
2021-07-11,HAUGHT11,-39.24298163352283,ToD blocks
2021-07-18,HAUGHT11,-19.53059856638277,ToD blocks
2021-07-25,HAUGHT11,-67.55310346003913,ToD blocks
2021-08-01,HAUGHT11,1.4300290323652476,ToD blocks
2021-08-08,HAUGHT11,0.38893006565189125,ToD blocks
2021-08-15,HAUGHT11,-0.654927775310874,ToD blocks
2021-08-22,HAUGHT11,-4.642924611287196,ToD blocks
2021-08-29,HAUGHT11,-6.3559658108986525,ToD blocks
2021-09-05,HAUGHT11,-8.007419313894967,ToD blocks
2021-09-12,HAUGHT11,-2.820937281869215,ToD blocks
2021-09-19,HAUGHT11,-30.794497846267898,ToD blocks
2021-09-26,HAUGHT11,-2.291485938767079,ToD blocks
2021-10-03,HAUGHT11,4.7329891807631626,ToD blocks
2021-10-10,HAUGHT11,-4.532561666026917,ToD blocks
2021-10-17,HAUGHT11,36.822810960259766,ToD blocks
2021-10-24,HAUGHT11,-15.04251991514085,ToD blocks
2021-10-31,HAUGHT11,-4.619371373467494,ToD blocks
2021-11-07,HAUGHT11,-4.755201210581006,ToD blocks
2021-11-14,HAUGHT11,15.756392724788725,ToD blocks
2021-11-21,HAUGHT11,0.20751350673278068,ToD blocks
2021-11-28,HAUGHT11,-0.7130927672657492,ToD blocks
2021-12-05,HAUGHT11,-9.400820168101006,ToD blocks
2021-12-12,HAUGHT11,-15.357261240821131,ToD blocks
2021-12-19,HAUGHT11,-3.423540707646765,ToD blocks
2021-12-26,HAUGHT11,-7.027853458450721,ToD blocks
2022-01-02,HAUGHT11,-2.316052868485194,ToD blocks
2022-01-09,HAUGHT11,-2.072006646195959,ToD blocks
2022-01-16,HAUGHT11,-9.614279689941398,ToD blocks
2022-01-23,HAUGHT11,12.078555923766089,ToD blocks
2022-01-30,HAUGHT11,-16.77666617878843,ToD blocks
2022-02-06,HAUGHT11,144.22017649240695,ToD blocks
2022-02-13,HAUGHT11,-2.7795504313484543,ToD blocks
2022-02-20,HAUGHT11,-7.816254909665275,ToD blocks
2022-02-27,HAUGHT11,-4.727860631584761,ToD blocks
2022-03-06,HAUGHT11,-7.445993845555876,ToD blocks
2022-03-13,HAUGHT11,-7.301846053124933,ToD blocks
2022-03-20,HAUGHT11,-7.947416428459803,ToD blocks
2022-03-27,HAUGHT11,-14.173122602588776,ToD blocks
2022-04-03,HAUGHT11,-3.5529387112279665,ToD blocks
2022-04-10,HAUGHT11,-20.990815554292425,ToD blocks
2022-04-17,HAUGHT11,-9.118781641739844,ToD blocks
2022-04-24,HAUGHT11,-20.569795643240738,ToD blocks
2022-05-01,HAUGHT11,15.97633464252263,ToD blocks
2022-05-08,HAUGHT11,-34.957845211227664,ToD blocks
2022-05-15,HAUGHT11,-23.895572257392303,ToD blocks
2022-05-22,HAUGHT11,-29.59491851777227,ToD blocks
2022-05-29,HAUGHT11,-22.42659038460343,ToD blocks
2022-06-05,HAUGHT11,-60.119692331104716,ToD blocks
2022-06-12,HAUGHT11,-167.16919330279654,ToD blocks
2022-06-19,HAUGHT11,1.7429899806805622,ToD blocks
2022-06-26,HAUGHT11,-17.093789766077123,ToD blocks
2022-07-03,HAUGHT11,-40.05484513204357,ToD blocks
2022-07-10,HAUGHT11,-490.8582187093036,ToD blocks
2022-07-17,HAUGHT11,-42.680984533448054,ToD blocks
2022-07-24,HAUGHT11,-44.503375647011524,ToD blocks
2022-07-31,HAUGHT11,-28.406602327650262,ToD blocks
2022-08-07,HAUGHT11,-17.411627177901835,ToD blocks
2022-08-14,HAUGHT11,-18.05061758221143,ToD blocks
2022-08-21,HAUGHT11,15.037135694480469,ToD blocks
2022-08-28,HAUGHT11,-6.072881945811851,ToD blocks
2022-09-04,HAUGHT11,-21.98445969879694,ToD blocks
2022-09-11,HAUGHT11,13.68083190970458,ToD blocks
2022-09-18,HAUGHT11,8.338801583188612,ToD blocks
2022-09-25,HAUGHT11,5.481627896396873,ToD blocks
2022-10-02,HAUGHT11,-1.4665310397564184,ToD blocks
2022-10-09,HAUGHT11,-10.22597668462123,ToD blocks
2022-10-16,HAUGHT11,-2.072092130372951,ToD blocks
2022-10-23,HAUGHT11,-10.35179688510135,ToD blocks
2022-10-30,HAUGHT11,19.251078098104614,ToD blocks
2022-11-06,HAUGHT11,23.49125361539042,ToD blocks
2022-11-13,HAUGHT11,-4.563290634210205,ToD blocks
2022-11-20,HAUGHT11,-22.055980223749664,ToD blocks
2022-11-27,HAUGHT11,1.9562952988528082,ToD blocks
2022-12-04,HAUGHT11,-15.259034551002834,ToD blocks
2022-12-11,HAUGHT11,-3.943438170582894,ToD blocks
2022-12-18,HAUGHT11,-6.723387911262897,ToD blocks
2022-12-25,HAUGHT11,-9.611657045492773,ToD blocks
2023-01-01,HAUGHT11,-1.0947209117310273,ToD blocks
2023-01-08,HAUGHT11,-5.760398737388087,ToD blocks
2023-01-15,HAUGHT11,-3.3597102130569994,ToD blocks
2023-01-22,HAUGHT11,-12.728952118194918,ToD blocks
2023-01-29,HAUGHT11,7.033736664564998,ToD blocks
2023-02-05,HAUGHT11,-9.727274564892156,ToD blocks
2023-02-12,HAUGHT11,-11.852487193072328,ToD blocks
2023-02-19,HAUGHT11,-6.024516274637605,ToD blocks
2023-02-26,HAUGHT11,-17.410269422564223,ToD blocks
2023-03-05,HAUGHT11,-0.05888640899372888,ToD blocks
2023-03-12,HAUGHT11,-1.9868724902633659,ToD blocks
2023-03-19,HAUGHT11,-8.923732165852357,ToD blocks
2023-03-26,HAUGHT11,-3.1718233575404966,ToD blocks
2023-04-02,HAUGHT11,-19.298846280768913,ToD blocks
2023-04-09,HAUGHT11,18.35567767904817,ToD blocks
2023-04-16,HAUGHT11,0.431886247566041,ToD blocks
2023-04-23,HAUGHT11,-14.230641031090876,ToD blocks
2023-04-30,HAUGHT11,-8.67806743413189,ToD blocks
2023-05-07,HAUGHT11,-17.490032726589973,ToD blocks
2023-05-14,HAUGHT11,-22.235429069903674,ToD blocks
2023-05-21,HAUGHT11,-13.696573082333671,ToD blocks
2023-05-28,HAUGHT11,-41.82876367258267,ToD blocks
2023-06-04,HAUGHT11,-19.84463416289193,ToD blocks
2023-06-11,HAUGHT11,-8.886484883883291,ToD blocks
2023-06-18,HAUGHT11,-7.887958977561283,ToD blocks
2023-06-25,HAUGHT11,-21.30505760607329,ToD blocks
2023-07-02,HAUGHT11,-6.28471071359693,ToD blocks
2023-07-09,HAUGHT11,-36.37062157970068,ToD blocks
2023-07-16,HAUGHT11,-9.466395883839073,ToD blocks
2023-07-23,HAUGHT11,-10.863492400066043,ToD blocks
2023-07-30,HAUGHT11,-12.362666116706684,ToD blocks
2023-08-06,HAUGHT11,-16.536862921309236,ToD blocks
2023-08-13,HAUGHT11,2.869194879556691,ToD blocks
2023-08-20,HAUGHT11,13.791715541025475,ToD blocks
2023-08-27,HAUGHT11,7.156645800348484,ToD blocks
2023-09-03,HAUGHT11,5.501341173491868,ToD blocks
2023-09-10,HAUGHT11,7.8996430868124285,ToD blocks
2023-09-17,HAUGHT11,8.6765641852855,ToD blocks
2023-09-24,HAUGHT11,3.32534195157592,ToD blocks
2023-10-01,HAUGHT11,24.391521493072204,ToD blocks
2023-10-08,HAUGHT11,3.278828943107185,ToD blocks
2023-10-15,HAUGHT11,22.45915107675932,ToD blocks
2023-10-22,HAUGHT11,4.674612112324855,ToD blocks
2023-10-29,HAUGHT11,11.632761681360797,ToD blocks
2023-11-05,HAUGHT11,3.3440822913842077,ToD blocks
2023-11-12,HAUGHT11,11.32514821340947,ToD blocks
2023-11-19,HAUGHT11,9.169341078149671,ToD blocks
2023-11-26,HAUGHT11,-2.2639776722680764,ToD blocks
2023-12-03,HAUGHT11,-8.77787080456168,ToD blocks
2023-12-10,HAUGHT11,2.9656240867876846,ToD blocks
2023-12-17,HAUGHT11,-12.707560350911152,ToD blocks
2023-12-24,HAUGHT11,4.773393753939665,ToD blocks
2023-12-31,HAUGHT11,18.422181777481477,ToD blocks
2024-01-07,HAUGHT11,-1.5098994853144596,ToD blocks
2024-01-14,HAUGHT11,-7.259357416676814,ToD blocks
2024-01-21,HAUGHT11,-22.743007351529997,ToD blocks
2024-01-28,HAUGHT11,-9.414374403091543,ToD blocks
2024-02-04,HAUGHT11,-32.384988681206536,ToD blocks
2024-02-11,HAUGHT11,-3.902803625610545,ToD blocks
2024-02-18,HAUGHT11,-5.565034824066942,ToD blocks
2024-02-25,HAUGHT11,-34.991911917196184,ToD blocks
2024-03-03,HAUGHT11,-7.524566684023881,ToD blocks
2024-03-10,HAUGHT11,-7.4108022433851914,ToD blocks
2024-03-17,HAUGHT11,-8.477342275064757,ToD blocks
2024-03-24,HAUGHT11,-12.416828166601604,ToD blocks
2024-03-31,HAUGHT11,-18.097663299165895,ToD blocks
2024-04-07,HAUGHT11,-6.773253067479423,ToD blocks
2024-04-14,HAUGHT11,-6.277291110082592,ToD blocks
2024-04-21,HAUGHT11,-16.556128181656803,ToD blocks
2024-04-28,HAUGHT11,-12.441573602641906,ToD blocks
2024-05-05,HAUGHT11,-17.01372671879956,ToD blocks
2024-05-12,HAUGHT11,-17.661606305124916,ToD blocks
2024-05-19,HAUGHT11,4.175004752144162,ToD blocks
2024-05-26,HAUGHT11,-22.616491179875222,ToD blocks
2024-06-02,HAUGHT11,-22.132342500152312,ToD blocks
2024-06-09,HAUGHT11,-15.619764869227517,ToD blocks
2024-06-16,HAUGHT11,-7.978880209547878,ToD blocks
2024-06-23,HAUGHT11,-35.91168821553923,ToD blocks
2024-06-30,HAUGHT11,-18.732376961751328,ToD blocks
2024-07-07,HAUGHT11,-20.6920042005019,ToD blocks
2024-07-14,HAUGHT11,-20.68870605751028,ToD blocks
2024-07-21,HAUGHT11,-3.054920099179377,ToD blocks
2024-07-28,HAUGHT11,-34.62669963172319,ToD blocks
2024-08-04,HAUGHT11,1.272557911501238,ToD blocks
2024-08-11,HAUGHT11,-29.919669678735787,ToD blocks
2024-08-18,HAUGHT11,1.6977338561574413,ToD blocks
2024-08-25,HAUGHT11,-2.526882235334152,ToD blocks
2024-09-01,HAUGHT11,6.586867990891049,ToD blocks
2024-09-08,HAUGHT11,8.506870944205543,ToD blocks
2024-09-15,HAUGHT11,9.79214998289376,ToD blocks
2024-09-22,HAUGHT11,-14.342689501969868,ToD blocks
2024-09-29,HAUGHT11,1.2319330167956437,ToD blocks
2024-10-06,HAUGHT11,2.4153345908944095,ToD blocks
2024-10-13,HAUGHT11,5.093709126810545,ToD blocks
2024-10-20,HAUGHT11,-2.6916959007257617,ToD blocks
2024-10-27,HAUGHT11,0.6018592614911338,ToD blocks
2024-11-03,HAUGHT11,-5.431049056613983,ToD blocks
2024-11-10,HAUGHT11,-38.311417985425436,ToD blocks
2024-11-17,HAUGHT11,2.065569797844347,ToD blocks
2024-11-24,HAUGHT11,-18.674109009455577,ToD blocks
2024-12-01,HAUGHT11,-11.201205622459383,ToD blocks
2024-12-08,HAUGHT11,-8.427546185195709,ToD blocks
2024-12-15,HAUGHT11,-10.48716583261691,ToD blocks
2024-12-22,HAUGHT11,-12.375057451770715,ToD blocks
2024-12-29,HAUGHT11,2.711298423308321,ToD blocks
2025-01-05,HAUGHT11,0.9828402207103295,ToD blocks
2020-01-05,HAYMSF1,-7.292962814886494,ToD blocks
2020-01-12,HAYMSF1,-1.557026608753361,ToD blocks
2020-01-19,HAYMSF1,-2.0278935631001715,ToD blocks
2020-01-26,HAYMSF1,-3.5758963123480783,ToD blocks
2020-02-02,HAYMSF1,13.902288920871925,ToD blocks
2020-02-09,HAYMSF1,-0.8938675991570193,ToD blocks
2020-02-16,HAYMSF1,-1.859967037060052,ToD blocks
2020-02-23,HAYMSF1,-2.2960942499639074,ToD blocks
2020-03-01,HAYMSF1,-4.555143622603524,ToD blocks
2020-03-08,HAYMSF1,-3.8238367916912424,ToD blocks
2020-03-15,HAYMSF1,-4.4553693682494675,ToD blocks
2020-03-22,HAYMSF1,-3.06890786075839,ToD blocks
2020-03-29,HAYMSF1,-1.1197507900921906,ToD blocks
2020-04-05,HAYMSF1,-1.9461024904680997,ToD blocks
2020-04-12,HAYMSF1,-2.9750479970686747,ToD blocks
2020-04-19,HAYMSF1,-2.317059850319179,ToD blocks
2020-04-26,HAYMSF1,-1.6906501185571763,ToD blocks
2020-05-03,HAYMSF1,1.6128320734909725,ToD blocks
2020-05-10,HAYMSF1,-1.791466747649185,ToD blocks
2020-05-17,HAYMSF1,-3.680599597453707,ToD blocks
2020-05-24,HAYMSF1,-10.055827816996374,ToD blocks
2020-05-31,HAYMSF1,-1.8434809787428996,ToD blocks
2020-06-07,HAYMSF1,-3.674648124293139,ToD blocks
2020-06-14,HAYMSF1,-5.8208255592170595,ToD blocks
2020-06-21,HAYMSF1,-4.732666187299472,ToD blocks
2020-06-28,HAYMSF1,-3.499553881761438,ToD blocks
2020-07-05,HAYMSF1,-1.6606149174808245,ToD blocks
2020-07-12,HAYMSF1,-3.557146806103873,ToD blocks
2020-07-19,HAYMSF1,-3.780259140448063,ToD blocks
2020-07-26,HAYMSF1,-7.908718619186892,ToD blocks
2020-08-02,HAYMSF1,-3.1455838381352486,ToD blocks
2020-08-09,HAYMSF1,-0.8889691038203154,ToD blocks
2020-08-16,HAYMSF1,7.573219798006839,ToD blocks
2020-08-23,HAYMSF1,1.7100074993054264,ToD blocks
2020-08-30,HAYMSF1,0.5697247341069405,ToD blocks
2020-09-06,HAYMSF1,-0.10334905076148893,ToD blocks
2020-09-13,HAYMSF1,-5.537771827612126,ToD blocks
2020-09-20,HAYMSF1,-4.421089717967509,ToD blocks
2020-09-27,HAYMSF1,3.7356265781225275,ToD blocks
2020-10-04,HAYMSF1,0.37036556193616654,ToD blocks
2020-10-11,HAYMSF1,-0.7173225148753666,ToD blocks
2020-10-18,HAYMSF1,8.338880538758858,ToD blocks
2020-10-25,HAYMSF1,-3.1258052822766267,ToD blocks
2020-11-01,HAYMSF1,-7.172979584139846,ToD blocks
2020-11-08,HAYMSF1,-1.9197618210778984,ToD blocks
2020-11-15,HAYMSF1,-3.420144731224024,ToD blocks
2020-11-22,HAYMSF1,-5.43741958140145,ToD blocks
2020-11-29,HAYMSF1,-5.025837496972322,ToD blocks
2020-12-06,HAYMSF1,-5.911877809702297,ToD blocks
2020-12-13,HAYMSF1,-3.787578970492845,ToD blocks
2020-12-20,HAYMSF1,-17.563218327076612,ToD blocks
2020-12-27,HAYMSF1,2.8635174939244763,ToD blocks
2021-01-03,HAYMSF1,-5.556080812720822,ToD blocks
2021-01-10,HAYMSF1,-3.1835647922777,ToD blocks
2021-01-17,HAYMSF1,-6.1112203636920555,ToD blocks
2021-01-24,HAYMSF1,-23.1950616423942,ToD blocks
2021-01-31,HAYMSF1,-0.18499608160944803,ToD blocks
2021-02-07,HAYMSF1,-0.6418278924642564,ToD blocks
2021-02-14,HAYMSF1,-2.306842716895922,ToD blocks
2021-02-21,HAYMSF1,-2.9500133012690313,ToD blocks
2021-02-28,HAYMSF1,-10.726613498095531,ToD blocks
2021-03-07,HAYMSF1,-10.664629317411801,ToD blocks
2021-03-14,HAYMSF1,1.8757511389245067,ToD blocks
2021-03-21,HAYMSF1,-2.102060696393181,ToD blocks
2021-03-28,HAYMSF1,-6.396048590755495,ToD blocks
2021-04-04,HAYMSF1,-4.2111386043481325,ToD blocks
2021-04-11,HAYMSF1,-2.9260028232517,ToD blocks
2021-04-18,HAYMSF1,-6.7271715940452985,ToD blocks
2021-04-25,HAYMSF1,-46.14991064729844,ToD blocks
2021-05-02,HAYMSF1,-6.979294758023833,ToD blocks
2021-05-09,HAYMSF1,-0.18339974539942716,ToD blocks
2021-05-16,HAYMSF1,-0.21210630581798995,ToD blocks
2021-05-23,HAYMSF1,-26.830042096250853,ToD blocks
2021-05-30,HAYMSF1,-242.96211412035882,ToD blocks
2021-06-06,HAYMSF1,-54.81331882290162,ToD blocks
2021-06-13,HAYMSF1,-63.66642243460501,ToD blocks
2021-06-20,HAYMSF1,-72.01615276784277,ToD blocks
2021-06-27,HAYMSF1,-38.491750911793325,ToD blocks
2021-07-04,HAYMSF1,-87.78022448683194,ToD blocks
2021-07-11,HAYMSF1,-29.026420457449333,ToD blocks
2021-07-18,HAYMSF1,-19.862869096665605,ToD blocks
2021-07-25,HAYMSF1,-60.813391126595306,ToD blocks
2021-08-01,HAYMSF1,-6.836714191229362,ToD blocks
2021-08-08,HAYMSF1,-3.9012095502267385,ToD blocks
2021-08-15,HAYMSF1,-2.104615795632487,ToD blocks
2021-08-22,HAYMSF1,-4.655544640691986,ToD blocks
2021-08-29,HAYMSF1,-2.328893112831345,ToD blocks
2021-09-05,HAYMSF1,-8.60693393423303,ToD blocks
2021-09-12,HAYMSF1,3.2458875505958895,ToD blocks
2021-09-19,HAYMSF1,-27.3052767028379,ToD blocks
2021-09-26,HAYMSF1,9.146198855430539,ToD blocks
2021-10-03,HAYMSF1,22.63706864283335,ToD blocks
2021-10-10,HAYMSF1,20.95586604651487,ToD blocks
2021-10-17,HAYMSF1,39.09591436889457,ToD blocks
2021-10-24,HAYMSF1,-6.46044850086254,ToD blocks
2021-10-31,HAYMSF1,-6.759579541563703,ToD blocks
2021-11-07,HAYMSF1,-7.004562555735802,ToD blocks
2021-11-14,HAYMSF1,40.120004927761045,ToD blocks
2021-11-21,HAYMSF1,-11.110541962698207,ToD blocks
2021-11-28,HAYMSF1,5.882900112369995,ToD blocks
2021-12-05,HAYMSF1,-8.929413414297912,ToD blocks
2021-12-12,HAYMSF1,-25.58698544620156,ToD blocks
2021-12-19,HAYMSF1,-4.777314002599574,ToD blocks
2021-12-26,HAYMSF1,-5.432827878473759,ToD blocks
2022-01-02,HAYMSF1,1.8572753002836464,ToD blocks
2022-01-09,HAYMSF1,-11.126937139635004,ToD blocks
2022-01-16,HAYMSF1,-8.73249827554163,ToD blocks
2022-01-23,HAYMSF1,3.599167679277727,ToD blocks
2022-01-30,HAYMSF1,-15.531940580977434,ToD blocks
2022-02-06,HAYMSF1,17.51747118855161,ToD blocks
2022-02-13,HAYMSF1,-4.649945173784076,ToD blocks
2022-02-20,HAYMSF1,-10.136248394629959,ToD blocks
2022-02-27,HAYMSF1,-1.2743551635063,ToD blocks
2022-03-06,HAYMSF1,-4.373724088820438,ToD blocks
2022-03-13,HAYMSF1,-47.58783074857858,ToD blocks
2022-03-20,HAYMSF1,-13.692110154952687,ToD blocks
2022-03-27,HAYMSF1,-10.440208264462044,ToD blocks
2022-04-03,HAYMSF1,-11.653175843326125,ToD blocks
2022-04-10,HAYMSF1,-49.89342331528508,ToD blocks
2022-04-17,HAYMSF1,-20.765665597190875,ToD blocks
2022-04-24,HAYMSF1,-37.30148887327577,ToD blocks
2022-05-01,HAYMSF1,-17.616540815145243,ToD blocks
2022-05-08,HAYMSF1,-51.245389726067856,ToD blocks
2022-05-15,HAYMSF1,-52.05514804557447,ToD blocks
2022-05-22,HAYMSF1,-32.938313084446406,ToD blocks
2022-05-29,HAYMSF1,-26.86537037256491,ToD blocks
2022-06-05,HAYMSF1,-63.27182241618192,ToD blocks
2022-06-12,HAYMSF1,-156.36760413679428,ToD blocks
2022-06-19,HAYMSF1,-4.058193582462167,ToD blocks
2022-06-26,HAYMSF1,-21.238223743597246,ToD blocks
2022-07-03,HAYMSF1,-34.49401826588934,ToD blocks
2022-07-10,HAYMSF1,-505.60046297392716,ToD blocks
2022-07-17,HAYMSF1,-42.557445061441996,ToD blocks
2022-07-24,HAYMSF1,-56.5291931462088,ToD blocks
2022-07-31,HAYMSF1,-31.10189018782124,ToD blocks
2022-08-07,HAYMSF1,-19.276344098838464,ToD blocks
2022-08-14,HAYMSF1,-10.72947251510297,ToD blocks
2022-08-21,HAYMSF1,37.49197316591203,ToD blocks
2022-08-28,HAYMSF1,5.623861782709227,ToD blocks
2022-09-04,HAYMSF1,-24.40115619366175,ToD blocks
2022-09-11,HAYMSF1,17.50985149234853,ToD blocks
2022-09-18,HAYMSF1,4.633374560565855,ToD blocks
2022-09-25,HAYMSF1,14.460367339963852,ToD blocks
2022-10-02,HAYMSF1,-4.261618930603333,ToD blocks
2022-10-09,HAYMSF1,-11.520365216830967,ToD blocks
2022-10-16,HAYMSF1,-10.558579824821777,ToD blocks
2022-10-23,HAYMSF1,-16.178276620375783,ToD blocks
2022-10-30,HAYMSF1,22.515985465966736,ToD blocks
2022-11-06,HAYMSF1,32.14506580531523,ToD blocks
2022-11-13,HAYMSF1,-4.756073064270474,ToD blocks
2022-11-20,HAYMSF1,-17.682270334545116,ToD blocks
2022-11-27,HAYMSF1,-2.64195489271151,ToD blocks
2022-12-04,HAYMSF1,1.7718906180325718,ToD blocks
2022-12-11,HAYMSF1,6.110071712200863,ToD blocks
2022-12-18,HAYMSF1,5.0935174488380035,ToD blocks
2022-12-25,HAYMSF1,1.4275053799991468,ToD blocks
2023-01-01,HAYMSF1,9.349648346093485,ToD blocks
2023-01-08,HAYMSF1,5.635844395892029,ToD blocks
2023-01-15,HAYMSF1,-19.333875297530525,ToD blocks
2023-01-22,HAYMSF1,-16.155380233816572,ToD blocks
2023-01-29,HAYMSF1,1.8923999655455503,ToD blocks
2023-02-05,HAYMSF1,-3.2286910198249643,ToD blocks
2023-02-12,HAYMSF1,-6.167145774594751,ToD blocks
2023-02-19,HAYMSF1,-5.409263932275202,ToD blocks
2023-02-26,HAYMSF1,-0.8664119960584955,ToD blocks
2023-03-05,HAYMSF1,-1.8903575833567885,ToD blocks
2023-03-12,HAYMSF1,-4.848424425123554,ToD blocks
2023-03-19,HAYMSF1,-18.378247953801377,ToD blocks
2023-03-26,HAYMSF1,3.8996094086471373,ToD blocks
2023-04-02,HAYMSF1,-17.428259920034947,ToD blocks
2023-04-09,HAYMSF1,18.27042719292607,ToD blocks
2023-04-16,HAYMSF1,6.629494974582329,ToD blocks
2023-04-23,HAYMSF1,-10.983161476843662,ToD blocks
2023-04-30,HAYMSF1,-15.385118288944774,ToD blocks
2023-05-07,HAYMSF1,-17.78355743907568,ToD blocks
2023-05-14,HAYMSF1,-20.43040570922674,ToD blocks
2023-05-21,HAYMSF1,-21.21784038432783,ToD blocks
2023-05-28,HAYMSF1,-45.37043401852036,ToD blocks
2023-06-04,HAYMSF1,-22.574751205079068,ToD blocks
2023-06-11,HAYMSF1,-13.085222599684684,ToD blocks
2023-06-18,HAYMSF1,-18.73473860758117,ToD blocks
2023-06-25,HAYMSF1,-26.02229086771684,ToD blocks
2023-07-02,HAYMSF1,-10.842448059580867,ToD blocks
2023-07-09,HAYMSF1,-39.61686713036492,ToD blocks
2023-07-16,HAYMSF1,-13.743942472225402,ToD blocks
2023-07-23,HAYMSF1,-15.861469857643304,ToD blocks
2023-07-30,HAYMSF1,-22.33282775876878,ToD blocks
2023-08-06,HAYMSF1,-10.131256612349151,ToD blocks
2023-08-13,HAYMSF1,-6.516683050978283,ToD blocks
2023-08-20,HAYMSF1,-2.0702929538560504,ToD blocks
2023-08-27,HAYMSF1,-11.09840494082091,ToD blocks
2023-09-03,HAYMSF1,-4.021411835398687,ToD blocks
2023-09-10,HAYMSF1,5.832256184056211,ToD blocks
2023-09-17,HAYMSF1,1.9108255868169772,ToD blocks
2023-09-24,HAYMSF1,-1.325287669362818,ToD blocks
2023-10-01,HAYMSF1,15.416008336928495,ToD blocks
2023-10-08,HAYMSF1,-3.665198108948898,ToD blocks
2023-10-15,HAYMSF1,7.748757876920873,ToD blocks
2023-10-22,HAYMSF1,-4.228053817106867,ToD blocks
2023-10-29,HAYMSF1,3.5718711811244197,ToD blocks
2023-11-05,HAYMSF1,3.575177974081445,ToD blocks
2023-11-12,HAYMSF1,-6.94975970448886,ToD blocks
2023-11-19,HAYMSF1,4.154862860117689,ToD blocks
2023-11-26,HAYMSF1,-3.630052368042854,ToD blocks
2023-12-03,HAYMSF1,-13.74930400858688,ToD blocks
2023-12-10,HAYMSF1,-1.9974799133718513,ToD blocks
2023-12-17,HAYMSF1,-13.192996592864908,ToD blocks
2023-12-24,HAYMSF1,0.9307116798021227,ToD blocks
2023-12-31,HAYMSF1,-11.685494293600474,ToD blocks
2024-01-07,HAYMSF1,-3.300000928693656,ToD blocks
2024-01-14,HAYMSF1,-13.978189353147485,ToD blocks
2024-01-21,HAYMSF1,-35.79972227150249,ToD blocks
2024-01-28,HAYMSF1,28.38159717417477,ToD blocks
2024-02-04,HAYMSF1,13.32756769564331,ToD blocks
2024-02-11,HAYMSF1,-8.352946724475203,ToD blocks
2024-02-18,HAYMSF1,-12.583578129842579,ToD blocks
2024-02-25,HAYMSF1,-28.51975035991397,ToD blocks
2024-03-03,HAYMSF1,-35.34248992180935,ToD blocks
2024-03-10,HAYMSF1,-8.251614625367509,ToD blocks
2024-03-17,HAYMSF1,-8.965468849006328,ToD blocks
2024-03-24,HAYMSF1,-10.608682651555306,ToD blocks
2024-03-31,HAYMSF1,-13.89738205997191,ToD blocks
2024-04-07,HAYMSF1,-6.683190528568836,ToD blocks
2024-04-14,HAYMSF1,-2.013829831119704,ToD blocks
2024-04-21,HAYMSF1,-17.722685244478285,ToD blocks
2024-04-28,HAYMSF1,-15.790756214598897,ToD blocks
2024-05-05,HAYMSF1,-16.8724314535499,ToD blocks
2024-05-12,HAYMSF1,-25.40586904810166,ToD blocks
2024-05-19,HAYMSF1,18.78137381340175,ToD blocks
2024-05-26,HAYMSF1,-29.148099996217613,ToD blocks
2024-06-02,HAYMSF1,-23.04475273342765,ToD blocks
2024-06-09,HAYMSF1,-10.3570734876403,ToD blocks
2024-06-16,HAYMSF1,-11.157038288817699,ToD blocks
2024-06-23,HAYMSF1,-40.68742652542532,ToD blocks
2024-06-30,HAYMSF1,-25.946044522276466,ToD blocks
2024-07-07,HAYMSF1,-0.21244041356634114,ToD blocks
2024-07-14,HAYMSF1,-24.369388581433917,ToD blocks
2024-07-21,HAYMSF1,-0.4288298435470921,ToD blocks
2024-07-28,HAYMSF1,-21.600111334913635,ToD blocks
2024-08-04,HAYMSF1,-27.27092050308069,ToD blocks
2024-08-11,HAYMSF1,-31.462389311086866,ToD blocks
2024-08-18,HAYMSF1,-1.9593302456808743,ToD blocks
2024-08-25,HAYMSF1,1.6645770563681292,ToD blocks
2024-09-01,HAYMSF1,13.5335830893806,ToD blocks
2024-09-08,HAYMSF1,18.47313004839438,ToD blocks
2024-09-15,HAYMSF1,15.463124600124512,ToD blocks
2024-09-22,HAYMSF1,-3.400525302457865,ToD blocks
2024-09-29,HAYMSF1,10.0329308037719,ToD blocks
2024-10-06,HAYMSF1,10.992042786958809,ToD blocks
2024-10-13,HAYMSF1,29.040631115182926,ToD blocks
2024-10-20,HAYMSF1,20.863347452290483,ToD blocks
2024-10-27,HAYMSF1,22.689893121553247,ToD blocks
2024-11-03,HAYMSF1,33.43323742655138,ToD blocks
2024-11-10,HAYMSF1,-53.36315259842779,ToD blocks
2024-11-17,HAYMSF1,6.239013056279049,ToD blocks
2024-11-24,HAYMSF1,1.9262316329660507,ToD blocks
2024-12-01,HAYMSF1,-9.886595441529977,ToD blocks
2024-12-08,HAYMSF1,-1.9893889969485343,ToD blocks
2024-12-15,HAYMSF1,-8.38843998420441,ToD blocks
2024-12-22,HAYMSF1,-26.865568141156082,ToD blocks
2024-12-29,HAYMSF1,17.46055080305087,ToD blocks
2025-01-05,HAYMSF1,-9.209866095099326,ToD blocks
2020-01-05,KSP1,3.5358743366937233,ToD blocks
2020-01-12,KSP1,-0.716426963474099,ToD blocks
2020-01-19,KSP1,-1.535308315951255,ToD blocks
2020-01-26,KSP1,-4.96452999376254,ToD blocks
2020-02-02,KSP1,-13.269652270744615,ToD blocks
2020-02-09,KSP1,-1.0861927256296582,ToD blocks
2020-02-16,KSP1,-2.4706886738147986,ToD blocks
2020-02-23,KSP1,-0.7044620934517312,ToD blocks
2020-03-01,KSP1,-2.6400922582250033,ToD blocks
2020-03-08,KSP1,-1.8695135161733987,ToD blocks
2020-03-15,KSP1,-4.467060727865029,ToD blocks
2020-03-22,KSP1,-1.4451135292566128,ToD blocks
2020-03-29,KSP1,-0.3767579558655001,ToD blocks
2020-04-05,KSP1,0.36111328256767905,ToD blocks
2020-04-12,KSP1,-1.4472433729291652,ToD blocks
2020-04-19,KSP1,-1.2329139972989474,ToD blocks
2020-04-26,KSP1,-1.0376887880869639,ToD blocks
2020-05-03,KSP1,15.302186997961758,ToD blocks
2020-05-10,KSP1,1.3347702385768763,ToD blocks
2020-05-17,KSP1,-2.5600663379984994,ToD blocks
2020-05-24,KSP1,-7.3165280438861515,ToD blocks
2020-05-31,KSP1,0.5284125836607991,ToD blocks
2020-06-07,KSP1,0.3898332437605134,ToD blocks
2020-06-14,KSP1,-2.292575632109088,ToD blocks
2020-06-21,KSP1,-2.3702644351260282,ToD blocks
2020-06-28,KSP1,-2.1784559809916715,ToD blocks
2020-07-05,KSP1,-2.364552505319484,ToD blocks
2020-07-12,KSP1,-2.507237325452671,ToD blocks
2020-07-19,KSP1,-3.541504198674996,ToD blocks
2020-07-26,KSP1,-6.052626935101152,ToD blocks
2020-08-02,KSP1,-2.1717281305656684,ToD blocks
2020-08-09,KSP1,-2.4046316446204195,ToD blocks
2020-08-16,KSP1,9.87561378341725,ToD blocks
2020-08-23,KSP1,3.8504531597465643,ToD blocks
2020-08-30,KSP1,1.92509505619927,ToD blocks
2020-09-06,KSP1,3.820909144659641,ToD blocks
2020-09-13,KSP1,-4.371615795022521,ToD blocks
2020-09-20,KSP1,-1.411632161397856,ToD blocks
2020-09-27,KSP1,5.050214691351176,ToD blocks
2020-10-04,KSP1,2.2653968286474386,ToD blocks
2020-10-11,KSP1,2.7007851906475473,ToD blocks
2020-10-18,KSP1,9.13387462715147,ToD blocks
2020-10-25,KSP1,-2.863565547494737,ToD blocks
2020-11-01,KSP1,-5.3409862582915295,ToD blocks
2020-11-08,KSP1,-1.605901711974468,ToD blocks
2020-11-15,KSP1,-2.4780014862018547,ToD blocks
2020-11-22,KSP1,0.7208263199172293,ToD blocks
2020-11-29,KSP1,-15.49640871682709,ToD blocks
2020-12-06,KSP1,-1.8834603691669045,ToD blocks
2020-12-13,KSP1,-0.8554240373425799,ToD blocks
2020-12-20,KSP1,-3.918257572335918,ToD blocks
2020-12-27,KSP1,2.6289818853085265,ToD blocks
2021-01-03,KSP1,-2.071908585928554,ToD blocks
2021-01-10,KSP1,-0.6973961579959607,ToD blocks
2021-01-17,KSP1,-3.635472591880223,ToD blocks
2021-01-24,KSP1,-19.64179672995669,ToD blocks
2021-01-31,KSP1,-0.08014031672844624,ToD blocks
2021-02-07,KSP1,-1.0914337951670916,ToD blocks
2021-02-14,KSP1,-2.02773212862639,ToD blocks
2021-02-21,KSP1,-2.1632032944997768,ToD blocks
2021-02-28,KSP1,-6.0704613321943555,ToD blocks
2021-03-07,KSP1,-8.122633326660619,ToD blocks
2021-03-14,KSP1,-1.6095744743876494,ToD blocks
2021-03-21,KSP1,-1.664261039325261,ToD blocks
2021-03-28,KSP1,-2.64696172851545,ToD blocks
2021-04-04,KSP1,-2.1285668885107576,ToD blocks
2021-04-11,KSP1,15.033599595730209,ToD blocks
2021-04-18,KSP1,2.6185153517174093,ToD blocks
2021-04-25,KSP1,-37.7913102300356,ToD blocks
2021-05-02,KSP1,-2.6185772209434823,ToD blocks
2021-05-09,KSP1,0.8013043623053164,ToD blocks
2021-05-16,KSP1,7.445713072299142,ToD blocks
2021-05-23,KSP1,-14.178112599877075,ToD blocks
2021-05-30,KSP1,-245.43400508992332,ToD blocks
2021-06-06,KSP1,-41.73812955206566,ToD blocks
2021-06-13,KSP1,-36.61857179310539,ToD blocks
2021-06-20,KSP1,-19.46685963313223,ToD blocks
2021-06-27,KSP1,-32.329157603039064,ToD blocks
2021-07-04,KSP1,-22.51524258086056,ToD blocks
2021-07-11,KSP1,-27.91487036822683,ToD blocks
2021-07-18,KSP1,-14.531043952650073,ToD blocks
2021-07-25,KSP1,-51.517165267414384,ToD blocks
2021-08-01,KSP1,-3.778178650445952,ToD blocks
2021-08-08,KSP1,-3.4938129682792507,ToD blocks
2021-08-15,KSP1,0.9565036311701398,ToD blocks
2021-08-22,KSP1,7.894170074146235,ToD blocks
2021-08-29,KSP1,2.8973973818853516,ToD blocks
2021-09-05,KSP1,-5.627965714797703,ToD blocks
2021-09-12,KSP1,7.8112284323963985,ToD blocks
2021-09-19,KSP1,-4.7946033209313725,ToD blocks
2021-09-26,KSP1,18.06593364742407,ToD blocks
2021-10-03,KSP1,32.19981138378126,ToD blocks
2021-10-10,KSP1,2.489025553768389,ToD blocks
2021-10-17,KSP1,60.567595637160125,ToD blocks
2021-10-24,KSP1,-5.226177871952956,ToD blocks
2021-10-31,KSP1,-8.283824013019427,ToD blocks
2021-11-07,KSP1,-6.624823430332135,ToD blocks
2021-11-14,KSP1,-55.876227888709764,ToD blocks
2021-11-21,KSP1,-6.969324150552495,ToD blocks
2021-11-28,KSP1,-13.501677844852992,ToD blocks
2021-12-05,KSP1,-5.449643179337038,ToD blocks
2021-12-12,KSP1,-23.084958334446192,ToD blocks
2021-12-19,KSP1,-2.9862960572287562,ToD blocks
2021-12-26,KSP1,-24.61436755157135,ToD blocks
2022-01-02,KSP1,-3.0071747822708303,ToD blocks
2022-01-09,KSP1,-0.5715503450161634,ToD blocks
2022-01-16,KSP1,-15.571821799655396,ToD blocks
2022-01-23,KSP1,-8.96041575741792,ToD blocks
2022-01-30,KSP1,-10.657596283437869,ToD blocks
2022-02-06,KSP1,-107.86939303413769,ToD blocks
2022-02-13,KSP1,-3.4055785552294964,ToD blocks
2022-02-20,KSP1,-6.372937693783157,ToD blocks
2022-02-27,KSP1,-2.4508528505358385,ToD blocks
2022-03-06,KSP1,-2.9297346078965774,ToD blocks
2022-03-13,KSP1,18.05502389505361,ToD blocks
2022-03-20,KSP1,-5.455181024172255,ToD blocks
2022-03-27,KSP1,-8.214875149235155,ToD blocks
2022-04-03,KSP1,-7.225893652923986,ToD blocks
2022-04-10,KSP1,-43.65963929670525,ToD blocks
2022-04-17,KSP1,-8.81193627010208,ToD blocks
2022-04-24,KSP1,-3.3873840863077476,ToD blocks
2022-05-01,KSP1,8.163886036885543,ToD blocks
2022-05-08,KSP1,-38.6405856915969,ToD blocks
2022-05-15,KSP1,-7.912284913157748,ToD blocks
2022-05-22,KSP1,-20.162519199756673,ToD blocks
2022-05-29,KSP1,-14.121388346025697,ToD blocks
2022-06-05,KSP1,-51.592235170353376,ToD blocks
2022-06-12,KSP1,-117.51179271739028,ToD blocks
2022-06-19,KSP1,0.9042255005271045,ToD blocks
2022-06-26,KSP1,-9.067820493009748,ToD blocks
2022-07-03,KSP1,-2.6410318221149396,ToD blocks
2022-07-10,KSP1,-227.50206152337563,ToD blocks
2022-07-17,KSP1,-15.5397462626851,ToD blocks
2022-07-24,KSP1,-29.118030807426237,ToD blocks
2022-07-31,KSP1,-21.389467002510827,ToD blocks
2022-08-07,KSP1,-11.03727622905214,ToD blocks
2022-08-14,KSP1,-0.5324523076010337,ToD blocks
2022-08-21,KSP1,17.639226526930244,ToD blocks
2022-08-28,KSP1,1.0623181868731848,ToD blocks
2022-09-04,KSP1,-10.753335717615528,ToD blocks
2022-09-11,KSP1,4.849303674699868,ToD blocks
2022-09-18,KSP1,2.49011671665518,ToD blocks
2022-09-25,KSP1,1.0891917429981817,ToD blocks
2022-10-02,KSP1,0.49238514075166506,ToD blocks
2022-10-09,KSP1,-8.467661621271674,ToD blocks
2022-10-16,KSP1,-7.6872727527863844,ToD blocks
2022-10-23,KSP1,-11.720124483232524,ToD blocks
2022-10-30,KSP1,10.215723255253025,ToD blocks
2022-11-06,KSP1,24.682345532742957,ToD blocks
2022-11-13,KSP1,-10.711310395633411,ToD blocks
2022-11-20,KSP1,-31.964231516357074,ToD blocks
2022-11-27,KSP1,-1.555541743444536,ToD blocks
2022-12-04,KSP1,-4.702034806117226,ToD blocks
2022-12-11,KSP1,4.420297483735752,ToD blocks
2022-12-18,KSP1,1.6323057989790257,ToD blocks
2022-12-25,KSP1,0.719210425633598,ToD blocks
2023-01-01,KSP1,4.4110333347858806,ToD blocks
2023-01-08,KSP1,-4.304127900058376,ToD blocks
2023-01-15,KSP1,-5.036304646930844,ToD blocks
2023-01-22,KSP1,-5.005860090562692,ToD blocks
2023-01-29,KSP1,8.450484083098019,ToD blocks
2023-02-05,KSP1,-8.760232798574734,ToD blocks
2023-02-12,KSP1,4.352587647059323,ToD blocks
2023-02-19,KSP1,2.4509823876176426,ToD blocks
2023-02-26,KSP1,-5.598615524592759,ToD blocks
2023-03-05,KSP1,8.037652153885318,ToD blocks
2023-03-12,KSP1,3.002441989232196,ToD blocks
2023-03-19,KSP1,-25.53602044575412,ToD blocks
2023-03-26,KSP1,-1.580903330396616,ToD blocks
2023-04-02,KSP1,-9.178015451447322,ToD blocks
2023-04-09,KSP1,17.304104217793046,ToD blocks
2023-04-16,KSP1,-3.3730482944972877,ToD blocks
2023-04-23,KSP1,-10.030328085567305,ToD blocks
2023-04-30,KSP1,-6.443426363472241,ToD blocks
2023-05-07,KSP1,-15.143126719302316,ToD blocks
2023-05-14,KSP1,-20.140377106460292,ToD blocks
2023-05-21,KSP1,-7.550250170912477,ToD blocks
2023-05-28,KSP1,-26.556924813183045,ToD blocks
2023-06-04,KSP1,-6.6622624557073635,ToD blocks
2023-06-11,KSP1,-6.010748595219482,ToD blocks
2023-06-18,KSP1,2.3202553598608873,ToD blocks
2023-06-25,KSP1,-19.1304154117473,ToD blocks
2023-07-02,KSP1,-13.465543478934393,ToD blocks
2023-07-09,KSP1,-31.278657357375174,ToD blocks
2023-07-16,KSP1,-5.897989234079507,ToD blocks
2023-07-23,KSP1,-8.660671581402532,ToD blocks
2023-07-30,KSP1,-14.035206411781644,ToD blocks
2023-08-06,KSP1,-13.312233323834466,ToD blocks
2023-08-13,KSP1,-2.5598732344062896,ToD blocks
2023-08-20,KSP1,-6.385161290116752,ToD blocks
2023-08-27,KSP1,-9.846481766103874,ToD blocks
2023-09-03,KSP1,-9.199347486222246,ToD blocks
2023-09-10,KSP1,-3.5085994396438913,ToD blocks
2023-09-17,KSP1,-0.6742476720314343,ToD blocks
2023-09-24,KSP1,-3.552041294412864,ToD blocks
2023-10-01,KSP1,3.8384527549359913,ToD blocks
2023-10-08,KSP1,-8.408366941439498,ToD blocks
2023-10-15,KSP1,-4.109765599880074,ToD blocks
2023-10-22,KSP1,-6.177609153205104,ToD blocks
2023-10-29,KSP1,-7.755203995987916,ToD blocks
2023-11-05,KSP1,-6.839318039156444,ToD blocks
2023-11-12,KSP1,2.080684399173723,ToD blocks
2023-11-19,KSP1,4.289284619624105,ToD blocks
2023-11-26,KSP1,-3.839066678779268,ToD blocks
2023-12-03,KSP1,0.15268402583721752,ToD blocks
2023-12-10,KSP1,20.150031547514196,ToD blocks
2023-12-17,KSP1,1.1878328337110986,ToD blocks
2023-12-24,KSP1,19.82806448726572,ToD blocks
2023-12-31,KSP1,50.940175875897175,ToD blocks
2024-01-07,KSP1,-3.38563674105864,ToD blocks
2024-01-14,KSP1,-4.648146251541405,ToD blocks
2024-01-21,KSP1,-53.82370039952738,ToD blocks
2024-01-28,KSP1,8.05410222914243,ToD blocks
2024-02-04,KSP1,55.482736917935256,ToD blocks
2024-02-11,KSP1,-6.658132874143156,ToD blocks
2024-02-18,KSP1,-2.8296635121084037,ToD blocks
2024-02-25,KSP1,-21.104098391478914,ToD blocks
2024-03-03,KSP1,-20.134044948916383,ToD blocks
2024-03-10,KSP1,0.13597197712862652,ToD blocks
2024-03-17,KSP1,-2.983979567273245,ToD blocks
2024-03-24,KSP1,-10.691528108059714,ToD blocks
2024-03-31,KSP1,-14.039550642182654,ToD blocks
2024-04-07,KSP1,0.05489717410300443,ToD blocks
2024-04-14,KSP1,7.3828494805253015,ToD blocks
2024-04-21,KSP1,-7.271490478861544,ToD blocks
2024-04-28,KSP1,0.6262755676920477,ToD blocks
2024-05-05,KSP1,-5.876023234634992,ToD blocks
2024-05-12,KSP1,-20.757131111205762,ToD blocks
2024-05-19,KSP1,27.732572504722537,ToD blocks
2024-05-26,KSP1,-7.14680005363914,ToD blocks
2024-06-02,KSP1,-17.339632709264762,ToD blocks
2024-06-09,KSP1,-1.3746103946460053,ToD blocks
2024-06-16,KSP1,-0.47060943171638314,ToD blocks
2024-06-23,KSP1,-28.542934823367546,ToD blocks
2024-06-30,KSP1,-11.52465274784889,ToD blocks
2024-07-07,KSP1,-5.804363525951814,ToD blocks
2024-07-14,KSP1,-9.32615463100231,ToD blocks
2024-07-21,KSP1,6.070429696841622,ToD blocks
2024-07-28,KSP1,-13.398235196713756,ToD blocks
2024-08-04,KSP1,-21.374342574360504,ToD blocks
2024-08-11,KSP1,5.804747123728447,ToD blocks
2024-08-18,KSP1,18.611211941795844,ToD blocks
2024-08-25,KSP1,7.957521258890471,ToD blocks
2024-09-01,KSP1,15.084042478993513,ToD blocks
2024-09-08,KSP1,30.15878874504544,ToD blocks
2024-09-15,KSP1,25.4281866597717,ToD blocks
2024-09-22,KSP1,1.818805815585442,ToD blocks
2024-09-29,KSP1,3.822460896199157,ToD blocks
2024-10-06,KSP1,18.410812064416323,ToD blocks
2024-10-13,KSP1,47.03689812030297,ToD blocks
2024-10-20,KSP1,49.17618982863394,ToD blocks
2024-10-27,KSP1,29.789600578091708,ToD blocks
2024-11-03,KSP1,60.833434111139916,ToD blocks
2024-11-10,KSP1,25.407793758249937,ToD blocks
2024-11-17,KSP1,15.998759624147098,ToD blocks
2024-11-24,KSP1,27.95622104351108,ToD blocks
2024-12-01,KSP1,-15.564084381423811,ToD blocks
2024-12-08,KSP1,-13.249547008259839,ToD blocks
2024-12-15,KSP1,-11.427083009649962,ToD blocks
2024-12-22,KSP1,17.46841508195665,ToD blocks
2024-12-29,KSP1,47.22476431531194,ToD blocks
2025-01-05,KSP1,17.314394468687624,ToD blocks
2020-01-05,LILYSF1,2.3447152199258596,ToD blocks
2020-01-12,LILYSF1,0.0982051442073768,ToD blocks
2020-01-19,LILYSF1,-1.4557947112381484,ToD blocks
2020-01-26,LILYSF1,-0.31579872174977197,ToD blocks
2020-02-02,LILYSF1,8.982487447509882,ToD blocks
2020-02-09,LILYSF1,-0.7897693477350813,ToD blocks
2020-02-16,LILYSF1,-1.2493341608389912,ToD blocks
2020-02-23,LILYSF1,0.499771052967418,ToD blocks
2020-03-01,LILYSF1,-3.1308016451999876,ToD blocks
2020-03-08,LILYSF1,-1.1089717270992665,ToD blocks
2020-03-15,LILYSF1,-5.1254499986728845,ToD blocks
2020-03-22,LILYSF1,-2.6180628791149623,ToD blocks
2020-03-29,LILYSF1,-1.4137444456390114,ToD blocks
2020-04-05,LILYSF1,-2.7721382166507667,ToD blocks
2020-04-12,LILYSF1,-0.4083544946804665,ToD blocks
2020-04-19,LILYSF1,-1.54248353198766,ToD blocks
2020-04-26,LILYSF1,-1.2363033177308367,ToD blocks
2020-05-03,LILYSF1,27.722646031452378,ToD blocks
2020-05-10,LILYSF1,-0.2523897065956042,ToD blocks
2020-05-17,LILYSF1,-2.6248475083539056,ToD blocks
2020-05-24,LILYSF1,-11.812690326194165,ToD blocks
2020-05-31,LILYSF1,-3.035915977865873,ToD blocks
2020-06-07,LILYSF1,-3.6727646243570256,ToD blocks
2020-06-14,LILYSF1,-4.863547645309776,ToD blocks
2020-06-21,LILYSF1,-2.92062883307252,ToD blocks
2020-06-28,LILYSF1,-6.4362229125869765,ToD blocks
2020-07-05,LILYSF1,-0.16934234740921994,ToD blocks
2020-07-12,LILYSF1,-3.553183885951917,ToD blocks
2020-07-19,LILYSF1,-4.654665003351543,ToD blocks
2020-07-26,LILYSF1,-7.7918186884496805,ToD blocks
2020-08-02,LILYSF1,-2.375556891130927,ToD blocks
2020-08-09,LILYSF1,-3.5687837165268412,ToD blocks
2020-08-16,LILYSF1,2.8522025359928627,ToD blocks
2020-08-23,LILYSF1,-2.1286673570492862,ToD blocks
2020-08-30,LILYSF1,5.30753648370518,ToD blocks
2020-09-06,LILYSF1,0.9636244668448164,ToD blocks
2020-09-13,LILYSF1,1.382989258121711,ToD blocks
2020-09-20,LILYSF1,-1.5276830157967876,ToD blocks
2020-09-27,LILYSF1,6.728827754514489,ToD blocks
2020-10-04,LILYSF1,2.9855436043571864,ToD blocks
2020-10-11,LILYSF1,0.7393301908942931,ToD blocks
2020-10-18,LILYSF1,6.320639845749415,ToD blocks
2020-10-25,LILYSF1,2.154861320302974,ToD blocks
2020-11-01,LILYSF1,-6.385168777193513,ToD blocks
2020-11-08,LILYSF1,-1.1008573177296093,ToD blocks
2020-11-15,LILYSF1,-0.5072434783076112,ToD blocks
2020-11-22,LILYSF1,9.397960223471152,ToD blocks
2020-11-29,LILYSF1,-1.9328181922744534,ToD blocks
2020-12-06,LILYSF1,-2.339566341131338,ToD blocks
2020-12-13,LILYSF1,0.1549858656972205,ToD blocks
2020-12-20,LILYSF1,-12.614364799238444,ToD blocks
2020-12-27,LILYSF1,-0.7566991774597653,ToD blocks
2021-01-03,LILYSF1,-4.853104996760912,ToD blocks
2021-01-10,LILYSF1,-1.4458051079942607,ToD blocks
2021-01-17,LILYSF1,-2.0941040624870837,ToD blocks
2021-01-24,LILYSF1,-18.33963467081763,ToD blocks
2021-01-31,LILYSF1,-0.8606216573841223,ToD blocks
2021-02-07,LILYSF1,-1.9096885770036636,ToD blocks
2021-02-14,LILYSF1,-1.6539282819971035,ToD blocks
2021-02-21,LILYSF1,-1.3649497903656354,ToD blocks
2021-02-28,LILYSF1,-6.859356111176666,ToD blocks
2021-03-07,LILYSF1,-10.032051353934914,ToD blocks
2021-03-14,LILYSF1,-5.491314768591749,ToD blocks
2021-03-21,LILYSF1,-2.7500860320428586,ToD blocks
2021-03-28,LILYSF1,-2.038286438244185,ToD blocks
2021-04-04,LILYSF1,-0.574405750734293,ToD blocks
2021-04-11,LILYSF1,39.05928560710127,ToD blocks
2021-04-18,LILYSF1,5.471732610627004,ToD blocks
2021-04-25,LILYSF1,-26.64569906582394,ToD blocks
2021-05-02,LILYSF1,0.5311430721991393,ToD blocks
2021-05-09,LILYSF1,2.7017375090223865,ToD blocks
2021-05-16,LILYSF1,-1.1135593702524815,ToD blocks
2021-05-23,LILYSF1,-11.103373102823372,ToD blocks
2021-05-30,LILYSF1,-169.76146126456968,ToD blocks
2021-06-06,LILYSF1,-81.79221093227508,ToD blocks
2021-06-13,LILYSF1,-68.49691784189899,ToD blocks
2021-06-20,LILYSF1,-50.44348201183432,ToD blocks
2021-06-27,LILYSF1,-40.22509177603282,ToD blocks
2021-07-04,LILYSF1,-79.00368329311266,ToD blocks
2021-07-11,LILYSF1,-20.423592186698258,ToD blocks
2021-07-18,LILYSF1,-14.970075213340515,ToD blocks
2021-07-25,LILYSF1,-45.67626300060303,ToD blocks
2021-08-01,LILYSF1,-2.309178522570754,ToD blocks
2021-08-08,LILYSF1,-3.6742469396285067,ToD blocks
2021-08-15,LILYSF1,2.8864179467571347,ToD blocks
2021-08-22,LILYSF1,14.424491375052359,ToD blocks
2021-08-29,LILYSF1,8.198801773472784,ToD blocks
2021-09-05,LILYSF1,-1.3384492947427695,ToD blocks
2021-09-12,LILYSF1,24.337848139294948,ToD blocks
2021-09-19,LILYSF1,22.20917531444387,ToD blocks
2021-09-26,LILYSF1,36.86981087387326,ToD blocks
2021-10-03,LILYSF1,36.32057858126188,ToD blocks
2021-10-10,LILYSF1,64.71555210790822,ToD blocks
2021-10-17,LILYSF1,76.38954878013263,ToD blocks
2021-10-24,LILYSF1,-12.35582426113423,ToD blocks
2021-10-31,LILYSF1,-12.321838455849957,ToD blocks
2021-11-07,LILYSF1,4.602323237652527,ToD blocks
2021-11-14,LILYSF1,-52.7413993469508,ToD blocks
2021-11-21,LILYSF1,26.398233766280313,ToD blocks
2021-11-28,LILYSF1,-10.985269767872452,ToD blocks
2021-12-05,LILYSF1,-4.346679469377143,ToD blocks
2021-12-12,LILYSF1,-1.6338436578464837,ToD blocks
2021-12-19,LILYSF1,-0.9800478100281111,ToD blocks
2021-12-26,LILYSF1,32.04134774830915,ToD blocks
2022-01-02,LILYSF1,1.061908646432542,ToD blocks
2022-01-09,LILYSF1,-7.598520726340482,ToD blocks
2022-01-16,LILYSF1,-9.527808443871294,ToD blocks
2022-01-23,LILYSF1,-8.606784929849354,ToD blocks
2022-01-30,LILYSF1,-14.158126283905105,ToD blocks
2022-02-06,LILYSF1,157.28151318989615,ToD blocks
2022-02-13,LILYSF1,-2.759549862132701,ToD blocks
2022-02-20,LILYSF1,-2.278868632858618,ToD blocks
2022-02-27,LILYSF1,-9.532229190082248,ToD blocks
2022-03-06,LILYSF1,-10.362320458198639,ToD blocks
2022-03-13,LILYSF1,-25.742913588149733,ToD blocks
2022-03-20,LILYSF1,-3.452300852217732,ToD blocks
2022-03-27,LILYSF1,-10.526734505729223,ToD blocks
2022-04-03,LILYSF1,-8.663953975540124,ToD blocks
2022-04-10,LILYSF1,-17.319476794728843,ToD blocks
2022-04-17,LILYSF1,-15.890177214533395,ToD blocks
2022-04-24,LILYSF1,-23.39450497970988,ToD blocks
2022-05-01,LILYSF1,-16.017563736015347,ToD blocks
2022-05-08,LILYSF1,-52.58988416419268,ToD blocks
2022-05-15,LILYSF1,-42.66507076816083,ToD blocks
2022-05-22,LILYSF1,-28.596414477920177,ToD blocks
2022-05-29,LILYSF1,-29.395329578116645,ToD blocks
2022-06-05,LILYSF1,0.5895397761433969,ToD blocks
2022-06-12,LILYSF1,-90.92366573483878,ToD blocks
2022-06-19,LILYSF1,-2.7932811612617456,ToD blocks
2022-06-26,LILYSF1,-11.292008767960283,ToD blocks
2022-07-03,LILYSF1,-27.913633407683335,ToD blocks
2022-07-10,LILYSF1,-357.2418480971459,ToD blocks
2022-07-17,LILYSF1,-32.97286329003268,ToD blocks
2022-07-24,LILYSF1,-47.9285690603169,ToD blocks
2022-07-31,LILYSF1,-21.077821588015567,ToD blocks
2022-08-07,LILYSF1,-10.013450430741031,ToD blocks
2022-08-14,LILYSF1,-6.118907464372569,ToD blocks
2022-08-21,LILYSF1,51.82805298811264,ToD blocks
2022-08-28,LILYSF1,13.301500973698303,ToD blocks
2022-09-04,LILYSF1,-22.3211625525676,ToD blocks
2022-09-11,LILYSF1,29.185658966924194,ToD blocks
2022-09-18,LILYSF1,40.01185763820948,ToD blocks
2022-09-25,LILYSF1,18.903223248979586,ToD blocks
2022-10-02,LILYSF1,-5.460894766872784,ToD blocks
2022-10-09,LILYSF1,-6.407148725994119,ToD blocks
2022-10-16,LILYSF1,-1.5407978000965556,ToD blocks
2022-10-23,LILYSF1,-13.19563729635955,ToD blocks
2022-10-30,LILYSF1,37.095317532810014,ToD blocks
2022-11-06,LILYSF1,40.79190744319958,ToD blocks
2022-11-13,LILYSF1,4.267111095760285,ToD blocks
2022-11-20,LILYSF1,-12.54157144930484,ToD blocks
2022-11-27,LILYSF1,8.284384655397929,ToD blocks
2022-12-04,LILYSF1,4.508565682183402,ToD blocks
2022-12-11,LILYSF1,17.823495348334966,ToD blocks
2022-12-18,LILYSF1,20.37357679992507,ToD blocks
2022-12-25,LILYSF1,9.241169101653718,ToD blocks
2023-01-01,LILYSF1,18.656846146124998,ToD blocks
2023-01-08,LILYSF1,9.280314623937855,ToD blocks
2023-01-15,LILYSF1,-14.61833663679954,ToD blocks
2023-01-22,LILYSF1,-4.550794065599632,ToD blocks
2023-01-29,LILYSF1,5.451096145662888,ToD blocks
2023-02-05,LILYSF1,-7.504701122084299,ToD blocks
2023-02-12,LILYSF1,3.6797425577451435,ToD blocks
2023-02-19,LILYSF1,-3.348527193713309,ToD blocks
2023-02-26,LILYSF1,5.7111494981682895,ToD blocks
2023-03-05,LILYSF1,-2.893341155905759,ToD blocks
2023-03-12,LILYSF1,-25.496338052200763,ToD blocks
2023-03-19,LILYSF1,-17.214162524972124,ToD blocks
2023-03-26,LILYSF1,6.2398806393686925,ToD blocks
2023-04-02,LILYSF1,36.20061025350084,ToD blocks
2023-04-09,LILYSF1,8.755830791794232,ToD blocks
2023-04-16,LILYSF1,-8.435910049371524,ToD blocks
2023-04-23,LILYSF1,-20.21471092022896,ToD blocks
2023-04-30,LILYSF1,-20.197605912718736,ToD blocks
2023-05-07,LILYSF1,-24.888553632141168,ToD blocks
2023-05-14,LILYSF1,-31.113444861885725,ToD blocks
2023-05-21,LILYSF1,-24.10838540583798,ToD blocks
2023-05-28,LILYSF1,-38.442663223658485,ToD blocks
2023-06-04,LILYSF1,-23.978174736518326,ToD blocks
2023-06-11,LILYSF1,-14.657723070483172,ToD blocks
2023-06-18,LILYSF1,-18.518697773117253,ToD blocks
2023-06-25,LILYSF1,-25.001712111212555,ToD blocks
2023-07-02,LILYSF1,-19.05140011063244,ToD blocks
2023-07-09,LILYSF1,-40.50571094887211,ToD blocks
2023-07-16,LILYSF1,-18.167549496584204,ToD blocks
2023-07-23,LILYSF1,-17.739680385896577,ToD blocks
2023-07-30,LILYSF1,-26.622503460751805,ToD blocks
2023-08-06,LILYSF1,-16.407573623365657,ToD blocks
2023-08-13,LILYSF1,-9.442335519634524,ToD blocks
2023-08-20,LILYSF1,-8.417826563143477,ToD blocks
2023-08-27,LILYSF1,-12.546059150404142,ToD blocks
2023-09-03,LILYSF1,-8.913006244925397,ToD blocks
2023-09-10,LILYSF1,6.047017010199518,ToD blocks
2023-09-17,LILYSF1,2.7155569351579425,ToD blocks
2023-09-24,LILYSF1,-1.9045543222450458,ToD blocks
2023-10-01,LILYSF1,12.077940332250128,ToD blocks
2023-10-08,LILYSF1,-3.892778794568095,ToD blocks
2023-10-15,LILYSF1,7.921340838618228,ToD blocks
2023-10-22,LILYSF1,-2.240938852286776,ToD blocks
2023-10-29,LILYSF1,1.0007501975674153,ToD blocks
2023-11-05,LILYSF1,-1.4341264117415964,ToD blocks
2023-11-12,LILYSF1,2.7951455924890674,ToD blocks
2023-11-19,LILYSF1,-4.000260367989942,ToD blocks
2023-11-26,LILYSF1,9.146807007010572,ToD blocks
2023-12-03,LILYSF1,76.51020003656241,ToD blocks
2023-12-10,LILYSF1,-4.245911370671834,ToD blocks
2023-12-17,LILYSF1,5.917261343449596,ToD blocks
2023-12-24,LILYSF1,-1.0506442613953624,ToD blocks
2023-12-31,LILYSF1,-2.2866322924368916,ToD blocks
2024-01-07,LILYSF1,1.0269037236234695,ToD blocks
2024-01-14,LILYSF1,-2.3535441391917047,ToD blocks
2024-01-21,LILYSF1,-1.8739375757573953,ToD blocks
2024-01-28,LILYSF1,-21.12525541226809,ToD blocks
2024-02-04,LILYSF1,-43.23892373657256,ToD blocks
2024-02-11,LILYSF1,-4.679459734036882,ToD blocks
2024-02-18,LILYSF1,-13.40085560800918,ToD blocks
2024-02-25,LILYSF1,-16.172344425939656,ToD blocks
2024-03-03,LILYSF1,-5.903276749208985,ToD blocks
2024-03-10,LILYSF1,-11.409717758838703,ToD blocks
2024-03-17,LILYSF1,-8.965710566054561,ToD blocks
2024-03-24,LILYSF1,-7.4391185124823025,ToD blocks
2024-03-31,LILYSF1,-18.450871237213278,ToD blocks
2024-04-07,LILYSF1,-8.219309023643781,ToD blocks
2024-04-14,LILYSF1,-7.135981567129447,ToD blocks
2024-04-21,LILYSF1,-15.235129725811063,ToD blocks
2024-04-28,LILYSF1,-17.136473663361897,ToD blocks
2024-05-05,LILYSF1,-21.967388688041815,ToD blocks
2024-05-12,LILYSF1,-27.412678866322793,ToD blocks
2024-05-19,LILYSF1,7.24973356688227,ToD blocks
2024-05-26,LILYSF1,-29.916178363219334,ToD blocks
2024-06-02,LILYSF1,-30.745952662392206,ToD blocks
2024-06-09,LILYSF1,-20.86470184620192,ToD blocks
2024-06-16,LILYSF1,-18.71473491933422,ToD blocks
2024-06-23,LILYSF1,-41.56604161677778,ToD blocks
2024-06-30,LILYSF1,-35.37472109234529,ToD blocks
2024-07-07,LILYSF1,-27.762120323147634,ToD blocks
2024-07-14,LILYSF1,-29.184553085101875,ToD blocks
2024-07-21,LILYSF1,-10.58380795251615,ToD blocks
2024-07-28,LILYSF1,-22.762228363902388,ToD blocks
2024-08-04,LILYSF1,-30.875343552146997,ToD blocks
2024-08-11,LILYSF1,-17.200793823575978,ToD blocks
2024-08-18,LILYSF1,-29.550731838643898,ToD blocks
2024-08-25,LILYSF1,-8.856935815535547,ToD blocks
2024-09-01,LILYSF1,-3.0177789836721534,ToD blocks
2024-09-08,LILYSF1,0.4954992247817067,ToD blocks
2024-09-15,LILYSF1,-3.525214837318054,ToD blocks
2024-09-22,LILYSF1,11.54073767554486,ToD blocks
2024-09-29,LILYSF1,35.872297839127796,ToD blocks
2024-10-06,LILYSF1,44.09116295804355,ToD blocks
2024-10-13,LILYSF1,11.453727305646634,ToD blocks
2024-10-20,LILYSF1,-6.722570326213537,ToD blocks
2024-10-27,LILYSF1,-4.141999825670467,ToD blocks
2024-11-03,LILYSF1,-16.224790540099836,ToD blocks
2024-11-10,LILYSF1,-55.165477044202476,ToD blocks
2024-11-17,LILYSF1,-15.83881930875954,ToD blocks
2024-11-24,LILYSF1,-27.577066225245822,ToD blocks
2024-12-01,LILYSF1,-17.353263479503127,ToD blocks
2024-12-08,LILYSF1,-6.7662654900247645,ToD blocks
2024-12-15,LILYSF1,-15.507948558617201,ToD blocks
2024-12-22,LILYSF1,-25.11444840359532,ToD blocks
2024-12-29,LILYSF1,-3.658376781446931,ToD blocks
2025-01-05,LILYSF1,-1.2203537506158995,ToD blocks
2020-01-05,OAKEY1SF,2.993033729041173,ToD blocks
2020-01-12,OAKEY1SF,0.7481380518982235,ToD blocks
2020-01-19,OAKEY1SF,-0.07303494042196945,ToD blocks
2020-01-26,OAKEY1SF,7.603724792029766,ToD blocks
2020-02-02,OAKEY1SF,14.271953789135097,ToD blocks
2020-02-09,OAKEY1SF,0.18051658569187623,ToD blocks
2020-02-16,OAKEY1SF,-2.429608228416342,ToD blocks
2020-02-23,OAKEY1SF,2.044506480380363,ToD blocks
2020-03-01,OAKEY1SF,-1.9976872059058977,ToD blocks
2020-03-08,OAKEY1SF,-2.875056484907624,ToD blocks
2020-03-15,OAKEY1SF,0.4632291645264033,ToD blocks
2020-03-22,OAKEY1SF,-1.8689673553836172,ToD blocks
2020-03-29,OAKEY1SF,-2.2938609871813043,ToD blocks
2020-04-05,OAKEY1SF,-1.4387944676209088,ToD blocks
2020-04-12,OAKEY1SF,0.1388884216627062,ToD blocks
2020-04-19,OAKEY1SF,-2.781516310823587,ToD blocks
2020-04-26,OAKEY1SF,0.2388304786139095,ToD blocks
2020-05-03,OAKEY1SF,36.09260906293157,ToD blocks
2020-05-10,OAKEY1SF,-0.4002435399990496,ToD blocks
2020-05-17,OAKEY1SF,-3.095765712971211,ToD blocks
2020-05-24,OAKEY1SF,-3.647690205957339,ToD blocks
2020-05-31,OAKEY1SF,1.3178317802558581,ToD blocks
2020-06-07,OAKEY1SF,0.6843781509843403,ToD blocks
2020-06-14,OAKEY1SF,-2.4378865868594985,ToD blocks
2020-06-21,OAKEY1SF,-1.346468133857801,ToD blocks
2020-06-28,OAKEY1SF,3.246332944161894,ToD blocks
2020-07-05,OAKEY1SF,1.1806448162843708,ToD blocks
2020-07-12,OAKEY1SF,-4.133738770884236,ToD blocks
2020-07-19,OAKEY1SF,-4.103396803937223,ToD blocks
2020-07-26,OAKEY1SF,-6.46924899241079,ToD blocks
2020-08-02,OAKEY1SF,-1.7454260666764299,ToD blocks
2020-08-09,OAKEY1SF,0.16804127155744553,ToD blocks
2020-08-16,OAKEY1SF,11.438259397741273,ToD blocks
2020-08-23,OAKEY1SF,8.289239536586498,ToD blocks
2020-08-30,OAKEY1SF,10.261596733064366,ToD blocks
2020-09-06,OAKEY1SF,7.168013765925513,ToD blocks
2020-09-13,OAKEY1SF,2.050207691804637,ToD blocks
2020-09-20,OAKEY1SF,8.428110823418033,ToD blocks
2020-09-27,OAKEY1SF,12.947032893007417,ToD blocks
2020-10-04,OAKEY1SF,6.389008261146021,ToD blocks
2020-10-11,OAKEY1SF,4.087212814881859,ToD blocks
2020-10-18,OAKEY1SF,22.99569275815034,ToD blocks
2020-10-25,OAKEY1SF,-3.3560558287830737,ToD blocks
2020-11-01,OAKEY1SF,-6.041694866767138,ToD blocks
2020-11-08,OAKEY1SF,-2.6731379588020836,ToD blocks
2020-11-15,OAKEY1SF,-2.2068079419634223,ToD blocks
2020-11-22,OAKEY1SF,-12.274558153039791,ToD blocks
2020-11-29,OAKEY1SF,-3.7696522847443887,ToD blocks
2020-12-06,OAKEY1SF,0.47824435116771724,ToD blocks
2020-12-13,OAKEY1SF,-3.230141299240614,ToD blocks
2020-12-20,OAKEY1SF,-19.629302980202922,ToD blocks
2020-12-27,OAKEY1SF,-3.150864864813542,ToD blocks
2021-01-03,OAKEY1SF,-1.8621367858957534,ToD blocks
2021-01-10,OAKEY1SF,-3.306099483159848,ToD blocks
2021-01-17,OAKEY1SF,-0.45931227129565855,ToD blocks
2021-01-24,OAKEY1SF,8.795588493383896,ToD blocks
2021-01-31,OAKEY1SF,-0.40573467562763454,ToD blocks
2021-02-07,OAKEY1SF,-1.2652734964563166,ToD blocks
2021-02-14,OAKEY1SF,-0.7996652159863942,ToD blocks
2021-02-21,OAKEY1SF,-2.9804945932477835,ToD blocks
2021-02-28,OAKEY1SF,-6.651761735013018,ToD blocks
2021-03-07,OAKEY1SF,-9.047371845312306,ToD blocks
2021-03-14,OAKEY1SF,-5.6802137565612085,ToD blocks
2021-03-21,OAKEY1SF,-0.13639107200773282,ToD blocks
2021-03-28,OAKEY1SF,-9.905977473151918,ToD blocks
2021-04-04,OAKEY1SF,-1.9633888611706602,ToD blocks
2021-04-11,OAKEY1SF,19.587627058402056,ToD blocks
2021-04-18,OAKEY1SF,-0.07512195103771546,ToD blocks
2021-04-25,OAKEY1SF,-21.929049553453098,ToD blocks
2021-05-02,OAKEY1SF,-3.055899373801747,ToD blocks
2021-05-09,OAKEY1SF,-21.78555930586775,ToD blocks
2021-05-16,OAKEY1SF,-18.877627882835334,ToD blocks
2021-05-23,OAKEY1SF,-21.727031651739114,ToD blocks
2021-05-30,OAKEY1SF,-174.02437738430794,ToD blocks
2021-06-06,OAKEY1SF,-89.1751582884442,ToD blocks
2021-06-13,OAKEY1SF,-77.42146989847878,ToD blocks
2021-06-20,OAKEY1SF,-19.173804280723886,ToD blocks
2021-06-27,OAKEY1SF,-45.10224993663709,ToD blocks
2021-07-04,OAKEY1SF,-71.22822084659158,ToD blocks
2021-07-11,OAKEY1SF,-34.89386702770139,ToD blocks
2021-07-18,OAKEY1SF,-31.841794030496708,ToD blocks
2021-07-25,OAKEY1SF,-66.6841174728805,ToD blocks
2021-08-01,OAKEY1SF,-5.170093589974208,ToD blocks
2021-08-08,OAKEY1SF,-6.5597148548982,ToD blocks
2021-08-15,OAKEY1SF,-0.9232532547155934,ToD blocks
2021-08-22,OAKEY1SF,7.03880861372485,ToD blocks
2021-08-29,OAKEY1SF,4.45794385242376,ToD blocks
2021-09-05,OAKEY1SF,-3.493205125360575,ToD blocks
2021-09-12,OAKEY1SF,12.58676729635954,ToD blocks
2021-09-19,OAKEY1SF,26.710689337463396,ToD blocks
2021-09-26,OAKEY1SF,13.506685141296245,ToD blocks
2021-10-03,OAKEY1SF,44.16895026391376,ToD blocks
2021-10-10,OAKEY1SF,63.154748580105206,ToD blocks
2021-10-17,OAKEY1SF,96.54157565629104,ToD blocks
2021-10-24,OAKEY1SF,-32.211107660012594,ToD blocks
2021-10-31,OAKEY1SF,-8.845328005087069,ToD blocks
2021-11-07,OAKEY1SF,1.0146795065254608,ToD blocks
2021-11-14,OAKEY1SF,-75.12642551702751,ToD blocks
2021-11-21,OAKEY1SF,28.082602884367418,ToD blocks
2021-11-28,OAKEY1SF,-9.462344495840988,ToD blocks
2021-12-05,OAKEY1SF,-10.119713278755917,ToD blocks
2021-12-12,OAKEY1SF,-18.64677782199032,ToD blocks
2021-12-19,OAKEY1SF,-3.1253715466632883,ToD blocks
2021-12-26,OAKEY1SF,16.041335696396203,ToD blocks
2022-01-02,OAKEY1SF,-4.868388723698622,ToD blocks
2022-01-09,OAKEY1SF,-11.448219583965496,ToD blocks
2022-01-16,OAKEY1SF,-7.640701499039054,ToD blocks
2022-01-23,OAKEY1SF,-16.19655026599007,ToD blocks
2022-01-30,OAKEY1SF,-16.133235091789487,ToD blocks
2022-02-06,OAKEY1SF,17.052108879073785,ToD blocks
2022-02-13,OAKEY1SF,-3.9162853141608664,ToD blocks
2022-02-20,OAKEY1SF,-4.054438224356531,ToD blocks
2022-02-27,OAKEY1SF,7.5445086430088395,ToD blocks
2022-03-06,OAKEY1SF,-9.853473224232602,ToD blocks
2022-03-13,OAKEY1SF,-22.802652045340395,ToD blocks
2022-03-20,OAKEY1SF,-7.334270476870145,ToD blocks
2022-03-27,OAKEY1SF,-20.200634288315214,ToD blocks
2022-04-03,OAKEY1SF,-12.218544314475594,ToD blocks
2022-04-10,OAKEY1SF,-32.168365481258576,ToD blocks
2022-04-17,OAKEY1SF,-17.24910238530269,ToD blocks
2022-04-24,OAKEY1SF,-18.02839693818443,ToD blocks
2022-05-01,OAKEY1SF,-10.8618893182323,ToD blocks
2022-05-08,OAKEY1SF,-73.91349625038322,ToD blocks
2022-05-15,OAKEY1SF,-45.61113715421493,ToD blocks
2022-05-22,OAKEY1SF,-34.284796367606305,ToD blocks
2022-05-29,OAKEY1SF,-25.674444769068828,ToD blocks
2022-06-05,OAKEY1SF,-107.44690576191431,ToD blocks
2022-06-12,OAKEY1SF,-172.1810846886324,ToD blocks
2022-06-19,OAKEY1SF,8.647863069433527,ToD blocks
2022-06-26,OAKEY1SF,-41.80585787456806,ToD blocks
2022-07-03,OAKEY1SF,-54.34360484729126,ToD blocks
2022-07-10,OAKEY1SF,-493.7306700262485,ToD blocks
2022-07-17,OAKEY1SF,-92.78151696780898,ToD blocks
2022-07-24,OAKEY1SF,-76.68327751488414,ToD blocks
2022-07-31,OAKEY1SF,-39.56141462349558,ToD blocks
2022-08-07,OAKEY1SF,-25.401558568073966,ToD blocks
2022-08-14,OAKEY1SF,-29.722883074435046,ToD blocks
2022-08-21,OAKEY1SF,-8.281665613352136,ToD blocks
2022-08-28,OAKEY1SF,-17.02721577389819,ToD blocks
2022-09-04,OAKEY1SF,-26.35518353192768,ToD blocks
2022-09-11,OAKEY1SF,-0.11071868472956226,ToD blocks
2022-09-18,OAKEY1SF,-16.24145064070393,ToD blocks
2022-09-25,OAKEY1SF,-10.853731303030699,ToD blocks
2022-10-02,OAKEY1SF,-3.708439859761114,ToD blocks
2022-10-09,OAKEY1SF,-20.54038257390644,ToD blocks
2022-10-16,OAKEY1SF,-15.098232660304348,ToD blocks
2022-10-23,OAKEY1SF,-13.293638403562724,ToD blocks
2022-10-30,OAKEY1SF,20.445431413143652,ToD blocks
2022-11-06,OAKEY1SF,15.266086522906392,ToD blocks
2022-11-13,OAKEY1SF,-4.317484612644073,ToD blocks
2022-11-20,OAKEY1SF,-15.22903772775225,ToD blocks
2022-11-27,OAKEY1SF,-7.279190759826285,ToD blocks
2022-12-04,OAKEY1SF,-2.359867921836994,ToD blocks
2022-12-11,OAKEY1SF,7.405572763091506,ToD blocks
2022-12-18,OAKEY1SF,9.107074176500888,ToD blocks
2022-12-25,OAKEY1SF,0.25440310958627776,ToD blocks
2023-01-01,OAKEY1SF,14.273603382124822,ToD blocks
2023-01-08,OAKEY1SF,1.746049975799849,ToD blocks
2023-01-15,OAKEY1SF,-3.5594866852449627,ToD blocks
2023-01-22,OAKEY1SF,-0.9575131412632487,ToD blocks
2023-01-29,OAKEY1SF,-12.953007235685064,ToD blocks
2023-02-05,OAKEY1SF,-13.77692686284243,ToD blocks
2023-02-12,OAKEY1SF,0.20453051143172019,ToD blocks
2023-02-19,OAKEY1SF,-7.759094178073745,ToD blocks
2023-02-26,OAKEY1SF,-0.4419594683221746,ToD blocks
2023-03-05,OAKEY1SF,-10.744272986898196,ToD blocks
2023-03-12,OAKEY1SF,-18.773076597679804,ToD blocks
2023-03-19,OAKEY1SF,-19.86097151766161,ToD blocks
2023-03-26,OAKEY1SF,-9.990357939043307,ToD blocks
2023-04-02,OAKEY1SF,-26.442671450956766,ToD blocks
2023-04-09,OAKEY1SF,6.93051180919619,ToD blocks
2023-04-16,OAKEY1SF,-8.867386691819892,ToD blocks
2023-04-23,OAKEY1SF,-15.998311765045997,ToD blocks
2023-04-30,OAKEY1SF,-20.72002211386615,ToD blocks
2023-05-07,OAKEY1SF,-31.68207534835311,ToD blocks
2023-05-14,OAKEY1SF,-28.553553457278127,ToD blocks
2023-05-21,OAKEY1SF,-34.84387610220368,ToD blocks
2023-05-28,OAKEY1SF,-33.69040246233667,ToD blocks
2023-06-04,OAKEY1SF,-22.434895335816506,ToD blocks
2023-06-11,OAKEY1SF,-16.75405659644492,ToD blocks
2023-06-18,OAKEY1SF,-2.2642092118486516,ToD blocks
2023-06-25,OAKEY1SF,-26.858242217616294,ToD blocks
2023-07-02,OAKEY1SF,-1.6243059940974547,ToD blocks
2023-07-09,OAKEY1SF,-10.414750442617319,ToD blocks
2023-07-16,OAKEY1SF,-2.489264207088368,ToD blocks
2023-07-23,OAKEY1SF,-1.8131861945867271,ToD blocks
2023-07-30,OAKEY1SF,2.7346527782394006,ToD blocks
2023-08-06,OAKEY1SF,8.915254717723192,ToD blocks
2023-08-13,OAKEY1SF,7.9807877163900685,ToD blocks
2023-08-20,OAKEY1SF,8.044427990682479,ToD blocks
2023-08-27,OAKEY1SF,19.726469451262936,ToD blocks
2023-09-03,OAKEY1SF,21.839470261298857,ToD blocks
2023-09-10,OAKEY1SF,18.60758109625692,ToD blocks
2023-09-17,OAKEY1SF,22.654410283925962,ToD blocks
2023-09-24,OAKEY1SF,22.269494683844687,ToD blocks
2023-10-01,OAKEY1SF,38.762717088163896,ToD blocks
2023-10-08,OAKEY1SF,17.17757004893893,ToD blocks
2023-10-15,OAKEY1SF,23.313322133897255,ToD blocks
2023-10-22,OAKEY1SF,6.134440247686072,ToD blocks
2023-10-29,OAKEY1SF,12.243578785233726,ToD blocks
2023-11-05,OAKEY1SF,-0.7645723012059733,ToD blocks
2023-11-12,OAKEY1SF,11.66455539241343,ToD blocks
2023-11-19,OAKEY1SF,-6.3781824236756,ToD blocks
2023-11-26,OAKEY1SF,-9.264984296216781,ToD blocks
2023-12-03,OAKEY1SF,-7.602555553651147,ToD blocks
2023-12-10,OAKEY1SF,3.5593863638800514,ToD blocks
2023-12-17,OAKEY1SF,-4.912701006347916,ToD blocks
2023-12-24,OAKEY1SF,-8.645214433024378,ToD blocks
2023-12-31,OAKEY1SF,0.36547677303690307,ToD blocks
2024-01-07,OAKEY1SF,-1.509631048137777,ToD blocks
2024-01-14,OAKEY1SF,-2.532077509057949,ToD blocks
2024-01-21,OAKEY1SF,-28.034081142883835,ToD blocks
2024-01-28,OAKEY1SF,-15.083807845237232,ToD blocks
2024-02-04,OAKEY1SF,-24.05840323815673,ToD blocks
2024-02-11,OAKEY1SF,1.2168768099640488,ToD blocks
2024-02-18,OAKEY1SF,-12.115078928653539,ToD blocks
2024-02-25,OAKEY1SF,-18.306817696093447,ToD blocks
2024-03-03,OAKEY1SF,-25.063705918216925,ToD blocks
2024-03-10,OAKEY1SF,-9.291403756579037,ToD blocks
2024-03-17,OAKEY1SF,-7.7126845846588665,ToD blocks
2024-03-24,OAKEY1SF,-7.270096279741935,ToD blocks
2024-03-31,OAKEY1SF,-16.918568146603057,ToD blocks
2024-04-07,OAKEY1SF,-10.847429192500016,ToD blocks
2024-04-14,OAKEY1SF,-3.7235125047384976,ToD blocks
2024-04-21,OAKEY1SF,-11.952577500866369,ToD blocks
2024-04-28,OAKEY1SF,-8.87737470069911,ToD blocks
2024-05-05,OAKEY1SF,-17.606623869487144,ToD blocks
2024-05-12,OAKEY1SF,-12.481835279645146,ToD blocks
2024-05-19,OAKEY1SF,7.839998430673443,ToD blocks
2024-05-26,OAKEY1SF,-19.25006312464449,ToD blocks
2024-06-02,OAKEY1SF,-28.288131110414234,ToD blocks
2024-06-09,OAKEY1SF,-21.220282828184565,ToD blocks
2024-06-16,OAKEY1SF,-10.263544631849758,ToD blocks
2024-06-23,OAKEY1SF,-61.859965570284196,ToD blocks
2024-06-30,OAKEY1SF,-21.41826170343375,ToD blocks
2024-07-07,OAKEY1SF,-35.34387748852872,ToD blocks
2024-07-14,OAKEY1SF,-21.632063640233135,ToD blocks
2024-07-21,OAKEY1SF,-12.251741580327447,ToD blocks
2024-07-28,OAKEY1SF,-16.365819844477436,ToD blocks
2024-08-04,OAKEY1SF,-17.653035234046406,ToD blocks
2024-08-11,OAKEY1SF,-38.16172543338537,ToD blocks
2024-08-18,OAKEY1SF,-14.90587522258047,ToD blocks
2024-08-25,OAKEY1SF,2.2917982955260516,ToD blocks
2024-09-01,OAKEY1SF,16.644192051294873,ToD blocks
2024-09-08,OAKEY1SF,19.207775364930004,ToD blocks
2024-09-15,OAKEY1SF,14.99528678410982,ToD blocks
2024-09-22,OAKEY1SF,19.738966196135554,ToD blocks
2024-09-29,OAKEY1SF,11.370458879785364,ToD blocks
2024-10-06,OAKEY1SF,10.131477790787777,ToD blocks
2024-10-13,OAKEY1SF,10.652809002160362,ToD blocks
2024-10-20,OAKEY1SF,16.566561810837655,ToD blocks
2024-10-27,OAKEY1SF,12.488865056299048,ToD blocks
2024-11-03,OAKEY1SF,14.4866702206977,ToD blocks
2024-11-10,OAKEY1SF,-33.49593293855591,ToD blocks
2024-11-17,OAKEY1SF,-14.069399911195944,ToD blocks
2024-11-24,OAKEY1SF,-17.22678948278452,ToD blocks
2024-12-01,OAKEY1SF,-6.69973385071728,ToD blocks
2024-12-08,OAKEY1SF,3.824530785782059,ToD blocks
2024-12-15,OAKEY1SF,-4.319949134960865,ToD blocks
2024-12-22,OAKEY1SF,-1.701956732196109,ToD blocks
2024-12-29,OAKEY1SF,45.965194115210835,ToD blocks
2025-01-05,OAKEY1SF,-16.929446918500403,ToD blocks
2020-01-05,OAKEY2SF,-1.4172377336263935,ToD blocks
2020-01-12,OAKEY2SF,0.6162901048364304,ToD blocks
2020-01-19,OAKEY2SF,-0.14816809991601332,ToD blocks
2020-01-26,OAKEY2SF,-7.567958010342963,ToD blocks
2020-02-02,OAKEY2SF,-4.8407333325297515,ToD blocks
2020-02-09,OAKEY2SF,-1.0027416286850652,ToD blocks
2020-02-16,OAKEY2SF,-2.1333231233573144,ToD blocks
2020-02-23,OAKEY2SF,-0.015016258092806822,ToD blocks
2020-03-01,OAKEY2SF,-1.392454985607145,ToD blocks
2020-03-08,OAKEY2SF,-2.509188865127612,ToD blocks
2020-03-15,OAKEY2SF,0.23604500677472373,ToD blocks
2020-03-22,OAKEY2SF,-0.6393244807580842,ToD blocks
2020-03-29,OAKEY2SF,-2.9898868455346346,ToD blocks
2020-04-05,OAKEY2SF,-3.061705140556626,ToD blocks
2020-04-12,OAKEY2SF,-1.5781374274298692,ToD blocks
2020-04-19,OAKEY2SF,-2.616838958071277,ToD blocks
2020-04-26,OAKEY2SF,-2.864977392417373,ToD blocks
2020-05-03,OAKEY2SF,21.027895651882858,ToD blocks
2020-05-10,OAKEY2SF,-1.5518386021167423,ToD blocks
2020-05-17,OAKEY2SF,-4.188519857156027,ToD blocks
2020-05-24,OAKEY2SF,-9.633353844036854,ToD blocks
2020-05-31,OAKEY2SF,,ToD blocks
2020-06-07,OAKEY2SF,,ToD blocks
2020-06-14,OAKEY2SF,-9.110753182913534,ToD blocks
2020-06-21,OAKEY2SF,-3.194041114527213,ToD blocks
2020-06-28,OAKEY2SF,-6.885524307920682,ToD blocks
2020-07-05,OAKEY2SF,-2.881587059296603,ToD blocks
2020-07-12,OAKEY2SF,-4.274962698862126,ToD blocks
2020-07-19,OAKEY2SF,-5.415019824370692,ToD blocks
2020-07-26,OAKEY2SF,-6.207568430734945,ToD blocks
2020-08-02,OAKEY2SF,-3.4836806760052212,ToD blocks
2020-08-09,OAKEY2SF,-3.6700338519538747,ToD blocks
2020-08-16,OAKEY2SF,1.2198348184359702,ToD blocks
2020-08-23,OAKEY2SF,-2.3253590520168395,ToD blocks
2020-08-30,OAKEY2SF,-1.6426661226457524,ToD blocks
2020-09-06,OAKEY2SF,-4.704596132616503,ToD blocks
2020-09-13,OAKEY2SF,-1.9654875765396476,ToD blocks
2020-09-20,OAKEY2SF,-1.5706309102687381,ToD blocks
2020-09-27,OAKEY2SF,0.4500175921504139,ToD blocks
2020-10-04,OAKEY2SF,-1.2883556179222038,ToD blocks
2020-10-11,OAKEY2SF,-3.4704456476787566,ToD blocks
2020-10-18,OAKEY2SF,12.976193126796883,ToD blocks
2020-10-25,OAKEY2SF,-7.361670515156661,ToD blocks
2020-11-01,OAKEY2SF,-5.21536046814893,ToD blocks
2020-11-08,OAKEY2SF,-2.607870546224099,ToD blocks
2020-11-15,OAKEY2SF,-2.7024324567162203,ToD blocks
2020-11-22,OAKEY2SF,-8.355941773980042,ToD blocks
2020-11-29,OAKEY2SF,-1.3318216044593925,ToD blocks
2020-12-06,OAKEY2SF,-4.532632943275601,ToD blocks
2020-12-13,OAKEY2SF,-2.9113974278561656,ToD blocks
2020-12-20,OAKEY2SF,-16.003279171512858,ToD blocks
2020-12-27,OAKEY2SF,-3.066817543850803,ToD blocks
2021-01-03,OAKEY2SF,-2.9151310226581906,ToD blocks
2021-01-10,OAKEY2SF,-2.520353142362538,ToD blocks
2021-01-17,OAKEY2SF,-0.7557697034639546,ToD blocks
2021-01-24,OAKEY2SF,7.230205306014632,ToD blocks
2021-01-31,OAKEY2SF,-0.5981886819601385,ToD blocks
2021-02-07,OAKEY2SF,-0.7487363571350656,ToD blocks
2021-02-14,OAKEY2SF,-1.3724179654420539,ToD blocks
2021-02-21,OAKEY2SF,-2.8034087747739385,ToD blocks
2021-02-28,OAKEY2SF,-6.096358051619852,ToD blocks
2021-03-07,OAKEY2SF,-10.909052409781722,ToD blocks
2021-03-14,OAKEY2SF,-5.017086763852831,ToD blocks
2021-03-21,OAKEY2SF,-0.7748061000233193,ToD blocks
2021-03-28,OAKEY2SF,-12.492494630640731,ToD blocks
2021-04-04,OAKEY2SF,-3.1317132639760388,ToD blocks
2021-04-11,OAKEY2SF,11.429414512473805,ToD blocks
2021-04-18,OAKEY2SF,-5.488965158689773,ToD blocks
2021-04-25,OAKEY2SF,-24.594547456573345,ToD blocks
2021-05-02,OAKEY2SF,-8.723620176974473,ToD blocks
2021-05-09,OAKEY2SF,-22.97849240564149,ToD blocks
2021-05-16,OAKEY2SF,-29.528323357973722,ToD blocks
2021-05-23,OAKEY2SF,-30.588322714987463,ToD blocks
2021-05-30,OAKEY2SF,-190.46080983450963,ToD blocks
2021-06-06,OAKEY2SF,-92.42337394514038,ToD blocks
2021-06-13,OAKEY2SF,-74.45767671632709,ToD blocks
2021-06-20,OAKEY2SF,-12.621197104091976,ToD blocks
2021-06-27,OAKEY2SF,-48.703228528440775,ToD blocks
2021-07-04,OAKEY2SF,-85.98606730101584,ToD blocks
2021-07-11,OAKEY2SF,-37.79438652401004,ToD blocks
2021-07-18,OAKEY2SF,-34.62906262677691,ToD blocks
2021-07-25,OAKEY2SF,-75.99084424336996,ToD blocks
2021-08-01,OAKEY2SF,-8.079755259084145,ToD blocks
2021-08-08,OAKEY2SF,-6.525070218361979,ToD blocks
2021-08-15,OAKEY2SF,-6.460223505323,ToD blocks
2021-08-22,OAKEY2SF,-7.915019866871397,ToD blocks
2021-08-29,OAKEY2SF,-6.594186072427721,ToD blocks
2021-09-05,OAKEY2SF,-8.294745991067519,ToD blocks
2021-09-12,OAKEY2SF,-15.998478137254764,ToD blocks
2021-09-19,OAKEY2SF,3.264538967377124,ToD blocks
2021-09-26,OAKEY2SF,0.3007360983392209,ToD blocks
2021-10-03,OAKEY2SF,13.03639709812402,ToD blocks
2021-10-10,OAKEY2SF,11.256877953817197,ToD blocks
2021-10-17,OAKEY2SF,24.28147618613604,ToD blocks
2021-10-24,OAKEY2SF,-32.215127336891726,ToD blocks
2021-10-31,OAKEY2SF,-17.894739135253133,ToD blocks
2021-11-07,OAKEY2SF,-3.508484622137779,ToD blocks
2021-11-14,OAKEY2SF,-93.41309386821298,ToD blocks
2021-11-21,OAKEY2SF,18.00649067685137,ToD blocks
2021-11-28,OAKEY2SF,-8.519507179849292,ToD blocks
2021-12-05,OAKEY2SF,-13.14441966868884,ToD blocks
2021-12-12,OAKEY2SF,-18.06657752043126,ToD blocks
2021-12-19,OAKEY2SF,-1.792949448486759,ToD blocks
2021-12-26,OAKEY2SF,22.295953632392965,ToD blocks
2022-01-02,OAKEY2SF,-2.542963139358662,ToD blocks
2022-01-09,OAKEY2SF,-10.741824611249115,ToD blocks
2022-01-16,OAKEY2SF,-6.2670245342777235,ToD blocks
2022-01-23,OAKEY2SF,-11.640181412046402,ToD blocks
2022-01-30,OAKEY2SF,-14.213650071290914,ToD blocks
2022-02-06,OAKEY2SF,46.06673063751151,ToD blocks
2022-02-13,OAKEY2SF,-0.3098893715080351,ToD blocks
2022-02-20,OAKEY2SF,-1.8773197589361246,ToD blocks
2022-02-27,OAKEY2SF,-19.26721570429865,ToD blocks
2022-03-06,OAKEY2SF,-7.253412703178498,ToD blocks
2022-03-13,OAKEY2SF,-14.287345854113852,ToD blocks
2022-03-20,OAKEY2SF,-2.917048110221536,ToD blocks
2022-03-27,OAKEY2SF,-15.73110239621218,ToD blocks
2022-04-03,OAKEY2SF,-5.932092590395271,ToD blocks
2022-04-10,OAKEY2SF,-29.8174026505543,ToD blocks
2022-04-17,OAKEY2SF,-16.938728370158245,ToD blocks
2022-04-24,OAKEY2SF,-9.24812184102305,ToD blocks
2022-05-01,OAKEY2SF,-11.768644037978788,ToD blocks
2022-05-08,OAKEY2SF,-70.87170248656412,ToD blocks
2022-05-15,OAKEY2SF,-44.27728092427611,ToD blocks
2022-05-22,OAKEY2SF,-36.07437737967982,ToD blocks
2022-05-29,OAKEY2SF,-24.371957063521535,ToD blocks
2022-06-05,OAKEY2SF,-93.64344036162956,ToD blocks
2022-06-12,OAKEY2SF,-180.93386150092817,ToD blocks
2022-06-19,OAKEY2SF,14.101561154826896,ToD blocks
2022-06-26,OAKEY2SF,-74.42118976012186,ToD blocks
2022-07-03,OAKEY2SF,-69.50860841022313,ToD blocks
2022-07-10,OAKEY2SF,-504.63375571471806,ToD blocks
2022-07-17,OAKEY2SF,-97.20529955870126,ToD blocks
2022-07-24,OAKEY2SF,-87.01002298674285,ToD blocks
2022-07-31,OAKEY2SF,-40.9288795364469,ToD blocks
2022-08-07,OAKEY2SF,-27.244059715368564,ToD blocks
2022-08-14,OAKEY2SF,-28.03957203519579,ToD blocks
2022-08-21,OAKEY2SF,10.712622566116126,ToD blocks
2022-08-28,OAKEY2SF,-7.795783065899862,ToD blocks
2022-09-04,OAKEY2SF,-27.906041774086475,ToD blocks
2022-09-11,OAKEY2SF,-23.35707397304911,ToD blocks
2022-09-18,OAKEY2SF,-41.91540218852053,ToD blocks
2022-09-25,OAKEY2SF,-26.068068070079462,ToD blocks
2022-10-02,OAKEY2SF,-11.833949876468907,ToD blocks
2022-10-09,OAKEY2SF,-21.314933412663805,ToD blocks
2022-10-16,OAKEY2SF,-20.338867913432622,ToD blocks
2022-10-23,OAKEY2SF,-12.6122923692283,ToD blocks
2022-10-30,OAKEY2SF,-3.9171413608347905,ToD blocks
2022-11-06,OAKEY2SF,-11.625168907905646,ToD blocks
2022-11-13,OAKEY2SF,-6.352931499456645,ToD blocks
2022-11-20,OAKEY2SF,-18.314357871153014,ToD blocks
2022-11-27,OAKEY2SF,-10.077474630527206,ToD blocks
2022-12-04,OAKEY2SF,-14.164929115522078,ToD blocks
2022-12-11,OAKEY2SF,3.2785429222734663,ToD blocks
2022-12-18,OAKEY2SF,2.016848371089189,ToD blocks
2022-12-25,OAKEY2SF,-7.637830626295344,ToD blocks
2023-01-01,OAKEY2SF,6.083338342663712,ToD blocks
2023-01-08,OAKEY2SF,-6.79155634250127,ToD blocks
2023-01-15,OAKEY2SF,-9.171327200199343,ToD blocks
2023-01-22,OAKEY2SF,-8.718639282272918,ToD blocks
2023-01-29,OAKEY2SF,-13.573334010988205,ToD blocks
2023-02-05,OAKEY2SF,-21.481365534166898,ToD blocks
2023-02-12,OAKEY2SF,-6.532891400796544,ToD blocks
2023-02-19,OAKEY2SF,-8.92076022915743,ToD blocks
2023-02-26,OAKEY2SF,-8.708617968131932,ToD blocks
2023-03-05,OAKEY2SF,-11.106465286860136,ToD blocks
2023-03-12,OAKEY2SF,-19.814926804441853,ToD blocks
2023-03-19,OAKEY2SF,-19.7656506853984,ToD blocks
2023-03-26,OAKEY2SF,-7.908548811153288,ToD blocks
2023-04-02,OAKEY2SF,-32.81663959244831,ToD blocks
2023-04-09,OAKEY2SF,-2.425772426639952,ToD blocks
2023-04-16,OAKEY2SF,-11.799000255007611,ToD blocks
2023-04-23,OAKEY2SF,-17.75307764249176,ToD blocks
2023-04-30,OAKEY2SF,-22.279654012076442,ToD blocks
2023-05-07,OAKEY2SF,-34.701221895065714,ToD blocks
2023-05-14,OAKEY2SF,-31.424443561212918,ToD blocks
2023-05-21,OAKEY2SF,-29.797724850616447,ToD blocks
2023-05-28,OAKEY2SF,-37.00197950983715,ToD blocks
2023-06-04,OAKEY2SF,-24.575133195906076,ToD blocks
2023-06-11,OAKEY2SF,-18.15179875267726,ToD blocks
2023-06-18,OAKEY2SF,-2.8956316061212632,ToD blocks
2023-06-25,OAKEY2SF,-28.450621387002904,ToD blocks
2023-07-02,OAKEY2SF,-8.877907455425216,ToD blocks
2023-07-09,OAKEY2SF,-19.342834762760226,ToD blocks
2023-07-16,OAKEY2SF,-3.3341968257043995,ToD blocks
2023-07-23,OAKEY2SF,-3.5086227140261848,ToD blocks
2023-07-30,OAKEY2SF,-0.047520793289219654,ToD blocks
2023-08-06,OAKEY2SF,3.6384809995426544,ToD blocks
2023-08-13,OAKEY2SF,4.568725535493016,ToD blocks
2023-08-20,OAKEY2SF,1.734557970963433,ToD blocks
2023-08-27,OAKEY2SF,11.700123218883412,ToD blocks
2023-09-03,OAKEY2SF,18.38114852714505,ToD blocks
2023-09-10,OAKEY2SF,16.422984450542046,ToD blocks
2023-09-17,OAKEY2SF,23.153383934152117,ToD blocks
2023-09-24,OAKEY2SF,15.45948679522499,ToD blocks
2023-10-01,OAKEY2SF,38.83898829274793,ToD blocks
2023-10-08,OAKEY2SF,11.936672414057275,ToD blocks
2023-10-15,OAKEY2SF,9.985367586385275,ToD blocks
2023-10-22,OAKEY2SF,-1.213732826189854,ToD blocks
2023-10-29,OAKEY2SF,-0.21672934510225472,ToD blocks
2023-11-05,OAKEY2SF,-5.955356018021639,ToD blocks
2023-11-12,OAKEY2SF,-0.21171675000655554,ToD blocks
2023-11-19,OAKEY2SF,-14.221617123497722,ToD blocks
2023-11-26,OAKEY2SF,-10.670840350127264,ToD blocks
2023-12-03,OAKEY2SF,-16.632903711195567,ToD blocks
2023-12-10,OAKEY2SF,0.1405887193662494,ToD blocks
2023-12-17,OAKEY2SF,-4.464937188597226,ToD blocks
2023-12-24,OAKEY2SF,-14.649648569419789,ToD blocks
2023-12-31,OAKEY2SF,-10.289438345234458,ToD blocks
2024-01-07,OAKEY2SF,-3.804390746020875,ToD blocks
2024-01-14,OAKEY2SF,-1.6748650290645273,ToD blocks
2024-01-21,OAKEY2SF,-26.36078698560489,ToD blocks
2024-01-28,OAKEY2SF,-14.554415626035109,ToD blocks
2024-02-04,OAKEY2SF,-24.03367553854453,ToD blocks
2024-02-11,OAKEY2SF,-4.508450311281244,ToD blocks
2024-02-18,OAKEY2SF,-13.565613225853262,ToD blocks
2024-02-25,OAKEY2SF,-22.4514991691602,ToD blocks
2024-03-03,OAKEY2SF,-25.572660970512757,ToD blocks
2024-03-10,OAKEY2SF,-11.688443519220286,ToD blocks
2024-03-17,OAKEY2SF,-9.852903369312884,ToD blocks
2024-03-24,OAKEY2SF,-8.123094204401667,ToD blocks
2024-03-31,OAKEY2SF,-22.685466048848095,ToD blocks
2024-04-07,OAKEY2SF,-12.142852335023875,ToD blocks
2024-04-14,OAKEY2SF,-9.464260962183086,ToD blocks
2024-04-21,OAKEY2SF,-16.067545766260487,ToD blocks
2024-04-28,OAKEY2SF,-19.886613533835707,ToD blocks
2024-05-05,OAKEY2SF,-22.536163190784116,ToD blocks
2024-05-12,OAKEY2SF,-22.567788395878623,ToD blocks
2024-05-19,OAKEY2SF,-18.391828156387348,ToD blocks
2024-05-26,OAKEY2SF,-33.37127751886759,ToD blocks
2024-06-02,OAKEY2SF,-33.26291372306533,ToD blocks
2024-06-09,OAKEY2SF,-36.30256279987554,ToD blocks
2024-06-16,OAKEY2SF,-29.82666554566857,ToD blocks
2024-06-23,OAKEY2SF,-66.24217215006324,ToD blocks
2024-06-30,OAKEY2SF,-23.693198768648372,ToD blocks
2024-07-07,OAKEY2SF,-35.94759293611361,ToD blocks
2024-07-14,OAKEY2SF,-38.96071118400441,ToD blocks
2024-07-21,OAKEY2SF,-28.123974418548737,ToD blocks
2024-07-28,OAKEY2SF,-21.85208652987061,ToD blocks
2024-08-04,OAKEY2SF,-32.083507361750115,ToD blocks
2024-08-11,OAKEY2SF,-41.258349157936664,ToD blocks
2024-08-18,OAKEY2SF,-46.29079053182011,ToD blocks
2024-08-25,OAKEY2SF,-12.858589871409752,ToD blocks
2024-09-01,OAKEY2SF,-6.77955783637261,ToD blocks
2024-09-08,OAKEY2SF,-7.147578853396951,ToD blocks
2024-09-15,OAKEY2SF,-11.564611008364768,ToD blocks
2024-09-22,OAKEY2SF,-2.534258579077161,ToD blocks
2024-09-29,OAKEY2SF,-11.93356795464847,ToD blocks
2024-10-06,OAKEY2SF,-8.536077430942465,ToD blocks
2024-10-13,OAKEY2SF,-27.59988390466406,ToD blocks
2024-10-20,OAKEY2SF,-11.425932793875578,ToD blocks
2024-10-27,OAKEY2SF,-10.575451081701132,ToD blocks
2024-11-03,OAKEY2SF,-14.143794334148703,ToD blocks
2024-11-10,OAKEY2SF,-61.177163168613035,ToD blocks
2024-11-17,OAKEY2SF,-27.270717628866464,ToD blocks
2024-11-24,OAKEY2SF,-46.91456838356409,ToD blocks
2024-12-01,OAKEY2SF,-18.334226074359947,ToD blocks
2024-12-08,OAKEY2SF,-11.573955892870075,ToD blocks
2024-12-15,OAKEY2SF,-5.721351013614168,ToD blocks
2024-12-22,OAKEY2SF,-11.68157743668003,ToD blocks
2024-12-29,OAKEY2SF,39.7802564658491,ToD blocks
2025-01-05,OAKEY2SF,-16.772318585282868,ToD blocks
2020-01-05,RRSF1,1.835480219290119,ToD blocks
2020-01-12,RRSF1,-1.0191344702304548,ToD blocks
2020-01-19,RRSF1,-0.3331989726243094,ToD blocks
2020-01-26,RRSF1,-2.0174256086367564,ToD blocks
2020-02-02,RRSF1,1.775446517026765,ToD blocks
2020-02-09,RRSF1,-0.7322971139385217,ToD blocks
2020-02-16,RRSF1,-2.189282976095484,ToD blocks
2020-02-23,RRSF1,1.4253837106771883,ToD blocks
2020-03-01,RRSF1,-3.435550855065749,ToD blocks
2020-03-08,RRSF1,-2.430623766029491,ToD blocks
2020-03-15,RRSF1,-5.379565175499504,ToD blocks
2020-03-22,RRSF1,-3.7223016663953388,ToD blocks
2020-03-29,RRSF1,-0.8037021310502297,ToD blocks
2020-04-05,RRSF1,-1.0053960811380307,ToD blocks
2020-04-12,RRSF1,-1.4491336687079794,ToD blocks
2020-04-19,RRSF1,-2.8988522871643028,ToD blocks
2020-04-26,RRSF1,-0.9311853816332771,ToD blocks
2020-05-03,RRSF1,11.976861672160199,ToD blocks
2020-05-10,RRSF1,-3.1171607324970303,ToD blocks
2020-05-17,RRSF1,-3.250747777958761,ToD blocks
2020-05-24,RRSF1,-6.935137928013788,ToD blocks
2020-05-31,RRSF1,-1.548209588900118,ToD blocks
2020-06-07,RRSF1,-6.323451202580603,ToD blocks
2020-06-14,RRSF1,-3.794736361739485,ToD blocks
2020-06-21,RRSF1,-4.524490484405998,ToD blocks
2020-06-28,RRSF1,-6.299857092772618,ToD blocks
2020-07-05,RRSF1,-5.178312247434491,ToD blocks
2020-07-12,RRSF1,-3.859169484531563,ToD blocks
2020-07-19,RRSF1,-5.7141355467905655,ToD blocks
2020-07-26,RRSF1,-7.088765652772054,ToD blocks
2020-08-02,RRSF1,-3.0841205814755455,ToD blocks
2020-08-09,RRSF1,-2.3145016701469743,ToD blocks
2020-08-16,RRSF1,-2.6270755443028566,ToD blocks
2020-08-23,RRSF1,-3.496204300715452,ToD blocks
2020-08-30,RRSF1,-4.486909568256022,ToD blocks
2020-09-06,RRSF1,-5.787578126379788,ToD blocks
2020-09-13,RRSF1,-5.020190394604056,ToD blocks
2020-09-20,RRSF1,-4.352564177038591,ToD blocks
2020-09-27,RRSF1,-1.9100963679924368,ToD blocks
2020-10-04,RRSF1,-3.593632492170779,ToD blocks
2020-10-11,RRSF1,-3.325340903127552,ToD blocks
2020-10-18,RRSF1,-6.9464417849598625,ToD blocks
2020-10-25,RRSF1,-4.08828256738494,ToD blocks
2020-11-01,RRSF1,-2.9699131239634298,ToD blocks
2020-11-08,RRSF1,-2.258173159169864,ToD blocks
2020-11-15,RRSF1,-3.8443004501537814,ToD blocks
2020-11-22,RRSF1,6.602363111803896,ToD blocks
2020-11-29,RRSF1,-0.7596941347180675,ToD blocks
2020-12-06,RRSF1,-1.933963250318854,ToD blocks
2020-12-13,RRSF1,-0.6394455538423145,ToD blocks
2020-12-20,RRSF1,-0.7589658393929426,ToD blocks
2020-12-27,RRSF1,3.7819744231210777,ToD blocks
2021-01-03,RRSF1,-2.2764144316209567,ToD blocks
2021-01-10,RRSF1,-3.6851663955437886,ToD blocks
2021-01-17,RRSF1,-4.446326343240521,ToD blocks
2021-01-24,RRSF1,-20.69753895062447,ToD blocks
2021-01-31,RRSF1,-0.6731106826128368,ToD blocks
2021-02-07,RRSF1,-0.37442144928550647,ToD blocks
2021-02-14,RRSF1,-2.738126694960357,ToD blocks
2021-02-21,RRSF1,-2.795801865336607,ToD blocks
2021-02-28,RRSF1,-10.607932295582906,ToD blocks
2021-03-07,RRSF1,-10.822838911780511,ToD blocks
2021-03-14,RRSF1,1.4337793313551686,ToD blocks
2021-03-21,RRSF1,-3.3760606907121797,ToD blocks
2021-03-28,RRSF1,-6.448373621199593,ToD blocks
2021-04-04,RRSF1,-3.939885603476352,ToD blocks
2021-04-11,RRSF1,7.038589384349258,ToD blocks
2021-04-18,RRSF1,-5.944176221843925,ToD blocks
2021-04-25,RRSF1,-39.21802980177484,ToD blocks
2021-05-02,RRSF1,-7.088831498927227,ToD blocks
2021-05-09,RRSF1,-2.4657893430693747,ToD blocks
2021-05-16,RRSF1,-38.47860794444848,ToD blocks
2021-05-23,RRSF1,-31.97081726545943,ToD blocks
2021-05-30,RRSF1,-248.52627027062073,ToD blocks
2021-06-06,RRSF1,-49.91112789236887,ToD blocks
2021-06-13,RRSF1,-52.15083055179704,ToD blocks
2021-06-20,RRSF1,-92.28548584132054,ToD blocks
2021-06-27,RRSF1,-36.21537232489776,ToD blocks
2021-07-04,RRSF1,-43.59331123176304,ToD blocks
2021-07-11,RRSF1,-37.69323603140634,ToD blocks
2021-07-18,RRSF1,-19.969923613658132,ToD blocks
2021-07-25,RRSF1,-56.00305186327481,ToD blocks
2021-08-01,RRSF1,-7.118529663225502,ToD blocks
2021-08-08,RRSF1,-4.347325589559826,ToD blocks
2021-08-15,RRSF1,-5.575557592098875,ToD blocks
2021-08-22,RRSF1,-8.54644445855724,ToD blocks
2021-08-29,RRSF1,-10.176234092636523,ToD blocks
2021-09-05,RRSF1,-7.661961773667215,ToD blocks
2021-09-12,RRSF1,-4.051428931936073,ToD blocks
2021-09-19,RRSF1,-10.69962976131729,ToD blocks
2021-09-26,RRSF1,-1.8688925917092654,ToD blocks
2021-10-03,RRSF1,-14.871144731789457,ToD blocks
2021-10-10,RRSF1,-11.63823969789879,ToD blocks
2021-10-17,RRSF1,40.5852728032702,ToD blocks
2021-10-24,RRSF1,-8.48055060247924,ToD blocks
2021-10-31,RRSF1,-4.146666074710353,ToD blocks
2021-11-07,RRSF1,-6.946498846266323,ToD blocks
2021-11-14,RRSF1,-32.46031705664802,ToD blocks
2021-11-21,RRSF1,-22.938422275554736,ToD blocks
2021-11-28,RRSF1,5.5550270245157805,ToD blocks
2021-12-05,RRSF1,-12.569289172100703,ToD blocks
2021-12-12,RRSF1,-11.32484342496695,ToD blocks
2021-12-19,RRSF1,-1.8053354734363083,ToD blocks
2021-12-26,RRSF1,-0.118924078592201,ToD blocks
2022-01-02,RRSF1,1.233090810333131,ToD blocks
2022-01-09,RRSF1,-3.3207019568859124,ToD blocks
2022-01-16,RRSF1,-6.970895406907147,ToD blocks
2022-01-23,RRSF1,4.344579360559024,ToD blocks
2022-01-30,RRSF1,-13.86221620114766,ToD blocks
2022-02-06,RRSF1,45.90212553742964,ToD blocks
2022-02-13,RRSF1,-4.082359279179876,ToD blocks
2022-02-20,RRSF1,-8.377188071465753,ToD blocks
2022-02-27,RRSF1,-2.504067002825451,ToD blocks
2022-03-06,RRSF1,-2.0215297015089533,ToD blocks
2022-03-13,RRSF1,-12.517994417542837,ToD blocks
2022-03-20,RRSF1,-11.960530491925752,ToD blocks
2022-03-27,RRSF1,-13.78506061193579,ToD blocks
2022-04-03,RRSF1,-12.043066073909472,ToD blocks
2022-04-10,RRSF1,-24.38065303905691,ToD blocks
2022-04-17,RRSF1,-15.923305619929067,ToD blocks
2022-04-24,RRSF1,-25.196709454244356,ToD blocks
2022-05-01,RRSF1,-22.424230816157063,ToD blocks
2022-05-08,RRSF1,-43.37354795546739,ToD blocks
2022-05-15,RRSF1,-38.05833644930857,ToD blocks
2022-05-22,RRSF1,-29.83631744099506,ToD blocks
2022-05-29,RRSF1,-24.02425265630717,ToD blocks
2022-06-05,RRSF1,-62.01097312470063,ToD blocks
2022-06-12,RRSF1,-185.59244969303123,ToD blocks
2022-06-19,RRSF1,-0.47680717893459246,ToD blocks
2022-06-26,RRSF1,-26.34541889590588,ToD blocks
2022-07-03,RRSF1,-63.162211816831416,ToD blocks
2022-07-10,RRSF1,-478.1323422910817,ToD blocks
2022-07-17,RRSF1,-51.91488444697518,ToD blocks
2022-07-24,RRSF1,-17.73293345769696,ToD blocks
2022-07-31,RRSF1,-30.89451222164078,ToD blocks
2022-08-07,RRSF1,-22.801557836086374,ToD blocks
2022-08-14,RRSF1,-20.19460697422241,ToD blocks
2022-08-21,RRSF1,-20.199473138653552,ToD blocks
2022-08-28,RRSF1,-27.052056205419238,ToD blocks
2022-09-04,RRSF1,-22.370689743500563,ToD blocks
2022-09-11,RRSF1,-28.250460962002045,ToD blocks
2022-09-18,RRSF1,-18.504615499606935,ToD blocks
2022-09-25,RRSF1,-7.764216143714819,ToD blocks
2022-10-02,RRSF1,-11.105076019210827,ToD blocks
2022-10-09,RRSF1,-12.157383945759221,ToD blocks
2022-10-16,RRSF1,-11.034165656802955,ToD blocks
2022-10-23,RRSF1,-11.403950056717946,ToD blocks
2022-10-30,RRSF1,-18.512271259867077,ToD blocks
2022-11-06,RRSF1,-6.927908213974057,ToD blocks
2022-11-13,RRSF1,-7.117986615046277,ToD blocks
2022-11-20,RRSF1,-23.761217390779883,ToD blocks
2022-11-27,RRSF1,-5.901857007328459,ToD blocks
2022-12-04,RRSF1,-18.946666951103396,ToD blocks
2022-12-11,RRSF1,-2.0476806900559836,ToD blocks
2022-12-18,RRSF1,-0.9799778762213514,ToD blocks
2022-12-25,RRSF1,-10.27032711801914,ToD blocks
2023-01-01,RRSF1,-1.681321966034254,ToD blocks
2023-01-08,RRSF1,-6.27717430272466,ToD blocks
2023-01-15,RRSF1,-5.5961806137468955,ToD blocks
2023-01-22,RRSF1,-12.644467894872896,ToD blocks
2023-01-29,RRSF1,1.2316422046888391,ToD blocks
2023-02-05,RRSF1,-11.287844947991843,ToD blocks
2023-02-12,RRSF1,-7.685342869203261,ToD blocks
2023-02-19,RRSF1,-6.6479154079037315,ToD blocks
2023-02-26,RRSF1,53.47919669885597,ToD blocks
2023-03-05,RRSF1,-3.6082372585155653,ToD blocks
2023-03-12,RRSF1,-0.5678881509662972,ToD blocks
2023-03-19,RRSF1,-11.88838022333313,ToD blocks
2023-03-26,RRSF1,-8.284670505186789,ToD blocks
2023-04-02,RRSF1,-27.34221814421602,ToD blocks
2023-04-09,RRSF1,-18.898055818826244,ToD blocks
2023-04-16,RRSF1,-14.199853790443063,ToD blocks
2023-04-23,RRSF1,-15.39201094974505,ToD blocks
2023-04-30,RRSF1,-12.005498439250218,ToD blocks
2023-05-07,RRSF1,-29.981069397794535,ToD blocks
2023-05-14,RRSF1,-29.194668061036033,ToD blocks
2023-05-21,RRSF1,-26.994429370421727,ToD blocks
2023-05-28,RRSF1,-44.677233543999144,ToD blocks
2023-06-04,RRSF1,-21.416514876694713,ToD blocks
2023-06-11,RRSF1,-13.37413050091098,ToD blocks
2023-06-18,RRSF1,-18.685059578759585,ToD blocks
2023-06-25,RRSF1,-23.666646743083504,ToD blocks
2023-07-02,RRSF1,-12.33422683122193,ToD blocks
2023-07-09,RRSF1,-41.92302160461948,ToD blocks
2023-07-16,RRSF1,-13.559128211709329,ToD blocks
2023-07-23,RRSF1,-21.818842527752917,ToD blocks
2023-07-30,RRSF1,-14.625056298937626,ToD blocks
2023-08-06,RRSF1,-17.149042925232777,ToD blocks
2023-08-13,RRSF1,-19.32368148873193,ToD blocks
2023-08-20,RRSF1,-13.716750494167542,ToD blocks
2023-08-27,RRSF1,-14.109904269701126,ToD blocks
2023-09-03,RRSF1,-11.045872349462728,ToD blocks
2023-09-10,RRSF1,-15.113671021167772,ToD blocks
2023-09-17,RRSF1,-12.239844009638968,ToD blocks
2023-09-24,RRSF1,-5.38718864068831,ToD blocks
2023-10-01,RRSF1,-3.785520786482838,ToD blocks
2023-10-08,RRSF1,-9.543870176124779,ToD blocks
2023-10-15,RRSF1,-7.127539468950353,ToD blocks
2023-10-22,RRSF1,-8.41011668117973,ToD blocks
2023-10-29,RRSF1,-5.26612793000849,ToD blocks
2023-11-05,RRSF1,-6.165085242707063,ToD blocks
2023-11-12,RRSF1,-1.1716265694860795,ToD blocks
2023-11-19,RRSF1,1.9724656754171725,ToD blocks
2023-11-26,RRSF1,0.616213043769072,ToD blocks
2023-12-03,RRSF1,-9.125950129576125,ToD blocks
2023-12-10,RRSF1,-5.620052788247836,ToD blocks
2023-12-17,RRSF1,-15.592164353118612,ToD blocks
2023-12-24,RRSF1,-0.44547840352250745,ToD blocks
2023-12-31,RRSF1,0.3873380874884944,ToD blocks
2024-01-07,RRSF1,-4.096914693632378,ToD blocks
2024-01-14,RRSF1,-4.681760629952187,ToD blocks
2024-01-21,RRSF1,-13.95656594392031,ToD blocks
2024-01-28,RRSF1,-7.462869300497346,ToD blocks
2024-02-04,RRSF1,-12.684640384900462,ToD blocks
2024-02-11,RRSF1,-6.6740890661888415,ToD blocks
2024-02-18,RRSF1,-5.04992227882731,ToD blocks
2024-02-25,RRSF1,-10.634122885984482,ToD blocks
2024-03-03,RRSF1,-21.206682336198938,ToD blocks
2024-03-10,RRSF1,-3.7233538877074466,ToD blocks
2024-03-17,RRSF1,-10.188485428671804,ToD blocks
2024-03-24,RRSF1,-11.271645022818703,ToD blocks
2024-03-31,RRSF1,-18.244558199766548,ToD blocks
2024-04-07,RRSF1,-5.668376207038783,ToD blocks
2024-04-14,RRSF1,-11.81279460418098,ToD blocks
2024-04-21,RRSF1,-17.57645050708875,ToD blocks
2024-04-28,RRSF1,-15.374854137657302,ToD blocks
2024-05-05,RRSF1,-17.10248898374156,ToD blocks
2024-05-12,RRSF1,-23.035954146384412,ToD blocks
2024-05-19,RRSF1,-25.592204147402054,ToD blocks
2024-05-26,RRSF1,-36.90758365959453,ToD blocks
2024-06-02,RRSF1,-24.26715160855457,ToD blocks
2024-06-09,RRSF1,-25.12990738321484,ToD blocks
2024-06-16,RRSF1,-23.9582410168086,ToD blocks
2024-06-23,RRSF1,-40.17809486456028,ToD blocks
2024-06-30,RRSF1,-28.92790903061743,ToD blocks
2024-07-07,RRSF1,-19.256180072395807,ToD blocks
2024-07-14,RRSF1,-28.300554676956835,ToD blocks
2024-07-21,RRSF1,-18.858120956978205,ToD blocks
2024-07-28,RRSF1,-24.351777538134282,ToD blocks
2024-08-04,RRSF1,-40.96662705260991,ToD blocks
2024-08-11,RRSF1,-0.24335045838314784,ToD blocks
2024-08-18,RRSF1,-23.975669027505973,ToD blocks
2024-08-25,RRSF1,-15.343218695386108,ToD blocks
2024-09-01,RRSF1,-11.170607189321137,ToD blocks
2024-09-08,RRSF1,-9.949706596814767,ToD blocks
2024-09-15,RRSF1,-7.6244614722837305,ToD blocks
2024-09-22,RRSF1,-10.594013436323866,ToD blocks
2024-09-29,RRSF1,-8.345243033396134,ToD blocks
2024-10-06,RRSF1,-9.133758223691512,ToD blocks
2024-10-13,RRSF1,-10.345559490741072,ToD blocks
2024-10-20,RRSF1,-10.809812706879224,ToD blocks
2024-10-27,RRSF1,-6.133923061596605,ToD blocks
2024-11-03,RRSF1,-8.389529912631648,ToD blocks
2024-11-10,RRSF1,-33.44097027431698,ToD blocks
2024-11-17,RRSF1,-5.761726481075982,ToD blocks
2024-11-24,RRSF1,-13.224531393236973,ToD blocks
2024-12-01,RRSF1,-15.956676196080316,ToD blocks
2024-12-08,RRSF1,-13.356284665384308,ToD blocks
2024-12-15,RRSF1,-7.974921898020199,ToD blocks
2024-12-22,RRSF1,-7.421655986900575,ToD blocks
2024-12-29,RRSF1,-0.048328307843998886,ToD blocks
2025-01-05,RRSF1,0.22811262117661357,ToD blocks
2020-01-05,RUGBYR1,0.1697789441227684,ToD blocks
2020-01-12,RUGBYR1,0.13083653361382375,ToD blocks
2020-01-19,RUGBYR1,-2.000525366789205,ToD blocks
2020-01-26,RUGBYR1,15.47425219785977,ToD blocks
2020-02-02,RUGBYR1,29.129607006254815,ToD blocks
2020-02-09,RUGBYR1,-1.1359060511892807,ToD blocks
2020-02-16,RUGBYR1,-1.1131927825587908,ToD blocks
2020-02-23,RUGBYR1,0.9477279518651756,ToD blocks
2020-03-01,RUGBYR1,-2.7695915883336113,ToD blocks
2020-03-08,RUGBYR1,-2.3530716588922047,ToD blocks
2020-03-15,RUGBYR1,-4.238472999975876,ToD blocks
2020-03-22,RUGBYR1,-2.3166948967118657,ToD blocks
2020-03-29,RUGBYR1,-0.8864420701689681,ToD blocks
2020-04-05,RUGBYR1,-1.6451651007694394,ToD blocks
2020-04-12,RUGBYR1,-1.137127034108179,ToD blocks
2020-04-19,RUGBYR1,-1.006027661554178,ToD blocks
2020-04-26,RUGBYR1,-1.7051335622569006,ToD blocks
2020-05-03,RUGBYR1,24.212889746053783,ToD blocks
2020-05-10,RUGBYR1,-2.087489374365223,ToD blocks
2020-05-17,RUGBYR1,-1.8643481942849327,ToD blocks
2020-05-24,RUGBYR1,-10.161009851798372,ToD blocks
2020-05-31,RUGBYR1,-2.3972485034914435,ToD blocks
2020-06-07,RUGBYR1,-5.594500999552437,ToD blocks
2020-06-14,RUGBYR1,-3.235974007658168,ToD blocks
2020-06-21,RUGBYR1,-4.0313093325349705,ToD blocks
2020-06-28,RUGBYR1,-5.6413188640511045,ToD blocks
2020-07-05,RUGBYR1,-4.462931402153291,ToD blocks
2020-07-12,RUGBYR1,-3.15484400369386,ToD blocks
2020-07-19,RUGBYR1,-3.949007301769541,ToD blocks
2020-07-26,RUGBYR1,-9.05038661168766,ToD blocks
2020-08-02,RUGBYR1,-2.3957422486341002,ToD blocks
2020-08-09,RUGBYR1,-4.379711911422028,ToD blocks
2020-08-16,RUGBYR1,5.786333965413789,ToD blocks
2020-08-23,RUGBYR1,0.4879302766277043,ToD blocks
2020-08-30,RUGBYR1,-3.1615636915683543,ToD blocks
2020-09-06,RUGBYR1,-2.696376707504177,ToD blocks
2020-09-13,RUGBYR1,-3.282014194389671,ToD blocks
2020-09-20,RUGBYR1,-3.255321642663561,ToD blocks
2020-09-27,RUGBYR1,-2.4462083256015417,ToD blocks
2020-10-04,RUGBYR1,-2.4815292868587226,ToD blocks
2020-10-11,RUGBYR1,-2.4554267320405323,ToD blocks
2020-10-18,RUGBYR1,10.583594892361209,ToD blocks
2020-10-25,RUGBYR1,-4.308994105469143,ToD blocks
2020-11-01,RUGBYR1,-7.318950970280277,ToD blocks
2020-11-08,RUGBYR1,-1.4305389443153835,ToD blocks
2020-11-15,RUGBYR1,-2.7928285770676915,ToD blocks
2020-11-22,RUGBYR1,6.235955595607507,ToD blocks
2020-11-29,RUGBYR1,-7.613833896122351,ToD blocks
2020-12-06,RUGBYR1,-0.8277382235532542,ToD blocks
2020-12-13,RUGBYR1,0.17447862786585233,ToD blocks
2020-12-20,RUGBYR1,-0.027132711949974464,ToD blocks
2020-12-27,RUGBYR1,3.044096400890453,ToD blocks
2021-01-03,RUGBYR1,-3.855182110356985,ToD blocks
2021-01-10,RUGBYR1,-1.6179588064830384,ToD blocks
2021-01-17,RUGBYR1,-3.0636555437533914,ToD blocks
2021-01-24,RUGBYR1,-20.056493341492704,ToD blocks
2021-01-31,RUGBYR1,-0.6415909197129466,ToD blocks
2021-02-07,RUGBYR1,-1.4802981184473225,ToD blocks
2021-02-14,RUGBYR1,-2.2642204190583683,ToD blocks
2021-02-21,RUGBYR1,-1.9607798859418821,ToD blocks
2021-02-28,RUGBYR1,-9.133910228770873,ToD blocks
2021-03-07,RUGBYR1,-10.358308018509735,ToD blocks
2021-03-14,RUGBYR1,-7.694641248401311,ToD blocks
2021-03-21,RUGBYR1,-1.1402739449945543,ToD blocks
2021-03-28,RUGBYR1,-8.748262587678955,ToD blocks
2021-04-04,RUGBYR1,-3.36796477719718,ToD blocks
2021-04-11,RUGBYR1,-3.4993586488680037,ToD blocks
2021-04-18,RUGBYR1,-2.3218113002042067,ToD blocks
2021-04-25,RUGBYR1,-38.905857053226455,ToD blocks
2021-05-02,RUGBYR1,-5.843844764081663,ToD blocks
2021-05-09,RUGBYR1,-0.7996252286002203,ToD blocks
2021-05-16,RUGBYR1,-8.15084597099628,ToD blocks
2021-05-23,RUGBYR1,-26.89308323210961,ToD blocks
2021-05-30,RUGBYR1,-250.17590132047417,ToD blocks
2021-06-06,RUGBYR1,-88.63720715184589,ToD blocks
2021-06-13,RUGBYR1,-63.60839670704492,ToD blocks
2021-06-20,RUGBYR1,-17.263847415602783,ToD blocks
2021-06-27,RUGBYR1,-44.40673073475406,ToD blocks
2021-07-04,RUGBYR1,-42.83905159706198,ToD blocks
2021-07-11,RUGBYR1,-26.569736348259497,ToD blocks
2021-07-18,RUGBYR1,-21.45847635642418,ToD blocks
2021-07-25,RUGBYR1,-61.187934190386095,ToD blocks
2021-08-01,RUGBYR1,-6.07083894038346,ToD blocks
2021-08-08,RUGBYR1,-3.9394701972002615,ToD blocks
2021-08-15,RUGBYR1,-3.547548137679904,ToD blocks
2021-08-22,RUGBYR1,-5.622892701686503,ToD blocks
2021-08-29,RUGBYR1,-3.793328441179437,ToD blocks
2021-09-05,RUGBYR1,-8.26498686671506,ToD blocks
2021-09-12,RUGBYR1,0.12026670296560216,ToD blocks
2021-09-19,RUGBYR1,12.204144200977588,ToD blocks
2021-09-26,RUGBYR1,3.6280982806366913,ToD blocks
2021-10-03,RUGBYR1,6.892664063791038,ToD blocks
2021-10-10,RUGBYR1,1.0258218998912376,ToD blocks
2021-10-17,RUGBYR1,32.84243770083245,ToD blocks
2021-10-24,RUGBYR1,-14.397185909151304,ToD blocks
2021-10-31,RUGBYR1,-8.71546989054557,ToD blocks
2021-11-07,RUGBYR1,-6.3261072972963035,ToD blocks
2021-11-14,RUGBYR1,64.66348483034051,ToD blocks
2021-11-21,RUGBYR1,10.15992198439514,ToD blocks
2021-11-28,RUGBYR1,-10.403113784042652,ToD blocks
2021-12-05,RUGBYR1,-15.14753318234105,ToD blocks
2021-12-12,RUGBYR1,1.9805702711672808,ToD blocks
2021-12-19,RUGBYR1,-0.2214021441837417,ToD blocks
2021-12-26,RUGBYR1,25.799955670796834,ToD blocks
2022-01-02,RUGBYR1,-1.148904082694827,ToD blocks
2022-01-09,RUGBYR1,-7.055740834233617,ToD blocks
2022-01-16,RUGBYR1,-11.56164252021253,ToD blocks
2022-01-23,RUGBYR1,-0.98970843541818,ToD blocks
2022-01-30,RUGBYR1,-16.291069394183722,ToD blocks
2022-02-06,RUGBYR1,93.50735828415748,ToD blocks
2022-02-13,RUGBYR1,-4.554994368161978,ToD blocks
2022-02-20,RUGBYR1,-4.332953279570205,ToD blocks
2022-02-27,RUGBYR1,0.8377801937080989,ToD blocks
2022-03-06,RUGBYR1,-9.595410379403688,ToD blocks
2022-03-13,RUGBYR1,-19.399513147213497,ToD blocks
2022-03-20,RUGBYR1,-13.320032526765374,ToD blocks
2022-03-27,RUGBYR1,-6.4868793422221955,ToD blocks
2022-04-03,RUGBYR1,-9.698624205496571,ToD blocks
2022-04-10,RUGBYR1,-18.56854164298022,ToD blocks
2022-04-17,RUGBYR1,-13.034071226845853,ToD blocks
2022-04-24,RUGBYR1,-25.672864249260016,ToD blocks
2022-05-01,RUGBYR1,-8.117822358576603,ToD blocks
2022-05-08,RUGBYR1,-42.08707044862294,ToD blocks
2022-05-15,RUGBYR1,-49.24546221667396,ToD blocks
2022-05-22,RUGBYR1,-33.503500951289084,ToD blocks
2022-05-29,RUGBYR1,-31.044698728150934,ToD blocks
2022-06-05,RUGBYR1,-70.72034351864397,ToD blocks
2022-06-12,RUGBYR1,-165.70941292924098,ToD blocks
2022-06-19,RUGBYR1,-3.576369912651785,ToD blocks
2022-06-26,RUGBYR1,-22.459075718370258,ToD blocks
2022-07-03,RUGBYR1,-48.936069269573466,ToD blocks
2022-07-10,RUGBYR1,-392.1118406955164,ToD blocks
2022-07-17,RUGBYR1,-49.821094099688736,ToD blocks
2022-07-24,RUGBYR1,-38.77801308532656,ToD blocks
2022-07-31,RUGBYR1,-29.666391726491412,ToD blocks
2022-08-07,RUGBYR1,-10.755948440363312,ToD blocks
2022-08-14,RUGBYR1,-18.116056422366455,ToD blocks
2022-08-21,RUGBYR1,0.21492888850595904,ToD blocks
2022-08-28,RUGBYR1,-13.947572137824693,ToD blocks
2022-09-04,RUGBYR1,-19.111274377887312,ToD blocks
2022-09-11,RUGBYR1,-18.491722927853942,ToD blocks
2022-09-18,RUGBYR1,-0.2921896542182765,ToD blocks
2022-09-25,RUGBYR1,-7.650761430498903,ToD blocks
2022-10-02,RUGBYR1,-13.786027721432177,ToD blocks
2022-10-09,RUGBYR1,-11.518322406195026,ToD blocks
2022-10-16,RUGBYR1,-13.698390595390393,ToD blocks
2022-10-23,RUGBYR1,-14.623275172346624,ToD blocks
2022-10-30,RUGBYR1,-6.962113007759001,ToD blocks
2022-11-06,RUGBYR1,-4.306179121977337,ToD blocks
2022-11-13,RUGBYR1,-4.043947489636729,ToD blocks
2022-11-20,RUGBYR1,-21.311842883516732,ToD blocks
2022-11-27,RUGBYR1,-16.320128281987557,ToD blocks
2022-12-04,RUGBYR1,-28.471047414873553,ToD blocks
2022-12-11,RUGBYR1,-0.252568507111107,ToD blocks
2022-12-18,RUGBYR1,-1.9162523307023385,ToD blocks
2022-12-25,RUGBYR1,-9.050437229363745,ToD blocks
2023-01-01,RUGBYR1,1.1848513004401795,ToD blocks
2023-01-08,RUGBYR1,-6.414692537849497,ToD blocks
2023-01-15,RUGBYR1,-12.219365796640375,ToD blocks
2023-01-22,RUGBYR1,-11.962838520756243,ToD blocks
2023-01-29,RUGBYR1,3.8011674612179576,ToD blocks
2023-02-05,RUGBYR1,-15.377702782502283,ToD blocks
2023-02-12,RUGBYR1,-8.633578875738408,ToD blocks
2023-02-19,RUGBYR1,-3.1232116771083156,ToD blocks
2023-02-26,RUGBYR1,-14.909496365334256,ToD blocks
2023-03-05,RUGBYR1,-12.579375807721398,ToD blocks
2023-03-12,RUGBYR1,-9.473053893976271,ToD blocks
2023-03-19,RUGBYR1,-27.66493561619282,ToD blocks
2023-03-26,RUGBYR1,-6.711214942150832,ToD blocks
2023-04-02,RUGBYR1,-23.00860574575819,ToD blocks
2023-04-09,RUGBYR1,-5.165062413424032,ToD blocks
2023-04-16,RUGBYR1,-7.787283305371364,ToD blocks
2023-04-23,RUGBYR1,-12.502795778825643,ToD blocks
2023-04-30,RUGBYR1,-21.565739824813505,ToD blocks
2023-05-07,RUGBYR1,-27.701770494409026,ToD blocks
2023-05-14,RUGBYR1,-29.022925074696644,ToD blocks
2023-05-21,RUGBYR1,-20.178802478760645,ToD blocks
2023-05-28,RUGBYR1,-36.68116835120961,ToD blocks
2023-06-04,RUGBYR1,-20.673759124948084,ToD blocks
2023-06-11,RUGBYR1,-13.847262530558268,ToD blocks
2023-06-18,RUGBYR1,-10.00345828486276,ToD blocks
2023-06-25,RUGBYR1,-21.96261012638071,ToD blocks
2023-07-02,RUGBYR1,-15.26891070480108,ToD blocks
2023-07-09,RUGBYR1,-46.45169417976095,ToD blocks
2023-07-16,RUGBYR1,-16.12642772199105,ToD blocks
2023-07-23,RUGBYR1,-24.08427508858722,ToD blocks
2023-07-30,RUGBYR1,-30.216669361050656,ToD blocks
2023-08-06,RUGBYR1,-11.690116562242324,ToD blocks
2023-08-13,RUGBYR1,-14.922530265332295,ToD blocks
2023-08-20,RUGBYR1,-14.008821407432132,ToD blocks
2023-08-27,RUGBYR1,-13.110421496339708,ToD blocks
2023-09-03,RUGBYR1,-13.227035232091273,ToD blocks
2023-09-10,RUGBYR1,-5.234442104151933,ToD blocks
2023-09-17,RUGBYR1,-2.2493400587723844,ToD blocks
2023-09-24,RUGBYR1,-5.064144383793748,ToD blocks
2023-10-01,RUGBYR1,1.6099514050801282,ToD blocks
2023-10-08,RUGBYR1,-7.813480914758057,ToD blocks
2023-10-15,RUGBYR1,-6.248639922660697,ToD blocks
2023-10-22,RUGBYR1,-11.145267451970108,ToD blocks
2023-10-29,RUGBYR1,-6.753151102709369,ToD blocks
2023-11-05,RUGBYR1,-6.58473805000717,ToD blocks
2023-11-12,RUGBYR1,6.187744046790513,ToD blocks
2023-11-19,RUGBYR1,2.0259006849506136,ToD blocks
2023-11-26,RUGBYR1,-1.6482760142911204,ToD blocks
2023-12-03,RUGBYR1,-14.469013295038696,ToD blocks
2023-12-10,RUGBYR1,-1.5451806436538789,ToD blocks
2023-12-17,RUGBYR1,-1.1304387749306954,ToD blocks
2023-12-24,RUGBYR1,-7.016397773086737,ToD blocks
2023-12-31,RUGBYR1,2.3283661736091545,ToD blocks
2024-01-07,RUGBYR1,-0.59530042301812,ToD blocks
2024-01-14,RUGBYR1,-2.8729524995366376,ToD blocks
2024-01-21,RUGBYR1,-22.608349484357603,ToD blocks
2024-01-28,RUGBYR1,1.2276947040137713,ToD blocks
2024-02-04,RUGBYR1,-19.88570008233944,ToD blocks
2024-02-11,RUGBYR1,-5.3595881702804675,ToD blocks
2024-02-18,RUGBYR1,-12.292213597862578,ToD blocks
2024-02-25,RUGBYR1,-23.799276892391063,ToD blocks
2024-03-03,RUGBYR1,-6.905377043349844,ToD blocks
2024-03-10,RUGBYR1,-8.994129668256775,ToD blocks
2024-03-17,RUGBYR1,-7.8880663276148155,ToD blocks
2024-03-24,RUGBYR1,-7.0591370866024405,ToD blocks
2024-03-31,RUGBYR1,-17.898689978068653,ToD blocks
2024-04-07,RUGBYR1,-6.740485593805204,ToD blocks
2024-04-14,RUGBYR1,-11.11914644229028,ToD blocks
2024-04-21,RUGBYR1,-14.382272739062863,ToD blocks
2024-04-28,RUGBYR1,-13.119359092640053,ToD blocks
2024-05-05,RUGBYR1,-19.124990129798036,ToD blocks
2024-05-12,RUGBYR1,-24.728557719192814,ToD blocks
2024-05-19,RUGBYR1,-14.343280030235679,ToD blocks
2024-05-26,RUGBYR1,-27.34074169813883,ToD blocks
2024-06-02,RUGBYR1,-25.84305738028784,ToD blocks
2024-06-09,RUGBYR1,-20.044932070812123,ToD blocks
2024-06-16,RUGBYR1,-21.068700971524578,ToD blocks
2024-06-23,RUGBYR1,-39.98190670629127,ToD blocks
2024-06-30,RUGBYR1,-24.711509250224054,ToD blocks
2024-07-07,RUGBYR1,-19.642956748417006,ToD blocks
2024-07-14,RUGBYR1,-26.501681104314798,ToD blocks
2024-07-21,RUGBYR1,-11.358820695566294,ToD blocks
2024-07-28,RUGBYR1,-21.59123317986984,ToD blocks
2024-08-04,RUGBYR1,-26.34891233928778,ToD blocks
2024-08-11,RUGBYR1,-4.210337118520272,ToD blocks
2024-08-18,RUGBYR1,-33.153475767573774,ToD blocks
2024-08-25,RUGBYR1,-6.278999079649195,ToD blocks
2024-09-01,RUGBYR1,-0.12251452430994147,ToD blocks
2024-09-08,RUGBYR1,-0.3556896993305898,ToD blocks
2024-09-15,RUGBYR1,-5.330803691490676,ToD blocks
2024-09-22,RUGBYR1,-2.396460105440692,ToD blocks
2024-09-29,RUGBYR1,-4.687019244108601,ToD blocks
2024-10-06,RUGBYR1,2.8361933031776587,ToD blocks
2024-10-13,RUGBYR1,-1.4961333454790555,ToD blocks
2024-10-20,RUGBYR1,-5.208797496832566,ToD blocks
2024-10-27,RUGBYR1,-0.4586518831070121,ToD blocks
2024-11-03,RUGBYR1,-11.31529670126018,ToD blocks
2024-11-10,RUGBYR1,-50.45693458846016,ToD blocks
2024-11-17,RUGBYR1,-13.035905276282776,ToD blocks
2024-11-24,RUGBYR1,-28.662088326429654,ToD blocks
2024-12-01,RUGBYR1,-13.424732582525394,ToD blocks
2024-12-08,RUGBYR1,23.494741949739876,ToD blocks
2024-12-15,RUGBYR1,4.188591581586493,ToD blocks
2024-12-22,RUGBYR1,-3.9943607460634496,ToD blocks
2024-12-29,RUGBYR1,-0.8068510447058106,ToD blocks
2025-01-05,RUGBYR1,-2.800088957023597,ToD blocks
2020-01-05,SMCSF1,0.5143960531661378,ToD blocks
2020-01-12,SMCSF1,-0.44987696994461857,ToD blocks
2020-01-19,SMCSF1,-0.8921998876887685,ToD blocks
2020-01-26,SMCSF1,1.243219219150987,ToD blocks
2020-02-02,SMCSF1,-5.639333670581067,ToD blocks
2020-02-09,SMCSF1,-0.21618847966271204,ToD blocks
2020-02-16,SMCSF1,-0.5003370139509329,ToD blocks
2020-02-23,SMCSF1,1.5716626429532,ToD blocks
2020-03-01,SMCSF1,-5.14523468655662,ToD blocks
2020-03-08,SMCSF1,-3.9195584229448386,ToD blocks
2020-03-15,SMCSF1,0.036755729369065904,ToD blocks
2020-03-22,SMCSF1,-2.2118316682812065,ToD blocks
2020-03-29,SMCSF1,-2.163002326061658,ToD blocks
2020-04-05,SMCSF1,-1.7652622475332507,ToD blocks
2020-04-12,SMCSF1,-3.0819075437684873,ToD blocks
2020-04-19,SMCSF1,-1.8791616813105065,ToD blocks
2020-04-26,SMCSF1,-1.7300255886741525,ToD blocks
2020-05-03,SMCSF1,17.738230470830295,ToD blocks
2020-05-10,SMCSF1,-2.887935271905153,ToD blocks
2020-05-17,SMCSF1,-2.807712316607404,ToD blocks
2020-05-24,SMCSF1,-6.614167141636834,ToD blocks
2020-05-31,SMCSF1,-2.0105223643455545,ToD blocks
2020-06-07,SMCSF1,-4.2056396269771845,ToD blocks
2020-06-14,SMCSF1,-3.6842983302258148,ToD blocks
2020-06-21,SMCSF1,-4.52860066683316,ToD blocks
2020-06-28,SMCSF1,-1.6842813595914095,ToD blocks
2020-07-05,SMCSF1,-0.5506560150523043,ToD blocks
2020-07-12,SMCSF1,,ToD blocks
2020-07-19,SMCSF1,-7.464199364941493,ToD blocks
2020-07-26,SMCSF1,-11.929451346925084,ToD blocks
2020-08-02,SMCSF1,2.451791083410832,ToD blocks
2020-08-09,SMCSF1,-0.24803188037136437,ToD blocks
2020-08-16,SMCSF1,6.7648621285957935,ToD blocks
2020-08-23,SMCSF1,5.378206143243057,ToD blocks
2020-08-30,SMCSF1,18.788314469504982,ToD blocks
2020-09-06,SMCSF1,0.078775271365771,ToD blocks
2020-09-13,SMCSF1,-1.7555200504631827,ToD blocks
2020-09-20,SMCSF1,-2.022744938636742,ToD blocks
2020-09-27,SMCSF1,2.8043994821488756,ToD blocks
2020-10-04,SMCSF1,0.08101177991405528,ToD blocks
2020-10-11,SMCSF1,5.004449985496617,ToD blocks
2020-10-18,SMCSF1,-3.7434078630466736,ToD blocks
2020-10-25,SMCSF1,7.734085203999566,ToD blocks
2020-11-01,SMCSF1,-6.247049237135997,ToD blocks
2020-11-08,SMCSF1,-4.584167700445118,ToD blocks
2020-11-15,SMCSF1,-3.544035603243998,ToD blocks
2020-11-22,SMCSF1,-34.0775024451642,ToD blocks
2020-11-29,SMCSF1,-18.30486958163982,ToD blocks
2020-12-06,SMCSF1,-18.908868030720093,ToD blocks
2020-12-13,SMCSF1,-2.0930403760501406,ToD blocks
2020-12-20,SMCSF1,-9.74164439162223,ToD blocks
2020-12-27,SMCSF1,2.6767019220659805,ToD blocks
2021-01-03,SMCSF1,2.4011245620240302,ToD blocks
2021-01-10,SMCSF1,-1.7581139647092172,ToD blocks
2021-01-17,SMCSF1,-3.1794500984014675,ToD blocks
2021-01-24,SMCSF1,113.98900518782852,ToD blocks
2021-01-31,SMCSF1,,ToD blocks
2021-02-07,SMCSF1,,ToD blocks
2021-02-14,SMCSF1,,ToD blocks
2021-02-21,SMCSF1,,ToD blocks
2021-02-28,SMCSF1,,ToD blocks
2021-03-07,SMCSF1,,ToD blocks
2021-03-14,SMCSF1,,ToD blocks
2021-03-21,SMCSF1,,ToD blocks
2021-03-28,SMCSF1,,ToD blocks
2021-04-04,SMCSF1,-5.391406554524654,ToD blocks
2021-04-11,SMCSF1,,ToD blocks
2021-04-18,SMCSF1,49.108344548498025,ToD blocks
2021-04-25,SMCSF1,,ToD blocks
2021-05-02,SMCSF1,,ToD blocks
2021-05-09,SMCSF1,,ToD blocks
2021-05-16,SMCSF1,,ToD blocks
2021-05-23,SMCSF1,,ToD blocks
2021-05-30,SMCSF1,,ToD blocks
2021-06-06,SMCSF1,,ToD blocks
2021-06-13,SMCSF1,,ToD blocks
2021-06-20,SMCSF1,14794.146739451802,ToD blocks
2021-06-27,SMCSF1,,ToD blocks
2021-07-04,SMCSF1,,ToD blocks
2021-07-11,SMCSF1,,ToD blocks
2021-07-18,SMCSF1,,ToD blocks
2021-07-25,SMCSF1,,ToD blocks
2021-08-01,SMCSF1,,ToD blocks
2021-08-08,SMCSF1,,ToD blocks
2021-08-15,SMCSF1,,ToD blocks
2021-08-22,SMCSF1,,ToD blocks
2021-08-29,SMCSF1,,ToD blocks
2021-09-05,SMCSF1,,ToD blocks
2021-09-12,SMCSF1,-6.487702684871842,ToD blocks
2021-09-19,SMCSF1,-23.771306013761148,ToD blocks
2021-09-26,SMCSF1,-6.62330565095367,ToD blocks
2021-10-03,SMCSF1,-2.295672434474902,ToD blocks
2021-10-10,SMCSF1,-9.667775449198835,ToD blocks
2021-10-17,SMCSF1,63.6342472845045,ToD blocks
2021-10-24,SMCSF1,-10.510269971766192,ToD blocks
2021-10-31,SMCSF1,-5.152191062409486,ToD blocks
2021-11-07,SMCSF1,-5.217123687233382,ToD blocks
2021-11-14,SMCSF1,73.69574642786421,ToD blocks
2021-11-21,SMCSF1,-14.539573127321503,ToD blocks
2021-11-28,SMCSF1,5.547049001533793,ToD blocks
2021-12-05,SMCSF1,-35.507020626354645,ToD blocks
2021-12-12,SMCSF1,-9.55171341397427,ToD blocks
2021-12-19,SMCSF1,-2.312120906569888,ToD blocks
2021-12-26,SMCSF1,-1.8404813266858042,ToD blocks
2022-01-02,SMCSF1,-0.7847342429415249,ToD blocks
2022-01-09,SMCSF1,-3.1061426186611953,ToD blocks
2022-01-16,SMCSF1,-6.152076371725684,ToD blocks
2022-01-23,SMCSF1,0.12746578745388604,ToD blocks
2022-01-30,SMCSF1,-15.380623591603907,ToD blocks
2022-02-06,SMCSF1,26.63155525289369,ToD blocks
2022-02-13,SMCSF1,-3.408203394834864,ToD blocks
2022-02-20,SMCSF1,-5.449681018791381,ToD blocks
2022-02-27,SMCSF1,0.4497793295138308,ToD blocks
2022-03-06,SMCSF1,-1.9883058730479775,ToD blocks
2022-03-13,SMCSF1,-9.343373661976997,ToD blocks
2022-03-20,SMCSF1,-10.306512208101864,ToD blocks
2022-03-27,SMCSF1,-13.95477718412225,ToD blocks
2022-04-03,SMCSF1,-9.701677661257563,ToD blocks
2022-04-10,SMCSF1,-38.19028858290159,ToD blocks
2022-04-17,SMCSF1,-14.007594164800125,ToD blocks
2022-04-24,SMCSF1,-26.72167920811721,ToD blocks
2022-05-01,SMCSF1,-2.543511517053048,ToD blocks
2022-05-08,SMCSF1,-48.523858510385566,ToD blocks
2022-05-15,SMCSF1,-42.00842371044649,ToD blocks
2022-05-22,SMCSF1,-29.015708096443177,ToD blocks
2022-05-29,SMCSF1,-30.369895512823234,ToD blocks
2022-06-05,SMCSF1,-75.24555260218091,ToD blocks
2022-06-12,SMCSF1,-157.43383567994516,ToD blocks
2022-06-19,SMCSF1,-3.5674840381976196,ToD blocks
2022-06-26,SMCSF1,-28.414147834649015,ToD blocks
2022-07-03,SMCSF1,-60.42534054483724,ToD blocks
2022-07-10,SMCSF1,-508.80710447946615,ToD blocks
2022-07-17,SMCSF1,-54.23948443461134,ToD blocks
2022-07-24,SMCSF1,-54.77496794922169,ToD blocks
2022-07-31,SMCSF1,-30.684047426957093,ToD blocks
2022-08-07,SMCSF1,-18.9418179118326,ToD blocks
2022-08-14,SMCSF1,-18.3179104756762,ToD blocks
2022-08-21,SMCSF1,-14.936909830781097,ToD blocks
2022-08-28,SMCSF1,-22.61144235282058,ToD blocks
2022-09-04,SMCSF1,-18.96473542189014,ToD blocks
2022-09-11,SMCSF1,-23.843205227852494,ToD blocks
2022-09-18,SMCSF1,-22.56065687727493,ToD blocks
2022-09-25,SMCSF1,-15.227488955366674,ToD blocks
2022-10-02,SMCSF1,-12.53762356414677,ToD blocks
2022-10-09,SMCSF1,-12.159093863321559,ToD blocks
2022-10-16,SMCSF1,-10.79647939212957,ToD blocks
2022-10-23,SMCSF1,-12.883384063733203,ToD blocks
2022-10-30,SMCSF1,-21.073855742946186,ToD blocks
2022-11-06,SMCSF1,-14.15905597569082,ToD blocks
2022-11-13,SMCSF1,-8.432790514999525,ToD blocks
2022-11-20,SMCSF1,-19.317985673865515,ToD blocks
2022-11-27,SMCSF1,-13.068056581852964,ToD blocks
2022-12-04,SMCSF1,-10.022725294273272,ToD blocks
2022-12-11,SMCSF1,-6.465763699640561,ToD blocks
2022-12-18,SMCSF1,-7.560840325525252,ToD blocks
2022-12-25,SMCSF1,-7.3506524925679315,ToD blocks
2023-01-01,SMCSF1,-3.2320215318927357,ToD blocks
2023-01-08,SMCSF1,-7.59599569941571,ToD blocks
2023-01-15,SMCSF1,-5.093590617913748,ToD blocks
2023-01-22,SMCSF1,-11.174511931349457,ToD blocks
2023-01-29,SMCSF1,-2.858035074136808,ToD blocks
2023-02-05,SMCSF1,-23.135851331573335,ToD blocks
2023-02-12,SMCSF1,-5.2787105419630365,ToD blocks
2023-02-19,SMCSF1,-8.054334337403048,ToD blocks
2023-02-26,SMCSF1,-13.999766904025762,ToD blocks
2023-03-05,SMCSF1,-2.451164298792044,ToD blocks
2023-03-12,SMCSF1,-0.9049762363855223,ToD blocks
2023-03-19,SMCSF1,-10.758417337779719,ToD blocks
2023-03-26,SMCSF1,-9.680460923461304,ToD blocks
2023-04-02,SMCSF1,-16.877745767515094,ToD blocks
2023-04-09,SMCSF1,-10.867277878691908,ToD blocks
2023-04-16,SMCSF1,-16.471283919996615,ToD blocks
2023-04-23,SMCSF1,-19.663306317732577,ToD blocks
2023-04-30,SMCSF1,-12.365705355721047,ToD blocks
2023-05-07,SMCSF1,-26.019679408431116,ToD blocks
2023-05-14,SMCSF1,-28.828369539690776,ToD blocks
2023-05-21,SMCSF1,-31.678211397036776,ToD blocks
2023-05-28,SMCSF1,-40.15106476972568,ToD blocks
2023-06-04,SMCSF1,-22.684893741088835,ToD blocks
2023-06-11,SMCSF1,-10.67866279087567,ToD blocks
2023-06-18,SMCSF1,-17.404203071268633,ToD blocks
2023-06-25,SMCSF1,-21.236955639213456,ToD blocks
2023-07-02,SMCSF1,-17.802012974652698,ToD blocks
2023-07-09,SMCSF1,-43.3281209963516,ToD blocks
2023-07-16,SMCSF1,-14.852808225983841,ToD blocks
2023-07-23,SMCSF1,-22.32425313988191,ToD blocks
2023-07-30,SMCSF1,-16.725810462078897,ToD blocks
2023-08-06,SMCSF1,-17.673952358291075,ToD blocks
2023-08-13,SMCSF1,-20.384433224086322,ToD blocks
2023-08-20,SMCSF1,-15.54345220250428,ToD blocks
2023-08-27,SMCSF1,-14.379659500059956,ToD blocks
2023-09-03,SMCSF1,-13.605462051278808,ToD blocks
2023-09-10,SMCSF1,-7.7921748522063154,ToD blocks
2023-09-17,SMCSF1,-13.773739629140138,ToD blocks
2023-09-24,SMCSF1,-8.586697553854263,ToD blocks
2023-10-01,SMCSF1,-7.049249601796824,ToD blocks
2023-10-08,SMCSF1,-9.127616729111601,ToD blocks
2023-10-15,SMCSF1,-9.115643350347092,ToD blocks
2023-10-22,SMCSF1,-11.39247126351637,ToD blocks
2023-10-29,SMCSF1,-10.211452696099535,ToD blocks
2023-11-05,SMCSF1,-6.84411933043337,ToD blocks
2023-11-12,SMCSF1,-7.24930569602485,ToD blocks
2023-11-19,SMCSF1,-9.367031320803576,ToD blocks
2023-11-26,SMCSF1,-1.9915040059782925,ToD blocks
2023-12-03,SMCSF1,-9.420031415161052,ToD blocks
2023-12-10,SMCSF1,-3.9837304795138095,ToD blocks
2023-12-17,SMCSF1,-8.728730785005837,ToD blocks
2023-12-24,SMCSF1,-0.7597684707492647,ToD blocks
2023-12-31,SMCSF1,-14.668230071777366,ToD blocks
2024-01-07,SMCSF1,-3.6328759804436395,ToD blocks
2024-01-14,SMCSF1,-3.2611276519275236,ToD blocks
2024-01-21,SMCSF1,-13.12291325692452,ToD blocks
2024-01-28,SMCSF1,-4.402465016316,ToD blocks
2024-02-04,SMCSF1,-14.681813288723362,ToD blocks
2024-02-11,SMCSF1,-5.659709659977246,ToD blocks
2024-02-18,SMCSF1,-2.53598911166344,ToD blocks
2024-02-25,SMCSF1,-25.06501813921365,ToD blocks
2024-03-03,SMCSF1,-16.359480043633937,ToD blocks
2024-03-10,SMCSF1,-5.508623343798455,ToD blocks
2024-03-17,SMCSF1,-8.35199254338481,ToD blocks
2024-03-24,SMCSF1,-9.440930934766719,ToD blocks
2024-03-31,SMCSF1,-17.670375792454475,ToD blocks
2024-04-07,SMCSF1,-9.84451369648616,ToD blocks
2024-04-14,SMCSF1,-13.188776461910233,ToD blocks
2024-04-21,SMCSF1,-18.181053166228132,ToD blocks
2024-04-28,SMCSF1,-19.867179599620325,ToD blocks
2024-05-05,SMCSF1,-17.970108412567832,ToD blocks
2024-05-12,SMCSF1,-24.17397680220628,ToD blocks
2024-05-19,SMCSF1,4.2992521929499325,ToD blocks
2024-05-26,SMCSF1,-29.005997790846187,ToD blocks
2024-06-02,SMCSF1,-24.76767451520972,ToD blocks
2024-06-09,SMCSF1,-26.612220872663784,ToD blocks
2024-06-16,SMCSF1,-25.758202227089704,ToD blocks
2024-06-23,SMCSF1,-39.13128161170967,ToD blocks
2024-06-30,SMCSF1,-27.19248148284405,ToD blocks
2024-07-07,SMCSF1,-16.84766180133076,ToD blocks
2024-07-14,SMCSF1,-24.910554543736147,ToD blocks
2024-07-21,SMCSF1,-11.484364084467702,ToD blocks
2024-07-28,SMCSF1,-20.12150851724229,ToD blocks
2024-08-04,SMCSF1,-37.47795919979683,ToD blocks
2024-08-11,SMCSF1,-17.6426478993136,ToD blocks
2024-08-18,SMCSF1,-3.4682643473609716,ToD blocks
2024-08-25,SMCSF1,-14.32456985410956,ToD blocks
2024-09-01,SMCSF1,-2.6190765595141237,ToD blocks
2024-09-08,SMCSF1,-8.188547511282945,ToD blocks
2024-09-15,SMCSF1,-8.936732713163947,ToD blocks
2024-09-22,SMCSF1,-10.579319331844975,ToD blocks
2024-09-29,SMCSF1,-4.70318144351096,ToD blocks
2024-10-06,SMCSF1,-2.2028300146644213,ToD blocks
2024-10-13,SMCSF1,-4.0000808796274345,ToD blocks
2024-10-20,SMCSF1,-7.415184311482623,ToD blocks
2024-10-27,SMCSF1,-5.7815727917785775,ToD blocks
2024-11-03,SMCSF1,-11.024698212358544,ToD blocks
2024-11-10,SMCSF1,-63.809442233347454,ToD blocks
2024-11-17,SMCSF1,-12.144888634818756,ToD blocks
2024-11-24,SMCSF1,-18.275127735125267,ToD blocks
2024-12-01,SMCSF1,-13.667916840344894,ToD blocks
2024-12-08,SMCSF1,-16.83428063481719,ToD blocks
2024-12-15,SMCSF1,-10.361299631034456,ToD blocks
2024-12-22,SMCSF1,-0.8481446870221987,ToD blocks
2024-12-29,SMCSF1,17.93599304676384,ToD blocks
2025-01-05,SMCSF1,-7.437587662964436,ToD blocks
2020-01-05,SRSF1,2.3815118493058947,ToD blocks
2020-01-12,SRSF1,1.066874420231457,ToD blocks
2020-01-19,SRSF1,-0.6403613017265926,ToD blocks
2020-01-26,SRSF1,-0.36508735008159476,ToD blocks
2020-02-02,SRSF1,18.4516632724833,ToD blocks
2020-02-09,SRSF1,1.0456102371540297,ToD blocks
2020-02-16,SRSF1,-1.9809385007344957,ToD blocks
2020-02-23,SRSF1,-0.5223430257857089,ToD blocks
2020-03-01,SRSF1,-3.9268737005155856,ToD blocks
2020-03-08,SRSF1,-0.9423731174103551,ToD blocks
2020-03-15,SRSF1,-9.134396519230293,ToD blocks
2020-03-22,SRSF1,-2.0631420826952436,ToD blocks
2020-03-29,SRSF1,-1.8913576640432197,ToD blocks
2020-04-05,SRSF1,-3.31589810110259,ToD blocks
2020-04-12,SRSF1,-3.2382123329425916,ToD blocks
2020-04-19,SRSF1,-2.4367429292967735,ToD blocks
2020-04-26,SRSF1,-1.8146679404057195,ToD blocks
2020-05-03,SRSF1,22.68081431054473,ToD blocks
2020-05-10,SRSF1,-1.6850454839587528,ToD blocks
2020-05-17,SRSF1,-3.6262615656475106,ToD blocks
2020-05-24,SRSF1,-10.934921599721815,ToD blocks
2020-05-31,SRSF1,-5.370502364016435,ToD blocks
2020-06-07,SRSF1,-5.480762417747762,ToD blocks
2020-06-14,SRSF1,-5.852684445855264,ToD blocks
2020-06-21,SRSF1,1.1193240590079334,ToD blocks
2020-06-28,SRSF1,-1.161483602600569,ToD blocks
2020-07-05,SRSF1,-5.370622263119637,ToD blocks
2020-07-12,SRSF1,-2.4848334930974048,ToD blocks
2020-07-19,SRSF1,-7.121334685808019,ToD blocks
2020-07-26,SRSF1,-8.73014309781777,ToD blocks
2020-08-02,SRSF1,-3.741346107952065,ToD blocks
2020-08-09,SRSF1,-6.018942974437554,ToD blocks
2020-08-16,SRSF1,-3.0474482882291136,ToD blocks
2020-08-23,SRSF1,-4.3039418508661855,ToD blocks
2020-08-30,SRSF1,-4.17439352996966,ToD blocks
2020-09-06,SRSF1,-5.882737735231198,ToD blocks
2020-09-13,SRSF1,-3.0886303588547417,ToD blocks
2020-09-20,SRSF1,-4.187002615429564,ToD blocks
2020-09-27,SRSF1,-6.994982687981519,ToD blocks
2020-10-04,SRSF1,-3.884724907622906,ToD blocks
2020-10-11,SRSF1,-2.984527359757344,ToD blocks
2020-10-18,SRSF1,-0.6359335407643769,ToD blocks
2020-10-25,SRSF1,-3.6077261275965924,ToD blocks
2020-11-01,SRSF1,-5.4627759964048295,ToD blocks
2020-11-08,SRSF1,-1.958297225250142,ToD blocks
2020-11-15,SRSF1,-1.411133149718065,ToD blocks
2020-11-22,SRSF1,13.531147135029357,ToD blocks
2020-11-29,SRSF1,-3.607096541445266,ToD blocks
2020-12-06,SRSF1,0.4268653354559646,ToD blocks
2020-12-13,SRSF1,-1.844984167051365,ToD blocks
2020-12-20,SRSF1,8.931688175264568,ToD blocks
2020-12-27,SRSF1,1.205030838310087,ToD blocks
2021-01-03,SRSF1,-3.5529347635233464,ToD blocks
2021-01-10,SRSF1,1.77990711613689,ToD blocks
2021-01-17,SRSF1,0.2432253561652189,ToD blocks
2021-01-24,SRSF1,-16.08775323850616,ToD blocks
2021-01-31,SRSF1,-0.8347076541080014,ToD blocks
2021-02-07,SRSF1,-0.9424828007589312,ToD blocks
2021-02-14,SRSF1,-0.9527614530532418,ToD blocks
2021-02-21,SRSF1,-1.9597994076407481,ToD blocks
2021-02-28,SRSF1,-0.7712600849624636,ToD blocks
2021-03-07,SRSF1,-2.012843623005871,ToD blocks
2021-03-14,SRSF1,-1.3686870113562861,ToD blocks
2021-03-21,SRSF1,-1.5707737456807394,ToD blocks
2021-03-28,SRSF1,-12.254222642184093,ToD blocks
2021-04-04,SRSF1,-4.897778245933036,ToD blocks
2021-04-11,SRSF1,-18.08291882770211,ToD blocks
2021-04-18,SRSF1,-6.241876068834433,ToD blocks
2021-04-25,SRSF1,-29.105264302046628,ToD blocks
2021-05-02,SRSF1,-8.97580680632098,ToD blocks
2021-05-09,SRSF1,1.06931081355539,ToD blocks
2021-05-16,SRSF1,-76.9260597424061,ToD blocks
2021-05-23,SRSF1,-34.10541426492238,ToD blocks
2021-05-30,SRSF1,-180.91815075050044,ToD blocks
2021-06-06,SRSF1,-82.4701343915814,ToD blocks
2021-06-13,SRSF1,-70.97208906112802,ToD blocks
2021-06-20,SRSF1,-40.26338597607577,ToD blocks
2021-06-27,SRSF1,-45.044752212331204,ToD blocks
2021-07-04,SRSF1,-93.97767457516952,ToD blocks
2021-07-11,SRSF1,-29.631593698027416,ToD blocks
2021-07-18,SRSF1,-21.18389279584764,ToD blocks
2021-07-25,SRSF1,-67.9041177190943,ToD blocks
2021-08-01,SRSF1,-12.446584381476892,ToD blocks
2021-08-08,SRSF1,-6.176348060194108,ToD blocks
2021-08-15,SRSF1,-9.041689587040121,ToD blocks
2021-08-22,SRSF1,-8.86375833747772,ToD blocks
2021-08-29,SRSF1,-6.292754288919262,ToD blocks
2021-09-05,SRSF1,-10.822937132503522,ToD blocks
2021-09-12,SRSF1,-3.5135786157110473,ToD blocks
2021-09-19,SRSF1,-5.352240963781405,ToD blocks
2021-09-26,SRSF1,0.769854795309616,ToD blocks
2021-10-03,SRSF1,13.3532163804255,ToD blocks
2021-10-10,SRSF1,-5.258016627445956,ToD blocks
2021-10-17,SRSF1,28.519356756698286,ToD blocks
2021-10-24,SRSF1,-17.924656259439395,ToD blocks
2021-10-31,SRSF1,-7.846045924261418,ToD blocks
2021-11-07,SRSF1,-3.7851795662319816,ToD blocks
2021-11-14,SRSF1,22.958527479424617,ToD blocks
2021-11-21,SRSF1,2.2773077985601446,ToD blocks
2021-11-28,SRSF1,-8.638909676371519,ToD blocks
2021-12-05,SRSF1,-11.303477591154675,ToD blocks
2021-12-12,SRSF1,-7.312846425505647,ToD blocks
2021-12-19,SRSF1,-1.4486402615187473,ToD blocks
2021-12-26,SRSF1,-7.052830796806177,ToD blocks
2022-01-02,SRSF1,0.3257513485286836,ToD blocks
2022-01-09,SRSF1,-20.65005650414645,ToD blocks
2022-01-16,SRSF1,-7.708593965051293,ToD blocks
2022-01-23,SRSF1,-12.32656774637806,ToD blocks
2022-01-30,SRSF1,-7.754153345800248,ToD blocks
2022-02-06,SRSF1,-26.016486190965225,ToD blocks
2022-02-13,SRSF1,-2.054745293222382,ToD blocks
2022-02-20,SRSF1,-4.927139653747318,ToD blocks
2022-02-27,SRSF1,-9.248001599660611,ToD blocks
2022-03-06,SRSF1,-8.155159172469268,ToD blocks
2022-03-13,SRSF1,-19.101533103158204,ToD blocks
2022-03-20,SRSF1,-5.829759428756589,ToD blocks
2022-03-27,SRSF1,-8.00516124069128,ToD blocks
2022-04-03,SRSF1,-16.08870534545568,ToD blocks
2022-04-10,SRSF1,-34.39595145390845,ToD blocks
2022-04-17,SRSF1,-16.16736227551621,ToD blocks
2022-04-24,SRSF1,-24.841932396919077,ToD blocks
2022-05-01,SRSF1,-22.981883432114984,ToD blocks
2022-05-08,SRSF1,-56.90636638092025,ToD blocks
2022-05-15,SRSF1,-55.373361741589065,ToD blocks
2022-05-22,SRSF1,-30.982865299406456,ToD blocks
2022-05-29,SRSF1,-39.28164808758399,ToD blocks
2022-06-05,SRSF1,-84.00678595119166,ToD blocks
2022-06-12,SRSF1,-172.05723983137034,ToD blocks
2022-06-19,SRSF1,-8.595867931995713,ToD blocks
2022-06-26,SRSF1,-48.572777995443374,ToD blocks
2022-07-03,SRSF1,-73.42246989788043,ToD blocks
2022-07-10,SRSF1,-488.98152982623674,ToD blocks
2022-07-17,SRSF1,-96.19531147386189,ToD blocks
2022-07-24,SRSF1,-99.14176872680159,ToD blocks
2022-07-31,SRSF1,-34.778200040122385,ToD blocks
2022-08-07,SRSF1,-17.726557242372166,ToD blocks
2022-08-14,SRSF1,-28.87169696183443,ToD blocks
2022-08-21,SRSF1,-13.992421223312224,ToD blocks
2022-08-28,SRSF1,-23.869069791271613,ToD blocks
2022-09-04,SRSF1,-24.66006367621823,ToD blocks
2022-09-11,SRSF1,-31.95045093472617,ToD blocks
2022-09-18,SRSF1,-35.57662546015127,ToD blocks
2022-09-25,SRSF1,-40.5974232602884,ToD blocks
2022-10-02,SRSF1,-15.78413671174151,ToD blocks
2022-10-09,SRSF1,-37.28877253715669,ToD blocks
2022-10-16,SRSF1,-21.79468530625094,ToD blocks
2022-10-23,SRSF1,-11.665048692458555,ToD blocks
2022-10-30,SRSF1,-21.894021119104877,ToD blocks
2022-11-06,SRSF1,-22.291627923467367,ToD blocks
2022-11-13,SRSF1,-4.766468290376743,ToD blocks
2022-11-20,SRSF1,-19.291123668366126,ToD blocks
2022-11-27,SRSF1,-12.226270367543506,ToD blocks
2022-12-04,SRSF1,-26.93375516298994,ToD blocks
2022-12-11,SRSF1,-3.176538004550906,ToD blocks
2022-12-18,SRSF1,-3.6367470208002075,ToD blocks
2022-12-25,SRSF1,-8.709216395793355,ToD blocks
2023-01-01,SRSF1,-3.5476684375021765,ToD blocks
2023-01-08,SRSF1,-6.43444921891065,ToD blocks
2023-01-15,SRSF1,-5.05445486293776,ToD blocks
2023-01-22,SRSF1,-14.205532798153882,ToD blocks
2023-01-29,SRSF1,-5.470093923655185,ToD blocks
2023-02-05,SRSF1,-9.044620056624865,ToD blocks
2023-02-12,SRSF1,-12.03937853922941,ToD blocks
2023-02-19,SRSF1,-9.44519926997122,ToD blocks
2023-02-26,SRSF1,-17.930451509503403,ToD blocks
2023-03-05,SRSF1,-5.0448796407528675,ToD blocks
2023-03-12,SRSF1,-9.032958644260233,ToD blocks
2023-03-19,SRSF1,-20.479003085757157,ToD blocks
2023-03-26,SRSF1,-9.475038335407213,ToD blocks
2023-04-02,SRSF1,-7.467762480675944,ToD blocks
2023-04-09,SRSF1,-7.819972300321652,ToD blocks
2023-04-16,SRSF1,-13.220614957582063,ToD blocks
2023-04-23,SRSF1,-17.080909335862202,ToD blocks
2023-04-30,SRSF1,-19.80077869871932,ToD blocks
2023-05-07,SRSF1,-30.60635991816779,ToD blocks
2023-05-14,SRSF1,-34.31959660743861,ToD blocks
2023-05-21,SRSF1,-38.55451482961567,ToD blocks
2023-05-28,SRSF1,-47.71227104346077,ToD blocks
2023-06-04,SRSF1,-25.757519241186912,ToD blocks
2023-06-11,SRSF1,-19.93255424347263,ToD blocks
2023-06-18,SRSF1,-17.849027930002563,ToD blocks
2023-06-25,SRSF1,-30.900864530026,ToD blocks
2023-07-02,SRSF1,-27.987340537724364,ToD blocks
2023-07-09,SRSF1,-52.082148942482945,ToD blocks
2023-07-16,SRSF1,-18.11191247431545,ToD blocks
2023-07-23,SRSF1,-25.376734743732662,ToD blocks
2023-07-30,SRSF1,-31.85974488528506,ToD blocks
2023-08-06,SRSF1,-18.329069995241735,ToD blocks
2023-08-13,SRSF1,-26.69223622830246,ToD blocks
2023-08-20,SRSF1,-22.779160655290983,ToD blocks
2023-08-27,SRSF1,-18.664189444111194,ToD blocks
2023-09-03,SRSF1,-14.562309943398965,ToD blocks
2023-09-10,SRSF1,-13.3525387725978,ToD blocks
2023-09-17,SRSF1,-9.225413960865254,ToD blocks
2023-09-24,SRSF1,-9.350837461624371,ToD blocks
2023-10-01,SRSF1,-7.180447120460457,ToD blocks
2023-10-08,SRSF1,-11.985798836573927,ToD blocks
2023-10-15,SRSF1,-10.012321864941573,ToD blocks
2023-10-22,SRSF1,-8.007731983822582,ToD blocks
2023-10-29,SRSF1,-9.500052939021248,ToD blocks
2023-11-05,SRSF1,-8.457569276771206,ToD blocks
2023-11-12,SRSF1,-8.67006202627562,ToD blocks
2023-11-19,SRSF1,-6.17920537999127,ToD blocks
2023-11-26,SRSF1,-12.30146630989735,ToD blocks
2023-12-03,SRSF1,-20.669559770120177,ToD blocks
2023-12-10,SRSF1,-0.989897038794787,ToD blocks
2023-12-17,SRSF1,-1.058430271505138,ToD blocks
2023-12-24,SRSF1,-7.460783654056463,ToD blocks
2023-12-31,SRSF1,-5.45681755211416,ToD blocks
2024-01-07,SRSF1,-5.365745318530205,ToD blocks
2024-01-14,SRSF1,-5.370103791316538,ToD blocks
2024-01-21,SRSF1,-30.229591433567293,ToD blocks
2024-01-28,SRSF1,-6.748428799574583,ToD blocks
2024-02-04,SRSF1,-35.101287435589214,ToD blocks
2024-02-11,SRSF1,-6.43535697169802,ToD blocks
2024-02-18,SRSF1,-19.641898959098384,ToD blocks
2024-02-25,SRSF1,-3.958969558133532,ToD blocks
2024-03-03,SRSF1,-28.19620053600365,ToD blocks
2024-03-10,SRSF1,-14.328522901727368,ToD blocks
2024-03-17,SRSF1,-10.493537683767464,ToD blocks
2024-03-24,SRSF1,-7.486328849549011,ToD blocks
2024-03-31,SRSF1,-27.90651013608219,ToD blocks
2024-04-07,SRSF1,-11.45574591984682,ToD blocks
2024-04-14,SRSF1,-17.599318763198852,ToD blocks
2024-04-21,SRSF1,-20.718481689666675,ToD blocks
2024-04-28,SRSF1,-22.618818580803882,ToD blocks
2024-05-05,SRSF1,-29.0478074570679,ToD blocks
2024-05-12,SRSF1,-28.882843649531587,ToD blocks
2024-05-19,SRSF1,-12.866832857755718,ToD blocks
2024-05-26,SRSF1,-40.4553574377905,ToD blocks
2024-06-02,SRSF1,-32.932485303323226,ToD blocks
2024-06-09,SRSF1,-31.526975015221463,ToD blocks
2024-06-16,SRSF1,-30.48310300872402,ToD blocks
2024-06-23,SRSF1,-58.69643800027464,ToD blocks
2024-06-30,SRSF1,-31.875904900877266,ToD blocks
2024-07-07,SRSF1,-33.83059170525588,ToD blocks
2024-07-14,SRSF1,-35.36147506814665,ToD blocks
2024-07-21,SRSF1,-17.442973670447664,ToD blocks
2024-07-28,SRSF1,-25.73313353278174,ToD blocks
2024-08-04,SRSF1,-31.09035930016343,ToD blocks
2024-08-11,SRSF1,-45.48011263716974,ToD blocks
2024-08-18,SRSF1,-40.43518128450788,ToD blocks
2024-08-25,SRSF1,-13.343851748344868,ToD blocks
2024-09-01,SRSF1,-6.4631734126172455,ToD blocks
2024-09-08,SRSF1,-8.282548997478823,ToD blocks
2024-09-15,SRSF1,-7.258965417156053,ToD blocks
2024-09-22,SRSF1,-1.8949668859269302,ToD blocks
2024-09-29,SRSF1,-5.630573992271086,ToD blocks
2024-10-06,SRSF1,0.6142115128520782,ToD blocks
2024-10-13,SRSF1,0.850785267240731,ToD blocks
2024-10-20,SRSF1,1.120664076310533,ToD blocks
2024-10-27,SRSF1,1.4856488225188245,ToD blocks
2024-11-03,SRSF1,2.9594593468549273,ToD blocks
2024-11-10,SRSF1,-27.480311611708345,ToD blocks
2024-11-17,SRSF1,-6.058505180101591,ToD blocks
2024-11-24,SRSF1,-10.56660752033634,ToD blocks
2024-12-01,SRSF1,1.104568024724756,ToD blocks
2024-12-08,SRSF1,-9.861052613789056,ToD blocks
2024-12-15,SRSF1,-0.22196228795309025,ToD blocks
2024-12-22,SRSF1,-28.051864447430304,ToD blocks
2024-12-29,SRSF1,12.102056261514814,ToD blocks
2025-01-05,SRSF1,-2.0182819389297464,ToD blocks
2020-01-05,WHITSF1,-9.9759463264026,ToD blocks
2020-01-12,WHITSF1,-1.410480281714598,ToD blocks
2020-01-19,WHITSF1,-2.111596208670413,ToD blocks
2020-01-26,WHITSF1,-3.1510347936132064,ToD blocks
2020-02-02,WHITSF1,8.25670988085858,ToD blocks
2020-02-09,WHITSF1,-1.1866895900679495,ToD blocks
2020-02-16,WHITSF1,-2.052627208691625,ToD blocks
2020-02-23,WHITSF1,-3.691718976466163,ToD blocks
2020-03-01,WHITSF1,-4.524207316395113,ToD blocks
2020-03-08,WHITSF1,-4.092367898664072,ToD blocks
2020-03-15,WHITSF1,-0.6474381494524657,ToD blocks
2020-03-22,WHITSF1,-3.122264359798134,ToD blocks
2020-03-29,WHITSF1,-1.1862864172491925,ToD blocks
2020-04-05,WHITSF1,-0.9632785275446949,ToD blocks
2020-04-12,WHITSF1,-2.06073998895722,ToD blocks
2020-04-19,WHITSF1,-2.1394783842418015,ToD blocks
2020-04-26,WHITSF1,-0.276131931603814,ToD blocks
2020-05-03,WHITSF1,18.304846975653636,ToD blocks
2020-05-10,WHITSF1,-0.4870640124180383,ToD blocks
2020-05-17,WHITSF1,-3.7243628168440246,ToD blocks
2020-05-24,WHITSF1,-7.298568870524253,ToD blocks
2020-05-31,WHITSF1,3.0580089236684564,ToD blocks
2020-06-07,WHITSF1,0.43208590344209696,ToD blocks
2020-06-14,WHITSF1,-3.095845549334136,ToD blocks
2020-06-21,WHITSF1,-3.6551193657868914,ToD blocks
2020-06-28,WHITSF1,3.1878102894514058,ToD blocks
2020-07-05,WHITSF1,1.5910593687206465,ToD blocks
2020-07-12,WHITSF1,-3.4911410518977917,ToD blocks
2020-07-19,WHITSF1,-0.2709065380125253,ToD blocks
2020-07-26,WHITSF1,-7.421636963268114,ToD blocks
2020-08-02,WHITSF1,-1.400999311389139,ToD blocks
2020-08-09,WHITSF1,0.5673285521236018,ToD blocks
2020-08-16,WHITSF1,13.80450469847727,ToD blocks
2020-08-23,WHITSF1,8.839753892856457,ToD blocks
2020-08-30,WHITSF1,13.401522972238613,ToD blocks
2020-09-06,WHITSF1,9.547735768942681,ToD blocks
2020-09-13,WHITSF1,1.1273604414030558,ToD blocks
2020-09-20,WHITSF1,7.033002798123766,ToD blocks
2020-09-27,WHITSF1,15.54206743875585,ToD blocks
2020-10-04,WHITSF1,8.943745569033123,ToD blocks
2020-10-11,WHITSF1,4.434016426076976,ToD blocks
2020-10-18,WHITSF1,21.559698465037968,ToD blocks
2020-10-25,WHITSF1,0.891415707063473,ToD blocks
2020-11-01,WHITSF1,-6.097969764226981,ToD blocks
2020-11-08,WHITSF1,-1.872630040906813,ToD blocks
2020-11-15,WHITSF1,-1.398686415925571,ToD blocks
2020-11-22,WHITSF1,5.2686839060826856,ToD blocks
2020-11-29,WHITSF1,-8.129779265531596,ToD blocks
2020-12-06,WHITSF1,-1.0177590473232954,ToD blocks
2020-12-13,WHITSF1,-2.60744454148319,ToD blocks
2020-12-20,WHITSF1,-14.025506869823772,ToD blocks
2020-12-27,WHITSF1,3.716504483577147,ToD blocks
2021-01-03,WHITSF1,-4.759226703278088,ToD blocks
2021-01-10,WHITSF1,-3.076572089368632,ToD blocks
2021-01-17,WHITSF1,-5.769343012599471,ToD blocks
2021-01-24,WHITSF1,-20.622732508995128,ToD blocks
2021-01-31,WHITSF1,-0.5324211971827424,ToD blocks
2021-02-07,WHITSF1,-0.8538129091193909,ToD blocks
2021-02-14,WHITSF1,-2.3019446622250612,ToD blocks
2021-02-21,WHITSF1,-3.209852241279542,ToD blocks
2021-02-28,WHITSF1,-11.355705035597182,ToD blocks
2021-03-07,WHITSF1,-10.22260485618514,ToD blocks
2021-03-14,WHITSF1,1.1645549263861383,ToD blocks
2021-03-21,WHITSF1,-2.7644035066771835,ToD blocks
2021-03-28,WHITSF1,-0.015469488156824696,ToD blocks
2021-04-04,WHITSF1,-1.4192231458022846,ToD blocks
2021-04-11,WHITSF1,15.819512582568045,ToD blocks
2021-04-18,WHITSF1,2.4606352910237987,ToD blocks
2021-04-25,WHITSF1,-38.13100363646603,ToD blocks
2021-05-02,WHITSF1,1.2706273491523632,ToD blocks
2021-05-09,WHITSF1,3.751034903117045,ToD blocks
2021-05-16,WHITSF1,5.641464404449465,ToD blocks
2021-05-23,WHITSF1,-13.453641562320584,ToD blocks
2021-05-30,WHITSF1,-241.50973796374203,ToD blocks
2021-06-06,WHITSF1,-71.3465192263044,ToD blocks
2021-06-13,WHITSF1,-69.32530088470281,ToD blocks
2021-06-20,WHITSF1,-62.60033922855463,ToD blocks
2021-06-27,WHITSF1,-33.95129112441768,ToD blocks
2021-07-04,WHITSF1,-68.11850728542285,ToD blocks
2021-07-11,WHITSF1,-25.401452146048754,ToD blocks
2021-07-18,WHITSF1,-14.245470608638485,ToD blocks
2021-07-25,WHITSF1,-46.27390536584598,ToD blocks
2021-08-01,WHITSF1,-1.9045555531987475,ToD blocks
2021-08-08,WHITSF1,-3.168294380636766,ToD blocks
2021-08-15,WHITSF1,3.0752092443515266,ToD blocks
2021-08-22,WHITSF1,13.938015378657784,ToD blocks
2021-08-29,WHITSF1,9.304906752565063,ToD blocks
2021-09-05,WHITSF1,-1.0418674524583054,ToD blocks
2021-09-12,WHITSF1,24.184604442578344,ToD blocks
2021-09-19,WHITSF1,7.896025754495753,ToD blocks
2021-09-26,WHITSF1,51.11389793860964,ToD blocks
2021-10-03,WHITSF1,54.07014813476236,ToD blocks
2021-10-10,WHITSF1,81.09081928419788,ToD blocks
2021-10-17,WHITSF1,55.404705254324085,ToD blocks
2021-10-24,WHITSF1,-12.889868989873086,ToD blocks
2021-10-31,WHITSF1,-2.3264844486924545,ToD blocks
2021-11-07,WHITSF1,4.204230786708564,ToD blocks
2021-11-14,WHITSF1,-14.107794805894969,ToD blocks
2021-11-21,WHITSF1,24.913364031449447,ToD blocks
2021-11-28,WHITSF1,10.876299143823545,ToD blocks
2021-12-05,WHITSF1,-0.06814396721865279,ToD blocks
2021-12-12,WHITSF1,-24.080205594754155,ToD blocks
2021-12-19,WHITSF1,-4.98023878707027,ToD blocks
2021-12-26,WHITSF1,-5.014143841471579,ToD blocks
2022-01-02,WHITSF1,3.5896369679543128,ToD blocks
2022-01-09,WHITSF1,-11.387717084999778,ToD blocks
2022-01-16,WHITSF1,-10.553264848743439,ToD blocks
2022-01-23,WHITSF1,6.266348614354271,ToD blocks
2022-01-30,WHITSF1,-17.009075321034018,ToD blocks
2022-02-06,WHITSF1,89.62505964251852,ToD blocks
2022-02-13,WHITSF1,-4.619526826558726,ToD blocks
2022-02-20,WHITSF1,-10.511897206188266,ToD blocks
2022-02-27,WHITSF1,-1.6028211639635401,ToD blocks
2022-03-06,WHITSF1,-5.643931396903184,ToD blocks
2022-03-13,WHITSF1,-48.66064450914509,ToD blocks
2022-03-20,WHITSF1,-12.07156696041993,ToD blocks
2022-03-27,WHITSF1,-7.382733325195119,ToD blocks
2022-04-03,WHITSF1,-11.218320265739308,ToD blocks
2022-04-10,WHITSF1,-48.17071224783294,ToD blocks
2022-04-17,WHITSF1,-20.76799867785722,ToD blocks
2022-04-24,WHITSF1,-34.2067437498893,ToD blocks
2022-05-01,WHITSF1,-23.838643003169295,ToD blocks
2022-05-08,WHITSF1,-50.776419995847306,ToD blocks
2022-05-15,WHITSF1,-46.36042065770806,ToD blocks
2022-05-22,WHITSF1,-29.98226361922326,ToD blocks
2022-05-29,WHITSF1,-28.23551357346321,ToD blocks
2022-06-05,WHITSF1,-41.01604091640337,ToD blocks
2022-06-12,WHITSF1,-158.53538391253022,ToD blocks
2022-06-19,WHITSF1,-4.113136724779622,ToD blocks
2022-06-26,WHITSF1,-14.210494840936263,ToD blocks
2022-07-03,WHITSF1,6.639962485007743,ToD blocks
2022-07-10,WHITSF1,-495.0431919495611,ToD blocks
2022-07-17,WHITSF1,-27.715066669496622,ToD blocks
2022-07-24,WHITSF1,-51.33430813061449,ToD blocks
2022-07-31,WHITSF1,-21.09882995770765,ToD blocks
2022-08-07,WHITSF1,-16.76277658255131,ToD blocks
2022-08-14,WHITSF1,-8.314869771421343,ToD blocks
2022-08-21,WHITSF1,55.88372143095313,ToD blocks
2022-08-28,WHITSF1,17.480723931067395,ToD blocks
2022-09-04,WHITSF1,-19.433510660204476,ToD blocks
2022-09-11,WHITSF1,31.94158072665718,ToD blocks
2022-09-18,WHITSF1,45.95307832302446,ToD blocks
2022-09-25,WHITSF1,31.76878932947662,ToD blocks
2022-10-02,WHITSF1,3.0622873339215317,ToD blocks
2022-10-09,WHITSF1,-6.308298641331788,ToD blocks
2022-10-16,WHITSF1,-4.6836770333660525,ToD blocks
2022-10-23,WHITSF1,-15.78328884308391,ToD blocks
2022-10-30,WHITSF1,31.549834059674723,ToD blocks
2022-11-06,WHITSF1,24.97979510751817,ToD blocks
2022-11-13,WHITSF1,2.1011108501176423,ToD blocks
2022-11-20,WHITSF1,-12.100076209182916,ToD blocks
2022-11-27,WHITSF1,12.076419137186704,ToD blocks
2022-12-04,WHITSF1,37.07874636787791,ToD blocks
2022-12-11,WHITSF1,14.254842873269482,ToD blocks
2022-12-18,WHITSF1,24.72292357435341,ToD blocks
2022-12-25,WHITSF1,14.796782911069606,ToD blocks
2023-01-01,WHITSF1,19.517625839235386,ToD blocks
2023-01-08,WHITSF1,15.225547487587576,ToD blocks
2023-01-15,WHITSF1,-1.4461552993825961,ToD blocks
2023-01-22,WHITSF1,-2.832851986489821,ToD blocks
2023-01-29,WHITSF1,1.6656631969872393,ToD blocks
2023-02-05,WHITSF1,3.7915610795405144,ToD blocks
2023-02-12,WHITSF1,1.5549330187494093,ToD blocks
2023-02-19,WHITSF1,1.5444737777324704,ToD blocks
2023-02-26,WHITSF1,9.27145706872409,ToD blocks
2023-03-05,WHITSF1,3.0325898654926533,ToD blocks
2023-03-12,WHITSF1,-3.8582681146176157,ToD blocks
2023-03-19,WHITSF1,-8.690264119362325,ToD blocks
2023-03-26,WHITSF1,9.387154817579315,ToD blocks
2023-04-02,WHITSF1,29.628281285226805,ToD blocks
2023-04-09,WHITSF1,33.51007907492038,ToD blocks
2023-04-16,WHITSF1,32.90743833660926,ToD blocks
2023-04-23,WHITSF1,2.3573495923911096,ToD blocks
2023-04-30,WHITSF1,-10.514326270296223,ToD blocks
2023-05-07,WHITSF1,-0.8536231651143567,ToD blocks
2023-05-14,WHITSF1,-7.23505306884735,ToD blocks
2023-05-21,WHITSF1,-1.7040562965413528,ToD blocks
2023-05-28,WHITSF1,-28.946223941195754,ToD blocks
2023-06-04,WHITSF1,-16.082412935915414,ToD blocks
2023-06-11,WHITSF1,-11.395050122498212,ToD blocks
2023-06-18,WHITSF1,-1.3502631954817943,ToD blocks
2023-06-25,WHITSF1,-12.66508244950412,ToD blocks
2023-07-02,WHITSF1,19.444088768459103,ToD blocks
2023-07-09,WHITSF1,-2.574040845017734,ToD blocks
2023-07-16,WHITSF1,4.653082867359231,ToD blocks
2023-07-23,WHITSF1,12.174461084160335,ToD blocks
2023-07-30,WHITSF1,14.100740442040362,ToD blocks
2023-08-06,WHITSF1,20.615368720906318,ToD blocks
2023-08-13,WHITSF1,26.39665601902978,ToD blocks
2023-08-20,WHITSF1,37.16448502141061,ToD blocks
2023-08-27,WHITSF1,44.835858794731095,ToD blocks
2023-09-03,WHITSF1,35.474767932289,ToD blocks
2023-09-10,WHITSF1,27.73967255350084,ToD blocks
2023-09-17,WHITSF1,46.09661376603063,ToD blocks
2023-09-24,WHITSF1,47.03625658554519,ToD blocks
2023-10-01,WHITSF1,67.0809052501759,ToD blocks
2023-10-08,WHITSF1,33.450949253115354,ToD blocks
2023-10-15,WHITSF1,32.93334099803007,ToD blocks
2023-10-22,WHITSF1,28.17533435146077,ToD blocks
2023-10-29,WHITSF1,35.605649937785984,ToD blocks
2023-11-05,WHITSF1,25.126307702667372,ToD blocks
2023-11-12,WHITSF1,30.445303981920524,ToD blocks
2023-11-19,WHITSF1,58.202383753359015,ToD blocks
2023-11-26,WHITSF1,0.9072090336593135,ToD blocks
2023-12-03,WHITSF1,20.196299419463088,ToD blocks
2023-12-10,WHITSF1,20.018328623248326,ToD blocks
2023-12-17,WHITSF1,10.671825072558349,ToD blocks
2023-12-24,WHITSF1,5.3477421432221774,ToD blocks
2023-12-31,WHITSF1,24.157636185483923,ToD blocks
2024-01-07,WHITSF1,8.579547079263833,ToD blocks
2024-01-14,WHITSF1,-2.1358905939478277,ToD blocks
2024-01-21,WHITSF1,-36.048691409263554,ToD blocks
2024-01-28,WHITSF1,20.876764418635773,ToD blocks
2024-02-04,WHITSF1,14.983828928170652,ToD blocks
2024-02-11,WHITSF1,-6.101447750446404,ToD blocks
2024-02-18,WHITSF1,-11.00727837906954,ToD blocks
2024-02-25,WHITSF1,-28.947205429599435,ToD blocks
2024-03-03,WHITSF1,-36.3094459938156,ToD blocks
2024-03-10,WHITSF1,-8.191946389357433,ToD blocks
2024-03-17,WHITSF1,-8.356379264916797,ToD blocks
2024-03-24,WHITSF1,-9.862682703369998,ToD blocks
2024-03-31,WHITSF1,-11.743312899243456,ToD blocks
2024-04-07,WHITSF1,-6.739076018028683,ToD blocks
2024-04-14,WHITSF1,6.205730808495133,ToD blocks
2024-04-21,WHITSF1,-16.035865107501074,ToD blocks
2024-04-28,WHITSF1,-9.769738818894307,ToD blocks
2024-05-05,WHITSF1,-16.42465602328356,ToD blocks
2024-05-12,WHITSF1,-20.536354069559646,ToD blocks
2024-05-19,WHITSF1,20.821294828398827,ToD blocks
2024-05-26,WHITSF1,-24.21079220976932,ToD blocks
2024-06-02,WHITSF1,-19.738583088233867,ToD blocks
2024-06-09,WHITSF1,-14.184411019924553,ToD blocks
2024-06-16,WHITSF1,-6.322072970502923,ToD blocks
2024-06-23,WHITSF1,-40.189818224814374,ToD blocks
2024-06-30,WHITSF1,-24.42248284003331,ToD blocks
2024-07-07,WHITSF1,-21.335914608843126,ToD blocks
2024-07-14,WHITSF1,-14.290924232221883,ToD blocks
2024-07-21,WHITSF1,1.4324219987687812,ToD blocks
2024-07-28,WHITSF1,-16.68924469917762,ToD blocks
2024-08-04,WHITSF1,-13.571647204796527,ToD blocks
2024-08-11,WHITSF1,-35.46359878917386,ToD blocks
2024-08-18,WHITSF1,5.043077439968371,ToD blocks
2024-08-25,WHITSF1,12.649804224794714,ToD blocks
2024-09-01,WHITSF1,11.355393726346474,ToD blocks
2024-09-08,WHITSF1,39.42949316820512,ToD blocks
2024-09-15,WHITSF1,29.344863268539033,ToD blocks
2024-09-22,WHITSF1,,ToD blocks
2024-09-29,WHITSF1,9.98778700281619,ToD blocks
2024-10-06,WHITSF1,22.674347139284794,ToD blocks
2024-10-13,WHITSF1,36.86493401559626,ToD blocks
2024-10-20,WHITSF1,39.603997779822315,ToD blocks
2024-10-27,WHITSF1,34.61804107367301,ToD blocks
2024-11-03,WHITSF1,48.5421255430376,ToD blocks
2024-11-10,WHITSF1,-46.68122006458198,ToD blocks
2024-11-17,WHITSF1,9.322053578487285,ToD blocks
2024-11-24,WHITSF1,-4.088618848438244,ToD blocks
2024-12-01,WHITSF1,1.4094553260903382,ToD blocks
2024-12-08,WHITSF1,-8.64291922270067,ToD blocks
2024-12-15,WHITSF1,-9.344761398829178,ToD blocks
2024-12-22,WHITSF1,-1.4755357131070355,ToD blocks
2024-12-29,WHITSF1,35.46524406402955,ToD blocks
2025-01-05,WHITSF1,-2.4037095286567336,ToD blocks
2020-01-05,CHILDSF1,8.909749481881335,Baseload
2020-01-12,CHILDSF1,-0.6403640384152283,Baseload
2020-01-19,CHILDSF1,-1.3378293131109018,Baseload
2020-01-26,CHILDSF1,-6.276790384266334,Baseload
2020-02-02,CHILDSF1,14.14311809359883,Baseload
2020-02-09,CHILDSF1,4.119919916553023,Baseload
2020-02-16,CHILDSF1,-2.2334857808836475,Baseload
2020-02-23,CHILDSF1,-1.8435827795812756,Baseload
2020-03-01,CHILDSF1,-2.740585968566066,Baseload
2020-03-08,CHILDSF1,-0.019649557051288014,Baseload
2020-03-15,CHILDSF1,-13.283244052351701,Baseload
2020-03-22,CHILDSF1,-8.832549745769814,Baseload
2020-03-29,CHILDSF1,-4.257790445947485,Baseload
2020-04-05,CHILDSF1,-9.25068524421986,Baseload
2020-04-12,CHILDSF1,-13.237528128882587,Baseload
2020-04-19,CHILDSF1,-9.762369791472764,Baseload
2020-04-26,CHILDSF1,-11.454721236144074,Baseload
2020-05-03,CHILDSF1,-3.224356564695478,Baseload
2020-05-10,CHILDSF1,-9.134401486086677,Baseload
2020-05-17,CHILDSF1,-10.577549615755114,Baseload
2020-05-24,CHILDSF1,-11.791624648658644,Baseload
2020-05-31,CHILDSF1,-13.783302197761262,Baseload
2020-06-07,CHILDSF1,-12.28074903159585,Baseload
2020-06-14,CHILDSF1,-12.919213825759353,Baseload
2020-06-21,CHILDSF1,-2.2491515973140146,Baseload
2020-06-28,CHILDSF1,-11.840672328417138,Baseload
2020-07-05,CHILDSF1,-12.480501536569776,Baseload
2020-07-12,CHILDSF1,-8.251402026923166,Baseload
2020-07-19,CHILDSF1,-17.23690132840558,Baseload
2020-07-26,CHILDSF1,-15.959465660928274,Baseload
2020-08-02,CHILDSF1,-12.583193211818497,Baseload
2020-08-09,CHILDSF1,-10.886660153958442,Baseload
2020-08-16,CHILDSF1,-17.666297948899697,Baseload
2020-08-23,CHILDSF1,-21.668122681871147,Baseload
2020-08-30,CHILDSF1,-28.950525649095614,Baseload
2020-09-06,CHILDSF1,-26.805933277071766,Baseload
2020-09-13,CHILDSF1,-14.636985270653058,Baseload
2020-09-20,CHILDSF1,-18.209918698117633,Baseload
2020-09-27,CHILDSF1,-24.68100670587034,Baseload
2020-10-04,CHILDSF1,-23.301568584211957,Baseload
2020-10-11,CHILDSF1,-22.79510289654953,Baseload
2020-10-18,CHILDSF1,-7.482700287759467,Baseload
2020-10-25,CHILDSF1,-15.352757484712843,Baseload
2020-11-01,CHILDSF1,-8.90126568498328,Baseload
2020-11-08,CHILDSF1,-16.179199417605716,Baseload
2020-11-15,CHILDSF1,-17.28438320904277,Baseload
2020-11-22,CHILDSF1,6.761144773368301,Baseload
2020-11-29,CHILDSF1,-9.378493265241211,Baseload
2020-12-06,CHILDSF1,0.6187489753741673,Baseload
2020-12-13,CHILDSF1,-4.722793452783137,Baseload
2020-12-20,CHILDSF1,25.19995139911279,Baseload
2020-12-27,CHILDSF1,-7.279710202645546,Baseload
2021-01-03,CHILDSF1,-10.859664684268285,Baseload
2021-01-10,CHILDSF1,2.2200539435674926,Baseload
2021-01-17,CHILDSF1,-6.290870955486042,Baseload
2021-01-24,CHILDSF1,-11.368033602678224,Baseload
2021-01-31,CHILDSF1,-4.371580764962438,Baseload
2021-02-07,CHILDSF1,-5.640079129595009,Baseload
2021-02-14,CHILDSF1,-7.66939166383505,Baseload
2021-02-21,CHILDSF1,-3.9919998597553956,Baseload
2021-02-28,CHILDSF1,-8.860732677023805,Baseload
2021-03-07,CHILDSF1,-13.932522885675894,Baseload
2021-03-14,CHILDSF1,-24.323614046925982,Baseload
2021-03-21,CHILDSF1,-0.10817916912387915,Baseload
2021-03-28,CHILDSF1,-22.1636793426596,Baseload
2021-04-04,CHILDSF1,-11.972627245637359,Baseload
2021-04-11,CHILDSF1,-10.594221059552154,Baseload
2021-04-18,CHILDSF1,-31.35702861382366,Baseload
2021-04-25,CHILDSF1,-39.781933747297344,Baseload
2021-05-02,CHILDSF1,-23.12313540359189,Baseload
2021-05-09,CHILDSF1,-0.2671536066353042,Baseload
2021-05-16,CHILDSF1,-32.547412538866695,Baseload
2021-05-23,CHILDSF1,-52.20145488860344,Baseload
2021-05-30,CHILDSF1,-233.86309263817816,Baseload
2021-06-06,CHILDSF1,-216.49884471730002,Baseload
2021-06-13,CHILDSF1,-170.3226893226481,Baseload
2021-06-20,CHILDSF1,-48.772653319430674,Baseload
2021-06-27,CHILDSF1,-61.62371437898186,Baseload
2021-07-04,CHILDSF1,-57.48494859894688,Baseload
2021-07-11,CHILDSF1,-67.85185791260662,Baseload
2021-07-18,CHILDSF1,-52.906512649660634,Baseload
2021-07-25,CHILDSF1,-152.35051627988838,Baseload
2021-08-01,CHILDSF1,-38.69680087257207,Baseload
2021-08-08,CHILDSF1,-27.55387335849577,Baseload
2021-08-15,CHILDSF1,-27.01874135581912,Baseload
2021-08-22,CHILDSF1,-38.30242740834135,Baseload
2021-08-29,CHILDSF1,-39.49093493724314,Baseload
2021-09-05,CHILDSF1,-37.14557646157084,Baseload
2021-09-12,CHILDSF1,-34.89253348142972,Baseload
2021-09-19,CHILDSF1,-22.66937951251085,Baseload
2021-09-26,CHILDSF1,-36.166408979232926,Baseload
2021-10-03,CHILDSF1,-23.421610091487324,Baseload
2021-10-10,CHILDSF1,-38.28381996587755,Baseload
2021-10-17,CHILDSF1,-23.964591286533377,Baseload
2021-10-24,CHILDSF1,-45.00425537493563,Baseload
2021-10-31,CHILDSF1,-30.934098267025398,Baseload
2021-11-07,CHILDSF1,-28.77264695684935,Baseload
2021-11-14,CHILDSF1,-12.85090670485539,Baseload
2021-11-21,CHILDSF1,-7.036945107012187,Baseload
2021-11-28,CHILDSF1,-12.582041783996537,Baseload
2021-12-05,CHILDSF1,-20.698708213589455,Baseload
2021-12-12,CHILDSF1,-107.79376030300058,Baseload
2021-12-19,CHILDSF1,-28.21662838734749,Baseload
2021-12-26,CHILDSF1,-117.16653280601913,Baseload
2022-01-02,CHILDSF1,-22.906304537180333,Baseload
2022-01-09,CHILDSF1,-36.49512246286022,Baseload
2022-01-16,CHILDSF1,-46.792923689446724,Baseload
2022-01-23,CHILDSF1,-10.397986641958425,Baseload
2022-01-30,CHILDSF1,-23.662957878766562,Baseload
2022-02-06,CHILDSF1,-312.1367837536013,Baseload
2022-02-13,CHILDSF1,-19.31883900234218,Baseload
2022-02-20,CHILDSF1,-18.501487729684015,Baseload
2022-02-27,CHILDSF1,12.995020649882477,Baseload
2022-03-06,CHILDSF1,-24.707927793418577,Baseload
2022-03-13,CHILDSF1,-197.20502400876137,Baseload
2022-03-20,CHILDSF1,-30.2576257750557,Baseload
2022-03-27,CHILDSF1,-22.558310238464543,Baseload
2022-04-03,CHILDSF1,-75.05189532056733,Baseload
2022-04-10,CHILDSF1,-79.6474142976277,Baseload
2022-04-17,CHILDSF1,-59.90734179964382,Baseload
2022-04-24,CHILDSF1,-77.62932857430182,Baseload
2022-05-01,CHILDSF1,-108.33992084964444,Baseload
2022-05-08,CHILDSF1,-239.3795824059146,Baseload
2022-05-15,CHILDSF1,-63.61131337175715,Baseload
2022-05-22,CHILDSF1,-38.972983781080416,Baseload
2022-05-29,CHILDSF1,-85.54502147733913,Baseload
2022-06-05,CHILDSF1,-169.11830821503406,Baseload
2022-06-12,CHILDSF1,-429.12039984839697,Baseload
2022-06-19,CHILDSF1,-21.81582973539784,Baseload
2022-06-26,CHILDSF1,-112.01837472639207,Baseload
2022-07-03,CHILDSF1,-79.30058440858176,Baseload
2022-07-10,CHILDSF1,-409.78945661523466,Baseload
2022-07-17,CHILDSF1,-267.6228072835141,Baseload
2022-07-24,CHILDSF1,-171.23627366319408,Baseload
2022-07-31,CHILDSF1,-129.0590526551661,Baseload
2022-08-07,CHILDSF1,-64.5985658561237,Baseload
2022-08-14,CHILDSF1,-83.62672076394547,Baseload
2022-08-21,CHILDSF1,-117.90672995203983,Baseload
2022-08-28,CHILDSF1,-85.12964758444969,Baseload
2022-09-04,CHILDSF1,-50.29872660793929,Baseload
2022-09-11,CHILDSF1,-93.7683791619879,Baseload
2022-09-18,CHILDSF1,-132.62375394549136,Baseload
2022-09-25,CHILDSF1,-102.88170994981459,Baseload
2022-10-02,CHILDSF1,-61.82713949588418,Baseload
2022-10-09,CHILDSF1,-63.73383452288709,Baseload
2022-10-16,CHILDSF1,-83.5178114388039,Baseload
2022-10-23,CHILDSF1,-34.41756227358985,Baseload
2022-10-30,CHILDSF1,-86.39918947729846,Baseload
2022-11-06,CHILDSF1,-73.84786172251661,Baseload
2022-11-13,CHILDSF1,-52.07191960691059,Baseload
2022-11-20,CHILDSF1,-77.30667165131787,Baseload
2022-11-27,CHILDSF1,-73.10399180054372,Baseload
2022-12-04,CHILDSF1,-74.89654605619984,Baseload
2022-12-11,CHILDSF1,-73.05444863494408,Baseload
2022-12-18,CHILDSF1,-67.02640939227278,Baseload
2022-12-25,CHILDSF1,-51.02230001499582,Baseload
2023-01-01,CHILDSF1,-47.51192069250803,Baseload
2023-01-08,CHILDSF1,-47.761043989673546,Baseload
2023-01-15,CHILDSF1,-28.64661699244286,Baseload
2023-01-22,CHILDSF1,-38.445638464995326,Baseload
2023-01-29,CHILDSF1,-35.53910108768089,Baseload
2023-02-05,CHILDSF1,-59.240427659484936,Baseload
2023-02-12,CHILDSF1,-42.00779734940736,Baseload
2023-02-19,CHILDSF1,-39.10977426822932,Baseload
2023-02-26,CHILDSF1,-31.545498468594246,Baseload
2023-03-05,CHILDSF1,-41.43015498978098,Baseload
2023-03-12,CHILDSF1,-21.104816106579307,Baseload
2023-03-19,CHILDSF1,-105.6873501963102,Baseload
2023-03-26,CHILDSF1,-41.318861945132376,Baseload
2023-04-02,CHILDSF1,-38.18384460235555,Baseload
2023-04-09,CHILDSF1,-54.344507699794804,Baseload
2023-04-16,CHILDSF1,-91.54092965380234,Baseload
2023-04-23,CHILDSF1,-60.70172432187578,Baseload
2023-04-30,CHILDSF1,-57.68495455842648,Baseload
2023-05-07,CHILDSF1,-86.3805024119612,Baseload
2023-05-14,CHILDSF1,-94.05881953312387,Baseload
2023-05-21,CHILDSF1,-101.6259069916608,Baseload
2023-05-28,CHILDSF1,-183.55688654507233,Baseload
2023-06-04,CHILDSF1,-96.5136864552556,Baseload
2023-06-11,CHILDSF1,-36.83131273912327,Baseload
2023-06-18,CHILDSF1,-73.65259812963484,Baseload
2023-06-25,CHILDSF1,-84.42517777217758,Baseload
2023-07-02,CHILDSF1,-68.35086016261963,Baseload
2023-07-09,CHILDSF1,-64.05048062762087,Baseload
2023-07-16,CHILDSF1,-50.23134292217364,Baseload
2023-07-23,CHILDSF1,-65.82521291894494,Baseload
2023-07-30,CHILDSF1,-76.58892858009101,Baseload
2023-08-06,CHILDSF1,-80.43848681917932,Baseload
2023-08-13,CHILDSF1,-73.67499203549724,Baseload
2023-08-20,CHILDSF1,-87.32280639021444,Baseload
2023-08-27,CHILDSF1,-74.5695229932233,Baseload
2023-09-03,CHILDSF1,-71.79083963866205,Baseload
2023-09-10,CHILDSF1,-78.19776367938522,Baseload
2023-09-17,CHILDSF1,-65.46229612470357,Baseload
2023-09-24,CHILDSF1,-58.083210693839874,Baseload
2023-10-01,CHILDSF1,-58.345180363202296,Baseload
2023-10-08,CHILDSF1,-53.25622808663407,Baseload
2023-10-15,CHILDSF1,-57.68930910500032,Baseload
2023-10-22,CHILDSF1,-57.61363178858749,Baseload
2023-10-29,CHILDSF1,-49.383963918694306,Baseload
2023-11-05,CHILDSF1,-39.30399439459974,Baseload
2023-11-12,CHILDSF1,-69.245230590754,Baseload
2023-11-19,CHILDSF1,-66.30649207329648,Baseload
2023-11-26,CHILDSF1,-33.05962325177579,Baseload
2023-12-03,CHILDSF1,-47.61814614448167,Baseload
2023-12-10,CHILDSF1,-46.1966344331315,Baseload
2023-12-17,CHILDSF1,-32.75080319757853,Baseload
2023-12-24,CHILDSF1,-35.862712482824215,Baseload
2023-12-31,CHILDSF1,-107.65570779437063,Baseload
2024-01-07,CHILDSF1,-29.037540305384205,Baseload
2024-01-14,CHILDSF1,-25.421621651731755,Baseload
2024-01-21,CHILDSF1,-153.77264882157584,Baseload
2024-01-28,CHILDSF1,-110.02530273841579,Baseload
2024-02-04,CHILDSF1,-107.11535630899714,Baseload
2024-02-11,CHILDSF1,-44.74461433662557,Baseload
2024-02-18,CHILDSF1,-43.13956383424376,Baseload
2024-02-25,CHILDSF1,-47.935247543875036,Baseload
2024-03-03,CHILDSF1,-89.51055531487955,Baseload
2024-03-10,CHILDSF1,-41.262988783433016,Baseload
2024-03-17,CHILDSF1,-38.56442350884563,Baseload
2024-03-24,CHILDSF1,-25.454851804594163,Baseload
2024-03-31,CHILDSF1,-56.944799551205534,Baseload
2024-04-07,CHILDSF1,-35.85793376505123,Baseload
2024-04-14,CHILDSF1,-72.94393422685832,Baseload
2024-04-21,CHILDSF1,-50.518045785129274,Baseload
2024-04-28,CHILDSF1,-66.49821914057861,Baseload
2024-05-05,CHILDSF1,-71.92372583793413,Baseload
2024-05-12,CHILDSF1,-78.00546847243963,Baseload
2024-05-19,CHILDSF1,-71.2643991658728,Baseload
2024-05-26,CHILDSF1,-97.36874808287578,Baseload
2024-06-02,CHILDSF1,-58.79297937939646,Baseload
2024-06-09,CHILDSF1,-80.13966000285376,Baseload
2024-06-16,CHILDSF1,-91.8343120199968,Baseload
2024-06-23,CHILDSF1,-130.6234799549602,Baseload
2024-06-30,CHILDSF1,-59.26186730584008,Baseload
2024-07-07,CHILDSF1,-62.97602059065952,Baseload
2024-07-14,CHILDSF1,-72.71136271006793,Baseload
2024-07-21,CHILDSF1,-65.96053319664364,Baseload
2024-07-28,CHILDSF1,-61.20091020908987,Baseload
2024-08-04,CHILDSF1,-175.47318864750994,Baseload
2024-08-11,CHILDSF1,-166.5460211168283,Baseload
2024-08-18,CHILDSF1,-75.75340749767227,Baseload
2024-08-25,CHILDSF1,-68.37442184146414,Baseload
2024-09-01,CHILDSF1,-63.49294517452556,Baseload
2024-09-08,CHILDSF1,-69.71451078145691,Baseload
2024-09-15,CHILDSF1,-60.49859618549914,Baseload
2024-09-22,CHILDSF1,-66.78283566025712,Baseload
2024-09-29,CHILDSF1,-70.52989839378775,Baseload
2024-10-06,CHILDSF1,-66.53074540507951,Baseload
2024-10-13,CHILDSF1,-77.1912004742017,Baseload
2024-10-20,CHILDSF1,-54.35069655779642,Baseload
2024-10-27,CHILDSF1,-81.66249123203629,Baseload
2024-11-03,CHILDSF1,-67.16140391617466,Baseload
2024-11-10,CHILDSF1,-227.14556614137592,Baseload
2024-11-17,CHILDSF1,-76.78445609770601,Baseload
2024-11-24,CHILDSF1,-90.67465324867823,Baseload
2024-12-01,CHILDSF1,-56.6422724697717,Baseload
2024-12-08,CHILDSF1,-122.92906634265607,Baseload
2024-12-15,CHILDSF1,-79.26400979051911,Baseload
2024-12-22,CHILDSF1,-60.89809778851121,Baseload
2024-12-29,CHILDSF1,-51.17186575348119,Baseload
2025-01-05,CHILDSF1,-46.22451934039006,Baseload
2020-01-05,CLARESF1,2.0666775177930248,Baseload
2020-01-12,CLARESF1,-1.0902092460335169,Baseload
2020-01-19,CLARESF1,-1.4870518412957736,Baseload
2020-01-26,CLARESF1,-8.181819810334261,Baseload
2020-02-02,CLARESF1,-2.3719466411778853,Baseload
2020-02-09,CLARESF1,-0.726582758484227,Baseload
2020-02-16,CLARESF1,-2.4930017652234113,Baseload
2020-02-23,CLARESF1,0.5572261885375696,Baseload
2020-03-01,CLARESF1,-3.8937833875562333,Baseload
2020-03-08,CLARESF1,-3.836373182108737,Baseload
2020-03-15,CLARESF1,-9.580435370711168,Baseload
2020-03-22,CLARESF1,-9.836930995279918,Baseload
2020-03-29,CLARESF1,-4.176507666872993,Baseload
2020-04-05,CLARESF1,-6.461437129123155,Baseload
2020-04-12,CLARESF1,-11.370942424622779,Baseload
2020-04-19,CLARESF1,-10.29612959775751,Baseload
2020-04-26,CLARESF1,-10.926972992900463,Baseload
2020-05-03,CLARESF1,0.871579579162141,Baseload
2020-05-10,CLARESF1,-9.565252298918512,Baseload
2020-05-17,CLARESF1,-10.215314699028756,Baseload
2020-05-24,CLARESF1,-8.255613508637893,Baseload
2020-05-31,CLARESF1,-10.333177965152476,Baseload
2020-06-07,CLARESF1,-14.530827678718143,Baseload
2020-06-14,CLARESF1,-12.382526203891214,Baseload
2020-06-21,CLARESF1,-8.743295481494371,Baseload
2020-06-28,CLARESF1,-22.048358246781365,Baseload
2020-07-05,CLARESF1,-14.534608272215046,Baseload
2020-07-12,CLARESF1,-9.26682077081962,Baseload
2020-07-19,CLARESF1,-15.474719315961078,Baseload
2020-07-26,CLARESF1,-13.570025607592754,Baseload
2020-08-02,CLARESF1,-11.819387870100865,Baseload
2020-08-09,CLARESF1,-5.2161362573188015,Baseload
2020-08-16,CLARESF1,-16.998935345578275,Baseload
2020-08-23,CLARESF1,-22.673604699821574,Baseload
2020-08-30,CLARESF1,-24.604802209399075,Baseload
2020-09-06,CLARESF1,-20.980568453459227,Baseload
2020-09-13,CLARESF1,-14.773141199925535,Baseload
2020-09-20,CLARESF1,-15.019756428627662,Baseload
2020-09-27,CLARESF1,-11.723010619587425,Baseload
2020-10-04,CLARESF1,-19.220871340731698,Baseload
2020-10-11,CLARESF1,-16.291663106264707,Baseload
2020-10-18,CLARESF1,-0.6654089279168716,Baseload
2020-10-25,CLARESF1,-11.002240342984273,Baseload
2020-11-01,CLARESF1,-7.893628489557237,Baseload
2020-11-08,CLARESF1,-17.091476863762107,Baseload
2020-11-15,CLARESF1,-15.364131509770992,Baseload
2020-11-22,CLARESF1,6.792601967894896,Baseload
2020-11-29,CLARESF1,-15.735223004326947,Baseload
2020-12-06,CLARESF1,4.587108992510601,Baseload
2020-12-13,CLARESF1,-7.0984287466447,Baseload
2020-12-20,CLARESF1,16.116878612290435,Baseload
2020-12-27,CLARESF1,-0.9323056770168634,Baseload
2021-01-03,CLARESF1,-9.166816952203263,Baseload
2021-01-10,CLARESF1,-3.7574012931770113,Baseload
2021-01-17,CLARESF1,-9.756399932373952,Baseload
2021-01-24,CLARESF1,-14.812055392264178,Baseload
2021-01-31,CLARESF1,-3.848938452945525,Baseload
2021-02-07,CLARESF1,-4.585742948624713,Baseload
2021-02-14,CLARESF1,-8.26917289723145,Baseload
2021-02-21,CLARESF1,-5.0935828775620315,Baseload
2021-02-28,CLARESF1,-16.08715798416931,Baseload
2021-03-07,CLARESF1,-20.534959212810787,Baseload
2021-03-14,CLARESF1,-17.923636634661527,Baseload
2021-03-21,CLARESF1,-2.7536236767464146,Baseload
2021-03-28,CLARESF1,-18.99188269461798,Baseload
2021-04-04,CLARESF1,-10.339789378351899,Baseload
2021-04-11,CLARESF1,-10.144527215716394,Baseload
2021-04-18,CLARESF1,-31.447461874849964,Baseload
2021-04-25,CLARESF1,-58.436219366241644,Baseload
2021-05-02,CLARESF1,-21.802457303415974,Baseload
2021-05-09,CLARESF1,-3.3546350930920994,Baseload
2021-05-16,CLARESF1,-49.10955043939394,Baseload
2021-05-23,CLARESF1,-45.57153673761872,Baseload
2021-05-30,CLARESF1,-290.97201838734577,Baseload
2021-06-06,CLARESF1,-183.10321176999122,Baseload
2021-06-13,CLARESF1,-162.88917027737034,Baseload
2021-06-20,CLARESF1,-101.09132800471444,Baseload
2021-06-27,CLARESF1,-47.42497606334851,Baseload
2021-07-04,CLARESF1,-6.869701156253669,Baseload
2021-07-11,CLARESF1,-72.03109993866116,Baseload
2021-07-18,CLARESF1,-45.53200801967069,Baseload
2021-07-25,CLARESF1,-135.5063355639727,Baseload
2021-08-01,CLARESF1,-30.432698403791385,Baseload
2021-08-08,CLARESF1,-25.407480313705005,Baseload
2021-08-15,CLARESF1,-14.551461424946886,Baseload
2021-08-22,CLARESF1,-15.908268452082417,Baseload
2021-08-29,CLARESF1,-26.36979683234781,Baseload
2021-09-05,CLARESF1,-25.30216620763828,Baseload
2021-09-12,CLARESF1,-14.748624737178961,Baseload
2021-09-19,CLARESF1,-9.142155042741834,Baseload
2021-09-26,CLARESF1,-7.861800675492134,Baseload
2021-10-03,CLARESF1,20.871395890913213,Baseload
2021-10-10,CLARESF1,25.141650569450313,Baseload
2021-10-17,CLARESF1,-1.935001588805875,Baseload
2021-10-24,CLARESF1,-52.65776861208397,Baseload
2021-10-31,CLARESF1,-23.164202514112944,Baseload
2021-11-07,CLARESF1,-20.826005066892208,Baseload
2021-11-14,CLARESF1,25.24101087952289,Baseload
2021-11-21,CLARESF1,3.1037061872755345,Baseload
2021-11-28,CLARESF1,5.921156432342897,Baseload
2021-12-05,CLARESF1,-7.894071517031186,Baseload
2021-12-12,CLARESF1,-97.25038387876789,Baseload
2021-12-19,CLARESF1,-28.37386191719655,Baseload
2021-12-26,CLARESF1,-105.67998209298287,Baseload
2022-01-02,CLARESF1,-19.875906903673446,Baseload
2022-01-09,CLARESF1,-12.71691564051551,Baseload
2022-01-16,CLARESF1,-41.55119556718259,Baseload
2022-01-23,CLARESF1,13.335274964455323,Baseload
2022-01-30,CLARESF1,-28.35734328182137,Baseload
2022-02-06,CLARESF1,49.468663939527914,Baseload
2022-02-13,CLARESF1,-18.181866750653498,Baseload
2022-02-20,CLARESF1,-20.758821184363015,Baseload
2022-02-27,CLARESF1,5.849320602006529,Baseload
2022-03-06,CLARESF1,-20.395104485582394,Baseload
2022-03-13,CLARESF1,-148.9792235334138,Baseload
2022-03-20,CLARESF1,-25.381032942673144,Baseload
2022-03-27,CLARESF1,-22.965993520603362,Baseload
2022-04-03,CLARESF1,-65.0308781044945,Baseload
2022-04-10,CLARESF1,-36.44867274069327,Baseload
2022-04-17,CLARESF1,-72.80642248620732,Baseload
2022-04-24,CLARESF1,-63.517123754437364,Baseload
2022-05-01,CLARESF1,-96.41890576533714,Baseload
2022-05-08,CLARESF1,-217.0322020471174,Baseload
2022-05-15,CLARESF1,-32.089975769461546,Baseload
2022-05-22,CLARESF1,-33.5626521627309,Baseload
2022-05-29,CLARESF1,-70.83402245304453,Baseload
2022-06-05,CLARESF1,-124.61648753503539,Baseload
2022-06-12,CLARESF1,-443.186709479284,Baseload
2022-06-19,CLARESF1,-17.57804881436718,Baseload
2022-06-26,CLARESF1,-85.61357596382976,Baseload
2022-07-03,CLARESF1,-32.06419353743473,Baseload
2022-07-10,CLARESF1,-406.5493990509594,Baseload
2022-07-17,CLARESF1,-199.36737854611698,Baseload
2022-07-24,CLARESF1,-119.91882301553875,Baseload
2022-07-31,CLARESF1,-114.87446972795341,Baseload
2022-08-07,CLARESF1,-57.328480667714615,Baseload
2022-08-14,CLARESF1,-63.07259690180831,Baseload
2022-08-21,CLARESF1,-53.09613839905026,Baseload
2022-08-28,CLARESF1,-47.039973858086185,Baseload
2022-09-04,CLARESF1,-44.72559136702719,Baseload
2022-09-11,CLARESF1,-33.15084034039786,Baseload
2022-09-18,CLARESF1,-71.09203372728415,Baseload
2022-09-25,CLARESF1,-37.21157716417413,Baseload
2022-10-02,CLARESF1,-45.27069509050868,Baseload
2022-10-09,CLARESF1,-47.89915681991805,Baseload
2022-10-16,CLARESF1,-4.327065360604621,Baseload
2022-10-23,CLARESF1,-31.913655741702854,Baseload
2022-10-30,CLARESF1,-35.896440352798535,Baseload
2022-11-06,CLARESF1,-17.011894542386088,Baseload
2022-11-13,CLARESF1,-40.224120137597836,Baseload
2022-11-20,CLARESF1,-75.7108891580803,Baseload
2022-11-27,CLARESF1,-41.898935646382625,Baseload
2022-12-04,CLARESF1,-30.21197347173991,Baseload
2022-12-11,CLARESF1,-51.84148002344333,Baseload
2022-12-18,CLARESF1,-43.95096088170945,Baseload
2022-12-25,CLARESF1,-32.38675191744938,Baseload
2023-01-01,CLARESF1,-28.756617057455873,Baseload
2023-01-08,CLARESF1,-24.356320730039762,Baseload
2023-01-15,CLARESF1,-22.184947391244748,Baseload
2023-01-22,CLARESF1,-24.12222495690557,Baseload
2023-01-29,CLARESF1,-23.61050835050189,Baseload
2023-02-05,CLARESF1,-51.861353543186354,Baseload
2023-02-12,CLARESF1,-25.987896290954865,Baseload
2023-02-19,CLARESF1,-32.15739911105387,Baseload
2023-02-26,CLARESF1,-8.282193637423404,Baseload
2023-03-05,CLARESF1,-25.53627785976923,Baseload
2023-03-12,CLARESF1,-14.100665224400728,Baseload
2023-03-19,CLARESF1,-81.19070965490212,Baseload
2023-03-26,CLARESF1,-26.101722638279853,Baseload
2023-04-02,CLARESF1,-19.292557421233525,Baseload
2023-04-09,CLARESF1,-20.264520122037823,Baseload
2023-04-16,CLARESF1,-52.26085412164909,Baseload
2023-04-23,CLARESF1,-47.97968870911062,Baseload
2023-04-30,CLARESF1,-44.1393826845071,Baseload
2023-05-07,CLARESF1,-54.391435783736185,Baseload
2023-05-14,CLARESF1,-64.88026113662269,Baseload
2023-05-21,CLARESF1,-64.62476500227037,Baseload
2023-05-28,CLARESF1,-163.62536886393735,Baseload
2023-06-04,CLARESF1,-83.24715208085591,Baseload
2023-06-11,CLARESF1,-26.121675237535634,Baseload
2023-06-18,CLARESF1,-51.184338168133266,Baseload
2023-06-25,CLARESF1,-63.894135717821925,Baseload
2023-07-02,CLARESF1,-27.908172941705786,Baseload
2023-07-09,CLARESF1,-18.375320699377767,Baseload
2023-07-16,CLARESF1,-25.906017176516066,Baseload
2023-07-23,CLARESF1,-31.45584335179219,Baseload
2023-07-30,CLARESF1,-30.28962285370413,Baseload
2023-08-06,CLARESF1,-44.91444744883046,Baseload
2023-08-13,CLARESF1,-27.51372158344057,Baseload
2023-08-20,CLARESF1,-31.491221110749308,Baseload
2023-08-27,CLARESF1,-18.8962534529225,Baseload
2023-09-03,CLARESF1,-22.727643142226725,Baseload
2023-09-10,CLARESF1,-38.952592042729336,Baseload
2023-09-17,CLARESF1,-14.021142706985529,Baseload
2023-09-24,CLARESF1,-11.320169743088957,Baseload
2023-10-01,CLARESF1,5.78474941507983,Baseload
2023-10-08,CLARESF1,-10.696183456797304,Baseload
2023-10-15,CLARESF1,-0.6832870739019583,Baseload
2023-10-22,CLARESF1,-20.4481921777868,Baseload
2023-10-29,CLARESF1,-1.4857022532726774,Baseload
2023-11-05,CLARESF1,-8.234071318288954,Baseload
2023-11-12,CLARESF1,-13.410631637084343,Baseload
2023-11-19,CLARESF1,-8.836809804551635,Baseload
2023-11-26,CLARESF1,-17.017661918459943,Baseload
2023-12-03,CLARESF1,-10.729841212381608,Baseload
2023-12-10,CLARESF1,-25.932869349059928,Baseload
2023-12-17,CLARESF1,-30.211758136913012,Baseload
2023-12-24,CLARESF1,-8.030678238870806,Baseload
2023-12-31,CLARESF1,-33.38473454474892,Baseload
2024-01-07,CLARESF1,-15.539828980225842,Baseload
2024-01-14,CLARESF1,-28.35333109926338,Baseload
2024-01-21,CLARESF1,-123.28157896074671,Baseload
2024-01-28,CLARESF1,-86.52987663680025,Baseload
2024-02-04,CLARESF1,-98.3719728961677,Baseload
2024-02-11,CLARESF1,-28.73512885565811,Baseload
2024-02-18,CLARESF1,-24.73683573077325,Baseload
2024-02-25,CLARESF1,-67.75155080896751,Baseload
2024-03-03,CLARESF1,-99.02504054974754,Baseload
2024-03-10,CLARESF1,-28.88825878422535,Baseload
2024-03-17,CLARESF1,-38.131815230976066,Baseload
2024-03-24,CLARESF1,-28.00758338095823,Baseload
2024-03-31,CLARESF1,-40.16613691095383,Baseload
2024-04-07,CLARESF1,-35.39571804568667,Baseload
2024-04-14,CLARESF1,-60.350528162881346,Baseload
2024-04-21,CLARESF1,-51.852459937894466,Baseload
2024-04-28,CLARESF1,-63.61770706654753,Baseload
2024-05-05,CLARESF1,-59.22560666991118,Baseload
2024-05-12,CLARESF1,-70.97600001693888,Baseload
2024-05-19,CLARESF1,-47.73572105889501,Baseload
2024-05-26,CLARESF1,-87.53047981696108,Baseload
2024-06-02,CLARESF1,-47.66490210040807,Baseload
2024-06-09,CLARESF1,-71.93812077689452,Baseload
2024-06-16,CLARESF1,-79.24951175474294,Baseload
2024-06-23,CLARESF1,-119.67801679170466,Baseload
2024-06-30,CLARESF1,-51.79723085981342,Baseload
2024-07-07,CLARESF1,-48.62683999276305,Baseload
2024-07-14,CLARESF1,-66.71773090244244,Baseload
2024-07-21,CLARESF1,-54.38512125414776,Baseload
2024-07-28,CLARESF1,-60.573150579814005,Baseload
2024-08-04,CLARESF1,-173.08040514321172,Baseload
2024-08-11,CLARESF1,-157.6911788629601,Baseload
2024-08-18,CLARESF1,-38.40290386084409,Baseload
2024-08-25,CLARESF1,-60.69155560629035,Baseload
2024-09-01,CLARESF1,-49.40382867818978,Baseload
2024-09-08,CLARESF1,-54.65288621508144,Baseload
2024-09-15,CLARESF1,-50.287677776162134,Baseload
2024-09-22,CLARESF1,-72.07737745569617,Baseload
2024-09-29,CLARESF1,-66.77338817856666,Baseload
2024-10-06,CLARESF1,-66.48197209445426,Baseload
2024-10-13,CLARESF1,-76.6926652937852,Baseload
2024-10-20,CLARESF1,-60.682925437063474,Baseload
2024-10-27,CLARESF1,-79.2268803892385,Baseload
2024-11-03,CLARESF1,-69.87816871837444,Baseload
2024-11-10,CLARESF1,-217.75747306832247,Baseload
2024-11-17,CLARESF1,-65.44651690962507,Baseload
2024-11-24,CLARESF1,-87.56348677107809,Baseload
2024-12-01,CLARESF1,-57.70505389943649,Baseload
2024-12-08,CLARESF1,-103.10218494230052,Baseload
2024-12-15,CLARESF1,-83.5418862422783,Baseload
2024-12-22,CLARESF1,1.0866779669806874,Baseload
2024-12-29,CLARESF1,9.269489278324372,Baseload
2025-01-05,CLARESF1,-17.404282660114802,Baseload
2020-01-05,CLERMSF1,6.1234253811324635,Baseload
2020-01-12,CLERMSF1,-0.7916613618412001,Baseload
2020-01-19,CLERMSF1,-1.7756685640548824,Baseload
2020-01-26,CLERMSF1,0.33893317179504834,Baseload
2020-02-02,CLERMSF1,17.31290238548759,Baseload
2020-02-09,CLERMSF1,0.49882799642902853,Baseload
2020-02-16,CLERMSF1,-1.4808748900148387,Baseload
2020-02-23,CLERMSF1,2.7148451898249917,Baseload
2020-03-01,CLERMSF1,-4.6769312155797,Baseload
2020-03-08,CLERMSF1,-2.915334714719606,Baseload
2020-03-15,CLERMSF1,-9.768309132622065,Baseload
2020-03-22,CLERMSF1,-8.51920456502237,Baseload
2020-03-29,CLERMSF1,-4.356144407886497,Baseload
2020-04-05,CLERMSF1,-7.634761075249742,Baseload
2020-04-12,CLERMSF1,-9.832910922865402,Baseload
2020-04-19,CLERMSF1,-9.063190696240483,Baseload
2020-04-26,CLERMSF1,-10.314171318789654,Baseload
2020-05-03,CLERMSF1,-25.170027412094115,Baseload
2020-05-10,CLERMSF1,-10.1985931177257,Baseload
2020-05-17,CLERMSF1,-11.359427213075374,Baseload
2020-05-24,CLERMSF1,-10.04300676659459,Baseload
2020-05-31,CLERMSF1,-9.295689280095125,Baseload
2020-06-07,CLERMSF1,-13.290762964688227,Baseload
2020-06-14,CLERMSF1,-10.036848156356552,Baseload
2020-06-21,CLERMSF1,-6.940661033669407,Baseload
2020-06-28,CLERMSF1,-18.18178751925992,Baseload
2020-07-05,CLERMSF1,-8.73849069840275,Baseload
2020-07-12,CLERMSF1,-9.118323365845875,Baseload
2020-07-19,CLERMSF1,-14.195437015420705,Baseload
2020-07-26,CLERMSF1,-16.58416401654573,Baseload
2020-08-02,CLERMSF1,-11.645452657822272,Baseload
2020-08-09,CLERMSF1,-6.9085595693323825,Baseload
2020-08-16,CLERMSF1,-7.754341177708621,Baseload
2020-08-23,CLERMSF1,-13.74698615910114,Baseload
2020-08-30,CLERMSF1,-21.092262461067907,Baseload
2020-09-06,CLERMSF1,-15.072702012969156,Baseload
2020-09-13,CLERMSF1,-12.22665075312597,Baseload
2020-09-20,CLERMSF1,-14.204290198834984,Baseload
2020-09-27,CLERMSF1,-13.671962707473128,Baseload
2020-10-04,CLERMSF1,-18.34198853322041,Baseload
2020-10-11,CLERMSF1,-17.75828477003081,Baseload
2020-10-18,CLERMSF1,8.360782924092767,Baseload
2020-10-25,CLERMSF1,-11.249983376068922,Baseload
2020-11-01,CLERMSF1,-6.8101837110948935,Baseload
2020-11-08,CLERMSF1,-12.92535839090569,Baseload
2020-11-15,CLERMSF1,-16.572729909743874,Baseload
2020-11-22,CLERMSF1,9.495208715821676,Baseload
2020-11-29,CLERMSF1,-17.70770570121914,Baseload
2020-12-06,CLERMSF1,2.7145245258036965,Baseload
2020-12-13,CLERMSF1,-3.9487802634937594,Baseload
2020-12-20,CLERMSF1,14.172438120411258,Baseload
2020-12-27,CLERMSF1,-3.1468904131997846,Baseload
2021-01-03,CLERMSF1,-11.23725430980388,Baseload
2021-01-10,CLERMSF1,-1.247888165012263,Baseload
2021-01-17,CLERMSF1,-7.799806557309722,Baseload
2021-01-24,CLERMSF1,-9.991173092331138,Baseload
2021-01-31,CLERMSF1,-4.120692353943063,Baseload
2021-02-07,CLERMSF1,-5.743491933755202,Baseload
2021-02-14,CLERMSF1,-7.784725274064371,Baseload
2021-02-21,CLERMSF1,-2.6104215423071366,Baseload
2021-02-28,CLERMSF1,-12.331195449346957,Baseload
2021-03-07,CLERMSF1,-17.612690118239563,Baseload
2021-03-14,CLERMSF1,-19.712630247167546,Baseload
2021-03-21,CLERMSF1,-1.4850606541759888,Baseload
2021-03-28,CLERMSF1,-13.477900283468575,Baseload
2021-04-04,CLERMSF1,-10.457017878284017,Baseload
2021-04-11,CLERMSF1,10.573953929645803,Baseload
2021-04-18,CLERMSF1,-26.613505415591717,Baseload
2021-04-25,CLERMSF1,-56.5443121549989,Baseload
2021-05-02,CLERMSF1,-20.874934075609126,Baseload
2021-05-09,CLERMSF1,-2.9268457526434446,Baseload
2021-05-16,CLERMSF1,-15.550258454841021,Baseload
2021-05-23,CLERMSF1,-48.00031507830438,Baseload
2021-05-30,CLERMSF1,-185.5346663835212,Baseload
2021-06-06,CLERMSF1,-203.94737822652027,Baseload
2021-06-13,CLERMSF1,-166.6541257664183,Baseload
2021-06-20,CLERMSF1,-40.11144968538866,Baseload
2021-06-27,CLERMSF1,-57.561628274196956,Baseload
2021-07-04,CLERMSF1,-38.5324874170347,Baseload
2021-07-11,CLERMSF1,-65.86898757446775,Baseload
2021-07-18,CLERMSF1,-52.09637949620056,Baseload
2021-07-25,CLERMSF1,-148.3430918778887,Baseload
2021-08-01,CLERMSF1,-33.80491818324631,Baseload
2021-08-08,CLERMSF1,-26.0569346052454,Baseload
2021-08-15,CLERMSF1,-18.83454565688654,Baseload
2021-08-22,CLERMSF1,-26.361776316291486,Baseload
2021-08-29,CLERMSF1,-31.423195926932628,Baseload
2021-09-05,CLERMSF1,-31.71126590425397,Baseload
2021-09-12,CLERMSF1,-27.918571758770184,Baseload
2021-09-19,CLERMSF1,-31.92381325230636,Baseload
2021-09-26,CLERMSF1,-26.361976058774296,Baseload
2021-10-03,CLERMSF1,23.012386851734597,Baseload
2021-10-10,CLERMSF1,-23.573856946922923,Baseload
2021-10-17,CLERMSF1,-12.854331090650014,Baseload
2021-10-24,CLERMSF1,-31.19721225175816,Baseload
2021-10-31,CLERMSF1,-32.085780761084635,Baseload
2021-11-07,CLERMSF1,-31.054750452617036,Baseload
2021-11-14,CLERMSF1,59.59067228972745,Baseload
2021-11-21,CLERMSF1,-2.1005034304625525,Baseload
2021-11-28,CLERMSF1,5.054447317979836,Baseload
2021-12-05,CLERMSF1,-22.324041108953203,Baseload
2021-12-12,CLERMSF1,-95.57647947955392,Baseload
2021-12-19,CLERMSF1,-27.244938434715017,Baseload
2021-12-26,CLERMSF1,-86.52324927613475,Baseload
2022-01-02,CLERMSF1,-17.622300177344975,Baseload
2022-01-09,CLERMSF1,-18.84678854317987,Baseload
2022-01-16,CLERMSF1,-41.67313730869894,Baseload
2022-01-23,CLERMSF1,-6.856564319944653,Baseload
2022-01-30,CLERMSF1,-25.43244282697077,Baseload
2022-02-06,CLERMSF1,-225.14634430942448,Baseload
2022-02-13,CLERMSF1,-18.666355046597246,Baseload
2022-02-20,CLERMSF1,-16.313973079943068,Baseload
2022-02-27,CLERMSF1,9.391790056629304,Baseload
2022-03-06,CLERMSF1,-20.65266388198266,Baseload
2022-03-13,CLERMSF1,-163.57012277678987,Baseload
2022-03-20,CLERMSF1,-26.645969104217194,Baseload
2022-03-27,CLERMSF1,-17.854019634385352,Baseload
2022-04-03,CLERMSF1,-62.752821754042486,Baseload
2022-04-10,CLERMSF1,-43.44809741011153,Baseload
2022-04-17,CLERMSF1,-57.88486719496278,Baseload
2022-04-24,CLERMSF1,-67.34605468664958,Baseload
2022-05-01,CLERMSF1,-116.32258238410486,Baseload
2022-05-08,CLERMSF1,-237.72858519356345,Baseload
2022-05-15,CLERMSF1,-41.10341468545141,Baseload
2022-05-22,CLERMSF1,-29.7544889511571,Baseload
2022-05-29,CLERMSF1,-78.23634784647328,Baseload
2022-06-05,CLERMSF1,-104.32597863724794,Baseload
2022-06-12,CLERMSF1,-430.7082066508462,Baseload
2022-06-19,CLERMSF1,-18.670061692049757,Baseload
2022-06-26,CLERMSF1,-96.77365315172588,Baseload
2022-07-03,CLERMSF1,-79.14384771087111,Baseload
2022-07-10,CLERMSF1,-213.65705417535958,Baseload
2022-07-17,CLERMSF1,-230.16607798452938,Baseload
2022-07-24,CLERMSF1,-122.47525484402621,Baseload
2022-07-31,CLERMSF1,-126.51869082469777,Baseload
2022-08-07,CLERMSF1,-55.08651112989827,Baseload
2022-08-14,CLERMSF1,-75.27905115286573,Baseload
2022-08-21,CLERMSF1,-102.1855766014983,Baseload
2022-08-28,CLERMSF1,-73.24993548170077,Baseload
2022-09-04,CLERMSF1,-41.06976149170272,Baseload
2022-09-11,CLERMSF1,-82.40303481166977,Baseload
2022-09-18,CLERMSF1,-105.10602968840692,Baseload
2022-09-25,CLERMSF1,-83.16292005474521,Baseload
2022-10-02,CLERMSF1,-63.946661136632,Baseload
2022-10-09,CLERMSF1,-52.26576493842542,Baseload
2022-10-16,CLERMSF1,-76.77909491744575,Baseload
2022-10-23,CLERMSF1,-35.311927211116526,Baseload
2022-10-30,CLERMSF1,-71.75227298966533,Baseload
2022-11-06,CLERMSF1,-59.852240243448065,Baseload
2022-11-13,CLERMSF1,-50.1031909005112,Baseload
2022-11-20,CLERMSF1,-78.03006971481136,Baseload
2022-11-27,CLERMSF1,-72.16023395530294,Baseload
2022-12-04,CLERMSF1,-66.68345380656362,Baseload
2022-12-11,CLERMSF1,-68.80812348489181,Baseload
2022-12-18,CLERMSF1,-62.06510966338283,Baseload
2022-12-25,CLERMSF1,-51.3230698159867,Baseload
2023-01-01,CLERMSF1,-39.39120439581321,Baseload
2023-01-08,CLERMSF1,-40.32399694005808,Baseload
2023-01-15,CLERMSF1,-37.34191022604013,Baseload
2023-01-22,CLERMSF1,-36.434345748687385,Baseload
2023-01-29,CLERMSF1,-25.717014938882215,Baseload
2023-02-05,CLERMSF1,-57.0627073800009,Baseload
2023-02-12,CLERMSF1,-39.592439624811355,Baseload
2023-02-19,CLERMSF1,-31.103416567815245,Baseload
2023-02-26,CLERMSF1,-21.58822890347429,Baseload
2023-03-05,CLERMSF1,-42.57665475457856,Baseload
2023-03-12,CLERMSF1,-20.932473424623467,Baseload
2023-03-19,CLERMSF1,-85.45366747873965,Baseload
2023-03-26,CLERMSF1,-40.01641281475942,Baseload
2023-04-02,CLERMSF1,-28.40974487551668,Baseload
2023-04-09,CLERMSF1,-45.290365932194135,Baseload
2023-04-16,CLERMSF1,-89.19516139259423,Baseload
2023-04-23,CLERMSF1,-64.5376417815601,Baseload
2023-04-30,CLERMSF1,-55.96257281541233,Baseload
2023-05-07,CLERMSF1,-76.22363189323107,Baseload
2023-05-14,CLERMSF1,-85.67083329060189,Baseload
2023-05-21,CLERMSF1,-88.1346747928034,Baseload
2023-05-28,CLERMSF1,-175.2949085968557,Baseload
2023-06-04,CLERMSF1,-92.56982207637378,Baseload
2023-06-11,CLERMSF1,-32.306200477095544,Baseload
2023-06-18,CLERMSF1,-71.77337600481647,Baseload
2023-06-25,CLERMSF1,-78.86610943510439,Baseload
2023-07-02,CLERMSF1,-61.65260118487066,Baseload
2023-07-09,CLERMSF1,-54.875486011031654,Baseload
2023-07-16,CLERMSF1,-46.72964809178832,Baseload
2023-07-23,CLERMSF1,-65.86556439318929,Baseload
2023-07-30,CLERMSF1,-77.51191362236625,Baseload
2023-08-06,CLERMSF1,-71.03650127470128,Baseload
2023-08-13,CLERMSF1,-66.63976774010781,Baseload
2023-08-20,CLERMSF1,-77.42831498167438,Baseload
2023-08-27,CLERMSF1,-72.57559781459474,Baseload
2023-09-03,CLERMSF1,-71.457850634455,Baseload
2023-09-10,CLERMSF1,-66.42783226666596,Baseload
2023-09-17,CLERMSF1,-55.21946617977136,Baseload
2023-09-24,CLERMSF1,-49.983954981508546,Baseload
2023-10-01,CLERMSF1,-52.32054675195976,Baseload
2023-10-08,CLERMSF1,-50.91599015592529,Baseload
2023-10-15,CLERMSF1,-56.96911480198204,Baseload
2023-10-22,CLERMSF1,-57.37650600052215,Baseload
2023-10-29,CLERMSF1,-46.781099068813596,Baseload
2023-11-05,CLERMSF1,-38.369478823867496,Baseload
2023-11-12,CLERMSF1,-55.123407364068726,Baseload
2023-11-19,CLERMSF1,-64.39107160489499,Baseload
2023-11-26,CLERMSF1,-23.479762065119758,Baseload
2023-12-03,CLERMSF1,-46.778348465743,Baseload
2023-12-10,CLERMSF1,-43.93081992494163,Baseload
2023-12-17,CLERMSF1,-26.41168242081283,Baseload
2023-12-24,CLERMSF1,-31.809113891755544,Baseload
2023-12-31,CLERMSF1,-98.27521091350356,Baseload
2024-01-07,CLERMSF1,-24.191288476365777,Baseload
2024-01-14,CLERMSF1,-31.341654524138868,Baseload
2024-01-21,CLERMSF1,-130.01441084581953,Baseload
2024-01-28,CLERMSF1,-112.33522152087428,Baseload
2024-02-04,CLERMSF1,-88.37915335528214,Baseload
2024-02-11,CLERMSF1,-45.98648308222752,Baseload
2024-02-18,CLERMSF1,-30.979642357478596,Baseload
2024-02-25,CLERMSF1,-52.99855519199204,Baseload
2024-03-03,CLERMSF1,-83.04113063579786,Baseload
2024-03-10,CLERMSF1,-35.45618037438954,Baseload
2024-03-17,CLERMSF1,-35.99923662062006,Baseload
2024-03-24,CLERMSF1,-23.72915839150003,Baseload
2024-03-31,CLERMSF1,-40.10395734152108,Baseload
2024-04-07,CLERMSF1,-33.666263046088034,Baseload
2024-04-14,CLERMSF1,-62.6775460367491,Baseload
2024-04-21,CLERMSF1,-48.41380867550197,Baseload
2024-04-28,CLERMSF1,-58.3763726749182,Baseload
2024-05-05,CLERMSF1,-60.31253227094043,Baseload
2024-05-12,CLERMSF1,-78.53278390467412,Baseload
2024-05-19,CLERMSF1,-71.27046827859704,Baseload
2024-05-26,CLERMSF1,-97.18547256101715,Baseload
2024-06-02,CLERMSF1,-59.13625576792341,Baseload
2024-06-09,CLERMSF1,-72.95608478334768,Baseload
2024-06-16,CLERMSF1,-86.57651300437186,Baseload
2024-06-23,CLERMSF1,-119.95609914201003,Baseload
2024-06-30,CLERMSF1,-60.244370490582014,Baseload
2024-07-07,CLERMSF1,-49.288903437994875,Baseload
2024-07-14,CLERMSF1,-66.68911319904167,Baseload
2024-07-21,CLERMSF1,-66.65061107700365,Baseload
2024-07-28,CLERMSF1,-63.453681051587296,Baseload
2024-08-04,CLERMSF1,-171.20928710386676,Baseload
2024-08-11,CLERMSF1,-152.98541322030883,Baseload
2024-08-18,CLERMSF1,-75.19844498510456,Baseload
2024-08-25,CLERMSF1,-66.87552944988319,Baseload
2024-09-01,CLERMSF1,-63.44403310417791,Baseload
2024-09-08,CLERMSF1,-65.682592620359,Baseload
2024-09-15,CLERMSF1,-58.07288185668312,Baseload
2024-09-22,CLERMSF1,-71.63991513713114,Baseload
2024-09-29,CLERMSF1,-72.91293625889922,Baseload
2024-10-06,CLERMSF1,-70.95675753241777,Baseload
2024-10-13,CLERMSF1,-82.2850725507263,Baseload
2024-10-20,CLERMSF1,-65.63766497120211,Baseload
2024-10-27,CLERMSF1,-88.3137492874436,Baseload
2024-11-03,CLERMSF1,-81.66073162923763,Baseload
2024-11-10,CLERMSF1,-233.44913559518892,Baseload
2024-11-17,CLERMSF1,-84.20727702685143,Baseload
2024-11-24,CLERMSF1,-100.329502871031,Baseload
2024-12-01,CLERMSF1,-64.5462261337453,Baseload
2024-12-08,CLERMSF1,-80.40489094418797,Baseload
2024-12-15,CLERMSF1,-70.36176075507265,Baseload
2024-12-22,CLERMSF1,-47.43806024350528,Baseload
2024-12-29,CLERMSF1,-63.1609661885026,Baseload
2025-01-05,CLERMSF1,-45.104692298977895,Baseload
2020-01-05,CSPVPS1,1.264228061520896,Baseload
2020-01-12,CSPVPS1,-2.2251880230041223,Baseload
2020-01-19,CSPVPS1,-2.053563656152491,Baseload
2020-01-26,CSPVPS1,-5.559923907027425,Baseload
2020-02-02,CSPVPS1,4.528490379366232,Baseload
2020-02-09,CSPVPS1,-1.3852047103610161,Baseload
2020-02-16,CSPVPS1,-2.7321551683623184,Baseload
2020-02-23,CSPVPS1,-1.2017971414879227,Baseload
2020-03-01,CSPVPS1,-3.8644936526954083,Baseload
2020-03-08,CSPVPS1,-3.269516262424858,Baseload
2020-03-15,CSPVPS1,-8.94304246674541,Baseload
2020-03-22,CSPVPS1,-9.907516350793458,Baseload
2020-03-29,CSPVPS1,-4.068846524530699,Baseload
2020-04-05,CSPVPS1,-7.168875389488221,Baseload
2020-04-12,CSPVPS1,-12.336483904271642,Baseload
2020-04-19,CSPVPS1,-10.616661467090154,Baseload
2020-04-26,CSPVPS1,-11.920861362790653,Baseload
2020-05-03,CSPVPS1,-12.131382209169937,Baseload
2020-05-10,CSPVPS1,-12.658511917288934,Baseload
2020-05-17,CSPVPS1,-11.087060289457153,Baseload
2020-05-24,CSPVPS1,-10.070555938943794,Baseload
2020-05-31,CSPVPS1,-14.045142948854487,Baseload
2020-06-07,CSPVPS1,-15.499687195179895,Baseload
2020-06-14,CSPVPS1,-12.98112184939577,Baseload
2020-06-21,CSPVPS1,-7.830425894038797,Baseload
2020-06-28,CSPVPS1,-24.7685802465094,Baseload
2020-07-05,CSPVPS1,-15.096706557034235,Baseload
2020-07-12,CSPVPS1,-9.84185189080349,Baseload
2020-07-19,CSPVPS1,-17.42639445924731,Baseload
2020-07-26,CSPVPS1,-14.989848872086316,Baseload
2020-08-02,CSPVPS1,-12.786862860869807,Baseload
2020-08-09,CSPVPS1,-8.777012039304424,Baseload
2020-08-16,CSPVPS1,-19.2958675204557,Baseload
2020-08-23,CSPVPS1,-25.34716122487776,Baseload
2020-08-30,CSPVPS1,-32.083624024118706,Baseload
2020-09-06,CSPVPS1,-29.188469130587134,Baseload
2020-09-13,CSPVPS1,-16.925688101809687,Baseload
2020-09-20,CSPVPS1,-20.326774587332448,Baseload
2020-09-27,CSPVPS1,-22.667115823464638,Baseload
2020-10-04,CSPVPS1,-22.287697825999107,Baseload
2020-10-11,CSPVPS1,-20.883816655585058,Baseload
2020-10-18,CSPVPS1,-6.831305980178797,Baseload
2020-10-25,CSPVPS1,-11.54621208151385,Baseload
2020-11-01,CSPVPS1,-7.061857939872738,Baseload
2020-11-08,CSPVPS1,-17.854600263718478,Baseload
2020-11-15,CSPVPS1,-16.739741486520362,Baseload
2020-11-22,CSPVPS1,11.979419711589031,Baseload
2020-11-29,CSPVPS1,-15.117739461418125,Baseload
2020-12-06,CSPVPS1,4.213868820656231,Baseload
2020-12-13,CSPVPS1,-6.994537792934835,Baseload
2020-12-20,CSPVPS1,11.896754863248646,Baseload
2020-12-27,CSPVPS1,-5.448331371749532,Baseload
2021-01-03,CSPVPS1,-10.327326460587312,Baseload
2021-01-10,CSPVPS1,-3.1897499115123793,Baseload
2021-01-17,CSPVPS1,-9.957443433744828,Baseload
2021-01-24,CSPVPS1,-10.956336525758921,Baseload
2021-01-31,CSPVPS1,-4.394140723420286,Baseload
2021-02-07,CSPVPS1,-5.12222263108449,Baseload
2021-02-14,CSPVPS1,-7.9879074018135015,Baseload
2021-02-21,CSPVPS1,-2.8350328548748323,Baseload
2021-02-28,CSPVPS1,-14.081172899477266,Baseload
2021-03-07,CSPVPS1,-17.80453810117171,Baseload
2021-03-14,CSPVPS1,-22.68516796605431,Baseload
2021-03-21,CSPVPS1,-1.8065543594613231,Baseload
2021-03-28,CSPVPS1,-17.962105934089237,Baseload
2021-04-04,CSPVPS1,-9.849047322732982,Baseload
2021-04-11,CSPVPS1,-10.836330643849664,Baseload
2021-04-18,CSPVPS1,-34.76596432835025,Baseload
2021-04-25,CSPVPS1,-57.84955847656754,Baseload
2021-05-02,CSPVPS1,-23.58678482940149,Baseload
2021-05-09,CSPVPS1,-9.116564947123017,Baseload
2021-05-16,CSPVPS1,-49.39315279932468,Baseload
2021-05-23,CSPVPS1,-48.720060504724124,Baseload
2021-05-30,CSPVPS1,-271.44944753330316,Baseload
2021-06-06,CSPVPS1,-192.95443902496896,Baseload
2021-06-13,CSPVPS1,-173.88692139997943,Baseload
2021-06-20,CSPVPS1,-111.96028231854432,Baseload
2021-06-27,CSPVPS1,-49.61319528639655,Baseload
2021-07-04,CSPVPS1,-19.834073212346524,Baseload
2021-07-11,CSPVPS1,-76.08721390166168,Baseload
2021-07-18,CSPVPS1,-57.76188420303208,Baseload
2021-07-25,CSPVPS1,-149.8994437137277,Baseload
2021-08-01,CSPVPS1,-40.15932630610122,Baseload
2021-08-08,CSPVPS1,-28.669115185458615,Baseload
2021-08-15,CSPVPS1,-26.737805354994812,Baseload
2021-08-22,CSPVPS1,-41.45178996875614,Baseload
2021-08-29,CSPVPS1,-47.77700236881509,Baseload
2021-09-05,CSPVPS1,-35.71946850643924,Baseload
2021-09-12,CSPVPS1,-41.37312938347212,Baseload
2021-09-19,CSPVPS1,-37.66506878735211,Baseload
2021-09-26,CSPVPS1,-52.3158637871696,Baseload
2021-10-03,CSPVPS1,-15.037665939672095,Baseload
2021-10-10,CSPVPS1,-61.7336330760279,Baseload
2021-10-17,CSPVPS1,-25.82548437092558,Baseload
2021-10-24,CSPVPS1,-50.43893699413786,Baseload
2021-10-31,CSPVPS1,-29.94646255652318,Baseload
2021-11-07,CSPVPS1,-30.46287175124734,Baseload
2021-11-14,CSPVPS1,-2.6135639897669307,Baseload
2021-11-21,CSPVPS1,-33.551934956066106,Baseload
2021-11-28,CSPVPS1,-7.585873313664521,Baseload
2021-12-05,CSPVPS1,-16.267208553613564,Baseload
2021-12-12,CSPVPS1,-112.74883557323912,Baseload
2021-12-19,CSPVPS1,-31.608129357002788,Baseload
2021-12-26,CSPVPS1,-106.00517608117161,Baseload
2022-01-02,CSPVPS1,-20.368147340738346,Baseload
2022-01-09,CSPVPS1,-19.447080399698166,Baseload
2022-01-16,CSPVPS1,-43.6251096107016,Baseload
2022-01-23,CSPVPS1,3.638652789577449,Baseload
2022-01-30,CSPVPS1,-29.021829114724,Baseload
2022-02-06,CSPVPS1,-201.5604282950285,Baseload
2022-02-13,CSPVPS1,-20.491192562401444,Baseload
2022-02-20,CSPVPS1,-22.090260509937437,Baseload
2022-02-27,CSPVPS1,0.23784504512002513,Baseload
2022-03-06,CSPVPS1,-14.876744172208873,Baseload
2022-03-13,CSPVPS1,-200.17103939669573,Baseload
2022-03-20,CSPVPS1,-35.11841961231676,Baseload
2022-03-27,CSPVPS1,-22.293505598023415,Baseload
2022-04-03,CSPVPS1,-74.74488087917526,Baseload
2022-04-10,CSPVPS1,-87.09782942925048,Baseload
2022-04-17,CSPVPS1,-69.45968842213934,Baseload
2022-04-24,CSPVPS1,-77.44115127715087,Baseload
2022-05-01,CSPVPS1,-101.6976483889863,Baseload
2022-05-08,CSPVPS1,-250.1516374779305,Baseload
2022-05-15,CSPVPS1,-48.67878224633199,Baseload
2022-05-22,CSPVPS1,-36.44780523131726,Baseload
2022-05-29,CSPVPS1,-85.93090864406417,Baseload
2022-06-05,CSPVPS1,-167.01157634596575,Baseload
2022-06-12,CSPVPS1,-475.4383314951737,Baseload
2022-06-19,CSPVPS1,-21.632803121253716,Baseload
2022-06-26,CSPVPS1,-108.44257008524875,Baseload
2022-07-03,CSPVPS1,-87.87043908711252,Baseload
2022-07-10,CSPVPS1,-421.45617692097176,Baseload
2022-07-17,CSPVPS1,-251.26840700508714,Baseload
2022-07-24,CSPVPS1,-141.52821559882594,Baseload
2022-07-31,CSPVPS1,-141.83364700450778,Baseload
2022-08-07,CSPVPS1,-66.9728277645531,Baseload
2022-08-14,CSPVPS1,-82.31316008150229,Baseload
2022-08-21,CSPVPS1,-140.01187934142584,Baseload
2022-08-28,CSPVPS1,-98.32546920924563,Baseload
2022-09-04,CSPVPS1,-49.49715557312908,Baseload
2022-09-11,CSPVPS1,-98.08030651093688,Baseload
2022-09-18,CSPVPS1,-144.8194794780445,Baseload
2022-09-25,CSPVPS1,-81.87681439765856,Baseload
2022-10-02,CSPVPS1,-65.39172107818874,Baseload
2022-10-09,CSPVPS1,-59.22005504146482,Baseload
2022-10-16,CSPVPS1,-60.08723091002176,Baseload
2022-10-23,CSPVPS1,-34.073218401702505,Baseload
2022-10-30,CSPVPS1,-93.13117729348865,Baseload
2022-11-06,CSPVPS1,-70.84528789823167,Baseload
2022-11-13,CSPVPS1,-54.13884288039332,Baseload
2022-11-20,CSPVPS1,-90.43334169098782,Baseload
2022-11-27,CSPVPS1,-73.35168561513157,Baseload
2022-12-04,CSPVPS1,-55.63231542036431,Baseload
2022-12-11,CSPVPS1,-75.50534245227874,Baseload
2022-12-18,CSPVPS1,-69.69681394603391,Baseload
2022-12-25,CSPVPS1,-49.1290147819755,Baseload
2023-01-01,CSPVPS1,-46.30753324564087,Baseload
2023-01-08,CSPVPS1,-43.49641653190895,Baseload
2023-01-15,CSPVPS1,-25.354648257665175,Baseload
2023-01-22,CSPVPS1,-34.977087007395156,Baseload
2023-01-29,CSPVPS1,-36.80520651705761,Baseload
2023-02-05,CSPVPS1,-58.239211816350576,Baseload
2023-02-12,CSPVPS1,-38.67510782394915,Baseload
2023-02-19,CSPVPS1,-33.9337212003368,Baseload
2023-02-26,CSPVPS1,-35.031423812892605,Baseload
2023-03-05,CSPVPS1,-42.359163244688325,Baseload
2023-03-12,CSPVPS1,-18.00121313971968,Baseload
2023-03-19,CSPVPS1,-104.44562341158088,Baseload
2023-03-26,CSPVPS1,-41.336539744057305,Baseload
2023-04-02,CSPVPS1,-44.23440260448176,Baseload
2023-04-09,CSPVPS1,-70.06276554959068,Baseload
2023-04-16,CSPVPS1,-101.3444526055285,Baseload
2023-04-23,CSPVPS1,-68.10104748834394,Baseload
2023-04-30,CSPVPS1,-57.986370820302156,Baseload
2023-05-07,CSPVPS1,-89.40975812885674,Baseload
2023-05-14,CSPVPS1,-93.02491729778663,Baseload
2023-05-21,CSPVPS1,-90.73201935252274,Baseload
2023-05-28,CSPVPS1,-187.7838835148881,Baseload
2023-06-04,CSPVPS1,-97.38293946136426,Baseload
2023-06-11,CSPVPS1,-32.75821084151273,Baseload
2023-06-18,CSPVPS1,-76.30926593901108,Baseload
2023-06-25,CSPVPS1,-86.83920176373059,Baseload
2023-07-02,CSPVPS1,-65.92990615892428,Baseload
2023-07-09,CSPVPS1,-58.24738057769292,Baseload
2023-07-16,CSPVPS1,-52.544856066455004,Baseload
2023-07-23,CSPVPS1,-72.27288045034355,Baseload
2023-07-30,CSPVPS1,-82.71580401603401,Baseload
2023-08-06,CSPVPS1,-75.2501281970051,Baseload
2023-08-13,CSPVPS1,-74.4198418926824,Baseload
2023-08-20,CSPVPS1,-86.38972841165167,Baseload
2023-08-27,CSPVPS1,-77.76750947695926,Baseload
2023-09-03,CSPVPS1,-72.59163989244544,Baseload
2023-09-10,CSPVPS1,-81.80907995574059,Baseload
2023-09-17,CSPVPS1,-71.10343921617778,Baseload
2023-09-24,CSPVPS1,-57.030205625881564,Baseload
2023-10-01,CSPVPS1,-61.22583834343244,Baseload
2023-10-08,CSPVPS1,-51.41490289160918,Baseload
2023-10-15,CSPVPS1,-61.59383822413227,Baseload
2023-10-22,CSPVPS1,-62.46208460911788,Baseload
2023-10-29,CSPVPS1,-52.43865437468821,Baseload
2023-11-05,CSPVPS1,-40.440519220435704,Baseload
2023-11-12,CSPVPS1,-71.14744205084651,Baseload
2023-11-19,CSPVPS1,-67.9502809530851,Baseload
2023-11-26,CSPVPS1,-23.52827357914773,Baseload
2023-12-03,CSPVPS1,-40.83166447372537,Baseload
2023-12-10,CSPVPS1,-51.37478779213282,Baseload
2023-12-17,CSPVPS1,-34.837368762635045,Baseload
2023-12-24,CSPVPS1,-32.35463646873393,Baseload
2023-12-31,CSPVPS1,-122.83242586017775,Baseload
2024-01-07,CSPVPS1,-27.785495411003797,Baseload
2024-01-14,CSPVPS1,-39.489145019695464,Baseload
2024-01-21,CSPVPS1,-146.70701341122862,Baseload
2024-01-28,CSPVPS1,-106.36200637157674,Baseload
2024-02-04,CSPVPS1,-86.09088583371711,Baseload
2024-02-11,CSPVPS1,-47.114578649858935,Baseload
2024-02-18,CSPVPS1,-36.100263901755994,Baseload
2024-02-25,CSPVPS1,-64.461917407383,Baseload
2024-03-03,CSPVPS1,-104.43823754889766,Baseload
2024-03-10,CSPVPS1,-32.63289799244782,Baseload
2024-03-17,CSPVPS1,-38.90151423572037,Baseload
2024-03-24,CSPVPS1,-24.35758193714218,Baseload
2024-03-31,CSPVPS1,-37.19055317601495,Baseload
2024-04-07,CSPVPS1,-31.412157646486882,Baseload
2024-04-14,CSPVPS1,-64.80158804400729,Baseload
2024-04-21,CSPVPS1,-49.492871395049605,Baseload
2024-04-28,CSPVPS1,-66.16368260836289,Baseload
2024-05-05,CSPVPS1,-60.73805672795033,Baseload
2024-05-12,CSPVPS1,-90.86808127776594,Baseload
2024-05-19,CSPVPS1,-77.82446889234592,Baseload
2024-05-26,CSPVPS1,-102.15095417249549,Baseload
2024-06-02,CSPVPS1,-54.22185334898734,Baseload
2024-06-09,CSPVPS1,-87.82984179676335,Baseload
2024-06-16,CSPVPS1,-98.1185218202046,Baseload
2024-06-23,CSPVPS1,-137.12675417644033,Baseload
2024-06-30,CSPVPS1,-63.79627155121134,Baseload
2024-07-07,CSPVPS1,-53.04920454012185,Baseload
2024-07-14,CSPVPS1,-78.2630366593291,Baseload
2024-07-21,CSPVPS1,-76.3015151358659,Baseload
2024-07-28,CSPVPS1,-65.32966576003354,Baseload
2024-08-04,CSPVPS1,-187.97943072586673,Baseload
2024-08-11,CSPVPS1,-178.13943885245823,Baseload
2024-08-18,CSPVPS1,-75.45549803939355,Baseload
2024-08-25,CSPVPS1,-77.76820089711894,Baseload
2024-09-01,CSPVPS1,-72.8450284489169,Baseload
2024-09-08,CSPVPS1,-72.90809708489664,Baseload
2024-09-15,CSPVPS1,-67.13376019989676,Baseload
2024-09-22,CSPVPS1,-77.50615935560958,Baseload
2024-09-29,CSPVPS1,-75.09532432602022,Baseload
2024-10-06,CSPVPS1,-80.57895450209094,Baseload
2024-10-13,CSPVPS1,-93.72263530575935,Baseload
2024-10-20,CSPVPS1,-70.30919418452703,Baseload
2024-10-27,CSPVPS1,-89.43049733690397,Baseload
2024-11-03,CSPVPS1,-79.58678509476346,Baseload
2024-11-10,CSPVPS1,-252.90414346555593,Baseload
2024-11-17,CSPVPS1,-78.51246675215675,Baseload
2024-11-24,CSPVPS1,-89.28861928657147,Baseload
2024-12-01,CSPVPS1,-69.75738963793535,Baseload
2024-12-08,CSPVPS1,-122.07133652970379,Baseload
2024-12-15,CSPVPS1,-84.4951724567111,Baseload
2024-12-22,CSPVPS1,-59.66580223535524,Baseload
2024-12-29,CSPVPS1,-68.05091574001133,Baseload
2025-01-05,CSPVPS1,-48.71842959277285,Baseload
2020-01-05,DAYDSF1,-3.21445303120629,Baseload
2020-01-12,DAYDSF1,-2.176004825237591,Baseload
2020-01-19,DAYDSF1,-2.445394468927617,Baseload
2020-01-26,DAYDSF1,-8.06969357578501,Baseload
2020-02-02,DAYDSF1,14.222919662002369,Baseload
2020-02-09,DAYDSF1,-0.3202266448291624,Baseload
2020-02-16,DAYDSF1,-2.9737765919449757,Baseload
2020-02-23,DAYDSF1,-2.0162844405066096,Baseload
2020-03-01,DAYDSF1,-5.109749185998872,Baseload
2020-03-08,DAYDSF1,-3.6035817280612292,Baseload
2020-03-15,DAYDSF1,-10.13142826085302,Baseload
2020-03-22,DAYDSF1,-9.575012534960536,Baseload
2020-03-29,DAYDSF1,-3.7511455375281813,Baseload
2020-04-05,DAYDSF1,-6.2395069104349545,Baseload
2020-04-12,DAYDSF1,-11.913969252512942,Baseload
2020-04-19,DAYDSF1,-10.003983363950706,Baseload
2020-04-26,DAYDSF1,-10.728122987951956,Baseload
2020-05-03,DAYDSF1,-0.1113372604858256,Baseload
2020-05-10,DAYDSF1,-11.240918688366378,Baseload
2020-05-17,DAYDSF1,-10.556007103337514,Baseload
2020-05-24,DAYDSF1,-10.478884086810293,Baseload
2020-05-31,DAYDSF1,-12.831273614787495,Baseload
2020-06-07,DAYDSF1,-13.857281933467345,Baseload
2020-06-14,DAYDSF1,-12.37985653999014,Baseload
2020-06-21,DAYDSF1,-8.442819070262129,Baseload
2020-06-28,DAYDSF1,-21.19633419593712,Baseload
2020-07-05,DAYDSF1,-7.184754658386822,Baseload
2020-07-12,DAYDSF1,-8.939799228700188,Baseload
2020-07-19,DAYDSF1,-15.145092188763936,Baseload
2020-07-26,DAYDSF1,-14.22056271106461,Baseload
2020-08-02,DAYDSF1,-11.756158375826125,Baseload
2020-08-09,DAYDSF1,-4.380026069936225,Baseload
2020-08-16,DAYDSF1,-10.534966341975984,Baseload
2020-08-23,DAYDSF1,-20.883747702047213,Baseload
2020-08-30,DAYDSF1,-28.570410681092397,Baseload
2020-09-06,DAYDSF1,-24.64070249240129,Baseload
2020-09-13,DAYDSF1,-16.62554338000418,Baseload
2020-09-20,DAYDSF1,-16.568712691629354,Baseload
2020-09-27,DAYDSF1,-13.790633523072714,Baseload
2020-10-04,DAYDSF1,-21.49605639962438,Baseload
2020-10-11,DAYDSF1,-20.080046837579,Baseload
2020-10-18,DAYDSF1,1.6150031635554356,Baseload
2020-10-25,DAYDSF1,-11.99412559440831,Baseload
2020-11-01,DAYDSF1,-7.805625337080592,Baseload
2020-11-08,DAYDSF1,-17.014523621127854,Baseload
2020-11-15,DAYDSF1,-15.631667079075672,Baseload
2020-11-22,DAYDSF1,0.23172199654569425,Baseload
2020-11-29,DAYDSF1,-9.183223986836332,Baseload
2020-12-06,DAYDSF1,-2.390161224155335,Baseload
2020-12-13,DAYDSF1,-8.648171703561033,Baseload
2020-12-20,DAYDSF1,9.64024311840707,Baseload
2020-12-27,DAYDSF1,-3.3860860474094636,Baseload
2021-01-03,DAYDSF1,-11.790445443742332,Baseload
2021-01-10,DAYDSF1,-3.196728589797246,Baseload
2021-01-17,DAYDSF1,-10.663482892823687,Baseload
2021-01-24,DAYDSF1,-15.58806565292609,Baseload
2021-01-31,DAYDSF1,-3.722444351663796,Baseload
2021-02-07,DAYDSF1,-4.458723268961414,Baseload
2021-02-14,DAYDSF1,-8.166569541520893,Baseload
2021-02-21,DAYDSF1,-4.506248760451214,Baseload
2021-02-28,DAYDSF1,-15.774906563893055,Baseload
2021-03-07,DAYDSF1,-19.069452440028186,Baseload
2021-03-14,DAYDSF1,-17.408902533061763,Baseload
2021-03-21,DAYDSF1,-1.5682211558827035,Baseload
2021-03-28,DAYDSF1,-8.958665276157546,Baseload
2021-04-04,DAYDSF1,-10.828006198095693,Baseload
2021-04-11,DAYDSF1,0.25539962439290775,Baseload
2021-04-18,DAYDSF1,-34.08617105513863,Baseload
2021-04-25,DAYDSF1,-62.23067865895603,Baseload
2021-05-02,DAYDSF1,-23.083902191744897,Baseload
2021-05-09,DAYDSF1,-4.4588546212409526,Baseload
2021-05-16,DAYDSF1,-14.01438272951708,Baseload
2021-05-23,DAYDSF1,-46.48503763016298,Baseload
2021-05-30,DAYDSF1,-277.2403280896552,Baseload
2021-06-06,DAYDSF1,-192.90924487420935,Baseload
2021-06-13,DAYDSF1,-160.12110369279378,Baseload
2021-06-20,DAYDSF1,-135.97994710669485,Baseload
2021-06-27,DAYDSF1,-50.60125160169945,Baseload
2021-07-04,DAYDSF1,-46.63415648816213,Baseload
2021-07-11,DAYDSF1,-65.03493240661606,Baseload
2021-07-18,DAYDSF1,-52.549079484333376,Baseload
2021-07-25,DAYDSF1,-140.80145146834786,Baseload
2021-08-01,DAYDSF1,-34.8245137589341,Baseload
2021-08-08,DAYDSF1,-24.1140449612071,Baseload
2021-08-15,DAYDSF1,-25.64084395527504,Baseload
2021-08-22,DAYDSF1,-34.40341039961338,Baseload
2021-08-29,DAYDSF1,-39.04750297312101,Baseload
2021-09-05,DAYDSF1,-32.15772896566385,Baseload
2021-09-12,DAYDSF1,-32.618508503327874,Baseload
2021-09-19,DAYDSF1,-40.22263072638634,Baseload
2021-09-26,DAYDSF1,-45.9052281815778,Baseload
2021-10-03,DAYDSF1,-7.582408497252324,Baseload
2021-10-10,DAYDSF1,-43.31376326165683,Baseload
2021-10-17,DAYDSF1,-22.759576413343165,Baseload
2021-10-24,DAYDSF1,-42.25987591199595,Baseload
2021-10-31,DAYDSF1,-28.0571256189481,Baseload
2021-11-07,DAYDSF1,-29.108754760438764,Baseload
2021-11-14,DAYDSF1,106.6048431249842,Baseload
2021-11-21,DAYDSF1,-15.287534381475595,Baseload
2021-11-28,DAYDSF1,2.373071953529916,Baseload
2021-12-05,DAYDSF1,-17.833708157314767,Baseload
2021-12-12,DAYDSF1,-115.19247693900678,Baseload
2021-12-19,DAYDSF1,-30.8570344537153,Baseload
2021-12-26,DAYDSF1,-110.8672456532711,Baseload
2022-01-02,DAYDSF1,-19.018757548194984,Baseload
2022-01-09,DAYDSF1,-22.04935933075585,Baseload
2022-01-16,DAYDSF1,-41.289512097450526,Baseload
2022-01-23,DAYDSF1,-1.8322976278843868,Baseload
2022-01-30,DAYDSF1,-29.372727225977386,Baseload
2022-02-06,DAYDSF1,-151.60684762334319,Baseload
2022-02-13,DAYDSF1,-20.192737952750207,Baseload
2022-02-20,DAYDSF1,-23.46971542573131,Baseload
2022-02-27,DAYDSF1,-0.6781066812224736,Baseload
2022-03-06,DAYDSF1,-15.379978272686486,Baseload
2022-03-13,DAYDSF1,-199.79714419117596,Baseload
2022-03-20,DAYDSF1,-35.12467525703839,Baseload
2022-03-27,DAYDSF1,-21.17975642757682,Baseload
2022-04-03,DAYDSF1,-70.273627055966,Baseload
2022-04-10,DAYDSF1,-85.43172208594444,Baseload
2022-04-17,DAYDSF1,-61.90566955546372,Baseload
2022-04-24,DAYDSF1,-77.61766449459407,Baseload
2022-05-01,DAYDSF1,-95.17785015169648,Baseload
2022-05-08,DAYDSF1,-228.80050745429014,Baseload
2022-05-15,DAYDSF1,-55.22511630458075,Baseload
2022-05-22,DAYDSF1,-37.70700035464961,Baseload
2022-05-29,DAYDSF1,-71.96456376902228,Baseload
2022-06-05,DAYDSF1,-141.01804445888126,Baseload
2022-06-12,DAYDSF1,-393.34722211709993,Baseload
2022-06-19,DAYDSF1,-18.75303851243814,Baseload
2022-06-26,DAYDSF1,-104.28411427132065,Baseload
2022-07-03,DAYDSF1,-80.14540005514493,Baseload
2022-07-10,DAYDSF1,-415.5681802732556,Baseload
2022-07-17,DAYDSF1,-218.93891177475717,Baseload
2022-07-24,DAYDSF1,-125.47068967281007,Baseload
2022-07-31,DAYDSF1,-122.72066348047929,Baseload
2022-08-07,DAYDSF1,-59.57236552726867,Baseload
2022-08-14,DAYDSF1,-72.32986692530085,Baseload
2022-08-21,DAYDSF1,-106.77068694681684,Baseload
2022-08-28,DAYDSF1,-79.75378360452734,Baseload
2022-09-04,DAYDSF1,-49.38512254417573,Baseload
2022-09-11,DAYDSF1,-89.9019891913721,Baseload
2022-09-18,DAYDSF1,-116.77350720474456,Baseload
2022-09-25,DAYDSF1,-72.34195400537064,Baseload
2022-10-02,DAYDSF1,-60.6369570972161,Baseload
2022-10-09,DAYDSF1,-55.898998726982285,Baseload
2022-10-16,DAYDSF1,-76.8727167727568,Baseload
2022-10-23,DAYDSF1,-32.508768573827155,Baseload
2022-10-30,DAYDSF1,-88.43783388320698,Baseload
2022-11-06,DAYDSF1,-52.9544099811647,Baseload
2022-11-13,DAYDSF1,-50.7852391047009,Baseload
2022-11-20,DAYDSF1,-86.8910059363852,Baseload
2022-11-27,DAYDSF1,-69.48118051788262,Baseload
2022-12-04,DAYDSF1,-54.54040357475472,Baseload
2022-12-11,DAYDSF1,-67.63756066698323,Baseload
2022-12-18,DAYDSF1,-63.250069154009665,Baseload
2022-12-25,DAYDSF1,-48.1759074604101,Baseload
2023-01-01,DAYDSF1,-41.181998192410376,Baseload
2023-01-08,DAYDSF1,-39.34573154248985,Baseload
2023-01-15,DAYDSF1,-38.9482836507128,Baseload
2023-01-22,DAYDSF1,-46.32282065419693,Baseload
2023-01-29,DAYDSF1,-27.608027679110677,Baseload
2023-02-05,DAYDSF1,-54.02047445531689,Baseload
2023-02-12,DAYDSF1,-37.67670763628414,Baseload
2023-02-19,DAYDSF1,-31.87053187372716,Baseload
2023-02-26,DAYDSF1,-41.08466054865859,Baseload
2023-03-05,DAYDSF1,-37.07517273187366,Baseload
2023-03-12,DAYDSF1,-17.114446703912975,Baseload
2023-03-19,DAYDSF1,-91.5153111345787,Baseload
2023-03-26,DAYDSF1,-36.144564513009286,Baseload
2023-04-02,DAYDSF1,-64.05435778611677,Baseload
2023-04-09,DAYDSF1,-56.83783559030196,Baseload
2023-04-16,DAYDSF1,-86.7486547467281,Baseload
2023-04-23,DAYDSF1,-63.96040507030031,Baseload
2023-04-30,DAYDSF1,-52.136406329583394,Baseload
2023-05-07,DAYDSF1,-80.3477009236195,Baseload
2023-05-14,DAYDSF1,-81.81911283067103,Baseload
2023-05-21,DAYDSF1,-89.55973556065258,Baseload
2023-05-28,DAYDSF1,-176.55344216882915,Baseload
2023-06-04,DAYDSF1,-89.82414742372114,Baseload
2023-06-11,DAYDSF1,-30.611842781125077,Baseload
2023-06-18,DAYDSF1,-71.44931873738017,Baseload
2023-06-25,DAYDSF1,-77.5896648657748,Baseload
2023-07-02,DAYDSF1,-56.060653298881164,Baseload
2023-07-09,DAYDSF1,-59.42105731293175,Baseload
2023-07-16,DAYDSF1,-47.3092543233739,Baseload
2023-07-23,DAYDSF1,-67.53305296875,Baseload
2023-07-30,DAYDSF1,-74.266425980412,Baseload
2023-08-06,DAYDSF1,-68.38883863630346,Baseload
2023-08-13,DAYDSF1,-66.679073692283,Baseload
2023-08-20,DAYDSF1,-75.99842278278506,Baseload
2023-08-27,DAYDSF1,-70.29992310003786,Baseload
2023-09-03,DAYDSF1,-66.51167535397501,Baseload
2023-09-10,DAYDSF1,-75.05610273319513,Baseload
2023-09-17,DAYDSF1,-65.8725733363443,Baseload
2023-09-24,DAYDSF1,-51.711773252581786,Baseload
2023-10-01,DAYDSF1,-55.20433565387114,Baseload
2023-10-08,DAYDSF1,-48.036214616642965,Baseload
2023-10-15,DAYDSF1,-55.7732952876143,Baseload
2023-10-22,DAYDSF1,-58.30680546679505,Baseload
2023-10-29,DAYDSF1,-46.22389030113667,Baseload
2023-11-05,DAYDSF1,-36.58978339292038,Baseload
2023-11-12,DAYDSF1,-64.62845058291623,Baseload
2023-11-19,DAYDSF1,-53.274365132569436,Baseload
2023-11-26,DAYDSF1,-21.115482873203703,Baseload
2023-12-03,DAYDSF1,-39.692872087034885,Baseload
2023-12-10,DAYDSF1,-44.71935249279304,Baseload
2023-12-17,DAYDSF1,-35.822549255310335,Baseload
2023-12-24,DAYDSF1,-28.23089241010311,Baseload
2023-12-31,DAYDSF1,-118.47591186541494,Baseload
2024-01-07,DAYDSF1,-27.21911449053948,Baseload
2024-01-14,DAYDSF1,-42.566503846019806,Baseload
2024-01-21,DAYDSF1,-152.79479961076294,Baseload
2024-01-28,DAYDSF1,-68.73662460254194,Baseload
2024-02-04,DAYDSF1,-63.93792302480365,Baseload
2024-02-11,DAYDSF1,-43.889682022224584,Baseload
2024-02-18,DAYDSF1,-33.51297722390137,Baseload
2024-02-25,DAYDSF1,-61.43646657731405,Baseload
2024-03-03,DAYDSF1,-112.70539840769753,Baseload
2024-03-10,DAYDSF1,-33.665012653867045,Baseload
2024-03-17,DAYDSF1,-37.64399381350277,Baseload
2024-03-24,DAYDSF1,-24.984001509297755,Baseload
2024-03-31,DAYDSF1,-39.78420515678742,Baseload
2024-04-07,DAYDSF1,-31.193064771220946,Baseload
2024-04-14,DAYDSF1,-60.909720816520895,Baseload
2024-04-21,DAYDSF1,-50.107103491823125,Baseload
2024-04-28,DAYDSF1,-64.02098155148245,Baseload
2024-05-05,DAYDSF1,-56.36964100783756,Baseload
2024-05-12,DAYDSF1,-77.03714623986824,Baseload
2024-05-19,DAYDSF1,-79.49811592253472,Baseload
2024-05-26,DAYDSF1,-95.06790310025657,Baseload
2024-06-02,DAYDSF1,-49.796173021422106,Baseload
2024-06-09,DAYDSF1,-70.96525734152998,Baseload
2024-06-16,DAYDSF1,-86.00235281034502,Baseload
2024-06-23,DAYDSF1,-118.39627156949953,Baseload
2024-06-30,DAYDSF1,-55.84020220849839,Baseload
2024-07-07,DAYDSF1,-26.968402822228526,Baseload
2024-07-14,DAYDSF1,-73.37540271346003,Baseload
2024-07-21,DAYDSF1,-65.31128210827995,Baseload
2024-07-28,DAYDSF1,-59.40876136313442,Baseload
2024-08-04,DAYDSF1,-172.85061509228754,Baseload
2024-08-11,DAYDSF1,-163.87068773574794,Baseload
2024-08-18,DAYDSF1,-71.78861144243481,Baseload
2024-08-25,DAYDSF1,-66.7647001088095,Baseload
2024-09-01,DAYDSF1,-56.29126716492636,Baseload
2024-09-08,DAYDSF1,-65.95688768017388,Baseload
2024-09-15,DAYDSF1,-59.92069835899391,Baseload
2024-09-22,DAYDSF1,-71.41253950907185,Baseload
2024-09-29,DAYDSF1,-69.76795247905652,Baseload
2024-10-06,DAYDSF1,-71.27680710494629,Baseload
2024-10-13,DAYDSF1,-84.00346403648916,Baseload
2024-10-20,DAYDSF1,-65.74098258782094,Baseload
2024-10-27,DAYDSF1,-71.9790209499114,Baseload
2024-11-03,DAYDSF1,-63.04408391688737,Baseload
2024-11-10,DAYDSF1,-242.38209176152577,Baseload
2024-11-17,DAYDSF1,-67.51525677205106,Baseload
2024-11-24,DAYDSF1,-77.85449469011961,Baseload
2024-12-01,DAYDSF1,-60.08358825287762,Baseload
2024-12-08,DAYDSF1,-106.65451656265432,Baseload
2024-12-15,DAYDSF1,-81.73987787912986,Baseload
2024-12-22,DAYDSF1,-57.55165240437404,Baseload
2024-12-29,DAYDSF1,-53.35771335966143,Baseload
2025-01-05,DAYDSF1,-45.92792782969702,Baseload
2020-01-05,DDSF1,-0.3301990542375819,Baseload
2020-01-12,DDSF1,-1.3870241515839723,Baseload
2020-01-19,DDSF1,-0.9918525070084172,Baseload
2020-01-26,DDSF1,-6.867966822693617,Baseload
2020-02-02,DDSF1,-7.992048144921256,Baseload
2020-02-09,DDSF1,-0.2649658694472805,Baseload
2020-02-16,DDSF1,-3.1724854968182044,Baseload
2020-02-23,DDSF1,2.389561259370531,Baseload
2020-03-01,DDSF1,-4.19557934256693,Baseload
2020-03-08,DDSF1,-2.818169586067256,Baseload
2020-03-15,DDSF1,-9.383711270956038,Baseload
2020-03-22,DDSF1,-10.020186711312203,Baseload
2020-03-29,DDSF1,-5.574939399658199,Baseload
2020-04-05,DDSF1,-8.840410525092025,Baseload
2020-04-12,DDSF1,-13.345053114254139,Baseload
2020-04-19,DDSF1,-11.69126250637806,Baseload
2020-04-26,DDSF1,-12.490942177314572,Baseload
2020-05-03,DDSF1,-14.176640062797876,Baseload
2020-05-10,DDSF1,-12.8386591190377,Baseload
2020-05-17,DDSF1,-12.46754035435956,Baseload
2020-05-24,DDSF1,-9.542923740792698,Baseload
2020-05-31,DDSF1,-14.791967229392398,Baseload
2020-06-07,DDSF1,-16.6015303507544,Baseload
2020-06-14,DDSF1,-14.712038718332366,Baseload
2020-06-21,DDSF1,-7.270121871035055,Baseload
2020-06-28,DDSF1,-23.841794494347656,Baseload
2020-07-05,DDSF1,-14.066248936885568,Baseload
2020-07-12,DDSF1,-11.394016127463214,Baseload
2020-07-19,DDSF1,-18.497708404814215,Baseload
2020-07-26,DDSF1,-14.830309354718683,Baseload
2020-08-02,DDSF1,-13.087842538968207,Baseload
2020-08-09,DDSF1,-8.655147939450014,Baseload
2020-08-16,DDSF1,-23.661634384744907,Baseload
2020-08-23,DDSF1,-26.10583910864763,Baseload
2020-08-30,DDSF1,-31.93433934273135,Baseload
2020-09-06,DDSF1,-29.880709341440987,Baseload
2020-09-13,DDSF1,-14.075312709219368,Baseload
2020-09-20,DDSF1,-19.981617863667463,Baseload
2020-09-27,DDSF1,-24.930922783621327,Baseload
2020-10-04,DDSF1,-22.977879762502216,Baseload
2020-10-11,DDSF1,-22.71559127793665,Baseload
2020-10-18,DDSF1,2.107437187437256,Baseload
2020-10-25,DDSF1,-16.610539100997,Baseload
2020-11-01,DDSF1,-6.872271601772745,Baseload
2020-11-08,DDSF1,-18.67775179469956,Baseload
2020-11-15,DDSF1,-17.7976149089728,Baseload
2020-11-22,DDSF1,9.379383936363531,Baseload
2020-11-29,DDSF1,-20.706232297641254,Baseload
2020-12-06,DDSF1,4.2485731136330855,Baseload
2020-12-13,DDSF1,-9.14915649952961,Baseload
2020-12-20,DDSF1,3.6430671312647718,Baseload
2020-12-27,DDSF1,-9.820668316027053,Baseload
2021-01-03,DDSF1,-9.785443398897812,Baseload
2021-01-10,DDSF1,-1.748884754131879,Baseload
2021-01-17,DDSF1,-8.218443234944104,Baseload
2021-01-24,DDSF1,-2.9862881757162967,Baseload
2021-01-31,DDSF1,-4.958423130902737,Baseload
2021-02-07,DDSF1,-5.64494998824842,Baseload
2021-02-14,DDSF1,-7.265500306979952,Baseload
2021-02-21,DDSF1,-3.2828241428753984,Baseload
2021-02-28,DDSF1,-11.012693218652082,Baseload
2021-03-07,DDSF1,-17.43364594805573,Baseload
2021-03-14,DDSF1,-27.50643682924232,Baseload
2021-03-21,DDSF1,-0.36127797264857264,Baseload
2021-03-28,DDSF1,-20.928985402323978,Baseload
2021-04-04,DDSF1,-11.187106986512138,Baseload
2021-04-11,DDSF1,6.03674765333357,Baseload
2021-04-18,DDSF1,-35.16390942447735,Baseload
2021-04-25,DDSF1,-46.64196273698292,Baseload
2021-05-02,DDSF1,-23.444543992165663,Baseload
2021-05-09,DDSF1,-15.607321896584757,Baseload
2021-05-16,DDSF1,-54.267503660422086,Baseload
2021-05-23,DDSF1,-52.67338927718899,Baseload
2021-05-30,DDSF1,-229.845995925,Baseload
2021-06-06,DDSF1,-227.61364835526365,Baseload
2021-06-13,DDSF1,-179.56348395511282,Baseload
2021-06-20,DDSF1,-128.82723612509903,Baseload
2021-06-27,DDSF1,-61.66002252624013,Baseload
2021-07-04,DDSF1,-42.395596086943385,Baseload
2021-07-11,DDSF1,-90.59763926215294,Baseload
2021-07-18,DDSF1,-62.003261690738825,Baseload
2021-07-25,DDSF1,-164.62308325712306,Baseload
2021-08-01,DDSF1,-42.319829558010014,Baseload
2021-08-08,DDSF1,-30.44089940107038,Baseload
2021-08-15,DDSF1,-26.837256258518888,Baseload
2021-08-22,DDSF1,-42.78103465855901,Baseload
2021-08-29,DDSF1,-44.051587058493496,Baseload
2021-09-05,DDSF1,-38.44453827328779,Baseload
2021-09-12,DDSF1,-43.35418295637309,Baseload
2021-09-19,DDSF1,-35.433410603743795,Baseload
2021-09-26,DDSF1,-46.02765508957719,Baseload
2021-10-03,DDSF1,-24.149655654145064,Baseload
2021-10-10,DDSF1,-64.70126590558422,Baseload
2021-10-17,DDSF1,-17.441446149730286,Baseload
2021-10-24,DDSF1,-60.32471977277063,Baseload
2021-10-31,DDSF1,-37.35768222882795,Baseload
2021-11-07,DDSF1,-31.121027924248217,Baseload
2021-11-14,DDSF1,-62.47555441241515,Baseload
2021-11-21,DDSF1,-26.827173750643595,Baseload
2021-11-28,DDSF1,-7.843825423507909,Baseload
2021-12-05,DDSF1,-22.855502607730905,Baseload
2021-12-12,DDSF1,-113.8156419414935,Baseload
2021-12-19,DDSF1,-31.84484019125373,Baseload
2021-12-26,DDSF1,-114.93617447840754,Baseload
2022-01-02,DDSF1,-23.27362477738231,Baseload
2022-01-09,DDSF1,-18.15479626500219,Baseload
2022-01-16,DDSF1,-43.67542421924007,Baseload
2022-01-23,DDSF1,-10.332065547699287,Baseload
2022-01-30,DDSF1,-24.938576477238442,Baseload
2022-02-06,DDSF1,-276.94542847399066,Baseload
2022-02-13,DDSF1,-21.671959934946855,Baseload
2022-02-20,DDSF1,-17.394148690784206,Baseload
2022-02-27,DDSF1,-2.979019399227724,Baseload
2022-03-06,DDSF1,-15.241901738756823,Baseload
2022-03-13,DDSF1,-196.9538816803517,Baseload
2022-03-20,DDSF1,-32.851084244158145,Baseload
2022-03-27,DDSF1,-35.87512286757941,Baseload
2022-04-03,DDSF1,-74.77768320475705,Baseload
2022-04-10,DDSF1,-76.39611233478087,Baseload
2022-04-17,DDSF1,-63.27204078411147,Baseload
2022-04-24,DDSF1,-65.28672053299269,Baseload
2022-05-01,DDSF1,-100.72101404474839,Baseload
2022-05-08,DDSF1,-261.1227711198356,Baseload
2022-05-15,DDSF1,-51.44756420596434,Baseload
2022-05-22,DDSF1,-52.33442787130252,Baseload
2022-05-29,DDSF1,-83.07210395483114,Baseload
2022-06-05,DDSF1,-205.71604418430036,Baseload
2022-06-12,DDSF1,-473.73651575849806,Baseload
2022-06-19,DDSF1,-8.63436775175441,Baseload
2022-06-26,DDSF1,-124.30751451921904,Baseload
2022-07-03,DDSF1,-122.55765182509359,Baseload
2022-07-10,DDSF1,-388.4202709573762,Baseload
2022-07-17,DDSF1,-277.20604220479987,Baseload
2022-07-24,DDSF1,-175.17348070355652,Baseload
2022-07-31,DDSF1,-141.35803494942215,Baseload
2022-08-07,DDSF1,-74.43024880036793,Baseload
2022-08-14,DDSF1,-95.12013315030887,Baseload
2022-08-21,DDSF1,-136.05684258414487,Baseload
2022-08-28,DDSF1,-96.67270301136699,Baseload
2022-09-04,DDSF1,-51.06074720924069,Baseload
2022-09-11,DDSF1,-98.23192403920694,Baseload
2022-09-18,DDSF1,-150.8392345483207,Baseload
2022-09-25,DDSF1,-98.92567115168032,Baseload
2022-10-02,DDSF1,-64.71570205448552,Baseload
2022-10-09,DDSF1,-69.7098943273814,Baseload
2022-10-16,DDSF1,-85.71926238143323,Baseload
2022-10-23,DDSF1,-28.69658407309518,Baseload
2022-10-30,DDSF1,-94.50363350357395,Baseload
2022-11-06,DDSF1,-93.08866375057826,Baseload
2022-11-13,DDSF1,-54.51323714854042,Baseload
2022-11-20,DDSF1,-94.72849149447342,Baseload
2022-11-27,DDSF1,-82.47757604832125,Baseload
2022-12-04,DDSF1,-67.29494202763274,Baseload
2022-12-11,DDSF1,-79.6682366897618,Baseload
2022-12-18,DDSF1,-71.78055977781474,Baseload
2022-12-25,DDSF1,-60.248700258721854,Baseload
2023-01-01,DDSF1,-49.579559345974396,Baseload
2023-01-08,DDSF1,-54.97817203323284,Baseload
2023-01-15,DDSF1,-32.43087060267442,Baseload
2023-01-22,DDSF1,-31.56026760744645,Baseload
2023-01-29,DDSF1,-42.15900294272379,Baseload
2023-02-05,DDSF1,-74.19415006696352,Baseload
2023-02-12,DDSF1,-43.27573855684803,Baseload
2023-02-19,DDSF1,-41.69004355975745,Baseload
2023-02-26,DDSF1,-32.34565600563559,Baseload
2023-03-05,DDSF1,-47.66096194063741,Baseload
2023-03-12,DDSF1,-30.54835148834094,Baseload
2023-03-19,DDSF1,-103.02599211014787,Baseload
2023-03-26,DDSF1,-44.143112574186226,Baseload
2023-04-02,DDSF1,-111.70932997859599,Baseload
2023-04-09,DDSF1,-75.82151824105394,Baseload
2023-04-16,DDSF1,-103.03744118973749,Baseload
2023-04-23,DDSF1,-68.1857367105136,Baseload
2023-04-30,DDSF1,-58.38682939290026,Baseload
2023-05-07,DDSF1,-92.87271730318007,Baseload
2023-05-14,DDSF1,-98.14919081274287,Baseload
2023-05-21,DDSF1,-116.72397299173957,Baseload
2023-05-28,DDSF1,-186.64115367587618,Baseload
2023-06-04,DDSF1,-101.08229502180617,Baseload
2023-06-11,DDSF1,-38.91820408894056,Baseload
2023-06-18,DDSF1,-78.7313985455198,Baseload
2023-06-25,DDSF1,-97.7202755624558,Baseload
2023-07-02,DDSF1,-81.26903252401908,Baseload
2023-07-09,DDSF1,-74.30686139700188,Baseload
2023-07-16,DDSF1,-53.51994296914479,Baseload
2023-07-23,DDSF1,-71.79238005981439,Baseload
2023-07-30,DDSF1,-79.29775944086427,Baseload
2023-08-06,DDSF1,-78.34576756249375,Baseload
2023-08-13,DDSF1,-78.63877750718204,Baseload
2023-08-20,DDSF1,-100.03774045148712,Baseload
2023-08-27,DDSF1,-78.32164939924687,Baseload
2023-09-03,DDSF1,-76.75993035235743,Baseload
2023-09-10,DDSF1,-83.36799723898473,Baseload
2023-09-17,DDSF1,-71.60927959095679,Baseload
2023-09-24,DDSF1,-60.31369455610773,Baseload
2023-10-01,DDSF1,-64.46930018199684,Baseload
2023-10-08,DDSF1,-54.942039093971545,Baseload
2023-10-15,DDSF1,-63.02404675113223,Baseload
2023-10-22,DDSF1,-61.35357045404192,Baseload
2023-10-29,DDSF1,-55.449447793433315,Baseload
2023-11-05,DDSF1,-49.124876581843026,Baseload
2023-11-12,DDSF1,-75.65544947474372,Baseload
2023-11-19,DDSF1,-80.0306063238776,Baseload
2023-11-26,DDSF1,-30.77427167808282,Baseload
2023-12-03,DDSF1,-48.5133631856191,Baseload
2023-12-10,DDSF1,-55.5798068550811,Baseload
2023-12-17,DDSF1,-42.803200476607586,Baseload
2023-12-24,DDSF1,-42.52400516925602,Baseload
2023-12-31,DDSF1,-129.0300199799949,Baseload
2024-01-07,DDSF1,-29.44629368967736,Baseload
2024-01-14,DDSF1,-38.744202228675135,Baseload
2024-01-21,DDSF1,-167.98220324114368,Baseload
2024-01-28,DDSF1,-115.60683016069596,Baseload
2024-02-04,DDSF1,-107.38376921084958,Baseload
2024-02-11,DDSF1,-44.95062948700737,Baseload
2024-02-18,DDSF1,-39.453405191461464,Baseload
2024-02-25,DDSF1,-67.5790010900796,Baseload
2024-03-03,DDSF1,-100.82748922588196,Baseload
2024-03-10,DDSF1,-37.19800381935217,Baseload
2024-03-17,DDSF1,-44.75454990023428,Baseload
2024-03-24,DDSF1,-28.123888259957546,Baseload
2024-03-31,DDSF1,-52.04869658671724,Baseload
2024-04-07,DDSF1,-43.249026216536436,Baseload
2024-04-14,DDSF1,-71.65338427521885,Baseload
2024-04-21,DDSF1,-71.84164527940517,Baseload
2024-04-28,DDSF1,-70.82887279471282,Baseload
2024-05-05,DDSF1,-70.0023076611037,Baseload
2024-05-12,DDSF1,-82.23390870700099,Baseload
2024-05-19,DDSF1,-94.35224080331831,Baseload
2024-05-26,DDSF1,-104.03707846940317,Baseload
2024-06-02,DDSF1,-69.04239705356507,Baseload
2024-06-09,DDSF1,-90.44096658098886,Baseload
2024-06-16,DDSF1,-104.1423425021427,Baseload
2024-06-23,DDSF1,-153.60547623698326,Baseload
2024-06-30,DDSF1,-61.259123473681306,Baseload
2024-07-07,DDSF1,-70.67452937532897,Baseload
2024-07-14,DDSF1,-87.21737156105955,Baseload
2024-07-21,DDSF1,-87.19354171486324,Baseload
2024-07-28,DDSF1,-67.29427340070512,Baseload
2024-08-04,DDSF1,-191.0885984985657,Baseload
2024-08-11,DDSF1,-199.49887050808803,Baseload
2024-08-18,DDSF1,-102.06430415633655,Baseload
2024-08-25,DDSF1,-80.20496611346405,Baseload
2024-09-01,DDSF1,-74.84591153766043,Baseload
2024-09-08,DDSF1,-74.92658324051368,Baseload
2024-09-15,DDSF1,-71.43921475059034,Baseload
2024-09-22,DDSF1,-77.35481084337704,Baseload
2024-09-29,DDSF1,-83.96830730999723,Baseload
2024-10-06,DDSF1,-82.49971596514862,Baseload
2024-10-13,DDSF1,-99.81232398272235,Baseload
2024-10-20,DDSF1,-73.39961321674679,Baseload
2024-10-27,DDSF1,-95.64070359052185,Baseload
2024-11-03,DDSF1,-87.78592010259618,Baseload
2024-11-10,DDSF1,-271.81824373775686,Baseload
2024-11-17,DDSF1,-93.66594212151753,Baseload
2024-11-24,DDSF1,-120.25567796497785,Baseload
2024-12-01,DDSF1,-71.456091639997,Baseload
2024-12-08,DDSF1,-132.66311674207185,Baseload
2024-12-15,DDSF1,-90.85155104091733,Baseload
2024-12-22,DDSF1,-61.71378848034208,Baseload
2024-12-29,DDSF1,-72.19102106202129,Baseload
2025-01-05,DDSF1,-60.08693615074001,Baseload
2020-01-05,EMERASF1,6.7099590332320815,Baseload
2020-01-12,EMERASF1,-0.473298446911393,Baseload
2020-01-19,EMERASF1,-2.532868135388675,Baseload
2020-01-26,EMERASF1,3.2842727695464617,Baseload
2020-02-02,EMERASF1,20.25212962177747,Baseload
2020-02-09,EMERASF1,-0.0962249981609844,Baseload
2020-02-16,EMERASF1,-4.023430314034947,Baseload
2020-02-23,EMERASF1,2.0832649649724146,Baseload
2020-03-01,EMERASF1,-3.03071839221181,Baseload
2020-03-08,EMERASF1,-3.4467575724964945,Baseload
2020-03-15,EMERASF1,-4.418320286150177,Baseload
2020-03-22,EMERASF1,-8.341365978898597,Baseload
2020-03-29,EMERASF1,-4.0319290132656604,Baseload
2020-04-05,EMERASF1,-5.570296198763295,Baseload
2020-04-12,EMERASF1,-9.620008705782059,Baseload
2020-04-19,EMERASF1,-9.489276336343956,Baseload
2020-04-26,EMERASF1,-9.552367572185705,Baseload
2020-05-03,EMERASF1,13.169083218109886,Baseload
2020-05-10,EMERASF1,-9.095131414779367,Baseload
2020-05-17,EMERASF1,-9.903239180948798,Baseload
2020-05-24,EMERASF1,-11.134744492501333,Baseload
2020-05-31,EMERASF1,-8.28436279438366,Baseload
2020-06-07,EMERASF1,-10.2851655270177,Baseload
2020-06-14,EMERASF1,-11.383358431305279,Baseload
2020-06-21,EMERASF1,-6.506620499312309,Baseload
2020-06-28,EMERASF1,-14.83820767815044,Baseload
2020-07-05,EMERASF1,-7.639053278826896,Baseload
2020-07-12,EMERASF1,-9.106127487997554,Baseload
2020-07-19,EMERASF1,-12.862470224515153,Baseload
2020-07-26,EMERASF1,-16.019846275863454,Baseload
2020-08-02,EMERASF1,-11.1225009337452,Baseload
2020-08-09,EMERASF1,-4.798514438060721,Baseload
2020-08-16,EMERASF1,-3.63505185082656,Baseload
2020-08-23,EMERASF1,-9.554222798726599,Baseload
2020-08-30,EMERASF1,-13.25348136611046,Baseload
2020-09-06,EMERASF1,-11.76809361381294,Baseload
2020-09-13,EMERASF1,-10.894135962437328,Baseload
2020-09-20,EMERASF1,-9.49218650854123,Baseload
2020-09-27,EMERASF1,-6.363875383583807,Baseload
2020-10-04,EMERASF1,-11.659577117659394,Baseload
2020-10-11,EMERASF1,-14.409135109562861,Baseload
2020-10-18,EMERASF1,-0.07357978895804962,Baseload
2020-10-25,EMERASF1,-7.908846557157997,Baseload
2020-11-01,EMERASF1,-8.266700068873412,Baseload
2020-11-08,EMERASF1,-16.269689931559906,Baseload
2020-11-15,EMERASF1,-14.85760158894907,Baseload
2020-11-22,EMERASF1,9.63700478709103,Baseload
2020-11-29,EMERASF1,-3.2578146472423626,Baseload
2020-12-06,EMERASF1,2.769010245350202,Baseload
2020-12-13,EMERASF1,-6.274854601216042,Baseload
2020-12-20,EMERASF1,16.11970011986803,Baseload
2020-12-27,EMERASF1,-3.5918585177764584,Baseload
2021-01-03,EMERASF1,-12.033135928260677,Baseload
2021-01-10,EMERASF1,1.249462189955338,Baseload
2021-01-17,EMERASF1,-6.661952531808012,Baseload
2021-01-24,EMERASF1,-9.786059768200026,Baseload
2021-01-31,EMERASF1,-4.346184025652754,Baseload
2021-02-07,EMERASF1,-5.716748778579273,Baseload
2021-02-14,EMERASF1,-7.680420678941893,Baseload
2021-02-21,EMERASF1,-2.3729906543121757,Baseload
2021-02-28,EMERASF1,-11.741388647750455,Baseload
2021-03-07,EMERASF1,-17.865630608423952,Baseload
2021-03-14,EMERASF1,-26.032677745880918,Baseload
2021-03-21,EMERASF1,-1.6401593998834088,Baseload
2021-03-28,EMERASF1,-13.83113527063231,Baseload
2021-04-04,EMERASF1,-8.787909189293082,Baseload
2021-04-11,EMERASF1,31.332415273280667,Baseload
2021-04-18,EMERASF1,-22.831592228516577,Baseload
2021-04-25,EMERASF1,-47.1289768632186,Baseload
2021-05-02,EMERASF1,-15.419983814302423,Baseload
2021-05-09,EMERASF1,-0.9556791072343245,Baseload
2021-05-16,EMERASF1,-9.142335902481015,Baseload
2021-05-23,EMERASF1,-37.16667620914697,Baseload
2021-05-30,EMERASF1,-173.18254900219085,Baseload
2021-06-06,EMERASF1,-217.2786222387635,Baseload
2021-06-13,EMERASF1,-175.69064162351742,Baseload
2021-06-20,EMERASF1,-112.3280519381654,Baseload
2021-06-27,EMERASF1,-52.61649639555422,Baseload
2021-07-04,EMERASF1,13.576898142358289,Baseload
2021-07-11,EMERASF1,-63.13346731899648,Baseload
2021-07-18,EMERASF1,-49.55821790551658,Baseload
2021-07-25,EMERASF1,-132.6245516799247,Baseload
2021-08-01,EMERASF1,-31.92544693937309,Baseload
2021-08-08,EMERASF1,-24.541834415227058,Baseload
2021-08-15,EMERASF1,-16.185633865493006,Baseload
2021-08-22,EMERASF1,-15.542309771211414,Baseload
2021-08-29,EMERASF1,-22.38181596211529,Baseload
2021-09-05,EMERASF1,-29.18264983208376,Baseload
2021-09-12,EMERASF1,-12.343234918253348,Baseload
2021-09-19,EMERASF1,22.49624276108404,Baseload
2021-09-26,EMERASF1,-0.0847697152457485,Baseload
2021-10-03,EMERASF1,75.37348313154112,Baseload
2021-10-10,EMERASF1,17.108501799273448,Baseload
2021-10-17,EMERASF1,7.575696973869519,Baseload
2021-10-24,EMERASF1,-29.456801891071166,Baseload
2021-10-31,EMERASF1,-25.343015233167534,Baseload
2021-11-07,EMERASF1,-25.132098349757804,Baseload
2021-11-14,EMERASF1,117.76248731904349,Baseload
2021-11-21,EMERASF1,19.655476162245662,Baseload
2021-11-28,EMERASF1,6.274207630333166,Baseload
2021-12-05,EMERASF1,-14.727671447774739,Baseload
2021-12-12,EMERASF1,-105.44359928482658,Baseload
2021-12-19,EMERASF1,-26.839951631794833,Baseload
2021-12-26,EMERASF1,-64.05936514473498,Baseload
2022-01-02,EMERASF1,-20.190721775441766,Baseload
2022-01-09,EMERASF1,-14.29009604066168,Baseload
2022-01-16,EMERASF1,-40.63441541388828,Baseload
2022-01-23,EMERASF1,0.6303296535207465,Baseload
2022-01-30,EMERASF1,-26.17989279653699,Baseload
2022-02-06,EMERASF1,-181.88574798051002,Baseload
2022-02-13,EMERASF1,-18.372978016121976,Baseload
2022-02-20,EMERASF1,-14.219368761340903,Baseload
2022-02-27,EMERASF1,6.650445489517011,Baseload
2022-03-06,EMERASF1,-19.901179554313003,Baseload
2022-03-13,EMERASF1,-172.82701088649299,Baseload
2022-03-20,EMERASF1,-25.129755680793465,Baseload
2022-03-27,EMERASF1,-19.735093137202185,Baseload
2022-04-03,EMERASF1,-67.24494697212364,Baseload
2022-04-10,EMERASF1,-49.188933140028695,Baseload
2022-04-17,EMERASF1,-51.38205502504751,Baseload
2022-04-24,EMERASF1,-61.908754531678,Baseload
2022-05-01,EMERASF1,-90.72582260071806,Baseload
2022-05-08,EMERASF1,-230.75570626902586,Baseload
2022-05-15,EMERASF1,-42.74689194562745,Baseload
2022-05-22,EMERASF1,-29.12838913256195,Baseload
2022-05-29,EMERASF1,-62.65036829579003,Baseload
2022-06-05,EMERASF1,-91.4982798926805,Baseload
2022-06-12,EMERASF1,-418.9621018850229,Baseload
2022-06-19,EMERASF1,-18.937880625714627,Baseload
2022-06-26,EMERASF1,-94.57327513300504,Baseload
2022-07-03,EMERASF1,-77.54630961042932,Baseload
2022-07-10,EMERASF1,-208.56741627147898,Baseload
2022-07-17,EMERASF1,-239.06582376206535,Baseload
2022-07-24,EMERASF1,-125.15242200193302,Baseload
2022-07-31,EMERASF1,-128.40003831852658,Baseload
2022-08-07,EMERASF1,-51.51437189502515,Baseload
2022-08-14,EMERASF1,-68.03184553780818,Baseload
2022-08-21,EMERASF1,-75.19045880789659,Baseload
2022-08-28,EMERASF1,-60.42979632032881,Baseload
2022-09-04,EMERASF1,-47.16121659308561,Baseload
2022-09-11,EMERASF1,-50.54481261634919,Baseload
2022-09-18,EMERASF1,-70.6064466615513,Baseload
2022-09-25,EMERASF1,-47.59974056667319,Baseload
2022-10-02,EMERASF1,-48.151003962247344,Baseload
2022-10-09,EMERASF1,-45.60269506758492,Baseload
2022-10-16,EMERASF1,-63.278853318554496,Baseload
2022-10-23,EMERASF1,-35.39505504983232,Baseload
2022-10-30,EMERASF1,-55.79558006096403,Baseload
2022-11-06,EMERASF1,-33.20879931776497,Baseload
2022-11-13,EMERASF1,-42.9667788687535,Baseload
2022-11-20,EMERASF1,-55.138938793114676,Baseload
2022-11-27,EMERASF1,-60.20211265326219,Baseload
2022-12-04,EMERASF1,-45.672309594683924,Baseload
2022-12-11,EMERASF1,-59.80211958650247,Baseload
2022-12-18,EMERASF1,-49.84271677454748,Baseload
2022-12-25,EMERASF1,-38.302561570497026,Baseload
2023-01-01,EMERASF1,-29.26312001196325,Baseload
2023-01-08,EMERASF1,-27.994442176240085,Baseload
2023-01-15,EMERASF1,-34.71863673955045,Baseload
2023-01-22,EMERASF1,-27.8031331697779,Baseload
2023-01-29,EMERASF1,-22.309916471725487,Baseload
2023-02-05,EMERASF1,-53.967017929223815,Baseload
2023-02-12,EMERASF1,-31.17496142392477,Baseload
2023-02-19,EMERASF1,-30.295895979975207,Baseload
2023-02-26,EMERASF1,-8.055386333487093,Baseload
2023-03-05,EMERASF1,-34.60196017699721,Baseload
2023-03-12,EMERASF1,-21.74852327090757,Baseload
2023-03-19,EMERASF1,-83.48064142294668,Baseload
2023-03-26,EMERASF1,-23.62629374593086,Baseload
2023-04-02,EMERASF1,-5.236023137622851,Baseload
2023-04-09,EMERASF1,-24.822958555275193,Baseload
2023-04-16,EMERASF1,-62.14888320339572,Baseload
2023-04-23,EMERASF1,-49.41942738155105,Baseload
2023-04-30,EMERASF1,-54.08769817992946,Baseload
2023-05-07,EMERASF1,-60.31128492358418,Baseload
2023-05-14,EMERASF1,-74.07860034414185,Baseload
2023-05-21,EMERASF1,-71.34691583457553,Baseload
2023-05-28,EMERASF1,-168.92504565782187,Baseload
2023-06-04,EMERASF1,-92.11869752011411,Baseload
2023-06-11,EMERASF1,-31.525380594469766,Baseload
2023-06-18,EMERASF1,-61.1893524282985,Baseload
2023-06-25,EMERASF1,-71.6671677531372,Baseload
2023-07-02,EMERASF1,-33.53762767603064,Baseload
2023-07-09,EMERASF1,-35.41650226372414,Baseload
2023-07-16,EMERASF1,-32.49148844853847,Baseload
2023-07-23,EMERASF1,-36.6248653807339,Baseload
2023-07-30,EMERASF1,-50.10648102349188,Baseload
2023-08-06,EMERASF1,-47.53869907966096,Baseload
2023-08-13,EMERASF1,-33.68830922773688,Baseload
2023-08-20,EMERASF1,-43.084024586705546,Baseload
2023-08-27,EMERASF1,-34.964961295487,Baseload
2023-09-03,EMERASF1,-35.27881509278659,Baseload
2023-09-10,EMERASF1,-42.56566102058702,Baseload
2023-09-17,EMERASF1,-23.389089125024345,Baseload
2023-09-24,EMERASF1,-25.241130677070768,Baseload
2023-10-01,EMERASF1,3.242159449093606,Baseload
2023-10-08,EMERASF1,-18.04770690294684,Baseload
2023-10-15,EMERASF1,-0.37728259667701636,Baseload
2023-10-22,EMERASF1,-26.344426032190405,Baseload
2023-10-29,EMERASF1,-11.55238241746634,Baseload
2023-11-05,EMERASF1,-14.456341259832136,Baseload
2023-11-12,EMERASF1,-27.852450987110423,Baseload
2023-11-19,EMERASF1,-38.92080637374815,Baseload
2023-11-26,EMERASF1,-20.519843597304593,Baseload
2023-12-03,EMERASF1,-19.294580590473323,Baseload
2023-12-10,EMERASF1,-30.05055825656391,Baseload
2023-12-17,EMERASF1,-19.090480640439182,Baseload
2023-12-24,EMERASF1,-8.206331457965177,Baseload
2023-12-31,EMERASF1,-40.71391942399542,Baseload
2024-01-07,EMERASF1,-18.595668265192984,Baseload
2024-01-14,EMERASF1,-27.921321083985383,Baseload
2024-01-21,EMERASF1,-122.67628658639396,Baseload
2024-01-28,EMERASF1,-112.55436810901261,Baseload
2024-02-04,EMERASF1,-69.63101344742532,Baseload
2024-02-11,EMERASF1,-27.968724933937423,Baseload
2024-02-18,EMERASF1,-21.225004215309873,Baseload
2024-02-25,EMERASF1,-45.01323331761206,Baseload
2024-03-03,EMERASF1,-52.9505890239456,Baseload
2024-03-10,EMERASF1,-18.7704007260767,Baseload
2024-03-17,EMERASF1,-24.315404299740358,Baseload
2024-03-24,EMERASF1,-18.80454221783362,Baseload
2024-03-31,EMERASF1,-20.45859587778334,Baseload
2024-04-07,EMERASF1,-25.57108842174039,Baseload
2024-04-14,EMERASF1,-31.401931335949826,Baseload
2024-04-21,EMERASF1,-41.810299915883604,Baseload
2024-04-28,EMERASF1,-32.96211731478764,Baseload
2024-05-05,EMERASF1,-40.38337150100633,Baseload
2024-05-12,EMERASF1,-36.241228515143774,Baseload
2024-05-19,EMERASF1,-15.109854765690045,Baseload
2024-05-26,EMERASF1,-55.252194443830575,Baseload
2024-06-02,EMERASF1,-36.50574957565451,Baseload
2024-06-09,EMERASF1,-40.42534001860287,Baseload
2024-06-16,EMERASF1,-35.77940788542088,Baseload
2024-06-23,EMERASF1,-84.64934919448339,Baseload
2024-06-30,EMERASF1,-42.827108721543276,Baseload
2024-07-07,EMERASF1,-58.85177693235281,Baseload
2024-07-14,EMERASF1,-70.42704098709565,Baseload
2024-07-21,EMERASF1,-70.5189104928911,Baseload
2024-07-28,EMERASF1,-66.25365353587281,Baseload
2024-08-04,EMERASF1,-174.622138457311,Baseload
2024-08-11,EMERASF1,-161.17343680030038,Baseload
2024-08-18,EMERASF1,-88.88333836235705,Baseload
2024-08-25,EMERASF1,-71.31844191134378,Baseload
2024-09-01,EMERASF1,-69.06128435574423,Baseload
2024-09-08,EMERASF1,-70.37207883138709,Baseload
2024-09-15,EMERASF1,-63.19225247881832,Baseload
2024-09-22,EMERASF1,-74.64265693581014,Baseload
2024-09-29,EMERASF1,-74.61948880095851,Baseload
2024-10-06,EMERASF1,-75.62408485540432,Baseload
2024-10-13,EMERASF1,-87.39350985587829,Baseload
2024-10-20,EMERASF1,-65.9437502824874,Baseload
2024-10-27,EMERASF1,-87.70033023534948,Baseload
2024-11-03,EMERASF1,-80.03827352732071,Baseload
2024-11-10,EMERASF1,-230.2422221590275,Baseload
2024-11-17,EMERASF1,-83.90922979054456,Baseload
2024-11-24,EMERASF1,-103.35631310267001,Baseload
2024-12-01,EMERASF1,-62.71303733656184,Baseload
2024-12-08,EMERASF1,-116.42804155924789,Baseload
2024-12-15,EMERASF1,-76.1640069707995,Baseload
2024-12-22,EMERASF1,-66.79294258122762,Baseload
2024-12-29,EMERASF1,-64.61909789929612,Baseload
2025-01-05,EMERASF1,-40.55546108116587,Baseload
2020-01-05,HAMISF1,-3.2080383217757173,Baseload
2020-01-12,HAMISF1,-1.2826768623286142,Baseload
2020-01-19,HAMISF1,-2.6478264717161863,Baseload
2020-01-26,HAMISF1,-7.552413385333622,Baseload
2020-02-02,HAMISF1,13.169007704262214,Baseload
2020-02-09,HAMISF1,-0.8943800113543503,Baseload
2020-02-16,HAMISF1,-3.1691655948954676,Baseload
2020-02-23,HAMISF1,-2.166722454943269,Baseload
2020-03-01,HAMISF1,-5.278798337777964,Baseload
2020-03-08,HAMISF1,-3.406908624962604,Baseload
2020-03-15,HAMISF1,-10.069459615729478,Baseload
2020-03-22,HAMISF1,-9.436437728668572,Baseload
2020-03-29,HAMISF1,-3.7248031753459045,Baseload
2020-04-05,HAMISF1,-6.220727227923767,Baseload
2020-04-12,HAMISF1,-11.954037715516751,Baseload
2020-04-19,HAMISF1,-9.73073100288266,Baseload
2020-04-26,HAMISF1,-10.6332327109149,Baseload
2020-05-03,HAMISF1,-30.460055612598104,Baseload
2020-05-10,HAMISF1,-11.746907208208292,Baseload
2020-05-17,HAMISF1,-10.423567656767425,Baseload
2020-05-24,HAMISF1,-9.924384822160231,Baseload
2020-05-31,HAMISF1,-12.293145834962875,Baseload
2020-06-07,HAMISF1,-14.232014780285837,Baseload
2020-06-14,HAMISF1,-11.997312890259074,Baseload
2020-06-21,HAMISF1,-8.481084094410384,Baseload
2020-06-28,HAMISF1,-21.983271494499874,Baseload
2020-07-05,HAMISF1,-13.307122113373545,Baseload
2020-07-12,HAMISF1,-9.13737074131879,Baseload
2020-07-19,HAMISF1,-15.189006226807734,Baseload
2020-07-26,HAMISF1,-14.742836206357719,Baseload
2020-08-02,HAMISF1,-11.955549593674892,Baseload
2020-08-09,HAMISF1,-8.310304715199134,Baseload
2020-08-16,HAMISF1,-20.302649448037997,Baseload
2020-08-23,HAMISF1,-25.020493639149027,Baseload
2020-08-30,HAMISF1,-29.050212452564573,Baseload
2020-09-06,HAMISF1,-26.260338191505856,Baseload
2020-09-13,HAMISF1,-16.20124437300567,Baseload
2020-09-20,HAMISF1,-19.20736083089891,Baseload
2020-09-27,HAMISF1,-21.105317531697395,Baseload
2020-10-04,HAMISF1,-20.889822207203007,Baseload
2020-10-11,HAMISF1,-19.317253843669036,Baseload
2020-10-18,HAMISF1,-4.495766910851135,Baseload
2020-10-25,HAMISF1,-11.698759829842118,Baseload
2020-11-01,HAMISF1,-7.449808483070321,Baseload
2020-11-08,HAMISF1,-16.566107448053113,Baseload
2020-11-15,HAMISF1,-15.444211048654704,Baseload
2020-11-22,HAMISF1,6.625728488098943,Baseload
2020-11-29,HAMISF1,-13.340037566738381,Baseload
2020-12-06,HAMISF1,3.0804447857923023,Baseload
2020-12-13,HAMISF1,-8.41682685561478,Baseload
2020-12-20,HAMISF1,1.9489166229685537,Baseload
2020-12-27,HAMISF1,-3.2508653079277607,Baseload
2021-01-03,HAMISF1,-11.863897229548044,Baseload
2021-01-10,HAMISF1,-3.474321178072813,Baseload
2021-01-17,HAMISF1,-10.57214493048631,Baseload
2021-01-24,HAMISF1,-11.34047098529463,Baseload
2021-01-31,HAMISF1,-4.033675878407642,Baseload
2021-02-07,HAMISF1,-4.8290934832935335,Baseload
2021-02-14,HAMISF1,-7.7733736595620755,Baseload
2021-02-21,HAMISF1,-4.619186736940755,Baseload
2021-02-28,HAMISF1,-16.34724361285683,Baseload
2021-03-07,HAMISF1,-18.63687842628391,Baseload
2021-03-14,HAMISF1,-17.712026458911424,Baseload
2021-03-21,HAMISF1,-2.5941663977685536,Baseload
2021-03-28,HAMISF1,-13.204148372155121,Baseload
2021-04-04,HAMISF1,-10.579679482929308,Baseload
2021-04-11,HAMISF1,-7.462251715202271,Baseload
2021-04-18,HAMISF1,-31.066668869554483,Baseload
2021-04-25,HAMISF1,-56.72589790373881,Baseload
2021-05-02,HAMISF1,-22.22383744354791,Baseload
2021-05-09,HAMISF1,-2.8335254267309082,Baseload
2021-05-16,HAMISF1,-11.865100781457734,Baseload
2021-05-23,HAMISF1,-45.63731296753459,Baseload
2021-05-30,HAMISF1,-293.84191274547356,Baseload
2021-06-06,HAMISF1,-188.94401668473384,Baseload
2021-06-13,HAMISF1,-162.7050557842188,Baseload
2021-06-20,HAMISF1,-111.38471458450319,Baseload
2021-06-27,HAMISF1,-51.16685184837061,Baseload
2021-07-04,HAMISF1,-47.466216885695445,Baseload
2021-07-11,HAMISF1,-68.19224982836106,Baseload
2021-07-18,HAMISF1,-50.872018569358545,Baseload
2021-07-25,HAMISF1,-143.06651232199638,Baseload
2021-08-01,HAMISF1,-33.32548490264011,Baseload
2021-08-08,HAMISF1,-24.695200402298667,Baseload
2021-08-15,HAMISF1,-19.19959810986286,Baseload
2021-08-22,HAMISF1,-31.86126245117889,Baseload
2021-08-29,HAMISF1,-36.27743633261451,Baseload
2021-09-05,HAMISF1,-32.31216257066528,Baseload
2021-09-12,HAMISF1,-27.763785978157266,Baseload
2021-09-19,HAMISF1,-31.143348875454418,Baseload
2021-09-26,HAMISF1,-21.373991665679355,Baseload
2021-10-03,HAMISF1,-1.5791713060544623,Baseload
2021-10-10,HAMISF1,-17.159598500165288,Baseload
2021-10-17,HAMISF1,-15.111220758757476,Baseload
2021-10-24,HAMISF1,-38.71742381616639,Baseload
2021-10-31,HAMISF1,-28.254833642122733,Baseload
2021-11-07,HAMISF1,-26.338186323916617,Baseload
2021-11-14,HAMISF1,91.39324302587244,Baseload
2021-11-21,HAMISF1,-11.701587767571823,Baseload
2021-11-28,HAMISF1,3.213292805619986,Baseload
2021-12-05,HAMISF1,-17.86045817819526,Baseload
2021-12-12,HAMISF1,-112.35103693240987,Baseload
2021-12-19,HAMISF1,-29.818169463523965,Baseload
2021-12-26,HAMISF1,-102.87540991440002,Baseload
2022-01-02,HAMISF1,-18.529266792889942,Baseload
2022-01-09,HAMISF1,-21.706551315852522,Baseload
2022-01-16,HAMISF1,-43.41787685690444,Baseload
2022-01-23,HAMISF1,1.221807108718977,Baseload
2022-01-30,HAMISF1,-31.26520379085163,Baseload
2022-02-06,HAMISF1,-168.24939883523285,Baseload
2022-02-13,HAMISF1,-20.173433262078355,Baseload
2022-02-20,HAMISF1,-23.90200303394795,Baseload
2022-02-27,HAMISF1,5.809119858875448,Baseload
2022-03-06,HAMISF1,-15.190258909160676,Baseload
2022-03-13,HAMISF1,-200.5607500715879,Baseload
2022-03-20,HAMISF1,-35.020660415322666,Baseload
2022-03-27,HAMISF1,-18.21387878705103,Baseload
2022-04-03,HAMISF1,-69.9993880689297,Baseload
2022-04-10,HAMISF1,-86.24540482437783,Baseload
2022-04-17,HAMISF1,-65.24032040782878,Baseload
2022-04-24,HAMISF1,-79.37854961678218,Baseload
2022-05-01,HAMISF1,-102.58115019006468,Baseload
2022-05-08,HAMISF1,-226.8751733800968,Baseload
2022-05-15,HAMISF1,-49.40045124996635,Baseload
2022-05-22,HAMISF1,-34.11127873621888,Baseload
2022-05-29,HAMISF1,-73.83910483472468,Baseload
2022-06-05,HAMISF1,-143.48471517206212,Baseload
2022-06-12,HAMISF1,-439.3738740439288,Baseload
2022-06-19,HAMISF1,-18.156956556102926,Baseload
2022-06-26,HAMISF1,-92.60515846282522,Baseload
2022-07-03,HAMISF1,-61.22627689505231,Baseload
2022-07-10,HAMISF1,-410.83021019547436,Baseload
2022-07-17,HAMISF1,-220.91532617285836,Baseload
2022-07-24,HAMISF1,-129.9616486503008,Baseload
2022-07-31,HAMISF1,-124.46935855661506,Baseload
2022-08-07,HAMISF1,-60.45164923306763,Baseload
2022-08-14,HAMISF1,-73.01188575921962,Baseload
2022-08-21,HAMISF1,-106.6275017516661,Baseload
2022-08-28,HAMISF1,-79.9242462833281,Baseload
2022-09-04,HAMISF1,-45.39733110728133,Baseload
2022-09-11,HAMISF1,-82.79255706553909,Baseload
2022-09-18,HAMISF1,-110.48927206853581,Baseload
2022-09-25,HAMISF1,-71.26955846182135,Baseload
2022-10-02,HAMISF1,-59.150694490982076,Baseload
2022-10-09,HAMISF1,-54.91245341474283,Baseload
2022-10-16,HAMISF1,-74.36463395790473,Baseload
2022-10-23,HAMISF1,-33.423412315804185,Baseload
2022-10-30,HAMISF1,-83.08998626567946,Baseload
2022-11-06,HAMISF1,-94.58851923076188,Baseload
2022-11-13,HAMISF1,-50.605677876393905,Baseload
2022-11-20,HAMISF1,-90.11730735793907,Baseload
2022-11-27,HAMISF1,-71.6919324560088,Baseload
2022-12-04,HAMISF1,-51.63317841597831,Baseload
2022-12-11,HAMISF1,-68.56854030774969,Baseload
2022-12-18,HAMISF1,-65.46092924851908,Baseload
2022-12-25,HAMISF1,-48.54130424753552,Baseload
2023-01-01,HAMISF1,-42.68658501671558,Baseload
2023-01-08,HAMISF1,-38.75189274626535,Baseload
2023-01-15,HAMISF1,-22.000832053080913,Baseload
2023-01-22,HAMISF1,-38.07774921690448,Baseload
2023-01-29,HAMISF1,-34.05839277936168,Baseload
2023-02-05,HAMISF1,-53.930496605668665,Baseload
2023-02-12,HAMISF1,-38.75715402190404,Baseload
2023-02-19,HAMISF1,-31.468232182379218,Baseload
2023-02-26,HAMISF1,-38.049097449348146,Baseload
2023-03-05,HAMISF1,-36.47291873415717,Baseload
2023-03-12,HAMISF1,-16.83044254721976,Baseload
2023-03-19,HAMISF1,-94.04620132797942,Baseload
2023-03-26,HAMISF1,-37.612922592164345,Baseload
2023-04-02,HAMISF1,-33.05845363197335,Baseload
2023-04-09,HAMISF1,-49.70114616943148,Baseload
2023-04-16,HAMISF1,-91.64745207848249,Baseload
2023-04-23,HAMISF1,-63.384277668195686,Baseload
2023-04-30,HAMISF1,-53.36552838322624,Baseload
2023-05-07,HAMISF1,-83.10534316259643,Baseload
2023-05-14,HAMISF1,-87.19861202067213,Baseload
2023-05-21,HAMISF1,-91.46819437081622,Baseload
2023-05-28,HAMISF1,-179.89979682555392,Baseload
2023-06-04,HAMISF1,-92.71345566773365,Baseload
2023-06-11,HAMISF1,-31.16725023671571,Baseload
2023-06-18,HAMISF1,-73.04623076814823,Baseload
2023-06-25,HAMISF1,-77.95002622844271,Baseload
2023-07-02,HAMISF1,-55.23186001165943,Baseload
2023-07-09,HAMISF1,-59.98610307782479,Baseload
2023-07-16,HAMISF1,-47.05072563554257,Baseload
2023-07-23,HAMISF1,-68.22863449678074,Baseload
2023-07-30,HAMISF1,-74.98591647830216,Baseload
2023-08-06,HAMISF1,-69.94104634719496,Baseload
2023-08-13,HAMISF1,-67.51083835890456,Baseload
2023-08-20,HAMISF1,-75.46616170387703,Baseload
2023-08-27,HAMISF1,-72.27002806613305,Baseload
2023-09-03,HAMISF1,-67.35905499490943,Baseload
2023-09-10,HAMISF1,-73.78759969115896,Baseload
2023-09-17,HAMISF1,-64.88549268722724,Baseload
2023-09-24,HAMISF1,-51.589179981634445,Baseload
2023-10-01,HAMISF1,-54.609649442931534,Baseload
2023-10-08,HAMISF1,-48.97814878092448,Baseload
2023-10-15,HAMISF1,-57.04950605168057,Baseload
2023-10-22,HAMISF1,-59.96883320843158,Baseload
2023-10-29,HAMISF1,-46.76686089519067,Baseload
2023-11-05,HAMISF1,-35.3244053925432,Baseload
2023-11-12,HAMISF1,-66.44296258032342,Baseload
2023-11-19,HAMISF1,-54.11799937311008,Baseload
2023-11-26,HAMISF1,-20.966825284720862,Baseload
2023-12-03,HAMISF1,-38.616394003244466,Baseload
2023-12-10,HAMISF1,-45.63556331576268,Baseload
2023-12-17,HAMISF1,-33.72320906200391,Baseload
2023-12-24,HAMISF1,-27.671426248214352,Baseload
2023-12-31,HAMISF1,-116.31429355290628,Baseload
2024-01-07,HAMISF1,-26.937364353524448,Baseload
2024-01-14,HAMISF1,-42.8181269551284,Baseload
2024-01-21,HAMISF1,-151.94681839254923,Baseload
2024-01-28,HAMISF1,-79.71371879428878,Baseload
2024-02-04,HAMISF1,-68.6470712970405,Baseload
2024-02-11,HAMISF1,-45.71620031776617,Baseload
2024-02-18,HAMISF1,-33.212065414493075,Baseload
2024-02-25,HAMISF1,-67.58469549627691,Baseload
2024-03-03,HAMISF1,-111.97715183216232,Baseload
2024-03-10,HAMISF1,-33.82395344181127,Baseload
2024-03-17,HAMISF1,-36.36368171074089,Baseload
2024-03-24,HAMISF1,-25.022044602183854,Baseload
2024-03-31,HAMISF1,-36.883879388231136,Baseload
2024-04-07,HAMISF1,-30.701364938561085,Baseload
2024-04-14,HAMISF1,-60.7798781012453,Baseload
2024-04-21,HAMISF1,-50.615411899808535,Baseload
2024-04-28,HAMISF1,-64.40717513847738,Baseload
2024-05-05,HAMISF1,-57.20317414699815,Baseload
2024-05-12,HAMISF1,-77.072955702366,Baseload
2024-05-19,HAMISF1,-64.12668805753155,Baseload
2024-05-26,HAMISF1,-97.74559480580831,Baseload
2024-06-02,HAMISF1,-49.568950416437964,Baseload
2024-06-09,HAMISF1,-74.66206850304329,Baseload
2024-06-16,HAMISF1,-85.01831886407273,Baseload
2024-06-23,HAMISF1,-120.49380716831031,Baseload
2024-06-30,HAMISF1,-56.77818617374102,Baseload
2024-07-07,HAMISF1,-51.029604808775815,Baseload
2024-07-14,HAMISF1,-69.41758008179985,Baseload
2024-07-21,HAMISF1,-65.94245338789145,Baseload
2024-07-28,HAMISF1,-60.26879475280451,Baseload
2024-08-04,HAMISF1,-174.25615846229366,Baseload
2024-08-11,HAMISF1,-171.72839515891283,Baseload
2024-08-18,HAMISF1,-60.83134382220351,Baseload
2024-08-25,HAMISF1,-66.46958571452952,Baseload
2024-09-01,HAMISF1,-57.9901866484375,Baseload
2024-09-08,HAMISF1,-53.93456313523641,Baseload
2024-09-15,HAMISF1,-58.49317388054524,Baseload
2024-09-22,HAMISF1,-72.25426588199457,Baseload
2024-09-29,HAMISF1,-69.80914131291959,Baseload
2024-10-06,HAMISF1,-69.16454392846705,Baseload
2024-10-13,HAMISF1,-78.81998832016492,Baseload
2024-10-20,HAMISF1,-59.63746640867181,Baseload
2024-10-27,HAMISF1,-75.53129045538329,Baseload
2024-11-03,HAMISF1,-72.3139975149622,Baseload
2024-11-10,HAMISF1,-237.62545624350378,Baseload
2024-11-17,HAMISF1,-67.7301471677455,Baseload
2024-11-24,HAMISF1,-85.99817113933335,Baseload
2024-12-01,HAMISF1,-60.91849739029594,Baseload
2024-12-08,HAMISF1,-109.25309293813956,Baseload
2024-12-15,HAMISF1,-81.80645689413035,Baseload
2024-12-22,HAMISF1,-57.668606180072175,Baseload
2024-12-29,HAMISF1,-55.79209485441886,Baseload
2025-01-05,HAMISF1,-46.78242658420184,Baseload
2020-01-05,HAUGHT11,10.993190195864443,Baseload
2020-01-12,HAUGHT11,0.3667784230617457,Baseload
2020-01-19,HAUGHT11,-1.3136571560562444,Baseload
2020-01-26,HAUGHT11,-9.177529337194727,Baseload
2020-02-02,HAUGHT11,18.305454911645853,Baseload
2020-02-09,HAUGHT11,0.2479978946393402,Baseload
2020-02-16,HAUGHT11,-2.3607470008902496,Baseload
2020-02-23,HAUGHT11,2.2437833481322045,Baseload
2020-03-01,HAUGHT11,-5.15128681284952,Baseload
2020-03-08,HAUGHT11,0.46320269264564473,Baseload
2020-03-15,HAUGHT11,-9.13958542138533,Baseload
2020-03-22,HAUGHT11,-7.804853058088945,Baseload
2020-03-29,HAUGHT11,-4.550700850117579,Baseload
2020-04-05,HAUGHT11,-4.378982546374296,Baseload
2020-04-12,HAUGHT11,-12.185882136004803,Baseload
2020-04-19,HAUGHT11,-9.770973822917654,Baseload
2020-04-26,HAUGHT11,-10.119634287170697,Baseload
2020-05-03,HAUGHT11,-23.85292305877396,Baseload
2020-05-10,HAUGHT11,-10.722404646681237,Baseload
2020-05-17,HAUGHT11,-9.864344330682439,Baseload
2020-05-24,HAUGHT11,-8.946810006606377,Baseload
2020-05-31,HAUGHT11,-11.789581108644768,Baseload
2020-06-07,HAUGHT11,-13.046107041812459,Baseload
2020-06-14,HAUGHT11,-10.734281423579805,Baseload
2020-06-21,HAUGHT11,-10.374822387916648,Baseload
2020-06-28,HAUGHT11,-20.331155578682374,Baseload
2020-07-05,HAUGHT11,-14.094397175756155,Baseload
2020-07-12,HAUGHT11,,Baseload
2020-07-19,HAUGHT11,-19.43186888580572,Baseload
2020-07-26,HAUGHT11,,Baseload
2020-08-02,HAUGHT11,,Baseload
2020-08-09,HAUGHT11,-13.705246628165746,Baseload
2020-08-16,HAUGHT11,-12.857184197696954,Baseload
2020-08-23,HAUGHT11,-11.775218717977573,Baseload
2020-08-30,HAUGHT11,-24.41681564631092,Baseload
2020-09-06,HAUGHT11,-21.905033392115946,Baseload
2020-09-13,HAUGHT11,-11.636591152654493,Baseload
2020-09-20,HAUGHT11,-14.413106510460194,Baseload
2020-09-27,HAUGHT11,-14.898884583687192,Baseload
2020-10-04,HAUGHT11,-16.79842216802873,Baseload
2020-10-11,HAUGHT11,-6.911427685960447,Baseload
2020-10-18,HAUGHT11,-15.620121356184658,Baseload
2020-10-25,HAUGHT11,1.001604633930178,Baseload
2020-11-01,HAUGHT11,-5.382936638424226,Baseload
2020-11-08,HAUGHT11,-13.879844325748738,Baseload
2020-11-15,HAUGHT11,-13.663694966403906,Baseload
2020-11-22,HAUGHT11,-10.523485386880175,Baseload
2020-11-29,HAUGHT11,-11.75675849983616,Baseload
2020-12-06,HAUGHT11,-1.900004964035375,Baseload
2020-12-13,HAUGHT11,-6.5580020984704035,Baseload
2020-12-20,HAUGHT11,14.351072756817942,Baseload
2020-12-27,HAUGHT11,-1.558789326961417,Baseload
2021-01-03,HAUGHT11,-9.565031809259413,Baseload
2021-01-10,HAUGHT11,-3.85794423264705,Baseload
2021-01-17,HAUGHT11,-10.73204324327456,Baseload
2021-01-24,HAUGHT11,-16.534326439735445,Baseload
2021-01-31,HAUGHT11,-3.6907082646344236,Baseload
2021-02-07,HAUGHT11,-4.478496370036069,Baseload
2021-02-14,HAUGHT11,-7.942787602221635,Baseload
2021-02-21,HAUGHT11,-4.845887000276495,Baseload
2021-02-28,HAUGHT11,-16.691742523102498,Baseload
2021-03-07,HAUGHT11,-19.186295543559336,Baseload
2021-03-14,HAUGHT11,-14.766633236541502,Baseload
2021-03-21,HAUGHT11,-1.9572935103956652,Baseload
2021-03-28,HAUGHT11,-17.788366254766377,Baseload
2021-04-04,HAUGHT11,-10.504414475568442,Baseload
2021-04-11,HAUGHT11,3.17073938416474,Baseload
2021-04-18,HAUGHT11,-29.26868996885813,Baseload
2021-04-25,HAUGHT11,-61.43825675835837,Baseload
2021-05-02,HAUGHT11,-20.38779427088729,Baseload
2021-05-09,HAUGHT11,-2.718588519764218,Baseload
2021-05-16,HAUGHT11,-18.860803543858694,Baseload
2021-05-23,HAUGHT11,-44.2867755346179,Baseload
2021-05-30,HAUGHT11,-288.20395471958506,Baseload
2021-06-06,HAUGHT11,-174.31835733435963,Baseload
2021-06-13,HAUGHT11,-145.16977815402845,Baseload
2021-06-20,HAUGHT11,-135.20089032068032,Baseload
2021-06-27,HAUGHT11,-49.00610896085273,Baseload
2021-07-04,HAUGHT11,-33.72694789127627,Baseload
2021-07-11,HAUGHT11,-75.83560195947611,Baseload
2021-07-18,HAUGHT11,-49.27649668683947,Baseload
2021-07-25,HAUGHT11,-144.6395288453108,Baseload
2021-08-01,HAUGHT11,-25.23200171162442,Baseload
2021-08-08,HAUGHT11,-19.509740197353977,Baseload
2021-08-15,HAUGHT11,-18.97428214685945,Baseload
2021-08-22,HAUGHT11,-31.207456750933904,Baseload
2021-08-29,HAUGHT11,-38.68308357574965,Baseload
2021-09-05,HAUGHT11,-31.01809639655954,Baseload
2021-09-12,HAUGHT11,-33.50678074534217,Baseload
2021-09-19,HAUGHT11,-54.64139586655825,Baseload
2021-09-26,HAUGHT11,-39.708880331387725,Baseload
2021-10-03,HAUGHT11,-11.433973533290605,Baseload
2021-10-10,HAUGHT11,-38.198705900961215,Baseload
2021-10-17,HAUGHT11,-18.13139531085623,Baseload
2021-10-24,HAUGHT11,-46.03681185708866,Baseload
2021-10-31,HAUGHT11,-25.21115929111246,Baseload
2021-11-07,HAUGHT11,-26.50290425863654,Baseload
2021-11-14,HAUGHT11,69.90163094176057,Baseload
2021-11-21,HAUGHT11,-8.089298856158976,Baseload
2021-11-28,HAUGHT11,-2.916592256705556,Baseload
2021-12-05,HAUGHT11,-17.39358817180937,Baseload
2021-12-12,HAUGHT11,-101.40165080514113,Baseload
2021-12-19,HAUGHT11,-28.337576160359234,Baseload
2021-12-26,HAUGHT11,-101.1697743784834,Baseload
2022-01-02,HAUGHT11,-22.350142673670746,Baseload
2022-01-09,HAUGHT11,-12.033381347361527,Baseload
2022-01-16,HAUGHT11,-40.733116314726374,Baseload
2022-01-23,HAUGHT11,13.939890077252898,Baseload
2022-01-30,HAUGHT11,-30.1449374783963,Baseload
2022-02-06,HAUGHT11,-17.40040933041979,Baseload
2022-02-13,HAUGHT11,-17.842362636420575,Baseload
2022-02-20,HAUGHT11,-20.726933893105155,Baseload
2022-02-27,HAUGHT11,3.2875163191595362,Baseload
2022-03-06,HAUGHT11,-17.65737763815828,Baseload
2022-03-13,HAUGHT11,-150.28978340758758,Baseload
2022-03-20,HAUGHT11,-28.024518705191007,Baseload
2022-03-27,HAUGHT11,-24.37519464687057,Baseload
2022-04-03,HAUGHT11,-61.397265717363695,Baseload
2022-04-10,HAUGHT11,-57.57062444608832,Baseload
2022-04-17,HAUGHT11,-52.198396835772684,Baseload
2022-04-24,HAUGHT11,-62.44365425218395,Baseload
2022-05-01,HAUGHT11,-62.58713140976181,Baseload
2022-05-08,HAUGHT11,-210.63828596741214,Baseload
2022-05-15,HAUGHT11,-26.847159402014313,Baseload
2022-05-22,HAUGHT11,-34.2622713740609,Baseload
2022-05-29,HAUGHT11,-69.05837886748648,Baseload
2022-06-05,HAUGHT11,-138.20058650150366,Baseload
2022-06-12,HAUGHT11,-441.54267216915053,Baseload
2022-06-19,HAUGHT11,-13.13987443740811,Baseload
2022-06-26,HAUGHT11,-86.67253087584697,Baseload
2022-07-03,HAUGHT11,-58.51260481637098,Baseload
2022-07-10,HAUGHT11,-401.71766294777365,Baseload
2022-07-17,HAUGHT11,-210.17937551613335,Baseload
2022-07-24,HAUGHT11,-114.59486318253511,Baseload
2022-07-31,HAUGHT11,-117.66156868682148,Baseload
2022-08-07,HAUGHT11,-55.39985980408579,Baseload
2022-08-14,HAUGHT11,-68.64673212281339,Baseload
2022-08-21,HAUGHT11,-86.27422822027404,Baseload
2022-08-28,HAUGHT11,-66.14584231128578,Baseload
2022-09-04,HAUGHT11,-45.896845340358794,Baseload
2022-09-11,HAUGHT11,-49.276983837741156,Baseload
2022-09-18,HAUGHT11,-89.57379901407376,Baseload
2022-09-25,HAUGHT11,-55.85211552944719,Baseload
2022-10-02,HAUGHT11,-46.08851649780057,Baseload
2022-10-09,HAUGHT11,-52.42258002531834,Baseload
2022-10-16,HAUGHT11,-58.86452474573355,Baseload
2022-10-23,HAUGHT11,-27.925653691614514,Baseload
2022-10-30,HAUGHT11,-46.15418752717477,Baseload
2022-11-06,HAUGHT11,-24.653068601305463,Baseload
2022-11-13,HAUGHT11,-45.61458843582347,Baseload
2022-11-20,HAUGHT11,-82.02525526231486,Baseload
2022-11-27,HAUGHT11,-51.67282140473323,Baseload
2022-12-04,HAUGHT11,-54.36285282577226,Baseload
2022-12-11,HAUGHT11,-68.47355729343852,Baseload
2022-12-18,HAUGHT11,-65.28368031427075,Baseload
2022-12-25,HAUGHT11,-49.58022968756441,Baseload
2023-01-01,HAUGHT11,-41.758210276888335,Baseload
2023-01-08,HAUGHT11,-38.167256701621746,Baseload
2023-01-15,HAUGHT11,-22.261516434534727,Baseload
2023-01-22,HAUGHT11,-34.24409260121928,Baseload
2023-01-29,HAUGHT11,-20.848427437903354,Baseload
2023-02-05,HAUGHT11,-54.19277399789176,Baseload
2023-02-12,HAUGHT11,-41.243013613615496,Baseload
2023-02-19,HAUGHT11,-32.14968183336632,Baseload
2023-02-26,HAUGHT11,-37.02985261708896,Baseload
2023-03-05,HAUGHT11,-30.133553230882953,Baseload
2023-03-12,HAUGHT11,-13.169427724865784,Baseload
2023-03-19,HAUGHT11,-77.59002118576949,Baseload
2023-03-26,HAUGHT11,-33.09744179968612,Baseload
2023-04-02,HAUGHT11,-46.322063760403125,Baseload
2023-04-09,HAUGHT11,-31.40250846420328,Baseload
2023-04-16,HAUGHT11,-79.49906014871888,Baseload
2023-04-23,HAUGHT11,-60.56263956795159,Baseload
2023-04-30,HAUGHT11,-46.230417153806656,Baseload
2023-05-07,HAUGHT11,-72.85802976653017,Baseload
2023-05-14,HAUGHT11,-78.64887447690393,Baseload
2023-05-21,HAUGHT11,-76.74521102146618,Baseload
2023-05-28,HAUGHT11,-176.52162700411643,Baseload
2023-06-04,HAUGHT11,-88.82564231531853,Baseload
2023-06-11,HAUGHT11,-27.05371805810075,Baseload
2023-06-18,HAUGHT11,-63.59902366152924,Baseload
2023-06-25,HAUGHT11,-75.47105412463522,Baseload
2023-07-02,HAUGHT11,-49.33377667684682,Baseload
2023-07-09,HAUGHT11,-51.430615086798085,Baseload
2023-07-16,HAUGHT11,-38.754662198633994,Baseload
2023-07-23,HAUGHT11,-48.67714622852496,Baseload
2023-07-30,HAUGHT11,-58.21855820473077,Baseload
2023-08-06,HAUGHT11,-69.79343201094412,Baseload
2023-08-13,HAUGHT11,-42.5633957077767,Baseload
2023-08-20,HAUGHT11,-47.43851801696497,Baseload
2023-08-27,HAUGHT11,-48.22559223487777,Baseload
2023-09-03,HAUGHT11,-47.04960439005753,Baseload
2023-09-10,HAUGHT11,-53.74183535966911,Baseload
2023-09-17,HAUGHT11,-44.84041730611403,Baseload
2023-09-24,HAUGHT11,-43.7567359381569,Baseload
2023-10-01,HAUGHT11,-26.391695697806156,Baseload
2023-10-08,HAUGHT11,-35.653229815931226,Baseload
2023-10-15,HAUGHT11,-24.63701887920594,Baseload
2023-10-22,HAUGHT11,-41.57487139901422,Baseload
2023-10-29,HAUGHT11,-27.979499807504894,Baseload
2023-11-05,HAUGHT11,-26.499944295170298,Baseload
2023-11-12,HAUGHT11,-45.1704365450246,Baseload
2023-11-19,HAUGHT11,-47.67756128329842,Baseload
2023-11-26,HAUGHT11,-19.62734141510193,Baseload
2023-12-03,HAUGHT11,-34.17808917130203,Baseload
2023-12-10,HAUGHT11,-38.986422694587034,Baseload
2023-12-17,HAUGHT11,-40.27148410580029,Baseload
2023-12-24,HAUGHT11,-19.571461628721764,Baseload
2023-12-31,HAUGHT11,-74.08362368334139,Baseload
2024-01-07,HAUGHT11,-24.646588574806167,Baseload
2024-01-14,HAUGHT11,-35.13413326264214,Baseload
2024-01-21,HAUGHT11,-132.3880366369202,Baseload
2024-01-28,HAUGHT11,-98.98283649933634,Baseload
2024-02-04,HAUGHT11,-102.99012631094251,Baseload
2024-02-11,HAUGHT11,-38.63319764816115,Baseload
2024-02-18,HAUGHT11,-28.06538657764421,Baseload
2024-02-25,HAUGHT11,-68.93184623254848,Baseload
2024-03-03,HAUGHT11,-79.8533837091434,Baseload
2024-03-10,HAUGHT11,-31.963492872536328,Baseload
2024-03-17,HAUGHT11,-35.939717643659584,Baseload
2024-03-24,HAUGHT11,-27.75474449535455,Baseload
2024-03-31,HAUGHT11,-39.54628021612447,Baseload
2024-04-07,HAUGHT11,-31.688351249905125,Baseload
2024-04-14,HAUGHT11,-58.50200599270581,Baseload
2024-04-21,HAUGHT11,-49.28020189994771,Baseload
2024-04-28,HAUGHT11,-58.194207418737605,Baseload
2024-05-05,HAUGHT11,-57.15674418229101,Baseload
2024-05-12,HAUGHT11,-65.96843098943467,Baseload
2024-05-19,HAUGHT11,-51.34177472860862,Baseload
2024-05-26,HAUGHT11,-83.26267443154016,Baseload
2024-06-02,HAUGHT11,-48.53200541233647,Baseload
2024-06-09,HAUGHT11,-68.38420138244521,Baseload
2024-06-16,HAUGHT11,-71.8402268221173,Baseload
2024-06-23,HAUGHT11,-116.48292669650574,Baseload
2024-06-30,HAUGHT11,-48.78811378565608,Baseload
2024-07-07,HAUGHT11,-47.6238372770367,Baseload
2024-07-14,HAUGHT11,-59.57567926963572,Baseload
2024-07-21,HAUGHT11,-51.20980017836459,Baseload
2024-07-28,HAUGHT11,-70.72369100446794,Baseload
2024-08-04,HAUGHT11,-134.6881884475546,Baseload
2024-08-11,HAUGHT11,-164.18739247232986,Baseload
2024-08-18,HAUGHT11,-39.29815761663882,Baseload
2024-08-25,HAUGHT11,-57.83601098929888,Baseload
2024-09-01,HAUGHT11,-47.90357378705387,Baseload
2024-09-08,HAUGHT11,-50.19681324555005,Baseload
2024-09-15,HAUGHT11,-42.87779901049859,Baseload
2024-09-22,HAUGHT11,-76.33254641154002,Baseload
2024-09-29,HAUGHT11,-59.54698676093573,Baseload
2024-10-06,HAUGHT11,-61.927879831452586,Baseload
2024-10-13,HAUGHT11,-68.13906651091722,Baseload
2024-10-20,HAUGHT11,-54.375631701460044,Baseload
2024-10-27,HAUGHT11,-73.459525829872,Baseload
2024-11-03,HAUGHT11,-68.18446603006497,Baseload
2024-11-10,HAUGHT11,-208.75311702603548,Baseload
2024-11-17,HAUGHT11,-60.392440275171,Baseload
2024-11-24,HAUGHT11,-87.2902439313989,Baseload
2024-12-01,HAUGHT11,-61.09162235986632,Baseload
2024-12-08,HAUGHT11,-107.9809867932098,Baseload
2024-12-15,HAUGHT11,-82.2871781434444,Baseload
2024-12-22,HAUGHT11,-45.04048603072539,Baseload
2024-12-29,HAUGHT11,-57.698889123785904,Baseload
2025-01-05,HAUGHT11,-36.17953566789347,Baseload
2020-01-05,HAYMSF1,-2.658046941410902,Baseload
2020-01-12,HAYMSF1,-2.4974523910304214,Baseload
2020-01-19,HAYMSF1,-2.6505105607848307,Baseload
2020-01-26,HAYMSF1,-7.963981950146916,Baseload
2020-02-02,HAYMSF1,11.61486919818644,Baseload
2020-02-09,HAYMSF1,-0.1934783296751803,Baseload
2020-02-16,HAYMSF1,-3.1876950186935247,Baseload
2020-02-23,HAYMSF1,-2.206596155815248,Baseload
2020-03-01,HAYMSF1,-5.565689098990688,Baseload
2020-03-08,HAYMSF1,-3.829558847336628,Baseload
2020-03-15,HAYMSF1,-9.349907169749589,Baseload
2020-03-22,HAYMSF1,-9.32439751157747,Baseload
2020-03-29,HAYMSF1,-3.7601604475867845,Baseload
2020-04-05,HAYMSF1,-6.4696929081257295,Baseload
2020-04-12,HAYMSF1,-12.436627512861968,Baseload
2020-04-19,HAYMSF1,-10.069376659046608,Baseload
2020-04-26,HAYMSF1,-10.843580996135913,Baseload
2020-05-03,HAYMSF1,-22.450044836101895,Baseload
2020-05-10,HAYMSF1,-10.322839235069683,Baseload
2020-05-17,HAYMSF1,-10.5881720595955,Baseload
2020-05-24,HAYMSF1,-11.215262494922523,Baseload
2020-05-31,HAYMSF1,-11.387373479347207,Baseload
2020-06-07,HAYMSF1,-12.489007844714301,Baseload
2020-06-14,HAYMSF1,-12.898379167811758,Baseload
2020-06-21,HAYMSF1,-8.698148925725725,Baseload
2020-06-28,HAYMSF1,-18.00067680221958,Baseload
2020-07-05,HAYMSF1,-9.434100796223536,Baseload
2020-07-12,HAYMSF1,-9.144944590779382,Baseload
2020-07-19,HAYMSF1,-13.956786181904288,Baseload
2020-07-26,HAYMSF1,-14.829852516050565,Baseload
2020-08-02,HAYMSF1,-11.822798974865915,Baseload
2020-08-09,HAYMSF1,-5.717415248966724,Baseload
2020-08-16,HAYMSF1,-9.43872440391095,Baseload
2020-08-23,HAYMSF1,-16.252407691561636,Baseload
2020-08-30,HAYMSF1,-23.219638533015278,Baseload
2020-09-06,HAYMSF1,-20.310984272464104,Baseload
2020-09-13,HAYMSF1,-16.47383474423809,Baseload
2020-09-20,HAYMSF1,-17.941776161849415,Baseload
2020-09-27,HAYMSF1,-13.432386008259577,Baseload
2020-10-04,HAYMSF1,-17.222651612019025,Baseload
2020-10-11,HAYMSF1,-18.241918211954957,Baseload
2020-10-18,HAYMSF1,-0.18810465145057265,Baseload
2020-10-25,HAYMSF1,-11.369866528991714,Baseload
2020-11-01,HAYMSF1,-8.841529301399135,Baseload
2020-11-08,HAYMSF1,-16.304638917166645,Baseload
2020-11-15,HAYMSF1,-15.810436493941125,Baseload
2020-11-22,HAYMSF1,-1.1986895463081026,Baseload
2020-11-29,HAYMSF1,-7.422964108079846,Baseload
2020-12-06,HAYMSF1,-2.0501631026605907,Baseload
2020-12-13,HAYMSF1,-8.973467083136626,Baseload
2020-12-20,HAYMSF1,-1.0953208173093856,Baseload
2020-12-27,HAYMSF1,-3.7008771758705876,Baseload
2021-01-03,HAYMSF1,-12.23047898078459,Baseload
2021-01-10,HAYMSF1,-3.547358751232352,Baseload
2021-01-17,HAYMSF1,-11.299324854310733,Baseload
2021-01-24,HAYMSF1,-15.168487381341947,Baseload
2021-01-31,HAYMSF1,-3.7515549228371867,Baseload
2021-02-07,HAYMSF1,-4.734435509456496,Baseload
2021-02-14,HAYMSF1,-8.197608642535329,Baseload
2021-02-21,HAYMSF1,-4.527371957432251,Baseload
2021-02-28,HAYMSF1,-16.016297308221084,Baseload
2021-03-07,HAYMSF1,-19.025705562851947,Baseload
2021-03-14,HAYMSF1,-18.255948334428794,Baseload
2021-03-21,HAYMSF1,-1.1430503816551152,Baseload
2021-03-28,HAYMSF1,-14.670884728280722,Baseload
2021-04-04,HAYMSF1,-10.635915116728672,Baseload
2021-04-11,HAYMSF1,-4.739701463761804,Baseload
2021-04-18,HAYMSF1,-32.67251395092083,Baseload
2021-04-25,HAYMSF1,-59.50968387681378,Baseload
2021-05-02,HAYMSF1,-22.03809560492866,Baseload
2021-05-09,HAYMSF1,-2.824081036679445,Baseload
2021-05-16,HAYMSF1,-5.615477351150943,Baseload
2021-05-23,HAYMSF1,-45.66145249692444,Baseload
2021-05-30,HAYMSF1,-293.6971504591,Baseload
2021-06-06,HAYMSF1,-180.41523555967706,Baseload
2021-06-13,HAYMSF1,-162.56221702728934,Baseload
2021-06-20,HAYMSF1,-111.44833069683234,Baseload
2021-06-27,HAYMSF1,-50.21052334548893,Baseload
2021-07-04,HAYMSF1,-46.84305398622427,Baseload
2021-07-11,HAYMSF1,-66.62656218505721,Baseload
2021-07-18,HAYMSF1,-49.98063680492024,Baseload
2021-07-25,HAYMSF1,-139.24832823410503,Baseload
2021-08-01,HAYMSF1,-33.991883670926995,Baseload
2021-08-08,HAYMSF1,-24.22672710953016,Baseload
2021-08-15,HAYMSF1,-20.671022512440594,Baseload
2021-08-22,HAYMSF1,-31.541227081923047,Baseload
2021-08-29,HAYMSF1,-35.018930743038716,Baseload
2021-09-05,HAYMSF1,-32.115323089969166,Baseload
2021-09-12,HAYMSF1,-27.74692441572554,Baseload
2021-09-19,HAYMSF1,-51.65717108560369,Baseload
2021-09-26,HAYMSF1,-28.790212990745598,Baseload
2021-10-03,HAYMSF1,8.410182049789874,Baseload
2021-10-10,HAYMSF1,-13.776330417840015,Baseload
2021-10-17,HAYMSF1,-14.888629415567696,Baseload
2021-10-24,HAYMSF1,-38.188220818877525,Baseload
2021-10-31,HAYMSF1,-28.186891752177004,Baseload
2021-11-07,HAYMSF1,-29.53031989652581,Baseload
2021-11-14,HAYMSF1,91.99258682161093,Baseload
2021-11-21,HAYMSF1,-20.426552593880103,Baseload
2021-11-28,HAYMSF1,4.140676508097712,Baseload
2021-12-05,HAYMSF1,-17.50128347918651,Baseload
2021-12-12,HAYMSF1,-115.90650866979362,Baseload
2021-12-19,HAYMSF1,-30.64172714078633,Baseload
2021-12-26,HAYMSF1,-105.19186829147657,Baseload
2022-01-02,HAYMSF1,-19.04220227546692,Baseload
2022-01-09,HAYMSF1,-22.12570774411752,Baseload
2022-01-16,HAYMSF1,-42.241536156701144,Baseload
2022-01-23,HAYMSF1,4.612543278040306,Baseload
2022-01-30,HAYMSF1,-30.18008264892576,Baseload
2022-02-06,HAYMSF1,-162.5705713634311,Baseload
2022-02-13,HAYMSF1,-20.326482246216884,Baseload
2022-02-20,HAYMSF1,-23.565643293674825,Baseload
2022-02-27,HAYMSF1,6.458364785322942,Baseload
2022-03-06,HAYMSF1,-15.61007806460195,Baseload
2022-03-13,HAYMSF1,-200.83603484790586,Baseload
2022-03-20,HAYMSF1,-34.70841470866464,Baseload
2022-03-27,HAYMSF1,-21.325699107334202,Baseload
2022-04-03,HAYMSF1,-71.1963787216589,Baseload
2022-04-10,HAYMSF1,-87.40832154245138,Baseload
2022-04-17,HAYMSF1,-64.31260914113862,Baseload
2022-04-24,HAYMSF1,-79.72706523750985,Baseload
2022-05-01,HAYMSF1,-97.0279535395268,Baseload
2022-05-08,HAYMSF1,-228.6634447061216,Baseload
2022-05-15,HAYMSF1,-56.126839923798116,Baseload
2022-05-22,HAYMSF1,-37.96050874838909,Baseload
2022-05-29,HAYMSF1,-72.93267720340313,Baseload
2022-06-05,HAYMSF1,-139.990031241221,Baseload
2022-06-12,HAYMSF1,-419.8414104504318,Baseload
2022-06-19,HAYMSF1,-18.641340712214003,Baseload
2022-06-26,HAYMSF1,-89.12426234027444,Baseload
2022-07-03,HAYMSF1,-48.828904301281625,Baseload
2022-07-10,HAYMSF1,-417.7825552331809,Baseload
2022-07-17,HAYMSF1,-211.38381012628943,Baseload
2022-07-24,HAYMSF1,-127.17187626431283,Baseload
2022-07-31,HAYMSF1,-120.70602062291063,Baseload
2022-08-07,HAYMSF1,-57.49841450310677,Baseload
2022-08-14,HAYMSF1,-61.747700024068266,Baseload
2022-08-21,HAYMSF1,-64.70347792220326,Baseload
2022-08-28,HAYMSF1,-54.91740030345269,Baseload
2022-09-04,HAYMSF1,-48.687023472467885,Baseload
2022-09-11,HAYMSF1,-46.16108849292992,Baseload
2022-09-18,HAYMSF1,-94.38614985611657,Baseload
2022-09-25,HAYMSF1,-47.63319740778712,Baseload
2022-10-02,HAYMSF1,-48.80563548571399,Baseload
2022-10-09,HAYMSF1,-54.47952091057347,Baseload
2022-10-16,HAYMSF1,-68.49077429004791,Baseload
2022-10-23,HAYMSF1,-34.05760501836778,Baseload
2022-10-30,HAYMSF1,-44.28432561923901,Baseload
2022-11-06,HAYMSF1,-17.746505262188563,Baseload
2022-11-13,HAYMSF1,-46.69167479926153,Baseload
2022-11-20,HAYMSF1,-79.17588595841633,Baseload
2022-11-27,HAYMSF1,-57.530182410564294,Baseload
2022-12-04,HAYMSF1,-38.10659860132327,Baseload
2022-12-11,HAYMSF1,-59.93343243788494,Baseload
2022-12-18,HAYMSF1,-54.18224438238609,Baseload
2022-12-25,HAYMSF1,-39.26857890323166,Baseload
2023-01-01,HAYMSF1,-32.135408143732896,Baseload
2023-01-08,HAYMSF1,-27.88507169850628,Baseload
2023-01-15,HAYMSF1,-39.07928421060983,Baseload
2023-01-22,HAYMSF1,-38.25476636271386,Baseload
2023-01-29,HAYMSF1,-27.584704916680934,Baseload
2023-02-05,HAYMSF1,-49.98861194067162,Baseload
2023-02-12,HAYMSF1,-36.59948304610292,Baseload
2023-02-19,HAYMSF1,-32.5510795670337,Baseload
2023-02-26,HAYMSF1,-21.082694394620937,Baseload
2023-03-05,HAYMSF1,-33.443342038926815,Baseload
2023-03-12,HAYMSF1,-16.669930722134254,Baseload
2023-03-19,HAYMSF1,-92.9556680692573,Baseload
2023-03-26,HAYMSF1,-26.840317532308298,Baseload
2023-04-02,HAYMSF1,-44.91814160958286,Baseload
2023-04-09,HAYMSF1,-31.554350105465602,Baseload
2023-04-16,HAYMSF1,-73.36329683857531,Baseload
2023-04-23,HAYMSF1,-57.221567750566905,Baseload
2023-04-30,HAYMSF1,-53.17165288332959,Baseload
2023-05-07,HAYMSF1,-72.53592579708224,Baseload
2023-05-14,HAYMSF1,-76.15538482943126,Baseload
2023-05-21,HAYMSF1,-83.47606080732199,Baseload
2023-05-28,HAYMSF1,-178.8926252075316,Baseload
2023-06-04,HAYMSF1,-91.44904433598299,Baseload
2023-06-11,HAYMSF1,-31.093336252893522,Baseload
2023-06-18,HAYMSF1,-74.46646440361425,Baseload
2023-06-25,HAYMSF1,-79.02854213696912,Baseload
2023-07-02,HAYMSF1,-51.58897730128636,Baseload
2023-07-09,HAYMSF1,-54.89509461422905,Baseload
2023-07-16,HAYMSF1,-43.1865434597798,Baseload
2023-07-23,HAYMSF1,-53.95441123795153,Baseload
2023-07-30,HAYMSF1,-68.56098598024816,Baseload
2023-08-06,HAYMSF1,-64.0861624934696,Baseload
2023-08-13,HAYMSF1,-52.16871101380879,Baseload
2023-08-20,HAYMSF1,-63.97801142894788,Baseload
2023-08-27,HAYMSF1,-67.06006483622696,Baseload
2023-09-03,HAYMSF1,-57.186718737317186,Baseload
2023-09-10,HAYMSF1,-57.175031995863776,Baseload
2023-09-17,HAYMSF1,-52.23959059061189,Baseload
2023-09-24,HAYMSF1,-49.07349018792407,Baseload
2023-10-01,HAYMSF1,-35.70647543163017,Baseload
2023-10-08,HAYMSF1,-43.11466911783247,Baseload
2023-10-15,HAYMSF1,-39.89398377097308,Baseload
2023-10-22,HAYMSF1,-51.49972436007238,Baseload
2023-10-29,HAYMSF1,-36.561057226365804,Baseload
2023-11-05,HAYMSF1,-26.810071565602623,Baseload
2023-11-12,HAYMSF1,-65.00904890474474,Baseload
2023-11-19,HAYMSF1,-54.159469592534904,Baseload
2023-11-26,HAYMSF1,-21.27413675020309,Baseload
2023-12-03,HAYMSF1,-39.8945477277567,Baseload
2023-12-10,HAYMSF1,-45.027901104905496,Baseload
2023-12-17,HAYMSF1,-41.74103326918206,Baseload
2023-12-24,HAYMSF1,-23.861610759029077,Baseload
2023-12-31,HAYMSF1,-107.96035145255777,Baseload
2024-01-07,HAYMSF1,-27.330486551123826,Baseload
2024-01-14,HAYMSF1,-42.91799263884959,Baseload
2024-01-21,HAYMSF1,-155.03160954595057,Baseload
2024-01-28,HAYMSF1,-67.33081122612556,Baseload
2024-02-04,HAYMSF1,-62.11902542601163,Baseload
2024-02-11,HAYMSF1,-44.50356432633319,Baseload
2024-02-18,HAYMSF1,-35.82921471929358,Baseload
2024-02-25,HAYMSF1,-65.30232598379834,Baseload
2024-03-03,HAYMSF1,-113.00991309427474,Baseload
2024-03-10,HAYMSF1,-33.8210674418734,Baseload
2024-03-17,HAYMSF1,-37.12753679546787,Baseload
2024-03-24,HAYMSF1,-26.38469520917571,Baseload
2024-03-31,HAYMSF1,-35.66943754886501,Baseload
2024-04-07,HAYMSF1,-31.64806360859071,Baseload
2024-04-14,HAYMSF1,-54.07584028882838,Baseload
2024-04-21,HAYMSF1,-50.252982118059975,Baseload
2024-04-28,HAYMSF1,-61.4976756472707,Baseload
2024-05-05,HAYMSF1,-56.643973554802976,Baseload
2024-05-12,HAYMSF1,-73.59813428502177,Baseload
2024-05-19,HAYMSF1,-36.271329913756475,Baseload
2024-05-26,HAYMSF1,-88.9239345671372,Baseload
2024-06-02,HAYMSF1,-49.00933659735892,Baseload
2024-06-09,HAYMSF1,-61.92669425789995,Baseload
2024-06-16,HAYMSF1,-73.92327777086714,Baseload
2024-06-23,HAYMSF1,-119.80124661930931,Baseload
2024-06-30,HAYMSF1,-54.59489077257233,Baseload
2024-07-07,HAYMSF1,-27.487145489668023,Baseload
2024-07-14,HAYMSF1,-63.52383860092976,Baseload
2024-07-21,HAYMSF1,-48.91863472060824,Baseload
2024-07-28,HAYMSF1,-57.880824601388674,Baseload
2024-08-04,HAYMSF1,-165.51090945202333,Baseload
2024-08-11,HAYMSF1,-170.0472042977961,Baseload
2024-08-18,HAYMSF1,-43.43401642468088,Baseload
2024-08-25,HAYMSF1,-54.11229482979344,Baseload
2024-09-01,HAYMSF1,-41.569992034915906,Baseload
2024-09-08,HAYMSF1,-41.04763394053298,Baseload
2024-09-15,HAYMSF1,-37.78260860305804,Baseload
2024-09-22,HAYMSF1,-65.98350534678328,Baseload
2024-09-29,HAYMSF1,-51.74430922978881,Baseload
2024-10-06,HAYMSF1,-54.02642690063231,Baseload
2024-10-13,HAYMSF1,-45.288465512983585,Baseload
2024-10-20,HAYMSF1,-31.74340625278604,Baseload
2024-10-27,HAYMSF1,-52.88642096688476,Baseload
2024-11-03,HAYMSF1,-30.30388352900964,Baseload
2024-11-10,HAYMSF1,-233.5569826554892,Baseload
2024-11-17,HAYMSF1,-57.698611963107,Baseload
2024-11-24,HAYMSF1,-68.41026183382523,Baseload
2024-12-01,HAYMSF1,-60.33092842391366,Baseload
2024-12-08,HAYMSF1,-105.78874542104465,Baseload
2024-12-15,HAYMSF1,-81.93993678772877,Baseload
2024-12-22,HAYMSF1,-60.634800436149554,Baseload
2024-12-29,HAYMSF1,-43.95285499202647,Baseload
2025-01-05,HAYMSF1,-47.008857501108196,Baseload
2020-01-05,KSP1,10.158993699462059,Baseload
2020-01-12,KSP1,-1.251080705696907,Baseload
2020-01-19,KSP1,-1.7548682008067331,Baseload
2020-01-26,KSP1,-7.464649884967599,Baseload
2020-02-02,KSP1,-11.844527596024832,Baseload
2020-02-09,KSP1,-0.2386168832259088,Baseload
2020-02-16,KSP1,-3.0467324247473044,Baseload
2020-02-23,KSP1,-0.07790382913363203,Baseload
2020-03-01,KSP1,-3.190886725954911,Baseload
2020-03-08,KSP1,-1.204287072136971,Baseload
2020-03-15,KSP1,-9.134936048901995,Baseload
2020-03-22,KSP1,-7.473940422884208,Baseload
2020-03-29,KSP1,-2.7331858458442753,Baseload
2020-04-05,KSP1,-3.8443414613981375,Baseload
2020-04-12,KSP1,-10.438796290432514,Baseload
2020-04-19,KSP1,-8.636662590028507,Baseload
2020-04-26,KSP1,-10.131934619126547,Baseload
2020-05-03,KSP1,-9.284972290090554,Baseload
2020-05-10,KSP1,-7.157972138708253,Baseload
2020-05-17,KSP1,-9.40026053600802,Baseload
2020-05-24,KSP1,-8.2094234684917,Baseload
2020-05-31,KSP1,-9.21912639441275,Baseload
2020-06-07,KSP1,-8.757630375113848,Baseload
2020-06-14,KSP1,-9.25195634801771,Baseload
2020-06-21,KSP1,-6.2963705134569175,Baseload
2020-06-28,KSP1,-17.779388802987942,Baseload
2020-07-05,KSP1,-10.379972605833508,Baseload
2020-07-12,KSP1,-7.896198478053236,Baseload
2020-07-19,KSP1,-14.416193830124126,Baseload
2020-07-26,KSP1,-13.215241987791394,Baseload
2020-08-02,KSP1,-10.945922750987311,Baseload
2020-08-09,KSP1,-7.239454263971314,Baseload
2020-08-16,KSP1,-7.601883716631605,Baseload
2020-08-23,KSP1,-14.16915469192303,Baseload
2020-08-30,KSP1,-21.53773836507729,Baseload
2020-09-06,KSP1,-15.921431633162234,Baseload
2020-09-13,KSP1,-14.682550526599943,Baseload
2020-09-20,KSP1,-14.45945599728673,Baseload
2020-09-27,KSP1,-11.434707906821965,Baseload
2020-10-04,KSP1,-14.195385886690204,Baseload
2020-10-11,KSP1,-14.264767828274088,Baseload
2020-10-18,KSP1,1.040220974468319,Baseload
2020-10-25,KSP1,-10.66547652448929,Baseload
2020-11-01,KSP1,-6.843809415674421,Baseload
2020-11-08,KSP1,-15.325394794787009,Baseload
2020-11-15,KSP1,-14.276896275528756,Baseload
2020-11-22,KSP1,6.089620102633994,Baseload
2020-11-29,KSP1,-16.85121943142297,Baseload
2020-12-06,KSP1,2.832583788481948,Baseload
2020-12-13,KSP1,-5.865360652454321,Baseload
2020-12-20,KSP1,13.738820991342592,Baseload
2020-12-27,KSP1,-3.373044346985523,Baseload
2021-01-03,KSP1,-8.383707992691008,Baseload
2021-01-10,KSP1,-0.5546910876720048,Baseload
2021-01-17,KSP1,-7.857893225418664,Baseload
2021-01-24,KSP1,-10.408401639285124,Baseload
2021-01-31,KSP1,-3.330437873689668,Baseload
2021-02-07,KSP1,-4.6965506632471445,Baseload
2021-02-14,KSP1,-7.343272889765117,Baseload
2021-02-21,KSP1,-3.448871210929074,Baseload
2021-02-28,KSP1,-10.146452594531475,Baseload
2021-03-07,KSP1,-16.587971107603543,Baseload
2021-03-14,KSP1,-19.93821619566023,Baseload
2021-03-21,KSP1,-0.5020398500633334,Baseload
2021-03-28,KSP1,-11.351544148709166,Baseload
2021-04-04,KSP1,-8.737703409031756,Baseload
2021-04-11,KSP1,14.844810984769062,Baseload
2021-04-18,KSP1,-22.302016707078764,Baseload
2021-04-25,KSP1,-54.25887370737065,Baseload
2021-05-02,KSP1,-17.195151828911328,Baseload
2021-05-09,KSP1,-0.6545343929607412,Baseload
2021-05-16,KSP1,4.00251029317122,Baseload
2021-05-23,KSP1,-32.51706906904818,Baseload
2021-05-30,KSP1,-277.0620170101811,Baseload
2021-06-06,KSP1,-159.9911268478453,Baseload
2021-06-13,KSP1,-138.41958866732398,Baseload
2021-06-20,KSP1,-57.79954388067375,Baseload
2021-06-27,KSP1,-43.986150757176105,Baseload
2021-07-04,KSP1,20.08192627799575,Baseload
2021-07-11,KSP1,-64.10335490325018,Baseload
2021-07-18,KSP1,-45.74408742299464,Baseload
2021-07-25,KSP1,-132.24247841938552,Baseload
2021-08-01,KSP1,-30.439870575795915,Baseload
2021-08-08,KSP1,-22.912626205138032,Baseload
2021-08-15,KSP1,-17.30379494973661,Baseload
2021-08-22,KSP1,-18.595145594998716,Baseload
2021-08-29,KSP1,-29.63880913433225,Baseload
2021-09-05,KSP1,-28.078558031648107,Baseload
2021-09-12,KSP1,-22.965076148893054,Baseload
2021-09-19,KSP1,-27.720033861303676,Baseload
2021-09-26,KSP1,-18.72116096214264,Baseload
2021-10-03,KSP1,21.218968539032012,Baseload
2021-10-10,KSP1,-30.770861657231926,Baseload
2021-10-17,KSP1,4.613220793581071,Baseload
2021-10-24,KSP1,-35.90263404904573,Baseload
2021-10-31,KSP1,-28.561170509520707,Baseload
2021-11-07,KSP1,-28.08066465917193,Baseload
2021-11-14,KSP1,-0.09917043021405902,Baseload
2021-11-21,KSP1,-14.718800002983428,Baseload
2021-11-28,KSP1,-16.059669134290644,Baseload
2021-12-05,KSP1,-13.142497433632798,Baseload
2021-12-12,KSP1,-107.61866918738286,Baseload
2021-12-19,KSP1,-27.519370640001412,Baseload
2021-12-26,KSP1,-116.7234548572402,Baseload
2022-01-02,KSP1,-22.18801715759667,Baseload
2022-01-09,KSP1,-9.312767659275394,Baseload
2022-01-16,KSP1,-45.43349285119703,Baseload
2022-01-23,KSP1,-5.674385481736778,Baseload
2022-01-30,KSP1,-23.048245433909415,Baseload
2022-02-06,KSP1,-258.30204124793113,Baseload
2022-02-13,KSP1,-18.12732247119824,Baseload
2022-02-20,KSP1,-18.99458541803716,Baseload
2022-02-27,KSP1,6.182988513749919,Baseload
2022-03-06,KSP1,-12.319983053827997,Baseload
2022-03-13,KSP1,-121.48053753165587,Baseload
2022-03-20,KSP1,-25.213877722328718,Baseload
2022-03-27,KSP1,-17.96085311473371,Baseload
2022-04-03,KSP1,-62.797425872873674,Baseload
2022-04-10,KSP1,-77.34007204898981,Baseload
2022-04-17,KSP1,-50.11695837240924,Baseload
2022-04-24,KSP1,-42.55943756586831,Baseload
2022-05-01,KSP1,-65.68020978340215,Baseload
2022-05-08,KSP1,-203.81439115385186,Baseload
2022-05-15,KSP1,-7.435390320440035,Baseload
2022-05-22,KSP1,-23.10098296532118,Baseload
2022-05-29,KSP1,-60.399414883662075,Baseload
2022-06-05,KSP1,-129.3036849240151,Baseload
2022-06-12,KSP1,-399.66987526808134,Baseload
2022-06-19,KSP1,-14.182192566788757,Baseload
2022-06-26,KSP1,-80.12626955450838,Baseload
2022-07-03,KSP1,-19.0769324039955,Baseload
2022-07-10,KSP1,-137.0031930653161,Baseload
2022-07-17,KSP1,-186.57644902502125,Baseload
2022-07-24,KSP1,-101.2974694340052,Baseload
2022-07-31,KSP1,-114.06379343612991,Baseload
2022-08-07,KSP1,-50.58292471684997,Baseload
2022-08-14,KSP1,-52.083054937719595,Baseload
2022-08-21,KSP1,-84.63585180946282,Baseload
2022-08-28,KSP1,-59.88545116432123,Baseload
2022-09-04,KSP1,-34.478609632374855,Baseload
2022-09-11,KSP1,-58.19440909954932,Baseload
2022-09-18,KSP1,-94.35499785850966,Baseload
2022-09-25,KSP1,-59.2583593550433,Baseload
2022-10-02,KSP1,-41.73828325958162,Baseload
2022-10-09,KSP1,-50.473964380306654,Baseload
2022-10-16,KSP1,-64.13392241061705,Baseload
2022-10-23,KSP1,-29.26933366892908,Baseload
2022-10-30,KSP1,-54.832093278139155,Baseload
2022-11-06,KSP1,-22.737375638573553,Baseload
2022-11-13,KSP1,-51.438545679607806,Baseload
2022-11-20,KSP1,-91.36444228328355,Baseload
2022-11-27,KSP1,-54.79330508980004,Baseload
2022-12-04,KSP1,-43.56193906547942,Baseload
2022-12-11,KSP1,-59.613655542946184,Baseload
2022-12-18,KSP1,-56.835041951314906,Baseload
2022-12-25,KSP1,-39.005216481783116,Baseload
2023-01-01,KSP1,-35.658850860826874,Baseload
2023-01-08,KSP1,-35.788498449376284,Baseload
2023-01-15,KSP1,-23.30030266479352,Baseload
2023-01-22,KSP1,-26.315772213410725,Baseload
2023-01-29,KSP1,-18.37743060359881,Baseload
2023-02-05,KSP1,-52.46491312865025,Baseload
2023-02-12,KSP1,-24.660668660627124,Baseload
2023-02-19,KSP1,-23.22727462170532,Baseload
2023-02-26,KSP1,-25.25703042972618,Baseload
2023-03-05,KSP1,-21.864263541674347,Baseload
2023-03-12,KSP1,-7.985710722794906,Baseload
2023-03-19,KSP1,-91.89104117033715,Baseload
2023-03-26,KSP1,-31.810158561087867,Baseload
2023-04-02,KSP1,-37.037115441522474,Baseload
2023-04-09,KSP1,-31.068113800274986,Baseload
2023-04-16,KSP1,-81.25486407205274,Baseload
2023-04-23,KSP1,-55.44623936707915,Baseload
2023-04-30,KSP1,-42.65643931029216,Baseload
2023-05-07,KSP1,-70.39955696273465,Baseload
2023-05-14,KSP1,-76.32241658237754,Baseload
2023-05-21,KSP1,-70.14434355088795,Baseload
2023-05-28,KSP1,-158.56472018660605,Baseload
2023-06-04,KSP1,-73.20340952072246,Baseload
2023-06-11,KSP1,-23.83486283549783,Baseload
2023-06-18,KSP1,-51.368789914091174,Baseload
2023-06-25,KSP1,-73.453394753646,Baseload
2023-07-02,KSP1,-55.57659039246702,Baseload
2023-07-09,KSP1,-46.94133366005011,Baseload
2023-07-16,KSP1,-36.33987244880652,Baseload
2023-07-23,KSP1,-47.46344621680831,Baseload
2023-07-30,KSP1,-60.96346770894616,Baseload
2023-08-06,KSP1,-66.75519833446947,Baseload
2023-08-13,KSP1,-49.69473432781834,Baseload
2023-08-20,KSP1,-68.11983961385687,Baseload
2023-08-27,KSP1,-65.3928514879331,Baseload
2023-09-03,KSP1,-61.614929420847005,Baseload
2023-09-10,KSP1,-63.20764200565495,Baseload
2023-09-17,KSP1,-53.702754569427796,Baseload
2023-09-24,KSP1,-49.70718496044607,Baseload
2023-10-01,KSP1,-45.11294904566009,Baseload
2023-10-08,KSP1,-47.275270015557346,Baseload
2023-10-15,KSP1,-51.14881915347274,Baseload
2023-10-22,KSP1,-52.15270500510388,Baseload
2023-10-29,KSP1,-47.290228812784164,Baseload
2023-11-05,KSP1,-36.54519849719818,Baseload
2023-11-12,KSP1,-53.94000579196044,Baseload
2023-11-19,KSP1,-52.05315779107499,Baseload
2023-11-26,KSP1,-21.193142420981502,Baseload
2023-12-03,KSP1,-24.96903844753419,Baseload
2023-12-10,KSP1,-21.43733166794393,Baseload
2023-12-17,KSP1,-25.985344295924328,Baseload
2023-12-24,KSP1,-4.413509499835953,Baseload
2023-12-31,KSP1,-40.212311994563066,Baseload
2024-01-07,KSP1,-25.6726368387294,Baseload
2024-01-14,KSP1,-31.98451213020561,Baseload
2024-01-21,KSP1,-158.8311325780742,Baseload
2024-01-28,KSP1,-79.38722006768327,Baseload
2024-02-04,KSP1,-13.20473538919805,Baseload
2024-02-11,KSP1,-41.3439874370128,Baseload
2024-02-18,KSP1,-25.536977595827125,Baseload
2024-02-25,KSP1,-53.80573804098093,Baseload
2024-03-03,KSP1,-90.5578780309233,Baseload
2024-03-10,KSP1,-24.180640928155164,Baseload
2024-03-17,KSP1,-30.88741539139656,Baseload
2024-03-24,KSP1,-26.457102362975036,Baseload
2024-03-31,KSP1,-36.45332529049873,Baseload
2024-04-07,KSP1,-24.182159246528855,Baseload
2024-04-14,KSP1,-44.06280042925769,Baseload
2024-04-21,KSP1,-39.533849071850234,Baseload
2024-04-28,KSP1,-44.221669645442816,Baseload
2024-05-05,KSP1,-45.75582581322673,Baseload
2024-05-12,KSP1,-68.29754583798318,Baseload
2024-05-19,KSP1,-27.39434801976445,Baseload
2024-05-26,KSP1,-67.88750069448893,Baseload
2024-06-02,KSP1,-43.7348852164525,Baseload
2024-06-09,KSP1,-54.967917717128586,Baseload
2024-06-16,KSP1,-64.7689598903099,Baseload
2024-06-23,KSP1,-109.77144955549082,Baseload
2024-06-30,KSP1,-42.97450512005585,Baseload
2024-07-07,KSP1,-33.778565889738005,Baseload
2024-07-14,KSP1,-49.70687655531563,Baseload
2024-07-21,KSP1,-43.61407135694679,Baseload
2024-07-28,KSP1,-50.900775240769846,Baseload
2024-08-04,KSP1,-156.02578987329323,Baseload
2024-08-11,KSP1,-122.25848743995937,Baseload
2024-08-18,KSP1,-22.622096486007877,Baseload
2024-08-25,KSP1,-47.717688717948704,Baseload
2024-09-01,KSP1,-38.9671793061924,Baseload
2024-09-08,KSP1,-27.64203569349356,Baseload
2024-09-15,KSP1,-26.775685124350307,Baseload
2024-09-22,KSP1,-59.8631589826322,Baseload
2024-09-29,KSP1,-55.46533532664563,Baseload
2024-10-06,KSP1,-45.08713278604439,Baseload
2024-10-13,KSP1,-25.952791974202455,Baseload
2024-10-20,KSP1,-2.231230293150361,Baseload
2024-10-27,KSP1,-43.852390795611,Baseload
2024-11-03,KSP1,-1.6629516300759093,Baseload
2024-11-10,KSP1,-141.43226274837085,Baseload
2024-11-17,KSP1,-46.02478211797663,Baseload
2024-11-24,KSP1,-40.22204470253578,Baseload
2024-12-01,KSP1,-65.48060698776281,Baseload
2024-12-08,KSP1,-111.37669955196631,Baseload
2024-12-15,KSP1,-82.6631687345847,Baseload
2024-12-22,KSP1,-14.739167255754296,Baseload
2024-12-29,KSP1,-12.906316807429654,Baseload
2025-01-05,KSP1,-19.61750529024699,Baseload
2020-01-05,LILYSF1,7.6066620934077065,Baseload
2020-01-12,LILYSF1,-0.7298069432516456,Baseload
2020-01-19,LILYSF1,-1.9657875910553457,Baseload
2020-01-26,LILYSF1,-4.206864261259426,Baseload
2020-02-02,LILYSF1,7.732179128123761,Baseload
2020-02-09,LILYSF1,-0.06295340140651007,Baseload
2020-02-16,LILYSF1,-2.376997428966604,Baseload
2020-02-23,LILYSF1,0.7377546507442219,Baseload
2020-03-01,LILYSF1,-4.018568893508295,Baseload
2020-03-08,LILYSF1,-0.94843163090421,Baseload
2020-03-15,LILYSF1,-9.977706112957648,Baseload
2020-03-22,LILYSF1,-8.83819242562932,Baseload
2020-03-29,LILYSF1,-3.981145686555621,Baseload
2020-04-05,LILYSF1,-7.347981187227127,Baseload
2020-04-12,LILYSF1,-10.04755623145995,Baseload
2020-04-19,LILYSF1,-9.466890856772107,Baseload
2020-04-26,LILYSF1,-10.645534096842912,Baseload
2020-05-03,LILYSF1,2.842515150637361,Baseload
2020-05-10,LILYSF1,-9.046188739478094,Baseload
2020-05-17,LILYSF1,-9.738276042065863,Baseload
2020-05-24,LILYSF1,-13.011494585259257,Baseload
2020-05-31,LILYSF1,-13.104086027843106,Baseload
2020-06-07,LILYSF1,-13.003298160362977,Baseload
2020-06-14,LILYSF1,-12.25818188715439,Baseload
2020-06-21,LILYSF1,-7.064400269030724,Baseload
2020-06-28,LILYSF1,-21.94880149842311,Baseload
2020-07-05,LILYSF1,-8.178438445154462,Baseload
2020-07-12,LILYSF1,-9.465068703193595,Baseload
2020-07-19,LILYSF1,-15.525799071838634,Baseload
2020-07-26,LILYSF1,-15.4022376349144,Baseload
2020-08-02,LILYSF1,-11.45798203502888,Baseload
2020-08-09,LILYSF1,-8.652085274806357,Baseload
2020-08-16,LILYSF1,-14.851415993937161,Baseload
2020-08-23,LILYSF1,-20.822574151067883,Baseload
2020-08-30,LILYSF1,-19.31394173036177,Baseload
2020-09-06,LILYSF1,-19.927505575780845,Baseload
2020-09-13,LILYSF1,-9.88173259613249,Baseload
2020-09-20,LILYSF1,-15.43219873335639,Baseload
2020-09-27,LILYSF1,-10.898404764798432,Baseload
2020-10-04,LILYSF1,-14.498263082012038,Baseload
2020-10-11,LILYSF1,-16.81370942418486,Baseload
2020-10-18,LILYSF1,-2.129376658775243,Baseload
2020-10-25,LILYSF1,-6.056002593064068,Baseload
2020-11-01,LILYSF1,-8.05315595227492,Baseload
2020-11-08,LILYSF1,-15.47062533559873,Baseload
2020-11-15,LILYSF1,-12.85671905340449,Baseload
2020-11-22,LILYSF1,13.931302484432294,Baseload
2020-11-29,LILYSF1,-4.113233470500404,Baseload
2020-12-06,LILYSF1,1.7149841939339296,Baseload
2020-12-13,LILYSF1,-5.069270146132837,Baseload
2020-12-20,LILYSF1,4.157439469128548,Baseload
2020-12-27,LILYSF1,-7.289335993810447,Baseload
2021-01-03,LILYSF1,-11.846158463355906,Baseload
2021-01-10,LILYSF1,-1.6635599545508981,Baseload
2021-01-17,LILYSF1,-7.0239777030393356,Baseload
2021-01-24,LILYSF1,-9.905216456659268,Baseload
2021-01-31,LILYSF1,-4.35780453617393,Baseload
2021-02-07,LILYSF1,-5.882886902266264,Baseload
2021-02-14,LILYSF1,-7.416560191620853,Baseload
2021-02-21,LILYSF1,-2.866243752548691,Baseload
2021-02-28,LILYSF1,-11.835661383311177,Baseload
2021-03-07,LILYSF1,-18.525001657840907,Baseload
2021-03-14,LILYSF1,-25.24216923913989,Baseload
2021-03-21,LILYSF1,-1.7371324889317066,Baseload
2021-03-28,LILYSF1,-10.50959684348355,Baseload
2021-04-04,LILYSF1,-7.24816761642181,Baseload
2021-04-11,LILYSF1,37.56783774577506,Baseload
2021-04-18,LILYSF1,-21.010546450260314,Baseload
2021-04-25,LILYSF1,-42.622195906765754,Baseload
2021-05-02,LILYSF1,-14.96477942705852,Baseload
2021-05-09,LILYSF1,0.21411236794494215,Baseload
2021-05-16,LILYSF1,-6.298254375608757,Baseload
2021-05-23,LILYSF1,-30.748983731535002,Baseload
2021-05-30,LILYSF1,-219.70714668763924,Baseload
2021-06-06,LILYSF1,-212.35628370415674,Baseload
2021-06-13,LILYSF1,-175.67614126991873,Baseload
2021-06-20,LILYSF1,-93.46637586964654,Baseload
2021-06-27,LILYSF1,-53.06906279759928,Baseload
2021-07-04,LILYSF1,-39.20203941079676,Baseload
2021-07-11,LILYSF1,-60.66751287846931,Baseload
2021-07-18,LILYSF1,-47.52809921626208,Baseload
2021-07-25,LILYSF1,-131.3967026279588,Baseload
2021-08-01,LILYSF1,-30.956847961542316,Baseload
2021-08-08,LILYSF1,-24.86186259778277,Baseload
2021-08-15,LILYSF1,-16.390405033324317,Baseload
2021-08-22,LILYSF1,-13.393995285853855,Baseload
2021-08-29,LILYSF1,-25.80994929473932,Baseload
2021-09-05,LILYSF1,-25.851014235313375,Baseload
2021-09-12,LILYSF1,-7.704269802554325,Baseload
2021-09-19,LILYSF1,-2.853292565002853,Baseload
2021-09-26,LILYSF1,-2.1120167667751772,Baseload
2021-10-03,LILYSF1,23.923642961498878,Baseload
2021-10-10,LILYSF1,30.05354749957727,Baseload
2021-10-17,LILYSF1,21.389672012750495,Baseload
2021-10-24,LILYSF1,-43.91349126230075,Baseload
2021-10-31,LILYSF1,-33.73122075138674,Baseload
2021-11-07,LILYSF1,-17.896172783778184,Baseload
2021-11-14,LILYSF1,0.3280472744284282,Baseload
2021-11-21,LILYSF1,17.377715348080102,Baseload
2021-11-28,LILYSF1,-13.064223749004569,Baseload
2021-12-05,LILYSF1,-12.758650098698126,Baseload
2021-12-12,LILYSF1,-92.1701719610929,Baseload
2021-12-19,LILYSF1,-26.766066572733365,Baseload
2021-12-26,LILYSF1,-67.99115070501853,Baseload
2022-01-02,LILYSF1,-19.04700106165148,Baseload
2022-01-09,LILYSF1,-17.967430515944656,Baseload
2022-01-16,LILYSF1,-42.18483622200739,Baseload
2022-01-23,LILYSF1,-6.9118044036727895,Baseload
2022-01-30,LILYSF1,-28.23222506256161,Baseload
2022-02-06,LILYSF1,-15.6368036968571,Baseload
2022-02-13,LILYSF1,-18.212114973361068,Baseload
2022-02-20,LILYSF1,-15.518717083762837,Baseload
2022-02-27,LILYSF1,-1.5152485595179712,Baseload
2022-03-06,LILYSF1,-21.124147608165302,Baseload
2022-03-13,LILYSF1,-176.08314412499828,Baseload
2022-03-20,LILYSF1,-24.20329441079896,Baseload
2022-03-27,LILYSF1,-21.13181902967672,Baseload
2022-04-03,LILYSF1,-67.81157925561695,Baseload
2022-04-10,LILYSF1,-54.83507901433549,Baseload
2022-04-17,LILYSF1,-59.724077913612106,Baseload
2022-04-24,LILYSF1,-66.7294681733372,Baseload
2022-05-01,LILYSF1,-97.34483120618933,Baseload
2022-05-08,LILYSF1,-234.701933183376,Baseload
2022-05-15,LILYSF1,-46.7231427612013,Baseload
2022-05-22,LILYSF1,-34.210011705721854,Baseload
2022-05-29,LILYSF1,-77.37488137850184,Baseload
2022-06-05,LILYSF1,-80.31676756390141,Baseload
2022-06-12,LILYSF1,-378.13335554804854,Baseload
2022-06-19,LILYSF1,-18.034041231580545,Baseload
2022-06-26,LILYSF1,-82.59438106025922,Baseload
2022-07-03,LILYSF1,-45.905191296599924,Baseload
2022-07-10,LILYSF1,-271.7720397363274,Baseload
2022-07-17,LILYSF1,-209.1989779764301,Baseload
2022-07-24,LILYSF1,-122.18741769628741,Baseload
2022-07-31,LILYSF1,-114.9411743690596,Baseload
2022-08-07,LILYSF1,-50.3825123367392,Baseload
2022-08-14,LILYSF1,-59.33231620527661,Baseload
2022-08-21,LILYSF1,-54.043546461271404,Baseload
2022-08-28,LILYSF1,-49.52506389314274,Baseload
2022-09-04,LILYSF1,-47.584267256308706,Baseload
2022-09-11,LILYSF1,-36.78988988970771,Baseload
2022-09-18,LILYSF1,-61.53235139784262,Baseload
2022-09-25,LILYSF1,-44.684092944421096,Baseload
2022-10-02,LILYSF1,-50.054679234311806,Baseload
2022-10-09,LILYSF1,-49.4452923743588,Baseload
2022-10-16,LILYSF1,-59.48844067875426,Baseload
2022-10-23,LILYSF1,-31.215525540871184,Baseload
2022-10-30,LILYSF1,-29.88716911450176,Baseload
2022-11-06,LILYSF1,-8.891373537055273,Baseload
2022-11-13,LILYSF1,-37.573933853188336,Baseload
2022-11-20,LILYSF1,-73.90246889339026,Baseload
2022-11-27,LILYSF1,-46.64529019998872,Baseload
2022-12-04,LILYSF1,-35.35860728029354,Baseload
2022-12-11,LILYSF1,-48.213401243364935,Baseload
2022-12-18,LILYSF1,-39.06934133213988,Baseload
2022-12-25,LILYSF1,-31.395544892376293,Baseload
2023-01-01,LILYSF1,-22.456041830301622,Baseload
2023-01-08,LILYSF1,-23.71878077109708,Baseload
2023-01-15,LILYSF1,-33.99049148711242,Baseload
2023-01-22,LILYSF1,-26.484705685251754,Baseload
2023-01-29,LILYSF1,-23.37655784900778,Baseload
2023-02-05,LILYSF1,-53.621847860814995,Baseload
2023-02-12,LILYSF1,-26.45087476466736,Baseload
2023-02-19,LILYSF1,-30.164996832498545,Baseload
2023-02-26,LILYSF1,-14.430979048971373,Baseload
2023-03-05,LILYSF1,-34.15451553439604,Baseload
2023-03-12,LILYSF1,-37.145248775652014,Baseload
2023-03-19,LILYSF1,-89.98889633482689,Baseload
2023-03-26,LILYSF1,-24.495959199491644,Baseload
2023-04-02,LILYSF1,7.922389259768863,Baseload
2023-04-09,LILYSF1,-42.13551704204544,Baseload
2023-04-16,LILYSF1,-90.10606522870967,Baseload
2023-04-23,LILYSF1,-67.54262242523913,Baseload
2023-04-30,LILYSF1,-58.53623464214976,Baseload
2023-05-07,LILYSF1,-81.46822518040416,Baseload
2023-05-14,LILYSF1,-88.98480397182938,Baseload
2023-05-21,LILYSF1,-89.00773816290965,Baseload
2023-05-28,LILYSF1,-177.72158958829783,Baseload
2023-06-04,LILYSF1,-95.38260637691332,Baseload
2023-06-11,LILYSF1,-33.42806890325623,Baseload
2023-06-18,LILYSF1,-76.03630701879088,Baseload
2023-06-25,LILYSF1,-81.14175243457227,Baseload
2023-07-02,LILYSF1,-62.69951012873628,Baseload
2023-07-09,LILYSF1,-56.98254208080219,Baseload
2023-07-16,LILYSF1,-49.149618168467455,Baseload
2023-07-23,LILYSF1,-57.611192604908155,Baseload
2023-07-30,LILYSF1,-74.99241797988407,Baseload
2023-08-06,LILYSF1,-72.6847241366671,Baseload
2023-08-13,LILYSF1,-57.34857554753183,Baseload
2023-08-20,LILYSF1,-72.88991064392634,Baseload
2023-08-27,LILYSF1,-70.47520172750133,Baseload
2023-09-03,LILYSF1,-63.87525745565755,Baseload
2023-09-10,LILYSF1,-59.35596693241999,Baseload
2023-09-17,LILYSF1,-52.979675067453854,Baseload
2023-09-24,LILYSF1,-50.88828561671619,Baseload
2023-10-01,LILYSF1,-39.70007817159899,Baseload
2023-10-08,LILYSF1,-43.4843998932009,Baseload
2023-10-15,LILYSF1,-39.86771418254715,Baseload
2023-10-22,LILYSF1,-49.627183216536025,Baseload
2023-10-29,LILYSF1,-39.2476968181974,Baseload
2023-11-05,LILYSF1,-31.8692543535132,Baseload
2023-11-12,LILYSF1,-55.38947363988855,Baseload
2023-11-19,LILYSF1,-62.28548428589461,Baseload
2023-11-26,LILYSF1,-8.649555166569797,Baseload
2023-12-03,LILYSF1,50.411411071428574,Baseload
2023-12-10,LILYSF1,-47.26719049258709,Baseload
2023-12-17,LILYSF1,-22.54905572899696,Baseload
2023-12-24,LILYSF1,-25.909605576266188,Baseload
2023-12-31,LILYSF1,-98.62416247301323,Baseload
2024-01-07,LILYSF1,-22.542090841900844,Baseload
2024-01-14,LILYSF1,-30.925664428001653,Baseload
2024-01-21,LILYSF1,-117.84012122914814,Baseload
2024-01-28,LILYSF1,-115.07436904404295,Baseload
2024-02-04,LILYSF1,-117.20326318383702,Baseload
2024-02-11,LILYSF1,-40.59788568483145,Baseload
2024-02-18,LILYSF1,-36.6142414845042,Baseload
2024-02-25,LILYSF1,-52.03952675525332,Baseload
2024-03-03,LILYSF1,-82.01535156977906,Baseload
2024-03-10,LILYSF1,-36.73440748483286,Baseload
2024-03-17,LILYSF1,-37.19393621081901,Baseload
2024-03-24,LILYSF1,-23.314285256566116,Baseload
2024-03-31,LILYSF1,-40.54824837096791,Baseload
2024-04-07,LILYSF1,-33.656423764291006,Baseload
2024-04-14,LILYSF1,-60.35367444217521,Baseload
2024-04-21,LILYSF1,-48.72749328446187,Baseload
2024-04-28,LILYSF1,-63.785791635539745,Baseload
2024-05-05,LILYSF1,-63.01939764105083,Baseload
2024-05-12,LILYSF1,-76.6137932933899,Baseload
2024-05-19,LILYSF1,-49.45587895210128,Baseload
2024-05-26,LILYSF1,-92.05227541946739,Baseload
2024-06-02,LILYSF1,-57.941073470037544,Baseload
2024-06-09,LILYSF1,-75.04401822381267,Baseload
2024-06-16,LILYSF1,-84.16295902093304,Baseload
2024-06-23,LILYSF1,-124.18164715873918,Baseload
2024-06-30,LILYSF1,-66.72854752884305,Baseload
2024-07-07,LILYSF1,-57.01317093699465,Baseload
2024-07-14,LILYSF1,-70.52932850576633,Baseload
2024-07-21,LILYSF1,-61.515825234054944,Baseload
2024-07-28,LILYSF1,-60.90740446145643,Baseload
2024-08-04,LILYSF1,-174.90346332767066,Baseload
2024-08-11,LILYSF1,-163.12605465402208,Baseload
2024-08-18,LILYSF1,-72.7266943721158,Baseload
2024-08-25,LILYSF1,-66.45757981075197,Baseload
2024-09-01,LILYSF1,-59.65389941342239,Baseload
2024-09-08,LILYSF1,-60.74887258156894,Baseload
2024-09-15,LILYSF1,-58.16745364601526,Baseload
2024-09-22,LILYSF1,-52.65419978142688,Baseload
2024-09-29,LILYSF1,-27.638951161574354,Baseload
2024-10-06,LILYSF1,-21.007869332526354,Baseload
2024-10-13,LILYSF1,-62.99357284238294,Baseload
2024-10-20,LILYSF1,-59.32133419064975,Baseload
2024-10-27,LILYSF1,-79.8333088707911,Baseload
2024-11-03,LILYSF1,-79.99784297778857,Baseload
2024-11-10,LILYSF1,-235.64232149910822,Baseload
2024-11-17,LILYSF1,-79.88321347004953,Baseload
2024-11-24,LILYSF1,-98.20374063114969,Baseload
2024-12-01,LILYSF1,-68.11795826225955,Baseload
2024-12-08,LILYSF1,-110.8728176420021,Baseload
2024-12-15,LILYSF1,-89.08836319460998,Baseload
2024-12-22,LILYSF1,-58.74084902482004,Baseload
2024-12-29,LILYSF1,-65.08912255827724,Baseload
2025-01-05,LILYSF1,-38.92002982964045,Baseload
2020-01-05,OAKEY1SF,6.775579182448553,Baseload
2020-01-12,OAKEY1SF,-0.4044146367351473,Baseload
2020-01-19,OAKEY1SF,-0.9049156890836159,Baseload
2020-01-26,OAKEY1SF,2.1500342050433687,Baseload
2020-02-02,OAKEY1SF,10.039971152214918,Baseload
2020-02-09,OAKEY1SF,0.755653902586026,Baseload
2020-02-16,OAKEY1SF,-4.176987691327504,Baseload
2020-02-23,OAKEY1SF,1.8460519841253173,Baseload
2020-03-01,OAKEY1SF,-3.262718916447689,Baseload
2020-03-08,OAKEY1SF,-3.2981578212291396,Baseload
2020-03-15,OAKEY1SF,-4.591259955026121,Baseload
2020-03-22,OAKEY1SF,-8.298932451343607,Baseload
2020-03-29,OAKEY1SF,-5.090525007640203,Baseload
2020-04-05,OAKEY1SF,-6.064080917955643,Baseload
2020-04-12,OAKEY1SF,-9.565553970997005,Baseload
2020-04-19,OAKEY1SF,-10.731416583741066,Baseload
2020-04-26,OAKEY1SF,-9.041750656449153,Baseload
2020-05-03,OAKEY1SF,11.87857195019279,Baseload
2020-05-10,OAKEY1SF,-9.055348323484381,Baseload
2020-05-17,OAKEY1SF,-10.113789293948717,Baseload
2020-05-24,OAKEY1SF,-4.921649733608753,Baseload
2020-05-31,OAKEY1SF,-8.378228042071605,Baseload
2020-06-07,OAKEY1SF,-8.231695716257526,Baseload
2020-06-14,OAKEY1SF,-9.69474420280386,Baseload
2020-06-21,OAKEY1SF,-5.40283671142161,Baseload
2020-06-28,OAKEY1SF,-11.292808579715565,Baseload
2020-07-05,OAKEY1SF,-6.3491847090974325,Baseload
2020-07-12,OAKEY1SF,-10.033349156058819,Baseload
2020-07-19,OAKEY1SF,-14.360639600607808,Baseload
2020-07-26,OAKEY1SF,-13.715055370802347,Baseload
2020-08-02,OAKEY1SF,-10.626888507457075,Baseload
2020-08-09,OAKEY1SF,-4.819008798605477,Baseload
2020-08-16,OAKEY1SF,-5.759552037537173,Baseload
2020-08-23,OAKEY1SF,-10.098781417824515,Baseload
2020-08-30,OAKEY1SF,-14.210475960665782,Baseload
2020-09-06,OAKEY1SF,-13.702608907470665,Baseload
2020-09-13,OAKEY1SF,-9.413137311790528,Baseload
2020-09-20,OAKEY1SF,-5.57136279894419,Baseload
2020-09-27,OAKEY1SF,-4.853342789027643,Baseload
2020-10-04,OAKEY1SF,-11.741220961135829,Baseload
2020-10-11,OAKEY1SF,-13.756744792369577,Baseload
2020-10-18,OAKEY1SF,14.215625900162408,Baseload
2020-10-25,OAKEY1SF,-11.912958296396475,Baseload
2020-11-01,OAKEY1SF,-7.868651812868563,Baseload
2020-11-08,OAKEY1SF,-17.522758948027583,Baseload
2020-11-15,OAKEY1SF,-14.991007505729726,Baseload
2020-11-22,OAKEY1SF,-9.148026633397613,Baseload
2020-11-29,OAKEY1SF,-7.117459501829913,Baseload
2020-12-06,OAKEY1SF,3.4557868861227092,Baseload
2020-12-13,OAKEY1SF,-8.552668007971306,Baseload
2020-12-20,OAKEY1SF,-4.585419894056088,Baseload
2020-12-27,OAKEY1SF,-10.204429715692108,Baseload
2021-01-03,OAKEY1SF,-9.540308214481957,Baseload
2021-01-10,OAKEY1SF,-3.921192215135953,Baseload
2021-01-17,OAKEY1SF,-6.166479324932595,Baseload
2021-01-24,OAKEY1SF,16.36261929353872,Baseload
2021-01-31,OAKEY1SF,-4.179446372031123,Baseload
2021-02-07,OAKEY1SF,-5.646086304468604,Baseload
2021-02-14,OAKEY1SF,-7.0641142632793645,Baseload
2021-02-21,OAKEY1SF,-4.720445040967071,Baseload
2021-02-28,OAKEY1SF,-12.633401956784255,Baseload
2021-03-07,OAKEY1SF,-17.624916886139808,Baseload
2021-03-14,OAKEY1SF,-27.038273475396636,Baseload
2021-03-21,OAKEY1SF,0.7025312162946875,Baseload
2021-03-28,OAKEY1SF,-18.146639547725417,Baseload
2021-04-04,OAKEY1SF,-8.262111673200163,Baseload
2021-04-11,OAKEY1SF,17.324642744831586,Baseload
2021-04-18,OAKEY1SF,-26.611960359704593,Baseload
2021-04-25,OAKEY1SF,-35.31706814614344,Baseload
2021-05-02,OAKEY1SF,-18.473457637488238,Baseload
2021-05-09,OAKEY1SF,-24.78950891195405,Baseload
2021-05-16,OAKEY1SF,-24.89649011230297,Baseload
2021-05-23,OAKEY1SF,-41.087607968138684,Baseload
2021-05-30,OAKEY1SF,-231.36896391006385,Baseload
2021-06-06,OAKEY1SF,-219.58815067756092,Baseload
2021-06-13,OAKEY1SF,-178.89288212881098,Baseload
2021-06-20,OAKEY1SF,-60.59316387681403,Baseload
2021-06-27,OAKEY1SF,-57.34050508503869,Baseload
2021-07-04,OAKEY1SF,-34.88963874152543,Baseload
2021-07-11,OAKEY1SF,-74.94477811994668,Baseload
2021-07-18,OAKEY1SF,-62.96998120981448,Baseload
2021-07-25,OAKEY1SF,-148.67680057083365,Baseload
2021-08-01,OAKEY1SF,-33.53590070961425,Baseload
2021-08-08,OAKEY1SF,-27.901272874444455,Baseload
2021-08-15,OAKEY1SF,-20.090796084974347,Baseload
2021-08-22,OAKEY1SF,-20.627664718776547,Baseload
2021-08-29,OAKEY1SF,-29.133872987854506,Baseload
2021-09-05,OAKEY1SF,-28.186330573452313,Baseload
2021-09-12,OAKEY1SF,-19.1619923386775,Baseload
2021-09-19,OAKEY1SF,1.1809523750741917,Baseload
2021-09-26,OAKEY1SF,-25.658369299565535,Baseload
2021-10-03,OAKEY1SF,27.579432486513532,Baseload
2021-10-10,OAKEY1SF,27.490685651611294,Baseload
2021-10-17,OAKEY1SF,44.95604551227623,Baseload
2021-10-24,OAKEY1SF,-64.34187118782634,Baseload
2021-10-31,OAKEY1SF,-31.154788510653148,Baseload
2021-11-07,OAKEY1SF,-22.267878923383527,Baseload
2021-11-14,OAKEY1SF,-27.68563409940174,Baseload
2021-11-21,OAKEY1SF,17.425440513981513,Baseload
2021-11-28,OAKEY1SF,-10.552537096578426,Baseload
2021-12-05,OAKEY1SF,-19.381075037077842,Baseload
2021-12-12,OAKEY1SF,-114.07123050897971,Baseload
2021-12-19,OAKEY1SF,-29.93180306015085,Baseload
2021-12-26,OAKEY1SF,-90.85954758055752,Baseload
2022-01-02,OAKEY1SF,-25.88195412429927,Baseload
2022-01-09,OAKEY1SF,-23.58659804552667,Baseload
2022-01-16,OAKEY1SF,-43.41767962986789,Baseload
2022-01-23,OAKEY1SF,-16.243577675214638,Baseload
2022-01-30,OAKEY1SF,-32.07253448778221,Baseload
2022-02-06,OAKEY1SF,-181.17781371923803,Baseload
2022-02-13,OAKEY1SF,-20.15115784421524,Baseload
2022-02-20,OAKEY1SF,-17.955187154243433,Baseload
2022-02-27,OAKEY1SF,14.864583341762142,Baseload
2022-03-06,OAKEY1SF,-22.133788916329266,Baseload
2022-03-13,OAKEY1SF,-185.3419399691055,Baseload
2022-03-20,OAKEY1SF,-29.17406623532292,Baseload
2022-03-27,OAKEY1SF,-31.749702886064156,Baseload
2022-04-03,OAKEY1SF,-74.05409220985244,Baseload
2022-04-10,OAKEY1SF,-71.05192250253313,Baseload
2022-04-17,OAKEY1SF,-61.70245096020565,Baseload
2022-04-24,OAKEY1SF,-62.01527232291376,Baseload
2022-05-01,OAKEY1SF,-93.10042327748457,Baseload
2022-05-08,OAKEY1SF,-257.76381791164357,Baseload
2022-05-15,OAKEY1SF,-51.34395494427656,Baseload
2022-05-22,OAKEY1SF,-40.335169396712615,Baseload
2022-05-29,OAKEY1SF,-72.48002829565019,Baseload
2022-06-05,OAKEY1SF,-185.61300319817093,Baseload
2022-06-12,OAKEY1SF,-439.2495592465656,Baseload
2022-06-19,OAKEY1SF,-6.032214944381906,Baseload
2022-06-26,OAKEY1SF,-109.99900865729748,Baseload
2022-07-03,OAKEY1SF,-72.09296130808684,Baseload
2022-07-10,OAKEY1SF,-409.1109324015217,Baseload
2022-07-17,OAKEY1SF,-265.0834330333355,Baseload
2022-07-24,OAKEY1SF,-148.81064031279104,Baseload
2022-07-31,OAKEY1SF,-130.23688451713906,Baseload
2022-08-07,OAKEY1SF,-64.29706283597194,Baseload
2022-08-14,OAKEY1SF,-81.8349645789272,Baseload
2022-08-21,OAKEY1SF,-112.69874565094155,Baseload
2022-08-28,OAKEY1SF,-78.76838952602142,Baseload
2022-09-04,OAKEY1SF,-51.544173413592944,Baseload
2022-09-11,OAKEY1SF,-65.53160433985067,Baseload
2022-09-18,OAKEY1SF,-117.89529088648347,Baseload
2022-09-25,OAKEY1SF,-74.73986671725619,Baseload
2022-10-02,OAKEY1SF,-50.06966607336089,Baseload
2022-10-09,OAKEY1SF,-63.80444112722107,Baseload
2022-10-16,OAKEY1SF,-73.58484472510386,Baseload
2022-10-23,OAKEY1SF,-31.329687300683858,Baseload
2022-10-30,OAKEY1SF,-47.204167679086595,Baseload
2022-11-06,OAKEY1SF,-36.273400398985714,Baseload
2022-11-13,OAKEY1SF,-46.70420192391869,Baseload
2022-11-20,OAKEY1SF,-77.76517316102283,Baseload
2022-11-27,OAKEY1SF,-63.0029305914095,Baseload
2022-12-04,OAKEY1SF,-42.5934344081501,Baseload
2022-12-11,OAKEY1SF,-59.614541679881114,Baseload
2022-12-18,OAKEY1SF,-50.056593485311026,Baseload
2022-12-25,OAKEY1SF,-40.67724259448193,Baseload
2023-01-01,OAKEY1SF,-27.341409374209178,Baseload
2023-01-08,OAKEY1SF,-32.83201845008892,Baseload
2023-01-15,OAKEY1SF,-24.114862817362337,Baseload
2023-01-22,OAKEY1SF,-23.53515541818698,Baseload
2023-01-29,OAKEY1SF,-43.96059437616469,Baseload
2023-02-05,OAKEY1SF,-62.563051007036705,Baseload
2023-02-12,OAKEY1SF,-31.118298569994124,Baseload
2023-02-19,OAKEY1SF,-35.796449535265126,Baseload
2023-02-26,OAKEY1SF,-21.103900708592526,Baseload
2023-03-05,OAKEY1SF,-43.53063848103622,Baseload
2023-03-12,OAKEY1SF,-31.159901805455462,Baseload
2023-03-19,OAKEY1SF,-99.91263118074914,Baseload
2023-03-26,OAKEY1SF,-41.27355740953854,Baseload
2023-04-02,OAKEY1SF,-54.085426808511656,Baseload
2023-04-09,OAKEY1SF,-43.856767429295374,Baseload
2023-04-16,OAKEY1SF,-90.30835539271993,Baseload
2023-04-23,OAKEY1SF,-62.981953008291285,Baseload
2023-04-30,OAKEY1SF,-59.29366301723948,Baseload
2023-05-07,OAKEY1SF,-87.01696409220484,Baseload
2023-05-14,OAKEY1SF,-85.0217652554556,Baseload
2023-05-21,OAKEY1SF,-98.10679666216065,Baseload
2023-05-28,OAKEY1SF,-170.23050877744186,Baseload
2023-06-04,OAKEY1SF,-93.2373452793229,Baseload
2023-06-11,OAKEY1SF,-35.15533402038351,Baseload
2023-06-18,OAKEY1SF,-59.494630535308886,Baseload
2023-06-25,OAKEY1SF,-80.74190466569678,Baseload
2023-07-02,OAKEY1SF,-44.57461644836428,Baseload
2023-07-09,OAKEY1SF,-26.268976615929958,Baseload
2023-07-16,OAKEY1SF,-32.38376596471005,Baseload
2023-07-23,OAKEY1SF,-40.65308406922835,Baseload
2023-07-30,OAKEY1SF,-44.47358440509885,Baseload
2023-08-06,OAKEY1SF,-46.762573399512306,Baseload
2023-08-13,OAKEY1SF,-38.31696574620511,Baseload
2023-08-20,OAKEY1SF,-55.55424353596985,Baseload
2023-08-27,OAKEY1SF,-37.6623275538886,Baseload
2023-09-03,OAKEY1SF,-32.8196015638664,Baseload
2023-09-10,OAKEY1SF,-47.6235779455169,Baseload
2023-09-17,OAKEY1SF,-33.01252189097161,Baseload
2023-09-24,OAKEY1SF,-27.047795614923736,Baseload
2023-10-01,OAKEY1SF,-14.018763152372173,Baseload
2023-10-08,OAKEY1SF,-22.2800866726147,Baseload
2023-10-15,OAKEY1SF,-24.197493128245146,Baseload
2023-10-22,OAKEY1SF,-41.789752805689716,Baseload
2023-10-29,OAKEY1SF,-27.87478893628396,Baseload
2023-11-05,OAKEY1SF,-31.3658227194926,Baseload
2023-11-12,OAKEY1SF,-47.70136618409286,Baseload
2023-11-19,OAKEY1SF,-65.76208865879835,Baseload
2023-11-26,OAKEY1SF,-27.03552093417629,Baseload
2023-12-03,OAKEY1SF,-34.3567172016498,Baseload
2023-12-10,OAKEY1SF,-40.258566145316124,Baseload
2023-12-17,OAKEY1SF,-34.39489696423044,Baseload
2023-12-24,OAKEY1SF,-33.63547460699774,Baseload
2023-12-31,OAKEY1SF,-99.96379115370543,Baseload
2024-01-07,OAKEY1SF,-26.422483238592207,Baseload
2024-01-14,OAKEY1SF,-32.422758466099985,Baseload
2024-01-21,OAKEY1SF,-156.33732046749492,Baseload
2024-01-28,OAKEY1SF,-116.35681711152483,Baseload
2024-02-04,OAKEY1SF,-103.93726976342792,Baseload
2024-02-11,OAKEY1SF,-36.07024565951059,Baseload
2024-02-18,OAKEY1SF,-35.89203452037859,Baseload
2024-02-25,OAKEY1SF,-57.74489206604794,Baseload
2024-03-03,OAKEY1SF,-107.59636179217401,Baseload
2024-03-10,OAKEY1SF,-35.718508053320924,Baseload
2024-03-17,OAKEY1SF,-36.29692933675752,Baseload
2024-03-24,OAKEY1SF,-23.286008145914145,Baseload
2024-03-31,OAKEY1SF,-38.69183222184563,Baseload
2024-04-07,OAKEY1SF,-36.26641626341689,Baseload
2024-04-14,OAKEY1SF,-56.478612178412206,Baseload
2024-04-21,OAKEY1SF,-44.98153960162385,Baseload
2024-04-28,OAKEY1SF,-55.27689654484723,Baseload
2024-05-05,OAKEY1SF,-57.87485828333795,Baseload
2024-05-12,OAKEY1SF,-61.31796020017148,Baseload
2024-05-19,OAKEY1SF,-47.87390106034066,Baseload
2024-05-26,OAKEY1SF,-79.67493695339049,Baseload
2024-06-02,OAKEY1SF,-54.62336777854123,Baseload
2024-06-09,OAKEY1SF,-73.17171040009671,Baseload
2024-06-16,OAKEY1SF,-73.61277847497202,Baseload
2024-06-23,OAKEY1SF,-141.69608527503254,Baseload
2024-06-30,OAKEY1SF,-50.23139009365374,Baseload
2024-07-07,OAKEY1SF,-63.52917041732033,Baseload
2024-07-14,OAKEY1SF,-61.53843825582367,Baseload
2024-07-21,OAKEY1SF,-61.65997392270412,Baseload
2024-07-28,OAKEY1SF,-53.18634765870395,Baseload
2024-08-04,OAKEY1SF,-161.395792667889,Baseload
2024-08-11,OAKEY1SF,-186.94871557151555,Baseload
2024-08-18,OAKEY1SF,-57.56809297685651,Baseload
2024-08-25,OAKEY1SF,-54.65019312398422,Baseload
2024-09-01,OAKEY1SF,-39.92885584028056,Baseload
2024-09-08,OAKEY1SF,-42.25337362622771,Baseload
2024-09-15,OAKEY1SF,-39.62634013895754,Baseload
2024-09-22,OAKEY1SF,-44.27098566588573,Baseload
2024-09-29,OAKEY1SF,-52.75407993590754,Baseload
2024-10-06,OAKEY1SF,-55.286076741377585,Baseload
2024-10-13,OAKEY1SF,-63.82461222949756,Baseload
2024-10-20,OAKEY1SF,-36.34708367171903,Baseload
2024-10-27,OAKEY1SF,-63.900995851646584,Baseload
2024-11-03,OAKEY1SF,-49.41998229101435,Baseload
2024-11-10,OAKEY1SF,-225.8380287364399,Baseload
2024-11-17,OAKEY1SF,-79.02868898534834,Baseload
2024-11-24,OAKEY1SF,-88.92074624873078,Baseload
2024-12-01,OAKEY1SF,-57.039369762206334,Baseload
2024-12-08,OAKEY1SF,-104.75942599811366,Baseload
2024-12-15,OAKEY1SF,-79.08556434343541,Baseload
2024-12-22,OAKEY1SF,-36.45472964416295,Baseload
2024-12-29,OAKEY1SF,-15.695637656980853,Baseload
2025-01-05,OAKEY1SF,-54.86189611488635,Baseload
2020-01-05,OAKEY2SF,2.6833051634827,Baseload
2020-01-12,OAKEY2SF,-0.4954823129374901,Baseload
2020-01-19,OAKEY2SF,-0.9380028854600084,Baseload
2020-01-26,OAKEY2SF,-12.871497253444232,Baseload
2020-02-02,OAKEY2SF,-8.685018542079476,Baseload
2020-02-09,OAKEY2SF,-0.434400222602612,Baseload
2020-02-16,OAKEY2SF,-3.817506011687975,Baseload
2020-02-23,OAKEY2SF,-0.15963590656165394,Baseload
2020-03-01,OAKEY2SF,-2.618252387255353,Baseload
2020-03-08,OAKEY2SF,-2.894340179089724,Baseload
2020-03-15,OAKEY2SF,-4.827912917195043,Baseload
2020-03-22,OAKEY2SF,-7.089613482651988,Baseload
2020-03-29,OAKEY2SF,-5.76710062486179,Baseload
2020-04-05,OAKEY2SF,-7.768542145651146,Baseload
2020-04-12,OAKEY2SF,-11.307903624504927,Baseload
2020-04-19,OAKEY2SF,-10.594502294407938,Baseload
2020-04-26,OAKEY2SF,-12.20599920292787,Baseload
2020-05-03,OAKEY2SF,-3.4063718312815165,Baseload
2020-05-10,OAKEY2SF,-10.26869985460889,Baseload
2020-05-17,OAKEY2SF,-11.253481541555423,Baseload
2020-05-24,OAKEY2SF,-10.903704227867536,Baseload
2020-05-31,OAKEY2SF,,Baseload
2020-06-07,OAKEY2SF,,Baseload
2020-06-14,OAKEY2SF,-16.43422947350922,Baseload
2020-06-21,OAKEY2SF,-7.289167524091798,Baseload
2020-06-28,OAKEY2SF,-21.697845532333847,Baseload
2020-07-05,OAKEY2SF,-10.923005228348995,Baseload
2020-07-12,OAKEY2SF,-10.217966226436353,Baseload
2020-07-19,OAKEY2SF,-15.799420003516747,Baseload
2020-07-26,OAKEY2SF,-13.563608276923517,Baseload
2020-08-02,OAKEY2SF,-12.431184618094534,Baseload
2020-08-09,OAKEY2SF,-8.69654991079192,Baseload
2020-08-16,OAKEY2SF,-16.101359203524655,Baseload
2020-08-23,OAKEY2SF,-20.830229713532724,Baseload
2020-08-30,OAKEY2SF,-26.237333970637057,Baseload
2020-09-06,OAKEY2SF,-25.670132863170185,Baseload
2020-09-13,OAKEY2SF,-13.462610016635619,Baseload
2020-09-20,OAKEY2SF,-15.618031564611435,Baseload
2020-09-27,OAKEY2SF,-17.40459560886725,Baseload
2020-10-04,OAKEY2SF,-19.621624375363357,Baseload
2020-10-11,OAKEY2SF,-21.587680098450832,Baseload
2020-10-18,OAKEY2SF,4.122121235149564,Baseload
2020-10-25,OAKEY2SF,-16.029276526417476,Baseload
2020-11-01,OAKEY2SF,-7.07992343147572,Baseload
2020-11-08,OAKEY2SF,-17.674594931613488,Baseload
2020-11-15,OAKEY2SF,-15.65158114110174,Baseload
2020-11-22,OAKEY2SF,-5.07339595351165,Baseload
2020-11-29,OAKEY2SF,-4.64752741060633,Baseload
2020-12-06,OAKEY2SF,-1.456758143395156,Baseload
2020-12-13,OAKEY2SF,-8.342429334189731,Baseload
2020-12-20,OAKEY2SF,-0.679675030116897,Baseload
2020-12-27,OAKEY2SF,-10.23088434592794,Baseload
2021-01-03,OAKEY2SF,-9.682499352648644,Baseload
2021-01-10,OAKEY2SF,-3.0756459406555834,Baseload
2021-01-17,OAKEY2SF,-6.3807342910478155,Baseload
2021-01-24,OAKEY2SF,15.032946874751794,Baseload
2021-01-31,OAKEY2SF,-4.368543002175635,Baseload
2021-02-07,OAKEY2SF,-5.105062739405966,Baseload
2021-02-14,OAKEY2SF,-7.627650389232777,Baseload
2021-02-21,OAKEY2SF,-4.521477128905527,Baseload
2021-02-28,OAKEY2SF,-11.991392252974293,Baseload
2021-03-07,OAKEY2SF,-19.65583209824765,Baseload
2021-03-14,OAKEY2SF,-26.378294060153763,Baseload
2021-03-21,OAKEY2SF,0.08129650214617357,Baseload
2021-03-28,OAKEY2SF,-20.89635036503527,Baseload
2021-04-04,OAKEY2SF,-9.651858913322236,Baseload
2021-04-11,OAKEY2SF,9.306577314273405,Baseload
2021-04-18,OAKEY2SF,-32.11794087296004,Baseload
2021-04-25,OAKEY2SF,-38.66833260083589,Baseload
2021-05-02,OAKEY2SF,-24.22486863391937,Baseload
2021-05-09,OAKEY2SF,-25.898236273110342,Baseload
2021-05-16,OAKEY2SF,-35.41612999068245,Baseload
2021-05-23,OAKEY2SF,-50.11167173573642,Baseload
2021-05-30,OAKEY2SF,-246.78970951904182,Baseload
2021-06-06,OAKEY2SF,-223.63167658899764,Baseload
2021-06-13,OAKEY2SF,-177.8412325041345,Baseload
2021-06-20,OAKEY2SF,-54.74968904550383,Baseload
2021-06-27,OAKEY2SF,-61.17658667322998,Baseload
2021-07-04,OAKEY2SF,-44.36669662786403,Baseload
2021-07-11,OAKEY2SF,-78.20128248355047,Baseload
2021-07-18,OAKEY2SF,-66.15825313703715,Baseload
2021-07-25,OAKEY2SF,-159.1434895130968,Baseload
2021-08-01,OAKEY2SF,-36.659428751154245,Baseload
2021-08-08,OAKEY2SF,-27.97337037363854,Baseload
2021-08-15,OAKEY2SF,-25.730574946804722,Baseload
2021-08-22,OAKEY2SF,-35.718098793392514,Baseload
2021-08-29,OAKEY2SF,-40.38879200120769,Baseload
2021-09-05,OAKEY2SF,-33.11205728440552,Baseload
2021-09-12,OAKEY2SF,-47.90851311240419,Baseload
2021-09-19,OAKEY2SF,-22.336288016390036,Baseload
2021-09-26,OAKEY2SF,-38.999830064642964,Baseload
2021-10-03,OAKEY2SF,-4.2801925852790035,Baseload
2021-10-10,OAKEY2SF,-24.884541265751356,Baseload
2021-10-17,OAKEY2SF,-28.485599701962677,Baseload
2021-10-24,OAKEY2SF,-64.65120576917649,Baseload
2021-10-31,OAKEY2SF,-40.552017907824066,Baseload
2021-11-07,OAKEY2SF,-27.13144606836,Baseload
2021-11-14,OAKEY2SF,-44.901330874870794,Baseload
2021-11-21,OAKEY2SF,7.3135286282062,Baseload
2021-11-28,OAKEY2SF,-9.817927984584095,Baseload
2021-12-05,OAKEY2SF,-22.464732362792695,Baseload
2021-12-12,OAKEY2SF,-115.33434744748337,Baseload
2021-12-19,OAKEY2SF,-28.96212447292813,Baseload
2021-12-26,OAKEY2SF,-86.83258225215084,Baseload
2022-01-02,OAKEY2SF,-24.985622607737994,Baseload
2022-01-09,OAKEY2SF,-22.64793477472668,Baseload
2022-01-16,OAKEY2SF,-41.92448028909726,Baseload
2022-01-23,OAKEY2SF,-11.37819547783458,Baseload
2022-01-30,OAKEY2SF,-30.006463061153127,Baseload
2022-02-06,OAKEY2SF,-150.80073396493594,Baseload
2022-02-13,OAKEY2SF,-16.513686017387016,Baseload
2022-02-20,OAKEY2SF,-15.751714888968763,Baseload
2022-02-27,OAKEY2SF,-11.801573839115164,Baseload
2022-03-06,OAKEY2SF,-19.406011254703273,Baseload
2022-03-13,OAKEY2SF,-176.8330069322523,Baseload
2022-03-20,OAKEY2SF,-24.761184288606444,Baseload
2022-03-27,OAKEY2SF,-27.22128913652098,Baseload
2022-04-03,OAKEY2SF,-67.21627204854528,Baseload
2022-04-10,OAKEY2SF,-68.5666878560126,Baseload
2022-04-17,OAKEY2SF,-61.40024762574913,Baseload
2022-04-24,OAKEY2SF,-53.31496416473493,Baseload
2022-05-01,OAKEY2SF,-94.22443078793768,Baseload
2022-05-08,OAKEY2SF,-255.29837474173053,Baseload
2022-05-15,OAKEY2SF,-49.79146166873147,Baseload
2022-05-22,OAKEY2SF,-42.14677634460159,Baseload
2022-05-29,OAKEY2SF,-71.62902887856754,Baseload
2022-06-05,OAKEY2SF,-172.79048251618937,Baseload
2022-06-12,OAKEY2SF,-453.95848865678585,Baseload
2022-06-19,OAKEY2SF,-0.7530140829127276,Baseload
2022-06-26,OAKEY2SF,-143.53704178454115,Baseload
2022-07-03,OAKEY2SF,-83.8949897372712,Baseload
2022-07-10,OAKEY2SF,-420.2159214117718,Baseload
2022-07-17,OAKEY2SF,-270.73293667224306,Baseload
2022-07-24,OAKEY2SF,-159.74385951994557,Baseload
2022-07-31,OAKEY2SF,-132.36178458446602,Baseload
2022-08-07,OAKEY2SF,-66.51037214695229,Baseload
2022-08-14,OAKEY2SF,-80.51194807153706,Baseload
2022-08-21,OAKEY2SF,-94.29203549913707,Baseload
2022-08-28,OAKEY2SF,-69.91168530526949,Baseload
2022-09-04,OAKEY2SF,-53.23136725654021,Baseload
2022-09-11,OAKEY2SF,-89.12489746606595,Baseload
2022-09-18,OAKEY2SF,-143.91957019577058,Baseload
2022-09-25,OAKEY2SF,-90.14911125597968,Baseload
2022-10-02,OAKEY2SF,-58.65272942877141,Baseload
2022-10-09,OAKEY2SF,-65.20335978293384,Baseload
2022-10-16,OAKEY2SF,-79.61331854369737,Baseload
2022-10-23,OAKEY2SF,-30.994165512239732,Baseload
2022-10-30,OAKEY2SF,-72.62450775539644,Baseload
2022-11-06,OAKEY2SF,-63.80192043901975,Baseload
2022-11-13,OAKEY2SF,-49.23424069615734,Baseload
2022-11-20,OAKEY2SF,-81.62227855370185,Baseload
2022-11-27,OAKEY2SF,-66.60241121895996,Baseload
2022-12-04,OAKEY2SF,-54.921036517239735,Baseload
2022-12-11,OAKEY2SF,-64.65907393814692,Baseload
2022-12-18,OAKEY2SF,-57.99430999693083,Baseload
2022-12-25,OAKEY2SF,-49.05204694159515,Baseload
2023-01-01,OAKEY2SF,-36.37158287090146,Baseload
2023-01-08,OAKEY2SF,-41.23626208381637,Baseload
2023-01-15,OAKEY2SF,-29.638219258003375,Baseload
2023-01-22,OAKEY2SF,-31.302755897774652,Baseload
2023-01-29,OAKEY2SF,-44.4487468732855,Baseload
2023-02-05,OAKEY2SF,-70.27971521315628,Baseload
2023-02-12,OAKEY2SF,-37.85864405916265,Baseload
2023-02-19,OAKEY2SF,-36.93856351158625,Baseload
2023-02-26,OAKEY2SF,-29.441315389867228,Baseload
2023-03-05,OAKEY2SF,-43.98545402167479,Baseload
2023-03-12,OAKEY2SF,-32.20901791333695,Baseload
2023-03-19,OAKEY2SF,-99.72724583977528,Baseload
2023-03-26,OAKEY2SF,-39.35649120166807,Baseload
2023-04-02,OAKEY2SF,-61.27035557689203,Baseload
2023-04-09,OAKEY2SF,-53.42209326521028,Baseload
2023-04-16,OAKEY2SF,-93.5794579408182,Baseload
2023-04-23,OAKEY2SF,-64.97596911278669,Baseload
2023-04-30,OAKEY2SF,-60.93823232833635,Baseload
2023-05-07,OAKEY2SF,-90.49729358664804,Baseload
2023-05-14,OAKEY2SF,-88.41578530666277,Baseload
2023-05-21,OAKEY2SF,-93.68449864223727,Baseload
2023-05-28,OAKEY2SF,-174.78935329246227,Baseload
2023-06-04,OAKEY2SF,-95.85875486950029,Baseload
2023-06-11,OAKEY2SF,-36.71948763362389,Baseload
2023-06-18,OAKEY2SF,-60.45634444888995,Baseload
2023-06-25,OAKEY2SF,-83.09008434198014,Baseload
2023-07-02,OAKEY2SF,-50.136098699797785,Baseload
2023-07-09,OAKEY2SF,-35.389499117035406,Baseload
2023-07-16,OAKEY2SF,-33.49732212656629,Baseload
2023-07-23,OAKEY2SF,-42.6472907762154,Baseload
2023-07-30,OAKEY2SF,-47.61090112306551,Baseload
2023-08-06,OAKEY2SF,-52.38683924920012,Baseload
2023-08-13,OAKEY2SF,-42.12444000164082,Baseload
2023-08-20,OAKEY2SF,-62.2614490888878,Baseload
2023-08-27,OAKEY2SF,-45.98954315488902,Baseload
2023-09-03,OAKEY2SF,-36.54230018100101,Baseload
2023-09-10,OAKEY2SF,-50.083867947227844,Baseload
2023-09-17,OAKEY2SF,-32.73073934590551,Baseload
2023-09-24,OAKEY2SF,-34.01228485654386,Baseload
2023-10-01,OAKEY2SF,-14.228887013131104,Baseload
2023-10-08,OAKEY2SF,-28.1178563091308,Baseload
2023-10-15,OAKEY2SF,-38.2111932842118,Baseload
2023-10-22,OAKEY2SF,-49.88112269566664,Baseload
2023-10-29,OAKEY2SF,-40.917450132295365,Baseload
2023-11-05,OAKEY2SF,-36.99366353512923,Baseload
2023-11-12,OAKEY2SF,-60.534263097775025,Baseload
2023-11-19,OAKEY2SF,-74.42060657229736,Baseload
2023-11-26,OAKEY2SF,-28.789961534490878,Baseload
2023-12-03,OAKEY2SF,-43.74110978798598,Baseload
2023-12-10,OAKEY2SF,-44.28810158175983,Baseload
2023-12-17,OAKEY2SF,-34.33957519877767,Baseload
2023-12-24,OAKEY2SF,-40.01882557067271,Baseload
2023-12-31,OAKEY2SF,-112.30146620350317,Baseload
2024-01-07,OAKEY2SF,-28.579504069505493,Baseload
2024-01-14,OAKEY2SF,-31.52682947855478,Baseload
2024-01-21,OAKEY2SF,-154.2820278870671,Baseload
2024-01-28,OAKEY2SF,-115.81791607156386,Baseload
2024-02-04,OAKEY2SF,-103.84128273372609,Baseload
2024-02-11,OAKEY2SF,-41.920292937406316,Baseload
2024-02-18,OAKEY2SF,-37.471541719601525,Baseload
2024-02-25,OAKEY2SF,-61.813341723047486,Baseload
2024-03-03,OAKEY2SF,-108.07863480258776,Baseload
2024-03-10,OAKEY2SF,-38.15070661514333,Baseload
2024-03-17,OAKEY2SF,-38.62738857012214,Baseload
2024-03-24,OAKEY2SF,-24.296971809207392,Baseload
2024-03-31,OAKEY2SF,-44.75324774497331,Baseload
2024-04-07,OAKEY2SF,-37.654329306703715,Baseload
2024-04-14,OAKEY2SF,-62.48983626470279,Baseload
2024-04-21,OAKEY2SF,-49.31850704742168,Baseload
2024-04-28,OAKEY2SF,-66.493876053737,Baseload
2024-05-05,OAKEY2SF,-63.117594105942935,Baseload
2024-05-12,OAKEY2SF,-71.63831548774513,Baseload
2024-05-19,OAKEY2SF,-74.51201835336755,Baseload
2024-05-26,OAKEY2SF,-94.39183582120609,Baseload
2024-06-02,OAKEY2SF,-59.89791950171344,Baseload
2024-06-09,OAKEY2SF,-88.93895284046418,Baseload
2024-06-16,OAKEY2SF,-93.86680359433073,Baseload
2024-06-23,OAKEY2SF,-146.98198529313856,Baseload
2024-06-30,OAKEY2SF,-53.2159067572092,Baseload
2024-07-07,OAKEY2SF,-64.45344077977262,Baseload
2024-07-14,OAKEY2SF,-79.24158917620686,Baseload
2024-07-21,OAKEY2SF,-77.94715123691452,Baseload
2024-07-28,OAKEY2SF,-58.998666779900134,Baseload
2024-08-04,OAKEY2SF,-176.622163237189,Baseload
2024-08-11,OAKEY2SF,-190.84673852684418,Baseload
2024-08-18,OAKEY2SF,-89.21288260639895,Baseload
2024-08-25,OAKEY2SF,-70.09058148155229,Baseload
2024-09-01,OAKEY2SF,-63.570763942265074,Baseload
2024-09-08,OAKEY2SF,-68.8358884317428,Baseload
2024-09-15,OAKEY2SF,-66.38417758720652,Baseload
2024-09-22,OAKEY2SF,-66.78277117310964,Baseload
2024-09-29,OAKEY2SF,-76.26396964861101,Baseload
2024-10-06,OAKEY2SF,-74.81086785051548,Baseload
2024-10-13,OAKEY2SF,-103.1016582823575,Baseload
2024-10-20,OAKEY2SF,-65.01643930705308,Baseload
2024-10-27,OAKEY2SF,-88.07586134891076,Baseload
2024-11-03,OAKEY2SF,-78.88325634082236,Baseload
2024-11-10,OAKEY2SF,-257.2982695435428,Baseload
2024-11-17,OAKEY2SF,-93.21353517058401,Baseload
2024-11-24,OAKEY2SF,-119.8488291126338,Baseload
2024-12-01,OAKEY2SF,-69.53081528756533,Baseload
2024-12-08,OAKEY2SF,-122.20169901274183,Baseload
2024-12-15,OAKEY2SF,-81.55055720033502,Baseload
2024-12-22,OAKEY2SF,-46.849741290492005,Baseload
2024-12-29,OAKEY2SF,-22.67901368664165,Baseload
2025-01-05,OAKEY2SF,-55.10967088749145,Baseload
2020-01-05,RRSF1,7.637248343921769,Baseload
2020-01-12,RRSF1,-1.8745643774462764,Baseload
2020-01-19,RRSF1,-0.8621132370056586,Baseload
2020-01-26,RRSF1,-6.269376051164997,Baseload
2020-02-02,RRSF1,0.34493319037147785,Baseload
2020-02-09,RRSF1,-0.14519404581641027,Baseload
2020-02-16,RRSF1,-3.44152192917128,Baseload
2020-02-23,RRSF1,1.6230187865266643,Baseload
2020-03-01,RRSF1,-4.395603324355882,Baseload
2020-03-08,RRSF1,-2.4929361436935764,Baseload
2020-03-15,RRSF1,-10.426618015647893,Baseload
2020-03-22,RRSF1,-10.197909092965741,Baseload
2020-03-29,RRSF1,-3.439063190031625,Baseload
2020-04-05,RRSF1,-5.615386847822066,Baseload
2020-04-12,RRSF1,-11.046708123868346,Baseload
2020-04-19,RRSF1,-10.810024657432674,Baseload
2020-04-26,RRSF1,-10.436617372698997,Baseload
2020-05-03,RRSF1,-13.389451560267753,Baseload
2020-05-10,RRSF1,-12.015036327732357,Baseload
2020-05-17,RRSF1,-10.436478695919103,Baseload
2020-05-24,RRSF1,-8.084268992793618,Baseload
2020-05-31,RRSF1,-11.896440260196442,Baseload
2020-06-07,RRSF1,-15.963072670150073,Baseload
2020-06-14,RRSF1,-11.297983943272389,Baseload
2020-06-21,RRSF1,-8.73611751707654,Baseload
2020-06-28,RRSF1,-22.53075626972817,Baseload
2020-07-05,RRSF1,-14.003390114808024,Baseload
2020-07-12,RRSF1,-9.994887964669985,Baseload
2020-07-19,RRSF1,-17.636542303778246,Baseload
2020-07-26,RRSF1,-15.506573841336106,Baseload
2020-08-02,RRSF1,-12.625764961162584,Baseload
2020-08-09,RRSF1,-7.657687210700416,Baseload
2020-08-16,RRSF1,-21.271466734555915,Baseload
2020-08-23,RRSF1,-22.962641756136513,Baseload
2020-08-30,RRSF1,-29.7926059383704,Baseload
2020-09-06,RRSF1,-27.141113028439428,Baseload
2020-09-13,RRSF1,-16.30416418649643,Baseload
2020-09-20,RRSF1,-18.412213794482263,Baseload
2020-09-27,RRSF1,-19.664599847867272,Baseload
2020-10-04,RRSF1,-21.274735756874875,Baseload
2020-10-11,RRSF1,-21.534622560806604,Baseload
2020-10-18,RRSF1,-15.373853596685361,Baseload
2020-10-25,RRSF1,-12.471477390098958,Baseload
2020-11-01,RRSF1,-4.73121406544135,Baseload
2020-11-08,RRSF1,-17.07769545179519,Baseload
2020-11-15,RRSF1,-16.46390385310001,Baseload
2020-11-22,RRSF1,12.072818867277412,Baseload
2020-11-29,RRSF1,-2.431379740381118,Baseload
2020-12-06,RRSF1,2.706373594776146,Baseload
2020-12-13,RRSF1,-6.196439564817787,Baseload
2020-12-20,RRSF1,17.17889653013505,Baseload
2020-12-27,RRSF1,-2.949060370759021,Baseload
2021-01-03,RRSF1,-8.81020655553899,Baseload
2021-01-10,RRSF1,-3.8866723457357466,Baseload
2021-01-17,RRSF1,-9.521820417087987,Baseload
2021-01-24,RRSF1,-11.69648050261847,Baseload
2021-01-31,RRSF1,-4.352343710995619,Baseload
2021-02-07,RRSF1,-4.517819401337022,Baseload
2021-02-14,RRSF1,-8.814990869179852,Baseload
2021-02-21,RRSF1,-4.3584302277763385,Baseload
2021-02-28,RRSF1,-15.868717741635237,Baseload
2021-03-07,RRSF1,-20.22360640785028,Baseload
2021-03-14,RRSF1,-19.48683245803538,Baseload
2021-03-21,RRSF1,-2.399416359843549,Baseload
2021-03-28,RRSF1,-15.575479726812787,Baseload
2021-04-04,RRSF1,-10.830709959417568,Baseload
2021-04-11,RRSF1,6.096796424111233,Baseload
2021-04-18,RRSF1,-32.400460625291,Baseload
2021-04-25,RRSF1,-57.1244035656766,Baseload
2021-05-02,RRSF1,-22.65323301819697,Baseload
2021-05-09,RRSF1,-4.588451391762973,Baseload
2021-05-16,RRSF1,-43.07450988475753,Baseload
2021-05-23,RRSF1,-51.84782207379556,Baseload
2021-05-30,RRSF1,-293.3253001610813,Baseload
2021-06-06,RRSF1,-180.79377461561188,Baseload
2021-06-13,RRSF1,-163.6890795201657,Baseload
2021-06-20,RRSF1,-136.60787188223372,Baseload
2021-06-27,RRSF1,-49.537539829175,Baseload
2021-07-04,RRSF1,2.5988752396859667,Baseload
2021-07-11,RRSF1,-79.8575016001866,Baseload
2021-07-18,RRSF1,-55.51835801969316,Baseload
2021-07-25,RRSF1,-150.13210982574134,Baseload
2021-08-01,RRSF1,-37.01507739070471,Baseload
2021-08-08,RRSF1,-25.94628610995665,Baseload
2021-08-15,RRSF1,-25.419702160916092,Baseload
2021-08-22,RRSF1,-37.116804457133924,Baseload
2021-08-29,RRSF1,-45.44690257524303,Baseload
2021-09-05,RRSF1,-32.65253925303872,Baseload
2021-09-12,RRSF1,-37.0577507285337,Baseload
2021-09-19,RRSF1,-35.76660494944411,Baseload
2021-09-26,RRSF1,-41.34588978895183,Baseload
2021-10-03,RRSF1,-28.84801220889465,Baseload
2021-10-10,RRSF1,-47.180729434891234,Baseload
2021-10-17,RRSF1,-19.102586477373787,Baseload
2021-10-24,RRSF1,-40.24858840167272,Baseload
2021-10-31,RRSF1,-26.31074043696794,Baseload
2021-11-07,RRSF1,-30.144443380400652,Baseload
2021-11-14,RRSF1,25.292160691157022,Baseload
2021-11-21,RRSF1,-31.428468012114898,Baseload
2021-11-28,RRSF1,2.2661212900208625,Baseload
2021-12-05,RRSF1,-20.767841215217203,Baseload
2021-12-12,RRSF1,-106.73281078494102,Baseload
2021-12-19,RRSF1,-28.22491799369903,Baseload
2021-12-26,RRSF1,-106.1939695270054,Baseload
2022-01-02,RRSF1,-19.817069897782865,Baseload
2022-01-09,RRSF1,-13.796443298993623,Baseload
2022-01-16,RRSF1,-41.269692195665556,Baseload
2022-01-23,RRSF1,6.345893893670635,Baseload
2022-01-30,RRSF1,-28.539862171619447,Baseload
2022-02-06,RRSF1,-138.28613599105728,Baseload
2022-02-13,RRSF1,-19.949210251511396,Baseload
2022-02-20,RRSF1,-21.966737266719463,Baseload
2022-02-27,RRSF1,5.752410866271191,Baseload
2022-03-06,RRSF1,-13.232006624335483,Baseload
2022-03-13,RRSF1,-171.65060806260726,Baseload
2022-03-20,RRSF1,-33.52314605431368,Baseload
2022-03-27,RRSF1,-24.77509613694866,Baseload
2022-04-03,RRSF1,-71.40084916144698,Baseload
2022-04-10,RRSF1,-60.92708611934876,Baseload
2022-04-17,RRSF1,-59.31182820328638,Baseload
2022-04-24,RRSF1,-68.10779254487174,Baseload
2022-05-01,RRSF1,-103.18327130338173,Baseload
2022-05-08,RRSF1,-224.4472123672977,Baseload
2022-05-15,RRSF1,-40.97001806736671,Baseload
2022-05-22,RRSF1,-35.18768964230776,Baseload
2022-05-29,RRSF1,-72.88932815657427,Baseload
2022-06-05,RRSF1,-144.99567765578888,Baseload
2022-06-12,RRSF1,-487.8925492529795,Baseload
2022-06-19,RRSF1,-16.13031130837348,Baseload
2022-06-26,RRSF1,-99.93364845427541,Baseload
2022-07-03,RRSF1,-79.08653723116271,Baseload
2022-07-10,RRSF1,-393.43995871263996,Baseload
2022-07-17,RRSF1,-236.76854149724667,Baseload
2022-07-24,RRSF1,-96.421793006467,Baseload
2022-07-31,RRSF1,-130.63005613229748,Baseload
2022-08-07,RRSF1,-66.00479916524715,Baseload
2022-08-14,RRSF1,-75.90594344798232,Baseload
2022-08-21,RRSF1,-129.86685572003995,Baseload
2022-08-28,RRSF1,-92.4158078149244,Baseload
2022-09-04,RRSF1,-48.34084802953673,Baseload
2022-09-11,RRSF1,-96.25897099923048,Baseload
2022-09-18,RRSF1,-121.56400003314155,Baseload
2022-09-25,RRSF1,-72.01896453030942,Baseload
2022-10-02,RRSF1,-56.61258042018139,Baseload
2022-10-09,RRSF1,-56.67687095973024,Baseload
2022-10-16,RRSF1,-70.65225528884022,Baseload
2022-10-23,RRSF1,-30.496312537026398,Baseload
2022-10-30,RRSF1,-88.17384666124353,Baseload
2022-11-06,RRSF1,-57.538503019298766,Baseload
2022-11-13,RRSF1,-49.74792221231967,Baseload
2022-11-20,RRSF1,-86.43556584995159,Baseload
2022-11-27,RRSF1,-62.63267981177046,Baseload
2022-12-04,RRSF1,-59.86367670427232,Baseload
2022-12-11,RRSF1,-70.00812032274173,Baseload
2022-12-18,RRSF1,-62.52290391271798,Baseload
2022-12-25,RRSF1,-51.73656141663678,Baseload
2023-01-01,RRSF1,-43.96441557803296,Baseload
2023-01-08,RRSF1,-39.76436082080684,Baseload
2023-01-15,RRSF1,-25.384876309238024,Baseload
2023-01-22,RRSF1,-35.08838903061497,Baseload
2023-01-29,RRSF1,-28.508654183417832,Baseload
2023-02-05,RRSF1,-59.39707745134773,Baseload
2023-02-12,RRSF1,-38.70386925530045,Baseload
2023-02-19,RRSF1,-34.2574010724404,Baseload
2023-02-26,RRSF1,32.597756223616145,Baseload
2023-03-05,RRSF1,-36.4376973337773,Baseload
2023-03-12,RRSF1,-12.785596846328147,Baseload
2023-03-19,RRSF1,-89.42382598544201,Baseload
2023-03-26,RRSF1,-40.256860132197396,Baseload
2023-04-02,RRSF1,-57.5113748658588,Baseload
2023-04-09,RRSF1,-69.88424759060149,Baseload
2023-04-16,RRSF1,-96.0622181658486,Baseload
2023-04-23,RRSF1,-62.983571479520464,Baseload
2023-04-30,RRSF1,-50.18454268677418,Baseload
2023-05-07,RRSF1,-87.48019385610482,Baseload
2023-05-14,RRSF1,-88.11425992611689,Baseload
2023-05-21,RRSF1,-93.12839688468675,Baseload
2023-05-28,RRSF1,-186.08496664186455,Baseload
2023-06-04,RRSF1,-93.33642593012522,Baseload
2023-06-11,RRSF1,-32.430404316036615,Baseload
2023-06-18,RRSF1,-76.46566014941067,Baseload
2023-06-25,RRSF1,-81.50658647802739,Baseload
2023-07-02,RRSF1,-55.79030084411738,Baseload
2023-07-09,RRSF1,-59.791029280726676,Baseload
2023-07-16,RRSF1,-46.60240944440209,Baseload
2023-07-23,RRSF1,-63.851194836426345,Baseload
2023-07-30,RRSF1,-65.5186059683806,Baseload
2023-08-06,RRSF1,-75.51932781867659,Baseload
2023-08-13,RRSF1,-70.2622990090627,Baseload
2023-08-20,RRSF1,-80.70446101204122,Baseload
2023-08-27,RRSF1,-73.83866250997553,Baseload
2023-09-03,RRSF1,-67.46584518636332,Baseload
2023-09-10,RRSF1,-81.2675103771139,Baseload
2023-09-17,RRSF1,-68.95820005238292,Baseload
2023-09-24,RRSF1,-54.840977545067815,Baseload
2023-10-01,RRSF1,-56.03992162845449,Baseload
2023-10-08,RRSF1,-50.689674120879516,Baseload
2023-10-15,RRSF1,-56.63947081475277,Baseload
2023-10-22,RRSF1,-57.65073610447184,Baseload
2023-10-29,RRSF1,-46.96735619677312,Baseload
2023-11-05,RRSF1,-37.62330588601236,Baseload
2023-11-12,RRSF1,-61.74522108678086,Baseload
2023-11-19,RRSF1,-57.98671311821796,Baseload
2023-11-26,RRSF1,-18.284878657708305,Baseload
2023-12-03,RRSF1,-35.88187144085194,Baseload
2023-12-10,RRSF1,-49.92701024024969,Baseload
2023-12-17,RRSF1,-44.74107884802818,Baseload
2023-12-24,RRSF1,-26.25408246008883,Baseload
2023-12-31,RRSF1,-99.96529099414121,Baseload
2024-01-07,RRSF1,-27.956172285431705,Baseload
2024-01-14,RRSF1,-34.02267685277245,Baseload
2024-01-21,RRSF1,-136.84915410281104,Baseload
2024-01-28,RRSF1,-106.62865575238644,Baseload
2024-02-04,RRSF1,-90.54454616135436,Baseload
2024-02-11,RRSF1,-44.21484004351077,Baseload
2024-02-18,RRSF1,-29.325400245255906,Baseload
2024-02-25,RRSF1,-48.678854299541925,Baseload
2024-03-03,RRSF1,-101.7941162559915,Baseload
2024-03-10,RRSF1,-30.02709851738632,Baseload
2024-03-17,RRSF1,-39.64185142575901,Baseload
2024-03-24,RRSF1,-28.046569360314784,Baseload
2024-03-31,RRSF1,-41.597960774449305,Baseload
2024-04-07,RRSF1,-31.125581182648126,Baseload
2024-04-14,RRSF1,-65.37358156477985,Baseload
2024-04-21,RRSF1,-51.418421235164146,Baseload
2024-04-28,RRSF1,-62.21390239520939,Baseload
2024-05-05,RRSF1,-58.73710036511865,Baseload
2024-05-12,RRSF1,-72.50740936881905,Baseload
2024-05-19,RRSF1,-83.03257502866423,Baseload
2024-05-26,RRSF1,-100.31252141609758,Baseload
2024-06-02,RRSF1,-52.10690302238898,Baseload
2024-06-09,RRSF1,-80.95531236256143,Baseload
2024-06-16,RRSF1,-90.95863822830897,Baseload
2024-06-23,RRSF1,-124.84962589140835,Baseload
2024-06-30,RRSF1,-62.170054971579404,Baseload
2024-07-07,RRSF1,-50.838036558415055,Baseload
2024-07-14,RRSF1,-72.4736072539956,Baseload
2024-07-21,RRSF1,-72.8634062354324,Baseload
2024-07-28,RRSF1,-65.00024851637735,Baseload
2024-08-04,RRSF1,-189.03636815987173,Baseload
2024-08-11,RRSF1,-148.18310080642328,Baseload
2024-08-18,RRSF1,-68.7565579476542,Baseload
2024-08-25,RRSF1,-74.76318700786425,Baseload
2024-09-01,RRSF1,-68.85498211672554,Baseload
2024-09-08,RRSF1,-72.09491846201522,Baseload
2024-09-15,RRSF1,-63.18451180570004,Baseload
2024-09-22,RRSF1,-76.00430225358991,Baseload
2024-09-29,RRSF1,-72.37799584943923,Baseload
2024-10-06,RRSF1,-76.18853162281619,Baseload
2024-10-13,RRSF1,-87.14807197692609,Baseload
2024-10-20,RRSF1,-64.76622364254666,Baseload
2024-10-27,RRSF1,-84.42819026003521,Baseload
2024-11-03,RRSF1,-73.92610491106201,Baseload
2024-11-10,RRSF1,-223.6989194349411,Baseload
2024-11-17,RRSF1,-72.16302938293892,Baseload
2024-11-24,RRSF1,-87.23970137744432,Baseload
2024-12-01,RRSF1,-69.24231018963656,Baseload
2024-12-08,RRSF1,-122.92658592604677,Baseload
2024-12-15,RRSF1,-83.89150925849044,Baseload
2024-12-22,RRSF1,-41.62235317098313,Baseload
2024-12-29,RRSF1,-63.135931535849295,Baseload
2025-01-05,RRSF1,-38.029668127908614,Baseload
2020-01-05,RUGBYR1,5.230877212041861,Baseload
2020-01-12,RUGBYR1,-0.6306242880200941,Baseload
2020-01-19,RUGBYR1,-2.4508285080533483,Baseload
2020-01-26,RUGBYR1,12.076509788931261,Baseload
2020-02-02,RUGBYR1,28.435179041703492,Baseload
2020-02-09,RUGBYR1,-0.282360334417298,Baseload
2020-02-16,RUGBYR1,-2.0593128873837756,Baseload
2020-02-23,RUGBYR1,1.2775407638262521,Baseload
2020-03-01,RUGBYR1,-3.549480871469086,Baseload
2020-03-08,RUGBYR1,-1.942098751370608,Baseload
2020-03-15,RUGBYR1,-8.914054066644308,Baseload
2020-03-22,RUGBYR1,-8.312937762492055,Baseload
2020-03-29,RUGBYR1,-3.3696873351402132,Baseload
2020-04-05,RUGBYR1,-6.1038694419089765,Baseload
2020-04-12,RUGBYR1,-10.682041062502428,Baseload
2020-04-19,RUGBYR1,-8.847934095593082,Baseload
2020-04-26,RUGBYR1,-11.029871470985913,Baseload
2020-05-03,RUGBYR1,-0.4570297212267107,Baseload
2020-05-10,RUGBYR1,-10.796519316132407,Baseload
2020-05-17,RUGBYR1,-8.908192201352865,Baseload
2020-05-24,RUGBYR1,-11.325272894506153,Baseload
2020-05-31,RUGBYR1,-12.319099893091419,Baseload
2020-06-07,RUGBYR1,-14.79203675078633,Baseload
2020-06-14,RUGBYR1,-10.522003131253303,Baseload
2020-06-21,RUGBYR1,-8.11627815608782,Baseload
2020-06-28,RUGBYR1,-20.930521727377133,Baseload
2020-07-05,RUGBYR1,-12.636429034425959,Baseload
2020-07-12,RUGBYR1,-8.961105942039929,Baseload
2020-07-19,RUGBYR1,-14.645665178464956,Baseload
2020-07-26,RUGBYR1,-16.466241703177904,Baseload
2020-08-02,RUGBYR1,-11.362398438937198,Baseload
2020-08-09,RUGBYR1,-9.387571323427046,Baseload
2020-08-16,RUGBYR1,-11.733927251719688,Baseload
2020-08-23,RUGBYR1,-17.99186585654271,Baseload
2020-08-30,RUGBYR1,-27.52181384223858,Baseload
2020-09-06,RUGBYR1,-23.36389049213962,Baseload
2020-09-13,RUGBYR1,-14.420767667733795,Baseload
2020-09-20,RUGBYR1,-17.024772044000002,Baseload
2020-09-27,RUGBYR1,-19.90655066409348,Baseload
2020-10-04,RUGBYR1,-19.882047670671817,Baseload
2020-10-11,RUGBYR1,-19.865644590861145,Baseload
2020-10-18,RUGBYR1,2.1230084802796654,Baseload
2020-10-25,RUGBYR1,-12.477392013892722,Baseload
2020-11-01,RUGBYR1,-8.958137210004793,Baseload
2020-11-08,RUGBYR1,-15.693554126207083,Baseload
2020-11-15,RUGBYR1,-15.080140420522461,Baseload
2020-11-22,RUGBYR1,10.608913847809596,Baseload
2020-11-29,RUGBYR1,-9.87191083032409,Baseload
2020-12-06,RUGBYR1,3.14037752293347,Baseload
2020-12-13,RUGBYR1,-4.970303944797756,Baseload
2020-12-20,RUGBYR1,16.573262268554984,Baseload
2020-12-27,RUGBYR1,-3.4253727170251693,Baseload
2021-01-03,RUGBYR1,-10.301928417425977,Baseload
2021-01-10,RUGBYR1,-1.792043736485418,Baseload
2021-01-17,RUGBYR1,-7.77308852831559,Baseload
2021-01-24,RUGBYR1,-11.929976809100495,Baseload
2021-01-31,RUGBYR1,-3.9615724430159247,Baseload
2021-02-07,RUGBYR1,-5.266702625959397,Baseload
2021-02-14,RUGBYR1,-7.717601480676159,Baseload
2021-02-21,RUGBYR1,-3.3818345648161454,Baseload
2021-02-28,RUGBYR1,-13.752777875088547,Baseload
2021-03-07,RUGBYR1,-18.15166562061567,Baseload
2021-03-14,RUGBYR1,-26.33135090180062,Baseload
2021-03-21,RUGBYR1,-0.07562782877646868,Baseload
2021-03-28,RUGBYR1,-16.754730811075053,Baseload
2021-04-04,RUGBYR1,-9.867531569463228,Baseload
2021-04-11,RUGBYR1,-4.955732337923941,Baseload
2021-04-18,RUGBYR1,-28.552039665445342,Baseload
2021-04-25,RUGBYR1,-54.32493291360137,Baseload
2021-05-02,RUGBYR1,-21.163656147468473,Baseload
2021-05-09,RUGBYR1,-3.236139068580542,Baseload
2021-05-16,RUGBYR1,-13.240248218600073,Baseload
2021-05-23,RUGBYR1,-46.24404350011291,Baseload
2021-05-30,RUGBYR1,-298.77285960430044,Baseload
2021-06-06,RUGBYR1,-217.04242664076833,Baseload
2021-06-13,RUGBYR1,-168.44649281594087,Baseload
2021-06-20,RUGBYR1,-59.074326059605,Baseload
2021-06-27,RUGBYR1,-56.894394806434136,Baseload
2021-07-04,RUGBYR1,0.10033219019953776,Baseload
2021-07-11,RUGBYR1,-65.96058157619272,Baseload
2021-07-18,RUGBYR1,-53.339694514730944,Baseload
2021-07-25,RUGBYR1,-144.8405420392078,Baseload
2021-08-01,RUGBYR1,-34.25189709426282,Baseload
2021-08-08,RUGBYR1,-24.829414792996648,Baseload
2021-08-15,RUGBYR1,-22.599816228963395,Baseload
2021-08-22,RUGBYR1,-33.14716729416358,Baseload
2021-08-29,RUGBYR1,-37.404209891479454,Baseload
2021-09-05,RUGBYR1,-32.43072078123669,Baseload
2021-09-12,RUGBYR1,-31.60165073055425,Baseload
2021-09-19,RUGBYR1,-12.582605759491969,Baseload
2021-09-26,RUGBYR1,-34.992458394053564,Baseload
2021-10-03,RUGBYR1,-5.693743596442545,Baseload
2021-10-10,RUGBYR1,-33.44106237223758,Baseload
2021-10-17,RUGBYR1,-21.24603983919459,Baseload
2021-10-24,RUGBYR1,-45.951750277871156,Baseload
2021-10-31,RUGBYR1,-29.9334981847581,Baseload
2021-11-07,RUGBYR1,-28.656953987427897,Baseload
2021-11-14,RUGBYR1,116.93651833187289,Baseload
2021-11-21,RUGBYR1,1.063114111937196,Baseload
2021-11-28,RUGBYR1,-12.220637263581118,Baseload
2021-12-05,RUGBYR1,-23.592574536332094,Baseload
2021-12-12,RUGBYR1,-87.24423299491446,Baseload
2021-12-19,RUGBYR1,-25.85319060229302,Baseload
2021-12-26,RUGBYR1,-72.53023090625851,Baseload
2022-01-02,RUGBYR1,-21.775512110555134,Baseload
2022-01-09,RUGBYR1,-17.092745592426013,Baseload
2022-01-16,RUGBYR1,-42.53229658518633,Baseload
2022-01-23,RUGBYR1,0.7185411191240973,Baseload
2022-01-30,RUGBYR1,-29.64372793725478,Baseload
2022-02-06,RUGBYR1,-67.29811212651612,Baseload
2022-02-13,RUGBYR1,-19.58114409032067,Baseload
2022-02-20,RUGBYR1,-17.212742022201553,Baseload
2022-02-27,RUGBYR1,8.770116410591427,Baseload
2022-03-06,RUGBYR1,-19.802318424479964,Baseload
2022-03-13,RUGBYR1,-161.3482661579857,Baseload
2022-03-20,RUGBYR1,-33.300156223890575,Baseload
2022-03-27,RUGBYR1,-16.666024184967725,Baseload
2022-04-03,RUGBYR1,-67.99765932995538,Baseload
2022-04-10,RUGBYR1,-55.76540714233508,Baseload
2022-04-17,RUGBYR1,-56.59334239475179,Baseload
2022-04-24,RUGBYR1,-68.45384719660677,Baseload
2022-05-01,RUGBYR1,-88.38506302789591,Baseload
2022-05-08,RUGBYR1,-221.71772614715098,Baseload
2022-05-15,RUGBYR1,-52.92746148721227,Baseload
2022-05-22,RUGBYR1,-38.75812364481567,Baseload
2022-05-29,RUGBYR1,-78.44674639046076,Baseload
2022-06-05,RUGBYR1,-150.40482986539996,Baseload
2022-06-12,RUGBYR1,-447.07623586676357,Baseload
2022-06-19,RUGBYR1,-18.654496789116536,Baseload
2022-06-26,RUGBYR1,-92.96275315604288,Baseload
2022-07-03,RUGBYR1,-63.832011985167526,Baseload
2022-07-10,RUGBYR1,-305.7998135237453,Baseload
2022-07-17,RUGBYR1,-223.95504703260204,Baseload
2022-07-24,RUGBYR1,-112.03384369701374,Baseload
2022-07-31,RUGBYR1,-122.40780681996566,Baseload
2022-08-07,RUGBYR1,-50.54801638088553,Baseload
2022-08-14,RUGBYR1,-70.70323042536435,Baseload
2022-08-21,RUGBYR1,-104.57280610056799,Baseload
2022-08-28,RUGBYR1,-76.1164603692009,Baseload
2022-09-04,RUGBYR1,-44.058821126021726,Baseload
2022-09-11,RUGBYR1,-83.75630484535793,Baseload
2022-09-18,RUGBYR1,-100.99294512983558,Baseload
2022-09-25,RUGBYR1,-70.71824782472515,Baseload
2022-10-02,RUGBYR1,-58.18664842307413,Baseload
2022-10-09,RUGBYR1,-54.266190389347216,Baseload
2022-10-16,RUGBYR1,-71.3283003550175,Baseload
2022-10-23,RUGBYR1,-32.40624542104173,Baseload
2022-10-30,RUGBYR1,-73.37711408277467,Baseload
2022-11-06,RUGBYR1,-53.77577633698249,Baseload
2022-11-13,RUGBYR1,-45.75751424368066,Baseload
2022-11-20,RUGBYR1,-82.42428653841596,Baseload
2022-11-27,RUGBYR1,-70.87586262572265,Baseload
2022-12-04,RUGBYR1,-68.14614748648802,Baseload
2022-12-11,RUGBYR1,-65.90232034325821,Baseload
2022-12-18,RUGBYR1,-60.97568006449626,Baseload
2022-12-25,RUGBYR1,-49.55920069780649,Baseload
2023-01-01,RUGBYR1,-40.00130031808543,Baseload
2023-01-08,RUGBYR1,-38.81570583347749,Baseload
2023-01-15,RUGBYR1,-31.10614445699221,Baseload
2023-01-22,RUGBYR1,-33.4160971230165,Baseload
2023-01-29,RUGBYR1,-24.024032015320756,Baseload
2023-02-05,RUGBYR1,-59.60432253855497,Baseload
2023-02-12,RUGBYR1,-37.919096657362566,Baseload
2023-02-19,RUGBYR1,-29.162961424374515,Baseload
2023-02-26,RUGBYR1,-34.415563029575836,Baseload
2023-03-05,RUGBYR1,-42.434349434749514,Baseload
2023-03-12,RUGBYR1,-20.58589458547108,Baseload
2023-03-19,RUGBYR1,-95.80342841945554,Baseload
2023-03-26,RUGBYR1,-36.429302105416134,Baseload
2023-04-02,RUGBYR1,-49.77407339469316,Baseload
2023-04-09,RUGBYR1,-55.60442152227721,Baseload
2023-04-16,RUGBYR1,-88.76122051695147,Baseload
2023-04-23,RUGBYR1,-59.42404315612857,Baseload
2023-04-30,RUGBYR1,-59.60239783889918,Baseload
2023-05-07,RUGBYR1,-83.75558028142416,Baseload
2023-05-14,RUGBYR1,-86.26477121158793,Baseload
2023-05-21,RUGBYR1,-84.28419154947308,Baseload
2023-05-28,RUGBYR1,-174.04143554071211,Baseload
2023-06-04,RUGBYR1,-91.09602584429655,Baseload
2023-06-11,RUGBYR1,-32.36496671421838,Baseload
2023-06-18,RUGBYR1,-66.79513104105669,Baseload
2023-06-25,RUGBYR1,-77.23612563618511,Baseload
2023-07-02,RUGBYR1,-56.960704840712815,Baseload
2023-07-09,RUGBYR1,-62.58904101986512,Baseload
2023-07-16,RUGBYR1,-46.69741035470851,Baseload
2023-07-23,RUGBYR1,-63.46083535678887,Baseload
2023-07-30,RUGBYR1,-77.98343838563113,Baseload
2023-08-06,RUGBYR1,-67.2548898588616,Baseload
2023-08-13,RUGBYR1,-62.228118780121456,Baseload
2023-08-20,RUGBYR1,-77.71281016284028,Baseload
2023-08-27,RUGBYR1,-70.43841958550992,Baseload
2023-09-03,RUGBYR1,-67.62336879797574,Baseload
2023-09-10,RUGBYR1,-69.77461538340151,Baseload
2023-09-17,RUGBYR1,-57.43718172902922,Baseload
2023-09-24,RUGBYR1,-53.61045359696061,Baseload
2023-10-01,RUGBYR1,-49.83166870969199,Baseload
2023-10-08,RUGBYR1,-47.1057745409091,Baseload
2023-10-15,RUGBYR1,-53.72312717063808,Baseload
2023-10-22,RUGBYR1,-58.13733023526621,Baseload
2023-10-29,RUGBYR1,-46.7306092029627,Baseload
2023-11-05,RUGBYR1,-36.82072045425826,Baseload
2023-11-12,RUGBYR1,-51.45531171601553,Baseload
2023-11-19,RUGBYR1,-55.911531475675176,Baseload
2023-11-26,RUGBYR1,-19.20085310086165,Baseload
2023-12-03,RUGBYR1,-40.427744794316936,Baseload
2023-12-10,RUGBYR1,-44.29726568064599,Baseload
2023-12-17,RUGBYR1,-29.436874672686194,Baseload
2023-12-24,RUGBYR1,-31.682791095785724,Baseload
2023-12-31,RUGBYR1,-92.98752283354776,Baseload
2024-01-07,RUGBYR1,-23.750803862935985,Baseload
2024-01-14,RUGBYR1,-30.672526166392863,Baseload
2024-01-21,RUGBYR1,-131.58085714907216,Baseload
2024-01-28,RUGBYR1,-87.72947657956179,Baseload
2024-02-04,RUGBYR1,-90.0588022680555,Baseload
2024-02-11,RUGBYR1,-39.851986481579225,Baseload
2024-02-18,RUGBYR1,-34.61885735565827,Baseload
2024-02-25,RUGBYR1,-57.511174653556154,Baseload
2024-03-03,RUGBYR1,-78.71653184629534,Baseload
2024-03-10,RUGBYR1,-33.41854354041547,Baseload
2024-03-17,RUGBYR1,-35.13447353436341,Baseload
2024-03-24,RUGBYR1,-22.231288322280868,Baseload
2024-03-31,RUGBYR1,-39.0879366322479,Baseload
2024-04-07,RUGBYR1,-31.970569572126536,Baseload
2024-04-14,RUGBYR1,-63.92708776237474,Baseload
2024-04-21,RUGBYR1,-47.5533775000687,Baseload
2024-04-28,RUGBYR1,-59.404929667117635,Baseload
2024-05-05,RUGBYR1,-59.788097029596116,Baseload
2024-05-12,RUGBYR1,-73.5626285259433,Baseload
2024-05-19,RUGBYR1,-70.54161883660512,Baseload
2024-05-26,RUGBYR1,-88.82318098909982,Baseload
2024-06-02,RUGBYR1,-52.69101359827335,Baseload
2024-06-09,RUGBYR1,-73.58067603800194,Baseload
2024-06-16,RUGBYR1,-85.8103078103118,Baseload
2024-06-23,RUGBYR1,-121.68428902542858,Baseload
2024-06-30,RUGBYR1,-55.45559085589488,Baseload
2024-07-07,RUGBYR1,-48.337599336173255,Baseload
2024-07-14,RUGBYR1,-67.25208589119308,Baseload
2024-07-21,RUGBYR1,-61.620835926857566,Baseload
2024-07-28,RUGBYR1,-59.239171175986854,Baseload
2024-08-04,RUGBYR1,-168.4947055717916,Baseload
2024-08-11,RUGBYR1,-147.4658309537971,Baseload
2024-08-18,RUGBYR1,-75.81404811962864,Baseload
2024-08-25,RUGBYR1,-63.33614418477074,Baseload
2024-09-01,RUGBYR1,-56.2582981590331,Baseload
2024-09-08,RUGBYR1,-61.01208569278812,Baseload
2024-09-15,RUGBYR1,-59.51372969022677,Baseload
2024-09-22,RUGBYR1,-66.07538707403182,Baseload
2024-09-29,RUGBYR1,-67.5718036801939,Baseload
2024-10-06,RUGBYR1,-61.896966972620085,Baseload
2024-10-13,RUGBYR1,-75.51545425242432,Baseload
2024-10-20,RUGBYR1,-57.57044903912952,Baseload
2024-10-27,RUGBYR1,-75.62389891342198,Baseload
2024-11-03,RUGBYR1,-74.78311729582025,Baseload
2024-11-10,RUGBYR1,-228.1871051403774,Baseload
2024-11-17,RUGBYR1,-76.57696606074416,Baseload
2024-11-24,RUGBYR1,-98.52183797798524,Baseload
2024-12-01,RUGBYR1,-63.67955207472258,Baseload
2024-12-08,RUGBYR1,-79.20154742008555,Baseload
2024-12-15,RUGBYR1,-68.9046354635258,Baseload
2024-12-22,RUGBYR1,-37.49720689630968,Baseload
2024-12-29,RUGBYR1,-61.94921519152459,Baseload
2025-01-05,RUGBYR1,-40.439170238926735,Baseload
2020-01-05,SMCSF1,7.7089515883232025,Baseload
2020-01-12,SMCSF1,-1.2757757686014273,Baseload
2020-01-19,SMCSF1,-1.3765454801428447,Baseload
2020-01-26,SMCSF1,-3.3057692884015353,Baseload
2020-02-02,SMCSF1,-6.6730537562923615,Baseload
2020-02-09,SMCSF1,0.13917452692551535,Baseload
2020-02-16,SMCSF1,-1.8355869882688012,Baseload
2020-02-23,SMCSF1,1.799778594344545,Baseload
2020-03-01,SMCSF1,-6.148625121009054,Baseload
2020-03-08,SMCSF1,-4.264802943426737,Baseload
2020-03-15,SMCSF1,-5.324582172764657,Baseload
2020-03-22,SMCSF1,-9.113649592616284,Baseload
2020-03-29,SMCSF1,-4.8669574774150774,Baseload
2020-04-05,SMCSF1,-6.4219998853420535,Baseload
2020-04-12,SMCSF1,-12.831502569507027,Baseload
2020-04-19,SMCSF1,-9.953582386342791,Baseload
2020-04-26,SMCSF1,-11.546582756360174,Baseload
2020-05-03,SMCSF1,-8.725521418617895,Baseload
2020-05-10,SMCSF1,-12.107701370623477,Baseload
2020-05-17,SMCSF1,-10.240464933636513,Baseload
2020-05-24,SMCSF1,-7.773407575960981,Baseload
2020-05-31,SMCSF1,-13.044618665000304,Baseload
2020-06-07,SMCSF1,-14.540083631251033,Baseload
2020-06-14,SMCSF1,-11.566704891196245,Baseload
2020-06-21,SMCSF1,-8.957391616528593,Baseload
2020-06-28,SMCSF1,-19.34282151015148,Baseload
2020-07-05,SMCSF1,-9.892674269096439,Baseload
2020-07-12,SMCSF1,,Baseload
2020-07-19,SMCSF1,-20.68383974952528,Baseload
2020-07-26,SMCSF1,-21.423970275949358,Baseload
2020-08-02,SMCSF1,-7.709237322458513,Baseload
2020-08-09,SMCSF1,-5.954925168041523,Baseload
2020-08-16,SMCSF1,-13.076902167799291,Baseload
2020-08-23,SMCSF1,-15.156057294119067,Baseload
2020-08-30,SMCSF1,-7.558578869400755,Baseload
2020-09-06,SMCSF1,-22.041126335928187,Baseload
2020-09-13,SMCSF1,-13.226801502673297,Baseload
2020-09-20,SMCSF1,-16.419554332861374,Baseload
2020-09-27,SMCSF1,-15.30146777722464,Baseload
2020-10-04,SMCSF1,-18.229907994645924,Baseload
2020-10-11,SMCSF1,-13.982152507727069,Baseload
2020-10-18,SMCSF1,-11.854684573910092,Baseload
2020-10-25,SMCSF1,-0.6916379480908716,Baseload
2020-11-01,SMCSF1,-8.093876590615714,Baseload
2020-11-08,SMCSF1,-19.79499674403161,Baseload
2020-11-15,SMCSF1,-16.277449860108348,Baseload
2020-11-22,SMCSF1,-26.477106664181324,Baseload
2020-11-29,SMCSF1,-18.592573030130488,Baseload
2020-12-06,SMCSF1,-12.891865186075378,Baseload
2020-12-13,SMCSF1,-8.130891227275185,Baseload
2020-12-20,SMCSF1,10.627674660524946,Baseload
2020-12-27,SMCSF1,-4.1162457449583485,Baseload
2021-01-03,SMCSF1,-4.17300195179002,Baseload
2021-01-10,SMCSF1,-1.8294094969013486,Baseload
2021-01-17,SMCSF1,-8.332005221193256,Baseload
2021-01-24,SMCSF1,124.27637095238097,Baseload
2021-01-31,SMCSF1,,Baseload
2021-02-07,SMCSF1,,Baseload
2021-02-14,SMCSF1,,Baseload
2021-02-21,SMCSF1,,Baseload
2021-02-28,SMCSF1,,Baseload
2021-03-07,SMCSF1,,Baseload
2021-03-14,SMCSF1,,Baseload
2021-03-21,SMCSF1,,Baseload
2021-03-28,SMCSF1,,Baseload
2021-04-04,SMCSF1,-12.62202212055153,Baseload
2021-04-11,SMCSF1,,Baseload
2021-04-18,SMCSF1,22.133901196816886,Baseload
2021-04-25,SMCSF1,,Baseload
2021-05-02,SMCSF1,,Baseload
2021-05-09,SMCSF1,,Baseload
2021-05-16,SMCSF1,,Baseload
2021-05-23,SMCSF1,,Baseload
2021-05-30,SMCSF1,,Baseload
2021-06-06,SMCSF1,,Baseload
2021-06-13,SMCSF1,,Baseload
2021-06-20,SMCSF1,14745.486752966071,Baseload
2021-06-27,SMCSF1,,Baseload
2021-07-04,SMCSF1,,Baseload
2021-07-11,SMCSF1,,Baseload
2021-07-18,SMCSF1,,Baseload
2021-07-25,SMCSF1,,Baseload
2021-08-01,SMCSF1,,Baseload
2021-08-08,SMCSF1,,Baseload
2021-08-15,SMCSF1,,Baseload
2021-08-22,SMCSF1,,Baseload
2021-08-29,SMCSF1,,Baseload
2021-09-05,SMCSF1,,Baseload
2021-09-12,SMCSF1,-40.89751355431634,Baseload
2021-09-19,SMCSF1,-49.21015193146814,Baseload
2021-09-26,SMCSF1,-47.08347602801309,Baseload
2021-10-03,SMCSF1,-20.59305322706504,Baseload
2021-10-10,SMCSF1,-45.830839339842655,Baseload
2021-10-17,SMCSF1,-4.842031588196555,Baseload
2021-10-24,SMCSF1,-41.86981172134554,Baseload
2021-10-31,SMCSF1,-27.991294969137336,Baseload
2021-11-07,SMCSF1,-29.007675005703952,Baseload
2021-11-14,SMCSF1,141.03045346876286,Baseload
2021-11-21,SMCSF1,-21.313437366443097,Baseload
2021-11-28,SMCSF1,-0.27704267504536517,Baseload
2021-12-05,SMCSF1,-42.8583630167732,Baseload
2021-12-12,SMCSF1,-110.53983568402721,Baseload
2021-12-19,SMCSF1,-29.05862506377887,Baseload
2021-12-26,SMCSF1,-114.79066497348299,Baseload
2022-01-02,SMCSF1,-21.391313646037617,Baseload
2022-01-09,SMCSF1,-13.32794927323991,Baseload
2022-01-16,SMCSF1,-42.76396007378683,Baseload
2022-01-23,SMCSF1,3.145612263374346,Baseload
2022-01-30,SMCSF1,-30.726402960809125,Baseload
2022-02-06,SMCSF1,-172.5653331818478,Baseload
2022-02-13,SMCSF1,-19.846309818617407,Baseload
2022-02-20,SMCSF1,-19.520921038260013,Baseload
2022-02-27,SMCSF1,9.323477948035858,Baseload
2022-03-06,SMCSF1,-13.66211413785176,Baseload
2022-03-13,SMCSF1,-182.02948325230196,Baseload
2022-03-20,SMCSF1,-33.11647558851661,Baseload
2022-03-27,SMCSF1,-25.428850981357954,Baseload
2022-04-03,SMCSF1,-70.31677293030754,Baseload
2022-04-10,SMCSF1,-74.16752355255545,Baseload
2022-04-17,SMCSF1,-57.41828483855544,Baseload
2022-04-24,SMCSF1,-70.28826444730096,Baseload
2022-05-01,SMCSF1,-84.87431082461222,Baseload
2022-05-08,SMCSF1,-233.6567823699514,Baseload
2022-05-15,SMCSF1,-44.235602445360655,Baseload
2022-05-22,SMCSF1,-34.803019432819156,Baseload
2022-05-29,SMCSF1,-81.65616392844083,Baseload
2022-06-05,SMCSF1,-163.6162327266714,Baseload
2022-06-12,SMCSF1,-492.20922456383767,Baseload
2022-06-19,SMCSF1,-20.11702860409136,Baseload
2022-06-26,SMCSF1,-106.74082651477474,Baseload
2022-07-03,SMCSF1,-80.56498674277276,Baseload
2022-07-10,SMCSF1,-426.01750516109655,Baseload
2022-07-17,SMCSF1,-250.61996121615448,Baseload
2022-07-24,SMCSF1,-139.2872126842,Baseload
2022-07-31,SMCSF1,-137.86279155898387,Baseload
2022-08-07,SMCSF1,-65.78442408118494,Baseload
2022-08-14,SMCSF1,-77.39391392102003,Baseload
2022-08-21,SMCSF1,-129.89387961528493,Baseload
2022-08-28,SMCSF1,-91.42180179866577,Baseload
2022-09-04,SMCSF1,-46.07142156189772,Baseload
2022-09-11,SMCSF1,-94.85842991382893,Baseload
2022-09-18,SMCSF1,-128.27968458549458,Baseload
2022-09-25,SMCSF1,-80.85157885556686,Baseload
2022-10-02,SMCSF1,-59.97264760796362,Baseload
2022-10-09,SMCSF1,-58.51757140730862,Baseload
2022-10-16,SMCSF1,-72.21145112971583,Baseload
2022-10-23,SMCSF1,-33.607269172029376,Baseload
2022-10-30,SMCSF1,-94.17765294424166,Baseload
2022-11-06,SMCSF1,-64.89622963885863,Baseload
2022-11-13,SMCSF1,-51.53614936461207,Baseload
2022-11-20,SMCSF1,-82.8456307014176,Baseload
2022-11-27,SMCSF1,-71.80584089742689,Baseload
2022-12-04,SMCSF1,-51.994081228675924,Baseload
2022-12-11,SMCSF1,-76.3829447964593,Baseload
2022-12-18,SMCSF1,-71.94803092506142,Baseload
2022-12-25,SMCSF1,-49.4748842133664,Baseload
2023-01-01,SMCSF1,-46.227929848120944,Baseload
2023-01-08,SMCSF1,-41.56501399036407,Baseload
2023-01-15,SMCSF1,-25.350923686271443,Baseload
2023-01-22,SMCSF1,-34.39542924495352,Baseload
2023-01-29,SMCSF1,-33.753318731662276,Baseload
2023-02-05,SMCSF1,-74.31661533572576,Baseload
2023-02-12,SMCSF1,-37.64748103481668,Baseload
2023-02-19,SMCSF1,-36.831194014556274,Baseload
2023-02-26,SMCSF1,-36.13223099159079,Baseload
2023-03-05,SMCSF1,-37.85124491010853,Baseload
2023-03-12,SMCSF1,-14.008570452219061,Baseload
2023-03-19,SMCSF1,-95.48215933749377,Baseload
2023-03-26,SMCSF1,-43.83022932199651,Baseload
2023-04-02,SMCSF1,-50.224487316170695,Baseload
2023-04-09,SMCSF1,-62.968561278451816,Baseload
2023-04-16,SMCSF1,-100.11237328599513,Baseload
2023-04-23,SMCSF1,-68.49185739132813,Baseload
2023-04-30,SMCSF1,-50.9989404241298,Baseload
2023-05-07,SMCSF1,-85.87445520403894,Baseload
2023-05-14,SMCSF1,-90.49704215737046,Baseload
2023-05-21,SMCSF1,-101.16312306674337,Baseload
2023-05-28,SMCSF1,-188.53396658035868,Baseload
2023-06-04,SMCSF1,-97.42387568717709,Baseload
2023-06-11,SMCSF1,-30.660846304224016,Baseload
2023-06-18,SMCSF1,-77.1150672206694,Baseload
2023-06-25,SMCSF1,-83.19201114051447,Baseload
2023-07-02,SMCSF1,-64.87680669867919,Baseload
2023-07-09,SMCSF1,-63.057134151124075,Baseload
2023-07-16,SMCSF1,-50.5316070548319,Baseload
2023-07-23,SMCSF1,-67.20482946943149,Baseload
2023-07-30,SMCSF1,-70.9791966395214,Baseload
2023-08-06,SMCSF1,-79.11337880466087,Baseload
2023-08-13,SMCSF1,-75.19494496344029,Baseload
2023-08-20,SMCSF1,-86.10267430435728,Baseload
2023-08-27,SMCSF1,-76.73251608209968,Baseload
2023-09-03,SMCSF1,-72.2562532067283,Baseload
2023-09-10,SMCSF1,-75.85555060716669,Baseload
2023-09-17,SMCSF1,-72.20492228103979,Baseload
2023-09-24,SMCSF1,-59.09979508176549,Baseload
2023-10-01,SMCSF1,-60.66750952192179,Baseload
2023-10-08,SMCSF1,-52.43669443200356,Baseload
2023-10-15,SMCSF1,-60.9966121937117,Baseload
2023-10-22,SMCSF1,-62.969911187464916,Baseload
2023-10-29,SMCSF1,-53.8750681740855,Baseload
2023-11-05,SMCSF1,-39.555474055957426,Baseload
2023-11-12,SMCSF1,-70.71869468363779,Baseload
2023-11-19,SMCSF1,-70.9294544624273,Baseload
2023-11-26,SMCSF1,-22.602399147337287,Baseload
2023-12-03,SMCSF1,-36.66676559511184,Baseload
2023-12-10,SMCSF1,-49.57145674431939,Baseload
2023-12-17,SMCSF1,-38.245789579843375,Baseload
2023-12-24,SMCSF1,-27.803758389649538,Baseload
2023-12-31,SMCSF1,-119.22091404804726,Baseload
2024-01-07,SMCSF1,-27.670703738126562,Baseload
2024-01-14,SMCSF1,-33.695383886565494,Baseload
2024-01-21,SMCSF1,-146.02037288684636,Baseload
2024-01-28,SMCSF1,-111.57942968587017,Baseload
2024-02-04,SMCSF1,-98.40632052344883,Baseload
2024-02-11,SMCSF1,-45.90476336874129,Baseload
2024-02-18,SMCSF1,-28.664999822293325,Baseload
2024-02-25,SMCSF1,-66.33261012097714,Baseload
2024-03-03,SMCSF1,-103.79405258645487,Baseload
2024-03-10,SMCSF1,-33.36885605722868,Baseload
2024-03-17,SMCSF1,-40.013681500544045,Baseload
2024-03-24,SMCSF1,-27.876842486826064,Baseload
2024-03-31,SMCSF1,-43.47179093824339,Baseload
2024-04-07,SMCSF1,-35.78240119953556,Baseload
2024-04-14,SMCSF1,-68.09855575048776,Baseload
2024-04-21,SMCSF1,-53.18430379155067,Baseload
2024-04-28,SMCSF1,-67.75332979298207,Baseload
2024-05-05,SMCSF1,-61.21922069446252,Baseload
2024-05-12,SMCSF1,-74.80575440185828,Baseload
2024-05-19,SMCSF1,-55.2148049649435,Baseload
2024-05-26,SMCSF1,-95.50202152349797,Baseload
2024-06-02,SMCSF1,-54.209515268619164,Baseload
2024-06-09,SMCSF1,-85.99876631150272,Baseload
2024-06-16,SMCSF1,-96.33600095479106,Baseload
2024-06-23,SMCSF1,-128.49108098516442,Baseload
2024-06-30,SMCSF1,-64.23429399031221,Baseload
2024-07-07,SMCSF1,-51.5311209061292,Baseload
2024-07-14,SMCSF1,-72.74011605946873,Baseload
2024-07-21,SMCSF1,-69.49521824151473,Baseload
2024-07-28,SMCSF1,-63.96809774021419,Baseload
2024-08-04,SMCSF1,-192.14858846749055,Baseload
2024-08-11,SMCSF1,-171.17575806376624,Baseload
2024-08-18,SMCSF1,-50.56148734430626,Baseload
2024-08-25,SMCSF1,-76.3120142464751,Baseload
2024-09-01,SMCSF1,-62.032406605429415,Baseload
2024-09-08,SMCSF1,-72.02998375268629,Baseload
2024-09-15,SMCSF1,-66.03901220143018,Baseload
2024-09-22,SMCSF1,-77.90898043323939,Baseload
2024-09-29,SMCSF1,-70.09908782468403,Baseload
2024-10-06,SMCSF1,-72.09950785370087,Baseload
2024-10-13,SMCSF1,-83.72618383564499,Baseload
2024-10-20,SMCSF1,-62.770313838737955,Baseload
2024-10-27,SMCSF1,-87.2016087361072,Baseload
2024-11-03,SMCSF1,-78.55973414460632,Baseload
2024-11-10,SMCSF1,-264.5858088205922,Baseload
2024-11-17,SMCSF1,-81.36392844873748,Baseload
2024-11-24,SMCSF1,-96.83381532042472,Baseload
2024-12-01,SMCSF1,-70.7894389661941,Baseload
2024-12-08,SMCSF1,-132.96207003132665,Baseload
2024-12-15,SMCSF1,-88.7830242004117,Baseload
2024-12-22,SMCSF1,-35.08109803287827,Baseload
2024-12-29,SMCSF1,-46.964285051438864,Baseload
2025-01-05,SMCSF1,-45.92978994513069,Baseload
2020-01-05,SRSF1,6.052683440499152,Baseload
2020-01-12,SRSF1,-0.22386587185351914,Baseload
2020-01-19,SRSF1,-1.6021193200051442,Baseload
2020-01-26,SRSF1,-6.650906094905096,Baseload
2020-02-02,SRSF1,13.025740683058089,Baseload
2020-02-09,SRSF1,1.4675829732719805,Baseload
2020-02-16,SRSF1,-4.04326401550972,Baseload
2020-02-23,SRSF1,-0.9042180610886206,Baseload
2020-03-01,SRSF1,-5.3817783186145505,Baseload
2020-03-08,SRSF1,-1.7346646009641091,Baseload
2020-03-15,SRSF1,-14.420647677392978,Baseload
2020-03-22,SRSF1,-8.77688725899893,Baseload
2020-03-29,SRSF1,-4.8283852396831435,Baseload
2020-04-05,SRSF1,-8.265718694451529,Baseload
2020-04-12,SRSF1,-12.979593280986784,Baseload
2020-04-19,SRSF1,-10.415042392352657,Baseload
2020-04-26,SRSF1,-11.109676900466248,Baseload
2020-05-03,SRSF1,-1.5346387851096939,Baseload
2020-05-10,SRSF1,-10.352840860385157,Baseload
2020-05-17,SRSF1,-10.656508312473044,Baseload
2020-05-24,SRSF1,-12.224980173263862,Baseload
2020-05-31,SRSF1,-15.068426073336578,Baseload
2020-06-07,SRSF1,-14.390760749137343,Baseload
2020-06-14,SRSF1,-13.125331045651567,Baseload
2020-06-21,SRSF1,-2.944420072820563,Baseload
2020-06-28,SRSF1,-15.661179869434742,Baseload
2020-07-05,SRSF1,-13.54871714264358,Baseload
2020-07-12,SRSF1,-8.574416324379875,Baseload
2020-07-19,SRSF1,-17.896307929017333,Baseload
2020-07-26,SRSF1,-16.44324974020679,Baseload
2020-08-02,SRSF1,-12.895515062331715,Baseload
2020-08-09,SRSF1,-11.171757685383337,Baseload
2020-08-16,SRSF1,-20.74168948103947,Baseload
2020-08-23,SRSF1,-23.1737892873848,Baseload
2020-08-30,SRSF1,-29.157517613498783,Baseload
2020-09-06,SRSF1,-27.15394121943152,Baseload
2020-09-13,SRSF1,-14.705428954596846,Baseload
2020-09-20,SRSF1,-18.391601606337726,Baseload
2020-09-27,SRSF1,-25.029662061111477,Baseload
2020-10-04,SRSF1,-22.118694969805723,Baseload
2020-10-11,SRSF1,-21.70241260690578,Baseload
2020-10-18,SRSF1,-9.63804193148433,Baseload
2020-10-25,SRSF1,-12.537594579973732,Baseload
2020-11-01,SRSF1,-7.438727019150107,Baseload
2020-11-08,SRSF1,-17.53390801110295,Baseload
2020-11-15,SRSF1,-14.737129498819005,Baseload
2020-11-22,SRSF1,16.99612519649728,Baseload
2020-11-29,SRSF1,-6.97412270824497,Baseload
2020-12-06,SRSF1,3.5717298125979156,Baseload
2020-12-13,SRSF1,-7.536804983854161,Baseload
2020-12-20,SRSF1,24.579587362447455,Baseload
2020-12-27,SRSF1,-6.27121860200954,Baseload
2021-01-03,SRSF1,-11.092677641195174,Baseload
2021-01-10,SRSF1,1.0349226249788117,Baseload
2021-01-17,SRSF1,-5.8640870186067104,Baseload
2021-01-24,SRSF1,-8.383772750898423,Baseload
2021-01-31,SRSF1,-4.8522661598053105,Baseload
2021-02-07,SRSF1,-5.60673692272762,Baseload
2021-02-14,SRSF1,-7.6457996782194115,Baseload
2021-02-21,SRSF1,-3.8347020095221787,Baseload
2021-02-28,SRSF1,-7.3355106526447,Baseload
2021-03-07,SRSF1,-11.31440350233514,Baseload
2021-03-14,SRSF1,-24.223435555418142,Baseload
2021-03-21,SRSF1,-0.8163921661475442,Baseload
2021-03-28,SRSF1,-20.922959260656025,Baseload
2021-04-04,SRSF1,-11.6789615393674,Baseload
2021-04-11,SRSF1,-20.435404545685273,Baseload
2021-04-18,SRSF1,-32.865763962400436,Baseload
2021-04-25,SRSF1,-42.35084946859566,Baseload
2021-05-02,SRSF1,-24.43837273001843,Baseload
2021-05-09,SRSF1,-2.001754246748071,Baseload
2021-05-16,SRSF1,-83.05725196568685,Baseload
2021-05-23,SRSF1,-53.51762419572493,Baseload
2021-05-30,SRSF1,-239.36276113786863,Baseload
2021-06-06,SRSF1,-213.44830324632858,Baseload
2021-06-13,SRSF1,-172.43432806191532,Baseload
2021-06-20,SRSF1,-81.80466434594715,Baseload
2021-06-27,SRSF1,-57.30499237942732,Baseload
2021-07-04,SRSF1,-51.67266348740431,Baseload
2021-07-11,SRSF1,-71.24884089368268,Baseload
2021-07-18,SRSF1,-53.99328596643602,Baseload
2021-07-25,SRSF1,-154.81282797851318,Baseload
2021-08-01,SRSF1,-41.72990033133031,Baseload
2021-08-08,SRSF1,-27.98868554886485,Baseload
2021-08-15,SRSF1,-28.641900546941493,Baseload
2021-08-22,SRSF1,-37.1002302647788,Baseload
2021-08-29,SRSF1,-40.727872372190184,Baseload
2021-09-05,SRSF1,-36.06417468866887,Baseload
2021-09-12,SRSF1,-35.92667730335496,Baseload
2021-09-19,SRSF1,-31.20669694058043,Baseload
2021-09-26,SRSF1,-38.96822881292118,Baseload
2021-10-03,SRSF1,0.6545169100356247,Baseload
2021-10-10,SRSF1,-42.46651958315258,Baseload
2021-10-17,SRSF1,-26.433571451057116,Baseload
2021-10-24,SRSF1,-50.89890568912846,Baseload
2021-10-31,SRSF1,-31.361560795511586,Baseload
2021-11-07,SRSF1,-28.211311898766652,Baseload
2021-11-14,SRSF1,73.02091678053426,Baseload
2021-11-21,SRSF1,-8.641105361258695,Baseload
2021-11-28,SRSF1,-10.372487570088246,Baseload
2021-12-05,SRSF1,-20.806766795474154,Baseload
2021-12-12,SRSF1,-109.47421067244395,Baseload
2021-12-19,SRSF1,-29.475916857287963,Baseload
2021-12-26,SRSF1,-122.37514708500167,Baseload
2022-01-02,SRSF1,-22.109861393477267,Baseload
2022-01-09,SRSF1,-33.532166615812315,Baseload
2022-01-16,SRSF1,-45.910868156084376,Baseload
2022-01-23,SRSF1,-12.76169178509042,Baseload
2022-01-30,SRSF1,-24.847422671449607,Baseload
2022-02-06,SRSF1,-242.0887563384931,Baseload
2022-02-13,SRSF1,-18.926274427205172,Baseload
2022-02-20,SRSF1,-19.36620808123982,Baseload
2022-02-27,SRSF1,-1.9709065382289594,Baseload
2022-03-06,SRSF1,-21.341204285584496,Baseload
2022-03-13,SRSF1,-192.9395484436879,Baseload
2022-03-20,SRSF1,-28.724490404103058,Baseload
2022-03-27,SRSF1,-20.20906199748623,Baseload
2022-04-03,SRSF1,-77.85887263997309,Baseload
2022-04-10,SRSF1,-73.53049284714376,Baseload
2022-04-17,SRSF1,-60.79221339255551,Baseload
2022-04-24,SRSF1,-69.05799611360075,Baseload
2022-05-01,SRSF1,-105.62183769616061,Baseload
2022-05-08,SRSF1,-241.64506999920516,Baseload
2022-05-15,SRSF1,-61.36037223126118,Baseload
2022-05-22,SRSF1,-37.156262746800564,Baseload
2022-05-29,SRSF1,-86.1353599336069,Baseload
2022-06-05,SRSF1,-162.2230929754445,Baseload
2022-06-12,SRSF1,-438.5089048076393,Baseload
2022-06-19,SRSF1,-23.267476140718344,Baseload
2022-06-26,SRSF1,-116.6828146352401,Baseload
2022-07-03,SRSF1,-87.29528714426692,Baseload
2022-07-10,SRSF1,-405.54677015191976,Baseload
2022-07-17,SRSF1,-273.5263690814321,Baseload
2022-07-24,SRSF1,-173.76577962120365,Baseload
2022-07-31,SRSF1,-128.52270515752988,Baseload
2022-08-07,SRSF1,-58.1431760843888,Baseload
2022-08-14,SRSF1,-82.46396835443662,Baseload
2022-08-21,SRSF1,-120.81668856264285,Baseload
2022-08-28,SRSF1,-87.14050775373121,Baseload
2022-09-04,SRSF1,-50.42971748946222,Baseload
2022-09-11,SRSF1,-98.81304242188696,Baseload
2022-09-18,SRSF1,-138.6779156869424,Baseload
2022-09-25,SRSF1,-105.29624427320272,Baseload
2022-10-02,SRSF1,-61.470289213946145,Baseload
2022-10-09,SRSF1,-82.44102322698967,Baseload
2022-10-16,SRSF1,-82.65041758321976,Baseload
2022-10-23,SRSF1,-30.81344659510924,Baseload
2022-10-30,SRSF1,-92.87033135072527,Baseload
2022-11-06,SRSF1,-75.9229634271648,Baseload
2022-11-13,SRSF1,-48.59397016815613,Baseload
2022-11-20,SRSF1,-84.18079472051423,Baseload
2022-11-27,SRSF1,-70.45376192804089,Baseload
2022-12-04,SRSF1,-68.7195581889918,Baseload
2022-12-11,SRSF1,-73.03034406912644,Baseload
2022-12-18,SRSF1,-65.25977407762663,Baseload
2022-12-25,SRSF1,-51.0132440449771,Baseload
2023-01-01,SRSF1,-46.80962929374922,Baseload
2023-01-08,SRSF1,-42.049977711729035,Baseload
2023-01-15,SRSF1,-26.40472232436565,Baseload
2023-01-22,SRSF1,-37.46431424060072,Baseload
2023-01-29,SRSF1,-38.023060364228925,Baseload
2023-02-05,SRSF1,-60.4011703636036,Baseload
2023-02-12,SRSF1,-44.54389819531533,Baseload
2023-02-19,SRSF1,-38.59298426312044,Baseload
2023-02-26,SRSF1,-39.39044272115855,Baseload
2023-03-05,SRSF1,-39.6320156308323,Baseload
2023-03-12,SRSF1,-22.13958046348081,Baseload
2023-03-19,SRSF1,-106.85511411667159,Baseload
2023-03-26,SRSF1,-41.967810418768124,Baseload
2023-04-02,SRSF1,-37.63394864374058,Baseload
2023-04-09,SRSF1,-58.74628984628844,Baseload
2023-04-16,SRSF1,-94.87247500493318,Baseload
2023-04-23,SRSF1,-64.16524189632176,Baseload
2023-04-30,SRSF1,-58.50442263747083,Baseload
2023-05-07,SRSF1,-85.98214432020356,Baseload
2023-05-14,SRSF1,-90.83403160318346,Baseload
2023-05-21,SRSF1,-101.8799746902803,Baseload
2023-05-28,SRSF1,-184.50976541142361,Baseload
2023-06-04,SRSF1,-96.77565828655774,Baseload
2023-06-11,SRSF1,-38.36735769726585,Baseload
2023-06-18,SRSF1,-75.26108898944057,Baseload
2023-06-25,SRSF1,-84.7858603508875,Baseload
2023-07-02,SRSF1,-69.20301343466524,Baseload
2023-07-09,SRSF1,-68.74717824357043,Baseload
2023-07-16,SRSF1,-49.10317425276661,Baseload
2023-07-23,SRSF1,-65.44180267677308,Baseload
2023-07-30,SRSF1,-80.52817953864151,Baseload
2023-08-06,SRSF1,-75.46610964176553,Baseload
2023-08-13,SRSF1,-74.59925209705956,Baseload
2023-08-20,SRSF1,-88.02933576038976,Baseload
2023-08-27,SRSF1,-77.29657153309296,Baseload
2023-09-03,SRSF1,-70.32152501560165,Baseload
2023-09-10,SRSF1,-80.81720663953801,Baseload
2023-09-17,SRSF1,-65.79527675398347,Baseload
2023-09-24,SRSF1,-59.32363289095471,Baseload
2023-10-01,SRSF1,-60.05294325403207,Baseload
2023-10-08,SRSF1,-53.21750904203007,Baseload
2023-10-15,SRSF1,-59.509597231507655,Baseload
2023-10-22,SRSF1,-58.27519185602671,Baseload
2023-10-29,SRSF1,-51.32628790537973,Baseload
2023-11-05,SRSF1,-40.377361256761034,Baseload
2023-11-12,SRSF1,-71.16652514229587,Baseload
2023-11-19,SRSF1,-68.12010715463732,Baseload
2023-11-26,SRSF1,-31.19208051687754,Baseload
2023-12-03,SRSF1,-48.5502825677645,Baseload
2023-12-10,SRSF1,-46.72906235217384,Baseload
2023-12-17,SRSF1,-31.839924924518122,Baseload
2023-12-24,SRSF1,-33.61406002414832,Baseload
2023-12-31,SRSF1,-111.66932404778015,Baseload
2024-01-07,SRSF1,-31.053644356281023,Baseload
2024-01-14,SRSF1,-36.39461225743148,Baseload
2024-01-21,SRSF1,-168.392037618818,Baseload
2024-01-28,SRSF1,-114.77307370039956,Baseload
2024-02-04,SRSF1,-120.19391284984233,Baseload
2024-02-11,SRSF1,-45.52425498470736,Baseload
2024-02-18,SRSF1,-44.479374081922856,Baseload
2024-02-25,SRSF1,-46.385302955080704,Baseload
2024-03-03,SRSF1,-116.55337534014015,Baseload
2024-03-10,SRSF1,-41.95440809266457,Baseload
2024-03-17,SRSF1,-40.20210286874086,Baseload
2024-03-24,SRSF1,-24.2673373224725,Baseload
2024-03-31,SRSF1,-50.562902150351334,Baseload
2024-04-07,SRSF1,-36.94406777754572,Baseload
2024-04-14,SRSF1,-70.45039746880926,Baseload
2024-04-21,SRSF1,-53.802255511906154,Baseload
2024-04-28,SRSF1,-69.11968080022719,Baseload
2024-05-05,SRSF1,-69.35966593620472,Baseload
2024-05-12,SRSF1,-77.81195553608313,Baseload
2024-05-19,SRSF1,-68.64463639294094,Baseload
2024-05-26,SRSF1,-100.90405050027292,Baseload
2024-06-02,SRSF1,-59.27852682935353,Baseload
2024-06-09,SRSF1,-83.43656090061666,Baseload
2024-06-16,SRSF1,-93.82992134971462,Baseload
2024-06-23,SRSF1,-138.52007578772196,Baseload
2024-06-30,SRSF1,-60.58035801515215,Baseload
2024-07-07,SRSF1,-63.36041264638029,Baseload
2024-07-14,SRSF1,-76.8074493344223,Baseload
2024-07-21,SRSF1,-68.55331460011894,Baseload
2024-07-28,SRSF1,-63.88343826188101,Baseload
2024-08-04,SRSF1,-178.24277305420955,Baseload
2024-08-11,SRSF1,-197.97935996538195,Baseload
2024-08-18,SRSF1,-84.18071471387644,Baseload
2024-08-25,SRSF1,-71.46877483844277,Baseload
2024-09-01,SRSF1,-63.93873286795167,Baseload
2024-09-08,SRSF1,-70.70421147895641,Baseload
2024-09-15,SRSF1,-62.69638203007379,Baseload
2024-09-22,SRSF1,-66.8770816805289,Baseload
2024-09-29,SRSF1,-70.64713271458646,Baseload
2024-10-06,SRSF1,-66.7881879888113,Baseload
2024-10-13,SRSF1,-76.61795175719384,Baseload
2024-10-20,SRSF1,-53.76570863128642,Baseload
2024-10-27,SRSF1,-78.32002646421853,Baseload
2024-11-03,SRSF1,-63.34937803464566,Baseload
2024-11-10,SRSF1,-233.98712815038365,Baseload
2024-11-17,SRSF1,-74.13058357010549,Baseload
2024-11-24,SRSF1,-86.31764185438061,Baseload
2024-12-01,SRSF1,-51.83359678312398,Baseload
2024-12-08,SRSF1,-125.71833955013938,Baseload
2024-12-15,SRSF1,-78.32177904418205,Baseload
2024-12-22,SRSF1,-64.13776746625597,Baseload
2024-12-29,SRSF1,-51.873170907795476,Baseload
2025-01-05,SRSF1,-41.04855981892781,Baseload
2020-01-05,WHITSF1,-5.016928710749035,Baseload
2020-01-12,WHITSF1,-2.2906923938214447,Baseload
2020-01-19,WHITSF1,-2.6739432107276073,Baseload
2020-01-26,WHITSF1,-7.267393606473803,Baseload
2020-02-02,WHITSF1,6.5259799236354326,Baseload
2020-02-09,WHITSF1,-0.46861474086951205,Baseload
2020-02-16,WHITSF1,-3.271264323241681,Baseload
2020-02-23,WHITSF1,-3.5219909237147675,Baseload
2020-03-01,WHITSF1,-5.467989854647541,Baseload
2020-03-08,WHITSF1,-4.0041474993456205,Baseload
2020-03-15,WHITSF1,-5.517052915232405,Baseload
2020-03-22,WHITSF1,-9.35571710008658,Baseload
2020-03-29,WHITSF1,-3.787328173949902,Baseload
2020-04-05,WHITSF1,-5.4384418614328,Baseload
2020-04-12,WHITSF1,-11.5062162171903,Baseload
2020-04-19,WHITSF1,-9.867477256831325,Baseload
2020-04-26,WHITSF1,-9.35652112407779,Baseload
2020-05-03,WHITSF1,-5.4701170132281955,Baseload
2020-05-10,WHITSF1,-8.942222713947285,Baseload
2020-05-17,WHITSF1,-10.575083110715557,Baseload
2020-05-24,WHITSF1,-8.466643066245542,Baseload
2020-05-31,WHITSF1,-6.309436581077062,Baseload
2020-06-07,WHITSF1,-8.198129146510102,Baseload
2020-06-14,WHITSF1,-10.085740880310055,Baseload
2020-06-21,WHITSF1,-7.5692205362792215,Baseload
2020-06-28,WHITSF1,-10.917055997149014,Baseload
2020-07-05,WHITSF1,-5.63450783322229,Baseload
2020-07-12,WHITSF1,-9.029105721965884,Baseload
2020-07-19,WHITSF1,-10.269273732002588,Baseload
2020-07-26,WHITSF1,-14.195474036317087,Baseload
2020-08-02,WHITSF1,-9.993483408577543,Baseload
2020-08-09,WHITSF1,-4.2114496277046065,Baseload
2020-08-16,WHITSF1,-3.043180100931931,Baseload
2020-08-23,WHITSF1,-8.97672200789603,Baseload
2020-08-30,WHITSF1,-10.246079340579364,Baseload
2020-09-06,WHITSF1,-10.555888405587897,Baseload
2020-09-13,WHITSF1,-9.784036099620767,Baseload
2020-09-20,WHITSF1,-6.4422992305023214,Baseload
2020-09-27,WHITSF1,-1.5789177040475373,Baseload
2020-10-04,WHITSF1,-8.528773939880628,Baseload
2020-10-11,WHITSF1,-12.638936338960317,Baseload
2020-10-18,WHITSF1,13.24480310339439,Baseload
2020-10-25,WHITSF1,-7.088054650317812,Baseload
2020-11-01,WHITSF1,-7.661763872028679,Baseload
2020-11-08,WHITSF1,-15.809686736549445,Baseload
2020-11-15,WHITSF1,-13.423689777794529,Baseload
2020-11-22,WHITSF1,9.81234491725695,Baseload
2020-11-29,WHITSF1,-10.150047365157015,Baseload
2020-12-06,WHITSF1,3.1043242966943083,Baseload
2020-12-13,WHITSF1,-7.6201029119692265,Baseload
2020-12-20,WHITSF1,2.7051335396061233,Baseload
2020-12-27,WHITSF1,-2.5208839409053,Baseload
2021-01-03,WHITSF1,-11.800314374298353,Baseload
2021-01-10,WHITSF1,-3.3629688269139493,Baseload
2021-01-17,WHITSF1,-10.818554974509865,Baseload
2021-01-24,WHITSF1,-12.388139990495546,Baseload
2021-01-31,WHITSF1,-4.059298620491731,Baseload
2021-02-07,WHITSF1,-4.880549848700888,Baseload
2021-02-14,WHITSF1,-8.119622783468365,Baseload
2021-02-21,WHITSF1,-4.7458894347997855,Baseload
2021-02-28,WHITSF1,-16.473862516015267,Baseload
2021-03-07,WHITSF1,-18.636586840199133,Baseload
2021-03-14,WHITSF1,-18.745574047049622,Baseload
2021-03-21,WHITSF1,-1.7753241179332804,Baseload
2021-03-28,WHITSF1,-8.383543159518872,Baseload
2021-04-04,WHITSF1,-7.777802864992246,Baseload
2021-04-11,WHITSF1,13.779085563958041,Baseload
2021-04-18,WHITSF1,-23.404583881983882,Baseload
2021-04-25,WHITSF1,-50.43724925200256,Baseload
2021-05-02,WHITSF1,-13.693745511240326,Baseload
2021-05-09,WHITSF1,0.970203393913863,Baseload
2021-05-16,WHITSF1,0.016684572533677056,Baseload
2021-05-23,WHITSF1,-32.074764352076905,Baseload
2021-05-30,WHITSF1,-293.98260312214705,Baseload
2021-06-06,WHITSF1,-196.00585781885275,Baseload
2021-06-13,WHITSF1,-165.43991472470282,Baseload
2021-06-20,WHITSF1,-101.00773077311548,Baseload
2021-06-27,WHITSF1,-45.32690627487281,Baseload
2021-07-04,WHITSF1,-32.57116652632946,Baseload
2021-07-11,WHITSF1,-62.58339877099475,Baseload
2021-07-18,WHITSF1,-43.82519797868722,Baseload
2021-07-25,WHITSF1,-123.1675281500259,Baseload
2021-08-01,WHITSF1,-28.802976298910664,Baseload
2021-08-08,WHITSF1,-23.384162821376172,Baseload
2021-08-15,WHITSF1,-15.372295854101196,Baseload
2021-08-22,WHITSF1,-12.790639954346439,Baseload
2021-08-29,WHITSF1,-23.13836426995357,Baseload
2021-09-05,WHITSF1,-24.422679545366776,Baseload
2021-09-12,WHITSF1,-6.6167677075624205,Baseload
2021-09-19,WHITSF1,-16.407164347477902,Baseload
2021-09-26,WHITSF1,13.310185042627957,Baseload
2021-10-03,WHITSF1,39.14216588049499,Baseload
2021-10-10,WHITSF1,47.32415971714803,Baseload
2021-10-17,WHITSF1,1.701411937990862,Baseload
2021-10-24,WHITSF1,-44.02476299854505,Baseload
2021-10-31,WHITSF1,-22.989278605218416,Baseload
2021-11-07,WHITSF1,-17.608032013517715,Baseload
2021-11-14,WHITSF1,38.41696682827819,Baseload
2021-11-21,WHITSF1,16.228418077070103,Baseload
2021-11-28,WHITSF1,9.045428121080931,Baseload
2021-12-05,WHITSF1,-8.261212309774649,Baseload
2021-12-12,WHITSF1,-110.3048234588766,Baseload
2021-12-19,WHITSF1,-30.01822708746098,Baseload
2021-12-26,WHITSF1,-99.48007089686307,Baseload
2022-01-02,WHITSF1,-15.979163450820714,Baseload
2022-01-09,WHITSF1,-22.052773959130207,Baseload
2022-01-16,WHITSF1,-43.58424211293675,Baseload
2022-01-23,WHITSF1,7.636785762629117,Baseload
2022-01-30,WHITSF1,-31.343316199319986,Baseload
2022-02-06,WHITSF1,-86.4538437820222,Baseload
2022-02-13,WHITSF1,-20.17388233204673,Baseload
2022-02-20,WHITSF1,-23.837984558356297,Baseload
2022-02-27,WHITSF1,6.279479471106754,Baseload
2022-03-06,WHITSF1,-16.62158600821087,Baseload
2022-03-13,WHITSF1,-200.2200778905809,Baseload
2022-03-20,WHITSF1,-32.936733481289664,Baseload
2022-03-27,WHITSF1,-18.114458311710422,Baseload
2022-04-03,WHITSF1,-70.78819615754138,Baseload
2022-04-10,WHITSF1,-85.99380524260945,Baseload
2022-04-17,WHITSF1,-64.4128026294985,Baseload
2022-04-24,WHITSF1,-76.61319476443079,Baseload
2022-05-01,WHITSF1,-103.10712513140905,Baseload
2022-05-08,WHITSF1,-227.7308177674209,Baseload
2022-05-15,WHITSF1,-50.78861921962033,Baseload
2022-05-22,WHITSF1,-34.98194795294404,Baseload
2022-05-29,WHITSF1,-73.70408051432258,Baseload
2022-06-05,WHITSF1,-116.37376732482403,Baseload
2022-06-12,WHITSF1,-413.2339842696614,Baseload
2022-06-19,WHITSF1,-18.456723726370313,Baseload
2022-06-26,WHITSF1,-80.80632046192702,Baseload
2022-07-03,WHITSF1,-10.716568684699212,Baseload
2022-07-10,WHITSF1,-406.97150122606365,Baseload
2022-07-17,WHITSF1,-194.96380554673388,Baseload
2022-07-24,WHITSF1,-121.17948728183109,Baseload
2022-07-31,WHITSF1,-109.68181834227896,Baseload
2022-08-07,WHITSF1,-54.48592888046612,Baseload
2022-08-14,WHITSF1,-58.87275046595228,Baseload
2022-08-21,WHITSF1,-45.58895135635562,Baseload
2022-08-28,WHITSF1,-42.58909099708842,Baseload
2022-09-04,WHITSF1,-43.56499668769435,Baseload
2022-09-11,WHITSF1,-31.31954203527802,Baseload
2022-09-18,WHITSF1,-52.705989767306335,Baseload
2022-09-25,WHITSF1,-30.140062675411485,Baseload
2022-10-02,WHITSF1,-41.44046033704181,Baseload
2022-10-09,WHITSF1,-48.39274171744461,Baseload
2022-10-16,WHITSF1,-61.421414675540774,Baseload
2022-10-23,WHITSF1,-33.21688878467353,Baseload
2022-10-30,WHITSF1,-33.66654484924133,Baseload
2022-11-06,WHITSF1,-23.43735836272026,Baseload
2022-11-13,WHITSF1,-39.0106561993382,Baseload
2022-11-20,WHITSF1,-72.19209006389005,Baseload
2022-11-27,WHITSF1,-41.508889299180495,Baseload
2022-12-04,WHITSF1,-2.0043779659926884,Baseload
2022-12-11,WHITSF1,-50.270291942729905,Baseload
2022-12-18,WHITSF1,-33.57530242520902,Baseload
2022-12-25,WHITSF1,-25.180486150309143,Baseload
2023-01-01,WHITSF1,-20.954731710798562,Baseload
2023-01-08,WHITSF1,-18.02051344388687,Baseload
2023-01-15,WHITSF1,-20.991485738380604,Baseload
2023-01-22,WHITSF1,-24.84192215772947,Baseload
2023-01-29,WHITSF1,-27.456726527909908,Baseload
2023-02-05,WHITSF1,-42.59972589158306,Baseload
2023-02-12,WHITSF1,-28.709279259905387,Baseload
2023-02-19,WHITSF1,-25.41734918623554,Baseload
2023-02-26,WHITSF1,-10.897038946915771,Baseload
2023-03-05,WHITSF1,-28.342150851320724,Baseload
2023-03-12,WHITSF1,-15.579667781548125,Baseload
2023-03-19,WHITSF1,-82.22775561141444,Baseload
2023-03-26,WHITSF1,-21.33548247625648,Baseload
2023-04-02,WHITSF1,2.3330357173270215,Baseload
2023-04-09,WHITSF1,-16.109983115754673,Baseload
2023-04-16,WHITSF1,-46.75057675840131,Baseload
2023-04-23,WHITSF1,-43.61935956583913,Baseload
2023-04-30,WHITSF1,-48.26231012687542,Baseload
2023-05-07,WHITSF1,-55.014108603629765,Baseload
2023-05-14,WHITSF1,-62.272322129157885,Baseload
2023-05-21,WHITSF1,-63.13139711254017,Baseload
2023-05-28,WHITSF1,-160.82995115254215,Baseload
2023-06-04,WHITSF1,-84.36865014123663,Baseload
2023-06-11,WHITSF1,-29.185056160567065,Baseload
2023-06-18,WHITSF1,-56.69984357327519,Baseload
2023-06-25,WHITSF1,-64.60761633641181,Baseload
2023-07-02,WHITSF1,-22.76130140030878,Baseload
2023-07-09,WHITSF1,-17.59768503256379,Baseload
2023-07-16,WHITSF1,-24.42812477287103,Baseload
2023-07-23,WHITSF1,-25.528438679410037,Baseload
2023-07-30,WHITSF1,-31.667521982391058,Baseload
2023-08-06,WHITSF1,-32.921156849285545,Baseload
2023-08-13,WHITSF1,-18.724383150491,Baseload
2023-08-20,WHITSF1,-24.255689067087943,Baseload
2023-08-27,WHITSF1,-10.767912156556598,Baseload
2023-09-03,WHITSF1,-17.386859992577442,Baseload
2023-09-10,WHITSF1,-35.0118040567887,Baseload
2023-09-17,WHITSF1,-7.821345370539603,Baseload
2023-09-24,WHITSF1,-0.5694561822539441,Baseload
2023-10-01,WHITSF1,16.00783700623235,Baseload
2023-10-08,WHITSF1,-5.287518961351907,Baseload
2023-10-15,WHITSF1,-13.937131082162322,Baseload
2023-10-22,WHITSF1,-17.958684731637614,Baseload
2023-10-29,WHITSF1,-3.8334157498373855,Baseload
2023-11-05,WHITSF1,-4.643799514640783,Baseload
2023-11-12,WHITSF1,-25.974520793629004,Baseload
2023-11-19,WHITSF1,1.3175598599277265,Baseload
2023-11-26,WHITSF1,-16.302648381660227,Baseload
2023-12-03,WHITSF1,-5.26428271035838,Baseload
2023-12-10,WHITSF1,-21.950449481187334,Baseload
2023-12-17,WHITSF1,-17.013676666794055,Baseload
2023-12-24,WHITSF1,-18.9157579633289,Baseload
2023-12-31,WHITSF1,-68.54803102009926,Baseload
2024-01-07,WHITSF1,-15.208645600905534,Baseload
2024-01-14,WHITSF1,-30.874479898442004,Baseload
2024-01-21,WHITSF1,-153.42924983005395,Baseload
2024-01-28,WHITSF1,-73.81556658011863,Baseload
2024-02-04,WHITSF1,-59.614471416197674,Baseload
2024-02-11,WHITSF1,-42.10644065218408,Baseload
2024-02-18,WHITSF1,-34.22130418300981,Baseload
2024-02-25,WHITSF1,-65.20683365536235,Baseload
2024-03-03,WHITSF1,-113.07700463847226,Baseload
2024-03-10,WHITSF1,-33.61935668299449,Baseload
2024-03-17,WHITSF1,-36.53775149376508,Baseload
2024-03-24,WHITSF1,-25.677656752042125,Baseload
2024-03-31,WHITSF1,-33.669395815102064,Baseload
2024-04-07,WHITSF1,-31.620817031496536,Baseload
2024-04-14,WHITSF1,-45.55994654981589,Baseload
2024-04-21,WHITSF1,-48.29692524296474,Baseload
2024-04-28,WHITSF1,-55.26359876623302,Baseload
2024-05-05,WHITSF1,-55.800809799913665,Baseload
2024-05-12,WHITSF1,-68.47963859233278,Baseload
2024-05-19,WHITSF1,-33.727321004949,Baseload
2024-05-26,WHITSF1,-83.19422359486305,Baseload
2024-06-02,WHITSF1,-45.29387552106971,Baseload
2024-06-09,WHITSF1,-64.79918821615448,Baseload
2024-06-16,WHITSF1,-68.1525510526686,Baseload
2024-06-23,WHITSF1,-118.072073793333,Baseload
2024-06-30,WHITSF1,-52.019012790925274,Baseload
2024-07-07,WHITSF1,-48.186201997862014,Baseload
2024-07-14,WHITSF1,-52.944265272820886,Baseload
2024-07-21,WHITSF1,-46.508601502032676,Baseload
2024-07-28,WHITSF1,-52.53139543273434,Baseload
2024-08-04,WHITSF1,-150.91558498443158,Baseload
2024-08-11,WHITSF1,-173.301114762569,Baseload
2024-08-18,WHITSF1,-36.116146432778066,Baseload
2024-08-25,WHITSF1,-42.77638625658921,Baseload
2024-09-01,WHITSF1,-43.51339758742926,Baseload
2024-09-08,WHITSF1,-19.861983507425478,Baseload
2024-09-15,WHITSF1,-23.691554024945784,Baseload
2024-09-22,WHITSF1,,Baseload
2024-09-29,WHITSF1,-51.606809540799006,Baseload
2024-10-06,WHITSF1,-41.44619238421332,Baseload
2024-10-13,WHITSF1,-36.15113868423288,Baseload
2024-10-20,WHITSF1,-12.029709638876206,Baseload
2024-10-27,WHITSF1,-39.29619428445849,Baseload
2024-11-03,WHITSF1,-14.088576414090234,Baseload
2024-11-10,WHITSF1,-217.81974527263992,Baseload
2024-11-17,WHITSF1,-53.03743037739662,Baseload
2024-11-24,WHITSF1,-72.46547546373743,Baseload
2024-12-01,WHITSF1,-48.09710382985948,Baseload
2024-12-08,WHITSF1,-108.23948949761272,Baseload
2024-12-15,WHITSF1,-81.1197393588092,Baseload
2024-12-22,WHITSF1,-34.313657089885,Baseload
2024-12-29,WHITSF1,-24.850908207682412,Baseload
2025-01-05,WHITSF1,-39.60498788434143,Baseload
