Period,DUID,Delta,Contract
2020-01-31,CHILDSF1,3.6283171552331197,Ex-post DWA
2020-02-29,CHILDSF1,1.9857938839484675,Ex-post DWA
2020-03-31,CHILDSF1,-1.9093385353404955,Ex-post DWA
2020-04-30,CHILDSF1,-1.4897015410946928,Ex-post DWA
2020-05-31,CHILDSF1,1.3846828429051286,Ex-post DWA
2020-06-30,CHILDSF1,5.2043851318906995,Ex-post DWA
2020-07-31,CHILDSF1,-0.9720251265613378,Ex-post DWA
2020-08-31,CHILDSF1,-2.8415697498461014,Ex-post DWA
2020-09-30,CHILDSF1,-4.789243035967046,Ex-post DWA
2020-10-31,CHILDSF1,-5.296849895439166,Ex-post DWA
2020-11-30,CHILDSF1,3.002972234155912,Ex-post DWA
2020-12-31,CHILDSF1,0.4515670107033998,Ex-post DWA
2021-01-31,CHILDSF1,0.43051734942212505,Ex-post DWA
2021-02-28,CHILDSF1,1.1140174685806485,Ex-post DWA
2021-03-31,CHILDSF1,-1.2380744904010577,Ex-post DWA
2021-04-30,CHILDSF1,-2.5176724408421904,Ex-post DWA
2021-05-31,CHILDSF1,2.691857773007591,Ex-post DWA
2021-06-30,CHILDSF1,6.846766181282973,Ex-post DWA
2021-07-31,CHILDSF1,-6.119693843515208,Ex-post DWA
2021-08-31,CHILDSF1,-4.269431147532352,Ex-post DWA
2021-09-30,CHILDSF1,-6.56237321116177,Ex-post DWA
2021-10-31,CHILDSF1,-4.555318624357312,Ex-post DWA
2021-11-30,CHILDSF1,-13.57350307832499,Ex-post DWA
2021-12-31,CHILDSF1,-3.9185129053277308,Ex-post DWA
2022-01-31,CHILDSF1,-9.038911057030177,Ex-post DWA
2022-02-28,CHILDSF1,-28.076415404842592,Ex-post DWA
2022-03-31,CHILDSF1,-9.62956145231162,Ex-post DWA
2022-04-30,CHILDSF1,-7.930842161954217,Ex-post DWA
2022-05-31,CHILDSF1,-20.39926971921915,Ex-post DWA
2022-06-30,CHILDSF1,3.3048292256839034,Ex-post DWA
2022-07-31,CHILDSF1,-29.811537733982902,Ex-post DWA
2022-08-31,CHILDSF1,-5.035539475817387,Ex-post DWA
2022-09-30,CHILDSF1,-15.685747815840294,Ex-post DWA
2022-10-31,CHILDSF1,-9.878577573006638,Ex-post DWA
2022-11-30,CHILDSF1,-8.488003949151803,Ex-post DWA
2022-12-31,CHILDSF1,-7.508202102805832,Ex-post DWA
2023-01-31,CHILDSF1,-2.593302322298605,Ex-post DWA
2023-02-28,CHILDSF1,-3.846992028039608,Ex-post DWA
2023-03-31,CHILDSF1,-2.9366014790306423,Ex-post DWA
2023-04-30,CHILDSF1,-3.917647192942667,Ex-post DWA
2023-05-31,CHILDSF1,-6.729519808591348,Ex-post DWA
2023-06-30,CHILDSF1,-3.6070031755551,Ex-post DWA
2023-07-31,CHILDSF1,-4.828607757759892,Ex-post DWA
2023-08-31,CHILDSF1,-9.211940914158987,Ex-post DWA
2023-09-30,CHILDSF1,-9.65499674916919,Ex-post DWA
2023-10-31,CHILDSF1,-9.255627149187635,Ex-post DWA
2023-11-30,CHILDSF1,-8.252120864683896,Ex-post DWA
2023-12-31,CHILDSF1,-4.771235654657303,Ex-post DWA
2024-01-31,CHILDSF1,-1.7318489457575907,Ex-post DWA
2024-02-29,CHILDSF1,-0.42216903786059135,Ex-post DWA
2024-03-31,CHILDSF1,-3.014305566115155,Ex-post DWA
2024-04-30,CHILDSF1,-8.660349906402974,Ex-post DWA
2024-05-31,CHILDSF1,-7.371123943795428,Ex-post DWA
2024-06-30,CHILDSF1,-7.0444248747583345,Ex-post DWA
2024-07-31,CHILDSF1,-2.080592655233829,Ex-post DWA
2024-08-31,CHILDSF1,-3.234005019486627,Ex-post DWA
2024-09-30,CHILDSF1,-3.4510442986826373,Ex-post DWA
2024-10-31,CHILDSF1,2.110360453920859,Ex-post DWA
2024-11-30,CHILDSF1,6.643552034902683,Ex-post DWA
2024-12-31,CHILDSF1,-4.708710267467275,Ex-post DWA
2020-01-31,CLARESF1,-3.454910375810556,Ex-post DWA
2020-02-29,CLARESF1,-0.23755734278758922,Ex-post DWA
2020-03-31,CLARESF1,-0.5566048666267491,Ex-post DWA
2020-04-30,CLARESF1,-0.010410720786087069,Ex-post DWA
2020-05-31,CLARESF1,3.110069117879128,Ex-post DWA
2020-06-30,CLARESF1,-1.5323614196016955,Ex-post DWA
2020-07-31,CLARESF1,0.029423886202224026,Ex-post DWA
2020-08-31,CLARESF1,-0.276880731215952,Ex-post DWA
2020-09-30,CLARESF1,1.7583063533161134,Ex-post DWA
2020-10-31,CLARESF1,0.35016384794109,Ex-post DWA
2020-11-30,CLARESF1,-0.7909210307925676,Ex-post DWA
2020-12-31,CLARESF1,3.3692846868589754,Ex-post DWA
2021-01-31,CLARESF1,-2.023551384663463,Ex-post DWA
2021-02-28,CLARESF1,-0.8009652060307602,Ex-post DWA
2021-03-31,CLARESF1,-0.5197023146510134,Ex-post DWA
2021-04-30,CLARESF1,-4.648812746231293,Ex-post DWA
2021-05-31,CLARESF1,-13.736056058521903,Ex-post DWA
2021-06-30,CLARESF1,3.4072188504326135,Ex-post DWA
2021-07-31,CLARESF1,7.226580933208687,Ex-post DWA
2021-08-31,CLARESF1,7.602060957562642,Ex-post DWA
2021-09-30,CLARESF1,20.891749286277545,Ex-post DWA
2021-10-31,CLARESF1,14.074351883972085,Ex-post DWA
2021-11-30,CLARESF1,2.4304218355439957,Ex-post DWA
2021-12-31,CLARESF1,3.098100712198857,Ex-post DWA
2022-01-31,CLARESF1,12.281942467795034,Ex-post DWA
2022-02-28,CLARESF1,36.844055572412515,Ex-post DWA
2022-03-31,CLARESF1,8.676478955770875,Ex-post DWA
2022-04-30,CLARESF1,8.642562415002232,Ex-post DWA
2022-05-31,CLARESF1,13.770809845966056,Ex-post DWA
2022-06-30,CLARESF1,7.78934211386354,Ex-post DWA
2022-07-31,CLARESF1,8.62864323116358,Ex-post DWA
2022-08-31,CLARESF1,29.871201308411003,Ex-post DWA
2022-09-30,CLARESF1,34.08651611256191,Ex-post DWA
2022-10-31,CLARESF1,22.361678877791405,Ex-post DWA
2022-11-30,CLARESF1,16.400796795963856,Ex-post DWA
2022-12-31,CLARESF1,19.125294216469396,Ex-post DWA
2023-01-31,CLARESF1,12.572914289511452,Ex-post DWA
2023-02-28,CLARESF1,11.476073647403453,Ex-post DWA
2023-03-31,CLARESF1,18.802796276675124,Ex-post DWA
2023-04-30,CLARESF1,24.110158748485006,Ex-post DWA
2023-05-31,CLARESF1,21.659105487862192,Ex-post DWA
2023-06-30,CLARESF1,19.538382484766508,Ex-post DWA
2023-07-31,CLARESF1,30.99938275509076,Ex-post DWA
2023-08-31,CLARESF1,39.2887546093013,Ex-post DWA
2023-09-30,CLARESF1,42.26455602011299,Ex-post DWA
2023-10-31,CLARESF1,38.96665782020906,Ex-post DWA
2023-11-30,CLARESF1,32.68308406927098,Ex-post DWA
2023-12-31,CLARESF1,25.48166071130641,Ex-post DWA
2024-01-31,CLARESF1,13.040282273203161,Ex-post DWA
2024-02-29,CLARESF1,-0.37707881504390883,Ex-post DWA
2024-03-31,CLARESF1,1.395224815082706,Ex-post DWA
2024-04-30,CLARESF1,-2.64619960964529,Ex-post DWA
2024-05-31,CLARESF1,5.609855107030501,Ex-post DWA
2024-06-30,CLARESF1,5.338153922340588,Ex-post DWA
2024-07-31,CLARESF1,5.4090719333629735,Ex-post DWA
2024-08-31,CLARESF1,14.372310658074078,Ex-post DWA
2024-09-30,CLARESF1,6.714228044699439,Ex-post DWA
2024-10-31,CLARESF1,1.2349634511379202,Ex-post DWA
2024-11-30,CLARESF1,9.557695770381514,Ex-post DWA
2024-12-31,CLARESF1,33.571546516110025,Ex-post DWA
2020-01-31,CLERMSF1,2.209022452636077,Ex-post DWA
2020-02-29,CLERMSF1,0.9902726494193246,Ex-post DWA
2020-03-31,CLERMSF1,-0.6425688855409248,Ex-post DWA
2020-04-30,CLERMSF1,0.5762346263134361,Ex-post DWA
2020-05-31,CLERMSF1,-4.076026147749696,Ex-post DWA
2020-06-30,CLERMSF1,1.443435496132409,Ex-post DWA
2020-07-31,CLERMSF1,0.6588252657397611,Ex-post DWA
2020-08-31,CLERMSF1,4.385934024967913,Ex-post DWA
2020-09-30,CLERMSF1,3.1959041824544183,Ex-post DWA
2020-10-31,CLERMSF1,1.402300648130943,Ex-post DWA
2020-11-30,CLERMSF1,-0.3111510912589779,Ex-post DWA
2020-12-31,CLERMSF1,4.421581705571803,Ex-post DWA
2021-01-31,CLERMSF1,-0.15572484640537,Ex-post DWA
2021-02-28,CLERMSF1,0.25286718950872,Ex-post DWA
2021-03-31,CLERMSF1,0.8510774169153237,Ex-post DWA
2021-04-30,CLERMSF1,-0.6741732000700154,Ex-post DWA
2021-05-31,CLERMSF1,21.55262620491346,Ex-post DWA
2021-06-30,CLERMSF1,12.128225158880412,Ex-post DWA
2021-07-31,CLERMSF1,-0.06616260491313852,Ex-post DWA
2021-08-31,CLERMSF1,2.914373389822721,Ex-post DWA
2021-09-30,CLERMSF1,4.564116383826931,Ex-post DWA
2021-10-31,CLERMSF1,9.775917449945126,Ex-post DWA
2021-11-30,CLERMSF1,0.4021611473443869,Ex-post DWA
2021-12-31,CLERMSF1,1.386887570940246,Ex-post DWA
2022-01-31,CLERMSF1,-3.447428331571885,Ex-post DWA
2022-02-28,CLERMSF1,-14.318904568135437,Ex-post DWA
2022-03-31,CLERMSF1,2.2144291471679054,Ex-post DWA
2022-04-30,CLERMSF1,4.098687455328616,Ex-post DWA
2022-05-31,CLERMSF1,3.884087237960216,Ex-post DWA
2022-06-30,CLERMSF1,10.166455230032852,Ex-post DWA
2022-07-31,CLERMSF1,40.525679623156066,Ex-post DWA
2022-08-31,CLERMSF1,5.983755929475407,Ex-post DWA
2022-09-30,CLERMSF1,0.15203203565721424,Ex-post DWA
2022-10-31,CLERMSF1,0.02686168683591461,Ex-post DWA
2022-11-30,CLERMSF1,-5.609538490751611,Ex-post DWA
2022-12-31,CLERMSF1,-1.3748827900790452,Ex-post DWA
2023-01-31,CLERMSF1,-1.492537203287327,Ex-post DWA
2023-02-28,CLERMSF1,1.986166720669985,Ex-post DWA
2023-03-31,CLERMSF1,3.084593061836344,Ex-post DWA
2023-04-30,CLERMSF1,-0.7072973082901797,Ex-post DWA
2023-05-31,CLERMSF1,3.2879342409043915,Ex-post DWA
2023-06-30,CLERMSF1,0.7925795397098057,Ex-post DWA
2023-07-31,CLERMSF1,-1.4294413681912381,Ex-post DWA
2023-08-31,CLERMSF1,-1.7922551815388073,Ex-post DWA
2023-09-30,CLERMSF1,-2.2391333386054777,Ex-post DWA
2023-10-31,CLERMSF1,-7.717154980485301,Ex-post DWA
2023-11-30,CLERMSF1,-1.7577061285766042,Ex-post DWA
2023-12-31,CLERMSF1,-1.043909942152922,Ex-post DWA
2024-01-31,CLERMSF1,4.147753262828687,Ex-post DWA
2024-02-29,CLERMSF1,2.425659150988743,Ex-post DWA
2024-03-31,CLERMSF1,1.6703494168944886,Ex-post DWA
2024-04-30,CLERMSF1,-2.1390837672735223,Ex-post DWA
2024-05-31,CLERMSF1,-4.78927717166966,Ex-post DWA
2024-06-30,CLERMSF1,0.050661502833008853,Ex-post DWA
2024-07-31,CLERMSF1,-0.549150563288201,Ex-post DWA
2024-08-31,CLERMSF1,-5.148746795067158,Ex-post DWA
2024-09-30,CLERMSF1,-3.1916396695914724,Ex-post DWA
2024-10-31,CLERMSF1,-6.759764463854289,Ex-post DWA
2024-11-30,CLERMSF1,-4.985759958245346,Ex-post DWA
2024-12-31,CLERMSF1,-0.7403392684076948,Ex-post DWA
2020-01-31,CSPVPS1,-2.346793757445681,Ex-post DWA
2020-02-29,CSPVPS1,-0.41775788097062616,Ex-post DWA
2020-03-31,CSPVPS1,0.07024643878296644,Ex-post DWA
2020-04-30,CSPVPS1,-0.7261742983522801,Ex-post DWA
2020-05-31,CSPVPS1,-2.389035940484778,Ex-post DWA
2020-06-30,CSPVPS1,-2.074585754875752,Ex-post DWA
2020-07-31,CSPVPS1,-1.0447651640202302,Ex-post DWA
2020-08-31,CSPVPS1,-4.552360235400611,Ex-post DWA
2020-09-30,CSPVPS1,-4.792843049931081,Ex-post DWA
2020-10-31,CSPVPS1,-2.326110311424028,Ex-post DWA
2020-11-30,CSPVPS1,-0.4195977910947093,Ex-post DWA
2020-12-31,CSPVPS1,1.233924982897527,Ex-post DWA
2021-01-31,CSPVPS1,-1.2846273881011285,Ex-post DWA
2021-02-28,CSPVPS1,-0.0466762350213088,Ex-post DWA
2021-03-31,CSPVPS1,-0.943493559939725,Ex-post DWA
2021-04-30,CSPVPS1,-8.106356698235373,Ex-post DWA
2021-05-31,CSPVPS1,-12.998845162419727,Ex-post DWA
2021-06-30,CSPVPS1,-4.3697553780580165,Ex-post DWA
2021-07-31,CSPVPS1,-2.047962901228793,Ex-post DWA
2021-08-31,CSPVPS1,-7.122321208730476,Ex-post DWA
2021-09-30,CSPVPS1,-9.64208550066591,Ex-post DWA
2021-10-31,CSPVPS1,-17.337413526496885,Ex-post DWA
2021-11-30,CSPVPS1,-13.327666481970013,Ex-post DWA
2021-12-31,CSPVPS1,-4.408777870695857,Ex-post DWA
2022-01-31,CSPVPS1,-3.016204540560338,Ex-post DWA
2022-02-28,CSPVPS1,-8.992145886047354,Ex-post DWA
2022-03-31,CSPVPS1,-4.578446296422129,Ex-post DWA
2022-04-30,CSPVPS1,-10.795006712111615,Ex-post DWA
2022-05-31,CSPVPS1,-4.698053281636675,Ex-post DWA
2022-06-30,CSPVPS1,-17.160054785115534,Ex-post DWA
2022-07-31,CSPVPS1,-19.844664973367003,Ex-post DWA
2022-08-31,CSPVPS1,-14.768021448950108,Ex-post DWA
2022-09-30,CSPVPS1,-13.875723784541336,Ex-post DWA
2022-10-31,CSPVPS1,-1.780053507743716,Ex-post DWA
2022-11-30,CSPVPS1,-7.6966167460339605,Ex-post DWA
2022-12-31,CSPVPS1,-5.6862409193158285,Ex-post DWA
2023-01-31,CSPVPS1,-0.9023100268981139,Ex-post DWA
2023-02-28,CSPVPS1,-1.1662121975236062,Ex-post DWA
2023-03-31,CSPVPS1,-2.9495096387368562,Ex-post DWA
2023-04-30,CSPVPS1,-9.970749422270075,Ex-post DWA
2023-05-31,CSPVPS1,-6.140356021510293,Ex-post DWA
2023-06-30,CSPVPS1,-3.671790515877113,Ex-post DWA
2023-07-31,CSPVPS1,-6.24252792458606,Ex-post DWA
2023-08-31,CSPVPS1,-8.615077124391055,Ex-post DWA
2023-09-30,CSPVPS1,-12.819938465370615,Ex-post DWA
2023-10-31,CSPVPS1,-12.554059744194255,Ex-post DWA
2023-11-30,CSPVPS1,-4.292404037519784,Ex-post DWA
2023-12-31,CSPVPS1,-9.678386713171761,Ex-post DWA
2024-01-31,CSPVPS1,4.511614267838027,Ex-post DWA
2024-02-29,CSPVPS1,-9.609370009271245,Ex-post DWA
2024-03-31,CSPVPS1,1.012134484282491,Ex-post DWA
2024-04-30,CSPVPS1,-2.833590801844686,Ex-post DWA
2024-05-31,CSPVPS1,-8.248010664172128,Ex-post DWA
2024-06-30,CSPVPS1,-12.036349752433274,Ex-post DWA
2024-07-31,CSPVPS1,-5.974043723265236,Ex-post DWA
2024-08-31,CSPVPS1,-11.765227759521212,Ex-post DWA
2024-09-30,CSPVPS1,-10.040292953918913,Ex-post DWA
2024-10-31,CSPVPS1,-11.624211120556815,Ex-post DWA
2024-11-30,CSPVPS1,-8.662436686323758,Ex-post DWA
2024-12-31,CSPVPS1,-13.108214899198266,Ex-post DWA
2020-01-31,DAYDSF1,-2.6908297634183356,Ex-post DWA
2020-02-29,DAYDSF1,-0.48884733005007774,Ex-post DWA
2020-03-31,DAYDSF1,-0.18133510087772464,Ex-post DWA
2020-04-30,DAYDSF1,0.040852904228028564,Ex-post DWA
2020-05-31,DAYDSF1,1.2888449268264637,Ex-post DWA
2020-06-30,DAYDSF1,-0.7774656023846624,Ex-post DWA
2020-07-31,DAYDSF1,1.7013249814357252,Ex-post DWA
2020-08-31,DAYDSF1,-0.04687024388415573,Ex-post DWA
2020-09-30,DAYDSF1,-0.6802706512147072,Ex-post DWA
2020-10-31,DAYDSF1,-1.418586146553153,Ex-post DWA
2020-11-30,DAYDSF1,-1.379257686537251,Ex-post DWA
2020-12-31,DAYDSF1,-0.8216732916499367,Ex-post DWA
2021-01-31,DAYDSF1,-2.5993106616962223,Ex-post DWA
2021-02-28,DAYDSF1,-0.8104207999447439,Ex-post DWA
2021-03-31,DAYDSF1,2.3683307032897716,Ex-post DWA
2021-04-30,DAYDSF1,-2.9193702433385624,Ex-post DWA
2021-05-31,DAYDSF1,-3.6229473362134996,Ex-post DWA
2021-06-30,DAYDSF1,-6.813581347154653,Ex-post DWA
2021-07-31,DAYDSF1,0.658053382174046,Ex-post DWA
2021-08-31,DAYDSF1,-1.8074820990855969,Ex-post DWA
2021-09-30,DAYDSF1,-5.128503604416871,Ex-post DWA
2021-10-31,DAYDSF1,-5.324266191265423,Ex-post DWA
2021-11-30,DAYDSF1,8.235202894399208,Ex-post DWA
2021-12-31,DAYDSF1,-5.780642940571056,Ex-post DWA
2022-01-31,DAYDSF1,-7.1504822903983865,Ex-post DWA
2022-02-28,DAYDSF1,3.5453047935024244,Ex-post DWA
2022-03-31,DAYDSF1,-2.604092017282042,Ex-post DWA
2022-04-30,DAYDSF1,-7.107603086148515,Ex-post DWA
2022-05-31,DAYDSF1,2.118195272055516,Ex-post DWA
2022-06-30,DAYDSF1,10.085961170872821,Ex-post DWA
2022-07-31,DAYDSF1,-1.4280373999563096,Ex-post DWA
2022-08-31,DAYDSF1,3.7526783890288016,Ex-post DWA
2022-09-30,DAYDSF1,-2.2682943260315085,Ex-post DWA
2022-10-31,DAYDSF1,-3.4106835887258313,Ex-post DWA
2022-11-30,DAYDSF1,-3.084020144067459,Ex-post DWA
2022-12-31,DAYDSF1,-0.46710412070861196,Ex-post DWA
2023-01-31,DAYDSF1,-1.372503213032374,Ex-post DWA
2023-02-28,DAYDSF1,0.25435497497171866,Ex-post DWA
2023-03-31,DAYDSF1,-1.6298386171926182,Ex-post DWA
2023-04-30,DAYDSF1,-0.22374957393014228,Ex-post DWA
2023-05-31,DAYDSF1,2.5805101264447146,Ex-post DWA
2023-06-30,DAYDSF1,2.4691841357634488,Ex-post DWA
2023-07-31,DAYDSF1,-2.1222137123509803,Ex-post DWA
2023-08-31,DAYDSF1,-0.8565211560218546,Ex-post DWA
2023-09-30,DAYDSF1,-7.427827653678553,Ex-post DWA
2023-10-31,DAYDSF1,-7.507221718618588,Ex-post DWA
2023-11-30,DAYDSF1,2.688161602299026,Ex-post DWA
2023-12-31,DAYDSF1,-6.671449695584322,Ex-post DWA
2024-01-31,DAYDSF1,16.023227378452702,Ex-post DWA
2024-02-29,DAYDSF1,-9.12428316726146,Ex-post DWA
2024-03-31,DAYDSF1,-0.03972506941666154,Ex-post DWA
2024-04-30,DAYDSF1,-1.8200075676155514,Ex-post DWA
2024-05-31,DAYDSF1,-5.777255826449867,Ex-post DWA
2024-06-30,DAYDSF1,2.0051396103345382,Ex-post DWA
2024-07-31,DAYDSF1,0.22925038555531785,Ex-post DWA
2024-08-31,DAYDSF1,0.5737867628811557,Ex-post DWA
2024-09-30,DAYDSF1,-2.3861684068470677,Ex-post DWA
2024-10-31,DAYDSF1,-0.5807698028352029,Ex-post DWA
2024-11-30,DAYDSF1,6.75425793000025,Ex-post DWA
2024-12-31,DAYDSF1,-1.3162184830835102,Ex-post DWA
2020-01-31,DDSF1,-1.7047944812749591,Ex-post DWA
2020-02-29,DDSF1,0.9425108467867034,Ex-post DWA
2020-03-31,DDSF1,-1.3223497850420358,Ex-post DWA
2020-04-30,DDSF1,-1.944707273471657,Ex-post DWA
2020-05-31,DDSF1,-3.4794052762630603,Ex-post DWA
2020-06-30,DDSF1,-2.441369240912042,Ex-post DWA
2020-07-31,DDSF1,-1.9782726626376181,Ex-post DWA
2020-08-31,DDSF1,-5.5148325022441425,Ex-post DWA
2020-09-30,DDSF1,-4.7960590325252275,Ex-post DWA
2020-10-31,DDSF1,-1.8766657493676249,Ex-post DWA
2020-11-30,DDSF1,-3.4870105641536924,Ex-post DWA
2020-12-31,DDSF1,-2.795076928350319,Ex-post DWA
2021-01-31,DDSF1,0.9512408987938983,Ex-post DWA
2021-02-28,DDSF1,0.5893548915567521,Ex-post DWA
2021-03-31,DDSF1,-2.87053648302825,Ex-post DWA
2021-04-30,DDSF1,-1.1644340608198576,Ex-post DWA
2021-05-31,DDSF1,-0.21328329881303176,Ex-post DWA
2021-06-30,DDSF1,-18.328426884718837,Ex-post DWA
2021-07-31,DDSF1,-15.202562578649712,Ex-post DWA
2021-08-31,DDSF1,-7.476715136807755,Ex-post DWA
2021-09-30,DDSF1,-16.824690186172884,Ex-post DWA
2021-10-31,DDSF1,-17.939037645618356,Ex-post DWA
2021-11-30,DDSF1,-24.94773534189389,Ex-post DWA
2021-12-31,DDSF1,-8.149792752046139,Ex-post DWA
2022-01-31,DDSF1,-3.616575463473964,Ex-post DWA
2022-02-28,DDSF1,-27.751976384657056,Ex-post DWA
2022-03-31,DDSF1,-11.218156101951308,Ex-post DWA
2022-04-30,DDSF1,-5.864136075286552,Ex-post DWA
2022-05-31,DDSF1,-28.132063268890505,Ex-post DWA
2022-06-30,DDSF1,-18.481477390636513,Ex-post DWA
2022-07-31,DDSF1,-30.28885169127247,Ex-post DWA
2022-08-31,DDSF1,-19.867780627880975,Ex-post DWA
2022-09-30,DDSF1,-21.661249468771175,Ex-post DWA
2022-10-31,DDSF1,-16.374492718303372,Ex-post DWA
2022-11-30,DDSF1,-15.138474894207363,Ex-post DWA
2022-12-31,DDSF1,-11.634022980103744,Ex-post DWA
2023-01-31,DDSF1,-7.322912697253443,Ex-post DWA
2023-02-28,DDSF1,-6.7166768664256935,Ex-post DWA
2023-03-31,DDSF1,-16.76382498423633,Ex-post DWA
2023-04-30,DDSF1,-14.131994367453292,Ex-post DWA
2023-05-31,DDSF1,-13.511639369648506,Ex-post DWA
2023-06-30,DDSF1,-10.245884306212218,Ex-post DWA
2023-07-31,DDSF1,-11.962455046513021,Ex-post DWA
2023-08-31,DDSF1,-13.659780237051782,Ex-post DWA
2023-09-30,DDSF1,-14.126815192911678,Ex-post DWA
2023-10-31,DDSF1,-14.366568994488606,Ex-post DWA
2023-11-30,DDSF1,-13.967191215891797,Ex-post DWA
2023-12-31,DDSF1,-16.17486359509644,Ex-post DWA
2024-01-31,DDSF1,-8.836350231116107,Ex-post DWA
2024-02-29,DDSF1,-7.366706511341263,Ex-post DWA
2024-03-31,DDSF1,-6.664054564925799,Ex-post DWA
2024-04-30,DDSF1,-15.57638855138726,Ex-post DWA
2024-05-31,DDSF1,-17.76923571611829,Ex-post DWA
2024-06-30,DDSF1,-17.669507086919783,Ex-post DWA
2024-07-31,DDSF1,-14.418537861540823,Ex-post DWA
2024-08-31,DDSF1,-21.305351575217284,Ex-post DWA
2024-09-30,DDSF1,-16.215925213089598,Ex-post DWA
2024-10-31,DDSF1,-17.48179738078406,Ex-post DWA
2024-11-30,DDSF1,-24.7826626232631,Ex-post DWA
2024-12-31,DDSF1,-17.564322703577076,Ex-post DWA
2020-01-31,EMERASF1,5.5660009986519725,Ex-post DWA
2020-02-29,EMERASF1,0.2574101964256812,Ex-post DWA
2020-03-31,EMERASF1,0.8386870430243221,Ex-post DWA
2020-04-30,EMERASF1,1.0966524426346567,Ex-post DWA
2020-05-31,EMERASF1,5.637310323495242,Ex-post DWA
2020-06-30,EMERASF1,2.94303432533059,Ex-post DWA
2020-07-31,EMERASF1,1.4831517037121351,Ex-post DWA
2020-08-31,EMERASF1,9.393008632702152,Ex-post DWA
2020-09-30,EMERASF1,7.149705956703718,Ex-post DWA
2020-10-31,EMERASF1,3.9179430271231546,Ex-post DWA
2020-11-30,EMERASF1,1.889052291559878,Ex-post DWA
2020-12-31,EMERASF1,3.669449775935618,Ex-post DWA
2021-01-31,EMERASF1,0.3410570081103472,Ex-post DWA
2021-02-28,EMERASF1,0.41968464490255997,Ex-post DWA
2021-03-31,EMERASF1,-1.210761700084479,Ex-post DWA
2021-04-30,EMERASF1,8.03495391888653,Ex-post DWA
2021-05-31,EMERASF1,30.232930100596356,Ex-post DWA
2021-06-30,EMERASF1,-8.086583167489692,Ex-post DWA
2021-07-31,EMERASF1,13.572094020449832,Ex-post DWA
2021-08-31,EMERASF1,8.253525306783274,Ex-post DWA
2021-09-30,EMERASF1,28.52370635257074,Ex-post DWA
2021-10-31,EMERASF1,25.692819179709304,Ex-post DWA
2021-11-30,EMERASF1,23.340249712963953,Ex-post DWA
2021-12-31,EMERASF1,8.297133006553736,Ex-post DWA
2022-01-31,EMERASF1,5.152095422008799,Ex-post DWA
2022-02-28,EMERASF1,-10.266980613231269,Ex-post DWA
2022-03-31,EMERASF1,1.1551640896207829,Ex-post DWA
2022-04-30,EMERASF1,11.080473753020385,Ex-post DWA
2022-05-31,EMERASF1,5.515923815132311,Ex-post DWA
2022-06-30,EMERASF1,14.906094257552525,Ex-post DWA
2022-07-31,EMERASF1,34.8059550683833,Ex-post DWA
2022-08-31,EMERASF1,19.580517629241996,Ex-post DWA
2022-09-30,EMERASF1,28.983399696889293,Ex-post DWA
2022-10-31,EMERASF1,7.131174049687829,Ex-post DWA
2022-11-30,EMERASF1,12.260133975167008,Ex-post DWA
2022-12-31,EMERASF1,11.378262869082025,Ex-post DWA
2023-01-31,EMERASF1,8.402069190054796,Ex-post DWA
2023-02-28,EMERASF1,8.730153266170355,Ex-post DWA
2023-03-31,EMERASF1,14.19415408109974,Ex-post DWA
2023-04-30,EMERASF1,17.484011900436876,Ex-post DWA
2023-05-31,EMERASF1,13.803846555539039,Ex-post DWA
2023-06-30,EMERASF1,12.020699899113978,Ex-post DWA
2023-07-31,EMERASF1,19.347553442175904,Ex-post DWA
2023-08-31,EMERASF1,29.48618704605144,Ex-post DWA
2023-09-30,EMERASF1,33.85113473173314,Ex-post DWA
2023-10-31,EMERASF1,32.272080551048404,Ex-post DWA
2023-11-30,EMERASF1,19.452271187837596,Ex-post DWA
2023-12-31,EMERASF1,27.52959265007305,Ex-post DWA
2024-01-31,EMERASF1,15.48147509955821,Ex-post DWA
2024-02-29,EMERASF1,17.6562090673875,Ex-post DWA
2024-03-31,EMERASF1,14.786975951701422,Ex-post DWA
2024-04-30,EMERASF1,20.513974311261272,Ex-post DWA
2024-05-31,EMERASF1,31.273049377650203,Ex-post DWA
2024-06-30,EMERASF1,40.29666549046748,Ex-post DWA
2024-07-31,EMERASF1,-3.6096017818384354,Ex-post DWA
2024-08-31,EMERASF1,-5.2981943807234515,Ex-post DWA
2024-09-30,EMERASF1,-7.92395487928418,Ex-post DWA
2024-10-31,EMERASF1,-8.739036494100656,Ex-post DWA
2024-11-30,EMERASF1,-4.251577829880183,Ex-post DWA
2024-12-31,EMERASF1,-8.095131421163401,Ex-post DWA
2020-01-31,HAMISF1,-1.9172712766816034,Ex-post DWA
2020-02-29,HAMISF1,-1.006207538914765,Ex-post DWA
2020-03-31,HAMISF1,-0.04560736985952474,Ex-post DWA
2020-04-30,HAMISF1,0.01844403809227302,Ex-post DWA
2020-05-31,HAMISF1,-7.316708350820239,Ex-post DWA
2020-06-30,HAMISF1,-1.2886523059865773,Ex-post DWA
2020-07-31,HAMISF1,0.18152362351413487,Ex-post DWA
2020-08-31,HAMISF1,-4.053404925428687,Ex-post DWA
2020-09-30,HAMISF1,-3.7245546160508036,Ex-post DWA
2020-10-31,HAMISF1,-1.485862731574386,Ex-post DWA
2020-11-30,HAMISF1,-0.42395372401782083,Ex-post DWA
2020-12-31,HAMISF1,-0.8745580049286019,Ex-post DWA
2021-01-31,HAMISF1,-1.6409643969435592,Ex-post DWA
2021-02-28,HAMISF1,-0.7126646594141945,Ex-post DWA
2021-03-31,HAMISF1,1.1675061566099814,Ex-post DWA
2021-04-30,HAMISF1,-2.875951917259872,Ex-post DWA
2021-05-31,HAMISF1,-5.9985273849652,Ex-post DWA
2021-06-30,HAMISF1,-1.9859002827085135,Ex-post DWA
2021-07-31,HAMISF1,0.5563012757651435,Ex-post DWA
2021-08-31,HAMISF1,0.8605697392718739,Ex-post DWA
2021-09-30,HAMISF1,3.171869788161107,Ex-post DWA
2021-10-31,HAMISF1,4.799777155928027,Ex-post DWA
2021-11-30,HAMISF1,9.28518382059157,Ex-post DWA
2021-12-31,HAMISF1,-3.231986957866539,Ex-post DWA
2022-01-31,HAMISF1,-6.6669824380272615,Ex-post DWA
2022-02-28,HAMISF1,0.36249264284982985,Ex-post DWA
2022-03-31,HAMISF1,-2.008877429407846,Ex-post DWA
2022-04-30,HAMISF1,-10.679578570897348,Ex-post DWA
2022-05-31,HAMISF1,3.6397139822946087,Ex-post DWA
2022-06-30,HAMISF1,1.6354840328647526,Ex-post DWA
2022-07-31,HAMISF1,-3.8599463591800145,Ex-post DWA
2022-08-31,HAMISF1,3.9640415814005436,Ex-post DWA
2022-09-30,HAMISF1,0.09014725411933,Ex-post DWA
2022-10-31,HAMISF1,-6.881530521957501,Ex-post DWA
2022-11-30,HAMISF1,-6.8052678138556,Ex-post DWA
2022-12-31,HAMISF1,-3.7038093526627307,Ex-post DWA
2023-01-31,HAMISF1,1.4211302492517746,Ex-post DWA
2023-02-28,HAMISF1,1.0807014497135157,Ex-post DWA
2023-03-31,HAMISF1,6.095530727125933,Ex-post DWA
2023-04-30,HAMISF1,-1.0628302136794332,Ex-post DWA
2023-05-31,HAMISF1,-0.8675057873480014,Ex-post DWA
2023-06-30,HAMISF1,0.8762065107928194,Ex-post DWA
2023-07-31,HAMISF1,-1.5119586525311064,Ex-post DWA
2023-08-31,HAMISF1,-1.9472436540002394,Ex-post DWA
2023-09-30,HAMISF1,-7.275670626612746,Ex-post DWA
2023-10-31,HAMISF1,-8.00957445840366,Ex-post DWA
2023-11-30,HAMISF1,1.7741849329543804,Ex-post DWA
2023-12-31,HAMISF1,-6.178072863796359,Ex-post DWA
2024-01-31,HAMISF1,14.698155016736848,Ex-post DWA
2024-02-29,HAMISF1,-10.353477359313587,Ex-post DWA
2024-03-31,HAMISF1,0.9992698464430632,Ex-post DWA
2024-04-30,HAMISF1,-2.278198704662344,Ex-post DWA
2024-05-31,HAMISF1,-1.744350104573634,Ex-post DWA
2024-06-30,HAMISF1,0.23791796000118381,Ex-post DWA
2024-07-31,HAMISF1,1.2274126742406537,Ex-post DWA
2024-08-31,HAMISF1,-0.8682908667562828,Ex-post DWA
2024-09-30,HAMISF1,2.119147664255081,Ex-post DWA
2024-10-31,HAMISF1,0.6498477948646263,Ex-post DWA
2024-11-30,HAMISF1,4.219578330009824,Ex-post DWA
2024-12-31,HAMISF1,-3.629326694473569,Ex-post DWA
2020-01-31,HAUGHT11,3.3666724279200366,Ex-post DWA
2020-02-29,HAUGHT11,0.6238000218300712,Ex-post DWA
2020-03-31,HAUGHT11,1.8865704860113581,Ex-post DWA
2020-04-30,HAUGHT11,0.23731905883496296,Ex-post DWA
2020-05-31,HAUGHT11,-3.0716099680360838,Ex-post DWA
2020-06-30,HAUGHT11,-1.5245149320182563,Ex-post DWA
2020-07-31,HAUGHT11,-9.967036271060525,Ex-post DWA
2020-08-31,HAUGHT11,-0.4974299272458662,Ex-post DWA
2020-09-30,HAUGHT11,1.3280861189490647,Ex-post DWA
2020-10-31,HAUGHT11,5.07625896648554,Ex-post DWA
2020-11-30,HAUGHT11,-2.777063794860595,Ex-post DWA
2020-12-31,HAUGHT11,-1.5816163014274949,Ex-post DWA
2021-01-31,HAUGHT11,-2.798030072220687,Ex-post DWA
2021-02-28,HAUGHT11,-0.676658396311737,Ex-post DWA
2021-03-31,HAUGHT11,1.2127230929439747,Ex-post DWA
2021-04-30,HAUGHT11,-5.184608279110552,Ex-post DWA
2021-05-31,HAUGHT11,-4.9538422702145795,Ex-post DWA
2021-06-30,HAUGHT11,4.72365655891889,Ex-post DWA
2021-07-31,HAUGHT11,1.4926701729963412,Ex-post DWA
2021-08-31,HAUGHT11,1.1207823143794116,Ex-post DWA
2021-09-30,HAUGHT11,-7.871154831284816,Ex-post DWA
2021-10-31,HAUGHT11,-2.8236118238692427,Ex-post DWA
2021-11-30,HAUGHT11,5.435109570793642,Ex-post DWA
2021-12-31,HAUGHT11,1.1736238323856583,Ex-post DWA
2022-01-31,HAUGHT11,13.802170315314484,Ex-post DWA
2022-02-28,HAUGHT11,29.7736555032331,Ex-post DWA
2022-03-31,HAUGHT11,8.17015070763469,Ex-post DWA
2022-04-30,HAUGHT11,9.377329859937248,Ex-post DWA
2022-05-31,HAUGHT11,17.419332070748197,Ex-post DWA
2022-06-30,HAUGHT11,5.273082107058457,Ex-post DWA
2022-07-31,HAUGHT11,7.211216312959863,Ex-post DWA
2022-08-31,HAUGHT11,14.71467480214045,Ex-post DWA
2022-09-30,HAUGHT11,21.17181526776342,Ex-post DWA
2022-10-31,HAUGHT11,10.846797375078324,Ex-post DWA
2022-11-30,HAUGHT11,11.057439402782805,Ex-post DWA
2022-12-31,HAUGHT11,-0.30263825687596935,Ex-post DWA
2023-01-31,HAUGHT11,5.690577165892243,Ex-post DWA
2023-02-28,HAUGHT11,-1.1546810822596925,Ex-post DWA
2023-03-31,HAUGHT11,10.023671351807778,Ex-post DWA
2023-04-30,HAUGHT11,10.325982383290572,Ex-post DWA
2023-05-31,HAUGHT11,7.503884547883118,Ex-post DWA
2023-06-30,HAUGHT11,8.270068703490992,Ex-post DWA
2023-07-31,HAUGHT11,9.925030409694426,Ex-post DWA
2023-08-31,HAUGHT11,16.574352701571094,Ex-post DWA
2023-09-30,HAUGHT11,12.730911355449154,Ex-post DWA
2023-10-31,HAUGHT11,13.982232444364772,Ex-post DWA
2023-11-30,HAUGHT11,9.334393209592477,Ex-post DWA
2023-12-31,HAUGHT11,8.062803372743005,Ex-post DWA
2024-01-31,HAUGHT11,1.7581461719647677,Ex-post DWA
2024-02-29,HAUGHT11,-0.3843845259597387,Ex-post DWA
2024-03-31,HAUGHT11,1.8821814863028692,Ex-post DWA
2024-04-30,HAUGHT11,1.352838604888241,Ex-post DWA
2024-05-31,HAUGHT11,7.339859749063525,Ex-post DWA
2024-06-30,HAUGHT11,10.077762093100482,Ex-post DWA
2024-07-31,HAUGHT11,13.298632375466916,Ex-post DWA
2024-08-31,HAUGHT11,15.146413428123886,Ex-post DWA
2024-09-30,HAUGHT11,11.477693436469275,Ex-post DWA
2024-10-31,HAUGHT11,6.970204169524423,Ex-post DWA
2024-11-30,HAUGHT11,13.328157809068998,Ex-post DWA
2024-12-31,HAUGHT11,-3.923910523533877,Ex-post DWA
2020-01-31,HAYMSF1,-3.2316154514818436,Ex-post DWA
2020-02-29,HAYMSF1,-0.6367520017499615,Ex-post DWA
2020-03-31,HAYMSF1,-0.541782910155348,Ex-post DWA
2020-04-30,HAYMSF1,-0.2824223803277164,Ex-post DWA
2020-05-31,HAYMSF1,-1.1794059337440999,Ex-post DWA
2020-06-30,HAYMSF1,0.38527225381783126,Ex-post DWA
2020-07-31,HAYMSF1,1.378591929804923,Ex-post DWA
2020-08-31,HAYMSF1,3.464495410004929,Ex-post DWA
2020-09-30,HAYMSF1,-0.21722693906897916,Ex-post DWA
2020-10-31,HAYMSF1,-0.003912346507913611,Ex-post DWA
2020-11-30,HAYMSF1,-1.093008253358974,Ex-post DWA
2020-12-31,HAYMSF1,-3.3264246011250407,Ex-post DWA
2021-01-31,HAYMSF1,-2.7396168955114177,Ex-post DWA
2021-02-28,HAYMSF1,-0.9347072549610118,Ex-post DWA
2021-03-31,HAYMSF1,0.8965968299510578,Ex-post DWA
2021-04-30,HAYMSF1,-3.0187434554774377,Ex-post DWA
2021-05-31,HAYMSF1,-4.69767729501762,Ex-post DWA
2021-06-30,HAYMSF1,2.6424262457104817,Ex-post DWA
2021-07-31,HAYMSF1,1.302392466866138,Ex-post DWA
2021-08-31,HAYMSF1,0.6910156908539413,Ex-post DWA
2021-09-30,HAYMSF1,0.4181731125234087,Ex-post DWA
2021-10-31,HAYMSF1,7.991097944614324,Ex-post DWA
2021-11-30,HAYMSF1,4.392500737432954,Ex-post DWA
2021-12-31,HAYMSF1,-5.16066694786268,Ex-post DWA
2022-01-31,HAYMSF1,-6.54743130328707,Ex-post DWA
2022-02-28,HAYMSF1,1.5944667939637185,Ex-post DWA
2022-03-31,HAYMSF1,-2.06307681416547,Ex-post DWA
2022-04-30,HAYMSF1,-9.293698340160716,Ex-post DWA
2022-05-31,HAYMSF1,1.4423157721416544,Ex-post DWA
2022-06-30,HAYMSF1,9.99220224876612,Ex-post DWA
2022-07-31,HAYMSF1,-2.0631022890712245,Ex-post DWA
2022-08-31,HAYMSF1,25.088715546242284,Ex-post DWA
2022-09-30,HAYMSF1,21.521025293729437,Ex-post DWA
2022-10-31,HAYMSF1,10.080194075799326,Ex-post DWA
2022-11-30,HAYMSF1,8.993579314951106,Ex-post DWA
2022-12-31,HAYMSF1,10.264484511526344,Ex-post DWA
2023-01-31,HAYMSF1,6.986591374570047,Ex-post DWA
2023-02-28,HAYMSF1,5.92251232119451,Ex-post DWA
2023-03-31,HAYMSF1,4.97497916295616,Ex-post DWA
2023-04-30,HAYMSF1,10.474388429330524,Ex-post DWA
2023-05-31,HAYMSF1,6.125797129057609,Ex-post DWA
2023-06-30,HAYMSF1,1.505987113919609,Ex-post DWA
2023-07-31,HAYMSF1,5.277318111237584,Ex-post DWA
2023-08-31,HAYMSF1,6.738144234108715,Ex-post DWA
2023-09-30,HAYMSF1,5.168783102851565,Ex-post DWA
2023-10-31,HAYMSF1,4.6136766084486975,Ex-post DWA
2023-11-30,HAYMSF1,2.101986439246069,Ex-post DWA
2023-12-31,HAYMSF1,-5.037942977173458,Ex-post DWA
2024-01-31,HAYMSF1,16.896324176412037,Ex-post DWA
2024-02-29,HAYMSF1,-10.50561474910318,Ex-post DWA
2024-03-31,HAYMSF1,0.5109808127960704,Ex-post DWA
2024-04-30,HAYMSF1,0.8818840559850827,Ex-post DWA
2024-05-31,HAYMSF1,7.216576847440496,Ex-post DWA
2024-06-30,HAYMSF1,8.385247216091294,Ex-post DWA
2024-07-31,HAYMSF1,10.065194172170216,Ex-post DWA
2024-08-31,HAYMSF1,14.96401851606673,Ex-post DWA
2024-09-30,HAYMSF1,18.14186764448264,Ex-post DWA
2024-10-31,HAYMSF1,29.337207319689426,Ex-post DWA
2024-11-30,HAYMSF1,17.827083069526182,Ex-post DWA
2024-12-31,HAYMSF1,5.4742616915270546,Ex-post DWA
2020-01-31,KSP1,-5.1468999363058785,Ex-post DWA
2020-02-29,KSP1,0.20988321398691312,Ex-post DWA
2020-03-31,KSP1,1.4406901564653225,Ex-post DWA
2020-04-30,KSP1,1.414604814586113,Ex-post DWA
2020-05-31,KSP1,0.8715660255674251,Ex-post DWA
2020-06-30,KSP1,2.652733526331815,Ex-post DWA
2020-07-31,KSP1,1.8152710323764651,Ex-post DWA
2020-08-31,KSP1,4.764833132871036,Ex-post DWA
2020-09-30,KSP1,2.948633474877692,Ex-post DWA
2020-10-31,KSP1,2.067122244608967,Ex-post DWA
2020-11-30,KSP1,-0.40999690149516255,Ex-post DWA
2020-12-31,KSP1,2.637138970824786,Ex-post DWA
2021-01-31,KSP1,0.12234663876868979,Ex-post DWA
2021-02-28,KSP1,1.5626479285169594,Ex-post DWA
2021-03-31,KSP1,2.1441298054214144,Ex-post DWA
2021-04-30,KSP1,6.537453072743972,Ex-post DWA
2021-05-31,KSP1,3.306632171132179,Ex-post DWA
2021-06-30,KSP1,28.87845110318257,Ex-post DWA
2021-07-31,KSP1,9.688673573152109,Ex-post DWA
2021-08-31,KSP1,5.663855494727798,Ex-post DWA
2021-09-30,KSP1,11.227070214891839,Ex-post DWA
2021-10-31,KSP1,10.146308181817453,Ex-post DWA
2021-11-30,KSP1,-13.305309449333436,Ex-post DWA
2021-12-31,KSP1,-6.231108344977699,Ex-post DWA
2022-01-31,KSP1,-3.263500505771262,Ex-post DWA
2022-02-28,KSP1,-20.999550132950077,Ex-post DWA
2022-03-31,KSP1,19.17400598567383,Ex-post DWA
2022-04-30,KSP1,14.669924463520005,Ex-post DWA
2022-05-31,KSP1,24.40372923842753,Ex-post DWA
2022-06-30,KSP1,20.52500065503625,Ex-post DWA
2022-07-31,KSP1,77.02869629693402,Ex-post DWA
2022-08-31,KSP1,22.423206275168752,Ex-post DWA
2022-09-30,KSP1,21.65902096889073,Ex-post DWA
2022-10-31,KSP1,9.78424693164989,Ex-post DWA
2022-11-30,KSP1,4.220255800468557,Ex-post DWA
2022-12-31,KSP1,9.583532272832382,Ex-post DWA
2023-01-31,KSP1,10.967050898403151,Ex-post DWA
2023-02-28,KSP1,6.493296038761208,Ex-post DWA
2023-03-31,KSP1,10.461060886937972,Ex-post DWA
2023-04-30,KSP1,11.32141720493378,Ex-post DWA
2023-05-31,KSP1,16.845751867345427,Ex-post DWA
2023-06-30,KSP1,12.956952855994246,Ex-post DWA
2023-07-31,KSP1,8.862751359543072,Ex-post DWA
2023-08-31,KSP1,6.487222685877708,Ex-post DWA
2023-09-30,KSP1,1.1420450666521953,Ex-post DWA
2023-10-31,KSP1,-3.7315670625401243,Ex-post DWA
2023-11-30,KSP1,5.73719624066964,Ex-post DWA
2023-12-31,KSP1,26.596695872103886,Ex-post DWA
2024-01-31,KSP1,21.704504414366582,Ex-post DWA
2024-02-29,KSP1,-0.20553921846122591,Ex-post DWA
2024-03-31,KSP1,7.009518938715139,Ex-post DWA
2024-04-30,KSP1,14.103841107841156,Ex-post DWA
2024-05-31,KSP1,18.893402640540934,Ex-post DWA
2024-06-30,KSP1,19.45920913678733,Ex-post DWA
2024-07-31,KSP1,21.329775216243135,Ex-post DWA
2024-08-31,KSP1,37.85446995121929,Ex-post DWA
2024-09-30,KSP1,24.73568430788059,Ex-post DWA
2024-10-31,KSP1,44.82903047382495,Ex-post DWA
2024-11-30,KSP1,54.28128757983127,Ex-post DWA
2024-12-31,KSP1,27.57688182081713,Ex-post DWA
2020-01-31,LILYSF1,4.804528463990479,Ex-post DWA
2020-02-29,LILYSF1,-0.00440005503144647,Ex-post DWA
2020-03-31,LILYSF1,-0.5473104389162486,Ex-post DWA
2020-04-30,LILYSF1,0.23051150796358044,Ex-post DWA
2020-05-31,LILYSF1,2.45449545379984,Ex-post DWA
2020-06-30,LILYSF1,-0.4403202016056831,Ex-post DWA
2020-07-31,LILYSF1,0.7770980116114323,Ex-post DWA
2020-08-31,LILYSF1,-0.5374246441394579,Ex-post DWA
2020-09-30,LILYSF1,3.549949677130778,Ex-post DWA
2020-10-31,LILYSF1,2.068817241588505,Ex-post DWA
2020-11-30,LILYSF1,4.516672809329201,Ex-post DWA
2020-12-31,LILYSF1,-1.7485344650406347,Ex-post DWA
2021-01-31,LILYSF1,-0.09950840035492803,Ex-post DWA
2021-02-28,LILYSF1,0.31557488895975894,Ex-post DWA
2021-03-31,LILYSF1,-0.3438547983421181,Ex-post DWA
2021-04-30,LILYSF1,10.308262981311415,Ex-post DWA
2021-05-31,LILYSF1,24.045597430997425,Ex-post DWA
2021-06-30,LILYSF1,-4.736728900909114,Ex-post DWA
2021-07-31,LILYSF1,5.996617343976418,Ex-post DWA
2021-08-31,LILYSF1,8.115864323318789,Ex-post DWA
2021-09-30,LILYSF1,23.064446914276587,Ex-post DWA
2021-10-31,LILYSF1,23.00877458717933,Ex-post DWA
2021-11-30,LILYSF1,-3.8440319126190587,Ex-post DWA
2021-12-31,LILYSF1,13.864291026608939,Ex-post DWA
2022-01-31,LILYSF1,4.033534767406607,Ex-post DWA
2022-02-28,LILYSF1,10.05519628268064,Ex-post DWA
2022-03-31,LILYSF1,-0.14270067546331688,Ex-post DWA
2022-04-30,LILYSF1,3.416506979773146,Ex-post DWA
2022-05-31,LILYSF1,1.396134515698975,Ex-post DWA
2022-06-30,LILYSF1,31.798246533988305,Ex-post DWA
2022-07-31,LILYSF1,31.19475510220775,Ex-post DWA
2022-08-31,LILYSF1,31.383720029432794,Ex-post DWA
2022-09-30,LILYSF1,32.48478769025945,Ex-post DWA
2022-10-31,LILYSF1,17.123541537814503,Ex-post DWA
2022-11-30,LILYSF1,14.631454428008894,Ex-post DWA
2022-12-31,LILYSF1,21.458718481668537,Ex-post DWA
2023-01-31,LILYSF1,9.194090232401102,Ex-post DWA
2023-02-28,LILYSF1,7.985958587218967,Ex-post DWA
2023-03-31,LILYSF1,12.535696774331527,Ex-post DWA
2023-04-30,LILYSF1,-3.2376271469117697,Ex-post DWA
2023-05-31,LILYSF1,-0.20726108312925362,Ex-post DWA
2023-06-30,LILYSF1,-1.251973461630925,Ex-post DWA
2023-07-31,LILYSF1,-0.027136439337485996,Ex-post DWA
2023-08-31,LILYSF1,0.556570002745573,Ex-post DWA
2023-09-30,LILYSF1,4.015209993249095,Ex-post DWA
2023-10-31,LILYSF1,3.76234133809165,Ex-post DWA
2023-11-30,LILYSF1,-0.6495329626597197,Ex-post DWA
2023-12-31,LILYSF1,6.130743468960432,Ex-post DWA
2024-01-31,LILYSF1,-2.411907789924655,Ex-post DWA
2024-02-29,LILYSF1,3.878100778163777,Ex-post DWA
2024-03-31,LILYSF1,0.7767414577467449,Ex-post DWA
2024-04-30,LILYSF1,-2.486412332220432,Ex-post DWA
2024-05-31,LILYSF1,2.0955617111538984,Ex-post DWA
2024-06-30,LILYSF1,-2.2185919443557722,Ex-post DWA
2024-07-31,LILYSF1,1.3577646204940876,Ex-post DWA
2024-08-31,LILYSF1,-2.069651337800522,Ex-post DWA
2024-09-30,LILYSF1,13.026367310904362,Ex-post DWA
2024-10-31,LILYSF1,5.076279027069587,Ex-post DWA
2024-11-30,LILYSF1,-2.793115882300775,Ex-post DWA
2024-12-31,LILYSF1,-16.641780065802187,Ex-post DWA
2020-01-31,OAKEY1SF,6.000047897279657,Ex-post DWA
2020-02-29,OAKEY1SF,1.4194161377568477,Ex-post DWA
2020-03-31,OAKEY1SF,0.29225154566361056,Ex-post DWA
2020-04-30,OAKEY1SF,0.9027563832147507,Ex-post DWA
2020-05-31,OAKEY1SF,5.916981294392503,Ex-post DWA
2020-06-30,OAKEY1SF,5.299094492336909,Ex-post DWA
2020-07-31,OAKEY1SF,1.8115399275582114,Ex-post DWA
2020-08-31,OAKEY1SF,8.647834989182137,Ex-post DWA
2020-09-30,OAKEY1SF,8.019542202564596,Ex-post DWA
2020-10-31,OAKEY1SF,6.5123580011635305,Ex-post DWA
2020-11-30,OAKEY1SF,-3.2660038495649175,Ex-post DWA
2020-12-31,OAKEY1SF,-6.950297055982212,Ex-post DWA
2021-01-31,OAKEY1SF,6.0265667716202245,Ex-post DWA
2021-02-28,OAKEY1SF,-0.0862816256468335,Ex-post DWA
2021-03-31,OAKEY1SF,-1.9433422502740356,Ex-post DWA
2021-04-30,OAKEY1SF,7.638839588717246,Ex-post DWA
2021-05-31,OAKEY1SF,6.137639268615175,Ex-post DWA
2021-06-30,OAKEY1SF,-0.28773378879010636,Ex-post DWA
2021-07-31,OAKEY1SF,-1.9431545874895804,Ex-post DWA
2021-08-31,OAKEY1SF,4.22214020872941,Ex-post DWA
2021-09-30,OAKEY1SF,14.384167443858765,Ex-post DWA
2021-10-31,OAKEY1SF,30.32840097127601,Ex-post DWA
2021-11-30,OAKEY1SF,-8.069616367699538,Ex-post DWA
2021-12-31,OAKEY1SF,-1.5197656149120036,Ex-post DWA
2022-01-31,OAKEY1SF,-7.959833012167849,Ex-post DWA
2022-02-28,OAKEY1SF,-5.3538118244434685,Ex-post DWA
2022-03-31,OAKEY1SF,-8.77812021495241,Ex-post DWA
2022-04-30,OAKEY1SF,-1.8415886591090498,Ex-post DWA
2022-05-31,OAKEY1SF,-16.520572294793908,Ex-post DWA
2022-06-30,OAKEY1SF,0.2039555564359148,Ex-post DWA
2022-07-31,OAKEY1SF,-27.428244269428177,Ex-post DWA
2022-08-31,OAKEY1SF,-0.5177580631294987,Ex-post DWA
2022-09-30,OAKEY1SF,3.604286726562961,Ex-post DWA
2022-10-31,OAKEY1SF,4.589137639728591,Ex-post DWA
2022-11-30,OAKEY1SF,4.810557397854147,Ex-post DWA
2022-12-31,OAKEY1SF,10.188673162602054,Ex-post DWA
2023-01-31,OAKEY1SF,1.959715368674182,Ex-post DWA
2023-02-28,OAKEY1SF,3.8534171601554306,Ex-post DWA
2023-03-31,OAKEY1SF,-4.152179333748947,Ex-post DWA
2023-04-30,OAKEY1SF,-1.9435388972947223,Ex-post DWA
2023-05-31,OAKEY1SF,-1.1446243026090244,Ex-post DWA
2023-06-30,OAKEY1SF,8.231319709593265,Ex-post DWA
2023-07-31,OAKEY1SF,19.135022371037994,Ex-post DWA
2023-08-31,OAKEY1SF,25.739304047999767,Ex-post DWA
2023-09-30,OAKEY1SF,27.94789514060306,Ex-post DWA
2023-10-31,OAKEY1SF,16.491640726630756,Ex-post DWA
2023-11-30,OAKEY1SF,0.47153455616505724,Ex-post DWA
2023-12-31,OAKEY1SF,-0.459069162483587,Ex-post DWA
2024-01-31,OAKEY1SF,-5.425567415108532,Ex-post DWA
2024-02-29,OAKEY1SF,-3.9937289145892194,Ex-post DWA
2024-03-31,OAKEY1SF,0.45880069937975776,Ex-post DWA
2024-04-30,OAKEY1SF,2.7539878139720457,Ex-post DWA
2024-05-31,OAKEY1SF,9.324160915104159,Ex-post DWA
2024-06-30,OAKEY1SF,3.8293330582291105,Ex-post DWA
2024-07-31,OAKEY1SF,7.140664997905283,Ex-post DWA
2024-08-31,OAKEY1SF,11.935007408450488,Ex-post DWA
2024-09-30,OAKEY1SF,18.862128218197995,Ex-post DWA
2024-10-31,OAKEY1SF,15.87689676057796,Ex-post DWA
2024-11-30,OAKEY1SF,10.821148811479603,Ex-post DWA
2024-12-31,OAKEY1SF,22.14794535757158,Ex-post DWA
2020-01-31,OAKEY2SF,-4.330509661246538,Ex-post DWA
2020-02-29,OAKEY2SF,-0.24137202480440578,Ex-post DWA
2020-03-31,OAKEY2SF,0.595444295045759,Ex-post DWA
2020-04-30,OAKEY2SF,-0.7594654749563752,Ex-post DWA
2020-05-31,OAKEY2SF,-2.023451405014434,Ex-post DWA
2020-06-30,OAKEY2SF,-3.9384887926455505,Ex-post DWA
2020-07-31,OAKEY2SF,-0.8450563837303235,Ex-post DWA
2020-08-31,OAKEY2SF,-1.4204111651650493,Ex-post DWA
2020-09-30,OAKEY2SF,-0.8759170891821508,Ex-post DWA
2020-10-31,OAKEY2SF,0.3367314897866578,Ex-post DWA
2020-11-30,OAKEY2SF,-2.2496524181467237,Ex-post DWA
2020-12-31,OAKEY2SF,-5.705725222186125,Ex-post DWA
2021-01-31,OAKEY2SF,5.814450648077468,Ex-post DWA
2021-02-28,OAKEY2SF,-0.004023209169517372,Ex-post DWA
2021-03-31,OAKEY2SF,-3.059953231286105,Ex-post DWA
2021-04-30,OAKEY2SF,-0.42557003721679365,Ex-post DWA
2021-05-31,OAKEY2SF,-8.318848311632259,Ex-post DWA
2021-06-30,OAKEY2SF,2.705913423175943,Ex-post DWA
2021-07-31,OAKEY2SF,-9.142111981689688,Ex-post DWA
2021-08-31,OAKEY2SF,-3.78394374736132,Ex-post DWA
2021-09-30,OAKEY2SF,-5.869386220867497,Ex-post DWA
2021-10-31,OAKEY2SF,-9.014907304047139,Ex-post DWA
2021-11-30,OAKEY2SF,-14.535526707685534,Ex-post DWA
2021-12-31,OAKEY2SF,-1.4363668830787617,Ex-post DWA
2022-01-31,OAKEY2SF,-4.6469975726332535,Ex-post DWA
2022-02-28,OAKEY2SF,1.6182895723811583,Ex-post DWA
2022-03-31,OAKEY2SF,-3.8092941568513794,Ex-post DWA
2022-04-30,OAKEY2SF,-1.2268781667812618,Ex-post DWA
2022-05-31,OAKEY2SF,-17.447367168379827,Ex-post DWA
2022-06-30,OAKEY2SF,-3.820153705091087,Ex-post DWA
2022-07-31,OAKEY2SF,-34.609308684823134,Ex-post DWA
2022-08-31,OAKEY2SF,7.9526970857347195,Ex-post DWA
2022-09-30,OAKEY2SF,-14.955399184300745,Ex-post DWA
2022-10-31,OAKEY2SF,-4.894592505072779,Ex-post DWA
2022-11-30,OAKEY2SF,-2.449983017579868,Ex-post DWA
2022-12-31,OAKEY2SF,1.4593707356612882,Ex-post DWA
2023-01-31,OAKEY2SF,-4.96826171571999,Ex-post DWA
2023-02-28,OAKEY2SF,-1.6092089254366897,Ex-post DWA
2023-03-31,OAKEY2SF,-4.744599458849834,Ex-post DWA
2023-04-30,OAKEY2SF,-6.455271999088225,Ex-post DWA
2023-05-31,OAKEY2SF,-3.1819959585501962,Ex-post DWA
2023-06-30,OAKEY2SF,5.59224163254499,Ex-post DWA
2023-07-31,OAKEY2SF,16.10450424274445,Ex-post DWA
2023-08-31,OAKEY2SF,19.834726734167546,Ex-post DWA
2023-09-30,OAKEY2SF,24.10671964998557,Ex-post DWA
2023-10-31,OAKEY2SF,5.92288191999517,Ex-post DWA
2023-11-30,OAKEY2SF,-7.9600695919724025,Ex-post DWA
2023-12-31,OAKEY2SF,-5.873235275085037,Ex-post DWA
2024-01-31,OAKEY2SF,-8.983822118150698,Ex-post DWA
2024-02-29,OAKEY2SF,-6.265541006339127,Ex-post DWA
2024-03-31,OAKEY2SF,-2.566788265005364,Ex-post DWA
2024-04-30,OAKEY2SF,-3.5165908611830368,Ex-post DWA
2024-05-31,OAKEY2SF,-3.219614493766951,Ex-post DWA
2024-06-30,OAKEY2SF,-9.97854883821568,Ex-post DWA
2024-07-31,OAKEY2SF,-5.146010475925674,Ex-post DWA
2024-08-31,OAKEY2SF,-8.146463777265396,Ex-post DWA
2024-09-30,OAKEY2SF,-7.82588043454645,Ex-post DWA
2024-10-31,OAKEY2SF,-10.927184405870326,Ex-post DWA
2024-11-30,OAKEY2SF,-18.02914684176089,Ex-post DWA
2024-12-31,OAKEY2SF,12.393110882886539,Ex-post DWA
2020-01-31,RRSF1,-3.771375382755515,Ex-post DWA
2020-02-29,RRSF1,-0.418964587805867,Ex-post DWA
2020-03-31,RRSF1,0.23897464361107268,Ex-post DWA
2020-04-30,RRSF1,0.2994178781715817,Ex-post DWA
2020-05-31,RRSF1,-2.721784881133239,Ex-post DWA
2020-06-30,RRSF1,-1.7414114954040656,Ex-post DWA
2020-07-31,RRSF1,-1.2488894625936737,Ex-post DWA
2020-08-31,RRSF1,-4.219691877368737,Ex-post DWA
2020-09-30,RRSF1,-2.617611325057675,Ex-post DWA
2020-10-31,RRSF1,-3.4311334619934186,Ex-post DWA
2020-11-30,RRSF1,3.3602503412507048,Ex-post DWA
2020-12-31,RRSF1,2.1593894085782708,Ex-post DWA
2021-01-31,RRSF1,-1.5813347470464905,Ex-post DWA
2021-02-28,RRSF1,-0.7107258212111631,Ex-post DWA
2021-03-31,RRSF1,0.15742864286647062,Ex-post DWA
2021-04-30,RRSF1,0.015852406543547914,Ex-post DWA
2021-05-31,RRSF1,-15.587808238529405,Ex-post DWA
2021-06-30,RRSF1,-2.8910362781792003,Ex-post DWA
2021-07-31,RRSF1,-2.0429644688882362,Ex-post DWA
2021-08-31,RRSF1,-4.323684863706681,Ex-post DWA
2021-09-30,RRSF1,-7.444595010628095,Ex-post DWA
2021-10-31,RRSF1,-5.739959037264946,Ex-post DWA
2021-11-30,RRSF1,-4.547290544917402,Ex-post DWA
2021-12-31,RRSF1,-2.9015290474013398,Ex-post DWA
2022-01-31,RRSF1,2.946463137649289,Ex-post DWA
2022-02-28,RRSF1,6.666490853483197,Ex-post DWA
2022-03-31,RRSF1,2.1491734070617525,Ex-post DWA
2022-04-30,RRSF1,0.750699770741619,Ex-post DWA
2022-05-31,RRSF1,7.191778263577135,Ex-post DWA
2022-06-30,RRSF1,-14.877706546950066,Ex-post DWA
2022-07-31,RRSF1,-1.1616229587461646,Ex-post DWA
2022-08-31,RRSF1,-11.659607283424108,Ex-post DWA
2022-09-30,RRSF1,-3.608706260229823,Ex-post DWA
2022-10-31,RRSF1,-1.9060795277462006,Ex-post DWA
2022-11-30,RRSF1,0.1154672990254042,Ex-post DWA
2022-12-31,RRSF1,-2.0699250508645584,Ex-post DWA
2023-01-31,RRSF1,2.6501483108435693,Ex-post DWA
2023-02-28,RRSF1,6.41387245678559,Ex-post DWA
2023-03-31,RRSF1,-5.757949198890046,Ex-post DWA
2023-04-30,RRSF1,-4.489236791337731,Ex-post DWA
2023-05-31,RRSF1,-3.9494490589851594,Ex-post DWA
2023-06-30,RRSF1,-0.6749334269088294,Ex-post DWA
2023-07-31,RRSF1,0.3549708558623337,Ex-post DWA
2023-08-31,RRSF1,-4.813796912537234,Ex-post DWA
2023-09-30,RRSF1,-10.225717541209434,Ex-post DWA
2023-10-31,RRSF1,-8.260632918908573,Ex-post DWA
2023-11-30,RRSF1,1.3717990299310436,Ex-post DWA
2023-12-31,RRSF1,-4.501920667478991,Ex-post DWA
2024-01-31,RRSF1,0.046955051831446326,Ex-post DWA
2024-02-29,RRSF1,-7.683219213190888,Ex-post DWA
2024-03-31,RRSF1,-0.07826369000704148,Ex-post DWA
2024-04-30,RRSF1,-2.0820412185463937,Ex-post DWA
2024-05-31,RRSF1,-8.679522753523408,Ex-post DWA
2024-06-30,RRSF1,-3.9038670753224594,Ex-post DWA
2024-07-31,RRSF1,-4.6843423025090125,Ex-post DWA
2024-08-31,RRSF1,-10.493326465257706,Ex-post DWA
2024-09-30,RRSF1,-6.553643533258105,Ex-post DWA
2024-10-31,RRSF1,-6.084416589694369,Ex-post DWA
2024-11-30,RRSF1,3.8905871189661525,Ex-post DWA
2024-12-31,RRSF1,-8.402258331195966,Ex-post DWA
2020-01-31,RUGBYR1,6.1684682133776505,Ex-post DWA
2020-02-29,RUGBYR1,0.321574374338077,Ex-post DWA
2020-03-31,RUGBYR1,0.715194634048828,Ex-post DWA
2020-04-30,RUGBYR1,0.5805391956265744,Ex-post DWA
2020-05-31,RUGBYR1,1.9009338564136478,Ex-post DWA
2020-06-30,RUGBYR1,-0.4588977100546181,Ex-post DWA
2020-07-31,RUGBYR1,-0.21771807470484816,Ex-post DWA
2020-08-31,RUGBYR1,0.3729487728751302,Ex-post DWA
2020-09-30,RUGBYR1,-1.8462918895352267,Ex-post DWA
2020-10-31,RUGBYR1,-1.9903120896521784,Ex-post DWA
2020-11-30,RUGBYR1,1.0209443899411923,Ex-post DWA
2020-12-31,RUGBYR1,3.704722827436953,Ex-post DWA
2021-01-31,RUGBYR1,-0.6640896515965693,Ex-post DWA
2021-02-28,RUGBYR1,-0.20611403510919502,Ex-post DWA
2021-03-31,RUGBYR1,-1.3418181382269836,Ex-post DWA
2021-04-30,RUGBYR1,-4.345546544009412,Ex-post DWA
2021-05-31,RUGBYR1,-9.007435324275981,Ex-post DWA
2021-06-30,RUGBYR1,6.559062060132661,Ex-post DWA
2021-07-31,RUGBYR1,4.003609014254145,Ex-post DWA
2021-08-31,RUGBYR1,-0.836813524856165,Ex-post DWA
2021-09-30,RUGBYR1,3.398033419216297,Ex-post DWA
2021-10-31,RUGBYR1,-2.2840994586928574,Ex-post DWA
2021-11-30,RUGBYR1,6.816936500696187,Ex-post DWA
2021-12-31,RUGBYR1,10.474920208298883,Ex-post DWA
2022-01-31,RUGBYR1,5.669088984726045,Ex-post DWA
2022-02-28,RUGBYR1,17.533562722287826,Ex-post DWA
2022-03-31,RUGBYR1,11.993927511170384,Ex-post DWA
2022-04-30,RUGBYR1,3.8305012991369836,Ex-post DWA
2022-05-31,RUGBYR1,1.7550228963947916,Ex-post DWA
2022-06-30,RUGBYR1,-3.121978251319888,Ex-post DWA
2022-07-31,RUGBYR1,14.798084850614543,Ex-post DWA
2022-08-31,RUGBYR1,6.947305653881024,Ex-post DWA
2022-09-30,RUGBYR1,4.878615070971321,Ex-post DWA
2022-10-31,RUGBYR1,0.6062115580782006,Ex-post DWA
2022-11-30,RUGBYR1,-3.1880305247410448,Ex-post DWA
2022-12-31,RUGBYR1,0.09430521529861124,Ex-post DWA
2023-01-31,RUGBYR1,1.3500689647133512,Ex-post DWA
2023-02-28,RUGBYR1,0.29282106449723955,Ex-post DWA
2023-03-31,RUGBYR1,-2.9262942285135978,Ex-post DWA
2023-04-30,RUGBYR1,-3.658230372065894,Ex-post DWA
2023-05-31,RUGBYR1,3.3004466015196243,Ex-post DWA
2023-06-30,RUGBYR1,3.4676551098638058,Ex-post DWA
2023-07-31,RUGBYR1,-2.5346773061764623,Ex-post DWA
2023-08-31,RUGBYR1,-0.29625223373468423,Ex-post DWA
2023-09-30,RUGBYR1,-3.81732317451761,Ex-post DWA
2023-10-31,RUGBYR1,-6.208647844598785,Ex-post DWA
2023-11-30,RUGBYR1,3.553298230734775,Ex-post DWA
2023-12-31,RUGBYR1,0.5778669285473725,Ex-post DWA
2024-01-31,RUGBYR1,11.016673306066366,Ex-post DWA
2024-02-29,RUGBYR1,3.4353984183991813,Ex-post DWA
2024-03-31,RUGBYR1,2.7514800489765747,Ex-post DWA
2024-04-30,RUGBYR1,-2.450346486367568,Ex-post DWA
2024-05-31,RUGBYR1,-0.7387359275474559,Ex-post DWA
2024-06-30,RUGBYR1,0.3897933656899255,Ex-post DWA
2024-07-31,RUGBYR1,4.051100486285968,Ex-post DWA
2024-08-31,RUGBYR1,6.503691056612233,Ex-post DWA
2024-09-30,RUGBYR1,1.772074267642802,Ex-post DWA
2024-10-31,RUGBYR1,2.6234593679211504,Ex-post DWA
2024-11-30,RUGBYR1,1.472620503296497,Ex-post DWA
2024-12-31,RUGBYR1,8.242551913404874,Ex-post DWA
2020-01-31,SMCSF1,-0.6375655006034862,Ex-post DWA
2020-02-29,SMCSF1,-0.3014333472734805,Ex-post DWA
2020-03-31,SMCSF1,1.1792927301222704,Ex-post DWA
2020-04-30,SMCSF1,-0.5726553695654708,Ex-post DWA
2020-05-31,SMCSF1,-0.0670140118070357,Ex-post DWA
2020-06-30,SMCSF1,-0.07343568624677843,Ex-post DWA
2020-07-31,SMCSF1,-5.910954989806555,Ex-post DWA
2020-08-31,SMCSF1,4.6514589515640985,Ex-post DWA
2020-09-30,SMCSF1,0.05782777790078164,Ex-post DWA
2020-10-31,SMCSF1,2.5894658702243376,Ex-post DWA
2020-11-30,SMCSF1,-11.766554545789806,Ex-post DWA
2020-12-31,SMCSF1,-4.513137176769526,Ex-post DWA
2021-01-31,SMCSF1,93.2873261712045,Ex-post DWA
2021-02-28,SMCSF1,,Ex-post DWA
2021-03-31,SMCSF1,-11.0313174661006,Ex-post DWA
2021-04-30,SMCSF1,-16.18609774694258,Ex-post DWA
2021-05-31,SMCSF1,,Ex-post DWA
2021-06-30,SMCSF1,14872.896585432502,Ex-post DWA
2021-07-31,SMCSF1,,Ex-post DWA
2021-08-31,SMCSF1,,Ex-post DWA
2021-09-30,SMCSF1,-14.487783451967507,Ex-post DWA
2021-10-31,SMCSF1,3.6866325342536044,Ex-post DWA
2021-11-30,SMCSF1,24.026801199590892,Ex-post DWA
2021-12-31,SMCSF1,-2.2894163904851865,Ex-post DWA
2022-01-31,SMCSF1,-0.6864200686139839,Ex-post DWA
2022-02-28,SMCSF1,4.101282873445257,Ex-post DWA
2022-03-31,SMCSF1,-1.3793340728298062,Ex-post DWA
2022-04-30,SMCSF1,-0.7663145207534114,Ex-post DWA
2022-05-31,SMCSF1,4.506802874310125,Ex-post DWA
2022-06-30,SMCSF1,-21.947763654105955,Ex-post DWA
2022-07-31,SMCSF1,-17.15706224625822,Ex-post DWA
2022-08-31,SMCSF1,-9.66278962066076,Ex-post DWA
2022-09-30,SMCSF1,-7.739693200966755,Ex-post DWA
2022-10-31,SMCSF1,-4.852207363499218,Ex-post DWA
2022-11-30,SMCSF1,-4.385287860429521,Ex-post DWA
2022-12-31,SMCSF1,-5.149052928993466,Ex-post DWA
2023-01-31,SMCSF1,1.6369793625345679,Ex-post DWA
2023-02-28,SMCSF1,-7.325824510173597,Ex-post DWA
2023-03-31,SMCSF1,0.19712453452706313,Ex-post DWA
2023-04-30,SMCSF1,-5.481237094958189,Ex-post DWA
2023-05-31,SMCSF1,-7.434965124166183,Ex-post DWA
2023-06-30,SMCSF1,-1.4641612210916293,Ex-post DWA
2023-07-31,SMCSF1,-4.0473892484935465,Ex-post DWA
2023-08-31,SMCSF1,-9.03526092405808,Ex-post DWA
2023-09-30,SMCSF1,-15.005102049077237,Ex-post DWA
2023-10-31,SMCSF1,-12.252561271762996,Ex-post DWA
2023-11-30,SMCSF1,-4.756077818902206,Ex-post DWA
2023-12-31,SMCSF1,-8.10410208822855,Ex-post DWA
2024-01-31,SMCSF1,-2.997186251826534,Ex-post DWA
2024-02-29,SMCSF1,-8.718240935804772,Ex-post DWA
2024-03-31,SMCSF1,-1.0390850775540272,Ex-post DWA
2024-04-30,SMCSF1,-5.443121147429213,Ex-post DWA
2024-05-31,SMCSF1,-0.2740466617359232,Ex-post DWA
2024-06-30,SMCSF1,-7.8443411828055005,Ex-post DWA
2024-07-31,SMCSF1,-2.2545334297289514,Ex-post DWA
2024-08-31,SMCSF1,1.434732884009616,Ex-post DWA
2024-09-30,SMCSF1,-6.652029512790461,Ex-post DWA
2024-10-31,SMCSF1,-5.279706395285268,Ex-post DWA
2024-11-30,SMCSF1,-11.49293170019125,Ex-post DWA
2024-12-31,SMCSF1,6.470218929771924,Ex-post DWA
2020-01-31,SRSF1,14.941293117508906,Ex-post DWA
2020-02-29,SRSF1,0.13726457132869285,Ex-post DWA
2020-03-31,SRSF1,-1.2773805582593454,Ex-post DWA
2020-04-30,SRSF1,-0.9605796997350211,Ex-post DWA
2020-05-31,SRSF1,0.37884800589171874,Ex-post DWA
2020-06-30,SRSF1,3.839129701860646,Ex-post DWA
2020-07-31,SRSF1,-1.290396002037177,Ex-post DWA
2020-08-31,SRSF1,-4.787883593193209,Ex-post DWA
2020-09-30,SRSF1,-4.69500720255481,Ex-post DWA
2020-10-31,SRSF1,-3.8396364096591427,Ex-post DWA
2020-11-30,SRSF1,2.352554788973791,Ex-post DWA
2020-12-31,SRSF1,1.890044601720767,Ex-post DWA
2021-01-31,SRSF1,0.767251342573779,Ex-post DWA
2021-02-28,SRSF1,1.5609390939600587,Ex-post DWA
2021-03-31,SRSF1,-0.40654691366280105,Ex-post DWA
2021-04-30,SRSF1,-5.845784479415688,Ex-post DWA
2021-05-31,SRSF1,1.6685610195567975,Ex-post DWA
2021-06-30,SRSF1,1.603963957237056,Ex-post DWA
2021-07-31,SRSF1,-10.925157856109607,Ex-post DWA
2021-08-31,SRSF1,-4.698565308184513,Ex-post DWA
2021-09-30,SRSF1,-2.764132111347795,Ex-post DWA
2021-10-31,SRSF1,-7.5113770328004,Ex-post DWA
2021-11-30,SRSF1,-2.1604646128066918,Ex-post DWA
2021-12-31,SRSF1,-7.31271448448517,Ex-post DWA
2022-01-31,SRSF1,-9.585876020372822,Ex-post DWA
2022-02-28,SRSF1,-14.700034479706545,Ex-post DWA
2022-03-31,SRSF1,-7.965152519803084,Ex-post DWA
2022-04-30,SRSF1,-5.237275923215066,Ex-post DWA
2022-05-31,SRSF1,-20.845771291884574,Ex-post DWA
2022-06-30,SRSF1,0.2507618494975361,Ex-post DWA
2022-07-31,SRSF1,-30.912541763972314,Ex-post DWA
2022-08-31,SRSF1,-6.555083263738041,Ex-post DWA
2022-09-30,SRSF1,-19.74293444964256,Ex-post DWA
2022-10-31,SRSF1,-15.663258455185044,Ex-post DWA
2022-11-30,SRSF1,-8.06160546243624,Ex-post DWA
2022-12-31,SRSF1,-6.557927448189531,Ex-post DWA
2023-01-31,SRSF1,-2.9277351338830826,Ex-post DWA
2023-02-28,SRSF1,-5.891202498688223,Ex-post DWA
2023-03-31,SRSF1,-3.7953969015299265,Ex-post DWA
2023-04-30,SRSF1,-7.030982858256898,Ex-post DWA
2023-05-31,SRSF1,-5.812794964245398,Ex-post DWA
2023-06-30,SRSF1,-4.732624095961846,Ex-post DWA
2023-07-31,SRSF1,-6.619489346140066,Ex-post DWA
2023-08-31,SRSF1,-8.742116104654196,Ex-post DWA
2023-09-30,SRSF1,-10.891234962937403,Ex-post DWA
2023-10-31,SRSF1,-9.550237524470798,Ex-post DWA
2023-11-30,SRSF1,-7.9749846928908,Ex-post DWA
2023-12-31,SRSF1,-5.644057355436139,Ex-post DWA
2024-01-31,SRSF1,-10.248037730953783,Ex-post DWA
2024-02-29,SRSF1,-7.438078956999618,Ex-post DWA
2024-03-31,SRSF1,-3.6371875508462352,Ex-post DWA
2024-04-30,SRSF1,-8.49528332075052,Ex-post DWA
2024-05-31,SRSF1,-7.305782122564686,Ex-post DWA
2024-06-30,SRSF1,-10.170794618731485,Ex-post DWA
2024-07-31,SRSF1,-4.941448650955397,Ex-post DWA
2024-08-31,SRSF1,-14.136143184006272,Ex-post DWA
2024-09-30,SRSF1,-3.416454681945117,Ex-post DWA
2024-10-31,SRSF1,3.178768143799821,Ex-post DWA
2024-11-30,SRSF1,7.632988926439992,Ex-post DWA
2024-12-31,SRSF1,-10.474898021084329,Ex-post DWA
2020-01-31,WHITSF1,-6.080732619803982,Ex-post DWA
2020-02-29,WHITSF1,-1.5683315248125282,Ex-post DWA
2020-03-31,WHITSF1,1.209773968415135,Ex-post DWA
2020-04-30,WHITSF1,0.7526733822721532,Ex-post DWA
2020-05-31,WHITSF1,3.8651145756679455,Ex-post DWA
2020-06-30,WHITSF1,4.61586784871492,Ex-post DWA
2020-07-31,WHITSF1,3.8672354329883945,Ex-post DWA
2020-08-31,WHITSF1,10.903365116358014,Ex-post DWA
2020-09-30,WHITSF1,9.584766249032251,Ex-post DWA
2020-10-31,WHITSF1,7.119012402407375,Ex-post DWA
2020-11-30,WHITSF1,1.5628468468424188,Ex-post DWA
2020-12-31,WHITSF1,-0.1080594526917551,Ex-post DWA
2021-01-31,WHITSF1,-1.9268296715573214,Ex-post DWA
2021-02-28,WHITSF1,-0.9696061627444479,Ex-post DWA
2021-03-31,WHITSF1,1.9119696357381386,Ex-post DWA
2021-04-30,WHITSF1,8.41295338032338,Ex-post DWA
2021-05-31,WHITSF1,3.1225836328244867,Ex-post DWA
2021-06-30,WHITSF1,-0.2101544093767984,Ex-post DWA
2021-07-31,WHITSF1,11.588842520105636,Ex-post DWA
2021-08-31,WHITSF1,9.181463393864256,Ex-post DWA
2021-09-30,WHITSF1,25.52238762940663,Ex-post DWA
2021-10-31,WHITSF1,22.803812039254638,Ex-post DWA
2021-11-30,WHITSF1,10.833543281120072,Ex-post DWA
2021-12-31,WHITSF1,1.6744181652710353,Ex-post DWA
2022-01-31,WHITSF1,-5.712148296748282,Ex-post DWA
2022-02-28,WHITSF1,8.46880194014986,Ex-post DWA
2022-03-31,WHITSF1,-0.7681479542442275,Ex-post DWA
2022-04-30,WHITSF1,-9.91684331459524,Ex-post DWA
2022-05-31,WHITSF1,5.765398310456959,Ex-post DWA
2022-06-30,WHITSF1,16.9504978156516,Ex-post DWA
2022-07-31,WHITSF1,11.163671829570603,Ex-post DWA
2022-08-31,WHITSF1,33.32010724749446,Ex-post DWA
2022-09-30,WHITSF1,41.06746668043964,Ex-post DWA
2022-10-31,WHITSF1,11.366662467738394,Ex-post DWA
2022-11-30,WHITSF1,20.689373583029365,Ex-post DWA
2022-12-31,WHITSF1,23.155570693936657,Ex-post DWA
2023-01-31,WHITSF1,14.215076786196683,Ex-post DWA
2023-02-28,WHITSF1,14.323436588553932,Ex-post DWA
2023-03-31,WHITSF1,20.556419330571885,Ex-post DWA
2023-04-30,WHITSF1,25.509689511680293,Ex-post DWA
2023-05-31,WHITSF1,23.395499112130366,Ex-post DWA
2023-06-30,WHITSF1,17.97904538550182,Ex-post DWA
2023-07-31,WHITSF1,33.06748155268842,Ex-post DWA
2023-08-31,WHITSF1,48.117236488103984,Ex-post DWA
2023-09-30,WHITSF1,49.336023826479106,Ex-post DWA
2023-10-31,WHITSF1,39.034866357910076,Ex-post DWA
2023-11-30,WHITSF1,33.82173844802351,Ex-post DWA
2023-12-31,WHITSF1,20.147832764118654,Ex-post DWA
2024-01-31,WHITSF1,23.48026375227407,Ex-post DWA
2024-02-29,WHITSF1,-8.49361785433365,Ex-post DWA
2024-03-31,WHITSF1,1.389837808246348,Ex-post DWA
2024-04-30,WHITSF1,5.882579719745856,Ex-post DWA
2024-05-31,WHITSF1,10.680196518503045,Ex-post DWA
2024-06-30,WHITSF1,11.464135554433483,Ex-post DWA
2024-07-31,WHITSF1,16.392935978212186,Ex-post DWA
2024-08-31,WHITSF1,18.94326771060217,Ex-post DWA
2024-09-30,WHITSF1,33.10367717461817,Ex-post DWA
2024-10-31,WHITSF1,45.416605841270034,Ex-post DWA
2024-11-30,WHITSF1,26.88418742530621,Ex-post DWA
2024-12-31,WHITSF1,18.25028103091534,Ex-post DWA
2020-01-31,CHILDSF1,5.357929825677218,ToD blocks
2020-02-29,CHILDSF1,1.3318597051313645,ToD blocks
2020-03-31,CHILDSF1,-4.667113021647282,ToD blocks
2020-04-30,CHILDSF1,-3.23383362978705,ToD blocks
2020-05-31,CHILDSF1,0.3018048496398755,ToD blocks
2020-06-30,CHILDSF1,-0.27800948413118576,ToD blocks
2020-07-31,CHILDSF1,-6.604307464327054,ToD blocks
2020-08-31,CHILDSF1,-4.309077776718199,ToD blocks
2020-09-30,CHILDSF1,-5.972459433809191,ToD blocks
2020-10-31,CHILDSF1,-5.801283783560553,ToD blocks
2020-11-30,CHILDSF1,2.04557826245734,ToD blocks
2020-12-31,CHILDSF1,0.4185746103849297,ToD blocks
2021-01-31,CHILDSF1,-3.9911570147894295,ToD blocks
2021-02-28,CHILDSF1,-1.4666971570181815,ToD blocks
2021-03-31,CHILDSF1,-5.6195606136529825,ToD blocks
2021-04-30,CHILDSF1,-12.61468612245941,ToD blocks
2021-05-31,CHILDSF1,-51.00616295031534,ToD blocks
2021-06-30,CHILDSF1,-50.577120156907526,ToD blocks
2021-07-31,CHILDSF1,-46.67778661410082,ToD blocks
2021-08-31,CHILDSF1,-7.750608125766014,ToD blocks
2021-09-30,CHILDSF1,-6.79261489448805,ToD blocks
2021-10-31,CHILDSF1,3.974576281301978,ToD blocks
2021-11-30,CHILDSF1,-23.3909967596407,ToD blocks
2021-12-31,CHILDSF1,-0.17408546145094306,ToD blocks
2022-01-31,CHILDSF1,-13.819849012627571,ToD blocks
2022-02-28,CHILDSF1,-24.854397099507395,ToD blocks
2022-03-31,CHILDSF1,-15.295490104144264,ToD blocks
2022-04-30,CHILDSF1,-30.710612513027826,ToD blocks
2022-05-31,CHILDSF1,-63.3154643769532,ToD blocks
2022-06-30,CHILDSF1,-72.11579028147116,ToD blocks
2022-07-31,CHILDSF1,-186.0797469484915,ToD blocks
2022-08-31,CHILDSF1,-25.75507223990634,ToD blocks
2022-09-30,CHILDSF1,-31.806424177980084,ToD blocks
2022-10-31,CHILDSF1,-19.920025697392873,ToD blocks
2022-11-30,CHILDSF1,-19.296452088049875,ToD blocks
2022-12-31,CHILDSF1,-8.501164931580227,ToD blocks
2023-01-31,CHILDSF1,-9.597746540097233,ToD blocks
2023-02-28,CHILDSF1,-10.445625953375433,ToD blocks
2023-03-31,CHILDSF1,-12.525386760657625,ToD blocks
2023-04-30,CHILDSF1,-15.465517255015321,ToD blocks
2023-05-31,CHILDSF1,-39.442807988667525,ToD blocks
2023-06-30,CHILDSF1,-24.11653545267354,ToD blocks
2023-07-31,CHILDSF1,-30.441184519853273,ToD blocks
2023-08-31,CHILDSF1,-22.741208239691723,ToD blocks
2023-09-30,CHILDSF1,-10.147359816850061,ToD blocks
2023-10-31,CHILDSF1,-8.6673400093149,ToD blocks
2023-11-30,CHILDSF1,-12.783386860297767,ToD blocks
2023-12-31,CHILDSF1,-5.138154893558067,ToD blocks
2024-01-31,CHILDSF1,-10.788266965102551,ToD blocks
2024-02-29,CHILDSF1,-7.102019716333928,ToD blocks
2024-03-31,CHILDSF1,-13.241749564199935,ToD blocks
2024-04-30,CHILDSF1,-21.85373002264038,ToD blocks
2024-05-31,CHILDSF1,-28.76020791414793,ToD blocks
2024-06-30,CHILDSF1,-39.5342281254922,ToD blocks
2024-07-31,CHILDSF1,-30.031363593874673,ToD blocks
2024-08-31,CHILDSF1,-25.597669848115363,ToD blocks
2024-09-30,CHILDSF1,-3.850148177776866,ToD blocks
2024-10-31,CHILDSF1,-0.7962167468902156,ToD blocks
2024-11-30,CHILDSF1,-8.27419185378848,ToD blocks
2024-12-31,CHILDSF1,-7.348726762326166,ToD blocks
2020-01-31,CLARESF1,-3.974212427206737,ToD blocks
2020-02-29,CLARESF1,-1.6075973025488253,ToD blocks
2020-03-31,CLARESF1,-3.861964065945479,ToD blocks
2020-04-30,CLARESF1,-1.8894249541143289,ToD blocks
2020-05-31,CLARESF1,2.193412868625387,ToD blocks
2020-06-30,CLARESF1,-6.702729537785494,ToD blocks
2020-07-31,CLARESF1,-5.800591896863402,ToD blocks
2020-08-31,CLARESF1,-2.133634033861867,ToD blocks
2020-09-30,CLARESF1,-0.15825070278556375,ToD blocks
2020-10-31,CLARESF1,-1.150299963492781,ToD blocks
2020-11-30,CLARESF1,-3.467226559106443,ToD blocks
2020-12-31,CLARESF1,1.8497028882244848,ToD blocks
2021-01-31,CLARESF1,-7.38375160294153,ToD blocks
2021-02-28,CLARESF1,-4.255802569936961,ToD blocks
2021-03-31,CLARESF1,-5.3890536393627855,ToD blocks
2021-04-30,CLARESF1,-14.513933269586595,ToD blocks
2021-05-31,CLARESF1,-70.60462747998452,ToD blocks
2021-06-30,CLARESF1,-53.92564157486048,ToD blocks
2021-07-31,CLARESF1,-35.46629438914637,ToD blocks
2021-08-31,CLARESF1,3.1270129343432913,ToD blocks
2021-09-30,CLARESF1,19.570806402370682,ToD blocks
2021-10-31,CLARESF1,20.84919869106793,ToD blocks
2021-11-30,CLARESF1,-10.06147401090817,ToD blocks
2021-12-31,CLARESF1,-2.8289935828448023,ToD blocks
2022-01-31,CLARESF1,1.627229738322356,ToD blocks
2022-02-28,CLARESF1,31.58048347334119,ToD blocks
2022-03-31,CLARESF1,-2.7546124368151936,ToD blocks
2022-04-30,CLARESF1,-16.10870414183006,ToD blocks
2022-05-31,CLARESF1,-31.329201908652408,ToD blocks
2022-06-30,CLARESF1,-62.41119740012496,ToD blocks
2022-07-31,CLARESF1,-149.88205185292227,ToD blocks
2022-08-31,CLARESF1,7.9194162606619045,ToD blocks
2022-09-30,CLARESF1,15.838295093070784,ToD blocks
2022-10-31,CLARESF1,8.704811983432663,ToD blocks
2022-11-30,CLARESF1,1.6531157101507858,ToD blocks
2022-12-31,CLARESF1,14.885238647414567,ToD blocks
2023-01-31,CLARESF1,2.755581233656457,ToD blocks
2023-02-28,CLARESF1,3.278657110000175,ToD blocks
2023-03-31,CLARESF1,5.651038522078608,ToD blocks
2023-04-30,CLARESF1,12.014323898912323,ToD blocks
2023-05-31,CLARESF1,-10.536208052556375,ToD blocks
2023-06-30,CLARESF1,-0.6635647356843322,ToD blocks
2023-07-31,CLARESF1,4.787275382579857,ToD blocks
2023-08-31,CLARESF1,24.23106003013267,ToD blocks
2023-09-30,CLARESF1,39.380874463106366,ToD blocks
2023-10-31,CLARESF1,37.065629640943484,ToD blocks
2023-11-30,CLARESF1,24.909557816532924,ToD blocks
2023-12-31,CLARESF1,19.677083430559,ToD blocks
2024-01-31,CLARESF1,-5.420589447004815,ToD blocks
2024-02-29,CLARESF1,-11.909596486868935,ToD blocks
2024-03-31,CLARESF1,-9.40679063459536,ToD blocks
2024-04-30,CLARESF1,-15.942222596827218,ToD blocks
2024-05-31,CLARESF1,-15.200721826200276,ToD blocks
2024-06-30,CLARESF1,-25.35261707779253,ToD blocks
2024-07-31,CLARESF1,-24.20916209401789,ToD blocks
2024-08-31,CLARESF1,-12.15361455042585,ToD blocks
2024-09-30,CLARESF1,4.1953907567671855,ToD blocks
2024-10-31,CLARESF1,-5.5841906560237975,ToD blocks
2024-11-30,CLARESF1,-17.258269556841995,ToD blocks
2024-12-31,CLARESF1,24.15080843870001,ToD blocks
2020-01-31,CLERMSF1,1.7207359140179221,ToD blocks
2020-02-29,CLERMSF1,-0.39971059312092194,ToD blocks
2020-03-31,CLERMSF1,-3.987366281194113,ToD blocks
2020-04-30,CLERMSF1,-1.1859004316746926,ToD blocks
2020-05-31,CLERMSF1,-4.675966924957402,ToD blocks
2020-06-30,CLERMSF1,-3.3436912811541895,ToD blocks
2020-07-31,CLERMSF1,-4.629586804518553,ToD blocks
2020-08-31,CLERMSF1,3.161678251751294,ToD blocks
2020-09-30,CLERMSF1,1.6581945028704865,ToD blocks
2020-10-31,CLERMSF1,0.27822330677095053,ToD blocks
2020-11-30,CLERMSF1,-2.6993892775746033,ToD blocks
2020-12-31,CLERMSF1,3.1204801595839413,ToD blocks
2021-01-31,CLERMSF1,-5.486844747495731,ToD blocks
2021-02-28,CLERMSF1,-3.243964552689995,ToD blocks
2021-03-31,CLERMSF1,-4.188559837167723,ToD blocks
2021-04-30,CLERMSF1,-9.912161407558429,ToD blocks
2021-05-31,CLERMSF1,-35.20944843054552,ToD blocks
2021-06-30,CLERMSF1,-42.106105063639916,ToD blocks
2021-07-31,CLERMSF1,-39.919863567894424,ToD blocks
2021-08-31,CLERMSF1,-0.6022584410849525,ToD blocks
2021-09-30,CLERMSF1,4.10486139310526,ToD blocks
2021-10-31,CLERMSF1,17.845542473948907,ToD blocks
2021-11-30,CLERMSF1,-11.96553548052185,ToD blocks
2021-12-31,CLERMSF1,-0.870347227829356,ToD blocks
2022-01-31,CLERMSF1,-14.418139706087757,ToD blocks
2022-02-28,CLERMSF1,-19.95557672609847,ToD blocks
2022-03-31,CLERMSF1,-9.777644297553394,ToD blocks
2022-04-30,CLERMSF1,-19.946154070993032,ToD blocks
2022-05-31,CLERMSF1,-39.756224217979394,ToD blocks
2022-06-30,CLERMSF1,-54.19937035490719,ToD blocks
2022-07-31,CLERMSF1,-113.93488301029504,ToD blocks
2022-08-31,CLERMSF1,-13.507498623001524,ToD blocks
2022-09-30,CLERMSF1,-16.328490496538407,ToD blocks
2022-10-31,CLERMSF1,-11.919412629400128,ToD blocks
2022-11-30,CLERMSF1,-18.77032227949767,ToD blocks
2022-12-31,CLERMSF1,-4.0864132532085975,ToD blocks
2023-01-31,CLERMSF1,-11.475005693270056,ToD blocks
2023-02-28,CLERMSF1,-6.415608519134004,ToD blocks
2023-03-31,CLERMSF1,-10.591256778037447,ToD blocks
2023-04-30,CLERMSF1,-11.963928987133642,ToD blocks
2023-05-31,CLERMSF1,-26.384394348368645,ToD blocks
2023-06-30,CLERMSF1,-18.067985735396086,ToD blocks
2023-07-31,CLERMSF1,-25.909728386651636,ToD blocks
2023-08-31,CLERMSF1,-14.623492888068036,ToD blocks
2023-09-30,CLERMSF1,-3.574043533194777,ToD blocks
2023-10-31,CLERMSF1,-8.140721668899225,ToD blocks
2023-11-30,CLERMSF1,-7.983871872879188,ToD blocks
2023-12-31,CLERMSF1,-4.715992056798221,ToD blocks
2024-01-31,CLERMSF1,-15.162567936007633,ToD blocks
2024-02-29,CLERMSF1,-9.659076937491847,ToD blocks
2024-03-31,CLERMSF1,-9.417281191309826,ToD blocks
2024-04-30,CLERMSF1,-14.73302567278331,ToD blocks
2024-05-31,CLERMSF1,-24.39965431700999,ToD blocks
2024-06-30,CLERMSF1,-28.561751247612342,ToD blocks
2024-07-31,CLERMSF1,-27.399025286150376,ToD blocks
2024-08-31,CLERMSF1,-28.545339335200094,ToD blocks
2024-09-30,CLERMSF1,-4.168020225345426,ToD blocks
2024-10-31,CLERMSF1,-11.526039984928186,ToD blocks
2024-11-30,CLERMSF1,-26.683042085297537,ToD blocks
2024-12-31,CLERMSF1,-7.303770260130229,ToD blocks
2020-01-31,CSPVPS1,-2.3928518414114848,ToD blocks
2020-02-29,CSPVPS1,-1.4246691837597396,ToD blocks
2020-03-31,CSPVPS1,-2.7841464969178773,ToD blocks
2020-04-30,CSPVPS1,-2.371174587930799,ToD blocks
2020-05-31,CSPVPS1,-2.454201253072217,ToD blocks
2020-06-30,CSPVPS1,-6.1494017628253665,ToD blocks
2020-07-31,CSPVPS1,-4.981891975216776,ToD blocks
2020-08-31,CSPVPS1,-4.333925864569421,ToD blocks
2020-09-30,CSPVPS1,-5.873538607972062,ToD blocks
2020-10-31,CSPVPS1,-2.9770824970761858,ToD blocks
2020-11-30,CSPVPS1,-3.082864388206019,ToD blocks
2020-12-31,CSPVPS1,-0.35322144553628476,ToD blocks
2021-01-31,CSPVPS1,-6.5619252134691095,ToD blocks
2021-02-28,CSPVPS1,-2.9314276422720553,ToD blocks
2021-03-31,CSPVPS1,-4.447490628331984,ToD blocks
2021-04-30,CSPVPS1,-16.271346149564884,ToD blocks
2021-05-31,CSPVPS1,-70.75885414727199,ToD blocks
2021-06-30,CSPVPS1,-53.62295252320547,ToD blocks
2021-07-31,CSPVPS1,-35.68055645928247,ToD blocks
2021-08-31,CSPVPS1,-8.776690734404884,ToD blocks
2021-09-30,CSPVPS1,-8.587908027241209,ToD blocks
2021-10-31,CSPVPS1,-6.507691232612505,ToD blocks
2021-11-30,CSPVPS1,-27.060423200786275,ToD blocks
2021-12-31,CSPVPS1,-1.636382095013218,ToD blocks
2022-01-31,CSPVPS1,-9.598414368960505,ToD blocks
2022-02-28,CSPVPS1,-8.97043387598562,ToD blocks
2022-03-31,CSPVPS1,-10.221695027381685,ToD blocks
2022-04-30,CSPVPS1,-34.58748493578861,ToD blocks
2022-05-31,CSPVPS1,-46.89585172292499,ToD blocks
2022-06-30,CSPVPS1,-70.39598607428644,ToD blocks
2022-07-31,CSPVPS1,-164.80053802720875,ToD blocks
2022-08-31,CSPVPS1,-28.416651719227687,ToD blocks
2022-09-30,CSPVPS1,-27.181083082780987,ToD blocks
2022-10-31,CSPVPS1,-10.956576481369865,ToD blocks
2022-11-30,CSPVPS1,-18.750446432925763,ToD blocks
2022-12-31,CSPVPS1,-6.0323606774671354,ToD blocks
2023-01-31,CSPVPS1,-8.665319813508873,ToD blocks
2023-02-28,CSPVPS1,-7.405413731283851,ToD blocks
2023-03-31,CSPVPS1,-11.259328542420775,ToD blocks
2023-04-30,CSPVPS1,-20.25930490554515,ToD blocks
2023-05-31,CSPVPS1,-31.779258011333646,ToD blocks
2023-06-30,CSPVPS1,-20.36315103567516,ToD blocks
2023-07-31,CSPVPS1,-26.384468942413584,ToD blocks
2023-08-31,CSPVPS1,-16.49186145561704,ToD blocks
2023-09-30,CSPVPS1,-11.793393691466578,ToD blocks
2023-10-31,CSPVPS1,-10.191843453074263,ToD blocks
2023-11-30,CSPVPS1,-7.956760502532806,ToD blocks
2023-12-31,CSPVPS1,-10.43878604980437,ToD blocks
2024-01-31,CSPVPS1,-4.976536980037977,ToD blocks
2024-02-29,CSPVPS1,-15.698258928561053,ToD blocks
2024-03-31,CSPVPS1,-7.571371883266806,ToD blocks
2024-04-30,CSPVPS1,-14.472925642991413,ToD blocks
2024-05-31,CSPVPS1,-25.870484684285422,ToD blocks
2024-06-30,CSPVPS1,-36.794819884891,ToD blocks
2024-07-31,CSPVPS1,-26.45810585751413,ToD blocks
2024-08-31,CSPVPS1,-29.808633801082166,ToD blocks
2024-09-30,CSPVPS1,-8.461996102928472,ToD blocks
2024-10-31,CSPVPS1,-12.877412675956197,ToD blocks
2024-11-30,CSPVPS1,-22.377660488911147,ToD blocks
2024-12-31,CSPVPS1,-15.448796340122769,ToD blocks
2020-01-31,DAYDSF1,-2.5637530239078927,ToD blocks
2020-02-29,DAYDSF1,-1.6882086077434266,ToD blocks
2020-03-31,DAYDSF1,-3.3814960023434963,ToD blocks
2020-04-30,DAYDSF1,-1.8397986496960073,ToD blocks
2020-05-31,DAYDSF1,0.3354517718122807,ToD blocks
2020-06-30,DAYDSF1,-5.998583941849716,ToD blocks
2020-07-31,DAYDSF1,-3.838464608549483,ToD blocks
2020-08-31,DAYDSF1,-1.5774789087241743,ToD blocks
2020-09-30,DAYDSF1,-2.43454027994259,ToD blocks
2020-10-31,DAYDSF1,-2.500347829445385,ToD blocks
2020-11-30,DAYDSF1,-3.475991539374988,ToD blocks
2020-12-31,DAYDSF1,-1.8706565789095038,ToD blocks
2021-01-31,DAYDSF1,-7.669539127207862,ToD blocks
2021-02-28,DAYDSF1,-4.074158651210396,ToD blocks
2021-03-31,DAYDSF1,-2.5641072587675495,ToD blocks
2021-04-30,DAYDSF1,-12.850136403994185,ToD blocks
2021-05-31,DAYDSF1,-60.30475462586961,ToD blocks
2021-06-30,DAYDSF1,-64.40426283701798,ToD blocks
2021-07-31,DAYDSF1,-40.57482675318294,ToD blocks
2021-08-31,DAYDSF1,-5.813238674720193,ToD blocks
2021-09-30,DAYDSF1,-6.040702328393259,ToD blocks
2021-10-31,DAYDSF1,2.4300866538608012,ToD blocks
2021-11-30,DAYDSF1,-3.5003003650191573,ToD blocks
2021-12-31,DAYDSF1,-7.79890616284915,ToD blocks
2022-01-31,DAYDSF1,-16.55811472550161,ToD blocks
2022-02-28,DAYDSF1,0.16895728919882913,ToD blocks
2022-03-31,DAYDSF1,-13.094558401562338,ToD blocks
2022-04-30,DAYDSF1,-31.798149601203818,ToD blocks
2022-05-31,DAYDSF1,-42.96787344706988,ToD blocks
2022-06-30,DAYDSF1,-60.91369655587374,ToD blocks
2022-07-31,DAYDSF1,-157.811256056298,ToD blocks
2022-08-31,DAYDSF1,-16.911424076442046,ToD blocks
2022-09-30,DAYDSF1,-19.677531703863906,ToD blocks
2022-10-31,DAYDSF1,-15.416766742417892,ToD blocks
2022-11-30,DAYDSF1,-16.11141345500304,ToD blocks
2022-12-31,DAYDSF1,-3.1864841805000417,ToD blocks
2023-01-31,DAYDSF1,-10.59025330062692,ToD blocks
2023-02-28,DAYDSF1,-7.721439438611149,ToD blocks
2023-03-31,DAYDSF1,-14.405528010404367,ToD blocks
2023-04-30,DAYDSF1,-12.357876389407302,ToD blocks
2023-05-31,DAYDSF1,-29.856206089687795,ToD blocks
2023-06-30,DAYDSF1,-17.862807413118723,ToD blocks
2023-07-31,DAYDSF1,-27.40739827969091,ToD blocks
2023-08-31,DAYDSF1,-14.774888694452887,ToD blocks
2023-09-30,DAYDSF1,-9.608187245903535,ToD blocks
2023-10-31,DAYDSF1,-8.14218871816286,ToD blocks
2023-11-30,DAYDSF1,-3.6154251408219054,ToD blocks
2023-12-31,DAYDSF1,-10.198814263433263,ToD blocks
2024-01-31,DAYDSF1,-0.8291170851952074,ToD blocks
2024-02-29,DAYDSF1,-19.95363929611844,ToD blocks
2024-03-31,DAYDSF1,-11.001587846441417,ToD blocks
2024-04-30,DAYDSF1,-15.169694816205723,ToD blocks
2024-05-31,DAYDSF1,-26.724315826734177,ToD blocks
2024-06-30,DAYDSF1,-28.968512627820694,ToD blocks
2024-07-31,DAYDSF1,-27.95129110890936,ToD blocks
2024-08-31,DAYDSF1,-24.473627780094034,ToD blocks
2024-09-30,DAYDSF1,-4.190905728501546,ToD blocks
2024-10-31,DAYDSF1,-5.494726630165089,ToD blocks
2024-11-30,DAYDSF1,-15.001914772313754,ToD blocks
2024-12-31,DAYDSF1,-7.816348151051329,ToD blocks
2020-01-31,DDSF1,-1.2111329810680616,ToD blocks
2020-02-29,DDSF1,0.18058413424714104,ToD blocks
2020-03-31,DDSF1,-3.9294774412064584,ToD blocks
2020-04-30,DDSF1,-3.4948985603250478,ToD blocks
2020-05-31,DDSF1,-3.53175332705875,ToD blocks
2020-06-30,DDSF1,-6.568830226299102,ToD blocks
2020-07-31,DDSF1,-6.002838014230083,ToD blocks
2020-08-31,DDSF1,-5.3409048247285495,ToD blocks
2020-09-30,DDSF1,-5.716736380022119,ToD blocks
2020-10-31,DDSF1,-2.325467412391461,ToD blocks
2020-11-30,DDSF1,-5.82696453427733,ToD blocks
2020-12-31,DDSF1,-4.102967337098761,ToD blocks
2021-01-31,DDSF1,-4.140158423368696,ToD blocks
2021-02-28,DDSF1,-1.9523817801818808,ToD blocks
2021-03-31,DDSF1,-5.822334982635045,ToD blocks
2021-04-30,DDSF1,-9.30612783892203,ToD blocks
2021-05-31,DDSF1,-56.61040468762802,ToD blocks
2021-06-30,DDSF1,-67.07854166115781,ToD blocks
2021-07-31,DDSF1,-48.876517768011226,ToD blocks
2021-08-31,DDSF1,-9.046582505016467,ToD blocks
2021-09-30,DDSF1,-15.621063619052741,ToD blocks
2021-10-31,DDSF1,-6.707585597775001,ToD blocks
2021-11-30,DDSF1,-38.19871279804359,ToD blocks
2021-12-31,DDSF1,-3.397315291066306,ToD blocks
2022-01-31,DDSF1,-7.810395081290196,ToD blocks
2022-02-28,DDSF1,-24.4868530818471,ToD blocks
2022-03-31,DDSF1,-13.89972084899378,ToD blocks
2022-04-30,DDSF1,-28.567604322030093,ToD blocks
2022-05-31,DDSF1,-69.07605207738095,ToD blocks
2022-06-30,DDSF1,-72.81541001437756,ToD blocks
2022-07-31,DDSF1,-175.60864583646926,ToD blocks
2022-08-31,DDSF1,-33.79460870098272,ToD blocks
2022-09-30,DDSF1,-34.705401733628804,ToD blocks
2022-10-31,DDSF1,-24.79228090893797,ToD blocks
2022-11-30,DDSF1,-25.38826453846964,ToD blocks
2022-12-31,DDSF1,-11.303282276451203,ToD blocks
2023-01-31,DDSF1,-13.90468806265033,ToD blocks
2023-02-28,DDSF1,-12.011378692598328,ToD blocks
2023-03-31,DDSF1,-22.807510472078555,ToD blocks
2023-04-30,DDSF1,-23.89391194505316,ToD blocks
2023-05-31,DDSF1,-38.76767917064679,ToD blocks
2023-06-30,DDSF1,-26.75854924303585,ToD blocks
2023-07-31,DDSF1,-32.398288484793504,ToD blocks
2023-08-31,DDSF1,-21.633074096611946,ToD blocks
2023-09-30,DDSF1,-12.672654803546706,ToD blocks
2023-10-31,DDSF1,-11.46179821879372,ToD blocks
2023-11-30,DDSF1,-16.948642417470488,ToD blocks
2023-12-31,DDSF1,-15.822200121678442,ToD blocks
2024-01-31,DDSF1,-13.654872176097477,ToD blocks
2024-02-29,DDSF1,-10.7653227574013,ToD blocks
2024-03-31,DDSF1,-14.385778466106359,ToD blocks
2024-04-30,DDSF1,-26.937825989834103,ToD blocks
2024-05-31,DDSF1,-35.30424452753989,ToD blocks
2024-06-30,DDSF1,-42.716814067364666,ToD blocks
2024-07-31,DDSF1,-35.10593067719647,ToD blocks
2024-08-31,DDSF1,-38.726183040022505,ToD blocks
2024-09-30,DDSF1,-14.311813423817341,ToD blocks
2024-10-31,DDSF1,-17.90343573316984,ToD blocks
2024-11-30,DDSF1,-36.0203659529219,ToD blocks
2024-12-31,DDSF1,-18.50315243032739,ToD blocks
2020-01-31,EMERASF1,5.232078655326617,ToD blocks
2020-02-29,EMERASF1,-1.0845354333025767,ToD blocks
2020-03-31,EMERASF1,-2.469397982367113,ToD blocks
2020-04-30,EMERASF1,-0.6796283309893028,ToD blocks
2020-05-31,EMERASF1,4.862528218181286,ToD blocks
2020-06-30,EMERASF1,-2.086872739279574,ToD blocks
2020-07-31,EMERASF1,-3.8604950569915424,ToD blocks
2020-08-31,EMERASF1,8.120080547066626,ToD blocks
2020-09-30,EMERASF1,5.631687348083046,ToD blocks
2020-10-31,EMERASF1,2.698071367396224,ToD blocks
2020-11-30,EMERASF1,-0.49970737992570946,ToD blocks
2020-12-31,EMERASF1,2.3778541665243793,ToD blocks
2021-01-31,EMERASF1,-4.924705657363482,ToD blocks
2021-02-28,EMERASF1,-3.018183421785743,ToD blocks
2021-03-31,EMERASF1,-6.2220630350163795,ToD blocks
2021-04-30,EMERASF1,-1.5317089506887243,ToD blocks
2021-05-31,EMERASF1,-25.779106849807846,ToD blocks
2021-06-30,EMERASF1,-63.68935531475387,ToD blocks
2021-07-31,EMERASF1,-26.46569953133647,ToD blocks
2021-08-31,EMERASF1,4.7023097037970345,ToD blocks
2021-09-30,EMERASF1,28.052632963274974,ToD blocks
2021-10-31,EMERASF1,33.30396420627908,ToD blocks
2021-11-30,EMERASF1,11.11572175404065,ToD blocks
2021-12-31,EMERASF1,5.067513882243119,ToD blocks
2022-01-31,EMERASF1,-5.422887977353184,ToD blocks
2022-02-28,EMERASF1,-15.33235405730953,ToD blocks
2022-03-31,EMERASF1,-10.454498559973928,ToD blocks
2022-04-30,EMERASF1,-12.755374304857526,ToD blocks
2022-05-31,EMERASF1,-38.19824516778806,ToD blocks
2022-06-30,EMERASF1,-53.28941090769192,ToD blocks
2022-07-31,EMERASF1,-119.99428812203013,ToD blocks
2022-08-31,EMERASF1,-0.12766183442857937,ToD blocks
2022-09-30,EMERASF1,12.468981330883565,ToD blocks
2022-10-31,EMERASF1,-5.3209568051149745,ToD blocks
2022-11-30,EMERASF1,-1.3188064881256736,ToD blocks
2022-12-31,EMERASF1,8.224895781651455,ToD blocks
2023-01-31,EMERASF1,-1.3862416459455886,ToD blocks
2023-02-28,EMERASF1,0.437663260361866,ToD blocks
2023-03-31,EMERASF1,0.7490608933423317,ToD blocks
2023-04-30,EMERASF1,6.02405225855005,ToD blocks
2023-05-31,EMERASF1,-17.068529259871852,ToD blocks
2023-06-30,EMERASF1,-7.487757590732173,ToD blocks
2023-07-31,EMERASF1,-5.312026247805733,ToD blocks
2023-08-31,EMERASF1,16.498794753150165,ToD blocks
2023-09-30,EMERASF1,32.5375194607114,ToD blocks
2023-10-31,EMERASF1,31.365966147573527,ToD blocks
2023-11-30,EMERASF1,12.762972052981219,ToD blocks
2023-12-31,EMERASF1,23.29058700602947,ToD blocks
2024-01-31,EMERASF1,-3.2034806433277225,ToD blocks
2024-02-29,EMERASF1,5.891950782909717,ToD blocks
2024-03-31,EMERASF1,3.7336084624217065,ToD blocks
2024-04-30,EMERASF1,7.658687068652505,ToD blocks
2024-05-31,EMERASF1,11.015736516345264,ToD blocks
2024-06-30,EMERASF1,10.347466262521621,ToD blocks
2024-07-31,EMERASF1,-30.67729283307019,ToD blocks
2024-08-31,EMERASF1,-28.71923970788324,ToD blocks
2024-09-30,EMERASF1,-8.904110390179802,ToD blocks
2024-10-31,EMERASF1,-14.136243199690064,ToD blocks
2024-11-30,EMERASF1,-27.41780217970878,ToD blocks
2024-12-31,EMERASF1,-15.455266022985107,ToD blocks
2020-01-31,HAMISF1,-1.8227056605037433,ToD blocks
2020-02-29,HAMISF1,-2.196445190200791,ToD blocks
2020-03-31,HAMISF1,-3.223574778983391,ToD blocks
2020-04-30,HAMISF1,-1.814166540734739,ToD blocks
2020-05-31,HAMISF1,-8.183878497998368,ToD blocks
2020-06-30,HAMISF1,-6.416113733978786,ToD blocks
2020-07-31,HAMISF1,-5.114097599156526,ToD blocks
2020-08-31,HAMISF1,-5.293229446973987,ToD blocks
2020-09-30,HAMISF1,-5.2933604225554065,ToD blocks
2020-10-31,HAMISF1,-2.511413876687225,ToD blocks
2020-11-30,HAMISF1,-2.612678653137145,ToD blocks
2020-12-31,HAMISF1,-2.018588430368432,ToD blocks
2021-01-31,HAMISF1,-6.735519277820892,ToD blocks
2021-02-28,HAMISF1,-3.9543857823920234,ToD blocks
2021-03-31,HAMISF1,-3.6573377397074083,ToD blocks
2021-04-30,HAMISF1,-12.63203807652776,ToD blocks
2021-05-31,HAMISF1,-62.39534387558525,ToD blocks
2021-06-30,HAMISF1,-58.63475332394145,ToD blocks
2021-07-31,HAMISF1,-39.3817474834611,ToD blocks
2021-08-31,HAMISF1,-2.6970395701854315,ToD blocks
2021-09-30,HAMISF1,2.6671755949368645,ToD blocks
2021-10-31,HAMISF1,12.983616235202273,ToD blocks
2021-11-30,HAMISF1,-2.7623433524065746,ToD blocks
2021-12-31,HAMISF1,-4.691814266098291,ToD blocks
2022-01-31,HAMISF1,-15.90509898285147,ToD blocks
2022-02-28,HAMISF1,-2.8211315261608405,ToD blocks
2022-03-31,HAMISF1,-12.171363196818632,ToD blocks
2022-04-30,HAMISF1,-34.98547257047187,ToD blocks
2022-05-31,HAMISF1,-40.819056705559404,ToD blocks
2022-06-30,HAMISF1,-67.98418540486841,ToD blocks
2022-07-31,HAMISF1,-158.40681390096216,ToD blocks
2022-08-31,HAMISF1,-15.575473675427695,ToD blocks
2022-09-30,HAMISF1,-16.479561624157355,ToD blocks
2022-10-31,HAMISF1,-18.503375948790378,ToD blocks
2022-11-30,HAMISF1,-19.559689015244253,ToD blocks
2022-12-31,HAMISF1,-6.083367594514673,ToD blocks
2023-01-31,HAMISF1,-7.709816345169379,ToD blocks
2023-02-28,HAMISF1,-6.775598737706353,ToD blocks
2023-03-31,HAMISF1,-6.362292540144637,ToD blocks
2023-04-30,HAMISF1,-12.88337230666604,ToD blocks
2023-05-31,HAMISF1,-32.55853594423319,ToD blocks
2023-06-30,HAMISF1,-19.062874040500034,ToD blocks
2023-07-31,HAMISF1,-26.014235729879932,ToD blocks
2023-08-31,HAMISF1,-14.83998057155337,ToD blocks
2023-09-30,HAMISF1,-8.711325913624355,ToD blocks
2023-10-31,HAMISF1,-8.223621170745623,ToD blocks
2023-11-30,HAMISF1,-4.1774000743257,ToD blocks
2023-12-31,HAMISF1,-9.356811996962797,ToD blocks
2024-01-31,HAMISF1,-1.6614592847006975,ToD blocks
2024-02-29,HAMISF1,-20.855539972004202,ToD blocks
2024-03-31,HAMISF1,-9.78299482374458,ToD blocks
2024-04-30,HAMISF1,-15.394896299317395,ToD blocks
2024-05-31,HAMISF1,-22.359078105321395,ToD blocks
2024-06-30,HAMISF1,-30.232655614879157,ToD blocks
2024-07-31,HAMISF1,-25.688159336444457,ToD blocks
2024-08-31,HAMISF1,-24.437836371561282,ToD blocks
2024-09-30,HAMISF1,1.0534214811972387,ToD blocks
2024-10-31,HAMISF1,-3.743970020391344,ToD blocks
2024-11-30,HAMISF1,-16.534199386089455,ToD blocks
2024-12-31,HAMISF1,-9.591223878091668,ToD blocks
2020-01-31,HAUGHT11,2.8556701753489477,ToD blocks
2020-02-29,HAUGHT11,-0.8238876402561388,ToD blocks
2020-03-31,HAUGHT11,-1.543615387438713,ToD blocks
2020-04-30,HAUGHT11,-1.672997874280064,ToD blocks
2020-05-31,HAUGHT11,-3.9407690487414744,ToD blocks
2020-06-30,HAUGHT11,-6.607174095002858,ToD blocks
2020-07-31,HAUGHT11,-15.916189539331594,ToD blocks
2020-08-31,HAUGHT11,-2.530263951186127,ToD blocks
2020-09-30,HAUGHT11,-0.8062327994661693,ToD blocks
2020-10-31,HAUGHT11,3.624405541841174,ToD blocks
2020-11-30,HAUGHT11,-5.470090064191929,ToD blocks
2020-12-31,HAUGHT11,-3.1238290066138816,ToD blocks
2021-01-31,HAUGHT11,-8.111439269030296,ToD blocks
2021-02-28,HAUGHT11,-4.274163019443961,ToD blocks
2021-03-31,HAUGHT11,-4.131988594906559,ToD blocks
2021-04-30,HAUGHT11,-14.972727892787905,ToD blocks
2021-05-31,HAUGHT11,-62.59059521840752,ToD blocks
2021-06-30,HAUGHT11,-52.47650440687147,ToD blocks
2021-07-31,HAUGHT11,-42.06454067029021,ToD blocks
2021-08-31,HAUGHT11,-3.710703077686773,ToD blocks
2021-09-30,HAUGHT11,-9.556911689619454,ToD blocks
2021-10-31,HAUGHT11,4.212828592908458,ToD blocks
2021-11-30,HAUGHT11,-7.172642644278099,ToD blocks
2021-12-31,HAUGHT11,-4.274074413805295,ToD blocks
2022-01-31,HAUGHT11,2.0974605500050245,ToD blocks
2022-02-28,HAUGHT11,23.219068993153826,ToD blocks
2022-03-31,HAUGHT11,-4.968127331093157,ToD blocks
2022-04-30,HAUGHT11,-15.848603037876728,ToD blocks
2022-05-31,HAUGHT11,-28.171461875843875,ToD blocks
2022-06-30,HAUGHT11,-63.462876160800704,ToD blocks
2022-07-31,HAUGHT11,-152.35725235268526,ToD blocks
2022-08-31,HAUGHT11,-7.8586206056331775,ToD blocks
2022-09-30,HAUGHT11,2.195777601691063,ToD blocks
2022-10-31,HAUGHT11,-2.5376713062926797,ToD blocks
2022-11-30,HAUGHT11,-3.4711245480832105,ToD blocks
2022-12-31,HAUGHT11,-4.30102036848686,ToD blocks
2023-01-31,HAUGHT11,-4.668654223234569,ToD blocks
2023-02-28,HAUGHT11,-9.958748637316901,ToD blocks
2023-03-31,HAUGHT11,-4.661192936149931,ToD blocks
2023-04-30,HAUGHT11,-1.8959246555644356,ToD blocks
2023-05-31,HAUGHT11,-24.500008578157647,ToD blocks
2023-06-30,HAUGHT11,-11.820552510109508,ToD blocks
2023-07-31,HAUGHT11,-16.662651132788874,ToD blocks
2023-08-31,HAUGHT11,0.8623522080892272,ToD blocks
2023-09-30,HAUGHT11,9.093052988589488,ToD blocks
2023-10-31,HAUGHT11,12.351951284238545,ToD blocks
2023-11-30,HAUGHT11,1.809165468376186,ToD blocks
2023-12-31,HAUGHT11,2.5459937764130913,ToD blocks
2024-01-31,HAUGHT11,-19.310471702489423,ToD blocks
2024-02-29,HAUGHT11,-13.569939124056972,ToD blocks
2024-03-31,HAUGHT11,-9.710211772553976,ToD blocks
2024-04-30,HAUGHT11,-11.960216071231642,ToD blocks
2024-05-31,HAUGHT11,-13.305856783755441,ToD blocks
2024-06-30,HAUGHT11,-20.117754651888447,ToD blocks
2024-07-31,HAUGHT11,-17.077434450123498,ToD blocks
2024-08-31,HAUGHT11,-12.745082576552093,ToD blocks
2024-09-30,HAUGHT11,8.264322673129945,ToD blocks
2024-10-31,HAUGHT11,0.5012122027667729,ToD blocks
2024-11-30,HAUGHT11,-12.730194079372026,ToD blocks
2024-12-31,HAUGHT11,-12.930718116828025,ToD blocks
2020-01-31,HAYMSF1,-3.0010932101098575,ToD blocks
2020-02-29,HAYMSF1,-1.7984774745001104,ToD blocks
2020-03-31,HAYMSF1,-3.710095193342127,ToD blocks
2020-04-30,HAYMSF1,-2.1585277391458355,ToD blocks
2020-05-31,HAYMSF1,-2.1850084499079294,ToD blocks
2020-06-30,HAYMSF1,-4.913904035927615,ToD blocks
2020-07-31,HAYMSF1,-4.493343834485046,ToD blocks
2020-08-31,HAYMSF1,1.5768268219292647,ToD blocks
2020-09-30,HAYMSF1,-2.0974487410696945,ToD blocks
2020-10-31,HAYMSF1,-1.164606511614057,ToD blocks
2020-11-30,HAYMSF1,-3.2361165455576213,ToD blocks
2020-12-31,HAYMSF1,-4.406962167472976,ToD blocks
2021-01-31,HAYMSF1,-7.769495781695177,ToD blocks
2021-02-28,HAYMSF1,-4.150549906245637,ToD blocks
2021-03-31,HAYMSF1,-3.986752116204677,ToD blocks
2021-04-30,HAYMSF1,-13.044947909561412,ToD blocks
2021-05-31,HAYMSF1,-61.0156090582834,ToD blocks
2021-06-30,HAYMSF1,-55.299743877505136,ToD blocks
2021-07-31,HAYMSF1,-41.49305835354365,ToD blocks
2021-08-31,HAYMSF1,-3.787092387776301,ToD blocks
2021-09-30,HAYMSF1,-0.883857867426503,ToD blocks
2021-10-31,HAYMSF1,15.44980709168415,ToD blocks
2021-11-30,HAYMSF1,-7.3337627461874035,ToD blocks
2021-12-31,HAYMSF1,-7.940917477294235,ToD blocks
2022-01-31,HAYMSF1,-15.62855275657921,ToD blocks
2022-02-28,HAYMSF1,-1.320381813555528,ToD blocks
2022-03-31,HAYMSF1,-12.196396446128645,ToD blocks
2022-04-30,HAYMSF1,-33.817670013020006,ToD blocks
2022-05-31,HAYMSF1,-43.53955466716849,ToD blocks
2022-06-30,HAYMSF1,-62.25953264142248,ToD blocks
2022-07-31,HAYMSF1,-160.8057421932074,ToD blocks
2022-08-31,HAYMSF1,2.9856594922141397,ToD blocks
2022-09-30,HAYMSF1,3.3015244731110016,ToD blocks
2022-10-31,HAYMSF1,-2.297725700331654,ToD blocks
2022-11-30,HAYMSF1,-4.371705680477163,ToD blocks
2022-12-31,HAYMSF1,7.211011653921055,ToD blocks
2023-01-31,HAYMSF1,-2.0769424410120223,ToD blocks
2023-02-28,HAYMSF1,-1.9507895460673836,ToD blocks
2023-03-31,HAYMSF1,-7.552931886872557,ToD blocks
2023-04-30,HAYMSF1,-1.674911412256101,ToD blocks
2023-05-31,HAYMSF1,-26.636366947304232,ToD blocks
2023-06-30,HAYMSF1,-19.003773269888733,ToD blocks
2023-07-31,HAYMSF1,-21.07147056537107,ToD blocks
2023-08-31,HAYMSF1,-8.411524720678155,ToD blocks
2023-09-30,HAYMSF1,2.367182823030391,ToD blocks
2023-10-31,HAYMSF1,3.6476594836467995,ToD blocks
2023-11-30,HAYMSF1,-4.537576381998008,ToD blocks
2023-12-31,HAYMSF1,-9.013547076400911,ToD blocks
2024-01-31,HAYMSF1,0.6169901902798927,ToD blocks
2024-02-29,HAYMSF1,-21.023076970818423,ToD blocks
2024-03-31,HAYMSF1,-10.38307938443274,ToD blocks
2024-04-30,HAYMSF1,-12.52362181309892,ToD blocks
2024-05-31,HAYMSF1,-13.920830790538556,ToD blocks
2024-06-30,HAYMSF1,-23.020915399697827,ToD blocks
2024-07-31,HAYMSF1,-19.69459939566888,ToD blocks
2024-08-31,HAYMSF1,-11.473316656991543,ToD blocks
2024-09-30,HAYMSF1,15.677131262671784,ToD blocks
2024-10-31,HAYMSF1,23.968759586118047,ToD blocks
2024-11-30,HAYMSF1,-5.017216735359597,ToD blocks
2024-12-31,HAYMSF1,-1.6341852692961822,ToD blocks
2020-01-31,KSP1,-6.579733940134155,ToD blocks
2020-02-29,KSP1,-1.4742460856737054,ToD blocks
2020-03-31,KSP1,-2.128953283387972,ToD blocks
2020-04-30,KSP1,-0.7625871486216411,ToD blocks
2020-05-31,KSP1,-0.03165850108265289,ToD blocks
2020-06-30,KSP1,-2.312897078794016,ToD blocks
2020-07-31,KSP1,-3.813042137677982,ToD blocks
2020-08-31,KSP1,2.9177491762813013,ToD blocks
2020-09-30,KSP1,0.3989739746536465,ToD blocks
2020-10-31,KSP1,0.5077746753791246,ToD blocks
2020-11-30,KSP1,-3.386027518472993,ToD blocks
2020-12-31,KSP1,0.847915852598689,ToD blocks
2021-01-31,KSP1,-5.608534367298894,ToD blocks
2021-02-28,KSP1,-2.295219523001471,ToD blocks
2021-03-31,KSP1,-3.0699174050717275,ToD blocks
2021-04-30,KSP1,-3.404768151255226,ToD blocks
2021-05-31,KSP1,-58.419713192234546,ToD blocks
2021-06-30,KSP1,-30.368913238941744,ToD blocks
2021-07-31,KSP1,-33.23577968073887,ToD blocks
2021-08-31,KSP1,0.7056640192078767,ToD blocks
2021-09-30,KSP1,9.218386507460647,ToD blocks
2021-10-31,KSP1,17.166314269460827,ToD blocks
2021-11-30,KSP1,-26.435188600059178,ToD blocks
2021-12-31,KSP1,-12.665650823497913,ToD blocks
2022-01-31,KSP1,-16.657391705103194,ToD blocks
2022-02-28,KSP1,-30.134384837308374,ToD blocks
2022-03-31,KSP1,4.838997765799277,ToD blocks
2022-04-30,KSP1,-13.655029007819934,ToD blocks
2022-05-31,KSP1,-25.032728232255465,ToD blocks
2022-06-30,KSP1,-45.75245288568138,ToD blocks
2022-07-31,KSP1,-80.8714407287751,ToD blocks
2022-08-31,KSP1,0.8720736845119745,ToD blocks
2022-09-30,KSP1,2.0711666837293734,ToD blocks
2022-10-31,KSP1,-3.8958156126089136,ToD blocks
2022-11-30,KSP1,-10.715189634344135,ToD blocks
2022-12-31,KSP1,5.304204848129956,ToD blocks
2023-01-31,KSP1,-0.2036862610100485,ToD blocks
2023-02-28,KSP1,-2.5776672579349054,ToD blocks
2023-03-31,KSP1,-4.629703137513403,ToD blocks
2023-04-30,KSP1,-2.3045280641797845,ToD blocks
2023-05-31,KSP1,-16.39900895104337,ToD blocks
2023-06-30,KSP1,-7.7431737484220164,ToD blocks
2023-07-31,KSP1,-16.695802354188082,ToD blocks
2023-08-31,KSP1,-8.720998667727308,ToD blocks
2023-09-30,KSP1,-3.5572777871476764,ToD blocks
2023-10-31,KSP1,-5.488087917801082,ToD blocks
2023-11-30,KSP1,-2.0444144321511217,ToD blocks
2023-12-31,KSP1,20.526767022336067,ToD blocks
2024-01-31,KSP1,-1.4369299872455201,ToD blocks
2024-02-29,KSP1,-14.254110746586655,ToD blocks
2024-03-31,KSP1,-4.289006786220682,ToD blocks
2024-04-30,KSP1,0.07671944124605545,ToD blocks
2024-05-31,KSP1,-1.96090673970685,ToD blocks
2024-06-30,KSP1,-10.00167286733695,ToD blocks
2024-07-31,KSP1,-8.120386194616131,ToD blocks
2024-08-31,KSP1,8.649293668660583,ToD blocks
2024-09-30,KSP1,20.705754125423343,ToD blocks
2024-10-31,KSP1,38.081901707279926,ToD blocks
2024-11-30,KSP1,27.167831762572845,ToD blocks
2024-12-31,KSP1,17.932933113608414,ToD blocks
2020-01-31,LILYSF1,4.563822000449278,ToD blocks
2020-02-29,LILYSF1,-1.3019146190370847,ToD blocks
2020-03-31,LILYSF1,-3.8096238984790247,ToD blocks
2020-04-30,LILYSF1,-1.4996051625109992,ToD blocks
2020-05-31,LILYSF1,1.8631101308623315,ToD blocks
2020-06-30,LILYSF1,-5.235006302243235,ToD blocks
2020-07-31,LILYSF1,-4.568891727074384,ToD blocks
2020-08-31,LILYSF1,-1.7999393534369403,ToD blocks
2020-09-30,LILYSF1,2.0773261942466608,ToD blocks
2020-10-31,LILYSF1,0.8933762871254096,ToD blocks
2020-11-30,LILYSF1,2.235482164185157,ToD blocks
2020-12-31,LILYSF1,-2.936980029181136,ToD blocks
2021-01-31,LILYSF1,-5.334414451051728,ToD blocks
2021-02-28,LILYSF1,-3.0595143972539915,ToD blocks
2021-03-31,LILYSF1,-5.247659368040825,ToD blocks
2021-04-30,LILYSF1,1.0971793498670408,ToD blocks
2021-05-31,LILYSF1,-32.250428255891435,ToD blocks
2021-06-30,LILYSF1,-58.69193284588077,ToD blocks
2021-07-31,LILYSF1,-33.97111575357391,ToD blocks
2021-08-31,LILYSF1,4.611475377686862,ToD blocks
2021-09-30,LILYSF1,22.650956795694192,ToD blocks
2021-10-31,LILYSF1,30.647525971850364,ToD blocks
2021-11-30,LILYSF1,-15.866553153480169,ToD blocks
2021-12-31,LILYSF1,11.130749005331722,ToD blocks
2022-01-31,LILYSF1,-6.103022386745664,ToD blocks
2022-02-28,LILYSF1,5.582607609032436,ToD blocks
2022-03-31,LILYSF1,-11.198622251397921,ToD blocks
2022-04-30,LILYSF1,-20.26612360036961,ToD blocks
2022-05-31,LILYSF1,-41.785673238036196,ToD blocks
2022-06-30,LILYSF1,-32.7592508441038,ToD blocks
2022-07-31,LILYSF1,-123.56569697077373,ToD blocks
2022-08-31,LILYSF1,11.693884056690564,ToD blocks
2022-09-30,LILYSF1,16.08209880560223,ToD blocks
2022-10-31,LILYSF1,4.805392819800375,ToD blocks
2022-11-30,LILYSF1,1.209520864654948,ToD blocks
2022-12-31,LILYSF1,18.40967868192353,ToD blocks
2023-01-31,LILYSF1,-0.37841084102606715,ToD blocks
2023-02-28,LILYSF1,-0.12979534336633236,ToD blocks
2023-03-31,LILYSF1,-0.4796325839288045,ToD blocks
2023-04-30,LILYSF1,-14.322596419200373,ToD blocks
2023-05-31,LILYSF1,-29.701158318191048,ToD blocks
2023-06-30,LILYSF1,-20.023344560716353,ToD blocks
2023-07-31,LILYSF1,-24.695710636842946,ToD blocks
2023-08-31,LILYSF1,-12.382338372151207,ToD blocks
2023-09-30,LILYSF1,2.8397568918601124,ToD blocks
2023-10-31,LILYSF1,2.918453228551251,ToD blocks
2023-11-30,LILYSF1,-7.213443721648581,ToD blocks
2023-12-31,LILYSF1,2.143603387629632,ToD blocks
2024-01-31,LILYSF1,-20.225874057138384,ToD blocks
2024-02-29,LILYSF1,-7.380779159512159,ToD blocks
2024-03-31,LILYSF1,-10.108720782952872,ToD blocks
2024-04-30,LILYSF1,-14.989011527496487,ToD blocks
2024-05-31,LILYSF1,-17.47341430252144,ToD blocks
2024-06-30,LILYSF1,-30.88347337955277,ToD blocks
2024-07-31,LILYSF1,-25.669720379338713,ToD blocks
2024-08-31,LILYSF1,-25.26822815710716,ToD blocks
2024-09-30,LILYSF1,12.164503014711093,ToD blocks
2024-10-31,LILYSF1,-0.20894518859882583,ToD blocks
2024-11-30,LILYSF1,-25.405564330602893,ToD blocks
2024-12-31,LILYSF1,-23.70581014902075,ToD blocks
2020-01-31,OAKEY1SF,7.085045450155505,ToD blocks
2020-02-29,OAKEY1SF,0.5593001057326106,ToD blocks
2020-03-31,OAKEY1SF,-2.6273342597811933,ToD blocks
2020-04-30,OAKEY1SF,-0.8041537889309112,ToD blocks
2020-05-31,OAKEY1SF,5.048980587913064,ToD blocks
2020-06-30,OAKEY1SF,0.09676208938192588,ToD blocks
2020-07-31,OAKEY1SF,-3.8499547360855573,ToD blocks
2020-08-31,OAKEY1SF,7.127074332522538,ToD blocks
2020-09-30,OAKEY1SF,6.734542855717542,ToD blocks
2020-10-31,OAKEY1SF,5.5935014257204365,ToD blocks
2020-11-30,OAKEY1SF,-4.701385731820558,ToD blocks
2020-12-31,OAKEY1SF,-7.2980529190573264,ToD blocks
2021-01-31,OAKEY1SF,1.3350937251531008,ToD blocks
2021-02-28,OAKEY1SF,-2.923015147962616,ToD blocks
2021-03-31,OAKEY1SF,-6.475797995828337,ToD blocks
2021-04-30,OAKEY1SF,-2.0636419407931896,ToD blocks
2021-05-31,OAKEY1SF,-48.206445171687626,ToD blocks
2021-06-30,OAKEY1SF,-56.009263183177,ToD blocks
2021-07-31,OAKEY1SF,-42.82218324362563,ToD blocks
2021-08-31,OAKEY1SF,0.6015088424978146,ToD blocks
2021-09-30,OAKEY1SF,14.00119870460869,ToD blocks
2021-10-31,OAKEY1SF,37.74807329363101,ToD blocks
2021-11-30,OAKEY1SF,-18.345389158529017,ToD blocks
2021-12-31,OAKEY1SF,-1.1190720377055783,ToD blocks
2022-01-31,OAKEY1SF,-14.465164602085707,ToD blocks
2022-02-28,OAKEY1SF,-4.606856425092516,ToD blocks
2022-03-31,OAKEY1SF,-16.15732726261031,ToD blocks
2022-04-30,OAKEY1SF,-24.647520970773,ToD blocks
2022-05-31,OAKEY1SF,-59.113420305464075,ToD blocks
2022-06-30,OAKEY1SF,-70.86961352715028,ToD blocks
2022-07-31,OAKEY1SF,-184.03144429731188,ToD blocks
2022-08-31,OAKEY1SF,-21.405416239166662,ToD blocks
2022-09-30,OAKEY1SF,-12.805604320550728,ToD blocks
2022-10-31,OAKEY1SF,-7.160213986270293,ToD blocks
2022-11-30,OAKEY1SF,-7.809357205888553,ToD blocks
2022-12-31,OAKEY1SF,7.49241018480032,ToD blocks
2023-01-31,OAKEY1SF,-5.890820937028657,ToD blocks
2023-02-28,OAKEY1SF,-3.2413216030532084,ToD blocks
2023-03-31,OAKEY1SF,-14.809347302964952,ToD blocks
2023-04-30,OAKEY1SF,-13.125571714518642,ToD blocks
2023-05-31,OAKEY1SF,-32.33834412417388,ToD blocks
2023-06-30,OAKEY1SF,-11.465586071630227,ToD blocks
2023-07-31,OAKEY1SF,-6.562198729611836,ToD blocks
2023-08-31,OAKEY1SF,11.998257659705926,ToD blocks
2023-09-30,OAKEY1SF,27.124487373508586,ToD blocks
2023-10-31,OAKEY1SF,15.661135849616091,ToD blocks
2023-11-30,OAKEY1SF,-5.5333852303728825,ToD blocks
2023-12-31,OAKEY1SF,-2.972562265711872,ToD blocks
2024-01-31,OAKEY1SF,-17.2712867036269,ToD blocks
2024-02-29,OAKEY1SF,-12.124267323715856,ToD blocks
2024-03-31,OAKEY1SF,-9.964746974932702,ToD blocks
2024-04-30,OAKEY1SF,-10.056903577828386,ToD blocks
2024-05-31,OAKEY1SF,-11.258354712538036,ToD blocks
2024-06-30,OAKEY1SF,-27.108863943266492,ToD blocks
2024-07-31,OAKEY1SF,-21.048153295324973,ToD blocks
2024-08-31,OAKEY1SF,-11.020933298376399,ToD blocks
2024-09-30,OAKEY1SF,18.17461651635637,ToD blocks
2024-10-31,OAKEY1SF,10.824560061910056,ToD blocks
2024-11-30,OAKEY1SF,-8.657795397349318,ToD blocks
2024-12-31,OAKEY1SF,16.690279605277624,ToD blocks
2020-01-31,OAKEY2SF,-3.4293598928063886,ToD blocks
2020-02-29,OAKEY2SF,-1.1404670224080817,ToD blocks
2020-03-31,OAKEY2SF,-2.3376731207839185,ToD blocks
2020-04-30,OAKEY2SF,-2.442573891518027,ToD blocks
2020-05-31,OAKEY2SF,-2.7890097628543487,ToD blocks
2020-06-30,OAKEY2SF,-9.013579309641042,ToD blocks
2020-07-31,OAKEY2SF,-6.419023142189641,ToD blocks
2020-08-31,OAKEY2SF,-2.8412617934918227,ToD blocks
2020-09-30,OAKEY2SF,-2.114937941011055,ToD blocks
2020-10-31,OAKEY2SF,-0.44194097084768913,ToD blocks
2020-11-30,OAKEY2SF,-3.637413035991564,ToD blocks
2020-12-31,OAKEY2SF,-6.063695939259894,ToD blocks
2021-01-31,OAKEY2SF,1.0358206430354215,ToD blocks
2021-02-28,OAKEY2SF,-2.876304522297339,ToD blocks
2021-03-31,OAKEY2SF,-7.515489359081652,ToD blocks
2021-04-30,OAKEY2SF,-9.94469079413895,ToD blocks
2021-05-31,OAKEY2SF,-62.8916450458824,ToD blocks
2021-06-30,OAKEY2SF,-52.2107663389488,ToD blocks
2021-07-31,OAKEY2SF,-49.602763453726354,ToD blocks
2021-08-31,OAKEY2SF,-7.26599252807932,ToD blocks
2021-09-30,OAKEY2SF,-6.133086129906143,ToD blocks
2021-10-31,OAKEY2SF,-1.0240708484625252,ToD blocks
2021-11-30,OAKEY2SF,-24.94374425930549,ToD blocks
2021-12-31,OAKEY2SF,0.02659100954875271,ToD blocks
2022-01-31,OAKEY2SF,-11.368657034436538,ToD blocks
2022-02-28,OAKEY2SF,1.9963922388940034,ToD blocks
2022-03-31,OAKEY2SF,-11.234724904842821,ToD blocks
2022-04-30,OAKEY2SF,-23.97544392410859,ToD blocks
2022-05-31,OAKEY2SF,-59.82140406905518,ToD blocks
2022-06-30,OAKEY2SF,-72.94473098397253,ToD blocks
2022-07-31,OAKEY2SF,-190.58599487302791,ToD blocks
2022-08-31,OAKEY2SF,-12.538728661940091,ToD blocks
2022-09-30,OAKEY2SF,-31.111477723818695,ToD blocks
2022-10-31,OAKEY2SF,-15.959940659020575,ToD blocks
2022-11-30,OAKEY2SF,-14.41461783270357,ToD blocks
2022-12-31,OAKEY2SF,-0.5491345552432243,ToD blocks
2023-01-31,OAKEY2SF,-12.91096458848667,ToD blocks
2023-02-28,OAKEY2SF,-8.682434409188858,ToD blocks
2023-03-31,OAKEY2SF,-15.313472759952418,ToD blocks
2023-04-30,OAKEY2SF,-17.42594228397686,ToD blocks
2023-05-31,OAKEY2SF,-33.641165473775764,ToD blocks
2023-06-30,OAKEY2SF,-13.714538469452513,ToD blocks
2023-07-31,OAKEY2SF,-9.309008543378056,ToD blocks
2023-08-31,OAKEY2SF,6.439442486899463,ToD blocks
2023-09-30,OAKEY2SF,23.488298118757356,ToD blocks
2023-10-31,OAKEY2SF,5.7449651679965985,ToD blocks
2023-11-30,OAKEY2SF,-13.374100250501517,ToD blocks
2023-12-31,OAKEY2SF,-7.653895606415162,ToD blocks
2024-01-31,OAKEY2SF,-20.948429754177667,ToD blocks
2024-02-29,OAKEY2SF,-14.381757229574333,ToD blocks
2024-03-31,OAKEY2SF,-12.842069023214343,ToD blocks
2024-04-30,OAKEY2SF,-16.125094103726095,ToD blocks
2024-05-31,OAKEY2SF,-23.41348160581668,ToD blocks
2024-06-30,OAKEY2SF,-40.20679357455934,ToD blocks
2024-07-31,OAKEY2SF,-32.90352759348826,ToD blocks
2024-08-31,OAKEY2SF,-30.681477898914032,ToD blocks
2024-09-30,OAKEY2SF,-8.298702042940757,ToD blocks
2024-10-31,OAKEY2SF,-15.05742946452054,ToD blocks
2024-11-30,OAKEY2SF,-35.8538116326754,ToD blocks
2024-12-31,OAKEY2SF,7.9606096191553775,ToD blocks
2020-01-31,RRSF1,-3.989546241749089,ToD blocks
2020-02-29,RRSF1,-1.600712504679997,ToD blocks
2020-03-31,RRSF1,-2.8449617727916277,ToD blocks
2020-04-30,RRSF1,-1.4433633647763848,ToD blocks
2020-05-31,RRSF1,-3.1074637151915425,ToD blocks
2020-06-30,RRSF1,-6.231926546048452,ToD blocks
2020-07-31,RRSF1,-5.944029008911695,ToD blocks
2020-08-31,RRSF1,-4.825341615766156,ToD blocks
2020-09-30,RRSF1,-4.010062365076184,ToD blocks
2020-10-31,RRSF1,-4.336735881028215,ToD blocks
2020-11-30,RRSF1,0.9027148992785641,ToD blocks
2020-12-31,RRSF1,0.7624328455277407,ToD blocks
2021-01-31,RRSF1,-6.864932483595162,ToD blocks
2021-02-28,RRSF1,-3.8782534910351316,ToD blocks
2021-03-31,RRSF1,-4.093924529228964,ToD blocks
2021-04-30,RRSF1,-8.817722734756938,ToD blocks
2021-05-31,RRSF1,-73.23417333795533,ToD blocks
2021-06-30,RRSF1,-55.4281621619362,ToD blocks
2021-07-31,RRSF1,-39.26715051037938,ToD blocks
2021-08-31,RRSF1,-7.082655417669979,ToD blocks
2021-09-30,RRSF1,-7.31163130448051,ToD blocks
2021-10-31,RRSF1,3.495280634675769,ToD blocks
2021-11-30,RRSF1,-17.421063648127102,ToD blocks
2021-12-31,RRSF1,-3.0017722878515087,ToD blocks
2022-01-31,RRSF1,-5.670667464306604,ToD blocks
2022-02-28,RRSF1,4.078176644405971,ToD blocks
2022-03-31,RRSF1,-6.495231333576726,ToD blocks
2022-04-30,RRSF1,-23.525958264062126,ToD blocks
2022-05-31,RRSF1,-36.32551370478197,ToD blocks
2022-06-30,RRSF1,-74.56793703106263,ToD blocks
2022-07-31,RRSF1,-151.52003697051734,ToD blocks
2022-08-31,RRSF1,-28.61702343994891,ToD blocks
2022-09-30,RRSF1,-18.833374086061454,ToD blocks
2022-10-31,RRSF1,-12.63357525188944,ToD blocks
2022-11-30,RRSF1,-12.062518376822432,ToD blocks
2022-12-31,RRSF1,-3.7007470595225733,ToD blocks
2023-01-31,RRSF1,-6.134101155370104,ToD blocks
2023-02-28,RRSF1,-0.8453282130118112,ToD blocks
2023-03-31,RRSF1,-16.63479851022022,ToD blocks
2023-04-30,RRSF1,-15.487056273682498,ToD blocks
2023-05-31,RRSF1,-32.1416573107856,ToD blocks
2023-06-30,RRSF1,-18.736670910851586,ToD blocks
2023-07-31,RRSF1,-22.21764798601215,ToD blocks
2023-08-31,RRSF1,-15.536571151150227,ToD blocks
2023-09-30,RRSF1,-10.693865140988628,ToD blocks
2023-10-31,RRSF1,-7.476160275613273,ToD blocks
2023-11-30,RRSF1,-3.7432964144364327,ToD blocks
2023-12-31,RRSF1,-6.881277983819203,ToD blocks
2024-01-31,RRSF1,-14.074105672113618,ToD blocks
2024-02-29,RRSF1,-16.617665013714955,ToD blocks
2024-03-31,RRSF1,-9.877391039777144,ToD blocks
2024-04-30,RRSF1,-14.351316893645219,ToD blocks
2024-05-31,RRSF1,-27.49678141719243,ToD blocks
2024-06-30,RRSF1,-30.884732972992396,ToD blocks
2024-07-31,RRSF1,-28.80051286449788,ToD blocks
2024-08-31,RRSF1,-31.820496753821406,ToD blocks
2024-09-30,RRSF1,-6.553489944608911,ToD blocks
2024-10-31,RRSF1,-9.28675766972994,ToD blocks
2024-11-30,RRSF1,-14.408704040415344,ToD blocks
2024-12-31,RRSF1,-13.109339585968137,ToD blocks
2020-01-31,RUGBYR1,5.724257237205549,ToD blocks
2020-02-29,RUGBYR1,-1.1250993064936168,ToD blocks
2020-03-31,RUGBYR1,-2.7308819201633483,ToD blocks
2020-04-30,RUGBYR1,-1.21999319873472,ToD blocks
2020-05-31,RUGBYR1,1.1892835265382118,ToD blocks
2020-06-30,RUGBYR1,-5.382924031203856,ToD blocks
2020-07-31,RUGBYR1,-5.709001028886913,ToD blocks
2020-08-31,RUGBYR1,-1.0728553053666587,ToD blocks
2020-09-30,RUGBYR1,-3.4700239790604552,ToD blocks
2020-10-31,RUGBYR1,-3.224210045413024,ToD blocks
2020-11-30,RUGBYR1,-1.2431627538163355,ToD blocks
2020-12-31,RUGBYR1,2.5243111777736544,ToD blocks
2021-01-31,RUGBYR1,-5.938754243175268,ToD blocks
2021-02-28,RUGBYR1,-3.8146337150434704,ToD blocks
2021-03-31,RUGBYR1,-6.792666302627282,ToD blocks
2021-04-30,RUGBYR1,-13.803676794839031,ToD blocks
2021-05-31,RUGBYR1,-65.76148921185259,ToD blocks
2021-06-30,RUGBYR1,-48.748458470300974,ToD blocks
2021-07-31,RUGBYR1,-36.81394389107385,ToD blocks
2021-08-31,RUGBYR1,-4.651907862102856,ToD blocks
2021-09-30,RUGBYR1,2.6888743448758206,ToD blocks
2021-10-31,RUGBYR1,5.038197732491472,ToD blocks
2021-11-30,RUGBYR1,-5.088800161037042,ToD blocks
2021-12-31,RUGBYR1,7.021604323533808,ToD blocks
2022-01-31,RUGBYR1,-6.132812575974171,ToD blocks
2022-02-28,RUGBYR1,10.89616217737398,ToD blocks
2022-03-31,RUGBYR1,-1.411018117504824,ToD blocks
2022-04-30,RUGBYR1,-20.42986499404688,ToD blocks
2022-05-31,RUGBYR1,-42.358817430987216,ToD blocks
2022-06-30,RUGBYR1,-69.57941623551264,ToD blocks
2022-07-31,RUGBYR1,-141.11022720226998,ToD blocks
2022-08-31,RUGBYR1,-13.432198826805099,ToD blocks
2022-09-30,RUGBYR1,-12.123093514497498,ToD blocks
2022-10-31,RUGBYR1,-12.041276601329301,ToD blocks
2022-11-30,RUGBYR1,-16.850220046027637,ToD blocks
2022-12-31,RUGBYR1,-3.2107581586130856,ToD blocks
2023-01-31,RUGBYR1,-9.066468404164382,ToD blocks
2023-02-28,RUGBYR1,-8.6196923948213,ToD blocks
2023-03-31,RUGBYR1,-17.896737178898547,ToD blocks
2023-04-30,RUGBYR1,-15.1963293959028,ToD blocks
2023-05-31,RUGBYR1,-27.250815486691522,ToD blocks
2023-06-30,RUGBYR1,-15.8607465505602,ToD blocks
2023-07-31,RUGBYR1,-27.665880925058662,ToD blocks
2023-08-31,RUGBYR1,-13.893036379634639,ToD blocks
2023-09-30,RUGBYR1,-5.5604584369955425,ToD blocks
2023-10-31,RUGBYR1,-7.3672337041248666,ToD blocks
2023-11-30,RUGBYR1,-3.3245365561088462,ToD blocks
2023-12-31,RUGBYR1,-3.7893474944935264,ToD blocks
2024-01-31,RUGBYR1,-10.442111698921266,ToD blocks
2024-02-29,RUGBYR1,-10.02939782244944,ToD blocks
2024-03-31,RUGBYR1,-9.02478226028731,ToD blocks
2024-04-30,RUGBYR1,-15.284887096190001,ToD blocks
2024-05-31,RUGBYR1,-20.77158495091007,ToD blocks
2024-06-30,RUGBYR1,-28.966241740424884,ToD blocks
2024-07-31,RUGBYR1,-23.773837551418843,ToD blocks
2024-08-31,RUGBYR1,-17.78357463761855,ToD blocks
2024-09-30,RUGBYR1,0.3656347033019802,ToD blocks
2024-10-31,RUGBYR1,-3.0487729120002327,ToD blocks
2024-11-30,RUGBYR1,-22.21144125965226,ToD blocks
2024-12-31,RUGBYR1,0.6422475113443227,ToD blocks
2020-01-31,SMCSF1,-1.1413767998883202,ToD blocks
2020-02-29,SMCSF1,-1.37111694823529,ToD blocks
2020-03-31,SMCSF1,-1.6543680270583607,ToD blocks
2020-04-30,SMCSF1,-2.177818583526342,ToD blocks
2020-05-31,SMCSF1,0.07978814847596638,ToD blocks
2020-06-30,SMCSF1,-3.883612694946134,ToD blocks
2020-07-31,SMCSF1,-9.753379871964828,ToD blocks
2020-08-31,SMCSF1,4.955424610275424,ToD blocks
2020-09-30,SMCSF1,-1.0520337205128865,ToD blocks
2020-10-31,SMCSF1,1.9013641387219309,ToD blocks
2020-11-30,SMCSF1,-14.95584461552819,ToD blocks
2020-12-31,SMCSF1,-6.571309738116021,ToD blocks
2021-01-31,SMCSF1,87.774623271242,ToD blocks
2021-02-28,SMCSF1,,ToD blocks
2021-03-31,SMCSF1,-14.139631600020518,ToD blocks
2021-04-30,SMCSF1,-23.987082779344767,ToD blocks
2021-05-31,SMCSF1,,ToD blocks
2021-06-30,SMCSF1,14825.159992509407,ToD blocks
2021-07-31,SMCSF1,,ToD blocks
2021-08-31,SMCSF1,,ToD blocks
2021-09-30,SMCSF1,-13.407398906311139,ToD blocks
2021-10-31,SMCSF1,15.268141329795125,ToD blocks
2021-11-30,SMCSF1,9.082979961230052,ToD blocks
2021-12-31,SMCSF1,0.3446411045614042,ToD blocks
2022-01-31,SMCSF1,-7.347471925353005,ToD blocks
2022-02-28,SMCSF1,3.7713385960293664,ToD blocks
2022-03-31,SMCSF1,-6.396499154754721,ToD blocks
2022-04-30,SMCSF1,-24.55584426884849,ToD blocks
2022-05-31,SMCSF1,-37.416358350455255,ToD blocks
2022-06-30,SMCSF1,-71.12634804970924,ToD blocks
2022-07-31,SMCSF1,-161.52878629982152,ToD blocks
2022-08-31,SMCSF1,-22.93341079718249,ToD blocks
2022-09-30,SMCSF1,-20.97249165171027,ToD blocks
2022-10-31,SMCSF1,-13.716854751900584,ToD blocks
2022-11-30,SMCSF1,-15.49205030647854,ToD blocks
2022-12-31,SMCSF1,-5.276324310279126,ToD blocks
2023-01-31,SMCSF1,-6.117087111778858,ToD blocks
2023-02-28,SMCSF1,-13.247514777299315,ToD blocks
2023-03-31,SMCSF1,-7.23038300945791,ToD blocks
2023-04-30,SMCSF1,-15.37092227745454,ToD blocks
2023-05-31,SMCSF1,-31.61316050183821,ToD blocks
2023-06-30,SMCSF1,-17.38053159099944,ToD blocks
2023-07-31,SMCSF1,-23.880711751229427,ToD blocks
2023-08-31,SMCSF1,-16.636686151016676,ToD blocks
2023-09-30,SMCSF1,-14.0002437991843,ToD blocks
2023-10-31,SMCSF1,-9.306238387909179,ToD blocks
2023-11-30,SMCSF1,-8.104114526788798,ToD blocks
2023-12-31,SMCSF1,-8.918897307371537,ToD blocks
2024-01-31,SMCSF1,-11.648196351510805,ToD blocks
2024-02-29,SMCSF1,-14.054882430155196,ToD blocks
2024-03-31,SMCSF1,-8.913323604222235,ToD blocks
2024-04-30,SMCSF1,-16.678657181423983,ToD blocks
2024-05-31,SMCSF1,-17.09130421484521,ToD blocks
2024-06-30,SMCSF1,-31.110830231437824,ToD blocks
2024-07-31,SMCSF1,-22.359707265194395,ToD blocks
2024-08-31,SMCSF1,-16.547068624832793,ToD blocks
2024-09-30,SMCSF1,-5.052639865150548,ToD blocks
2024-10-31,SMCSF1,-5.986191215048112,ToD blocks
2024-11-30,SMCSF1,-24.621703459758876,ToD blocks
2024-12-31,SMCSF1,4.311759025504806,ToD blocks
2020-01-31,SRSF1,16.512671686469048,ToD blocks
2020-02-29,SRSF1,-0.4803634101793506,ToD blocks
2020-03-31,SRSF1,-3.9319187042800436,ToD blocks
2020-04-30,SRSF1,-2.6427082817130056,ToD blocks
2020-05-31,SRSF1,-0.4803988425540773,ToD blocks
2020-06-30,SRSF1,-1.3699392557661767,ToD blocks
2020-07-31,SRSF1,-6.587990641047831,ToD blocks
2020-08-31,SRSF1,-5.897399631518777,ToD blocks
2020-09-30,SRSF1,-5.778476782297251,ToD blocks
2020-10-31,SRSF1,-4.309591006859758,ToD blocks
2020-11-30,SRSF1,1.1482660027851637,ToD blocks
2020-12-31,SRSF1,1.640435813084423,ToD blocks
2021-01-31,SRSF1,-3.765426219249079,ToD blocks
2021-02-28,SRSF1,-0.9183961803800358,ToD blocks
2021-03-31,SRSF1,-4.299166720591451,ToD blocks
2021-04-30,SRSF1,-15.534203233779824,ToD blocks
2021-05-31,SRSF1,-52.354816233288176,ToD blocks
2021-06-30,SRSF1,-53.96096776559989,ToD blocks
2021-07-31,SRSF1,-49.997089434320266,ToD blocks
2021-08-31,SRSF1,-7.732576184907167,ToD blocks
2021-09-30,SRSF1,-2.6373094292964865,ToD blocks
2021-10-31,SRSF1,1.6246359442963119,ToD blocks
2021-11-30,SRSF1,-12.615488128807186,ToD blocks
2021-12-31,SRSF1,-3.019412580944561,ToD blocks
2022-01-31,SRSF1,-13.58274192675232,ToD blocks
2022-02-28,SRSF1,-10.608263903075311,ToD blocks
2022-03-31,SRSF1,-12.11258093328928,ToD blocks
2022-04-30,SRSF1,-27.770859682227865,ToD blocks
2022-05-31,SRSF1,-63.121897799040255,ToD blocks
2022-06-30,SRSF1,-71.0011073222804,ToD blocks
2022-07-31,SRSF1,-184.8643752303785,ToD blocks
2022-08-31,SRSF1,-25.817727517790743,ToD blocks
2022-09-30,SRSF1,-35.095849630848264,ToD blocks
2022-10-31,SRSF1,-25.281140381242537,ToD blocks
2022-11-30,SRSF1,-18.681831281984522,ToD blocks
2022-12-31,SRSF1,-7.227967735200018,ToD blocks
2023-01-31,SRSF1,-9.486457847168424,ToD blocks
2023-02-28,SRSF1,-11.897394511999785,ToD blocks
2023-03-31,SRSF1,-11.923839724594103,ToD blocks
2023-04-30,SRSF1,-18.069639201730894,ToD blocks
2023-05-31,SRSF1,-36.87490962270061,ToD blocks
2023-06-30,SRSF1,-24.366105408093915,ToD blocks
2023-07-31,SRSF1,-31.149544640342555,ToD blocks
2023-08-31,SRSF1,-21.050045641621832,ToD blocks
2023-09-30,SRSF1,-10.836393368568244,ToD blocks
2023-10-31,SRSF1,-8.42978364578998,ToD blocks
2023-11-30,SRSF1,-12.095656794425679,ToD blocks
2023-12-31,SRSF1,-5.708249220680344,ToD blocks
2024-01-31,SRSF1,-17.023516572204727,ToD blocks
2024-02-29,SRSF1,-12.59786343046867,ToD blocks
2024-03-31,SRSF1,-13.017838305258145,ToD blocks
2024-04-30,SRSF1,-21.225110565295008,ToD blocks
2024-05-31,SRSF1,-27.844911747098607,ToD blocks
2024-06-30,SRSF1,-41.143610140530825,ToD blocks
2024-07-31,SRSF1,-31.328579852533093,ToD blocks
2024-08-31,SRSF1,-35.26017239551542,ToD blocks
2024-09-30,SRSF1,-3.2051367420486514,ToD blocks
2024-10-31,SRSF1,0.8533755597870778,ToD blocks
2024-11-30,SRSF1,-6.112612874016051,ToD blocks
2024-12-31,SRSF1,-12.57268067573203,ToD blocks
2020-01-31,WHITSF1,-6.102065350424127,ToD blocks
2020-02-29,WHITSF1,-2.804832138727342,ToD blocks
2020-03-31,WHITSF1,-2.0112163430658896,ToD blocks
2020-04-30,WHITSF1,-1.1435225864191452,ToD blocks
2020-05-31,WHITSF1,2.7258933315230713,ToD blocks
2020-06-30,WHITSF1,-0.8640134109705286,ToD blocks
2020-07-31,WHITSF1,-2.1214755803300314,ToD blocks
2020-08-31,WHITSF1,8.891384890246476,ToD blocks
2020-09-30,WHITSF1,7.666903429340641,ToD blocks
2020-10-31,WHITSF1,5.688258163793698,ToD blocks
2020-11-30,WHITSF1,-0.9434456377766764,ToD blocks
2020-12-31,WHITSF1,-1.4765318051107101,ToD blocks
2021-01-31,WHITSF1,-7.064708563023849,ToD blocks
2021-02-28,WHITSF1,-4.27340038256839,ToD blocks
2021-03-31,WHITSF1,-2.993662454675814,ToD blocks
2021-04-30,WHITSF1,-1.8701424318563227,ToD blocks
2021-05-31,WHITSF1,-52.777647770430995,ToD blocks
2021-06-30,WHITSF1,-59.2784982786587,ToD blocks
2021-07-31,WHITSF1,-31.739884496795696,ToD blocks
2021-08-31,WHITSF1,4.544413584529124,ToD blocks
2021-09-30,WHITSF1,24.091993668168193,ToD blocks
2021-10-31,WHITSF1,29.614576496843785,ToD blocks
2021-11-30,WHITSF1,-1.3494095428765576,ToD blocks
2021-12-31,WHITSF1,-3.579106158405324,ToD blocks
2022-01-31,WHITSF1,-15.378033325032646,ToD blocks
2022-02-28,WHITSF1,4.693597957241565,ToD blocks
2022-03-31,WHITSF1,-11.42942401004504,ToD blocks
2022-04-30,WHITSF1,-34.39222058352152,ToD blocks
2022-05-31,WHITSF1,-39.41621423696222,ToD blocks
2022-06-30,WHITSF1,-58.1340955682854,ToD blocks
2022-07-31,WHITSF1,-148.39733439664428,ToD blocks
2022-08-31,WHITSF1,10.712651011996385,ToD blocks
2022-09-30,WHITSF1,22.577735073093322,ToD blocks
2022-10-31,WHITSF1,-2.0845681449211924,ToD blocks
2022-11-30,WHITSF1,6.204062646706177,ToD blocks
2022-12-31,WHITSF1,19.101586731287576,ToD blocks
2023-01-31,WHITSF1,4.874616484667143,ToD blocks
2023-02-28,WHITSF1,6.3131812956136315,ToD blocks
2023-03-31,WHITSF1,7.7345955769752095,ToD blocks
2023-04-30,WHITSF1,13.159180696731418,ToD blocks
2023-05-31,WHITSF1,-10.32402280995673,ToD blocks
2023-06-30,WHITSF1,-3.04596761698361,ToD blocks
2023-07-31,WHITSF1,6.34345700458821,ToD blocks
2023-08-31,WHITSF1,32.54132330887097,ToD blocks
2023-09-30,WHITSF1,46.33592808575756,ToD blocks
2023-10-31,WHITSF1,37.234296970753064,ToD blocks
2023-11-30,WHITSF1,26.230672477362624,ToD blocks
2023-12-31,WHITSF1,14.712842560058668,ToD blocks
2024-01-31,WHITSF1,6.3276568796039925,ToD blocks
2024-02-29,WHITSF1,-19.440739093845515,ToD blocks
2024-03-31,WHITSF1,-9.514527157728182,ToD blocks
2024-04-30,WHITSF1,-7.744145422527602,ToD blocks
2024-05-31,WHITSF1,-10.95368498548089,ToD blocks
2024-06-30,WHITSF1,-20.931277832064815,ToD blocks
2024-07-31,WHITSF1,-13.914987416817006,ToD blocks
2024-08-31,WHITSF1,-7.946720077723171,ToD blocks
2024-09-30,WHITSF1,30.422623609158897,ToD blocks
2024-10-31,WHITSF1,38.792549410216544,ToD blocks
2024-11-30,WHITSF1,0.8139144120792139,ToD blocks
2024-12-31,WHITSF1,9.263192599744755,ToD blocks
2020-01-31,CHILDSF1,3.4910174158891607,Baseload
2020-02-29,CHILDSF1,-0.071745767188645,Baseload
2020-03-31,CHILDSF1,-8.777565532238043,Baseload
2020-04-30,CHILDSF1,-10.30872399498353,Baseload
2020-05-31,CHILDSF1,-10.944436610823693,Baseload
2020-06-30,CHILDSF1,-8.374672251722014,Baseload
2020-07-31,CHILDSF1,-14.838978697257115,Baseload
2020-08-31,CHILDSF1,-20.61413640230081,Baseload
2020-09-30,CHILDSF1,-21.583328052331126,Baseload
2020-10-31,CHILDSF1,-16.576289047062723,Baseload
2020-11-30,CHILDSF1,-5.273746415354246,Baseload
2020-12-31,CHILDSF1,0.025129600490686244,Baseload
2021-01-31,CHILDSF1,-5.23093871631184,Baseload
2021-02-28,CHILDSF1,-6.3144291849340775,Baseload
2021-03-31,CHILDSF1,-14.787861184007749,Baseload
2021-04-30,CHILDSF1,-25.879205591926755,Baseload
2021-05-31,CHILDSF1,-75.45630542319935,Baseload
2021-06-30,CHILDSF1,-110.31309965898923,Baseload
2021-07-31,CHILDSF1,-79.39376608397788,Baseload
2021-08-31,CHILDSF1,-33.435872966187326,Baseload
2021-09-30,CHILDSF1,-32.50767041836437,Baseload
2021-10-31,CHILDSF1,-32.52675249434863,Baseload
2021-11-30,CHILDSF1,-20.054030795845165,Baseload
2021-12-31,CHILDSF1,-61.48156467845304,Baseload
2022-01-31,CHILDSF1,-49.41013803123353,Baseload
2022-02-28,CHILDSF1,-64.549244924024,Baseload
2022-03-31,CHILDSF1,-66.14242467392559,Baseload
2022-04-30,CHILDSF1,-87.39026737247494,Baseload
2022-05-31,CHILDSF1,-123.4403190419936,Baseload
2022-06-30,CHILDSF1,-170.27932358374113,Baseload
2022-07-31,CHILDSF1,-240.65937338374783,Baseload
2022-08-31,CHILDSF1,-85.3042511169286,Baseload
2022-09-30,CHILDSF1,-97.4352995733608,Baseload
2022-10-31,CHILDSF1,-68.3550358347848,Baseload
2022-11-30,CHILDSF1,-71.82519480581513,Baseload
2022-12-31,CHILDSF1,-62.829396337390946,Baseload
2023-01-31,CHILDSF1,-40.92042285003812,Baseload
2023-02-28,CHILDSF1,-39.49649638311689,Baseload
2023-03-31,CHILDSF1,-51.606348945019676,Baseload
2023-04-30,CHILDSF1,-68.707721244607,Baseload
2023-05-31,CHILDSF1,-121.06354019406082,Baseload
2023-06-30,CHILDSF1,-64.77666572427296,Baseload
2023-07-31,CHILDSF1,-63.18536585586742,Baseload
2023-08-31,CHILDSF1,-78.3938672371906,Baseload
2023-09-30,CHILDSF1,-67.35445334642469,Baseload
2023-10-31,CHILDSF1,-54.29527745920011,Baseload
2023-11-30,CHILDSF1,-52.402491598590146,Baseload
2023-12-31,CHILDSF1,-55.799292965764074,Baseload
2024-01-31,CHILDSF1,-89.52708338091821,Baseload
2024-02-29,CHILDSF1,-56.34724732380812,Baseload
2024-03-31,CHILDSF1,-37.3146675933152,Baseload
2024-04-30,CHILDSF1,-61.23632385839791,Baseload
2024-05-31,CHILDSF1,-75.56731893299556,Baseload
2024-06-30,CHILDSF1,-92.08060219752764,Baseload
2024-07-31,CHILDSF1,-84.71179309812567,Baseload
2024-08-31,CHILDSF1,-105.91171616572969,Baseload
2024-09-30,CHILDSF1,-65.39331619345185,Baseload
2024-10-31,CHILDSF1,-69.97940735321984,Baseload
2024-11-30,CHILDSF1,-105.79165848373545,Baseload
2024-12-31,CHILDSF1,-77.39318278681823,Baseload
2020-01-31,CLARESF1,-3.592210115154515,Baseload
2020-02-29,CLARESF1,-2.2950969939247017,Baseload
2020-03-31,CLARESF1,-7.424831863524297,Baseload
2020-04-30,CLARESF1,-8.829433174674925,Baseload
2020-05-31,CLARESF1,-9.219050335849694,Baseload
2020-06-30,CLARESF1,-15.11141880321441,Baseload
2020-07-31,CLARESF1,-13.837529684493553,Baseload
2020-08-31,CLARESF1,-18.04944738367066,Baseload
2020-09-30,CLARESF1,-15.035778663047967,Baseload
2020-10-31,CLARESF1,-10.929275303682466,Baseload
2020-11-30,CLARESF1,-9.067639680302726,Baseload
2020-12-31,CLARESF1,2.942847276646262,Baseload
2021-01-31,CLARESF1,-7.685007450397428,Baseload
2021-02-28,CLARESF1,-8.229411859545486,Baseload
2021-03-31,CLARESF1,-14.069489008257705,Baseload
2021-04-30,CLARESF1,-28.010345897315858,Baseload
2021-05-31,CLARESF1,-91.88421925472885,Baseload
2021-06-30,CLARESF1,-113.75264698983959,Baseload
2021-07-31,CLARESF1,-66.04749130725399,Baseload
2021-08-31,CLARESF1,-21.56438086109233,Baseload
2021-09-30,CLARESF1,-5.053547920925055,Baseload
2021-10-31,CLARESF1,-13.89708198601923,Baseload
2021-11-30,CLARESF1,-4.0501058819761795,Baseload
2021-12-31,CLARESF1,-54.46495106092645,Baseload
2022-01-31,CLARESF1,-28.08928450640832,Baseload
2022-02-28,CLARESF1,0.371226053231112,Baseload
2022-03-31,CLARESF1,-47.836384265843094,Baseload
2022-04-30,CLARESF1,-70.81686279551849,Baseload
2022-05-31,CLARESF1,-89.2702394768084,Baseload
2022-06-30,CLARESF1,-165.7948106955615,Baseload
2022-07-31,CLARESF1,-202.21919241860135,Baseload
2022-08-31,CLARESF1,-50.39751033270021,Baseload
2022-09-30,CLARESF1,-47.6630356449586,Baseload
2022-10-31,CLARESF1,-36.11477938398676,Baseload
2022-11-30,CLARESF1,-46.93639406069947,Baseload
2022-12-31,CLARESF1,-36.195900018115715,Baseload
2023-01-31,CLARESF1,-25.754206238228065,Baseload
2023-02-28,CLARESF1,-24.17343070767383,Baseload
2023-03-31,CLARESF1,-29.86695118931391,Baseload
2023-04-30,CLARESF1,-40.67991530317933,Baseload
2023-05-31,CLARESF1,-92.67491489760728,Baseload
2023-06-30,CLARESF1,-41.63128006395136,Baseload
2023-07-31,CLARESF1,-27.357375343016763,Baseload
2023-08-31,CLARESF1,-29.893171713730325,Baseload
2023-09-30,CLARESF1,-15.434900577142507,Baseload
2023-10-31,CLARESF1,-6.072992489803418,Baseload
2023-11-30,CLARESF1,-11.467286664635267,Baseload
2023-12-31,CLARESF1,-25.54639659980036,Baseload
2024-01-31,CLARESF1,-74.75495216195746,Baseload
2024-02-29,CLARESF1,-56.30215710099144,Baseload
2024-03-31,CLARESF1,-32.90513721211734,Baseload
2024-04-30,CLARESF1,-55.22217356164023,Baseload
2024-05-31,CLARESF1,-62.586339882169625,Baseload
2024-06-30,CLARESF1,-79.69802340042871,Baseload
2024-07-31,CLARESF1,-77.22212850952886,Baseload
2024-08-31,CLARESF1,-88.30540048816898,Baseload
2024-09-30,CLARESF1,-55.22804385006977,Baseload
2024-10-31,CLARESF1,-70.85480435600277,Baseload
2024-11-30,CLARESF1,-102.87751474825662,Baseload
2024-12-31,CLARESF1,-39.11292600324093,Baseload
2020-01-31,CLERMSF1,2.071722713292118,Baseload
2020-02-29,CLERMSF1,-1.0672670017177879,Baseload
2020-03-31,CLERMSF1,-7.510795882438472,Baseload
2020-04-30,CLERMSF1,-8.242787827575402,Baseload
2020-05-31,CLERMSF1,-16.405145601478516,Baseload
2020-06-30,CLERMSF1,-12.135621887480305,Baseload
2020-07-31,CLERMSF1,-13.208128304956016,Baseload
2020-08-31,CLERMSF1,-13.386632627486797,Baseload
2020-09-30,CLERMSF1,-13.598180833909662,Baseload
2020-10-31,CLERMSF1,-9.877138503492613,Baseload
2020-11-30,CLERMSF1,-8.587869740769136,Baseload
2020-12-31,CLERMSF1,3.99514429535909,Baseload
2021-01-31,CLERMSF1,-5.817180912139335,Baseload
2021-02-28,CLERMSF1,-7.175579464006006,Baseload
2021-03-31,CLERMSF1,-12.698709276691368,Baseload
2021-04-30,CLERMSF1,-24.03570635115458,Baseload
2021-05-31,CLERMSF1,-56.595536991293486,Baseload
2021-06-30,CLERMSF1,-105.03164068139179,Baseload
2021-07-31,CLERMSF1,-73.34023484537582,Baseload
2021-08-31,CLERMSF1,-26.252068428832253,Baseload
2021-09-30,CLERMSF1,-21.38118082337567,Baseload
2021-10-31,CLERMSF1,-18.19551642004619,Baseload
2021-11-30,CLERMSF1,-6.078366570175788,Baseload
2021-12-31,CLERMSF1,-56.17616420218506,Baseload
2022-01-31,CLERMSF1,-43.81865530577524,Baseload
2022-02-28,CLERMSF1,-50.79173408731684,Baseload
2022-03-31,CLERMSF1,-54.298434074446064,Baseload
2022-04-30,CLERMSF1,-75.3607377551921,Baseload
2022-05-31,CLERMSF1,-99.15696208481424,Baseload
2022-06-30,CLERMSF1,-163.41769757939218,Baseload
2022-07-31,CLERMSF1,-170.32215602660887,Baseload
2022-08-31,CLERMSF1,-74.2849557116358,Baseload
2022-09-30,CLERMSF1,-81.59751972186329,Baseload
2022-10-31,CLERMSF1,-58.44959657494225,Baseload
2022-11-30,CLERMSF1,-68.94672934741493,Baseload
2022-12-31,CLERMSF1,-56.696077024664156,Baseload
2023-01-31,CLERMSF1,-39.819657731026844,Baseload
2023-02-28,CLERMSF1,-33.6633376344073,Baseload
2023-03-31,CLERMSF1,-45.58515440415269,Baseload
2023-04-30,CLERMSF1,-65.49737135995451,Baseload
2023-05-31,CLERMSF1,-111.04608614456508,Baseload
2023-06-30,CLERMSF1,-60.37708300900806,Baseload
2023-07-31,CLERMSF1,-59.78619946629876,Baseload
2023-08-31,CLERMSF1,-70.97418150457042,Baseload
2023-09-30,CLERMSF1,-59.938589935860975,Baseload
2023-10-31,CLERMSF1,-52.75680529049778,Baseload
2023-11-30,CLERMSF1,-45.90807686248286,Baseload
2023-12-31,CLERMSF1,-52.07196725325969,Baseload
2024-01-31,CLERMSF1,-83.64748117233194,Baseload
2024-02-29,CLERMSF1,-53.499419134958785,Baseload
2024-03-31,CLERMSF1,-32.630012610305556,Baseload
2024-04-30,CLERMSF1,-54.71505771926846,Baseload
2024-05-31,CLERMSF1,-72.98547216086979,Baseload
2024-06-30,CLERMSF1,-84.9855158199363,Baseload
2024-07-31,CLERMSF1,-83.18035100618005,Baseload
2024-08-31,CLERMSF1,-107.82645794131022,Baseload
2024-09-30,CLERMSF1,-65.13391156436069,Baseload
2024-10-31,CLERMSF1,-78.84953227099498,Baseload
2024-11-30,CLERMSF1,-117.42097047688347,Baseload
2024-12-31,CLERMSF1,-73.42481178775864,Baseload
2020-01-31,CSPVPS1,-2.48409349678964,Baseload
2020-02-29,CSPVPS1,-2.4752975321077386,Baseload
2020-03-31,CSPVPS1,-6.797980558114581,Baseload
2020-04-30,CSPVPS1,-9.545196752241118,Baseload
2020-05-31,CSPVPS1,-14.7181553942136,Baseload
2020-06-30,CSPVPS1,-15.653643138488466,Baseload
2020-07-31,CSPVPS1,-14.911718734716008,Baseload
2020-08-31,CSPVPS1,-22.32492688785532,Baseload
2020-09-30,CSPVPS1,-21.58692806629516,Baseload
2020-10-31,CSPVPS1,-13.605549463047584,Baseload
2020-11-30,CSPVPS1,-8.696316440604868,Baseload
2020-12-31,CSPVPS1,0.8074875726848134,Baseload
2021-01-31,CSPVPS1,-6.946083453835094,Baseload
2021-02-28,CSPVPS1,-7.475122888536035,Baseload
2021-03-31,CSPVPS1,-14.493280253546416,Baseload
2021-04-30,CSPVPS1,-31.46788984931994,Baseload
2021-05-31,CSPVPS1,-91.14700835862666,Baseload
2021-06-30,CSPVPS1,-121.52962121833022,Baseload
2021-07-31,CSPVPS1,-75.32203514169147,Baseload
2021-08-31,CSPVPS1,-36.28876302738545,Baseload
2021-09-30,CSPVPS1,-35.587382707868514,Baseload
2021-10-31,CSPVPS1,-45.308847396488204,Baseload
2021-11-30,CSPVPS1,-19.80819419949019,Baseload
2021-12-31,CSPVPS1,-61.97182964382117,Baseload
2022-01-31,CSPVPS1,-43.38743151476369,Baseload
2022-02-28,CSPVPS1,-45.464975405228756,Baseload
2022-03-31,CSPVPS1,-61.0913095180361,Baseload
2022-04-30,CSPVPS1,-90.25443192263234,Baseload
2022-05-31,CSPVPS1,-107.73910260441113,Baseload
2022-06-30,CSPVPS1,-190.74420759454057,Baseload
2022-07-31,CSPVPS1,-230.69250062313193,Baseload
2022-08-31,CSPVPS1,-95.03673309006132,Baseload
2022-09-30,CSPVPS1,-95.62527554206184,Baseload
2022-10-31,CSPVPS1,-60.25651176952188,Baseload
2022-11-30,CSPVPS1,-71.0338076026973,Baseload
2022-12-31,CSPVPS1,-61.00743515390094,Baseload
2023-01-31,CSPVPS1,-39.22943055463763,Baseload
2023-02-28,CSPVPS1,-36.81571655260089,Baseload
2023-03-31,CSPVPS1,-51.61925710472589,Baseload
2023-04-30,CSPVPS1,-74.76082347393441,Baseload
2023-05-31,CSPVPS1,-120.47437640697976,Baseload
2023-06-30,CSPVPS1,-64.84145306459499,Baseload
2023-07-31,CSPVPS1,-64.59928602269358,Baseload
2023-08-31,CSPVPS1,-77.79700344742268,Baseload
2023-09-30,CSPVPS1,-70.51939506262612,Baseload
2023-10-31,CSPVPS1,-57.59371005420673,Baseload
2023-11-30,CSPVPS1,-48.44277477142603,Baseload
2023-12-31,CSPVPS1,-60.70644402427853,Baseload
2024-01-31,CSPVPS1,-83.2836201673226,Baseload
2024-02-29,CSPVPS1,-65.53444829521877,Baseload
2024-03-31,CSPVPS1,-33.288227542917554,Baseload
2024-04-30,CSPVPS1,-55.409564753839625,Baseload
2024-05-31,CSPVPS1,-76.44420565337225,Baseload
2024-06-30,CSPVPS1,-97.07252707520257,Baseload
2024-07-31,CSPVPS1,-88.60524416615708,Baseload
2024-08-31,CSPVPS1,-114.44293890576428,Baseload
2024-09-30,CSPVPS1,-71.98256484868813,Baseload
2024-10-31,CSPVPS1,-83.71397892769751,Baseload
2024-11-30,CSPVPS1,-121.09764720496189,Baseload
2024-12-31,CSPVPS1,-85.79268741854922,Baseload
2020-01-31,DAYDSF1,-2.8281295027622946,Baseload
2020-02-29,DAYDSF1,-2.54638698118719,Baseload
2020-03-31,DAYDSF1,-7.049562097775272,Baseload
2020-04-30,DAYDSF1,-8.77816954966081,Baseload
2020-05-31,DAYDSF1,-11.040274526902358,Baseload
2020-06-30,DAYDSF1,-14.356522985997376,Baseload
2020-07-31,DAYDSF1,-12.165628589260052,Baseload
2020-08-31,DAYDSF1,-17.819436896338864,Baseload
2020-09-30,DAYDSF1,-17.474355667578788,Baseload
2020-10-31,DAYDSF1,-12.69802529817671,Baseload
2020-11-30,DAYDSF1,-9.65597633604741,Baseload
2020-12-31,DAYDSF1,-1.2481107018626503,Baseload
2021-01-31,DAYDSF1,-8.260766727430187,Baseload
2021-02-28,DAYDSF1,-8.23886745345947,Baseload
2021-03-31,DAYDSF1,-11.18145599031692,Baseload
2021-04-30,DAYDSF1,-26.280903394423127,Baseload
2021-05-31,DAYDSF1,-81.77111053242044,Baseload
2021-06-30,DAYDSF1,-123.97344718742686,Baseload
2021-07-31,DAYDSF1,-72.61601885828864,Baseload
2021-08-31,DAYDSF1,-30.97392391774057,Baseload
2021-09-30,DAYDSF1,-31.07380081161947,Baseload
2021-10-31,DAYDSF1,-33.29570006125674,Baseload
2021-11-30,DAYDSF1,1.754675176879033,Baseload
2021-12-31,DAYDSF1,-63.343694713696365,Baseload
2022-01-31,DAYDSF1,-47.52170926460174,Baseload
2022-02-28,DAYDSF1,-32.92752472567898,Baseload
2022-03-31,DAYDSF1,-59.11695523889601,Baseload
2022-04-30,DAYDSF1,-86.56702829666924,Baseload
2022-05-31,DAYDSF1,-100.92285405071894,Baseload
2022-06-30,DAYDSF1,-163.4981916385522,Baseload
2022-07-31,DAYDSF1,-212.27587304972124,Baseload
2022-08-31,DAYDSF1,-76.51603325208241,Baseload
2022-09-30,DAYDSF1,-84.01784608355202,Baseload
2022-10-31,DAYDSF1,-61.887141850503994,Baseload
2022-11-30,DAYDSF1,-66.42121100073078,Baseload
2022-12-31,DAYDSF1,-55.78829835529372,Baseload
2023-01-31,DAYDSF1,-39.69962374077189,Baseload
2023-02-28,DAYDSF1,-35.395149380105565,Baseload
2023-03-31,DAYDSF1,-50.29958608318165,Baseload
2023-04-30,DAYDSF1,-65.01382362559448,Baseload
2023-05-31,DAYDSF1,-111.75351025902475,Baseload
2023-06-30,DAYDSF1,-58.70047841295442,Baseload
2023-07-31,DAYDSF1,-60.4789718104585,Baseload
2023-08-31,DAYDSF1,-70.03844747905347,Baseload
2023-09-30,DAYDSF1,-65.12728425093405,Baseload
2023-10-31,DAYDSF1,-52.546872028631064,Baseload
2023-11-30,DAYDSF1,-41.462209131607224,Baseload
2023-12-31,DAYDSF1,-57.69950700669109,Baseload
2024-01-31,DAYDSF1,-71.77200705670792,Baseload
2024-02-29,DAYDSF1,-65.04936145320899,Baseload
2024-03-31,DAYDSF1,-34.340087096616706,Baseload
2024-04-30,DAYDSF1,-54.39598151961049,Baseload
2024-05-31,DAYDSF1,-73.97345081565,Baseload
2024-06-30,DAYDSF1,-83.03103771243477,Baseload
2024-07-31,DAYDSF1,-82.40195005733652,Baseload
2024-08-31,DAYDSF1,-102.10392438336191,Baseload
2024-09-30,DAYDSF1,-64.32844030161627,Baseload
2024-10-31,DAYDSF1,-72.6705376099759,Baseload
2024-11-30,DAYDSF1,-105.68095258863788,Baseload
2024-12-31,DAYDSF1,-74.00069100243446,Baseload
2020-01-31,DDSF1,-1.8420942206189181,Baseload
2020-02-29,DDSF1,-1.115028804350409,Baseload
2020-03-31,DDSF1,-8.190576781939583,Baseload
2020-04-30,DDSF1,-10.763729727360495,Baseload
2020-05-31,DDSF1,-15.808524729991882,Baseload
2020-06-30,DDSF1,-16.020426624524756,Baseload
2020-07-31,DDSF1,-15.845226233333396,Baseload
2020-08-31,DDSF1,-23.287399154698853,Baseload
2020-09-30,DDSF1,-21.590144048889307,Baseload
2020-10-31,DDSF1,-13.156104900991181,Baseload
2020-11-30,DDSF1,-11.76372921366385,Baseload
2020-12-31,DDSF1,-3.2215143385630327,Baseload
2021-01-31,DDSF1,-4.710215166940067,Baseload
2021-02-28,DDSF1,-6.839091761957974,Baseload
2021-03-31,DDSF1,-16.42032317663494,Baseload
2021-04-30,DDSF1,-24.525967211904423,Baseload
2021-05-31,DDSF1,-78.36144649501998,Baseload
2021-06-30,DDSF1,-135.48829272499103,Baseload
2021-07-31,DDSF1,-88.47663481911239,Baseload
2021-08-31,DDSF1,-36.64315695546273,Baseload
2021-09-30,DDSF1,-42.76998739337549,Baseload
2021-10-31,DDSF1,-45.91047151560967,Baseload
2021-11-30,DDSF1,-31.428263059414064,Baseload
2021-12-31,DDSF1,-65.71284452517145,Baseload
2022-01-31,DDSF1,-43.98780243767732,Baseload
2022-02-28,DDSF1,-64.22480590383846,Baseload
2022-03-31,DDSF1,-67.73101932356528,Baseload
2022-04-30,DDSF1,-85.32356128580727,Baseload
2022-05-31,DDSF1,-131.17311259166496,Baseload
2022-06-30,DDSF1,-192.06563020006155,Baseload
2022-07-31,DDSF1,-241.1366873410374,Baseload
2022-08-31,DDSF1,-100.13649226899219,Baseload
2022-09-30,DDSF1,-103.41080122629168,Baseload
2022-10-31,DDSF1,-74.85095098008154,Baseload
2022-11-30,DDSF1,-78.47566575087069,Baseload
2022-12-31,DDSF1,-66.95521721468886,Baseload
2023-01-31,DDSF1,-45.65003322499296,Baseload
2023-02-28,DDSF1,-42.36618122150298,Baseload
2023-03-31,DDSF1,-65.43357245022537,Baseload
2023-04-30,DDSF1,-78.92206841911762,Baseload
2023-05-31,DDSF1,-127.84565975511798,Baseload
2023-06-30,DDSF1,-71.41554685493008,Baseload
2023-07-31,DDSF1,-70.31921314462055,Baseload
2023-08-31,DDSF1,-82.84170656008341,Baseload
2023-09-30,DDSF1,-71.82627179016718,Baseload
2023-10-31,DDSF1,-59.40621930450108,Baseload
2023-11-30,DDSF1,-58.117561949798045,Baseload
2023-12-31,DDSF1,-67.20292090620322,Baseload
2024-01-31,DDSF1,-96.63158466627672,Baseload
2024-02-29,DDSF1,-63.29178479728879,Baseload
2024-03-31,DDSF1,-40.96441659212584,Baseload
2024-04-30,DDSF1,-68.1523625033822,Baseload
2024-05-31,DDSF1,-85.96543070531843,Baseload
2024-06-30,DDSF1,-102.70568440968908,Baseload
2024-07-31,DDSF1,-97.04973830443267,Baseload
2024-08-31,DDSF1,-123.98306272146034,Baseload
2024-09-30,DDSF1,-78.1581971078588,Baseload
2024-10-31,DDSF1,-89.57156518792476,Baseload
2024-11-30,DDSF1,-137.21787314190124,Baseload
2024-12-31,DDSF1,-90.24879522292804,Baseload
2020-01-31,EMERASF1,5.4287012593080135,Baseload
2020-02-29,EMERASF1,-1.8001294547114313,Baseload
2020-03-31,EMERASF1,-6.0295399538732255,Baseload
2020-04-30,EMERASF1,-7.722370011254181,Baseload
2020-05-31,EMERASF1,-6.69180913023358,Baseload
2020-06-30,EMERASF1,-10.636023058282124,Baseload
2020-07-31,EMERASF1,-12.383801866983642,Baseload
2020-08-31,EMERASF1,-8.379558019752558,Baseload
2020-09-30,EMERASF1,-9.644379059660363,Baseload
2020-10-31,EMERASF1,-7.361496124500402,Baseload
2020-11-30,EMERASF1,-6.38766635795028,Baseload
2020-12-31,EMERASF1,3.2430123657229046,Baseload
2021-01-31,EMERASF1,-5.320399057623618,Baseload
2021-02-28,EMERASF1,-7.008762008612166,Baseload
2021-03-31,EMERASF1,-14.76054839369117,Baseload
2021-04-30,EMERASF1,-15.326579232198036,Baseload
2021-05-31,EMERASF1,-47.91523309561059,Baseload
2021-06-30,EMERASF1,-125.2464490077619,Baseload
2021-07-31,EMERASF1,-59.70197822001285,Baseload
2021-08-31,EMERASF1,-20.9129165118717,Baseload
2021-09-30,EMERASF1,2.5784091453681413,Baseload
2021-10-31,EMERASF1,-2.278614690282012,Baseload
2021-11-30,EMERASF1,16.859721995443778,Baseload
2021-12-31,EMERASF1,-49.26591876657157,Baseload
2022-01-31,EMERASF1,-35.219131552194554,Baseload
2022-02-28,EMERASF1,-46.73981013241267,Baseload
2022-03-31,EMERASF1,-55.357699131993186,Baseload
2022-04-30,EMERASF1,-68.37895145750034,Baseload
2022-05-31,EMERASF1,-97.52512550764214,Baseload
2022-06-30,EMERASF1,-158.6780585518725,Baseload
2022-07-31,EMERASF1,-176.04188058138163,Baseload
2022-08-31,EMERASF1,-60.688194011869214,Baseload
2022-09-30,EMERASF1,-52.766152060631214,Baseload
2022-10-31,EMERASF1,-51.345284212090334,Baseload
2022-11-30,EMERASF1,-51.07705688149632,Baseload
2022-12-31,EMERASF1,-43.942931365503085,Baseload
2023-01-31,EMERASF1,-29.92505133768472,Baseload
2023-02-28,EMERASF1,-26.91935108890693,Baseload
2023-03-31,EMERASF1,-34.475593384889294,Baseload
2023-04-30,EMERASF1,-47.30606215122746,Baseload
2023-05-31,EMERASF1,-100.53017382993043,Baseload
2023-06-30,EMERASF1,-49.14896264960389,Baseload
2023-07-31,EMERASF1,-39.00920465593162,Baseload
2023-08-31,EMERASF1,-39.69573927698018,Baseload
2023-09-30,EMERASF1,-23.84832186552236,Baseload
2023-10-31,EMERASF1,-12.767569758964076,Baseload
2023-11-30,EMERASF1,-24.698099546068654,Baseload
2023-12-31,EMERASF1,-23.498464661033722,Baseload
2024-01-31,EMERASF1,-72.31375933560241,Baseload
2024-02-29,EMERASF1,-38.26886921856003,Baseload
2024-03-31,EMERASF1,-19.513386075498623,Baseload
2024-04-30,EMERASF1,-32.06199964073367,Baseload
2024-05-31,EMERASF1,-36.92314561154993,Baseload
2024-06-30,EMERASF1,-44.739511832301815,Baseload
2024-07-31,EMERASF1,-86.24080222473027,Baseload
2024-08-31,EMERASF1,-107.97590552696651,Baseload
2024-09-30,EMERASF1,-69.86622677405339,Baseload
2024-10-31,EMERASF1,-80.82880430124135,Baseload
2024-11-30,EMERASF1,-116.68678834851832,Baseload
2024-12-31,EMERASF1,-80.77960394051436,Baseload
2020-01-31,HAMISF1,-2.0545710160255624,Baseload
2020-02-29,HAMISF1,-3.0637471900518776,Baseload
2020-03-31,HAMISF1,-6.913834366757072,Baseload
2020-04-30,HAMISF1,-8.800578415796565,Baseload
2020-05-31,HAMISF1,-19.64582780454906,Baseload
2020-06-30,HAMISF1,-14.867709689599291,Baseload
2020-07-31,HAMISF1,-13.685429947181643,Baseload
2020-08-31,HAMISF1,-21.825971577883397,Baseload
2020-09-30,HAMISF1,-20.518639632414885,Baseload
2020-10-31,HAMISF1,-12.765301883197942,Baseload
2020-11-30,HAMISF1,-8.70067237352798,Baseload
2020-12-31,HAMISF1,-1.3009954151413154,Baseload
2021-01-31,HAMISF1,-7.302420462677524,Baseload
2021-02-28,HAMISF1,-8.14111131292892,Baseload
2021-03-31,HAMISF1,-12.38228053699671,Baseload
2021-04-30,HAMISF1,-26.237485068344437,Baseload
2021-05-31,HAMISF1,-84.14669058117215,Baseload
2021-06-30,HAMISF1,-119.14576612298072,Baseload
2021-07-31,HAMISF1,-72.71777096469754,Baseload
2021-08-31,HAMISF1,-28.3058720793831,Baseload
2021-09-30,HAMISF1,-22.773427419041493,Baseload
2021-10-31,HAMISF1,-23.17165671406329,Baseload
2021-11-30,HAMISF1,2.8046561030713946,Baseload
2021-12-31,HAMISF1,-60.79503873099185,Baseload
2022-01-31,HAMISF1,-47.038209412230614,Baseload
2022-02-28,HAMISF1,-36.11033687633157,Baseload
2022-03-31,HAMISF1,-58.521740651021815,Baseload
2022-04-30,HAMISF1,-90.13900378141807,Baseload
2022-05-31,HAMISF1,-99.40133534047985,Baseload
2022-06-30,HAMISF1,-171.94866877656028,Baseload
2022-07-31,HAMISF1,-214.70778200894495,Baseload
2022-08-31,HAMISF1,-76.30467005971067,Baseload
2022-09-30,HAMISF1,-81.65940450340118,Baseload
2022-10-31,HAMISF1,-65.35798878373566,Baseload
2022-11-30,HAMISF1,-70.14245867051892,Baseload
2022-12-31,HAMISF1,-59.02500358724784,Baseload
2023-01-31,HAMISF1,-36.90599027848774,Baseload
2023-02-28,HAMISF1,-34.56880290536377,Baseload
2023-03-31,HAMISF1,-42.5742167388631,Baseload
2023-04-30,HAMISF1,-65.85290426534377,Baseload
2023-05-31,HAMISF1,-115.20152617281747,Baseload
2023-06-30,HAMISF1,-60.29345603792505,Baseload
2023-07-31,HAMISF1,-59.868716750638626,Baseload
2023-08-31,HAMISF1,-71.12916997703186,Baseload
2023-09-30,HAMISF1,-64.97512722386824,Baseload
2023-10-31,HAMISF1,-53.04922476841614,Baseload
2023-11-30,HAMISF1,-42.37618580095187,Baseload
2023-12-31,HAMISF1,-57.20613017490313,Baseload
2024-01-31,HAMISF1,-73.09707941842377,Baseload
2024-02-29,HAMISF1,-66.27855564526112,Baseload
2024-03-31,HAMISF1,-33.30109218075698,Baseload
2024-04-30,HAMISF1,-54.85417265665728,Baseload
2024-05-31,HAMISF1,-69.94054509377376,Baseload
2024-06-30,HAMISF1,-84.7982593627681,Baseload
2024-07-31,HAMISF1,-81.40378776865118,Baseload
2024-08-31,HAMISF1,-103.54600201299934,Baseload
2024-09-30,HAMISF1,-59.823124230514125,Baseload
2024-10-31,HAMISF1,-71.43992001227608,Baseload
2024-11-30,HAMISF1,-108.2156321886283,Baseload
2024-12-31,HAMISF1,-76.31379921382452,Baseload
2020-01-31,HAUGHT11,3.2293726885760776,Baseload
2020-02-29,HAUGHT11,-1.4337396293070412,Baseload
2020-03-31,HAUGHT11,-4.981656510886189,Baseload
2020-04-30,HAUGHT11,-8.581703395053875,Baseload
2020-05-31,HAUGHT11,-15.400729421764906,Baseload
2020-06-30,HAUGHT11,-15.10357231563097,Baseload
2020-07-31,HAUGHT11,-23.833989841756303,Baseload
2020-08-31,HAUGHT11,-18.269996579700575,Baseload
2020-09-30,HAUGHT11,-15.465998897415016,Baseload
2020-10-31,HAUGHT11,-6.203180185138017,Baseload
2020-11-30,HAUGHT11,-11.053782444370754,Baseload
2020-12-31,HAUGHT11,-2.0080537116402084,Baseload
2021-01-31,HAUGHT11,-8.459486137954652,Baseload
2021-02-28,HAUGHT11,-8.105105049826463,Baseload
2021-03-31,HAUGHT11,-12.337063600662717,Baseload
2021-04-30,HAUGHT11,-28.546141430195117,Baseload
2021-05-31,HAUGHT11,-83.10200546642153,Baseload
2021-06-30,HAUGHT11,-112.43620928135331,Baseload
2021-07-31,HAUGHT11,-71.78140206746633,Baseload
2021-08-31,HAUGHT11,-28.045659504275562,Baseload
2021-09-30,HAUGHT11,-33.81645203848741,Baseload
2021-10-31,HAUGHT11,-30.79504569386056,Baseload
2021-11-30,HAUGHT11,-1.0454181467265329,Baseload
2021-12-31,HAUGHT11,-56.38942794073965,Baseload
2022-01-31,HAUGHT11,-26.56905665888887,Baseload
2022-02-28,HAUGHT11,-6.6991740159483015,Baseload
2022-03-31,HAUGHT11,-48.34271251397928,Baseload
2022-04-30,HAUGHT11,-70.08209535058347,Baseload
2022-05-31,HAUGHT11,-85.62171725202626,Baseload
2022-06-30,HAUGHT11,-168.31107070236658,Baseload
2022-07-31,HAUGHT11,-203.63661933680507,Baseload
2022-08-31,HAUGHT11,-65.55403683897076,Baseload
2022-09-30,HAUGHT11,-60.577736489757086,Baseload
2022-10-31,HAUGHT11,-47.62966088669984,Baseload
2022-11-30,HAUGHT11,-52.27975145388052,Baseload
2022-12-31,HAUGHT11,-55.62383249146108,Baseload
2023-01-31,HAUGHT11,-32.636543361847274,Baseload
2023-02-28,HAUGHT11,-36.804185437336976,Baseload
2023-03-31,HAUGHT11,-38.646076114181255,Baseload
2023-04-30,HAUGHT11,-54.46409166837376,Baseload
2023-05-31,HAUGHT11,-106.83013583758635,Baseload
2023-06-30,HAUGHT11,-52.899593845226875,Baseload
2023-07-31,HAUGHT11,-48.4317276884131,Baseload
2023-08-31,HAUGHT11,-52.60757362146053,Baseload
2023-09-30,HAUGHT11,-44.968545241806346,Baseload
2023-10-31,HAUGHT11,-31.057417865647704,Baseload
2023-11-30,HAUGHT11,-34.81597752431377,Baseload
2023-12-31,HAUGHT11,-42.965253938363766,Baseload
2024-01-31,HAUGHT11,-86.03708826319586,Baseload
2024-02-29,HAUGHT11,-56.30946281190727,Baseload
2024-03-31,HAUGHT11,-32.418180540897175,Baseload
2024-04-30,HAUGHT11,-51.2231353471067,Baseload
2024-05-31,HAUGHT11,-60.8563352401366,Baseload
2024-06-30,HAUGHT11,-74.95841522966882,Baseload
2024-07-31,HAUGHT11,-69.33256806742492,Baseload
2024-08-31,HAUGHT11,-87.53129771811918,Baseload
2024-09-30,HAUGHT11,-50.46457845829993,Baseload
2024-10-31,HAUGHT11,-65.11956363761627,Baseload
2024-11-30,HAUGHT11,-99.10705270956913,Baseload
2024-12-31,HAUGHT11,-76.60838304288484,Baseload
2020-01-31,HAYMSF1,-3.3689151908258026,Baseload
2020-02-29,HAYMSF1,-2.694291652887074,Baseload
2020-03-31,HAYMSF1,-7.4100099070528955,Baseload
2020-04-30,HAYMSF1,-9.101444834216554,Baseload
2020-05-31,HAYMSF1,-13.508525387472922,Baseload
2020-06-30,HAYMSF1,-13.193785129794882,Baseload
2020-07-31,HAYMSF1,-12.488361640890854,Baseload
2020-08-31,HAYMSF1,-14.308071242449781,Baseload
2020-09-30,HAYMSF1,-17.011311955433058,Baseload
2020-10-31,HAYMSF1,-11.28335149813147,Baseload
2020-11-30,HAYMSF1,-9.369726902869132,Baseload
2020-12-31,HAYMSF1,-3.752862011337754,Baseload
2021-01-31,HAYMSF1,-8.401072961245383,Baseload
2021-02-28,HAYMSF1,-8.363153908475738,Baseload
2021-03-31,HAYMSF1,-12.653189863655633,Baseload
2021-04-30,HAYMSF1,-26.380276606562003,Baseload
2021-05-31,HAYMSF1,-82.84584049122456,Baseload
2021-06-30,HAYMSF1,-114.51743959456172,Baseload
2021-07-31,HAYMSF1,-71.97167977359655,Baseload
2021-08-31,HAYMSF1,-28.475426127801033,Baseload
2021-09-30,HAYMSF1,-25.52712409467919,Baseload
2021-10-31,HAYMSF1,-19.98033592537699,Baseload
2021-11-30,HAYMSF1,-2.0880269800872213,Baseload
2021-12-31,HAYMSF1,-62.72371872098799,Baseload
2022-01-31,HAYMSF1,-46.91865827749042,Baseload
2022-02-28,HAYMSF1,-34.878362725217684,Baseload
2022-03-31,HAYMSF1,-58.57594003577944,Baseload
2022-04-30,HAYMSF1,-88.75312355068144,Baseload
2022-05-31,HAYMSF1,-101.5987335506328,Baseload
2022-06-30,HAYMSF1,-163.59195056065892,Baseload
2022-07-31,HAYMSF1,-212.91093793883616,Baseload
2022-08-31,HAYMSF1,-55.179996094868926,Baseload
2022-09-30,HAYMSF1,-60.22852646379107,Baseload
2022-10-31,HAYMSF1,-48.396264185978836,Baseload
2022-11-30,HAYMSF1,-54.34361154171222,Baseload
2022-12-31,HAYMSF1,-45.056709723058766,Baseload
2023-01-31,HAYMSF1,-31.34052915316947,Baseload
2023-02-28,HAYMSF1,-29.726992033882773,Baseload
2023-03-31,HAYMSF1,-43.69476830303287,Baseload
2023-04-30,HAYMSF1,-54.31568562233381,Baseload
2023-05-31,HAYMSF1,-108.20822325641186,Baseload
2023-06-30,HAYMSF1,-59.66367543479826,Baseload
2023-07-31,HAYMSF1,-53.07943998686994,Baseload
2023-08-31,HAYMSF1,-62.44378208892291,Baseload
2023-09-30,HAYMSF1,-52.530673494403935,Baseload
2023-10-31,HAYMSF1,-40.42597370156378,Baseload
2023-11-30,HAYMSF1,-42.04838429466018,Baseload
2023-12-31,HAYMSF1,-56.06600028828023,Baseload
2024-01-31,HAYMSF1,-70.89891025874859,Baseload
2024-02-29,HAYMSF1,-66.43069303505071,Baseload
2024-03-31,HAYMSF1,-33.789381214403974,Baseload
2024-04-30,HAYMSF1,-51.69408989600986,Baseload
2024-05-31,HAYMSF1,-60.97961814175963,Baseload
2024-06-30,HAYMSF1,-76.650930106678,Baseload
2024-07-31,HAYMSF1,-72.56600627072163,Baseload
2024-08-31,HAYMSF1,-87.71369263017633,Baseload
2024-09-30,HAYMSF1,-43.80040425028657,Baseload
2024-10-31,HAYMSF1,-42.75256048745127,Baseload
2024-11-30,HAYMSF1,-94.60812744911195,Baseload
2024-12-31,HAYMSF1,-67.2102108278239,Baseload
2020-01-31,KSP1,-5.2841996756498375,Baseload
2020-02-29,KSP1,-1.8476564371501993,Baseload
2020-03-31,KSP1,-5.427536840432225,Baseload
2020-04-30,KSP1,-7.404417639302725,Baseload
2020-05-31,KSP1,-11.457553428161397,Baseload
2020-06-30,KSP1,-10.926323857280899,Baseload
2020-07-31,KSP1,-12.051682538319312,Baseload
2020-08-31,KSP1,-13.007733519583674,Baseload
2020-09-30,KSP1,-13.845451541486389,Baseload
2020-10-31,KSP1,-9.21231690701459,Baseload
2020-11-30,KSP1,-8.686715551005321,Baseload
2020-12-31,KSP1,2.2107015606120726,Baseload
2021-01-31,KSP1,-5.539109426965275,Baseload
2021-02-28,KSP1,-5.8657987249977666,Baseload
2021-03-31,KSP1,-11.405656888185277,Baseload
2021-04-30,KSP1,-16.824080078340593,Baseload
2021-05-31,KSP1,-74.84153102507477,Baseload
2021-06-30,KSP1,-88.28141473708963,Baseload
2021-07-31,KSP1,-63.58539866731057,Baseload
2021-08-31,KSP1,-23.502586323927176,Baseload
2021-09-30,KSP1,-14.718226992310761,Baseload
2021-10-31,KSP1,-17.825125688173863,Baseload
2021-11-30,KSP1,-19.78583716685361,Baseload
2021-12-31,KSP1,-63.79416011810301,Baseload
2022-01-31,KSP1,-43.634727479974615,Baseload
2022-02-28,KSP1,-57.47237965213148,Baseload
2022-03-31,KSP1,-37.33885723594014,Baseload
2022-04-30,KSP1,-64.78950074700072,Baseload
2022-05-31,KSP1,-78.63732008434692,Baseload
2022-06-30,KSP1,-153.05915215438878,Baseload
2022-07-31,KSP1,-133.81913935283092,Baseload
2022-08-31,KSP1,-57.84550536594246,Baseload
2022-09-30,KSP1,-60.09053078862978,Baseload
2022-10-31,KSP1,-48.69221133012827,Baseload
2022-11-30,KSP1,-59.11693505619477,Baseload
2022-12-31,KSP1,-45.73766196175273,Baseload
2023-01-31,KSP1,-27.360069629336365,Baseload
2023-02-28,KSP1,-29.156208316316075,Baseload
2023-03-31,KSP1,-38.20868657905106,Baseload
2023-04-30,KSP1,-53.46865684673055,Baseload
2023-05-31,KSP1,-97.48826851812404,Baseload
2023-06-30,KSP1,-48.21270969272362,Baseload
2023-07-31,KSP1,-49.49400673856445,Baseload
2023-08-31,KSP1,-62.694703637153914,Baseload
2023-09-30,KSP1,-56.557411530603304,Baseload
2023-10-31,KSP1,-48.7712173725526,Baseload
2023-11-30,KSP1,-38.41317449323661,Baseload
2023-12-31,KSP1,-24.431361439002885,Baseload
2024-01-31,KSP1,-66.09073002079404,Baseload
2024-02-29,KSP1,-56.130617504408754,Baseload
2024-03-31,KSP1,-27.290843088484905,Baseload
2024-04-30,KSP1,-38.47213284415378,Baseload
2024-05-31,KSP1,-49.302792348659196,Baseload
2024-06-30,KSP1,-65.57696818598197,Baseload
2024-07-31,KSP1,-61.3014252266487,Baseload
2024-08-31,KSP1,-64.82324119502377,Baseload
2024-09-30,KSP1,-37.20658758688862,Baseload
2024-10-31,KSP1,-27.260737333315745,Baseload
2024-11-30,KSP1,-58.15392293880686,Baseload
2024-12-31,KSP1,-45.107590698533826,Baseload
2020-01-31,LILYSF1,4.66722872464652,Baseload
2020-02-29,LILYSF1,-2.061939706168559,Baseload
2020-03-31,LILYSF1,-7.415537435813796,Baseload
2020-04-30,LILYSF1,-8.588510945925258,Baseload
2020-05-31,LILYSF1,-9.874623999928982,Baseload
2020-06-30,LILYSF1,-14.019377585218397,Baseload
2020-07-31,LILYSF1,-13.089855559084345,Baseload
2020-08-31,LILYSF1,-18.30999129659417,Baseload
2020-09-30,LILYSF1,-13.244135339233303,Baseload
2020-10-31,LILYSF1,-9.210621910035051,Baseload
2020-11-30,LILYSF1,-3.7600458401809576,Baseload
2020-12-31,LILYSF1,-2.1749718752533482,Baseload
2021-01-31,LILYSF1,-5.760964466088893,Baseload
2021-02-28,LILYSF1,-7.112871764554967,Baseload
2021-03-31,LILYSF1,-13.89364149194881,Baseload
2021-04-30,LILYSF1,-13.05327016977315,Baseload
2021-05-31,LILYSF1,-54.10256576520952,Baseload
2021-06-30,LILYSF1,-121.89659474118132,Baseload
2021-07-31,LILYSF1,-67.27745489648626,Baseload
2021-08-31,LILYSF1,-21.050577495336185,Baseload
2021-09-30,LILYSF1,-2.880850292926013,Baseload
2021-10-31,LILYSF1,-4.962659282811984,Baseload
2021-11-30,LILYSF1,-10.324559630139234,Baseload
2021-12-31,LILYSF1,-43.69876074651637,Baseload
2022-01-31,LILYSF1,-36.337692206796746,Baseload
2022-02-28,LILYSF1,-26.417633236500762,Baseload
2022-03-31,LILYSF1,-56.655563897077286,Baseload
2022-04-30,LILYSF1,-76.04291823074757,Baseload
2022-05-31,LILYSF1,-101.64491480707548,Baseload
2022-06-30,LILYSF1,-141.78590627543673,Baseload
2022-07-31,LILYSF1,-179.65308054755718,Baseload
2022-08-31,LILYSF1,-48.884991611678416,Baseload
2022-09-30,LILYSF1,-49.264764067261055,Baseload
2022-10-31,LILYSF1,-41.35291672396366,Baseload
2022-11-30,LILYSF1,-48.70573642865443,Baseload
2022-12-31,LILYSF1,-33.86247575291657,Baseload
2023-01-31,LILYSF1,-29.133030295338415,Baseload
2023-02-28,LILYSF1,-27.663545767858317,Baseload
2023-03-31,LILYSF1,-36.13405069165751,Baseload
2023-04-30,LILYSF1,-68.0277011985761,Baseload
2023-05-31,LILYSF1,-114.54128146859873,Baseload
2023-06-30,LILYSF1,-62.42163601034879,Baseload
2023-07-31,LILYSF1,-58.38389453744501,Baseload
2023-08-31,LILYSF1,-68.62535632028604,Baseload
2023-09-30,LILYSF1,-53.684246604006404,Baseload
2023-10-31,LILYSF1,-41.277308971920824,Baseload
2023-11-30,LILYSF1,-44.79990369656597,Baseload
2023-12-31,LILYSF1,-44.89731384214634,Baseload
2024-01-31,LILYSF1,-90.20714222508528,Baseload
2024-02-29,LILYSF1,-52.04697750778375,Baseload
2024-03-31,LILYSF1,-33.5236205694533,Baseload
2024-04-30,LILYSF1,-55.06238628421537,Baseload
2024-05-31,LILYSF1,-66.10063327804623,Baseload
2024-06-30,LILYSF1,-87.25476926712507,Baseload
2024-07-31,LILYSF1,-81.27343582239774,Baseload
2024-08-31,LILYSF1,-104.74736248404358,Baseload
2024-09-30,LILYSF1,-48.915904583864844,Baseload
2024-10-31,LILYSF1,-67.01348878007111,Baseload
2024-11-30,LILYSF1,-115.2283264009389,Baseload
2024-12-31,LILYSF1,-89.32625258515314,Baseload
2020-01-31,OAKEY1SF,5.862748157935698,Baseload
2020-02-29,OAKEY1SF,-0.6381235133802647,Baseload
2020-03-31,OAKEY1SF,-6.575975451233937,Baseload
2020-04-30,OAKEY1SF,-7.916266070674087,Baseload
2020-05-31,OAKEY1SF,-6.412138159336319,Baseload
2020-06-30,OAKEY1SF,-8.279962891275805,Baseload
2020-07-31,OAKEY1SF,-12.055413643137566,Baseload
2020-08-31,OAKEY1SF,-9.124731663272573,Baseload
2020-09-30,OAKEY1SF,-8.774542813799485,Baseload
2020-10-31,OAKEY1SF,-4.767081150460026,Baseload
2020-11-30,OAKEY1SF,-11.542722499075076,Baseload
2020-12-31,OAKEY1SF,-7.376734466194925,Baseload
2021-01-31,OAKEY1SF,0.36511070588625927,Baseload
2021-02-28,OAKEY1SF,-7.5147282791615595,Baseload
2021-03-31,OAKEY1SF,-15.493128943880727,Baseload
2021-04-30,OAKEY1SF,-15.722693562367319,Baseload
2021-05-31,OAKEY1SF,-72.01052392759178,Baseload
2021-06-30,OAKEY1SF,-117.44759962906231,Baseload
2021-07-31,OAKEY1SF,-75.21722682795226,Baseload
2021-08-31,OAKEY1SF,-24.944301609925564,Baseload
2021-09-30,OAKEY1SF,-11.561129763343835,Baseload
2021-10-31,OAKEY1SF,2.3569671012846953,Baseload
2021-11-30,OAKEY1SF,-14.550144085219713,Baseload
2021-12-31,OAKEY1SF,-59.08281738803731,Baseload
2022-01-31,OAKEY1SF,-48.3310599863712,Baseload
2022-02-28,OAKEY1SF,-41.82664134362487,Baseload
2022-03-31,OAKEY1SF,-65.29098343656638,Baseload
2022-04-30,OAKEY1SF,-81.30101386962977,Baseload
2022-05-31,OAKEY1SF,-119.56162161756836,Baseload
2022-06-30,OAKEY1SF,-173.38019725298912,Baseload
2022-07-31,OAKEY1SF,-238.2760799191931,Baseload
2022-08-31,OAKEY1SF,-80.78646970424072,Baseload
2022-09-30,OAKEY1SF,-78.14526503095755,Baseload
2022-10-31,OAKEY1SF,-53.88732062204957,Baseload
2022-11-30,OAKEY1SF,-58.52663345880918,Baseload
2022-12-31,OAKEY1SF,-45.13252107198306,Baseload
2023-01-31,OAKEY1SF,-36.367405159065335,Baseload
2023-02-28,OAKEY1SF,-31.796087194921853,Baseload
2023-03-31,OAKEY1SF,-52.82192679973798,Baseload
2023-04-30,OAKEY1SF,-66.73361294895906,Baseload
2023-05-31,OAKEY1SF,-115.4786446880785,Baseload
2023-06-30,OAKEY1SF,-52.9383428391246,Baseload
2023-07-31,OAKEY1SF,-39.22173572706953,Baseload
2023-08-31,OAKEY1SF,-43.44262227503185,Baseload
2023-09-30,OAKEY1SF,-29.751561456652443,Baseload
2023-10-31,OAKEY1SF,-28.54800958338172,Baseload
2023-11-30,OAKEY1SF,-43.67883617774119,Baseload
2023-12-31,OAKEY1SF,-51.48712647359036,Baseload
2024-01-31,OAKEY1SF,-93.22080185026915,Baseload
2024-02-29,OAKEY1SF,-59.91880720053675,Baseload
2024-03-31,OAKEY1SF,-33.84156132782029,Baseload
2024-04-30,OAKEY1SF,-49.82198613802289,Baseload
2024-05-31,OAKEY1SF,-58.87203407409597,Baseload
2024-06-30,OAKEY1SF,-81.2068442645402,Baseload
2024-07-31,OAKEY1SF,-75.49053544498656,Baseload
2024-08-31,OAKEY1SF,-90.74270373779257,Baseload
2024-09-30,OAKEY1SF,-43.08014367657121,Baseload
2024-10-31,OAKEY1SF,-56.21287104656274,Baseload
2024-11-30,OAKEY1SF,-101.61406170715853,Baseload
2024-12-31,OAKEY1SF,-50.536527161779375,Baseload
2020-01-31,OAKEY2SF,-4.467809400590497,Baseload
2020-02-29,OAKEY2SF,-2.2989116759415182,Baseload
2020-03-31,OAKEY2SF,-6.2727827018517885,Baseload
2020-04-30,OAKEY2SF,-9.578487928845213,Baseload
2020-05-31,OAKEY2SF,-14.352570858743256,Baseload
2020-06-30,OAKEY2SF,-17.517546176258264,Baseload
2020-07-31,OAKEY2SF,-14.712009954426101,Baseload
2020-08-31,OAKEY2SF,-19.19297781761976,Baseload
2020-09-30,OAKEY2SF,-17.67000210554623,Baseload
2020-10-31,OAKEY2SF,-10.942707661836899,Baseload
2020-11-30,OAKEY2SF,-10.526371067656882,Baseload
2020-12-31,OAKEY2SF,-6.132162632398838,Baseload
2021-01-31,OAKEY2SF,0.15299458234350283,Baseload
2021-02-28,OAKEY2SF,-7.432469862684243,Baseload
2021-03-31,OAKEY2SF,-16.609739924892796,Baseload
2021-04-30,OAKEY2SF,-23.78710318830136,Baseload
2021-05-31,OAKEY2SF,-86.4670115078392,Baseload
2021-06-30,OAKEY2SF,-114.45395241709626,Baseload
2021-07-31,OAKEY2SF,-82.41618422215237,Baseload
2021-08-31,OAKEY2SF,-32.950385566016294,Baseload
2021-09-30,OAKEY2SF,-31.814683428070097,Baseload
2021-10-31,OAKEY2SF,-36.98634117403846,Baseload
2021-11-30,OAKEY2SF,-21.01605442520571,Baseload
2021-12-31,OAKEY2SF,-58.99941865620407,Baseload
2022-01-31,OAKEY2SF,-45.018224546836606,Baseload
2022-02-28,OAKEY2SF,-34.854539946800244,Baseload
2022-03-31,OAKEY2SF,-60.32215737846535,Baseload
2022-04-30,OAKEY2SF,-80.68630337730198,Baseload
2022-05-31,OAKEY2SF,-120.48841649115428,Baseload
2022-06-30,OAKEY2SF,-177.40430651451612,Baseload
2022-07-31,OAKEY2SF,-245.45714433458807,Baseload
2022-08-31,OAKEY2SF,-72.31601455537648,Baseload
2022-09-30,OAKEY2SF,-96.70495094182125,Baseload
2022-10-31,OAKEY2SF,-63.37105076685094,Baseload
2022-11-30,OAKEY2SF,-65.7871738742432,Baseload
2022-12-31,OAKEY2SF,-53.861823498923826,Baseload
2023-01-31,OAKEY2SF,-43.29538224345951,Baseload
2023-02-28,OAKEY2SF,-37.25871328051397,Baseload
2023-03-31,OAKEY2SF,-53.41434692483887,Baseload
2023-04-30,OAKEY2SF,-71.24534605075256,Baseload
2023-05-31,OAKEY2SF,-117.51601634401968,Baseload
2023-06-30,OAKEY2SF,-55.577420916172876,Baseload
2023-07-31,OAKEY2SF,-42.25225385536307,Baseload
2023-08-31,OAKEY2SF,-49.34719958886407,Baseload
2023-09-30,OAKEY2SF,-33.59273694726993,Baseload
2023-10-31,OAKEY2SF,-39.116768390017306,Baseload
2023-11-30,OAKEY2SF,-52.110440325878656,Baseload
2023-12-31,OAKEY2SF,-56.90129258619181,Baseload
2024-01-31,OAKEY2SF,-96.77905655331132,Baseload
2024-02-29,OAKEY2SF,-62.190619292286655,Baseload
2024-03-31,OAKEY2SF,-36.86715029220541,Baseload
2024-04-30,OAKEY2SF,-56.09256481317797,Baseload
2024-05-31,OAKEY2SF,-71.41580948296708,Baseload
2024-06-30,OAKEY2SF,-95.01472616098498,Baseload
2024-07-31,OAKEY2SF,-87.77721091881752,Baseload
2024-08-31,OAKEY2SF,-110.82417492350845,Baseload
2024-09-30,OAKEY2SF,-69.76815232931565,Baseload
2024-10-31,OAKEY2SF,-83.01695221301102,Baseload
2024-11-30,OAKEY2SF,-130.46435736039902,Baseload
2024-12-31,OAKEY2SF,-60.291361636464416,Baseload
2020-01-31,RRSF1,-3.908675122099474,Baseload
2020-02-29,RRSF1,-2.4765042389429794,Baseload
2020-03-31,RRSF1,-6.629252353286475,Baseload
2020-04-30,RRSF1,-8.519604575717256,Baseload
2020-05-31,RRSF1,-15.05090433486206,Baseload
2020-06-30,RRSF1,-15.32046887901678,Baseload
2020-07-31,RRSF1,-15.115843033289451,Baseload
2020-08-31,RRSF1,-21.992258529823445,Baseload
2020-09-30,RRSF1,-19.411696341421756,Baseload
2020-10-31,RRSF1,-14.710572613616975,Baseload
2020-11-30,RRSF1,-4.916468308259454,Baseload
2020-12-31,RRSF1,1.7329519983655572,Baseload
2021-01-31,RRSF1,-7.242790812780456,Baseload
2021-02-28,RRSF1,-8.13917247472589,Baseload
2021-03-31,RRSF1,-13.39235805074022,Baseload
2021-04-30,RRSF1,-23.345680744541017,Baseload
2021-05-31,RRSF1,-93.73597143473634,Baseload
2021-06-30,RRSF1,-120.0509021184514,Baseload
2021-07-31,RRSF1,-75.31703670935092,Baseload
2021-08-31,RRSF1,-33.490126682361655,Baseload
2021-09-30,RRSF1,-33.38989221783069,Baseload
2021-10-31,RRSF1,-33.71139290725626,Baseload
2021-11-30,RRSF1,-11.027818262437577,Baseload
2021-12-31,RRSF1,-60.46458082052665,Baseload
2022-01-31,RRSF1,-37.424763836554064,Baseload
2022-02-28,RRSF1,-29.806338665698206,Baseload
2022-03-31,RRSF1,-54.36368981455222,Baseload
2022-04-30,RRSF1,-78.7087254397791,Baseload
2022-05-31,RRSF1,-95.84927105919732,Baseload
2022-06-30,RRSF1,-188.4618593563751,Baseload
2022-07-31,RRSF1,-212.0094586085111,Baseload
2022-08-31,RRSF1,-91.92831892453532,Baseload
2022-09-30,RRSF1,-85.35825801775033,Baseload
2022-10-31,RRSF1,-60.38253778952436,Baseload
2022-11-30,RRSF1,-63.22172355763792,Baseload
2022-12-31,RRSF1,-57.39111928544967,Baseload
2023-01-31,RRSF1,-35.67697221689595,Baseload
2023-02-28,RRSF1,-29.235631898291693,Baseload
2023-03-31,RRSF1,-54.42769666487908,Baseload
2023-04-30,RRSF1,-69.27931084300207,Baseload
2023-05-31,RRSF1,-118.28346944445462,Baseload
2023-06-30,RRSF1,-61.844595975626696,Baseload
2023-07-31,RRSF1,-58.001787242245186,Baseload
2023-08-31,RRSF1,-73.99572323556886,Baseload
2023-09-30,RRSF1,-67.92517413846494,Baseload
2023-10-31,RRSF1,-53.300283228921046,Baseload
2023-11-30,RRSF1,-42.7785717039752,Baseload
2023-12-31,RRSF1,-55.52997797858576,Baseload
2024-01-31,RRSF1,-87.74827938332918,Baseload
2024-02-29,RRSF1,-63.608297499138416,Baseload
2024-03-31,RRSF1,-34.378625717207086,Baseload
2024-04-30,RRSF1,-54.65801517054133,Baseload
2024-05-31,RRSF1,-76.87571774272354,Baseload
2024-06-30,RRSF1,-88.94004439809176,Baseload
2024-07-31,RRSF1,-87.31554274540085,Baseload
2024-08-31,RRSF1,-113.17103761150076,Baseload
2024-09-30,RRSF1,-68.49591542802732,Baseload
2024-10-31,RRSF1,-78.17418439683506,Baseload
2024-11-30,RRSF1,-108.54462339967198,Baseload
2024-12-31,RRSF1,-81.08673085054693,Baseload
2020-01-31,RUGBYR1,6.0311684740336915,Baseload
2020-02-29,RUGBYR1,-1.7359652767990355,Baseload
2020-03-31,RUGBYR1,-6.15303236284872,Baseload
2020-04-30,RUGBYR1,-8.238483258262264,Baseload
2020-05-31,RUGBYR1,-10.428185597315174,Baseload
2020-06-30,RUGBYR1,-14.037955093667332,Baseload
2020-07-31,RUGBYR1,-14.084671645400626,Baseload
2020-08-31,RUGBYR1,-17.39961787957958,Baseload
2020-09-30,RUGBYR1,-18.64037690589931,Baseload
2020-10-31,RUGBYR1,-13.269751241275735,Baseload
2020-11-30,RUGBYR1,-7.255774259568966,Baseload
2020-12-31,RUGBYR1,3.2782854172242395,Baseload
2021-01-31,RUGBYR1,-6.3255457173305345,Baseload
2021-02-28,RUGBYR1,-7.634560688623921,Baseload
2021-03-31,RUGBYR1,-14.891604831833675,Baseload
2021-04-30,RUGBYR1,-27.707079695093977,Baseload
2021-05-31,RUGBYR1,-87.15559852048293,Baseload
2021-06-30,RUGBYR1,-110.60080378013954,Baseload
2021-07-31,RUGBYR1,-69.27046322620853,Baseload
2021-08-31,RUGBYR1,-30.00325534351114,Baseload
2021-09-30,RUGBYR1,-22.547263787986303,Baseload
2021-10-31,RUGBYR1,-30.255533328684173,Baseload
2021-11-30,RUGBYR1,0.33640878317601164,Baseload
2021-12-31,RUGBYR1,-47.088131564826426,Baseload
2022-01-31,RUGBYR1,-34.70213798947731,Baseload
2022-02-28,RUGBYR1,-18.939266796893577,Baseload
2022-03-31,RUGBYR1,-44.518935710443586,Baseload
2022-04-30,RUGBYR1,-75.62892391138374,Baseload
2022-05-31,RUGBYR1,-101.28602642637966,Baseload
2022-06-30,RUGBYR1,-176.70613106074492,Baseload
2022-07-31,RUGBYR1,-196.0497507991504,Baseload
2022-08-31,RUGBYR1,-73.32140598723018,Baseload
2022-09-30,RUGBYR1,-76.87093668654919,Baseload
2022-10-31,RUGBYR1,-57.87024670369996,Baseload
2022-11-30,RUGBYR1,-66.52522138140438,Baseload
2022-12-31,RUGBYR1,-55.2268890192865,Baseload
2023-01-31,RUGBYR1,-36.977051563026166,Baseload
2023-02-28,RUGBYR1,-35.356683290580044,Baseload
2023-03-31,RUGBYR1,-51.59604169450263,Baseload
2023-04-30,RUGBYR1,-68.44830442373024,Baseload
2023-05-31,RUGBYR1,-111.03357378394985,Baseload
2023-06-30,RUGBYR1,-57.70200743885406,Baseload
2023-07-31,RUGBYR1,-60.89143540428398,Baseload
2023-08-31,RUGBYR1,-69.47817855676631,Baseload
2023-09-30,RUGBYR1,-61.51677977177311,Baseload
2023-10-31,RUGBYR1,-51.24829815461126,Baseload
2023-11-30,RUGBYR1,-40.597072503171475,Baseload
2023-12-31,RUGBYR1,-50.4501903825594,Baseload
2024-01-31,RUGBYR1,-76.77856112909426,Baseload
2024-02-29,RUGBYR1,-52.48967986754835,Baseload
2024-03-31,RUGBYR1,-31.54888197822347,Baseload
2024-04-30,RUGBYR1,-55.026320438362504,Baseload
2024-05-31,RUGBYR1,-68.93493091674759,Baseload
2024-06-30,RUGBYR1,-84.64638395707937,Baseload
2024-07-31,RUGBYR1,-78.58009995660586,Baseload
2024-08-31,RUGBYR1,-96.17402008963083,Baseload
2024-09-30,RUGBYR1,-60.170197627126406,Baseload
2024-10-31,RUGBYR1,-69.46630843921955,Baseload
2024-11-30,RUGBYR1,-110.96259001534163,Baseload
2024-12-31,RUGBYR1,-64.44192060594608,Baseload
2020-01-31,SMCSF1,-0.7748652399474452,Baseload
2020-02-29,SMCSF1,-2.358972998410593,Baseload
2020-03-31,SMCSF1,-5.688934266775277,Baseload
2020-04-30,SMCSF1,-9.391677823454309,Baseload
2020-05-31,SMCSF1,-12.396133465535858,Baseload
2020-06-30,SMCSF1,-13.652493069859492,Baseload
2020-07-31,SMCSF1,-19.777908560502333,Baseload
2020-08-31,SMCSF1,-13.121107700890612,Baseload
2020-09-30,SMCSF1,-16.7362572384633,Baseload
2020-10-31,SMCSF1,-8.689973281399219,Baseload
2020-11-30,SMCSF1,-20.043273195299964,Baseload
2020-12-31,SMCSF1,-4.939574586982239,Baseload
2021-01-31,SMCSF1,87.62587010547054,Baseload
2021-02-28,SMCSF1,,Baseload
2021-03-31,SMCSF1,-24.58110415970729,Baseload
2021-04-30,SMCSF1,-39.547630898027144,Baseload
2021-05-31,SMCSF1,,Baseload
2021-06-30,SMCSF1,14755.736719592229,Baseload
2021-07-31,SMCSF1,,Baseload
2021-08-31,SMCSF1,,Baseload
2021-09-30,SMCSF1,-40.43308065917011,Baseload
2021-10-31,SMCSF1,-24.28480133573771,Baseload
2021-11-30,SMCSF1,17.546273482070717,Baseload
2021-12-31,SMCSF1,-59.852468163610496,Baseload
2022-01-31,SMCSF1,-41.05764704281734,Baseload
2022-02-28,SMCSF1,-32.371546645736146,Baseload
2022-03-31,SMCSF1,-57.892197294443775,Baseload
2022-04-30,SMCSF1,-80.22573973127413,Baseload
2022-05-31,SMCSF1,-98.53424644846433,Baseload
2022-06-30,SMCSF1,-195.531916463531,Baseload
2022-07-31,SMCSF1,-228.00489789602315,Baseload
2022-08-31,SMCSF1,-89.93150126177197,Baseload
2022-09-30,SMCSF1,-89.48924495848726,Baseload
2022-10-31,SMCSF1,-63.32866562527738,Baseload
2022-11-30,SMCSF1,-67.72247871709286,Baseload
2022-12-31,SMCSF1,-60.47024716357858,Baseload
2023-01-31,SMCSF1,-36.69014116520495,Baseload
2023-02-28,SMCSF1,-42.97532886525088,Baseload
2023-03-31,SMCSF1,-48.47262293146197,Baseload
2023-04-30,SMCSF1,-70.27131114662252,Baseload
2023-05-31,SMCSF1,-121.76898550963566,Baseload
2023-06-30,SMCSF1,-62.633823769809496,Baseload
2023-07-31,SMCSF1,-62.40414734660107,Baseload
2023-08-31,SMCSF1,-78.2171872470897,Baseload
2023-09-30,SMCSF1,-72.70455864633274,Baseload
2023-10-31,SMCSF1,-57.292211581775476,Baseload
2023-11-30,SMCSF1,-48.906448552808456,Baseload
2023-12-31,SMCSF1,-59.13215939933532,Baseload
2024-01-31,SMCSF1,-90.79242068698716,Baseload
2024-02-29,SMCSF1,-64.64331922175231,Baseload
2024-03-31,SMCSF1,-35.33944710475407,Baseload
2024-04-30,SMCSF1,-58.01909509942415,Baseload
2024-05-31,SMCSF1,-68.47024165093606,Baseload
2024-06-30,SMCSF1,-92.8805185055748,Baseload
2024-07-31,SMCSF1,-84.88573387262079,Baseload
2024-08-31,SMCSF1,-101.24297826223345,Baseload
2024-09-30,SMCSF1,-68.59430140755967,Baseload
2024-10-31,SMCSF1,-77.36947420242596,Baseload
2024-11-30,SMCSF1,-123.92814221882938,Baseload
2024-12-31,SMCSF1,-66.21425358957903,Baseload
2020-01-31,SRSF1,14.803993378164947,Baseload
2020-02-29,SRSF1,-1.9202750798084196,Baseload
2020-03-31,SRSF1,-8.145607555156893,Baseload
2020-04-30,SRSF1,-9.779602153623859,Baseload
2020-05-31,SRSF1,-11.950271447837103,Baseload
2020-06-30,SRSF1,-9.739927681752068,Baseload
2020-07-31,SRSF1,-15.157349572732954,Baseload
2020-08-31,SRSF1,-22.56045024564792,Baseload
2020-09-30,SRSF1,-21.48909221891889,Baseload
2020-10-31,SRSF1,-15.119075561282699,Baseload
2020-11-30,SRSF1,-5.924163860536368,Baseload
2020-12-31,SRSF1,1.4636071915080535,Baseload
2021-01-31,SRSF1,-4.894204723160186,Baseload
2021-02-28,SRSF1,-5.867507559554667,Baseload
2021-03-31,SRSF1,-13.956333607269492,Baseload
2021-04-30,SRSF1,-29.207317630500253,Baseload
2021-05-31,SRSF1,-76.47960217665015,Baseload
2021-06-30,SRSF1,-115.55590188303515,Baseload
2021-07-31,SRSF1,-84.19923009657228,Baseload
2021-08-31,SRSF1,-33.86500712683949,Baseload
2021-09-30,SRSF1,-28.709429318550395,Baseload
2021-10-31,SRSF1,-35.48281090279171,Baseload
2021-11-30,SRSF1,-8.640992330326867,Baseload
2021-12-31,SRSF1,-64.87576625761048,Baseload
2022-01-31,SRSF1,-49.957102994576175,Baseload
2022-02-28,SRSF1,-51.17286399888795,Baseload
2022-03-31,SRSF1,-64.47801574141705,Baseload
2022-04-30,SRSF1,-84.69670113373579,Baseload
2022-05-31,SRSF1,-123.88682061465903,Baseload
2022-06-30,SRSF1,-173.3333909599275,Baseload
2022-07-31,SRSF1,-241.76037741373725,Baseload
2022-08-31,SRSF1,-86.82379490484925,Baseload
2022-09-30,SRSF1,-101.49248620716307,Baseload
2022-10-31,SRSF1,-74.1397167169632,Baseload
2022-11-30,SRSF1,-71.39879631909957,Baseload
2022-12-31,SRSF1,-61.87912168277464,Baseload
2023-01-31,SRSF1,-41.2548556616226,Baseload
2023-02-28,SRSF1,-41.540706853765506,Baseload
2023-03-31,SRSF1,-52.46514436751896,Baseload
2023-04-30,SRSF1,-71.82105690992123,Baseload
2023-05-31,SRSF1,-120.14681534971487,Baseload
2023-06-30,SRSF1,-65.90228664467972,Baseload
2023-07-31,SRSF1,-64.97624744424759,Baseload
2023-08-31,SRSF1,-77.92404242768582,Baseload
2023-09-30,SRSF1,-68.59069156019291,Baseload
2023-10-31,SRSF1,-54.58988783448328,Baseload
2023-11-30,SRSF1,-52.12535542679705,Baseload
2023-12-31,SRSF1,-56.67211466654291,Baseload
2024-01-31,SRSF1,-98.0432721661144,Baseload
2024-02-29,SRSF1,-63.363157242947146,Baseload
2024-03-31,SRSF1,-37.93754957804628,Baseload
2024-04-30,SRSF1,-61.071257272745456,Baseload
2024-05-31,SRSF1,-75.50197711176482,Baseload
2024-06-30,SRSF1,-95.20697194150078,Baseload
2024-07-31,SRSF1,-87.57264909384723,Baseload
2024-08-31,SRSF1,-116.81385433024934,Baseload
2024-09-30,SRSF1,-65.35872657671433,Baseload
2024-10-31,SRSF1,-68.91099966334087,Baseload
2024-11-30,SRSF1,-104.80222159219814,Baseload
2024-12-31,SRSF1,-83.15937054043528,Baseload
2020-01-31,WHITSF1,-6.218032359147941,Baseload
2020-02-29,WHITSF1,-3.6258711759496407,Baseload
2020-03-31,WHITSF1,-5.658453028482413,Baseload
2020-04-30,WHITSF1,-8.066349071616685,Baseload
2020-05-31,WHITSF1,-8.464004878060877,Baseload
2020-06-30,WHITSF1,-8.963189534897793,Baseload
2020-07-31,WHITSF1,-9.999718137707383,Baseload
2020-08-31,WHITSF1,-6.869201536096696,Baseload
2020-09-30,WHITSF1,-7.20931876733183,Baseload
2020-10-31,WHITSF1,-4.160426749216182,Baseload
2020-11-30,WHITSF1,-6.7138718026677395,Baseload
2020-12-31,WHITSF1,-0.5344968629044686,Baseload
2021-01-31,WHITSF1,-7.588285737291287,Baseload
2021-02-28,WHITSF1,-8.398052816259174,Baseload
2021-03-31,WHITSF1,-11.637817057868553,Baseload
2021-04-30,WHITSF1,-14.948579770761185,Baseload
2021-05-31,WHITSF1,-75.02557956338245,Baseload
2021-06-30,WHITSF1,-117.370020249649,Baseload
2021-07-31,WHITSF1,-61.68522972035704,Baseload
2021-08-31,WHITSF1,-19.984978424790718,Baseload
2021-09-30,WHITSF1,-0.42290957779596994,Baseload
2021-10-31,WHITSF1,-5.167621830736678,Baseload
2021-11-30,WHITSF1,4.353015563599897,Baseload
2021-12-31,WHITSF1,-55.888633607854274,Baseload
2022-01-31,WHITSF1,-46.083375270951635,Baseload
2022-02-28,WHITSF1,-28.004027579031543,Baseload
2022-03-31,WHITSF1,-57.2810111758582,Baseload
2022-04-30,WHITSF1,-89.37626852511596,Baseload
2022-05-31,WHITSF1,-97.2756510123175,Baseload
2022-06-30,WHITSF1,-156.63365499377343,Baseload
2022-07-31,WHITSF1,-199.68416382019433,Baseload
2022-08-31,WHITSF1,-46.94860439361675,Baseload
2022-09-30,WHITSF1,-40.68208507708087,Baseload
2022-10-31,WHITSF1,-47.10979579403977,Baseload
2022-11-30,WHITSF1,-42.64781727363396,Baseload
2022-12-31,WHITSF1,-32.165623540648454,Baseload
2023-01-31,WHITSF1,-24.112043741542834,Baseload
2023-02-28,WHITSF1,-21.32606776652335,Baseload
2023-03-31,WHITSF1,-28.11332813541715,Baseload
2023-04-30,WHITSF1,-39.28038453998404,Baseload
2023-05-31,WHITSF1,-90.9385212733391,Baseload
2023-06-30,WHITSF1,-43.19061716321605,Baseload
2023-07-31,WHITSF1,-25.289276545419106,Baseload
2023-08-31,WHITSF1,-21.06468983492764,Baseload
2023-09-30,WHITSF1,-8.363432770776392,Baseload
2023-10-31,WHITSF1,-6.004783952102404,Baseload
2023-11-30,WHITSF1,-10.32863228588274,Baseload
2023-12-31,WHITSF1,-30.880224546988117,Baseload
2024-01-31,WHITSF1,-64.31497068288655,Baseload
2024-02-29,WHITSF1,-64.41869614028118,Baseload
2024-03-31,WHITSF1,-32.9105242189537,Baseload
2024-04-30,WHITSF1,-46.693394232249084,Baseload
2024-05-31,WHITSF1,-57.515998470697085,Baseload
2024-06-30,WHITSF1,-73.57204176833582,Baseload
2024-07-31,WHITSF1,-66.23826446467965,Baseload
2024-08-31,WHITSF1,-83.73444343564088,Baseload
2024-09-30,WHITSF1,-28.838594720151036,Baseload
2024-10-31,WHITSF1,-26.673161965870662,Baseload
2024-11-30,WHITSF1,-85.55102309333192,Baseload
2024-12-31,WHITSF1,-54.434191488435616,Baseload
