Period,DUID,Delta,Contract
2020-01-05,BNGSF1,-0.9434615355237881,Ex-post DWA
2020-01-12,BNGSF1,0.03859938170523236,Ex-post DWA
2020-01-19,BNGSF1,0.398827625184083,Ex-post DWA
2020-01-26,BNGSF1,-1.6273770663926896,Ex-post DWA
2020-02-02,BNGSF1,-36.0646257156431,Ex-post DWA
2020-02-09,BNGSF1,-6.6818366030603835,Ex-post DWA
2020-02-16,BNGSF1,0.44481737425368806,Ex-post DWA
2020-02-23,BNGSF1,-3.3953561918106914,Ex-post DWA
2020-03-01,BNGSF1,0.32740374417312523,Ex-post DWA
2020-03-08,BNGSF1,7.212858223452024,Ex-post DWA
2020-03-15,BNGSF1,-2.308501326166361,Ex-post DWA
2020-03-22,BNGSF1,0.9849713216116456,Ex-post DWA
2020-03-29,BNGSF1,0.8725622624204092,Ex-post DWA
2020-04-05,BNGSF1,-0.12378454878704304,Ex-post DWA
2020-04-12,BNGSF1,-1.5089692704753226,Ex-post DWA
2020-04-19,BNGSF1,-0.1596199103622915,Ex-post DWA
2020-04-26,BNGSF1,-6.6387822148719,Ex-post DWA
2020-05-03,BNGSF1,0.34352644821638023,Ex-post DWA
2020-05-10,BNGSF1,-1.370246748838147,Ex-post DWA
2020-05-17,BNGSF1,1.016444803749728,Ex-post DWA
2020-05-24,BNGSF1,0.08179566747383404,Ex-post DWA
2020-05-31,BNGSF1,0.7080388230978372,Ex-post DWA
2020-06-07,BNGSF1,1.4452551055851757,Ex-post DWA
2020-06-14,BNGSF1,1.150964616957772,Ex-post DWA
2020-06-21,BNGSF1,0.8278793537980675,Ex-post DWA
2020-06-28,BNGSF1,0.8735184345956739,Ex-post DWA
2020-07-05,BNGSF1,0.9504698219965704,Ex-post DWA
2020-07-12,BNGSF1,2.4403981995348403,Ex-post DWA
2020-07-19,BNGSF1,-0.2046683882869047,Ex-post DWA
2020-07-26,BNGSF1,1.5543501128694786,Ex-post DWA
2020-08-02,BNGSF1,0.7617136788484444,Ex-post DWA
2020-08-09,BNGSF1,-0.9162716268136322,Ex-post DWA
2020-08-16,BNGSF1,0.538558168786686,Ex-post DWA
2020-08-23,BNGSF1,-0.8555301460090163,Ex-post DWA
2020-08-30,BNGSF1,-3.3118124549343655,Ex-post DWA
2020-09-06,BNGSF1,-4.195847427546726,Ex-post DWA
2020-09-13,BNGSF1,-4.393345148808809,Ex-post DWA
2020-09-20,BNGSF1,-5.188722695860129,Ex-post DWA
2020-09-27,BNGSF1,-3.916736677810057,Ex-post DWA
2020-10-04,BNGSF1,-5.682387975855061,Ex-post DWA
2020-10-11,BNGSF1,-5.567781150777278,Ex-post DWA
2020-10-18,BNGSF1,-0.2692105765635304,Ex-post DWA
2020-10-25,BNGSF1,-6.48482413882963,Ex-post DWA
2020-11-01,BNGSF1,-1.5071314599695356,Ex-post DWA
2020-11-08,BNGSF1,-2.6413522444307382,Ex-post DWA
2020-11-15,BNGSF1,-0.9144292152677487,Ex-post DWA
2020-11-22,BNGSF1,0.3876751355711505,Ex-post DWA
2020-11-29,BNGSF1,-2.7821699027724947,Ex-post DWA
2020-12-06,BNGSF1,-8.43694433220568,Ex-post DWA
2020-12-13,BNGSF1,-4.047469049508218,Ex-post DWA
2020-12-20,BNGSF1,-4.327150611813522,Ex-post DWA
2020-12-27,BNGSF1,-1.014395755434652,Ex-post DWA
2021-01-03,BNGSF1,-3.733828544520479,Ex-post DWA
2021-01-10,BNGSF1,-4.716646108983392,Ex-post DWA
2021-01-17,BNGSF1,-5.126981651750556,Ex-post DWA
2021-01-24,BNGSF1,-2.2675282775757353,Ex-post DWA
2021-01-31,BNGSF1,-1.534639551138853,Ex-post DWA
2021-02-07,BNGSF1,-3.221781514057197,Ex-post DWA
2021-02-14,BNGSF1,-1.9144222578482495,Ex-post DWA
2021-02-21,BNGSF1,-1.1085292248860128,Ex-post DWA
2021-02-28,BNGSF1,-1.6986138474424974,Ex-post DWA
2021-03-07,BNGSF1,-2.923056092558708,Ex-post DWA
2021-03-14,BNGSF1,0.5496478355296688,Ex-post DWA
2021-03-21,BNGSF1,-3.9577499140254844,Ex-post DWA
2021-03-28,BNGSF1,-2.5155643804812318,Ex-post DWA
2021-04-04,BNGSF1,0.7278432310240603,Ex-post DWA
2021-04-11,BNGSF1,-3.909270145565147,Ex-post DWA
2021-04-18,BNGSF1,-2.1281289022374033,Ex-post DWA
2021-04-25,BNGSF1,0.022585351102229367,Ex-post DWA
2021-05-02,BNGSF1,-2.1451466651575757,Ex-post DWA
2021-05-09,BNGSF1,-0.12640007229547479,Ex-post DWA
2021-05-16,BNGSF1,1.2059460227775674,Ex-post DWA
2021-05-23,BNGSF1,3.2829533346444393,Ex-post DWA
2021-05-30,BNGSF1,0.4858970650856662,Ex-post DWA
2021-06-06,BNGSF1,2.911613407629254,Ex-post DWA
2021-06-13,BNGSF1,-6.274313400308802,Ex-post DWA
2021-06-20,BNGSF1,-3.72650213506833,Ex-post DWA
2021-06-27,BNGSF1,-0.6770419665929097,Ex-post DWA
2021-07-04,BNGSF1,2.714834386126654,Ex-post DWA
2021-07-11,BNGSF1,-1.7458412159459726,Ex-post DWA
2021-07-18,BNGSF1,-5.763830827514166,Ex-post DWA
2021-07-25,BNGSF1,-1.1923075174092759,Ex-post DWA
2021-08-01,BNGSF1,8.567402527474531,Ex-post DWA
2021-08-08,BNGSF1,-2.412788581646968,Ex-post DWA
2021-08-15,BNGSF1,-1.4995153042825873,Ex-post DWA
2021-08-22,BNGSF1,-0.41079235840370865,Ex-post DWA
2021-08-29,BNGSF1,-1.7794590966566624,Ex-post DWA
2021-09-05,BNGSF1,-0.6564155073280133,Ex-post DWA
2021-09-12,BNGSF1,-4.790639146771976,Ex-post DWA
2021-09-19,BNGSF1,-3.973728368429118,Ex-post DWA
2021-09-26,BNGSF1,-4.4887076953064415,Ex-post DWA
2021-10-03,BNGSF1,-4.078202390746311,Ex-post DWA
2021-10-10,BNGSF1,-1.5702014774545567,Ex-post DWA
2021-10-17,BNGSF1,-7.761711545989698,Ex-post DWA
2021-10-24,BNGSF1,-7.108634226500605,Ex-post DWA
2021-10-31,BNGSF1,-7.615073774044735,Ex-post DWA
2021-11-07,BNGSF1,-1.9385371835988572,Ex-post DWA
2021-11-14,BNGSF1,-4.065672330332459,Ex-post DWA
2021-11-21,BNGSF1,-2.363052452645478,Ex-post DWA
2021-11-28,BNGSF1,-1.0854620481738317,Ex-post DWA
2021-12-05,BNGSF1,0.20912486814042097,Ex-post DWA
2021-12-12,BNGSF1,-0.17139663750679368,Ex-post DWA
2021-12-19,BNGSF1,-3.2190971138779076,Ex-post DWA
2021-12-26,BNGSF1,-0.3484499742845024,Ex-post DWA
2022-01-02,BNGSF1,-8.795831874329735,Ex-post DWA
2022-01-09,BNGSF1,-0.5998503712849725,Ex-post DWA
2022-01-16,BNGSF1,-3.1626088081815737,Ex-post DWA
2022-01-23,BNGSF1,-2.835287779119671,Ex-post DWA
2022-01-30,BNGSF1,-7.819977181649108,Ex-post DWA
2022-02-06,BNGSF1,-24.30340290060846,Ex-post DWA
2022-02-13,BNGSF1,-0.47914052876554436,Ex-post DWA
2022-02-20,BNGSF1,-4.007765030102796,Ex-post DWA
2022-02-27,BNGSF1,0.025557733420676243,Ex-post DWA
2022-03-06,BNGSF1,-4.548944253846095,Ex-post DWA
2022-03-13,BNGSF1,-3.0437740269283076,Ex-post DWA
2022-03-20,BNGSF1,-8.877313521560865,Ex-post DWA
2022-03-27,BNGSF1,0.21515456370228492,Ex-post DWA
2022-04-03,BNGSF1,-9.538976213865414,Ex-post DWA
2022-04-10,BNGSF1,2.583206336228372,Ex-post DWA
2022-04-17,BNGSF1,0.9711986947196181,Ex-post DWA
2022-04-24,BNGSF1,-4.89553173603629,Ex-post DWA
2022-05-01,BNGSF1,12.506052860558526,Ex-post DWA
2022-05-08,BNGSF1,-0.21463381884487376,Ex-post DWA
2022-05-15,BNGSF1,-6.933065132796713,Ex-post DWA
2022-05-22,BNGSF1,0.25146672425654515,Ex-post DWA
2022-05-29,BNGSF1,11.441281933908442,Ex-post DWA
2022-06-05,BNGSF1,-4.348721573203079,Ex-post DWA
2022-06-12,BNGSF1,12.929785998355442,Ex-post DWA
2022-06-19,BNGSF1,12.725053799457356,Ex-post DWA
2022-06-26,BNGSF1,2.4154449421702964,Ex-post DWA
2022-07-03,BNGSF1,14.121134770451476,Ex-post DWA
2022-07-10,BNGSF1,23.325696295661714,Ex-post DWA
2022-07-17,BNGSF1,-8.935145055482394,Ex-post DWA
2022-07-24,BNGSF1,10.18100660024055,Ex-post DWA
2022-07-31,BNGSF1,-0.8559591966165101,Ex-post DWA
2022-08-07,BNGSF1,-0.7726942824822878,Ex-post DWA
2022-08-14,BNGSF1,1.2011992269719514,Ex-post DWA
2022-08-21,BNGSF1,1.1748052524677064,Ex-post DWA
2022-08-28,BNGSF1,-9.416879346267109,Ex-post DWA
2022-09-04,BNGSF1,2.3754697973135137,Ex-post DWA
2022-09-11,BNGSF1,-11.43819989549715,Ex-post DWA
2022-09-18,BNGSF1,6.503777762787557,Ex-post DWA
2022-09-25,BNGSF1,4.935100264540843,Ex-post DWA
2022-10-02,BNGSF1,-1.1441669077834362,Ex-post DWA
2022-10-09,BNGSF1,-4.5017696025015255,Ex-post DWA
2022-10-16,BNGSF1,-5.822842704510894,Ex-post DWA
2022-10-23,BNGSF1,-15.947257344895098,Ex-post DWA
2022-10-30,BNGSF1,-17.031665293957722,Ex-post DWA
2022-11-06,BNGSF1,2.312452761679097,Ex-post DWA
2022-11-13,BNGSF1,-7.516808547251987,Ex-post DWA
2022-11-20,BNGSF1,-0.4121142120647363,Ex-post DWA
2022-11-27,BNGSF1,-1.5282916826310995,Ex-post DWA
2022-12-04,BNGSF1,-0.09815209831281457,Ex-post DWA
2022-12-11,BNGSF1,-19.94498091274029,Ex-post DWA
2022-12-18,BNGSF1,-2.0334627990052994,Ex-post DWA
2022-12-25,BNGSF1,-2.067409432402383,Ex-post DWA
2023-01-01,BNGSF1,-6.342299456451393,Ex-post DWA
2023-01-08,BNGSF1,7.221073026303312,Ex-post DWA
2023-01-15,BNGSF1,0.7754728561943054,Ex-post DWA
2023-01-22,BNGSF1,-9.864192090825492,Ex-post DWA
2023-01-29,BNGSF1,-9.7693522978226,Ex-post DWA
2023-02-05,BNGSF1,-1.3204169488423076,Ex-post DWA
2023-02-12,BNGSF1,13.770593758252112,Ex-post DWA
2023-02-19,BNGSF1,23.33217373663601,Ex-post DWA
2023-02-26,BNGSF1,0.2643073966297109,Ex-post DWA
2023-03-05,BNGSF1,1.1228045455090057,Ex-post DWA
2023-03-12,BNGSF1,-0.5825226193571567,Ex-post DWA
2023-03-19,BNGSF1,-6.06799529674766,Ex-post DWA
2023-03-26,BNGSF1,2.0795011197036075,Ex-post DWA
2023-04-02,BNGSF1,-2.9249380560508556,Ex-post DWA
2023-04-09,BNGSF1,-7.136948953965479,Ex-post DWA
2023-04-16,BNGSF1,-5.280454806127429,Ex-post DWA
2023-04-23,BNGSF1,9.071128595615093,Ex-post DWA
2023-04-30,BNGSF1,0.6342738558011547,Ex-post DWA
2023-05-07,BNGSF1,18.443271861703522,Ex-post DWA
2023-05-14,BNGSF1,7.753777806518812,Ex-post DWA
2023-05-21,BNGSF1,10.516717690449212,Ex-post DWA
2023-05-28,BNGSF1,-7.695794440262105,Ex-post DWA
2023-06-04,BNGSF1,-10.40923978814223,Ex-post DWA
2023-06-11,BNGSF1,-0.1307937481353214,Ex-post DWA
2023-06-18,BNGSF1,-0.2720888915219781,Ex-post DWA
2023-06-25,BNGSF1,5.986867907942717,Ex-post DWA
2023-07-02,BNGSF1,3.8664934070746,Ex-post DWA
2023-07-09,BNGSF1,-11.648934826419918,Ex-post DWA
2023-07-16,BNGSF1,7.5793714390024025,Ex-post DWA
2023-07-23,BNGSF1,3.2417922623148208,Ex-post DWA
2023-07-30,BNGSF1,-5.615295544617048,Ex-post DWA
2023-08-06,BNGSF1,9.761112240008487,Ex-post DWA
2023-08-13,BNGSF1,31.05936991714222,Ex-post DWA
2023-08-20,BNGSF1,-2.2862857377975665,Ex-post DWA
2023-08-27,BNGSF1,-2.7996364102846005,Ex-post DWA
2023-09-03,BNGSF1,4.55551431636459,Ex-post DWA
2023-09-10,BNGSF1,-0.7844611804579493,Ex-post DWA
2023-09-17,BNGSF1,3.524211768334534,Ex-post DWA
2023-09-24,BNGSF1,14.224511425624957,Ex-post DWA
2023-10-01,BNGSF1,7.521727400617017,Ex-post DWA
2023-10-08,BNGSF1,-0.9467146753232485,Ex-post DWA
2023-10-15,BNGSF1,-11.606585449723038,Ex-post DWA
2023-10-22,BNGSF1,1.949649362761134,Ex-post DWA
2023-10-29,BNGSF1,5.337694954309917,Ex-post DWA
2023-11-05,BNGSF1,7.824307818955898,Ex-post DWA
2023-11-12,BNGSF1,-0.7236050277685591,Ex-post DWA
2023-11-19,BNGSF1,1.8072116866653867,Ex-post DWA
2023-11-26,BNGSF1,0.49005661876050155,Ex-post DWA
2023-12-03,BNGSF1,3.0757720509365067,Ex-post DWA
2023-12-10,BNGSF1,-26.09331240380409,Ex-post DWA
2023-12-17,BNGSF1,9.239411090435318,Ex-post DWA
2023-12-24,BNGSF1,0.12741950704954874,Ex-post DWA
2023-12-31,BNGSF1,5.37043237311741,Ex-post DWA
2024-01-07,BNGSF1,2.5693387179681806,Ex-post DWA
2024-01-14,BNGSF1,-3.0862225809528274,Ex-post DWA
2024-01-21,BNGSF1,-5.4217581626880005,Ex-post DWA
2024-01-28,BNGSF1,2.086663755298048,Ex-post DWA
2024-02-04,BNGSF1,-0.426479276363386,Ex-post DWA
2024-02-11,BNGSF1,1.11409674722446,Ex-post DWA
2024-02-18,BNGSF1,9.064759643668713,Ex-post DWA
2024-02-25,BNGSF1,4.988961982575688,Ex-post DWA
2024-03-03,BNGSF1,-5.181675750383029,Ex-post DWA
2024-03-10,BNGSF1,2.7248218401938544,Ex-post DWA
2024-03-17,BNGSF1,11.499835815451831,Ex-post DWA
2024-03-24,BNGSF1,13.533696277837524,Ex-post DWA
2024-03-31,BNGSF1,7.6024524023287725,Ex-post DWA
2024-04-07,BNGSF1,5.7705342556397206,Ex-post DWA
2024-04-14,BNGSF1,4.864300663914044,Ex-post DWA
2024-04-21,BNGSF1,10.424983751165534,Ex-post DWA
2024-04-28,BNGSF1,3.7127423223161458,Ex-post DWA
2024-05-05,BNGSF1,9.894250609493241,Ex-post DWA
2024-05-12,BNGSF1,-1.537524225078485,Ex-post DWA
2024-05-19,BNGSF1,7.697025631443523,Ex-post DWA
2024-05-26,BNGSF1,7.47106808369216,Ex-post DWA
2024-06-02,BNGSF1,3.15932202447366,Ex-post DWA
2024-06-09,BNGSF1,-7.747387815670066,Ex-post DWA
2024-06-16,BNGSF1,-1.4201865998765868,Ex-post DWA
2024-06-23,BNGSF1,6.646566284671479,Ex-post DWA
2024-06-30,BNGSF1,1.558711633354278,Ex-post DWA
2024-07-07,BNGSF1,27.112852678358195,Ex-post DWA
2024-07-14,BNGSF1,5.933283765712176,Ex-post DWA
2024-07-21,BNGSF1,25.391738566680402,Ex-post DWA
2024-07-28,BNGSF1,7.905280168550632,Ex-post DWA
2024-08-04,BNGSF1,-6.545642678460766,Ex-post DWA
2024-08-11,BNGSF1,41.40934098676243,Ex-post DWA
2024-08-18,BNGSF1,2.359082183544402,Ex-post DWA
2024-08-25,BNGSF1,4.609768885586978,Ex-post DWA
2024-09-01,BNGSF1,7.137755486609027,Ex-post DWA
2024-09-08,BNGSF1,22.308889128575817,Ex-post DWA
2024-09-15,BNGSF1,6.939467674090371,Ex-post DWA
2024-09-22,BNGSF1,0.7893669776939447,Ex-post DWA
2024-09-29,BNGSF1,8.66202187446825,Ex-post DWA
2024-10-06,BNGSF1,5.862575591545671,Ex-post DWA
2024-10-13,BNGSF1,11.932997842314089,Ex-post DWA
2024-10-20,BNGSF1,-10.917295235418447,Ex-post DWA
2024-10-27,BNGSF1,-18.285072060489533,Ex-post DWA
2024-11-03,BNGSF1,13.155550507475185,Ex-post DWA
2024-11-10,BNGSF1,7.418580818943386,Ex-post DWA
2024-11-17,BNGSF1,4.644358339972783,Ex-post DWA
2024-11-24,BNGSF1,-0.027715161818065326,Ex-post DWA
2024-12-01,BNGSF1,21.536391269186268,Ex-post DWA
2024-12-08,BNGSF1,-0.14033125957472237,Ex-post DWA
2024-12-15,BNGSF1,-8.152547565306428,Ex-post DWA
2024-12-22,BNGSF1,0.035305488085546344,Ex-post DWA
2024-12-29,BNGSF1,8.644691295675242,Ex-post DWA
2025-01-05,BNGSF1,7.902339704006923,Ex-post DWA
2020-01-05,BNGSF2,-3.013824335959434,Ex-post DWA
2020-01-12,BNGSF2,2.59341033012052,Ex-post DWA
2020-01-19,BNGSF2,1.1024730162978074,Ex-post DWA
2020-01-26,BNGSF2,-3.0862870661649993,Ex-post DWA
2020-02-02,BNGSF2,-32.245761088173765,Ex-post DWA
2020-02-09,BNGSF2,-8.143360139526736,Ex-post DWA
2020-02-16,BNGSF2,-19.686361836844767,Ex-post DWA
2020-02-23,BNGSF2,-5.789589544108331,Ex-post DWA
2020-03-01,BNGSF2,2.12056420906368,Ex-post DWA
2020-03-08,BNGSF2,21.774094602143727,Ex-post DWA
2020-03-15,BNGSF2,-0.32871904468104773,Ex-post DWA
2020-03-22,BNGSF2,0.4711008269906145,Ex-post DWA
2020-03-29,BNGSF2,1.6261468352975825,Ex-post DWA
2020-04-05,BNGSF2,-1.2290504606940402,Ex-post DWA
2020-04-12,BNGSF2,-0.6784377680937332,Ex-post DWA
2020-04-19,BNGSF2,1.7928741266197434,Ex-post DWA
2020-04-26,BNGSF2,-5.713922518501054,Ex-post DWA
2020-05-03,BNGSF2,13.859971767084076,Ex-post DWA
2020-05-10,BNGSF2,-12.665872721009888,Ex-post DWA
2020-05-17,BNGSF2,10.43522248987739,Ex-post DWA
2020-05-24,BNGSF2,,Ex-post DWA
2020-05-31,BNGSF2,252.15148992713796,Ex-post DWA
2020-06-07,BNGSF2,,Ex-post DWA
2020-06-14,BNGSF2,,Ex-post DWA
2020-06-21,BNGSF2,1.4034524485853552,Ex-post DWA
2020-06-28,BNGSF2,1.6614967243980843,Ex-post DWA
2020-07-05,BNGSF2,2.1678760897671694,Ex-post DWA
2020-07-12,BNGSF2,0.6855450482810426,Ex-post DWA
2020-07-19,BNGSF2,-2.5109376854130616,Ex-post DWA
2020-07-26,BNGSF2,1.3453265437783202,Ex-post DWA
2020-08-02,BNGSF2,0.4824434622894884,Ex-post DWA
2020-08-09,BNGSF2,-1.487756440711884,Ex-post DWA
2020-08-16,BNGSF2,0.4523226899857704,Ex-post DWA
2020-08-23,BNGSF2,-2.7959092420112874,Ex-post DWA
2020-08-30,BNGSF2,-3.356722824078741,Ex-post DWA
2020-09-06,BNGSF2,-4.656112652115819,Ex-post DWA
2020-09-13,BNGSF2,-4.315969264489212,Ex-post DWA
2020-09-20,BNGSF2,-6.406656681969489,Ex-post DWA
2020-09-27,BNGSF2,-4.840346602028472,Ex-post DWA
2020-10-04,BNGSF2,-5.690678950025706,Ex-post DWA
2020-10-11,BNGSF2,-6.5198716860806005,Ex-post DWA
2020-10-18,BNGSF2,0.08867013272644542,Ex-post DWA
2020-10-25,BNGSF2,-6.292192308566534,Ex-post DWA
2020-11-01,BNGSF2,-2.272086400204561,Ex-post DWA
2020-11-08,BNGSF2,-3.9513691887454474,Ex-post DWA
2020-11-15,BNGSF2,-1.8775491794496837,Ex-post DWA
2020-11-22,BNGSF2,-3.85109245099747,Ex-post DWA
2020-11-29,BNGSF2,-2.3184236064225345,Ex-post DWA
2020-12-06,BNGSF2,-8.9093231972182,Ex-post DWA
2020-12-13,BNGSF2,-4.488585120347452,Ex-post DWA
2020-12-20,BNGSF2,-4.022007255211641,Ex-post DWA
2020-12-27,BNGSF2,-1.086694262590739,Ex-post DWA
2021-01-03,BNGSF2,-0.6260072453148143,Ex-post DWA
2021-01-10,BNGSF2,-5.329716197790798,Ex-post DWA
2021-01-17,BNGSF2,-4.776120387571039,Ex-post DWA
2021-01-24,BNGSF2,-2.1034699169213553,Ex-post DWA
2021-01-31,BNGSF2,-1.1052162794340927,Ex-post DWA
2021-02-07,BNGSF2,-3.368809207390223,Ex-post DWA
2021-02-14,BNGSF2,-1.9291907205821541,Ex-post DWA
2021-02-21,BNGSF2,-1.200569822151543,Ex-post DWA
2021-02-28,BNGSF2,-1.5996770080627245,Ex-post DWA
2021-03-07,BNGSF2,-1.587840369248009,Ex-post DWA
2021-03-14,BNGSF2,3.6346919163690146,Ex-post DWA
2021-03-21,BNGSF2,-3.277002917819722,Ex-post DWA
2021-03-28,BNGSF2,-2.1605796674888538,Ex-post DWA
2021-04-04,BNGSF2,0.597479338303291,Ex-post DWA
2021-04-11,BNGSF2,-3.971518079132119,Ex-post DWA
2021-04-18,BNGSF2,-2.373176072801634,Ex-post DWA
2021-04-25,BNGSF2,0.19286315041397728,Ex-post DWA
2021-05-02,BNGSF2,-2.176742268968354,Ex-post DWA
2021-05-09,BNGSF2,-0.9260607403337673,Ex-post DWA
2021-05-16,BNGSF2,1.823919178491117,Ex-post DWA
2021-05-23,BNGSF2,3.9755945532634342,Ex-post DWA
2021-05-30,BNGSF2,-0.7512125418517286,Ex-post DWA
2021-06-06,BNGSF2,1.877402337646643,Ex-post DWA
2021-06-13,BNGSF2,-10.522167349469775,Ex-post DWA
2021-06-20,BNGSF2,-5.036074498101598,Ex-post DWA
2021-06-27,BNGSF2,-1.6838715884964017,Ex-post DWA
2021-07-04,BNGSF2,0.8557873615281224,Ex-post DWA
2021-07-11,BNGSF2,0.5720435769914616,Ex-post DWA
2021-07-18,BNGSF2,-5.170544919173057,Ex-post DWA
2021-07-25,BNGSF2,-3.020488258115307,Ex-post DWA
2021-08-01,BNGSF2,-6.239153116088529,Ex-post DWA
2021-08-08,BNGSF2,-3.535277667044781,Ex-post DWA
2021-08-15,BNGSF2,-1.82617635578268,Ex-post DWA
2021-08-22,BNGSF2,-2.7308810999565427,Ex-post DWA
2021-08-29,BNGSF2,-3.4220450501933897,Ex-post DWA
2021-09-05,BNGSF2,-6.790638987550146,Ex-post DWA
2021-09-12,BNGSF2,0.23197689321566095,Ex-post DWA
2021-09-19,BNGSF2,-3.9697517568784884,Ex-post DWA
2021-09-26,BNGSF2,-4.108817752292801,Ex-post DWA
2021-10-03,BNGSF2,-2.892516058643924,Ex-post DWA
2021-10-10,BNGSF2,-1.907525594923996,Ex-post DWA
2021-10-17,BNGSF2,-2.7867697849208497,Ex-post DWA
2021-10-24,BNGSF2,-1.3115532662950216,Ex-post DWA
2021-10-31,BNGSF2,-1.0895100257373613,Ex-post DWA
2021-11-07,BNGSF2,-2.3424450365537623,Ex-post DWA
2021-11-14,BNGSF2,-4.3077434606708636,Ex-post DWA
2021-11-21,BNGSF2,-2.448129295270286,Ex-post DWA
2021-11-28,BNGSF2,-1.8455443251933552,Ex-post DWA
2021-12-05,BNGSF2,-0.5178075381540026,Ex-post DWA
2021-12-12,BNGSF2,-0.094513861245205,Ex-post DWA
2021-12-19,BNGSF2,-0.6640123443590937,Ex-post DWA
2021-12-26,BNGSF2,-0.3105404685811912,Ex-post DWA
2022-01-02,BNGSF2,-5.5677350498429234,Ex-post DWA
2022-01-09,BNGSF2,-0.6999501121259737,Ex-post DWA
2022-01-16,BNGSF2,-2.5480972887362157,Ex-post DWA
2022-01-23,BNGSF2,-2.8249133535839768,Ex-post DWA
2022-01-30,BNGSF2,-8.592354423626134,Ex-post DWA
2022-02-06,BNGSF2,-27.75855088582779,Ex-post DWA
2022-02-13,BNGSF2,0.2875520097427753,Ex-post DWA
2022-02-20,BNGSF2,-3.811465217793483,Ex-post DWA
2022-02-27,BNGSF2,-1.880735621418001,Ex-post DWA
2022-03-06,BNGSF2,-1.6769420621354243,Ex-post DWA
2022-03-13,BNGSF2,-2.6813347915391725,Ex-post DWA
2022-03-20,BNGSF2,-6.9889692836345745,Ex-post DWA
2022-03-27,BNGSF2,0.2108879728375186,Ex-post DWA
2022-04-03,BNGSF2,-9.405689035478858,Ex-post DWA
2022-04-10,BNGSF2,2.547468029739747,Ex-post DWA
2022-04-17,BNGSF2,3.8571448250379348,Ex-post DWA
2022-04-24,BNGSF2,-5.730279836754477,Ex-post DWA
2022-05-01,BNGSF2,10.793513440399664,Ex-post DWA
2022-05-08,BNGSF2,-3.6027182767863906,Ex-post DWA
2022-05-15,BNGSF2,-9.441684445964256,Ex-post DWA
2022-05-22,BNGSF2,0.197311235754853,Ex-post DWA
2022-05-29,BNGSF2,5.353650172689072,Ex-post DWA
2022-06-05,BNGSF2,-13.54164700156565,Ex-post DWA
2022-06-12,BNGSF2,2.944049903212374,Ex-post DWA
2022-06-19,BNGSF2,4.86894748941458,Ex-post DWA
2022-06-26,BNGSF2,-0.3920919709047723,Ex-post DWA
2022-07-03,BNGSF2,11.545323826029858,Ex-post DWA
2022-07-10,BNGSF2,17.50348701518135,Ex-post DWA
2022-07-17,BNGSF2,-20.315965543820255,Ex-post DWA
2022-07-24,BNGSF2,0.717315727672883,Ex-post DWA
2022-07-31,BNGSF2,2.8342962978150297,Ex-post DWA
2022-08-07,BNGSF2,-3.664961346630246,Ex-post DWA
2022-08-14,BNGSF2,4.047455215101493,Ex-post DWA
2022-08-21,BNGSF2,-3.844495786390965,Ex-post DWA
2022-08-28,BNGSF2,-61.48240743545139,Ex-post DWA
2022-09-04,BNGSF2,-12.10431041369015,Ex-post DWA
2022-09-11,BNGSF2,-8.899978090208833,Ex-post DWA
2022-09-18,BNGSF2,-5.155615606456074,Ex-post DWA
2022-09-25,BNGSF2,-2.2059570766718295,Ex-post DWA
2022-10-02,BNGSF2,-1.173823199085298,Ex-post DWA
2022-10-09,BNGSF2,10.87840324909589,Ex-post DWA
2022-10-16,BNGSF2,-13.153482993675581,Ex-post DWA
2022-10-23,BNGSF2,-14.905707489765986,Ex-post DWA
2022-10-30,BNGSF2,-7.414351398972162,Ex-post DWA
2022-11-06,BNGSF2,2.374704238909729,Ex-post DWA
2022-11-13,BNGSF2,-7.512582225241427,Ex-post DWA
2022-11-20,BNGSF2,-18.48732391390854,Ex-post DWA
2022-11-27,BNGSF2,-27.759326187511135,Ex-post DWA
2022-12-04,BNGSF2,-0.14807315196082627,Ex-post DWA
2022-12-11,BNGSF2,-13.139879746830182,Ex-post DWA
2022-12-18,BNGSF2,-2.661660555215221,Ex-post DWA
2022-12-25,BNGSF2,-4.5064532496958325,Ex-post DWA
2023-01-01,BNGSF2,-3.36342219128887,Ex-post DWA
2023-01-08,BNGSF2,-16.246084510421127,Ex-post DWA
2023-01-15,BNGSF2,3.7475655111560684,Ex-post DWA
2023-01-22,BNGSF2,-2.212887667802098,Ex-post DWA
2023-01-29,BNGSF2,-4.689402337347573,Ex-post DWA
2023-02-05,BNGSF2,-0.6983775246612822,Ex-post DWA
2023-02-12,BNGSF2,4.273466373883217,Ex-post DWA
2023-02-19,BNGSF2,0.044383672698472765,Ex-post DWA
2023-02-26,BNGSF2,-9.721273062896216,Ex-post DWA
2023-03-05,BNGSF2,-0.4361216637585781,Ex-post DWA
2023-03-12,BNGSF2,-1.8073459230298212,Ex-post DWA
2023-03-19,BNGSF2,6.35249385023998,Ex-post DWA
2023-03-26,BNGSF2,2.4502925452509743,Ex-post DWA
2023-04-02,BNGSF2,-3.8350848299059095,Ex-post DWA
2023-04-09,BNGSF2,1.779318869210499,Ex-post DWA
2023-04-16,BNGSF2,-0.3989053332095098,Ex-post DWA
2023-04-23,BNGSF2,-2.9764047577423796,Ex-post DWA
2023-04-30,BNGSF2,5.372092959080543,Ex-post DWA
2023-05-07,BNGSF2,7.45382865269633,Ex-post DWA
2023-05-14,BNGSF2,6.6014557266097,Ex-post DWA
2023-05-21,BNGSF2,11.121643959399933,Ex-post DWA
2023-05-28,BNGSF2,10.204120249012334,Ex-post DWA
2023-06-04,BNGSF2,-7.578181409023799,Ex-post DWA
2023-06-11,BNGSF2,-1.2503328945753083,Ex-post DWA
2023-06-18,BNGSF2,-8.671567767543447,Ex-post DWA
2023-06-25,BNGSF2,7.3718088397519,Ex-post DWA
2023-07-02,BNGSF2,-2.3067992071450334,Ex-post DWA
2023-07-09,BNGSF2,-17.627561655242022,Ex-post DWA
2023-07-16,BNGSF2,6.972521937744878,Ex-post DWA
2023-07-23,BNGSF2,0.20748511463730068,Ex-post DWA
2023-07-30,BNGSF2,6.0219390052659385,Ex-post DWA
2023-08-06,BNGSF2,-11.484800239076748,Ex-post DWA
2023-08-13,BNGSF2,26.32591608326061,Ex-post DWA
2023-08-20,BNGSF2,-7.176333413079707,Ex-post DWA
2023-08-27,BNGSF2,6.151704123510363,Ex-post DWA
2023-09-03,BNGSF2,-2.5925171469669053,Ex-post DWA
2023-09-10,BNGSF2,0.6935047707018747,Ex-post DWA
2023-09-17,BNGSF2,-1.2806633289018077,Ex-post DWA
2023-09-24,BNGSF2,12.134232642123067,Ex-post DWA
2023-10-01,BNGSF2,-0.36796474049836636,Ex-post DWA
2023-10-08,BNGSF2,0.47506154269322454,Ex-post DWA
2023-10-15,BNGSF2,0.9481491186520197,Ex-post DWA
2023-10-22,BNGSF2,3.0968364300316242,Ex-post DWA
2023-10-29,BNGSF2,-1.3613488653724488,Ex-post DWA
2023-11-05,BNGSF2,-6.885752298344629,Ex-post DWA
2023-11-12,BNGSF2,-1.728202275498715,Ex-post DWA
2023-11-19,BNGSF2,2.857225914822778,Ex-post DWA
2023-11-26,BNGSF2,-6.349220464607558,Ex-post DWA
2023-12-03,BNGSF2,2.5660980408944907,Ex-post DWA
2023-12-10,BNGSF2,-26.41585911111541,Ex-post DWA
2023-12-17,BNGSF2,-0.2215616617559828,Ex-post DWA
2023-12-24,BNGSF2,-3.4021896172247814,Ex-post DWA
2023-12-31,BNGSF2,1.5455842517225697,Ex-post DWA
2024-01-07,BNGSF2,1.0898939837085058,Ex-post DWA
2024-01-14,BNGSF2,-3.7831846630555344,Ex-post DWA
2024-01-21,BNGSF2,-14.207537889390215,Ex-post DWA
2024-01-28,BNGSF2,-9.10561477350543,Ex-post DWA
2024-02-04,BNGSF2,-10.25004425446301,Ex-post DWA
2024-02-11,BNGSF2,-4.798442442969874,Ex-post DWA
2024-02-18,BNGSF2,-5.7357115772696945,Ex-post DWA
2024-02-25,BNGSF2,8.58910764228618,Ex-post DWA
2024-03-03,BNGSF2,6.885907105011729,Ex-post DWA
2024-03-10,BNGSF2,1.0176345445035437,Ex-post DWA
2024-03-17,BNGSF2,10.382315591888386,Ex-post DWA
2024-03-24,BNGSF2,8.522293577360184,Ex-post DWA
2024-03-31,BNGSF2,1.96196121258689,Ex-post DWA
2024-04-07,BNGSF2,4.769100220901311,Ex-post DWA
2024-04-14,BNGSF2,5.385415540514217,Ex-post DWA
2024-04-21,BNGSF2,4.255305104840183,Ex-post DWA
2024-04-28,BNGSF2,5.798840423499769,Ex-post DWA
2024-05-05,BNGSF2,2.5346127996608985,Ex-post DWA
2024-05-12,BNGSF2,-1.1185696727644654,Ex-post DWA
2024-05-19,BNGSF2,7.248348036370118,Ex-post DWA
2024-05-26,BNGSF2,7.047223195735938,Ex-post DWA
2024-06-02,BNGSF2,-5.041195672547438,Ex-post DWA
2024-06-09,BNGSF2,-9.922457169579928,Ex-post DWA
2024-06-16,BNGSF2,-4.677586878312809,Ex-post DWA
2024-06-23,BNGSF2,6.034503735416365,Ex-post DWA
2024-06-30,BNGSF2,1.2686448429136874,Ex-post DWA
2024-07-07,BNGSF2,20.34991911470641,Ex-post DWA
2024-07-14,BNGSF2,6.791724129486212,Ex-post DWA
2024-07-21,BNGSF2,22.460306444139235,Ex-post DWA
2024-07-28,BNGSF2,14.182312474741305,Ex-post DWA
2024-08-04,BNGSF2,-7.298482136002889,Ex-post DWA
2024-08-11,BNGSF2,44.03938403996585,Ex-post DWA
2024-08-18,BNGSF2,0.6957296256112855,Ex-post DWA
2024-08-25,BNGSF2,-0.7946865758700659,Ex-post DWA
2024-09-01,BNGSF2,7.492019887452699,Ex-post DWA
2024-09-08,BNGSF2,35.92205590192151,Ex-post DWA
2024-09-15,BNGSF2,0.8253361468765217,Ex-post DWA
2024-09-22,BNGSF2,1.5729527970084902,Ex-post DWA
2024-09-29,BNGSF2,9.367323848498435,Ex-post DWA
2024-10-06,BNGSF2,3.725425527322926,Ex-post DWA
2024-10-13,BNGSF2,8.909325039253224,Ex-post DWA
2024-10-20,BNGSF2,-5.582851026326782,Ex-post DWA
2024-10-27,BNGSF2,-26.65514982392525,Ex-post DWA
2024-11-03,BNGSF2,15.282115389514773,Ex-post DWA
2024-11-10,BNGSF2,5.463041065306025,Ex-post DWA
2024-11-17,BNGSF2,-0.8583974142064967,Ex-post DWA
2024-11-24,BNGSF2,-10.250476266604153,Ex-post DWA
2024-12-01,BNGSF2,3.1286062012506903,Ex-post DWA
2024-12-08,BNGSF2,-1.3138580028774811,Ex-post DWA
2024-12-15,BNGSF2,-6.313239339712688,Ex-post DWA
2024-12-22,BNGSF2,-7.516639146424481,Ex-post DWA
2024-12-29,BNGSF2,0.39927132436893586,Ex-post DWA
2025-01-05,BNGSF2,-6.322870965330138,Ex-post DWA
2020-01-05,TBSF1,2.502325160908285,Ex-post DWA
2020-01-12,TBSF1,-0.8007614880975709,Ex-post DWA
2020-01-19,TBSF1,-0.9628420118682826,Ex-post DWA
2020-01-26,TBSF1,4.145128422280038,Ex-post DWA
2020-02-02,TBSF1,64.28991921607249,Ex-post DWA
2020-02-09,TBSF1,14.22326634185,Ex-post DWA
2020-02-16,TBSF1,7.606323162510876,Ex-post DWA
2020-02-23,TBSF1,7.827833065581046,Ex-post DWA
2020-03-01,TBSF1,-1.3315687091954231,Ex-post DWA
2020-03-08,TBSF1,-24.40275838757519,Ex-post DWA
2020-03-15,TBSF1,4.427113489899,Ex-post DWA
2020-03-22,TBSF1,-1.888093765909737,Ex-post DWA
2020-03-29,TBSF1,-1.4423987192020817,Ex-post DWA
2020-04-05,TBSF1,0.6836921773979228,Ex-post DWA
2020-04-12,TBSF1,2.433274367899145,Ex-post DWA
2020-04-19,TBSF1,-0.6113474477519887,Ex-post DWA
2020-04-26,TBSF1,6.051545928413429,Ex-post DWA
2020-05-03,TBSF1,-0.5102563042188066,Ex-post DWA
2020-05-10,TBSF1,1.9294539337062115,Ex-post DWA
2020-05-17,TBSF1,-1.2312033699880907,Ex-post DWA
2020-05-24,TBSF1,-0.11336300668578048,Ex-post DWA
2020-05-31,TBSF1,-0.8839434782939577,Ex-post DWA
2020-06-07,TBSF1,-1.7149771439422636,Ex-post DWA
2020-06-14,TBSF1,-1.3166515424286942,Ex-post DWA
2020-06-21,TBSF1,-2.6757614958777864,Ex-post DWA
2020-06-28,TBSF1,-2.462555269472645,Ex-post DWA
2020-07-05,TBSF1,-2.6502791793557208,Ex-post DWA
2020-07-12,TBSF1,-4.261739401993623,Ex-post DWA
2020-07-19,TBSF1,3.122046355452774,Ex-post DWA
2020-07-26,TBSF1,-3.5293882442961646,Ex-post DWA
2020-08-02,TBSF1,-1.4553298854738657,Ex-post DWA
2020-08-09,TBSF1,2.6638777835957583,Ex-post DWA
2020-08-16,TBSF1,-1.1336947579235996,Ex-post DWA
2020-08-23,TBSF1,4.607803226950011,Ex-post DWA
2020-08-30,TBSF1,9.927608975243569,Ex-post DWA
2020-09-06,TBSF1,30.689991910488743,Ex-post DWA
2020-09-13,TBSF1,29.078008469030834,Ex-post DWA
2020-09-20,TBSF1,24.29792558424601,Ex-post DWA
2020-09-27,TBSF1,23.780784167066926,Ex-post DWA
2020-10-04,TBSF1,48.050577560218265,Ex-post DWA
2020-10-11,TBSF1,30.916662748006488,Ex-post DWA
2020-10-18,TBSF1,0.34414502423361526,Ex-post DWA
2020-10-25,TBSF1,21.62044192750641,Ex-post DWA
2020-11-01,TBSF1,5.866671451900167,Ex-post DWA
2020-11-08,TBSF1,16.16350290025723,Ex-post DWA
2020-11-15,TBSF1,4.805502432209348,Ex-post DWA
2020-11-22,TBSF1,7.499872762273249,Ex-post DWA
2020-11-29,TBSF1,10.406590255585513,Ex-post DWA
2020-12-06,TBSF1,33.66044454547741,Ex-post DWA
2020-12-13,TBSF1,23.21728133343978,Ex-post DWA
2020-12-20,TBSF1,12.524670011442138,Ex-post DWA
2020-12-27,TBSF1,4.877272322677751,Ex-post DWA
2021-01-03,TBSF1,8.019011622753025,Ex-post DWA
2021-01-10,TBSF1,28.21426915595519,Ex-post DWA
2021-01-17,TBSF1,32.39935765429849,Ex-post DWA
2021-01-24,TBSF1,7.3245040853550165,Ex-post DWA
2021-01-31,TBSF1,3.748270507507409,Ex-post DWA
2021-02-07,TBSF1,14.013924647715358,Ex-post DWA
2021-02-14,TBSF1,8.823048853298255,Ex-post DWA
2021-02-21,TBSF1,3.4322647659770595,Ex-post DWA
2021-02-28,TBSF1,7.11464617102796,Ex-post DWA
2021-03-07,TBSF1,6.770833120290725,Ex-post DWA
2021-03-14,TBSF1,-5.60154284102277,Ex-post DWA
2021-03-21,TBSF1,12.371947309613397,Ex-post DWA
2021-03-28,TBSF1,8.579255457022668,Ex-post DWA
2021-04-04,TBSF1,-1.8708556903563895,Ex-post DWA
2021-04-11,TBSF1,11.953750132411951,Ex-post DWA
2021-04-18,TBSF1,8.009998003554703,Ex-post DWA
2021-04-25,TBSF1,-0.3006288857146444,Ex-post DWA
2021-05-02,TBSF1,6.917054479258333,Ex-post DWA
2021-05-09,TBSF1,1.2220794297938014,Ex-post DWA
2021-05-16,TBSF1,-4.227004391448155,Ex-post DWA
2021-05-23,TBSF1,-9.00662223950588,Ex-post DWA
2021-05-30,TBSF1,0.4805789429812819,Ex-post DWA
2021-06-06,TBSF1,-8.016955911966924,Ex-post DWA
2021-06-13,TBSF1,21.467511351583312,Ex-post DWA
2021-06-20,TBSF1,7.198008040119717,Ex-post DWA
2021-06-27,TBSF1,1.9062967025694206,Ex-post DWA
2021-07-04,TBSF1,-4.597228602046236,Ex-post DWA
2021-07-11,TBSF1,0.38028346539874747,Ex-post DWA
2021-07-18,TBSF1,8.704177387126826,Ex-post DWA
2021-07-25,TBSF1,5.406585454133605,Ex-post DWA
2021-08-01,TBSF1,-3.8223093266575834,Ex-post DWA
2021-08-08,TBSF1,5.033106547750453,Ex-post DWA
2021-08-15,TBSF1,5.999701878621187,Ex-post DWA
2021-08-22,TBSF1,4.736515315184349,Ex-post DWA
2021-08-29,TBSF1,11.369369879598427,Ex-post DWA
2021-09-05,TBSF1,50.61722838743491,Ex-post DWA
2021-09-12,TBSF1,18.61846892596853,Ex-post DWA
2021-09-19,TBSF1,15.614570352355884,Ex-post DWA
2021-09-26,TBSF1,23.448507188345893,Ex-post DWA
2021-10-03,TBSF1,12.362858805449601,Ex-post DWA
2021-10-10,TBSF1,9.585264277433986,Ex-post DWA
2021-10-17,TBSF1,17.406401539510238,Ex-post DWA
2021-10-24,TBSF1,10.49285564536634,Ex-post DWA
2021-10-31,TBSF1,9.080673190149446,Ex-post DWA
2021-11-07,TBSF1,4.516754394947217,Ex-post DWA
2021-11-14,TBSF1,12.790026874371327,Ex-post DWA
2021-11-21,TBSF1,9.7865729452696,Ex-post DWA
2021-11-28,TBSF1,5.928227596757319,Ex-post DWA
2021-12-05,TBSF1,2.118056497823659,Ex-post DWA
2021-12-12,TBSF1,0.5150250878726119,Ex-post DWA
2021-12-19,TBSF1,2.9585598981270635,Ex-post DWA
2021-12-26,TBSF1,1.680166100387165,Ex-post DWA
2022-01-02,TBSF1,25.080991288671115,Ex-post DWA
2022-01-09,TBSF1,1.156745181878767,Ex-post DWA
2022-01-16,TBSF1,7.8476041020675495,Ex-post DWA
2022-01-23,TBSF1,5.433964469178104,Ex-post DWA
2022-01-30,TBSF1,16.604515537105655,Ex-post DWA
2022-02-06,TBSF1,57.72018488460727,Ex-post DWA
2022-02-13,TBSF1,-0.10580989046434652,Ex-post DWA
2022-02-20,TBSF1,8.337221347870525,Ex-post DWA
2022-02-27,TBSF1,2.0059844776433877,Ex-post DWA
2022-03-06,TBSF1,10.469987251393036,Ex-post DWA
2022-03-13,TBSF1,9.178895096630113,Ex-post DWA
2022-03-20,TBSF1,17.39529104101041,Ex-post DWA
2022-03-27,TBSF1,-3.4102198438432687,Ex-post DWA
2022-04-03,TBSF1,30.817639451909976,Ex-post DWA
2022-04-10,TBSF1,-9.387787453166595,Ex-post DWA
2022-04-17,TBSF1,-7.055684325956008,Ex-post DWA
2022-04-24,TBSF1,9.348081815086346,Ex-post DWA
2022-05-01,TBSF1,-31.62779547079031,Ex-post DWA
2022-05-08,TBSF1,5.174264431138042,Ex-post DWA
2022-05-15,TBSF1,52.222883730279705,Ex-post DWA
2022-05-22,TBSF1,-9.113507752616272,Ex-post DWA
2022-05-29,TBSF1,-16.199213939374886,Ex-post DWA
2022-06-05,TBSF1,6.565976404421519,Ex-post DWA
2022-06-12,TBSF1,-24.860026308683587,Ex-post DWA
2022-06-19,TBSF1,-23.644073984195188,Ex-post DWA
2022-06-26,TBSF1,-3.606328744654917,Ex-post DWA
2022-07-03,TBSF1,-24.450133964661347,Ex-post DWA
2022-07-10,TBSF1,-42.64770780149749,Ex-post DWA
2022-07-17,TBSF1,43.034132107868004,Ex-post DWA
2022-07-24,TBSF1,-23.638653648893552,Ex-post DWA
2022-07-31,TBSF1,-11.348337988767383,Ex-post DWA
2022-08-07,TBSF1,5.392817734383481,Ex-post DWA
2022-08-14,TBSF1,-13.685066823873143,Ex-post DWA
2022-08-21,TBSF1,-2.5733216186982872,Ex-post DWA
2022-08-28,TBSF1,33.90491775647894,Ex-post DWA
2022-09-04,TBSF1,-3.0240717554669203,Ex-post DWA
2022-09-11,TBSF1,20.126088292671582,Ex-post DWA
2022-09-18,TBSF1,-13.774008465372503,Ex-post DWA
2022-09-25,TBSF1,-8.63339772627927,Ex-post DWA
2022-10-02,TBSF1,-2.1998864715163293,Ex-post DWA
2022-10-09,TBSF1,-15.064318428133802,Ex-post DWA
2022-10-16,TBSF1,3.4506474800019475,Ex-post DWA
2022-10-23,TBSF1,52.43808766130601,Ex-post DWA
2022-10-30,TBSF1,31.390468253462103,Ex-post DWA
2022-11-06,TBSF1,-10.175061346668588,Ex-post DWA
2022-11-13,TBSF1,15.427420125001582,Ex-post DWA
2022-11-20,TBSF1,35.550371702226315,Ex-post DWA
2022-11-27,TBSF1,35.981174783176726,Ex-post DWA
2022-12-04,TBSF1,-6.624030442293129,Ex-post DWA
2022-12-11,TBSF1,47.34269741494735,Ex-post DWA
2022-12-18,TBSF1,12.083231462331973,Ex-post DWA
2022-12-25,TBSF1,1.7250319956206255,Ex-post DWA
2023-01-01,TBSF1,-0.8576770244148681,Ex-post DWA
2023-01-08,TBSF1,9.549493232973724,Ex-post DWA
2023-01-15,TBSF1,-2.4170319667622095,Ex-post DWA
2023-01-22,TBSF1,44.27578419387376,Ex-post DWA
2023-01-29,TBSF1,14.206189644972518,Ex-post DWA
2023-02-05,TBSF1,2.580005589451069,Ex-post DWA
2023-02-12,TBSF1,-7.207172437756171,Ex-post DWA
2023-02-19,TBSF1,-23.12142774082062,Ex-post DWA
2023-02-26,TBSF1,3.8698346747970973,Ex-post DWA
2023-03-05,TBSF1,-5.419939627515934,Ex-post DWA
2023-03-12,TBSF1,2.400555205864231,Ex-post DWA
2023-03-19,TBSF1,-3.126096989002927,Ex-post DWA
2023-03-26,TBSF1,-13.546509168266123,Ex-post DWA
2023-04-02,TBSF1,2.4674156879372973,Ex-post DWA
2023-04-09,TBSF1,6.320313046999651,Ex-post DWA
2023-04-16,TBSF1,0.23540811802383033,Ex-post DWA
2023-04-23,TBSF1,0.789412679405352,Ex-post DWA
2023-04-30,TBSF1,-18.445362334261915,Ex-post DWA
2023-05-07,TBSF1,-45.04557960565583,Ex-post DWA
2023-05-14,TBSF1,-19.648541709764743,Ex-post DWA
2023-05-21,TBSF1,-24.227518403811956,Ex-post DWA
2023-05-28,TBSF1,-10.877793484575136,Ex-post DWA
2023-06-04,TBSF1,21.341510640663856,Ex-post DWA
2023-06-11,TBSF1,0.02006013638130355,Ex-post DWA
2023-06-18,TBSF1,24.13498103903292,Ex-post DWA
2023-06-25,TBSF1,-4.899452326668857,Ex-post DWA
2023-07-02,TBSF1,4.842279791707469,Ex-post DWA
2023-07-09,TBSF1,36.21189893094565,Ex-post DWA
2023-07-16,TBSF1,-11.011030054946904,Ex-post DWA
2023-07-23,TBSF1,-3.764989426519829,Ex-post DWA
2023-07-30,TBSF1,16.003909805777294,Ex-post DWA
2023-08-06,TBSF1,9.089052934535616,Ex-post DWA
2023-08-13,TBSF1,-56.50410395828155,Ex-post DWA
2023-08-20,TBSF1,3.2176090174517746,Ex-post DWA
2023-08-27,TBSF1,-7.455993025858546,Ex-post DWA
2023-09-03,TBSF1,-4.972849608422944,Ex-post DWA
2023-09-10,TBSF1,-0.6593883022968754,Ex-post DWA
2023-09-17,TBSF1,0.17450206164801152,Ex-post DWA
2023-09-24,TBSF1,-7.0852183869419765,Ex-post DWA
2023-10-01,TBSF1,5.710543652690629,Ex-post DWA
2023-10-08,TBSF1,3.220807068055105,Ex-post DWA
2023-10-15,TBSF1,7.3909903404636585,Ex-post DWA
2023-10-22,TBSF1,0.21883210029113265,Ex-post DWA
2023-10-29,TBSF1,19.624151651500213,Ex-post DWA
2023-11-05,TBSF1,13.625177477981259,Ex-post DWA
2023-11-12,TBSF1,7.480170733341879,Ex-post DWA
2023-11-19,TBSF1,-6.987620410522684,Ex-post DWA
2023-11-26,TBSF1,13.248534035905175,Ex-post DWA
2023-12-03,TBSF1,-7.102799152562399,Ex-post DWA
2023-12-10,TBSF1,18.86645050140183,Ex-post DWA
2023-12-17,TBSF1,-7.851624519410858,Ex-post DWA
2023-12-24,TBSF1,30.76275948972601,Ex-post DWA
2023-12-31,TBSF1,-11.401481350116907,Ex-post DWA
2024-01-07,TBSF1,0.8472299065430651,Ex-post DWA
2024-01-14,TBSF1,-3.2948291018760187,Ex-post DWA
2024-01-21,TBSF1,10.136526706297236,Ex-post DWA
2024-01-28,TBSF1,18.99599927633738,Ex-post DWA
2024-02-04,TBSF1,-2.90917383717062,Ex-post DWA
2024-02-11,TBSF1,14.739707997029301,Ex-post DWA
2024-02-18,TBSF1,7.287410572530046,Ex-post DWA
2024-02-25,TBSF1,-11.20755359428584,Ex-post DWA
2024-03-03,TBSF1,-1.3192922779743022,Ex-post DWA
2024-03-10,TBSF1,5.281178450146143,Ex-post DWA
2024-03-17,TBSF1,-7.878483696074753,Ex-post DWA
2024-03-24,TBSF1,5.010604138905377,Ex-post DWA
2024-03-31,TBSF1,-2.291989777405475,Ex-post DWA
2024-04-07,TBSF1,-5.291464716295668,Ex-post DWA
2024-04-14,TBSF1,-7.008636541328858,Ex-post DWA
2024-04-21,TBSF1,-12.800719188510179,Ex-post DWA
2024-04-28,TBSF1,-0.8500454314288852,Ex-post DWA
2024-05-05,TBSF1,-14.345663926572072,Ex-post DWA
2024-05-12,TBSF1,-2.731637440115847,Ex-post DWA
2024-05-19,TBSF1,-11.223052733764504,Ex-post DWA
2024-05-26,TBSF1,-8.952812667265732,Ex-post DWA
2024-06-02,TBSF1,4.993265008919515,Ex-post DWA
2024-06-09,TBSF1,6.401166333954251,Ex-post DWA
2024-06-16,TBSF1,4.250639514118205,Ex-post DWA
2024-06-23,TBSF1,-5.414953341581224,Ex-post DWA
2024-06-30,TBSF1,-2.135091817827089,Ex-post DWA
2024-07-07,TBSF1,-17.843242991227868,Ex-post DWA
2024-07-14,TBSF1,-8.791099772519402,Ex-post DWA
2024-07-21,TBSF1,-23.200011249114823,Ex-post DWA
2024-07-28,TBSF1,3.6988184738917482,Ex-post DWA
2024-08-04,TBSF1,2.428452133909815,Ex-post DWA
2024-08-11,TBSF1,-58.37437077529792,Ex-post DWA
2024-08-18,TBSF1,0.29004364302649144,Ex-post DWA
2024-08-25,TBSF1,12.073064934556765,Ex-post DWA
2024-09-01,TBSF1,0.6458249204801625,Ex-post DWA
2024-09-08,TBSF1,-14.525811435746101,Ex-post DWA
2024-09-15,TBSF1,0.061156276516905805,Ex-post DWA
2024-09-22,TBSF1,1.843915051277932,Ex-post DWA
2024-09-29,TBSF1,11.727199199743845,Ex-post DWA
2024-10-06,TBSF1,-2.9147521892439308,Ex-post DWA
2024-10-13,TBSF1,-1.1845815854472725,Ex-post DWA
2024-10-20,TBSF1,75.99623257090438,Ex-post DWA
2024-10-27,TBSF1,28.151194352527018,Ex-post DWA
2024-11-03,TBSF1,-1.3473641916154317,Ex-post DWA
2024-11-10,TBSF1,1.9875929103204772,Ex-post DWA
2024-11-17,TBSF1,4.435435725725156,Ex-post DWA
2024-11-24,TBSF1,10.183023870393143,Ex-post DWA
2024-12-01,TBSF1,-5.956125385568882,Ex-post DWA
2024-12-08,TBSF1,42.56569492154635,Ex-post DWA
2024-12-15,TBSF1,11.034153168712784,Ex-post DWA
2024-12-22,TBSF1,15.620778010887859,Ex-post DWA
2024-12-29,TBSF1,11.539357502786455,Ex-post DWA
2025-01-05,TBSF1,-4.871676008721126,Ex-post DWA
2020-01-05,BNGSF1,8.037483074811853,ToD blocks
2020-01-12,BNGSF1,-3.7545558544152087,ToD blocks
2020-01-19,BNGSF1,0.01882841353518927,ToD blocks
2020-01-26,BNGSF1,1.6370645987291397,ToD blocks
2020-02-02,BNGSF1,15.699259388145862,ToD blocks
2020-02-09,BNGSF1,-25.879861332193517,ToD blocks
2020-02-16,BNGSF1,30.706382655643935,ToD blocks
2020-02-23,BNGSF1,-1.4218496226196038,ToD blocks
2020-03-01,BNGSF1,-2.931479412237458,ToD blocks
2020-03-08,BNGSF1,-44.675503676049104,ToD blocks
2020-03-15,BNGSF1,-3.872981712437536,ToD blocks
2020-03-22,BNGSF1,-0.8502924319571719,ToD blocks
2020-03-29,BNGSF1,-2.32581768589219,ToD blocks
2020-04-05,BNGSF1,-0.6033339878061739,ToD blocks
2020-04-12,BNGSF1,1.6668319388130826,ToD blocks
2020-04-19,BNGSF1,0.5825336761229849,ToD blocks
2020-04-26,BNGSF1,-10.235896405421322,ToD blocks
2020-05-03,BNGSF1,-0.8832982565183798,ToD blocks
2020-05-10,BNGSF1,-1.4732213285975497,ToD blocks
2020-05-17,BNGSF1,-1.598190650669558,ToD blocks
2020-05-24,BNGSF1,-4.335075521167354,ToD blocks
2020-05-31,BNGSF1,3.5438508372431343,ToD blocks
2020-06-07,BNGSF1,-1.323181042346512,ToD blocks
2020-06-14,BNGSF1,-2.18591542704538,ToD blocks
2020-06-21,BNGSF1,-1.8134102150519702,ToD blocks
2020-06-28,BNGSF1,-1.4590956354190041,ToD blocks
2020-07-05,BNGSF1,0.2075760782878291,ToD blocks
2020-07-12,BNGSF1,-1.0038690258642475,ToD blocks
2020-07-19,BNGSF1,0.8690255979336143,ToD blocks
2020-07-26,BNGSF1,-3.445652784523986,ToD blocks
2020-08-02,BNGSF1,-5.9271715880369555,ToD blocks
2020-08-09,BNGSF1,-9.920870396114545,ToD blocks
2020-08-16,BNGSF1,-1.3479785317888329,ToD blocks
2020-08-23,BNGSF1,2.1639411284779584,ToD blocks
2020-08-30,BNGSF1,-0.20287213181819652,ToD blocks
2020-09-06,BNGSF1,-2.385521692757173,ToD blocks
2020-09-13,BNGSF1,-7.798581611294379,ToD blocks
2020-09-20,BNGSF1,4.305069446318575,ToD blocks
2020-09-27,BNGSF1,-4.995968215428327,ToD blocks
2020-10-04,BNGSF1,-18.58714865115551,ToD blocks
2020-10-11,BNGSF1,-27.279182007304044,ToD blocks
2020-10-18,BNGSF1,-5.912197918174542,ToD blocks
2020-10-25,BNGSF1,-12.888897879333378,ToD blocks
2020-11-01,BNGSF1,-4.16538170150897,ToD blocks
2020-11-08,BNGSF1,-6.015521210949675,ToD blocks
2020-11-15,BNGSF1,4.168164787733446,ToD blocks
2020-11-22,BNGSF1,5.061699646805831,ToD blocks
2020-11-29,BNGSF1,-1.3840229131268913,ToD blocks
2020-12-06,BNGSF1,-3.223200178983749,ToD blocks
2020-12-13,BNGSF1,8.312982930776847,ToD blocks
2020-12-20,BNGSF1,-8.09088238302756,ToD blocks
2020-12-27,BNGSF1,0.012612620829222543,ToD blocks
2021-01-03,BNGSF1,0.1728116542777176,ToD blocks
2021-01-10,BNGSF1,-1.4520301509888744,ToD blocks
2021-01-17,BNGSF1,-6.327578563750091,ToD blocks
2021-01-24,BNGSF1,-11.863212331029857,ToD blocks
2021-01-31,BNGSF1,-10.403481686631952,ToD blocks
2021-02-07,BNGSF1,-9.528934077746296,ToD blocks
2021-02-14,BNGSF1,-1.807822164721582,ToD blocks
2021-02-21,BNGSF1,-2.080458002690726,ToD blocks
2021-02-28,BNGSF1,26.373987265699526,ToD blocks
2021-03-07,BNGSF1,-3.4864964666343354,ToD blocks
2021-03-14,BNGSF1,17.644202746852176,ToD blocks
2021-03-21,BNGSF1,-1.935973261973679,ToD blocks
2021-03-28,BNGSF1,-12.010443765008548,ToD blocks
2021-04-04,BNGSF1,-3.7828561954002566,ToD blocks
2021-04-11,BNGSF1,4.569854985002548,ToD blocks
2021-04-18,BNGSF1,0.8100322163546334,ToD blocks
2021-04-25,BNGSF1,-4.952962379777453,ToD blocks
2021-05-02,BNGSF1,-1.3522256689805587,ToD blocks
2021-05-09,BNGSF1,-9.471504652123357,ToD blocks
2021-05-16,BNGSF1,-3.7713772091190805,ToD blocks
2021-05-23,BNGSF1,-19.49016364443014,ToD blocks
2021-05-30,BNGSF1,-7.174531498884633,ToD blocks
2021-06-06,BNGSF1,-9.387219536034195,ToD blocks
2021-06-13,BNGSF1,-27.878048495400787,ToD blocks
2021-06-20,BNGSF1,-19.0815374270459,ToD blocks
2021-06-27,BNGSF1,-3.0160915127423777,ToD blocks
2021-07-04,BNGSF1,-4.689372747476035,ToD blocks
2021-07-11,BNGSF1,-9.761834142166549,ToD blocks
2021-07-18,BNGSF1,-24.134537938572553,ToD blocks
2021-07-25,BNGSF1,-6.422628883775332,ToD blocks
2021-08-01,BNGSF1,1.5503240453526042,ToD blocks
2021-08-08,BNGSF1,-6.988257979626816,ToD blocks
2021-08-15,BNGSF1,-4.593264361841865,ToD blocks
2021-08-22,BNGSF1,6.865093333839608,ToD blocks
2021-08-29,BNGSF1,5.018928100998767,ToD blocks
2021-09-05,BNGSF1,-4.539788174080876,ToD blocks
2021-09-12,BNGSF1,22.31430673003459,ToD blocks
2021-09-19,BNGSF1,5.3386129577821855,ToD blocks
2021-09-26,BNGSF1,-0.5666349449930319,ToD blocks
2021-10-03,BNGSF1,0.1940046874147897,ToD blocks
2021-10-10,BNGSF1,-6.336393321561985,ToD blocks
2021-10-17,BNGSF1,-14.946002489297838,ToD blocks
2021-10-24,BNGSF1,-1.70642326965935,ToD blocks
2021-10-31,BNGSF1,-29.112227235500654,ToD blocks
2021-11-07,BNGSF1,-6.059642736024649,ToD blocks
2021-11-14,BNGSF1,4.190176033693913,ToD blocks
2021-11-21,BNGSF1,-7.370838534030915,ToD blocks
2021-11-28,BNGSF1,-14.2273612748903,ToD blocks
2021-12-05,BNGSF1,3.6013366560391233,ToD blocks
2021-12-12,BNGSF1,-4.265028764073266,ToD blocks
2021-12-19,BNGSF1,-48.50334667310007,ToD blocks
2021-12-26,BNGSF1,-0.8793930111476511,ToD blocks
2022-01-02,BNGSF1,-26.247445359062624,ToD blocks
2022-01-09,BNGSF1,-7.080497917680085,ToD blocks
2022-01-16,BNGSF1,-22.472402431480873,ToD blocks
2022-01-23,BNGSF1,-15.232572165776022,ToD blocks
2022-01-30,BNGSF1,-21.31294481543101,ToD blocks
2022-02-06,BNGSF1,-33.17527366863489,ToD blocks
2022-02-13,BNGSF1,-11.536105619584571,ToD blocks
2022-02-20,BNGSF1,-18.436741482330575,ToD blocks
2022-02-27,BNGSF1,-9.467833937312122,ToD blocks
2022-03-06,BNGSF1,-3.5082743633737152,ToD blocks
2022-03-13,BNGSF1,-7.61659695692285,ToD blocks
2022-03-20,BNGSF1,-33.79767559490858,ToD blocks
2022-03-27,BNGSF1,-17.038660393194345,ToD blocks
2022-04-03,BNGSF1,-5.56328864309334,ToD blocks
2022-04-10,BNGSF1,-0.438564438707175,ToD blocks
2022-04-17,BNGSF1,-5.538112307969541,ToD blocks
2022-04-24,BNGSF1,-15.578764616818944,ToD blocks
2022-05-01,BNGSF1,-23.42576662501388,ToD blocks
2022-05-08,BNGSF1,-15.441997988415537,ToD blocks
2022-05-15,BNGSF1,-28.720951374017176,ToD blocks
2022-05-22,BNGSF1,-62.06496751691682,ToD blocks
2022-05-29,BNGSF1,7.959205244050963,ToD blocks
2022-06-05,BNGSF1,-50.03415748628737,ToD blocks
2022-06-12,BNGSF1,-24.059963538138447,ToD blocks
2022-06-19,BNGSF1,-1.1360618486835392,ToD blocks
2022-06-26,BNGSF1,-17.335510467174487,ToD blocks
2022-07-03,BNGSF1,-18.347744047572235,ToD blocks
2022-07-10,BNGSF1,-53.961989683101194,ToD blocks
2022-07-17,BNGSF1,6.683004564013686,ToD blocks
2022-07-24,BNGSF1,-25.121473072461583,ToD blocks
2022-07-31,BNGSF1,-22.800952018764747,ToD blocks
2022-08-07,BNGSF1,2.0255454020436687,ToD blocks
2022-08-14,BNGSF1,-14.792761161359081,ToD blocks
2022-08-21,BNGSF1,-18.22372360389022,ToD blocks
2022-08-28,BNGSF1,-112.78618504314025,ToD blocks
2022-09-04,BNGSF1,-13.331506803174136,ToD blocks
2022-09-11,BNGSF1,-38.14747327548254,ToD blocks
2022-09-18,BNGSF1,70.86898807142762,ToD blocks
2022-09-25,BNGSF1,-4.99478017113627,ToD blocks
2022-10-02,BNGSF1,-9.384342698091011,ToD blocks
2022-10-09,BNGSF1,-23.037944198964006,ToD blocks
2022-10-16,BNGSF1,-62.68414377323135,ToD blocks
2022-10-23,BNGSF1,-8.561966997570487,ToD blocks
2022-10-30,BNGSF1,-37.458001280287746,ToD blocks
2022-11-06,BNGSF1,-3.640178690330501,ToD blocks
2022-11-13,BNGSF1,4.885697911101314,ToD blocks
2022-11-20,BNGSF1,70.75137039534509,ToD blocks
2022-11-27,BNGSF1,17.274278438404792,ToD blocks
2022-12-04,BNGSF1,-8.026346688893284,ToD blocks
2022-12-11,BNGSF1,-44.67522575835727,ToD blocks
2022-12-18,BNGSF1,-3.9388993031170756,ToD blocks
2022-12-25,BNGSF1,-8.566789899407073,ToD blocks
2023-01-01,BNGSF1,-9.695309380739822,ToD blocks
2023-01-08,BNGSF1,15.660836032603665,ToD blocks
2023-01-15,BNGSF1,10.117411709708612,ToD blocks
2023-01-22,BNGSF1,-15.560801882629232,ToD blocks
2023-01-29,BNGSF1,-17.77185515728368,ToD blocks
2023-02-05,BNGSF1,-6.955926481223159,ToD blocks
2023-02-12,BNGSF1,18.927335945945444,ToD blocks
2023-02-19,BNGSF1,-20.84255394735017,ToD blocks
2023-02-26,BNGSF1,-16.701882476556627,ToD blocks
2023-03-05,BNGSF1,-10.075610323328675,ToD blocks
2023-03-12,BNGSF1,-8.939468930927683,ToD blocks
2023-03-19,BNGSF1,-16.93911878374225,ToD blocks
2023-03-26,BNGSF1,-9.391498449986905,ToD blocks
2023-04-02,BNGSF1,-34.73022686281549,ToD blocks
2023-04-09,BNGSF1,6.0474041208250355,ToD blocks
2023-04-16,BNGSF1,-12.052293109432698,ToD blocks
2023-04-23,BNGSF1,10.530391585368044,ToD blocks
2023-04-30,BNGSF1,-2.351140487908758,ToD blocks
2023-05-07,BNGSF1,-25.507590996635457,ToD blocks
2023-05-14,BNGSF1,-2.817203791616322,ToD blocks
2023-05-21,BNGSF1,-4.012346246783551,ToD blocks
2023-05-28,BNGSF1,-18.69033339164794,ToD blocks
2023-06-04,BNGSF1,-28.19295669866746,ToD blocks
2023-06-11,BNGSF1,-20.824239793695153,ToD blocks
2023-06-18,BNGSF1,-0.49499281957936425,ToD blocks
2023-06-25,BNGSF1,-6.190089370035963,ToD blocks
2023-07-02,BNGSF1,-45.56657728841739,ToD blocks
2023-07-09,BNGSF1,-26.69243012984603,ToD blocks
2023-07-16,BNGSF1,-2.044608607554789,ToD blocks
2023-07-23,BNGSF1,-10.872399495020883,ToD blocks
2023-07-30,BNGSF1,-14.987002754235323,ToD blocks
2023-08-06,BNGSF1,45.244256391073804,ToD blocks
2023-08-13,BNGSF1,-18.795231596631254,ToD blocks
2023-08-20,BNGSF1,-19.973941738322036,ToD blocks
2023-08-27,BNGSF1,-6.232047270855682,ToD blocks
2023-09-03,BNGSF1,-1.9215442721361242,ToD blocks
2023-09-10,BNGSF1,9.160795449692902,ToD blocks
2023-09-17,BNGSF1,18.195504864377646,ToD blocks
2023-09-24,BNGSF1,34.544288743406725,ToD blocks
2023-10-01,BNGSF1,27.34679490138212,ToD blocks
2023-10-08,BNGSF1,-5.066802595583927,ToD blocks
2023-10-15,BNGSF1,-12.549591503566557,ToD blocks
2023-10-22,BNGSF1,9.285339603119862,ToD blocks
2023-10-29,BNGSF1,28.437786036109685,ToD blocks
2023-11-05,BNGSF1,27.471785864511837,ToD blocks
2023-11-12,BNGSF1,-16.713829858372506,ToD blocks
2023-11-19,BNGSF1,-0.7961885364517045,ToD blocks
2023-11-26,BNGSF1,-4.165130272725598,ToD blocks
2023-12-03,BNGSF1,0.1399291461807577,ToD blocks
2023-12-10,BNGSF1,-62.601558899772556,ToD blocks
2023-12-17,BNGSF1,3.7259203310513502,ToD blocks
2023-12-24,BNGSF1,4.032905767138363,ToD blocks
2023-12-31,BNGSF1,32.736279653553126,ToD blocks
2024-01-07,BNGSF1,-10.786492520728395,ToD blocks
2024-01-14,BNGSF1,7.377567026151849,ToD blocks
2024-01-21,BNGSF1,10.162502096500331,ToD blocks
2024-01-28,BNGSF1,51.5786697044132,ToD blocks
2024-02-04,BNGSF1,5.82058735814892,ToD blocks
2024-02-11,BNGSF1,5.645646427355988,ToD blocks
2024-02-18,BNGSF1,19.07101579207528,ToD blocks
2024-02-25,BNGSF1,53.812575473551206,ToD blocks
2024-03-03,BNGSF1,-8.806015057221831,ToD blocks
2024-03-10,BNGSF1,0.17746669259825865,ToD blocks
2024-03-17,BNGSF1,6.03595774793655,ToD blocks
2024-03-24,BNGSF1,10.317194976022433,ToD blocks
2024-03-31,BNGSF1,-10.866682764807907,ToD blocks
2024-04-07,BNGSF1,10.101418459790022,ToD blocks
2024-04-14,BNGSF1,3.0779160137042325,ToD blocks
2024-04-21,BNGSF1,7.495748505775374,ToD blocks
2024-04-28,BNGSF1,0.7677305887304762,ToD blocks
2024-05-05,BNGSF1,9.38538764381807,ToD blocks
2024-05-12,BNGSF1,-9.045137947868469,ToD blocks
2024-05-19,BNGSF1,-10.721546537295225,ToD blocks
2024-05-26,BNGSF1,-15.25066923845938,ToD blocks
2024-06-02,BNGSF1,6.217837448788863,ToD blocks
2024-06-09,BNGSF1,-34.17782299733321,ToD blocks
2024-06-16,BNGSF1,-43.953985260353306,ToD blocks
2024-06-23,BNGSF1,-16.19281309397732,ToD blocks
2024-06-30,BNGSF1,-29.874204585479248,ToD blocks
2024-07-07,BNGSF1,19.612838853705796,ToD blocks
2024-07-14,BNGSF1,-21.695683964780073,ToD blocks
2024-07-21,BNGSF1,-30.546871727793814,ToD blocks
2024-07-28,BNGSF1,-20.1268384797733,ToD blocks
2024-08-04,BNGSF1,-85.87654858185381,ToD blocks
2024-08-11,BNGSF1,-55.08956733919109,ToD blocks
2024-08-18,BNGSF1,-2.449002311618507,ToD blocks
2024-08-25,BNGSF1,3.8937167058615474,ToD blocks
2024-09-01,BNGSF1,19.835106777012637,ToD blocks
2024-09-08,BNGSF1,17.466970485949567,ToD blocks
2024-09-15,BNGSF1,21.905992269857556,ToD blocks
2024-09-22,BNGSF1,2.93380209708382,ToD blocks
2024-09-29,BNGSF1,-42.966532481985354,ToD blocks
2024-10-06,BNGSF1,3.992201858231674,ToD blocks
2024-10-13,BNGSF1,38.4190091036944,ToD blocks
2024-10-20,BNGSF1,-20.637364191064076,ToD blocks
2024-10-27,BNGSF1,-44.01080705584717,ToD blocks
2024-11-03,BNGSF1,33.85697922649451,ToD blocks
2024-11-10,BNGSF1,9.461280236573458,ToD blocks
2024-11-17,BNGSF1,36.66835779238322,ToD blocks
2024-11-24,BNGSF1,-5.986680862697902,ToD blocks
2024-12-01,BNGSF1,39.707770505750936,ToD blocks
2024-12-08,BNGSF1,26.177737988335167,ToD blocks
2024-12-15,BNGSF1,-14.593533184973182,ToD blocks
2024-12-22,BNGSF1,19.251940653005803,ToD blocks
2024-12-29,BNGSF1,24.389131131571876,ToD blocks
2025-01-05,BNGSF1,8.180561445084631,ToD blocks
2020-01-05,BNGSF2,6.056499989584616,ToD blocks
2020-01-12,BNGSF2,-1.1271960638790475,ToD blocks
2020-01-19,BNGSF2,0.7153683491179947,ToD blocks
2020-01-26,BNGSF2,0.1855462580362044,ToD blocks
2020-02-02,BNGSF2,21.670820581310664,ToD blocks
2020-02-09,BNGSF2,-27.205705498892158,ToD blocks
2020-02-16,BNGSF2,10.169809071739607,ToD blocks
2020-02-23,BNGSF2,-3.8222793646193693,ToD blocks
2020-03-01,BNGSF2,-1.0525640631795312,ToD blocks
2020-03-08,BNGSF2,-30.0008907815306,ToD blocks
2020-03-15,BNGSF2,-1.8673010342693033,ToD blocks
2020-03-22,BNGSF2,-1.308829244084258,ToD blocks
2020-03-29,BNGSF2,-1.5738032445689427,ToD blocks
2020-04-05,BNGSF2,-1.6581576410560999,ToD blocks
2020-04-12,BNGSF2,2.475979652856733,ToD blocks
2020-04-19,BNGSF2,2.5195798961781115,ToD blocks
2020-04-26,BNGSF2,-9.321800932933257,ToD blocks
2020-05-03,BNGSF2,12.627830830469922,ToD blocks
2020-05-10,BNGSF2,-12.768302071377837,ToD blocks
2020-05-17,BNGSF2,7.811855789644099,ToD blocks
2020-05-24,BNGSF2,,ToD blocks
2020-05-31,BNGSF2,254.972520813238,ToD blocks
2020-06-07,BNGSF2,,ToD blocks
2020-06-14,BNGSF2,,ToD blocks
2020-06-21,BNGSF2,-1.2483513560118062,ToD blocks
2020-06-28,BNGSF2,-0.6840095817055456,ToD blocks
2020-07-05,BNGSF2,1.2346067732632449,ToD blocks
2020-07-12,BNGSF2,-2.7824816354106616,ToD blocks
2020-07-19,BNGSF2,-1.2936008132408432,ToD blocks
2020-07-26,BNGSF2,-3.49851140028305,ToD blocks
2020-08-02,BNGSF2,-6.050974184755866,ToD blocks
2020-08-09,BNGSF2,-10.467910375155064,ToD blocks
2020-08-16,BNGSF2,-1.3954766792725692,ToD blocks
2020-08-23,BNGSF2,0.39834991095776573,ToD blocks
2020-08-30,BNGSF2,0.014691345965118785,ToD blocks
2020-09-06,BNGSF2,-2.4869105896638324,ToD blocks
2020-09-13,BNGSF2,-7.625145606049351,ToD blocks
2020-09-20,BNGSF2,3.3521072448493694,ToD blocks
2020-09-27,BNGSF2,-5.586642654361256,ToD blocks
2020-10-04,BNGSF2,-18.08615718139626,ToD blocks
2020-10-11,BNGSF2,-27.79214338363413,ToD blocks
2020-10-18,BNGSF2,-5.407253120121876,ToD blocks
2020-10-25,BNGSF2,-12.437409281547108,ToD blocks
2020-11-01,BNGSF2,-4.842739632619608,ToD blocks
2020-11-08,BNGSF2,-6.9658390139274164,ToD blocks
2020-11-15,BNGSF2,3.4091708305420383,ToD blocks
2020-11-22,BNGSF2,1.078314508994005,ToD blocks
2020-11-29,BNGSF2,-0.6157225061949987,ToD blocks
2020-12-06,BNGSF2,-3.3941321501493302,ToD blocks
2020-12-13,BNGSF2,8.222767605090551,ToD blocks
2020-12-20,BNGSF2,-7.591104736097753,ToD blocks
2020-12-27,BNGSF2,0.1414743808664376,ToD blocks
2021-01-03,BNGSF2,4.180993176520662,ToD blocks
2021-01-10,BNGSF2,-1.9309796002386073,ToD blocks
2021-01-17,BNGSF2,-5.954597400391495,ToD blocks
2021-01-24,BNGSF2,-11.289255362403942,ToD blocks
2021-01-31,BNGSF2,-9.92260000253043,ToD blocks
2021-02-07,BNGSF2,-9.6943423943467,ToD blocks
2021-02-14,BNGSF2,-1.7549716168545189,ToD blocks
2021-02-21,BNGSF2,-1.9924307420395238,ToD blocks
2021-02-28,BNGSF2,26.46013651231814,ToD blocks
2021-03-07,BNGSF2,-2.1450401800499455,ToD blocks
2021-03-14,BNGSF2,22.97791826428889,ToD blocks
2021-03-21,BNGSF2,-1.2924280747129302,ToD blocks
2021-03-28,BNGSF2,-11.700230592253167,ToD blocks
2021-04-04,BNGSF2,-3.9261698484313676,ToD blocks
2021-04-11,BNGSF2,4.498773908789331,ToD blocks
2021-04-18,BNGSF2,0.5530391300766571,ToD blocks
2021-04-25,BNGSF2,-4.789371722816803,ToD blocks
2021-05-02,BNGSF2,-1.362457516633519,ToD blocks
2021-05-09,BNGSF2,-10.30013792139426,ToD blocks
2021-05-16,BNGSF2,-3.2305452930739875,ToD blocks
2021-05-23,BNGSF2,-19.113643846814647,ToD blocks
2021-05-30,BNGSF2,-8.47641498831782,ToD blocks
2021-06-06,BNGSF2,-10.4382198691248,ToD blocks
2021-06-13,BNGSF2,-32.13477512316412,ToD blocks
2021-06-20,BNGSF2,-20.365095945677922,ToD blocks
2021-06-27,BNGSF2,-4.0570509518127125,ToD blocks
2021-07-04,BNGSF2,-6.3290437748203985,ToD blocks
2021-07-11,BNGSF2,-7.224597157500909,ToD blocks
2021-07-18,BNGSF2,-23.328558680174854,ToD blocks
2021-07-25,BNGSF2,-8.188557750251704,ToD blocks
2021-08-01,BNGSF2,-12.735709432287116,ToD blocks
2021-08-08,BNGSF2,-7.8349073049813605,ToD blocks
2021-08-15,BNGSF2,-4.535933893332037,ToD blocks
2021-08-22,BNGSF2,4.992970739095432,ToD blocks
2021-08-29,BNGSF2,3.8077160737036877,ToD blocks
2021-09-05,BNGSF2,-10.265463940155499,ToD blocks
2021-09-12,BNGSF2,27.74692412363899,ToD blocks
2021-09-19,BNGSF2,5.622212391558512,ToD blocks
2021-09-26,BNGSF2,0.13100100483907262,ToD blocks
2021-10-03,BNGSF2,2.0855826597382228,ToD blocks
2021-10-10,BNGSF2,-6.117125501371799,ToD blocks
2021-10-17,BNGSF2,-9.353590693373974,ToD blocks
2021-10-24,BNGSF2,4.513692236678807,ToD blocks
2021-10-31,BNGSF2,-22.189522831595145,ToD blocks
2021-11-07,BNGSF2,-6.152432886772644,ToD blocks
2021-11-14,BNGSF2,4.409938822169101,ToD blocks
2021-11-21,BNGSF2,-7.029720431671402,ToD blocks
2021-11-28,BNGSF2,-14.648624005651506,ToD blocks
2021-12-05,BNGSF2,3.1592088465556643,ToD blocks
2021-12-12,BNGSF2,-3.67632323549192,ToD blocks
2021-12-19,BNGSF2,-45.97159420314901,ToD blocks
2021-12-26,BNGSF2,-0.484888874624982,ToD blocks
2022-01-02,BNGSF2,-23.690725056242712,ToD blocks
2022-01-09,BNGSF2,-7.1308524745083615,ToD blocks
2022-01-16,BNGSF2,-21.688507635775494,ToD blocks
2022-01-23,BNGSF2,-15.083186673706216,ToD blocks
2022-01-30,BNGSF2,-21.920813051685258,ToD blocks
2022-02-06,BNGSF2,-35.48261221573442,ToD blocks
2022-02-13,BNGSF2,-10.541169788347595,ToD blocks
2022-02-20,BNGSF2,-18.198314311941743,ToD blocks
2022-02-27,BNGSF2,-11.304471540748462,ToD blocks
2022-03-06,BNGSF2,-0.577588623748035,ToD blocks
2022-03-13,BNGSF2,-7.165919610984378,ToD blocks
2022-03-20,BNGSF2,-31.406990841872386,ToD blocks
2022-03-27,BNGSF2,-16.896929829119774,ToD blocks
2022-04-03,BNGSF2,-5.5233344961266155,ToD blocks
2022-04-10,BNGSF2,-0.5063905029447966,ToD blocks
2022-04-17,BNGSF2,-2.718383455648805,ToD blocks
2022-04-24,BNGSF2,-16.42328826315604,ToD blocks
2022-05-01,BNGSF2,-25.16257121981016,ToD blocks
2022-05-08,BNGSF2,-18.819736618983953,ToD blocks
2022-05-15,BNGSF2,-31.05028026353682,ToD blocks
2022-05-22,BNGSF2,-61.02520387625739,ToD blocks
2022-05-29,BNGSF2,1.8439429168896027,ToD blocks
2022-06-05,BNGSF2,-59.35165160930225,ToD blocks
2022-06-12,BNGSF2,-34.04996317805649,ToD blocks
2022-06-19,BNGSF2,-9.167596220847372,ToD blocks
2022-06-26,BNGSF2,-20.114293703374585,ToD blocks
2022-07-03,BNGSF2,-19.658158402036804,ToD blocks
2022-07-10,BNGSF2,-55.976360012247824,ToD blocks
2022-07-17,BNGSF2,-4.183544630619679,ToD blocks
2022-07-24,BNGSF2,-33.722217630290345,ToD blocks
2022-07-31,BNGSF2,-15.193712765243077,ToD blocks
2022-08-07,BNGSF2,-0.2614590991769248,ToD blocks
2022-08-14,BNGSF2,-11.091491064646235,ToD blocks
2022-08-21,BNGSF2,-22.562418448767886,ToD blocks
2022-08-28,BNGSF2,-156.9609043114652,ToD blocks
2022-09-04,BNGSF2,-25.64171032474939,ToD blocks
2022-09-11,BNGSF2,-34.89666603290094,ToD blocks
2022-09-18,BNGSF2,59.860505710037614,ToD blocks
2022-09-25,BNGSF2,-11.726663278599595,ToD blocks
2022-10-02,BNGSF2,-8.189791250690782,ToD blocks
2022-10-09,BNGSF2,-6.8949356430482,ToD blocks
2022-10-16,BNGSF2,-69.0989385742674,ToD blocks
2022-10-23,BNGSF2,-6.508400592059765,ToD blocks
2022-10-30,BNGSF2,-27.136697405898317,ToD blocks
2022-11-06,BNGSF2,-2.8976387795438114,ToD blocks
2022-11-13,BNGSF2,5.340233134432168,ToD blocks
2022-11-20,BNGSF2,52.90790984715345,ToD blocks
2022-11-27,BNGSF2,-7.930107213216571,ToD blocks
2022-12-04,BNGSF2,-7.128684686693431,ToD blocks
2022-12-11,BNGSF2,-37.278893759014046,ToD blocks
2022-12-18,BNGSF2,-4.134278090469074,ToD blocks
2022-12-25,BNGSF2,-10.350468441276668,ToD blocks
2023-01-01,BNGSF2,-5.468029241070252,ToD blocks
2023-01-08,BNGSF2,-7.33676095901386,ToD blocks
2023-01-15,BNGSF2,13.363681322784934,ToD blocks
2023-01-22,BNGSF2,-7.7968224234723635,ToD blocks
2023-01-29,BNGSF2,-12.349425824307325,ToD blocks
2023-02-05,BNGSF2,-6.218532309477524,ToD blocks
2023-02-12,BNGSF2,10.240271277088333,ToD blocks
2023-02-19,BNGSF2,-42.08133074212422,ToD blocks
2023-02-26,BNGSF2,-26.295425437907696,ToD blocks
2023-03-05,BNGSF2,-11.625562155790279,ToD blocks
2023-03-12,BNGSF2,-10.25812424013519,ToD blocks
2023-03-19,BNGSF2,-4.351509832184034,ToD blocks
2023-03-26,BNGSF2,-8.893671531621315,ToD blocks
2023-04-02,BNGSF2,-35.61919329358554,ToD blocks
2023-04-09,BNGSF2,14.94204998117496,ToD blocks
2023-04-16,BNGSF2,-7.213586520119793,ToD blocks
2023-04-23,BNGSF2,-1.5733765415188685,ToD blocks
2023-04-30,BNGSF2,2.3446696165655574,ToD blocks
2023-05-07,BNGSF2,-35.296937348177494,ToD blocks
2023-05-14,BNGSF2,-4.033951407481339,ToD blocks
2023-05-21,BNGSF2,-3.37059202459713,ToD blocks
2023-05-28,BNGSF2,-0.7937639362738338,ToD blocks
2023-06-04,BNGSF2,-25.373683223909893,ToD blocks
2023-06-11,BNGSF2,-21.94216668880319,ToD blocks
2023-06-18,BNGSF2,-8.906457164702196,ToD blocks
2023-06-25,BNGSF2,-4.838352517951009,ToD blocks
2023-07-02,BNGSF2,-48.557926306729826,ToD blocks
2023-07-09,BNGSF2,-32.4889712707928,ToD blocks
2023-07-16,BNGSF2,-2.1721075379177606,ToD blocks
2023-07-23,BNGSF2,-13.515656037411269,ToD blocks
2023-07-30,BNGSF2,-2.942091678682658,ToD blocks
2023-08-06,BNGSF2,24.355661583288168,ToD blocks
2023-08-13,BNGSF2,-22.578327321564558,ToD blocks
2023-08-20,BNGSF2,-24.330168901412986,ToD blocks
2023-08-27,BNGSF2,3.283701667924836,ToD blocks
2023-09-03,BNGSF2,-5.951893650124777,ToD blocks
2023-09-10,BNGSF2,11.097458470931805,ToD blocks
2023-09-17,BNGSF2,13.804380604249765,ToD blocks
2023-09-24,BNGSF2,32.70643880909705,ToD blocks
2023-10-01,BNGSF2,20.03179891257068,ToD blocks
2023-10-08,BNGSF2,-3.1849076307269746,ToD blocks
2023-10-15,BNGSF2,0.46889242998799485,ToD blocks
2023-10-22,BNGSF2,11.028253760719986,ToD blocks
2023-10-29,BNGSF2,22.481769419624733,ToD blocks
2023-11-05,BNGSF2,13.36009168264441,ToD blocks
2023-11-12,BNGSF2,-15.957338739788462,ToD blocks
2023-11-19,BNGSF2,0.9874727565522963,ToD blocks
2023-11-26,BNGSF2,-10.567113181410061,ToD blocks
2023-12-03,BNGSF2,-0.054519985567560436,ToD blocks
2023-12-10,BNGSF2,-63.1204511949814,ToD blocks
2023-12-17,BNGSF2,-5.200811723277324,ToD blocks
2023-12-24,BNGSF2,0.826566876115109,ToD blocks
2023-12-31,BNGSF2,29.428153057183067,ToD blocks
2024-01-07,BNGSF2,-12.116611106818798,ToD blocks
2024-01-14,BNGSF2,6.858751478600842,ToD blocks
2024-01-21,BNGSF2,1.5074144635135802,ToD blocks
2024-01-28,BNGSF2,40.61833453869498,ToD blocks
2024-02-04,BNGSF2,-3.7205662387202505,ToD blocks
2024-02-11,BNGSF2,-0.15014491430244092,ToD blocks
2024-02-18,BNGSF2,4.430782886738381,ToD blocks
2024-02-25,BNGSF2,59.53439634625258,ToD blocks
2024-03-03,BNGSF2,3.8326824688723917,ToD blocks
2024-03-10,BNGSF2,-0.9635741681612515,ToD blocks
2024-03-17,BNGSF2,5.622561118711701,ToD blocks
2024-03-24,BNGSF2,5.369223161299752,ToD blocks
2024-03-31,BNGSF2,-16.37198389253114,ToD blocks
2024-04-07,BNGSF2,9.16422692593514,ToD blocks
2024-04-14,BNGSF2,3.6155218121236956,ToD blocks
2024-04-21,BNGSF2,1.365131888546557,ToD blocks
2024-04-28,BNGSF2,2.8189636707278574,ToD blocks
2024-05-05,BNGSF2,2.0736522126770183,ToD blocks
2024-05-12,BNGSF2,-8.583724602168047,ToD blocks
2024-05-19,BNGSF2,-11.163551735270687,ToD blocks
2024-05-26,BNGSF2,-15.658658630623961,ToD blocks
2024-06-02,BNGSF2,-2.008328491515485,ToD blocks
2024-06-09,BNGSF2,-36.352834662546826,ToD blocks
2024-06-16,BNGSF2,-47.27239681645585,ToD blocks
2024-06-23,BNGSF2,-16.852800714256887,ToD blocks
2024-06-30,BNGSF2,-30.194738360326284,ToD blocks
2024-07-07,BNGSF2,13.480707576662127,ToD blocks
2024-07-14,BNGSF2,-20.375739063074093,ToD blocks
2024-07-21,BNGSF2,-31.532233273563776,ToD blocks
2024-07-28,BNGSF2,-12.815533605107177,ToD blocks
2024-08-04,BNGSF2,-85.5855834627231,ToD blocks
2024-08-11,BNGSF2,-46.304177483123425,ToD blocks
2024-08-18,BNGSF2,-3.4049157868770514,ToD blocks
2024-08-25,BNGSF2,-0.19358791546876652,ToD blocks
2024-09-01,BNGSF2,20.493922840160963,ToD blocks
2024-09-08,BNGSF2,30.938479548891237,ToD blocks
2024-09-15,BNGSF2,16.250357688899797,ToD blocks
2024-09-22,BNGSF2,4.132900470954116,ToD blocks
2024-09-29,BNGSF2,-41.74601621847222,ToD blocks
2024-10-06,BNGSF2,2.591881031135614,ToD blocks
2024-10-13,BNGSF2,36.42814270616511,ToD blocks
2024-10-20,BNGSF2,-14.97272999528909,ToD blocks
2024-10-27,BNGSF2,-51.97734106947066,ToD blocks
2024-11-03,BNGSF2,36.79688497566495,ToD blocks
2024-11-10,BNGSF2,8.326935545057289,ToD blocks
2024-11-17,BNGSF2,31.830912126377985,ToD blocks
2024-11-24,BNGSF2,-15.603931640623806,ToD blocks
2024-12-01,BNGSF2,21.755292791297073,ToD blocks
2024-12-08,BNGSF2,25.26216027276564,ToD blocks
2024-12-15,BNGSF2,-12.05253440964131,ToD blocks
2024-12-22,BNGSF2,12.31364930965712,ToD blocks
2024-12-29,BNGSF2,16.674309535628844,ToD blocks
2025-01-05,BNGSF2,-5.453696781864965,ToD blocks
2020-01-05,TBSF1,12.907987636166133,ToD blocks
2020-01-12,TBSF1,-3.4059989114078064,ToD blocks
2020-01-19,TBSF1,0.3897198648779323,ToD blocks
2020-01-26,TBSF1,10.674779635282526,ToD blocks
2020-02-02,TBSF1,129.862358855142,ToD blocks
2020-02-09,TBSF1,-2.0985343253587203,ToD blocks
2020-02-16,TBSF1,45.788466411497566,ToD blocks
2020-02-23,TBSF1,10.174315145308583,ToD blocks
2020-03-01,TBSF1,-0.8882018293475724,ToD blocks
2020-03-08,TBSF1,-84.83366822303438,ToD blocks
2020-03-15,TBSF1,5.349610081715987,ToD blocks
2020-03-22,TBSF1,-2.900283804525877,ToD blocks
2020-03-29,TBSF1,-3.2252145132446017,ToD blocks
2020-04-05,TBSF1,2.2734923048595164,ToD blocks
2020-04-12,TBSF1,6.4852304211333625,ToD blocks
2020-04-19,TBSF1,0.9071199105555969,ToD blocks
2020-04-26,TBSF1,3.2598306325647126,ToD blocks
2020-05-03,TBSF1,-1.356614046261793,ToD blocks
2020-05-10,TBSF1,2.7856086344878825,ToD blocks
2020-05-17,TBSF1,-3.2947972048661534,ToD blocks
2020-05-24,TBSF1,-4.3133799949914575,ToD blocks
2020-05-31,TBSF1,2.644056306210352,ToD blocks
2020-06-07,TBSF1,-3.954734374983481,ToD blocks
2020-06-14,TBSF1,-2.975574072472938,ToD blocks
2020-06-21,TBSF1,-4.782592727058251,ToD blocks
2020-06-28,TBSF1,-4.196162656403708,ToD blocks
2020-07-05,TBSF1,-2.8276683599589063,ToD blocks
2020-07-12,TBSF1,-7.304154362944843,ToD blocks
2020-07-19,TBSF1,5.23013335942327,ToD blocks
2020-07-26,TBSF1,-7.162257032048764,ToD blocks
2020-08-02,TBSF1,-7.185395125578239,ToD blocks
2020-08-09,TBSF1,-6.018319853356672,ToD blocks
2020-08-16,TBSF1,-2.5792033868576425,ToD blocks
2020-08-23,TBSF1,8.863711902845157,ToD blocks
2020-08-30,TBSF1,15.794279640192496,ToD blocks
2020-09-06,TBSF1,35.02415794977601,ToD blocks
2020-09-13,TBSF1,26.835350296811207,ToD blocks
2020-09-20,TBSF1,35.87679449221885,ToD blocks
2020-09-27,TBSF1,25.08626590812473,ToD blocks
2020-10-04,TBSF1,37.88694603278651,ToD blocks
2020-10-11,TBSF1,14.71646912206609,ToD blocks
2020-10-18,TBSF1,-3.3314271038303396,ToD blocks
2020-10-25,TBSF1,19.777957202177507,ToD blocks
2020-11-01,TBSF1,6.070663551508847,ToD blocks
2020-11-08,TBSF1,15.562320158370834,ToD blocks
2020-11-15,TBSF1,12.431741207378533,ToD blocks
2020-11-22,TBSF1,14.432172818438119,ToD blocks
2020-11-29,TBSF1,15.12909806455015,ToD blocks
2020-12-06,TBSF1,43.609368975180224,ToD blocks
2020-12-13,TBSF1,38.57493508571308,ToD blocks
2020-12-20,TBSF1,12.158326729491211,ToD blocks
2020-12-27,TBSF1,8.501153814567502,ToD blocks
2021-01-03,TBSF1,14.346321577025076,ToD blocks
2021-01-10,TBSF1,35.29965056325808,ToD blocks
2021-01-17,TBSF1,34.939842954796426,ToD blocks
2021-01-24,TBSF1,2.579468627073524,ToD blocks
2021-01-31,TBSF1,-2.684987415969397,ToD blocks
2021-02-07,TBSF1,11.779636124431985,ToD blocks
2021-02-14,TBSF1,11.591347600645982,ToD blocks
2021-02-21,TBSF1,4.303669283492042,ToD blocks
2021-02-28,TBSF1,44.48854025336912,ToD blocks
2021-03-07,TBSF1,10.066022744653667,ToD blocks
2021-03-14,TBSF1,44.11468907947895,ToD blocks
2021-03-21,TBSF1,17.484224904364837,ToD blocks
2021-03-28,TBSF1,4.301038750130314,ToD blocks
2021-04-04,TBSF1,-3.7094365736820976,ToD blocks
2021-04-11,TBSF1,21.57209976039533,ToD blocks
2021-04-18,TBSF1,12.62912219496829,ToD blocks
2021-04-25,TBSF1,-3.5231470952517583,ToD blocks
2021-05-02,TBSF1,10.145772332865668,ToD blocks
2021-05-09,TBSF1,-7.1365008599936814,ToD blocks
2021-05-16,TBSF1,-7.391424786847509,ToD blocks
2021-05-23,TBSF1,-25.638902831693684,ToD blocks
2021-05-30,TBSF1,-5.261719117232779,ToD blocks
2021-06-06,TBSF1,-19.449986723939972,ToD blocks
2021-06-13,TBSF1,0.8274654195897426,ToD blocks
2021-06-20,TBSF1,-6.9859244460152325,ToD blocks
2021-06-27,TBSF1,1.0968052763817582,ToD blocks
2021-07-04,TBSF1,-10.736959777439601,ToD blocks
2021-07-11,TBSF1,-5.254030468515907,ToD blocks
2021-07-18,TBSF1,-7.633866356559679,ToD blocks
2021-07-25,TBSF1,1.1803465004382332,ToD blocks
2021-08-01,TBSF1,-6.797254217413327,ToD blocks
2021-08-08,TBSF1,2.7600906228346638,ToD blocks
2021-08-15,TBSF1,5.81309029453605,ToD blocks
2021-08-22,TBSF1,15.401512097913699,ToD blocks
2021-08-29,TBSF1,21.439596667091372,ToD blocks
2021-09-05,TBSF1,49.815781675371696,ToD blocks
2021-09-12,TBSF1,49.015380513147164,ToD blocks
2021-09-19,TBSF1,27.785883826362692,ToD blocks
2021-09-26,TBSF1,30.493204513272158,ToD blocks
2021-10-03,TBSF1,19.34720898166646,ToD blocks
2021-10-10,TBSF1,11.128700191335135,ToD blocks
2021-10-17,TBSF1,17.482361698026146,ToD blocks
2021-10-24,TBSF1,21.257532930141625,ToD blocks
2021-10-31,TBSF1,-10.841193809394916,ToD blocks
2021-11-07,TBSF1,5.182369125850677,ToD blocks
2021-11-14,TBSF1,27.730577952706486,ToD blocks
2021-11-21,TBSF1,8.883970285170228,ToD blocks
2021-11-28,TBSF1,-2.2134495659328906,ToD blocks
2021-12-05,TBSF1,5.557036965363629,ToD blocks
2021-12-12,TBSF1,2.0110959695943675,ToD blocks
2021-12-19,TBSF1,-46.746888142545416,ToD blocks
2021-12-26,TBSF1,4.484768095966544,ToD blocks
2022-01-02,TBSF1,20.460259466314966,ToD blocks
2022-01-09,TBSF1,-0.7326127654670795,ToD blocks
2022-01-16,TBSF1,-25.551105758900775,ToD blocks
2022-01-23,TBSF1,-3.4708541093256247,ToD blocks
2022-01-30,TBSF1,6.097041193714787,ToD blocks
2022-02-06,TBSF1,63.769024290108504,ToD blocks
2022-02-13,TBSF1,-7.395913065227333,ToD blocks
2022-02-20,TBSF1,-1.2436205210121116,ToD blocks
2022-02-27,TBSF1,-2.482128748967952,ToD blocks
2022-03-06,TBSF1,15.334247077854556,ToD blocks
2022-03-13,TBSF1,11.715696454504972,ToD blocks
2022-03-20,TBSF1,-3.3360672683713375,ToD blocks
2022-03-27,TBSF1,-14.467098558704365,ToD blocks
2022-04-03,TBSF1,43.90292720655293,ToD blocks
2022-04-10,TBSF1,-9.378801743555272,ToD blocks
2022-04-17,TBSF1,-12.064769676400118,ToD blocks
2022-04-24,TBSF1,1.751303738645376,ToD blocks
2022-05-01,TBSF1,-64.68744524948454,ToD blocks
2022-05-08,TBSF1,-6.342490768575971,ToD blocks
2022-05-15,TBSF1,50.61285917510571,ToD blocks
2022-05-22,TBSF1,-51.60118777953787,ToD blocks
2022-05-29,TBSF1,-15.985235863133369,ToD blocks
2022-06-05,TBSF1,-32.97697962490773,ToD blocks
2022-06-12,TBSF1,-55.9635677925946,ToD blocks
2022-06-19,TBSF1,-32.38863035000955,ToD blocks
2022-06-26,TBSF1,-19.433548568292622,ToD blocks
2022-07-03,TBSF1,-53.21818134730819,ToD blocks
2022-07-10,TBSF1,-102.90849722203617,ToD blocks
2022-07-17,TBSF1,66.29106309356416,ToD blocks
2022-07-24,TBSF1,-53.019356021908635,ToD blocks
2022-07-31,TBSF1,-15.604526714195856,ToD blocks
2022-08-07,TBSF1,12.779301292344684,ToD blocks
2022-08-14,TBSF1,-24.088736663682795,ToD blocks
2022-08-21,TBSF1,-16.67989735950904,ToD blocks
2022-08-28,TBSF1,-41.71392630664258,ToD blocks
2022-09-04,TBSF1,-8.794618045128814,ToD blocks
2022-09-11,TBSF1,-2.0946431062234865,ToD blocks
2022-09-18,TBSF1,56.178838732229146,ToD blocks
2022-09-25,TBSF1,-13.76501198229073,ToD blocks
2022-10-02,TBSF1,-4.510659496313146,ToD blocks
2022-10-09,TBSF1,-23.041217017735555,ToD blocks
2022-10-16,TBSF1,-33.57902953873132,ToD blocks
2022-10-23,TBSF1,74.93185351580449,ToD blocks
2022-10-30,TBSF1,21.544594631249105,ToD blocks
2022-11-06,TBSF1,-8.239907462723124,ToD blocks
2022-11-13,TBSF1,32.94116729527178,ToD blocks
2022-11-20,TBSF1,108.94157239757885,ToD blocks
2022-11-27,TBSF1,67.32192697720748,ToD blocks
2022-12-04,TBSF1,-4.237529751259473,ToD blocks
2022-12-11,TBSF1,28.050953338732405,ToD blocks
2022-12-18,TBSF1,15.14168816909303,ToD blocks
2022-12-25,TBSF1,1.2461544226920473,ToD blocks
2023-01-01,TBSF1,-1.9305163847395432,ToD blocks
2023-01-08,TBSF1,23.709593785992823,ToD blocks
2023-01-15,TBSF1,11.914514085344997,ToD blocks
2023-01-22,TBSF1,44.39608548139093,ToD blocks
2023-01-29,TBSF1,8.899644141016665,ToD blocks
2023-02-05,TBSF1,5.62482324145461,ToD blocks
2023-02-12,TBSF1,14.172878345410236,ToD blocks
2023-02-19,TBSF1,-44.261932073352384,ToD blocks
2023-02-26,TBSF1,-3.22382329155095,ToD blocks
2023-03-05,TBSF1,-8.240232554522619,ToD blocks
2023-03-12,TBSF1,5.063497386995627,ToD blocks
2023-03-19,TBSF1,-2.6748612916353336,ToD blocks
2023-03-26,TBSF1,-16.963283335986862,ToD blocks
2023-04-02,TBSF1,-18.3746698785473,ToD blocks
2023-04-09,TBSF1,21.788813561779694,ToD blocks
2023-04-16,TBSF1,-3.8943585728479224,ToD blocks
2023-04-23,TBSF1,5.667814154064075,ToD blocks
2023-04-30,TBSF1,-16.985856435443196,ToD blocks
2023-05-07,TBSF1,-67.4875971491453,ToD blocks
2023-05-14,TBSF1,-25.693606621865868,ToD blocks
2023-05-21,TBSF1,-35.37882507239044,ToD blocks
2023-05-28,TBSF1,-19.676059090390694,ToD blocks
2023-06-04,TBSF1,5.025613549125779,ToD blocks
2023-06-11,TBSF1,-18.964519916579768,ToD blocks
2023-06-18,TBSF1,26.051332820985625,ToD blocks
2023-06-25,TBSF1,-16.10174230007732,ToD blocks
2023-07-02,TBSF1,-41.13358085805308,ToD blocks
2023-07-09,TBSF1,22.82403135403564,ToD blocks
2023-07-16,TBSF1,-16.19289697278397,ToD blocks
2023-07-23,TBSF1,-14.25805667113723,ToD blocks
2023-07-30,TBSF1,10.507986338310637,ToD blocks
2023-08-06,TBSF1,50.920245590338546,ToD blocks
2023-08-13,TBSF1,-84.32103022108763,ToD blocks
2023-08-20,TBSF1,-8.36272466202649,ToD blocks
2023-08-27,TBSF1,-6.523744082981858,ToD blocks
2023-09-03,TBSF1,1.8996283206721039,ToD blocks
2023-09-10,TBSF1,13.541695584329528,ToD blocks
2023-09-17,TBSF1,18.753608972479018,ToD blocks
2023-09-24,TBSF1,16.791377837435284,ToD blocks
2023-10-01,TBSF1,28.667795402791157,ToD blocks
2023-10-08,TBSF1,5.595977608447143,ToD blocks
2023-10-15,TBSF1,12.304752083810508,ToD blocks
2023-10-22,TBSF1,13.474212359020454,ToD blocks
2023-10-29,TBSF1,51.06028324915192,ToD blocks
2023-11-05,TBSF1,41.545910290622395,ToD blocks
2023-11-12,TBSF1,4.193539273605568,ToD blocks
2023-11-19,TBSF1,-0.33381428213914077,ToD blocks
2023-11-26,TBSF1,15.936466807027225,ToD blocks
2023-12-03,TBSF1,-7.307672865469917,ToD blocks
2023-12-10,TBSF1,-25.990710565467324,ToD blocks
2023-12-17,TBSF1,-6.002912513714821,ToD blocks
2023-12-24,TBSF1,39.00027398414709,ToD blocks
2023-12-31,TBSF1,23.291490970953,ToD blocks
2024-01-07,TBSF1,-8.344060883944108,ToD blocks
2024-01-14,TBSF1,12.1276411937777,ToD blocks
2024-01-21,TBSF1,31.75846675955004,ToD blocks
2024-01-28,TBSF1,78.73156346054463,ToD blocks
2024-02-04,TBSF1,12.335765400297682,ToD blocks
2024-02-11,TBSF1,25.981629334763504,ToD blocks
2024-02-18,TBSF1,26.09793606185137,ToD blocks
2024-02-25,TBSF1,61.082934992771925,ToD blocks
2024-03-03,TBSF1,10.876560694883466,ToD blocks
2024-03-10,TBSF1,8.147182108851752,ToD blocks
2024-03-17,TBSF1,-5.324378132692416,ToD blocks
2024-03-24,TBSF1,10.503601555209423,ToD blocks
2024-03-31,TBSF1,-9.830909021546368,ToD blocks
2024-04-07,TBSF1,2.198279435558458,ToD blocks
2024-04-14,TBSF1,-5.519955321116516,ToD blocks
2024-04-21,TBSF1,-12.263817809616967,ToD blocks
2024-04-28,TBSF1,-0.7148911313795061,ToD blocks
2024-05-05,TBSF1,-11.695710489948716,ToD blocks
2024-05-12,TBSF1,-7.080360042638446,ToD blocks
2024-05-19,TBSF1,-26.365367531714796,ToD blocks
2024-05-26,TBSF1,-29.280986778047094,ToD blocks
2024-06-02,TBSF1,10.626714178244846,ToD blocks
2024-06-09,TBSF1,-19.206581975319466,ToD blocks
2024-06-16,TBSF1,-36.30445151932801,ToD blocks
2024-06-23,TBSF1,-26.414806794954842,ToD blocks
2024-06-30,TBSF1,-31.384998302221476,ToD blocks
2024-07-07,TBSF1,-21.444846433294458,ToD blocks
2024-07-14,TBSF1,-33.334149415572924,ToD blocks
2024-07-21,TBSF1,-73.051801911425,ToD blocks
2024-07-28,TBSF1,-6.3184063906474535,ToD blocks
2024-08-04,TBSF1,-49.16808581423655,ToD blocks
2024-08-11,TBSF1,-119.55996542685149,ToD blocks
2024-08-18,TBSF1,0.6805617503414467,ToD blocks
2024-08-25,TBSF1,17.697197076935865,ToD blocks
2024-09-01,TBSF1,15.396077525889599,ToD blocks
2024-09-08,TBSF1,-19.073696215298668,ToD blocks
2024-09-15,TBSF1,19.171006866268478,ToD blocks
2024-09-22,TBSF1,7.788135685424052,ToD blocks
2024-09-29,TBSF1,-18.172102025055644,ToD blocks
2024-10-06,TBSF1,2.0934834628186962,ToD blocks
2024-10-13,TBSF1,38.0137296195126,ToD blocks
2024-10-20,TBSF1,68.4734145061517,ToD blocks
2024-10-27,TBSF1,17.40940530319135,ToD blocks
2024-11-03,TBSF1,28.931940582985863,ToD blocks
2024-11-10,TBSF1,13.730446553193756,ToD blocks
2024-11-17,TBSF1,46.19163738253368,ToD blocks
2024-11-24,TBSF1,8.521435710260874,ToD blocks
2024-12-01,TBSF1,20.468190254098268,ToD blocks
2024-12-08,TBSF1,66.49671950614102,ToD blocks
2024-12-15,TBSF1,10.951551181168263,ToD blocks
2024-12-22,TBSF1,40.45843915810629,ToD blocks
2024-12-29,TBSF1,31.345923449133316,ToD blocks
2025-01-05,TBSF1,1.8145054622534538,ToD blocks
2020-01-05,BNGSF1,1.2956834937945771,Baseload
2020-01-12,BNGSF1,-1.7097617558938154,Baseload
2020-01-19,BNGSF1,-2.980315315845509,Baseload
2020-01-26,BNGSF1,-9.100752316670174,Baseload
2020-02-02,BNGSF1,22.337391469263906,Baseload
2020-02-09,BNGSF1,-29.541229654865585,Baseload
2020-02-16,BNGSF1,15.664288113752548,Baseload
2020-02-23,BNGSF1,-0.42452070541838083,Baseload
2020-03-01,BNGSF1,-18.303200346745115,Baseload
2020-03-08,BNGSF1,-2.8269538945695274,Baseload
2020-03-15,BNGSF1,-7.814297319990626,Baseload
2020-03-22,BNGSF1,-0.84766176490173,Baseload
2020-03-29,BNGSF1,-4.409651600358103,Baseload
2020-04-05,BNGSF1,-7.720751477918306,Baseload
2020-04-12,BNGSF1,-12.66680381180786,Baseload
2020-04-19,BNGSF1,-10.764002483677558,Baseload
2020-04-26,BNGSF1,-23.223548287792443,Baseload
2020-05-03,BNGSF1,-2.0694724777500824,Baseload
2020-05-10,BNGSF1,-13.076507316518734,Baseload
2020-05-17,BNGSF1,-8.985780458945122,Baseload
2020-05-24,BNGSF1,-2.689147473867898,Baseload
2020-05-31,BNGSF1,-2.599019725071855,Baseload
2020-06-07,BNGSF1,-3.2630691369074754,Baseload
2020-06-14,BNGSF1,-13.74282328519805,Baseload
2020-06-21,BNGSF1,-5.092243990829015,Baseload
2020-06-28,BNGSF1,-4.9342918948442005,Baseload
2020-07-05,BNGSF1,-0.4209844730540837,Baseload
2020-07-12,BNGSF1,0.616985518683606,Baseload
2020-07-19,BNGSF1,-8.34389117652696,Baseload
2020-07-26,BNGSF1,-8.184737694305525,Baseload
2020-08-02,BNGSF1,-15.83806115874475,Baseload
2020-08-09,BNGSF1,-10.799568434162921,Baseload
2020-08-16,BNGSF1,-2.444172769748043,Baseload
2020-08-23,BNGSF1,-10.456258782919662,Baseload
2020-08-30,BNGSF1,-26.816067450382064,Baseload
2020-09-06,BNGSF1,-32.98347053793881,Baseload
2020-09-13,BNGSF1,-20.265301972633324,Baseload
2020-09-20,BNGSF1,-24.22625459695122,Baseload
2020-09-27,BNGSF1,-37.70664389843772,Baseload
2020-10-04,BNGSF1,-37.39577835572875,Baseload
2020-10-11,BNGSF1,-38.9333220539118,Baseload
2020-10-18,BNGSF1,-10.531314094673505,Baseload
2020-10-25,BNGSF1,-21.986515523411054,Baseload
2020-11-01,BNGSF1,-7.127100962401563,Baseload
2020-11-08,BNGSF1,-18.66641344031745,Baseload
2020-11-15,BNGSF1,-0.7392635321422851,Baseload
2020-11-22,BNGSF1,-4.014855079290555,Baseload
2020-11-29,BNGSF1,-11.401589760273069,Baseload
2020-12-06,BNGSF1,-21.16507056414543,Baseload
2020-12-13,BNGSF1,-12.75704816783939,Baseload
2020-12-20,BNGSF1,-19.98532177181626,Baseload
2020-12-27,BNGSF1,-14.265920984426941,Baseload
2021-01-03,BNGSF1,-16.467470115422934,Baseload
2021-01-10,BNGSF1,-16.190176636316565,Baseload
2021-01-17,BNGSF1,-26.626986820039413,Baseload
2021-01-24,BNGSF1,-38.77834069982792,Baseload
2021-01-31,BNGSF1,-23.17928652050159,Baseload
2021-02-07,BNGSF1,-28.520022754697944,Baseload
2021-02-14,BNGSF1,-12.564668437769193,Baseload
2021-02-21,BNGSF1,-3.9505423299222997,Baseload
2021-02-28,BNGSF1,-13.708828564531167,Baseload
2021-03-07,BNGSF1,-18.44281452574385,Baseload
2021-03-14,BNGSF1,-139.4203427061098,Baseload
2021-03-21,BNGSF1,-9.964961470828158,Baseload
2021-03-28,BNGSF1,-30.87789777124096,Baseload
2021-04-04,BNGSF1,-10.955220558534553,Baseload
2021-04-11,BNGSF1,-15.414424552498227,Baseload
2021-04-18,BNGSF1,-24.067161150300432,Baseload
2021-04-25,BNGSF1,-24.105695580025305,Baseload
2021-05-02,BNGSF1,-28.80362813226334,Baseload
2021-05-09,BNGSF1,-20.86796393224843,Baseload
2021-05-16,BNGSF1,-23.04495748969375,Baseload
2021-05-23,BNGSF1,-82.34636778147251,Baseload
2021-05-30,BNGSF1,-24.683236849817064,Baseload
2021-06-06,BNGSF1,-8.272146761303063,Baseload
2021-06-13,BNGSF1,-33.30267368874871,Baseload
2021-06-20,BNGSF1,-24.11407877188553,Baseload
2021-06-27,BNGSF1,-13.697693119247305,Baseload
2021-07-04,BNGSF1,-16.28441551302634,Baseload
2021-07-11,BNGSF1,-22.98782910561107,Baseload
2021-07-18,BNGSF1,-31.170393390643117,Baseload
2021-07-25,BNGSF1,-2.320151899257027,Baseload
2021-08-01,BNGSF1,-36.7445881095836,Baseload
2021-08-08,BNGSF1,-27.48034515432385,Baseload
2021-08-15,BNGSF1,-37.52742314084258,Baseload
2021-08-22,BNGSF1,-32.62632130343704,Baseload
2021-08-29,BNGSF1,-28.24365098029829,Baseload
2021-09-05,BNGSF1,-50.355691412139265,Baseload
2021-09-12,BNGSF1,-22.363828627552344,Baseload
2021-09-19,BNGSF1,-29.932315693636504,Baseload
2021-09-26,BNGSF1,-40.820981277617214,Baseload
2021-10-03,BNGSF1,-20.69286048050432,Baseload
2021-10-10,BNGSF1,-37.29328534440526,Baseload
2021-10-17,BNGSF1,-40.623047182827655,Baseload
2021-10-24,BNGSF1,-25.646178944568007,Baseload
2021-10-31,BNGSF1,-42.74607696102749,Baseload
2021-11-07,BNGSF1,-20.325212268936248,Baseload
2021-11-14,BNGSF1,-24.942648325180304,Baseload
2021-11-21,BNGSF1,-27.777338464578797,Baseload
2021-11-28,BNGSF1,-35.08949847980725,Baseload
2021-12-05,BNGSF1,-2.275278386902535,Baseload
2021-12-12,BNGSF1,-34.903222674477675,Baseload
2021-12-19,BNGSF1,-49.02802648348886,Baseload
2021-12-26,BNGSF1,-30.02744801064365,Baseload
2022-01-02,BNGSF1,-47.20717509003305,Baseload
2022-01-09,BNGSF1,-35.33033484666059,Baseload
2022-01-16,BNGSF1,46.078580201950416,Baseload
2022-01-23,BNGSF1,-37.5231310541822,Baseload
2022-01-30,BNGSF1,-22.13901342663297,Baseload
2022-02-06,BNGSF1,-73.5729667967667,Baseload
2022-02-13,BNGSF1,-34.034326739045554,Baseload
2022-02-20,BNGSF1,-41.38399878216417,Baseload
2022-02-27,BNGSF1,-28.073613149468756,Baseload
2022-03-06,BNGSF1,-12.067325029920248,Baseload
2022-03-13,BNGSF1,-32.59111606440965,Baseload
2022-03-20,BNGSF1,-32.80651331730101,Baseload
2022-03-27,BNGSF1,-40.25847397289178,Baseload
2022-04-03,BNGSF1,-54.37261456214969,Baseload
2022-04-10,BNGSF1,-52.24102362292625,Baseload
2022-04-17,BNGSF1,-41.23874366571732,Baseload
2022-04-24,BNGSF1,-66.60314639941026,Baseload
2022-05-01,BNGSF1,-69.46793166795392,Baseload
2022-05-08,BNGSF1,-81.62875130818996,Baseload
2022-05-15,BNGSF1,-209.69573792312818,Baseload
2022-05-22,BNGSF1,-155.0167102839736,Baseload
2022-05-29,BNGSF1,-34.7787028998826,Baseload
2022-06-05,BNGSF1,-99.8543315866626,Baseload
2022-06-12,BNGSF1,-105.82239129442897,Baseload
2022-06-19,BNGSF1,-78.76029733663245,Baseload
2022-06-26,BNGSF1,-57.12886604312308,Baseload
2022-07-03,BNGSF1,-65.59086955888802,Baseload
2022-07-10,BNGSF1,-158.6371802370977,Baseload
2022-07-17,BNGSF1,-51.14505076942157,Baseload
2022-07-24,BNGSF1,-75.07399474739276,Baseload
2022-07-31,BNGSF1,-118.913184587258,Baseload
2022-08-07,BNGSF1,-42.27525043843968,Baseload
2022-08-14,BNGSF1,-71.40984568762224,Baseload
2022-08-21,BNGSF1,-69.11696741306527,Baseload
2022-08-28,BNGSF1,-174.336049063832,Baseload
2022-09-04,BNGSF1,-89.60815190828184,Baseload
2022-09-11,BNGSF1,-131.4469586980909,Baseload
2022-09-18,BNGSF1,-0.3573238411696451,Baseload
2022-09-25,BNGSF1,-77.62050711451161,Baseload
2022-10-02,BNGSF1,-75.22502053733328,Baseload
2022-10-09,BNGSF1,-70.17359000604424,Baseload
2022-10-16,BNGSF1,-107.93658307630176,Baseload
2022-10-23,BNGSF1,-69.6836423359273,Baseload
2022-10-30,BNGSF1,-77.61884192698926,Baseload
2022-11-06,BNGSF1,-34.31750575276024,Baseload
2022-11-13,BNGSF1,-59.8420780355586,Baseload
2022-11-20,BNGSF1,41.42146019493221,Baseload
2022-11-27,BNGSF1,-42.695533201768136,Baseload
2022-12-04,BNGSF1,-68.70950695919356,Baseload
2022-12-11,BNGSF1,-89.52740230666203,Baseload
2022-12-18,BNGSF1,-41.90611695630153,Baseload
2022-12-25,BNGSF1,-47.99469448574918,Baseload
2023-01-01,BNGSF1,-41.6761736628312,Baseload
2023-01-08,BNGSF1,-17.46440767136508,Baseload
2023-01-15,BNGSF1,-20.70493241596767,Baseload
2023-01-22,BNGSF1,-50.47932458168526,Baseload
2023-01-29,BNGSF1,-37.90056706496159,Baseload
2023-02-05,BNGSF1,-58.78646241679863,Baseload
2023-02-12,BNGSF1,-36.34707714385444,Baseload
2023-02-19,BNGSF1,-69.44632078198873,Baseload
2023-02-26,BNGSF1,-31.39571176747355,Baseload
2023-03-05,BNGSF1,-50.659773391940384,Baseload
2023-03-12,BNGSF1,-50.10600747724121,Baseload
2023-03-19,BNGSF1,-63.12656483948144,Baseload
2023-03-26,BNGSF1,-38.77184823685807,Baseload
2023-04-02,BNGSF1,-66.71869107046453,Baseload
2023-04-09,BNGSF1,-35.60094801249908,Baseload
2023-04-16,BNGSF1,-55.942038179533,Baseload
2023-04-23,BNGSF1,-51.51041477626688,Baseload
2023-04-30,BNGSF1,-75.29330714840495,Baseload
2023-05-07,BNGSF1,-139.55944915077788,Baseload
2023-05-14,BNGSF1,-61.63097477299789,Baseload
2023-05-21,BNGSF1,-50.60911650405194,Baseload
2023-05-28,BNGSF1,-37.33721533440723,Baseload
2023-06-04,BNGSF1,-38.623656349929334,Baseload
2023-06-11,BNGSF1,-35.85171869207369,Baseload
2023-06-18,BNGSF1,-26.288880671029013,Baseload
2023-06-25,BNGSF1,-10.375095155425,Baseload
2023-07-02,BNGSF1,-76.61563029875921,Baseload
2023-07-09,BNGSF1,-28.557553180686156,Baseload
2023-07-16,BNGSF1,-45.21379681660153,Baseload
2023-07-23,BNGSF1,-48.314468775621464,Baseload
2023-07-30,BNGSF1,-48.717439344880674,Baseload
2023-08-06,BNGSF1,3.3148360875473344,Baseload
2023-08-13,BNGSF1,-183.969763615625,Baseload
2023-08-20,BNGSF1,-84.89274341185966,Baseload
2023-08-27,BNGSF1,-61.84218542972733,Baseload
2023-09-03,BNGSF1,-86.02714885675695,Baseload
2023-09-10,BNGSF1,-52.30769099699602,Baseload
2023-09-17,BNGSF1,-43.97190230363659,Baseload
2023-09-24,BNGSF1,-20.040208850715466,Baseload
2023-10-01,BNGSF1,-33.480855400429434,Baseload
2023-10-08,BNGSF1,-30.413298458355833,Baseload
2023-10-15,BNGSF1,-38.75033657037904,Baseload
2023-10-22,BNGSF1,-15.305350088457294,Baseload
2023-10-29,BNGSF1,-14.037102104500661,Baseload
2023-11-05,BNGSF1,-12.033755044645982,Baseload
2023-11-12,BNGSF1,-66.11687575930512,Baseload
2023-11-19,BNGSF1,-56.675732142337424,Baseload
2023-11-26,BNGSF1,-39.45390038708027,Baseload
2023-12-03,BNGSF1,-20.29347170716546,Baseload
2023-12-10,BNGSF1,-35.59211848203297,Baseload
2023-12-17,BNGSF1,-32.528778216230016,Baseload
2023-12-24,BNGSF1,-31.932940444350887,Baseload
2023-12-31,BNGSF1,-12.865315891688603,Baseload
2024-01-07,BNGSF1,-34.662181369739244,Baseload
2024-01-14,BNGSF1,-29.052570546614085,Baseload
2024-01-21,BNGSF1,-25.702977712550698,Baseload
2024-01-28,BNGSF1,-0.5739564375077464,Baseload
2024-02-04,BNGSF1,-46.41855791149511,Baseload
2024-02-11,BNGSF1,-33.01901237755668,Baseload
2024-02-18,BNGSF1,-29.100533474647314,Baseload
2024-02-25,BNGSF1,-1.0639010207903112,Baseload
2024-03-03,BNGSF1,-51.83444772176489,Baseload
2024-03-10,BNGSF1,-18.311206220756503,Baseload
2024-03-17,BNGSF1,-7.631119913940836,Baseload
2024-03-24,BNGSF1,-23.478465596307526,Baseload
2024-03-31,BNGSF1,-50.14502597884171,Baseload
2024-04-07,BNGSF1,-40.793196265217475,Baseload
2024-04-14,BNGSF1,-59.63286529183323,Baseload
2024-04-21,BNGSF1,-49.26102695241575,Baseload
2024-04-28,BNGSF1,-53.54519882887975,Baseload
2024-05-05,BNGSF1,-39.02490308475551,Baseload
2024-05-12,BNGSF1,-53.19638222423342,Baseload
2024-05-19,BNGSF1,-58.646437672365664,Baseload
2024-05-26,BNGSF1,-36.79339526183071,Baseload
2024-06-02,BNGSF1,-28.314090859486328,Baseload
2024-06-09,BNGSF1,-20.926415195697444,Baseload
2024-06-16,BNGSF1,-56.66395453047414,Baseload
2024-06-23,BNGSF1,-34.10635851808945,Baseload
2024-06-30,BNGSF1,-36.0097300365087,Baseload
2024-07-07,BNGSF1,-7.2874352954835615,Baseload
2024-07-14,BNGSF1,-47.29801744973858,Baseload
2024-07-21,BNGSF1,-15.21070118515803,Baseload
2024-07-28,BNGSF1,-211.0721102115151,Baseload
2024-08-04,BNGSF1,-301.61581018405957,Baseload
2024-08-11,BNGSF1,-237.42164687300817,Baseload
2024-08-18,BNGSF1,-58.6824747329467,Baseload
2024-08-25,BNGSF1,-43.902645256931834,Baseload
2024-09-01,BNGSF1,-11.929326188817322,Baseload
2024-09-08,BNGSF1,13.323847603158583,Baseload
2024-09-15,BNGSF1,-41.405392467592954,Baseload
2024-09-22,BNGSF1,-57.72059728563276,Baseload
2024-09-29,BNGSF1,-219.30119289238795,Baseload
2024-10-06,BNGSF1,-36.00144692829374,Baseload
2024-10-13,BNGSF1,-19.039533409253835,Baseload
2024-10-20,BNGSF1,-29.538725811471185,Baseload
2024-10-27,BNGSF1,-69.53695053045668,Baseload
2024-11-03,BNGSF1,-16.95578727032555,Baseload
2024-11-10,BNGSF1,-43.20176692788939,Baseload
2024-11-17,BNGSF1,-18.05306897176156,Baseload
2024-11-24,BNGSF1,-41.87644537241087,Baseload
2024-12-01,BNGSF1,0.3370812579983493,Baseload
2024-12-08,BNGSF1,18.047356723915826,Baseload
2024-12-15,BNGSF1,-67.241639606179,Baseload
2024-12-22,BNGSF1,-37.46859412626595,Baseload
2024-12-29,BNGSF1,-14.047848650242933,Baseload
2025-01-05,BNGSF1,-58.05760434696152,Baseload
2020-01-05,BNGSF2,-0.7746793066410689,Baseload
2020-01-12,BNGSF2,0.845049192521472,Baseload
2020-01-19,BNGSF2,-2.2766699247317845,Baseload
2020-01-26,BNGSF2,-10.559662316442484,Baseload
2020-02-02,BNGSF2,26.156256096733244,Baseload
2020-02-09,BNGSF2,-31.002753191331937,Baseload
2020-02-16,BNGSF2,-4.466891097345908,Baseload
2020-02-23,BNGSF2,-2.8187540577160206,Baseload
2020-03-01,BNGSF2,-16.51003988185456,Baseload
2020-03-08,BNGSF2,11.734282484122176,Baseload
2020-03-15,BNGSF2,-5.834515038505312,Baseload
2020-03-22,BNGSF2,-1.361532259522761,Baseload
2020-03-29,BNGSF2,-3.6560670274809297,Baseload
2020-04-05,BNGSF2,-8.826017389825303,Baseload
2020-04-12,BNGSF2,-11.83627230942627,Baseload
2020-04-19,BNGSF2,-8.811508446695523,Baseload
2020-04-26,BNGSF2,-22.298688591421598,Baseload
2020-05-03,BNGSF2,11.446972841117613,Baseload
2020-05-10,BNGSF2,-24.372133288690474,Baseload
2020-05-17,BNGSF2,0.43299722718253975,Baseload
2020-05-24,BNGSF2,,Baseload
2020-05-31,BNGSF2,248.8444313789683,Baseload
2020-06-07,BNGSF2,,Baseload
2020-06-14,BNGSF2,,Baseload
2020-06-21,BNGSF2,-4.5166708960417274,Baseload
2020-06-28,BNGSF2,-4.14631360504179,Baseload
2020-07-05,BNGSF2,0.7964217947165153,Baseload
2020-07-12,BNGSF2,-1.1378676325701917,Baseload
2020-07-19,BNGSF2,-10.650160473653116,Baseload
2020-07-26,BNGSF2,-8.393761263396684,Baseload
2020-08-02,BNGSF2,-16.117331375303706,Baseload
2020-08-09,BNGSF2,-11.371053248061173,Baseload
2020-08-16,BNGSF2,-2.5304082485489587,Baseload
2020-08-23,BNGSF2,-12.396637878921933,Baseload
2020-08-30,BNGSF2,-26.86097781952644,Baseload
2020-09-06,BNGSF2,-33.4437357625079,Baseload
2020-09-13,BNGSF2,-20.187926088313727,Baseload
2020-09-20,BNGSF2,-25.444188583060583,Baseload
2020-09-27,BNGSF2,-38.63025382265614,Baseload
2020-10-04,BNGSF2,-37.4040693298994,Baseload
2020-10-11,BNGSF2,-39.88541258921513,Baseload
2020-10-18,BNGSF2,-10.173433385383529,Baseload
2020-10-25,BNGSF2,-21.793883693147958,Baseload
2020-11-01,BNGSF2,-7.892055902636589,Baseload
2020-11-08,BNGSF2,-19.97643038463216,Baseload
2020-11-15,BNGSF2,-1.7023834963242201,Baseload
2020-11-22,BNGSF2,-8.253622665859176,Baseload
2020-11-29,BNGSF2,-10.937843463923109,Baseload
2020-12-06,BNGSF2,-21.637449429157947,Baseload
2020-12-13,BNGSF2,-13.198164238678624,Baseload
2020-12-20,BNGSF2,-19.680178415214378,Baseload
2020-12-27,BNGSF2,-14.338219491583029,Baseload
2021-01-03,BNGSF2,-13.35964881621727,Baseload
2021-01-10,BNGSF2,-16.803246725123973,Baseload
2021-01-17,BNGSF2,-26.276125555859895,Baseload
2021-01-24,BNGSF2,-38.61428233917354,Baseload
2021-01-31,BNGSF2,-22.74986324879683,Baseload
2021-02-07,BNGSF2,-28.66705044803097,Baseload
2021-02-14,BNGSF2,-12.579436900503097,Baseload
2021-02-21,BNGSF2,-4.04258292718783,Baseload
2021-02-28,BNGSF2,-13.609891725151392,Baseload
2021-03-07,BNGSF2,-17.107598802433152,Baseload
2021-03-14,BNGSF2,-136.33529862527047,Baseload
2021-03-21,BNGSF2,-9.284214474622395,Baseload
2021-03-28,BNGSF2,-30.52291305824858,Baseload
2021-04-04,BNGSF2,-11.085584451255322,Baseload
2021-04-11,BNGSF2,-15.4766724860652,Baseload
2021-04-18,BNGSF2,-24.312208320864663,Baseload
2021-04-25,BNGSF2,-23.935417780713557,Baseload
2021-05-02,BNGSF2,-28.83522373607412,Baseload
2021-05-09,BNGSF2,-21.66762460028672,Baseload
2021-05-16,BNGSF2,-22.4269843339802,Baseload
2021-05-23,BNGSF2,-81.6537265628535,Baseload
2021-05-30,BNGSF2,-25.92034645675446,Baseload
2021-06-06,BNGSF2,-9.306357831285673,Baseload
2021-06-13,BNGSF2,-37.55052763790968,Baseload
2021-06-20,BNGSF2,-25.4236511349188,Baseload
2021-06-27,BNGSF2,-14.704522741150797,Baseload
2021-07-04,BNGSF2,-18.14346253762487,Baseload
2021-07-11,BNGSF2,-20.669944312673636,Baseload
2021-07-18,BNGSF2,-30.577107482302008,Baseload
2021-07-25,BNGSF2,-4.1483326399630585,Baseload
2021-08-01,BNGSF2,-51.55114375314666,Baseload
2021-08-08,BNGSF2,-28.602834239721663,Baseload
2021-08-15,BNGSF2,-37.85408419234267,Baseload
2021-08-22,BNGSF2,-34.946410044989875,Baseload
2021-08-29,BNGSF2,-29.88623693383502,Baseload
2021-09-05,BNGSF2,-56.4899148923614,Baseload
2021-09-12,BNGSF2,-17.34121258756471,Baseload
2021-09-19,BNGSF2,-29.928339082085873,Baseload
2021-09-26,BNGSF2,-40.44109133460357,Baseload
2021-10-03,BNGSF2,-19.50717414840193,Baseload
2021-10-10,BNGSF2,-37.630609461874705,Baseload
2021-10-17,BNGSF2,-35.64810542175881,Baseload
2021-10-24,BNGSF2,-19.849097984362423,Baseload
2021-10-31,BNGSF2,-36.22051321272012,Baseload
2021-11-07,BNGSF2,-20.729120121891153,Baseload
2021-11-14,BNGSF2,-25.18471945551871,Baseload
2021-11-21,BNGSF2,-27.862415307203605,Baseload
2021-11-28,BNGSF2,-35.84958075682677,Baseload
2021-12-05,BNGSF2,-3.0022107931969586,Baseload
2021-12-12,BNGSF2,-34.82633989821609,Baseload
2021-12-19,BNGSF2,-46.472941713970044,Baseload
2021-12-26,BNGSF2,-29.989538504940338,Baseload
2022-01-02,BNGSF2,-43.979078265546235,Baseload
2022-01-09,BNGSF2,-35.430434587501594,Baseload
2022-01-16,BNGSF2,46.693091721395774,Baseload
2022-01-23,BNGSF2,-37.51275662864651,Baseload
2022-01-30,BNGSF2,-22.911390668609997,Baseload
2022-02-06,BNGSF2,-77.02811478198605,Baseload
2022-02-13,BNGSF2,-33.26763420053723,Baseload
2022-02-20,BNGSF2,-41.18769896985486,Baseload
2022-02-27,BNGSF2,-29.979906504307433,Baseload
2022-03-06,BNGSF2,-9.195322838209577,Baseload
2022-03-13,BNGSF2,-32.228676829020515,Baseload
2022-03-20,BNGSF2,-30.91816907937472,Baseload
2022-03-27,BNGSF2,-40.26274056375654,Baseload
2022-04-03,BNGSF2,-54.23932738376313,Baseload
2022-04-10,BNGSF2,-52.276761929414874,Baseload
2022-04-17,BNGSF2,-38.352797535399006,Baseload
2022-04-24,BNGSF2,-67.43789450012845,Baseload
2022-05-01,BNGSF2,-71.18047108811278,Baseload
2022-05-08,BNGSF2,-85.01683576613148,Baseload
2022-05-15,BNGSF2,-212.20435723629572,Baseload
2022-05-22,BNGSF2,-155.0708657724753,Baseload
2022-05-29,BNGSF2,-40.86633466110197,Baseload
2022-06-05,BNGSF2,-109.04725701502517,Baseload
2022-06-12,BNGSF2,-115.80812738957204,Baseload
2022-06-19,BNGSF2,-86.61640364667522,Baseload
2022-06-26,BNGSF2,-59.93640295619815,Baseload
2022-07-03,BNGSF2,-68.16668050330964,Baseload
2022-07-10,BNGSF2,-164.45938951757807,Baseload
2022-07-17,BNGSF2,-62.525871257759434,Baseload
2022-07-24,BNGSF2,-84.53768561996043,Baseload
2022-07-31,BNGSF2,-115.22292909282646,Baseload
2022-08-07,BNGSF2,-45.167517502587636,Baseload
2022-08-14,BNGSF2,-68.5635896994927,Baseload
2022-08-21,BNGSF2,-74.13626845192394,Baseload
2022-08-28,BNGSF2,-226.4015771530163,Baseload
2022-09-04,BNGSF2,-104.08793211928551,Baseload
2022-09-11,BNGSF2,-128.9087368928026,Baseload
2022-09-18,BNGSF2,-12.016717210413276,Baseload
2022-09-25,BNGSF2,-84.76156445572428,Baseload
2022-10-02,BNGSF2,-75.25467682863514,Baseload
2022-10-09,BNGSF2,-54.793417154446814,Baseload
2022-10-16,BNGSF2,-115.26722336546645,Baseload
2022-10-23,BNGSF2,-68.6420924807982,Baseload
2022-10-30,BNGSF2,-68.00152803200369,Baseload
2022-11-06,BNGSF2,-34.25525427552961,Baseload
2022-11-13,BNGSF2,-59.837851713548034,Baseload
2022-11-20,BNGSF2,23.346250493088405,Baseload
2022-11-27,BNGSF2,-68.92656770664817,Baseload
2022-12-04,BNGSF2,-68.75942801284158,Baseload
2022-12-11,BNGSF2,-82.72230114075192,Baseload
2022-12-18,BNGSF2,-42.534314712511446,Baseload
2022-12-25,BNGSF2,-50.43373830304263,Baseload
2023-01-01,BNGSF2,-38.69729639766867,Baseload
2023-01-08,BNGSF2,-40.931565208089516,Baseload
2023-01-15,BNGSF2,-17.732839761005906,Baseload
2023-01-22,BNGSF2,-42.82802015866187,Baseload
2023-01-29,BNGSF2,-32.820617104486566,Baseload
2023-02-05,BNGSF2,-58.1644229926176,Baseload
2023-02-12,BNGSF2,-45.84420452822334,Baseload
2023-02-19,BNGSF2,-92.73411084592627,Baseload
2023-02-26,BNGSF2,-41.38129222699948,Baseload
2023-03-05,BNGSF2,-52.21869960120797,Baseload
2023-03-12,BNGSF2,-51.33083078091387,Baseload
2023-03-19,BNGSF2,-50.706075692493805,Baseload
2023-03-26,BNGSF2,-38.4010568113107,Baseload
2023-04-02,BNGSF2,-67.62883784431959,Baseload
2023-04-09,BNGSF2,-26.684680189323103,Baseload
2023-04-16,BNGSF2,-51.06048870661508,Baseload
2023-04-23,BNGSF2,-63.55794812962435,Baseload
2023-04-30,BNGSF2,-70.55548804512557,Baseload
2023-05-07,BNGSF2,-150.54889235978507,Baseload
2023-05-14,BNGSF2,-62.783296852907,Baseload
2023-05-21,BNGSF2,-50.00419023510122,Baseload
2023-05-28,BNGSF2,-19.437300645132794,Baseload
2023-06-04,BNGSF2,-35.7925979708109,Baseload
2023-06-11,BNGSF2,-36.97125783851367,Baseload
2023-06-18,BNGSF2,-34.68835954705048,Baseload
2023-06-25,BNGSF2,-8.990154223615818,Baseload
2023-07-02,BNGSF2,-82.78892291297885,Baseload
2023-07-09,BNGSF2,-34.53618000950826,Baseload
2023-07-16,BNGSF2,-45.82064631785906,Baseload
2023-07-23,BNGSF2,-51.34877592329898,Baseload
2023-07-30,BNGSF2,-37.08020479499769,Baseload
2023-08-06,BNGSF2,-17.9310763915379,Baseload
2023-08-13,BNGSF2,-188.7032174495066,Baseload
2023-08-20,BNGSF2,-89.78279108714179,Baseload
2023-08-27,BNGSF2,-52.89084489593236,Baseload
2023-09-03,BNGSF2,-93.17518032008844,Baseload
2023-09-10,BNGSF2,-50.8297250458362,Baseload
2023-09-17,BNGSF2,-48.77677740087293,Baseload
2023-09-24,BNGSF2,-22.130487634217356,Baseload
2023-10-01,BNGSF2,-41.370547541544816,Baseload
2023-10-08,BNGSF2,-28.991522240339357,Baseload
2023-10-15,BNGSF2,-26.195602002003984,Baseload
2023-10-22,BNGSF2,-14.158163021186803,Baseload
2023-10-29,BNGSF2,-20.736145924183027,Baseload
2023-11-05,BNGSF2,-26.74381516194651,Baseload
2023-11-12,BNGSF2,-67.12147300703528,Baseload
2023-11-19,BNGSF2,-55.625717914180036,Baseload
2023-11-26,BNGSF2,-46.29317747044833,Baseload
2023-12-03,BNGSF2,-20.803145717207475,Baseload
2023-12-10,BNGSF2,-35.91466518934429,Baseload
2023-12-17,BNGSF2,-41.98975096842132,Baseload
2023-12-24,BNGSF2,-35.46254956862522,Baseload
2023-12-31,BNGSF2,-16.690164013083443,Baseload
2024-01-07,BNGSF2,-36.141626103998924,Baseload
2024-01-14,BNGSF2,-29.749532628716793,Baseload
2024-01-21,BNGSF2,-34.488757439252915,Baseload
2024-01-28,BNGSF2,-11.766234966311224,Baseload
2024-02-04,BNGSF2,-56.24212288959473,Baseload
2024-02-11,BNGSF2,-38.931551567751015,Baseload
2024-02-18,BNGSF2,-43.901004695585726,Baseload
2024-02-25,BNGSF2,2.5362446389201807,Baseload
2024-03-03,BNGSF2,-39.766864866370135,Baseload
2024-03-10,BNGSF2,-20.018393516446814,Baseload
2024-03-17,BNGSF2,-8.748640137504282,Baseload
2024-03-24,BNGSF2,-28.489868296784866,Baseload
2024-03-31,BNGSF2,-55.78551716858359,Baseload
2024-04-07,BNGSF2,-41.794630299955884,Baseload
2024-04-14,BNGSF2,-59.111750415233054,Baseload
2024-04-21,BNGSF2,-55.4307055987411,Baseload
2024-04-28,BNGSF2,-51.459100727696125,Baseload
2024-05-05,BNGSF2,-46.38454089458785,Baseload
2024-05-12,BNGSF2,-52.7774276719194,Baseload
2024-05-19,BNGSF2,-59.09511526743907,Baseload
2024-05-26,BNGSF2,-37.21724014978693,Baseload
2024-06-02,BNGSF2,-36.514608556507426,Baseload
2024-06-09,BNGSF2,-23.101484549607306,Baseload
2024-06-16,BNGSF2,-59.921354808910365,Baseload
2024-06-23,BNGSF2,-34.718421067344565,Baseload
2024-06-30,BNGSF2,-36.29979682694929,Baseload
2024-07-07,BNGSF2,-14.050368859135347,Baseload
2024-07-14,BNGSF2,-46.439577085964544,Baseload
2024-07-21,BNGSF2,-18.142133307699197,Baseload
2024-07-28,BNGSF2,-204.79507790532443,Baseload
2024-08-04,BNGSF2,-302.3686496416017,Baseload
2024-08-11,BNGSF2,-234.79160381980475,Baseload
2024-08-18,BNGSF2,-60.345827290879825,Baseload
2024-08-25,BNGSF2,-49.30710071838888,Baseload
2024-09-01,BNGSF2,-11.57506178797365,Baseload
2024-09-08,BNGSF2,26.93701437650428,Baseload
2024-09-15,BNGSF2,-47.519523994806804,Baseload
2024-09-22,BNGSF2,-56.937011466318225,Baseload
2024-09-29,BNGSF2,-218.59589091835778,Baseload
2024-10-06,BNGSF2,-38.13859699251648,Baseload
2024-10-13,BNGSF2,-22.063206212314704,Baseload
2024-10-20,BNGSF2,-24.20428160237952,Baseload
2024-10-27,BNGSF2,-77.9070282938924,Baseload
2024-11-03,BNGSF2,-14.829222388285963,Baseload
2024-11-10,BNGSF2,-45.15730668152675,Baseload
2024-11-17,BNGSF2,-23.55582472594084,Baseload
2024-11-24,BNGSF2,-52.09920647719696,Baseload
2024-12-01,BNGSF2,-18.07070380993723,Baseload
2024-12-08,BNGSF2,16.873829980613067,Baseload
2024-12-15,BNGSF2,-65.40233138058527,Baseload
2024-12-22,BNGSF2,-45.02053876077598,Baseload
2024-12-29,BNGSF2,-22.293268621549238,Baseload
2025-01-05,BNGSF2,-72.28281501629857,Baseload
2020-01-05,TBSF1,4.74147019022665,Baseload
2020-01-12,TBSF1,-2.5491226256966186,Baseload
2020-01-19,TBSF1,-4.3419849528978745,Baseload
2020-01-26,TBSF1,-3.3282468279974466,Baseload
2020-02-02,TBSF1,122.6919364009795,Baseload
2020-02-09,TBSF1,-8.636126709955203,Baseload
2020-02-16,TBSF1,22.825793902009735,Baseload
2020-02-23,TBSF1,10.798668551973357,Baseload
2020-03-01,TBSF1,-19.962172800113663,Baseload
2020-03-08,TBSF1,-34.44257050559674,Baseload
2020-03-15,TBSF1,-1.0786825039252648,Baseload
2020-03-22,TBSF1,-3.7207268524231125,Baseload
2020-03-29,TBSF1,-6.724612581980594,Baseload
2020-04-05,TBSF1,-6.91327475173334,Baseload
2020-04-12,TBSF1,-8.724560173433392,Baseload
2020-04-19,TBSF1,-11.215730021067255,Baseload
2020-04-26,TBSF1,-10.533220144507116,Baseload
2020-05-03,TBSF1,-2.9232552301852692,Baseload
2020-05-10,TBSF1,-9.776806633974376,Baseload
2020-05-17,TBSF1,-11.23342863268294,Baseload
2020-05-24,TBSF1,-2.8843061480275125,Baseload
2020-05-31,TBSF1,-4.19100202646365,Baseload
2020-06-07,TBSF1,-6.423301386434915,Baseload
2020-06-14,TBSF1,-16.210439444584516,Baseload
2020-06-21,TBSF1,-8.59588484050487,Baseload
2020-06-28,TBSF1,-8.27036559891252,Baseload
2020-07-05,TBSF1,-4.021733474406375,Baseload
2020-07-12,TBSF1,-6.085152082844857,Baseload
2020-07-19,TBSF1,-5.017176432787281,Baseload
2020-07-26,TBSF1,-13.268476051471168,Baseload
2020-08-02,TBSF1,-18.05510472306706,Baseload
2020-08-09,TBSF1,-7.219419023753531,Baseload
2020-08-16,TBSF1,-4.116425696458329,Baseload
2020-08-23,TBSF1,-4.992925409960634,Baseload
2020-08-30,TBSF1,-13.57664602020413,Baseload
2020-09-06,TBSF1,1.90236880009666,Baseload
2020-09-13,TBSF1,13.206051645206319,Baseload
2020-09-20,TBSF1,5.260393683154916,Baseload
2020-09-27,TBSF1,-10.009123053560737,Baseload
2020-10-04,TBSF1,16.337187180344575,Baseload
2020-10-11,TBSF1,-2.448878155128039,Baseload
2020-10-18,TBSF1,-9.917958493876359,Baseload
2020-10-25,TBSF1,6.118750542924985,Baseload
2020-11-01,TBSF1,0.2467019494681395,Baseload
2020-11-08,TBSF1,0.13844170437052128,Baseload
2020-11-15,TBSF1,4.980668115334812,Baseload
2020-11-22,TBSF1,3.097342547411543,Baseload
2020-11-29,TBSF1,1.787170398084939,Baseload
2020-12-06,TBSF1,20.932318313537664,Baseload
2020-12-13,TBSF1,14.507702215108607,Baseload
2020-12-20,TBSF1,-3.133501148560601,Baseload
2020-12-27,TBSF1,-8.374252906314538,Baseload
2021-01-03,TBSF1,-4.7146299481494305,Baseload
2021-01-10,TBSF1,16.74073862862202,Baseload
2021-01-17,TBSF1,10.899352486009636,Baseload
2021-01-24,TBSF1,-29.18630833689717,Baseload
2021-01-31,TBSF1,-17.896376461855333,Baseload
2021-02-07,TBSF1,-11.28431659292539,Baseload
2021-02-14,TBSF1,-1.827197326622688,Baseload
2021-02-21,TBSF1,0.5902516609407726,Baseload
2021-02-28,TBSF1,-4.895568546060709,Baseload
2021-03-07,TBSF1,-8.748925312894418,Baseload
2021-03-14,TBSF1,-145.57153338266224,Baseload
2021-03-21,TBSF1,6.364735752810724,Baseload
2021-03-28,TBSF1,-19.783077933737058,Baseload
2021-04-04,TBSF1,-13.553919479915002,Baseload
2021-04-11,TBSF1,0.44859572547887083,Baseload
2021-04-18,TBSF1,-13.929034244508326,Baseload
2021-04-25,TBSF1,-24.42890981684218,Baseload
2021-05-02,TBSF1,-19.741426987847433,Baseload
2021-05-09,TBSF1,-19.519484430159153,Baseload
2021-05-16,TBSF1,-28.477907903919473,Baseload
2021-05-23,TBSF1,-94.63594335562283,Baseload
2021-05-30,TBSF1,-24.688554971921448,Baseload
2021-06-06,TBSF1,-19.20071608089924,Baseload
2021-06-13,TBSF1,-5.560848936856594,Baseload
2021-06-20,TBSF1,-13.189568596697484,Baseload
2021-06-27,TBSF1,-11.114354450084974,Baseload
2021-07-04,TBSF1,-23.59647850119923,Baseload
2021-07-11,TBSF1,-20.86170442426635,Baseload
2021-07-18,TBSF1,-16.702385176002124,Baseload
2021-07-25,TBSF1,4.278741072285854,Baseload
2021-08-01,TBSF1,-49.13429996371572,Baseload
2021-08-08,TBSF1,-20.03445002492643,Baseload
2021-08-15,TBSF1,-30.028205957938802,Baseload
2021-08-22,TBSF1,-27.479013629848982,Baseload
2021-08-29,TBSF1,-15.094822004043202,Baseload
2021-09-05,TBSF1,0.9179524826236634,Baseload
2021-09-12,TBSF1,1.04527944518816,Baseload
2021-09-19,TBSF1,-10.3440169728515,Baseload
2021-09-26,TBSF1,-12.883766393964876,Baseload
2021-10-03,TBSF1,-4.2517992843084045,Baseload
2021-10-10,TBSF1,-26.137819589516724,Baseload
2021-10-17,TBSF1,-15.454934097327719,Baseload
2021-10-24,TBSF1,-8.044689072701061,Baseload
2021-10-31,TBSF1,-26.050329996833312,Baseload
2021-11-07,TBSF1,-13.869920690390174,Baseload
2021-11-14,TBSF1,-8.086949120476518,Baseload
2021-11-21,TBSF1,-15.62771306666372,Baseload
2021-11-28,TBSF1,-28.0758088348761,Baseload
2021-12-05,TBSF1,-0.3663467572192971,Baseload
2021-12-12,TBSF1,-34.21680094909827,Baseload
2021-12-19,TBSF1,-42.85036947148389,Baseload
2021-12-26,TBSF1,-27.99883193597198,Baseload
2022-01-02,TBSF1,-13.330351927032197,Baseload
2022-01-09,TBSF1,-33.57373929349686,Baseload
2022-01-16,TBSF1,57.08879311219954,Baseload
2022-01-23,TBSF1,-29.253878805884426,Baseload
2022-01-30,TBSF1,2.285479292121792,Baseload
2022-02-06,TBSF1,8.450620988449018,Baseload
2022-02-13,TBSF1,-33.660996100744356,Baseload
2022-02-20,TBSF1,-29.03901240419085,Baseload
2022-02-27,TBSF1,-26.093186405246044,Baseload
2022-03-06,TBSF1,2.951606475318883,Baseload
2022-03-13,TBSF1,-20.36844694085123,Baseload
2022-03-20,TBSF1,-6.533908754729737,Baseload
2022-03-27,TBSF1,-43.88384838043733,Baseload
2022-04-03,TBSF1,-14.015998896374299,Baseload
2022-04-10,TBSF1,-64.21201741232122,Baseload
2022-04-17,TBSF1,-49.26562668639295,Baseload
2022-04-24,TBSF1,-52.35953284828763,Baseload
2022-05-01,TBSF1,-113.60177999930275,Baseload
2022-05-08,TBSF1,-76.23985305820705,Baseload
2022-05-15,TBSF1,-150.53978906005176,Baseload
2022-05-22,TBSF1,-164.3816847608464,Baseload
2022-05-29,TBSF1,-62.41919877316593,Baseload
2022-06-05,TBSF1,-88.939633609038,Baseload
2022-06-12,TBSF1,-143.612203601468,Baseload
2022-06-19,TBSF1,-115.12942512028499,Baseload
2022-06-26,TBSF1,-63.150639729948296,Baseload
2022-07-03,TBSF1,-104.16213829400084,Baseload
2022-07-10,TBSF1,-224.6105843342569,Baseload
2022-07-17,TBSF1,0.824226393928825,Baseload
2022-07-24,TBSF1,-108.89365499652686,Baseload
2022-07-31,TBSF1,-129.40556337940887,Baseload
2022-08-07,TBSF1,-36.10973842157391,Baseload
2022-08-14,TBSF1,-86.29611173846733,Baseload
2022-08-21,TBSF1,-72.86509428423126,Baseload
2022-08-28,TBSF1,-131.01425196108596,Baseload
2022-09-04,TBSF1,-95.00769346106227,Baseload
2022-09-11,TBSF1,-99.88267050992218,Baseload
2022-09-18,TBSF1,-20.635110069329706,Baseload
2022-09-25,TBSF1,-91.18900510533172,Baseload
2022-10-02,TBSF1,-76.28074010106617,Baseload
2022-10-09,TBSF1,-80.7361388316765,Baseload
2022-10-16,TBSF1,-98.66309289178892,Baseload
2022-10-23,TBSF1,-1.2982973297262035,Baseload
2022-10-30,TBSF1,-29.19670837956943,Baseload
2022-11-06,TBSF1,-46.80501986110792,Baseload
2022-11-13,TBSF1,-36.89784936330503,Baseload
2022-11-20,TBSF1,77.38394610922326,Baseload
2022-11-27,TBSF1,-5.18606673596031,Baseload
2022-12-04,TBSF1,-75.23538530317389,Baseload
2022-12-11,TBSF1,-22.23972397897439,Baseload
2022-12-18,TBSF1,-27.789422694964255,Baseload
2022-12-25,TBSF1,-44.20225305772617,Baseload
2023-01-01,TBSF1,-36.19155123079467,Baseload
2023-01-08,TBSF1,-15.135987464694665,Baseload
2023-01-15,TBSF1,-23.897437238924184,Baseload
2023-01-22,TBSF1,3.66065170301399,Baseload
2023-01-29,TBSF1,-13.925025122166474,Baseload
2023-02-05,TBSF1,-54.886039878505244,Baseload
2023-02-12,TBSF1,-57.324843339862724,Baseload
2023-02-19,TBSF1,-115.89992225944536,Baseload
2023-02-26,TBSF1,-27.790184489306164,Baseload
2023-03-05,TBSF1,-57.202517564965326,Baseload
2023-03-12,TBSF1,-47.12292965201982,Baseload
2023-03-19,TBSF1,-60.18466653173671,Baseload
2023-03-26,TBSF1,-54.3978585248278,Baseload
2023-04-02,TBSF1,-61.326337326476384,Baseload
2023-04-09,TBSF1,-22.14368601153395,Baseload
2023-04-16,TBSF1,-50.426175255381736,Baseload
2023-04-23,TBSF1,-59.79213069247662,Baseload
2023-04-30,TBSF1,-94.37294333846802,Baseload
2023-05-07,TBSF1,-203.04830061813723,Baseload
2023-05-14,TBSF1,-89.03329428928144,Baseload
2023-05-21,TBSF1,-85.35335259831311,Baseload
2023-05-28,TBSF1,-40.519214378720264,Baseload
2023-06-04,TBSF1,-6.872905921123248,Baseload
2023-06-11,TBSF1,-35.70086480755706,Baseload
2023-06-18,TBSF1,-1.8818107404741138,Baseload
2023-06-25,TBSF1,-21.261415390036575,Baseload
2023-07-02,TBSF1,-75.63984391412635,Baseload
2023-07-09,TBSF1,19.303280576679413,Baseload
2023-07-16,TBSF1,-63.80419831055084,Baseload
2023-07-23,TBSF1,-55.321250464456114,Baseload
2023-07-30,TBSF1,-27.098233994486336,Baseload
2023-08-06,TBSF1,2.6427767820744634,Baseload
2023-08-13,TBSF1,-271.5332374910488,Baseload
2023-08-20,TBSF1,-79.3888486566103,Baseload
2023-08-27,TBSF1,-66.49854204530128,Baseload
2023-09-03,TBSF1,-95.55551278154448,Baseload
2023-09-10,TBSF1,-52.18261811883495,Baseload
2023-09-17,TBSF1,-47.321612010323115,Baseload
2023-09-24,TBSF1,-41.3499386632824,Baseload
2023-10-01,TBSF1,-35.29203914835582,Baseload
2023-10-08,TBSF1,-26.245776714977477,Baseload
2023-10-15,TBSF1,-19.752760780192343,Baseload
2023-10-22,TBSF1,-17.036167350927293,Baseload
2023-10-29,TBSF1,0.2493545926896346,Baseload
2023-11-05,TBSF1,-6.232885385620623,Baseload
2023-11-12,TBSF1,-57.91309999819468,Baseload
2023-11-19,TBSF1,-65.4705642395255,Baseload
2023-11-26,TBSF1,-26.695422969935596,Baseload
2023-12-03,TBSF1,-30.472042910664364,Baseload
2023-12-10,TBSF1,9.367644423172948,Baseload
2023-12-17,TBSF1,-49.61981382607619,Baseload
2023-12-24,TBSF1,-1.2976004616744254,Baseload
2023-12-31,TBSF1,-29.63722961492292,Baseload
2024-01-07,TBSF1,-36.38429018116436,Baseload
2024-01-14,TBSF1,-29.261177067537275,Baseload
2024-01-21,TBSF1,-10.144692843565464,Baseload
2024-01-28,TBSF1,16.335379083531585,Baseload
2024-02-04,TBSF1,-48.901252472302346,Baseload
2024-02-11,TBSF1,-19.393401127751837,Baseload
2024-02-18,TBSF1,-30.877882545785983,Baseload
2024-02-25,TBSF1,-17.26041659765184,Baseload
2024-03-03,TBSF1,-47.972064249356166,Baseload
2024-03-10,TBSF1,-15.754849610804214,Baseload
2024-03-17,TBSF1,-27.00943942546742,Baseload
2024-03-24,TBSF1,-32.00155773523967,Baseload
2024-03-31,TBSF1,-60.03946815857596,Baseload
2024-04-07,TBSF1,-51.85519523715286,Baseload
2024-04-14,TBSF1,-71.50580249707613,Baseload
2024-04-21,TBSF1,-72.48672989209146,Baseload
2024-04-28,TBSF1,-58.107986582624775,Baseload
2024-05-05,TBSF1,-63.26481762082082,Baseload
2024-05-12,TBSF1,-54.39049543927078,Baseload
2024-05-19,TBSF1,-77.56651603757369,Baseload
2024-05-26,TBSF1,-53.2172760127886,Baseload
2024-06-02,TBSF1,-26.480147875040473,Baseload
2024-06-09,TBSF1,-6.777861046073127,Baseload
2024-06-16,TBSF1,-50.99312841647935,Baseload
2024-06-23,TBSF1,-46.167878144342154,Baseload
2024-06-30,TBSF1,-39.703533487690066,Baseload
2024-07-07,TBSF1,-52.243530965069624,Baseload
2024-07-14,TBSF1,-62.02240098797016,Baseload
2024-07-21,TBSF1,-63.802451000953255,Baseload
2024-07-28,TBSF1,-215.278571906174,Baseload
2024-08-04,TBSF1,-292.641715371689,Baseload
2024-08-11,TBSF1,-337.20535863506854,Baseload
2024-08-18,TBSF1,-60.75151327346462,Baseload
2024-08-25,TBSF1,-36.43934920796205,Baseload
2024-09-01,TBSF1,-18.421256754946185,Baseload
2024-09-08,TBSF1,-23.510852961163337,Baseload
2024-09-15,TBSF1,-48.28370386516642,Baseload
2024-09-22,TBSF1,-56.666049212048776,Baseload
2024-09-29,TBSF1,-216.23601556711236,Baseload
2024-10-06,TBSF1,-44.778774709083336,Baseload
2024-10-13,TBSF1,-32.1571128370152,Baseload
2024-10-20,TBSF1,57.374801994851644,Baseload
2024-10-27,TBSF1,-23.10068411744013,Baseload
2024-11-03,TBSF1,-31.45870196941617,Baseload
2024-11-10,TBSF1,-48.6327548365123,Baseload
2024-11-17,TBSF1,-18.261991586009188,Baseload
2024-11-24,TBSF1,-31.665706340199662,Baseload
2024-12-01,TBSF1,-27.1554353967568,Baseload
2024-12-08,TBSF1,60.7533829050369,Baseload
2024-12-15,TBSF1,-48.054938872159795,Baseload
2024-12-22,TBSF1,-21.883121603463636,Baseload
2024-12-29,TBSF1,-11.15318244313172,Baseload
2025-01-05,TBSF1,-70.83162005968957,Baseload
