Period,DUID,Delta,Contract
2020-01-31,BLUFF1,-8.005704212065623,Ex-post DWA
2020-02-29,BLUFF1,-1.7026027798545513,Ex-post DWA
2020-03-31,BLUFF1,-3.872112899902657,Ex-post DWA
2020-04-30,BLUFF1,-1.881303563031178,Ex-post DWA
2020-05-31,BLUFF1,-2.2622207986834084,Ex-post DWA
2020-06-30,BLUFF1,-0.8493149427532956,Ex-post DWA
2020-07-31,BLUFF1,-4.194757702714256,Ex-post DWA
2020-08-31,BLUFF1,-3.096207352321798,Ex-post DWA
2020-09-30,BLUFF1,-7.83791218130744,Ex-post DWA
2020-10-31,BLUFF1,-9.42918103825148,Ex-post DWA
2020-11-30,BLUFF1,-4.139780023104194,Ex-post DWA
2020-12-31,BLUFF1,-10.673672683969924,Ex-post DWA
2021-01-31,BLUFF1,-3.7966922110778434,Ex-post DWA
2021-02-28,BLUFF1,-6.9154157341236555,Ex-post DWA
2021-03-31,BLUFF1,-19.967258388044833,Ex-post DWA
2021-04-30,BLUFF1,-6.060130843731624,Ex-post DWA
2021-05-31,BLUFF1,-4.715993861962019,Ex-post DWA
2021-06-30,BLUFF1,0.2839692316158704,Ex-post DWA
2021-07-31,BLUFF1,-4.953223387039003,Ex-post DWA
2021-08-31,BLUFF1,-3.2452694281823575,Ex-post DWA
2021-09-30,BLUFF1,-1.8018353266513571,Ex-post DWA
2021-10-31,BLUFF1,4.634073538620461,Ex-post DWA
2021-11-30,BLUFF1,-6.668147756201504,Ex-post DWA
2021-12-31,BLUFF1,-4.500230078845753,Ex-post DWA
2022-01-31,BLUFF1,-5.8631437643198865,Ex-post DWA
2022-02-28,BLUFF1,-5.533487319599473,Ex-post DWA
2022-03-31,BLUFF1,-8.666098504103282,Ex-post DWA
2022-04-30,BLUFF1,-15.530353154091912,Ex-post DWA
2022-05-31,BLUFF1,-22.567496412554988,Ex-post DWA
2022-06-30,BLUFF1,-13.442078613131144,Ex-post DWA
2022-07-31,BLUFF1,-22.083121776442738,Ex-post DWA
2022-08-31,BLUFF1,-9.405038153825615,Ex-post DWA
2022-09-30,BLUFF1,-16.578129658097126,Ex-post DWA
2022-10-31,BLUFF1,-13.863006369857985,Ex-post DWA
2022-11-30,BLUFF1,-32.30586461509497,Ex-post DWA
2022-12-31,BLUFF1,-7.178648287053182,Ex-post DWA
2023-01-31,BLUFF1,-10.793740236288777,Ex-post DWA
2023-02-28,BLUFF1,-5.454138446754392,Ex-post DWA
2023-03-31,BLUFF1,-10.320008480598197,Ex-post DWA
2023-04-30,BLUFF1,-6.066046420414679,Ex-post DWA
2023-05-31,BLUFF1,-18.833281986328487,Ex-post DWA
2023-06-30,BLUFF1,-9.34027891989291,Ex-post DWA
2023-07-31,BLUFF1,-12.344307181581872,Ex-post DWA
2023-08-31,BLUFF1,-3.9543953976773167,Ex-post DWA
2023-09-30,BLUFF1,-5.51470011806105,Ex-post DWA
2023-10-31,BLUFF1,0.006932682605059526,Ex-post DWA
2023-11-30,BLUFF1,-11.689801365716363,Ex-post DWA
2023-12-31,BLUFF1,-2.9648770279162306,Ex-post DWA
2024-01-31,BLUFF1,-2.8319965908258915,Ex-post DWA
2024-02-29,BLUFF1,13.975680817143761,Ex-post DWA
2024-03-31,BLUFF1,-5.719009887129147,Ex-post DWA
2024-04-30,BLUFF1,-17.729439332981087,Ex-post DWA
2024-05-31,BLUFF1,-26.83459233674924,Ex-post DWA
2024-06-30,BLUFF1,-11.072862819001841,Ex-post DWA
2024-07-31,BLUFF1,2.6299093232110096,Ex-post DWA
2024-08-31,BLUFF1,-10.815249289821047,Ex-post DWA
2024-09-30,BLUFF1,-0.8533022902840486,Ex-post DWA
2024-10-31,BLUFF1,-1.41159137461581,Ex-post DWA
2024-11-30,BLUFF1,-10.624465262311766,Ex-post DWA
2024-12-31,BLUFF1,-11.277857843815227,Ex-post DWA
2020-01-31,CLEMGPWF,-6.224917930920448,Ex-post DWA
2020-02-29,CLEMGPWF,-4.4725184907832585,Ex-post DWA
2020-03-31,CLEMGPWF,0.25456724181803025,Ex-post DWA
2020-04-30,CLEMGPWF,-0.7344842819737423,Ex-post DWA
2020-05-31,CLEMGPWF,-1.2635995717529482,Ex-post DWA
2020-06-30,CLEMGPWF,-1.8952657689337826,Ex-post DWA
2020-07-31,CLEMGPWF,-0.5832396372890614,Ex-post DWA
2020-08-31,CLEMGPWF,-3.46592289741999,Ex-post DWA
2020-09-30,CLEMGPWF,-8.200942247183127,Ex-post DWA
2020-10-31,CLEMGPWF,-4.889748434611683,Ex-post DWA
2020-11-30,CLEMGPWF,-0.5298733875565063,Ex-post DWA
2020-12-31,CLEMGPWF,0.5511406674526018,Ex-post DWA
2021-01-31,CLEMGPWF,1.3599536332119868,Ex-post DWA
2021-02-28,CLEMGPWF,1.545927081855865,Ex-post DWA
2021-03-31,CLEMGPWF,17.11050307882046,Ex-post DWA
2021-04-30,CLEMGPWF,10.51961301114735,Ex-post DWA
2021-05-31,CLEMGPWF,-4.256612614598659,Ex-post DWA
2021-06-30,CLEMGPWF,-0.13937746507815518,Ex-post DWA
2021-07-31,CLEMGPWF,-7.218970904396407,Ex-post DWA
2021-08-31,CLEMGPWF,-0.7640046948602546,Ex-post DWA
2021-09-30,CLEMGPWF,3.485751186032706,Ex-post DWA
2021-10-31,CLEMGPWF,3.525650603275311,Ex-post DWA
2021-11-30,CLEMGPWF,3.821873540972529,Ex-post DWA
2021-12-31,CLEMGPWF,-5.008448776601561,Ex-post DWA
2022-01-31,CLEMGPWF,7.881608859880281,Ex-post DWA
2022-02-28,CLEMGPWF,1.2642556233829438,Ex-post DWA
2022-03-31,CLEMGPWF,4.458457208196826,Ex-post DWA
2022-04-30,CLEMGPWF,11.527224932276056,Ex-post DWA
2022-05-31,CLEMGPWF,-6.61741515336621,Ex-post DWA
2022-06-30,CLEMGPWF,-26.483716338442463,Ex-post DWA
2022-07-31,CLEMGPWF,10.551819317066474,Ex-post DWA
2022-08-31,CLEMGPWF,9.107614103120966,Ex-post DWA
2022-09-30,CLEMGPWF,2.4868150733250474,Ex-post DWA
2022-10-31,CLEMGPWF,4.087184964473664,Ex-post DWA
2022-11-30,CLEMGPWF,-3.0357259700544788,Ex-post DWA
2022-12-31,CLEMGPWF,-3.3636587009261767,Ex-post DWA
2023-01-31,CLEMGPWF,-5.49352497971978,Ex-post DWA
2023-02-28,CLEMGPWF,-7.868935985797378,Ex-post DWA
2023-03-31,CLEMGPWF,-3.151926267303608,Ex-post DWA
2023-04-30,CLEMGPWF,-5.0749177804149,Ex-post DWA
2023-05-31,CLEMGPWF,-22.917554688990776,Ex-post DWA
2023-06-30,CLEMGPWF,-13.203392062114052,Ex-post DWA
2023-07-31,CLEMGPWF,-3.618358083209408,Ex-post DWA
2023-08-31,CLEMGPWF,-25.104210863357885,Ex-post DWA
2023-09-30,CLEMGPWF,-6.8665273992554745,Ex-post DWA
2023-10-31,CLEMGPWF,-3.8222796681753106,Ex-post DWA
2023-11-30,CLEMGPWF,-4.598760758645113,Ex-post DWA
2023-12-31,CLEMGPWF,-7.359757294014237,Ex-post DWA
2024-01-31,CLEMGPWF,-0.2263281841525,Ex-post DWA
2024-02-29,CLEMGPWF,-8.632331289981984,Ex-post DWA
2024-03-31,CLEMGPWF,-0.23568669713718293,Ex-post DWA
2024-04-30,CLEMGPWF,4.521153740794361,Ex-post DWA
2024-05-31,CLEMGPWF,13.811584026573314,Ex-post DWA
2024-06-30,CLEMGPWF,-1.7362118729517277,Ex-post DWA
2024-07-31,CLEMGPWF,-26.429684927110543,Ex-post DWA
2024-08-31,CLEMGPWF,-8.71060744324685,Ex-post DWA
2024-09-30,CLEMGPWF,-5.733537487057129,Ex-post DWA
2024-10-31,CLEMGPWF,-5.666066444554403,Ex-post DWA
2024-11-30,CLEMGPWF,-5.611783132573578,Ex-post DWA
2024-12-31,CLEMGPWF,-5.206811967342567,Ex-post DWA
2020-01-31,HALLWF1,7.237928827985698,Ex-post DWA
2020-02-29,HALLWF1,3.06464022895112,Ex-post DWA
2020-03-31,HALLWF1,-1.9808535140658599,Ex-post DWA
2020-04-30,HALLWF1,-0.132182368735144,Ex-post DWA
2020-05-31,HALLWF1,0.4262185693526419,Ex-post DWA
2020-06-30,HALLWF1,1.6322320943656337,Ex-post DWA
2020-07-31,HALLWF1,0.18517044226070567,Ex-post DWA
2020-08-31,HALLWF1,-0.687263357509714,Ex-post DWA
2020-09-30,HALLWF1,0.10846805326702835,Ex-post DWA
2020-10-31,HALLWF1,-0.7183635089917573,Ex-post DWA
2020-11-30,HALLWF1,-1.0040414298901794,Ex-post DWA
2020-12-31,HALLWF1,-5.142108356726254,Ex-post DWA
2021-01-31,HALLWF1,-3.0824738503354823,Ex-post DWA
2021-02-28,HALLWF1,-2.187854705336729,Ex-post DWA
2021-03-31,HALLWF1,-8.88846579190134,Ex-post DWA
2021-04-30,HALLWF1,-3.750367366250291,Ex-post DWA
2021-05-31,HALLWF1,-1.060661647017902,Ex-post DWA
2021-06-30,HALLWF1,3.2300951065047343,Ex-post DWA
2021-07-31,HALLWF1,2.8135997093583427,Ex-post DWA
2021-08-31,HALLWF1,2.0044817929399663,Ex-post DWA
2021-09-30,HALLWF1,5.891478158517195,Ex-post DWA
2021-10-31,HALLWF1,2.2260946340627683,Ex-post DWA
2021-11-30,HALLWF1,0.6066932935126665,Ex-post DWA
2021-12-31,HALLWF1,-1.3312634618164338,Ex-post DWA
2022-01-31,HALLWF1,-2.6882021646813214,Ex-post DWA
2022-02-28,HALLWF1,-0.9251553481949699,Ex-post DWA
2022-03-31,HALLWF1,-0.740084361153869,Ex-post DWA
2022-04-30,HALLWF1,-4.1440993746893895,Ex-post DWA
2022-05-31,HALLWF1,16.802143135795916,Ex-post DWA
2022-06-30,HALLWF1,-15.159956848336549,Ex-post DWA
2022-07-31,HALLWF1,4.2621151051790775,Ex-post DWA
2022-08-31,HALLWF1,-13.606885687316534,Ex-post DWA
2022-09-30,HALLWF1,-3.5271468517507714,Ex-post DWA
2022-10-31,HALLWF1,0.43955480134843583,Ex-post DWA
2022-11-30,HALLWF1,-15.309851264912442,Ex-post DWA
2022-12-31,HALLWF1,2.2817136385610297,Ex-post DWA
2023-01-31,HALLWF1,-5.547661581648619,Ex-post DWA
2023-02-28,HALLWF1,-2.1214832345185286,Ex-post DWA
2023-03-31,HALLWF1,-3.0365828675230233,Ex-post DWA
2023-04-30,HALLWF1,2.90345975466591,Ex-post DWA
2023-05-31,HALLWF1,3.025989821784208,Ex-post DWA
2023-06-30,HALLWF1,2.7145767893446475,Ex-post DWA
2023-07-31,HALLWF1,3.5190903351211844,Ex-post DWA
2023-08-31,HALLWF1,2.38227405004325,Ex-post DWA
2023-09-30,HALLWF1,8.239368256895421,Ex-post DWA
2023-10-31,HALLWF1,7.63706519441517,Ex-post DWA
2023-11-30,HALLWF1,-5.0090590727820015,Ex-post DWA
2023-12-31,HALLWF1,-8.597686265542826,Ex-post DWA
2024-01-31,HALLWF1,-1.4632493334173802,Ex-post DWA
2024-02-29,HALLWF1,6.591784281991302,Ex-post DWA
2024-03-31,HALLWF1,-4.923674807694539,Ex-post DWA
2024-04-30,HALLWF1,-4.623759017856969,Ex-post DWA
2024-05-31,HALLWF1,-10.946837163245632,Ex-post DWA
2024-06-30,HALLWF1,-3.883311718286947,Ex-post DWA
2024-07-31,HALLWF1,19.0868103386117,Ex-post DWA
2024-08-31,HALLWF1,2.231150411297776,Ex-post DWA
2024-09-30,HALLWF1,2.214960017410357,Ex-post DWA
2024-10-31,HALLWF1,6.095667442545704,Ex-post DWA
2024-11-30,HALLWF1,-3.873989711859629,Ex-post DWA
2024-12-31,HALLWF1,-7.6188984961113775,Ex-post DWA
2020-01-31,HALLWF2,-0.05112628168144795,Ex-post DWA
2020-02-29,HALLWF2,0.2762618853473384,Ex-post DWA
2020-03-31,HALLWF2,0.35079113579922705,Ex-post DWA
2020-04-30,HALLWF2,0.8209166049157552,Ex-post DWA
2020-05-31,HALLWF2,0.31634543817522953,Ex-post DWA
2020-06-30,HALLWF2,3.1413254414718565,Ex-post DWA
2020-07-31,HALLWF2,0.6380877582393865,Ex-post DWA
2020-08-31,HALLWF2,-0.9114069327901646,Ex-post DWA
2020-09-30,HALLWF2,-0.6940136835688904,Ex-post DWA
2020-10-31,HALLWF2,-1.5712795486700664,Ex-post DWA
2020-11-30,HALLWF2,-2.2828085288843596,Ex-post DWA
2020-12-31,HALLWF2,-2.5647644326476176,Ex-post DWA
2021-01-31,HALLWF2,-3.3433097993958683,Ex-post DWA
2021-02-28,HALLWF2,-3.6465599562218625,Ex-post DWA
2021-03-31,HALLWF2,-5.7747613280971954,Ex-post DWA
2021-04-30,HALLWF2,2.4155941233630216,Ex-post DWA
2021-05-31,HALLWF2,-1.2043889421062772,Ex-post DWA
2021-06-30,HALLWF2,2.6344504641361652,Ex-post DWA
2021-07-31,HALLWF2,0.09815287354446411,Ex-post DWA
2021-08-31,HALLWF2,0.7531901766509677,Ex-post DWA
2021-09-30,HALLWF2,2.161079009702913,Ex-post DWA
2021-10-31,HALLWF2,5.836156055496369,Ex-post DWA
2021-11-30,HALLWF2,-1.0874838775078501,Ex-post DWA
2021-12-31,HALLWF2,-4.091226373277564,Ex-post DWA
2022-01-31,HALLWF2,-3.9505899462162333,Ex-post DWA
2022-02-28,HALLWF2,-0.2666655282666852,Ex-post DWA
2022-03-31,HALLWF2,-0.699759917082929,Ex-post DWA
2022-04-30,HALLWF2,-1.8017161330732847,Ex-post DWA
2022-05-31,HALLWF2,18.067858172116814,Ex-post DWA
2022-06-30,HALLWF2,-0.13367201591580624,Ex-post DWA
2022-07-31,HALLWF2,1.6589117865550804,Ex-post DWA
2022-08-31,HALLWF2,-3.9770681956011913,Ex-post DWA
2022-09-30,HALLWF2,-7.177078719344806,Ex-post DWA
2022-10-31,HALLWF2,2.0962134806818824,Ex-post DWA
2022-11-30,HALLWF2,-12.349022772018046,Ex-post DWA
2022-12-31,HALLWF2,3.9417611014614025,Ex-post DWA
2023-01-31,HALLWF2,-4.6049731896197414,Ex-post DWA
2023-02-28,HALLWF2,0.1825297234569092,Ex-post DWA
2023-03-31,HALLWF2,-1.4158207692995148,Ex-post DWA
2023-04-30,HALLWF2,6.737705591906952,Ex-post DWA
2023-05-31,HALLWF2,8.533842446489544,Ex-post DWA
2023-06-30,HALLWF2,-0.2618461493134703,Ex-post DWA
2023-07-31,HALLWF2,2.4958293278958195,Ex-post DWA
2023-08-31,HALLWF2,10.527880548813883,Ex-post DWA
2023-09-30,HALLWF2,6.994250371052058,Ex-post DWA
2023-10-31,HALLWF2,7.1601029012395845,Ex-post DWA
2023-11-30,HALLWF2,-4.181700374996339,Ex-post DWA
2023-12-31,HALLWF2,4.930875907686151,Ex-post DWA
2024-01-31,HALLWF2,-0.936490264458044,Ex-post DWA
2024-02-29,HALLWF2,11.934519894852777,Ex-post DWA
2024-03-31,HALLWF2,-5.584017343042248,Ex-post DWA
2024-04-30,HALLWF2,-5.304721550310802,Ex-post DWA
2024-05-31,HALLWF2,-3.67575590075991,Ex-post DWA
2024-06-30,HALLWF2,-6.136175816079785,Ex-post DWA
2024-07-31,HALLWF2,15.946868327574649,Ex-post DWA
2024-08-31,HALLWF2,3.6271133691708215,Ex-post DWA
2024-09-30,HALLWF2,5.095826696703034,Ex-post DWA
2024-10-31,HALLWF2,8.669016205577975,Ex-post DWA
2024-11-30,HALLWF2,-3.1123481512953717,Ex-post DWA
2024-12-31,HALLWF2,-6.179341251599517,Ex-post DWA
2020-01-31,HDWF1,9.809833191447993,Ex-post DWA
2020-02-29,HDWF1,-10.216761296475106,Ex-post DWA
2020-03-31,HDWF1,-3.737197852635429,Ex-post DWA
2020-04-30,HDWF1,-1.3519572408269553,Ex-post DWA
2020-05-31,HDWF1,0.5976004655913769,Ex-post DWA
2020-06-30,HDWF1,1.6549981780866005,Ex-post DWA
2020-07-31,HDWF1,1.3040460273781918,Ex-post DWA
2020-08-31,HDWF1,-2.03631875245771,Ex-post DWA
2020-09-30,HDWF1,-7.827578499936481,Ex-post DWA
2020-10-31,HDWF1,-6.119075454238629,Ex-post DWA
2020-11-30,HDWF1,-1.8864251194003678,Ex-post DWA
2020-12-31,HDWF1,-7.116625187807848,Ex-post DWA
2021-01-31,HDWF1,-2.097738222851074,Ex-post DWA
2021-02-28,HDWF1,-4.6131413133917185,Ex-post DWA
2021-03-31,HDWF1,-11.50845272581638,Ex-post DWA
2021-04-30,HDWF1,-5.981398078577232,Ex-post DWA
2021-05-31,HDWF1,0.6981287695634038,Ex-post DWA
2021-06-30,HDWF1,-3.2526769198716323,Ex-post DWA
2021-07-31,HDWF1,-0.6089955196943109,Ex-post DWA
2021-08-31,HDWF1,-4.52800022937496,Ex-post DWA
2021-09-30,HDWF1,-9.689961119395262,Ex-post DWA
2021-10-31,HDWF1,-12.933897775419117,Ex-post DWA
2021-11-30,HDWF1,-5.911294786356876,Ex-post DWA
2021-12-31,HDWF1,-3.5485629969375054,Ex-post DWA
2022-01-31,HDWF1,-6.954403368727242,Ex-post DWA
2022-02-28,HDWF1,-2.031095585304783,Ex-post DWA
2022-03-31,HDWF1,-0.6531697317162468,Ex-post DWA
2022-04-30,HDWF1,-7.376630086309859,Ex-post DWA
2022-05-31,HDWF1,17.59235955454261,Ex-post DWA
2022-06-30,HDWF1,0.3453993640477506,Ex-post DWA
2022-07-31,HDWF1,-5.54777503977337,Ex-post DWA
2022-08-31,HDWF1,-2.800159362071142,Ex-post DWA
2022-09-30,HDWF1,-16.961885654212693,Ex-post DWA
2022-10-31,HDWF1,-13.295210340761038,Ex-post DWA
2022-11-30,HDWF1,-29.665912511162855,Ex-post DWA
2022-12-31,HDWF1,-4.789307672875026,Ex-post DWA
2023-01-31,HDWF1,1.0431713851573576,Ex-post DWA
2023-02-28,HDWF1,-8.84466185730939,Ex-post DWA
2023-03-31,HDWF1,-5.078610807978656,Ex-post DWA
2023-04-30,HDWF1,-7.589734819284288,Ex-post DWA
2023-05-31,HDWF1,-8.77963113313622,Ex-post DWA
2023-06-30,HDWF1,-1.9709398167300733,Ex-post DWA
2023-07-31,HDWF1,-1.693354117210788,Ex-post DWA
2023-08-31,HDWF1,-12.941891492641396,Ex-post DWA
2023-09-30,HDWF1,-11.389690088986312,Ex-post DWA
2023-10-31,HDWF1,-10.062019965233773,Ex-post DWA
2023-11-30,HDWF1,-7.786086083540894,Ex-post DWA
2023-12-31,HDWF1,-6.932590904994591,Ex-post DWA
2024-01-31,HDWF1,-8.761798458207185,Ex-post DWA
2024-02-29,HDWF1,-8.601690759247376,Ex-post DWA
2024-03-31,HDWF1,-5.584462011323993,Ex-post DWA
2024-04-30,HDWF1,1.292493401805885,Ex-post DWA
2024-05-31,HDWF1,6.744892843856448,Ex-post DWA
2024-06-30,HDWF1,-3.6074852302271836,Ex-post DWA
2024-07-31,HDWF1,12.349765072802924,Ex-post DWA
2024-08-31,HDWF1,-8.241110307990233,Ex-post DWA
2024-09-30,HDWF1,-10.177283456006407,Ex-post DWA
2024-10-31,HDWF1,-18.90700239888207,Ex-post DWA
2024-11-30,HDWF1,-19.807405840195997,Ex-post DWA
2024-12-31,HDWF1,-20.787884820869245,Ex-post DWA
2020-01-31,HDWF2,8.913503676854774,Ex-post DWA
2020-02-29,HDWF2,-14.446025017010054,Ex-post DWA
2020-03-31,HDWF2,-3.701287460576804,Ex-post DWA
2020-04-30,HDWF2,-1.9606103021502044,Ex-post DWA
2020-05-31,HDWF2,0.0995313453911102,Ex-post DWA
2020-06-30,HDWF2,0.5256077821388558,Ex-post DWA
2020-07-31,HDWF2,-0.42250915179647563,Ex-post DWA
2020-08-31,HDWF2,-3.071232743539987,Ex-post DWA
2020-09-30,HDWF2,-9.81180952950927,Ex-post DWA
2020-10-31,HDWF2,-7.986836025142095,Ex-post DWA
2020-11-30,HDWF2,-2.383588078509174,Ex-post DWA
2020-12-31,HDWF2,-8.580528153404357,Ex-post DWA
2021-01-31,HDWF2,-3.7691334431751287,Ex-post DWA
2021-02-28,HDWF2,-5.409797298615564,Ex-post DWA
2021-03-31,HDWF2,-11.979747713221315,Ex-post DWA
2021-04-30,HDWF2,-5.361490492873816,Ex-post DWA
2021-05-31,HDWF2,0.24119373877505978,Ex-post DWA
2021-06-30,HDWF2,-1.0836643117046236,Ex-post DWA
2021-07-31,HDWF2,-2.6652898969290533,Ex-post DWA
2021-08-31,HDWF2,-7.502894240585963,Ex-post DWA
2021-09-30,HDWF2,-10.04734491623128,Ex-post DWA
2021-10-31,HDWF2,-15.170127045716363,Ex-post DWA
2021-11-30,HDWF2,-8.440068019944537,Ex-post DWA
2021-12-31,HDWF2,-7.459775838775432,Ex-post DWA
2022-01-31,HDWF2,-6.54711556068969,Ex-post DWA
2022-02-28,HDWF2,-3.3462754451870893,Ex-post DWA
2022-03-31,HDWF2,-1.0985598281054294,Ex-post DWA
2022-04-30,HDWF2,-7.918397306255272,Ex-post DWA
2022-05-31,HDWF2,-1.6565814131301124,Ex-post DWA
2022-06-30,HDWF2,-8.636811108694417,Ex-post DWA
2022-07-31,HDWF2,-16.83004474920429,Ex-post DWA
2022-08-31,HDWF2,-2.3007189504639456,Ex-post DWA
2022-09-30,HDWF2,-18.535958453965762,Ex-post DWA
2022-10-31,HDWF2,-15.503982263085248,Ex-post DWA
2022-11-30,HDWF2,-33.312134551998234,Ex-post DWA
2022-12-31,HDWF2,-5.368789724443406,Ex-post DWA
2023-01-31,HDWF2,-1.2420864915546161,Ex-post DWA
2023-02-28,HDWF2,-9.604640719057087,Ex-post DWA
2023-03-31,HDWF2,-6.652143717521476,Ex-post DWA
2023-04-30,HDWF2,-9.347545572573495,Ex-post DWA
2023-05-31,HDWF2,-10.781309643667228,Ex-post DWA
2023-06-30,HDWF2,-3.729599778892279,Ex-post DWA
2023-07-31,HDWF2,-6.306706527977514,Ex-post DWA
2023-08-31,HDWF2,-16.71037330733128,Ex-post DWA
2023-09-30,HDWF2,-15.018414390729696,Ex-post DWA
2023-10-31,HDWF2,-10.924264043522466,Ex-post DWA
2023-11-30,HDWF2,-7.655314026088099,Ex-post DWA
2023-12-31,HDWF2,-8.991117559418576,Ex-post DWA
2024-01-31,HDWF2,-11.06716507633881,Ex-post DWA
2024-02-29,HDWF2,-8.805272608951391,Ex-post DWA
2024-03-31,HDWF2,-6.46328521161481,Ex-post DWA
2024-04-30,HDWF2,-0.5798638097291473,Ex-post DWA
2024-05-31,HDWF2,4.412124564628229,Ex-post DWA
2024-06-30,HDWF2,-4.825733513953978,Ex-post DWA
2024-07-31,HDWF2,8.509327847424615,Ex-post DWA
2024-08-31,HDWF2,-8.954589694290028,Ex-post DWA
2024-09-30,HDWF2,-11.843406516020583,Ex-post DWA
2024-10-31,HDWF2,-19.20404041337845,Ex-post DWA
2024-11-30,HDWF2,-23.591503719332685,Ex-post DWA
2024-12-31,HDWF2,-20.657236440425002,Ex-post DWA
2020-01-31,HDWF3,10.642375201969074,Ex-post DWA
2020-02-29,HDWF3,-13.03778196471816,Ex-post DWA
2020-03-31,HDWF3,-3.796134598717675,Ex-post DWA
2020-04-30,HDWF3,-2.079678121610609,Ex-post DWA
2020-05-31,HDWF3,0.14183297278816198,Ex-post DWA
2020-06-30,HDWF3,0.6943769311506784,Ex-post DWA
2020-07-31,HDWF3,0.15718260980882803,Ex-post DWA
2020-08-31,HDWF3,-2.9699198735989114,Ex-post DWA
2020-09-30,HDWF3,-9.710188525159156,Ex-post DWA
2020-10-31,HDWF3,-8.268130757069487,Ex-post DWA
2020-11-30,HDWF3,-2.8239630453684796,Ex-post DWA
2020-12-31,HDWF3,-8.956208923371246,Ex-post DWA
2021-01-31,HDWF3,-3.6742664039035127,Ex-post DWA
2021-02-28,HDWF3,-5.914332668850006,Ex-post DWA
2021-03-31,HDWF3,-13.71960860366934,Ex-post DWA
2021-04-30,HDWF3,-6.751517931271259,Ex-post DWA
2021-05-31,HDWF3,0.04925149085610059,Ex-post DWA
2021-06-30,HDWF3,0.21454957081239456,Ex-post DWA
2021-07-31,HDWF3,-2.7465191906284616,Ex-post DWA
2021-08-31,HDWF3,-7.0750840457409225,Ex-post DWA
2021-09-30,HDWF3,-10.758788290881313,Ex-post DWA
2021-10-31,HDWF3,-15.585372694538368,Ex-post DWA
2021-11-30,HDWF3,-8.459344065666121,Ex-post DWA
2021-12-31,HDWF3,-5.895173641323385,Ex-post DWA
2022-01-31,HDWF3,-7.120852993293063,Ex-post DWA
2022-02-28,HDWF3,-3.7351011912598295,Ex-post DWA
2022-03-31,HDWF3,-1.5691636520423984,Ex-post DWA
2022-04-30,HDWF3,-8.890748455084875,Ex-post DWA
2022-05-31,HDWF3,-0.7916134987544865,Ex-post DWA
2022-06-30,HDWF3,-5.525447129600536,Ex-post DWA
2022-07-31,HDWF3,-10.66043065667759,Ex-post DWA
2022-08-31,HDWF3,-2.1230599818708953,Ex-post DWA
2022-09-30,HDWF3,-20.13475610197449,Ex-post DWA
2022-10-31,HDWF3,-16.735378696030992,Ex-post DWA
2022-11-30,HDWF3,-31.69252961588367,Ex-post DWA
2022-12-31,HDWF3,-7.800095950011542,Ex-post DWA
2023-01-31,HDWF3,-1.717493496604071,Ex-post DWA
2023-02-28,HDWF3,-10.61605664686035,Ex-post DWA
2023-03-31,HDWF3,-7.49391838642083,Ex-post DWA
2023-04-30,HDWF3,-9.8162988835617,Ex-post DWA
2023-05-31,HDWF3,-11.202955825315371,Ex-post DWA
2023-06-30,HDWF3,-3.6228185437985942,Ex-post DWA
2023-07-31,HDWF3,-4.638742129603326,Ex-post DWA
2023-08-31,HDWF3,-16.946261950196288,Ex-post DWA
2023-09-30,HDWF3,-15.40434639941475,Ex-post DWA
2023-10-31,HDWF3,-11.990071411937393,Ex-post DWA
2023-11-30,HDWF3,-9.14208380521822,Ex-post DWA
2023-12-31,HDWF3,-10.115659390015022,Ex-post DWA
2024-01-31,HDWF3,-11.67640696580478,Ex-post DWA
2024-02-29,HDWF3,-9.21224530708227,Ex-post DWA
2024-03-31,HDWF3,-6.036167349904673,Ex-post DWA
2024-04-30,HDWF3,-1.1147446455126158,Ex-post DWA
2024-05-31,HDWF3,4.217819017590699,Ex-post DWA
2024-06-30,HDWF3,-5.892912264481893,Ex-post DWA
2024-07-31,HDWF3,3.592821140353294,Ex-post DWA
2024-08-31,HDWF3,-10.252334955174597,Ex-post DWA
2024-09-30,HDWF3,-12.505528111452065,Ex-post DWA
2024-10-31,HDWF3,-20.53676651896027,Ex-post DWA
2024-11-30,HDWF3,-24.48258318788698,Ex-post DWA
2024-12-31,HDWF3,-23.054475739518196,Ex-post DWA
2020-01-31,LGAPWF1,22.37820977353128,Ex-post DWA
2020-02-29,LGAPWF1,21.81321143142403,Ex-post DWA
2020-03-31,LGAPWF1,4.74132215195776,Ex-post DWA
2020-04-30,LGAPWF1,4.066038497132784,Ex-post DWA
2020-05-31,LGAPWF1,2.07096559823518,Ex-post DWA
2020-06-30,LGAPWF1,0.6154876797674902,Ex-post DWA
2020-07-31,LGAPWF1,1.3135363564063454,Ex-post DWA
2020-08-31,LGAPWF1,4.406590335241411,Ex-post DWA
2020-09-30,LGAPWF1,12.439777821639698,Ex-post DWA
2020-10-31,LGAPWF1,6.468617598287651,Ex-post DWA
2020-11-30,LGAPWF1,8.192790680227326,Ex-post DWA
2020-12-31,LGAPWF1,16.570463717265778,Ex-post DWA
2021-01-31,LGAPWF1,5.750821944912985,Ex-post DWA
2021-02-28,LGAPWF1,8.436712752463524,Ex-post DWA
2021-03-31,LGAPWF1,12.305846423823109,Ex-post DWA
2021-04-30,LGAPWF1,11.878001629736666,Ex-post DWA
2021-05-31,LGAPWF1,5.2529687623801,Ex-post DWA
2021-06-30,LGAPWF1,-4.064950403755638,Ex-post DWA
2021-07-31,LGAPWF1,14.157481533759302,Ex-post DWA
2021-08-31,LGAPWF1,5.6672800167463215,Ex-post DWA
2021-09-30,LGAPWF1,17.980453069255027,Ex-post DWA
2021-10-31,LGAPWF1,17.2698072166788,Ex-post DWA
2021-11-30,LGAPWF1,16.286956951087188,Ex-post DWA
2021-12-31,LGAPWF1,13.539495854352523,Ex-post DWA
2022-01-31,LGAPWF1,3.435661011064127,Ex-post DWA
2022-02-28,LGAPWF1,9.275068191589178,Ex-post DWA
2022-03-31,LGAPWF1,5.29219304928467,Ex-post DWA
2022-04-30,LGAPWF1,16.80021340648787,Ex-post DWA
2022-05-31,LGAPWF1,0.6478252165192089,Ex-post DWA
2022-06-30,LGAPWF1,17.402511920468413,Ex-post DWA
2022-07-31,LGAPWF1,30.74451376066827,Ex-post DWA
2022-08-31,LGAPWF1,8.41357920726037,Ex-post DWA
2022-09-30,LGAPWF1,31.010838334844593,Ex-post DWA
2022-10-31,LGAPWF1,17.789879153818134,Ex-post DWA
2022-11-30,LGAPWF1,26.995243929374602,Ex-post DWA
2022-12-31,LGAPWF1,4.777310775916952,Ex-post DWA
2023-01-31,LGAPWF1,1.1763967182720307,Ex-post DWA
2023-02-28,LGAPWF1,9.829229996336025,Ex-post DWA
2023-03-31,LGAPWF1,12.514566235730612,Ex-post DWA
2023-04-30,LGAPWF1,10.472897596292789,Ex-post DWA
2023-05-31,LGAPWF1,10.644264258425096,Ex-post DWA
2023-06-30,LGAPWF1,7.974043047254369,Ex-post DWA
2023-07-31,LGAPWF1,5.465015328921595,Ex-post DWA
2023-08-31,LGAPWF1,23.495751631579992,Ex-post DWA
2023-09-30,LGAPWF1,15.577327635560511,Ex-post DWA
2023-10-31,LGAPWF1,13.936033177492542,Ex-post DWA
2023-11-30,LGAPWF1,20.746582421661557,Ex-post DWA
2023-12-31,LGAPWF1,17.4521187864458,Ex-post DWA
2024-01-31,LGAPWF1,13.296749513907244,Ex-post DWA
2024-02-29,LGAPWF1,4.851054676054922,Ex-post DWA
2024-03-31,LGAPWF1,3.8482223846192056,Ex-post DWA
2024-04-30,LGAPWF1,15.152849068570717,Ex-post DWA
2024-05-31,LGAPWF1,5.946654020724395,Ex-post DWA
2024-06-30,LGAPWF1,23.685738662621034,Ex-post DWA
2024-07-31,LGAPWF1,22.68152224603024,Ex-post DWA
2024-08-31,LGAPWF1,9.585144483087205,Ex-post DWA
2024-09-30,LGAPWF1,15.112005656195455,Ex-post DWA
2024-10-31,LGAPWF1,21.74953389279822,Ex-post DWA
2024-11-30,LGAPWF1,23.341252915644,Ex-post DWA
2024-12-31,LGAPWF1,25.388360024769455,Ex-post DWA
2020-01-31,LKBONNY2,-7.5051584686856,Ex-post DWA
2020-02-29,LKBONNY2,-3.766624328106694,Ex-post DWA
2020-03-31,LKBONNY2,5.0218503517335265,Ex-post DWA
2020-04-30,LKBONNY2,-0.15507546775415548,Ex-post DWA
2020-05-31,LKBONNY2,-2.4275301849450734,Ex-post DWA
2020-06-30,LKBONNY2,-2.8490491299465504,Ex-post DWA
2020-07-31,LKBONNY2,-1.558645025210076,Ex-post DWA
2020-08-31,LKBONNY2,2.080608013969872,Ex-post DWA
2020-09-30,LKBONNY2,8.966409084926564,Ex-post DWA
2020-10-31,LKBONNY2,15.533540522916546,Ex-post DWA
2020-11-30,LKBONNY2,3.2192273299758156,Ex-post DWA
2020-12-31,LKBONNY2,10.946471910106744,Ex-post DWA
2021-01-31,LKBONNY2,7.5285195645766265,Ex-post DWA
2021-02-28,LKBONNY2,7.7452874732710235,Ex-post DWA
2021-03-31,LKBONNY2,47.101657678149564,Ex-post DWA
2021-04-30,LKBONNY2,1.9544693146496002,Ex-post DWA
2021-05-31,LKBONNY2,8.506383901486274,Ex-post DWA
2021-06-30,LKBONNY2,-2.762175059535089,Ex-post DWA
2021-07-31,LKBONNY2,4.447722489978581,Ex-post DWA
2021-08-31,LKBONNY2,10.165076427503802,Ex-post DWA
2021-09-30,LKBONNY2,15.78873650650688,Ex-post DWA
2021-10-31,LKBONNY2,12.877906047132976,Ex-post DWA
2021-11-30,LKBONNY2,3.1419048686124036,Ex-post DWA
2021-12-31,LKBONNY2,11.42261824816039,Ex-post DWA
2022-01-31,LKBONNY2,25.115021356944297,Ex-post DWA
2022-02-28,LKBONNY2,1.1158144723376182,Ex-post DWA
2022-03-31,LKBONNY2,3.1967984868797217,Ex-post DWA
2022-04-30,LKBONNY2,1.7650740981243587,Ex-post DWA
2022-05-31,LKBONNY2,6.553932116416831,Ex-post DWA
2022-06-30,LKBONNY2,24.59931593438037,Ex-post DWA
2022-07-31,LKBONNY2,12.673205153964261,Ex-post DWA
2022-08-31,LKBONNY2,-3.101568744306462,Ex-post DWA
2022-09-30,LKBONNY2,14.593008119919872,Ex-post DWA
2022-10-31,LKBONNY2,-2.411190214243362,Ex-post DWA
2022-11-30,LKBONNY2,11.690421059855446,Ex-post DWA
2022-12-31,LKBONNY2,-2.6916629674567787,Ex-post DWA
2023-01-31,LKBONNY2,4.49685519907208,Ex-post DWA
2023-02-28,LKBONNY2,3.345580780554144,Ex-post DWA
2023-03-31,LKBONNY2,-3.8310538945673613,Ex-post DWA
2023-04-30,LKBONNY2,2.1032294882555576,Ex-post DWA
2023-05-31,LKBONNY2,14.342600621606238,Ex-post DWA
2023-06-30,LKBONNY2,3.9925855608393874,Ex-post DWA
2023-07-31,LKBONNY2,6.815204621854974,Ex-post DWA
2023-08-31,LKBONNY2,38.72031350415293,Ex-post DWA
2023-09-30,LKBONNY2,3.6727323924560658,Ex-post DWA
2023-10-31,LKBONNY2,-8.253105500561947,Ex-post DWA
2023-11-30,LKBONNY2,-21.653684267724568,Ex-post DWA
2023-12-31,LKBONNY2,-2.2473274936582612,Ex-post DWA
2024-01-31,LKBONNY2,-1.014335312927848,Ex-post DWA
2024-02-29,LKBONNY2,7.200221242343133,Ex-post DWA
2024-03-31,LKBONNY2,16.6321346150835,Ex-post DWA
2024-04-30,LKBONNY2,-19.739447234895387,Ex-post DWA
2024-05-31,LKBONNY2,-11.447497960369617,Ex-post DWA
2024-06-30,LKBONNY2,-19.105808861858222,Ex-post DWA
2024-07-31,LKBONNY2,-13.332322885921442,Ex-post DWA
2024-08-31,LKBONNY2,23.03734687257524,Ex-post DWA
2024-09-30,LKBONNY2,8.23472274528711,Ex-post DWA
2024-10-31,LKBONNY2,15.427309228721207,Ex-post DWA
2024-11-30,LKBONNY2,19.318169663009037,Ex-post DWA
2024-12-31,LKBONNY2,5.402544599384356,Ex-post DWA
2020-01-31,LKBONNY3,-11.022334753541251,Ex-post DWA
2020-02-29,LKBONNY3,-3.868924730385949,Ex-post DWA
2020-03-31,LKBONNY3,6.026507163858206,Ex-post DWA
2020-04-30,LKBONNY3,0.7726823923631052,Ex-post DWA
2020-05-31,LKBONNY3,-1.9374970506731408,Ex-post DWA
2020-06-30,LKBONNY3,-2.7555029917383784,Ex-post DWA
2020-07-31,LKBONNY3,-1.0751582492910714,Ex-post DWA
2020-08-31,LKBONNY3,3.901760423818253,Ex-post DWA
2020-09-30,LKBONNY3,11.033246953531286,Ex-post DWA
2020-10-31,LKBONNY3,17.297861062367815,Ex-post DWA
2020-11-30,LKBONNY3,5.405470619835285,Ex-post DWA
2020-12-31,LKBONNY3,11.164033763453205,Ex-post DWA
2021-01-31,LKBONNY3,10.899219077103979,Ex-post DWA
2021-02-28,LKBONNY3,9.987641235099307,Ex-post DWA
2021-03-31,LKBONNY3,63.343530871916755,Ex-post DWA
2021-04-30,LKBONNY3,3.542579744677738,Ex-post DWA
2021-05-31,LKBONNY3,14.479601534780073,Ex-post DWA
2021-06-30,LKBONNY3,-3.4057785699411554,Ex-post DWA
2021-07-31,LKBONNY3,3.2806719254389094,Ex-post DWA
2021-08-31,LKBONNY3,12.315678599127747,Ex-post DWA
2021-09-30,LKBONNY3,16.79642995407767,Ex-post DWA
2021-10-31,LKBONNY3,11.684473465134689,Ex-post DWA
2021-11-30,LKBONNY3,1.7679900132573039,Ex-post DWA
2021-12-31,LKBONNY3,10.922782515514797,Ex-post DWA
2022-01-31,LKBONNY3,21.869729633151124,Ex-post DWA
2022-02-28,LKBONNY3,-0.35059251319427887,Ex-post DWA
2022-03-31,LKBONNY3,0.9870240137032198,Ex-post DWA
2022-04-30,LKBONNY3,7.889715043318375,Ex-post DWA
2022-05-31,LKBONNY3,-11.59178999846165,Ex-post DWA
2022-06-30,LKBONNY3,25.33750971264712,Ex-post DWA
2022-07-31,LKBONNY3,21.51787146533661,Ex-post DWA
2022-08-31,LKBONNY3,-0.8975753124742596,Ex-post DWA
2022-09-30,LKBONNY3,43.19192333960238,Ex-post DWA
2022-10-31,LKBONNY3,15.88654553045673,Ex-post DWA
2022-11-30,LKBONNY3,25.818512214900892,Ex-post DWA
2022-12-31,LKBONNY3,7.521693130860605,Ex-post DWA
2023-01-31,LKBONNY3,6.692996455712937,Ex-post DWA
2023-02-28,LKBONNY3,5.842728773012368,Ex-post DWA
2023-03-31,LKBONNY3,4.163847732514384,Ex-post DWA
2023-04-30,LKBONNY3,15.414783954383488,Ex-post DWA
2023-05-31,LKBONNY3,16.681277213547105,Ex-post DWA
2023-06-30,LKBONNY3,15.250417522287123,Ex-post DWA
2023-07-31,LKBONNY3,18.574110744247413,Ex-post DWA
2023-08-31,LKBONNY3,65.399211833081,Ex-post DWA
2023-09-30,LKBONNY3,35.46332936658219,Ex-post DWA
2023-10-31,LKBONNY3,9.324577482014147,Ex-post DWA
2023-11-30,LKBONNY3,-4.875152932999043,Ex-post DWA
2023-12-31,LKBONNY3,18.449099280570906,Ex-post DWA
2024-01-31,LKBONNY3,10.11744064530668,Ex-post DWA
2024-02-29,LKBONNY3,15.134009015246072,Ex-post DWA
2024-03-31,LKBONNY3,15.605590760132387,Ex-post DWA
2024-04-30,LKBONNY3,-9.90925930723958,Ex-post DWA
2024-05-31,LKBONNY3,-4.050820354246511,Ex-post DWA
2024-06-30,LKBONNY3,-9.307244661674702,Ex-post DWA
2024-07-31,LKBONNY3,-3.3269900778157506,Ex-post DWA
2024-08-31,LKBONNY3,43.416085624797944,Ex-post DWA
2024-09-30,LKBONNY3,26.688013233685247,Ex-post DWA
2024-10-31,LKBONNY3,20.694168128506348,Ex-post DWA
2024-11-30,LKBONNY3,21.42722581642513,Ex-post DWA
2024-12-31,LKBONNY3,12.553329750859177,Ex-post DWA
2020-01-31,NBHWF1,5.310437986976183,Ex-post DWA
2020-02-29,NBHWF1,0.9387874212500265,Ex-post DWA
2020-03-31,NBHWF1,-2.672861542771468,Ex-post DWA
2020-04-30,NBHWF1,-0.6017137639189443,Ex-post DWA
2020-05-31,NBHWF1,-0.1915914123382514,Ex-post DWA
2020-06-30,NBHWF1,1.3258403456466397,Ex-post DWA
2020-07-31,NBHWF1,-0.06414170988625045,Ex-post DWA
2020-08-31,NBHWF1,-2.1171045042614125,Ex-post DWA
2020-09-30,NBHWF1,-0.9263891829265951,Ex-post DWA
2020-10-31,NBHWF1,-1.1932945344391506,Ex-post DWA
2020-11-30,NBHWF1,-0.4686777466142473,Ex-post DWA
2020-12-31,NBHWF1,-1.6097518339971852,Ex-post DWA
2021-01-31,NBHWF1,-1.771666777562043,Ex-post DWA
2021-02-28,NBHWF1,-1.5895837346809003,Ex-post DWA
2021-03-31,NBHWF1,-9.062630852621801,Ex-post DWA
2021-04-30,NBHWF1,-2.13789941880718,Ex-post DWA
2021-05-31,NBHWF1,-4.31870063942948,Ex-post DWA
2021-06-30,NBHWF1,0.8941622127699986,Ex-post DWA
2021-07-31,NBHWF1,-1.6632583080729972,Ex-post DWA
2021-08-31,NBHWF1,1.362543237419903,Ex-post DWA
2021-09-30,NBHWF1,7.303273626760291,Ex-post DWA
2021-10-31,NBHWF1,1.254876938922477,Ex-post DWA
2021-11-30,NBHWF1,1.4307063909566224,Ex-post DWA
2021-12-31,NBHWF1,-1.6151520321246764,Ex-post DWA
2022-01-31,NBHWF1,-2.8854902866060925,Ex-post DWA
2022-02-28,NBHWF1,-0.8439309109881137,Ex-post DWA
2022-03-31,NBHWF1,1.545479089556899,Ex-post DWA
2022-04-30,NBHWF1,-1.1170093933554597,Ex-post DWA
2022-05-31,NBHWF1,19.174047933531938,Ex-post DWA
2022-06-30,NBHWF1,-6.2542339177873885,Ex-post DWA
2022-07-31,NBHWF1,-11.080523556874908,Ex-post DWA
2022-08-31,NBHWF1,-1.1280576123012054,Ex-post DWA
2022-09-30,NBHWF1,-4.6273722067372915,Ex-post DWA
2022-10-31,NBHWF1,2.1138553866987593,Ex-post DWA
2022-11-30,NBHWF1,-15.375638565598546,Ex-post DWA
2022-12-31,NBHWF1,7.582330008015141,Ex-post DWA
2023-01-31,NBHWF1,0.39403133910644783,Ex-post DWA
2023-02-28,NBHWF1,0.11942039017624495,Ex-post DWA
2023-03-31,NBHWF1,-3.2005482923651343,Ex-post DWA
2023-04-30,NBHWF1,3.9941312682692356,Ex-post DWA
2023-05-31,NBHWF1,-4.923955594131044,Ex-post DWA
2023-06-30,NBHWF1,-1.0911397693667482,Ex-post DWA
2023-07-31,NBHWF1,0.06572635932649007,Ex-post DWA
2023-08-31,NBHWF1,-5.047392629543886,Ex-post DWA
2023-09-30,NBHWF1,2.0187688792660587,Ex-post DWA
2023-10-31,NBHWF1,8.59261330533032,Ex-post DWA
2023-11-30,NBHWF1,-5.161770622436897,Ex-post DWA
2023-12-31,NBHWF1,9.063960439933531,Ex-post DWA
2024-01-31,NBHWF1,-0.8967518940954662,Ex-post DWA
2024-02-29,NBHWF1,-1.1338450065102492,Ex-post DWA
2024-03-31,NBHWF1,-6.500197588865362,Ex-post DWA
2024-04-30,NBHWF1,0.4959867821417987,Ex-post DWA
2024-05-31,NBHWF1,4.34413303292979,Ex-post DWA
2024-06-30,NBHWF1,-7.631419293829239,Ex-post DWA
2024-07-31,NBHWF1,16.235927754690422,Ex-post DWA
2024-08-31,NBHWF1,5.463837996007996,Ex-post DWA
2024-09-30,NBHWF1,3.9860358262113156,Ex-post DWA
2024-10-31,NBHWF1,5.819995406292996,Ex-post DWA
2024-11-30,NBHWF1,-0.5772541622572191,Ex-post DWA
2024-12-31,NBHWF1,-0.43925660415173695,Ex-post DWA
2020-01-31,SNOWNTH1,-7.462741440026612,Ex-post DWA
2020-02-29,SNOWNTH1,3.2945264344172003,Ex-post DWA
2020-03-31,SNOWNTH1,2.077925799238571,Ex-post DWA
2020-04-30,SNOWNTH1,-0.28262518783413526,Ex-post DWA
2020-05-31,SNOWNTH1,-0.410622574886947,Ex-post DWA
2020-06-30,SNOWNTH1,-1.7451711825573426,Ex-post DWA
2020-07-31,SNOWNTH1,-0.985351199615252,Ex-post DWA
2020-08-31,SNOWNTH1,1.601791280907129,Ex-post DWA
2020-09-30,SNOWNTH1,2.9157145310016137,Ex-post DWA
2020-10-31,SNOWNTH1,1.3912545215489764,Ex-post DWA
2020-11-30,SNOWNTH1,-1.1694974930274533,Ex-post DWA
2020-12-31,SNOWNTH1,-0.6373546911845658,Ex-post DWA
2021-01-31,SNOWNTH1,-2.9682354678882987,Ex-post DWA
2021-02-28,SNOWNTH1,-0.3209079669108128,Ex-post DWA
2021-03-31,SNOWNTH1,-2.908462921794815,Ex-post DWA
2021-04-30,SNOWNTH1,-1.8005559880909807,Ex-post DWA
2021-05-31,SNOWNTH1,-5.140073843392507,Ex-post DWA
2021-06-30,SNOWNTH1,-2.1440639861551745,Ex-post DWA
2021-07-31,SNOWNTH1,-6.629607131407219,Ex-post DWA
2021-08-31,SNOWNTH1,-7.903989686908581,Ex-post DWA
2021-09-30,SNOWNTH1,-14.163482075130705,Ex-post DWA
2021-10-31,SNOWNTH1,-6.262359266240338,Ex-post DWA
2021-11-30,SNOWNTH1,-4.28552103333492,Ex-post DWA
2021-12-31,SNOWNTH1,-6.988252812761811,Ex-post DWA
2022-01-31,SNOWNTH1,-5.314796305617719,Ex-post DWA
2022-02-28,SNOWNTH1,-3.571307742734909,Ex-post DWA
2022-03-31,SNOWNTH1,-8.282253474366719,Ex-post DWA
2022-04-30,SNOWNTH1,-7.3747430687036655,Ex-post DWA
2022-05-31,SNOWNTH1,-33.77326245672032,Ex-post DWA
2022-06-30,SNOWNTH1,-28.34119209091631,Ex-post DWA
2022-07-31,SNOWNTH1,-22.990397341644893,Ex-post DWA
2022-08-31,SNOWNTH1,-9.744352465452252,Ex-post DWA
2022-09-30,SNOWNTH1,-19.84427955078833,Ex-post DWA
2022-10-31,SNOWNTH1,-18.319309079549015,Ex-post DWA
2022-11-30,SNOWNTH1,-17.219320246343653,Ex-post DWA
2022-12-31,SNOWNTH1,-3.8357347538144957,Ex-post DWA
2023-01-31,SNOWNTH1,-9.752732468034118,Ex-post DWA
2023-02-28,SNOWNTH1,-11.188919436188193,Ex-post DWA
2023-03-31,SNOWNTH1,-6.535997002950538,Ex-post DWA
2023-04-30,SNOWNTH1,-13.939636632752567,Ex-post DWA
2023-05-31,SNOWNTH1,-22.42333421236826,Ex-post DWA
2023-06-30,SNOWNTH1,-9.509205018301017,Ex-post DWA
2023-07-31,SNOWNTH1,-12.379434903552497,Ex-post DWA
2023-08-31,SNOWNTH1,-40.2174878681133,Ex-post DWA
2023-09-30,SNOWNTH1,-17.596172814828734,Ex-post DWA
2023-10-31,SNOWNTH1,-10.564795425125554,Ex-post DWA
2023-11-30,SNOWNTH1,-3.3539879926873937,Ex-post DWA
2023-12-31,SNOWNTH1,-10.553644631764552,Ex-post DWA
2024-01-31,SNOWNTH1,-5.026911175740683,Ex-post DWA
2024-02-29,SNOWNTH1,-9.059332703108701,Ex-post DWA
2024-03-31,SNOWNTH1,-3.7087832256554947,Ex-post DWA
2024-04-30,SNOWNTH1,0.6982500556074598,Ex-post DWA
2024-05-31,SNOWNTH1,-22.521018805382738,Ex-post DWA
2024-06-30,SNOWNTH1,-2.955533345394727,Ex-post DWA
2024-07-31,SNOWNTH1,-30.14100783687249,Ex-post DWA
2024-08-31,SNOWNTH1,-19.51842726876309,Ex-post DWA
2024-09-30,SNOWNTH1,-11.136817032763089,Ex-post DWA
2024-10-31,SNOWNTH1,-15.084229629659426,Ex-post DWA
2024-11-30,SNOWNTH1,-19.665420726912018,Ex-post DWA
2024-12-31,SNOWNTH1,-13.34691170859331,Ex-post DWA
2020-01-31,SNOWSTH1,-8.084011521929341,Ex-post DWA
2020-02-29,SNOWSTH1,3.8923521582861227,Ex-post DWA
2020-03-31,SNOWSTH1,2.7432538733666263,Ex-post DWA
2020-04-30,SNOWSTH1,1.3874952396049416,Ex-post DWA
2020-05-31,SNOWSTH1,1.0464098952959269,Ex-post DWA
2020-06-30,SNOWSTH1,-1.1508544530449782,Ex-post DWA
2020-07-31,SNOWSTH1,1.3327396552030493,Ex-post DWA
2020-08-31,SNOWSTH1,5.389426901976329,Ex-post DWA
2020-09-30,SNOWSTH1,8.585089484635414,Ex-post DWA
2020-10-31,SNOWSTH1,5.678385121957703,Ex-post DWA
2020-11-30,SNOWSTH1,0.5166840050410357,Ex-post DWA
2020-12-31,SNOWSTH1,2.1479791857245765,Ex-post DWA
2021-01-31,SNOWSTH1,-0.2413825826718501,Ex-post DWA
2021-02-28,SNOWSTH1,1.2920335751353953,Ex-post DWA
2021-03-31,SNOWSTH1,2.0201683188177064,Ex-post DWA
2021-04-30,SNOWSTH1,0.9511721714598309,Ex-post DWA
2021-05-31,SNOWSTH1,1.7688098806622818,Ex-post DWA
2021-06-30,SNOWSTH1,1.2432768226575917,Ex-post DWA
2021-07-31,SNOWSTH1,-3.7535817465984564,Ex-post DWA
2021-08-31,SNOWSTH1,-4.334127157668849,Ex-post DWA
2021-09-30,SNOWSTH1,-9.291238121876418,Ex-post DWA
2021-10-31,SNOWSTH1,-2.6584925962648747,Ex-post DWA
2021-11-30,SNOWSTH1,-1.3270184069677384,Ex-post DWA
2021-12-31,SNOWSTH1,2.3419549688790227,Ex-post DWA
2022-01-31,SNOWSTH1,-6.763288675117771,Ex-post DWA
2022-02-28,SNOWSTH1,-2.6013550633468867,Ex-post DWA
2022-03-31,SNOWSTH1,-4.905318202983565,Ex-post DWA
2022-04-30,SNOWSTH1,-10.286416049049748,Ex-post DWA
2022-05-31,SNOWSTH1,-17.04979920427118,Ex-post DWA
2022-06-30,SNOWSTH1,-18.1367153885615,Ex-post DWA
2022-07-31,SNOWSTH1,-8.476872711290355,Ex-post DWA
2022-08-31,SNOWSTH1,1.230781098428821,Ex-post DWA
2022-09-30,SNOWSTH1,-10.83961125096964,Ex-post DWA
2022-10-31,SNOWSTH1,-11.834717843132204,Ex-post DWA
2022-11-30,SNOWSTH1,-4.4915466323812865,Ex-post DWA
2022-12-31,SNOWSTH1,-1.5267162949130295,Ex-post DWA
2023-01-31,SNOWSTH1,-5.050387703279441,Ex-post DWA
2023-02-28,SNOWSTH1,-5.941004801076431,Ex-post DWA
2023-03-31,SNOWSTH1,-6.054493324962678,Ex-post DWA
2023-04-30,SNOWSTH1,-9.896819855630284,Ex-post DWA
2023-05-31,SNOWSTH1,-9.821134310073063,Ex-post DWA
2023-06-30,SNOWSTH1,-6.979817633233765,Ex-post DWA
2023-07-31,SNOWSTH1,-9.049163222771835,Ex-post DWA
2023-08-31,SNOWSTH1,-33.675161942721026,Ex-post DWA
2023-09-30,SNOWSTH1,-14.248965184032134,Ex-post DWA
2023-10-31,SNOWSTH1,-7.189629968865445,Ex-post DWA
2023-11-30,SNOWSTH1,0.6456729914714927,Ex-post DWA
2023-12-31,SNOWSTH1,-10.871679216033485,Ex-post DWA
2024-01-31,SNOWSTH1,-4.64172094366268,Ex-post DWA
2024-02-29,SNOWSTH1,-7.438650872447425,Ex-post DWA
2024-03-31,SNOWSTH1,-3.735517767819637,Ex-post DWA
2024-04-30,SNOWSTH1,-4.580385826355183,Ex-post DWA
2024-05-31,SNOWSTH1,-20.070817317412306,Ex-post DWA
2024-06-30,SNOWSTH1,0.46813453232442725,Ex-post DWA
2024-07-31,SNOWSTH1,-22.283821145926353,Ex-post DWA
2024-08-31,SNOWSTH1,-10.351308197995898,Ex-post DWA
2024-09-30,SNOWSTH1,-11.488370400600871,Ex-post DWA
2024-10-31,SNOWSTH1,-12.945505145421457,Ex-post DWA
2024-11-30,SNOWSTH1,-13.858375003374547,Ex-post DWA
2024-12-31,SNOWSTH1,-11.317566031944494,Ex-post DWA
2020-01-31,SNOWTWN1,-4.444978891650706,Ex-post DWA
2020-02-29,SNOWTWN1,14.089337403981041,Ex-post DWA
2020-03-31,SNOWTWN1,5.269388778604359,Ex-post DWA
2020-04-30,SNOWTWN1,1.5206601805187603,Ex-post DWA
2020-05-31,SNOWTWN1,1.806390775882683,Ex-post DWA
2020-06-30,SNOWTWN1,-1.4366072745752163,Ex-post DWA
2020-07-31,SNOWTWN1,0.1468846338416867,Ex-post DWA
2020-08-31,SNOWTWN1,2.776341805190782,Ex-post DWA
2020-09-30,SNOWTWN1,9.392080193053847,Ex-post DWA
2020-10-31,SNOWTWN1,7.018687512622552,Ex-post DWA
2020-11-30,SNOWTWN1,4.30532145458686,Ex-post DWA
2020-12-31,SNOWTWN1,11.984284079189056,Ex-post DWA
2021-01-31,SNOWTWN1,5.943774589421054,Ex-post DWA
2021-02-28,SNOWTWN1,7.263334502423223,Ex-post DWA
2021-03-31,SNOWTWN1,6.586702119999298,Ex-post DWA
2021-04-30,SNOWTWN1,1.3235968615560623,Ex-post DWA
2021-05-31,SNOWTWN1,-0.7930041034565605,Ex-post DWA
2021-06-30,SNOWTWN1,2.031419835597461,Ex-post DWA
2021-07-31,SNOWTWN1,5.160765962116876,Ex-post DWA
2021-08-31,SNOWTWN1,5.794676705811259,Ex-post DWA
2021-09-30,SNOWTWN1,10.373680515382777,Ex-post DWA
2021-10-31,SNOWTWN1,12.810701444190213,Ex-post DWA
2021-11-30,SNOWTWN1,12.65801927472462,Ex-post DWA
2021-12-31,SNOWTWN1,2.975895039486147,Ex-post DWA
2022-01-31,SNOWTWN1,3.2114393192034854,Ex-post DWA
2022-02-28,SNOWTWN1,5.153024426001835,Ex-post DWA
2022-03-31,SNOWTWN1,9.981919604842993,Ex-post DWA
2022-04-30,SNOWTWN1,10.058873792350141,Ex-post DWA
2022-05-31,SNOWTWN1,-1.3736218260454223,Ex-post DWA
2022-06-30,SNOWTWN1,-4.492824663909232,Ex-post DWA
2022-07-31,SNOWTWN1,6.707257918459902,Ex-post DWA
2022-08-31,SNOWTWN1,10.082253935746962,Ex-post DWA
2022-09-30,SNOWTWN1,15.84433399069242,Ex-post DWA
2022-10-31,SNOWTWN1,8.063604513325984,Ex-post DWA
2022-11-30,SNOWTWN1,34.88598318090664,Ex-post DWA
2022-12-31,SNOWTWN1,11.14186981956766,Ex-post DWA
2023-01-31,SNOWTWN1,11.219276664407978,Ex-post DWA
2023-02-28,SNOWTWN1,9.93631164168562,Ex-post DWA
2023-03-31,SNOWTWN1,14.79342378473207,Ex-post DWA
2023-04-30,SNOWTWN1,0.08520998590537943,Ex-post DWA
2023-05-31,SNOWTWN1,-7.223417401858043,Ex-post DWA
2023-06-30,SNOWTWN1,0.36778374421400173,Ex-post DWA
2023-07-31,SNOWTWN1,-4.1952276839693035,Ex-post DWA
2023-08-31,SNOWTWN1,-16.63966961906354,Ex-post DWA
2023-09-30,SNOWTWN1,3.5074732717649937,Ex-post DWA
2023-10-31,SNOWTWN1,12.58575552388748,Ex-post DWA
2023-11-30,SNOWTWN1,13.786945139404608,Ex-post DWA
2023-12-31,SNOWTWN1,12.754106877492205,Ex-post DWA
2024-01-31,SNOWTWN1,7.964239427036944,Ex-post DWA
2024-02-29,SNOWTWN1,4.6417160913681315,Ex-post DWA
2024-03-31,SNOWTWN1,2.1042466289107082,Ex-post DWA
2024-04-30,SNOWTWN1,7.117342845385622,Ex-post DWA
2024-05-31,SNOWTWN1,12.491020805632559,Ex-post DWA
2024-06-30,SNOWTWN1,5.752965410292106,Ex-post DWA
2024-07-31,SNOWTWN1,-15.034228696117879,Ex-post DWA
2024-08-31,SNOWTWN1,3.624306022284003,Ex-post DWA
2024-09-30,SNOWTWN1,5.827656604092331,Ex-post DWA
2024-10-31,SNOWTWN1,19.66326042267692,Ex-post DWA
2024-11-30,SNOWTWN1,23.49188322520022,Ex-post DWA
2024-12-31,SNOWTWN1,25.11708042269497,Ex-post DWA
2020-01-31,WATERLWF,-19.467382327751913,Ex-post DWA
2020-02-29,WATERLWF,-2.969674080017832,Ex-post DWA
2020-03-31,WATERLWF,-0.8026342793465489,Ex-post DWA
2020-04-30,WATERLWF,0.5351350131911801,Ex-post DWA
2020-05-31,WATERLWF,-0.9928555719065102,Ex-post DWA
2020-06-30,WATERLWF,-0.1834373816751338,Ex-post DWA
2020-07-31,WATERLWF,0.8256893553904519,Ex-post DWA
2020-08-31,WATERLWF,-0.8369273780571831,Ex-post DWA
2020-09-30,WATERLWF,-3.476559702109972,Ex-post DWA
2020-10-31,WATERLWF,-6.06838496674893,Ex-post DWA
2020-11-30,WATERLWF,-3.533101896905123,Ex-post DWA
2020-12-31,WATERLWF,-10.185148770831399,Ex-post DWA
2021-01-31,WATERLWF,-2.1617981368334114,Ex-post DWA
2021-02-28,WATERLWF,-3.134697831506312,Ex-post DWA
2021-03-31,WATERLWF,0.556077518242212,Ex-post DWA
2021-04-30,WATERLWF,-2.2403694704419657,Ex-post DWA
2021-05-31,WATERLWF,0.5269365765786347,Ex-post DWA
2021-06-30,WATERLWF,-0.8847937654843037,Ex-post DWA
2021-07-31,WATERLWF,-3.2600998672456925,Ex-post DWA
2021-08-31,WATERLWF,-0.510982514759057,Ex-post DWA
2021-09-30,WATERLWF,-4.946791495779118,Ex-post DWA
2021-10-31,WATERLWF,8.968660529479974,Ex-post DWA
2021-11-30,WATERLWF,-1.9005790766320168,Ex-post DWA
2021-12-31,WATERLWF,-6.180875555895632,Ex-post DWA
2022-01-31,WATERLWF,-1.1663806922771442,Ex-post DWA
2022-02-28,WATERLWF,-4.840806128375469,Ex-post DWA
2022-03-31,WATERLWF,-1.286173429354065,Ex-post DWA
2022-04-30,WATERLWF,-5.943902150423256,Ex-post DWA
2022-05-31,WATERLWF,9.39056195374718,Ex-post DWA
2022-06-30,WATERLWF,-3.7895909112955053,Ex-post DWA
2022-07-31,WATERLWF,-4.821498583507633,Ex-post DWA
2022-08-31,WATERLWF,4.59147252399336,Ex-post DWA
2022-09-30,WATERLWF,-5.6718104461934615,Ex-post DWA
2022-10-31,WATERLWF,0.6546331515260704,Ex-post DWA
2022-11-30,WATERLWF,-7.455330353145108,Ex-post DWA
2022-12-31,WATERLWF,-5.138191304560635,Ex-post DWA
2023-01-31,WATERLWF,-3.7178116348079797,Ex-post DWA
2023-02-28,WATERLWF,-9.271828741580102,Ex-post DWA
2023-03-31,WATERLWF,-11.813772948544873,Ex-post DWA
2023-04-30,WATERLWF,-9.754878928972964,Ex-post DWA
2023-05-31,WATERLWF,-1.768534117497154,Ex-post DWA
2023-06-30,WATERLWF,-5.186956416176258,Ex-post DWA
2023-07-31,WATERLWF,-4.28178491996184,Ex-post DWA
2023-08-31,WATERLWF,0.9934896288946078,Ex-post DWA
2023-09-30,WATERLWF,-9.568641901126846,Ex-post DWA
2023-10-31,WATERLWF,-5.725962991279285,Ex-post DWA
2023-11-30,WATERLWF,-3.890868645752967,Ex-post DWA
2023-12-31,WATERLWF,2.4448214974177915,Ex-post DWA
2024-01-31,WATERLWF,-6.723403062885755,Ex-post DWA
2024-02-29,WATERLWF,-4.2906135385313675,Ex-post DWA
2024-03-31,WATERLWF,-2.211353317170932,Ex-post DWA
2024-04-30,WATERLWF,-13.975185969870438,Ex-post DWA
2024-05-31,WATERLWF,-5.716619690829404,Ex-post DWA
2024-06-30,WATERLWF,-12.123595390466605,Ex-post DWA
2024-07-31,WATERLWF,-8.22737298838453,Ex-post DWA
2024-08-31,WATERLWF,-7.853347014082601,Ex-post DWA
2024-09-30,WATERLWF,-13.280207916058654,Ex-post DWA
2024-10-31,WATERLWF,-18.62032188684999,Ex-post DWA
2024-11-30,WATERLWF,-16.877687862326063,Ex-post DWA
2024-12-31,WATERLWF,-23.017583810857566,Ex-post DWA
2020-01-31,WGWF1,4.267142102722872,Ex-post DWA
2020-02-29,WGWF1,1.4823644328802175,Ex-post DWA
2020-03-31,WGWF1,-3.6148100196582895,Ex-post DWA
2020-04-30,WGWF1,-0.6611082914066095,Ex-post DWA
2020-05-31,WGWF1,-0.4792445720142098,Ex-post DWA
2020-06-30,WGWF1,0.08378595309778802,Ex-post DWA
2020-07-31,WGWF1,-1.1833709082189188,Ex-post DWA
2020-08-31,WGWF1,-3.280568889351194,Ex-post DWA
2020-09-30,WGWF1,-5.422934146811375,Ex-post DWA
2020-10-31,WGWF1,-5.470666279152361,Ex-post DWA
2020-11-30,WGWF1,-3.063741983396497,Ex-post DWA
2020-12-31,WGWF1,-4.5647398044476315,Ex-post DWA
2021-01-31,WGWF1,-3.5830149365559265,Ex-post DWA
2021-02-28,WGWF1,-3.102570223494954,Ex-post DWA
2021-03-31,WGWF1,-0.3985399090227517,Ex-post DWA
2021-04-30,WGWF1,-0.8608537590656908,Ex-post DWA
2021-05-31,WGWF1,-3.6370435605453935,Ex-post DWA
2021-06-30,WGWF1,2.9179738362982306,Ex-post DWA
2021-07-31,WGWF1,-1.8455456873267053,Ex-post DWA
2021-08-31,WGWF1,-0.06166502788479633,Ex-post DWA
2021-09-30,WGWF1,-0.4588015279201585,Ex-post DWA
2021-10-31,WGWF1,-3.0773947981762575,Ex-post DWA
2021-11-30,WGWF1,-5.358745956991498,Ex-post DWA
2021-12-31,WGWF1,-10.830930436852906,Ex-post DWA
2022-01-31,WGWF1,-8.096848362153558,Ex-post DWA
2022-02-28,WGWF1,-4.019816827995847,Ex-post DWA
2022-03-31,WGWF1,-4.05715688445639,Ex-post DWA
2022-04-30,WGWF1,-11.673979130563694,Ex-post DWA
2022-05-31,WGWF1,-8.294154500308537,Ex-post DWA
2022-06-30,WGWF1,-0.6001396883776238,Ex-post DWA
2022-07-31,WGWF1,-0.2693197157552447,Ex-post DWA
2022-08-31,WGWF1,-4.16917350791158,Ex-post DWA
2022-09-30,WGWF1,-14.821793844687107,Ex-post DWA
2022-10-31,WGWF1,-2.87483330040412,Ex-post DWA
2022-11-30,WGWF1,-13.521979810545979,Ex-post DWA
2022-12-31,WGWF1,-5.414346655924842,Ex-post DWA
2023-01-31,WGWF1,-5.275961284861374,Ex-post DWA
2023-02-28,WGWF1,-7.2471975820115375,Ex-post DWA
2023-03-31,WGWF1,-8.452085683733799,Ex-post DWA
2023-04-30,WGWF1,-5.8659147143643295,Ex-post DWA
2023-05-31,WGWF1,-3.5435853714776897,Ex-post DWA
2023-06-30,WGWF1,-0.8080964549405536,Ex-post DWA
2023-07-31,WGWF1,-1.7473138804089814,Ex-post DWA
2023-08-31,WGWF1,-3.8422102152013835,Ex-post DWA
2023-09-30,WGWF1,-10.149530625221857,Ex-post DWA
2023-10-31,WGWF1,-8.051744611233444,Ex-post DWA
2023-11-30,WGWF1,-4.657112203102976,Ex-post DWA
2023-12-31,WGWF1,-15.545932465785015,Ex-post DWA
2024-01-31,WGWF1,-3.7959026507763234,Ex-post DWA
2024-02-29,WGWF1,15.211631931769467,Ex-post DWA
2024-03-31,WGWF1,-4.273257871176575,Ex-post DWA
2024-04-30,WGWF1,-6.7847409203590985,Ex-post DWA
2024-05-31,WGWF1,1.3243749538385288,Ex-post DWA
2024-06-30,WGWF1,-4.467946306954673,Ex-post DWA
2024-07-31,WGWF1,0.2469561559891389,Ex-post DWA
2024-08-31,WGWF1,-12.19771957635836,Ex-post DWA
2024-09-30,WGWF1,-9.93240591367621,Ex-post DWA
2024-10-31,WGWF1,-13.27024896774445,Ex-post DWA
2024-11-30,WGWF1,-16.29889215675179,Ex-post DWA
2024-12-31,WGWF1,-11.67263881103328,Ex-post DWA
2020-01-31,BLUFF1,-30.72123722090356,ToD blocks
2020-02-29,BLUFF1,-28.4337091532976,ToD blocks
2020-03-31,BLUFF1,-18.349686442537756,ToD blocks
2020-04-30,BLUFF1,-14.84777853603801,ToD blocks
2020-05-31,BLUFF1,-10.466105958614232,ToD blocks
2020-06-30,BLUFF1,-16.136888193676086,ToD blocks
2020-07-31,BLUFF1,-16.696081879256255,ToD blocks
2020-08-31,BLUFF1,-15.57729110093031,ToD blocks
2020-09-30,BLUFF1,-15.274508788005608,ToD blocks
2020-10-31,BLUFF1,-25.40890274114897,ToD blocks
2020-11-30,BLUFF1,-13.901176580094685,ToD blocks
2020-12-31,BLUFF1,-21.662600455730747,ToD blocks
2021-01-31,BLUFF1,-13.352414634993366,ToD blocks
2021-02-28,BLUFF1,-12.725834128072623,ToD blocks
2021-03-31,BLUFF1,-70.9497891270203,ToD blocks
2021-04-30,BLUFF1,-25.023926430615962,ToD blocks
2021-05-31,BLUFF1,-36.06708009736166,ToD blocks
2021-06-30,BLUFF1,-17.002856602615765,ToD blocks
2021-07-31,BLUFF1,-36.23576792191948,ToD blocks
2021-08-31,BLUFF1,-21.484086604451043,ToD blocks
2021-09-30,BLUFF1,-12.774444756894457,ToD blocks
2021-10-31,BLUFF1,-2.88294043545476,ToD blocks
2021-11-30,BLUFF1,-28.073834187084948,ToD blocks
2021-12-31,BLUFF1,-44.233833515809835,ToD blocks
2022-01-31,BLUFF1,-50.83166641482269,ToD blocks
2022-02-28,BLUFF1,-11.670153353604952,ToD blocks
2022-03-31,BLUFF1,-30.171188665138544,ToD blocks
2022-04-30,BLUFF1,-45.40015844237756,ToD blocks
2022-05-31,BLUFF1,-89.46365550047113,ToD blocks
2022-06-30,BLUFF1,-77.42584705239938,ToD blocks
2022-07-31,BLUFF1,-147.627778328619,ToD blocks
2022-08-31,BLUFF1,-95.35852947607951,ToD blocks
2022-09-30,BLUFF1,-66.28058148807588,ToD blocks
2022-10-31,BLUFF1,-48.52476652281068,ToD blocks
2022-11-30,BLUFF1,-67.51544807903619,ToD blocks
2022-12-31,BLUFF1,-17.115772146710807,ToD blocks
2023-01-31,BLUFF1,-24.610462592807806,ToD blocks
2023-02-28,BLUFF1,-52.413593750410065,ToD blocks
2023-03-31,BLUFF1,-28.352078952403183,ToD blocks
2023-04-30,BLUFF1,-30.679350587715994,ToD blocks
2023-05-31,BLUFF1,-108.45395407294157,ToD blocks
2023-06-30,BLUFF1,-52.65228224227166,ToD blocks
2023-07-31,BLUFF1,-51.80851724817326,ToD blocks
2023-08-31,BLUFF1,-101.88532735153291,ToD blocks
2023-09-30,BLUFF1,-24.171681417744058,ToD blocks
2023-10-31,BLUFF1,-9.934576774077257,ToD blocks
2023-11-30,BLUFF1,-16.615495665093626,ToD blocks
2023-12-31,BLUFF1,-4.70993198221862,ToD blocks
2024-01-31,BLUFF1,-5.929035426083313,ToD blocks
2024-02-29,BLUFF1,-11.158760661662896,ToD blocks
2024-03-31,BLUFF1,-19.643560856088826,ToD blocks
2024-04-30,BLUFF1,-31.50521470162103,ToD blocks
2024-05-31,BLUFF1,-62.88343569177481,ToD blocks
2024-06-30,BLUFF1,-63.023513750563026,ToD blocks
2024-07-31,BLUFF1,-122.16283376883615,ToD blocks
2024-08-31,BLUFF1,-117.14777007422413,ToD blocks
2024-09-30,BLUFF1,-68.75020496436026,ToD blocks
2024-10-31,BLUFF1,-13.93097042252954,ToD blocks
2024-11-30,BLUFF1,-23.128562395231583,ToD blocks
2024-12-31,BLUFF1,-21.774500202914453,ToD blocks
2020-01-31,CLEMGPWF,-21.22776757293081,ToD blocks
2020-02-29,CLEMGPWF,-33.75543604402606,ToD blocks
2020-03-31,CLEMGPWF,-12.02028069007887,ToD blocks
2020-04-30,CLEMGPWF,-14.60894697951337,ToD blocks
2020-05-31,CLEMGPWF,-9.739318463440423,ToD blocks
2020-06-30,CLEMGPWF,-17.082647393249978,ToD blocks
2020-07-31,CLEMGPWF,-12.777647888749343,ToD blocks
2020-08-31,CLEMGPWF,-15.699332893959745,ToD blocks
2020-09-30,CLEMGPWF,-15.610328691112384,ToD blocks
2020-10-31,CLEMGPWF,-19.89702210835396,ToD blocks
2020-11-30,CLEMGPWF,-9.469239226910034,ToD blocks
2020-12-31,CLEMGPWF,-10.772529055663723,ToD blocks
2021-01-31,CLEMGPWF,-10.522833550174056,ToD blocks
2021-02-28,CLEMGPWF,-7.214900621437707,ToD blocks
2021-03-31,CLEMGPWF,-37.745884278003786,ToD blocks
2021-04-30,CLEMGPWF,-10.109376698262217,ToD blocks
2021-05-31,CLEMGPWF,-36.63997800015993,ToD blocks
2021-06-30,CLEMGPWF,-17.240948739015366,ToD blocks
2021-07-31,CLEMGPWF,-37.73167968097917,ToD blocks
2021-08-31,CLEMGPWF,-18.71799427395266,ToD blocks
2021-09-30,CLEMGPWF,-7.467262823102567,ToD blocks
2021-10-31,CLEMGPWF,-3.471841241659064,ToD blocks
2021-11-30,CLEMGPWF,-17.318452184486915,ToD blocks
2021-12-31,CLEMGPWF,-41.72765342837042,ToD blocks
2022-01-31,CLEMGPWF,-32.213941215138156,ToD blocks
2022-02-28,CLEMGPWF,-8.990671485151843,ToD blocks
2022-03-31,CLEMGPWF,-17.88294539164157,ToD blocks
2022-04-30,CLEMGPWF,-22.575055698909523,ToD blocks
2022-05-31,CLEMGPWF,-78.20572835989663,ToD blocks
2022-06-30,CLEMGPWF,-94.94879894998365,ToD blocks
2022-07-31,CLEMGPWF,-112.66761762747655,ToD blocks
2022-08-31,CLEMGPWF,-74.67117411622822,ToD blocks
2022-09-30,CLEMGPWF,-47.325948599340194,ToD blocks
2022-10-31,CLEMGPWF,-30.190364413490357,ToD blocks
2022-11-30,CLEMGPWF,-40.42893918778658,ToD blocks
2022-12-31,CLEMGPWF,-14.54899120543443,ToD blocks
2023-01-31,CLEMGPWF,-23.050683323858266,ToD blocks
2023-02-28,CLEMGPWF,-52.46659369270485,ToD blocks
2023-03-31,CLEMGPWF,-28.014517724607884,ToD blocks
2023-04-30,CLEMGPWF,-34.77544937656958,ToD blocks
2023-05-31,CLEMGPWF,-116.12398613521789,ToD blocks
2023-06-30,CLEMGPWF,-56.66354792976139,ToD blocks
2023-07-31,CLEMGPWF,-42.33118537213321,ToD blocks
2023-08-31,CLEMGPWF,-120.09765564889156,ToD blocks
2023-09-30,CLEMGPWF,-25.79727934993959,ToD blocks
2023-10-31,CLEMGPWF,-13.585534416829315,ToD blocks
2023-11-30,CLEMGPWF,-8.99978943656135,ToD blocks
2023-12-31,CLEMGPWF,-10.171490191666742,ToD blocks
2024-01-31,CLEMGPWF,-10.075829408930453,ToD blocks
2024-02-29,CLEMGPWF,-34.143065720951284,ToD blocks
2024-03-31,CLEMGPWF,-15.438427296516068,ToD blocks
2024-04-30,CLEMGPWF,-14.500393566783444,ToD blocks
2024-05-31,CLEMGPWF,-25.47922878433873,ToD blocks
2024-06-30,CLEMGPWF,-53.22425198189012,ToD blocks
2024-07-31,CLEMGPWF,-147.45296570455156,ToD blocks
2024-08-31,CLEMGPWF,-112.46572068119164,ToD blocks
2024-09-30,CLEMGPWF,-72.00416830606474,ToD blocks
2024-10-31,CLEMGPWF,-17.730056328236678,ToD blocks
2024-11-30,CLEMGPWF,-19.351290812448404,ToD blocks
2024-12-31,CLEMGPWF,-17.76087485857409,ToD blocks
2020-01-31,HALLWF1,-8.044583676131197,ToD blocks
2020-02-29,HALLWF1,-25.643751673042154,ToD blocks
2020-03-31,HALLWF1,-14.735755681468465,ToD blocks
2020-04-30,HALLWF1,-13.485973106674678,ToD blocks
2020-05-31,HALLWF1,-7.816681248782704,ToD blocks
2020-06-30,HALLWF1,-13.27830608375622,ToD blocks
2020-07-31,HALLWF1,-12.340722382628165,ToD blocks
2020-08-31,HALLWF1,-13.522819975126481,ToD blocks
2020-09-30,HALLWF1,-8.637493316237663,ToD blocks
2020-10-31,HALLWF1,-17.184342882216498,ToD blocks
2020-11-30,HALLWF1,-10.89101144204772,ToD blocks
2020-12-31,HALLWF1,-17.78122435867735,ToD blocks
2021-01-31,HALLWF1,-13.703836648372622,ToD blocks
2021-02-28,HALLWF1,-9.843255188826223,ToD blocks
2021-03-31,HALLWF1,-60.630538237091784,ToD blocks
2021-04-30,HALLWF1,-23.607456490517865,ToD blocks
2021-05-31,HALLWF1,-31.566397195858542,ToD blocks
2021-06-30,HALLWF1,-13.683269351958899,ToD blocks
2021-07-31,HALLWF1,-28.6291566473379,ToD blocks
2021-08-31,HALLWF1,-17.826080267525434,ToD blocks
2021-09-30,HALLWF1,-6.775230591858023,ToD blocks
2021-10-31,HALLWF1,-6.695790672051816,ToD blocks
2021-11-30,HALLWF1,-22.225021866832968,ToD blocks
2021-12-31,HALLWF1,-38.77164963267476,ToD blocks
2022-01-31,HALLWF1,-42.771083638869634,ToD blocks
2022-02-28,HALLWF1,-9.522290650185944,ToD blocks
2022-03-31,HALLWF1,-22.16973505048297,ToD blocks
2022-04-30,HALLWF1,-36.21022139915614,ToD blocks
2022-05-31,HALLWF1,-54.97025112870972,ToD blocks
2022-06-30,HALLWF1,-80.61526755885777,ToD blocks
2022-07-31,HALLWF1,-125.9889186090731,ToD blocks
2022-08-31,HALLWF1,-104.42426480945261,ToD blocks
2022-09-30,HALLWF1,-57.62367359880946,ToD blocks
2022-10-31,HALLWF1,-39.50659888936623,ToD blocks
2022-11-30,HALLWF1,-55.78380565421985,ToD blocks
2022-12-31,HALLWF1,-10.927510839721045,ToD blocks
2023-01-31,HALLWF1,-20.796877677642307,ToD blocks
2023-02-28,HALLWF1,-44.10097227911644,ToD blocks
2023-03-31,HALLWF1,-25.669429134842602,ToD blocks
2023-04-30,HALLWF1,-24.3238890483873,ToD blocks
2023-05-31,HALLWF1,-90.9953682538967,ToD blocks
2023-06-30,HALLWF1,-40.82822313455615,ToD blocks
2023-07-31,HALLWF1,-36.82039681634706,ToD blocks
2023-08-31,HALLWF1,-97.71231094427534,ToD blocks
2023-09-30,HALLWF1,-13.36004807542119,ToD blocks
2023-10-31,HALLWF1,-4.649365625101311,ToD blocks
2023-11-30,HALLWF1,-12.493587963577653,ToD blocks
2023-12-31,HALLWF1,-12.558750091187044,ToD blocks
2024-01-31,HALLWF1,-8.632521918235035,ToD blocks
2024-02-29,HALLWF1,-15.767681048506958,ToD blocks
2024-03-31,HALLWF1,-18.351766979171103,ToD blocks
2024-04-30,HALLWF1,-21.76899522808378,ToD blocks
2024-05-31,HALLWF1,-49.06223454120368,ToD blocks
2024-06-30,HALLWF1,-54.91949695654341,ToD blocks
2024-07-31,HALLWF1,-107.14239737215746,ToD blocks
2024-08-31,HALLWF1,-108.38082651156932,ToD blocks
2024-09-30,HALLWF1,-66.8507337570964,ToD blocks
2024-10-31,HALLWF1,-9.759255241757742,ToD blocks
2024-11-30,HALLWF1,-20.85580357439119,ToD blocks
2024-12-31,HALLWF1,-21.60836390548794,ToD blocks
2020-01-31,HALLWF2,-14.246037513877795,ToD blocks
2020-02-29,HALLWF2,-28.278215222600487,ToD blocks
2020-03-31,HALLWF2,-12.196640174996347,ToD blocks
2020-04-30,HALLWF2,-12.606189885202145,ToD blocks
2020-05-31,HALLWF2,-8.022230407337673,ToD blocks
2020-06-30,HALLWF2,-12.002557831486904,ToD blocks
2020-07-31,HALLWF2,-11.748014993539933,ToD blocks
2020-08-31,HALLWF2,-13.473687607125562,ToD blocks
2020-09-30,HALLWF2,-8.86799343708713,ToD blocks
2020-10-31,HALLWF2,-17.731252643134884,ToD blocks
2020-11-30,HALLWF2,-11.917317737551237,ToD blocks
2020-12-31,HALLWF2,-14.853573550472241,ToD blocks
2021-01-31,HALLWF2,-14.029790562510463,ToD blocks
2021-02-28,HALLWF2,-11.302968403977056,ToD blocks
2021-03-31,HALLWF2,-57.36527518817043,ToD blocks
2021-04-30,HALLWF2,-17.530954538595637,ToD blocks
2021-05-31,HALLWF2,-32.51281620947348,ToD blocks
2021-06-30,HALLWF2,-14.533079264714715,ToD blocks
2021-07-31,HALLWF2,-30.941646169632413,ToD blocks
2021-08-31,HALLWF2,-18.28465600905381,ToD blocks
2021-09-30,HALLWF2,-9.717878616985974,ToD blocks
2021-10-31,HALLWF2,-2.553542199458928,ToD blocks
2021-11-30,HALLWF2,-23.483297450911298,ToD blocks
2021-12-31,HALLWF2,-41.161362784730535,ToD blocks
2022-01-31,HALLWF2,-43.4681537362676,ToD blocks
2022-02-28,HALLWF2,-9.02752236628703,ToD blocks
2022-03-31,HALLWF2,-21.72675087830404,ToD blocks
2022-04-30,HALLWF2,-33.95670614972042,ToD blocks
2022-05-31,HALLWF2,-53.772740478396315,ToD blocks
2022-06-30,HALLWF2,-66.32289770601042,ToD blocks
2022-07-31,HALLWF2,-126.32296094359035,ToD blocks
2022-08-31,HALLWF2,-92.8666542584835,ToD blocks
2022-09-30,HALLWF2,-59.583348961859116,ToD blocks
2022-10-31,HALLWF2,-36.54619172140518,ToD blocks
2022-11-30,HALLWF2,-51.91789055157083,ToD blocks
2022-12-31,HALLWF2,-8.566856012546275,ToD blocks
2023-01-31,HALLWF2,-20.09124609802018,ToD blocks
2023-02-28,HALLWF2,-40.62267507611243,ToD blocks
2023-03-31,HALLWF2,-24.028153005774996,ToD blocks
2023-04-30,HALLWF2,-20.59849171274925,ToD blocks
2023-05-31,HALLWF2,-85.14766780094084,ToD blocks
2023-06-30,HALLWF2,-44.005855206601375,ToD blocks
2023-07-31,HALLWF2,-37.11509783770887,ToD blocks
2023-08-31,HALLWF2,-87.2494552470383,ToD blocks
2023-09-30,HALLWF2,-13.323496053024215,ToD blocks
2023-10-31,HALLWF2,-4.45394074116242,ToD blocks
2023-11-30,HALLWF2,-10.798260226718284,ToD blocks
2023-12-31,HALLWF2,1.3660784433871598,ToD blocks
2024-01-31,HALLWF2,-8.515180685390213,ToD blocks
2024-02-29,HALLWF2,-9.65295601994211,ToD blocks
2024-03-31,HALLWF2,-18.60207022064111,ToD blocks
2024-04-30,HALLWF2,-22.27701240010279,ToD blocks
2024-05-31,HALLWF2,-41.809927841384905,ToD blocks
2024-06-30,HALLWF2,-57.67910709022033,ToD blocks
2024-07-31,HALLWF2,-107.70224009761853,ToD blocks
2024-08-31,HALLWF2,-104.63262481810617,ToD blocks
2024-09-30,HALLWF2,-62.25120829989683,ToD blocks
2024-10-31,HALLWF2,-6.2764033296035535,ToD blocks
2024-11-30,HALLWF2,-19.20661728140199,ToD blocks
2024-12-31,HALLWF2,-19.560397279775067,ToD blocks
2020-01-31,HDWF1,-1.1236455084803225,ToD blocks
2020-02-29,HDWF1,-38.883523054655726,ToD blocks
2020-03-31,HDWF1,-15.923964519350914,ToD blocks
2020-04-30,HDWF1,-14.37753737052411,ToD blocks
2020-05-31,HDWF1,-7.370329627255938,ToD blocks
2020-06-30,HDWF1,-12.758382386346376,ToD blocks
2020-07-31,HDWF1,-10.543646742959254,ToD blocks
2020-08-31,HDWF1,-13.597441305173234,ToD blocks
2020-09-30,HDWF1,-14.069661669163382,ToD blocks
2020-10-31,HDWF1,-20.08298800371519,ToD blocks
2020-11-30,HDWF1,-9.199062421555329,ToD blocks
2020-12-31,HDWF1,-16.739728692186087,ToD blocks
2021-01-31,HDWF1,-12.118331060872077,ToD blocks
2021-02-28,HDWF1,-11.979990543289514,ToD blocks
2021-03-31,HDWF1,-60.54463699979665,ToD blocks
2021-04-30,HDWF1,-25.269579142237642,ToD blocks
2021-05-31,HDWF1,-28.004693487986785,ToD blocks
2021-06-30,HDWF1,-19.595438026073168,ToD blocks
2021-07-31,HDWF1,-30.106628160608835,ToD blocks
2021-08-31,HDWF1,-20.847137972507607,ToD blocks
2021-09-30,HDWF1,-18.829042149061838,ToD blocks
2021-10-31,HDWF1,-16.74172402303432,ToD blocks
2021-11-30,HDWF1,-24.84070439930723,ToD blocks
2021-12-31,HDWF1,-35.219765519823774,ToD blocks
2022-01-31,HDWF1,-44.263620181834014,ToD blocks
2022-02-28,HDWF1,-10.361628917550235,ToD blocks
2022-03-31,HDWF1,-20.566218718317167,ToD blocks
2022-04-30,HDWF1,-38.449089867567324,ToD blocks
2022-05-31,HDWF1,-51.82526006904163,ToD blocks
2022-06-30,HDWF1,-62.626732999144934,ToD blocks
2022-07-31,HDWF1,-126.48677225103975,ToD blocks
2022-08-31,HDWF1,-86.35864211188837,ToD blocks
2022-09-30,HDWF1,-63.922420185452225,ToD blocks
2022-10-31,HDWF1,-42.921867813145276,ToD blocks
2022-11-30,HDWF1,-62.21872381014809,ToD blocks
2022-12-31,HDWF1,-10.991760002718998,ToD blocks
2023-01-31,HDWF1,-13.119613871366688,ToD blocks
2023-02-28,HDWF1,-44.69112210790267,ToD blocks
2023-03-31,HDWF1,-27.413204565075553,ToD blocks
2023-04-30,HDWF1,-33.63091514603398,ToD blocks
2023-05-31,HDWF1,-101.79503206990086,ToD blocks
2023-06-30,HDWF1,-44.80571975197657,ToD blocks
2023-07-31,HDWF1,-38.62809478923768,ToD blocks
2023-08-31,HDWF1,-102.03313837902263,ToD blocks
2023-09-30,HDWF1,-27.24195591822997,ToD blocks
2023-10-31,HDWF1,-16.247357035672565,ToD blocks
2023-11-30,HDWF1,-6.942989097745425,ToD blocks
2023-12-31,HDWF1,-7.075312786171004,ToD blocks
2024-01-31,HDWF1,-15.783114594763791,ToD blocks
2024-02-29,HDWF1,-25.861281229287307,ToD blocks
2024-03-31,HDWF1,-16.574048504865175,ToD blocks
2024-04-30,HDWF1,-15.106087516496615,ToD blocks
2024-05-31,HDWF1,-30.544437708799364,ToD blocks
2024-06-30,HDWF1,-53.58893548684843,ToD blocks
2024-07-31,HDWF1,-101.20188186437309,ToD blocks
2024-08-31,HDWF1,-108.87806171026921,ToD blocks
2024-09-30,HDWF1,-70.56155453352041,ToD blocks
2024-10-31,HDWF1,-27.171253405630686,ToD blocks
2024-11-30,HDWF1,-29.115592489057782,ToD blocks
2024-12-31,HDWF1,-28.425889775833973,ToD blocks
2020-01-31,HDWF2,-3.6930793150213077,ToD blocks
2020-02-29,HDWF2,-42.94956553009284,ToD blocks
2020-03-31,HDWF2,-16.251401417544326,ToD blocks
2020-04-30,HDWF2,-14.890471742652469,ToD blocks
2020-05-31,HDWF2,-7.893579432369933,ToD blocks
2020-06-30,HDWF2,-14.11199061631271,ToD blocks
2020-07-31,HDWF2,-12.242097264247285,ToD blocks
2020-08-31,HDWF2,-14.435624103245836,ToD blocks
2020-09-30,HDWF2,-15.410016019192485,ToD blocks
2020-10-31,HDWF2,-21.948038731630845,ToD blocks
2020-11-30,HDWF2,-9.729540010644332,ToD blocks
2020-12-31,HDWF2,-17.842924233170052,ToD blocks
2021-01-31,HDWF2,-13.595508906605978,ToD blocks
2021-02-28,HDWF2,-12.52446275393344,ToD blocks
2021-03-31,HDWF2,-60.9818593923854,ToD blocks
2021-04-30,HDWF2,-24.379563128947222,ToD blocks
2021-05-31,HDWF2,-29.12079333206421,ToD blocks
2021-06-30,HDWF2,-17.648638082138632,ToD blocks
2021-07-31,HDWF2,-32.03826206437633,ToD blocks
2021-08-31,HDWF2,-23.031086794396998,ToD blocks
2021-09-30,HDWF2,-18.323099287348544,ToD blocks
2021-10-31,HDWF2,-18.722188763322315,ToD blocks
2021-11-30,HDWF2,-27.102266185650073,ToD blocks
2021-12-31,HDWF2,-39.75732945090857,ToD blocks
2022-01-31,HDWF2,-44.85699897086927,ToD blocks
2022-02-28,HDWF2,-11.233276647478753,ToD blocks
2022-03-31,HDWF2,-21.27250866760609,ToD blocks
2022-04-30,HDWF2,-38.30240535026162,ToD blocks
2022-05-31,HDWF2,-69.19562512604526,ToD blocks
2022-06-30,HDWF2,-71.43169821523404,ToD blocks
2022-07-31,HDWF2,-135.75325275020876,ToD blocks
2022-08-31,HDWF2,-83.97174191698514,ToD blocks
2022-09-30,HDWF2,-63.428887267747626,ToD blocks
2022-10-31,HDWF2,-44.14676019857524,ToD blocks
2022-11-30,HDWF2,-64.60672499368341,ToD blocks
2022-12-31,HDWF2,-10.761656817373574,ToD blocks
2023-01-31,HDWF2,-15.040271897086505,ToD blocks
2023-02-28,HDWF2,-46.83051583848946,ToD blocks
2023-03-31,HDWF2,-28.37849332427856,ToD blocks
2023-04-30,HDWF2,-34.573476620366996,ToD blocks
2023-05-31,HDWF2,-101.95456049303482,ToD blocks
2023-06-30,HDWF2,-46.521323390773794,ToD blocks
2023-07-31,HDWF2,-42.75128760915905,ToD blocks
2023-08-31,HDWF2,-104.49836357472331,ToD blocks
2023-09-30,HDWF2,-29.362616591080613,ToD blocks
2023-10-31,HDWF2,-16.643798292941,ToD blocks
2023-11-30,HDWF2,-6.312582808922059,ToD blocks
2023-12-31,HDWF2,-8.57592506548363,ToD blocks
2024-01-31,HDWF2,-17.265367019651123,ToD blocks
2024-02-29,HDWF2,-26.8914621263893,ToD blocks
2024-03-31,HDWF2,-17.763897966572593,ToD blocks
2024-04-30,HDWF2,-15.758809445352824,ToD blocks
2024-05-31,HDWF2,-32.162898870332725,ToD blocks
2024-06-30,HDWF2,-55.32100612190638,ToD blocks
2024-07-31,HDWF2,-103.92427577484705,ToD blocks
2024-08-31,HDWF2,-107.68065666249018,ToD blocks
2024-09-30,HDWF2,-71.26381837301406,ToD blocks
2024-10-31,HDWF2,-26.852841012615265,ToD blocks
2024-11-30,HDWF2,-31.889640563335064,ToD blocks
2024-12-31,HDWF2,-27.361644830687432,ToD blocks
2020-01-31,HDWF3,-2.841296946102574,ToD blocks
2020-02-29,HDWF3,-41.28417046079224,ToD blocks
2020-03-31,HDWF3,-16.54486287674622,ToD blocks
2020-04-30,HDWF3,-15.06403911574306,ToD blocks
2020-05-31,HDWF3,-7.88489137671656,ToD blocks
2020-06-30,HDWF3,-13.987049645809144,ToD blocks
2020-07-31,HDWF3,-11.695171129029113,ToD blocks
2020-08-31,HDWF3,-14.371141846886658,ToD blocks
2020-09-30,HDWF3,-15.332167039913255,ToD blocks
2020-10-31,HDWF3,-22.129926818749688,ToD blocks
2020-11-30,HDWF3,-10.107741705540377,ToD blocks
2020-12-31,HDWF3,-17.978018878366957,ToD blocks
2021-01-31,HDWF3,-13.391651332262295,ToD blocks
2021-02-28,HDWF3,-12.810995555278376,ToD blocks
2021-03-31,HDWF3,-62.67190979953091,ToD blocks
2021-04-30,HDWF3,-25.870220174291205,ToD blocks
2021-05-31,HDWF3,-29.499264333561783,ToD blocks
2021-06-30,HDWF3,-16.40132317850002,ToD blocks
2021-07-31,HDWF3,-32.20621856954788,ToD blocks
2021-08-31,HDWF3,-22.656191053027374,ToD blocks
2021-09-30,HDWF3,-19.07957080682725,ToD blocks
2021-10-31,HDWF3,-18.88458121112083,ToD blocks
2021-11-30,HDWF3,-26.8896872376663,ToD blocks
2021-12-31,HDWF3,-38.3371370740668,ToD blocks
2022-01-31,HDWF3,-46.02234226063192,ToD blocks
2022-02-28,HDWF3,-11.347199288253869,ToD blocks
2022-03-31,HDWF3,-21.740096425915567,ToD blocks
2022-04-30,HDWF3,-39.479959976026535,ToD blocks
2022-05-31,HDWF3,-68.75012212632083,ToD blocks
2022-06-30,HDWF3,-68.67233191168853,ToD blocks
2022-07-31,HDWF3,-129.69142876084476,ToD blocks
2022-08-31,HDWF3,-83.78721762274819,ToD blocks
2022-09-30,HDWF3,-65.0438688960203,ToD blocks
2022-10-31,HDWF3,-44.59951665733227,ToD blocks
2022-11-30,HDWF3,-62.24970859270962,ToD blocks
2022-12-31,HDWF3,-12.69344582213527,ToD blocks
2023-01-31,HDWF3,-15.392310914982119,ToD blocks
2023-02-28,HDWF3,-48.45013124805377,ToD blocks
2023-03-31,HDWF3,-28.664712924894886,ToD blocks
2023-04-30,HDWF3,-35.287393659261674,ToD blocks
2023-05-31,HDWF3,-102.6267106763632,ToD blocks
2023-06-30,HDWF3,-46.49799811737837,ToD blocks
2023-07-31,HDWF3,-41.18751492533312,ToD blocks
2023-08-31,HDWF3,-105.12372765429951,ToD blocks
2023-09-30,HDWF3,-29.806927369788063,ToD blocks
2023-10-31,HDWF3,-17.333764567063106,ToD blocks
2023-11-30,HDWF3,-7.35705048670205,ToD blocks
2023-12-31,HDWF3,-9.37990149286571,ToD blocks
2024-01-31,HDWF3,-17.428864247937653,ToD blocks
2024-02-29,HDWF3,-27.661174456416965,ToD blocks
2024-03-31,HDWF3,-17.404536278089324,ToD blocks
2024-04-30,HDWF3,-16.51067705586489,ToD blocks
2024-05-31,HDWF3,-32.53031343266049,ToD blocks
2024-06-30,HDWF3,-56.47573611935468,ToD blocks
2024-07-31,HDWF3,-109.372016080486,ToD blocks
2024-08-31,HDWF3,-109.15278729210902,ToD blocks
2024-09-30,HDWF3,-72.27254436312182,ToD blocks
2024-10-31,HDWF3,-27.673334975387675,ToD blocks
2024-11-30,HDWF3,-32.13695635068974,ToD blocks
2024-12-31,HDWF3,-29.24568809747123,ToD blocks
2020-01-31,LGAPWF1,3.8227221168073413,ToD blocks
2020-02-29,LGAPWF1,-8.209555120574635,ToD blocks
2020-03-31,LGAPWF1,-7.600599527795161,ToD blocks
2020-04-30,LGAPWF1,-10.431961850719578,ToD blocks
2020-05-31,LGAPWF1,-6.963507623921565,ToD blocks
2020-06-30,LGAPWF1,-15.613136987271297,ToD blocks
2020-07-31,LGAPWF1,-11.791794013137967,ToD blocks
2020-08-31,LGAPWF1,-9.343284211157027,ToD blocks
2020-09-30,LGAPWF1,2.5175371248653065,ToD blocks
2020-10-31,LGAPWF1,-10.956086114484222,ToD blocks
2020-11-30,LGAPWF1,-3.390996896128236,ToD blocks
2020-12-31,LGAPWF1,2.332384716939629,ToD blocks
2021-01-31,LGAPWF1,-7.766897250717747,ToD blocks
2021-02-28,LGAPWF1,-1.642554476339221,ToD blocks
2021-03-31,LGAPWF1,-47.6711714153144,ToD blocks
2021-04-30,LGAPWF1,-9.846524097954614,ToD blocks
2021-05-31,LGAPWF1,-30.76520469533314,ToD blocks
2021-06-30,LGAPWF1,-22.379612613896164,ToD blocks
2021-07-31,LGAPWF1,-18.916845315427366,ToD blocks
2021-08-31,LGAPWF1,-15.97133975846566,ToD blocks
2021-09-30,LGAPWF1,3.3196167927091054,ToD blocks
2021-10-31,LGAPWF1,5.1345438301502355,ToD blocks
2021-11-30,LGAPWF1,-8.69175943289354,ToD blocks
2021-12-31,LGAPWF1,-29.65375776935118,ToD blocks
2022-01-31,LGAPWF1,-39.01377530814975,ToD blocks
2022-02-28,LGAPWF1,-2.7106867086666,ToD blocks
2022-03-31,LGAPWF1,-19.33403730727106,ToD blocks
2022-04-30,LGAPWF1,-19.099566516312223,ToD blocks
2022-05-31,LGAPWF1,-75.95303054738633,ToD blocks
2022-06-30,LGAPWF1,-55.949610828992945,ToD blocks
2022-07-31,LGAPWF1,-101.09988771014719,ToD blocks
2022-08-31,LGAPWF1,-80.67321748563283,ToD blocks
2022-09-30,LGAPWF1,-25.335255608824696,ToD blocks
2022-10-31,LGAPWF1,-26.23376504275302,ToD blocks
2022-11-30,LGAPWF1,-18.0497137277561,ToD blocks
2022-12-31,LGAPWF1,-13.459333365221362,ToD blocks
2023-01-31,LGAPWF1,-19.265906289378407,ToD blocks
2023-02-28,LGAPWF1,-42.54519967109384,ToD blocks
2023-03-31,LGAPWF1,-14.834433209927369,ToD blocks
2023-04-30,LGAPWF1,-21.367200370307557,ToD blocks
2023-05-31,LGAPWF1,-84.76377481803722,ToD blocks
2023-06-30,LGAPWF1,-37.02363565857862,ToD blocks
2023-07-31,LGAPWF1,-37.33930741924729,ToD blocks
2023-08-31,LGAPWF1,-85.22232190244559,ToD blocks
2023-09-30,LGAPWF1,-9.32318532314408,ToD blocks
2023-10-31,LGAPWF1,-1.8446731683691162,ToD blocks
2023-11-30,LGAPWF1,7.993122847429781,ToD blocks
2023-12-31,LGAPWF1,10.847863937114631,ToD blocks
2024-01-31,LGAPWF1,0.9598605947309622,ToD blocks
2024-02-29,LGAPWF1,-27.948075956619334,ToD blocks
2024-03-31,LGAPWF1,-15.14578166173844,ToD blocks
2024-04-30,LGAPWF1,-5.131187860020233,ToD blocks
2024-05-31,LGAPWF1,-34.910379732155846,ToD blocks
2024-06-30,LGAPWF1,-30.033942016316928,ToD blocks
2024-07-31,LGAPWF1,-115.122239243373,ToD blocks
2024-08-31,LGAPWF1,-104.18372644636662,ToD blocks
2024-09-30,LGAPWF1,-62.83682450076465,ToD blocks
2024-10-31,LGAPWF1,2.3819422446504035,ToD blocks
2024-11-30,LGAPWF1,2.189092809291566,ToD blocks
2024-12-31,LGAPWF1,6.402337317064223,ToD blocks
2020-01-31,LKBONNY2,-27.91930271975503,ToD blocks
2020-02-29,LKBONNY2,-30.790559896921835,ToD blocks
2020-03-31,LKBONNY2,-9.075105257824411,ToD blocks
2020-04-30,LKBONNY2,-13.545941257741465,ToD blocks
2020-05-31,LKBONNY2,-10.904225094652034,ToD blocks
2020-06-30,LKBONNY2,-18.48409341915574,ToD blocks
2020-07-31,LKBONNY2,-14.305776068407425,ToD blocks
2020-08-31,LKBONNY2,-10.792239629488932,ToD blocks
2020-09-30,LKBONNY2,1.0299777164452202,ToD blocks
2020-10-31,LKBONNY2,0.2225637616482814,ToD blocks
2020-11-30,LKBONNY2,-5.915655058332135,ToD blocks
2020-12-31,LKBONNY2,0.22677656524820833,ToD blocks
2021-01-31,LKBONNY2,-1.9218880907197757,ToD blocks
2021-02-28,LKBONNY2,1.7995521626905742,ToD blocks
2021-03-31,LKBONNY2,-3.004788034796846,ToD blocks
2021-04-30,LKBONNY2,-17.83580483464437,ToD blocks
2021-05-31,LKBONNY2,-24.209950079738512,ToD blocks
2021-06-30,LKBONNY2,-20.480767186414006,ToD blocks
2021-07-31,LKBONNY2,-27.529188150715754,ToD blocks
2021-08-31,LKBONNY2,-8.839902637614209,ToD blocks
2021-09-30,LKBONNY2,3.9574929667179646,ToD blocks
2021-10-31,LKBONNY2,6.207283406017126,ToD blocks
2021-11-30,LKBONNY2,-17.665703255844633,ToD blocks
2021-12-31,LKBONNY2,-26.482171439323658,ToD blocks
2022-01-31,LKBONNY2,-18.32785982132438,ToD blocks
2022-02-28,LKBONNY2,-5.19706639440232,ToD blocks
2022-03-31,LKBONNY2,-17.846508566445266,ToD blocks
2022-04-30,LKBONNY2,-29.711051572346605,ToD blocks
2022-05-31,LKBONNY2,-64.49244329549128,ToD blocks
2022-06-30,LKBONNY2,-42.162411939699325,ToD blocks
2022-07-31,LKBONNY2,-113.3952424244128,ToD blocks
2022-08-31,LKBONNY2,-88.09501861016714,ToD blocks
2022-09-30,LKBONNY2,-36.03570409651954,ToD blocks
2022-10-31,LKBONNY2,-35.6097576062828,ToD blocks
2022-11-30,LKBONNY2,-23.276845080953706,ToD blocks
2022-12-31,LKBONNY2,-12.167288839207252,ToD blocks
2023-01-31,LKBONNY2,-9.027894093035883,ToD blocks
2023-02-28,LKBONNY2,-40.98977662716864,ToD blocks
2023-03-31,LKBONNY2,-22.366689896335544,ToD blocks
2023-04-30,LKBONNY2,-24.42092210864098,ToD blocks
2023-05-31,LKBONNY2,-77.94212524574867,ToD blocks
2023-06-30,LKBONNY2,-40.13086629455592,ToD blocks
2023-07-31,LKBONNY2,-33.70314653845607,ToD blocks
2023-08-31,LKBONNY2,-62.902961128352686,ToD blocks
2023-09-30,LKBONNY2,-16.41590535131099,ToD blocks
2023-10-31,LKBONNY2,-17.34363543262315,ToD blocks
2023-11-30,LKBONNY2,-25.31578862746616,ToD blocks
2023-12-31,LKBONNY2,-3.8792306708757636,ToD blocks
2024-01-31,LKBONNY2,-4.472140037023834,ToD blocks
2024-02-29,LKBONNY2,-15.871726784405986,ToD blocks
2024-03-31,LKBONNY2,3.571326913285759,ToD blocks
2024-04-30,LKBONNY2,-35.30121565956632,ToD blocks
2024-05-31,LKBONNY2,-48.96478170815435,ToD blocks
2024-06-30,LKBONNY2,-71.76537108352102,ToD blocks
2024-07-31,LKBONNY2,-143.11663537439142,ToD blocks
2024-08-31,LKBONNY2,-84.51608719958395,ToD blocks
2024-09-30,LKBONNY2,-63.54527595020852,ToD blocks
2024-10-31,LKBONNY2,4.047518641389772,ToD blocks
2024-11-30,LKBONNY2,7.362334717958333,ToD blocks
2024-12-31,LKBONNY2,-5.0051307980378255,ToD blocks
2020-01-31,LKBONNY3,-30.00130855519307,ToD blocks
2020-02-29,LKBONNY3,-31.204084979400974,ToD blocks
2020-03-31,LKBONNY3,-7.668985274653288,ToD blocks
2020-04-30,LKBONNY3,-12.909119761778495,ToD blocks
2020-05-31,LKBONNY3,-10.579069468118682,ToD blocks
2020-06-30,LKBONNY3,-18.62210617091925,ToD blocks
2020-07-31,LKBONNY3,-14.126388417826632,ToD blocks
2020-08-31,LKBONNY3,-9.603191482982808,ToD blocks
2020-09-30,LKBONNY3,1.858216625614073,ToD blocks
2020-10-31,LKBONNY3,1.1669974540513053,ToD blocks
2020-11-30,LKBONNY3,-4.640105581641407,ToD blocks
2020-12-31,LKBONNY3,-1.1909243644802388,ToD blocks
2021-01-31,LKBONNY3,1.024656831126343,ToD blocks
2021-02-28,LKBONNY3,3.5760332986699375,ToD blocks
2021-03-31,LKBONNY3,12.551743602122187,ToD blocks
2021-04-30,LKBONNY3,-16.718976705295518,ToD blocks
2021-05-31,LKBONNY3,-19.384593684352545,ToD blocks
2021-06-30,LKBONNY3,-21.35039844769559,ToD blocks
2021-07-31,LKBONNY3,-29.59537692275358,ToD blocks
2021-08-31,LKBONNY3,-8.387290602665352,ToD blocks
2021-09-30,LKBONNY3,3.135647771537613,ToD blocks
2021-10-31,LKBONNY3,2.7196481423149734,ToD blocks
2021-11-30,LKBONNY3,-20.851453683333528,ToD blocks
2021-12-31,LKBONNY3,-28.486484573816362,ToD blocks
2022-01-31,LKBONNY3,-20.72964616042806,ToD blocks
2022-02-28,LKBONNY3,-7.386947794492158,ToD blocks
2022-03-31,LKBONNY3,-20.077757163432672,ToD blocks
2022-04-30,LKBONNY3,-24.66197438946108,ToD blocks
2022-05-31,LKBONNY3,-83.53622108424378,ToD blocks
2022-06-30,LKBONNY3,-43.25825800888606,ToD blocks
2022-07-31,LKBONNY3,-107.82129020545091,ToD blocks
2022-08-31,LKBONNY3,-87.63419192131936,ToD blocks
2022-09-30,LKBONNY3,-10.766937128466282,ToD blocks
2022-10-31,LKBONNY3,-22.26415162028053,ToD blocks
2022-11-30,LKBONNY3,-14.003765772231212,ToD blocks
2022-12-31,LKBONNY3,-5.9379998348766705,ToD blocks
2023-01-31,LKBONNY3,-7.588259926966643,ToD blocks
2023-02-28,LKBONNY3,-37.93939807643177,ToD blocks
2023-03-31,LKBONNY3,-15.414806803921252,ToD blocks
2023-04-30,LKBONNY3,-12.406867627772328,ToD blocks
2023-05-31,LKBONNY3,-75.84737197719589,ToD blocks
2023-06-30,LKBONNY3,-29.080401087421272,ToD blocks
2023-07-31,LKBONNY3,-23.61047996855769,ToD blocks
2023-08-31,LKBONNY3,-41.60569543633994,ToD blocks
2023-09-30,LKBONNY3,12.287571108643675,ToD blocks
2023-10-31,LKBONNY3,-2.699289932536683,ToD blocks
2023-11-30,LKBONNY3,-12.411876941132874,ToD blocks
2023-12-31,LKBONNY3,14.477120647793598,ToD blocks
2024-01-31,LKBONNY3,5.420910248415304,ToD blocks
2024-02-29,LKBONNY3,-7.935516632250113,ToD blocks
2024-03-31,LKBONNY3,2.4003553872765195,ToD blocks
2024-04-30,LKBONNY3,-26.467141649440535,ToD blocks
2024-05-31,LKBONNY3,-42.30372528381264,ToD blocks
2024-06-30,LKBONNY3,-62.408822944601624,ToD blocks
2024-07-31,LKBONNY3,-139.57613623488587,ToD blocks
2024-08-31,LKBONNY3,-67.95312882795757,ToD blocks
2024-09-30,LKBONNY3,-50.03711808849026,ToD blocks
2024-10-31,LKBONNY3,5.754091414714246,ToD blocks
2024-11-30,LKBONNY3,5.145899855819877,ToD blocks
2024-12-31,LKBONNY3,-1.8609205987744275,ToD blocks
2020-01-31,NBHWF1,-6.7142560785424905,ToD blocks
2020-02-29,NBHWF1,-28.599359635509877,ToD blocks
2020-03-31,NBHWF1,-14.659791495170925,ToD blocks
2020-04-30,NBHWF1,-13.959780789184123,ToD blocks
2020-05-31,NBHWF1,-8.389858890396368,ToD blocks
2020-06-30,NBHWF1,-13.443837027822902,ToD blocks
2020-07-31,NBHWF1,-12.435091583217456,ToD blocks
2020-08-31,NBHWF1,-14.83775197960243,ToD blocks
2020-09-30,NBHWF1,-9.708896922860806,ToD blocks
2020-10-31,NBHWF1,-17.76517116774502,ToD blocks
2020-11-30,NBHWF1,-10.295310672914702,ToD blocks
2020-12-31,NBHWF1,-14.803300815765654,ToD blocks
2021-01-31,NBHWF1,-12.903590256265364,ToD blocks
2021-02-28,NBHWF1,-10.064675445122404,ToD blocks
2021-03-31,NBHWF1,-61.24302993842092,ToD blocks
2021-04-30,NBHWF1,-22.01439493431768,ToD blocks
2021-05-31,NBHWF1,-34.446065879787504,ToD blocks
2021-06-30,NBHWF1,-15.85237934705043,ToD blocks
2021-07-31,NBHWF1,-32.71954943070177,ToD blocks
2021-08-31,NBHWF1,-18.385960466319247,ToD blocks
2021-09-30,NBHWF1,-5.409986757549316,ToD blocks
2021-10-31,NBHWF1,-8.024575129222992,ToD blocks
2021-11-30,NBHWF1,-21.825770124363427,ToD blocks
2021-12-31,NBHWF1,-37.82139856810717,ToD blocks
2022-01-31,NBHWF1,-40.856150251220704,ToD blocks
2022-02-28,NBHWF1,-10.564452055716714,ToD blocks
2022-03-31,NBHWF1,-19.840100460173602,ToD blocks
2022-04-30,NBHWF1,-33.34518201872655,ToD blocks
2022-05-31,NBHWF1,-52.505315674473025,ToD blocks
2022-06-30,NBHWF1,-71.50520768606731,ToD blocks
2022-07-31,NBHWF1,-140.44726734004755,ToD blocks
2022-08-31,NBHWF1,-91.19877617061145,ToD blocks
2022-09-30,NBHWF1,-58.971985366397206,ToD blocks
2022-10-31,NBHWF1,-39.6114341647628,ToD blocks
2022-11-30,NBHWF1,-57.67925619136929,ToD blocks
2022-12-31,NBHWF1,-6.655794130216954,ToD blocks
2023-01-31,NBHWF1,-15.589583561873681,ToD blocks
2023-02-28,NBHWF1,-39.7454066072615,ToD blocks
2023-03-31,NBHWF1,-27.850293073518962,ToD blocks
2023-04-30,NBHWF1,-23.4295952966758,ToD blocks
2023-05-31,NBHWF1,-99.08622784597233,ToD blocks
2023-06-30,NBHWF1,-44.4726125654116,ToD blocks
2023-07-31,NBHWF1,-39.919823144004425,ToD blocks
2023-08-31,NBHWF1,-103.70866763228113,ToD blocks
2023-09-30,NBHWF1,-19.81096442836362,ToD blocks
2023-10-31,NBHWF1,-4.402233683689246,ToD blocks
2023-11-30,NBHWF1,-13.338998787253274,ToD blocks
2023-12-31,NBHWF1,4.362505545318818,ToD blocks
2024-01-31,NBHWF1,-9.941046227328322,ToD blocks
2024-02-29,NBHWF1,-22.376341525082438,ToD blocks
2024-03-31,NBHWF1,-19.74708997339131,ToD blocks
2024-04-30,NBHWF1,-16.98381088067059,ToD blocks
2024-05-31,NBHWF1,-33.8858252217547,ToD blocks
2024-06-30,NBHWF1,-58.34465947585355,ToD blocks
2024-07-31,NBHWF1,-108.07371980558236,ToD blocks
2024-08-31,NBHWF1,-104.09386381663634,ToD blocks
2024-09-30,NBHWF1,-64.2134933760376,ToD blocks
2024-10-31,NBHWF1,-11.106117305724105,ToD blocks
2024-11-30,NBHWF1,-19.08198576882625,ToD blocks
2024-12-31,NBHWF1,-15.567849409984731,ToD blocks
2020-01-31,SNOWNTH1,-30.072077367477412,ToD blocks
2020-02-29,SNOWNTH1,-24.924414204138742,ToD blocks
2020-03-31,SNOWNTH1,-11.580963666427188,ToD blocks
2020-04-30,SNOWNTH1,-13.554165897720097,ToD blocks
2020-05-31,SNOWNTH1,-8.78392547926169,ToD blocks
2020-06-30,SNOWNTH1,-17.26462979897297,ToD blocks
2020-07-31,SNOWNTH1,-13.146308752481502,ToD blocks
2020-08-31,SNOWNTH1,-10.213293636367098,ToD blocks
2020-09-30,SNOWNTH1,-3.1490486350970137,ToD blocks
2020-10-31,SNOWNTH1,-13.748029973192377,ToD blocks
2020-11-30,SNOWNTH1,-10.442224507851169,ToD blocks
2020-12-31,SNOWNTH1,-10.909091797188697,ToD blocks
2021-01-31,SNOWNTH1,-14.822640892547916,ToD blocks
2021-02-28,SNOWNTH1,-8.342579041244537,ToD blocks
2021-03-31,SNOWNTH1,-59.714063446778255,ToD blocks
2021-04-30,SNOWNTH1,-21.259920047327444,ToD blocks
2021-05-31,SNOWNTH1,-37.66376281670729,ToD blocks
2021-06-30,SNOWNTH1,-19.655310542706474,ToD blocks
2021-07-31,SNOWNTH1,-36.92908703125295,ToD blocks
2021-08-31,SNOWNTH1,-24.240690218456333,ToD blocks
2021-09-30,SNOWNTH1,-23.22626597203224,ToD blocks
2021-10-31,SNOWNTH1,-12.775843415733137,ToD blocks
2021-11-30,SNOWNTH1,-24.77313340798858,ToD blocks
2021-12-31,SNOWNTH1,-46.586135284523266,ToD blocks
2022-01-31,SNOWNTH1,-50.368825433190835,ToD blocks
2022-02-28,SNOWNTH1,-12.772771411187854,ToD blocks
2022-03-31,SNOWNTH1,-31.91426829661836,ToD blocks
2022-04-30,SNOWNTH1,-38.38356910638676,ToD blocks
2022-05-31,SNOWNTH1,-101.61224214914353,ToD blocks
2022-06-30,SNOWNTH1,-94.23084693846371,ToD blocks
2022-07-31,SNOWNTH1,-143.33286694364597,ToD blocks
2022-08-31,SNOWNTH1,-91.44900968852366,ToD blocks
2022-09-30,SNOWNTH1,-65.55137633598014,ToD blocks
2022-10-31,SNOWNTH1,-49.73779797914915,ToD blocks
2022-11-30,SNOWNTH1,-50.795103228630836,ToD blocks
2022-12-31,SNOWNTH1,-12.807731197702449,ToD blocks
2023-01-31,SNOWNTH1,-27.5522434638197,ToD blocks
2023-02-28,SNOWNTH1,-63.62876559267176,ToD blocks
2023-03-31,SNOWNTH1,-29.177567613488577,ToD blocks
2023-04-30,SNOWNTH1,-39.92697186620874,ToD blocks
2023-05-31,SNOWNTH1,-112.3176885185101,ToD blocks
2023-06-30,SNOWNTH1,-53.02781987251719,ToD blocks
2023-07-31,SNOWNTH1,-50.06978809180792,ToD blocks
2023-08-31,SNOWNTH1,-132.48386506889645,ToD blocks
2023-09-30,SNOWNTH1,-33.13226151617588,ToD blocks
2023-10-31,SNOWNTH1,-19.15259670677694,ToD blocks
2023-11-30,SNOWNTH1,-6.678483159753462,ToD blocks
2023-12-31,SNOWNTH1,-11.73968843579944,ToD blocks
2024-01-31,SNOWNTH1,-12.904879872289808,ToD blocks
2024-02-29,SNOWNTH1,-40.40113519969461,ToD blocks
2024-03-31,SNOWNTH1,-21.242731666104532,ToD blocks
2024-04-30,SNOWNTH1,-14.147380035270942,ToD blocks
2024-05-31,SNOWNTH1,-59.350366864076605,ToD blocks
2024-06-30,SNOWNTH1,-55.34486805769251,ToD blocks
2024-07-31,SNOWNTH1,-148.53915186088688,ToD blocks
2024-08-31,SNOWNTH1,-120.38413802261084,ToD blocks
2024-09-30,SNOWNTH1,-74.68114871844546,ToD blocks
2024-10-31,SNOWNTH1,-25.476493271896516,ToD blocks
2024-11-30,SNOWNTH1,-30.41453219647996,ToD blocks
2024-12-31,SNOWNTH1,-23.237020681852186,ToD blocks
2020-01-31,SNOWSTH1,-26.128779640431517,ToD blocks
2020-02-29,SNOWSTH1,-24.51281346296453,ToD blocks
2020-03-31,SNOWSTH1,-10.230504431113282,ToD blocks
2020-04-30,SNOWSTH1,-11.840567091459302,ToD blocks
2020-05-31,SNOWSTH1,-7.240690118688008,ToD blocks
2020-06-30,SNOWSTH1,-16.38991471124644,ToD blocks
2020-07-31,SNOWSTH1,-10.805956109932644,ToD blocks
2020-08-31,SNOWSTH1,-6.451163682877173,ToD blocks
2020-09-30,SNOWSTH1,2.265993430036307,ToD blocks
2020-10-31,SNOWSTH1,-9.138785218918855,ToD blocks
2020-11-30,SNOWSTH1,-8.202757364247148,ToD blocks
2020-12-31,SNOWSTH1,-8.274413411284758,ToD blocks
2021-01-31,SNOWSTH1,-11.713813111376407,ToD blocks
2021-02-28,SNOWSTH1,-6.698199838513034,ToD blocks
2021-03-31,SNOWSTH1,-52.583958885465215,ToD blocks
2021-04-30,SNOWSTH1,-18.54833785295697,ToD blocks
2021-05-31,SNOWSTH1,-29.695549165817198,ToD blocks
2021-06-30,SNOWSTH1,-16.00217751034728,ToD blocks
2021-07-31,SNOWSTH1,-34.0035327634838,ToD blocks
2021-08-31,SNOWSTH1,-20.96893737775263,ToD blocks
2021-09-30,SNOWSTH1,-18.61462570409363,ToD blocks
2021-10-31,SNOWSTH1,-8.681695667827894,ToD blocks
2021-11-30,SNOWSTH1,-21.636582885299287,ToD blocks
2021-12-31,SNOWSTH1,-34.60007820443922,ToD blocks
2022-01-31,SNOWSTH1,-48.89438135032014,ToD blocks
2022-02-28,SNOWSTH1,-11.866781024057417,ToD blocks
2022-03-31,SNOWSTH1,-27.23383028262716,ToD blocks
2022-04-30,SNOWSTH1,-41.41382189381038,ToD blocks
2022-05-31,SNOWSTH1,-86.38283751044477,ToD blocks
2022-06-30,SNOWSTH1,-83.41383081984037,ToD blocks
2022-07-31,SNOWSTH1,-130.46977747721297,ToD blocks
2022-08-31,SNOWSTH1,-82.61289455805401,ToD blocks
2022-09-30,SNOWSTH1,-57.60370617076066,ToD blocks
2022-10-31,SNOWSTH1,-43.63140847221546,ToD blocks
2022-11-30,SNOWSTH1,-38.93483134131109,ToD blocks
2022-12-31,SNOWSTH1,-10.507022695106258,ToD blocks
2023-01-31,SNOWSTH1,-22.106828093826195,ToD blocks
2023-02-28,SNOWSTH1,-52.58965910246046,ToD blocks
2023-03-31,SNOWSTH1,-28.97225271012978,ToD blocks
2023-04-30,SNOWSTH1,-36.011559365391214,ToD blocks
2023-05-31,SNOWSTH1,-101.39299496628301,ToD blocks
2023-06-30,SNOWSTH1,-50.50536388429993,ToD blocks
2023-07-31,SNOWSTH1,-46.79673975672161,ToD blocks
2023-08-31,SNOWSTH1,-125.90877094045419,ToD blocks
2023-09-30,SNOWSTH1,-30.20939896116363,ToD blocks
2023-10-31,SNOWSTH1,-15.554191383260818,ToD blocks
2023-11-30,SNOWSTH1,-2.0206422859114497,ToD blocks
2023-12-31,SNOWSTH1,-12.291747417438344,ToD blocks
2024-01-31,SNOWSTH1,-12.878247154551236,ToD blocks
2024-02-29,SNOWSTH1,-34.12953294172748,ToD blocks
2024-03-31,SNOWSTH1,-19.139486503673062,ToD blocks
2024-04-30,SNOWSTH1,-20.048585870381913,ToD blocks
2024-05-31,SNOWSTH1,-57.22394864375872,ToD blocks
2024-06-30,SNOWSTH1,-51.32067276928116,ToD blocks
2024-07-31,SNOWSTH1,-140.14534829116823,ToD blocks
2024-08-31,SNOWSTH1,-112.55612031506536,ToD blocks
2024-09-30,SNOWSTH1,-74.43215679723637,ToD blocks
2024-10-31,SNOWSTH1,-23.30913657376476,ToD blocks
2024-11-30,SNOWSTH1,-25.132711605876985,ToD blocks
2024-12-31,SNOWSTH1,-21.473864542592054,ToD blocks
2020-01-31,SNOWTWN1,-21.419439375150873,ToD blocks
2020-02-29,SNOWTWN1,-16.77570912159439,ToD blocks
2020-03-31,SNOWTWN1,-6.527698206344034,ToD blocks
2020-04-30,SNOWTWN1,-12.446408882483063,ToD blocks
2020-05-31,SNOWTWN1,-6.820263728365749,ToD blocks
2020-06-30,SNOWTWN1,-16.89053099577101,ToD blocks
2020-07-31,SNOWTWN1,-12.504252609453154,ToD blocks
2020-08-31,SNOWTWN1,-10.379070404679965,ToD blocks
2020-09-30,SNOWTWN1,-0.0724809266451345,ToD blocks
2020-10-31,SNOWTWN1,-10.59329824514025,ToD blocks
2020-11-30,SNOWTWN1,-7.336498808441803,ToD blocks
2020-12-31,SNOWTWN1,-2.897081305568367,ToD blocks
2021-01-31,SNOWTWN1,-8.303959971297438,ToD blocks
2021-02-28,SNOWTWN1,-3.7372385717229406,ToD blocks
2021-03-31,SNOWTWN1,-54.84126949998301,ToD blocks
2021-04-30,SNOWTWN1,-19.60937089470277,ToD blocks
2021-05-31,SNOWTWN1,-33.66043183777755,ToD blocks
2021-06-30,SNOWTWN1,-15.480105418538457,ToD blocks
2021-07-31,SNOWTWN1,-26.671642673383346,ToD blocks
2021-08-31,SNOWTWN1,-14.982340785363995,ToD blocks
2021-09-30,SNOWTWN1,-3.3358590079935837,ToD blocks
2021-10-31,SNOWTWN1,0.11589762334715559,ToD blocks
2021-11-30,SNOWTWN1,-12.880113574207456,ToD blocks
2021-12-31,SNOWTWN1,-39.38032898493719,ToD blocks
2022-01-31,SNOWTWN1,-38.192626564406616,ToD blocks
2022-02-28,SNOWTWN1,-8.043590094117214,ToD blocks
2022-03-31,SNOWTWN1,-15.177018974589132,ToD blocks
2022-04-30,SNOWTWN1,-24.247896571236595,ToD blocks
2022-05-31,SNOWTWN1,-76.84665089410603,ToD blocks
2022-06-30,SNOWTWN1,-73.95712376626287,ToD blocks
2022-07-31,SNOWTWN1,-125.35272301108068,ToD blocks
2022-08-31,SNOWTWN1,-81.81857793760928,ToD blocks
2022-09-30,SNOWTWN1,-40.27436283352688,ToD blocks
2022-10-31,SNOWTWN1,-38.00133903378946,ToD blocks
2022-11-30,SNOWTWN1,-12.213330368957216,ToD blocks
2022-12-31,SNOWTWN1,-8.390985621943734,ToD blocks
2023-01-31,SNOWTWN1,-10.353132693000042,ToD blocks
2023-02-28,SNOWTWN1,-42.66095971986773,ToD blocks
2023-03-31,SNOWTWN1,-14.668908961629015,ToD blocks
2023-04-30,SNOWTWN1,-29.828034610305444,ToD blocks
2023-05-31,SNOWTWN1,-103.15165471458283,ToD blocks
2023-06-30,SNOWTWN1,-43.98564155488033,ToD blocks
2023-07-31,SNOWTWN1,-45.364321234168315,ToD blocks
2023-08-31,SNOWTWN1,-119.31320697419822,ToD blocks
2023-09-30,SNOWTWN1,-19.885238876272485,ToD blocks
2023-10-31,SNOWTWN1,-4.116131050354593,ToD blocks
2023-11-30,SNOWTWN1,0.017028885745361322,ToD blocks
2023-12-31,SNOWTWN1,5.27757678030062,ToD blocks
2024-01-31,SNOWTWN1,-6.279520233391644,ToD blocks
2024-02-29,SNOWTWN1,-28.974717889959138,ToD blocks
2024-03-31,SNOWTWN1,-17.63159185867662,ToD blocks
2024-04-30,SNOWTWN1,-12.226136870750679,ToD blocks
2024-05-31,SNOWTWN1,-27.386212165753975,ToD blocks
2024-06-30,SNOWTWN1,-46.367379104208254,ToD blocks
2024-07-31,SNOWTWN1,-144.2418470176566,ToD blocks
2024-08-31,SNOWTWN1,-109.00682861696141,ToD blocks
2024-09-30,SNOWTWN1,-65.63091163373306,ToD blocks
2024-10-31,SNOWTWN1,-1.0000635515210377,ToD blocks
2024-11-30,SNOWTWN1,0.59367615774471,ToD blocks
2024-12-31,SNOWTWN1,4.746235749724875,ToD blocks
2020-01-31,WATERLWF,-33.43485012292967,ToD blocks
2020-02-29,WATERLWF,-30.707329769781893,ToD blocks
2020-03-31,WATERLWF,-13.790357132350934,ToD blocks
2020-04-30,WATERLWF,-12.497155129574644,ToD blocks
2020-05-31,WATERLWF,-9.124946985417946,ToD blocks
2020-06-30,WATERLWF,-15.079999963404276,ToD blocks
2020-07-31,WATERLWF,-11.293313454596174,ToD blocks
2020-08-31,WATERLWF,-12.727119063337263,ToD blocks
2020-09-30,WATERLWF,-10.068717870531342,ToD blocks
2020-10-31,WATERLWF,-20.226966482285235,ToD blocks
2020-11-30,WATERLWF,-11.172750473941235,ToD blocks
2020-12-31,WATERLWF,-19.653975506395696,ToD blocks
2021-01-31,WATERLWF,-11.460199854391895,ToD blocks
2021-02-28,WATERLWF,-9.502745121883969,ToD blocks
2021-03-31,WATERLWF,-47.4440431166628,ToD blocks
2021-04-30,WATERLWF,-21.51967109258602,ToD blocks
2021-05-31,WATERLWF,-29.459690265818445,ToD blocks
2021-06-30,WATERLWF,-17.81032078519516,ToD blocks
2021-07-31,WATERLWF,-33.47852378231491,ToD blocks
2021-08-31,WATERLWF,-17.4597982533362,ToD blocks
2021-09-30,WATERLWF,-14.609415387609497,ToD blocks
2021-10-31,WATERLWF,4.92597777040578,ToD blocks
2021-11-30,WATERLWF,-20.885142661831793,ToD blocks
2021-12-31,WATERLWF,-39.49024381744745,ToD blocks
2022-01-31,WATERLWF,-40.425378104485404,ToD blocks
2022-02-28,WATERLWF,-11.79807131580641,ToD blocks
2022-03-31,WATERLWF,-21.011417837321922,ToD blocks
2022-04-30,WATERLWF,-36.56406515287527,ToD blocks
2022-05-31,WATERLWF,-60.83690632824846,ToD blocks
2022-06-30,WATERLWF,-67.58357230938742,ToD blocks
2022-07-31,WATERLWF,-127.82017673748012,ToD blocks
2022-08-31,WATERLWF,-80.40080096190935,ToD blocks
2022-09-30,WATERLWF,-53.409348315268645,ToD blocks
2022-10-31,WATERLWF,-28.59111781354376,ToD blocks
2022-11-30,WATERLWF,-39.26307227810359,ToD blocks
2022-12-31,WATERLWF,-11.169208189771616,ToD blocks
2023-01-31,WATERLWF,-16.767917192614533,ToD blocks
2023-02-28,WATERLWF,-46.48864489681659,ToD blocks
2023-03-31,WATERLWF,-31.78090339719062,ToD blocks
2023-04-30,WATERLWF,-35.2433422411158,ToD blocks
2023-05-31,WATERLWF,-94.69238218859577,ToD blocks
2023-06-30,WATERLWF,-48.64782342363858,ToD blocks
2023-07-31,WATERLWF,-42.141957873409766,ToD blocks
2023-08-31,WATERLWF,-91.41365462348784,ToD blocks
2023-09-30,WATERLWF,-26.131048898665323,ToD blocks
2023-10-31,WATERLWF,-11.954297334048809,ToD blocks
2023-11-30,WATERLWF,-3.331994780511174,ToD blocks
2023-12-31,WATERLWF,2.5504737892015257,ToD blocks
2024-01-31,WATERLWF,-11.488262790623441,ToD blocks
2024-02-29,WATERLWF,-21.91590168732914,ToD blocks
2024-03-31,WATERLWF,-12.979630136730876,ToD blocks
2024-04-30,WATERLWF,-29.39178914300213,ToD blocks
2024-05-31,WATERLWF,-42.74137600242764,ToD blocks
2024-06-30,WATERLWF,-63.21292124481167,ToD blocks
2024-07-31,WATERLWF,-125.97900938242496,ToD blocks
2024-08-31,WATERLWF,-110.90868999734808,ToD blocks
2024-09-30,WATERLWF,-76.18740940757175,ToD blocks
2024-10-31,WATERLWF,-26.797175516021955,ToD blocks
2024-11-30,WATERLWF,-25.691481414261077,ToD blocks
2024-12-31,WATERLWF,-30.305048484709864,ToD blocks
2020-01-31,WGWF1,-9.631647052940181,ToD blocks
2020-02-29,WGWF1,-26.353101152859473,ToD blocks
2020-03-31,WGWF1,-16.268219703387413,ToD blocks
2020-04-30,WGWF1,-13.691273557348122,ToD blocks
2020-05-31,WGWF1,-8.575905020317695,ToD blocks
2020-06-30,WGWF1,-14.820191412229931,ToD blocks
2020-07-31,WGWF1,-13.300262194964702,ToD blocks
2020-08-31,WGWF1,-15.085913465874924,ToD blocks
2020-09-30,WGWF1,-11.60218829606658,ToD blocks
2020-10-31,WGWF1,-19.66262402800966,ToD blocks
2020-11-30,WGWF1,-11.028896265363258,ToD blocks
2020-12-31,WGWF1,-14.476204739029226,ToD blocks
2021-01-31,WGWF1,-13.859233422219539,ToD blocks
2021-02-28,WGWF1,-10.159001292631917,ToD blocks
2021-03-31,WGWF1,-50.82533376562925,ToD blocks
2021-04-30,WGWF1,-19.95740072394247,ToD blocks
2021-05-31,WGWF1,-34.06876392117193,ToD blocks
2021-06-30,WGWF1,-13.900959554199048,ToD blocks
2021-07-31,WGWF1,-32.04078374839711,ToD blocks
2021-08-31,WGWF1,-16.501835568039375,ToD blocks
2021-09-30,WGWF1,-9.657911222974487,ToD blocks
2021-10-31,WGWF1,-7.884541984413444,ToD blocks
2021-11-30,WGWF1,-24.83448604523657,ToD blocks
2021-12-31,WGWF1,-45.40620191028769,ToD blocks
2022-01-31,WGWF1,-47.594526156975256,ToD blocks
2022-02-28,WGWF1,-12.177974342837217,ToD blocks
2022-03-31,WGWF1,-24.254043030161206,ToD blocks
2022-04-30,WGWF1,-42.21678476328792,ToD blocks
2022-05-31,WGWF1,-74.90533297243462,ToD blocks
2022-06-30,WGWF1,-64.28415419734452,ToD blocks
2022-07-31,WGWF1,-120.87649696413396,ToD blocks
2022-08-31,WGWF1,-86.26562068285473,ToD blocks
2022-09-30,WGWF1,-60.98117319733733,ToD blocks
2022-10-31,WGWF1,-32.87744416684184,ToD blocks
2022-11-30,WGWF1,-46.83607539432238,ToD blocks
2022-12-31,WGWF1,-13.033979563522127,ToD blocks
2023-01-31,WGWF1,-20.277950222698557,ToD blocks
2023-02-28,WGWF1,-46.456591874421676,ToD blocks
2023-03-31,WGWF1,-29.669747306799948,ToD blocks
2023-04-30,WGWF1,-31.295299332907504,ToD blocks
2023-05-31,WGWF1,-93.49872365729526,ToD blocks
2023-06-30,WGWF1,-43.64223331728797,ToD blocks
2023-07-31,WGWF1,-39.39386159154293,ToD blocks
2023-08-31,WGWF1,-95.82138939320427,ToD blocks
2023-09-30,WGWF1,-25.957582583198178,ToD blocks
2023-10-31,WGWF1,-15.136338279911762,ToD blocks
2023-11-30,WGWF1,-5.407340941319028,ToD blocks
2023-12-31,WGWF1,-16.3314006585397,ToD blocks
2024-01-31,WGWF1,-10.602317475869082,ToD blocks
2024-02-29,WGWF1,-4.87164217744882,ToD blocks
2024-03-31,WGWF1,-16.299025805061326,ToD blocks
2024-04-30,WGWF1,-21.721413899892724,ToD blocks
2024-05-31,WGWF1,-35.1748499514008,ToD blocks
2024-06-30,WGWF1,-55.52122375952949,ToD blocks
2024-07-31,WGWF1,-117.61427117793593,ToD blocks
2024-08-31,WGWF1,-113.20978947609152,ToD blocks
2024-09-30,WGWF1,-73.19816754088701,ToD blocks
2024-10-31,WGWF1,-22.166519215185147,ToD blocks
2024-11-30,WGWF1,-26.337369960925535,ToD blocks
2024-12-31,WGWF1,-20.70919118376335,ToD blocks
2020-01-31,BLUFF1,-23.555276816460335,Baseload
2020-02-29,BLUFF1,-26.998263162217782,Baseload
2020-03-31,BLUFF1,-18.18818390625655,Baseload
2020-04-30,BLUFF1,-14.706535414817655,Baseload
2020-05-31,BLUFF1,-10.51555424499163,Baseload
2020-06-30,BLUFF1,-16.421303873811574,Baseload
2020-07-31,BLUFF1,-16.551154872008574,Baseload
2020-08-31,BLUFF1,-14.921127093579095,Baseload
2020-09-30,BLUFF1,-13.288204603356583,Baseload
2020-10-31,BLUFF1,-22.380091494976668,Baseload
2020-11-30,BLUFF1,-10.709901015154323,Baseload
2020-12-31,BLUFF1,-17.84336929120891,Baseload
2021-01-31,BLUFF1,-10.12908923855893,Baseload
2021-02-28,BLUFF1,-10.142077210895124,Baseload
2021-03-31,BLUFF1,-60.811363284554744,Baseload
2021-04-30,BLUFF1,-24.761065584999134,Baseload
2021-05-31,BLUFF1,-36.5963909739442,Baseload
2021-06-30,BLUFF1,-17.36131933620065,Baseload
2021-07-31,BLUFF1,-35.703424852957205,Baseload
2021-08-31,BLUFF1,-18.998058894837918,Baseload
2021-09-30,BLUFF1,-10.102771834499649,Baseload
2021-10-31,BLUFF1,3.5404664482223698,Baseload
2021-11-30,BLUFF1,-23.186536259129767,Baseload
2021-12-31,BLUFF1,-37.02090377148107,Baseload
2022-01-31,BLUFF1,-46.08499442597167,Baseload
2022-02-28,BLUFF1,-8.279560952585882,Baseload
2022-03-31,BLUFF1,-25.639306257916843,Baseload
2022-04-30,BLUFF1,-44.47581393642086,Baseload
2022-05-31,BLUFF1,-89.32521792031491,Baseload
2022-06-30,BLUFF1,-77.17185403244264,Baseload
2022-07-31,BLUFF1,-141.13757018762925,Baseload
2022-08-31,BLUFF1,-89.3656632863683,Baseload
2022-09-30,BLUFF1,-59.97069241585311,Baseload
2022-10-31,BLUFF1,-35.70675566423725,Baseload
2022-11-30,BLUFF1,-57.3401145091328,Baseload
2022-12-31,BLUFF1,-8.092161531670069,Baseload
2023-01-31,BLUFF1,-18.91564266652147,Baseload
2023-02-28,BLUFF1,-36.91367549082651,Baseload
2023-03-31,BLUFF1,-23.497342467210892,Baseload
2023-04-30,BLUFF1,-29.56177710917516,Baseload
2023-05-31,BLUFF1,-107.96214529756193,Baseload
2023-06-30,BLUFF1,-53.00469981224101,Baseload
2023-07-31,BLUFF1,-50.14926937033961,Baseload
2023-08-31,BLUFF1,-97.28306924401986,Baseload
2023-09-30,BLUFF1,-19.554352738231874,Baseload
2023-10-31,BLUFF1,-2.2613813324439107,Baseload
2023-11-30,BLUFF1,-6.124744341373166,Baseload
2023-12-31,BLUFF1,0.2330536654542641,Baseload
2024-01-31,BLUFF1,-1.0657517775870424,Baseload
2024-02-29,BLUFF1,3.3359727033300572,Baseload
2024-03-31,BLUFF1,-12.11888009557427,Baseload
2024-04-30,BLUFF1,-30.14227690339331,Baseload
2024-05-31,BLUFF1,-62.24168185874008,Baseload
2024-06-30,BLUFF1,-63.715210077723256,Baseload
2024-07-31,BLUFF1,-117.92418368969626,Baseload
2024-08-31,BLUFF1,-110.89819489763221,Baseload
2024-09-30,BLUFF1,-65.36082188724933,Baseload
2024-10-31,BLUFF1,-4.474555288727352,Baseload
2024-11-30,BLUFF1,-13.369360883809584,Baseload
2024-12-31,BLUFF1,-13.477459246074922,Baseload
2020-01-31,CLEMGPWF,-21.77449053531516,Baseload
2020-02-29,CLEMGPWF,-29.76817887314649,Baseload
2020-03-31,CLEMGPWF,-14.061503764535864,Baseload
2020-04-30,CLEMGPWF,-13.559716133760219,Baseload
2020-05-31,CLEMGPWF,-9.51693301806117,Baseload
2020-06-30,CLEMGPWF,-17.46725469999206,Baseload
2020-07-31,CLEMGPWF,-12.93963680658338,Baseload
2020-08-31,CLEMGPWF,-15.290842638677287,Baseload
2020-09-30,CLEMGPWF,-13.651234669232268,Baseload
2020-10-31,CLEMGPWF,-17.840658891336872,Baseload
2020-11-30,CLEMGPWF,-7.099994379606635,Baseload
2020-12-31,CLEMGPWF,-6.6185559397863845,Baseload
2021-01-31,CLEMGPWF,-4.972443394269099,Baseload
2021-02-28,CLEMGPWF,-1.6807343949156035,Baseload
2021-03-31,CLEMGPWF,-23.733601817689447,Baseload
2021-04-30,CLEMGPWF,-8.18132173012016,Baseload
2021-05-31,CLEMGPWF,-36.13700972658084,Baseload
2021-06-30,CLEMGPWF,-17.784666032894677,Baseload
2021-07-31,CLEMGPWF,-37.96917237031461,Baseload
2021-08-31,CLEMGPWF,-16.516794161515815,Baseload
2021-09-30,CLEMGPWF,-4.815185321815585,Baseload
2021-10-31,CLEMGPWF,2.43204351287722,Baseload
2021-11-30,CLEMGPWF,-12.696514961955735,Baseload
2021-12-31,CLEMGPWF,-37.52912246923688,Baseload
2022-01-31,CLEMGPWF,-32.340241801771505,Baseload
2022-02-28,CLEMGPWF,-1.4818180096034652,Baseload
2022-03-31,CLEMGPWF,-12.514750545616735,Baseload
2022-04-30,CLEMGPWF,-17.418235850052895,Baseload
2022-05-31,CLEMGPWF,-73.37513666112613,Baseload
2022-06-30,CLEMGPWF,-90.21349175775396,Baseload
2022-07-31,CLEMGPWF,-108.50262909412004,Baseload
2022-08-31,CLEMGPWF,-70.85301102942172,Baseload
2022-09-30,CLEMGPWF,-40.905747684430935,Baseload
2022-10-31,CLEMGPWF,-17.7565643299056,Baseload
2022-11-30,CLEMGPWF,-28.069975864092314,Baseload
2022-12-31,CLEMGPWF,-4.2771719455430635,Baseload
2023-01-31,CLEMGPWF,-13.615427409952474,Baseload
2023-02-28,CLEMGPWF,-39.3284730298695,Baseload
2023-03-31,CLEMGPWF,-16.329260253916303,Baseload
2023-04-30,CLEMGPWF,-28.57064846917538,Baseload
2023-05-31,CLEMGPWF,-112.04641800022422,Baseload
2023-06-30,CLEMGPWF,-56.86781295446215,Baseload
2023-07-31,CLEMGPWF,-41.42332027196715,Baseload
2023-08-31,CLEMGPWF,-118.43288470970043,Baseload
2023-09-30,CLEMGPWF,-20.906180019426298,Baseload
2023-10-31,CLEMGPWF,-6.090593683224281,Baseload
2023-11-30,CLEMGPWF,0.9662962656980838,Baseload
2023-12-31,CLEMGPWF,-4.161826600643742,Baseload
2024-01-31,CLEMGPWF,1.539916629086349,Baseload
2024-02-29,CLEMGPWF,-19.272039403795688,Baseload
2024-03-31,CLEMGPWF,-6.635556905582305,Baseload
2024-04-30,CLEMGPWF,-7.891683829617861,Baseload
2024-05-31,CLEMGPWF,-21.595505495417527,Baseload
2024-06-30,CLEMGPWF,-54.37855913167314,Baseload
2024-07-31,CLEMGPWF,-146.98377794001783,Baseload
2024-08-31,CLEMGPWF,-108.79355305105801,Baseload
2024-09-30,CLEMGPWF,-70.2410570840224,Baseload
2024-10-31,CLEMGPWF,-8.729030358665945,Baseload
2024-11-30,CLEMGPWF,-8.356678754071396,Baseload
2024-12-31,CLEMGPWF,-7.406413369602262,Baseload
2020-01-31,HALLWF1,-8.311643776409014,Baseload
2020-02-29,HALLWF1,-22.23102015341211,Baseload
2020-03-31,HALLWF1,-16.296924520419754,Baseload
2020-04-30,HALLWF1,-12.95741422052162,Baseload
2020-05-31,HALLWF1,-7.82711487695558,Baseload
2020-06-30,HALLWF1,-13.939756836692645,Baseload
2020-07-31,HALLWF1,-12.171226727033613,Baseload
2020-08-31,HALLWF1,-12.51218309876701,Baseload
2020-09-30,HALLWF1,-5.341824368782113,Baseload
2020-10-31,HALLWF1,-13.669273965716947,Baseload
2020-11-30,HALLWF1,-7.574162421940308,Baseload
2020-12-31,HALLWF1,-12.31180496396524,Baseload
2021-01-31,HALLWF1,-9.414870877816568,Baseload
2021-02-28,HALLWF1,-5.414516182108198,Baseload
2021-03-31,HALLWF1,-49.73257068841124,Baseload
2021-04-30,HALLWF1,-22.4513021075178,Baseload
2021-05-31,HALLWF1,-32.941058759000086,Baseload
2021-06-30,HALLWF1,-14.415193461311787,Baseload
2021-07-31,HALLWF1,-27.93660175655986,Baseload
2021-08-31,HALLWF1,-13.748307673715594,Baseload
2021-09-30,HALLWF1,-2.4094583493310964,Baseload
2021-10-31,HALLWF1,1.132487543664677,Baseload
2021-11-30,HALLWF1,-15.911695209415598,Baseload
2021-12-31,HALLWF1,-33.851937154451754,Baseload
2022-01-31,HALLWF1,-42.91005282633311,Baseload
2022-02-28,HALLWF1,-3.671228981181379,Baseload
2022-03-31,HALLWF1,-17.71329211496743,Baseload
2022-04-30,HALLWF1,-33.08956015701834,Baseload
2022-05-31,HALLWF1,-49.95557837196401,Baseload
2022-06-30,HALLWF1,-78.88973226764804,Baseload
2022-07-31,HALLWF1,-114.79233330600744,Baseload
2022-08-31,HALLWF1,-93.56751081985922,Baseload
2022-09-30,HALLWF1,-46.919709609506754,Baseload
2022-10-31,HALLWF1,-21.40419449303083,Baseload
2022-11-30,HALLWF1,-40.34410115895028,Baseload
2022-12-31,HALLWF1,1.368200393944143,Baseload
2023-01-31,HALLWF1,-13.669564011881313,Baseload
2023-02-28,HALLWF1,-33.58102027859065,Baseload
2023-03-31,HALLWF1,-16.213916854135718,Baseload
2023-04-30,HALLWF1,-20.59227093409457,Baseload
2023-05-31,HALLWF1,-86.10287348944924,Baseload
2023-06-30,HALLWF1,-40.94984410300345,Baseload
2023-07-31,HALLWF1,-34.28587185363656,Baseload
2023-08-31,HALLWF1,-90.94639979629929,Baseload
2023-09-30,HALLWF1,-5.800284363275402,Baseload
2023-10-31,HALLWF1,5.3687511793662,Baseload
2023-11-30,HALLWF1,0.5559979515611957,Baseload
2023-12-31,HALLWF1,-5.399755572172332,Baseload
2024-01-31,HALLWF1,0.3029954798214689,Baseload
2024-02-29,HALLWF1,-4.047923831822402,Baseload
2024-03-31,HALLWF1,-11.323545016139661,Baseload
2024-04-30,HALLWF1,-17.03659658826919,Baseload
2024-05-31,HALLWF1,-46.35392668523647,Baseload
2024-06-30,HALLWF1,-56.52565897700836,Baseload
2024-07-31,HALLWF1,-101.46728267429557,Baseload
2024-08-31,HALLWF1,-97.8517951965134,Baseload
2024-09-30,HALLWF1,-62.29255957955492,Baseload
2024-10-31,HALLWF1,3.032703528434162,Baseload
2024-11-30,HALLWF1,-6.618885333357447,Baseload
2024-12-31,HALLWF1,-9.818499898371073,Baseload
2020-01-31,HALLWF2,-15.60069888607616,Baseload
2020-02-29,HALLWF2,-25.019398497015892,Baseload
2020-03-31,HALLWF2,-13.965279870554667,Baseload
2020-04-30,HALLWF2,-12.004315246870721,Baseload
2020-05-31,HALLWF2,-7.936988008132992,Baseload
2020-06-30,HALLWF2,-12.430663489586422,Baseload
2020-07-31,HALLWF2,-11.718309411054932,Baseload
2020-08-31,HALLWF2,-12.736326674047461,Baseload
2020-09-30,HALLWF2,-6.144306105618032,Baseload
2020-10-31,HALLWF2,-14.522190005395256,Baseload
2020-11-30,HALLWF2,-8.852929520934488,Baseload
2020-12-31,HALLWF2,-9.734461039886604,Baseload
2021-01-31,HALLWF2,-9.675706826876954,Baseload
2021-02-28,HALLWF2,-6.873221432993331,Baseload
2021-03-31,HALLWF2,-46.6188662246071,Baseload
2021-04-30,HALLWF2,-16.285340617904488,Baseload
2021-05-31,HALLWF2,-33.08478605408846,Baseload
2021-06-30,HALLWF2,-15.010838103680356,Baseload
2021-07-31,HALLWF2,-30.65204859237374,Baseload
2021-08-31,HALLWF2,-14.999599290004593,Baseload
2021-09-30,HALLWF2,-6.139857498145378,Baseload
2021-10-31,HALLWF2,4.742548965098278,Baseload
2021-11-30,HALLWF2,-17.605872380436114,Baseload
2021-12-31,HALLWF2,-36.611900065912884,Baseload
2022-01-31,HALLWF2,-44.17244060786802,Baseload
2022-02-28,HALLWF2,-3.0127391612530943,Baseload
2022-03-31,HALLWF2,-17.67296767089649,Baseload
2022-04-30,HALLWF2,-30.747176915402235,Baseload
2022-05-31,HALLWF2,-48.68986333564311,Baseload
2022-06-30,HALLWF2,-63.8634474352273,Baseload
2022-07-31,HALLWF2,-117.39553662463143,Baseload
2022-08-31,HALLWF2,-83.93769332814388,Baseload
2022-09-30,HALLWF2,-50.56964147710079,Baseload
2022-10-31,HALLWF2,-19.747535813697382,Baseload
2022-11-30,HALLWF2,-37.38327266605588,Baseload
2022-12-31,HALLWF2,3.0282478568445157,Baseload
2023-01-31,HALLWF2,-12.726875619852436,Baseload
2023-02-28,HALLWF2,-31.277007320615212,Baseload
2023-03-31,HALLWF2,-14.59315475591221,Baseload
2023-04-30,HALLWF2,-16.75802509685353,Baseload
2023-05-31,HALLWF2,-80.5950208647439,Baseload
2023-06-30,HALLWF2,-43.92626704166157,Baseload
2023-07-31,HALLWF2,-35.30913286086192,Baseload
2023-08-31,HALLWF2,-82.80079329752866,Baseload
2023-09-30,HALLWF2,-7.045402249118766,Baseload
2023-10-31,HALLWF2,4.891788886190614,Baseload
2023-11-30,HALLWF2,1.383356649346858,Baseload
2023-12-31,HALLWF2,8.128806601056645,Baseload
2024-01-31,HALLWF2,0.8297545487808051,Baseload
2024-02-29,HALLWF2,1.2948117810390727,Baseload
2024-03-31,HALLWF2,-11.98388755148737,Baseload
2024-04-30,HALLWF2,-17.717559120723024,Baseload
2024-05-31,HALLWF2,-39.08284542275075,Baseload
2024-06-30,HALLWF2,-58.7785230748012,Baseload
2024-07-31,HALLWF2,-104.60722468533262,Baseload
2024-08-31,HALLWF2,-96.45583223864034,Baseload
2024-09-30,HALLWF2,-59.41169290026224,Baseload
2024-10-31,HALLWF2,5.606052291466433,Baseload
2024-11-30,HALLWF2,-5.85724377279319,Baseload
2024-12-31,HALLWF2,-8.378942653859212,Baseload
2020-01-31,HDWF1,-5.739739412946719,Baseload
2020-02-29,HDWF1,-35.51242167883834,Baseload
2020-03-31,HDWF1,-18.053268858989323,Baseload
2020-04-30,HDWF1,-14.177189092613432,Baseload
2020-05-31,HDWF1,-7.655732980716845,Baseload
2020-06-30,HDWF1,-13.916990752971678,Baseload
2020-07-31,HDWF1,-11.052351141916127,Baseload
2020-08-31,HDWF1,-13.861238493715007,Baseload
2020-09-30,HDWF1,-13.277870921985622,Baseload
2020-10-31,HDWF1,-19.06998591096382,Baseload
2020-11-30,HDWF1,-8.456546111450496,Baseload
2020-12-31,HDWF1,-14.286321795046835,Baseload
2021-01-31,HDWF1,-8.43013525033216,Baseload
2021-02-28,HDWF1,-7.839802790163187,Baseload
2021-03-31,HDWF1,-52.35255762232629,Baseload
2021-04-30,HDWF1,-24.682332819844742,Baseload
2021-05-31,HDWF1,-31.18226834241878,Baseload
2021-06-30,HDWF1,-20.897965487688154,Baseload
2021-07-31,HDWF1,-31.359196985612513,Baseload
2021-08-31,HDWF1,-20.28078969603052,Baseload
2021-09-30,HDWF1,-17.990897627243555,Baseload
2021-10-31,HDWF1,-14.027504865817209,Baseload
2021-11-30,HDWF1,-22.42968328928514,Baseload
2021-12-31,HDWF1,-36.069236689572826,Baseload
2022-01-31,HDWF1,-47.17625403037903,Baseload
2022-02-28,HDWF1,-4.777169218291192,Baseload
2022-03-31,HDWF1,-17.626377485529808,Baseload
2022-04-30,HDWF1,-36.32209086863881,Baseload
2022-05-31,HDWF1,-49.165361953217314,Baseload
2022-06-30,HDWF1,-63.38437605526374,Baseload
2022-07-31,HDWF1,-124.60222345095988,Baseload
2022-08-31,HDWF1,-82.76078449461383,Baseload
2022-09-30,HDWF1,-60.354448411968676,Baseload
2022-10-31,HDWF1,-35.1389596351403,Baseload
2022-11-30,HDWF1,-54.700162405200686,Baseload
2022-12-31,HDWF1,-5.702820917491913,Baseload
2023-01-31,HDWF1,-7.078731045075337,Baseload
2023-02-28,HDWF1,-40.30419890138151,Baseload
2023-03-31,HDWF1,-18.25594479459135,Baseload
2023-04-30,HDWF1,-31.08546550804477,Baseload
2023-05-31,HDWF1,-97.90849444436967,Baseload
2023-06-30,HDWF1,-45.63536070907817,Baseload
2023-07-31,HDWF1,-39.49831630596853,Baseload
2023-08-31,HDWF1,-106.27056533898394,Baseload
2023-09-30,HDWF1,-25.429342709157133,Baseload
2023-10-31,HDWF1,-12.330333980282743,Baseload
2023-11-30,HDWF1,-2.221029059197697,Baseload
2023-12-31,HDWF1,-3.734660211624096,Baseload
2024-01-31,HDWF1,-6.995553644968336,Baseload
2024-02-29,HDWF1,-19.24139887306108,Baseload
2024-03-31,HDWF1,-11.984332219769115,Baseload
2024-04-30,HDWF1,-11.120344168606337,Baseload
2024-05-31,HDWF1,-28.662196678134393,Baseload
2024-06-30,HDWF1,-56.2498324889486,Baseload
2024-07-31,HDWF1,-108.20432794010435,Baseload
2024-08-31,HDWF1,-108.32405591580141,Baseload
2024-09-30,HDWF1,-74.68480305297169,Baseload
2024-10-31,HDWF1,-21.969966312993613,Baseload
2024-11-30,HDWF1,-22.552301461693816,Baseload
2024-12-31,HDWF1,-22.98748622312894,Baseload
2020-01-31,HDWF2,-6.636068927539938,Baseload
2020-02-29,HDWF2,-39.74168539937328,Baseload
2020-03-31,HDWF2,-18.0173584669307,Baseload
2020-04-30,HDWF2,-14.78584215393668,Baseload
2020-05-31,HDWF2,-8.153802100917112,Baseload
2020-06-30,HDWF2,-15.046381148919423,Baseload
2020-07-31,HDWF2,-12.778906321090794,Baseload
2020-08-31,HDWF2,-14.896152484797284,Baseload
2020-09-30,HDWF2,-15.262101951558412,Baseload
2020-10-31,HDWF2,-20.937746481867286,Baseload
2020-11-30,HDWF2,-8.953709070559302,Baseload
2020-12-31,HDWF2,-15.750224760643343,Baseload
2021-01-31,HDWF2,-10.101530470656215,Baseload
2021-02-28,HDWF2,-8.636458775387032,Baseload
2021-03-31,HDWF2,-52.82385260973122,Baseload
2021-04-30,HDWF2,-24.062425234141326,Baseload
2021-05-31,HDWF2,-31.639203373207124,Baseload
2021-06-30,HDWF2,-18.728952879521145,Baseload
2021-07-31,HDWF2,-33.415491362847256,Baseload
2021-08-31,HDWF2,-23.255683707241523,Baseload
2021-09-30,HDWF2,-18.348281424079573,Baseload
2021-10-31,HDWF2,-16.263734136114454,Baseload
2021-11-30,HDWF2,-24.9584565228728,Baseload
2021-12-31,HDWF2,-39.980449531410756,Baseload
2022-01-31,HDWF2,-46.768966222341476,Baseload
2022-02-28,HDWF2,-6.092349078173498,Baseload
2022-03-31,HDWF2,-18.07176758191899,Baseload
2022-04-30,HDWF2,-36.86385808858422,Baseload
2022-05-31,HDWF2,-68.41430292089004,Baseload
2022-06-30,HDWF2,-72.36658652800591,Baseload
2022-07-31,HDWF2,-135.8844931603908,Baseload
2022-08-31,HDWF2,-82.26134408300663,Baseload
2022-09-30,HDWF2,-61.928521211721744,Baseload
2022-10-31,HDWF2,-37.34773155746451,Baseload
2022-11-30,HDWF2,-58.34638444603607,Baseload
2022-12-31,HDWF2,-6.282302969060293,Baseload
2023-01-31,HDWF2,-9.36398892178731,Baseload
2023-02-28,HDWF2,-41.06417776312921,Baseload
2023-03-31,HDWF2,-19.82947770413417,Baseload
2023-04-30,HDWF2,-32.843276261333976,Baseload
2023-05-31,HDWF2,-99.91017295490067,Baseload
2023-06-30,HDWF2,-47.394020671240376,Baseload
2023-07-31,HDWF2,-44.11166871673525,Baseload
2023-08-31,HDWF2,-110.03904715367382,Baseload
2023-09-30,HDWF2,-29.05806701090052,Baseload
2023-10-31,HDWF2,-13.192578058571437,Baseload
2023-11-30,HDWF2,-2.0902570017449023,Baseload
2023-12-31,HDWF2,-5.793186866048082,Baseload
2024-01-31,HDWF2,-9.300920263099961,Baseload
2024-02-29,HDWF2,-19.444980722765095,Baseload
2024-03-31,HDWF2,-12.863155420059933,Baseload
2024-04-30,HDWF2,-12.99270138014137,Baseload
2024-05-31,HDWF2,-30.994964957362612,Baseload
2024-06-30,HDWF2,-57.46808077267539,Baseload
2024-07-31,HDWF2,-112.04476516548266,Baseload
2024-08-31,HDWF2,-109.03753530210119,Baseload
2024-09-30,HDWF2,-76.35092611298586,Baseload
2024-10-31,HDWF2,-22.267004327489992,Baseload
2024-11-30,HDWF2,-26.336399340830503,Baseload
2024-12-31,HDWF2,-22.856837842684698,Baseload
2020-01-31,HDWF3,-4.907197402425638,Baseload
2020-02-29,HDWF3,-38.33344234708139,Baseload
2020-03-31,HDWF3,-18.11220560507157,Baseload
2020-04-30,HDWF3,-14.904909973397086,Baseload
2020-05-31,HDWF3,-8.11150047352006,Baseload
2020-06-30,HDWF3,-14.8776119999076,Baseload
2020-07-31,HDWF3,-12.19921455948549,Baseload
2020-08-31,HDWF3,-14.794839614856208,Baseload
2020-09-30,HDWF3,-15.160480947208297,Baseload
2020-10-31,HDWF3,-21.219041213794675,Baseload
2020-11-30,HDWF3,-9.394084037418608,Baseload
2020-12-31,HDWF3,-16.125905530610233,Baseload
2021-01-31,HDWF3,-10.006663431384599,Baseload
2021-02-28,HDWF3,-9.140994145621475,Baseload
2021-03-31,HDWF3,-54.56371350017925,Baseload
2021-04-30,HDWF3,-25.45245267253877,Baseload
2021-05-31,HDWF3,-31.831145621126083,Baseload
2021-06-30,HDWF3,-17.430738997004127,Baseload
2021-07-31,HDWF3,-33.496720656546664,Baseload
2021-08-31,HDWF3,-22.827873512396483,Baseload
2021-09-30,HDWF3,-19.059724798729604,Baseload
2021-10-31,HDWF3,-16.67897978493646,Baseload
2021-11-30,HDWF3,-24.977732568594384,Baseload
2021-12-31,HDWF3,-38.41584733395871,Baseload
2022-01-31,HDWF3,-47.34270365494485,Baseload
2022-02-28,HDWF3,-6.481174824246239,Baseload
2022-03-31,HDWF3,-18.54237140585596,Baseload
2022-04-30,HDWF3,-37.836209237413826,Baseload
2022-05-31,HDWF3,-67.54933500651441,Baseload
2022-06-30,HDWF3,-69.25522254891203,Baseload
2022-07-31,HDWF3,-129.7148790678641,Baseload
2022-08-31,HDWF3,-82.08368511441358,Baseload
2022-09-30,HDWF3,-63.52731885973047,Baseload
2022-10-31,HDWF3,-38.57912799041026,Baseload
2022-11-30,HDWF3,-56.726779509921506,Baseload
2022-12-31,HDWF3,-8.713609194628429,Baseload
2023-01-31,HDWF3,-9.839395926836765,Baseload
2023-02-28,HDWF3,-42.07559369093247,Baseload
2023-03-31,HDWF3,-20.671252373033525,Baseload
2023-04-30,HDWF3,-33.31202957232218,Baseload
2023-05-31,HDWF3,-100.33181913654882,Baseload
2023-06-30,HDWF3,-47.28723943614669,Baseload
2023-07-31,HDWF3,-42.44370431836107,Baseload
2023-08-31,HDWF3,-110.27493579653883,Baseload
2023-09-30,HDWF3,-29.443999019585576,Baseload
2023-10-31,HDWF3,-14.258385426986363,Baseload
2023-11-30,HDWF3,-3.5770267808750233,Baseload
2023-12-31,HDWF3,-6.917728696644527,Baseload
2024-01-31,HDWF3,-9.910162152565931,Baseload
2024-02-29,HDWF3,-19.851953420895974,Baseload
2024-03-31,HDWF3,-12.436037558349796,Baseload
2024-04-30,HDWF3,-13.527582215924838,Baseload
2024-05-31,HDWF3,-31.18927050440014,Baseload
2024-06-30,HDWF3,-58.53525952320331,Baseload
2024-07-31,HDWF3,-116.96127187255398,Baseload
2024-08-31,HDWF3,-110.33528056298576,Baseload
2024-09-30,HDWF3,-77.01304770841735,Baseload
2024-10-31,HDWF3,-23.599730433071812,Baseload
2024-11-30,HDWF3,-27.2274788093848,Baseload
2024-12-31,HDWF3,-25.25407714177789,Baseload
2020-01-31,LGAPWF1,6.82863716913657,Baseload
2020-02-29,LGAPWF1,-3.482448950939201,Baseload
2020-03-31,LGAPWF1,-9.574748854396134,Baseload
2020-04-30,LGAPWF1,-8.759193354653693,Baseload
2020-05-31,LGAPWF1,-6.182367848073042,Baseload
2020-06-30,LGAPWF1,-14.956501251290788,Baseload
2020-07-31,LGAPWF1,-11.042860812887973,Baseload
2020-08-31,LGAPWF1,-7.418329406015886,Baseload
2020-09-30,LGAPWF1,6.989485399590556,Baseload
2020-10-31,LGAPWF1,-6.482292858437539,Baseload
2020-11-30,LGAPWF1,1.6226696881771971,Baseload
2020-12-31,LGAPWF1,9.400767110026791,Baseload
2021-01-31,LGAPWF1,-0.5815750825681008,Baseload
2021-02-28,LGAPWF1,5.210051275692056,Baseload
2021-03-31,LGAPWF1,-28.5382584726868,Baseload
2021-04-30,LGAPWF1,-6.822933111530844,Baseload
2021-05-31,LGAPWF1,-26.627428349602084,Baseload
2021-06-30,LGAPWF1,-21.71023897157216,Baseload
2021-07-31,LGAPWF1,-16.5927199321589,Baseload
2021-08-31,LGAPWF1,-10.085509449909239,Baseload
2021-09-30,LGAPWF1,9.679516561406736,Baseload
2021-10-31,LGAPWF1,16.176200126280712,Baseload
2021-11-30,LGAPWF1,-0.23143155184107655,Baseload
2021-12-31,LGAPWF1,-18.981177838282797,Baseload
2022-01-31,LGAPWF1,-36.78618965058766,Baseload
2022-02-28,LGAPWF1,6.5289945586027684,Baseload
2022-03-31,LGAPWF1,-11.681014704528891,Baseload
2022-04-30,LGAPWF1,-12.14524737584108,Baseload
2022-05-31,LGAPWF1,-66.10989629124072,Baseload
2022-06-30,LGAPWF1,-46.32726349884308,Baseload
2022-07-31,LGAPWF1,-88.30993465051824,Baseload
2022-08-31,LGAPWF1,-71.54704592528232,Baseload
2022-09-30,LGAPWF1,-12.38172442291139,Baseload
2022-10-31,LGAPWF1,-4.053870140561131,Baseload
2022-11-30,LGAPWF1,1.9609940353367676,Baseload
2022-12-31,LGAPWF1,3.863797531300065,Baseload
2023-01-31,LGAPWF1,-6.945505711960664,Baseload
2023-02-28,LGAPWF1,-21.630307047736096,Baseload
2023-03-31,LGAPWF1,-0.6627677508820824,Baseload
2023-04-30,LGAPWF1,-13.022833092467692,Baseload
2023-05-31,LGAPWF1,-78.48459905280835,Baseload
2023-06-30,LGAPWF1,-35.69037784509373,Baseload
2023-07-31,LGAPWF1,-32.33994685983615,Baseload
2023-08-31,LGAPWF1,-69.83292221476255,Baseload
2023-09-30,LGAPWF1,1.5376750153896879,Baseload
2023-10-31,LGAPWF1,11.667719162443571,Baseload
2023-11-30,LGAPWF1,26.311639446004754,Baseload
2023-12-31,LGAPWF1,20.650049479816296,Baseload
2024-01-31,LGAPWF1,15.062994327146093,Baseload
2024-02-29,LGAPWF1,-5.788653437758782,Baseload
2024-03-31,LGAPWF1,-2.551647823825917,Baseload
2024-04-30,LGAPWF1,2.740011498158495,Baseload
2024-05-31,LGAPWF1,-29.460435501266446,Baseload
2024-06-30,LGAPWF1,-28.95660859610038,Baseload
2024-07-31,LGAPWF1,-97.87257076687703,Baseload
2024-08-31,LGAPWF1,-90.49780112472396,Baseload
2024-09-30,LGAPWF1,-49.39551394076982,Baseload
2024-10-31,LGAPWF1,18.686569978686677,Baseload
2024-11-30,LGAPWF1,20.59635729414618,Baseload
2024-12-31,LGAPWF1,23.18875862250976,Baseload
2020-01-31,LKBONNY2,-23.054731073080312,Baseload
2020-02-29,LKBONNY2,-29.062284710469925,Baseload
2020-03-31,LKBONNY2,-9.294220654620368,Baseload
2020-04-30,LKBONNY2,-12.980307319540632,Baseload
2020-05-31,LKBONNY2,-10.680863631253295,Baseload
2020-06-30,LKBONNY2,-18.42103806100483,Baseload
2020-07-31,LKBONNY2,-13.915042194504395,Baseload
2020-08-31,LKBONNY2,-9.744311727287425,Baseload
2020-09-30,LKBONNY2,3.5161166628774225,Baseload
2020-10-31,LKBONNY2,2.5826300661913564,Baseload
2020-11-30,LKBONNY2,-3.350893662074313,Baseload
2020-12-31,LKBONNY2,3.776775302867758,Baseload
2021-01-31,LKBONNY2,1.1961225370955404,Baseload
2021-02-28,LKBONNY2,4.518625996499555,Baseload
2021-03-31,LKBONNY2,6.25755278163966,Baseload
2021-04-30,LKBONNY2,-16.74646542661791,Baseload
2021-05-31,LKBONNY2,-23.37401321049591,Baseload
2021-06-30,LKBONNY2,-20.40746362735161,Baseload
2021-07-31,LKBONNY2,-26.30247897593962,Baseload
2021-08-31,LKBONNY2,-5.587713039151758,Baseload
2021-09-30,LKBONNY2,7.487799998658588,Baseload
2021-10-31,LKBONNY2,11.784298956734885,Baseload
2021-11-30,LKBONNY2,-13.37648363431586,Baseload
2021-12-31,LKBONNY2,-21.09805544447493,Baseload
2022-01-31,LKBONNY2,-15.106829304707489,Baseload
2022-02-28,LKBONNY2,-1.6302591606487908,Baseload
2022-03-31,LKBONNY2,-13.77640926693384,Baseload
2022-04-30,LKBONNY2,-27.180386684204592,Baseload
2022-05-31,LKBONNY2,-60.20378939134309,Baseload
2022-06-30,LKBONNY2,-39.13045948493112,Baseload
2022-07-31,LKBONNY2,-106.38124325722225,Baseload
2022-08-31,LKBONNY2,-83.06219387684915,Baseload
2022-09-30,LKBONNY2,-28.79955463783611,Baseload
2022-10-31,LKBONNY2,-24.254939508622627,Baseload
2022-11-30,LKBONNY2,-13.34382883418239,Baseload
2022-12-31,LKBONNY2,-3.6051762120736655,Baseload
2023-01-31,LKBONNY2,-3.6250472311606146,Baseload
2023-02-28,LKBONNY2,-28.113956263517977,Baseload
2023-03-31,LKBONNY2,-17.008387881180056,Baseload
2023-04-30,LKBONNY2,-21.392501200504924,Baseload
2023-05-31,LKBONNY2,-74.78626268962721,Baseload
2023-06-30,LKBONNY2,-39.67183533150871,Baseload
2023-07-31,LKBONNY2,-30.989757566902767,Baseload
2023-08-31,LKBONNY2,-54.60836034218961,Baseload
2023-09-30,LKBONNY2,-10.366920227714758,Baseload
2023-10-31,LKBONNY2,-10.52141951561092,Baseload
2023-11-30,LKBONNY2,-16.08862724338137,Baseload
2023-12-31,LKBONNY2,0.9506031997122335,Baseload
2024-01-31,LKBONNY2,0.751909500311001,Baseload
2024-02-29,LKBONNY2,-3.439486871470571,Baseload
2024-03-31,LKBONNY2,10.232264406638379,Baseload
2024-04-30,LKBONNY2,-32.15228480530761,Baseload
2024-05-31,LKBONNY2,-46.85458748236046,Baseload
2024-06-30,LKBONNY2,-71.74815612057964,Baseload
2024-07-31,LKBONNY2,-133.88641589882872,Baseload
2024-08-31,LKBONNY2,-77.04559873523593,Baseload
2024-09-30,LKBONNY2,-56.272796851678166,Baseload
2024-10-31,LKBONNY2,12.364345314609665,Baseload
2024-11-30,LKBONNY2,16.57327404151122,Baseload
2024-12-31,LKBONNY2,3.202943197124661,Baseload
2020-01-31,LKBONNY3,-26.571907357935963,Baseload
2020-02-29,LKBONNY3,-29.16458511274918,Baseload
2020-03-31,LKBONNY3,-8.289563842495689,Baseload
2020-04-30,LKBONNY3,-12.052549459423371,Baseload
2020-05-31,LKBONNY3,-10.190830496981363,Baseload
2020-06-30,LKBONNY3,-18.327491922796657,Baseload
2020-07-31,LKBONNY3,-13.43155541858539,Baseload
2020-08-31,LKBONNY3,-7.923159317439044,Baseload
2020-09-30,LKBONNY3,5.5829545314821445,Baseload
2020-10-31,LKBONNY3,4.3469506056426255,Baseload
2020-11-30,LKBONNY3,-1.1646503722148438,Baseload
2020-12-31,LKBONNY3,3.9943371562142183,Baseload
2021-01-31,LKBONNY3,4.566822049622893,Baseload
2021-02-28,LKBONNY3,6.760979758327839,Baseload
2021-03-31,LKBONNY3,22.49942597540685,Baseload
2021-04-30,LKBONNY3,-15.158354996589772,Baseload
2021-05-31,LKBONNY3,-17.40079557720211,Baseload
2021-06-30,LKBONNY3,-21.051067137757677,Baseload
2021-07-31,LKBONNY3,-27.469529540479293,Baseload
2021-08-31,LKBONNY3,-3.4371108675278137,Baseload
2021-09-30,LKBONNY3,8.495493446229379,Baseload
2021-10-31,LKBONNY3,10.590866374736597,Baseload
2021-11-30,LKBONNY3,-14.75039848967096,Baseload
2021-12-31,LKBONNY3,-21.597891177120523,Baseload
2022-01-31,LKBONNY3,-18.35212102850066,Baseload
2022-02-28,LKBONNY3,-3.096666146180688,Baseload
2022-03-31,LKBONNY3,-15.986183740110341,Baseload
2022-04-30,LKBONNY3,-21.055745739010575,Baseload
2022-05-31,LKBONNY3,-78.34951150622157,Baseload
2022-06-30,LKBONNY3,-38.392265706664375,Baseload
2022-07-31,LKBONNY3,-97.5365769458499,Baseload
2022-08-31,LKBONNY3,-80.85820044501695,Baseload
2022-09-30,LKBONNY3,-0.20063941815359954,Baseload
2022-10-31,LKBONNY3,-5.957203763922536,Baseload
2022-11-30,LKBONNY3,0.784262320863057,Baseload
2022-12-31,LKBONNY3,6.608179886243718,Baseload
2023-01-31,LKBONNY3,-1.4289059745197576,Baseload
2023-02-28,LKBONNY3,-25.616808271059753,Baseload
2023-03-31,LKBONNY3,-9.01348625409831,Baseload
2023-04-30,LKBONNY3,-8.080946734376994,Baseload
2023-05-31,LKBONNY3,-72.44758609768634,Baseload
2023-06-30,LKBONNY3,-28.414003370060975,Baseload
2023-07-31,LKBONNY3,-19.23085144451033,Baseload
2023-08-31,LKBONNY3,-27.929462013261542,Baseload
2023-09-30,LKBONNY3,21.42367674641136,Baseload
2023-10-31,LKBONNY3,7.056263466965177,Baseload
2023-11-30,LKBONNY3,0.6899040913441539,Baseload
2023-12-31,LKBONNY3,21.6470299739414,Baseload
2024-01-31,LKBONNY3,11.883685458545528,Baseload
2024-02-29,LKBONNY3,4.494300901432368,Baseload
2024-03-31,LKBONNY3,9.205720551687264,Baseload
2024-04-30,LKBONNY3,-22.322096877651802,Baseload
2024-05-31,LKBONNY3,-39.45790987623735,Baseload
2024-06-30,LKBONNY3,-61.94959192039612,Baseload
2024-07-31,LKBONNY3,-123.88108309072302,Baseload
2024-08-31,LKBONNY3,-56.666859983013225,Baseload
2024-09-30,LKBONNY3,-37.81950636328003,Baseload
2024-10-31,LKBONNY3,17.631204214394806,Baseload
2024-11-30,LKBONNY3,18.68233019492731,Baseload
2024-12-31,LKBONNY3,10.353728348599482,Baseload
2020-01-31,NBHWF1,-10.239134617418529,Baseload
2020-02-29,NBHWF1,-24.356872961113204,Baseload
2020-03-31,NBHWF1,-16.988932549125362,Baseload
2020-04-30,NBHWF1,-13.42694561570542,Baseload
2020-05-31,NBHWF1,-8.444924858646473,Baseload
2020-06-30,NBHWF1,-14.246148585411639,Baseload
2020-07-31,NBHWF1,-12.420538879180569,Baseload
2020-08-31,NBHWF1,-13.94202424551871,Baseload
2020-09-30,NBHWF1,-6.376681604975737,Baseload
2020-10-31,NBHWF1,-14.14420499116434,Baseload
2020-11-30,NBHWF1,-7.038798738664376,Baseload
2020-12-31,NBHWF1,-8.779448441236172,Baseload
2021-01-31,NBHWF1,-8.104063805043129,Baseload
2021-02-28,NBHWF1,-4.816245211452369,Baseload
2021-03-31,NBHWF1,-49.90673574913171,Baseload
2021-04-30,NBHWF1,-20.83883416007469,Baseload
2021-05-31,NBHWF1,-36.199097751411664,Baseload
2021-06-30,NBHWF1,-16.751126355046523,Baseload
2021-07-31,NBHWF1,-32.4134597739912,Baseload
2021-08-31,NBHWF1,-14.390246229235657,Baseload
2021-09-30,NBHWF1,-0.9976628810880008,Baseload
2021-10-31,NBHWF1,0.16126984852438575,Baseload
2021-11-30,NBHWF1,-15.087682111971642,Baseload
2021-12-31,NBHWF1,-34.13582572476,Baseload
2022-01-31,NBHWF1,-43.10734094825788,Baseload
2022-02-28,NBHWF1,-3.5900045439745227,Baseload
2022-03-31,NBHWF1,-15.427728664256662,Baseload
2022-04-30,NBHWF1,-30.06247017568441,Baseload
2022-05-31,NBHWF1,-47.58367357422799,Baseload
2022-06-30,NBHWF1,-69.98400933709888,Baseload
2022-07-31,NBHWF1,-130.13497196806142,Baseload
2022-08-31,NBHWF1,-81.0886827448439,Baseload
2022-09-30,NBHWF1,-48.019934964493274,Baseload
2022-10-31,NBHWF1,-19.729893907680506,Baseload
2022-11-30,NBHWF1,-40.40988845963638,Baseload
2022-12-31,NBHWF1,6.6688167633982545,Baseload
2023-01-31,NBHWF1,-7.7278710911262465,Baseload
2023-02-28,NBHWF1,-31.340116653895876,Baseload
2023-03-31,NBHWF1,-16.37788227897783,Baseload
2023-04-30,NBHWF1,-19.501599420491246,Baseload
2023-05-31,NBHWF1,-94.05281890536449,Baseload
2023-06-30,NBHWF1,-44.755560661714846,Baseload
2023-07-31,NBHWF1,-37.73923582943125,Baseload
2023-08-31,NBHWF1,-98.37606647588643,Baseload
2023-09-30,NBHWF1,-12.020883740904765,Baseload
2023-10-31,NBHWF1,6.324299290281349,Baseload
2023-11-30,NBHWF1,0.40328640190629983,Baseload
2023-12-31,NBHWF1,12.261891133304026,Baseload
2024-01-31,NBHWF1,0.8694929191433829,Baseload
2024-02-29,NBHWF1,-11.773553120323953,Baseload
2024-03-31,NBHWF1,-12.900067797310484,Baseload
2024-04-30,NBHWF1,-11.916850788270423,Baseload
2024-05-31,NBHWF1,-31.06295648906105,Baseload
2024-06-30,NBHWF1,-60.273766552550654,Baseload
2024-07-31,NBHWF1,-104.31816525821685,Baseload
2024-08-31,NBHWF1,-94.61910761180317,Baseload
2024-09-30,NBHWF1,-60.52148377075396,Baseload
2024-10-31,NBHWF1,2.7570314921814543,Baseload
2024-11-30,NBHWF1,-3.3221497837550373,Baseload
2024-12-31,NBHWF1,-2.638858006411432,Baseload
2020-01-31,SNOWNTH1,-23.012314044421323,Baseload
2020-02-29,SNOWNTH1,-22.00113394794603,Baseload
2020-03-31,SNOWNTH1,-12.238145207115323,Baseload
2020-04-30,SNOWNTH1,-13.107857039620612,Baseload
2020-05-31,SNOWNTH1,-8.663956021195169,Baseload
2020-06-30,SNOWNTH1,-17.31716011361562,Baseload
2020-07-31,SNOWNTH1,-13.34174836890957,Baseload
2020-08-31,SNOWNTH1,-10.223128460350168,Baseload
2020-09-30,SNOWNTH1,-2.534577891047528,Baseload
2020-10-31,SNOWNTH1,-11.559655935176213,Baseload
2020-11-30,SNOWNTH1,-7.739618485077582,Baseload
2020-12-31,SNOWNTH1,-7.807051298423552,Baseload
2021-01-31,SNOWNTH1,-9.300632495369385,Baseload
2021-02-28,SNOWNTH1,-3.5475694436822813,Baseload
2021-03-31,SNOWNTH1,-43.752567818304726,Baseload
2021-04-30,SNOWNTH1,-20.50149072935849,Baseload
2021-05-31,SNOWNTH1,-37.02047095537469,Baseload
2021-06-30,SNOWNTH1,-19.789352553971696,Baseload
2021-07-31,SNOWNTH1,-37.37980859732542,Baseload
2021-08-31,SNOWNTH1,-23.65677915356414,Baseload
2021-09-30,SNOWNTH1,-22.464418582978997,Baseload
2021-10-31,SNOWNTH1,-7.3559663566384295,Baseload
2021-11-30,SNOWNTH1,-20.803909536263184,Baseload
2021-12-31,SNOWNTH1,-39.50892650539713,Baseload
2022-01-31,SNOWNTH1,-45.536646967269505,Baseload
2022-02-28,SNOWNTH1,-6.317381375721318,Baseload
2022-03-31,SNOWNTH1,-25.25546122818028,Baseload
2022-04-30,SNOWNTH1,-36.320203851032616,Baseload
2022-05-31,SNOWNTH1,-100.53098396448024,Baseload
2022-06-30,SNOWNTH1,-92.0709675102278,Baseload
2022-07-31,SNOWNTH1,-142.0448457528314,Baseload
2022-08-31,SNOWNTH1,-89.70497759799494,Baseload
2022-09-30,SNOWNTH1,-63.23684230854431,Baseload
2022-10-31,SNOWNTH1,-40.16305837392828,Baseload
2022-11-30,SNOWNTH1,-42.253570140381484,Baseload
2022-12-31,SNOWNTH1,-4.7492479984313825,Baseload
2023-01-31,SNOWNTH1,-17.874634898266812,Baseload
2023-02-28,SNOWNTH1,-42.648456480260315,Baseload
2023-03-31,SNOWNTH1,-19.713330989563232,Baseload
2023-04-30,SNOWNTH1,-37.43536732151305,Baseload
2023-05-31,SNOWNTH1,-111.5521975236017,Baseload
2023-06-30,SNOWNTH1,-53.173625910649115,Baseload
2023-07-31,SNOWNTH1,-50.184397092310235,Baseload
2023-08-31,SNOWNTH1,-133.54616171445585,Baseload
2023-09-30,SNOWNTH1,-31.63582543499956,Baseload
2023-10-31,SNOWNTH1,-12.833109440174525,Baseload
2023-11-30,SNOWNTH1,2.2110690316558035,Baseload
2023-12-31,SNOWNTH1,-7.355713938394057,Baseload
2024-01-31,SNOWNTH1,-3.2606663625018335,Baseload
2024-02-29,SNOWNTH1,-19.699040816922405,Baseload
2024-03-31,SNOWNTH1,-10.108653434100617,Baseload
2024-04-30,SNOWNTH1,-11.714587514804762,Baseload
2024-05-31,SNOWNTH1,-57.92810832737358,Baseload
2024-06-30,SNOWNTH1,-55.59788060411614,Baseload
2024-07-31,SNOWNTH1,-150.69510084977975,Baseload
2024-08-31,SNOWNTH1,-119.60137287657426,Baseload
2024-09-30,SNOWNTH1,-75.64433662972837,Baseload
2024-10-31,SNOWNTH1,-18.147193543770967,Baseload
2024-11-30,SNOWNTH1,-22.410316348409836,Baseload
2024-12-31,SNOWNTH1,-15.546513110853006,Baseload
2020-01-31,SNOWSTH1,-23.633584126324052,Baseload
2020-02-29,SNOWSTH1,-21.403308224077108,Baseload
2020-03-31,SNOWSTH1,-11.572817132987268,Baseload
2020-04-30,SNOWSTH1,-11.437736612181535,Baseload
2020-05-31,SNOWSTH1,-7.206923551012295,Baseload
2020-06-30,SNOWSTH1,-16.722843384103257,Baseload
2020-07-31,SNOWSTH1,-11.02365751409127,Baseload
2020-08-31,SNOWSTH1,-6.435492839280968,Baseload
2020-09-30,SNOWSTH1,3.134797062586273,Baseload
2020-10-31,SNOWSTH1,-7.2725253347674865,Baseload
2020-11-30,SNOWSTH1,-6.053436987009093,Baseload
2020-12-31,SNOWSTH1,-5.02171742151441,Baseload
2021-01-31,SNOWSTH1,-6.573779610152936,Baseload
2021-02-28,SNOWSTH1,-1.9346279016360732,Baseload
2021-03-31,SNOWSTH1,-38.8239365776922,Baseload
2021-04-30,SNOWSTH1,-17.74976256980768,Baseload
2021-05-31,SNOWSTH1,-30.111587231319902,Baseload
2021-06-30,SNOWSTH1,-16.40201174515893,Baseload
2021-07-31,SNOWSTH1,-34.50378321251666,Baseload
2021-08-31,SNOWSTH1,-20.08691662432441,Baseload
2021-09-30,SNOWSTH1,-17.59217462972471,Baseload
2021-10-31,SNOWSTH1,-3.752099686662966,Baseload
2021-11-30,SNOWSTH1,-17.845406909896003,Baseload
2021-12-31,SNOWSTH1,-30.178718723756297,Baseload
2022-01-31,SNOWSTH1,-46.98513933676956,Baseload
2022-02-28,SNOWSTH1,-5.347428696333296,Baseload
2022-03-31,SNOWSTH1,-21.878525956797127,Baseload
2022-04-30,SNOWSTH1,-39.2318768313787,Baseload
2022-05-31,SNOWSTH1,-83.8075207120311,Baseload
2022-06-30,SNOWSTH1,-81.86649080787299,Baseload
2022-07-31,SNOWSTH1,-127.53132112247687,Baseload
2022-08-31,SNOWSTH1,-78.72984403411387,Baseload
2022-09-30,SNOWSTH1,-54.23217400872562,Baseload
2022-10-31,SNOWSTH1,-33.67846713751147,Baseload
2022-11-30,SNOWSTH1,-29.52579652641912,Baseload
2022-12-31,SNOWSTH1,-2.4402295395299163,Baseload
2023-01-31,SNOWSTH1,-13.172290133512135,Baseload
2023-02-28,SNOWSTH1,-37.40054184514855,Baseload
2023-03-31,SNOWSTH1,-19.231827311575373,Baseload
2023-04-30,SNOWSTH1,-33.392550544390765,Baseload
2023-05-31,SNOWSTH1,-98.94999762130651,Baseload
2023-06-30,SNOWSTH1,-50.64423852558186,Baseload
2023-07-31,SNOWSTH1,-46.85412541152958,Baseload
2023-08-31,SNOWSTH1,-127.00383578906357,Baseload
2023-09-30,SNOWSTH1,-28.288617804202957,Baseload
2023-10-31,SNOWSTH1,-9.457943983914415,Baseload
2023-11-30,SNOWSTH1,6.21073001581469,Baseload
2023-12-31,SNOWSTH1,-7.67374852266299,Baseload
2024-01-31,SNOWSTH1,-2.8754761304238308,Baseload
2024-02-29,SNOWSTH1,-18.07835898626113,Baseload
2024-03-31,SNOWSTH1,-10.13538797626476,Baseload
2024-04-30,SNOWSTH1,-16.993223396767405,Baseload
2024-05-31,SNOWSTH1,-55.47790683940315,Baseload
2024-06-30,SNOWSTH1,-52.17421272639699,Baseload
2024-07-31,SNOWSTH1,-142.83791415883363,Baseload
2024-08-31,SNOWSTH1,-110.43425380580706,Baseload
2024-09-30,SNOWSTH1,-75.99588999756615,Baseload
2024-10-31,SNOWSTH1,-16.008469059533,Baseload
2024-11-30,SNOWSTH1,-16.603270624872366,Baseload
2024-12-31,SNOWSTH1,-13.51716743420419,Baseload
2020-01-31,SNOWTWN1,-19.994551496045418,Baseload
2020-02-29,SNOWTWN1,-11.20632297838219,Baseload
2020-03-31,SNOWTWN1,-9.046682227749535,Baseload
2020-04-30,SNOWTWN1,-11.304571671267716,Baseload
2020-05-31,SNOWTWN1,-6.446942670425539,Baseload
2020-06-30,SNOWTWN1,-17.008596205633495,Baseload
2020-07-31,SNOWTWN1,-12.209512535452632,Baseload
2020-08-31,SNOWTWN1,-9.048577936066515,Baseload
2020-09-30,SNOWTWN1,3.941787771004705,Baseload
2020-10-31,SNOWTWN1,-5.932222944102637,Baseload
2020-11-30,SNOWTWN1,-2.2647995374632686,Baseload
2020-12-31,SNOWTWN1,4.81458747195007,Baseload
2021-01-31,SNOWTWN1,-0.3886224380600325,Baseload
2021-02-28,SNOWTWN1,4.036673025651755,Baseload
2021-03-31,SNOWTWN1,-34.25740277651061,Baseload
2021-04-30,SNOWTWN1,-17.377337879711447,Baseload
2021-05-31,SNOWTWN1,-32.673401215438744,Baseload
2021-06-30,SNOWTWN1,-15.61386873221906,Baseload
2021-07-31,SNOWTWN1,-25.589435503801326,Baseload
2021-08-31,SNOWTWN1,-9.958112760844301,Baseload
2021-09-30,SNOWTWN1,2.072744007534485,Baseload
2021-10-31,SNOWTWN1,11.717094353792122,Baseload
2021-11-30,SNOWTWN1,-3.860369228203645,Baseload
2021-12-31,SNOWTWN1,-29.544778653149173,Baseload
2022-01-31,SNOWTWN1,-37.0104113424483,Baseload
2022-02-28,SNOWTWN1,2.406950793015426,Baseload
2022-03-31,SNOWTWN1,-6.991288148970568,Baseload
2022-04-30,SNOWTWN1,-18.88658698997881,Baseload
2022-05-31,SNOWTWN1,-68.13134333380535,Baseload
2022-06-30,SNOWTWN1,-68.22260008322073,Baseload
2022-07-31,SNOWTWN1,-112.34719049272661,Baseload
2022-08-31,SNOWTWN1,-69.87837119679573,Baseload
2022-09-30,SNOWTWN1,-27.548228767063563,Baseload
2022-10-31,SNOWTWN1,-13.78014478105328,Baseload
2022-11-30,SNOWTWN1,9.851733286868807,Baseload
2022-12-31,SNOWTWN1,10.228356574950773,Baseload
2023-01-31,SNOWTWN1,3.097374234175284,Baseload
2023-02-28,SNOWTWN1,-21.5232254023865,Baseload
2023-03-31,SNOWTWN1,1.6160897981193756,Baseload
2023-04-30,SNOWTWN1,-23.410520702855102,Baseload
2023-05-31,SNOWTWN1,-96.35228071309149,Baseload
2023-06-30,SNOWTWN1,-43.296637148134096,Baseload
2023-07-31,SNOWTWN1,-42.00018987272705,Baseload
2023-08-31,SNOWTWN1,-109.96834346540608,Baseload
2023-09-30,SNOWTWN1,-10.53217934840583,Baseload
2023-10-31,SNOWTWN1,10.31744150883851,Baseload
2023-11-30,SNOWTWN1,19.352002163747805,Baseload
2023-12-31,SNOWTWN1,15.9520375708627,Baseload
2024-01-31,SNOWTWN1,9.730484240275793,Baseload
2024-02-29,SNOWTWN1,-5.9979920224455725,Baseload
2024-03-31,SNOWTWN1,-4.295623579534414,Baseload
2024-04-30,SNOWTWN1,-5.2954947250266,Baseload
2024-05-31,SNOWTWN1,-22.916068716358282,Baseload
2024-06-30,SNOWTWN1,-46.88938184842931,Baseload
2024-07-31,SNOWTWN1,-135.58832170902514,Baseload
2024-08-31,SNOWTWN1,-96.45863958552717,Baseload
2024-09-30,SNOWTWN1,-58.67986299287294,Baseload
2024-10-31,SNOWTWN1,16.60029650856538,Baseload
2024-11-30,SNOWTWN1,20.7469876037024,Baseload
2024-12-31,SNOWTWN1,22.917479020435273,Baseload
2020-01-31,WATERLWF,-35.016954932146625,Baseload
2020-02-29,WATERLWF,-28.265334462381063,Baseload
2020-03-31,WATERLWF,-15.118705285700443,Baseload
2020-04-30,WATERLWF,-12.290096838595296,Baseload
2020-05-31,WATERLWF,-9.246189018214732,Baseload
2020-06-30,WATERLWF,-15.755426312733412,Baseload
2020-07-31,WATERLWF,-11.530707813903867,Baseload
2020-08-31,WATERLWF,-12.66184711931448,Baseload
2020-09-30,WATERLWF,-8.926852124159113,Baseload
2020-10-31,WATERLWF,-19.01929542347412,Baseload
2020-11-30,WATERLWF,-10.103222888955251,Baseload
2020-12-31,WATERLWF,-17.354845378070383,Baseload
2021-01-31,WATERLWF,-8.494195164314498,Baseload
2021-02-28,WATERLWF,-6.36135930827778,Baseload
2021-03-31,WATERLWF,-40.2880273782677,Baseload
2021-04-30,WATERLWF,-20.941304211709475,Baseload
2021-05-31,WATERLWF,-31.35346053540355,Baseload
2021-06-30,WATERLWF,-18.530082333300825,Baseload
2021-07-31,WATERLWF,-34.010301333163895,Baseload
2021-08-31,WATERLWF,-16.263771981414617,Baseload
2021-09-30,WATERLWF,-13.24772800362741,Baseload
2021-10-31,WATERLWF,7.875053439081883,Baseload
2021-11-30,WATERLWF,-18.41896757956028,Baseload
2021-12-31,WATERLWF,-38.70154924853095,Baseload
2022-01-31,WATERLWF,-41.38823135392893,Baseload
2022-02-28,WATERLWF,-7.586879761361878,Baseload
2022-03-31,WATERLWF,-18.259381183167626,Baseload
2022-04-30,WATERLWF,-34.889362932752206,Baseload
2022-05-31,WATERLWF,-57.367159554012744,Baseload
2022-06-30,WATERLWF,-67.519366330607,Baseload
2022-07-31,WATERLWF,-123.87594699469415,Baseload
2022-08-31,WATERLWF,-75.36915260854933,Baseload
2022-09-30,WATERLWF,-49.064373203949444,Baseload
2022-10-31,WATERLWF,-21.189116142853194,Baseload
2022-11-30,WATERLWF,-32.48958024718294,Baseload
2022-12-31,WATERLWF,-6.051704549177522,Baseload
2023-01-31,WATERLWF,-11.839714065040674,Baseload
2023-02-28,WATERLWF,-40.73136578565222,Baseload
2023-03-31,WATERLWF,-24.991106935157568,Baseload
2023-04-30,WATERLWF,-33.250609617733446,Baseload
2023-05-31,WATERLWF,-90.8973974287306,Baseload
2023-06-30,WATERLWF,-48.851377308524356,Baseload
2023-07-31,WATERLWF,-42.08674710871958,Baseload
2023-08-31,WATERLWF,-92.33518421744793,Baseload
2023-09-30,WATERLWF,-23.60829452129767,Baseload
2023-10-31,WATERLWF,-7.9942770063282556,Baseload
2023-11-30,WATERLWF,1.6741883785902303,Baseload
2023-12-31,WATERLWF,5.642752190788286,Baseload
2024-01-31,WATERLWF,-4.9571582496469055,Baseload
2024-02-29,WATERLWF,-14.930321652345071,Baseload
2024-03-31,WATERLWF,-8.611223525616055,Baseload
2024-04-30,WATERLWF,-26.38802354028266,Baseload
2024-05-31,WATERLWF,-41.123709212820245,Baseload
2024-06-30,WATERLWF,-64.76594264918802,Baseload
2024-07-31,WATERLWF,-128.7814660012918,Baseload
2024-08-31,WATERLWF,-107.93629262189377,Baseload
2024-09-30,WATERLWF,-77.78772751302392,Baseload
2024-10-31,WATERLWF,-21.68328580096153,Baseload
2024-11-30,WATERLWF,-19.62258348382388,Baseload
2024-12-31,WATERLWF,-25.21718521311726,Baseload
2020-01-31,WGWF1,-11.28243050167184,Baseload
2020-02-29,WGWF1,-23.813295949483013,Baseload
2020-03-31,WGWF1,-17.930881026012184,Baseload
2020-04-30,WGWF1,-13.486340143193086,Baseload
2020-05-31,WGWF1,-8.732578018322432,Baseload
2020-06-30,WGWF1,-15.48820297796049,Baseload
2020-07-31,WGWF1,-13.539768077513237,Baseload
2020-08-31,WGWF1,-15.105488630608491,Baseload
2020-09-30,WGWF1,-10.873226568860517,Baseload
2020-10-31,WGWF1,-18.42157673587755,Baseload
2020-11-30,WGWF1,-9.633862975446625,Baseload
2020-12-31,WGWF1,-11.734436411686618,Baseload
2021-01-31,WGWF1,-9.915411964037013,Baseload
2021-02-28,WGWF1,-6.329231700266423,Baseload
2021-03-31,WGWF1,-41.24264480553266,Baseload
2021-04-30,WGWF1,-19.5617885003332,Baseload
2021-05-31,WGWF1,-35.51744067252758,Baseload
2021-06-30,WGWF1,-14.727314731518291,Baseload
2021-07-31,WGWF1,-32.59574715324491,Baseload
2021-08-31,WGWF1,-15.814454494540357,Baseload
2021-09-30,WGWF1,-8.75973803576845,Baseload
2021-10-31,WGWF1,-4.171001888574349,Baseload
2021-11-30,WGWF1,-21.877134459919763,Baseload
2021-12-31,WGWF1,-43.35160412948822,Baseload
2022-01-31,WGWF1,-48.318699023805344,Baseload
2022-02-28,WGWF1,-6.765890460982256,Baseload
2022-03-31,WGWF1,-21.03036463826995,Baseload
2022-04-30,WGWF1,-40.619439912892645,Baseload
2022-05-31,WGWF1,-75.05187600806846,Baseload
2022-06-30,WGWF1,-64.32991510768912,Baseload
2022-07-31,WGWF1,-119.32376812694176,Baseload
2022-08-31,WGWF1,-84.12979864045427,Baseload
2022-09-30,WGWF1,-58.21435660244309,Baseload
2022-10-31,WGWF1,-24.718582594783385,Baseload
2022-11-30,WGWF1,-38.556229704583814,Baseload
2022-12-31,WGWF1,-6.327859900541728,Baseload
2023-01-31,WGWF1,-13.397863715094068,Baseload
2023-02-28,WGWF1,-38.70673462608366,Baseload
2023-03-31,WGWF1,-21.629419670346493,Baseload
2023-04-30,WGWF1,-29.36164540312481,Baseload
2023-05-31,WGWF1,-92.67244868271113,Baseload
2023-06-30,WGWF1,-44.47251734728865,Baseload
2023-07-31,WGWF1,-39.55227606916672,Baseload
2023-08-31,WGWF1,-97.17088406154392,Baseload
2023-09-30,WGWF1,-24.18918324539268,Baseload
2023-10-31,WGWF1,-10.320058626282414,Baseload
2023-11-30,WGWF1,0.9079448212402212,Baseload
2023-12-31,WGWF1,-12.34800177241452,Baseload
2024-01-31,WGWF1,-2.0296578375374743,Baseload
2024-02-29,WGWF1,4.5719238179557635,Baseload
2024-03-31,WGWF1,-10.673128079621698,Baseload
2024-04-30,WGWF1,-19.19757849077132,Baseload
2024-05-31,WGWF1,-34.08271456815231,Baseload
2024-06-30,WGWF1,-57.11029356567609,Baseload
2024-07-31,WGWF1,-120.30713685691813,Baseload
2024-08-31,WGWF1,-112.28066518416952,Baseload
2024-09-30,WGWF1,-74.43992551064149,Baseload
2024-10-31,WGWF1,-16.333212881855992,Baseload
2024-11-30,WGWF1,-19.04378777824961,Baseload
2024-12-31,WGWF1,-13.872240213292976,Baseload
