Period,DUID,Delta,Contract
2020-01-05,BLUFF1,0.22370465500868875,Ex-post DWA
2020-01-12,BLUFF1,0.23224145426050313,Ex-post DWA
2020-01-19,BLUFF1,-1.6059047349709061,Ex-post DWA
2020-01-26,BLUFF1,-3.094702568337077,Ex-post DWA
2020-02-02,BLUFF1,-47.73612849797607,Ex-post DWA
2020-02-09,BLUFF1,-4.3214632755966385,Ex-post DWA
2020-02-16,BLUFF1,3.585224632237015,Ex-post DWA
2020-02-23,BLUFF1,-1.9926853421761592,Ex-post DWA
2020-03-01,BLUFF1,-9.696071547941706,Ex-post DWA
2020-03-08,BLUFF1,-6.187245847564924,Ex-post DWA
2020-03-15,BLUFF1,-2.6616663899107174,Ex-post DWA
2020-03-22,BLUFF1,-0.72690320802419,Ex-post DWA
2020-03-29,BLUFF1,-4.328442203933953,Ex-post DWA
2020-04-05,BLUFF1,2.1189496123266807,Ex-post DWA
2020-04-12,BLUFF1,-17.004166327738083,Ex-post DWA
2020-04-19,BLUFF1,-2.1259832550107127,Ex-post DWA
2020-04-26,BLUFF1,-0.30188164548125407,Ex-post DWA
2020-05-03,BLUFF1,-0.02520893171899985,Ex-post DWA
2020-05-10,BLUFF1,-2.970853622959302,Ex-post DWA
2020-05-17,BLUFF1,-4.6184233016369305,Ex-post DWA
2020-05-24,BLUFF1,-0.7715897434008312,Ex-post DWA
2020-05-31,BLUFF1,-1.5914743981059516,Ex-post DWA
2020-06-07,BLUFF1,-2.320705413401761,Ex-post DWA
2020-06-14,BLUFF1,-0.6455268284339084,Ex-post DWA
2020-06-21,BLUFF1,1.0961019402317973,Ex-post DWA
2020-06-28,BLUFF1,-0.47866223892502546,Ex-post DWA
2020-07-05,BLUFF1,-0.5531029381173695,Ex-post DWA
2020-07-12,BLUFF1,-1.5427553187284033,Ex-post DWA
2020-07-19,BLUFF1,-7.216385135925545,Ex-post DWA
2020-07-26,BLUFF1,-8.214236067223574,Ex-post DWA
2020-08-02,BLUFF1,-3.8382603615443074,Ex-post DWA
2020-08-09,BLUFF1,-1.2975853529150143,Ex-post DWA
2020-08-16,BLUFF1,0.9314675526374074,Ex-post DWA
2020-08-23,BLUFF1,-1.6156461804121136,Ex-post DWA
2020-08-30,BLUFF1,-9.205878878532605,Ex-post DWA
2020-09-06,BLUFF1,-7.761701962376566,Ex-post DWA
2020-09-13,BLUFF1,-6.017006753518562,Ex-post DWA
2020-09-20,BLUFF1,-18.958299471841755,Ex-post DWA
2020-09-27,BLUFF1,-5.4607484967819815,Ex-post DWA
2020-10-04,BLUFF1,-3.927990221893654,Ex-post DWA
2020-10-11,BLUFF1,-12.060654015591311,Ex-post DWA
2020-10-18,BLUFF1,0.834917450707664,Ex-post DWA
2020-10-25,BLUFF1,-16.089455962697997,Ex-post DWA
2020-11-01,BLUFF1,-6.983846630437544,Ex-post DWA
2020-11-08,BLUFF1,-5.766976077911096,Ex-post DWA
2020-11-15,BLUFF1,-0.16219197075335146,Ex-post DWA
2020-11-22,BLUFF1,-6.192953013164889,Ex-post DWA
2020-11-29,BLUFF1,-3.997336221988064,Ex-post DWA
2020-12-06,BLUFF1,-8.45276606357363,Ex-post DWA
2020-12-13,BLUFF1,-6.844744297129955,Ex-post DWA
2020-12-20,BLUFF1,-10.155829104860324,Ex-post DWA
2020-12-27,BLUFF1,-10.227742158830017,Ex-post DWA
2021-01-03,BLUFF1,-11.88004018160987,Ex-post DWA
2021-01-10,BLUFF1,-2.288986076617574,Ex-post DWA
2021-01-17,BLUFF1,-2.6738686588117737,Ex-post DWA
2021-01-24,BLUFF1,-3.9596546700567785,Ex-post DWA
2021-01-31,BLUFF1,2.4883234640481184,Ex-post DWA
2021-02-07,BLUFF1,-8.411567724689155,Ex-post DWA
2021-02-14,BLUFF1,1.0814020107058333,Ex-post DWA
2021-02-21,BLUFF1,3.01694015838628,Ex-post DWA
2021-02-28,BLUFF1,-21.309532418175944,Ex-post DWA
2021-03-07,BLUFF1,-5.225171327403125,Ex-post DWA
2021-03-14,BLUFF1,-61.34286082247422,Ex-post DWA
2021-03-21,BLUFF1,-10.302876278216392,Ex-post DWA
2021-03-28,BLUFF1,-8.246225408640633,Ex-post DWA
2021-04-04,BLUFF1,1.119830577915252,Ex-post DWA
2021-04-11,BLUFF1,-14.232328160491981,Ex-post DWA
2021-04-18,BLUFF1,-6.316089131871335,Ex-post DWA
2021-04-25,BLUFF1,-3.955306236097968,Ex-post DWA
2021-05-02,BLUFF1,-5.698323258030886,Ex-post DWA
2021-05-09,BLUFF1,6.274996314592379,Ex-post DWA
2021-05-16,BLUFF1,5.185497320122302,Ex-post DWA
2021-05-23,BLUFF1,-16.40901261869501,Ex-post DWA
2021-05-30,BLUFF1,-8.141845076680223,Ex-post DWA
2021-06-06,BLUFF1,-4.096217012826486,Ex-post DWA
2021-06-13,BLUFF1,-2.6771933863789457,Ex-post DWA
2021-06-20,BLUFF1,0.29320316996407314,Ex-post DWA
2021-06-27,BLUFF1,-3.3102939746055853,Ex-post DWA
2021-07-04,BLUFF1,1.8715770428189984,Ex-post DWA
2021-07-11,BLUFF1,-0.5006816469736179,Ex-post DWA
2021-07-18,BLUFF1,-5.475753648144746,Ex-post DWA
2021-07-25,BLUFF1,-2.5031147483766176,Ex-post DWA
2021-08-01,BLUFF1,-6.3273541758730705,Ex-post DWA
2021-08-08,BLUFF1,-1.1468775350301996,Ex-post DWA
2021-08-15,BLUFF1,-6.528520763957079,Ex-post DWA
2021-08-22,BLUFF1,-2.2373206288553362,Ex-post DWA
2021-08-29,BLUFF1,-4.626224016910456,Ex-post DWA
2021-09-05,BLUFF1,-1.281995647671452,Ex-post DWA
2021-09-12,BLUFF1,2.121437731507524,Ex-post DWA
2021-09-19,BLUFF1,6.4812577971440515,Ex-post DWA
2021-09-26,BLUFF1,-2.6182826960273076,Ex-post DWA
2021-10-03,BLUFF1,-6.426003730340916,Ex-post DWA
2021-10-10,BLUFF1,-8.881131351357977,Ex-post DWA
2021-10-17,BLUFF1,-0.8762604476369837,Ex-post DWA
2021-10-24,BLUFF1,-3.4422930966021097,Ex-post DWA
2021-10-31,BLUFF1,35.567688959645366,Ex-post DWA
2021-11-07,BLUFF1,-7.510020505747832,Ex-post DWA
2021-11-14,BLUFF1,-2.6610462793903817,Ex-post DWA
2021-11-21,BLUFF1,-7.746494699259055,Ex-post DWA
2021-11-28,BLUFF1,1.4924415298787146,Ex-post DWA
2021-12-05,BLUFF1,7.94021764971199,Ex-post DWA
2021-12-12,BLUFF1,-13.284492389107402,Ex-post DWA
2021-12-19,BLUFF1,-20.61430485699536,Ex-post DWA
2021-12-26,BLUFF1,-1.2908450411252126,Ex-post DWA
2022-01-02,BLUFF1,-0.5509698462946737,Ex-post DWA
2022-01-09,BLUFF1,1.2123224311234253,Ex-post DWA
2022-01-16,BLUFF1,-21.395948362144537,Ex-post DWA
2022-01-23,BLUFF1,-0.19373777429673567,Ex-post DWA
2022-01-30,BLUFF1,2.408552708483782,Ex-post DWA
2022-02-06,BLUFF1,-5.571587457933607,Ex-post DWA
2022-02-13,BLUFF1,-1.0604293126926763,Ex-post DWA
2022-02-20,BLUFF1,-6.1444425375081195,Ex-post DWA
2022-02-27,BLUFF1,-3.290465175616319,Ex-post DWA
2022-03-06,BLUFF1,-13.155978630376062,Ex-post DWA
2022-03-13,BLUFF1,-11.741708447325017,Ex-post DWA
2022-03-20,BLUFF1,-3.5845241159713765,Ex-post DWA
2022-03-27,BLUFF1,-0.36976544870040584,Ex-post DWA
2022-04-03,BLUFF1,-14.586993730119179,Ex-post DWA
2022-04-10,BLUFF1,-22.795483624741905,Ex-post DWA
2022-04-17,BLUFF1,-36.56444538842213,Ex-post DWA
2022-04-24,BLUFF1,-12.420768948023422,Ex-post DWA
2022-05-01,BLUFF1,-5.382917066828014,Ex-post DWA
2022-05-08,BLUFF1,2.3610314320040686,Ex-post DWA
2022-05-15,BLUFF1,-37.65400742113286,Ex-post DWA
2022-05-22,BLUFF1,-49.386068706908986,Ex-post DWA
2022-05-29,BLUFF1,1.756579560772309,Ex-post DWA
2022-06-05,BLUFF1,-20.611975535924074,Ex-post DWA
2022-06-12,BLUFF1,-27.34368451243978,Ex-post DWA
2022-06-19,BLUFF1,-12.533470830101464,Ex-post DWA
2022-06-26,BLUFF1,-10.959842404552802,Ex-post DWA
2022-07-03,BLUFF1,3.946983201257922,Ex-post DWA
2022-07-10,BLUFF1,-12.332938395144936,Ex-post DWA
2022-07-17,BLUFF1,-7.6252482519069815,Ex-post DWA
2022-07-24,BLUFF1,-22.190291021704525,Ex-post DWA
2022-07-31,BLUFF1,-29.17390760948399,Ex-post DWA
2022-08-07,BLUFF1,5.71624437066523,Ex-post DWA
2022-08-14,BLUFF1,-12.629839470366761,Ex-post DWA
2022-08-21,BLUFF1,-2.868469148652892,Ex-post DWA
2022-08-28,BLUFF1,-18.58330079357465,Ex-post DWA
2022-09-04,BLUFF1,-31.836575084040533,Ex-post DWA
2022-09-11,BLUFF1,27.79764279463592,Ex-post DWA
2022-09-18,BLUFF1,-15.333377419693562,Ex-post DWA
2022-09-25,BLUFF1,-12.643789283463718,Ex-post DWA
2022-10-02,BLUFF1,-3.5389314605298523,Ex-post DWA
2022-10-09,BLUFF1,-17.1875824094582,Ex-post DWA
2022-10-16,BLUFF1,-25.377968438111857,Ex-post DWA
2022-10-23,BLUFF1,-10.887108957509945,Ex-post DWA
2022-10-30,BLUFF1,1.3087569169205864,Ex-post DWA
2022-11-06,BLUFF1,-23.681543239325947,Ex-post DWA
2022-11-13,BLUFF1,-33.29821443388657,Ex-post DWA
2022-11-20,BLUFF1,-31.01963316196355,Ex-post DWA
2022-11-27,BLUFF1,-29.98018122879775,Ex-post DWA
2022-12-04,BLUFF1,-16.99256316454455,Ex-post DWA
2022-12-11,BLUFF1,6.669127407362531,Ex-post DWA
2022-12-18,BLUFF1,0.90855254143991,Ex-post DWA
2022-12-25,BLUFF1,-13.52249451566042,Ex-post DWA
2023-01-01,BLUFF1,-4.812059380778216,Ex-post DWA
2023-01-08,BLUFF1,-9.380869672568895,Ex-post DWA
2023-01-15,BLUFF1,-2.211274891646724,Ex-post DWA
2023-01-22,BLUFF1,-5.5699925951626525,Ex-post DWA
2023-01-29,BLUFF1,-26.10249149284855,Ex-post DWA
2023-02-05,BLUFF1,-2.5985553192076694,Ex-post DWA
2023-02-12,BLUFF1,-5.098478323884876,Ex-post DWA
2023-02-19,BLUFF1,7.486862949059542,Ex-post DWA
2023-02-26,BLUFF1,-1.3061920496590815,Ex-post DWA
2023-03-05,BLUFF1,-23.270618192506184,Ex-post DWA
2023-03-12,BLUFF1,-15.55409310334468,Ex-post DWA
2023-03-19,BLUFF1,-22.20795496169555,Ex-post DWA
2023-03-26,BLUFF1,-6.610709426374058,Ex-post DWA
2023-04-02,BLUFF1,-3.4009440494593406,Ex-post DWA
2023-04-09,BLUFF1,10.460600753337019,Ex-post DWA
2023-04-16,BLUFF1,-8.61441493360666,Ex-post DWA
2023-04-23,BLUFF1,10.410210824776087,Ex-post DWA
2023-04-30,BLUFF1,1.9910828612465608,Ex-post DWA
2023-05-07,BLUFF1,-26.222418549009504,Ex-post DWA
2023-05-14,BLUFF1,-4.5183843433492825,Ex-post DWA
2023-05-21,BLUFF1,-32.463598686625716,Ex-post DWA
2023-05-28,BLUFF1,-6.01324223407908,Ex-post DWA
2023-06-04,BLUFF1,-8.503371615631735,Ex-post DWA
2023-06-11,BLUFF1,-7.783832149393163,Ex-post DWA
2023-06-18,BLUFF1,-1.1304718447800122,Ex-post DWA
2023-06-25,BLUFF1,-5.600817177488196,Ex-post DWA
2023-07-02,BLUFF1,-17.123350468741833,Ex-post DWA
2023-07-09,BLUFF1,-6.112794330287906,Ex-post DWA
2023-07-16,BLUFF1,-23.880774899956272,Ex-post DWA
2023-07-23,BLUFF1,-10.148793575488291,Ex-post DWA
2023-07-30,BLUFF1,-16.009837899580333,Ex-post DWA
2023-08-06,BLUFF1,-7.499316495969643,Ex-post DWA
2023-08-13,BLUFF1,14.842029403092369,Ex-post DWA
2023-08-20,BLUFF1,-6.303019428982012,Ex-post DWA
2023-08-27,BLUFF1,-9.595163959088048,Ex-post DWA
2023-09-03,BLUFF1,-22.013725734279568,Ex-post DWA
2023-09-10,BLUFF1,1.9835630542613654,Ex-post DWA
2023-09-17,BLUFF1,-5.502680218002478,Ex-post DWA
2023-09-24,BLUFF1,-9.268672866323882,Ex-post DWA
2023-10-01,BLUFF1,-5.36479070257738,Ex-post DWA
2023-10-08,BLUFF1,-0.08124325171887392,Ex-post DWA
2023-10-15,BLUFF1,3.9485690720958253,Ex-post DWA
2023-10-22,BLUFF1,-0.06252095673066727,Ex-post DWA
2023-10-29,BLUFF1,0.950193120695189,Ex-post DWA
2023-11-05,BLUFF1,-11.066377521805695,Ex-post DWA
2023-11-12,BLUFF1,-12.973475134357003,Ex-post DWA
2023-11-19,BLUFF1,-3.5188903112117202,Ex-post DWA
2023-11-26,BLUFF1,-9.463052784302207,Ex-post DWA
2023-12-03,BLUFF1,-12.733268268856047,Ex-post DWA
2023-12-10,BLUFF1,16.226688695059153,Ex-post DWA
2023-12-17,BLUFF1,-17.351427655117263,Ex-post DWA
2023-12-24,BLUFF1,5.328791282412771,Ex-post DWA
2023-12-31,BLUFF1,-5.965139254581936,Ex-post DWA
2024-01-07,BLUFF1,-5.804207603801501,Ex-post DWA
2024-01-14,BLUFF1,1.1381554094737325,Ex-post DWA
2024-01-21,BLUFF1,-12.444634839998121,Ex-post DWA
2024-01-28,BLUFF1,12.007040946088502,Ex-post DWA
2024-02-04,BLUFF1,-6.152594275777119,Ex-post DWA
2024-02-11,BLUFF1,-4.359279637568992,Ex-post DWA
2024-02-18,BLUFF1,-2.000578347796001,Ex-post DWA
2024-02-25,BLUFF1,65.11660096791965,Ex-post DWA
2024-03-03,BLUFF1,-24.099747034727486,Ex-post DWA
2024-03-10,BLUFF1,-6.330023684473083,Ex-post DWA
2024-03-17,BLUFF1,-12.327642423305178,Ex-post DWA
2024-03-24,BLUFF1,2.293286156171952,Ex-post DWA
2024-03-31,BLUFF1,-7.951087198346805,Ex-post DWA
2024-04-07,BLUFF1,-18.41910786851726,Ex-post DWA
2024-04-14,BLUFF1,-13.954631445486996,Ex-post DWA
2024-04-21,BLUFF1,-14.734945165223635,Ex-post DWA
2024-04-28,BLUFF1,-7.970760796126406,Ex-post DWA
2024-05-05,BLUFF1,-33.25162593048145,Ex-post DWA
2024-05-12,BLUFF1,-13.452819422684797,Ex-post DWA
2024-05-19,BLUFF1,15.261611024286807,Ex-post DWA
2024-05-26,BLUFF1,2.609528861686613,Ex-post DWA
2024-06-02,BLUFF1,-16.439431346228062,Ex-post DWA
2024-06-09,BLUFF1,13.047018780115707,Ex-post DWA
2024-06-16,BLUFF1,-11.322629183576908,Ex-post DWA
2024-06-23,BLUFF1,-9.746547278955376,Ex-post DWA
2024-06-30,BLUFF1,-1.1375955080312679,Ex-post DWA
2024-07-07,BLUFF1,-0.2516743151727212,Ex-post DWA
2024-07-14,BLUFF1,3.574069911744516,Ex-post DWA
2024-07-21,BLUFF1,3.81818099281395,Ex-post DWA
2024-07-28,BLUFF1,-20.589901102617226,Ex-post DWA
2024-08-04,BLUFF1,9.737332816589372,Ex-post DWA
2024-08-11,BLUFF1,-53.44353324622891,Ex-post DWA
2024-08-18,BLUFF1,-3.0792363487150496,Ex-post DWA
2024-08-25,BLUFF1,-7.857180369305333,Ex-post DWA
2024-09-01,BLUFF1,-0.9949591584952842,Ex-post DWA
2024-09-08,BLUFF1,0.5145115979326818,Ex-post DWA
2024-09-15,BLUFF1,-4.878165295351742,Ex-post DWA
2024-09-22,BLUFF1,2.7791000852032823,Ex-post DWA
2024-09-29,BLUFF1,-1.9500753031156286,Ex-post DWA
2024-10-06,BLUFF1,3.171839100450738,Ex-post DWA
2024-10-13,BLUFF1,2.8899760167765614,Ex-post DWA
2024-10-20,BLUFF1,-2.2772863278217486,Ex-post DWA
2024-10-27,BLUFF1,0.7440721560215025,Ex-post DWA
2024-11-03,BLUFF1,-3.8647296135225666,Ex-post DWA
2024-11-10,BLUFF1,-15.270110028954978,Ex-post DWA
2024-11-17,BLUFF1,-0.2790429366011651,Ex-post DWA
2024-11-24,BLUFF1,-20.016401231854402,Ex-post DWA
2024-12-01,BLUFF1,-10.723450574762452,Ex-post DWA
2024-12-08,BLUFF1,-18.589299963137577,Ex-post DWA
2024-12-15,BLUFF1,-16.50380856745339,Ex-post DWA
2024-12-22,BLUFF1,0.7851276811595369,Ex-post DWA
2024-12-29,BLUFF1,3.193160882922518,Ex-post DWA
2025-01-05,BLUFF1,-25.302304643750098,Ex-post DWA
2020-01-05,CLEMGPWF,0.8506373284170579,Ex-post DWA
2020-01-12,CLEMGPWF,0.4573699120296837,Ex-post DWA
2020-01-19,CLEMGPWF,-1.566302716415926,Ex-post DWA
2020-01-26,CLEMGPWF,-1.7191152027803795,Ex-post DWA
2020-02-02,CLEMGPWF,-31.463085176536936,Ex-post DWA
2020-02-09,CLEMGPWF,-16.698002282619584,Ex-post DWA
2020-02-16,CLEMGPWF,2.496198040974818,Ex-post DWA
2020-02-23,CLEMGPWF,10.050898144033717,Ex-post DWA
2020-03-01,CLEMGPWF,0.8754734140386944,Ex-post DWA
2020-03-08,CLEMGPWF,0.9284666860698501,Ex-post DWA
2020-03-15,CLEMGPWF,0.15183372773837078,Ex-post DWA
2020-03-22,CLEMGPWF,-0.5053694404070939,Ex-post DWA
2020-03-29,CLEMGPWF,1.423091932534085,Ex-post DWA
2020-04-05,CLEMGPWF,-4.523485016302793,Ex-post DWA
2020-04-12,CLEMGPWF,7.525155793913868,Ex-post DWA
2020-04-19,CLEMGPWF,-1.2920041888287308,Ex-post DWA
2020-04-26,CLEMGPWF,-1.040702526312506,Ex-post DWA
2020-05-03,CLEMGPWF,-0.8996965312752145,Ex-post DWA
2020-05-10,CLEMGPWF,-2.0970262095182104,Ex-post DWA
2020-05-17,CLEMGPWF,2.3230177213038488,Ex-post DWA
2020-05-24,CLEMGPWF,0.34542594838842433,Ex-post DWA
2020-05-31,CLEMGPWF,-4.977401391831506,Ex-post DWA
2020-06-07,CLEMGPWF,3.754652584910332,Ex-post DWA
2020-06-14,CLEMGPWF,-4.412681674175936,Ex-post DWA
2020-06-21,CLEMGPWF,-1.2846365365043937,Ex-post DWA
2020-06-28,CLEMGPWF,-1.8279178019782236,Ex-post DWA
2020-07-05,CLEMGPWF,-1.6205089285246288,Ex-post DWA
2020-07-12,CLEMGPWF,-0.6241169617841535,Ex-post DWA
2020-07-19,CLEMGPWF,-5.437528600313591,Ex-post DWA
2020-07-26,CLEMGPWF,4.493832672487784,Ex-post DWA
2020-08-02,CLEMGPWF,1.3423090349923257,Ex-post DWA
2020-08-09,CLEMGPWF,-3.6538939040300065,Ex-post DWA
2020-08-16,CLEMGPWF,-2.253065083673718,Ex-post DWA
2020-08-23,CLEMGPWF,-2.288625888498249,Ex-post DWA
2020-08-30,CLEMGPWF,0.5157479037939243,Ex-post DWA
2020-09-06,CLEMGPWF,-6.919596395425075,Ex-post DWA
2020-09-13,CLEMGPWF,-3.878213591992888,Ex-post DWA
2020-09-20,CLEMGPWF,-13.707396250854021,Ex-post DWA
2020-09-27,CLEMGPWF,-9.809258863667653,Ex-post DWA
2020-10-04,CLEMGPWF,-10.484762942987398,Ex-post DWA
2020-10-11,CLEMGPWF,-7.720559332762527,Ex-post DWA
2020-10-18,CLEMGPWF,-2.045713781445329,Ex-post DWA
2020-10-25,CLEMGPWF,2.6024054680897173,Ex-post DWA
2020-11-01,CLEMGPWF,-4.75823576436493,Ex-post DWA
2020-11-08,CLEMGPWF,-0.12253517066510966,Ex-post DWA
2020-11-15,CLEMGPWF,1.6090095689770862,Ex-post DWA
2020-11-22,CLEMGPWF,-5.9329446565085,Ex-post DWA
2020-11-29,CLEMGPWF,0.08361467699700853,Ex-post DWA
2020-12-06,CLEMGPWF,-8.005699350907989,Ex-post DWA
2020-12-13,CLEMGPWF,4.02070223421136,Ex-post DWA
2020-12-20,CLEMGPWF,0.5455352353924283,Ex-post DWA
2020-12-27,CLEMGPWF,0.5770128239361334,Ex-post DWA
2021-01-03,CLEMGPWF,1.8151001918616565,Ex-post DWA
2021-01-10,CLEMGPWF,6.008516300934426,Ex-post DWA
2021-01-17,CLEMGPWF,0.9359333344423177,Ex-post DWA
2021-01-24,CLEMGPWF,0.8255137285544336,Ex-post DWA
2021-01-31,CLEMGPWF,-6.366016388776602,Ex-post DWA
2021-02-07,CLEMGPWF,0.9045538788106802,Ex-post DWA
2021-02-14,CLEMGPWF,0.3947912005990588,Ex-post DWA
2021-02-21,CLEMGPWF,-2.444429592722983,Ex-post DWA
2021-02-28,CLEMGPWF,7.948631167165658,Ex-post DWA
2021-03-07,CLEMGPWF,3.8618396815550007,Ex-post DWA
2021-03-14,CLEMGPWF,70.44774674112762,Ex-post DWA
2021-03-21,CLEMGPWF,3.3203751783842854,Ex-post DWA
2021-03-28,CLEMGPWF,-0.7432015119727566,Ex-post DWA
2021-04-04,CLEMGPWF,2.6768898059958133,Ex-post DWA
2021-04-11,CLEMGPWF,5.989203185358363,Ex-post DWA
2021-04-18,CLEMGPWF,29.901153951888233,Ex-post DWA
2021-04-25,CLEMGPWF,-2.4232119181000087,Ex-post DWA
2021-05-02,CLEMGPWF,11.159012413315502,Ex-post DWA
2021-05-09,CLEMGPWF,-2.4949260566637506,Ex-post DWA
2021-05-16,CLEMGPWF,-6.27068954239175,Ex-post DWA
2021-05-23,CLEMGPWF,-12.279344345374874,Ex-post DWA
2021-05-30,CLEMGPWF,-1.825505116146843,Ex-post DWA
2021-06-06,CLEMGPWF,-6.232230556165526,Ex-post DWA
2021-06-13,CLEMGPWF,-8.705087191651412,Ex-post DWA
2021-06-20,CLEMGPWF,-0.03011135886789873,Ex-post DWA
2021-06-27,CLEMGPWF,0.7688881643174454,Ex-post DWA
2021-07-04,CLEMGPWF,-3.6603358298689344,Ex-post DWA
2021-07-11,CLEMGPWF,-9.599718633913994,Ex-post DWA
2021-07-18,CLEMGPWF,-2.6307921504034155,Ex-post DWA
2021-07-25,CLEMGPWF,-12.878786832951612,Ex-post DWA
2021-08-01,CLEMGPWF,0.7527670775301871,Ex-post DWA
2021-08-08,CLEMGPWF,-5.261046856794511,Ex-post DWA
2021-08-15,CLEMGPWF,2.8455548355478086,Ex-post DWA
2021-08-22,CLEMGPWF,1.2798347852648053,Ex-post DWA
2021-08-29,CLEMGPWF,-2.9488364640501743,Ex-post DWA
2021-09-05,CLEMGPWF,0.8780343649046329,Ex-post DWA
2021-09-12,CLEMGPWF,5.895271523053035,Ex-post DWA
2021-09-19,CLEMGPWF,8.535002130056577,Ex-post DWA
2021-09-26,CLEMGPWF,5.199165760980755,Ex-post DWA
2021-10-03,CLEMGPWF,-4.059924818054968,Ex-post DWA
2021-10-10,CLEMGPWF,7.974789579539753,Ex-post DWA
2021-10-17,CLEMGPWF,2.6319939933687646,Ex-post DWA
2021-10-24,CLEMGPWF,2.5946844075308153,Ex-post DWA
2021-10-31,CLEMGPWF,2.5239858097292895,Ex-post DWA
2021-11-07,CLEMGPWF,1.98914924741241,Ex-post DWA
2021-11-14,CLEMGPWF,4.295594785176242,Ex-post DWA
2021-11-21,CLEMGPWF,3.233264887635139,Ex-post DWA
2021-11-28,CLEMGPWF,3.305527517324091,Ex-post DWA
2021-12-05,CLEMGPWF,-9.635840626801247,Ex-post DWA
2021-12-12,CLEMGPWF,-0.6367930848710017,Ex-post DWA
2021-12-19,CLEMGPWF,-7.5419401285067735,Ex-post DWA
2021-12-26,CLEMGPWF,-7.830487909688284,Ex-post DWA
2022-01-02,CLEMGPWF,1.406261860584138,Ex-post DWA
2022-01-09,CLEMGPWF,-0.7148517487694086,Ex-post DWA
2022-01-16,CLEMGPWF,47.242155591859856,Ex-post DWA
2022-01-23,CLEMGPWF,-2.087025127860528,Ex-post DWA
2022-01-30,CLEMGPWF,-5.101605684202681,Ex-post DWA
2022-02-06,CLEMGPWF,-1.4033513096054264,Ex-post DWA
2022-02-13,CLEMGPWF,2.7618822539898815,Ex-post DWA
2022-02-20,CLEMGPWF,-5.053570623426744,Ex-post DWA
2022-02-27,CLEMGPWF,9.472165618230811,Ex-post DWA
2022-03-06,CLEMGPWF,7.085694168936797,Ex-post DWA
2022-03-13,CLEMGPWF,8.383790845147715,Ex-post DWA
2022-03-20,CLEMGPWF,-2.522961446753058,Ex-post DWA
2022-03-27,CLEMGPWF,-1.0145957475375553,Ex-post DWA
2022-04-03,CLEMGPWF,18.22479947155682,Ex-post DWA
2022-04-10,CLEMGPWF,23.792152276621863,Ex-post DWA
2022-04-17,CLEMGPWF,22.047193100410027,Ex-post DWA
2022-04-24,CLEMGPWF,-2.82333059241563,Ex-post DWA
2022-05-01,CLEMGPWF,-10.17758709611914,Ex-post DWA
2022-05-08,CLEMGPWF,-11.001866349939093,Ex-post DWA
2022-05-15,CLEMGPWF,-12.135559026606472,Ex-post DWA
2022-05-22,CLEMGPWF,-12.267670150779992,Ex-post DWA
2022-05-29,CLEMGPWF,-14.62711751038421,Ex-post DWA
2022-06-05,CLEMGPWF,-12.185028086986904,Ex-post DWA
2022-06-12,CLEMGPWF,-36.80124110086868,Ex-post DWA
2022-06-19,CLEMGPWF,-15.23464903578315,Ex-post DWA
2022-06-26,CLEMGPWF,-18.09751600178859,Ex-post DWA
2022-07-03,CLEMGPWF,-3.455105139632167,Ex-post DWA
2022-07-10,CLEMGPWF,86.63323500429505,Ex-post DWA
2022-07-17,CLEMGPWF,-25.79147647149128,Ex-post DWA
2022-07-24,CLEMGPWF,26.59469587828329,Ex-post DWA
2022-07-31,CLEMGPWF,-1.0698876462122087,Ex-post DWA
2022-08-07,CLEMGPWF,-7.411529329176119,Ex-post DWA
2022-08-14,CLEMGPWF,4.066476419623925,Ex-post DWA
2022-08-21,CLEMGPWF,-0.023196718722957144,Ex-post DWA
2022-08-28,CLEMGPWF,45.74097198429973,Ex-post DWA
2022-09-04,CLEMGPWF,-5.296486779108491,Ex-post DWA
2022-09-11,CLEMGPWF,3.0681254035174277,Ex-post DWA
2022-09-18,CLEMGPWF,5.39328043164393,Ex-post DWA
2022-09-25,CLEMGPWF,-0.4580804273097385,Ex-post DWA
2022-10-02,CLEMGPWF,8.819754405186558,Ex-post DWA
2022-10-09,CLEMGPWF,1.4438138758439294,Ex-post DWA
2022-10-16,CLEMGPWF,15.59801929882191,Ex-post DWA
2022-10-23,CLEMGPWF,7.484563426802353,Ex-post DWA
2022-10-30,CLEMGPWF,-16.576800564465103,Ex-post DWA
2022-11-06,CLEMGPWF,22.25303179297635,Ex-post DWA
2022-11-13,CLEMGPWF,2.9736431003899924,Ex-post DWA
2022-11-20,CLEMGPWF,-20.19635354062885,Ex-post DWA
2022-11-27,CLEMGPWF,9.950614721908938,Ex-post DWA
2022-12-04,CLEMGPWF,1.4306408215037294,Ex-post DWA
2022-12-11,CLEMGPWF,-10.465623791401413,Ex-post DWA
2022-12-18,CLEMGPWF,-4.904394488470638,Ex-post DWA
2022-12-25,CLEMGPWF,6.963131828717735,Ex-post DWA
2023-01-01,CLEMGPWF,2.903788845252059,Ex-post DWA
2023-01-08,CLEMGPWF,-8.873264305830524,Ex-post DWA
2023-01-15,CLEMGPWF,2.432053819943647,Ex-post DWA
2023-01-22,CLEMGPWF,-5.239469788830107,Ex-post DWA
2023-01-29,CLEMGPWF,-2.613489785858576,Ex-post DWA
2023-02-05,CLEMGPWF,-15.71799919883025,Ex-post DWA
2023-02-12,CLEMGPWF,-5.717480561426555,Ex-post DWA
2023-02-19,CLEMGPWF,-12.515559162887541,Ex-post DWA
2023-02-26,CLEMGPWF,-0.8866007841848784,Ex-post DWA
2023-03-05,CLEMGPWF,1.5627300961312116,Ex-post DWA
2023-03-12,CLEMGPWF,7.582504943168228,Ex-post DWA
2023-03-19,CLEMGPWF,5.201479688122589,Ex-post DWA
2023-03-26,CLEMGPWF,-16.74410211547533,Ex-post DWA
2023-04-02,CLEMGPWF,-4.648801581792924,Ex-post DWA
2023-04-09,CLEMGPWF,-12.541219912584161,Ex-post DWA
2023-04-16,CLEMGPWF,-5.026481896453525,Ex-post DWA
2023-04-23,CLEMGPWF,0.2526703177957188,Ex-post DWA
2023-04-30,CLEMGPWF,-15.637029696294839,Ex-post DWA
2023-05-07,CLEMGPWF,-33.01268257679526,Ex-post DWA
2023-05-14,CLEMGPWF,-1.964296228712925,Ex-post DWA
2023-05-21,CLEMGPWF,-1.22146464169532,Ex-post DWA
2023-05-28,CLEMGPWF,-22.88332686037458,Ex-post DWA
2023-06-04,CLEMGPWF,-29.65966731738903,Ex-post DWA
2023-06-11,CLEMGPWF,-9.827359363817315,Ex-post DWA
2023-06-18,CLEMGPWF,-7.924928029768236,Ex-post DWA
2023-06-25,CLEMGPWF,-8.486707317106372,Ex-post DWA
2023-07-02,CLEMGPWF,-10.430514256402859,Ex-post DWA
2023-07-09,CLEMGPWF,-1.289466556961024,Ex-post DWA
2023-07-16,CLEMGPWF,-8.510344001421053,Ex-post DWA
2023-07-23,CLEMGPWF,-1.9392397802053267,Ex-post DWA
2023-07-30,CLEMGPWF,-4.498472294852235,Ex-post DWA
2023-08-06,CLEMGPWF,-15.429584834192303,Ex-post DWA
2023-08-13,CLEMGPWF,-59.996759868487246,Ex-post DWA
2023-08-20,CLEMGPWF,5.931791200797285,Ex-post DWA
2023-08-27,CLEMGPWF,-9.02530045338402,Ex-post DWA
2023-09-03,CLEMGPWF,-41.33971720814327,Ex-post DWA
2023-09-10,CLEMGPWF,-13.409378540352478,Ex-post DWA
2023-09-17,CLEMGPWF,-1.773830407457698,Ex-post DWA
2023-09-24,CLEMGPWF,4.873131137395525,Ex-post DWA
2023-10-01,CLEMGPWF,-8.410204390242228,Ex-post DWA
2023-10-08,CLEMGPWF,-2.6047260620218573,Ex-post DWA
2023-10-15,CLEMGPWF,-2.8349327709684946,Ex-post DWA
2023-10-22,CLEMGPWF,-3.560163656627278,Ex-post DWA
2023-10-29,CLEMGPWF,-5.535486891590732,Ex-post DWA
2023-11-05,CLEMGPWF,-1.0192985954163731,Ex-post DWA
2023-11-12,CLEMGPWF,-5.58636273436997,Ex-post DWA
2023-11-19,CLEMGPWF,-2.399816408164085,Ex-post DWA
2023-11-26,CLEMGPWF,-14.878643763612018,Ex-post DWA
2023-12-03,CLEMGPWF,-9.957284134743794,Ex-post DWA
2023-12-10,CLEMGPWF,-2.8312856732586056,Ex-post DWA
2023-12-17,CLEMGPWF,-15.139275225307642,Ex-post DWA
2023-12-24,CLEMGPWF,-17.774134760580058,Ex-post DWA
2023-12-31,CLEMGPWF,-4.280463905463397,Ex-post DWA
2024-01-07,CLEMGPWF,1.9981156747240831,Ex-post DWA
2024-01-14,CLEMGPWF,1.5142072128919892,Ex-post DWA
2024-01-21,CLEMGPWF,-2.115397191715772,Ex-post DWA
2024-01-28,CLEMGPWF,-4.277651036621734,Ex-post DWA
2024-02-04,CLEMGPWF,0.36289150113697133,Ex-post DWA
2024-02-11,CLEMGPWF,-3.319078891401464,Ex-post DWA
2024-02-18,CLEMGPWF,2.9255602026739354,Ex-post DWA
2024-02-25,CLEMGPWF,-30.0953763734122,Ex-post DWA
2024-03-03,CLEMGPWF,-6.658573037721261,Ex-post DWA
2024-03-10,CLEMGPWF,-3.4695393572338276,Ex-post DWA
2024-03-17,CLEMGPWF,2.4746473894998786,Ex-post DWA
2024-03-24,CLEMGPWF,0.598859610554058,Ex-post DWA
2024-03-31,CLEMGPWF,3.114111423567053,Ex-post DWA
2024-04-07,CLEMGPWF,6.166592431391834,Ex-post DWA
2024-04-14,CLEMGPWF,-3.5157571434148593,Ex-post DWA
2024-04-21,CLEMGPWF,10.014041201386746,Ex-post DWA
2024-04-28,CLEMGPWF,2.8222525044486844,Ex-post DWA
2024-05-05,CLEMGPWF,10.839741617962773,Ex-post DWA
2024-05-12,CLEMGPWF,9.84848392893494,Ex-post DWA
2024-05-19,CLEMGPWF,8.542936062463085,Ex-post DWA
2024-05-26,CLEMGPWF,6.503927932616335,Ex-post DWA
2024-06-02,CLEMGPWF,-7.440875695624904,Ex-post DWA
2024-06-09,CLEMGPWF,-11.514927043249514,Ex-post DWA
2024-06-16,CLEMGPWF,-0.023066049015085355,Ex-post DWA
2024-06-23,CLEMGPWF,-5.5903037205505655,Ex-post DWA
2024-06-30,CLEMGPWF,1.3738178727567742,Ex-post DWA
2024-07-07,CLEMGPWF,-12.288981230223996,Ex-post DWA
2024-07-14,CLEMGPWF,-23.83270822113991,Ex-post DWA
2024-07-21,CLEMGPWF,-8.702511003008595,Ex-post DWA
2024-07-28,CLEMGPWF,-27.245539863195276,Ex-post DWA
2024-08-04,CLEMGPWF,-39.28208253376417,Ex-post DWA
2024-08-11,CLEMGPWF,-14.209865576701347,Ex-post DWA
2024-08-18,CLEMGPWF,-8.36645083180462,Ex-post DWA
2024-08-25,CLEMGPWF,-9.121098139377416,Ex-post DWA
2024-09-01,CLEMGPWF,-11.61953102035395,Ex-post DWA
2024-09-08,CLEMGPWF,-21.79331586198089,Ex-post DWA
2024-09-15,CLEMGPWF,-4.942465793384603,Ex-post DWA
2024-09-22,CLEMGPWF,4.460651035438396,Ex-post DWA
2024-09-29,CLEMGPWF,8.719566449294003,Ex-post DWA
2024-10-06,CLEMGPWF,-4.021062758957967,Ex-post DWA
2024-10-13,CLEMGPWF,1.0623281216503138,Ex-post DWA
2024-10-20,CLEMGPWF,-5.062441898550368,Ex-post DWA
2024-10-27,CLEMGPWF,-28.971263683101704,Ex-post DWA
2024-11-03,CLEMGPWF,15.457481355807257,Ex-post DWA
2024-11-10,CLEMGPWF,-2.4396733011470317,Ex-post DWA
2024-11-17,CLEMGPWF,-6.985426652204161,Ex-post DWA
2024-11-24,CLEMGPWF,-4.598282528649932,Ex-post DWA
2024-12-01,CLEMGPWF,-10.091483992758342,Ex-post DWA
2024-12-08,CLEMGPWF,-14.14998666748248,Ex-post DWA
2024-12-15,CLEMGPWF,8.036763854344883,Ex-post DWA
2024-12-22,CLEMGPWF,-23.772105078758205,Ex-post DWA
2024-12-29,CLEMGPWF,-12.006159976380669,Ex-post DWA
2025-01-05,CLEMGPWF,15.583131180899116,Ex-post DWA
2020-01-05,HALLWF1,-1.0440243934273425,Ex-post DWA
2020-01-12,HALLWF1,0.5238650216923944,Ex-post DWA
2020-01-19,HALLWF1,-0.5865306996240562,Ex-post DWA
2020-01-26,HALLWF1,-0.24849964370768163,Ex-post DWA
2020-02-02,HALLWF1,24.01966197747413,Ex-post DWA
2020-02-09,HALLWF1,-1.3623720229885556,Ex-post DWA
2020-02-16,HALLWF1,10.043635739784946,Ex-post DWA
2020-02-23,HALLWF1,3.4507038893955695,Ex-post DWA
2020-03-01,HALLWF1,-4.930781272044978,Ex-post DWA
2020-03-08,HALLWF1,-1.5305309304502508,Ex-post DWA
2020-03-15,HALLWF1,-2.0418241331902323,Ex-post DWA
2020-03-22,HALLWF1,-0.22436840477963926,Ex-post DWA
2020-03-29,HALLWF1,-1.0152749679221884,Ex-post DWA
2020-04-05,HALLWF1,3.924073334681662,Ex-post DWA
2020-04-12,HALLWF1,-5.809252746137453,Ex-post DWA
2020-04-19,HALLWF1,-1.6791884329156765,Ex-post DWA
2020-04-26,HALLWF1,1.33469905788359,Ex-post DWA
2020-05-03,HALLWF1,-0.21148434739744815,Ex-post DWA
2020-05-10,HALLWF1,0.21319920217888466,Ex-post DWA
2020-05-17,HALLWF1,0.33593460252834006,Ex-post DWA
2020-05-24,HALLWF1,0.8734654898382175,Ex-post DWA
2020-05-31,HALLWF1,0.16112019344575046,Ex-post DWA
2020-06-07,HALLWF1,-1.2229312112922344,Ex-post DWA
2020-06-14,HALLWF1,2.9907320721127206,Ex-post DWA
2020-06-21,HALLWF1,0.7072089485695336,Ex-post DWA
2020-06-28,HALLWF1,0.8982405622797529,Ex-post DWA
2020-07-05,HALLWF1,0.5654794228492506,Ex-post DWA
2020-07-12,HALLWF1,1.5185480728484961,Ex-post DWA
2020-07-19,HALLWF1,-0.5000882087605518,Ex-post DWA
2020-07-26,HALLWF1,-2.458832816742593,Ex-post DWA
2020-08-02,HALLWF1,1.0151232812261526,Ex-post DWA
2020-08-09,HALLWF1,-0.6202838092261302,Ex-post DWA
2020-08-16,HALLWF1,2.495442091940326,Ex-post DWA
2020-08-23,HALLWF1,-0.0012900687424277635,Ex-post DWA
2020-08-30,HALLWF1,-9.443078727188658,Ex-post DWA
2020-09-06,HALLWF1,-1.5306030456470738,Ex-post DWA
2020-09-13,HALLWF1,-4.102861749007614,Ex-post DWA
2020-09-20,HALLWF1,2.473169576609081,Ex-post DWA
2020-09-27,HALLWF1,1.6903592741849138,Ex-post DWA
2020-10-04,HALLWF1,1.2929123164596898,Ex-post DWA
2020-10-11,HALLWF1,0.01379480554444612,Ex-post DWA
2020-10-18,HALLWF1,3.7372741545902812,Ex-post DWA
2020-10-25,HALLWF1,-3.87355702074559,Ex-post DWA
2020-11-01,HALLWF1,-0.8139417021427846,Ex-post DWA
2020-11-08,HALLWF1,-4.677156140799681,Ex-post DWA
2020-11-15,HALLWF1,2.6548377838523223,Ex-post DWA
2020-11-22,HALLWF1,-0.6017649699974186,Ex-post DWA
2020-11-29,HALLWF1,-1.362164472904098,Ex-post DWA
2020-12-06,HALLWF1,5.3596075326283055,Ex-post DWA
2020-12-13,HALLWF1,-3.7996593503456633,Ex-post DWA
2020-12-20,HALLWF1,-10.701546386739913,Ex-post DWA
2020-12-27,HALLWF1,-6.2311889302710455,Ex-post DWA
2021-01-03,HALLWF1,-5.06559682558415,Ex-post DWA
2021-01-10,HALLWF1,-2.0953829067104888,Ex-post DWA
2021-01-17,HALLWF1,2.5658378316921713,Ex-post DWA
2021-01-24,HALLWF1,-12.32392598827807,Ex-post DWA
2021-01-31,HALLWF1,-0.14492642532262323,Ex-post DWA
2021-02-07,HALLWF1,-3.414197312343254,Ex-post DWA
2021-02-14,HALLWF1,0.2724271799072717,Ex-post DWA
2021-02-21,HALLWF1,-0.27364899461607806,Ex-post DWA
2021-02-28,HALLWF1,-5.09036064192448,Ex-post DWA
2021-03-07,HALLWF1,0.6362194261793057,Ex-post DWA
2021-03-14,HALLWF1,-33.58456717551532,Ex-post DWA
2021-03-21,HALLWF1,-5.782311684369084,Ex-post DWA
2021-03-28,HALLWF1,-0.3615116660000055,Ex-post DWA
2021-04-04,HALLWF1,0.09870686362827996,Ex-post DWA
2021-04-11,HALLWF1,-10.785776451697892,Ex-post DWA
2021-04-18,HALLWF1,-0.655560212847945,Ex-post DWA
2021-04-25,HALLWF1,-2.57784803428558,Ex-post DWA
2021-05-02,HALLWF1,-15.258153102173011,Ex-post DWA
2021-05-09,HALLWF1,-1.881901976625052,Ex-post DWA
2021-05-16,HALLWF1,3.5801935794488386,Ex-post DWA
2021-05-23,HALLWF1,-13.943482830143793,Ex-post DWA
2021-05-30,HALLWF1,1.4330341880315842,Ex-post DWA
2021-06-06,HALLWF1,0.5359462962154424,Ex-post DWA
2021-06-13,HALLWF1,0.013580040063111198,Ex-post DWA
2021-06-20,HALLWF1,1.3790199417493199,Ex-post DWA
2021-06-27,HALLWF1,2.445859656552855,Ex-post DWA
2021-07-04,HALLWF1,1.742506636503876,Ex-post DWA
2021-07-11,HALLWF1,3.923288884010617,Ex-post DWA
2021-07-18,HALLWF1,0.08251991901374112,Ex-post DWA
2021-07-25,HALLWF1,11.786662025128464,Ex-post DWA
2021-08-01,HALLWF1,-1.597643415711536,Ex-post DWA
2021-08-08,HALLWF1,3.1607580063693774,Ex-post DWA
2021-08-15,HALLWF1,-4.156996802057716,Ex-post DWA
2021-08-22,HALLWF1,4.011520552695536,Ex-post DWA
2021-08-29,HALLWF1,-0.6491165994246586,Ex-post DWA
2021-09-05,HALLWF1,7.7483338943910605,Ex-post DWA
2021-09-12,HALLWF1,6.268641831294465,Ex-post DWA
2021-09-19,HALLWF1,7.849518094844887,Ex-post DWA
2021-09-26,HALLWF1,3.1942201330872315,Ex-post DWA
2021-10-03,HALLWF1,4.174073335931649,Ex-post DWA
2021-10-10,HALLWF1,2.1024554019750115,Ex-post DWA
2021-10-17,HALLWF1,6.481249159979981,Ex-post DWA
2021-10-24,HALLWF1,0.22702488921053376,Ex-post DWA
2021-10-31,HALLWF1,-0.43279898676924233,Ex-post DWA
2021-11-07,HALLWF1,-2.872034586979641,Ex-post DWA
2021-11-14,HALLWF1,3.501791061116762,Ex-post DWA
2021-11-21,HALLWF1,2.0136943663108173,Ex-post DWA
2021-11-28,HALLWF1,5.971162823277911,Ex-post DWA
2021-12-05,HALLWF1,3.7190967103802777,Ex-post DWA
2021-12-12,HALLWF1,-4.415054163717912,Ex-post DWA
2021-12-19,HALLWF1,-8.364987110584273,Ex-post DWA
2021-12-26,HALLWF1,1.405401425870778,Ex-post DWA
2022-01-02,HALLWF1,-1.5235493383757586,Ex-post DWA
2022-01-09,HALLWF1,2.4564966394347394,Ex-post DWA
2022-01-16,HALLWF1,-22.81896349877026,Ex-post DWA
2022-01-23,HALLWF1,4.547692509154249,Ex-post DWA
2022-01-30,HALLWF1,2.4622343595619043,Ex-post DWA
2022-02-06,HALLWF1,1.083411731869191,Ex-post DWA
2022-02-13,HALLWF1,1.4603069512504803,Ex-post DWA
2022-02-20,HALLWF1,-4.617873645786524,Ex-post DWA
2022-02-27,HALLWF1,-0.19508085305902512,Ex-post DWA
2022-03-06,HALLWF1,0.12960321784055395,Ex-post DWA
2022-03-13,HALLWF1,-3.609701452207691,Ex-post DWA
2022-03-20,HALLWF1,-1.4202271712313035,Ex-post DWA
2022-03-27,HALLWF1,-1.1291407195643757,Ex-post DWA
2022-04-03,HALLWF1,-7.061240613735215,Ex-post DWA
2022-04-10,HALLWF1,2.5736710658684387,Ex-post DWA
2022-04-17,HALLWF1,-15.33236022288402,Ex-post DWA
2022-04-24,HALLWF1,0.7228921442988536,Ex-post DWA
2022-05-01,HALLWF1,-3.047500053811774,Ex-post DWA
2022-05-08,HALLWF1,9.6509895966864,Ex-post DWA
2022-05-15,HALLWF1,56.88504095999707,Ex-post DWA
2022-05-22,HALLWF1,-4.817186831613043,Ex-post DWA
2022-05-29,HALLWF1,12.56680997688602,Ex-post DWA
2022-06-05,HALLWF1,-14.884869319456612,Ex-post DWA
2022-06-12,HALLWF1,-11.094238192521516,Ex-post DWA
2022-06-19,HALLWF1,-4.3283604727103295,Ex-post DWA
2022-06-26,HALLWF1,6.176123122296531,Ex-post DWA
2022-07-03,HALLWF1,-47.68743196555744,Ex-post DWA
2022-07-10,HALLWF1,-39.98208386348665,Ex-post DWA
2022-07-17,HALLWF1,32.40412858515208,Ex-post DWA
2022-07-24,HALLWF1,0.26052129371385035,Ex-post DWA
2022-07-31,HALLWF1,16.64395922165292,Ex-post DWA
2022-08-07,HALLWF1,-17.260042912288274,Ex-post DWA
2022-08-14,HALLWF1,,Ex-post DWA
2022-08-21,HALLWF1,0.23408589267634738,Ex-post DWA
2022-08-28,HALLWF1,-22.110336589333727,Ex-post DWA
2022-09-04,HALLWF1,-10.79827926208921,Ex-post DWA
2022-09-11,HALLWF1,-5.251092214165567,Ex-post DWA
2022-09-18,HALLWF1,-5.676745999541112,Ex-post DWA
2022-09-25,HALLWF1,0.21896317981176594,Ex-post DWA
2022-10-02,HALLWF1,2.079179936400436,Ex-post DWA
2022-10-09,HALLWF1,-11.131509048527477,Ex-post DWA
2022-10-16,HALLWF1,-2.3729540423853166,Ex-post DWA
2022-10-23,HALLWF1,18.029320380158694,Ex-post DWA
2022-10-30,HALLWF1,15.06001802916876,Ex-post DWA
2022-11-06,HALLWF1,-15.252829229716806,Ex-post DWA
2022-11-13,HALLWF1,-13.251397176114814,Ex-post DWA
2022-11-20,HALLWF1,-17.803996645776394,Ex-post DWA
2022-11-27,HALLWF1,-11.764234601747809,Ex-post DWA
2022-12-04,HALLWF1,-4.12422447128408,Ex-post DWA
2022-12-11,HALLWF1,20.758722146530303,Ex-post DWA
2022-12-18,HALLWF1,7.809923800955278,Ex-post DWA
2022-12-25,HALLWF1,-9.930526554203997,Ex-post DWA
2023-01-01,HALLWF1,-6.572946329427978,Ex-post DWA
2023-01-08,HALLWF1,-6.263837040685073,Ex-post DWA
2023-01-15,HALLWF1,-0.8704932899935471,Ex-post DWA
2023-01-22,HALLWF1,2.17799570293419,Ex-post DWA
2023-01-29,HALLWF1,-12.152839875040712,Ex-post DWA
2023-02-05,HALLWF1,1.7564219899180031,Ex-post DWA
2023-02-12,HALLWF1,-1.4953498101587002,Ex-post DWA
2023-02-19,HALLWF1,-11.542314134637934,Ex-post DWA
2023-02-26,HALLWF1,4.536140059540962,Ex-post DWA
2023-03-05,HALLWF1,-14.320093736891565,Ex-post DWA
2023-03-12,HALLWF1,-6.590778643238647,Ex-post DWA
2023-03-19,HALLWF1,-10.595810278409608,Ex-post DWA
2023-03-26,HALLWF1,-2.1875425422668187,Ex-post DWA
2023-04-02,HALLWF1,-2.150447233276907,Ex-post DWA
2023-04-09,HALLWF1,12.43825002452239,Ex-post DWA
2023-04-16,HALLWF1,0.8634890805215676,Ex-post DWA
2023-04-23,HALLWF1,-5.117348014940831,Ex-post DWA
2023-04-30,HALLWF1,2.107240890616225,Ex-post DWA
2023-05-07,HALLWF1,11.518637113640892,Ex-post DWA
2023-05-14,HALLWF1,-1.252729501743488,Ex-post DWA
2023-05-21,HALLWF1,-19.340329423935216,Ex-post DWA
2023-05-28,HALLWF1,5.683562028549545,Ex-post DWA
2023-06-04,HALLWF1,17.289170013839254,Ex-post DWA
2023-06-11,HALLWF1,-1.7673447452135491,Ex-post DWA
2023-06-18,HALLWF1,8.025184133996625,Ex-post DWA
2023-06-25,HALLWF1,-1.4147167509492249,Ex-post DWA
2023-07-02,HALLWF1,-18.997942324952135,Ex-post DWA
2023-07-09,HALLWF1,8.728783212612441,Ex-post DWA
2023-07-16,HALLWF1,-9.80565369716524,Ex-post DWA
2023-07-23,HALLWF1,2.5538389496989495,Ex-post DWA
2023-07-30,HALLWF1,3.6523921783257762,Ex-post DWA
2023-08-06,HALLWF1,4.737294030209991,Ex-post DWA
2023-08-13,HALLWF1,14.043562140988229,Ex-post DWA
2023-08-20,HALLWF1,-4.196568123147074,Ex-post DWA
2023-08-27,HALLWF1,-6.235426750703873,Ex-post DWA
2023-09-03,HALLWF1,17.995302699534335,Ex-post DWA
2023-09-10,HALLWF1,23.000139262742344,Ex-post DWA
2023-09-17,HALLWF1,7.699937787243403,Ex-post DWA
2023-09-24,HALLWF1,-3.3602961927295425,Ex-post DWA
2023-10-01,HALLWF1,2.547484513815448,Ex-post DWA
2023-10-08,HALLWF1,3.0737409334077057,Ex-post DWA
2023-10-15,HALLWF1,8.651415261695778,Ex-post DWA
2023-10-22,HALLWF1,5.3660191238054935,Ex-post DWA
2023-10-29,HALLWF1,12.074607165180721,Ex-post DWA
2023-11-05,HALLWF1,1.5545684863353273,Ex-post DWA
2023-11-12,HALLWF1,-7.050207104127999,Ex-post DWA
2023-11-19,HALLWF1,-1.4299821421078747,Ex-post DWA
2023-11-26,HALLWF1,-10.559933987138706,Ex-post DWA
2023-12-03,HALLWF1,-15.526301633690192,Ex-post DWA
2023-12-10,HALLWF1,-16.537920606631687,Ex-post DWA
2023-12-17,HALLWF1,-8.713776278547485,Ex-post DWA
2023-12-24,HALLWF1,3.3255184667207853,Ex-post DWA
2023-12-31,HALLWF1,2.587349934058447,Ex-post DWA
2024-01-07,HALLWF1,-3.339149828800643,Ex-post DWA
2024-01-14,HALLWF1,-0.9333121019756376,Ex-post DWA
2024-01-21,HALLWF1,-8.199603492317305,Ex-post DWA
2024-01-28,HALLWF1,10.155908945050129,Ex-post DWA
2024-02-04,HALLWF1,-2.185994668148062,Ex-post DWA
2024-02-11,HALLWF1,2.066487282240459,Ex-post DWA
2024-02-18,HALLWF1,1.5273040967321023,Ex-post DWA
2024-02-25,HALLWF1,21.67529409640464,Ex-post DWA
2024-03-03,HALLWF1,-12.065597616618277,Ex-post DWA
2024-03-10,HALLWF1,-3.0213829603910085,Ex-post DWA
2024-03-17,HALLWF1,-14.085562881852226,Ex-post DWA
2024-03-24,HALLWF1,-0.6033730375217274,Ex-post DWA
2024-03-31,HALLWF1,-9.888850373319322,Ex-post DWA
2024-04-07,HALLWF1,-6.282559752470519,Ex-post DWA
2024-04-14,HALLWF1,-5.228606826969994,Ex-post DWA
2024-04-21,HALLWF1,-8.01684616103529,Ex-post DWA
2024-04-28,HALLWF1,5.981716484213145,Ex-post DWA
2024-05-05,HALLWF1,-9.56825210867757,Ex-post DWA
2024-05-12,HALLWF1,-9.88224886210162,Ex-post DWA
2024-05-19,HALLWF1,-30.160692656086624,Ex-post DWA
2024-05-26,HALLWF1,5.396996991703162,Ex-post DWA
2024-06-02,HALLWF1,-8.025656683266995,Ex-post DWA
2024-06-09,HALLWF1,2.521035367059625,Ex-post DWA
2024-06-16,HALLWF1,-5.194281235205523,Ex-post DWA
2024-06-23,HALLWF1,-7.993666086774596,Ex-post DWA
2024-06-30,HALLWF1,3.306444508110687,Ex-post DWA
2024-07-07,HALLWF1,11.70579994671121,Ex-post DWA
2024-07-14,HALLWF1,9.225882924048193,Ex-post DWA
2024-07-21,HALLWF1,8.343937744212923,Ex-post DWA
2024-07-28,HALLWF1,0.9529956654621543,Ex-post DWA
2024-08-04,HALLWF1,46.0630355139576,Ex-post DWA
2024-08-11,HALLWF1,-38.95976218060888,Ex-post DWA
2024-08-18,HALLWF1,1.84700441956425,Ex-post DWA
2024-08-25,HALLWF1,6.01060110758484,Ex-post DWA
2024-09-01,HALLWF1,8.939338141216087,Ex-post DWA
2024-09-08,HALLWF1,-0.09904845046389177,Ex-post DWA
2024-09-15,HALLWF1,1.7943037300194256,Ex-post DWA
2024-09-22,HALLWF1,6.846403469291253,Ex-post DWA
2024-09-29,HALLWF1,-1.0964650850771847,Ex-post DWA
2024-10-06,HALLWF1,7.020855884593191,Ex-post DWA
2024-10-13,HALLWF1,7.435728142665408,Ex-post DWA
2024-10-20,HALLWF1,-2.8728655335898523,Ex-post DWA
2024-10-27,HALLWF1,24.773179801924016,Ex-post DWA
2024-11-03,HALLWF1,4.909784506793965,Ex-post DWA
2024-11-10,HALLWF1,-10.830980988203198,Ex-post DWA
2024-11-17,HALLWF1,8.035864456665365,Ex-post DWA
2024-11-24,HALLWF1,-8.8320363689908,Ex-post DWA
2024-12-01,HALLWF1,-4.063991752675136,Ex-post DWA
2024-12-08,HALLWF1,-18.04314500250402,Ex-post DWA
2024-12-15,HALLWF1,-17.80575771116409,Ex-post DWA
2024-12-22,HALLWF1,1.974094332910994,Ex-post DWA
2024-12-29,HALLWF1,5.750333496946732,Ex-post DWA
2025-01-05,HALLWF1,-22.0755208022765,Ex-post DWA
2020-01-05,HALLWF2,-0.8373941961873825,Ex-post DWA
2020-01-12,HALLWF2,-1.0341357504188622,Ex-post DWA
2020-01-19,HALLWF2,-2.326187025714077,Ex-post DWA
2020-01-26,HALLWF2,-0.6291703309070229,Ex-post DWA
2020-02-02,HALLWF2,0.9925820292071705,Ex-post DWA
2020-02-09,HALLWF2,-1.3036897348978513,Ex-post DWA
2020-02-16,HALLWF2,7.070667463790329,Ex-post DWA
2020-02-23,HALLWF2,-3.1965992452373797,Ex-post DWA
2020-03-01,HALLWF2,-9.39599290664788,Ex-post DWA
2020-03-08,HALLWF2,13.383630442786519,Ex-post DWA
2020-03-15,HALLWF2,-2.0459829958694122,Ex-post DWA
2020-03-22,HALLWF2,-0.5584631213970113,Ex-post DWA
2020-03-29,HALLWF2,-1.4733403206303777,Ex-post DWA
2020-04-05,HALLWF2,2.825028393168459,Ex-post DWA
2020-04-12,HALLWF2,-0.8321015354606978,Ex-post DWA
2020-04-19,HALLWF2,-1.2562822975623114,Ex-post DWA
2020-04-26,HALLWF2,1.485484497137163,Ex-post DWA
2020-05-03,HALLWF2,-0.2520247256472814,Ex-post DWA
2020-05-10,HALLWF2,-0.7293020633668181,Ex-post DWA
2020-05-17,HALLWF2,-1.969345160207176,Ex-post DWA
2020-05-24,HALLWF2,0.6512747650796769,Ex-post DWA
2020-05-31,HALLWF2,1.369452996372054,Ex-post DWA
2020-06-07,HALLWF2,3.8826646587243587,Ex-post DWA
2020-06-14,HALLWF2,1.5681049352957146,Ex-post DWA
2020-06-21,HALLWF2,2.7367027149679792,Ex-post DWA
2020-06-28,HALLWF2,2.15402696130932,Ex-post DWA
2020-07-05,HALLWF2,0.7203967884282179,Ex-post DWA
2020-07-12,HALLWF2,1.0388589713366372,Ex-post DWA
2020-07-19,HALLWF2,1.2559617516423742,Ex-post DWA
2020-07-26,HALLWF2,-1.3638310546223238,Ex-post DWA
2020-08-02,HALLWF2,0.8319692742987002,Ex-post DWA
2020-08-09,HALLWF2,-0.8161763406475373,Ex-post DWA
2020-08-16,HALLWF2,2.6761722059829935,Ex-post DWA
2020-08-23,HALLWF2,0.04124267308256435,Ex-post DWA
2020-08-30,HALLWF2,-9.1482149379237,Ex-post DWA
2020-09-06,HALLWF2,-3.4545698370940494,Ex-post DWA
2020-09-13,HALLWF2,-3.4750396403878696,Ex-post DWA
2020-09-20,HALLWF2,2.2083286643591116,Ex-post DWA
2020-09-27,HALLWF2,1.143045838671032,Ex-post DWA
2020-10-04,HALLWF2,-2.0919904347841127,Ex-post DWA
2020-10-11,HALLWF2,-0.3133621696062292,Ex-post DWA
2020-10-18,HALLWF2,2.076284191220793,Ex-post DWA
2020-10-25,HALLWF2,-6.2583909623831,Ex-post DWA
2020-11-01,HALLWF2,1.493232393195175,Ex-post DWA
2020-11-08,HALLWF2,-5.286646627909256,Ex-post DWA
2020-11-15,HALLWF2,0.6014500155856659,Ex-post DWA
2020-11-22,HALLWF2,-3.038096640064129,Ex-post DWA
2020-11-29,HALLWF2,-0.862089846366608,Ex-post DWA
2020-12-06,HALLWF2,4.10214200802643,Ex-post DWA
2020-12-13,HALLWF2,-2.3282956924728593,Ex-post DWA
2020-12-20,HALLWF2,-5.830030538978619,Ex-post DWA
2020-12-27,HALLWF2,-4.771348336438452,Ex-post DWA
2021-01-03,HALLWF2,-1.8184658750319382,Ex-post DWA
2021-01-10,HALLWF2,-2.1806545879784416,Ex-post DWA
2021-01-17,HALLWF2,-0.4961710672020221,Ex-post DWA
2021-01-24,HALLWF2,-7.929616153524229,Ex-post DWA
2021-01-31,HALLWF2,0.5506380775184212,Ex-post DWA
2021-02-07,HALLWF2,-3.521515031256622,Ex-post DWA
2021-02-14,HALLWF2,0.6563000740793505,Ex-post DWA
2021-02-21,HALLWF2,-1.3541478377197151,Ex-post DWA
2021-02-28,HALLWF2,-9.422914365396245,Ex-post DWA
2021-03-07,HALLWF2,-0.5254317466731777,Ex-post DWA
2021-03-14,HALLWF2,-22.805661498745952,Ex-post DWA
2021-03-21,HALLWF2,-3.6321055848461654,Ex-post DWA
2021-03-28,HALLWF2,1.8075715654224993,Ex-post DWA
2021-04-04,HALLWF2,2.393386822782986,Ex-post DWA
2021-04-11,HALLWF2,-4.925229385735065,Ex-post DWA
2021-04-18,HALLWF2,-3.51706673732242,Ex-post DWA
2021-04-25,HALLWF2,1.0824858638839459,Ex-post DWA
2021-05-02,HALLWF2,1.5117588867384768,Ex-post DWA
2021-05-09,HALLWF2,-0.25654063986522146,Ex-post DWA
2021-05-16,HALLWF2,6.276368028256201,Ex-post DWA
2021-05-23,HALLWF2,-14.48831883799729,Ex-post DWA
2021-05-30,HALLWF2,-0.2151463939863163,Ex-post DWA
2021-06-06,HALLWF2,1.277401370754724,Ex-post DWA
2021-06-13,HALLWF2,-3.8523495585112784,Ex-post DWA
2021-06-20,HALLWF2,2.2883652845613085,Ex-post DWA
2021-06-27,HALLWF2,1.3047316623353709,Ex-post DWA
2021-07-04,HALLWF2,2.515875101898473,Ex-post DWA
2021-07-11,HALLWF2,6.454630671957688,Ex-post DWA
2021-07-18,HALLWF2,0.2473354659652216,Ex-post DWA
2021-07-25,HALLWF2,1.4156898025416638,Ex-post DWA
2021-08-01,HALLWF2,-1.9501026561701078,Ex-post DWA
2021-08-08,HALLWF2,2.3538519717387274,Ex-post DWA
2021-08-15,HALLWF2,-3.3756034373587624,Ex-post DWA
2021-08-22,HALLWF2,1.1654682135491523,Ex-post DWA
2021-08-29,HALLWF2,0.7523095298230302,Ex-post DWA
2021-09-05,HALLWF2,2.8698892548614983,Ex-post DWA
2021-09-12,HALLWF2,5.529414534474938,Ex-post DWA
2021-09-19,HALLWF2,-5.288469350175362,Ex-post DWA
2021-09-26,HALLWF2,1.5118242645400777,Ex-post DWA
2021-10-03,HALLWF2,2.87496901378821,Ex-post DWA
2021-10-10,HALLWF2,-0.8475011937172234,Ex-post DWA
2021-10-17,HALLWF2,2.6229888073757106,Ex-post DWA
2021-10-24,HALLWF2,-0.3824222379925448,Ex-post DWA
2021-10-31,HALLWF2,27.05187325132661,Ex-post DWA
2021-11-07,HALLWF2,-2.4800464914513185,Ex-post DWA
2021-11-14,HALLWF2,0.5334449213785177,Ex-post DWA
2021-11-21,HALLWF2,0.34166849281518097,Ex-post DWA
2021-11-28,HALLWF2,1.665421481240255,Ex-post DWA
2021-12-05,HALLWF2,-0.20720243064999977,Ex-post DWA
2021-12-12,HALLWF2,-2.360968668394932,Ex-post DWA
2021-12-19,HALLWF2,-18.68329184149843,Ex-post DWA
2021-12-26,HALLWF2,-0.10218066882987742,Ex-post DWA
2022-01-02,HALLWF2,-2.2286327787049025,Ex-post DWA
2022-01-09,HALLWF2,3.869879170157983,Ex-post DWA
2022-01-16,HALLWF2,-24.422617615670603,Ex-post DWA
2022-01-23,HALLWF2,1.1246002533200965,Ex-post DWA
2022-01-30,HALLWF2,-1.1744531565786502,Ex-post DWA
2022-02-06,HALLWF2,2.0007670202173955,Ex-post DWA
2022-02-13,HALLWF2,0.1538123335246695,Ex-post DWA
2022-02-20,HALLWF2,-4.2588577518219,Ex-post DWA
2022-02-27,HALLWF2,-1.3336708511372422,Ex-post DWA
2022-03-06,HALLWF2,3.7515544243159837,Ex-post DWA
2022-03-13,HALLWF2,0.4711468203199338,Ex-post DWA
2022-03-20,HALLWF2,-0.5979577217832315,Ex-post DWA
2022-03-27,HALLWF2,-3.773505350431634,Ex-post DWA
2022-04-03,HALLWF2,-6.077769024080766,Ex-post DWA
2022-04-10,HALLWF2,-4.943970986526267,Ex-post DWA
2022-04-17,HALLWF2,-13.336933588726268,Ex-post DWA
2022-04-24,HALLWF2,3.454143989935872,Ex-post DWA
2022-05-01,HALLWF2,2.748590923728898,Ex-post DWA
2022-05-08,HALLWF2,14.799739606282799,Ex-post DWA
2022-05-15,HALLWF2,28.3967037323647,Ex-post DWA
2022-05-22,HALLWF2,18.22710208409717,Ex-post DWA
2022-05-29,HALLWF2,22.569960589075265,Ex-post DWA
2022-06-05,HALLWF2,-16.326136320975564,Ex-post DWA
2022-06-12,HALLWF2,-10.586668984798791,Ex-post DWA
2022-06-19,HALLWF2,-7.481675464192847,Ex-post DWA
2022-06-26,HALLWF2,10.330471346122039,Ex-post DWA
2022-07-03,HALLWF2,-3.2055689788049335,Ex-post DWA
2022-07-10,HALLWF2,-20.520932324760963,Ex-post DWA
2022-07-17,HALLWF2,4.6164174440429235,Ex-post DWA
2022-07-24,HALLWF2,5.766908729529632,Ex-post DWA
2022-07-31,HALLWF2,-1.077618956603601,Ex-post DWA
2022-08-07,HALLWF2,14.266959012473173,Ex-post DWA
2022-08-14,HALLWF2,-5.6482482330733745,Ex-post DWA
2022-08-21,HALLWF2,6.255071905719859,Ex-post DWA
2022-08-28,HALLWF2,,Ex-post DWA
2022-09-04,HALLWF2,12.407064908181425,Ex-post DWA
2022-09-11,HALLWF2,-7.133243061689171,Ex-post DWA
2022-09-18,HALLWF2,-5.6022291075472985,Ex-post DWA
2022-09-25,HALLWF2,-3.361947288015628,Ex-post DWA
2022-10-02,HALLWF2,6.09690529946181,Ex-post DWA
2022-10-09,HALLWF2,-10.188961141999414,Ex-post DWA
2022-10-16,HALLWF2,6.420427644896577,Ex-post DWA
2022-10-23,HALLWF2,10.101069818278205,Ex-post DWA
2022-10-30,HALLWF2,17.69968140753503,Ex-post DWA
2022-11-06,HALLWF2,-15.954217633435306,Ex-post DWA
2022-11-13,HALLWF2,7.248192788921415,Ex-post DWA
2022-11-20,HALLWF2,-21.798825643621434,Ex-post DWA
2022-11-27,HALLWF2,-11.591519639141765,Ex-post DWA
2022-12-04,HALLWF2,-3.727796179737311,Ex-post DWA
2022-12-11,HALLWF2,23.972186667091016,Ex-post DWA
2022-12-18,HALLWF2,7.8392568016945825,Ex-post DWA
2022-12-25,HALLWF2,-6.996875844277746,Ex-post DWA
2023-01-01,HALLWF2,-3.67399987465749,Ex-post DWA
2023-01-08,HALLWF2,-6.032785861384832,Ex-post DWA
2023-01-15,HALLWF2,1.7729554371596237,Ex-post DWA
2023-01-22,HALLWF2,-2.330174213886167,Ex-post DWA
2023-01-29,HALLWF2,-6.528417625525435,Ex-post DWA
2023-02-05,HALLWF2,-2.8767649126665518,Ex-post DWA
2023-02-12,HALLWF2,-4.439059757503259,Ex-post DWA
2023-02-19,HALLWF2,-12.859372775559834,Ex-post DWA
2023-02-26,HALLWF2,10.178144929838432,Ex-post DWA
2023-03-05,HALLWF2,-10.70821818869949,Ex-post DWA
2023-03-12,HALLWF2,-6.594074029882149,Ex-post DWA
2023-03-19,HALLWF2,-13.317689835130409,Ex-post DWA
2023-03-26,HALLWF2,-3.529434124568212,Ex-post DWA
2023-04-02,HALLWF2,6.407391550470635,Ex-post DWA
2023-04-09,HALLWF2,8.033398371914444,Ex-post DWA
2023-04-16,HALLWF2,4.3573475512632385,Ex-post DWA
2023-04-23,HALLWF2,-1.194878611274092,Ex-post DWA
2023-04-30,HALLWF2,15.390542630315856,Ex-post DWA
2023-05-07,HALLWF2,19.39608040074036,Ex-post DWA
2023-05-14,HALLWF2,-3.8322596938333504,Ex-post DWA
2023-05-21,HALLWF2,-7.146183416027611,Ex-post DWA
2023-05-28,HALLWF2,10.10313627530806,Ex-post DWA
2023-06-04,HALLWF2,23.082935099434735,Ex-post DWA
2023-06-11,HALLWF2,-1.904671064743546,Ex-post DWA
2023-06-18,HALLWF2,8.762232114989713,Ex-post DWA
2023-06-25,HALLWF2,-3.7298386375573074,Ex-post DWA
2023-07-02,HALLWF2,-16.301108216312997,Ex-post DWA
2023-07-09,HALLWF2,8.234869852859863,Ex-post DWA
2023-07-16,HALLWF2,-8.585683961572457,Ex-post DWA
2023-07-23,HALLWF2,1.380923046125659,Ex-post DWA
2023-07-30,HALLWF2,-2.170131729014102,Ex-post DWA
2023-08-06,HALLWF2,3.4764555757855184,Ex-post DWA
2023-08-13,HALLWF2,28.00539466690077,Ex-post DWA
2023-08-20,HALLWF2,5.919081457725021,Ex-post DWA
2023-08-27,HALLWF2,-9.462296029706849,Ex-post DWA
2023-09-03,HALLWF2,49.71903705248489,Ex-post DWA
2023-09-10,HALLWF2,29.267900914996915,Ex-post DWA
2023-09-17,HALLWF2,-7.600047207365794,Ex-post DWA
2023-09-24,HALLWF2,-1.3551267315729838,Ex-post DWA
2023-10-01,HALLWF2,-0.3114965847145683,Ex-post DWA
2023-10-08,HALLWF2,3.402913450921311,Ex-post DWA
2023-10-15,HALLWF2,6.75706737717227,Ex-post DWA
2023-10-22,HALLWF2,5.644254052784117,Ex-post DWA
2023-10-29,HALLWF2,11.469060900818263,Ex-post DWA
2023-11-05,HALLWF2,1.4346482936238552,Ex-post DWA
2023-11-12,HALLWF2,-6.375958554375174,Ex-post DWA
2023-11-19,HALLWF2,1.8160179392539106,Ex-post DWA
2023-11-26,HALLWF2,-5.162190461410702,Ex-post DWA
2023-12-03,HALLWF2,-4.355507661917748,Ex-post DWA
2023-12-10,HALLWF2,17.116628124802105,Ex-post DWA
2023-12-17,HALLWF2,-2.9564505936588503,Ex-post DWA
2023-12-24,HALLWF2,6.673034323468221,Ex-post DWA
2023-12-31,HALLWF2,6.21809160505614,Ex-post DWA
2024-01-07,HALLWF2,-0.6439840255323546,Ex-post DWA
2024-01-14,HALLWF2,0.8621150688441617,Ex-post DWA
2024-01-21,HALLWF2,-6.929545890965898,Ex-post DWA
2024-01-28,HALLWF2,7.759644810505563,Ex-post DWA
2024-02-04,HALLWF2,-0.8803390774390536,Ex-post DWA
2024-02-11,HALLWF2,-1.0173016428140684,Ex-post DWA
2024-02-18,HALLWF2,5.923532281786791,Ex-post DWA
2024-02-25,HALLWF2,48.13052358306393,Ex-post DWA
2024-03-03,HALLWF2,-20.73212053307558,Ex-post DWA
2024-03-10,HALLWF2,-5.345834382438582,Ex-post DWA
2024-03-17,HALLWF2,-11.178682139809531,Ex-post DWA
2024-03-24,HALLWF2,2.2353315216000382,Ex-post DWA
2024-03-31,HALLWF2,-8.86822416249175,Ex-post DWA
2024-04-07,HALLWF2,-4.417537520572175,Ex-post DWA
2024-04-14,HALLWF2,-8.201639334477903,Ex-post DWA
2024-04-21,HALLWF2,-10.923975353432795,Ex-post DWA
2024-04-28,HALLWF2,5.263830582076643,Ex-post DWA
2024-05-05,HALLWF2,-4.267120367886648,Ex-post DWA
2024-05-12,HALLWF2,-7.1401872465658585,Ex-post DWA
2024-05-19,HALLWF2,-1.188022440019921,Ex-post DWA
2024-05-26,HALLWF2,0.06961969218602349,Ex-post DWA
2024-06-02,HALLWF2,-9.787506963227894,Ex-post DWA
2024-06-09,HALLWF2,1.9633985109150558,Ex-post DWA
2024-06-16,HALLWF2,-6.9555446323861645,Ex-post DWA
2024-06-23,HALLWF2,-3.1591722072205926,Ex-post DWA
2024-06-30,HALLWF2,3.2756519352037685,Ex-post DWA
2024-07-07,HALLWF2,11.45061150786313,Ex-post DWA
2024-07-14,HALLWF2,12.39762018841364,Ex-post DWA
2024-07-21,HALLWF2,12.847867987760466,Ex-post DWA
2024-07-28,HALLWF2,9.154533091172325,Ex-post DWA
2024-08-04,HALLWF2,19.878924065678405,Ex-post DWA
2024-08-11,HALLWF2,-19.60423987251427,Ex-post DWA
2024-08-18,HALLWF2,-3.4799846674382806,Ex-post DWA
2024-08-25,HALLWF2,7.437730820641285,Ex-post DWA
2024-09-01,HALLWF2,9.424398348032916,Ex-post DWA
2024-09-08,HALLWF2,2.411686887391552,Ex-post DWA
2024-09-15,HALLWF2,0.5170242920821764,Ex-post DWA
2024-09-22,HALLWF2,6.348109801996529,Ex-post DWA
2024-09-29,HALLWF2,4.307134968091482,Ex-post DWA
2024-10-06,HALLWF2,7.020193388652791,Ex-post DWA
2024-10-13,HALLWF2,10.254220411483015,Ex-post DWA
2024-10-20,HALLWF2,11.337994357528295,Ex-post DWA
2024-10-27,HALLWF2,13.227612423588077,Ex-post DWA
2024-11-03,HALLWF2,5.198728985401456,Ex-post DWA
2024-11-10,HALLWF2,-10.458951369443092,Ex-post DWA
2024-11-17,HALLWF2,7.815092010353084,Ex-post DWA
2024-11-24,HALLWF2,-1.7104056255306972,Ex-post DWA
2024-12-01,HALLWF2,-5.23175023142214,Ex-post DWA
2024-12-08,HALLWF2,-5.733059814330801,Ex-post DWA
2024-12-15,HALLWF2,-2.2791824529857507,Ex-post DWA
2024-12-22,HALLWF2,0.0017915036316011879,Ex-post DWA
2024-12-29,HALLWF2,1.8856245918666268,Ex-post DWA
2025-01-05,HALLWF2,-14.18272563448042,Ex-post DWA
2020-01-05,HDWF1,-1.0926377619359897,Ex-post DWA
2020-01-12,HDWF1,-0.3052670058296343,Ex-post DWA
2020-01-19,HDWF1,0.5608311478560282,Ex-post DWA
2020-01-26,HDWF1,-4.060837329747148,Ex-post DWA
2020-02-02,HDWF1,21.65819924610662,Ex-post DWA
2020-02-09,HDWF1,-13.531490738754485,Ex-post DWA
2020-02-16,HDWF1,-5.2043296381744995,Ex-post DWA
2020-02-23,HDWF1,-5.063991339924268,Ex-post DWA
2020-03-01,HDWF1,-1.7412671491085945,Ex-post DWA
2020-03-08,HDWF1,-16.87960522758529,Ex-post DWA
2020-03-15,HDWF1,-0.10361425658668111,Ex-post DWA
2020-03-22,HDWF1,0.1669186574924737,Ex-post DWA
2020-03-29,HDWF1,1.252644522695988,Ex-post DWA
2020-04-05,HDWF1,-3.508961713057886,Ex-post DWA
2020-04-12,HDWF1,-3.3320336892670888,Ex-post DWA
2020-04-19,HDWF1,0.512497434228905,Ex-post DWA
2020-04-26,HDWF1,-0.699185430017339,Ex-post DWA
2020-05-03,HDWF1,0.3466732091832938,Ex-post DWA
2020-05-10,HDWF1,-0.2944070711439366,Ex-post DWA
2020-05-17,HDWF1,4.046365166627531,Ex-post DWA
2020-05-24,HDWF1,0.11019275374571436,Ex-post DWA
2020-05-31,HDWF1,-0.7220922017286142,Ex-post DWA
2020-06-07,HDWF1,0.18812622912440702,Ex-post DWA
2020-06-14,HDWF1,5.033808322096476,Ex-post DWA
2020-06-21,HDWF1,-0.12003198517529512,Ex-post DWA
2020-06-28,HDWF1,0.28849095704300964,Ex-post DWA
2020-07-05,HDWF1,-0.039906337291725436,Ex-post DWA
2020-07-12,HDWF1,0.26281545709642273,Ex-post DWA
2020-07-19,HDWF1,-1.672649840850724,Ex-post DWA
2020-07-26,HDWF1,2.0110580095358372,Ex-post DWA
2020-08-02,HDWF1,3.026444180154705,Ex-post DWA
2020-08-09,HDWF1,-0.9581070783575356,Ex-post DWA
2020-08-16,HDWF1,-0.38604215285485566,Ex-post DWA
2020-08-23,HDWF1,-1.2052124144977157,Ex-post DWA
2020-08-30,HDWF1,-8.801168810190603,Ex-post DWA
2020-09-06,HDWF1,-6.045081263245523,Ex-post DWA
2020-09-13,HDWF1,-6.466600254084276,Ex-post DWA
2020-09-20,HDWF1,-10.952192699333944,Ex-post DWA
2020-09-27,HDWF1,-8.578095619286676,Ex-post DWA
2020-10-04,HDWF1,-5.374163524554368,Ex-post DWA
2020-10-11,HDWF1,-9.276256460770496,Ex-post DWA
2020-10-18,HDWF1,-0.21937930810179296,Ex-post DWA
2020-10-25,HDWF1,-3.3384754976401076,Ex-post DWA
2020-11-01,HDWF1,-4.065942523774307,Ex-post DWA
2020-11-08,HDWF1,-5.682497409284743,Ex-post DWA
2020-11-15,HDWF1,-0.6315491667195836,Ex-post DWA
2020-11-22,HDWF1,-1.0364764324659212,Ex-post DWA
2020-11-29,HDWF1,0.1600057872368339,Ex-post DWA
2020-12-06,HDWF1,-8.800653110513021,Ex-post DWA
2020-12-13,HDWF1,-7.619200841797062,Ex-post DWA
2020-12-20,HDWF1,-3.8027498455897906,Ex-post DWA
2020-12-27,HDWF1,-2.9599211833867383,Ex-post DWA
2021-01-03,HDWF1,-4.39732814857909,Ex-post DWA
2021-01-10,HDWF1,-3.4567685012588028,Ex-post DWA
2021-01-17,HDWF1,-10.035904612797527,Ex-post DWA
2021-01-24,HDWF1,5.34598070656093,Ex-post DWA
2021-01-31,HDWF1,-3.162111363616628,Ex-post DWA
2021-02-07,HDWF1,-4.4730358308874285,Ex-post DWA
2021-02-14,HDWF1,-1.080048684160893,Ex-post DWA
2021-02-21,HDWF1,-2.590167336655007,Ex-post DWA
2021-02-28,HDWF1,-12.471763775927574,Ex-post DWA
2021-03-07,HDWF1,-4.573952151289241,Ex-post DWA
2021-03-14,HDWF1,-35.60732437461966,Ex-post DWA
2021-03-21,HDWF1,-0.9525635789968518,Ex-post DWA
2021-03-28,HDWF1,-5.432088314135353,Ex-post DWA
2021-04-04,HDWF1,-0.16870537583189105,Ex-post DWA
2021-04-11,HDWF1,-7.657555113958921,Ex-post DWA
2021-04-18,HDWF1,-3.908800586533772,Ex-post DWA
2021-04-25,HDWF1,-5.789047082008182,Ex-post DWA
2021-05-02,HDWF1,-0.8736749540999895,Ex-post DWA
2021-05-09,HDWF1,-3.7312738077866214,Ex-post DWA
2021-05-16,HDWF1,-2.1915859763622905,Ex-post DWA
2021-05-23,HDWF1,6.190821868892627,Ex-post DWA
2021-05-30,HDWF1,0.6576907124042961,Ex-post DWA
2021-06-06,HDWF1,-1.7167637430232503,Ex-post DWA
2021-06-13,HDWF1,-2.9445046231754404,Ex-post DWA
2021-06-20,HDWF1,22.499069997539237,Ex-post DWA
2021-06-27,HDWF1,4.638427664444947,Ex-post DWA
2021-07-04,HDWF1,1.8259276858459685,Ex-post DWA
2021-07-11,HDWF1,6.624172315076862,Ex-post DWA
2021-07-18,HDWF1,-5.641715388409658,Ex-post DWA
2021-07-25,HDWF1,4.605688905767494,Ex-post DWA
2021-08-01,HDWF1,-7.091329228446623,Ex-post DWA
2021-08-08,HDWF1,-0.7062412095657677,Ex-post DWA
2021-08-15,HDWF1,-4.5744967012626,Ex-post DWA
2021-08-22,HDWF1,-5.064554308755522,Ex-post DWA
2021-08-29,HDWF1,-2.008323831969463,Ex-post DWA
2021-09-05,HDWF1,-16.011501308699813,Ex-post DWA
2021-09-12,HDWF1,-11.478126015528535,Ex-post DWA
2021-09-19,HDWF1,-6.742647080687216,Ex-post DWA
2021-09-26,HDWF1,-10.750164131873474,Ex-post DWA
2021-10-03,HDWF1,-5.7670949942245535,Ex-post DWA
2021-10-10,HDWF1,-9.544708672059256,Ex-post DWA
2021-10-17,HDWF1,-8.471517248314747,Ex-post DWA
2021-10-24,HDWF1,-7.76725093779927,Ex-post DWA
2021-10-31,HDWF1,-28.414720323675226,Ex-post DWA
2021-11-07,HDWF1,-0.659686824363785,Ex-post DWA
2021-11-14,HDWF1,-9.625391680920377,Ex-post DWA
2021-11-21,HDWF1,-6.704458154858562,Ex-post DWA
2021-11-28,HDWF1,-3.0655168083937845,Ex-post DWA
2021-12-05,HDWF1,-1.853190512396651,Ex-post DWA
2021-12-12,HDWF1,-1.6998028071924978,Ex-post DWA
2021-12-19,HDWF1,-10.729499704100988,Ex-post DWA
2021-12-26,HDWF1,2.2902410873574226,Ex-post DWA
2022-01-02,HDWF1,-6.885088211042419,Ex-post DWA
2022-01-09,HDWF1,-0.5951234248588868,Ex-post DWA
2022-01-16,HDWF1,-22.04095273959291,Ex-post DWA
2022-01-23,HDWF1,-1.202548446196463,Ex-post DWA
2022-01-30,HDWF1,-3.9076329131568315,Ex-post DWA
2022-02-06,HDWF1,-3.907192658151356,Ex-post DWA
2022-02-13,HDWF1,-1.8747850799156467,Ex-post DWA
2022-02-20,HDWF1,-2.6732463544713596,Ex-post DWA
2022-02-27,HDWF1,0.228135446605215,Ex-post DWA
2022-03-06,HDWF1,-7.229909269114394,Ex-post DWA
2022-03-13,HDWF1,-0.8152834393475423,Ex-post DWA
2022-03-20,HDWF1,1.2978310631942804,Ex-post DWA
2022-03-27,HDWF1,-1.1061126885935977,Ex-post DWA
2022-04-03,HDWF1,-16.365056638483736,Ex-post DWA
2022-04-10,HDWF1,4.704170799610807,Ex-post DWA
2022-04-17,HDWF1,6.054754218248462,Ex-post DWA
2022-04-24,HDWF1,-18.983121225487196,Ex-post DWA
2022-05-01,HDWF1,-12.357728204997244,Ex-post DWA
2022-05-08,HDWF1,10.274342090668881,Ex-post DWA
2022-05-15,HDWF1,56.24357197298298,Ex-post DWA
2022-05-22,HDWF1,-15.30392774724345,Ex-post DWA
2022-05-29,HDWF1,-9.20135885368586,Ex-post DWA
2022-06-05,HDWF1,-9.199542815806524,Ex-post DWA
2022-06-12,HDWF1,4.158660418792522,Ex-post DWA
2022-06-19,HDWF1,-0.5175405850148707,Ex-post DWA
2022-06-26,HDWF1,-9.554412549048351,Ex-post DWA
2022-07-03,HDWF1,21.41078169058727,Ex-post DWA
2022-07-10,HDWF1,-19.963267691011595,Ex-post DWA
2022-07-17,HDWF1,2.3537296445638276,Ex-post DWA
2022-07-24,HDWF1,-8.012930782586523,Ex-post DWA
2022-07-31,HDWF1,-7.1017097985887006,Ex-post DWA
2022-08-07,HDWF1,-4.3468502499205,Ex-post DWA
2022-08-14,HDWF1,-0.2955136511435086,Ex-post DWA
2022-08-21,HDWF1,-4.0559327075773695,Ex-post DWA
2022-08-28,HDWF1,-3.057601255372859,Ex-post DWA
2022-09-04,HDWF1,-17.22657846074125,Ex-post DWA
2022-09-11,HDWF1,-27.616900106717992,Ex-post DWA
2022-09-18,HDWF1,-18.956272280667573,Ex-post DWA
2022-09-25,HDWF1,-7.329473525209465,Ex-post DWA
2022-10-02,HDWF1,-2.538982046486325,Ex-post DWA
2022-10-09,HDWF1,-9.323078591445352,Ex-post DWA
2022-10-16,HDWF1,-7.33675777734679,Ex-post DWA
2022-10-23,HDWF1,-33.28528339520054,Ex-post DWA
2022-10-30,HDWF1,-6.613095271453034,Ex-post DWA
2022-11-06,HDWF1,-4.274487268471823,Ex-post DWA
2022-11-13,HDWF1,-26.78834586937331,Ex-post DWA
2022-11-20,HDWF1,-34.65965677208862,Ex-post DWA
2022-11-27,HDWF1,-30.200774536530243,Ex-post DWA
2022-12-04,HDWF1,2.32006338421985,Ex-post DWA
2022-12-11,HDWF1,-6.735923637904229,Ex-post DWA
2022-12-18,HDWF1,-7.485202477541417,Ex-post DWA
2022-12-25,HDWF1,-9.044395970712905,Ex-post DWA
2023-01-01,HDWF1,-3.62487231865326,Ex-post DWA
2023-01-08,HDWF1,-8.053469744238075,Ex-post DWA
2023-01-15,HDWF1,9.974426901986945,Ex-post DWA
2023-01-22,HDWF1,3.8427191833769285,Ex-post DWA
2023-01-29,HDWF1,2.3383095372269196,Ex-post DWA
2023-02-05,HDWF1,-20.451646439659985,Ex-post DWA
2023-02-12,HDWF1,-18.59278597282033,Ex-post DWA
2023-02-19,HDWF1,-7.601617849926669,Ex-post DWA
2023-02-26,HDWF1,0.3389034949824392,Ex-post DWA
2023-03-05,HDWF1,1.4514306917990112,Ex-post DWA
2023-03-12,HDWF1,-3.372376220726931,Ex-post DWA
2023-03-19,HDWF1,-12.697133520227673,Ex-post DWA
2023-03-26,HDWF1,-5.349602159737259,Ex-post DWA
2023-04-02,HDWF1,-5.024914850156932,Ex-post DWA
2023-04-09,HDWF1,-9.945086023607978,Ex-post DWA
2023-04-16,HDWF1,-6.370745117894174,Ex-post DWA
2023-04-23,HDWF1,-14.457031639663484,Ex-post DWA
2023-04-30,HDWF1,-10.261759723998551,Ex-post DWA
2023-05-07,HDWF1,-24.992931282577658,Ex-post DWA
2023-05-14,HDWF1,-3.147676650168819,Ex-post DWA
2023-05-21,HDWF1,-10.97416405074729,Ex-post DWA
2023-05-28,HDWF1,-9.712064340454077,Ex-post DWA
2023-06-04,HDWF1,-3.6056729662651463,Ex-post DWA
2023-06-11,HDWF1,-3.7100249961874674,Ex-post DWA
2023-06-18,HDWF1,-8.467212671189845,Ex-post DWA
2023-06-25,HDWF1,-1.499702119558016,Ex-post DWA
2023-07-02,HDWF1,-2.650731352190803,Ex-post DWA
2023-07-09,HDWF1,-3.7931392183494257,Ex-post DWA
2023-07-16,HDWF1,-14.942922629147434,Ex-post DWA
2023-07-23,HDWF1,-3.0783575719304324,Ex-post DWA
2023-07-30,HDWF1,11.238280013405266,Ex-post DWA
2023-08-06,HDWF1,-10.250208086425918,Ex-post DWA
2023-08-13,HDWF1,-35.76845173470008,Ex-post DWA
2023-08-20,HDWF1,6.413113706005731,Ex-post DWA
2023-08-27,HDWF1,-15.101639140558056,Ex-post DWA
2023-09-03,HDWF1,-31.51234349510461,Ex-post DWA
2023-09-10,HDWF1,-12.373908577375857,Ex-post DWA
2023-09-17,HDWF1,-13.038060805925362,Ex-post DWA
2023-09-24,HDWF1,0.4566040136029841,Ex-post DWA
2023-10-01,HDWF1,-9.868687350233039,Ex-post DWA
2023-10-08,HDWF1,-7.563449165041156,Ex-post DWA
2023-10-15,HDWF1,-3.6359106775059598,Ex-post DWA
2023-10-22,HDWF1,-10.079979626047546,Ex-post DWA
2023-10-29,HDWF1,-15.616009873082458,Ex-post DWA
2023-11-05,HDWF1,-5.0857496143004255,Ex-post DWA
2023-11-12,HDWF1,-2.9358352920190995,Ex-post DWA
2023-11-19,HDWF1,-7.1726869081907125,Ex-post DWA
2023-11-26,HDWF1,-11.817223953500125,Ex-post DWA
2023-12-03,HDWF1,-17.135955234589396,Ex-post DWA
2023-12-10,HDWF1,3.6712581127675037,Ex-post DWA
2023-12-17,HDWF1,-15.002641553176286,Ex-post DWA
2023-12-24,HDWF1,-16.445567630857553,Ex-post DWA
2023-12-31,HDWF1,-9.867284757414422,Ex-post DWA
2024-01-07,HDWF1,-0.8529960607403382,Ex-post DWA
2024-01-14,HDWF1,-5.717753108659046,Ex-post DWA
2024-01-21,HDWF1,-8.49065548332448,Ex-post DWA
2024-01-28,HDWF1,-25.756782084909496,Ex-post DWA
2024-02-04,HDWF1,-0.579431083646675,Ex-post DWA
2024-02-11,HDWF1,-2.601378295713886,Ex-post DWA
2024-02-18,HDWF1,-9.369996883702797,Ex-post DWA
2024-02-25,HDWF1,-15.147784805293973,Ex-post DWA
2024-03-03,HDWF1,-11.319822663489198,Ex-post DWA
2024-03-10,HDWF1,-5.19627713583548,Ex-post DWA
2024-03-17,HDWF1,-13.351168634591296,Ex-post DWA
2024-03-24,HDWF1,-2.944098344203624,Ex-post DWA
2024-03-31,HDWF1,-3.2533291944307408,Ex-post DWA
2024-04-07,HDWF1,-0.24793077899177263,Ex-post DWA
2024-04-14,HDWF1,4.3716521484336255,Ex-post DWA
2024-04-21,HDWF1,1.1920369536751139,Ex-post DWA
2024-04-28,HDWF1,4.403699597093997,Ex-post DWA
2024-05-05,HDWF1,-2.373695341793834,Ex-post DWA
2024-05-12,HDWF1,-5.898865583894178,Ex-post DWA
2024-05-19,HDWF1,5.838931641079853,Ex-post DWA
2024-05-26,HDWF1,8.51387706276708,Ex-post DWA
2024-06-02,HDWF1,-0.5650452935315791,Ex-post DWA
2024-06-09,HDWF1,9.971524945577357,Ex-post DWA
2024-06-16,HDWF1,-3.566339110846812,Ex-post DWA
2024-06-23,HDWF1,-7.408906859802073,Ex-post DWA
2024-06-30,HDWF1,-5.450035191471372,Ex-post DWA
2024-07-07,HDWF1,-3.10860349633586,Ex-post DWA
2024-07-14,HDWF1,-1.192293156306107,Ex-post DWA
2024-07-21,HDWF1,5.276777711583051,Ex-post DWA
2024-07-28,HDWF1,-11.53820621280115,Ex-post DWA
2024-08-04,HDWF1,34.10337553843439,Ex-post DWA
2024-08-11,HDWF1,-33.8283433358047,Ex-post DWA
2024-08-18,HDWF1,-2.5625295734872964,Ex-post DWA
2024-08-25,HDWF1,-6.160846100312948,Ex-post DWA
2024-09-01,HDWF1,-9.08325427816207,Ex-post DWA
2024-09-08,HDWF1,-8.679202686985017,Ex-post DWA
2024-09-15,HDWF1,-9.957886174976105,Ex-post DWA
2024-09-22,HDWF1,-3.4214823103826504,Ex-post DWA
2024-09-29,HDWF1,-16.7077364760751,Ex-post DWA
2024-10-06,HDWF1,-12.827057778773906,Ex-post DWA
2024-10-13,HDWF1,-30.60375871470614,Ex-post DWA
2024-10-20,HDWF1,-13.117194736903592,Ex-post DWA
2024-10-27,HDWF1,-20.60164185513044,Ex-post DWA
2024-11-03,HDWF1,-15.203776134584402,Ex-post DWA
2024-11-10,HDWF1,-11.3905240669793,Ex-post DWA
2024-11-17,HDWF1,-30.988725588632832,Ex-post DWA
2024-11-24,HDWF1,-2.3105566181480555,Ex-post DWA
2024-12-01,HDWF1,-31.529774967788754,Ex-post DWA
2024-12-08,HDWF1,-19.285792894685372,Ex-post DWA
2024-12-15,HDWF1,-16.134402755607425,Ex-post DWA
2024-12-22,HDWF1,-23.08200768645128,Ex-post DWA
2024-12-29,HDWF1,-12.828411966763491,Ex-post DWA
2025-01-05,HDWF1,-2.400405369553539,Ex-post DWA
2020-01-05,HDWF2,-1.288764033358106,Ex-post DWA
2020-01-12,HDWF2,-0.31100329656350567,Ex-post DWA
2020-01-19,HDWF2,0.45609397297581467,Ex-post DWA
2020-01-26,HDWF2,-4.358201204263143,Ex-post DWA
2020-02-02,HDWF2,9.485576008298864,Ex-post DWA
2020-02-09,HDWF2,-13.667809928243955,Ex-post DWA
2020-02-16,HDWF2,-10.778973032283943,Ex-post DWA
2020-02-23,HDWF2,-5.4508212934665465,Ex-post DWA
2020-03-01,HDWF2,-2.184135708684618,Ex-post DWA
2020-03-08,HDWF2,-18.489278169760688,Ex-post DWA
2020-03-15,HDWF2,0.5224706693010646,Ex-post DWA
2020-03-22,HDWF2,0.288401332042433,Ex-post DWA
2020-03-29,HDWF2,0.915927464423504,Ex-post DWA
2020-04-05,HDWF2,-3.3252721502852367,Ex-post DWA
2020-04-12,HDWF2,-4.732037131643185,Ex-post DWA
2020-04-19,HDWF2,0.2594761725845345,Ex-post DWA
2020-04-26,HDWF2,-1.8878795698968087,Ex-post DWA
2020-05-03,HDWF2,-0.16474265526412424,Ex-post DWA
2020-05-10,HDWF2,-1.705099013350905,Ex-post DWA
2020-05-17,HDWF2,4.023775058117636,Ex-post DWA
2020-05-24,HDWF2,0.24242779874231246,Ex-post DWA
2020-05-31,HDWF2,-1.2035994347291918,Ex-post DWA
2020-06-07,HDWF2,-0.44010635138300813,Ex-post DWA
2020-06-14,HDWF2,4.148080086861853,Ex-post DWA
2020-06-21,HDWF2,-0.9778445337180486,Ex-post DWA
2020-06-28,HDWF2,-0.39807673561637813,Ex-post DWA
2020-07-05,HDWF2,-0.9517358770991677,Ex-post DWA
2020-07-12,HDWF2,0.21233552609097472,Ex-post DWA
2020-07-19,HDWF2,-3.47168395026128,Ex-post DWA
2020-07-26,HDWF2,-1.0300795164655128,Ex-post DWA
2020-08-02,HDWF2,1.0134383803417464,Ex-post DWA
2020-08-09,HDWF2,-1.922423908468076,Ex-post DWA
2020-08-16,HDWF2,-1.7106510178131273,Ex-post DWA
2020-08-23,HDWF2,-1.729195383068138,Ex-post DWA
2020-08-30,HDWF2,-8.545743856259206,Ex-post DWA
2020-09-06,HDWF2,-7.739296469388454,Ex-post DWA
2020-09-13,HDWF2,-7.854967629050683,Ex-post DWA
2020-09-20,HDWF2,-13.101589029395726,Ex-post DWA
2020-09-27,HDWF2,-11.294045479282415,Ex-post DWA
2020-10-04,HDWF2,-7.2307668528311755,Ex-post DWA
2020-10-11,HDWF2,-10.939586096532445,Ex-post DWA
2020-10-18,HDWF2,-1.3481694673949036,Ex-post DWA
2020-10-25,HDWF2,-4.513048773138834,Ex-post DWA
2020-11-01,HDWF2,-6.727711287130681,Ex-post DWA
2020-11-08,HDWF2,-6.434121674333738,Ex-post DWA
2020-11-15,HDWF2,-0.5620795637909275,Ex-post DWA
2020-11-22,HDWF2,-0.8992810145180172,Ex-post DWA
2020-11-29,HDWF2,-2.30646163682205,Ex-post DWA
2020-12-06,HDWF2,-8.55776500377421,Ex-post DWA
2020-12-13,HDWF2,-9.474580968008308,Ex-post DWA
2020-12-20,HDWF2,-4.468661088625918,Ex-post DWA
2020-12-27,HDWF2,-4.7015599948559785,Ex-post DWA
2021-01-03,HDWF2,-6.025115532194645,Ex-post DWA
2021-01-10,HDWF2,-3.851721589195728,Ex-post DWA
2021-01-17,HDWF2,-14.047129296282229,Ex-post DWA
2021-01-24,HDWF2,2.2259127784649806,Ex-post DWA
2021-01-31,HDWF2,-5.100612172024839,Ex-post DWA
2021-02-07,HDWF2,-5.647815185986085,Ex-post DWA
2021-02-14,HDWF2,-2.0111304295061494,Ex-post DWA
2021-02-21,HDWF2,-2.7030415158926573,Ex-post DWA
2021-02-28,HDWF2,-14.001028599754317,Ex-post DWA
2021-03-07,HDWF2,-5.289637315062041,Ex-post DWA
2021-03-14,HDWF2,-35.659961892351845,Ex-post DWA
2021-03-21,HDWF2,-1.6339456260927747,Ex-post DWA
2021-03-28,HDWF2,-6.483009180495969,Ex-post DWA
2021-04-04,HDWF2,0.305939325698219,Ex-post DWA
2021-04-11,HDWF2,-9.004091271308715,Ex-post DWA
2021-04-18,HDWF2,-2.9020702401003504,Ex-post DWA
2021-04-25,HDWF2,-5.151032282475001,Ex-post DWA
2021-05-02,HDWF2,0.6228514948221502,Ex-post DWA
2021-05-09,HDWF2,-2.822488241053037,Ex-post DWA
2021-05-16,HDWF2,-1.628443983162576,Ex-post DWA
2021-05-23,HDWF2,9.416967088744613,Ex-post DWA
2021-05-30,HDWF2,-2.8257772531388525,Ex-post DWA
2021-06-06,HDWF2,-3.0639294231621577,Ex-post DWA
2021-06-13,HDWF2,-2.4890875159605486,Ex-post DWA
2021-06-20,HDWF2,-3.8893955899443284,Ex-post DWA
2021-06-27,HDWF2,3.0191257818541146,Ex-post DWA
2021-07-04,HDWF2,-0.38555130344646216,Ex-post DWA
2021-07-11,HDWF2,2.6042030169503505,Ex-post DWA
2021-07-18,HDWF2,-6.632444637370675,Ex-post DWA
2021-07-25,HDWF2,3.066921464080579,Ex-post DWA
2021-08-01,HDWF2,-10.119661386105424,Ex-post DWA
2021-08-08,HDWF2,-4.227055418347959,Ex-post DWA
2021-08-15,HDWF2,-6.065468711961046,Ex-post DWA
2021-08-22,HDWF2,-8.194759813957306,Ex-post DWA
2021-08-29,HDWF2,-3.122591936008675,Ex-post DWA
2021-09-05,HDWF2,-19.481455388511563,Ex-post DWA
2021-09-12,HDWF2,-12.463145782240172,Ex-post DWA
2021-09-19,HDWF2,-4.280484508953595,Ex-post DWA
2021-09-26,HDWF2,-9.638034051447566,Ex-post DWA
2021-10-03,HDWF2,-6.617871682987326,Ex-post DWA
2021-10-10,HDWF2,-11.02180229030941,Ex-post DWA
2021-10-17,HDWF2,-10.598506519229987,Ex-post DWA
2021-10-24,HDWF2,-7.748926182825048,Ex-post DWA
2021-10-31,HDWF2,-34.22565812447239,Ex-post DWA
2021-11-07,HDWF2,-3.047163258542941,Ex-post DWA
2021-11-14,HDWF2,-12.001048889505507,Ex-post DWA
2021-11-21,HDWF2,-10.660399776616352,Ex-post DWA
2021-11-28,HDWF2,-6.325547911800236,Ex-post DWA
2021-12-05,HDWF2,-1.5067931057014121,Ex-post DWA
2021-12-12,HDWF2,-4.81190871725228,Ex-post DWA
2021-12-19,HDWF2,-22.612298331096405,Ex-post DWA
2021-12-26,HDWF2,0.08105679216779293,Ex-post DWA
2022-01-02,HDWF2,-6.849657023251833,Ex-post DWA
2022-01-09,HDWF2,-2.9329776859827916,Ex-post DWA
2022-01-16,HDWF2,-15.787961948820893,Ex-post DWA
2022-01-23,HDWF2,-2.007420078506904,Ex-post DWA
2022-01-30,HDWF2,-5.115579937051805,Ex-post DWA
2022-02-06,HDWF2,-6.108529862886776,Ex-post DWA
2022-02-13,HDWF2,-2.22142794636234,Ex-post DWA
2022-02-20,HDWF2,-5.514695489891253,Ex-post DWA
2022-02-27,HDWF2,-0.5492663358883121,Ex-post DWA
2022-03-06,HDWF2,-9.44851946359438,Ex-post DWA
2022-03-13,HDWF2,-0.3725459020269355,Ex-post DWA
2022-03-20,HDWF2,0.388290762136819,Ex-post DWA
2022-03-27,HDWF2,-0.5224916616646595,Ex-post DWA
2022-04-03,HDWF2,-19.52385258618139,Ex-post DWA
2022-04-10,HDWF2,3.233265181625967,Ex-post DWA
2022-04-17,HDWF2,9.106061467994337,Ex-post DWA
2022-04-24,HDWF2,-21.900267347778453,Ex-post DWA
2022-05-01,HDWF2,-15.72644043427438,Ex-post DWA
2022-05-08,HDWF2,4.93858662317254,Ex-post DWA
2022-05-15,HDWF2,1.0249498136234934,Ex-post DWA
2022-05-22,HDWF2,-24.144088662793564,Ex-post DWA
2022-05-29,HDWF2,-16.500546731467665,Ex-post DWA
2022-06-05,HDWF2,-13.52572477489494,Ex-post DWA
2022-06-12,HDWF2,1.54748267225267,Ex-post DWA
2022-06-19,HDWF2,-3.1674553499562705,Ex-post DWA
2022-06-26,HDWF2,-20.382905148130845,Ex-post DWA
2022-07-03,HDWF2,18.973894966657667,Ex-post DWA
2022-07-10,HDWF2,-21.472183417890847,Ex-post DWA
2022-07-17,HDWF2,-8.43133169068011,Ex-post DWA
2022-07-24,HDWF2,-18.31558004891332,Ex-post DWA
2022-07-31,HDWF2,-19.682559116869612,Ex-post DWA
2022-08-07,HDWF2,-8.238465612991234,Ex-post DWA
2022-08-14,HDWF2,0.4863096352106737,Ex-post DWA
2022-08-21,HDWF2,-7.254545357396836,Ex-post DWA
2022-08-28,HDWF2,7.519081520496798,Ex-post DWA
2022-09-04,HDWF2,-26.641216317682648,Ex-post DWA
2022-09-11,HDWF2,-25.728552452085125,Ex-post DWA
2022-09-18,HDWF2,-21.574946241915704,Ex-post DWA
2022-09-25,HDWF2,-7.765086094492048,Ex-post DWA
2022-10-02,HDWF2,-4.069894400215958,Ex-post DWA
2022-10-09,HDWF2,-9.822923278706014,Ex-post DWA
2022-10-16,HDWF2,-11.442958071356358,Ex-post DWA
2022-10-23,HDWF2,-36.85863290830369,Ex-post DWA
2022-10-30,HDWF2,-15.056166158471175,Ex-post DWA
2022-11-06,HDWF2,-2.7879919481953124,Ex-post DWA
2022-11-13,HDWF2,-33.04601316059723,Ex-post DWA
2022-11-20,HDWF2,-42.934733778656,Ex-post DWA
2022-11-27,HDWF2,-30.73900677251582,Ex-post DWA
2022-12-04,HDWF2,-0.3288262279791354,Ex-post DWA
2022-12-11,HDWF2,-8.362290374798853,Ex-post DWA
2022-12-18,HDWF2,-8.903869012534633,Ex-post DWA
2022-12-25,HDWF2,-9.236289477311505,Ex-post DWA
2023-01-01,HDWF2,-4.726581441968065,Ex-post DWA
2023-01-08,HDWF2,-12.751602731915279,Ex-post DWA
2023-01-15,HDWF2,9.122224868202608,Ex-post DWA
2023-01-22,HDWF2,2.027432835556837,Ex-post DWA
2023-01-29,HDWF2,1.8037709834910345,Ex-post DWA
2023-02-05,HDWF2,-21.13410609754109,Ex-post DWA
2023-02-12,HDWF2,-17.223745716504638,Ex-post DWA
2023-02-19,HDWF2,-9.934881560097566,Ex-post DWA
2023-02-26,HDWF2,-1.9442677015443337,Ex-post DWA
2023-03-05,HDWF2,-1.0693263797633108,Ex-post DWA
2023-03-12,HDWF2,-4.379146541240619,Ex-post DWA
2023-03-19,HDWF2,-11.166940100097023,Ex-post DWA
2023-03-26,HDWF2,-5.555992942505576,Ex-post DWA
2023-04-02,HDWF2,-10.308836584949432,Ex-post DWA
2023-04-09,HDWF2,-9.120885243896609,Ex-post DWA
2023-04-16,HDWF2,-7.621890819452744,Ex-post DWA
2023-04-23,HDWF2,-12.44764793385707,Ex-post DWA
2023-04-30,HDWF2,-14.885020486320776,Ex-post DWA
2023-05-07,HDWF2,-19.865910760017428,Ex-post DWA
2023-05-14,HDWF2,-7.454866652766924,Ex-post DWA
2023-05-21,HDWF2,-7.8801382328695695,Ex-post DWA
2023-05-28,HDWF2,-14.45909529885963,Ex-post DWA
2023-06-04,HDWF2,-10.143430676177644,Ex-post DWA
2023-06-11,HDWF2,-4.664298730801413,Ex-post DWA
2023-06-18,HDWF2,-12.352348108591675,Ex-post DWA
2023-06-25,HDWF2,-0.21072461526984654,Ex-post DWA
2023-07-02,HDWF2,2.225457039527896,Ex-post DWA
2023-07-09,HDWF2,-6.008349977043519,Ex-post DWA
2023-07-16,HDWF2,-21.832347904647648,Ex-post DWA
2023-07-23,HDWF2,-5.325676438323299,Ex-post DWA
2023-07-30,HDWF2,5.523284266531839,Ex-post DWA
2023-08-06,HDWF2,-18.171294618742103,Ex-post DWA
2023-08-13,HDWF2,-39.54944727855745,Ex-post DWA
2023-08-20,HDWF2,4.847317636106126,Ex-post DWA
2023-08-27,HDWF2,-16.900810385697042,Ex-post DWA
2023-09-03,HDWF2,-34.80612653317987,Ex-post DWA
2023-09-10,HDWF2,-18.252986289599,Ex-post DWA
2023-09-17,HDWF2,-12.894790875520503,Ex-post DWA
2023-09-24,HDWF2,-0.8252296067572509,Ex-post DWA
2023-10-01,HDWF2,-14.765923076212005,Ex-post DWA
2023-10-08,HDWF2,-8.935896281864952,Ex-post DWA
2023-10-15,HDWF2,-3.5732727695245003,Ex-post DWA
2023-10-22,HDWF2,-10.683103791944617,Ex-post DWA
2023-10-29,HDWF2,-17.229445268512844,Ex-post DWA
2023-11-05,HDWF2,-5.879592796438978,Ex-post DWA
2023-11-12,HDWF2,-5.449124715260574,Ex-post DWA
2023-11-19,HDWF2,-7.775974506586493,Ex-post DWA
2023-11-26,HDWF2,-12.497256025004127,Ex-post DWA
2023-12-03,HDWF2,-14.66966205880857,Ex-post DWA
2023-12-10,HDWF2,3.8333693583114723,Ex-post DWA
2023-12-17,HDWF2,-21.458920167978015,Ex-post DWA
2023-12-24,HDWF2,-18.829783127057333,Ex-post DWA
2023-12-31,HDWF2,-11.018209736660221,Ex-post DWA
2024-01-07,HDWF2,-1.933698876537342,Ex-post DWA
2024-01-14,HDWF2,-8.133529742812502,Ex-post DWA
2024-01-21,HDWF2,-10.576485923305444,Ex-post DWA
2024-01-28,HDWF2,-29.495040340625064,Ex-post DWA
2024-02-04,HDWF2,-2.018264164880918,Ex-post DWA
2024-02-11,HDWF2,-5.29809654580453,Ex-post DWA
2024-02-18,HDWF2,-8.470366831894061,Ex-post DWA
2024-02-25,HDWF2,-13.48070788424625,Ex-post DWA
2024-03-03,HDWF2,-11.32492358440696,Ex-post DWA
2024-03-10,HDWF2,-5.998915699074672,Ex-post DWA
2024-03-17,HDWF2,-14.76057838089411,Ex-post DWA
2024-03-24,HDWF2,-4.780182891889062,Ex-post DWA
2024-03-31,HDWF2,-4.026292363177788,Ex-post DWA
2024-04-07,HDWF2,0.7898554889890548,Ex-post DWA
2024-04-14,HDWF2,5.40627392986886,Ex-post DWA
2024-04-21,HDWF2,1.2611733743087115,Ex-post DWA
2024-04-28,HDWF2,-0.11822947096431591,Ex-post DWA
2024-05-05,HDWF2,-5.424248860486017,Ex-post DWA
2024-05-12,HDWF2,-5.511850390619543,Ex-post DWA
2024-05-19,HDWF2,2.421579711753836,Ex-post DWA
2024-05-26,HDWF2,7.732193628524726,Ex-post DWA
2024-06-02,HDWF2,-4.3281491695479986,Ex-post DWA
2024-06-09,HDWF2,15.695282697480252,Ex-post DWA
2024-06-16,HDWF2,-2.5752809140463455,Ex-post DWA
2024-06-23,HDWF2,-12.352718901240905,Ex-post DWA
2024-06-30,HDWF2,-6.947906127587885,Ex-post DWA
2024-07-07,HDWF2,-9.394754643949568,Ex-post DWA
2024-07-14,HDWF2,-9.476786448244638,Ex-post DWA
2024-07-21,HDWF2,1.9708517833352772,Ex-post DWA
2024-07-28,HDWF2,-17.52379383588677,Ex-post DWA
2024-08-04,HDWF2,40.21949096582844,Ex-post DWA
2024-08-11,HDWF2,-31.671630759640806,Ex-post DWA
2024-08-18,HDWF2,-4.8035167521270665,Ex-post DWA
2024-08-25,HDWF2,-10.068839510362423,Ex-post DWA
2024-09-01,HDWF2,-11.663930253140709,Ex-post DWA
2024-09-08,HDWF2,-11.821288419162684,Ex-post DWA
2024-09-15,HDWF2,-10.703528502797331,Ex-post DWA
2024-09-22,HDWF2,-4.503619677912129,Ex-post DWA
2024-09-29,HDWF2,-17.072357719124646,Ex-post DWA
2024-10-06,HDWF2,-13.414947203168895,Ex-post DWA
2024-10-13,HDWF2,-27.684222679760804,Ex-post DWA
2024-10-20,HDWF2,-15.384823374279502,Ex-post DWA
2024-10-27,HDWF2,-31.941359711681635,Ex-post DWA
2024-11-03,HDWF2,-13.473973690382941,Ex-post DWA
2024-11-10,HDWF2,-10.875184244870798,Ex-post DWA
2024-11-17,HDWF2,-37.41211886908559,Ex-post DWA
2024-11-24,HDWF2,-4.209905087413333,Ex-post DWA
2024-12-01,HDWF2,-35.13216003542854,Ex-post DWA
2024-12-08,HDWF2,-18.213968225097304,Ex-post DWA
2024-12-15,HDWF2,-13.878515082874145,Ex-post DWA
2024-12-22,HDWF2,-29.417358146569196,Ex-post DWA
2024-12-29,HDWF2,-13.625309880092047,Ex-post DWA
2025-01-05,HDWF2,-8.641262391571374,Ex-post DWA
2020-01-05,HDWF3,-1.8236248727576552,Ex-post DWA
2020-01-12,HDWF3,0.14771746607586778,Ex-post DWA
2020-01-19,HDWF3,1.1654837248943437,Ex-post DWA
2020-01-26,HDWF3,-4.307285759814075,Ex-post DWA
2020-02-02,HDWF3,18.452773046781886,Ex-post DWA
2020-02-09,HDWF3,-12.921204248151458,Ex-post DWA
2020-02-16,HDWF3,-8.98503980318705,Ex-post DWA
2020-02-23,HDWF3,-6.572827451983851,Ex-post DWA
2020-03-01,HDWF3,-2.912024204770816,Ex-post DWA
2020-03-08,HDWF3,-18.312480251568214,Ex-post DWA
2020-03-15,HDWF3,0.017832468911361588,Ex-post DWA
2020-03-22,HDWF3,0.5095224562787308,Ex-post DWA
2020-03-29,HDWF3,0.6259432882698448,Ex-post DWA
2020-04-05,HDWF3,-3.9454639630450394,Ex-post DWA
2020-04-12,HDWF3,-5.612065233650718,Ex-post DWA
2020-04-19,HDWF3,0.30918859086229844,Ex-post DWA
2020-04-26,HDWF3,-1.30948948923794,Ex-post DWA
2020-05-03,HDWF3,0.0894665168442117,Ex-post DWA
2020-05-10,HDWF3,-1.6034681835166573,Ex-post DWA
2020-05-17,HDWF3,3.9291774475435446,Ex-post DWA
2020-05-24,HDWF3,0.31070138007235215,Ex-post DWA
2020-05-31,HDWF3,-1.0483006483355268,Ex-post DWA
2020-06-07,HDWF3,-0.31263657419412283,Ex-post DWA
2020-06-14,HDWF3,3.6303387587962135,Ex-post DWA
2020-06-21,HDWF3,-0.711635365455777,Ex-post DWA
2020-06-28,HDWF3,0.01611344809711568,Ex-post DWA
2020-07-05,HDWF3,-0.48116721268953455,Ex-post DWA
2020-07-12,HDWF3,0.9989532253208822,Ex-post DWA
2020-07-19,HDWF3,-3.2467163036934963,Ex-post DWA
2020-07-26,HDWF3,0.356431634859554,Ex-post DWA
2020-08-02,HDWF3,2.3431884041519595,Ex-post DWA
2020-08-09,HDWF3,-1.6128953017061889,Ex-post DWA
2020-08-16,HDWF3,-1.3047477402743013,Ex-post DWA
2020-08-23,HDWF3,-1.7227281223567878,Ex-post DWA
2020-08-30,HDWF3,-10.184392946709146,Ex-post DWA
2020-09-06,HDWF3,-7.521479118367271,Ex-post DWA
2020-09-13,HDWF3,-8.306944327109074,Ex-post DWA
2020-09-20,HDWF3,-13.10470564190142,Ex-post DWA
2020-09-27,HDWF3,-10.656191950803557,Ex-post DWA
2020-10-04,HDWF3,-6.926795143218776,Ex-post DWA
2020-10-11,HDWF3,-11.697519665821458,Ex-post DWA
2020-10-18,HDWF3,-1.5723220579609318,Ex-post DWA
2020-10-25,HDWF3,-5.340293939490653,Ex-post DWA
2020-11-01,HDWF3,-6.680146773102177,Ex-post DWA
2020-11-08,HDWF3,-6.2382238319460726,Ex-post DWA
2020-11-15,HDWF3,-0.6636464820371906,Ex-post DWA
2020-11-22,HDWF3,-2.5961195065291953,Ex-post DWA
2020-11-29,HDWF3,-2.078099668140645,Ex-post DWA
2020-12-06,HDWF3,-10.490184836747558,Ex-post DWA
2020-12-13,HDWF3,-8.959752671605232,Ex-post DWA
2020-12-20,HDWF3,-4.410330577231107,Ex-post DWA
2020-12-27,HDWF3,-4.727333970263734,Ex-post DWA
2021-01-03,HDWF3,-6.486150600931997,Ex-post DWA
2021-01-10,HDWF3,-2.8816002573194703,Ex-post DWA
2021-01-17,HDWF3,-14.012926175109646,Ex-post DWA
2021-01-24,HDWF3,1.5980432506128466,Ex-post DWA
2021-01-31,HDWF3,-2.960525375825938,Ex-post DWA
2021-02-07,HDWF3,-6.181194954405005,Ex-post DWA
2021-02-14,HDWF3,-1.433998625419278,Ex-post DWA
2021-02-21,HDWF3,-1.9860455512139659,Ex-post DWA
2021-02-28,HDWF3,-16.85967650221379,Ex-post DWA
2021-03-07,HDWF3,-5.692293454985812,Ex-post DWA
2021-03-14,HDWF3,-41.47290938624046,Ex-post DWA
2021-03-21,HDWF3,-3.337186584780067,Ex-post DWA
2021-03-28,HDWF3,-6.640272026426793,Ex-post DWA
2021-04-04,HDWF3,0.7097202809799796,Ex-post DWA
2021-04-11,HDWF3,-9.271110793700753,Ex-post DWA
2021-04-18,HDWF3,-4.06761228308625,Ex-post DWA
2021-04-25,HDWF3,-4.694864419574429,Ex-post DWA
2021-05-02,HDWF3,-2.354173695428379,Ex-post DWA
2021-05-09,HDWF3,-1.7669221431462248,Ex-post DWA
2021-05-16,HDWF3,-1.8499375257129955,Ex-post DWA
2021-05-23,HDWF3,5.428052295226806,Ex-post DWA
2021-05-30,HDWF3,-1.307497181375652,Ex-post DWA
2021-06-06,HDWF3,-2.2452903128895727,Ex-post DWA
2021-06-13,HDWF3,-2.4495148794206187,Ex-post DWA
2021-06-20,HDWF3,-2.52517681247339,Ex-post DWA
2021-06-27,HDWF3,4.40292813896977,Ex-post DWA
2021-07-04,HDWF3,0.5748087519743024,Ex-post DWA
2021-07-11,HDWF3,2.2001414945779345,Ex-post DWA
2021-07-18,HDWF3,-5.869979518649437,Ex-post DWA
2021-07-25,HDWF3,3.5871428388741293,Ex-post DWA
2021-08-01,HDWF3,-10.011195411731183,Ex-post DWA
2021-08-08,HDWF3,-2.166979772791869,Ex-post DWA
2021-08-15,HDWF3,-6.038932007659497,Ex-post DWA
2021-08-22,HDWF3,-7.9708781114776235,Ex-post DWA
2021-08-29,HDWF3,-4.5589834422682785,Ex-post DWA
2021-09-05,HDWF3,-17.6748662311148,Ex-post DWA
2021-09-12,HDWF3,-13.52533819514306,Ex-post DWA
2021-09-19,HDWF3,-7.426183598864826,Ex-post DWA
2021-09-26,HDWF3,-10.048864920389542,Ex-post DWA
2021-10-03,HDWF3,-7.3568612909050355,Ex-post DWA
2021-10-10,HDWF3,-11.50374291101008,Ex-post DWA
2021-10-17,HDWF3,-11.399094099276619,Ex-post DWA
2021-10-24,HDWF3,-8.946375871600072,Ex-post DWA
2021-10-31,HDWF3,-33.26344940053724,Ex-post DWA
2021-11-07,HDWF3,-2.1735244487681626,Ex-post DWA
2021-11-14,HDWF3,-12.95014863247539,Ex-post DWA
2021-11-21,HDWF3,-9.497932719083561,Ex-post DWA
2021-11-28,HDWF3,-5.88456235211876,Ex-post DWA
2021-12-05,HDWF3,-1.9484968897658916,Ex-post DWA
2021-12-12,HDWF3,-3.8177246778158462,Ex-post DWA
2021-12-19,HDWF3,-19.143891519235424,Ex-post DWA
2021-12-26,HDWF3,2.3916702154484106,Ex-post DWA
2022-01-02,HDWF3,-6.654354723822337,Ex-post DWA
2022-01-09,HDWF3,-2.323228163531873,Ex-post DWA
2022-01-16,HDWF3,-18.481354881590832,Ex-post DWA
2022-01-23,HDWF3,-1.8966472747248986,Ex-post DWA
2022-01-30,HDWF3,-3.6310936699652103,Ex-post DWA
2022-02-06,HDWF3,-6.47192013127167,Ex-post DWA
2022-02-13,HDWF3,-1.8119135632055574,Ex-post DWA
2022-02-20,HDWF3,-5.121192230233035,Ex-post DWA
2022-02-27,HDWF3,-0.3341731008396849,Ex-post DWA
2022-03-06,HDWF3,-9.065219850916712,Ex-post DWA
2022-03-13,HDWF3,-2.676828539156862,Ex-post DWA
2022-03-20,HDWF3,2.578586142841985,Ex-post DWA
2022-03-27,HDWF3,-0.8696745341325567,Ex-post DWA
2022-04-03,HDWF3,-16.585851288311634,Ex-post DWA
2022-04-10,HDWF3,4.680386225648277,Ex-post DWA
2022-04-17,HDWF3,7.220412116442446,Ex-post DWA
2022-04-24,HDWF3,-20.61280484093902,Ex-post DWA
2022-05-01,HDWF3,-14.89244752475048,Ex-post DWA
2022-05-08,HDWF3,8.195538959491785,Ex-post DWA
2022-05-15,HDWF3,0.7763038600189134,Ex-post DWA
2022-05-22,HDWF3,-20.23530169809476,Ex-post DWA
2022-05-29,HDWF3,-14.13720306796472,Ex-post DWA
2022-06-05,HDWF3,-14.569255260316112,Ex-post DWA
2022-06-12,HDWF3,3.397319242378842,Ex-post DWA
2022-06-19,HDWF3,-4.102759700523336,Ex-post DWA
2022-06-26,HDWF3,-16.303354893038517,Ex-post DWA
2022-07-03,HDWF3,20.78695937075952,Ex-post DWA
2022-07-10,HDWF3,-16.55550323712663,Ex-post DWA
2022-07-17,HDWF3,-4.299498077173155,Ex-post DWA
2022-07-24,HDWF3,-11.416550230577968,Ex-post DWA
2022-07-31,HDWF3,-12.091032351720258,Ex-post DWA
2022-08-07,HDWF3,-5.4103557750060105,Ex-post DWA
2022-08-14,HDWF3,0.6189821140818452,Ex-post DWA
2022-08-21,HDWF3,-6.768190286724646,Ex-post DWA
2022-08-28,HDWF3,4.437024909200829,Ex-post DWA
2022-09-04,HDWF3,-22.27140428080051,Ex-post DWA
2022-09-11,HDWF3,-29.097055604645448,Ex-post DWA
2022-09-18,HDWF3,-22.962265172135954,Ex-post DWA
2022-09-25,HDWF3,-9.522183105907757,Ex-post DWA
2022-10-02,HDWF3,-3.6421490301260633,Ex-post DWA
2022-10-09,HDWF3,-10.505040141465784,Ex-post DWA
2022-10-16,HDWF3,-11.09076018020393,Ex-post DWA
2022-10-23,HDWF3,-38.85226300265728,Ex-post DWA
2022-10-30,HDWF3,-11.65957275545086,Ex-post DWA
2022-11-06,HDWF3,-6.181517729487368,Ex-post DWA
2022-11-13,HDWF3,-28.527793863907824,Ex-post DWA
2022-11-20,HDWF3,-39.45134750521606,Ex-post DWA
2022-11-27,HDWF3,-31.675682461874608,Ex-post DWA
2022-12-04,HDWF3,1.297459115672325,Ex-post DWA
2022-12-11,HDWF3,-10.42979604349339,Ex-post DWA
2022-12-18,HDWF3,-9.667378226610921,Ex-post DWA
2022-12-25,HDWF3,-11.653385628981468,Ex-post DWA
2023-01-01,HDWF3,-4.530831115248027,Ex-post DWA
2023-01-08,HDWF3,-11.425619116465247,Ex-post DWA
2023-01-15,HDWF3,8.969182921032797,Ex-post DWA
2023-01-22,HDWF3,1.3709484080106549,Ex-post DWA
2023-01-29,HDWF3,0.23908783567229364,Ex-post DWA
2023-02-05,HDWF3,-21.1464124907097,Ex-post DWA
2023-02-12,HDWF3,-19.96986271140951,Ex-post DWA
2023-02-19,HDWF3,-10.10284760782757,Ex-post DWA
2023-02-26,HDWF3,-0.12895816298977536,Ex-post DWA
2023-03-05,HDWF3,-0.9973541546142926,Ex-post DWA
2023-03-12,HDWF3,-6.548305282097367,Ex-post DWA
2023-03-19,HDWF3,-12.607999023523277,Ex-post DWA
2023-03-26,HDWF3,-6.5333934352265,Ex-post DWA
2023-04-02,HDWF3,-9.666947609026764,Ex-post DWA
2023-04-09,HDWF3,-12.843306272150926,Ex-post DWA
2023-04-16,HDWF3,-8.358406427662914,Ex-post DWA
2023-04-23,HDWF3,-12.579167575475537,Ex-post DWA
2023-04-30,HDWF3,-13.224323206755955,Ex-post DWA
2023-05-07,HDWF3,-21.533923541350433,Ex-post DWA
2023-05-14,HDWF3,-5.644981667146709,Ex-post DWA
2023-05-21,HDWF3,-15.48989211565133,Ex-post DWA
2023-05-28,HDWF3,-12.368049953072905,Ex-post DWA
2023-06-04,HDWF3,-7.045885339764439,Ex-post DWA
2023-06-11,HDWF3,-6.124972793872676,Ex-post DWA
2023-06-18,HDWF3,-10.734460005760653,Ex-post DWA
2023-06-25,HDWF3,-1.9438828421444114,Ex-post DWA
2023-07-02,HDWF3,2.305340428831684,Ex-post DWA
2023-07-09,HDWF3,-5.099813983825474,Ex-post DWA
2023-07-16,HDWF3,-18.34464624213509,Ex-post DWA
2023-07-23,HDWF3,-5.418747629467667,Ex-post DWA
2023-07-30,HDWF3,6.15584229365264,Ex-post DWA
2023-08-06,HDWF3,-16.819129600399616,Ex-post DWA
2023-08-13,HDWF3,-40.3014757175126,Ex-post DWA
2023-08-20,HDWF3,2.759883270132434,Ex-post DWA
2023-08-27,HDWF3,-16.722031247880423,Ex-post DWA
2023-09-03,HDWF3,-32.586361781846264,Ex-post DWA
2023-09-10,HDWF3,-17.533442211886523,Ex-post DWA
2023-09-17,HDWF3,-12.974478210470645,Ex-post DWA
2023-09-24,HDWF3,-2.733253787845019,Ex-post DWA
2023-10-01,HDWF3,-12.985391000363066,Ex-post DWA
2023-10-08,HDWF3,-9.050492889766524,Ex-post DWA
2023-10-15,HDWF3,-5.394709564613766,Ex-post DWA
2023-10-22,HDWF3,-11.798444475050095,Ex-post DWA
2023-10-29,HDWF3,-16.633029525861982,Ex-post DWA
2023-11-05,HDWF3,-6.891515285918022,Ex-post DWA
2023-11-12,HDWF3,-6.047286441679674,Ex-post DWA
2023-11-19,HDWF3,-8.377763194146894,Ex-post DWA
2023-11-26,HDWF3,-15.119952872887158,Ex-post DWA
2023-12-03,HDWF3,-15.896537692905707,Ex-post DWA
2023-12-10,HDWF3,5.263639894228177,Ex-post DWA
2023-12-17,HDWF3,-20.613833586259357,Ex-post DWA
2023-12-24,HDWF3,-19.355150358791455,Ex-post DWA
2023-12-31,HDWF3,-11.351365047828466,Ex-post DWA
2024-01-07,HDWF3,-2.495956640799129,Ex-post DWA
2024-01-14,HDWF3,-7.813410395935229,Ex-post DWA
2024-01-21,HDWF3,-11.452256641362153,Ex-post DWA
2024-01-28,HDWF3,-30.280571981702614,Ex-post DWA
2024-02-04,HDWF3,-3.5994786601275592,Ex-post DWA
2024-02-11,HDWF3,-5.419438515478344,Ex-post DWA
2024-02-18,HDWF3,-11.74483921904141,Ex-post DWA
2024-02-25,HDWF3,-11.027264336491385,Ex-post DWA
2024-03-03,HDWF3,-13.995188145613604,Ex-post DWA
2024-03-10,HDWF3,-4.592944276077368,Ex-post DWA
2024-03-17,HDWF3,-13.656654362151627,Ex-post DWA
2024-03-24,HDWF3,-3.763056883726243,Ex-post DWA
2024-03-31,HDWF3,-3.592457341542456,Ex-post DWA
2024-04-07,HDWF3,-2.870755451727277,Ex-post DWA
2024-04-14,HDWF3,5.873148196097034,Ex-post DWA
2024-04-21,HDWF3,0.8257159181759732,Ex-post DWA
2024-04-28,HDWF3,0.4802898933088855,Ex-post DWA
2024-05-05,HDWF3,-6.876980080988716,Ex-post DWA
2024-05-12,HDWF3,-5.680549449895466,Ex-post DWA
2024-05-19,HDWF3,4.808700145816161,Ex-post DWA
2024-05-26,HDWF3,8.945370068567314,Ex-post DWA
2024-06-02,HDWF3,-2.5600980971997664,Ex-post DWA
2024-06-09,HDWF3,14.416474970964003,Ex-post DWA
2024-06-16,HDWF3,-5.07495673871216,Ex-post DWA
2024-06-23,HDWF3,-10.523243298826543,Ex-post DWA
2024-06-30,HDWF3,-6.0521226076971715,Ex-post DWA
2024-07-07,HDWF3,-8.262415327241541,Ex-post DWA
2024-07-14,HDWF3,-5.181509481458448,Ex-post DWA
2024-07-21,HDWF3,2.4838777044145957,Ex-post DWA
2024-07-28,HDWF3,-16.994260243805314,Ex-post DWA
2024-08-04,HDWF3,15.996696957257967,Ex-post DWA
2024-08-11,HDWF3,-35.394798326069306,Ex-post DWA
2024-08-18,HDWF3,-5.005702962287678,Ex-post DWA
2024-08-25,HDWF3,-7.21284197815374,Ex-post DWA
2024-09-01,HDWF3,-10.475507629105909,Ex-post DWA
2024-09-08,HDWF3,-11.430963659093877,Ex-post DWA
2024-09-15,HDWF3,-12.451225889897149,Ex-post DWA
2024-09-22,HDWF3,-6.08673570040764,Ex-post DWA
2024-09-29,HDWF3,-17.77741213699987,Ex-post DWA
2024-10-06,HDWF3,-13.956606754257837,Ex-post DWA
2024-10-13,HDWF3,-30.36637221458175,Ex-post DWA
2024-10-20,HDWF3,-15.935360449643944,Ex-post DWA
2024-10-27,HDWF3,-28.961232226644118,Ex-post DWA
2024-11-03,HDWF3,-16.649287794990286,Ex-post DWA
2024-11-10,HDWF3,-14.01815347572791,Ex-post DWA
2024-11-17,HDWF3,-36.468543626980704,Ex-post DWA
2024-11-24,HDWF3,-6.172494476069929,Ex-post DWA
2024-12-01,HDWF3,-34.054269600643465,Ex-post DWA
2024-12-08,HDWF3,-21.28549138792259,Ex-post DWA
2024-12-15,HDWF3,-17.22609213120785,Ex-post DWA
2024-12-22,HDWF3,-27.078520418892865,Ex-post DWA
2024-12-29,HDWF3,-14.863027998219637,Ex-post DWA
2025-01-05,HDWF3,-11.213131556887973,Ex-post DWA
2020-01-05,LGAPWF1,13.738183754206638,Ex-post DWA
2020-01-12,LGAPWF1,2.205923487465782,Ex-post DWA
2020-01-19,LGAPWF1,7.5021427890028605,Ex-post DWA
2020-01-26,LGAPWF1,15.13556570841795,Ex-post DWA
2020-02-02,LGAPWF1,25.88436908798988,Ex-post DWA
2020-02-09,LGAPWF1,-0.9357575600158476,Ex-post DWA
2020-02-16,LGAPWF1,32.643238613230906,Ex-post DWA
2020-02-23,LGAPWF1,10.855032014578946,Ex-post DWA
2020-03-01,LGAPWF1,18.54368986654743,Ex-post DWA
2020-03-08,LGAPWF1,8.115611475638183,Ex-post DWA
2020-03-15,LGAPWF1,1.44700930983727,Ex-post DWA
2020-03-22,LGAPWF1,0.20838450161770794,Ex-post DWA
2020-03-29,LGAPWF1,0.3565689020474281,Ex-post DWA
2020-04-05,LGAPWF1,10.279160061098125,Ex-post DWA
2020-04-12,LGAPWF1,11.284577078329683,Ex-post DWA
2020-04-19,LGAPWF1,2.1563198061302806,Ex-post DWA
2020-04-26,LGAPWF1,2.5509082317372513,Ex-post DWA
2020-05-03,LGAPWF1,2.087682720007237,Ex-post DWA
2020-05-10,LGAPWF1,3.4296827329835367,Ex-post DWA
2020-05-17,LGAPWF1,1.938142367723323,Ex-post DWA
2020-05-24,LGAPWF1,0.544706734109532,Ex-post DWA
2020-05-31,LGAPWF1,0.9353268838951081,Ex-post DWA
2020-06-07,LGAPWF1,3.3999881880904113,Ex-post DWA
2020-06-14,LGAPWF1,-6.874441727559315,Ex-post DWA
2020-06-21,LGAPWF1,3.413284786461489,Ex-post DWA
2020-06-28,LGAPWF1,0.09640380631408618,Ex-post DWA
2020-07-05,LGAPWF1,0.13635836261092749,Ex-post DWA
2020-07-12,LGAPWF1,0.23233565702831527,Ex-post DWA
2020-07-19,LGAPWF1,3.091902564163206,Ex-post DWA
2020-07-26,LGAPWF1,0.13699140125557818,Ex-post DWA
2020-08-02,LGAPWF1,1.0599055894373848,Ex-post DWA
2020-08-09,LGAPWF1,-0.23805313302278108,Ex-post DWA
2020-08-16,LGAPWF1,-0.11406825852495217,Ex-post DWA
2020-08-23,LGAPWF1,4.8247868129984255,Ex-post DWA
2020-08-30,LGAPWF1,16.2681258584666,Ex-post DWA
2020-09-06,LGAPWF1,7.468827095216385,Ex-post DWA
2020-09-13,LGAPWF1,16.23922139512065,Ex-post DWA
2020-09-20,LGAPWF1,14.157614513454293,Ex-post DWA
2020-09-27,LGAPWF1,16.181714402525067,Ex-post DWA
2020-10-04,LGAPWF1,5.974791468347493,Ex-post DWA
2020-10-11,LGAPWF1,2.5542772841499293,Ex-post DWA
2020-10-18,LGAPWF1,-0.2606070431930192,Ex-post DWA
2020-10-25,LGAPWF1,10.533669082358404,Ex-post DWA
2020-11-01,LGAPWF1,6.487024577013997,Ex-post DWA
2020-11-08,LGAPWF1,12.445034519533671,Ex-post DWA
2020-11-15,LGAPWF1,6.8862614509005695,Ex-post DWA
2020-11-22,LGAPWF1,11.88542044048,Ex-post DWA
2020-11-29,LGAPWF1,-0.0478800891962905,Ex-post DWA
2020-12-06,LGAPWF1,18.76537876226842,Ex-post DWA
2020-12-13,LGAPWF1,24.425993380586316,Ex-post DWA
2020-12-20,LGAPWF1,5.924576200143171,Ex-post DWA
2020-12-27,LGAPWF1,13.837917311266178,Ex-post DWA
2021-01-03,LGAPWF1,8.03775015523009,Ex-post DWA
2021-01-10,LGAPWF1,4.41817147903801,Ex-post DWA
2021-01-17,LGAPWF1,6.994328860325265,Ex-post DWA
2021-01-24,LGAPWF1,1.4097743529233142,Ex-post DWA
2021-01-31,LGAPWF1,10.158382698381544,Ex-post DWA
2021-02-07,LGAPWF1,12.564723305639522,Ex-post DWA
2021-02-14,LGAPWF1,0.6395496827346285,Ex-post DWA
2021-02-21,LGAPWF1,0.3647005062482336,Ex-post DWA
2021-02-28,LGAPWF1,15.97832272957853,Ex-post DWA
2021-03-07,LGAPWF1,9.877421293240506,Ex-post DWA
2021-03-14,LGAPWF1,15.372075310443211,Ex-post DWA
2021-03-21,LGAPWF1,12.8383239119214,Ex-post DWA
2021-03-28,LGAPWF1,14.483354832739597,Ex-post DWA
2021-04-04,LGAPWF1,1.6169158231166136,Ex-post DWA
2021-04-11,LGAPWF1,13.976991247223921,Ex-post DWA
2021-04-18,LGAPWF1,16.36397260881521,Ex-post DWA
2021-04-25,LGAPWF1,12.10995456254895,Ex-post DWA
2021-05-02,LGAPWF1,11.109106393231855,Ex-post DWA
2021-05-09,LGAPWF1,5.089158506894272,Ex-post DWA
2021-05-16,LGAPWF1,3.256193225715151,Ex-post DWA
2021-05-23,LGAPWF1,14.89381827482508,Ex-post DWA
2021-05-30,LGAPWF1,3.930742461498461,Ex-post DWA
2021-06-06,LGAPWF1,8.49521126082027,Ex-post DWA
2021-06-13,LGAPWF1,14.221641595514278,Ex-post DWA
2021-06-20,LGAPWF1,-12.345590488438617,Ex-post DWA
2021-06-27,LGAPWF1,-2.2862249891771427,Ex-post DWA
2021-07-04,LGAPWF1,0.4668727464713669,Ex-post DWA
2021-07-11,LGAPWF1,9.84159223117561,Ex-post DWA
2021-07-18,LGAPWF1,5.125362454916441,Ex-post DWA
2021-07-25,LGAPWF1,4.505105709214334,Ex-post DWA
2021-08-01,LGAPWF1,16.013702422452425,Ex-post DWA
2021-08-08,LGAPWF1,-3.8798764445147143,Ex-post DWA
2021-08-15,LGAPWF1,3.6993731721919048,Ex-post DWA
2021-08-22,LGAPWF1,15.522998523459343,Ex-post DWA
2021-08-29,LGAPWF1,2.177390671751901,Ex-post DWA
2021-09-05,LGAPWF1,27.105015348158354,Ex-post DWA
2021-09-12,LGAPWF1,22.9036194839952,Ex-post DWA
2021-09-19,LGAPWF1,17.162114250894355,Ex-post DWA
2021-09-26,LGAPWF1,12.839095081129773,Ex-post DWA
2021-10-03,LGAPWF1,12.556329946782412,Ex-post DWA
2021-10-10,LGAPWF1,17.276142419781674,Ex-post DWA
2021-10-17,LGAPWF1,23.9586561785402,Ex-post DWA
2021-10-24,LGAPWF1,18.86726329775866,Ex-post DWA
2021-10-31,LGAPWF1,10.60492822760061,Ex-post DWA
2021-11-07,LGAPWF1,8.656705709446086,Ex-post DWA
2021-11-14,LGAPWF1,23.398083735316582,Ex-post DWA
2021-11-21,LGAPWF1,23.37264143050166,Ex-post DWA
2021-11-28,LGAPWF1,9.611253989548903,Ex-post DWA
2021-12-05,LGAPWF1,0.16116208876297122,Ex-post DWA
2021-12-12,LGAPWF1,8.284250783693558,Ex-post DWA
2021-12-19,LGAPWF1,36.50822206403025,Ex-post DWA
2021-12-26,LGAPWF1,5.9733946346571685,Ex-post DWA
2022-01-02,LGAPWF1,9.827545994177893,Ex-post DWA
2022-01-09,LGAPWF1,1.9717339223510102,Ex-post DWA
2022-01-16,LGAPWF1,17.594678634818806,Ex-post DWA
2022-01-23,LGAPWF1,3.5226959271953966,Ex-post DWA
2022-01-30,LGAPWF1,1.8643892312429244,Ex-post DWA
2022-02-06,LGAPWF1,5.111389166655684,Ex-post DWA
2022-02-13,LGAPWF1,10.36750256131917,Ex-post DWA
2022-02-20,LGAPWF1,8.044904631539794,Ex-post DWA
2022-02-27,LGAPWF1,4.206635449522629,Ex-post DWA
2022-03-06,LGAPWF1,7.385839433700312,Ex-post DWA
2022-03-13,LGAPWF1,4.048467651981767,Ex-post DWA
2022-03-20,LGAPWF1,1.491896504502236,Ex-post DWA
2022-03-27,LGAPWF1,7.36031118617413,Ex-post DWA
2022-04-03,LGAPWF1,16.803270237402053,Ex-post DWA
2022-04-10,LGAPWF1,-3.6928484156772754,Ex-post DWA
2022-04-17,LGAPWF1,19.35504275437006,Ex-post DWA
2022-04-24,LGAPWF1,36.54003855827018,Ex-post DWA
2022-05-01,LGAPWF1,0.739659826030703,Ex-post DWA
2022-05-08,LGAPWF1,27.545649971793267,Ex-post DWA
2022-05-15,LGAPWF1,-12.705078677541223,Ex-post DWA
2022-05-22,LGAPWF1,-13.65225691435785,Ex-post DWA
2022-05-29,LGAPWF1,-7.1556442032011205,Ex-post DWA
2022-06-05,LGAPWF1,26.649489157690567,Ex-post DWA
2022-06-12,LGAPWF1,57.226906450817296,Ex-post DWA
2022-06-19,LGAPWF1,9.356070630076573,Ex-post DWA
2022-06-26,LGAPWF1,1.9004705045823016,Ex-post DWA
2022-07-03,LGAPWF1,10.040956255043284,Ex-post DWA
2022-07-10,LGAPWF1,-2.004545464084572,Ex-post DWA
2022-07-17,LGAPWF1,54.139888197644495,Ex-post DWA
2022-07-24,LGAPWF1,26.67381428911051,Ex-post DWA
2022-07-31,LGAPWF1,-18.488066574864433,Ex-post DWA
2022-08-07,LGAPWF1,6.163406380289999,Ex-post DWA
2022-08-14,LGAPWF1,0.6310252266087844,Ex-post DWA
2022-08-21,LGAPWF1,5.572080953570449,Ex-post DWA
2022-08-28,LGAPWF1,17.861671126165078,Ex-post DWA
2022-09-04,LGAPWF1,39.08629392889125,Ex-post DWA
2022-09-11,LGAPWF1,17.728082794401615,Ex-post DWA
2022-09-18,LGAPWF1,32.49241605207295,Ex-post DWA
2022-09-25,LGAPWF1,20.776238436974594,Ex-post DWA
2022-10-02,LGAPWF1,8.663237372497349,Ex-post DWA
2022-10-09,LGAPWF1,18.81046407981286,Ex-post DWA
2022-10-16,LGAPWF1,9.927995464639466,Ex-post DWA
2022-10-23,LGAPWF1,27.882148016003683,Ex-post DWA
2022-10-30,LGAPWF1,6.589328254286933,Ex-post DWA
2022-11-06,LGAPWF1,11.803477167541736,Ex-post DWA
2022-11-13,LGAPWF1,16.624038158628323,Ex-post DWA
2022-11-20,LGAPWF1,41.68329503434935,Ex-post DWA
2022-11-27,LGAPWF1,28.8877662115212,Ex-post DWA
2022-12-04,LGAPWF1,5.371817433283752,Ex-post DWA
2022-12-11,LGAPWF1,-10.597891490993376,Ex-post DWA
2022-12-18,LGAPWF1,2.790103022837982,Ex-post DWA
2022-12-25,LGAPWF1,22.1310601874632,Ex-post DWA
2023-01-01,LGAPWF1,3.2905739601730843,Ex-post DWA
2023-01-08,LGAPWF1,0.6796202026217486,Ex-post DWA
2023-01-15,LGAPWF1,-2.737705053190709,Ex-post DWA
2023-01-22,LGAPWF1,3.807266786636653,Ex-post DWA
2023-01-29,LGAPWF1,-2.2500174651112843,Ex-post DWA
2023-02-05,LGAPWF1,25.656036751410184,Ex-post DWA
2023-02-12,LGAPWF1,26.43765820460753,Ex-post DWA
2023-02-19,LGAPWF1,-4.359489991407742,Ex-post DWA
2023-02-26,LGAPWF1,-1.1969615973898584,Ex-post DWA
2023-03-05,LGAPWF1,9.4464403561253,Ex-post DWA
2023-03-12,LGAPWF1,12.013405083363793,Ex-post DWA
2023-03-19,LGAPWF1,20.681712808682065,Ex-post DWA
2023-03-26,LGAPWF1,9.517352729617457,Ex-post DWA
2023-04-02,LGAPWF1,6.917059236048743,Ex-post DWA
2023-04-09,LGAPWF1,9.6870096739178,Ex-post DWA
2023-04-16,LGAPWF1,9.356540428733403,Ex-post DWA
2023-04-23,LGAPWF1,7.049445381996037,Ex-post DWA
2023-04-30,LGAPWF1,0.598901633901292,Ex-post DWA
2023-05-07,LGAPWF1,21.35299172855376,Ex-post DWA
2023-05-14,LGAPWF1,15.138785378067467,Ex-post DWA
2023-05-21,LGAPWF1,25.354668573786938,Ex-post DWA
2023-05-28,LGAPWF1,-0.2984267332976742,Ex-post DWA
2023-06-04,LGAPWF1,-2.174161986320371,Ex-post DWA
2023-06-11,LGAPWF1,-1.1985660916318395,Ex-post DWA
2023-06-18,LGAPWF1,-3.9631410438877195,Ex-post DWA
2023-06-25,LGAPWF1,12.545904351001283,Ex-post DWA
2023-07-02,LGAPWF1,68.39711909980925,Ex-post DWA
2023-07-09,LGAPWF1,3.1780217002958864,Ex-post DWA
2023-07-16,LGAPWF1,-4.384337612473011,Ex-post DWA
2023-07-23,LGAPWF1,8.585021424576809,Ex-post DWA
2023-07-30,LGAPWF1,16.34129658162803,Ex-post DWA
2023-08-06,LGAPWF1,38.95357017039539,Ex-post DWA
2023-08-13,LGAPWF1,56.230247791922494,Ex-post DWA
2023-08-20,LGAPWF1,20.029362152600683,Ex-post DWA
2023-08-27,LGAPWF1,7.913356353953937,Ex-post DWA
2023-09-03,LGAPWF1,4.720092740659439,Ex-post DWA
2023-09-10,LGAPWF1,9.669611672945924,Ex-post DWA
2023-09-17,LGAPWF1,8.73075847052657,Ex-post DWA
2023-09-24,LGAPWF1,23.328840550257347,Ex-post DWA
2023-10-01,LGAPWF1,11.958670851731355,Ex-post DWA
2023-10-08,LGAPWF1,13.324311981439529,Ex-post DWA
2023-10-15,LGAPWF1,5.627823715723785,Ex-post DWA
2023-10-22,LGAPWF1,9.221413824039978,Ex-post DWA
2023-10-29,LGAPWF1,26.218791691583927,Ex-post DWA
2023-11-05,LGAPWF1,10.536769728371056,Ex-post DWA
2023-11-12,LGAPWF1,26.024046906162653,Ex-post DWA
2023-11-19,LGAPWF1,14.329736903271368,Ex-post DWA
2023-11-26,LGAPWF1,17.2283402110659,Ex-post DWA
2023-12-03,LGAPWF1,15.698662879248324,Ex-post DWA
2023-12-10,LGAPWF1,17.05657307998392,Ex-post DWA
2023-12-17,LGAPWF1,18.77035767471304,Ex-post DWA
2023-12-24,LGAPWF1,20.224321009007774,Ex-post DWA
2023-12-31,LGAPWF1,13.684638179004262,Ex-post DWA
2024-01-07,LGAPWF1,13.980811619641429,Ex-post DWA
2024-01-14,LGAPWF1,18.05420385094014,Ex-post DWA
2024-01-21,LGAPWF1,14.54807177156956,Ex-post DWA
2024-01-28,LGAPWF1,13.241116576596944,Ex-post DWA
2024-02-04,LGAPWF1,5.6277815393551265,Ex-post DWA
2024-02-11,LGAPWF1,7.524593648217355,Ex-post DWA
2024-02-18,LGAPWF1,13.260385363693565,Ex-post DWA
2024-02-25,LGAPWF1,-10.054288212491954,Ex-post DWA
2024-03-03,LGAPWF1,19.11763964644632,Ex-post DWA
2024-03-10,LGAPWF1,0.8125765825440396,Ex-post DWA
2024-03-17,LGAPWF1,-0.7541357804880562,Ex-post DWA
2024-03-24,LGAPWF1,4.0744973822654345,Ex-post DWA
2024-03-31,LGAPWF1,13.792340087629086,Ex-post DWA
2024-04-07,LGAPWF1,17.396454075356274,Ex-post DWA
2024-04-14,LGAPWF1,11.149697344127972,Ex-post DWA
2024-04-21,LGAPWF1,8.207428706471987,Ex-post DWA
2024-04-28,LGAPWF1,6.888706110403206,Ex-post DWA
2024-05-05,LGAPWF1,16.452777236297763,Ex-post DWA
2024-05-12,LGAPWF1,11.116541507425381,Ex-post DWA
2024-05-19,LGAPWF1,-14.021049258757472,Ex-post DWA
2024-05-26,LGAPWF1,-21.392214503379506,Ex-post DWA
2024-06-02,LGAPWF1,13.287114058630255,Ex-post DWA
2024-06-09,LGAPWF1,-3.9364872862143443,Ex-post DWA
2024-06-16,LGAPWF1,25.062619784902623,Ex-post DWA
2024-06-23,LGAPWF1,29.944252736972715,Ex-post DWA
2024-06-30,LGAPWF1,-1.2304355250120835,Ex-post DWA
2024-07-07,LGAPWF1,5.6519460489662094,Ex-post DWA
2024-07-14,LGAPWF1,7.530363971160455,Ex-post DWA
2024-07-21,LGAPWF1,15.623528045728335,Ex-post DWA
2024-07-28,LGAPWF1,52.180295521595454,Ex-post DWA
2024-08-04,LGAPWF1,21.17349482505705,Ex-post DWA
2024-08-11,LGAPWF1,-12.36103358393953,Ex-post DWA
2024-08-18,LGAPWF1,9.600241170421512,Ex-post DWA
2024-08-25,LGAPWF1,4.1965361559819385,Ex-post DWA
2024-09-01,LGAPWF1,0.9418995490708788,Ex-post DWA
2024-09-08,LGAPWF1,13.674181522884753,Ex-post DWA
2024-09-15,LGAPWF1,15.730536520302095,Ex-post DWA
2024-09-22,LGAPWF1,17.547022266386534,Ex-post DWA
2024-09-29,LGAPWF1,8.184919815214595,Ex-post DWA
2024-10-06,LGAPWF1,26.39894580685492,Ex-post DWA
2024-10-13,LGAPWF1,18.903554308973273,Ex-post DWA
2024-10-20,LGAPWF1,20.440751425300277,Ex-post DWA
2024-10-27,LGAPWF1,23.16562573847574,Ex-post DWA
2024-11-03,LGAPWF1,17.834797690580398,Ex-post DWA
2024-11-10,LGAPWF1,27.191502396357784,Ex-post DWA
2024-11-17,LGAPWF1,26.170368621471702,Ex-post DWA
2024-11-24,LGAPWF1,3.8816408456360136,Ex-post DWA
2024-12-01,LGAPWF1,30.33953270170005,Ex-post DWA
2024-12-08,LGAPWF1,11.650853554739555,Ex-post DWA
2024-12-15,LGAPWF1,19.414990584623283,Ex-post DWA
2024-12-22,LGAPWF1,20.244441053984254,Ex-post DWA
2024-12-29,LGAPWF1,18.93005205888756,Ex-post DWA
2025-01-05,LGAPWF1,29.599655416324836,Ex-post DWA
2020-01-05,LKBONNY2,2.90379879846855,Ex-post DWA
2020-01-12,LKBONNY2,-0.627730463615805,Ex-post DWA
2020-01-19,LKBONNY2,-0.6603861441750212,Ex-post DWA
2020-01-26,LKBONNY2,-1.1428335984324534,Ex-post DWA
2020-02-02,LKBONNY2,86.79877702204413,Ex-post DWA
2020-02-09,LKBONNY2,10.473154475347364,Ex-post DWA
2020-02-16,LKBONNY2,45.85815467115117,Ex-post DWA
2020-02-23,LKBONNY2,-6.231285413959505,Ex-post DWA
2020-03-01,LKBONNY2,12.177704608266033,Ex-post DWA
2020-03-08,LKBONNY2,9.128999019882336,Ex-post DWA
2020-03-15,LKBONNY2,6.437300953705776,Ex-post DWA
2020-03-22,LKBONNY2,0.14816812353213749,Ex-post DWA
2020-03-29,LKBONNY2,2.2648099334173537,Ex-post DWA
2020-04-05,LKBONNY2,-10.549885148511835,Ex-post DWA
2020-04-12,LKBONNY2,-1.8817452380744975,Ex-post DWA
2020-04-19,LKBONNY2,0.1500208867993429,Ex-post DWA
2020-04-26,LKBONNY2,3.154617610239102,Ex-post DWA
2020-05-03,LKBONNY2,1.514285922434663,Ex-post DWA
2020-05-10,LKBONNY2,1.5546013097183256,Ex-post DWA
2020-05-17,LKBONNY2,-8.91471687946557,Ex-post DWA
2020-05-24,LKBONNY2,-0.09131505724143807,Ex-post DWA
2020-05-31,LKBONNY2,1.2846349087757716,Ex-post DWA
2020-06-07,LKBONNY2,-4.4167157013368055,Ex-post DWA
2020-06-14,LKBONNY2,-5.4629161574181,Ex-post DWA
2020-06-21,LKBONNY2,-3.3895908302256608,Ex-post DWA
2020-06-28,LKBONNY2,-1.0503590136063394,Ex-post DWA
2020-07-05,LKBONNY2,1.792474331489828,Ex-post DWA
2020-07-12,LKBONNY2,0.8154315376006238,Ex-post DWA
2020-07-19,LKBONNY2,3.5705540085795064,Ex-post DWA
2020-07-26,LKBONNY2,-3.388131412755378,Ex-post DWA
2020-08-02,LKBONNY2,0.5788917891632721,Ex-post DWA
2020-08-09,LKBONNY2,6.44885658425212,Ex-post DWA
2020-08-16,LKBONNY2,-2.556454226489045,Ex-post DWA
2020-08-23,LKBONNY2,-1.9434418787844372,Ex-post DWA
2020-08-30,LKBONNY2,9.691879823948419,Ex-post DWA
2020-09-06,LKBONNY2,7.4466099885961565,Ex-post DWA
2020-09-13,LKBONNY2,7.351194349907749,Ex-post DWA
2020-09-20,LKBONNY2,9.01330950293986,Ex-post DWA
2020-09-27,LKBONNY2,10.801033699520088,Ex-post DWA
2020-10-04,LKBONNY2,15.303230197918307,Ex-post DWA
2020-10-11,LKBONNY2,26.60436956975109,Ex-post DWA
2020-10-18,LKBONNY2,2.8743533746048016,Ex-post DWA
2020-10-25,LKBONNY2,10.606604798201065,Ex-post DWA
2020-11-01,LKBONNY2,15.381742837623605,Ex-post DWA
2020-11-08,LKBONNY2,8.494460274226249,Ex-post DWA
2020-11-15,LKBONNY2,-1.7764481840334767,Ex-post DWA
2020-11-22,LKBONNY2,5.056737020703199,Ex-post DWA
2020-11-29,LKBONNY2,1.0658519250275376,Ex-post DWA
2020-12-06,LKBONNY2,14.042697853908118,Ex-post DWA
2020-12-13,LKBONNY2,15.370726873190423,Ex-post DWA
2020-12-20,LKBONNY2,4.9979791426406095,Ex-post DWA
2020-12-27,LKBONNY2,5.230889128213658,Ex-post DWA
2021-01-03,LKBONNY2,3.5351235307158717,Ex-post DWA
2021-01-10,LKBONNY2,5.1483105190900265,Ex-post DWA
2021-01-17,LKBONNY2,8.120964148048323,Ex-post DWA
2021-01-24,LKBONNY2,27.998501500463853,Ex-post DWA
2021-01-31,LKBONNY2,-0.22278588654942766,Ex-post DWA
2021-02-07,LKBONNY2,11.575512128094186,Ex-post DWA
2021-02-14,LKBONNY2,-1.054087284623865,Ex-post DWA
2021-02-21,LKBONNY2,5.24758981869579,Ex-post DWA
2021-02-28,LKBONNY2,12.77202968447235,Ex-post DWA
2021-03-07,LKBONNY2,5.657159424963599,Ex-post DWA
2021-03-14,LKBONNY2,201.43763360660338,Ex-post DWA
2021-03-21,LKBONNY2,12.357978598722951,Ex-post DWA
2021-03-28,LKBONNY2,8.708853303124517,Ex-post DWA
2021-04-04,LKBONNY2,-12.655429257435905,Ex-post DWA
2021-04-11,LKBONNY2,8.232871485572716,Ex-post DWA
2021-04-18,LKBONNY2,9.736400330285566,Ex-post DWA
2021-04-25,LKBONNY2,-4.387963365488076,Ex-post DWA
2021-05-02,LKBONNY2,-24.103620581948125,Ex-post DWA
2021-05-09,LKBONNY2,9.828040526799285,Ex-post DWA
2021-05-16,LKBONNY2,5.613903649020308,Ex-post DWA
2021-05-23,LKBONNY2,0.3297213072941645,Ex-post DWA
2021-05-30,LKBONNY2,19.91039878804107,Ex-post DWA
2021-06-06,LKBONNY2,10.164189190973929,Ex-post DWA
2021-06-13,LKBONNY2,1.689633759999225,Ex-post DWA
2021-06-20,LKBONNY2,7.2474931995104015,Ex-post DWA
2021-06-27,LKBONNY2,-9.120925657339015,Ex-post DWA
2021-07-04,LKBONNY2,0.2522707333710912,Ex-post DWA
2021-07-11,LKBONNY2,-5.638607794961871,Ex-post DWA
2021-07-18,LKBONNY2,7.230388581877747,Ex-post DWA
2021-07-25,LKBONNY2,-5.6086705878977625,Ex-post DWA
2021-08-01,LKBONNY2,21.55178701062453,Ex-post DWA
2021-08-08,LKBONNY2,5.874601437396947,Ex-post DWA
2021-08-15,LKBONNY2,11.743712542002637,Ex-post DWA
2021-08-22,LKBONNY2,9.245079383786905,Ex-post DWA
2021-08-29,LKBONNY2,14.254927627614101,Ex-post DWA
2021-09-05,LKBONNY2,15.481567708510347,Ex-post DWA
2021-09-12,LKBONNY2,21.262649999199912,Ex-post DWA
2021-09-19,LKBONNY2,-4.777098507076817,Ex-post DWA
2021-09-26,LKBONNY2,17.475676990514213,Ex-post DWA
2021-10-03,LKBONNY2,23.45987534374724,Ex-post DWA
2021-10-10,LKBONNY2,12.060458270235864,Ex-post DWA
2021-10-17,LKBONNY2,-3.1706427955103793,Ex-post DWA
2021-10-24,LKBONNY2,0.9067855556030464,Ex-post DWA
2021-10-31,LKBONNY2,46.47525964288134,Ex-post DWA
2021-11-07,LKBONNY2,3.648314814439935,Ex-post DWA
2021-11-14,LKBONNY2,0.812212780086842,Ex-post DWA
2021-11-21,LKBONNY2,-1.3137584485533882,Ex-post DWA
2021-11-28,LKBONNY2,-1.2579923170056482,Ex-post DWA
2021-12-05,LKBONNY2,13.7682433891191,Ex-post DWA
2021-12-12,LKBONNY2,6.954027351862919,Ex-post DWA
2021-12-19,LKBONNY2,55.953679349176895,Ex-post DWA
2021-12-26,LKBONNY2,-4.080140963584224,Ex-post DWA
2022-01-02,LKBONNY2,2.9861219392661162,Ex-post DWA
2022-01-09,LKBONNY2,7.483654773135616,Ex-post DWA
2022-01-16,LKBONNY2,48.254689321883674,Ex-post DWA
2022-01-23,LKBONNY2,7.797099995854648,Ex-post DWA
2022-01-30,LKBONNY2,11.699904310354711,Ex-post DWA
2022-02-06,LKBONNY2,4.498349956123299,Ex-post DWA
2022-02-13,LKBONNY2,-2.99451301793232,Ex-post DWA
2022-02-20,LKBONNY2,-0.9069570693260687,Ex-post DWA
2022-02-27,LKBONNY2,-3.5556349258319315,Ex-post DWA
2022-03-06,LKBONNY2,6.880934851246288,Ex-post DWA
2022-03-13,LKBONNY2,5.658111437481367,Ex-post DWA
2022-03-20,LKBONNY2,-5.178104032417295,Ex-post DWA
2022-03-27,LKBONNY2,4.4092740184586035,Ex-post DWA
2022-04-03,LKBONNY2,22.93493604136379,Ex-post DWA
2022-04-10,LKBONNY2,-66.29805940680858,Ex-post DWA
2022-04-17,LKBONNY2,-46.64045275283202,Ex-post DWA
2022-04-24,LKBONNY2,19.181169879075313,Ex-post DWA
2022-05-01,LKBONNY2,17.1917462541781,Ex-post DWA
2022-05-08,LKBONNY2,-7.072134630757347,Ex-post DWA
2022-05-15,LKBONNY2,-74.87968926660875,Ex-post DWA
2022-05-22,LKBONNY2,120.36913623670802,Ex-post DWA
2022-05-29,LKBONNY2,7.888412605171538,Ex-post DWA
2022-06-05,LKBONNY2,30.541230775736636,Ex-post DWA
2022-06-12,LKBONNY2,8.735988725273614,Ex-post DWA
2022-06-19,LKBONNY2,8.993056346185057,Ex-post DWA
2022-06-26,LKBONNY2,21.765633534254647,Ex-post DWA
2022-07-03,LKBONNY2,-8.422450917864865,Ex-post DWA
2022-07-10,LKBONNY2,132.66860666718622,Ex-post DWA
2022-07-17,LKBONNY2,-59.66573018148415,Ex-post DWA
2022-07-24,LKBONNY2,26.063183487844526,Ex-post DWA
2022-07-31,LKBONNY2,18.991437459294474,Ex-post DWA
2022-08-07,LKBONNY2,-6.1524262871887885,Ex-post DWA
2022-08-14,LKBONNY2,-7.579996626455539,Ex-post DWA
2022-08-21,LKBONNY2,-1.3706027812169594,Ex-post DWA
2022-08-28,LKBONNY2,-3.2083286439434886,Ex-post DWA
2022-09-04,LKBONNY2,20.489690893864946,Ex-post DWA
2022-09-11,LKBONNY2,86.95537391712332,Ex-post DWA
2022-09-18,LKBONNY2,6.898962162106564,Ex-post DWA
2022-09-25,LKBONNY2,-11.842923810815677,Ex-post DWA
2022-10-02,LKBONNY2,-14.55935369253882,Ex-post DWA
2022-10-09,LKBONNY2,5.062927356695781,Ex-post DWA
2022-10-16,LKBONNY2,-12.47226479461672,Ex-post DWA
2022-10-23,LKBONNY2,16.675786716827403,Ex-post DWA
2022-10-30,LKBONNY2,-8.270930769747011,Ex-post DWA
2022-11-06,LKBONNY2,-14.274554642406382,Ex-post DWA
2022-11-13,LKBONNY2,5.5651224758175175,Ex-post DWA
2022-11-20,LKBONNY2,54.68654881030008,Ex-post DWA
2022-11-27,LKBONNY2,11.640999248676632,Ex-post DWA
2022-12-04,LKBONNY2,-2.3861776739376808,Ex-post DWA
2022-12-11,LKBONNY2,5.001817354862638,Ex-post DWA
2022-12-18,LKBONNY2,7.736185728358444,Ex-post DWA
2022-12-25,LKBONNY2,4.978613229736752,Ex-post DWA
2023-01-01,LKBONNY2,-16.234497482280446,Ex-post DWA
2023-01-08,LKBONNY2,15.32619096758822,Ex-post DWA
2023-01-15,LKBONNY2,-6.579427585855186,Ex-post DWA
2023-01-22,LKBONNY2,5.467078198955953,Ex-post DWA
2023-01-29,LKBONNY2,7.003609351470644,Ex-post DWA
2023-02-05,LKBONNY2,-3.285544914895457,Ex-post DWA
2023-02-12,LKBONNY2,16.952825710484973,Ex-post DWA
2023-02-19,LKBONNY2,-4.380157564350569,Ex-post DWA
2023-02-26,LKBONNY2,7.323325294484469,Ex-post DWA
2023-03-05,LKBONNY2,-10.906325500196075,Ex-post DWA
2023-03-12,LKBONNY2,-0.12291524250964514,Ex-post DWA
2023-03-19,LKBONNY2,-10.673201264357239,Ex-post DWA
2023-03-26,LKBONNY2,-0.4808875558723571,Ex-post DWA
2023-04-02,LKBONNY2,4.838179789571072,Ex-post DWA
2023-04-09,LKBONNY2,5.478335997816799,Ex-post DWA
2023-04-16,LKBONNY2,10.51456650809265,Ex-post DWA
2023-04-23,LKBONNY2,11.69509190157386,Ex-post DWA
2023-04-30,LKBONNY2,24.508149182766466,Ex-post DWA
2023-05-07,LKBONNY2,-6.0665158809781445,Ex-post DWA
2023-05-14,LKBONNY2,6.742644885261512,Ex-post DWA
2023-05-21,LKBONNY2,-9.850475823370886,Ex-post DWA
2023-05-28,LKBONNY2,34.06601917918623,Ex-post DWA
2023-06-04,LKBONNY2,24.48095800872396,Ex-post DWA
2023-06-11,LKBONNY2,13.173623110030704,Ex-post DWA
2023-06-18,LKBONNY2,11.630144839047949,Ex-post DWA
2023-06-25,LKBONNY2,-12.523617621745487,Ex-post DWA
2023-07-02,LKBONNY2,-11.784501430325918,Ex-post DWA
2023-07-09,LKBONNY2,-3.5643884677935667,Ex-post DWA
2023-07-16,LKBONNY2,35.256090045504834,Ex-post DWA
2023-07-23,LKBONNY2,0.5486776340567161,Ex-post DWA
2023-07-30,LKBONNY2,-5.958835892503476,Ex-post DWA
2023-08-06,LKBONNY2,3.572839336217058,Ex-post DWA
2023-08-13,LKBONNY2,170.63580917690217,Ex-post DWA
2023-08-20,LKBONNY2,-14.317968330682532,Ex-post DWA
2023-08-27,LKBONNY2,19.472300702015424,Ex-post DWA
2023-09-03,LKBONNY2,68.59185583186384,Ex-post DWA
2023-09-10,LKBONNY2,21.661782010028688,Ex-post DWA
2023-09-17,LKBONNY2,8.214482975159083,Ex-post DWA
2023-09-24,LKBONNY2,-15.32338770231495,Ex-post DWA
2023-10-01,LKBONNY2,-6.279719726803528,Ex-post DWA
2023-10-08,LKBONNY2,-4.820416928321883,Ex-post DWA
2023-10-15,LKBONNY2,-7.49615138571961,Ex-post DWA
2023-10-22,LKBONNY2,-11.827968302852002,Ex-post DWA
2023-10-29,LKBONNY2,-2.8163906301919077,Ex-post DWA
2023-11-05,LKBONNY2,-19.6157876628071,Ex-post DWA
2023-11-12,LKBONNY2,-34.828663003709806,Ex-post DWA
2023-11-19,LKBONNY2,-41.46019702212379,Ex-post DWA
2023-11-26,LKBONNY2,-8.58045221773812,Ex-post DWA
2023-12-03,LKBONNY2,-5.2473832352779475,Ex-post DWA
2023-12-10,LKBONNY2,-12.765502027617046,Ex-post DWA
2023-12-17,LKBONNY2,8.963310254174488,Ex-post DWA
2023-12-24,LKBONNY2,3.2529703051125676,Ex-post DWA
2023-12-31,LKBONNY2,-5.79272410532519,Ex-post DWA
2024-01-07,LKBONNY2,-8.733854078241833,Ex-post DWA
2024-01-14,LKBONNY2,-16.091250578510053,Ex-post DWA
2024-01-21,LKBONNY2,14.409793963458213,Ex-post DWA
2024-01-28,LKBONNY2,12.353374185704247,Ex-post DWA
2024-02-04,LKBONNY2,-26.423395288820814,Ex-post DWA
2024-02-11,LKBONNY2,-21.212550766369,Ex-post DWA
2024-02-18,LKBONNY2,6.44273426221946,Ex-post DWA
2024-02-25,LKBONNY2,25.90167671087444,Ex-post DWA
2024-03-03,LKBONNY2,12.736558946523957,Ex-post DWA
2024-03-10,LKBONNY2,13.506665607595224,Ex-post DWA
2024-03-17,LKBONNY2,23.538190618462693,Ex-post DWA
2024-03-24,LKBONNY2,-7.478235100055727,Ex-post DWA
2024-03-31,LKBONNY2,8.398226602340358,Ex-post DWA
2024-04-07,LKBONNY2,-16.312710605539984,Ex-post DWA
2024-04-14,LKBONNY2,-33.49626740521006,Ex-post DWA
2024-04-21,LKBONNY2,-21.419450145751355,Ex-post DWA
2024-04-28,LKBONNY2,-9.225298117930862,Ex-post DWA
2024-05-05,LKBONNY2,0.8034057445689626,Ex-post DWA
2024-05-12,LKBONNY2,2.5726044544034323,Ex-post DWA
2024-05-19,LKBONNY2,-0.09201182698519972,Ex-post DWA
2024-05-26,LKBONNY2,-19.8581061368198,Ex-post DWA
2024-06-02,LKBONNY2,8.79034068562451,Ex-post DWA
2024-06-09,LKBONNY2,1.0687267523158823,Ex-post DWA
2024-06-16,LKBONNY2,-18.747339346859277,Ex-post DWA
2024-06-23,LKBONNY2,-14.195395251107271,Ex-post DWA
2024-06-30,LKBONNY2,6.264416741794648,Ex-post DWA
2024-07-07,LKBONNY2,8.884960085549949,Ex-post DWA
2024-07-14,LKBONNY2,2.182438705968508,Ex-post DWA
2024-07-21,LKBONNY2,-17.291097740641547,Ex-post DWA
2024-07-28,LKBONNY2,18.705999478785102,Ex-post DWA
2024-08-04,LKBONNY2,-46.60718046589358,Ex-post DWA
2024-08-11,LKBONNY2,156.90438805523004,Ex-post DWA
2024-08-18,LKBONNY2,5.592314117011242,Ex-post DWA
2024-08-25,LKBONNY2,11.13960364705575,Ex-post DWA
2024-09-01,LKBONNY2,14.647509164995936,Ex-post DWA
2024-09-08,LKBONNY2,40.98821078254394,Ex-post DWA
2024-09-15,LKBONNY2,7.43925300846902,Ex-post DWA
2024-09-22,LKBONNY2,2.283069396936895,Ex-post DWA
2024-09-29,LKBONNY2,-2.9361288892519646,Ex-post DWA
2024-10-06,LKBONNY2,3.7647136775785537,Ex-post DWA
2024-10-13,LKBONNY2,28.891134757051827,Ex-post DWA
2024-10-20,LKBONNY2,25.930953362112803,Ex-post DWA
2024-10-27,LKBONNY2,22.013312727522447,Ex-post DWA
2024-11-03,LKBONNY2,-2.6137650937100183,Ex-post DWA
2024-11-10,LKBONNY2,7.595351319805239,Ex-post DWA
2024-11-17,LKBONNY2,36.441261540506126,Ex-post DWA
2024-11-24,LKBONNY2,10.546066139348511,Ex-post DWA
2024-12-01,LKBONNY2,18.267768542628232,Ex-post DWA
2024-12-08,LKBONNY2,56.56226959064158,Ex-post DWA
2024-12-15,LKBONNY2,-8.667130273842744,Ex-post DWA
2024-12-22,LKBONNY2,8.544513143698403,Ex-post DWA
2024-12-29,LKBONNY2,-0.47610746020856354,Ex-post DWA
2025-01-05,LKBONNY2,-78.28185476441635,Ex-post DWA
2020-01-05,LKBONNY3,3.9818300196265994,Ex-post DWA
2020-01-12,LKBONNY3,-0.6447888760246911,Ex-post DWA
2020-01-19,LKBONNY3,-0.37430344871102506,Ex-post DWA
2020-01-26,LKBONNY3,2.541913220007352,Ex-post DWA
2020-02-02,LKBONNY3,18.219292586502547,Ex-post DWA
2020-02-09,LKBONNY3,11.4739338628934,Ex-post DWA
2020-02-16,LKBONNY3,43.531866869232104,Ex-post DWA
2020-02-23,LKBONNY3,-7.814523952895357,Ex-post DWA
2020-03-01,LKBONNY3,12.110460619718083,Ex-post DWA
2020-03-08,LKBONNY3,9.970684622390344,Ex-post DWA
2020-03-15,LKBONNY3,7.435431635013824,Ex-post DWA
2020-03-22,LKBONNY3,0.8999432377010379,Ex-post DWA
2020-03-29,LKBONNY3,3.1218181521333292,Ex-post DWA
2020-04-05,LKBONNY3,-12.727880197199095,Ex-post DWA
2020-04-12,LKBONNY3,0.3957684521003557,Ex-post DWA
2020-04-19,LKBONNY3,1.1895054549866195,Ex-post DWA
2020-04-26,LKBONNY3,5.493026199034423,Ex-post DWA
2020-05-03,LKBONNY3,2.235353991126612,Ex-post DWA
2020-05-10,LKBONNY3,1.2140902969561154,Ex-post DWA
2020-05-17,LKBONNY3,-4.249026916776124,Ex-post DWA
2020-05-24,LKBONNY3,-0.01779393144500574,Ex-post DWA
2020-05-31,LKBONNY3,1.4647202529527021,Ex-post DWA
2020-06-07,LKBONNY3,-4.517010679527964,Ex-post DWA
2020-06-14,LKBONNY3,-5.781683490104207,Ex-post DWA
2020-06-21,LKBONNY3,-2.955137266364634,Ex-post DWA
2020-06-28,LKBONNY3,-0.5055006643906239,Ex-post DWA
2020-07-05,LKBONNY3,2.0643548107526684,Ex-post DWA
2020-07-12,LKBONNY3,0.6719972664737952,Ex-post DWA
2020-07-19,LKBONNY3,4.010042495912664,Ex-post DWA
2020-07-26,LKBONNY3,-1.3549964695525745,Ex-post DWA
2020-08-02,LKBONNY3,2.060860156110948,Ex-post DWA
2020-08-09,LKBONNY3,7.098828846445706,Ex-post DWA
2020-08-16,LKBONNY3,-1.6999733331340892,Ex-post DWA
2020-08-23,LKBONNY3,-0.4440930874899607,Ex-post DWA
2020-08-30,LKBONNY3,16.6163910495971,Ex-post DWA
2020-09-06,LKBONNY3,10.460191468422599,Ex-post DWA
2020-09-13,LKBONNY3,9.851875602749042,Ex-post DWA
2020-09-20,LKBONNY3,11.153343501316604,Ex-post DWA
2020-09-27,LKBONNY3,11.271277004526224,Ex-post DWA
2020-10-04,LKBONNY3,18.52722365509843,Ex-post DWA
2020-10-11,LKBONNY3,28.172850770759833,Ex-post DWA
2020-10-18,LKBONNY3,3.8917042245789943,Ex-post DWA
2020-10-25,LKBONNY3,11.725725317358613,Ex-post DWA
2020-11-01,LKBONNY3,16.12153306287928,Ex-post DWA
2020-11-08,LKBONNY3,12.160939130322987,Ex-post DWA
2020-11-15,LKBONNY3,-0.4368796407560538,Ex-post DWA
2020-11-22,LKBONNY3,7.085337624445902,Ex-post DWA
2020-11-29,LKBONNY3,4.302714683879373,Ex-post DWA
2020-12-06,LKBONNY3,12.230879900462831,Ex-post DWA
2020-12-13,LKBONNY3,15.387529151522346,Ex-post DWA
2020-12-20,LKBONNY3,6.708280036268768,Ex-post DWA
2020-12-27,LKBONNY3,5.906702035146914,Ex-post DWA
2021-01-03,LKBONNY3,6.046359242965881,Ex-post DWA
2021-01-10,LKBONNY3,6.34908137749809,Ex-post DWA
2021-01-17,LKBONNY3,10.73295646619981,Ex-post DWA
2021-01-24,LKBONNY3,35.86735459512635,Ex-post DWA
2021-01-31,LKBONNY3,4.615752499424971,Ex-post DWA
2021-02-07,LKBONNY3,14.248852929743279,Ex-post DWA
2021-02-14,LKBONNY3,0.7052937585516155,Ex-post DWA
2021-02-21,LKBONNY3,6.148546734594216,Ex-post DWA
2021-02-28,LKBONNY3,16.367261816894434,Ex-post DWA
2021-03-07,LKBONNY3,6.235774676128429,Ex-post DWA
2021-03-14,LKBONNY3,293.82320626183343,Ex-post DWA
2021-03-21,LKBONNY3,11.941420351268064,Ex-post DWA
2021-03-28,LKBONNY3,12.766950970293838,Ex-post DWA
2021-04-04,LKBONNY3,-11.515315355415925,Ex-post DWA
2021-04-11,LKBONNY3,7.803972786873544,Ex-post DWA
2021-04-18,LKBONNY3,11.55856422170065,Ex-post DWA
2021-04-25,LKBONNY3,-2.5877312183721415,Ex-post DWA
2021-05-02,LKBONNY3,-25.27329199015286,Ex-post DWA
2021-05-09,LKBONNY3,12.227923322491009,Ex-post DWA
2021-05-16,LKBONNY3,7.586255516097083,Ex-post DWA
2021-05-23,LKBONNY3,26.081028986773333,Ex-post DWA
2021-05-30,LKBONNY3,22.04400396678841,Ex-post DWA
2021-06-06,LKBONNY3,6.843582306208589,Ex-post DWA
2021-06-13,LKBONNY3,2.7462136642327053,Ex-post DWA
2021-06-20,LKBONNY3,5.776507993592304,Ex-post DWA
2021-06-27,LKBONNY3,-7.691091102402211,Ex-post DWA
2021-07-04,LKBONNY3,2.51168954810214,Ex-post DWA
2021-07-11,LKBONNY3,-10.228289059404887,Ex-post DWA
2021-07-18,LKBONNY3,6.478060606708738,Ex-post DWA
2021-07-25,LKBONNY3,-6.377665136482804,Ex-post DWA
2021-08-01,LKBONNY3,23.680792583355654,Ex-post DWA
2021-08-08,LKBONNY3,7.436194408331531,Ex-post DWA
2021-08-15,LKBONNY3,13.017765279042326,Ex-post DWA
2021-08-22,LKBONNY3,12.921331353699497,Ex-post DWA
2021-08-29,LKBONNY3,18.44128461207565,Ex-post DWA
2021-09-05,LKBONNY3,18.03465823320694,Ex-post DWA
2021-09-12,LKBONNY3,22.871909786884146,Ex-post DWA
2021-09-19,LKBONNY3,-5.334400641700364,Ex-post DWA
2021-09-26,LKBONNY3,18.32237328233862,Ex-post DWA
2021-10-03,LKBONNY3,23.670325961622783,Ex-post DWA
2021-10-10,LKBONNY3,13.170018222924856,Ex-post DWA
2021-10-17,LKBONNY3,-4.77363120989875,Ex-post DWA
2021-10-24,LKBONNY3,2.1415717530125358,Ex-post DWA
2021-10-31,LKBONNY3,41.15488228098053,Ex-post DWA
2021-11-07,LKBONNY3,3.0781120516724343,Ex-post DWA
2021-11-14,LKBONNY3,1.4542390362546413,Ex-post DWA
2021-11-21,LKBONNY3,0.11796105543173674,Ex-post DWA
2021-11-28,LKBONNY3,-4.60791463169322,Ex-post DWA
2021-12-05,LKBONNY3,6.369638713702905,Ex-post DWA
2021-12-12,LKBONNY3,5.065719017086096,Ex-post DWA
2021-12-19,LKBONNY3,57.382799144163826,Ex-post DWA
2021-12-26,LKBONNY3,-3.897703126465334,Ex-post DWA
2022-01-02,LKBONNY3,3.812178888900821,Ex-post DWA
2022-01-09,LKBONNY3,2.190420242696689,Ex-post DWA
2022-01-16,LKBONNY3,39.08171245528452,Ex-post DWA
2022-01-23,LKBONNY3,8.492201639247654,Ex-post DWA
2022-01-30,LKBONNY3,12.312328451523726,Ex-post DWA
2022-02-06,LKBONNY3,3.2365169375067637,Ex-post DWA
2022-02-13,LKBONNY3,-2.668130947657758,Ex-post DWA
2022-02-20,LKBONNY3,-2.4953764263921556,Ex-post DWA
2022-02-27,LKBONNY3,-4.823608389142386,Ex-post DWA
2022-03-06,LKBONNY3,7.975086406429533,Ex-post DWA
2022-03-13,LKBONNY3,-0.6202072626523218,Ex-post DWA
2022-03-20,LKBONNY3,-6.277106219333319,Ex-post DWA
2022-03-27,LKBONNY3,5.062515379345328,Ex-post DWA
2022-04-03,LKBONNY3,20.58139317406401,Ex-post DWA
2022-04-10,LKBONNY3,-59.21972891756167,Ex-post DWA
2022-04-17,LKBONNY3,-32.256057640113596,Ex-post DWA
2022-04-24,LKBONNY3,18.52062764319227,Ex-post DWA
2022-05-01,LKBONNY3,22.55780999345052,Ex-post DWA
2022-05-08,LKBONNY3,1.4659190657363865,Ex-post DWA
2022-05-15,LKBONNY3,-87.88917286997798,Ex-post DWA
2022-05-22,LKBONNY3,67.81025471813257,Ex-post DWA
2022-05-29,LKBONNY3,11.378387149128173,Ex-post DWA
2022-06-05,LKBONNY3,25.385373702232584,Ex-post DWA
2022-06-12,LKBONNY3,7.898435813743447,Ex-post DWA
2022-06-19,LKBONNY3,14.52416345246698,Ex-post DWA
2022-06-26,LKBONNY3,24.5213926899105,Ex-post DWA
2022-07-03,LKBONNY3,0.6716731599325954,Ex-post DWA
2022-07-10,LKBONNY3,132.96337505802018,Ex-post DWA
2022-07-17,LKBONNY3,-38.587426618296746,Ex-post DWA
2022-07-24,LKBONNY3,34.896587146965885,Ex-post DWA
2022-07-31,LKBONNY3,13.3735888656893,Ex-post DWA
2022-08-07,LKBONNY3,-2.0479034939894447,Ex-post DWA
2022-08-14,LKBONNY3,-10.923880721839879,Ex-post DWA
2022-08-21,LKBONNY3,2.2247222765688264,Ex-post DWA
2022-08-28,LKBONNY3,-2.1105697299863664,Ex-post DWA
2022-09-04,LKBONNY3,27.775954084664875,Ex-post DWA
2022-09-11,LKBONNY3,147.88580091500148,Ex-post DWA
2022-09-18,LKBONNY3,9.727445424411549,Ex-post DWA
2022-09-25,LKBONNY3,13.125335732352255,Ex-post DWA
2022-10-02,LKBONNY3,-11.706982384794117,Ex-post DWA
2022-10-09,LKBONNY3,16.574490250406626,Ex-post DWA
2022-10-16,LKBONNY3,6.612003535273118,Ex-post DWA
2022-10-23,LKBONNY3,25.643894781302777,Ex-post DWA
2022-10-30,LKBONNY3,16.238249350286438,Ex-post DWA
2022-11-06,LKBONNY3,-10.387666863888246,Ex-post DWA
2022-11-13,LKBONNY3,21.17033342311396,Ex-post DWA
2022-11-20,LKBONNY3,80.53176417256795,Ex-post DWA
2022-11-27,LKBONNY3,25.57039753166755,Ex-post DWA
2022-12-04,LKBONNY3,4.817175215670019,Ex-post DWA
2022-12-11,LKBONNY3,15.51039438213477,Ex-post DWA
2022-12-18,LKBONNY3,18.958904270987667,Ex-post DWA
2022-12-25,LKBONNY3,5.313710259190664,Ex-post DWA
2023-01-01,LKBONNY3,-9.025982752899495,Ex-post DWA
2023-01-08,LKBONNY3,11.6288889345914,Ex-post DWA
2023-01-15,LKBONNY3,-1.317776057096367,Ex-post DWA
2023-01-22,LKBONNY3,8.776313772966049,Ex-post DWA
2023-01-29,LKBONNY3,13.48868342265088,Ex-post DWA
2023-02-05,LKBONNY3,13.11655523956776,Ex-post DWA
2023-02-12,LKBONNY3,1.8053862448151676,Ex-post DWA
2023-02-19,LKBONNY3,3.4895741212815636,Ex-post DWA
2023-02-26,LKBONNY3,10.254173589164346,Ex-post DWA
2023-03-05,LKBONNY3,-4.766984564636807,Ex-post DWA
2023-03-12,LKBONNY3,10.024154688776932,Ex-post DWA
2023-03-19,LKBONNY3,-6.046232021747294,Ex-post DWA
2023-03-26,LKBONNY3,4.33807163061563,Ex-post DWA
2023-04-02,LKBONNY3,15.115235248852514,Ex-post DWA
2023-04-09,LKBONNY3,7.929513388362793,Ex-post DWA
2023-04-16,LKBONNY3,41.392010830647685,Ex-post DWA
2023-04-23,LKBONNY3,13.697198452063603,Ex-post DWA
2023-04-30,LKBONNY3,,Ex-post DWA
2023-05-07,LKBONNY3,15.771834170408098,Ex-post DWA
2023-05-14,LKBONNY3,11.560264987904532,Ex-post DWA
2023-05-21,LKBONNY3,-6.1781479825121295,Ex-post DWA
2023-05-28,LKBONNY3,28.683099417326616,Ex-post DWA
2023-06-04,LKBONNY3,17.863497306745998,Ex-post DWA
2023-06-11,LKBONNY3,22.798383097388765,Ex-post DWA
2023-06-18,LKBONNY3,20.606169134997025,Ex-post DWA
2023-06-25,LKBONNY3,-6.927760595460342,Ex-post DWA
2023-07-02,LKBONNY3,10.352043310573336,Ex-post DWA
2023-07-09,LKBONNY3,7.762014287577639,Ex-post DWA
2023-07-16,LKBONNY3,42.02258875220235,Ex-post DWA
2023-07-23,LKBONNY3,18.28533838478758,Ex-post DWA
2023-07-30,LKBONNY3,7.517596528449758,Ex-post DWA
2023-08-06,LKBONNY3,13.627300497151165,Ex-post DWA
2023-08-13,LKBONNY3,262.99423426788337,Ex-post DWA
2023-08-20,LKBONNY3,-5.290852212092403,Ex-post DWA
2023-08-27,LKBONNY3,33.387336196240604,Ex-post DWA
2023-09-03,LKBONNY3,72.93743711737115,Ex-post DWA
2023-09-10,LKBONNY3,53.671035846741795,Ex-post DWA
2023-09-17,LKBONNY3,37.42654591015928,Ex-post DWA
2023-09-24,LKBONNY3,26.36049250007585,Ex-post DWA
2023-10-01,LKBONNY3,29.539884041181146,Ex-post DWA
2023-10-08,LKBONNY3,1.574746640338276,Ex-post DWA
2023-10-15,LKBONNY3,7.60001963419576,Ex-post DWA
2023-10-22,LKBONNY3,5.127771718566468,Ex-post DWA
2023-10-29,LKBONNY3,19.958063619555045,Ex-post DWA
2023-11-05,LKBONNY3,2.5594598154121115,Ex-post DWA
2023-11-12,LKBONNY3,-17.855635759202293,Ex-post DWA
2023-11-19,LKBONNY3,-10.645592242362028,Ex-post DWA
2023-11-26,LKBONNY3,10.076713121271247,Ex-post DWA
2023-12-03,LKBONNY3,5.101276765652635,Ex-post DWA
2023-12-10,LKBONNY3,-6.390447190931795,Ex-post DWA
2023-12-17,LKBONNY3,26.49068242962943,Ex-post DWA
2023-12-24,LKBONNY3,30.304902405360117,Ex-post DWA
2023-12-31,LKBONNY3,14.81358183445449,Ex-post DWA
2024-01-07,LKBONNY3,-3.2391990881136365,Ex-post DWA
2024-01-14,LKBONNY3,-7.289189458030581,Ex-post DWA
2024-01-21,LKBONNY3,30.143740162130662,Ex-post DWA
2024-01-28,LKBONNY3,29.896239374991396,Ex-post DWA
2024-02-04,LKBONNY3,-8.087665062265692,Ex-post DWA
2024-02-11,LKBONNY3,-5.184787438069375,Ex-post DWA
2024-02-18,LKBONNY3,6.077868558966365,Ex-post DWA
2024-02-25,LKBONNY3,32.55229642810109,Ex-post DWA
2024-03-03,LKBONNY3,22.606395508634122,Ex-post DWA
2024-03-10,LKBONNY3,14.328853369447643,Ex-post DWA
2024-03-17,LKBONNY3,20.273476616572268,Ex-post DWA
2024-03-24,LKBONNY3,-7.4617515573751305,Ex-post DWA
2024-03-31,LKBONNY3,4.719041547520035,Ex-post DWA
2024-04-07,LKBONNY3,-14.45202158245074,Ex-post DWA
2024-04-14,LKBONNY3,-25.712197312292673,Ex-post DWA
2024-04-21,LKBONNY3,-18.200233540850803,Ex-post DWA
2024-04-28,LKBONNY3,1.344152392902899,Ex-post DWA
2024-05-05,LKBONNY3,10.50160764258817,Ex-post DWA
2024-05-12,LKBONNY3,22.90028596521205,Ex-post DWA
2024-05-19,LKBONNY3,2.5799967431831305,Ex-post DWA
2024-05-26,LKBONNY3,-18.155280154427544,Ex-post DWA
2024-06-02,LKBONNY3,12.766066768555294,Ex-post DWA
2024-06-09,LKBONNY3,-3.01515871638415,Ex-post DWA
2024-06-16,LKBONNY3,0.46323666196221325,Ex-post DWA
2024-06-23,LKBONNY3,-5.803580643651628,Ex-post DWA
2024-06-30,LKBONNY3,5.765844063991182,Ex-post DWA
2024-07-07,LKBONNY3,8.674254211247643,Ex-post DWA
2024-07-14,LKBONNY3,5.267279828156575,Ex-post DWA
2024-07-21,LKBONNY3,-3.6584894892646673,Ex-post DWA
2024-07-28,LKBONNY3,22.286101004299795,Ex-post DWA
2024-08-04,LKBONNY3,-10.254766766287446,Ex-post DWA
2024-08-11,LKBONNY3,228.98582830196253,Ex-post DWA
2024-08-18,LKBONNY3,11.484811610814361,Ex-post DWA
2024-08-25,LKBONNY3,30.09881268588923,Ex-post DWA
2024-09-01,LKBONNY3,20.473613241498906,Ex-post DWA
2024-09-08,LKBONNY3,59.42623584795496,Ex-post DWA
2024-09-15,LKBONNY3,24.337506694758083,Ex-post DWA
2024-09-22,LKBONNY3,13.748817157279504,Ex-post DWA
2024-09-29,LKBONNY3,26.98966024956042,Ex-post DWA
2024-10-06,LKBONNY3,22.451390519114682,Ex-post DWA
2024-10-13,LKBONNY3,-1.470895091349636,Ex-post DWA
2024-10-20,LKBONNY3,16.143089705570432,Ex-post DWA
2024-10-27,LKBONNY3,38.46707256048268,Ex-post DWA
2024-11-03,LKBONNY3,7.299568761924174,Ex-post DWA
2024-11-10,LKBONNY3,16.533580056867798,Ex-post DWA
2024-11-17,LKBONNY3,44.783448754193834,Ex-post DWA
2024-11-24,LKBONNY3,-4.88992605530747,Ex-post DWA
2024-12-01,LKBONNY3,48.80468626289809,Ex-post DWA
2024-12-08,LKBONNY3,-14.561839848410301,Ex-post DWA
2024-12-15,LKBONNY3,-8.041584282387547,Ex-post DWA
2024-12-22,LKBONNY3,26.298576988878246,Ex-post DWA
2024-12-29,LKBONNY3,32.72278636112666,Ex-post DWA
2025-01-05,LKBONNY3,-17.047547842509438,Ex-post DWA
2020-01-05,NBHWF1,-1.2424200035103539,Ex-post DWA
2020-01-12,NBHWF1,-0.5270808937453353,Ex-post DWA
2020-01-19,NBHWF1,-0.052053641634742576,Ex-post DWA
2020-01-26,NBHWF1,-0.8804354211255188,Ex-post DWA
2020-02-02,NBHWF1,14.198123953877086,Ex-post DWA
2020-02-09,NBHWF1,-0.688723704297292,Ex-post DWA
2020-02-16,NBHWF1,11.695514953133866,Ex-post DWA
2020-02-23,NBHWF1,0.31597839716023657,Ex-post DWA
2020-03-01,NBHWF1,-4.148614150935018,Ex-post DWA
2020-03-08,NBHWF1,-8.401144661017987,Ex-post DWA
2020-03-15,NBHWF1,-2.6996948627825788,Ex-post DWA
2020-03-22,NBHWF1,-0.34418652098371183,Ex-post DWA
2020-03-29,NBHWF1,0.2608043668198192,Ex-post DWA
2020-04-05,NBHWF1,4.817112769956388,Ex-post DWA
2020-04-12,NBHWF1,-7.223430381918503,Ex-post DWA
2020-04-19,NBHWF1,-1.8798517118268379,Ex-post DWA
2020-04-26,NBHWF1,-0.0024785199365293664,Ex-post DWA
2020-05-03,NBHWF1,-0.3955948624766954,Ex-post DWA
2020-05-10,NBHWF1,-1.2733020575433365,Ex-post DWA
2020-05-17,NBHWF1,4.152457948763043,Ex-post DWA
2020-05-24,NBHWF1,-0.5994138529554718,Ex-post DWA
2020-05-31,NBHWF1,-0.877717018040201,Ex-post DWA
2020-06-07,NBHWF1,-0.9760956747669098,Ex-post DWA
2020-06-14,NBHWF1,5.453421939805239,Ex-post DWA
2020-06-21,NBHWF1,0.4693578357375081,Ex-post DWA
2020-06-28,NBHWF1,0.33056031023946275,Ex-post DWA
2020-07-05,NBHWF1,-0.30544772234582496,Ex-post DWA
2020-07-12,NBHWF1,-0.3851021512720294,Ex-post DWA
2020-07-19,NBHWF1,-3.861037954033698,Ex-post DWA
2020-07-26,NBHWF1,0.48140689388722535,Ex-post DWA
2020-08-02,NBHWF1,1.625049953672054,Ex-post DWA
2020-08-09,NBHWF1,-1.3010234740871596,Ex-post DWA
2020-08-16,NBHWF1,-0.3663466288042443,Ex-post DWA
2020-08-23,NBHWF1,-0.4802234003269632,Ex-post DWA
2020-08-30,NBHWF1,-9.47358451954947,Ex-post DWA
2020-09-06,NBHWF1,-1.7426560419435768,Ex-post DWA
2020-09-13,NBHWF1,-3.626284860770439,Ex-post DWA
2020-09-20,NBHWF1,3.0133328324393016,Ex-post DWA
2020-09-27,NBHWF1,-0.6515727074577669,Ex-post DWA
2020-10-04,NBHWF1,-1.3152848922976714,Ex-post DWA
2020-10-11,NBHWF1,2.5582790777216573,Ex-post DWA
2020-10-18,NBHWF1,2.1660875571338636,Ex-post DWA
2020-10-25,NBHWF1,-3.617814401963418,Ex-post DWA
2020-11-01,NBHWF1,-0.16238741695961068,Ex-post DWA
2020-11-08,NBHWF1,-6.061981726854615,Ex-post DWA
2020-11-15,NBHWF1,1.4450443879045984,Ex-post DWA
2020-11-22,NBHWF1,1.5432507890409362,Ex-post DWA
2020-11-29,NBHWF1,-0.1574949733706461,Ex-post DWA
2020-12-06,NBHWF1,10.008582997482167,Ex-post DWA
2020-12-13,NBHWF1,-4.42324189053415,Ex-post DWA
2020-12-20,NBHWF1,-4.628690751225797,Ex-post DWA
2020-12-27,NBHWF1,-3.1942244733138256,Ex-post DWA
2021-01-03,NBHWF1,-3.8773358369646775,Ex-post DWA
2021-01-10,NBHWF1,-2.5757860536654498,Ex-post DWA
2021-01-17,NBHWF1,2.6171885070235597,Ex-post DWA
2021-01-24,NBHWF1,-5.398869460367386,Ex-post DWA
2021-01-31,NBHWF1,-5.5633903154667,Ex-post DWA
2021-02-07,NBHWF1,-3.420713949108281,Ex-post DWA
2021-02-14,NBHWF1,-0.717229220261224,Ex-post DWA
2021-02-21,NBHWF1,-2.046344958688273,Ex-post DWA
2021-02-28,NBHWF1,0.4667279223476264,Ex-post DWA
2021-03-07,NBHWF1,0.5031518395993544,Ex-post DWA
2021-03-14,NBHWF1,-29.834921565960688,Ex-post DWA
2021-03-21,NBHWF1,-2.2899716254361238,Ex-post DWA
2021-03-28,NBHWF1,-5.2502988186046835,Ex-post DWA
2021-04-04,NBHWF1,-0.13695503354029626,Ex-post DWA
2021-04-11,NBHWF1,-7.848825571461726,Ex-post DWA
2021-04-18,NBHWF1,-1.32951068758857,Ex-post DWA
2021-04-25,NBHWF1,-5.868001215077157,Ex-post DWA
2021-05-02,NBHWF1,1.2684332609244322,Ex-post DWA
2021-05-09,NBHWF1,-7.965794772369627,Ex-post DWA
2021-05-16,NBHWF1,-1.4740488854157334,Ex-post DWA
2021-05-23,NBHWF1,-10.20539647580776,Ex-post DWA
2021-05-30,NBHWF1,-1.3614984442720512,Ex-post DWA
2021-06-06,NBHWF1,-3.88761581154305,Ex-post DWA
2021-06-13,NBHWF1,-1.9318406842008358,Ex-post DWA
2021-06-20,NBHWF1,-2.392119179763654,Ex-post DWA
2021-06-27,NBHWF1,2.6783838288959174,Ex-post DWA
2021-07-04,NBHWF1,-0.066154357223553,Ex-post DWA
2021-07-11,NBHWF1,-2.162467552340189,Ex-post DWA
2021-07-18,NBHWF1,-4.2501425889524,Ex-post DWA
2021-07-25,NBHWF1,2.483711873892034,Ex-post DWA
2021-08-01,NBHWF1,-3.9404700164797326,Ex-post DWA
2021-08-08,NBHWF1,0.04495264258385845,Ex-post DWA
2021-08-15,NBHWF1,-4.905625659381254,Ex-post DWA
2021-08-22,NBHWF1,2.937684492009577,Ex-post DWA
2021-08-29,NBHWF1,3.2157607948974487,Ex-post DWA
2021-09-05,NBHWF1,5.071098972757253,Ex-post DWA
2021-09-12,NBHWF1,8.954699799832607,Ex-post DWA
2021-09-19,NBHWF1,14.222563230912852,Ex-post DWA
2021-09-26,NBHWF1,6.061490375809168,Ex-post DWA
2021-10-03,NBHWF1,1.5692184639288307,Ex-post DWA
2021-10-10,NBHWF1,3.8483586492752653,Ex-post DWA
2021-10-17,NBHWF1,3.7405009395820255,Ex-post DWA
2021-10-24,NBHWF1,4.102508859273303,Ex-post DWA
2021-10-31,NBHWF1,-11.256863871159865,Ex-post DWA
2021-11-07,NBHWF1,-3.2798200533573514,Ex-post DWA
2021-11-14,NBHWF1,6.793425425988993,Ex-post DWA
2021-11-21,NBHWF1,-1.0812678606279746,Ex-post DWA
2021-11-28,NBHWF1,4.477201223726052,Ex-post DWA
2021-12-05,NBHWF1,0.34366268435713465,Ex-post DWA
2021-12-12,NBHWF1,0.4298060920342195,Ex-post DWA
2021-12-19,NBHWF1,-11.439164967615987,Ex-post DWA
2021-12-26,NBHWF1,3.4023014743488567,Ex-post DWA
2022-01-02,NBHWF1,-1.6450785458185564,Ex-post DWA
2022-01-09,NBHWF1,4.6450596642435436,Ex-post DWA
2022-01-16,NBHWF1,-22.60197074797368,Ex-post DWA
2022-01-23,NBHWF1,4.0433729025982394,Ex-post DWA
2022-01-30,NBHWF1,-4.300133589959572,Ex-post DWA
2022-02-06,NBHWF1,1.7037302473279752,Ex-post DWA
2022-02-13,NBHWF1,-2.027032562503358,Ex-post DWA
2022-02-20,NBHWF1,-3.8413407108779936,Ex-post DWA
2022-02-27,NBHWF1,0.11557150446481756,Ex-post DWA
2022-03-06,NBHWF1,0.488780456572556,Ex-post DWA
2022-03-13,NBHWF1,3.420085890832496,Ex-post DWA
2022-03-20,NBHWF1,-1.0802840074969566,Ex-post DWA
2022-03-27,NBHWF1,-2.687197422635684,Ex-post DWA
2022-04-03,NBHWF1,-7.2803761742923,Ex-post DWA
2022-04-10,NBHWF1,-4.337463216102009,Ex-post DWA
2022-04-17,NBHWF1,2.8635202604607315,Ex-post DWA
2022-04-24,NBHWF1,-1.2306644383812397,Ex-post DWA
2022-05-01,NBHWF1,-3.4089651242302352,Ex-post DWA
2022-05-08,NBHWF1,1.6042425941045053,Ex-post DWA
2022-05-15,NBHWF1,86.4465584045891,Ex-post DWA
2022-05-22,NBHWF1,-10.26693852631604,Ex-post DWA
2022-05-29,NBHWF1,-2.994277044489536,Ex-post DWA
2022-06-05,NBHWF1,-8.185320686558327,Ex-post DWA
2022-06-12,NBHWF1,-20.04803113596671,Ex-post DWA
2022-06-19,NBHWF1,-6.759332192876485,Ex-post DWA
2022-06-26,NBHWF1,-7.003874125846522,Ex-post DWA
2022-07-03,NBHWF1,10.117666375843271,Ex-post DWA
2022-07-10,NBHWF1,-51.11215790268568,Ex-post DWA
2022-07-17,NBHWF1,14.25476693678047,Ex-post DWA
2022-07-24,NBHWF1,-20.43259394679984,Ex-post DWA
2022-07-31,NBHWF1,-4.050963084989974,Ex-post DWA
2022-08-07,NBHWF1,2.0152369096198726,Ex-post DWA
2022-08-14,NBHWF1,0.8059551424191795,Ex-post DWA
2022-08-21,NBHWF1,-2.3808222133740173,Ex-post DWA
2022-08-28,NBHWF1,-9.142818626904884,Ex-post DWA
2022-09-04,NBHWF1,-15.590052697892318,Ex-post DWA
2022-09-11,NBHWF1,4.227091565405459,Ex-post DWA
2022-09-18,NBHWF1,-3.5492080500750554,Ex-post DWA
2022-09-25,NBHWF1,-2.03117704611617,Ex-post DWA
2022-10-02,NBHWF1,-0.4295846373918266,Ex-post DWA
2022-10-09,NBHWF1,-13.577725720412829,Ex-post DWA
2022-10-16,NBHWF1,-12.319518882717247,Ex-post DWA
2022-10-23,NBHWF1,12.963885948172106,Ex-post DWA
2022-10-30,NBHWF1,11.979661453711664,Ex-post DWA
2022-11-06,NBHWF1,-11.12755044937504,Ex-post DWA
2022-11-13,NBHWF1,-16.68863699568972,Ex-post DWA
2022-11-20,NBHWF1,-22.422036050532892,Ex-post DWA
2022-11-27,NBHWF1,-9.010435531568024,Ex-post DWA
2022-12-04,NBHWF1,2.0149226847615154,Ex-post DWA
2022-12-11,NBHWF1,24.679250647627875,Ex-post DWA
2022-12-18,NBHWF1,7.701278804763129,Ex-post DWA
2022-12-25,NBHWF1,-3.5285635067069094,Ex-post DWA
2023-01-01,NBHWF1,-3.947249185180418,Ex-post DWA
2023-01-08,NBHWF1,-5.535294192920162,Ex-post DWA
2023-01-15,NBHWF1,6.644284556037746,Ex-post DWA
2023-01-22,NBHWF1,5.541148753164684,Ex-post DWA
2023-01-29,NBHWF1,-2.771343672886502,Ex-post DWA
2023-02-05,NBHWF1,1.3826666784682828,Ex-post DWA
2023-02-12,NBHWF1,0.5350215976182255,Ex-post DWA
2023-02-19,NBHWF1,-13.995709458819704,Ex-post DWA
2023-02-26,NBHWF1,0.6658982532356106,Ex-post DWA
2023-03-05,NBHWF1,-4.540590858350399,Ex-post DWA
2023-03-12,NBHWF1,0.09525995779016228,Ex-post DWA
2023-03-19,NBHWF1,-7.682926275980115,Ex-post DWA
2023-03-26,NBHWF1,-6.799232193402027,Ex-post DWA
2023-04-02,NBHWF1,-6.570566724759729,Ex-post DWA
2023-04-09,NBHWF1,18.559862903415805,Ex-post DWA
2023-04-16,NBHWF1,3.988530274608941,Ex-post DWA
2023-04-23,NBHWF1,-6.83158180904303,Ex-post DWA
2023-04-30,NBHWF1,-4.943033704054784,Ex-post DWA
2023-05-07,NBHWF1,-15.382676584985276,Ex-post DWA
2023-05-14,NBHWF1,-1.0149625092122676,Ex-post DWA
2023-05-21,NBHWF1,-21.10830996704236,Ex-post DWA
2023-05-28,NBHWF1,-3.1648212117140275,Ex-post DWA
2023-06-04,NBHWF1,5.755779362232801,Ex-post DWA
2023-06-11,NBHWF1,-6.213297668351771,Ex-post DWA
2023-06-18,NBHWF1,3.566950715566195,Ex-post DWA
2023-06-25,NBHWF1,-2.3614103321121576,Ex-post DWA
2023-07-02,NBHWF1,-23.39709915512003,Ex-post DWA
2023-07-09,NBHWF1,3.9407814779854284,Ex-post DWA
2023-07-16,NBHWF1,-13.346160836273437,Ex-post DWA
2023-07-23,NBHWF1,-1.5375592246958902,Ex-post DWA
2023-07-30,NBHWF1,2.8764904176301656,Ex-post DWA
2023-08-06,NBHWF1,6.164625308770088,Ex-post DWA
2023-08-13,NBHWF1,-26.070870140349086,Ex-post DWA
2023-08-20,NBHWF1,4.8768887996796195,Ex-post DWA
2023-08-27,NBHWF1,-6.346600756924275,Ex-post DWA
2023-09-03,NBHWF1,-16.484688837185338,Ex-post DWA
2023-09-10,NBHWF1,4.798875419754589,Ex-post DWA
2023-09-17,NBHWF1,1.7823385419112405,Ex-post DWA
2023-09-24,NBHWF1,-1.2649120649567003,Ex-post DWA
2023-10-01,NBHWF1,2.2363263792327004,Ex-post DWA
2023-10-08,NBHWF1,3.4359022907722405,Ex-post DWA
2023-10-15,NBHWF1,12.00024367685317,Ex-post DWA
2023-10-22,NBHWF1,8.945444018162217,Ex-post DWA
2023-10-29,NBHWF1,7.513965858112839,Ex-post DWA
2023-11-05,NBHWF1,5.323963221929176,Ex-post DWA
2023-11-12,NBHWF1,-3.11800136458249,Ex-post DWA
2023-11-19,NBHWF1,-1.4883078143950428,Ex-post DWA
2023-11-26,NBHWF1,-6.818354970102156,Ex-post DWA
2023-12-03,NBHWF1,-13.882130436972666,Ex-post DWA
2023-12-10,NBHWF1,-3.043082815453957,Ex-post DWA
2023-12-17,NBHWF1,-8.153390296680485,Ex-post DWA
2023-12-24,NBHWF1,4.425390569769961,Ex-post DWA
2023-12-31,NBHWF1,4.970973459308764,Ex-post DWA
2024-01-07,NBHWF1,-2.0663689997766994,Ex-post DWA
2024-01-14,NBHWF1,-1.9111621463724546,Ex-post DWA
2024-01-21,NBHWF1,-4.310723353786177,Ex-post DWA
2024-01-28,NBHWF1,5.385368989140908,Ex-post DWA
2024-02-04,NBHWF1,0.8200099506552547,Ex-post DWA
2024-02-11,NBHWF1,-0.41810598919922626,Ex-post DWA
2024-02-18,NBHWF1,2.959712694588994,Ex-post DWA
2024-02-25,NBHWF1,2.8901765792457326,Ex-post DWA
2024-03-03,NBHWF1,-13.423347684633974,Ex-post DWA
2024-03-10,NBHWF1,-7.417743471764609,Ex-post DWA
2024-03-17,NBHWF1,-15.592255956365761,Ex-post DWA
2024-03-24,NBHWF1,0.25529695636577543,Ex-post DWA
2024-03-31,NBHWF1,-7.456651271559998,Ex-post DWA
2024-04-07,NBHWF1,-3.9772414837940886,Ex-post DWA
2024-04-14,NBHWF1,-0.7801669450352335,Ex-post DWA
2024-04-21,NBHWF1,0.06374848645201325,Ex-post DWA
2024-04-28,NBHWF1,12.658849794026452,Ex-post DWA
2024-05-05,NBHWF1,-6.747323204637425,Ex-post DWA
2024-05-12,NBHWF1,-9.366056673489226,Ex-post DWA
2024-05-19,NBHWF1,4.815703780849148,Ex-post DWA
2024-05-26,NBHWF1,10.756277665394009,Ex-post DWA
2024-06-02,NBHWF1,-6.63236334632645,Ex-post DWA
2024-06-09,NBHWF1,6.560016675561258,Ex-post DWA
2024-06-16,NBHWF1,-7.414409057776538,Ex-post DWA
2024-06-23,NBHWF1,-10.118322268699416,Ex-post DWA
2024-06-30,NBHWF1,-3.4010906201250464,Ex-post DWA
2024-07-07,NBHWF1,10.673849672208036,Ex-post DWA
2024-07-14,NBHWF1,-2.789882912980943,Ex-post DWA
2024-07-21,NBHWF1,6.182364477057234,Ex-post DWA
2024-07-28,NBHWF1,-0.5715854561415199,Ex-post DWA
2024-08-04,NBHWF1,28.529815834918026,Ex-post DWA
2024-08-11,NBHWF1,-34.73538640029997,Ex-post DWA
2024-08-18,NBHWF1,-1.565314760459529,Ex-post DWA
2024-08-25,NBHWF1,3.5381006672875586,Ex-post DWA
2024-09-01,NBHWF1,2.1285602966254977,Ex-post DWA
2024-09-08,NBHWF1,-0.3102728834582198,Ex-post DWA
2024-09-15,NBHWF1,3.9435484856979386,Ex-post DWA
2024-09-22,NBHWF1,14.693508923614129,Ex-post DWA
2024-09-29,NBHWF1,-0.9564906969380864,Ex-post DWA
2024-10-06,NBHWF1,9.571537640677962,Ex-post DWA
2024-10-13,NBHWF1,10.266943752853752,Ex-post DWA
2024-10-20,NBHWF1,-4.2216267777278595,Ex-post DWA
2024-10-27,NBHWF1,7.194515504451289,Ex-post DWA
2024-11-03,NBHWF1,13.646305199728463,Ex-post DWA
2024-11-10,NBHWF1,-2.2996940542718036,Ex-post DWA
2024-11-17,NBHWF1,9.632196855484217,Ex-post DWA
2024-11-24,NBHWF1,-5.849968193005424,Ex-post DWA
2024-12-01,NBHWF1,-5.653396048260888,Ex-post DWA
2024-12-08,NBHWF1,-6.799092239843944,Ex-post DWA
2024-12-15,NBHWF1,-7.256867334713945,Ex-post DWA
2024-12-22,NBHWF1,-0.3375663927037209,Ex-post DWA
2024-12-29,NBHWF1,11.104183347852375,Ex-post DWA
2025-01-05,NBHWF1,-6.225682493717258,Ex-post DWA
2020-01-05,SNOWNTH1,-0.643966149949911,Ex-post DWA
2020-01-12,SNOWNTH1,-0.9331770537554291,Ex-post DWA
2020-01-19,SNOWNTH1,-0.4374169637240257,Ex-post DWA
2020-01-26,SNOWNTH1,3.440941116903865,Ex-post DWA
2020-02-02,SNOWNTH1,-20.46932186733804,Ex-post DWA
2020-02-09,SNOWNTH1,7.465518417168145,Ex-post DWA
2020-02-16,SNOWNTH1,-9.705168450548342,Ex-post DWA
2020-02-23,SNOWNTH1,2.8088163980227563,Ex-post DWA
2020-03-01,SNOWNTH1,-0.2294871736572972,Ex-post DWA
2020-03-08,SNOWNTH1,10.829184492329354,Ex-post DWA
2020-03-15,SNOWNTH1,-0.1843875410299063,Ex-post DWA
2020-03-22,SNOWNTH1,-0.010151126115317766,Ex-post DWA
2020-03-29,SNOWNTH1,-0.9606555850365197,Ex-post DWA
2020-04-05,SNOWNTH1,0.3784040698198119,Ex-post DWA
2020-04-12,SNOWNTH1,6.60779340144002,Ex-post DWA
2020-04-19,SNOWNTH1,-0.051538077385529846,Ex-post DWA
2020-04-26,SNOWNTH1,-4.789005722215538,Ex-post DWA
2020-05-03,SNOWNTH1,-2.1385230082407816,Ex-post DWA
2020-05-10,SNOWNTH1,-0.940069702018695,Ex-post DWA
2020-05-17,SNOWNTH1,-1.884667330151153,Ex-post DWA
2020-05-24,SNOWNTH1,-0.44585065935258683,Ex-post DWA
2020-05-31,SNOWNTH1,0.38896995755948893,Ex-post DWA
2020-06-07,SNOWNTH1,1.3640264450695696,Ex-post DWA
2020-06-14,SNOWNTH1,-3.832485745718749,Ex-post DWA
2020-06-21,SNOWNTH1,-1.4482282991725945,Ex-post DWA
2020-06-28,SNOWNTH1,-0.8937368261236358,Ex-post DWA
2020-07-05,SNOWNTH1,-1.2083968875439197,Ex-post DWA
2020-07-12,SNOWNTH1,-1.5849544245974698,Ex-post DWA
2020-07-19,SNOWNTH1,0.5312608339584202,Ex-post DWA
2020-07-26,SNOWNTH1,-0.719968090050024,Ex-post DWA
2020-08-02,SNOWNTH1,-3.4953600188529066,Ex-post DWA
2020-08-09,SNOWNTH1,-0.12612134870704494,Ex-post DWA
2020-08-16,SNOWNTH1,-2.142562035697921,Ex-post DWA
2020-08-23,SNOWNTH1,2.654603174754321,Ex-post DWA
2020-08-30,SNOWNTH1,5.85071683479277,Ex-post DWA
2020-09-06,SNOWNTH1,4.101889180644148,Ex-post DWA
2020-09-13,SNOWNTH1,5.75787352127682,Ex-post DWA
2020-09-20,SNOWNTH1,2.7131841352213257,Ex-post DWA
2020-09-27,SNOWNTH1,0.03471097282291602,Ex-post DWA
2020-10-04,SNOWNTH1,0.8337120294239728,Ex-post DWA
2020-10-11,SNOWNTH1,3.31868676877939,Ex-post DWA
2020-10-18,SNOWNTH1,-2.8732557054225794,Ex-post DWA
2020-10-25,SNOWNTH1,1.6430748583125663,Ex-post DWA
2020-11-01,SNOWNTH1,-1.6313646248703293,Ex-post DWA
2020-11-08,SNOWNTH1,1.1720941751507894,Ex-post DWA
2020-11-15,SNOWNTH1,-2.302619627458423,Ex-post DWA
2020-11-22,SNOWNTH1,-2.6390729012248926,Ex-post DWA
2020-11-29,SNOWNTH1,-0.4886341741515565,Ex-post DWA
2020-12-06,SNOWNTH1,-7.986622644290789,Ex-post DWA
2020-12-13,SNOWNTH1,-2.99336504853253,Ex-post DWA
2020-12-20,SNOWNTH1,5.205739512770293,Ex-post DWA
2020-12-27,SNOWNTH1,0.6276202016073889,Ex-post DWA
2021-01-03,SNOWNTH1,2.3346151459195,Ex-post DWA
2021-01-10,SNOWNTH1,-3.36478871006522,Ex-post DWA
2021-01-17,SNOWNTH1,-1.3373051398066522,Ex-post DWA
2021-01-24,SNOWNTH1,-6.754830571935642,Ex-post DWA
2021-01-31,SNOWNTH1,1.2830652518249153,Ex-post DWA
2021-02-07,SNOWNTH1,-0.6923365573151199,Ex-post DWA
2021-02-14,SNOWNTH1,2.000172170263248,Ex-post DWA
2021-02-21,SNOWNTH1,1.0105111330459167,Ex-post DWA
2021-02-28,SNOWNTH1,1.8344933265304988,Ex-post DWA
2021-03-07,SNOWNTH1,-5.73683761002092,Ex-post DWA
2021-03-14,SNOWNTH1,-2.9043178564443863,Ex-post DWA
2021-03-21,SNOWNTH1,-1.973412245359956,Ex-post DWA
2021-03-28,SNOWNTH1,-1.312509427678588,Ex-post DWA
2021-04-04,SNOWNTH1,-0.24558696416504233,Ex-post DWA
2021-04-11,SNOWNTH1,1.5772677746983312,Ex-post DWA
2021-04-18,SNOWNTH1,-6.260730434518717,Ex-post DWA
2021-04-25,SNOWNTH1,0.47358356750739006,Ex-post DWA
2021-05-02,SNOWNTH1,-0.7370048828115046,Ex-post DWA
2021-05-09,SNOWNTH1,-1.2679684825631625,Ex-post DWA
2021-05-16,SNOWNTH1,-6.327839711690459,Ex-post DWA
2021-05-23,SNOWNTH1,-5.922236144279218,Ex-post DWA
2021-05-30,SNOWNTH1,-5.881146693159554,Ex-post DWA
2021-06-06,SNOWNTH1,-5.923420091910103,Ex-post DWA
2021-06-13,SNOWNTH1,-2.06466592496389,Ex-post DWA
2021-06-20,SNOWNTH1,-2.431633774720808,Ex-post DWA
2021-06-27,SNOWNTH1,-3.69191104537542,Ex-post DWA
2021-07-04,SNOWNTH1,-5.516605549682183,Ex-post DWA
2021-07-11,SNOWNTH1,-9.134667305012897,Ex-post DWA
2021-07-18,SNOWNTH1,-2.34207870059209,Ex-post DWA
2021-07-25,SNOWNTH1,-7.931306800102462,Ex-post DWA
2021-08-01,SNOWNTH1,-4.734388683296393,Ex-post DWA
2021-08-08,SNOWNTH1,-7.1256467495709614,Ex-post DWA
2021-08-15,SNOWNTH1,-1.333050498804397,Ex-post DWA
2021-08-22,SNOWNTH1,-16.22836906350277,Ex-post DWA
2021-08-29,SNOWNTH1,-6.716438927228005,Ex-post DWA
2021-09-05,SNOWNTH1,-10.776088807059285,Ex-post DWA
2021-09-12,SNOWNTH1,-15.13655323910779,Ex-post DWA
2021-09-19,SNOWNTH1,-8.535176505076382,Ex-post DWA
2021-09-26,SNOWNTH1,-13.475303044784047,Ex-post DWA
2021-10-03,SNOWNTH1,-15.161986507917323,Ex-post DWA
2021-10-10,SNOWNTH1,-2.3215358175494276,Ex-post DWA
2021-10-17,SNOWNTH1,-8.44416050311327,Ex-post DWA
2021-10-24,SNOWNTH1,-3.4683290290644964,Ex-post DWA
2021-10-31,SNOWNTH1,-7.050974276378412,Ex-post DWA
2021-11-07,SNOWNTH1,-0.6983794689035321,Ex-post DWA
2021-11-14,SNOWNTH1,-7.705323095935995,Ex-post DWA
2021-11-21,SNOWNTH1,-3.0100264540548842,Ex-post DWA
2021-11-28,SNOWNTH1,-5.571221999200585,Ex-post DWA
2021-12-05,SNOWNTH1,-1.6360503949787955,Ex-post DWA
2021-12-12,SNOWNTH1,-4.158354930422092,Ex-post DWA
2021-12-19,SNOWNTH1,-14.468028418147505,Ex-post DWA
2021-12-26,SNOWNTH1,-3.149610965703726,Ex-post DWA
2022-01-02,SNOWNTH1,-4.784568033968185,Ex-post DWA
2022-01-09,SNOWNTH1,-5.744670785800764,Ex-post DWA
2022-01-16,SNOWNTH1,21.3015524261981,Ex-post DWA
2022-01-23,SNOWNTH1,-3.2459656989986527,Ex-post DWA
2022-01-30,SNOWNTH1,-4.767266790090659,Ex-post DWA
2022-02-06,SNOWNTH1,-9.242460320010952,Ex-post DWA
2022-02-13,SNOWNTH1,-1.7252188683356522,Ex-post DWA
2022-02-20,SNOWNTH1,0.6567903455584201,Ex-post DWA
2022-02-27,SNOWNTH1,3.550838322226788,Ex-post DWA
2022-03-06,SNOWNTH1,-12.68869404178885,Ex-post DWA
2022-03-13,SNOWNTH1,-6.339593369719264,Ex-post DWA
2022-03-20,SNOWNTH1,1.0501948910910386,Ex-post DWA
2022-03-27,SNOWNTH1,-2.1645892970158513,Ex-post DWA
2022-04-03,SNOWNTH1,-7.462005016591874,Ex-post DWA
2022-04-10,SNOWNTH1,3.707509375036068,Ex-post DWA
2022-04-17,SNOWNTH1,-6.536854983216756,Ex-post DWA
2022-04-24,SNOWNTH1,-10.983510996367428,Ex-post DWA
2022-05-01,SNOWNTH1,-12.373998722842742,Ex-post DWA
2022-05-08,SNOWNTH1,-33.55120110134047,Ex-post DWA
2022-05-15,SNOWNTH1,-72.31307367635387,Ex-post DWA
2022-05-22,SNOWNTH1,-45.47880717197228,Ex-post DWA
2022-05-29,SNOWNTH1,-12.255646514933659,Ex-post DWA
2022-06-05,SNOWNTH1,-19.969940361538477,Ex-post DWA
2022-06-12,SNOWNTH1,-35.85064356049952,Ex-post DWA
2022-06-19,SNOWNTH1,-12.712657905183534,Ex-post DWA
2022-06-26,SNOWNTH1,-23.28591032212836,Ex-post DWA
2022-07-03,SNOWNTH1,-25.679071766629647,Ex-post DWA
2022-07-10,SNOWNTH1,-12.42209312443066,Ex-post DWA
2022-07-17,SNOWNTH1,-33.73966571316578,Ex-post DWA
2022-07-24,SNOWNTH1,-24.96587223085328,Ex-post DWA
2022-07-31,SNOWNTH1,-29.635641067409892,Ex-post DWA
2022-08-07,SNOWNTH1,-10.310047743106018,Ex-post DWA
2022-08-14,SNOWNTH1,-6.792324602178795,Ex-post DWA
2022-08-21,SNOWNTH1,-4.305432652878906,Ex-post DWA
2022-08-28,SNOWNTH1,-10.013238023644647,Ex-post DWA
2022-09-04,SNOWNTH1,-5.10358019837831,Ex-post DWA
2022-09-11,SNOWNTH1,-32.67962999378787,Ex-post DWA
2022-09-18,SNOWNTH1,-20.403136438479383,Ex-post DWA
2022-09-25,SNOWNTH1,-9.566398851490476,Ex-post DWA
2022-10-02,SNOWNTH1,2.3977943842936895,Ex-post DWA
2022-10-09,SNOWNTH1,-7.241445257416885,Ex-post DWA
2022-10-16,SNOWNTH1,-1.7584763956522238,Ex-post DWA
2022-10-23,SNOWNTH1,-27.921379042918744,Ex-post DWA
2022-10-30,SNOWNTH1,-30.536998435826,Ex-post DWA
2022-11-06,SNOWNTH1,-0.6496913676099609,Ex-post DWA
2022-11-13,SNOWNTH1,-12.332804150844453,Ex-post DWA
2022-11-20,SNOWNTH1,-14.041745593031411,Ex-post DWA
2022-11-27,SNOWNTH1,-30.114711067977947,Ex-post DWA
2022-12-04,SNOWNTH1,1.9022359526789216,Ex-post DWA
2022-12-11,SNOWNTH1,-11.09488666031098,Ex-post DWA
2022-12-18,SNOWNTH1,-7.117298199308033,Ex-post DWA
2022-12-25,SNOWNTH1,2.9869599343844087,Ex-post DWA
2023-01-01,SNOWNTH1,4.001318294896713,Ex-post DWA
2023-01-08,SNOWNTH1,-7.0049045292947225,Ex-post DWA
2023-01-15,SNOWNTH1,-7.970955231579282,Ex-post DWA
2023-01-22,SNOWNTH1,-8.335901047921038,Ex-post DWA
2023-01-29,SNOWNTH1,-10.171438862876428,Ex-post DWA
2023-02-05,SNOWNTH1,-11.245878957494138,Ex-post DWA
2023-02-12,SNOWNTH1,-15.716045324232084,Ex-post DWA
2023-02-19,SNOWNTH1,-0.12169110896540758,Ex-post DWA
2023-02-26,SNOWNTH1,-12.737235238643244,Ex-post DWA
2023-03-05,SNOWNTH1,0.8293841763114287,Ex-post DWA
2023-03-12,SNOWNTH1,-3.847553031854428,Ex-post DWA
2023-03-19,SNOWNTH1,-5.767740887332941,Ex-post DWA
2023-03-26,SNOWNTH1,-6.990561836842801,Ex-post DWA
2023-04-02,SNOWNTH1,-2.390361404889134,Ex-post DWA
2023-04-09,SNOWNTH1,-21.010403291185675,Ex-post DWA
2023-04-16,SNOWNTH1,-12.492979073963252,Ex-post DWA
2023-04-23,SNOWNTH1,16.403564035475085,Ex-post DWA
2023-04-30,SNOWNTH1,-23.995497247127673,Ex-post DWA
2023-05-07,SNOWNTH1,-26.476927295802923,Ex-post DWA
2023-05-14,SNOWNTH1,-13.3863705469673,Ex-post DWA
2023-05-21,SNOWNTH1,17.36088179918866,Ex-post DWA
2023-05-28,SNOWNTH1,-17.428551518392425,Ex-post DWA
2023-06-04,SNOWNTH1,-27.03388148576758,Ex-post DWA
2023-06-11,SNOWNTH1,61.14666890395925,Ex-post DWA
2023-06-18,SNOWNTH1,-9.455268451818586,Ex-post DWA
2023-06-25,SNOWNTH1,-8.887420102783928,Ex-post DWA
2023-07-02,SNOWNTH1,22.58957418255126,Ex-post DWA
2023-07-09,SNOWNTH1,-5.203306459616499,Ex-post DWA
2023-07-16,SNOWNTH1,-18.104305482912835,Ex-post DWA
2023-07-23,SNOWNTH1,-10.049567274373722,Ex-post DWA
2023-07-30,SNOWNTH1,-13.486783153575406,Ex-post DWA
2023-08-06,SNOWNTH1,-28.80390639922331,Ex-post DWA
2023-08-13,SNOWNTH1,-85.80708821185715,Ex-post DWA
2023-08-20,SNOWNTH1,-16.867186471278707,Ex-post DWA
2023-08-27,SNOWNTH1,-13.10275520913386,Ex-post DWA
2023-09-03,SNOWNTH1,-39.10315312166041,Ex-post DWA
2023-09-10,SNOWNTH1,-22.23844023944091,Ex-post DWA
2023-09-17,SNOWNTH1,-21.37073936181823,Ex-post DWA
2023-09-24,SNOWNTH1,-14.665878824114625,Ex-post DWA
2023-10-01,SNOWNTH1,-7.223234800525574,Ex-post DWA
2023-10-08,SNOWNTH1,-7.440238408295198,Ex-post DWA
2023-10-15,SNOWNTH1,-9.34849413882268,Ex-post DWA
2023-10-22,SNOWNTH1,-4.407205588408351,Ex-post DWA
2023-10-29,SNOWNTH1,-17.236722744484275,Ex-post DWA
2023-11-05,SNOWNTH1,0.2824637632017186,Ex-post DWA
2023-11-12,SNOWNTH1,-17.824380142370664,Ex-post DWA
2023-11-19,SNOWNTH1,5.54721308473826,Ex-post DWA
2023-11-26,SNOWNTH1,-4.515047908586681,Ex-post DWA
2023-12-03,SNOWNTH1,-4.213045971565972,Ex-post DWA
2023-12-10,SNOWNTH1,-6.847837466150466,Ex-post DWA
2023-12-17,SNOWNTH1,-14.346835809805956,Ex-post DWA
2023-12-24,SNOWNTH1,-12.011172965779654,Ex-post DWA
2023-12-31,SNOWNTH1,-8.911759605343967,Ex-post DWA
2024-01-07,SNOWNTH1,3.9466481531841424,Ex-post DWA
2024-01-14,SNOWNTH1,-1.244099516142228,Ex-post DWA
2024-01-21,SNOWNTH1,-16.77966914521822,Ex-post DWA
2024-01-28,SNOWNTH1,-0.31189968372886057,Ex-post DWA
2024-02-04,SNOWNTH1,-2.9055135948249244,Ex-post DWA
2024-02-11,SNOWNTH1,2.4474717681070572,Ex-post DWA
2024-02-18,SNOWNTH1,-6.533811468465743,Ex-post DWA
2024-02-25,SNOWNTH1,-20.107918673376602,Ex-post DWA
2024-03-03,SNOWNTH1,-7.489861744163804,Ex-post DWA
2024-03-10,SNOWNTH1,-0.5980313943762781,Ex-post DWA
2024-03-17,SNOWNTH1,-1.646204523887178,Ex-post DWA
2024-03-24,SNOWNTH1,-6.130763661795747,Ex-post DWA
2024-03-31,SNOWNTH1,6.177447244718735,Ex-post DWA
2024-04-07,SNOWNTH1,-3.783747337959902,Ex-post DWA
2024-04-14,SNOWNTH1,5.563935024025284,Ex-post DWA
2024-04-21,SNOWNTH1,4.0954922369197675,Ex-post DWA
2024-04-28,SNOWNTH1,-9.813320893931184,Ex-post DWA
2024-05-05,SNOWNTH1,2.818574879337689,Ex-post DWA
2024-05-12,SNOWNTH1,,Ex-post DWA
2024-05-19,SNOWNTH1,-14.366996812795165,Ex-post DWA
2024-05-26,SNOWNTH1,-1.686756117921874,Ex-post DWA
2024-06-02,SNOWNTH1,-13.318367504507492,Ex-post DWA
2024-06-09,SNOWNTH1,-3.257920001128781,Ex-post DWA
2024-06-16,SNOWNTH1,-4.09226147172312,Ex-post DWA
2024-06-23,SNOWNTH1,-13.128440338920939,Ex-post DWA
2024-06-30,SNOWNTH1,0.6359207765842427,Ex-post DWA
2024-07-07,SNOWNTH1,-15.53848755676978,Ex-post DWA
2024-07-14,SNOWNTH1,-9.775849707718237,Ex-post DWA
2024-07-21,SNOWNTH1,-9.865319671844887,Ex-post DWA
2024-07-28,SNOWNTH1,-29.515745629973907,Ex-post DWA
2024-08-04,SNOWNTH1,-75.7960665970653,Ex-post DWA
2024-08-11,SNOWNTH1,-38.20591943417692,Ex-post DWA
2024-08-18,SNOWNTH1,-9.357494930094411,Ex-post DWA
2024-08-25,SNOWNTH1,-11.805356425183035,Ex-post DWA
2024-09-01,SNOWNTH1,-11.283617861485443,Ex-post DWA
2024-09-08,SNOWNTH1,-26.18766745445548,Ex-post DWA
2024-09-15,SNOWNTH1,-7.724794986533052,Ex-post DWA
2024-09-22,SNOWNTH1,-10.289587457020794,Ex-post DWA
2024-09-29,SNOWNTH1,5.099512693195674,Ex-post DWA
2024-10-06,SNOWNTH1,-15.016881444351455,Ex-post DWA
2024-10-13,SNOWNTH1,-6.363576758538812,Ex-post DWA
2024-10-20,SNOWNTH1,-15.57931815021475,Ex-post DWA
2024-10-27,SNOWNTH1,-32.638245882683975,Ex-post DWA
2024-11-03,SNOWNTH1,-10.830216339466837,Ex-post DWA
2024-11-10,SNOWNTH1,-17.687703375459233,Ex-post DWA
2024-11-17,SNOWNTH1,-25.43751791086634,Ex-post DWA
2024-11-24,SNOWNTH1,-6.0979730770004466,Ex-post DWA
2024-12-01,SNOWNTH1,-15.909303979433332,Ex-post DWA
2024-12-08,SNOWNTH1,-8.153054970741081,Ex-post DWA
2024-12-15,SNOWNTH1,3.6244514799142706,Ex-post DWA
2024-12-22,SNOWNTH1,-13.31011282321223,Ex-post DWA
2024-12-29,SNOWNTH1,-16.392102709207688,Ex-post DWA
2025-01-05,SNOWNTH1,4.768777817890481,Ex-post DWA
2020-01-05,SNOWSTH1,-0.09993510102091108,Ex-post DWA
2020-01-12,SNOWSTH1,0.35879552803814363,Ex-post DWA
2020-01-19,SNOWSTH1,-0.7168323049180714,Ex-post DWA
2020-01-26,SNOWSTH1,2.4862975859892202,Ex-post DWA
2020-02-02,SNOWSTH1,-34.296521794715005,Ex-post DWA
2020-02-09,SNOWSTH1,10.511264346542468,Ex-post DWA
2020-02-16,SNOWSTH1,-6.604160639070571,Ex-post DWA
2020-02-23,SNOWSTH1,2.8712661653121003,Ex-post DWA
2020-03-01,SNOWSTH1,1.5059324443128688,Ex-post DWA
2020-03-08,SNOWSTH1,10.284067738636466,Ex-post DWA
2020-03-15,SNOWSTH1,1.0399311246619725,Ex-post DWA
2020-03-22,SNOWSTH1,0.5781554147184877,Ex-post DWA
2020-03-29,SNOWSTH1,-0.0916600884825769,Ex-post DWA
2020-04-05,SNOWSTH1,1.9128998832522406,Ex-post DWA
2020-04-12,SNOWSTH1,6.777054109357092,Ex-post DWA
2020-04-19,SNOWSTH1,1.6617064639142,Ex-post DWA
2020-04-26,SNOWSTH1,-2.69473411812036,Ex-post DWA
2020-05-03,SNOWSTH1,-0.6242926606189947,Ex-post DWA
2020-05-10,SNOWSTH1,2.3837587482157083,Ex-post DWA
2020-05-17,SNOWSTH1,-1.1763009041615504,Ex-post DWA
2020-05-24,SNOWSTH1,-0.4738979150278908,Ex-post DWA
2020-05-31,SNOWSTH1,1.3318326940621752,Ex-post DWA
2020-06-07,SNOWSTH1,1.1395048531624994,Ex-post DWA
2020-06-14,SNOWSTH1,-5.075056250587821,Ex-post DWA
2020-06-21,SNOWSTH1,1.247316540877975,Ex-post DWA
2020-06-28,SNOWSTH1,-1.684838306174413,Ex-post DWA
2020-07-05,SNOWSTH1,-0.41138319603578566,Ex-post DWA
2020-07-12,SNOWSTH1,-1.0101164785503514,Ex-post DWA
2020-07-19,SNOWSTH1,3.9435536700642686,Ex-post DWA
2020-07-26,SNOWSTH1,5.219446708459785,Ex-post DWA
2020-08-02,SNOWSTH1,-0.7842396587158404,Ex-post DWA
2020-08-09,SNOWSTH1,2.5664322288826327,Ex-post DWA
2020-08-16,SNOWSTH1,1.29595408521606,Ex-post DWA
2020-08-23,SNOWSTH1,2.7804442468876687,Ex-post DWA
2020-08-30,SNOWSTH1,18.997692174657008,Ex-post DWA
2020-09-06,SNOWSTH1,15.9920030259635,Ex-post DWA
2020-09-13,SNOWSTH1,9.293423834984369,Ex-post DWA
2020-09-20,SNOWSTH1,6.234379529458012,Ex-post DWA
2020-09-27,SNOWSTH1,6.454418030489078,Ex-post DWA
2020-10-04,SNOWSTH1,4.4641174128047885,Ex-post DWA
2020-10-11,SNOWSTH1,8.35060683725435,Ex-post DWA
2020-10-18,SNOWSTH1,-1.1424369610378733,Ex-post DWA
2020-10-25,SNOWSTH1,7.448916060659702,Ex-post DWA
2020-11-01,SNOWSTH1,3.198076603078782,Ex-post DWA
2020-11-08,SNOWSTH1,5.481471341816373,Ex-post DWA
2020-11-15,SNOWSTH1,-1.9313752754367925,Ex-post DWA
2020-11-22,SNOWSTH1,-2.3763904024988634,Ex-post DWA
2020-11-29,SNOWSTH1,1.1472347883859868,Ex-post DWA
2020-12-06,SNOWSTH1,0.3698646014974013,Ex-post DWA
2020-12-13,SNOWSTH1,1.6562885428266552,Ex-post DWA
2020-12-20,SNOWSTH1,4.892658646146074,Ex-post DWA
2020-12-27,SNOWSTH1,2.573557062077434,Ex-post DWA
2021-01-03,SNOWSTH1,2.7396717325169924,Ex-post DWA
2021-01-10,SNOWSTH1,-0.3524500679324305,Ex-post DWA
2021-01-17,SNOWSTH1,0.08831719841301577,Ex-post DWA
2021-01-24,SNOWSTH1,-3.216571970441777,Ex-post DWA
2021-01-31,SNOWSTH1,0.07284672799796255,Ex-post DWA
2021-02-07,SNOWSTH1,1.709040214760849,Ex-post DWA
2021-02-14,SNOWSTH1,0.9131627960255955,Ex-post DWA
2021-02-21,SNOWSTH1,2.1299653793858475,Ex-post DWA
2021-02-28,SNOWSTH1,2.5610939008312315,Ex-post DWA
2021-03-07,SNOWSTH1,-1.27768320792741,Ex-post DWA
2021-03-14,SNOWSTH1,12.119846093050729,Ex-post DWA
2021-03-21,SNOWSTH1,-1.1308629549655755,Ex-post DWA
2021-03-28,SNOWSTH1,0.011625914563168749,Ex-post DWA
2021-04-04,SNOWSTH1,-0.2040322228525966,Ex-post DWA
2021-04-11,SNOWSTH1,2.398791028850413,Ex-post DWA
2021-04-18,SNOWSTH1,-6.2887785231984825,Ex-post DWA
2021-04-25,SNOWSTH1,4.798412666324737,Ex-post DWA
2021-05-02,SNOWSTH1,3.535700886730112,Ex-post DWA
2021-05-09,SNOWSTH1,-1.396253070603521,Ex-post DWA
2021-05-16,SNOWSTH1,-4.126273319897685,Ex-post DWA
2021-05-23,SNOWSTH1,14.686065824843823,Ex-post DWA
2021-05-30,SNOWSTH1,-1.3149545335847677,Ex-post DWA
2021-06-06,SNOWSTH1,0.4934975584826873,Ex-post DWA
2021-06-13,SNOWSTH1,0.812880809227913,Ex-post DWA
2021-06-20,SNOWSTH1,1.2258791461499357,Ex-post DWA
2021-06-27,SNOWSTH1,-2.6257808770082676,Ex-post DWA
2021-07-04,SNOWSTH1,-0.5503111301560466,Ex-post DWA
2021-07-11,SNOWSTH1,-7.215501342536356,Ex-post DWA
2021-07-18,SNOWSTH1,2.78010594603375,Ex-post DWA
2021-07-25,SNOWSTH1,-2.7288891967175175,Ex-post DWA
2021-08-01,SNOWSTH1,-5.435594675651705,Ex-post DWA
2021-08-08,SNOWSTH1,-1.1489962531692868,Ex-post DWA
2021-08-15,SNOWSTH1,-1.626741712511901,Ex-post DWA
2021-08-22,SNOWSTH1,-11.8980694090139,Ex-post DWA
2021-08-29,SNOWSTH1,-3.799812501849516,Ex-post DWA
2021-09-05,SNOWSTH1,-2.5572991035286066,Ex-post DWA
2021-09-12,SNOWSTH1,-11.406184631520375,Ex-post DWA
2021-09-19,SNOWSTH1,-4.8500345064769785,Ex-post DWA
2021-09-26,SNOWSTH1,-14.054202222499406,Ex-post DWA
2021-10-03,SNOWSTH1,-10.62586634986824,Ex-post DWA
2021-10-10,SNOWSTH1,-2.830684674904495,Ex-post DWA
2021-10-17,SNOWSTH1,-4.01681926368824,Ex-post DWA
2021-10-24,SNOWSTH1,-1.0532463415205662,Ex-post DWA
2021-10-31,SNOWSTH1,0.2687098720483476,Ex-post DWA
2021-11-07,SNOWSTH1,-0.57005655482196,Ex-post DWA
2021-11-14,SNOWSTH1,-4.219995413732004,Ex-post DWA
2021-11-21,SNOWSTH1,1.206279712320006,Ex-post DWA
2021-11-28,SNOWSTH1,-3.481433349476937,Ex-post DWA
2021-12-05,SNOWSTH1,-0.5364357471663297,Ex-post DWA
2021-12-12,SNOWSTH1,-3.513590018221308,Ex-post DWA
2021-12-19,SNOWSTH1,-7.066891680421421,Ex-post DWA
2021-12-26,SNOWSTH1,13.89975135405853,Ex-post DWA
2022-01-02,SNOWSTH1,-1.7671783307271767,Ex-post DWA
2022-01-09,SNOWSTH1,-3.20108185789832,Ex-post DWA
2022-01-16,SNOWSTH1,-3.757969188968403,Ex-post DWA
2022-01-23,SNOWSTH1,-2.3028245759495007,Ex-post DWA
2022-01-30,SNOWSTH1,-6.208970888000977,Ex-post DWA
2022-02-06,SNOWSTH1,-4.535384203320678,Ex-post DWA
2022-02-13,SNOWSTH1,-2.296483453404072,Ex-post DWA
2022-02-20,SNOWSTH1,-0.7897472709852451,Ex-post DWA
2022-02-27,SNOWSTH1,1.6489280239881197,Ex-post DWA
2022-03-06,SNOWSTH1,-5.430697145729084,Ex-post DWA
2022-03-13,SNOWSTH1,-2.3094871827049985,Ex-post DWA
2022-03-20,SNOWSTH1,-3.3105076983858908,Ex-post DWA
2022-03-27,SNOWSTH1,-3.723919924973927,Ex-post DWA
2022-04-03,SNOWSTH1,-14.061838177234787,Ex-post DWA
2022-04-10,SNOWSTH1,5.01591628767801,Ex-post DWA
2022-04-17,SNOWSTH1,-6.547368374613669,Ex-post DWA
2022-04-24,SNOWSTH1,-10.486097500392916,Ex-post DWA
2022-05-01,SNOWSTH1,-7.890404195956364,Ex-post DWA
2022-05-08,SNOWSTH1,-19.561810979527053,Ex-post DWA
2022-05-15,SNOWSTH1,-36.07330474564378,Ex-post DWA
2022-05-22,SNOWSTH1,-31.363158940572845,Ex-post DWA
2022-05-29,SNOWSTH1,5.5091949170800945,Ex-post DWA
2022-06-05,SNOWSTH1,-12.478173625423437,Ex-post DWA
2022-06-12,SNOWSTH1,-22.327279332321098,Ex-post DWA
2022-06-19,SNOWSTH1,-16.223264479374876,Ex-post DWA
2022-06-26,SNOWSTH1,-9.931956979138562,Ex-post DWA
2022-07-03,SNOWSTH1,-19.42726872448884,Ex-post DWA
2022-07-10,SNOWSTH1,-2.742579534188451,Ex-post DWA
2022-07-17,SNOWSTH1,-11.187004857278566,Ex-post DWA
2022-07-24,SNOWSTH1,-8.574452480325647,Ex-post DWA
2022-07-31,SNOWSTH1,-2.158021544603855,Ex-post DWA
2022-08-07,SNOWSTH1,2.144616705711911,Ex-post DWA
2022-08-14,SNOWSTH1,-3.231998784470335,Ex-post DWA
2022-08-21,SNOWSTH1,-5.859774174541968,Ex-post DWA
2022-08-28,SNOWSTH1,21.964761485764797,Ex-post DWA
2022-09-04,SNOWSTH1,-0.3620342340024365,Ex-post DWA
2022-09-11,SNOWSTH1,-17.831430010734067,Ex-post DWA
2022-09-18,SNOWSTH1,-10.004358822087699,Ex-post DWA
2022-09-25,SNOWSTH1,-8.164154981490228,Ex-post DWA
2022-10-02,SNOWSTH1,0.9551304068186255,Ex-post DWA
2022-10-09,SNOWSTH1,-6.453068070781995,Ex-post DWA
2022-10-16,SNOWSTH1,-4.541615999237308,Ex-post DWA
2022-10-23,SNOWSTH1,-16.778932419479716,Ex-post DWA
2022-10-30,SNOWSTH1,-15.769015245915995,Ex-post DWA
2022-11-06,SNOWSTH1,1.775592193050791,Ex-post DWA
2022-11-13,SNOWSTH1,0.1570806490676233,Ex-post DWA
2022-11-20,SNOWSTH1,-5.8662665849134665,Ex-post DWA
2022-11-27,SNOWSTH1,-14.558161499722189,Ex-post DWA
2022-12-04,SNOWSTH1,1.9410743070377094,Ex-post DWA
2022-12-11,SNOWSTH1,0.20758861905002135,Ex-post DWA
2022-12-18,SNOWSTH1,-7.255251630376158,Ex-post DWA
2022-12-25,SNOWSTH1,-3.9100352757475036,Ex-post DWA
2023-01-01,SNOWSTH1,3.1642870923182898,Ex-post DWA
2023-01-08,SNOWSTH1,-4.189457801158158,Ex-post DWA
2023-01-15,SNOWSTH1,-2.1396406134640955,Ex-post DWA
2023-01-22,SNOWSTH1,-7.108985246806952,Ex-post DWA
2023-01-29,SNOWSTH1,-3.0118851919164626,Ex-post DWA
2023-02-05,SNOWSTH1,-11.239267024946571,Ex-post DWA
2023-02-12,SNOWSTH1,-17.392140873293634,Ex-post DWA
2023-02-19,SNOWSTH1,20.58252538788554,Ex-post DWA
2023-02-26,SNOWSTH1,-10.554065716429214,Ex-post DWA
2023-03-05,SNOWSTH1,-2.3534415108678743,Ex-post DWA
2023-03-12,SNOWSTH1,-5.0310313702753895,Ex-post DWA
2023-03-19,SNOWSTH1,-6.078996913459676,Ex-post DWA
2023-03-26,SNOWSTH1,-8.699757696836777,Ex-post DWA
2023-04-02,SNOWSTH1,2.1099819736988508,Ex-post DWA
2023-04-09,SNOWSTH1,-15.031701016883417,Ex-post DWA
2023-04-16,SNOWSTH1,-7.618326246710815,Ex-post DWA
2023-04-23,SNOWSTH1,5.977008147749316,Ex-post DWA
2023-04-30,SNOWSTH1,-14.740996803271969,Ex-post DWA
2023-05-07,SNOWSTH1,-11.628266405634179,Ex-post DWA
2023-05-14,SNOWSTH1,-4.075724694581197,Ex-post DWA
2023-05-21,SNOWSTH1,14.97690267828412,Ex-post DWA
2023-05-28,SNOWSTH1,-9.278811992588984,Ex-post DWA
2023-06-04,SNOWSTH1,-11.841703781757985,Ex-post DWA
2023-06-11,SNOWSTH1,64.8171031277894,Ex-post DWA
2023-06-18,SNOWSTH1,-4.43312239957471,Ex-post DWA
2023-06-25,SNOWSTH1,-9.016720004923393,Ex-post DWA
2023-07-02,SNOWSTH1,0.6397030218185478,Ex-post DWA
2023-07-09,SNOWSTH1,-2.716520173204721,Ex-post DWA
2023-07-16,SNOWSTH1,-10.875105811620443,Ex-post DWA
2023-07-23,SNOWSTH1,-5.158909171144636,Ex-post DWA
2023-07-30,SNOWSTH1,-17.011358724241756,Ex-post DWA
2023-08-06,SNOWSTH1,-22.54487589599109,Ex-post DWA
2023-08-13,SNOWSTH1,-65.39400480140282,Ex-post DWA
2023-08-20,SNOWSTH1,-13.7550844747188,Ex-post DWA
2023-08-27,SNOWSTH1,-12.6071425972657,Ex-post DWA
2023-09-03,SNOWSTH1,-35.82102202854079,Ex-post DWA
2023-09-10,SNOWSTH1,-13.600089117527153,Ex-post DWA
2023-09-17,SNOWSTH1,-16.730237312656357,Ex-post DWA
2023-09-24,SNOWSTH1,-16.117097842771145,Ex-post DWA
2023-10-01,SNOWSTH1,-10.331828406974967,Ex-post DWA
2023-10-08,SNOWSTH1,-3.335665861276354,Ex-post DWA
2023-10-15,SNOWSTH1,-6.354011718437132,Ex-post DWA
2023-10-22,SNOWSTH1,-2.9292683304479823,Ex-post DWA
2023-10-29,SNOWSTH1,-13.697900904733196,Ex-post DWA
2023-11-05,SNOWSTH1,-2.1919818370237074,Ex-post DWA
2023-11-12,SNOWSTH1,-9.197073752686336,Ex-post DWA
2023-11-19,SNOWSTH1,3.180029811535263,Ex-post DWA
2023-11-26,SNOWSTH1,-3.7204924188483446,Ex-post DWA
2023-12-03,SNOWSTH1,-1.7241749600224558,Ex-post DWA
2023-12-10,SNOWSTH1,-3.555904746057408,Ex-post DWA
2023-12-17,SNOWSTH1,-13.057476360459376,Ex-post DWA
2023-12-24,SNOWSTH1,-12.641001983888433,Ex-post DWA
2023-12-31,SNOWSTH1,-7.527887928567917,Ex-post DWA
2024-01-07,SNOWSTH1,3.8552792206177244,Ex-post DWA
2024-01-14,SNOWSTH1,-3.2095814961870346,Ex-post DWA
2024-01-21,SNOWSTH1,-17.71926759100525,Ex-post DWA
2024-01-28,SNOWSTH1,-2.0039552539899077,Ex-post DWA
2024-02-04,SNOWSTH1,-0.10192110718777059,Ex-post DWA
2024-02-11,SNOWSTH1,1.7158302742534062,Ex-post DWA
2024-02-18,SNOWSTH1,-4.943999282231161,Ex-post DWA
2024-02-25,SNOWSTH1,-16.389460408896674,Ex-post DWA
2024-03-03,SNOWSTH1,-11.002621139684429,Ex-post DWA
2024-03-10,SNOWSTH1,-0.7173816615809727,Ex-post DWA
2024-03-17,SNOWSTH1,0.2228811109008575,Ex-post DWA
2024-03-24,SNOWSTH1,-5.526257146234741,Ex-post DWA
2024-03-31,SNOWSTH1,0.2964786400976891,Ex-post DWA
2024-04-07,SNOWSTH1,-5.991153871506249,Ex-post DWA
2024-04-14,SNOWSTH1,4.389896965074456,Ex-post DWA
2024-04-21,SNOWSTH1,-0.02196125427450113,Ex-post DWA
2024-04-28,SNOWSTH1,-12.443370005580114,Ex-post DWA
2024-05-05,SNOWSTH1,-0.6846624847033382,Ex-post DWA
2024-05-12,SNOWSTH1,,Ex-post DWA
2024-05-19,SNOWSTH1,-20.963698357716893,Ex-post DWA
2024-05-26,SNOWSTH1,0.41439620532457866,Ex-post DWA
2024-06-02,SNOWSTH1,-11.154209260523114,Ex-post DWA
2024-06-09,SNOWSTH1,-3.366487770169698,Ex-post DWA
2024-06-16,SNOWSTH1,-1.235827893255177,Ex-post DWA
2024-06-23,SNOWSTH1,-4.29741082656281,Ex-post DWA
2024-06-30,SNOWSTH1,2.528919135848085,Ex-post DWA
2024-07-07,SNOWSTH1,-11.757058133624213,Ex-post DWA
2024-07-14,SNOWSTH1,0.6394548737852972,Ex-post DWA
2024-07-21,SNOWSTH1,-9.687941581772279,Ex-post DWA
2024-07-28,SNOWSTH1,-17.326234498640318,Ex-post DWA
2024-08-04,SNOWSTH1,-51.99267602749529,Ex-post DWA
2024-08-11,SNOWSTH1,-36.22535669433283,Ex-post DWA
2024-08-18,SNOWSTH1,-6.828432520751626,Ex-post DWA
2024-08-25,SNOWSTH1,-7.186886126455985,Ex-post DWA
2024-09-01,SNOWSTH1,-8.249528244929618,Ex-post DWA
2024-09-08,SNOWSTH1,-21.59345260212434,Ex-post DWA
2024-09-15,SNOWSTH1,-7.997563747985437,Ex-post DWA
2024-09-22,SNOWSTH1,-12.982529077733659,Ex-post DWA
2024-09-29,SNOWSTH1,-1.4719007005037774,Ex-post DWA
2024-10-06,SNOWSTH1,-12.7124766344134,Ex-post DWA
2024-10-13,SNOWSTH1,-1.3580883773984809,Ex-post DWA
2024-10-20,SNOWSTH1,-12.236004024827324,Ex-post DWA
2024-10-27,SNOWSTH1,-26.52671435354211,Ex-post DWA
2024-11-03,SNOWSTH1,-13.483893915331539,Ex-post DWA
2024-11-10,SNOWSTH1,-15.861150535012005,Ex-post DWA
2024-11-17,SNOWSTH1,-16.016645804835974,Ex-post DWA
2024-11-24,SNOWSTH1,-3.2883629728523402,Ex-post DWA
2024-12-01,SNOWSTH1,-13.10657639033245,Ex-post DWA
2024-12-08,SNOWSTH1,-7.550602620893102,Ex-post DWA
2024-12-15,SNOWSTH1,2.1912800663533147,Ex-post DWA
2024-12-22,SNOWSTH1,-11.302547458362525,Ex-post DWA
2024-12-29,SNOWSTH1,-13.60696499825451,Ex-post DWA
2025-01-05,SNOWSTH1,2.9216364361884217,Ex-post DWA
2020-01-05,SNOWTWN1,1.6099045099620994,Ex-post DWA
2020-01-12,SNOWTWN1,-1.1189953435703472,Ex-post DWA
2020-01-19,SNOWTWN1,0.6757736414247475,Ex-post DWA
2020-01-26,SNOWTWN1,4.447426270899776,Ex-post DWA
2020-02-02,SNOWTWN1,-9.708364735695767,Ex-post DWA
2020-02-09,SNOWTWN1,18.09459852834519,Ex-post DWA
2020-02-16,SNOWTWN1,-1.616029375791456,Ex-post DWA
2020-02-23,SNOWTWN1,13.372417045147074,Ex-post DWA
2020-03-01,SNOWTWN1,5.2775992546811565,Ex-post DWA
2020-03-08,SNOWTWN1,20.887405134447576,Ex-post DWA
2020-03-15,SNOWTWN1,1.1033552785413683,Ex-post DWA
2020-03-22,SNOWTWN1,0.07983179162069831,Ex-post DWA
2020-03-29,SNOWTWN1,-0.02178130409249235,Ex-post DWA
2020-04-05,SNOWTWN1,4.214741007347627,Ex-post DWA
2020-04-12,SNOWTWN1,7.832091483461049,Ex-post DWA
2020-04-19,SNOWTWN1,0.834997434882947,Ex-post DWA
2020-04-26,SNOWTWN1,-3.486276200284797,Ex-post DWA
2020-05-03,SNOWTWN1,-1.0430763455946241,Ex-post DWA
2020-05-10,SNOWTWN1,2.6555797178052813,Ex-post DWA
2020-05-17,SNOWTWN1,-1.0587997944029581,Ex-post DWA
2020-05-24,SNOWTWN1,-1.1689264099400631,Ex-post DWA
2020-05-31,SNOWTWN1,0.2643686607478877,Ex-post DWA
2020-06-07,SNOWTWN1,0.8180530494422413,Ex-post DWA
2020-06-14,SNOWTWN1,-3.411769974137165,Ex-post DWA
2020-06-21,SNOWTWN1,-0.28806364954594343,Ex-post DWA
2020-06-28,SNOWTWN1,-2.51142696109158,Ex-post DWA
2020-07-05,SNOWTWN1,-0.7127448072225704,Ex-post DWA
2020-07-12,SNOWTWN1,-2.756363875458945,Ex-post DWA
2020-07-19,SNOWTWN1,3.226401780994024,Ex-post DWA
2020-07-26,SNOWTWN1,-0.9474757069506481,Ex-post DWA
2020-08-02,SNOWTWN1,-3.2199543520623237,Ex-post DWA
2020-08-09,SNOWTWN1,-0.7903465909722058,Ex-post DWA
2020-08-16,SNOWTWN1,-0.9312943264898337,Ex-post DWA
2020-08-23,SNOWTWN1,1.8537613973568696,Ex-post DWA
2020-08-30,SNOWTWN1,14.192398247119716,Ex-post DWA
2020-09-06,SNOWTWN1,10.302675618358434,Ex-post DWA
2020-09-13,SNOWTWN1,9.620231654976864,Ex-post DWA
2020-09-20,SNOWTWN1,8.527907956539268,Ex-post DWA
2020-09-27,SNOWTWN1,11.436280343233944,Ex-post DWA
2020-10-04,SNOWTWN1,5.1791323124228645,Ex-post DWA
2020-10-11,SNOWTWN1,10.929314299225478,Ex-post DWA
2020-10-18,SNOWTWN1,-1.0503270824478506,Ex-post DWA
2020-10-25,SNOWTWN1,10.451981099834999,Ex-post DWA
2020-11-01,SNOWTWN1,3.7589226194359497,Ex-post DWA
2020-11-08,SNOWTWN1,6.711006328576481,Ex-post DWA
2020-11-15,SNOWTWN1,0.5524186630210934,Ex-post DWA
2020-11-22,SNOWTWN1,4.812417224442246,Ex-post DWA
2020-11-29,SNOWTWN1,4.870664129678325,Ex-post DWA
2020-12-06,SNOWTWN1,15.868720188248675,Ex-post DWA
2020-12-13,SNOWTWN1,13.245948582518201,Ex-post DWA
2020-12-20,SNOWTWN1,5.5914818960493875,Ex-post DWA
2020-12-27,SNOWTWN1,7.897569337391918,Ex-post DWA
2021-01-03,SNOWTWN1,9.880016809994089,Ex-post DWA
2021-01-10,SNOWTWN1,5.4080794871743265,Ex-post DWA
2021-01-17,SNOWTWN1,12.27822337748976,Ex-post DWA
2021-01-24,SNOWTWN1,-2.712918360139412,Ex-post DWA
2021-01-31,SNOWTWN1,5.0199344045823615,Ex-post DWA
2021-02-07,SNOWTWN1,11.054857640575868,Ex-post DWA
2021-02-14,SNOWTWN1,2.72371857430203,Ex-post DWA
2021-02-21,SNOWTWN1,1.4952490154500566,Ex-post DWA
2021-02-28,SNOWTWN1,13.906104950664172,Ex-post DWA
2021-03-07,SNOWTWN1,6.682333554863543,Ex-post DWA
2021-03-14,SNOWTWN1,7.569598426343145,Ex-post DWA
2021-03-21,SNOWTWN1,6.329339883179067,Ex-post DWA
2021-03-28,SNOWTWN1,7.995814297975802,Ex-post DWA
2021-04-04,SNOWTWN1,0.4852174737082251,Ex-post DWA
2021-04-11,SNOWTWN1,12.348605372183975,Ex-post DWA
2021-04-18,SNOWTWN1,2.6379015331531974,Ex-post DWA
2021-04-25,SNOWTWN1,-1.1309103989555211,Ex-post DWA
2021-05-02,SNOWTWN1,8.70328079273223,Ex-post DWA
2021-05-09,SNOWTWN1,-0.9610204240605995,Ex-post DWA
2021-05-16,SNOWTWN1,-2.3742823911266484,Ex-post DWA
2021-05-23,SNOWTWN1,-8.529899522957756,Ex-post DWA
2021-05-30,SNOWTWN1,0.2970200043855158,Ex-post DWA
2021-06-06,SNOWTWN1,-1.783287839578648,Ex-post DWA
2021-06-13,SNOWTWN1,4.847558919372339,Ex-post DWA
2021-06-20,SNOWTWN1,3.9492224949224095,Ex-post DWA
2021-06-27,SNOWTWN1,-2.6481333894648316,Ex-post DWA
2021-07-04,SNOWTWN1,-5.002207453768904,Ex-post DWA
2021-07-11,SNOWTWN1,-6.22082389408763,Ex-post DWA
2021-07-18,SNOWTWN1,8.822741214139192,Ex-post DWA
2021-07-25,SNOWTWN1,-0.8196641123383017,Ex-post DWA
2021-08-01,SNOWTWN1,14.183741079954181,Ex-post DWA
2021-08-08,SNOWTWN1,-0.29886821548484477,Ex-post DWA
2021-08-15,SNOWTWN1,4.0292935132903125,Ex-post DWA
2021-08-22,SNOWTWN1,5.512634056795225,Ex-post DWA
2021-08-29,SNOWTWN1,7.193265813215213,Ex-post DWA
2021-09-05,SNOWTWN1,20.22355338915153,Ex-post DWA
2021-09-12,SNOWTWN1,15.80680830278499,Ex-post DWA
2021-09-19,SNOWTWN1,12.668447204090251,Ex-post DWA
2021-09-26,SNOWTWN1,3.434877932687339,Ex-post DWA
2021-10-03,SNOWTWN1,1.2351244146213212,Ex-post DWA
2021-10-10,SNOWTWN1,16.12598165560161,Ex-post DWA
2021-10-17,SNOWTWN1,7.169541704684459,Ex-post DWA
2021-10-24,SNOWTWN1,14.12049972995716,Ex-post DWA
2021-10-31,SNOWTWN1,15.845662162019416,Ex-post DWA
2021-11-07,SNOWTWN1,4.266722256100913,Ex-post DWA
2021-11-14,SNOWTWN1,15.438910727083702,Ex-post DWA
2021-11-21,SNOWTWN1,16.578314663919123,Ex-post DWA
2021-11-28,SNOWTWN1,10.247234301911778,Ex-post DWA
2021-12-05,SNOWTWN1,1.504498674203525,Ex-post DWA
2021-12-12,SNOWTWN1,3.3888735239581393,Ex-post DWA
2021-12-19,SNOWTWN1,3.734200579295205,Ex-post DWA
2021-12-26,SNOWTWN1,7.3074216431783725,Ex-post DWA
2022-01-02,SNOWTWN1,4.054207103313356,Ex-post DWA
2022-01-09,SNOWTWN1,8.937831093906539,Ex-post DWA
2022-01-16,SNOWTWN1,11.374565621136,Ex-post DWA
2022-01-23,SNOWTWN1,2.9631679937057562,Ex-post DWA
2022-01-30,SNOWTWN1,-4.013410943259743,Ex-post DWA
2022-02-06,SNOWTWN1,7.629641118203587,Ex-post DWA
2022-02-13,SNOWTWN1,-0.09458344658210649,Ex-post DWA
2022-02-20,SNOWTWN1,7.2339817846803385,Ex-post DWA
2022-02-27,SNOWTWN1,3.993591214505294,Ex-post DWA
2022-03-06,SNOWTWN1,10.480326732379716,Ex-post DWA
2022-03-13,SNOWTWN1,18.658847657070737,Ex-post DWA
2022-03-20,SNOWTWN1,-2.059699628495011,Ex-post DWA
2022-03-27,SNOWTWN1,-1.9533875041785933,Ex-post DWA
2022-04-03,SNOWTWN1,25.574762999283898,Ex-post DWA
2022-04-10,SNOWTWN1,6.180614964735355,Ex-post DWA
2022-04-17,SNOWTWN1,5.369641875481463,Ex-post DWA
2022-04-24,SNOWTWN1,16.337065196115574,Ex-post DWA
2022-05-01,SNOWTWN1,-2.8542313289966046,Ex-post DWA
2022-05-08,SNOWTWN1,-35.91225231348858,Ex-post DWA
2022-05-15,SNOWTWN1,24.637564340011465,Ex-post DWA
2022-05-22,SNOWTWN1,-24.54908068783118,Ex-post DWA
2022-05-29,SNOWTWN1,-2.4822682774251916,Ex-post DWA
2022-06-05,SNOWTWN1,19.29854202707176,Ex-post DWA
2022-06-12,SNOWTWN1,-28.246964329711204,Ex-post DWA
2022-06-19,SNOWTWN1,0.41823427072699815,Ex-post DWA
2022-06-26,SNOWTWN1,1.0427515991299003,Ex-post DWA
2022-07-03,SNOWTWN1,-24.482831395497158,Ex-post DWA
2022-07-10,SNOWTWN1,-12.358110806141383,Ex-post DWA
2022-07-17,SNOWTWN1,15.36241057335667,Ex-post DWA
2022-07-24,SNOWTWN1,-7.622788741724264,Ex-post DWA
2022-07-31,SNOWTWN1,18.779740367665852,Ex-post DWA
2022-08-07,SNOWTWN1,3.635951413722495,Ex-post DWA
2022-08-14,SNOWTWN1,6.68029468980653,Ex-post DWA
2022-08-21,SNOWTWN1,-2.1518663670901077,Ex-post DWA
2022-08-28,SNOWTWN1,41.974592241045286,Ex-post DWA
2022-09-04,SNOWTWN1,2.6075004313616574,Ex-post DWA
2022-09-11,SNOWTWN1,-5.142043594332051,Ex-post DWA
2022-09-18,SNOWTWN1,33.0790497098535,Ex-post DWA
2022-09-25,SNOWTWN1,7.639552676644897,Ex-post DWA
2022-10-02,SNOWTWN1,9.319503686746344,Ex-post DWA
2022-10-09,SNOWTWN1,-0.38583998227805694,Ex-post DWA
2022-10-16,SNOWTWN1,9.052737704441512,Ex-post DWA
2022-10-23,SNOWTWN1,30.306770155024324,Ex-post DWA
2022-10-30,SNOWTWN1,-2.8064474753117636,Ex-post DWA
2022-11-06,SNOWTWN1,8.725234643318494,Ex-post DWA
2022-11-13,SNOWTWN1,56.744182449346766,Ex-post DWA
2022-11-20,SNOWTWN1,45.83295301118428,Ex-post DWA
2022-11-27,SNOWTWN1,22.000359270471716,Ex-post DWA
2022-12-04,SNOWTWN1,6.888421990297573,Ex-post DWA
2022-12-11,SNOWTWN1,7.397395794733917,Ex-post DWA
2022-12-18,SNOWTWN1,6.028813969949433,Ex-post DWA
2022-12-25,SNOWTWN1,15.718616602212556,Ex-post DWA
2023-01-01,SNOWTWN1,10.736519712818534,Ex-post DWA
2023-01-08,SNOWTWN1,17.968683459854624,Ex-post DWA
2023-01-15,SNOWTWN1,9.315433487556916,Ex-post DWA
2023-01-22,SNOWTWN1,8.50445941973718,Ex-post DWA
2023-01-29,SNOWTWN1,6.480002326599475,Ex-post DWA
2023-02-05,SNOWTWN1,29.357375704085932,Ex-post DWA
2023-02-12,SNOWTWN1,2.382642514079919,Ex-post DWA
2023-02-19,SNOWTWN1,7.7310450181376495,Ex-post DWA
2023-02-26,SNOWTWN1,-4.098608224055113,Ex-post DWA
2023-03-05,SNOWTWN1,15.199632847964999,Ex-post DWA
2023-03-12,SNOWTWN1,28.920047613723582,Ex-post DWA
2023-03-19,SNOWTWN1,6.336131392154726,Ex-post DWA
2023-03-26,SNOWTWN1,2.251776600011098,Ex-post DWA
2023-04-02,SNOWTWN1,7.67166664483338,Ex-post DWA
2023-04-09,SNOWTWN1,-12.051499819507306,Ex-post DWA
2023-04-16,SNOWTWN1,1.088803317820691,Ex-post DWA
2023-04-23,SNOWTWN1,8.631977245031337,Ex-post DWA
2023-04-30,SNOWTWN1,-8.916699880967776,Ex-post DWA
2023-05-07,SNOWTWN1,-13.334612643606619,Ex-post DWA
2023-05-14,SNOWTWN1,1.0644784490624772,Ex-post DWA
2023-05-21,SNOWTWN1,25.022771852152943,Ex-post DWA
2023-05-28,SNOWTWN1,-4.377489592870873,Ex-post DWA
2023-06-04,SNOWTWN1,-17.797715959780348,Ex-post DWA
2023-06-11,SNOWTWN1,-0.9310804693376511,Ex-post DWA
2023-06-18,SNOWTWN1,7.3289834796277145,Ex-post DWA
2023-06-25,SNOWTWN1,5.0140089243055,Ex-post DWA
2023-07-02,SNOWTWN1,8.171932201479777,Ex-post DWA
2023-07-09,SNOWTWN1,3.445553209754518,Ex-post DWA
2023-07-16,SNOWTWN1,-3.798762458922642,Ex-post DWA
2023-07-23,SNOWTWN1,-6.790750026895751,Ex-post DWA
2023-07-30,SNOWTWN1,-8.699777485101922,Ex-post DWA
2023-08-06,SNOWTWN1,10.765247548854308,Ex-post DWA
2023-08-13,SNOWTWN1,-69.27219978224811,Ex-post DWA
2023-08-20,SNOWTWN1,0.4936699964535336,Ex-post DWA
2023-08-27,SNOWTWN1,-3.315176281999115,Ex-post DWA
2023-09-03,SNOWTWN1,-19.497835831435907,Ex-post DWA
2023-09-10,SNOWTWN1,3.4831185031610143,Ex-post DWA
2023-09-17,SNOWTWN1,-3.4591507697575885,Ex-post DWA
2023-09-24,SNOWTWN1,-5.2142552914881755,Ex-post DWA
2023-10-01,SNOWTWN1,17.519608649137872,Ex-post DWA
2023-10-08,SNOWTWN1,10.304931493120023,Ex-post DWA
2023-10-15,SNOWTWN1,4.84234269311094,Ex-post DWA
2023-10-22,SNOWTWN1,12.614495029460741,Ex-post DWA
2023-10-29,SNOWTWN1,15.257407784419097,Ex-post DWA
2023-11-05,SNOWTWN1,19.161837512375996,Ex-post DWA
2023-11-12,SNOWTWN1,7.904258725702007,Ex-post DWA
2023-11-19,SNOWTWN1,18.757962099639357,Ex-post DWA
2023-11-26,SNOWTWN1,14.601970160703424,Ex-post DWA
2023-12-03,SNOWTWN1,5.348880346295417,Ex-post DWA
2023-12-10,SNOWTWN1,-2.8647839216170183,Ex-post DWA
2023-12-17,SNOWTWN1,12.158283961977048,Ex-post DWA
2023-12-24,SNOWTWN1,16.179139072389525,Ex-post DWA
2023-12-31,SNOWTWN1,12.523170732156329,Ex-post DWA
2024-01-07,SNOWTWN1,4.579883278628252,Ex-post DWA
2024-01-14,SNOWTWN1,8.223914389891682,Ex-post DWA
2024-01-21,SNOWTWN1,6.599108610269862,Ex-post DWA
2024-01-28,SNOWTWN1,10.52503955855235,Ex-post DWA
2024-02-04,SNOWTWN1,11.19902865764842,Ex-post DWA
2024-02-11,SNOWTWN1,9.986933960880961,Ex-post DWA
2024-02-18,SNOWTWN1,14.45618699613015,Ex-post DWA
2024-02-25,SNOWTWN1,1.8056044403136298,Ex-post DWA
2024-03-03,SNOWTWN1,-0.5369467328166806,Ex-post DWA
2024-03-10,SNOWTWN1,-1.067799611858419,Ex-post DWA
2024-03-17,SNOWTWN1,-3.1586709433216953,Ex-post DWA
2024-03-24,SNOWTWN1,4.886597493303512,Ex-post DWA
2024-03-31,SNOWTWN1,5.04731799557095,Ex-post DWA
2024-04-07,SNOWTWN1,5.4459104313869275,Ex-post DWA
2024-04-14,SNOWTWN1,11.438836954096189,Ex-post DWA
2024-04-21,SNOWTWN1,4.308631134836233,Ex-post DWA
2024-04-28,SNOWTWN1,4.765046384607572,Ex-post DWA
2024-05-05,SNOWTWN1,3.309543745159985,Ex-post DWA
2024-05-12,SNOWTWN1,7.618785567296868,Ex-post DWA
2024-05-19,SNOWTWN1,0.9362725216774948,Ex-post DWA
2024-05-26,SNOWTWN1,-2.8480540326377763,Ex-post DWA
2024-06-02,SNOWTWN1,5.5143043352715075,Ex-post DWA
2024-06-09,SNOWTWN1,-6.098504998395072,Ex-post DWA
2024-06-16,SNOWTWN1,13.479827994012098,Ex-post DWA
2024-06-23,SNOWTWN1,0.6309274119904842,Ex-post DWA
2024-06-30,SNOWTWN1,2.9175856684060477,Ex-post DWA
2024-07-07,SNOWTWN1,7.192807655393864,Ex-post DWA
2024-07-14,SNOWTWN1,-5.552316153953825,Ex-post DWA
2024-07-21,SNOWTWN1,-6.383521700182783,Ex-post DWA
2024-07-28,SNOWTWN1,-8.131396448823402,Ex-post DWA
2024-08-04,SNOWTWN1,-62.417026120089616,Ex-post DWA
2024-08-11,SNOWTWN1,-30.36675055926254,Ex-post DWA
2024-08-18,SNOWTWN1,4.083863142105656,Ex-post DWA
2024-08-25,SNOWTWN1,2.856910026954111,Ex-post DWA
2024-09-01,SNOWTWN1,2.9818184636918375,Ex-post DWA
2024-09-08,SNOWTWN1,-14.413176445027709,Ex-post DWA
2024-09-15,SNOWTWN1,14.401926454235728,Ex-post DWA
2024-09-22,SNOWTWN1,-17.257459697416156,Ex-post DWA
2024-09-29,SNOWTWN1,20.73670629050019,Ex-post DWA
2024-10-06,SNOWTWN1,33.828473612035424,Ex-post DWA
2024-10-13,SNOWTWN1,6.659453477292889,Ex-post DWA
2024-10-20,SNOWTWN1,4.841819248736755,Ex-post DWA
2024-10-27,SNOWTWN1,15.638819817203931,Ex-post DWA
2024-11-03,SNOWTWN1,27.29185340982534,Ex-post DWA
2024-11-10,SNOWTWN1,20.476303431418394,Ex-post DWA
2024-11-17,SNOWTWN1,35.708220470518604,Ex-post DWA
2024-11-24,SNOWTWN1,6.389259902058242,Ex-post DWA
2024-12-01,SNOWTWN1,29.361124133192945,Ex-post DWA
2024-12-08,SNOWTWN1,26.847193838530515,Ex-post DWA
2024-12-15,SNOWTWN1,14.950822410049184,Ex-post DWA
2024-12-22,SNOWTWN1,18.91904509725987,Ex-post DWA
2024-12-29,SNOWTWN1,16.130361273506452,Ex-post DWA
2025-01-05,SNOWTWN1,30.49100260834915,Ex-post DWA
2020-01-05,WATERLWF,0.8320135471815604,Ex-post DWA
2020-01-12,WATERLWF,-0.26762280374508407,Ex-post DWA
2020-01-19,WATERLWF,-1.8158716389312914,Ex-post DWA
2020-01-26,WATERLWF,-2.285279896141823,Ex-post DWA
2020-02-02,WATERLWF,-86.9949365649236,Ex-post DWA
2020-02-09,WATERLWF,6.814210484921482,Ex-post DWA
2020-02-16,WATERLWF,-5.499996925405853,Ex-post DWA
2020-02-23,WATERLWF,-11.008510585447599,Ex-post DWA
2020-03-01,WATERLWF,-12.66885082521446,Ex-post DWA
2020-03-08,WATERLWF,7.721173715704985,Ex-post DWA
2020-03-15,WATERLWF,-3.4329769630107805,Ex-post DWA
2020-03-22,WATERLWF,-0.4289720890075728,Ex-post DWA
2020-03-29,WATERLWF,-0.7967497894784614,Ex-post DWA
2020-04-05,WATERLWF,0.3699719988098913,Ex-post DWA
2020-04-12,WATERLWF,-1.4784362272086256,Ex-post DWA
2020-04-19,WATERLWF,0.12369034292992609,Ex-post DWA
2020-04-26,WATERLWF,1.6365384582038036,Ex-post DWA
2020-05-03,WATERLWF,-0.8764107173923747,Ex-post DWA
2020-05-10,WATERLWF,-1.3152565523931976,Ex-post DWA
2020-05-17,WATERLWF,-5.111081569199712,Ex-post DWA
2020-05-24,WATERLWF,1.1700297133240198,Ex-post DWA
2020-05-31,WATERLWF,-0.38320317535476534,Ex-post DWA
2020-06-07,WATERLWF,-1.9125550364049744,Ex-post DWA
2020-06-14,WATERLWF,0.9577690301428561,Ex-post DWA
2020-06-21,WATERLWF,0.22026624514156978,Ex-post DWA
2020-06-28,WATERLWF,2.0155509840175228,Ex-post DWA
2020-07-05,WATERLWF,0.5168026672859511,Ex-post DWA
2020-07-12,WATERLWF,2.150183433952229,Ex-post DWA
2020-07-19,WATERLWF,1.2258333136754587,Ex-post DWA
2020-07-26,WATERLWF,2.0717221783752464,Ex-post DWA
2020-08-02,WATERLWF,-1.5460976937531115,Ex-post DWA
2020-08-09,WATERLWF,-2.1782344843327337,Ex-post DWA
2020-08-16,WATERLWF,2.8579161222491862,Ex-post DWA
2020-08-23,WATERLWF,-1.5571745596218562,Ex-post DWA
2020-08-30,WATERLWF,0.8224652699156696,Ex-post DWA
2020-09-06,WATERLWF,-6.6595468780853135,Ex-post DWA
2020-09-13,WATERLWF,-9.726488641605808,Ex-post DWA
2020-09-20,WATERLWF,1.636809404539207,Ex-post DWA
2020-09-27,WATERLWF,-2.784458847487903,Ex-post DWA
2020-10-04,WATERLWF,-5.818983419117446,Ex-post DWA
2020-10-11,WATERLWF,-3.3322062319377537,Ex-post DWA
2020-10-18,WATERLWF,-0.5748135002199604,Ex-post DWA
2020-10-25,WATERLWF,-8.531019984799556,Ex-post DWA
2020-11-01,WATERLWF,-5.071957311756179,Ex-post DWA
2020-11-08,WATERLWF,-4.806154742130396,Ex-post DWA
2020-11-15,WATERLWF,-2.527271633324439,Ex-post DWA
2020-11-22,WATERLWF,-7.2846022613892565,Ex-post DWA
2020-11-29,WATERLWF,0.2805771998968183,Ex-post DWA
2020-12-06,WATERLWF,-37.63208340151945,Ex-post DWA
2020-12-13,WATERLWF,-7.119251614133061,Ex-post DWA
2020-12-20,WATERLWF,-6.367976416335246,Ex-post DWA
2020-12-27,WATERLWF,-5.28050636723464,Ex-post DWA
2021-01-03,WATERLWF,-1.9594806608636883,Ex-post DWA
2021-01-10,WATERLWF,1.1229913118481853,Ex-post DWA
2021-01-17,WATERLWF,-3.3835701275546377,Ex-post DWA
2021-01-24,WATERLWF,2.0715207665314637,Ex-post DWA
2021-01-31,WATERLWF,-5.7963326903624,Ex-post DWA
2021-02-07,WATERLWF,-2.0028812044009467,Ex-post DWA
2021-02-14,WATERLWF,-1.7921643071067237,Ex-post DWA
2021-02-21,WATERLWF,-1.7222126585432527,Ex-post DWA
2021-02-28,WATERLWF,-5.186340378636849,Ex-post DWA
2021-03-07,WATERLWF,-0.33590115472869897,Ex-post DWA
2021-03-14,WATERLWF,11.540934882081448,Ex-post DWA
2021-03-21,WATERLWF,-4.208353913710738,Ex-post DWA
2021-03-28,WATERLWF,-1.9162354645353687,Ex-post DWA
2021-04-04,WATERLWF,2.611325451183376,Ex-post DWA
2021-04-11,WATERLWF,-8.326064561478972,Ex-post DWA
2021-04-18,WATERLWF,-9.16801331739813,Ex-post DWA
2021-04-25,WATERLWF,7.643277682875123,Ex-post DWA
2021-05-02,WATERLWF,0.02814894462209594,Ex-post DWA
2021-05-09,WATERLWF,1.5396850573468726,Ex-post DWA
2021-05-16,WATERLWF,-1.0666472931307993,Ex-post DWA
2021-05-23,WATERLWF,0.18890073752183412,Ex-post DWA
2021-05-30,WATERLWF,-0.372336021803946,Ex-post DWA
2021-06-06,WATERLWF,-0.4986502140162301,Ex-post DWA
2021-06-13,WATERLWF,-10.564615268180258,Ex-post DWA
2021-06-20,WATERLWF,-1.0455549432518438,Ex-post DWA
2021-06-27,WATERLWF,-0.743615729975744,Ex-post DWA
2021-07-04,WATERLWF,1.3608559921689505,Ex-post DWA
2021-07-11,WATERLWF,2.662989211309025,Ex-post DWA
2021-07-18,WATERLWF,3.9213429686042716,Ex-post DWA
2021-07-25,WATERLWF,-4.945866613396504,Ex-post DWA
2021-08-01,WATERLWF,-2.044353300027332,Ex-post DWA
2021-08-08,WATERLWF,1.5592480105358462,Ex-post DWA
2021-08-15,WATERLWF,-4.076955219044105,Ex-post DWA
2021-08-22,WATERLWF,4.52877900415336,Ex-post DWA
2021-08-29,WATERLWF,-1.5413325825193098,Ex-post DWA
2021-09-05,WATERLWF,-2.423235192395885,Ex-post DWA
2021-09-12,WATERLWF,-7.003130684284516,Ex-post DWA
2021-09-19,WATERLWF,-9.2038987856532,Ex-post DWA
2021-09-26,WATERLWF,-2.69580875585309,Ex-post DWA
2021-10-03,WATERLWF,0.8706003704046061,Ex-post DWA
2021-10-10,WATERLWF,-3.518622221399443,Ex-post DWA
2021-10-17,WATERLWF,-3.951638772852114,Ex-post DWA
2021-10-24,WATERLWF,-3.1562476423067443,Ex-post DWA
2021-10-31,WATERLWF,63.6404855770231,Ex-post DWA
2021-11-07,WATERLWF,0.09133812877148628,Ex-post DWA
2021-11-14,WATERLWF,-2.0287269006593966,Ex-post DWA
2021-11-21,WATERLWF,-3.091205889249366,Ex-post DWA
2021-11-28,WATERLWF,1.0564459685653453,Ex-post DWA
2021-12-05,WATERLWF,1.2151459729620129,Ex-post DWA
2021-12-12,WATERLWF,0.5762982581012253,Ex-post DWA
2021-12-19,WATERLWF,-14.30239757818709,Ex-post DWA
2021-12-26,WATERLWF,-8.566137540199355,Ex-post DWA
2022-01-02,WATERLWF,-6.8511302501833455,Ex-post DWA
2022-01-09,WATERLWF,0.004159859434448521,Ex-post DWA
2022-01-16,WATERLWF,-23.595885234422724,Ex-post DWA
2022-01-23,WATERLWF,-4.09881907536673,Ex-post DWA
2022-01-30,WATERLWF,1.9617718609490282,Ex-post DWA
2022-02-06,WATERLWF,9.92329094286039,Ex-post DWA
2022-02-13,WATERLWF,-1.4872179940684447,Ex-post DWA
2022-02-20,WATERLWF,-7.719610403037407,Ex-post DWA
2022-02-27,WATERLWF,-6.203459799136489,Ex-post DWA
2022-03-06,WATERLWF,8.952815900680882,Ex-post DWA
2022-03-13,WATERLWF,-5.662670336408734,Ex-post DWA
2022-03-20,WATERLWF,5.627355114864116,Ex-post DWA
2022-03-27,WATERLWF,-1.3529642972744824,Ex-post DWA
2022-04-03,WATERLWF,-5.97264304347015,Ex-post DWA
2022-04-10,WATERLWF,-6.7471696042647125,Ex-post DWA
2022-04-17,WATERLWF,-15.396948600432935,Ex-post DWA
2022-04-24,WATERLWF,-2.2950958973887623,Ex-post DWA
2022-05-01,WATERLWF,6.637026410690339,Ex-post DWA
2022-05-08,WATERLWF,3.0771199407436995,Ex-post DWA
2022-05-15,WATERLWF,-3.4230664768992938,Ex-post DWA
2022-05-22,WATERLWF,24.530787127187523,Ex-post DWA
2022-05-29,WATERLWF,33.12059950238972,Ex-post DWA
2022-06-05,WATERLWF,-13.138653830357299,Ex-post DWA
2022-06-12,WATERLWF,-16.880383399669483,Ex-post DWA
2022-06-19,WATERLWF,-8.500420141664534,Ex-post DWA
2022-06-26,WATERLWF,1.0537847721755043,Ex-post DWA
2022-07-03,WATERLWF,4.353978084931327,Ex-post DWA
2022-07-10,WATERLWF,-33.4947667293813,Ex-post DWA
2022-07-17,WATERLWF,-3.933270770878579,Ex-post DWA
2022-07-24,WATERLWF,4.487313615520236,Ex-post DWA
2022-07-31,WATERLWF,15.56142804239633,Ex-post DWA
2022-08-07,WATERLWF,5.156662111984609,Ex-post DWA
2022-08-14,WATERLWF,0.1437113181965941,Ex-post DWA
2022-08-21,WATERLWF,3.453051897771715,Ex-post DWA
2022-08-28,WATERLWF,21.829523903715085,Ex-post DWA
2022-09-04,WATERLWF,1.782561264741716,Ex-post DWA
2022-09-11,WATERLWF,-13.210615891045762,Ex-post DWA
2022-09-18,WATERLWF,-2.0826887758174806,Ex-post DWA
2022-09-25,WATERLWF,5.87464050316629,Ex-post DWA
2022-10-02,WATERLWF,0.815395709482317,Ex-post DWA
2022-10-09,WATERLWF,-6.887470466490683,Ex-post DWA
2022-10-16,WATERLWF,-7.637156832317373,Ex-post DWA
2022-10-23,WATERLWF,12.702414250736766,Ex-post DWA
2022-10-30,WATERLWF,7.370329395415034,Ex-post DWA
2022-11-06,WATERLWF,5.160627651590545,Ex-post DWA
2022-11-13,WATERLWF,-5.504982469008986,Ex-post DWA
2022-11-20,WATERLWF,-11.905651724949815,Ex-post DWA
2022-11-27,WATERLWF,-2.51498215885605,Ex-post DWA
2022-12-04,WATERLWF,-7.491291636202874,Ex-post DWA
2022-12-11,WATERLWF,8.128976681747268,Ex-post DWA
2022-12-18,WATERLWF,-5.354691090830315,Ex-post DWA
2022-12-25,WATERLWF,-13.987192526635326,Ex-post DWA
2023-01-01,WATERLWF,-5.760297313994556,Ex-post DWA
2023-01-08,WATERLWF,-7.550684882535633,Ex-post DWA
2023-01-15,WATERLWF,9.208739164130563,Ex-post DWA
2023-01-22,WATERLWF,0.5890238410348942,Ex-post DWA
2023-01-29,WATERLWF,-5.961248968341891,Ex-post DWA
2023-02-05,WATERLWF,-31.27611069158789,Ex-post DWA
2023-02-12,WATERLWF,-11.202885176719846,Ex-post DWA
2023-02-19,WATERLWF,5.016386640112245,Ex-post DWA
2023-02-26,WATERLWF,7.778574956241236,Ex-post DWA
2023-03-05,WATERLWF,-19.21720595694859,Ex-post DWA
2023-03-12,WATERLWF,-16.733368369035496,Ex-post DWA
2023-03-19,WATERLWF,-2.7794978189809285,Ex-post DWA
2023-03-26,WATERLWF,1.2552567980935976,Ex-post DWA
2023-04-02,WATERLWF,4.563022151323324,Ex-post DWA
2023-04-09,WATERLWF,-12.254672266740364,Ex-post DWA
2023-04-16,WATERLWF,-9.594259800993939,Ex-post DWA
2023-04-23,WATERLWF,-13.822476489009759,Ex-post DWA
2023-04-30,WATERLWF,2.904226162879951,Ex-post DWA
2023-05-07,WATERLWF,-7.508158359112485,Ex-post DWA
2023-05-14,WATERLWF,-15.738840969409239,Ex-post DWA
2023-05-21,WATERLWF,-14.081725077437511,Ex-post DWA
2023-05-28,WATERLWF,2.625024928821162,Ex-post DWA
2023-06-04,WATERLWF,15.07186663366572,Ex-post DWA
2023-06-11,WATERLWF,-2.776742511714989,Ex-post DWA
2023-06-18,WATERLWF,0.7799633051088488,Ex-post DWA
2023-06-25,WATERLWF,-4.310051669100858,Ex-post DWA
2023-07-02,WATERLWF,-16.62769336906038,Ex-post DWA
2023-07-09,WATERLWF,-1.3426199859362633,Ex-post DWA
2023-07-16,WATERLWF,-0.3134033068960598,Ex-post DWA
2023-07-23,WATERLWF,-2.033930571920969,Ex-post DWA
2023-07-30,WATERLWF,-7.722053597134568,Ex-post DWA
2023-08-06,WATERLWF,-12.510185316094715,Ex-post DWA
2023-08-13,WATERLWF,-11.150797024442994,Ex-post DWA
2023-08-20,WATERLWF,-6.682058816661929,Ex-post DWA
2023-08-27,WATERLWF,-1.653946254182891,Ex-post DWA
2023-09-03,WATERLWF,45.089895328738365,Ex-post DWA
2023-09-10,WATERLWF,-7.656770861893361,Ex-post DWA
2023-09-17,WATERLWF,-11.504207949204075,Ex-post DWA
2023-09-24,WATERLWF,-12.81172246450635,Ex-post DWA
2023-10-01,WATERLWF,2.980090041389289,Ex-post DWA
2023-10-08,WATERLWF,-7.2089737153441895,Ex-post DWA
2023-10-15,WATERLWF,-7.778195854044783,Ex-post DWA
2023-10-22,WATERLWF,-1.7424889425795804,Ex-post DWA
2023-10-29,WATERLWF,-27.693801958509564,Ex-post DWA
2023-11-05,WATERLWF,5.180588218050893,Ex-post DWA
2023-11-12,WATERLWF,-1.8609178490287945,Ex-post DWA
2023-11-19,WATERLWF,-7.282853257748911,Ex-post DWA
2023-11-26,WATERLWF,-16.73142119428454,Ex-post DWA
2023-12-03,WATERLWF,13.892085641703702,Ex-post DWA
2023-12-10,WATERLWF,11.279813850668845,Ex-post DWA
2023-12-17,WATERLWF,-6.1111940222468135,Ex-post DWA
2023-12-24,WATERLWF,-4.827078835672614,Ex-post DWA
2023-12-31,WATERLWF,-1.7173937617282142,Ex-post DWA
2024-01-07,WATERLWF,-4.161721264801024,Ex-post DWA
2024-01-14,WATERLWF,-6.480523468386924,Ex-post DWA
2024-01-21,WATERLWF,-10.762949175148895,Ex-post DWA
2024-01-28,WATERLWF,-6.339662505401641,Ex-post DWA
2024-02-04,WATERLWF,-2.542113696423776,Ex-post DWA
2024-02-11,WATERLWF,-4.956543285388456,Ex-post DWA
2024-02-18,WATERLWF,3.3142055775844312,Ex-post DWA
2024-02-25,WATERLWF,-13.944881243436079,Ex-post DWA
2024-03-03,WATERLWF,-18.022168302711727,Ex-post DWA
2024-03-10,WATERLWF,-4.6651263207507725,Ex-post DWA
2024-03-17,WATERLWF,-1.4168287696427768,Ex-post DWA
2024-03-24,WATERLWF,3.597388746866706,Ex-post DWA
2024-03-31,WATERLWF,-9.23075412644414,Ex-post DWA
2024-04-07,WATERLWF,-5.49059773065391,Ex-post DWA
2024-04-14,WATERLWF,-1.0671630174688715,Ex-post DWA
2024-04-21,WATERLWF,-19.80191544412567,Ex-post DWA
2024-04-28,WATERLWF,-6.01009466935367,Ex-post DWA
2024-05-05,WATERLWF,-3.3357584052314735,Ex-post DWA
2024-05-12,WATERLWF,-7.170852570097054,Ex-post DWA
2024-05-19,WATERLWF,12.287460335684926,Ex-post DWA
2024-05-26,WATERLWF,4.582863578659982,Ex-post DWA
2024-06-02,WATERLWF,-9.033372215626777,Ex-post DWA
2024-06-09,WATERLWF,2.656238505395919,Ex-post DWA
2024-06-16,WATERLWF,-13.548612782675548,Ex-post DWA
2024-06-23,WATERLWF,-0.15801351333138314,Ex-post DWA
2024-06-30,WATERLWF,-1.3722452567387506,Ex-post DWA
2024-07-07,WATERLWF,6.359940289405955,Ex-post DWA
2024-07-14,WATERLWF,6.982108049004552,Ex-post DWA
2024-07-21,WATERLWF,-2.3194131773716435,Ex-post DWA
2024-07-28,WATERLWF,-16.99200233426363,Ex-post DWA
2024-08-04,WATERLWF,-19.912761368287335,Ex-post DWA
2024-08-11,WATERLWF,13.272097385238851,Ex-post DWA
2024-08-18,WATERLWF,-4.732034354762504,Ex-post DWA
2024-08-25,WATERLWF,-2.166978001441059,Ex-post DWA
2024-09-01,WATERLWF,-2.3337732313615724,Ex-post DWA
2024-09-08,WATERLWF,-17.457106232332467,Ex-post DWA
2024-09-15,WATERLWF,-8.389185353949888,Ex-post DWA
2024-09-22,WATERLWF,-12.031818314847676,Ex-post DWA
2024-09-29,WATERLWF,-8.666522478942174,Ex-post DWA
2024-10-06,WATERLWF,-16.706621067570946,Ex-post DWA
2024-10-13,WATERLWF,-6.441740422706253,Ex-post DWA
2024-10-20,WATERLWF,-9.472490083809124,Ex-post DWA
2024-10-27,WATERLWF,-35.37506136006131,Ex-post DWA
2024-11-03,WATERLWF,-12.321475485138958,Ex-post DWA
2024-11-10,WATERLWF,-18.493823827534655,Ex-post DWA
2024-11-17,WATERLWF,-12.657849719081788,Ex-post DWA
2024-11-24,WATERLWF,-1.7926860679646808,Ex-post DWA
2024-12-01,WATERLWF,-30.761893181910274,Ex-post DWA
2024-12-08,WATERLWF,-14.771007919306726,Ex-post DWA
2024-12-15,WATERLWF,-7.3244251273807635,Ex-post DWA
2024-12-22,WATERLWF,-13.95356938321028,Ex-post DWA
2024-12-29,WATERLWF,-16.59828662446019,Ex-post DWA
2025-01-05,WATERLWF,-45.689473696059025,Ex-post DWA
2020-01-05,WGWF1,-1.2380771797495314,Ex-post DWA
2020-01-12,WGWF1,5.627848078465732,Ex-post DWA
2020-01-19,WGWF1,-2.535230923125198,Ex-post DWA
2020-01-26,WGWF1,-4.3601911675956515,Ex-post DWA
2020-02-02,WGWF1,15.835760914671766,Ex-post DWA
2020-02-09,WGWF1,6.040062794315887,Ex-post DWA
2020-02-16,WGWF1,-7.089430763220534,Ex-post DWA
2020-02-23,WGWF1,-2.018437623931792,Ex-post DWA
2020-03-01,WGWF1,-5.3662767417196555,Ex-post DWA
2020-03-08,WGWF1,-12.004037299660348,Ex-post DWA
2020-03-15,WGWF1,-0.946678178260683,Ex-post DWA
2020-03-22,WGWF1,-0.3908844774913405,Ex-post DWA
2020-03-29,WGWF1,-1.9761341287020713,Ex-post DWA
2020-04-05,WGWF1,-1.4749226644025804,Ex-post DWA
2020-04-12,WGWF1,-2.745679528723141,Ex-post DWA
2020-04-19,WGWF1,-0.7771795179672516,Ex-post DWA
2020-04-26,WGWF1,0.43123087579769326,Ex-post DWA
2020-05-03,WGWF1,0.1569447796073078,Ex-post DWA
2020-05-10,WGWF1,-1.1921655918251233,Ex-post DWA
2020-05-17,WGWF1,-0.1411685139051002,Ex-post DWA
2020-05-24,WGWF1,-0.5794819096171295,Ex-post DWA
2020-05-31,WGWF1,0.021669434396773823,Ex-post DWA
2020-06-07,WGWF1,-0.5371069355942382,Ex-post DWA
2020-06-14,WGWF1,1.101685921539115,Ex-post DWA
2020-06-21,WGWF1,0.10870903993975745,Ex-post DWA
2020-06-28,WGWF1,2.213435532755682,Ex-post DWA
2020-07-05,WGWF1,0.26593974954190003,Ex-post DWA
2020-07-12,WGWF1,-0.2287427458425242,Ex-post DWA
2020-07-19,WGWF1,-3.400723757727526,Ex-post DWA
2020-07-26,WGWF1,-2.3283936539406156,Ex-post DWA
2020-08-02,WGWF1,1.173232516281189,Ex-post DWA
2020-08-09,WGWF1,-1.6665894253884304,Ex-post DWA
2020-08-16,WGWF1,0.25708241352660366,Ex-post DWA
2020-08-23,WGWF1,-2.0983278440361133,Ex-post DWA
2020-08-30,WGWF1,-16.024265289314314,Ex-post DWA
2020-09-06,WGWF1,-6.563125632810106,Ex-post DWA
2020-09-13,WGWF1,-4.571141568744194,Ex-post DWA
2020-09-20,WGWF1,-4.016047423550947,Ex-post DWA
2020-09-27,WGWF1,-7.152926713544848,Ex-post DWA
2020-10-04,WGWF1,-5.1122902192323645,Ex-post DWA
2020-10-11,WGWF1,-6.968082299550325,Ex-post DWA
2020-10-18,WGWF1,-1.0351226242694622,Ex-post DWA
2020-10-25,WGWF1,-5.110195011712957,Ex-post DWA
2020-11-01,WGWF1,-5.168473577682203,Ex-post DWA
2020-11-08,WGWF1,-3.942428649574456,Ex-post DWA
2020-11-15,WGWF1,-1.4926645424261373,Ex-post DWA
2020-11-22,WGWF1,-5.661468816079292,Ex-post DWA
2020-11-29,WGWF1,-0.6027736424509342,Ex-post DWA
2020-12-06,WGWF1,-1.7607084287306762,Ex-post DWA
2020-12-13,WGWF1,-4.025048320490413,Ex-post DWA
2020-12-20,WGWF1,-5.458050847657624,Ex-post DWA
2020-12-27,WGWF1,-4.606249876347688,Ex-post DWA
2021-01-03,WGWF1,-3.7737152737911828,Ex-post DWA
2021-01-10,WGWF1,-2.3335454705871506,Ex-post DWA
2021-01-17,WGWF1,-1.7512671913510154,Ex-post DWA
2021-01-24,WGWF1,-5.294428932379226,Ex-post DWA
2021-01-31,WGWF1,-0.541231808090398,Ex-post DWA
2021-02-07,WGWF1,-5.492939148926044,Ex-post DWA
2021-02-14,WGWF1,-0.14142785417747916,Ex-post DWA
2021-02-21,WGWF1,0.5837829424712666,Ex-post DWA
2021-02-28,WGWF1,-5.015731029490379,Ex-post DWA
2021-03-07,WGWF1,-0.7589283034341214,Ex-post DWA
2021-03-14,WGWF1,3.191462266601949,Ex-post DWA
2021-03-21,WGWF1,-2.641909418220269,Ex-post DWA
2021-03-28,WGWF1,-1.1152409316322363,Ex-post DWA
2021-04-04,WGWF1,1.3006874203062537,Ex-post DWA
2021-04-11,WGWF1,-4.877939419438907,Ex-post DWA
2021-04-18,WGWF1,-6.643975651469317,Ex-post DWA
2021-04-25,WGWF1,1.0532130913048974,Ex-post DWA
2021-05-02,WGWF1,-0.9453184865512227,Ex-post DWA
2021-05-09,WGWF1,-2.968324100552536,Ex-post DWA
2021-05-16,WGWF1,1.4727464905220558,Ex-post DWA
2021-05-23,WGWF1,-10.824368802638524,Ex-post DWA
2021-05-30,WGWF1,-1.7762999972678557,Ex-post DWA
2021-06-06,WGWF1,-1.653466280397211,Ex-post DWA
2021-06-13,WGWF1,1.5813040492915817,Ex-post DWA
2021-06-20,WGWF1,3.36493287558757,Ex-post DWA
2021-06-27,WGWF1,0.0760830925637066,Ex-post DWA
2021-07-04,WGWF1,0.1314261486592443,Ex-post DWA
2021-07-11,WGWF1,-0.004994640052217392,Ex-post DWA
2021-07-18,WGWF1,-3.3043564181103733,Ex-post DWA
2021-07-25,WGWF1,1.782880509544185,Ex-post DWA
2021-08-01,WGWF1,-3.800200175171442,Ex-post DWA
2021-08-08,WGWF1,2.111043243938049,Ex-post DWA
2021-08-15,WGWF1,-3.9667483571682673,Ex-post DWA
2021-08-22,WGWF1,-4.122709203672116,Ex-post DWA
2021-08-29,WGWF1,-1.4950610394676502,Ex-post DWA
2021-09-05,WGWF1,2.383725174175197,Ex-post DWA
2021-09-12,WGWF1,-4.8079901879058955,Ex-post DWA
2021-09-19,WGWF1,0.2684351725761136,Ex-post DWA
2021-09-26,WGWF1,-2.7910121856013888,Ex-post DWA
2021-10-03,WGWF1,-3.4233208504772694,Ex-post DWA
2021-10-10,WGWF1,-11.976420324068862,Ex-post DWA
2021-10-17,WGWF1,7.21032080270518,Ex-post DWA
2021-10-24,WGWF1,-6.045944132165005,Ex-post DWA
2021-10-31,WGWF1,6.5142421335471425,Ex-post DWA
2021-11-07,WGWF1,-4.207421436320793,Ex-post DWA
2021-11-14,WGWF1,-1.5744850338838736,Ex-post DWA
2021-11-21,WGWF1,-8.528386342643753,Ex-post DWA
2021-11-28,WGWF1,-4.48919181117941,Ex-post DWA
2021-12-05,WGWF1,-4.901158856538409,Ex-post DWA
2021-12-12,WGWF1,-4.5616652564517395,Ex-post DWA
2021-12-19,WGWF1,-31.222599078727107,Ex-post DWA
2021-12-26,WGWF1,-6.374369371947473,Ex-post DWA
2022-01-02,WGWF1,-10.817453010423101,Ex-post DWA
2022-01-09,WGWF1,-3.3433098062748563,Ex-post DWA
2022-01-16,WGWF1,-25.971015188474468,Ex-post DWA
2022-01-23,WGWF1,-4.545711448430016,Ex-post DWA
2022-01-30,WGWF1,-2.8068221063070524,Ex-post DWA
2022-02-06,WGWF1,-4.668628336665627,Ex-post DWA
2022-02-13,WGWF1,-3.5527946063750377,Ex-post DWA
2022-02-20,WGWF1,-6.02566346892241,Ex-post DWA
2022-02-27,WGWF1,-0.7029922743993424,Ex-post DWA
2022-03-06,WGWF1,-8.77169219104671,Ex-post DWA
2022-03-13,WGWF1,-8.115277906959854,Ex-post DWA
2022-03-20,WGWF1,5.3885067576693615,Ex-post DWA
2022-03-27,WGWF1,-1.8737590399117963,Ex-post DWA
2022-04-03,WGWF1,-12.722340042800369,Ex-post DWA
2022-04-10,WGWF1,-4.5561143616324955,Ex-post DWA
2022-04-17,WGWF1,-18.568864435232527,Ex-post DWA
2022-04-24,WGWF1,-16.176870488927023,Ex-post DWA
2022-05-01,WGWF1,-2.409629488116167,Ex-post DWA
2022-05-08,WGWF1,6.133765978278291,Ex-post DWA
2022-05-15,WGWF1,-20.726214268111164,Ex-post DWA
2022-05-22,WGWF1,-23.319317980698997,Ex-post DWA
2022-05-29,WGWF1,0.8283129884016489,Ex-post DWA
2022-06-05,WGWF1,-14.622016427845665,Ex-post DWA
2022-06-12,WGWF1,-16.89604523098882,Ex-post DWA
2022-06-19,WGWF1,1.7617971979033484,Ex-post DWA
2022-06-26,WGWF1,-0.8368162738869387,Ex-post DWA
2022-07-03,WGWF1,3.329109186459334,Ex-post DWA
2022-07-10,WGWF1,-27.468259087893102,Ex-post DWA
2022-07-17,WGWF1,-10.570620809619186,Ex-post DWA
2022-07-24,WGWF1,4.034559218066931,Ex-post DWA
2022-07-31,WGWF1,4.8706674680059905,Ex-post DWA
2022-08-07,WGWF1,5.8590392745746485,Ex-post DWA
2022-08-14,WGWF1,-7.303324263642665,Ex-post DWA
2022-08-21,WGWF1,0.27270099621709676,Ex-post DWA
2022-08-28,WGWF1,-21.46432305306378,Ex-post DWA
2022-09-04,WGWF1,-10.520903673450334,Ex-post DWA
2022-09-11,WGWF1,-29.50175481416659,Ex-post DWA
2022-09-18,WGWF1,-13.028763691707244,Ex-post DWA
2022-09-25,WGWF1,-5.500637131191027,Ex-post DWA
2022-10-02,WGWF1,3.0505870949173186,Ex-post DWA
2022-10-09,WGWF1,0.9002953020497557,Ex-post DWA
2022-10-16,WGWF1,-11.35438253446361,Ex-post DWA
2022-10-23,WGWF1,4.668176276200398,Ex-post DWA
2022-10-30,WGWF1,5.030212735434034,Ex-post DWA
2022-11-06,WGWF1,-4.187916861083998,Ex-post DWA
2022-11-13,WGWF1,-7.1934081940512655,Ex-post DWA
2022-11-20,WGWF1,-18.85534383273659,Ex-post DWA
2022-11-27,WGWF1,-9.705576783046936,Ex-post DWA
2022-12-04,WGWF1,-1.1053203881770486,Ex-post DWA
2022-12-11,WGWF1,1.3265113471301149,Ex-post DWA
2022-12-18,WGWF1,-6.207290776799725,Ex-post DWA
2022-12-25,WGWF1,-12.277372804587543,Ex-post DWA
2023-01-01,WGWF1,2.493256362662869,Ex-post DWA
2023-01-08,WGWF1,-8.545855961246334,Ex-post DWA
2023-01-15,WGWF1,6.699944796301764,Ex-post DWA
2023-01-22,WGWF1,-2.9514104691478096,Ex-post DWA
2023-01-29,WGWF1,-5.684279439401166,Ex-post DWA
2023-02-05,WGWF1,-18.62285293874333,Ex-post DWA
2023-02-12,WGWF1,-16.3067386127275,Ex-post DWA
2023-02-19,WGWF1,4.2396703345694675,Ex-post DWA
2023-02-26,WGWF1,1.9036517272601188,Ex-post DWA
2023-03-05,WGWF1,-11.07034329791653,Ex-post DWA
2023-03-12,WGWF1,-18.113810826334962,Ex-post DWA
2023-03-19,WGWF1,-10.536271795603959,Ex-post DWA
2023-03-26,WGWF1,11.137405304591539,Ex-post DWA
2023-04-02,WGWF1,-2.061850877081298,Ex-post DWA
2023-04-09,WGWF1,-13.117880518399886,Ex-post DWA
2023-04-16,WGWF1,-5.935821112372899,Ex-post DWA
2023-04-23,WGWF1,-1.4333468515232681,Ex-post DWA
2023-04-30,WGWF1,3.2628481195068915,Ex-post DWA
2023-05-07,WGWF1,-19.17782069601857,Ex-post DWA
2023-05-14,WGWF1,-4.262526280810704,Ex-post DWA
2023-05-21,WGWF1,-3.115169511529956,Ex-post DWA
2023-05-28,WGWF1,0.12465443808571308,Ex-post DWA
2023-06-04,WGWF1,-2.212720233901223,Ex-post DWA
2023-06-11,WGWF1,-2.3361460761200235,Ex-post DWA
2023-06-18,WGWF1,13.265830720587902,Ex-post DWA
2023-06-25,WGWF1,-7.321563387046801,Ex-post DWA
2023-07-02,WGWF1,-13.793122321110744,Ex-post DWA
2023-07-09,WGWF1,-5.290855301499056,Ex-post DWA
2023-07-16,WGWF1,2.5698266821436455,Ex-post DWA
2023-07-23,WGWF1,-2.4942885828621826,Ex-post DWA
2023-07-30,WGWF1,-5.62378479191538,Ex-post DWA
2023-08-06,WGWF1,0.97296235560923,Ex-post DWA
2023-08-13,WGWF1,114.94254398786086,Ex-post DWA
2023-08-20,WGWF1,-1.4616592453510506,Ex-post DWA
2023-08-27,WGWF1,-18.046496948618383,Ex-post DWA
2023-09-03,WGWF1,12.704697499193642,Ex-post DWA
2023-09-10,WGWF1,-2.695803219834536,Ex-post DWA
2023-09-17,WGWF1,-20.114291831854015,Ex-post DWA
2023-09-24,WGWF1,-6.009126549458088,Ex-post DWA
2023-10-01,WGWF1,-23.99606478257398,Ex-post DWA
2023-10-08,WGWF1,-9.777617013414538,Ex-post DWA
2023-10-15,WGWF1,-7.456913223803354,Ex-post DWA
2023-10-22,WGWF1,-3.6463167130347554,Ex-post DWA
2023-10-29,WGWF1,-7.82648470068363,Ex-post DWA
2023-11-05,WGWF1,-5.743963990612357,Ex-post DWA
2023-11-12,WGWF1,4.65742663408254,Ex-post DWA
2023-11-19,WGWF1,5.2651760288021165,Ex-post DWA
2023-11-26,WGWF1,-18.27302964725937,Ex-post DWA
2023-12-03,WGWF1,4.458218616547825,Ex-post DWA
2023-12-10,WGWF1,-23.443826736989053,Ex-post DWA
2023-12-17,WGWF1,-5.607808477177848,Ex-post DWA
2023-12-24,WGWF1,-7.272263690062686,Ex-post DWA
2023-12-31,WGWF1,-3.0953287924982087,Ex-post DWA
2024-01-07,WGWF1,-2.795992105541501,Ex-post DWA
2024-01-14,WGWF1,-3.215092433260949,Ex-post DWA
2024-01-21,WGWF1,-10.248778352720228,Ex-post DWA
2024-01-28,WGWF1,-1.0486278444544581,Ex-post DWA
2024-02-04,WGWF1,-6.625380281705148,Ex-post DWA
2024-02-11,WGWF1,14.840590915070187,Ex-post DWA
2024-02-18,WGWF1,3.0577359160495803,Ex-post DWA
2024-02-25,WGWF1,26.325365951192353,Ex-post DWA
2024-03-03,WGWF1,-16.930825989561903,Ex-post DWA
2024-03-10,WGWF1,-1.0037534364583536,Ex-post DWA
2024-03-17,WGWF1,-12.362318137887357,Ex-post DWA
2024-03-24,WGWF1,0.4543137528070247,Ex-post DWA
2024-03-31,WGWF1,-4.748522659661873,Ex-post DWA
2024-04-07,WGWF1,-2.0625903665242333,Ex-post DWA
2024-04-14,WGWF1,-9.548328985722364,Ex-post DWA
2024-04-21,WGWF1,-8.26448267737159,Ex-post DWA
2024-04-28,WGWF1,-5.623536781670921,Ex-post DWA
2024-05-05,WGWF1,-3.239077478929289,Ex-post DWA
2024-05-12,WGWF1,-4.421353152547823,Ex-post DWA
2024-05-19,WGWF1,4.980599887702681,Ex-post DWA
2024-05-26,WGWF1,-3.2877936140741326,Ex-post DWA
2024-06-02,WGWF1,-6.081010312230898,Ex-post DWA
2024-06-09,WGWF1,15.103109041293806,Ex-post DWA
2024-06-16,WGWF1,-8.60509725641107,Ex-post DWA
2024-06-23,WGWF1,2.716667330798515,Ex-post DWA
2024-06-30,WGWF1,-1.75721555580148,Ex-post DWA
2024-07-07,WGWF1,0.8412958651077815,Ex-post DWA
2024-07-14,WGWF1,0.9562338612225858,Ex-post DWA
2024-07-21,WGWF1,-1.990415423493019,Ex-post DWA
2024-07-28,WGWF1,-6.297979897423772,Ex-post DWA
2024-08-04,WGWF1,-4.582384137616401,Ex-post DWA
2024-08-11,WGWF1,-32.621837857179855,Ex-post DWA
2024-08-18,WGWF1,-5.424038577733846,Ex-post DWA
2024-08-25,WGWF1,-4.41424175938333,Ex-post DWA
2024-09-01,WGWF1,-4.99617036712889,Ex-post DWA
2024-09-08,WGWF1,-9.26618881480173,Ex-post DWA
2024-09-15,WGWF1,-8.418297460015532,Ex-post DWA
2024-09-22,WGWF1,-11.258279838938286,Ex-post DWA
2024-09-29,WGWF1,-11.024151332776214,Ex-post DWA
2024-10-06,WGWF1,-13.510215808563288,Ex-post DWA
2024-10-13,WGWF1,-3.41159531807871,Ex-post DWA
2024-10-20,WGWF1,-1.0901640243000656,Ex-post DWA
2024-10-27,WGWF1,-28.59934300719382,Ex-post DWA
2024-11-03,WGWF1,-11.450374019614301,Ex-post DWA
2024-11-10,WGWF1,-19.80841307870637,Ex-post DWA
2024-11-17,WGWF1,-16.908557366043382,Ex-post DWA
2024-11-24,WGWF1,-1.0675587293202824,Ex-post DWA
2024-12-01,WGWF1,-26.825828081470107,Ex-post DWA
2024-12-08,WGWF1,-19.12532796956873,Ex-post DWA
2024-12-15,WGWF1,-10.25713656770094,Ex-post DWA
2024-12-22,WGWF1,-10.738599098376461,Ex-post DWA
2024-12-29,WGWF1,-5.543636506009655,Ex-post DWA
2025-01-05,WGWF1,-53.330203662413204,Ex-post DWA
2020-01-05,BLUFF1,-8.307574333464103,ToD blocks
2020-01-12,BLUFF1,-4.520312443876705,ToD blocks
2020-01-19,BLUFF1,-8.810322856170075,ToD blocks
2020-01-26,BLUFF1,-13.321750593138368,ToD blocks
2020-02-02,BLUFF1,-94.78652302891405,ToD blocks
2020-02-09,BLUFF1,-12.870081079365438,ToD blocks
2020-02-16,BLUFF1,-47.21926070771788,ToD blocks
2020-02-23,BLUFF1,-32.78432265636156,ToD blocks
2020-03-01,BLUFF1,-33.61652910761591,ToD blocks
2020-03-08,BLUFF1,-44.59982677394256,ToD blocks
2020-03-15,BLUFF1,-9.22216376852628,ToD blocks
2020-03-22,BLUFF1,-5.332118724908902,ToD blocks
2020-03-29,BLUFF1,-9.60069999500464,ToD blocks
2020-04-05,BLUFF1,-12.06778907722061,ToD blocks
2020-04-12,BLUFF1,-35.67994010526294,ToD blocks
2020-04-19,BLUFF1,-13.683630521518939,ToD blocks
2020-04-26,BLUFF1,-11.585435224201419,ToD blocks
2020-05-03,BLUFF1,-7.163115703931208,ToD blocks
2020-05-10,BLUFF1,-12.542865425892886,ToD blocks
2020-05-17,BLUFF1,-9.816955409413858,ToD blocks
2020-05-24,BLUFF1,-5.149575168888781,ToD blocks
2020-05-31,BLUFF1,-11.357406554431186,ToD blocks
2020-06-07,BLUFF1,-11.439237109845045,ToD blocks
2020-06-14,BLUFF1,-32.398160737570834,ToD blocks
2020-06-21,BLUFF1,-6.089934077255069,ToD blocks
2020-06-28,BLUFF1,-9.850787207288107,ToD blocks
2020-07-05,BLUFF1,-5.039701534196027,ToD blocks
2020-07-12,BLUFF1,-11.045909424623417,ToD blocks
2020-07-19,BLUFF1,-24.566117570163424,ToD blocks
2020-07-26,BLUFF1,-21.599956511163022,ToD blocks
2020-08-02,BLUFF1,-11.431866325313202,ToD blocks
2020-08-09,BLUFF1,-5.47756776698747,ToD blocks
2020-08-16,BLUFF1,-5.495682498685419,ToD blocks
2020-08-23,BLUFF1,-5.039854297698412,ToD blocks
2020-08-30,BLUFF1,-52.16516836266629,ToD blocks
2020-09-06,BLUFF1,-22.224117380663355,ToD blocks
2020-09-13,BLUFF1,-10.915854500629706,ToD blocks
2020-09-20,BLUFF1,-25.606977554121915,ToD blocks
2020-09-27,BLUFF1,-15.512206528812142,ToD blocks
2020-10-04,BLUFF1,-15.01226487268786,ToD blocks
2020-10-11,BLUFF1,-28.352395678247763,ToD blocks
2020-10-18,BLUFF1,-5.754520744856968,ToD blocks
2020-10-25,BLUFF1,-35.822186175258445,ToD blocks
2020-11-01,BLUFF1,-19.61108535407003,ToD blocks
2020-11-08,BLUFF1,-15.18412043826261,ToD blocks
2020-11-15,BLUFF1,-6.412098125683453,ToD blocks
2020-11-22,BLUFF1,-17.334457650736038,ToD blocks
2020-11-29,BLUFF1,-14.473764078748083,ToD blocks
2020-12-06,BLUFF1,-27.169723163446484,ToD blocks
2020-12-13,BLUFF1,-18.056595662791295,ToD blocks
2020-12-20,BLUFF1,-15.94930526595418,ToD blocks
2020-12-27,BLUFF1,-18.08277246949806,ToD blocks
2021-01-03,BLUFF1,-13.151496328864017,ToD blocks
2021-01-10,BLUFF1,-9.048226528653188,ToD blocks
2021-01-17,BLUFF1,-3.431629121593181,ToD blocks
2021-01-24,BLUFF1,-27.123581496528182,ToD blocks
2021-01-31,BLUFF1,-4.709312133237326,ToD blocks
2021-02-07,BLUFF1,-16.90072080213273,ToD blocks
2021-02-14,BLUFF1,1.2311993064526057,ToD blocks
2021-02-21,BLUFF1,-7.159291112516868,ToD blocks
2021-02-28,BLUFF1,-22.782591756559505,ToD blocks
2021-03-07,BLUFF1,-8.927322178232487,ToD blocks
2021-03-14,BLUFF1,-253.20533305754088,ToD blocks
2021-03-21,BLUFF1,-23.45118784469928,ToD blocks
2021-03-28,BLUFF1,-24.847454726247815,ToD blocks
2021-04-04,BLUFF1,3.386564052057345,ToD blocks
2021-04-11,BLUFF1,-29.713146769811633,ToD blocks
2021-04-18,BLUFF1,-29.38942532311961,ToD blocks
2021-04-25,BLUFF1,-13.130258572305422,ToD blocks
2021-05-02,BLUFF1,-29.83831396987114,ToD blocks
2021-05-09,BLUFF1,-5.517956363816339,ToD blocks
2021-05-16,BLUFF1,-14.569639013137923,ToD blocks
2021-05-23,BLUFF1,-88.57774715218599,ToD blocks
2021-05-30,BLUFF1,-29.624680257714527,ToD blocks
2021-06-06,BLUFF1,-28.63881971673146,ToD blocks
2021-06-13,BLUFF1,-28.72363873837611,ToD blocks
2021-06-20,BLUFF1,-12.511352494000349,ToD blocks
2021-06-27,BLUFF1,-17.768842155729345,ToD blocks
2021-07-04,BLUFF1,-8.832076998791322,ToD blocks
2021-07-11,BLUFF1,-49.77689670340541,ToD blocks
2021-07-18,BLUFF1,-20.126930876295617,ToD blocks
2021-07-25,BLUFF1,-19.935025961424216,ToD blocks
2021-08-01,BLUFF1,-23.52099652890086,ToD blocks
2021-08-08,BLUFF1,-17.756662033087622,ToD blocks
2021-08-15,BLUFF1,-18.62501129740629,ToD blocks
2021-08-22,BLUFF1,-24.38683866749445,ToD blocks
2021-08-29,BLUFF1,-26.685458968269124,ToD blocks
2021-09-05,BLUFF1,-12.843996290804792,ToD blocks
2021-09-12,BLUFF1,-12.792897604320927,ToD blocks
2021-09-19,BLUFF1,-4.20769658410639,ToD blocks
2021-09-26,BLUFF1,-10.038511190003952,ToD blocks
2021-10-03,BLUFF1,-16.55928571685931,ToD blocks
2021-10-10,BLUFF1,-22.975079546842615,ToD blocks
2021-10-17,BLUFF1,-14.782662985854525,ToD blocks
2021-10-24,BLUFF1,-5.885421031032322,ToD blocks
2021-10-31,BLUFF1,35.34689739109427,ToD blocks
2021-11-07,BLUFF1,-21.68802237546609,ToD blocks
2021-11-14,BLUFF1,-10.791764323661772,ToD blocks
2021-11-21,BLUFF1,-41.576024211601066,ToD blocks
2021-11-28,BLUFF1,-13.188182533697073,ToD blocks
2021-12-05,BLUFF1,-9.124360311216044,ToD blocks
2021-12-12,BLUFF1,-26.20202093477727,ToD blocks
2021-12-19,BLUFF1,-64.1916305462416,ToD blocks
2021-12-26,BLUFF1,-5.378077167067879,ToD blocks
2022-01-02,BLUFF1,-116.94233032182296,ToD blocks
2022-01-09,BLUFF1,-3.3283010675592593,ToD blocks
2022-01-16,BLUFF1,-71.63211178243425,ToD blocks
2022-01-23,BLUFF1,-9.069508208614597,ToD blocks
2022-01-30,BLUFF1,-30.055795312586653,ToD blocks
2022-02-06,BLUFF1,-73.61395809050312,ToD blocks
2022-02-13,BLUFF1,-7.910408428851781,ToD blocks
2022-02-20,BLUFF1,-12.540344506905818,ToD blocks
2022-02-27,BLUFF1,-5.441176815458199,ToD blocks
2022-03-06,BLUFF1,-38.75955714412233,ToD blocks
2022-03-13,BLUFF1,-14.444919044160223,ToD blocks
2022-03-20,BLUFF1,-36.9155391404515,ToD blocks
2022-03-27,BLUFF1,-9.982124084801725,ToD blocks
2022-04-03,BLUFF1,-47.966410497033934,ToD blocks
2022-04-10,BLUFF1,-46.07310476347405,ToD blocks
2022-04-17,BLUFF1,-64.95617132358895,ToD blocks
2022-04-24,BLUFF1,-35.606251441835326,ToD blocks
2022-05-01,BLUFF1,-35.75851184029156,ToD blocks
2022-05-08,BLUFF1,-25.964301134058275,ToD blocks
2022-05-15,BLUFF1,-147.60846456956085,ToD blocks
2022-05-22,BLUFF1,-163.46093453561497,ToD blocks
2022-05-29,BLUFF1,-53.43396104914416,ToD blocks
2022-06-05,BLUFF1,-95.32607320738111,ToD blocks
2022-06-12,BLUFF1,-74.03133638721141,ToD blocks
2022-06-19,BLUFF1,-79.2657243064242,ToD blocks
2022-06-26,BLUFF1,-46.91131066042783,ToD blocks
2022-07-03,BLUFF1,-31.274929565809146,ToD blocks
2022-07-10,BLUFF1,-123.69412180378009,ToD blocks
2022-07-17,BLUFF1,-165.63344873314995,ToD blocks
2022-07-24,BLUFF1,-104.0334060050372,ToD blocks
2022-07-31,BLUFF1,-166.93361888029594,ToD blocks
2022-08-07,BLUFF1,-23.957295665602523,ToD blocks
2022-08-14,BLUFF1,-48.84969341531716,ToD blocks
2022-08-21,BLUFF1,-37.278116717141444,ToD blocks
2022-08-28,BLUFF1,-261.7610359908304,ToD blocks
2022-09-04,BLUFF1,-88.4912193851595,ToD blocks
2022-09-11,BLUFF1,-40.744956769949454,ToD blocks
2022-09-18,BLUFF1,-55.132610843322816,ToD blocks
2022-09-25,BLUFF1,-48.29488394938012,ToD blocks
2022-10-02,BLUFF1,6.91135904663804,ToD blocks
2022-10-09,BLUFF1,-47.687825591019404,ToD blocks
2022-10-16,BLUFF1,-85.77595010711755,ToD blocks
2022-10-23,BLUFF1,-25.342746265206493,ToD blocks
2022-10-30,BLUFF1,-28.338633751362494,ToD blocks
2022-11-06,BLUFF1,-53.08113974386787,ToD blocks
2022-11-13,BLUFF1,-71.21934536790319,ToD blocks
2022-11-20,BLUFF1,-78.25124628611835,ToD blocks
2022-11-27,BLUFF1,-64.04968662433713,ToD blocks
2022-12-04,BLUFF1,-9.136875469399214,ToD blocks
2022-12-11,BLUFF1,-5.360521467648638,ToD blocks
2022-12-18,BLUFF1,5.83892251867465,ToD blocks
2022-12-25,BLUFF1,-32.87139125131163,ToD blocks
2023-01-01,BLUFF1,-5.841718521839923,ToD blocks
2023-01-08,BLUFF1,-23.845869410001075,ToD blocks
2023-01-15,BLUFF1,-16.099622542348982,ToD blocks
2023-01-22,BLUFF1,-8.919731111885923,ToD blocks
2023-01-29,BLUFF1,-47.14638850950916,ToD blocks
2023-02-05,BLUFF1,-14.563074820310334,ToD blocks
2023-02-12,BLUFF1,-33.772875960698826,ToD blocks
2023-02-19,BLUFF1,-95.07754033088298,ToD blocks
2023-02-26,BLUFF1,-35.74260249226104,ToD blocks
2023-03-05,BLUFF1,-31.271525029845257,ToD blocks
2023-03-12,BLUFF1,-30.28601914326143,ToD blocks
2023-03-19,BLUFF1,-36.65293805414723,ToD blocks
2023-03-26,BLUFF1,-18.52106070710856,ToD blocks
2023-04-02,BLUFF1,-13.39841668570881,ToD blocks
2023-04-09,BLUFF1,-3.904632626276367,ToD blocks
2023-04-16,BLUFF1,-20.720891105178104,ToD blocks
2023-04-23,BLUFF1,6.387728353190269,ToD blocks
2023-04-30,BLUFF1,-49.15317520240791,ToD blocks
2023-05-07,BLUFF1,-214.07346575889366,ToD blocks
2023-05-14,BLUFF1,-38.28134883560986,ToD blocks
2023-05-21,BLUFF1,-80.44867844955385,ToD blocks
2023-05-28,BLUFF1,-66.91179777823416,ToD blocks
2023-06-04,BLUFF1,-60.231732004271805,ToD blocks
2023-06-11,BLUFF1,-34.219292280787776,ToD blocks
2023-06-18,BLUFF1,-4.112996582235573,ToD blocks
2023-06-25,BLUFF1,-27.885662114903425,ToD blocks
2023-07-02,BLUFF1,-87.28297035160733,ToD blocks
2023-07-09,BLUFF1,-51.51959510831645,ToD blocks
2023-07-16,BLUFF1,-60.39374620477172,ToD blocks
2023-07-23,BLUFF1,-38.93643590216218,ToD blocks
2023-07-30,BLUFF1,-56.33157366857864,ToD blocks
2023-08-06,BLUFF1,-83.53983565711418,ToD blocks
2023-08-13,BLUFF1,-210.6379024094123,ToD blocks
2023-08-20,BLUFF1,-63.765803917546975,ToD blocks
2023-08-27,BLUFF1,-30.417977324840507,ToD blocks
2023-09-03,BLUFF1,-65.53092049151479,ToD blocks
2023-09-10,BLUFF1,-18.725479746447,ToD blocks
2023-09-17,BLUFF1,-28.7749049605655,ToD blocks
2023-09-24,BLUFF1,-21.687914204966695,ToD blocks
2023-10-01,BLUFF1,-18.04939989790106,ToD blocks
2023-10-08,BLUFF1,-3.4749615585421054,ToD blocks
2023-10-15,BLUFF1,-6.030038700468431,ToD blocks
2023-10-22,BLUFF1,-17.863995226878096,ToD blocks
2023-10-29,BLUFF1,-10.755497763364701,ToD blocks
2023-11-05,BLUFF1,-2.1398041146428657,ToD blocks
2023-11-12,BLUFF1,-39.15330114869299,ToD blocks
2023-11-19,BLUFF1,3.965479841316707,ToD blocks
2023-11-26,BLUFF1,-13.573187305417328,ToD blocks
2023-12-03,BLUFF1,-8.33450152117981,ToD blocks
2023-12-10,BLUFF1,23.744160570222775,ToD blocks
2023-12-17,BLUFF1,-29.795216545654334,ToD blocks
2023-12-24,BLUFF1,7.939716720030061,ToD blocks
2023-12-31,BLUFF1,-7.443112092188793,ToD blocks
2024-01-07,BLUFF1,-4.083408843743307,ToD blocks
2024-01-14,BLUFF1,-1.1713086933240007,ToD blocks
2024-01-21,BLUFF1,-14.434582941327283,ToD blocks
2024-01-28,BLUFF1,1.2817088831002224,ToD blocks
2024-02-04,BLUFF1,-7.288370717165513,ToD blocks
2024-02-11,BLUFF1,6.365034991080485,ToD blocks
2024-02-18,BLUFF1,-2.2755308664664113,ToD blocks
2024-02-25,BLUFF1,-18.307078583517466,ToD blocks
2024-03-03,BLUFF1,-54.05382182199246,ToD blocks
2024-03-10,BLUFF1,-30.853169428007668,ToD blocks
2024-03-17,BLUFF1,-54.52585504459785,ToD blocks
2024-03-24,BLUFF1,6.313080727522362,ToD blocks
2024-03-31,BLUFF1,-6.334727419263466,ToD blocks
2024-04-07,BLUFF1,-38.171834602845024,ToD blocks
2024-04-14,BLUFF1,-18.20585983784912,ToD blocks
2024-04-21,BLUFF1,-19.031118215804455,ToD blocks
2024-04-28,BLUFF1,-33.0346830016905,ToD blocks
2024-05-05,BLUFF1,-39.964966768747146,ToD blocks
2024-05-12,BLUFF1,-12.105189396321549,ToD blocks
2024-05-19,BLUFF1,-6.840304942116134,ToD blocks
2024-05-26,BLUFF1,-5.668162436785082,ToD blocks
2024-06-02,BLUFF1,-82.27022799096481,ToD blocks
2024-06-09,BLUFF1,-5.28702047875484,ToD blocks
2024-06-16,BLUFF1,-72.3405421438051,ToD blocks
2024-06-23,BLUFF1,-50.146780443607526,ToD blocks
2024-06-30,BLUFF1,-19.3586388902297,ToD blocks
2024-07-07,BLUFF1,-37.76080726344253,ToD blocks
2024-07-14,BLUFF1,-30.858569866165794,ToD blocks
2024-07-21,BLUFF1,-87.13478502737819,ToD blocks
2024-07-28,BLUFF1,-210.62369807347477,ToD blocks
2024-08-04,BLUFF1,-170.9126839756596,ToD blocks
2024-08-11,BLUFF1,-377.2022302388634,ToD blocks
2024-08-18,BLUFF1,-22.949214536650466,ToD blocks
2024-08-25,BLUFF1,-31.080718683248165,ToD blocks
2024-09-01,BLUFF1,-17.878925354351345,ToD blocks
2024-09-08,BLUFF1,-21.80013986735549,ToD blocks
2024-09-15,BLUFF1,-21.730595222699606,ToD blocks
2024-09-22,BLUFF1,-22.403640841696635,ToD blocks
2024-09-29,BLUFF1,-221.53648919730568,ToD blocks
2024-10-06,BLUFF1,-8.81451989121113,ToD blocks
2024-10-13,BLUFF1,8.463528513523489,ToD blocks
2024-10-20,BLUFF1,-12.519710846591146,ToD blocks
2024-10-27,BLUFF1,-36.910597865089,ToD blocks
2024-11-03,BLUFF1,-1.5718060434601213,ToD blocks
2024-11-10,BLUFF1,-37.97917558147185,ToD blocks
2024-11-17,BLUFF1,-8.256309042287526,ToD blocks
2024-11-24,BLUFF1,-18.758607971796863,ToD blocks
2024-12-01,BLUFF1,-27.7287825209481,ToD blocks
2024-12-08,BLUFF1,-46.02775702574624,ToD blocks
2024-12-15,BLUFF1,-15.055146007619015,ToD blocks
2024-12-22,BLUFF1,8.55503187721083,ToD blocks
2024-12-29,BLUFF1,-3.794879858444844,ToD blocks
2025-01-05,BLUFF1,-17.374451458021618,ToD blocks
2020-01-05,CLEMGPWF,-8.102240996025515,ToD blocks
2020-01-12,CLEMGPWF,-2.5668054408522423,ToD blocks
2020-01-19,CLEMGPWF,-9.143468272775387,ToD blocks
2020-01-26,CLEMGPWF,-13.812255740886314,ToD blocks
2020-02-02,CLEMGPWF,-48.58265987188338,ToD blocks
2020-02-09,CLEMGPWF,-23.86692094699853,ToD blocks
2020-02-16,CLEMGPWF,-54.51738351494629,ToD blocks
2020-02-23,CLEMGPWF,-20.42233336488996,ToD blocks
2020-03-01,CLEMGPWF,-25.178288779834936,ToD blocks
2020-03-08,CLEMGPWF,-27.357061794254815,ToD blocks
2020-03-15,CLEMGPWF,-6.44322702742102,ToD blocks
2020-03-22,CLEMGPWF,-4.244514048580086,ToD blocks
2020-03-29,CLEMGPWF,-4.006188722483003,ToD blocks
2020-04-05,CLEMGPWF,-21.48017065091966,ToD blocks
2020-04-12,CLEMGPWF,-12.354060117415777,ToD blocks
2020-04-19,CLEMGPWF,-13.739820413462834,ToD blocks
2020-04-26,CLEMGPWF,-13.449484175309276,ToD blocks
2020-05-03,CLEMGPWF,-7.857826510638013,ToD blocks
2020-05-10,CLEMGPWF,-12.523847652774846,ToD blocks
2020-05-17,CLEMGPWF,-3.423313238106516,ToD blocks
2020-05-24,CLEMGPWF,-3.594901727879588,ToD blocks
2020-05-31,CLEMGPWF,-14.961599589459077,ToD blocks
2020-06-07,CLEMGPWF,-5.15526380365673,ToD blocks
2020-06-14,CLEMGPWF,-36.13159905789068,ToD blocks
2020-06-21,CLEMGPWF,-8.433751479906778,ToD blocks
2020-06-28,CLEMGPWF,-11.124284308482636,ToD blocks
2020-07-05,CLEMGPWF,-5.879767565650305,ToD blocks
2020-07-12,CLEMGPWF,-9.73860580349399,ToD blocks
2020-07-19,CLEMGPWF,-22.61495482673434,ToD blocks
2020-07-26,CLEMGPWF,-8.303108069824006,ToD blocks
2020-08-02,CLEMGPWF,-6.1780672513964845,ToD blocks
2020-08-09,CLEMGPWF,-7.669451991892828,ToD blocks
2020-08-16,CLEMGPWF,-8.457301531980256,ToD blocks
2020-08-23,CLEMGPWF,-5.579731231540638,ToD blocks
2020-08-30,CLEMGPWF,-41.923195070153746,ToD blocks
2020-09-06,CLEMGPWF,-21.32063575058293,ToD blocks
2020-09-13,CLEMGPWF,-8.593211550841652,ToD blocks
2020-09-20,CLEMGPWF,-20.406058589249337,ToD blocks
2020-09-27,CLEMGPWF,-19.95826005331842,ToD blocks
2020-10-04,CLEMGPWF,-19.138140173313957,ToD blocks
2020-10-11,CLEMGPWF,-22.104360896035598,ToD blocks
2020-10-18,CLEMGPWF,-8.084210361453742,ToD blocks
2020-10-25,CLEMGPWF,-16.15189210757339,ToD blocks
2020-11-01,CLEMGPWF,-16.857230567284656,ToD blocks
2020-11-08,CLEMGPWF,-8.668316165523194,ToD blocks
2020-11-15,CLEMGPWF,-3.6819790088925757,ToD blocks
2020-11-22,CLEMGPWF,-16.430078132483928,ToD blocks
2020-11-29,CLEMGPWF,-9.420307986570052,ToD blocks
2020-12-06,CLEMGPWF,-26.735655499755083,ToD blocks
2020-12-13,CLEMGPWF,-7.576676062014732,ToD blocks
2020-12-20,CLEMGPWF,-5.255194183974069,ToD blocks
2020-12-27,CLEMGPWF,-7.700479105466833,ToD blocks
2021-01-03,CLEMGPWF,-1.3691967780287868,ToD blocks
2021-01-10,CLEMGPWF,-2.137215239805446,ToD blocks
2021-01-17,CLEMGPWF,-4.000809014019275,ToD blocks
2021-01-24,CLEMGPWF,-23.68771900579833,ToD blocks
2021-01-31,CLEMGPWF,-15.752311807153545,ToD blocks
2021-02-07,CLEMGPWF,-11.753318309778583,ToD blocks
2021-02-14,CLEMGPWF,-0.8421456928739168,ToD blocks
2021-02-21,CLEMGPWF,-10.572064717658176,ToD blocks
2021-02-28,CLEMGPWF,-1.81920825419882,ToD blocks
2021-03-07,CLEMGPWF,-2.6947962233730998,ToD blocks
2021-03-14,CLEMGPWF,-129.56350869035003,ToD blocks
2021-03-21,CLEMGPWF,-11.499700403347543,ToD blocks
2021-03-28,CLEMGPWF,-21.42338990399551,ToD blocks
2021-04-04,CLEMGPWF,2.438386153636948,ToD blocks
2021-04-11,CLEMGPWF,-11.347816349123807,ToD blocks
2021-04-18,CLEMGPWF,4.744814668969177,ToD blocks
2021-04-25,CLEMGPWF,-12.825914010280286,ToD blocks
2021-05-02,CLEMGPWF,-14.965920178644694,ToD blocks
2021-05-09,CLEMGPWF,-14.937066444059091,ToD blocks
2021-05-16,CLEMGPWF,-26.855637513476935,ToD blocks
2021-05-23,CLEMGPWF,-86.62670684003774,ToD blocks
2021-05-30,CLEMGPWF,-23.859718475106554,ToD blocks
2021-06-06,CLEMGPWF,-29.794144616239386,ToD blocks
2021-06-13,CLEMGPWF,-34.66719586760665,ToD blocks
2021-06-20,CLEMGPWF,-12.69877920199066,ToD blocks
2021-06-27,CLEMGPWF,-13.749335855013229,ToD blocks
2021-07-04,CLEMGPWF,-14.1496691921351,ToD blocks
2021-07-11,CLEMGPWF,-57.99844488298061,ToD blocks
2021-07-18,CLEMGPWF,-16.382011927840274,ToD blocks
2021-07-25,CLEMGPWF,-29.487766247074568,ToD blocks
2021-08-01,CLEMGPWF,-15.815554820918557,ToD blocks
2021-08-08,CLEMGPWF,-21.432350763114005,ToD blocks
2021-08-15,CLEMGPWF,-9.044656310577569,ToD blocks
2021-08-22,CLEMGPWF,-20.67670333136615,ToD blocks
2021-08-29,CLEMGPWF,-24.611622685075112,ToD blocks
2021-09-05,CLEMGPWF,-10.935233797556464,ToD blocks
2021-09-12,CLEMGPWF,-9.071867919550769,ToD blocks
2021-09-19,CLEMGPWF,-1.953618646493652,ToD blocks
2021-09-26,CLEMGPWF,-2.0918377889691193,ToD blocks
2021-10-03,CLEMGPWF,-12.98173046471757,ToD blocks
2021-10-10,CLEMGPWF,-6.15821526373697,ToD blocks
2021-10-17,CLEMGPWF,-10.015883033137852,ToD blocks
2021-10-24,CLEMGPWF,0.13920129387451663,ToD blocks
2021-10-31,CLEMGPWF,3.1110832040766496,ToD blocks
2021-11-07,CLEMGPWF,-11.594670031919815,ToD blocks
2021-11-14,CLEMGPWF,-4.1732075662749715,ToD blocks
2021-11-21,CLEMGPWF,-30.24344102574121,ToD blocks
2021-11-28,CLEMGPWF,-11.535363658523828,ToD blocks
2021-12-05,CLEMGPWF,-25.69893718254506,ToD blocks
2021-12-12,CLEMGPWF,-13.936522043862993,ToD blocks
2021-12-19,CLEMGPWF,-51.95153404548493,ToD blocks
2021-12-26,CLEMGPWF,-13.40037657409497,ToD blocks
2022-01-02,CLEMGPWF,-98.30469187691351,ToD blocks
2022-01-09,CLEMGPWF,-11.04825330545215,ToD blocks
2022-01-16,CLEMGPWF,13.38432738406506,ToD blocks
2022-01-23,CLEMGPWF,-14.465800252545801,ToD blocks
2022-01-30,CLEMGPWF,-35.055494877908856,ToD blocks
2022-02-06,CLEMGPWF,-63.22797354193825,ToD blocks
2022-02-13,CLEMGPWF,-6.573690494577342,ToD blocks
2022-02-20,CLEMGPWF,-15.794656254166064,ToD blocks
2022-02-27,CLEMGPWF,4.520140501436785,ToD blocks
2022-03-06,CLEMGPWF,-19.046868244682173,ToD blocks
2022-03-13,CLEMGPWF,1.9812422953383617,ToD blocks
2022-03-20,CLEMGPWF,-28.727605328854693,ToD blocks
2022-03-27,CLEMGPWF,-13.482322768418243,ToD blocks
2022-04-03,CLEMGPWF,-17.09576527601383,ToD blocks
2022-04-10,CLEMGPWF,-4.1836269069720515,ToD blocks
2022-04-17,CLEMGPWF,-9.852935645015947,ToD blocks
2022-04-24,CLEMGPWF,-30.663563836514115,ToD blocks
2022-05-01,CLEMGPWF,-44.59970353449248,ToD blocks
2022-05-08,CLEMGPWF,-45.73263966206153,ToD blocks
2022-05-15,CLEMGPWF,-131.88303434403542,ToD blocks
2022-05-22,CLEMGPWF,-128.53366223664457,ToD blocks
2022-05-29,CLEMGPWF,-72.67435618601746,ToD blocks
2022-06-05,CLEMGPWF,-88.19696876405575,ToD blocks
2022-06-12,CLEMGPWF,-90.209679984421,ToD blocks
2022-06-19,CLEMGPWF,-87.86063231283362,ToD blocks
2022-06-26,CLEMGPWF,-56.58193905211314,ToD blocks
2022-07-03,CLEMGPWF,-39.67737057287923,ToD blocks
2022-07-10,CLEMGPWF,-21.660055931143233,ToD blocks
2022-07-17,CLEMGPWF,-181.41281149671815,ToD blocks
2022-07-24,CLEMGPWF,-54.19240266222312,ToD blocks
2022-07-31,CLEMGPWF,-135.05189974835253,ToD blocks
2022-08-07,CLEMGPWF,-36.42882960324947,ToD blocks
2022-08-14,CLEMGPWF,-31.61268196053706,ToD blocks
2022-08-21,CLEMGPWF,-33.645645064145185,ToD blocks
2022-08-28,CLEMGPWF,-189.83824529210213,ToD blocks
2022-09-04,CLEMGPWF,-60.74807984125589,ToD blocks
2022-09-11,CLEMGPWF,-67.12695338396279,ToD blocks
2022-09-18,CLEMGPWF,-34.242009851348094,ToD blocks
2022-09-25,CLEMGPWF,-36.27527151426101,ToD blocks
2022-10-02,CLEMGPWF,20.172180591671065,ToD blocks
2022-10-09,CLEMGPWF,-29.536834914601684,ToD blocks
2022-10-16,CLEMGPWF,-42.74306834031643,ToD blocks
2022-10-23,CLEMGPWF,-7.252034180511643,ToD blocks
2022-10-30,CLEMGPWF,-46.0655474718849,ToD blocks
2022-11-06,CLEMGPWF,-6.124120163386408,ToD blocks
2022-11-13,CLEMGPWF,-40.776727567717785,ToD blocks
2022-11-20,CLEMGPWF,-69.90110058146168,ToD blocks
2022-11-27,CLEMGPWF,-24.487275210454392,ToD blocks
2022-12-04,CLEMGPWF,7.9954386245404265,ToD blocks
2022-12-11,CLEMGPWF,-24.458252637605916,ToD blocks
2022-12-18,CLEMGPWF,-2.02686779062803,ToD blocks
2022-12-25,CLEMGPWF,-13.059199467297901,ToD blocks
2023-01-01,CLEMGPWF,1.1185579743684073,ToD blocks
2023-01-08,CLEMGPWF,-25.46260410110905,ToD blocks
2023-01-15,CLEMGPWF,-15.341258416852966,ToD blocks
2023-01-22,CLEMGPWF,-15.137910069992124,ToD blocks
2023-01-29,CLEMGPWF,-24.55169460216277,ToD blocks
2023-02-05,CLEMGPWF,-37.96497623665248,ToD blocks
2023-02-12,CLEMGPWF,-35.60532140212277,ToD blocks
2023-02-19,CLEMGPWF,-98.63234250199497,ToD blocks
2023-02-26,CLEMGPWF,-31.98818847966448,ToD blocks
2023-03-05,CLEMGPWF,-14.910375840840771,ToD blocks
2023-03-12,CLEMGPWF,-16.116919801204784,ToD blocks
2023-03-19,CLEMGPWF,-16.598264201248583,ToD blocks
2023-03-26,CLEMGPWF,-32.84292761602458,ToD blocks
2023-04-02,CLEMGPWF,-23.006955107293535,ToD blocks
2023-04-09,CLEMGPWF,-30.83458579587137,ToD blocks
2023-04-16,CLEMGPWF,-20.969538318204343,ToD blocks
2023-04-23,CLEMGPWF,-9.482916421230158,ToD blocks
2023-04-30,CLEMGPWF,-73.26277625330053,ToD blocks
2023-05-07,CLEMGPWF,-225.20781450590596,ToD blocks
2023-05-14,CLEMGPWF,-39.996884912314215,ToD blocks
2023-05-21,CLEMGPWF,-53.220224005202454,ToD blocks
2023-05-28,CLEMGPWF,-84.57866299104082,ToD blocks
2023-06-04,CLEMGPWF,-81.5796429562788,ToD blocks
2023-06-11,CLEMGPWF,-36.97902462422996,ToD blocks
2023-06-18,CLEMGPWF,-12.733351856540182,ToD blocks
2023-06-25,CLEMGPWF,-30.37415115989304,ToD blocks
2023-07-02,CLEMGPWF,-81.40903087461523,ToD blocks
2023-07-09,CLEMGPWF,-45.80818608954753,ToD blocks
2023-07-16,CLEMGPWF,-44.26804908545587,ToD blocks
2023-07-23,CLEMGPWF,-30.20824440723426,ToD blocks
2023-07-30,CLEMGPWF,-43.97918810794644,ToD blocks
2023-08-06,CLEMGPWF,-89.13676185579457,ToD blocks
2023-08-13,CLEMGPWF,-277.85969699421423,ToD blocks
2023-08-20,CLEMGPWF,-50.57673149289328,ToD blocks
2023-08-27,CLEMGPWF,-29.788139759237588,ToD blocks
2023-09-03,CLEMGPWF,-82.70268945514346,ToD blocks
2023-09-10,CLEMGPWF,-34.257685065683795,ToD blocks
2023-09-17,CLEMGPWF,-25.41058785634646,ToD blocks
2023-09-24,CLEMGPWF,-7.63845448408955,ToD blocks
2023-10-01,CLEMGPWF,-17.87382916669258,ToD blocks
2023-10-08,CLEMGPWF,-5.820288521634442,ToD blocks
2023-10-15,CLEMGPWF,-12.823767032151865,ToD blocks
2023-10-22,CLEMGPWF,-20.268953794863695,ToD blocks
2023-10-29,CLEMGPWF,-17.473059273673265,ToD blocks
2023-11-05,CLEMGPWF,7.159104109208805,ToD blocks
2023-11-12,CLEMGPWF,-25.787418400992408,ToD blocks
2023-11-19,CLEMGPWF,2.958662422545899,ToD blocks
2023-11-26,CLEMGPWF,-20.296215795093552,ToD blocks
2023-12-03,CLEMGPWF,-6.119588529071464,ToD blocks
2023-12-10,CLEMGPWF,6.214818620539418,ToD blocks
2023-12-17,CLEMGPWF,-28.398010588129402,ToD blocks
2023-12-24,CLEMGPWF,-17.722946381228592,ToD blocks
2023-12-31,CLEMGPWF,-8.058012608054337,ToD blocks
2024-01-07,CLEMGPWF,0.10080657048492014,ToD blocks
2024-01-14,CLEMGPWF,-7.293296852636736,ToD blocks
2024-01-21,CLEMGPWF,-10.646319080142483,ToD blocks
2024-01-28,CLEMGPWF,-23.602601628205093,ToD blocks
2024-02-04,CLEMGPWF,-9.215858425379096,ToD blocks
2024-02-11,CLEMGPWF,0.14715884960150305,ToD blocks
2024-02-18,CLEMGPWF,-6.092550365864071,ToD blocks
2024-02-25,CLEMGPWF,-97.85260059904309,ToD blocks
2024-03-03,CLEMGPWF,-37.24431074087172,ToD blocks
2024-03-10,CLEMGPWF,-25.12538486532935,ToD blocks
2024-03-17,CLEMGPWF,-33.20808261369534,ToD blocks
2024-03-24,CLEMGPWF,-1.286667114010946,ToD blocks
2024-03-31,CLEMGPWF,-1.2040782325069728,ToD blocks
2024-04-07,CLEMGPWF,-18.54386876957237,ToD blocks
2024-04-14,CLEMGPWF,-14.074617648668166,ToD blocks
2024-04-21,CLEMGPWF,0.3097152977455977,ToD blocks
2024-04-28,CLEMGPWF,-27.243798362117715,ToD blocks
2024-05-05,CLEMGPWF,-0.39035994431439747,ToD blocks
2024-05-12,CLEMGPWF,7.318696519217667,ToD blocks
2024-05-19,CLEMGPWF,-17.693228574516482,ToD blocks
2024-05-26,CLEMGPWF,-2.9181871265876964,ToD blocks
2024-06-02,CLEMGPWF,-75.91140358045101,ToD blocks
2024-06-09,CLEMGPWF,-27.25058977180487,ToD blocks
2024-06-16,CLEMGPWF,-60.87192926943865,ToD blocks
2024-06-23,CLEMGPWF,-46.75380271875272,ToD blocks
2024-06-30,CLEMGPWF,-15.719711252635662,ToD blocks
2024-07-07,CLEMGPWF,-48.923522879572445,ToD blocks
2024-07-14,CLEMGPWF,-57.711251327817905,ToD blocks
2024-07-21,CLEMGPWF,-97.01686594330191,ToD blocks
2024-07-28,CLEMGPWF,-213.77255699162617,ToD blocks
2024-08-04,CLEMGPWF,-210.495652870316,ToD blocks
2024-08-11,CLEMGPWF,-327.958039118706,ToD blocks
2024-08-18,CLEMGPWF,-27.779033554769505,ToD blocks
2024-08-25,CLEMGPWF,-31.456339656451462,ToD blocks
2024-09-01,CLEMGPWF,-28.7644748470191,ToD blocks
2024-09-08,CLEMGPWF,-43.89867955082246,ToD blocks
2024-09-15,CLEMGPWF,-22.094143694676458,ToD blocks
2024-09-22,CLEMGPWF,-21.101701967297167,ToD blocks
2024-09-29,CLEMGPWF,-203.41307660793953,ToD blocks
2024-10-06,CLEMGPWF,-13.928369771233003,ToD blocks
2024-10-13,CLEMGPWF,6.698309016247421,ToD blocks
2024-10-20,CLEMGPWF,-14.156301858936821,ToD blocks
2024-10-27,CLEMGPWF,-65.68312151458733,ToD blocks
2024-11-03,CLEMGPWF,16.92741143922008,ToD blocks
2024-11-10,CLEMGPWF,-26.174281899656606,ToD blocks
2024-11-17,CLEMGPWF,-17.29930254248596,ToD blocks
2024-11-24,CLEMGPWF,-4.056723549675624,ToD blocks
2024-12-01,CLEMGPWF,-28.759232687047145,ToD blocks
2024-12-08,CLEMGPWF,-41.42344104490802,ToD blocks
2024-12-15,CLEMGPWF,7.227875461245958,ToD blocks
2024-12-22,CLEMGPWF,-19.528559534297468,ToD blocks
2024-12-29,CLEMGPWF,-20.60237486593392,ToD blocks
2025-01-05,CLEMGPWF,18.553568418404467,ToD blocks
2020-01-05,HALLWF1,-9.511920419954677,ToD blocks
2020-01-12,HALLWF1,-2.739989266617826,ToD blocks
2020-01-19,HALLWF1,-8.084401572937388,ToD blocks
2020-01-26,HALLWF1,-11.752409745925682,ToD blocks
2020-02-02,HALLWF1,6.393068172829061,ToD blocks
2020-02-09,HALLWF1,-8.415215154384036,ToD blocks
2020-02-16,HALLWF1,-46.735813234539066,ToD blocks
2020-02-23,HALLWF1,-27.1462201306661,ToD blocks
2020-03-01,HALLWF1,-29.998617176688935,ToD blocks
2020-03-08,HALLWF1,-32.4256183989435,ToD blocks
2020-03-15,HALLWF1,-8.530331834053893,ToD blocks
2020-03-22,HALLWF1,-4.007745595704932,ToD blocks
2020-03-29,HALLWF1,-6.407779791050096,ToD blocks
2020-04-05,HALLWF1,-10.92201984200133,ToD blocks
2020-04-12,HALLWF1,-24.954590842259257,ToD blocks
2020-04-19,HALLWF1,-13.57237654629807,ToD blocks
2020-04-26,HALLWF1,-10.491286027018829,ToD blocks
2020-05-03,HALLWF1,-7.122249414218189,ToD blocks
2020-05-10,HALLWF1,-9.824024027501764,ToD blocks
2020-05-17,HALLWF1,-5.068558030597323,ToD blocks
2020-05-24,HALLWF1,-3.144189804271747,ToD blocks
2020-05-31,HALLWF1,-9.50391617102279,ToD blocks
2020-06-07,HALLWF1,-10.05229563837024,ToD blocks
2020-06-14,HALLWF1,-27.95715849027257,ToD blocks
2020-06-21,HALLWF1,-6.271944595555425,ToD blocks
2020-06-28,HALLWF1,-8.206569718914551,ToD blocks
2020-07-05,HALLWF1,-3.730713475954765,ToD blocks
2020-07-12,HALLWF1,-7.510153863745529,ToD blocks
2020-07-19,HALLWF1,-18.269606581364442,ToD blocks
2020-07-26,HALLWF1,-15.769264511806561,ToD blocks
2020-08-02,HALLWF1,-7.1404125765721105,ToD blocks
2020-08-09,HALLWF1,-4.722531275111905,ToD blocks
2020-08-16,HALLWF1,-3.8367230591836687,ToD blocks
2020-08-23,HALLWF1,-4.04874202024196,ToD blocks
2020-08-30,HALLWF1,-53.23892859498873,ToD blocks
2020-09-06,HALLWF1,-17.605346425294602,ToD blocks
2020-09-13,HALLWF1,-9.388876543602455,ToD blocks
2020-09-20,HALLWF1,-5.620475575520205,ToD blocks
2020-09-27,HALLWF1,-10.124269551383703,ToD blocks
2020-10-04,HALLWF1,-10.330893159879587,ToD blocks
2020-10-11,HALLWF1,-16.307675241003338,ToD blocks
2020-10-18,HALLWF1,-3.0186326613024264,ToD blocks
2020-10-25,HALLWF1,-24.417466860599852,ToD blocks
2020-11-01,HALLWF1,-14.129663387591137,ToD blocks
2020-11-08,HALLWF1,-14.052079130300818,ToD blocks
2020-11-15,HALLWF1,-3.5199295848720027,ToD blocks
2020-11-22,HALLWF1,-11.823743114742381,ToD blocks
2020-11-29,HALLWF1,-12.010596918214432,ToD blocks
2020-12-06,HALLWF1,-15.308224582026371,ToD blocks
2020-12-13,HALLWF1,-16.486676861323804,ToD blocks
2020-12-20,HALLWF1,-17.916743546038184,ToD blocks
2020-12-27,HALLWF1,-15.57840399320802,ToD blocks
2021-01-03,HALLWF1,-8.485070979687945,ToD blocks
2021-01-10,HALLWF1,-9.288650794062278,ToD blocks
2021-01-17,HALLWF1,-1.0165114992566693,ToD blocks
2021-01-24,HALLWF1,-34.785830773446094,ToD blocks
2021-01-31,HALLWF1,-8.662494735368963,ToD blocks
2021-02-07,HALLWF1,-14.885536602888626,ToD blocks
2021-02-14,HALLWF1,-0.2765415326195253,ToD blocks
2021-02-21,HALLWF1,-8.306917665954522,ToD blocks
2021-02-28,HALLWF1,-12.405358716659478,ToD blocks
2021-03-07,HALLWF1,-5.035620775678954,ToD blocks
2021-03-14,HALLWF1,-222.1348983038726,ToD blocks
2021-03-21,HALLWF1,-20.252083870934996,ToD blocks
2021-03-28,HALLWF1,-19.993166442676394,ToD blocks
2021-04-04,HALLWF1,1.5775926169403363,ToD blocks
2021-04-11,HALLWF1,-27.283128734791404,ToD blocks
2021-04-18,HALLWF1,-24.79745147753774,ToD blocks
2021-04-25,HALLWF1,-12.29224988890769,ToD blocks
2021-05-02,HALLWF1,-40.674003858398876,ToD blocks
2021-05-09,HALLWF1,-13.672511110752836,ToD blocks
2021-05-16,HALLWF1,-15.661860666274059,ToD blocks
2021-05-23,HALLWF1,-83.34299753892118,ToD blocks
2021-05-30,HALLWF1,-19.47173347173287,ToD blocks
2021-06-06,HALLWF1,-23.0517115779151,ToD blocks
2021-06-13,HALLWF1,-25.75893038517676,ToD blocks
2021-06-20,HALLWF1,-11.475417523013874,ToD blocks
2021-06-27,HALLWF1,-11.487881753104745,ToD blocks
2021-07-04,HALLWF1,-9.054999186479307,ToD blocks
2021-07-11,HALLWF1,-45.37833215206092,ToD blocks
2021-07-18,HALLWF1,-14.38745754823993,ToD blocks
2021-07-25,HALLWF1,-4.883856703695784,ToD blocks
2021-08-01,HALLWF1,-20.445989477295278,ToD blocks
2021-08-08,HALLWF1,-14.228031804618958,ToD blocks
2021-08-15,HALLWF1,-17.848367298138022,ToD blocks
2021-08-22,HALLWF1,-20.073866490907086,ToD blocks
2021-08-29,HALLWF1,-24.238897570935656,ToD blocks
2021-09-05,HALLWF1,-6.259567229114937,ToD blocks
2021-09-12,HALLWF1,-10.872403309630869,ToD blocks
2021-09-19,HALLWF1,-4.261515509777084,ToD blocks
2021-09-26,HALLWF1,-5.941681264263792,ToD blocks
2021-10-03,HALLWF1,-6.831942748093656,ToD blocks
2021-10-10,HALLWF1,-14.441201345988146,ToD blocks
2021-10-17,HALLWF1,-8.818109371135584,ToD blocks
2021-10-24,HALLWF1,-4.331048041984849,ToD blocks
2021-10-31,HALLWF1,-0.06455001800975424,ToD blocks
2021-11-07,HALLWF1,-18.33860214542838,ToD blocks
2021-11-14,HALLWF1,-7.698321826846879,ToD blocks
2021-11-21,HALLWF1,-32.91646350880701,ToD blocks
2021-11-28,HALLWF1,-10.909701341104935,ToD blocks
2021-12-05,HALLWF1,-11.9326545228095,ToD blocks
2021-12-12,HALLWF1,-19.868846220000144,ToD blocks
2021-12-19,HALLWF1,-50.77120333103691,ToD blocks
2021-12-26,HALLWF1,-5.535013973207647,ToD blocks
2022-01-02,HALLWF1,-103.02321348221334,ToD blocks
2022-01-09,HALLWF1,-5.920354236407956,ToD blocks
2022-01-16,HALLWF1,-60.95270502216766,ToD blocks
2022-01-23,HALLWF1,-6.210458997919748,ToD blocks
2022-01-30,HALLWF1,-27.605330070703303,ToD blocks
2022-02-06,HALLWF1,-58.05866667980582,ToD blocks
2022-02-13,HALLWF1,-6.206348547776422,ToD blocks
2022-02-20,HALLWF1,-13.876767746011716,ToD blocks
2022-02-27,HALLWF1,-4.02642376969029,ToD blocks
2022-03-06,HALLWF1,-25.617420916305875,ToD blocks
2022-03-13,HALLWF1,-8.549173754870925,ToD blocks
2022-03-20,HALLWF1,-27.789928179979157,ToD blocks
2022-03-27,HALLWF1,-12.15545697972945,ToD blocks
2022-04-03,HALLWF1,-44.3207567195751,ToD blocks
2022-04-10,HALLWF1,-23.15144754365167,ToD blocks
2022-04-17,HALLWF1,-45.180657264870334,ToD blocks
2022-04-24,HALLWF1,-25.119652207205803,ToD blocks
2022-05-01,HALLWF1,-35.535894490171444,ToD blocks
2022-05-08,HALLWF1,-22.6592846157032,ToD blocks
2022-05-15,HALLWF1,-59.168803761454114,ToD blocks
2022-05-22,HALLWF1,-129.97166775271032,ToD blocks
2022-05-29,HALLWF1,-43.793280327512605,ToD blocks
2022-06-05,HALLWF1,-88.34433549975381,ToD blocks
2022-06-12,HALLWF1,-61.549991919108095,ToD blocks
2022-06-19,HALLWF1,-72.47926190476343,ToD blocks
2022-06-26,HALLWF1,-31.319033947357127,ToD blocks
2022-07-03,HALLWF1,-83.81512318980117,ToD blocks
2022-07-10,HALLWF1,-160.09760351874735,ToD blocks
2022-07-17,HALLWF1,-126.07996007227462,ToD blocks
2022-07-24,HALLWF1,-83.93667012027834,ToD blocks
2022-07-31,HALLWF1,-129.20465437795355,ToD blocks
2022-08-07,HALLWF1,-48.919782243103185,ToD blocks
2022-08-14,HALLWF1,,ToD blocks
2022-08-21,HALLWF1,-36.39099039249861,ToD blocks
2022-08-28,HALLWF1,-277.9789937736746,ToD blocks
2022-09-04,HALLWF1,-73.42187473679746,ToD blocks
2022-09-11,HALLWF1,-79.59744819159727,ToD blocks
2022-09-18,HALLWF1,-48.7801893937452,ToD blocks
2022-09-25,HALLWF1,-38.53128885713015,ToD blocks
2022-10-02,HALLWF1,8.80283340071361,ToD blocks
2022-10-09,HALLWF1,-46.38305967150664,ToD blocks
2022-10-16,HALLWF1,-68.97958103889526,ToD blocks
2022-10-23,HALLWF1,-2.8612662359935115,ToD blocks
2022-10-30,HALLWF1,-18.703271746743653,ToD blocks
2022-11-06,HALLWF1,-46.53923179986185,ToD blocks
2022-11-13,HALLWF1,-59.61428965105073,ToD blocks
2022-11-20,HALLWF1,-68.59986201916549,ToD blocks
2022-11-27,HALLWF1,-51.11469275072139,ToD blocks
2022-12-04,HALLWF1,-1.5974000042853191,ToD blocks
2022-12-11,HALLWF1,4.594181313186368,ToD blocks
2022-12-18,HALLWF1,8.555383603336125,ToD blocks
2022-12-25,HALLWF1,-32.18574732974868,ToD blocks
2023-01-01,HALLWF1,-8.65580052573248,ToD blocks
2023-01-08,HALLWF1,-20.32687994936031,ToD blocks
2023-01-15,HALLWF1,-16.365653177828207,ToD blocks
2023-01-22,HALLWF1,-5.282803885711793,ToD blocks
2023-01-29,HALLWF1,-32.44369112722133,ToD blocks
2023-02-05,HALLWF1,-16.910154480468393,ToD blocks
2023-02-12,HALLWF1,-27.79663582721119,ToD blocks
2023-02-19,HALLWF1,-94.49339938447545,ToD blocks
2023-02-26,HALLWF1,-26.036150725193053,ToD blocks
2023-03-05,HALLWF1,-28.19501070232299,ToD blocks
2023-03-12,HALLWF1,-27.964904324365524,ToD blocks
2023-03-19,HALLWF1,-29.510585505512843,ToD blocks
2023-03-26,HALLWF1,-16.5202826731743,ToD blocks
2023-04-02,HALLWF1,-16.007206776700727,ToD blocks
2023-04-09,HALLWF1,-4.061596715241734,ToD blocks
2023-04-16,HALLWF1,-13.037675195231579,ToD blocks
2023-04-23,HALLWF1,-11.959359614313357,ToD blocks
2023-04-30,HALLWF1,-52.40580070367873,ToD blocks
2023-05-07,HALLWF1,-189.82924404411705,ToD blocks
2023-05-14,HALLWF1,-36.632365844786506,ToD blocks
2023-05-21,HALLWF1,-70.02649200405675,ToD blocks
2023-05-28,HALLWF1,-55.445118758532246,ToD blocks
2023-06-04,HALLWF1,-34.25736091308319,ToD blocks
2023-06-11,HALLWF1,-28.49335564276639,ToD blocks
2023-06-18,HALLWF1,4.205013081656885,ToD blocks
2023-06-25,HALLWF1,-22.944608905410348,ToD blocks
2023-07-02,HALLWF1,-92.73267134084192,ToD blocks
2023-07-09,HALLWF1,-36.29559896525677,ToD blocks
2023-07-16,HALLWF1,-47.88576840075453,ToD blocks
2023-07-23,HALLWF1,-27.667221076853515,ToD blocks
2023-07-30,HALLWF1,-37.72884049234745,ToD blocks
2023-08-06,HALLWF1,-71.03080212060878,ToD blocks
2023-08-13,HALLWF1,-210.81973759968037,ToD blocks
2023-08-20,HALLWF1,-63.75654721054927,ToD blocks
2023-08-27,HALLWF1,-29.83422462521436,ToD blocks
2023-09-03,HALLWF1,-32.99073574195582,ToD blocks
2023-09-10,HALLWF1,-0.591807567127212,ToD blocks
2023-09-17,HALLWF1,-18.58716424023877,ToD blocks
2023-09-24,HALLWF1,-17.94945271988785,ToD blocks
2023-10-01,HALLWF1,-12.241675849939107,ToD blocks
2023-10-08,HALLWF1,-2.725351387065473,ToD blocks
2023-10-15,HALLWF1,-3.6315171753131033,ToD blocks
2023-10-22,HALLWF1,-13.39344830348237,ToD blocks
2023-10-29,HALLWF1,-3.0596946537301015,ToD blocks
2023-11-05,HALLWF1,6.345194415648617,ToD blocks
2023-11-12,HALLWF1,-30.696635506396213,ToD blocks
2023-11-19,HALLWF1,0.06333117556987133,ToD blocks
2023-11-26,HALLWF1,-19.162926549546974,ToD blocks
2023-12-03,HALLWF1,-12.710367889266188,ToD blocks
2023-12-10,HALLWF1,-3.5273118240102406,ToD blocks
2023-12-17,HALLWF1,-25.002198277970045,ToD blocks
2023-12-24,HALLWF1,1.3675272842812518,ToD blocks
2023-12-31,HALLWF1,-4.391490145495161,ToD blocks
2024-01-07,HALLWF1,-3.5413022973643393,ToD blocks
2024-01-14,HALLWF1,-7.05127167315603,ToD blocks
2024-01-21,HALLWF1,-14.223246040222616,ToD blocks
2024-01-28,HALLWF1,-5.637826691002672,ToD blocks
2024-02-04,HALLWF1,-8.073291071261274,ToD blocks
2024-02-11,HALLWF1,8.200660813063202,ToD blocks
2024-02-18,HALLWF1,-4.200308861706311,ToD blocks
2024-02-25,HALLWF1,-42.385370376439155,ToD blocks
2024-03-03,HALLWF1,-40.20636010079154,ToD blocks
2024-03-10,HALLWF1,-23.286321721931046,ToD blocks
2024-03-17,HALLWF1,-48.944836299529,ToD blocks
2024-03-24,HALLWF1,-0.4569230247256897,ToD blocks
2024-03-31,HALLWF1,-11.883998417504593,ToD blocks
2024-04-07,HALLWF1,-29.703595392523056,ToD blocks
2024-04-14,HALLWF1,-13.520221937977581,ToD blocks
2024-04-21,HALLWF1,-15.970402665237202,ToD blocks
2024-04-28,HALLWF1,-21.69847232733928,ToD blocks
2024-05-05,HALLWF1,-19.47181758693648,ToD blocks
2024-05-12,HALLWF1,-11.232690963100197,ToD blocks
2024-05-19,HALLWF1,-54.72554694889105,ToD blocks
2024-05-26,HALLWF1,-3.5329339682230056,ToD blocks
2024-06-02,HALLWF1,-75.03983127214993,ToD blocks
2024-06-09,HALLWF1,-13.955473936622496,ToD blocks
2024-06-16,HALLWF1,-65.18109775455079,ToD blocks
2024-06-23,HALLWF1,-48.154391547227505,ToD blocks
2024-06-30,HALLWF1,-13.546824470931597,ToD blocks
2024-07-07,HALLWF1,-27.161913199414755,ToD blocks
2024-07-14,HALLWF1,-26.44555169080914,ToD blocks
2024-07-21,HALLWF1,-84.1660260232096,ToD blocks
2024-07-28,HALLWF1,-193.32901019478533,ToD blocks
2024-08-04,HALLWF1,-133.81686032356117,ToD blocks
2024-08-11,HALLWF1,-372.35706592900823,ToD blocks
2024-08-18,HALLWF1,-20.76504540837461,ToD blocks
2024-08-25,HALLWF1,-20.72512713613672,ToD blocks
2024-09-01,HALLWF1,-9.77357746784999,ToD blocks
2024-09-08,HALLWF1,-21.996111160994605,ToD blocks
2024-09-15,HALLWF1,-18.1453236183708,ToD blocks
2024-09-22,HALLWF1,-21.328432126810135,ToD blocks
2024-09-29,HALLWF1,-219.51811556588225,ToD blocks
2024-10-06,HALLWF1,-6.57696470459268,ToD blocks
2024-10-13,HALLWF1,8.131377875483107,ToD blocks
2024-10-20,HALLWF1,-12.520889564791318,ToD blocks
2024-10-27,HALLWF1,-18.57730584619101,ToD blocks
2024-11-03,HALLWF1,2.5981292707641117,ToD blocks
2024-11-10,HALLWF1,-38.42012703458775,ToD blocks
2024-11-17,HALLWF1,-6.472121439423127,ToD blocks
2024-11-24,HALLWF1,-9.75635109253379,ToD blocks
2024-12-01,HALLWF1,-26.374408522567023,ToD blocks
2024-12-08,HALLWF1,-43.861170363936736,ToD blocks
2024-12-15,HALLWF1,-21.137915166811595,ToD blocks
2024-12-22,HALLWF1,3.8054940558536927,ToD blocks
2024-12-29,HALLWF1,-4.384284409952485,ToD blocks
2025-01-05,HALLWF1,-22.08350812639553,ToD blocks
2020-01-05,HALLWF2,-9.286691385243195,ToD blocks
2020-01-12,HALLWF2,-3.982519361885231,ToD blocks
2020-01-19,HALLWF2,-9.692214470018172,ToD blocks
2020-01-26,HALLWF2,-12.0675699796248,ToD blocks
2020-02-02,HALLWF2,-12.563022159488384,ToD blocks
2020-02-09,HALLWF2,-7.964429382762528,ToD blocks
2020-02-16,HALLWF2,-49.46538898249939,ToD blocks
2020-02-23,HALLWF2,-33.70434662871182,ToD blocks
2020-03-01,HALLWF2,-34.45161735911162,ToD blocks
2020-03-08,HALLWF2,-17.032429746441743,ToD blocks
2020-03-15,HALLWF2,-8.301212720497553,ToD blocks
2020-03-22,HALLWF2,-4.174722857436777,ToD blocks
2020-03-29,HALLWF2,-6.740216658771757,ToD blocks
2020-04-05,HALLWF2,-12.201455323018237,ToD blocks
2020-04-12,HALLWF2,-20.076959969318825,ToD blocks
2020-04-19,HALLWF2,-13.243106395917021,ToD blocks
2020-04-26,HALLWF2,-10.390362054369895,ToD blocks
2020-05-03,HALLWF2,-7.271960498696924,ToD blocks
2020-05-10,HALLWF2,-10.824445091475644,ToD blocks
2020-05-17,HALLWF2,-7.440409904685595,ToD blocks
2020-05-24,HALLWF2,-3.4701890676373424,ToD blocks
2020-05-31,HALLWF2,-8.451963845172145,ToD blocks
2020-06-07,HALLWF2,-5.094057010188493,ToD blocks
2020-06-14,HALLWF2,-29.89801912762124,ToD blocks
2020-06-21,HALLWF2,-4.383650984457304,ToD blocks
2020-06-28,HALLWF2,-7.118030575865625,ToD blocks
2020-07-05,HALLWF2,-3.5239187123934315,ToD blocks
2020-07-12,HALLWF2,-7.97428652706575,ToD blocks
2020-07-19,HALLWF2,-16.27698316663396,ToD blocks
2020-07-26,HALLWF2,-14.464774463215704,ToD blocks
2020-08-02,HALLWF2,-7.084045431960547,ToD blocks
2020-08-09,HALLWF2,-4.873184629293796,ToD blocks
2020-08-16,HALLWF2,-3.595142344222751,ToD blocks
2020-08-23,HALLWF2,-3.701435965411264,ToD blocks
2020-08-30,HALLWF2,-52.29463865258693,ToD blocks
2020-09-06,HALLWF2,-18.841579265243467,ToD blocks
2020-09-13,HALLWF2,-8.471489525152776,ToD blocks
2020-09-20,HALLWF2,-5.275488272683587,ToD blocks
2020-09-27,HALLWF2,-9.970802331364562,ToD blocks
2020-10-04,HALLWF2,-13.178355021943933,ToD blocks
2020-10-11,HALLWF2,-16.20538205383806,ToD blocks
2020-10-18,HALLWF2,-4.520653933030069,ToD blocks
2020-10-25,HALLWF2,-26.440878610582168,ToD blocks
2020-11-01,HALLWF2,-11.615039507817595,ToD blocks
2020-11-08,HALLWF2,-14.392667170846472,ToD blocks
2020-11-15,HALLWF2,-5.379993198356683,ToD blocks
2020-11-22,HALLWF2,-14.049259231941612,ToD blocks
2020-11-29,HALLWF2,-11.225877609709961,ToD blocks
2020-12-06,HALLWF2,-16.108920353800592,ToD blocks
2020-12-13,HALLWF2,-14.646377571241443,ToD blocks
2020-12-20,HALLWF2,-12.724940359895598,ToD blocks
2020-12-27,HALLWF2,-13.827496050968284,ToD blocks
2021-01-03,HALLWF2,-5.1663829702807025,ToD blocks
2021-01-10,HALLWF2,-9.279482200390246,ToD blocks
2021-01-17,HALLWF2,-4.306820745364297,ToD blocks
2021-01-24,HALLWF2,-30.39713510653189,ToD blocks
2021-01-31,HALLWF2,-8.067752548805064,ToD blocks
2021-02-07,HALLWF2,-15.1540609263365,ToD blocks
2021-02-14,HALLWF2,0.13260835045406694,ToD blocks
2021-02-21,HALLWF2,-9.040730807306499,ToD blocks
2021-02-28,HALLWF2,-16.9527003833127,ToD blocks
2021-03-07,HALLWF2,-6.211094975991429,ToD blocks
2021-03-14,HALLWF2,-210.86987180762836,ToD blocks
2021-03-21,HALLWF2,-17.9922904981848,ToD blocks
2021-03-28,HALLWF2,-17.833355116481105,ToD blocks
2021-04-04,HALLWF2,3.7592515548734653,ToD blocks
2021-04-11,HALLWF2,-21.433346441198854,ToD blocks
2021-04-18,HALLWF2,-27.748025631314622,ToD blocks
2021-04-25,HALLWF2,-8.811584080545444,ToD blocks
2021-05-02,HALLWF2,-23.98485270293913,ToD blocks
2021-05-09,HALLWF2,-12.264817317515472,ToD blocks
2021-05-16,HALLWF2,-13.514672526431681,ToD blocks
2021-05-23,HALLWF2,-86.06527318844454,ToD blocks
2021-05-30,HALLWF2,-21.665037077557507,ToD blocks
2021-06-06,HALLWF2,-22.647430412550314,ToD blocks
2021-06-13,HALLWF2,-29.83692563441697,ToD blocks
2021-06-20,HALLWF2,-10.664864953628637,ToD blocks
2021-06-27,HALLWF2,-13.031326713311955,ToD blocks
2021-07-04,HALLWF2,-8.061393311495678,ToD blocks
2021-07-11,HALLWF2,-42.418736190697274,ToD blocks
2021-07-18,HALLWF2,-13.912776120375163,ToD blocks
2021-07-25,HALLWF2,-15.207537010230638,ToD blocks
2021-08-01,HALLWF2,-19.846009558782157,ToD blocks
2021-08-08,HALLWF2,-14.511847847766767,ToD blocks
2021-08-15,HALLWF2,-16.308272959535177,ToD blocks
2021-08-22,HALLWF2,-22.02056155224011,ToD blocks
2021-08-29,HALLWF2,-22.03512154292867,ToD blocks
2021-09-05,HALLWF2,-10.186045200018116,ToD blocks
2021-09-12,HALLWF2,-10.654423781266132,ToD blocks
2021-09-19,HALLWF2,-16.62172234717707,ToD blocks
2021-09-26,HALLWF2,-6.750220120114548,ToD blocks
2021-10-03,HALLWF2,-7.674475224849072,ToD blocks
2021-10-10,HALLWF2,-16.728832167067107,ToD blocks
2021-10-17,HALLWF2,-12.011412658287375,ToD blocks
2021-10-24,HALLWF2,-4.39586935966226,ToD blocks
2021-10-31,HALLWF2,27.616371258327277,ToD blocks
2021-11-07,HALLWF2,-17.524380894294424,ToD blocks
2021-11-14,HALLWF2,-9.987686644644572,ToD blocks
2021-11-21,HALLWF2,-34.16192904985061,ToD blocks
2021-11-28,HALLWF2,-14.71614767868757,ToD blocks
2021-12-05,HALLWF2,-15.828205296064397,ToD blocks
2021-12-12,HALLWF2,-17.19784884397295,ToD blocks
2021-12-19,HALLWF2,-61.371105650484125,ToD blocks
2021-12-26,HALLWF2,-6.571164209628833,ToD blocks
2022-01-02,HALLWF2,-102.15318486701062,ToD blocks
2022-01-09,HALLWF2,-4.899839582226978,ToD blocks
2022-01-16,HALLWF2,-61.799232547769776,ToD blocks
2022-01-23,HALLWF2,-9.880652331550085,ToD blocks
2022-01-30,HALLWF2,-30.69851369827252,ToD blocks
2022-02-06,HALLWF2,-55.583827557539614,ToD blocks
2022-02-13,HALLWF2,-7.654166043190386,ToD blocks
2022-02-20,HALLWF2,-13.67037875606787,ToD blocks
2022-02-27,HALLWF2,-5.100991991104841,ToD blocks
2022-03-06,HALLWF2,-21.719619771034942,ToD blocks
2022-03-13,HALLWF2,-4.329011616789767,ToD blocks
2022-03-20,HALLWF2,-25.89696074808586,ToD blocks
2022-03-27,HALLWF2,-14.678619380159319,ToD blocks
2022-04-03,HALLWF2,-42.654789864188665,ToD blocks
2022-04-10,HALLWF2,-30.764289885290992,ToD blocks
2022-04-17,HALLWF2,-43.314507729496526,ToD blocks
2022-04-24,HALLWF2,-22.399399153203717,ToD blocks
2022-05-01,HALLWF2,-29.85108501104517,ToD blocks
2022-05-08,HALLWF2,-17.329680280187688,ToD blocks
2022-05-15,HALLWF2,-89.10673603068346,ToD blocks
2022-05-22,HALLWF2,-105.17321218617809,ToD blocks
2022-05-29,HALLWF2,-34.196952287998045,ToD blocks
2022-06-05,HALLWF2,-91.22010851824746,ToD blocks
2022-06-12,HALLWF2,-61.25617937737957,ToD blocks
2022-06-19,HALLWF2,-76.57240377206091,ToD blocks
2022-06-26,HALLWF2,-27.39886296449174,ToD blocks
2022-07-03,HALLWF2,-39.67731175823883,ToD blocks
2022-07-10,HALLWF2,-137.26964438285154,ToD blocks
2022-07-17,HALLWF2,-152.29981045107647,ToD blocks
2022-07-24,HALLWF2,-77.11064173445254,ToD blocks
2022-07-31,HALLWF2,-143.60242239685593,ToD blocks
2022-08-07,HALLWF2,-16.299318805475032,ToD blocks
2022-08-14,HALLWF2,-43.50638939895259,ToD blocks
2022-08-21,HALLWF2,-29.112884130754978,ToD blocks
2022-08-28,HALLWF2,,ToD blocks
2022-09-04,HALLWF2,-48.050110502374636,ToD blocks
2022-09-11,HALLWF2,-79.72468851397471,ToD blocks
2022-09-18,HALLWF2,-47.14670039779875,ToD blocks
2022-09-25,HALLWF2,-40.62959469281435,ToD blocks
2022-10-02,HALLWF2,14.2247532837076,ToD blocks
2022-10-09,HALLWF2,-44.36043681460738,ToD blocks
2022-10-16,HALLWF2,-58.53479969829476,ToD blocks
2022-10-23,HALLWF2,-9.298769768082735,ToD blocks
2022-10-30,HALLWF2,-15.04560995141592,ToD blocks
2022-11-06,HALLWF2,-46.4913485621637,ToD blocks
2022-11-13,HALLWF2,-38.18065948392447,ToD blocks
2022-11-20,HALLWF2,-72.18027049115689,ToD blocks
2022-11-27,HALLWF2,-49.63263371543351,ToD blocks
2022-12-04,HALLWF2,-0.02136122485016756,ToD blocks
2022-12-11,HALLWF2,8.548433180302247,ToD blocks
2022-12-18,HALLWF2,9.242787004776469,ToD blocks
2022-12-25,HALLWF2,-28.534612782661434,ToD blocks
2023-01-01,HALLWF2,-5.537045459668647,ToD blocks
2023-01-08,HALLWF2,-20.16829817998682,ToD blocks
2023-01-15,HALLWF2,-13.972748258897383,ToD blocks
2023-01-22,HALLWF2,-10.213520928195763,ToD blocks
2023-01-29,HALLWF2,-26.931374505304632,ToD blocks
2023-02-05,HALLWF2,-22.206449445960864,ToD blocks
2023-02-12,HALLWF2,-29.853920750447017,ToD blocks
2023-02-19,HALLWF2,-92.63661139128048,ToD blocks
2023-02-26,HALLWF2,-19.192565691410167,ToD blocks
2023-03-05,HALLWF2,-24.935968831030422,ToD blocks
2023-03-12,HALLWF2,-28.038715783525483,ToD blocks
2023-03-19,HALLWF2,-32.241061306379365,ToD blocks
2023-03-26,HALLWF2,-17.72485364258847,ToD blocks
2023-04-02,HALLWF2,-7.48963028390024,ToD blocks
2023-04-09,HALLWF2,-8.480796034805678,ToD blocks
2023-04-16,HALLWF2,-9.723442043302121,ToD blocks
2023-04-23,HALLWF2,-8.183878469202241,ToD blocks
2023-04-30,HALLWF2,-39.28838160268059,ToD blocks
2023-05-07,HALLWF2,-179.75533156392328,ToD blocks
2023-05-14,HALLWF2,-39.753729662970386,ToD blocks
2023-05-21,HALLWF2,-57.76247873357241,ToD blocks
2023-05-28,HALLWF2,-51.31653064642201,ToD blocks
2023-06-04,HALLWF2,-28.74087991850091,ToD blocks
2023-06-11,HALLWF2,-28.826985702774934,ToD blocks
2023-06-18,HALLWF2,4.744841254775064,ToD blocks
2023-06-25,HALLWF2,-25.6185897550223,ToD blocks
2023-07-02,HALLWF2,-90.38459214684845,ToD blocks
2023-07-09,HALLWF2,-36.588775548552704,ToD blocks
2023-07-16,HALLWF2,-45.61139050109347,ToD blocks
2023-07-23,HALLWF2,-27.950112278190062,ToD blocks
2023-07-30,HALLWF2,-42.68543298520417,ToD blocks
2023-08-06,HALLWF2,-71.07689002381285,ToD blocks
2023-08-13,HALLWF2,-192.39715596261266,ToD blocks
2023-08-20,HALLWF2,-52.125288926495166,ToD blocks
2023-08-27,HALLWF2,-31.839496110466875,ToD blocks
2023-09-03,HALLWF2,1.4101701221921132,ToD blocks
2023-09-10,HALLWF2,6.9582611154309575,ToD blocks
2023-09-17,HALLWF2,-32.63277329579022,ToD blocks
2023-09-24,HALLWF2,-14.838953295861796,ToD blocks
2023-10-01,HALLWF2,-13.75337911970582,ToD blocks
2023-10-08,HALLWF2,-1.7673639395420722,ToD blocks
2023-10-15,HALLWF2,-4.930681309343729,ToD blocks
2023-10-22,HALLWF2,-12.54651628657501,ToD blocks
2023-10-29,HALLWF2,-2.775247378035427,ToD blocks
2023-11-05,HALLWF2,7.09725082098122,ToD blocks
2023-11-12,HALLWF2,-28.88863951610014,ToD blocks
2023-11-19,HALLWF2,4.395018193311344,ToD blocks
2023-11-26,HALLWF2,-12.978705639543506,ToD blocks
2023-12-03,HALLWF2,-1.1905368478192209,ToD blocks
2023-12-10,HALLWF2,29.331497949344183,ToD blocks
2023-12-17,HALLWF2,-18.45809060002366,ToD blocks
2023-12-24,HALLWF2,5.323698205705341,ToD blocks
2023-12-31,HALLWF2,0.1193487621031224,ToD blocks
2024-01-07,HALLWF2,-1.0479259015927695,ToD blocks
2024-01-14,HALLWF2,-5.810617877124699,ToD blocks
2024-01-21,HALLWF2,-13.365578655904852,ToD blocks
2024-01-28,HALLWF2,-8.38320435192329,ToD blocks
2024-02-04,HALLWF2,-7.262439703665017,ToD blocks
2024-02-11,HALLWF2,4.682152936817275,ToD blocks
2024-02-18,HALLWF2,-0.26800318203719087,ToD blocks
2024-02-25,HALLWF2,-12.879406131225409,ToD blocks
2024-03-03,HALLWF2,-47.76087685593638,ToD blocks
2024-03-10,HALLWF2,-25.07322190262414,ToD blocks
2024-03-17,HALLWF2,-44.81276323348762,ToD blocks
2024-03-24,HALLWF2,2.3897435328481222,ToD blocks
2024-03-31,HALLWF2,-10.684312449813753,ToD blocks
2024-04-07,HALLWF2,-27.49810990675858,ToD blocks
2024-04-14,HALLWF2,-16.22326931871315,ToD blocks
2024-04-21,HALLWF2,-18.646868103587693,ToD blocks
2024-04-28,HALLWF2,-22.49604887047648,ToD blocks
2024-05-05,HALLWF2,-13.954990263583696,ToD blocks
2024-05-12,HALLWF2,-8.375075652869157,ToD blocks
2024-05-19,HALLWF2,-25.785019755033233,ToD blocks
2024-05-26,HALLWF2,-9.058278842157193,ToD blocks
2024-06-02,HALLWF2,-77.03618298958418,ToD blocks
2024-06-09,HALLWF2,-14.96080410489543,ToD blocks
2024-06-16,HALLWF2,-67.5667336591433,ToD blocks
2024-06-23,HALLWF2,-43.751961509274054,ToD blocks
2024-06-30,HALLWF2,-14.21526493470546,ToD blocks
2024-07-07,HALLWF2,-26.624639868220328,ToD blocks
2024-07-14,HALLWF2,-22.591045236587746,ToD blocks
2024-07-21,HALLWF2,-79.12858157157712,ToD blocks
2024-07-28,HALLWF2,-180.70483337813118,ToD blocks
2024-08-04,HALLWF2,-154.2920837981874,ToD blocks
2024-08-11,HALLWF2,-346.62014904931317,ToD blocks
2024-08-18,HALLWF2,-24.769750087366354,ToD blocks
2024-08-25,HALLWF2,-17.932532540634476,ToD blocks
2024-09-01,HALLWF2,-8.635105534161543,ToD blocks
2024-09-08,HALLWF2,-19.41120342632459,ToD blocks
2024-09-15,HALLWF2,-18.12636563613831,ToD blocks
2024-09-22,HALLWF2,-20.603252812925852,ToD blocks
2024-09-29,HALLWF2,-209.5655519160146,ToD blocks
2024-10-06,HALLWF2,-5.635395233479748,ToD blocks
2024-10-13,HALLWF2,12.244764752741467,ToD blocks
2024-10-20,HALLWF2,1.8868350228198807,ToD blocks
2024-10-27,HALLWF2,-28.930381246224904,ToD blocks
2024-11-03,HALLWF2,3.934228091889903,ToD blocks
2024-11-10,HALLWF2,-36.97525283164484,ToD blocks
2024-11-17,HALLWF2,-5.580231334022308,ToD blocks
2024-11-24,HALLWF2,-2.0600339950987347,ToD blocks
2024-12-01,HALLWF2,-26.657190769437292,ToD blocks
2024-12-08,HALLWF2,-31.654120758833187,ToD blocks
2024-12-15,HALLWF2,-4.744299968753438,ToD blocks
2024-12-22,HALLWF2,2.7024345592104595,ToD blocks
2024-12-29,HALLWF2,-7.655962489041206,ToD blocks
2025-01-05,HALLWF2,-13.172065606495295,ToD blocks
2020-01-05,HDWF1,-9.081115546267938,ToD blocks
2020-01-12,HDWF1,-2.691092932520931,ToD blocks
2020-01-19,HDWF1,-6.748927055885368,ToD blocks
2020-01-26,HDWF1,-15.40515272618602,ToD blocks
2020-02-02,HDWF1,21.369928447239005,ToD blocks
2020-02-09,HDWF1,-19.260934474427593,ToD blocks
2020-02-16,HDWF1,-63.552502158380705,ToD blocks
2020-02-23,HDWF1,-35.54458016711999,ToD blocks
2020-03-01,HDWF1,-26.346525664133225,ToD blocks
2020-03-08,HDWF1,-46.47768758088945,ToD blocks
2020-03-15,HDWF1,-6.071964627302574,ToD blocks
2020-03-22,HDWF1,-3.0667775494871563,ToD blocks
2020-03-29,HDWF1,-3.93608526072682,ToD blocks
2020-04-05,HDWF1,-18.985867013896254,ToD blocks
2020-04-12,HDWF1,-22.059476215442476,ToD blocks
2020-04-19,HDWF1,-11.018579596695027,ToD blocks
2020-04-26,HDWF1,-12.205872180780926,ToD blocks
2020-05-03,HDWF1,-6.344382412014493,ToD blocks
2020-05-10,HDWF1,-10.00028696716419,ToD blocks
2020-05-17,HDWF1,-1.1089892329273638,ToD blocks
2020-05-24,HDWF1,-3.7477928438712524,ToD blocks
2020-05-31,HDWF1,-10.002725108407141,ToD blocks
2020-06-07,HDWF1,-8.338940715527862,ToD blocks
2020-06-14,HDWF1,-24.81336586582112,ToD blocks
2020-06-21,HDWF1,-6.789329839089145,ToD blocks
2020-06-28,HDWF1,-8.457934188792755,ToD blocks
2020-07-05,HDWF1,-4.234235575116415,ToD blocks
2020-07-12,HDWF1,-8.527985709449844,ToD blocks
2020-07-19,HDWF1,-18.39507742408305,ToD blocks
2020-07-26,HDWF1,-10.264209987595216,ToD blocks
2020-08-02,HDWF1,-4.115766568819765,ToD blocks
2020-08-09,HDWF1,-4.81231982156222,ToD blocks
2020-08-16,HDWF1,-6.3916014570894575,ToD blocks
2020-08-23,HDWF1,-3.920046685328181,ToD blocks
2020-08-30,HDWF1,-49.53559741882198,ToD blocks
2020-09-06,HDWF1,-19.146316033604045,ToD blocks
2020-09-13,HDWF1,-10.376433520189657,ToD blocks
2020-09-20,HDWF1,-16.37485562845226,ToD blocks
2020-09-27,HDWF1,-17.373702590124854,ToD blocks
2020-10-04,HDWF1,-13.312607714995139,ToD blocks
2020-10-11,HDWF1,-21.666915855814594,ToD blocks
2020-10-18,HDWF1,-5.578933218203829,ToD blocks
2020-10-25,HDWF1,-21.122319988096912,ToD blocks
2020-11-01,HDWF1,-16.182320802683098,ToD blocks
2020-11-08,HDWF1,-11.963038594867598,ToD blocks
2020-11-15,HDWF1,-5.021777517373181,ToD blocks
2020-11-22,HDWF1,-9.994056960030619,ToD blocks
2020-11-29,HDWF1,-7.71825021447723,ToD blocks
2020-12-06,HDWF1,-25.814007333993786,ToD blocks
2020-12-13,HDWF1,-16.56117044321628,ToD blocks
2020-12-20,HDWF1,-8.564010248429835,ToD blocks
2020-12-27,HDWF1,-9.809719369163195,ToD blocks
2021-01-03,HDWF1,-6.045900006825404,ToD blocks
2021-01-10,HDWF1,-9.81390395204323,ToD blocks
2021-01-17,HDWF1,-13.861481551105726,ToD blocks
2021-01-24,HDWF1,-15.073691500036603,ToD blocks
2021-01-31,HDWF1,-11.576992828360908,ToD blocks
2021-02-07,HDWF1,-16.277037458276848,ToD blocks
2021-02-14,HDWF1,-1.2401056391174983,ToD blocks
2021-02-21,HDWF1,-9.15964070369451,ToD blocks
2021-02-28,HDWF1,-20.15260156132085,ToD blocks
2021-03-07,HDWF1,-10.217980582160209,ToD blocks
2021-03-14,HDWF1,-212.08277313459217,ToD blocks
2021-03-21,HDWF1,-15.412417492500808,ToD blocks
2021-03-28,HDWF1,-25.273935123851537,ToD blocks
2021-04-04,HDWF1,0.8014887280536485,ToD blocks
2021-04-11,HDWF1,-23.7736020343947,ToD blocks
2021-04-18,HDWF1,-27.433782125283194,ToD blocks
2021-04-25,HDWF1,-14.811732299283548,ToD blocks
2021-05-02,HDWF1,-25.572142367926602,ToD blocks
2021-05-09,HDWF1,-14.949918248096132,ToD blocks
2021-05-16,HDWF1,-20.178768285220336,ToD blocks
2021-05-23,HDWF1,-58.50959258391258,ToD blocks
2021-05-30,HDWF1,-19.007940988488826,ToD blocks
2021-06-06,HDWF1,-24.717152218858544,ToD blocks
2021-06-13,HDWF1,-28.228146188660247,ToD blocks
2021-06-20,HDWF1,9.980963905122053,ToD blocks
2021-06-27,HDWF1,-8.395528680411331,ToD blocks
2021-07-04,HDWF1,-7.871204244910373,ToD blocks
2021-07-11,HDWF1,-40.54039718983691,ToD blocks
2021-07-18,HDWF1,-18.547062656173345,ToD blocks
2021-07-25,HDWF1,-11.635925530473457,ToD blocks
2021-08-01,HDWF1,-21.671897996316083,ToD blocks
2021-08-08,HDWF1,-15.706367423633509,ToD blocks
2021-08-15,HDWF1,-14.92380317935271,ToD blocks
2021-08-22,HDWF1,-25.196121612332544,ToD blocks
2021-08-29,HDWF1,-22.037107209689623,ToD blocks
2021-09-05,HDWF1,-25.901102981039756,ToD blocks
2021-09-12,HDWF1,-24.41047560559072,ToD blocks
2021-09-19,HDWF1,-15.283212212119995,ToD blocks
2021-09-26,HDWF1,-15.911191582582616,ToD blocks
2021-10-03,HDWF1,-13.342746719046925,ToD blocks
2021-10-10,HDWF1,-20.012407968147066,ToD blocks
2021-10-17,HDWF1,-17.636997522992104,ToD blocks
2021-10-24,HDWF1,-7.558072045271328,ToD blocks
2021-10-31,HDWF1,-24.964594793828617,ToD blocks
2021-11-07,HDWF1,-12.699648426344087,ToD blocks
2021-11-14,HDWF1,-15.219729033887297,ToD blocks
2021-11-21,HDWF1,-37.38465483529035,ToD blocks
2021-11-28,HDWF1,-15.852739572640246,ToD blocks
2021-12-05,HDWF1,-15.817505516636317,ToD blocks
2021-12-12,HDWF1,-11.44495658327402,ToD blocks
2021-12-19,HDWF1,-54.115994257056514,ToD blocks
2021-12-26,HDWF1,-0.1941684148265317,ToD blocks
2022-01-02,HDWF1,-93.95204329255651,ToD blocks
2022-01-09,HDWF1,-9.342075061689915,ToD blocks
2022-01-16,HDWF1,-58.17620017272414,ToD blocks
2022-01-23,HDWF1,-11.65775037042722,ToD blocks
2022-01-30,HDWF1,-32.26234751647985,ToD blocks
2022-02-06,HDWF1,-54.76410058595185,ToD blocks
2022-02-13,HDWF1,-8.623751669044324,ToD blocks
2022-02-20,HDWF1,-11.947727985255,ToD blocks
2022-02-27,HDWF1,-3.1293744358857367,ToD blocks
2022-03-06,HDWF1,-32.218652697272724,ToD blocks
2022-03-13,HDWF1,-5.055924812104653,ToD blocks
2022-03-20,HDWF1,-20.824617092386603,ToD blocks
2022-03-27,HDWF1,-11.182050792543535,ToD blocks
2022-04-03,HDWF1,-50.77567692285363,ToD blocks
2022-04-10,HDWF1,-19.92295072690709,ToD blocks
2022-04-17,HDWF1,-23.004927343892376,ToD blocks
2022-04-24,HDWF1,-43.85761812726405,ToD blocks
2022-05-01,HDWF1,-43.810785585095516,ToD blocks
2022-05-08,HDWF1,-21.105318876917664,ToD blocks
2022-05-15,HDWF1,-53.255414738935656,ToD blocks
2022-05-22,HDWF1,-139.82185996844345,ToD blocks
2022-05-29,HDWF1,-64.03244169307465,ToD blocks
2022-06-05,HDWF1,-79.23419984780875,ToD blocks
2022-06-12,HDWF1,-44.349066726254364,ToD blocks
2022-06-19,HDWF1,-65.76237688176653,ToD blocks
2022-06-26,HDWF1,-45.79101692451701,ToD blocks
2022-07-03,HDWF1,-10.567353088827701,ToD blocks
2022-07-10,HDWF1,-127.26178411190193,ToD blocks
2022-07-17,HDWF1,-148.20702477764667,ToD blocks
2022-07-24,HDWF1,-86.41774408318634,ToD blocks
2022-07-31,HDWF1,-140.25193754018602,ToD blocks
2022-08-07,HDWF1,-31.137446463952223,ToD blocks
2022-08-14,HDWF1,-33.6154185013948,ToD blocks
2022-08-21,HDWF1,-35.052374620455495,ToD blocks
2022-08-28,HDWF1,-246.0659665516879,ToD blocks
2022-09-04,HDWF1,-71.49577253869586,ToD blocks
2022-09-11,HDWF1,-94.71557188860629,ToD blocks
2022-09-18,HDWF1,-55.09986017081623,ToD blocks
2022-09-25,HDWF1,-39.295751275166666,ToD blocks
2022-10-02,HDWF1,12.164146121395106,ToD blocks
2022-10-09,HDWF1,-35.490645587522025,ToD blocks
2022-10-16,HDWF1,-62.41388596460226,ToD blocks
2022-10-23,HDWF1,-42.00339657799199,ToD blocks
2022-10-30,HDWF1,-32.073924074303136,ToD blocks
2022-11-06,HDWF1,-28.643982494831945,ToD blocks
2022-11-13,HDWF1,-65.20812233811597,ToD blocks
2022-11-20,HDWF1,-81.75505483551491,ToD blocks
2022-11-27,HDWF1,-57.93801587988433,ToD blocks
2022-12-04,HDWF1,15.710695419820567,ToD blocks
2022-12-11,HDWF1,-15.796535373566044,ToD blocks
2022-12-18,HDWF1,-0.9434574855053199,ToD blocks
2022-12-25,HDWF1,-24.211390566178693,ToD blocks
2023-01-01,HDWF1,-0.414662007619242,ToD blocks
2023-01-08,HDWF1,-19.88365101113512,ToD blocks
2023-01-15,HDWF1,-4.547453386251604,ToD blocks
2023-01-22,HDWF1,-3.7191109994538536,ToD blocks
2023-01-29,HDWF1,-16.427819784813238,ToD blocks
2023-02-05,HDWF1,-39.58298308795267,ToD blocks
2023-02-12,HDWF1,-39.364334883805704,ToD blocks
2023-02-19,HDWF1,-75.14031377305517,ToD blocks
2023-02-26,HDWF1,-26.289982895400556,ToD blocks
2023-03-05,HDWF1,-12.910976117322008,ToD blocks
2023-03-12,HDWF1,-25.26970124243832,ToD blocks
2023-03-19,HDWF1,-30.74244450178417,ToD blocks
2023-03-26,HDWF1,-18.79014388315524,ToD blocks
2023-04-02,HDWF1,-19.84647037550775,ToD blocks
2023-04-09,HDWF1,-25.672192401604143,ToD blocks
2023-04-16,HDWF1,-19.184799660333397,ToD blocks
2023-04-23,HDWF1,-19.957303607287855,ToD blocks
2023-04-30,HDWF1,-63.16164564740924,ToD blocks
2023-05-07,HDWF1,-225.93193128959075,ToD blocks
2023-05-14,HDWF1,-36.5110119575107,ToD blocks
2023-05-21,HDWF1,-60.835792569103845,ToD blocks
2023-05-28,HDWF1,-69.939740946935,ToD blocks
2023-06-04,HDWF1,-54.45011008970613,ToD blocks
2023-06-11,HDWF1,-29.773972545287084,ToD blocks
2023-06-18,HDWF1,-11.447115784901769,ToD blocks
2023-06-25,HDWF1,-22.333844928899076,ToD blocks
2023-07-02,HDWF1,-72.90110682047661,ToD blocks
2023-07-09,HDWF1,-47.75964206422672,ToD blocks
2023-07-16,HDWF1,-48.151489332034686,ToD blocks
2023-07-23,HDWF1,-29.20940309013792,ToD blocks
2023-07-30,HDWF1,-26.086721119510152,ToD blocks
2023-08-06,HDWF1,-79.66449642766116,ToD blocks
2023-08-13,HDWF1,-237.14731114413019,ToD blocks
2023-08-20,HDWF1,-45.98678594138103,ToD blocks
2023-08-27,HDWF1,-33.34020052963433,ToD blocks
2023-09-03,HDWF1,-72.51857165720003,ToD blocks
2023-09-10,HDWF1,-30.233016049155317,ToD blocks
2023-09-17,HDWF1,-33.74799320402313,ToD blocks
2023-09-24,HDWF1,-8.99603346096034,ToD blocks
2023-10-01,HDWF1,-17.693503319726666,ToD blocks
2023-10-08,HDWF1,-8.092306414323275,ToD blocks
2023-10-15,HDWF1,-10.700589872435307,ToD blocks
2023-10-22,HDWF1,-23.161101707181295,ToD blocks
2023-10-29,HDWF1,-22.569667970908327,ToD blocks
2023-11-05,HDWF1,7.0214873354667215,ToD blocks
2023-11-12,HDWF1,-12.569661747445274,ToD blocks
2023-11-19,HDWF1,3.674561867751436,ToD blocks
2023-11-26,HDWF1,-14.314009633436648,ToD blocks
2023-12-03,HDWF1,-10.832916379374803,ToD blocks
2023-12-10,HDWF1,12.038060879337323,ToD blocks
2023-12-17,HDWF1,-24.688685167884284,ToD blocks
2023-12-24,HDWF1,-13.364263212813778,ToD blocks
2023-12-31,HDWF1,-9.613912280670181,ToD blocks
2024-01-07,HDWF1,-0.6240796666675479,ToD blocks
2024-01-14,HDWF1,-11.832456378368619,ToD blocks
2024-01-21,HDWF1,-14.508596875288758,ToD blocks
2024-01-28,HDWF1,-40.919985993218035,ToD blocks
2024-02-04,HDWF1,-5.829960173705992,ToD blocks
2024-02-11,HDWF1,3.4366021917347567,ToD blocks
2024-02-18,HDWF1,-15.01571013490495,ToD blocks
2024-02-25,HDWF1,-63.63488226970029,ToD blocks
2024-03-03,HDWF1,-34.74742745085094,ToD blocks
2024-03-10,HDWF1,-21.759743634049848,ToD blocks
2024-03-17,HDWF1,-42.69471639793171,ToD blocks
2024-03-24,HDWF1,-2.4271445372559555,ToD blocks
2024-03-31,HDWF1,-4.233550413904318,ToD blocks
2024-04-07,HDWF1,-23.222996886026237,ToD blocks
2024-04-14,HDWF1,-3.2125875233818277,ToD blocks
2024-04-21,HDWF1,-6.046298633636724,ToD blocks
2024-04-28,HDWF1,-22.166099831042423,ToD blocks
2024-05-05,HDWF1,-11.673765623314836,ToD blocks
2024-05-12,HDWF1,-6.54675052594763,ToD blocks
2024-05-19,HDWF1,-17.74298257447296,ToD blocks
2024-05-26,HDWF1,0.40151442340103927,ToD blocks
2024-06-02,HDWF1,-66.53002766300088,ToD blocks
2024-06-09,HDWF1,-5.902970252287304,ToD blocks
2024-06-16,HDWF1,-62.24633069923688,ToD blocks
2024-06-23,HDWF1,-46.50408817983444,ToD blocks
2024-06-30,HDWF1,-21.033855622966755,ToD blocks
2024-07-07,HDWF1,-38.56388921304543,ToD blocks
2024-07-14,HDWF1,-33.88374196789448,ToD blocks
2024-07-21,HDWF1,-86.22743876342719,ToD blocks
2024-07-28,HDWF1,-184.00589177246803,ToD blocks
2024-08-04,HDWF1,-115.60111467801369,ToD blocks
2024-08-11,HDWF1,-340.1532005170022,ToD blocks
2024-08-18,HDWF1,-19.36689123219095,ToD blocks
2024-08-25,HDWF1,-27.52219033989299,ToD blocks
2024-09-01,HDWF1,-25.03032525144735,ToD blocks
2024-09-08,HDWF1,-29.953714510704724,ToD blocks
2024-09-15,HDWF1,-24.148550299633023,ToD blocks
2024-09-22,HDWF1,-26.18010237931842,ToD blocks
2024-09-29,HDWF1,-210.69577791644465,ToD blocks
2024-10-06,HDWF1,-18.507923930116565,ToD blocks
2024-10-13,HDWF1,-18.42359538195045,ToD blocks
2024-10-20,HDWF1,-20.203909295356233,ToD blocks
2024-10-27,HDWF1,-57.14689560500152,ToD blocks
2024-11-03,HDWF1,-8.13711758253245,ToD blocks
2024-11-10,HDWF1,-29.400918716021334,ToD blocks
2024-11-17,HDWF1,-36.427325642142435,ToD blocks
2024-11-24,HDWF1,3.00992073823231,ToD blocks
2024-12-01,HDWF1,-47.15571180981536,ToD blocks
2024-12-08,HDWF1,-43.866663953616325,ToD blocks
2024-12-15,HDWF1,-11.099929547474161,ToD blocks
2024-12-22,HDWF1,-13.106868600976139,ToD blocks
2024-12-29,HDWF1,-16.8963394405127,ToD blocks
2025-01-05,HDWF1,6.5267984845961,ToD blocks
2020-01-05,HDWF2,-9.292283526758993,ToD blocks
2020-01-12,HDWF2,-3.0971891367770183,ToD blocks
2020-01-19,HDWF2,-6.900146992462474,ToD blocks
2020-01-26,HDWF2,-15.57279624195252,ToD blocks
2020-02-02,HDWF2,2.7326180220550214,ToD blocks
2020-02-09,HDWF2,-19.84435156006746,ToD blocks
2020-02-16,HDWF2,-68.50647334924822,ToD blocks
2020-02-23,HDWF2,-36.01582626159316,ToD blocks
2020-03-01,HDWF2,-26.637657242242323,ToD blocks
2020-03-08,HDWF2,-49.40220959686738,ToD blocks
2020-03-15,HDWF2,-5.6052611641779,ToD blocks
2020-03-22,HDWF2,-3.1608002835790714,ToD blocks
2020-03-29,HDWF2,-4.3382085676303035,ToD blocks
2020-04-05,HDWF2,-18.803077242004683,ToD blocks
2020-04-12,HDWF2,-23.3530798747891,ToD blocks
2020-04-19,HDWF2,-11.203388211912262,ToD blocks
2020-04-26,HDWF2,-13.237088706497442,ToD blocks
2020-05-03,HDWF2,-6.974767325581766,ToD blocks
2020-05-10,HDWF2,-11.272385924885961,ToD blocks
2020-05-17,HDWF2,-1.092139422511309,ToD blocks
2020-05-24,HDWF2,-3.7762007235094046,ToD blocks
2020-05-31,HDWF2,-10.584864925377516,ToD blocks
2020-06-07,HDWF2,-9.12214421674257,ToD blocks
2020-06-14,HDWF2,-26.194981458050442,ToD blocks
2020-06-21,HDWF2,-7.774768683937115,ToD blocks
2020-06-28,HDWF2,-9.303616395495226,ToD blocks
2020-07-05,HDWF2,-5.180787181546258,ToD blocks
2020-07-12,HDWF2,-8.759472420109176,ToD blocks
2020-07-19,HDWF2,-19.988120426058018,ToD blocks
2020-07-26,HDWF2,-13.315091635216298,ToD blocks
2020-08-02,HDWF2,-5.867476023289939,ToD blocks
2020-08-09,HDWF2,-5.800877726368,ToD blocks
2020-08-16,HDWF2,-7.746795392735976,ToD blocks
2020-08-23,HDWF2,-4.1416253910128376,ToD blocks
2020-08-30,HDWF2,-48.80119544574834,ToD blocks
2020-09-06,HDWF2,-20.062436347535172,ToD blocks
2020-09-13,HDWF2,-11.538662352328195,ToD blocks
2020-09-20,HDWF2,-17.810829043790633,ToD blocks
2020-09-27,HDWF2,-19.237033342528047,ToD blocks
2020-10-04,HDWF2,-14.712797503897605,ToD blocks
2020-10-11,HDWF2,-23.489125697808706,ToD blocks
2020-10-18,HDWF2,-6.723686317403377,ToD blocks
2020-10-25,HDWF2,-22.238924757730448,ToD blocks
2020-11-01,HDWF2,-18.779316824040066,ToD blocks
2020-11-08,HDWF2,-12.770188871092344,ToD blocks
2020-11-15,HDWF2,-5.0500612950006385,ToD blocks
2020-11-22,HDWF2,-9.880900215553037,ToD blocks
2020-11-29,HDWF2,-10.225921953150618,ToD blocks
2020-12-06,HDWF2,-25.191372601299413,ToD blocks
2020-12-13,HDWF2,-18.06236646879838,ToD blocks
2020-12-20,HDWF2,-8.957610721545432,ToD blocks
2020-12-27,HDWF2,-11.214585924190748,ToD blocks
2021-01-03,HDWF2,-7.239090136875504,ToD blocks
2021-01-10,HDWF2,-10.203405920784967,ToD blocks
2021-01-17,HDWF2,-17.343318061200783,ToD blocks
2021-01-24,HDWF2,-18.259107593618793,ToD blocks
2021-01-31,HDWF2,-13.269360433848028,ToD blocks
2021-02-07,HDWF2,-16.94726108780819,ToD blocks
2021-02-14,HDWF2,-2.0893936940750883,ToD blocks
2021-02-21,HDWF2,-9.77445351967722,ToD blocks
2021-02-28,HDWF2,-20.757542066037836,ToD blocks
2021-03-07,HDWF2,-10.659367759361004,ToD blocks
2021-03-14,HDWF2,-212.75666817953578,ToD blocks
2021-03-21,HDWF2,-15.989436334806165,ToD blocks
2021-03-28,HDWF2,-25.91399520762877,ToD blocks
2021-04-04,HDWF2,1.2347179235455883,ToD blocks
2021-04-11,HDWF2,-24.786779479845205,ToD blocks
2021-04-18,HDWF2,-26.10547832996579,ToD blocks
2021-04-25,HDWF2,-14.057831566176205,ToD blocks
2021-05-02,HDWF2,-23.65125660840009,ToD blocks
2021-05-09,HDWF2,-14.141822160665754,ToD blocks
2021-05-16,HDWF2,-20.045265453976313,ToD blocks
2021-05-23,HDWF2,-57.24564291024062,ToD blocks
2021-05-30,HDWF2,-22.930781086113846,ToD blocks
2021-06-06,HDWF2,-26.518060310345383,ToD blocks
2021-06-13,HDWF2,-27.945777829022433,ToD blocks
2021-06-20,HDWF2,-16.40108662884859,ToD blocks
2021-06-27,HDWF2,-10.36024621212681,ToD blocks
2021-07-04,HDWF2,-9.953215065399277,ToD blocks
2021-07-11,HDWF2,-44.474658633075165,ToD blocks
2021-07-18,HDWF2,-19.574843124824405,ToD blocks
2021-07-25,HDWF2,-13.490006517242136,ToD blocks
2021-08-01,HDWF2,-23.866681438964857,ToD blocks
2021-08-08,HDWF2,-18.819207124913113,ToD blocks
2021-08-15,HDWF2,-15.627700388725156,ToD blocks
2021-08-22,HDWF2,-27.37247450846268,ToD blocks
2021-08-29,HDWF2,-22.391022820446018,ToD blocks
2021-09-05,HDWF2,-28.177938427103676,ToD blocks
2021-09-12,HDWF2,-24.29068414019946,ToD blocks
2021-09-19,HDWF2,-12.064365060019254,ToD blocks
2021-09-26,HDWF2,-13.90184369411529,ToD blocks
2021-10-03,HDWF2,-13.806597109234277,ToD blocks
2021-10-10,HDWF2,-20.980273718666215,ToD blocks
2021-10-17,HDWF2,-19.58340537039952,ToD blocks
2021-10-24,HDWF2,-7.11230369829528,ToD blocks
2021-10-31,HDWF2,-30.908928184027754,ToD blocks
2021-11-07,HDWF2,-14.892509733617256,ToD blocks
2021-11-14,HDWF2,-16.960562170550112,ToD blocks
2021-11-21,HDWF2,-41.12853177344783,ToD blocks
2021-11-28,HDWF2,-18.666606487311252,ToD blocks
2021-12-05,HDWF2,-15.785718720791479,ToD blocks
2021-12-12,HDWF2,-13.998125495318874,ToD blocks
2021-12-19,HDWF2,-66.09633422939055,ToD blocks
2021-12-26,HDWF2,-1.6803180364589068,ToD blocks
2022-01-02,HDWF2,-97.70906956912091,ToD blocks
2022-01-09,HDWF2,-10.906010605129769,ToD blocks
2022-01-16,HDWF2,-54.03168274279895,ToD blocks
2022-01-23,HDWF2,-12.040522126342783,ToD blocks
2022-01-30,HDWF2,-34.134997957698715,ToD blocks
2022-02-06,HDWF2,-59.10158004292593,ToD blocks
2022-02-13,HDWF2,-8.754713898430445,ToD blocks
2022-02-20,HDWF2,-14.302463757982466,ToD blocks
2022-02-27,HDWF2,-3.7179144853358963,ToD blocks
2022-03-06,HDWF2,-34.593243549832664,ToD blocks
2022-03-13,HDWF2,-4.397268685035279,ToD blocks
2022-03-20,HDWF2,-23.33381431252465,ToD blocks
2022-03-27,HDWF2,-10.477788058728933,ToD blocks
2022-04-03,HDWF2,-52.88604941570649,ToD blocks
2022-04-10,HDWF2,-20.624449413053327,ToD blocks
2022-04-17,HDWF2,-19.56236434073351,ToD blocks
2022-04-24,HDWF2,-45.88573949049105,ToD blocks
2022-05-01,HDWF2,-46.5221635791513,ToD blocks
2022-05-08,HDWF2,-25.018307020250802,ToD blocks
2022-05-15,HDWF2,-106.73889986846814,ToD blocks
2022-05-22,HDWF2,-143.33275076681824,ToD blocks
2022-05-29,HDWF2,-71.09795316341209,ToD blocks
2022-06-05,HDWF2,-84.5853534983492,ToD blocks
2022-06-12,HDWF2,-45.7584234511865,ToD blocks
2022-06-19,HDWF2,-68.40706489451989,ToD blocks
2022-06-26,HDWF2,-56.14995767586598,ToD blocks
2022-07-03,HDWF2,-12.920958651029423,ToD blocks
2022-07-10,HDWF2,-125.27265780889121,ToD blocks
2022-07-17,HDWF2,-158.42835615793314,ToD blocks
2022-07-24,HDWF2,-95.58620298760064,ToD blocks
2022-07-31,HDWF2,-149.65682102124072,ToD blocks
2022-08-07,HDWF2,-34.03920761679028,ToD blocks
2022-08-14,HDWF2,-31.407000454141013,ToD blocks
2022-08-21,HDWF2,-37.13587460197617,ToD blocks
2022-08-28,HDWF2,-231.43862784065314,ToD blocks
2022-09-04,HDWF2,-78.43146354212234,ToD blocks
2022-09-11,HDWF2,-90.0851852217767,ToD blocks
2022-09-18,HDWF2,-56.04552909065656,ToD blocks
2022-09-25,HDWF2,-38.09010997944236,ToD blocks
2022-10-02,HDWF2,12.295508154383768,ToD blocks
2022-10-09,HDWF2,-35.005177674480635,ToD blocks
2022-10-16,HDWF2,-65.57916440572399,ToD blocks
2022-10-23,HDWF2,-44.29167023705608,ToD blocks
2022-10-30,HDWF2,-39.727618616595336,ToD blocks
2022-11-06,HDWF2,-26.85412561121096,ToD blocks
2022-11-13,HDWF2,-69.24791354939293,ToD blocks
2022-11-20,HDWF2,-89.08531756673258,ToD blocks
2022-11-27,HDWF2,-57.37196920652255,ToD blocks
2022-12-04,HDWF2,14.275500706710432,ToD blocks
2022-12-11,HDWF2,-16.385754495631524,ToD blocks
2022-12-18,HDWF2,-1.3317094770685536,ToD blocks
2022-12-25,HDWF2,-23.722140316993542,ToD blocks
2023-01-01,HDWF2,-1.160094788564379,ToD blocks
2023-01-08,HDWF2,-24.55970449560338,ToD blocks
2023-01-15,HDWF2,-5.00400061121627,ToD blocks
2023-01-22,HDWF2,-4.700354618511398,ToD blocks
2023-01-29,HDWF2,-16.969683133560324,ToD blocks
2023-02-05,HDWF2,-38.92668693617448,ToD blocks
2023-02-12,HDWF2,-38.8391685115118,ToD blocks
2023-02-19,HDWF2,-82.04318937777474,ToD blocks
2023-02-26,HDWF2,-29.84794099667142,ToD blocks
2023-03-05,HDWF2,-14.412207014901341,ToD blocks
2023-03-12,HDWF2,-25.34310885722773,ToD blocks
2023-03-19,HDWF2,-28.595066879435777,ToD blocks
2023-03-26,HDWF2,-18.751879142281304,ToD blocks
2023-04-02,HDWF2,-24.90923192845716,ToD blocks
2023-04-09,HDWF2,-24.14789478913187,ToD blocks
2023-04-16,HDWF2,-19.926334178385297,ToD blocks
2023-04-23,HDWF2,-17.09140533363599,ToD blocks
2023-04-30,HDWF2,-66.73582833257967,ToD blocks
2023-05-07,HDWF2,-214.410490294943,ToD blocks
2023-05-14,HDWF2,-40.51153232619444,ToD blocks
2023-05-21,HDWF2,-56.76882041357098,ToD blocks
2023-05-28,HDWF2,-74.71076825417052,ToD blocks
2023-06-04,HDWF2,-61.15446815226689,ToD blocks
2023-06-11,HDWF2,-30.695088657972924,ToD blocks
2023-06-18,HDWF2,-15.125885134003209,ToD blocks
2023-06-25,HDWF2,-21.452741924245494,ToD blocks
2023-07-02,HDWF2,-67.17946630603977,ToD blocks
2023-07-09,HDWF2,-50.121553426359654,ToD blocks
2023-07-16,HDWF2,-54.19503063904737,ToD blocks
2023-07-23,HDWF2,-30.69310259073879,ToD blocks
2023-07-30,HDWF2,-31.20459836435908,ToD blocks
2023-08-06,HDWF2,-87.39767249413825,ToD blocks
2023-08-13,HDWF2,-239.96436503693064,ToD blocks
2023-08-20,HDWF2,-46.3500680114485,ToD blocks
2023-08-27,HDWF2,-33.76960246672912,ToD blocks
2023-09-03,HDWF2,-72.8522813617655,ToD blocks
2023-09-10,HDWF2,-34.64368587459359,ToD blocks
2023-09-17,HDWF2,-32.07735535043865,ToD blocks
2023-09-24,HDWF2,-9.09473515933961,ToD blocks
2023-10-01,HDWF2,-20.920886606192653,ToD blocks
2023-10-08,HDWF2,-9.005952988450478,ToD blocks
2023-10-15,HDWF2,-10.172164436743508,ToD blocks
2023-10-22,HDWF2,-23.63982343954603,ToD blocks
2023-10-29,HDWF2,-23.454367985857438,ToD blocks
2023-11-05,HDWF2,7.115394682000851,ToD blocks
2023-11-12,HDWF2,-15.958632445311714,ToD blocks
2023-11-19,HDWF2,4.464444909370513,ToD blocks
2023-11-26,HDWF2,-14.003600190254183,ToD blocks
2023-12-03,HDWF2,-7.97846918306551,ToD blocks
2023-12-10,HDWF2,11.054055009272474,ToD blocks
2023-12-17,HDWF2,-30.30856370792818,ToD blocks
2023-12-24,HDWF2,-14.608762767603206,ToD blocks
2023-12-31,HDWF2,-9.468561334855682,ToD blocks
2024-01-07,HDWF2,-1.3059746793431302,ToD blocks
2024-01-14,HDWF2,-13.365062539823573,ToD blocks
2024-01-21,HDWF2,-15.776260860607337,ToD blocks
2024-01-28,HDWF2,-43.73565549648506,ToD blocks
2024-02-04,HDWF2,-6.291200755335005,ToD blocks
2024-02-11,HDWF2,1.646515718492342,ToD blocks
2024-02-18,HDWF2,-13.071789119349553,ToD blocks
2024-02-25,HDWF2,-66.41938793483035,ToD blocks
2024-03-03,HDWF2,-35.68224648131367,ToD blocks
2024-03-10,HDWF2,-23.448679254689168,ToD blocks
2024-03-17,HDWF2,-45.84226015914134,ToD blocks
2024-03-24,HDWF2,-3.7434488465535622,ToD blocks
2024-03-31,HDWF2,-4.628474560123863,ToD blocks
2024-04-07,HDWF2,-20.767578746920286,ToD blocks
2024-04-14,HDWF2,-0.7005685649348976,ToD blocks
2024-04-21,HDWF2,-4.623024097271596,ToD blocks
2024-04-28,HDWF2,-25.85855160976201,ToD blocks
2024-05-05,HDWF2,-13.525909709437897,ToD blocks
2024-05-12,HDWF2,-5.16724394601988,ToD blocks
2024-05-19,HDWF2,-20.329742800721576,ToD blocks
2024-05-26,HDWF2,-0.21220000080609225,ToD blocks
2024-06-02,HDWF2,-69.99431619496077,ToD blocks
2024-06-09,HDWF2,-0.961830628314317,ToD blocks
2024-06-16,HDWF2,-61.87198657373236,ToD blocks
2024-06-23,HDWF2,-51.71892148184256,ToD blocks
2024-06-30,HDWF2,-23.2400217733194,ToD blocks
2024-07-07,HDWF2,-44.227874804693386,ToD blocks
2024-07-14,HDWF2,-41.57776234796734,ToD blocks
2024-07-21,HDWF2,-89.34384673585396,ToD blocks
2024-07-28,HDWF2,-187.07846006729088,ToD blocks
2024-08-04,HDWF2,-108.18777890281251,ToD blocks
2024-08-11,HDWF2,-333.86649964430796,ToD blocks
2024-08-18,HDWF2,-20.2638447113564,ToD blocks
2024-08-25,HDWF2,-29.95367752072781,ToD blocks
2024-09-01,HDWF2,-26.73848349106322,ToD blocks
2024-09-08,HDWF2,-33.19541010199814,ToD blocks
2024-09-15,HDWF2,-23.33742714640443,ToD blocks
2024-09-22,HDWF2,-25.75531120908591,ToD blocks
2024-09-29,HDWF2,-210.1497398507358,ToD blocks
2024-10-06,HDWF2,-18.469528301418727,ToD blocks
2024-10-13,HDWF2,-14.520006221380493,ToD blocks
2024-10-20,HDWF2,-22.65922724763102,ToD blocks
2024-10-27,HDWF2,-67.5787234199782,ToD blocks
2024-11-03,HDWF2,-5.395779293072994,ToD blocks
2024-11-10,HDWF2,-27.801269627268663,ToD blocks
2024-11-17,HDWF2,-41.351983390043515,ToD blocks
2024-11-24,HDWF2,1.666955046125409,ToD blocks
2024-12-01,HDWF2,-49.584014134089045,ToD blocks
2024-12-08,HDWF2,-43.045014520930266,ToD blocks
2024-12-15,HDWF2,-7.643370787029241,ToD blocks
2024-12-22,HDWF2,-17.904006614661334,ToD blocks
2024-12-29,HDWF2,-16.876398356341895,ToD blocks
2025-01-05,HDWF2,2.3338866415400616,ToD blocks
2020-01-05,HDWF3,-9.843343470378791,ToD blocks
2020-01-12,HDWF3,-2.803200293334278,ToD blocks
2020-01-19,HDWF3,-6.144237458831,ToD blocks
2020-01-26,HDWF3,-15.36260236171255,ToD blocks
2020-02-02,HDWF3,8.198519255640264,ToD blocks
2020-02-09,HDWF3,-19.264482720736833,ToD blocks
2020-02-16,HDWF3,-65.92319217104357,ToD blocks
2020-02-23,HDWF3,-37.153970511570506,ToD blocks
2020-03-01,HDWF3,-27.234773253538997,ToD blocks
2020-03-08,HDWF3,-50.11441303371153,ToD blocks
2020-03-15,HDWF3,-6.103668714026142,ToD blocks
2020-03-22,HDWF3,-3.0328550453101215,ToD blocks
2020-03-29,HDWF3,-4.603800498598474,ToD blocks
2020-04-05,HDWF3,-19.332876024678466,ToD blocks
2020-04-12,HDWF3,-24.30247756767784,ToD blocks
2020-04-19,HDWF3,-11.210437312520575,ToD blocks
2020-04-26,HDWF3,-12.718244061341286,ToD blocks
2020-05-03,HDWF3,-6.737020287602345,ToD blocks
2020-05-10,HDWF3,-11.22681048573919,ToD blocks
2020-05-17,HDWF3,-1.2244951842912926,ToD blocks
2020-05-24,HDWF3,-3.711955396536041,ToD blocks
2020-05-31,HDWF3,-10.471157010531378,ToD blocks
2020-06-07,HDWF3,-9.018296181806171,ToD blocks
2020-06-14,HDWF3,-26.81254196986574,ToD blocks
2020-06-21,HDWF3,-7.536810815421571,ToD blocks
2020-06-28,HDWF3,-8.92108526080613,ToD blocks
2020-07-05,HDWF3,-4.723355314956194,ToD blocks
2020-07-12,HDWF3,-8.022394297862178,ToD blocks
2020-07-19,HDWF3,-19.783422735868648,ToD blocks
2020-07-26,HDWF3,-11.987642776338625,ToD blocks
2020-08-02,HDWF3,-4.545072023671715,ToD blocks
2020-08-09,HDWF3,-5.510167611238863,ToD blocks
2020-08-16,HDWF3,-7.365123803440632,ToD blocks
2020-08-23,HDWF3,-4.153841303171223,ToD blocks
2020-08-30,HDWF3,-50.52924021444776,ToD blocks
2020-09-06,HDWF3,-19.868522189977234,ToD blocks
2020-09-13,HDWF3,-12.029815625796225,ToD blocks
2020-09-20,HDWF3,-17.835350388275018,ToD blocks
2020-09-27,HDWF3,-18.613247291848474,ToD blocks
2020-10-04,HDWF3,-14.452595662865466,ToD blocks
2020-10-11,HDWF3,-24.171959324954386,ToD blocks
2020-10-18,HDWF3,-6.903787919110066,ToD blocks
2020-10-25,HDWF3,-22.926335470907183,ToD blocks
2020-11-01,HDWF3,-18.63483531788086,ToD blocks
2020-11-08,HDWF3,-12.520146229634904,ToD blocks
2020-11-15,HDWF3,-5.127481027388743,ToD blocks
2020-11-22,HDWF3,-11.526039312841405,ToD blocks
2020-11-29,HDWF3,-9.926950578240586,ToD blocks
2020-12-06,HDWF3,-26.83890336264443,ToD blocks
2020-12-13,HDWF3,-17.31125581441896,ToD blocks
2020-12-20,HDWF3,-8.695845920337515,ToD blocks
2020-12-27,HDWF3,-11.026983393721293,ToD blocks
2021-01-03,HDWF3,-7.410999856317102,ToD blocks
2021-01-10,HDWF3,-9.188233067494288,ToD blocks
2021-01-17,HDWF3,-16.98596819479986,ToD blocks
2021-01-24,HDWF3,-19.018184590421733,ToD blocks
2021-01-31,HDWF3,-10.982384044112695,ToD blocks
2021-02-07,HDWF3,-17.128721853833095,ToD blocks
2021-02-14,HDWF3,-1.4329640463299995,ToD blocks
2021-02-21,HDWF3,-9.31120492328347,ToD blocks
2021-02-28,HDWF3,-22.92164917070658,ToD blocks
2021-03-07,HDWF3,-10.82453797169823,ToD blocks
2021-03-14,HDWF3,-219.1843777678505,ToD blocks
2021-03-21,HDWF3,-17.519658091063793,ToD blocks
2021-03-28,HDWF3,-25.698924056340882,ToD blocks
2021-04-04,HDWF3,1.7711025428143472,ToD blocks
2021-04-11,HDWF3,-25.139147476895253,ToD blocks
2021-04-18,HDWF3,-27.385533766095463,ToD blocks
2021-04-25,HDWF3,-13.702493846766018,ToD blocks
2021-05-02,HDWF3,-26.75736746206428,ToD blocks
2021-05-09,HDWF3,-13.155167172278986,ToD blocks
2021-05-16,HDWF3,-20.399569363019616,ToD blocks
2021-05-23,HDWF3,-61.70191764183467,ToD blocks
2021-05-30,HDWF3,-21.539016286098125,ToD blocks
2021-06-06,HDWF3,-25.729806563433563,ToD blocks
2021-06-13,HDWF3,-27.951706232304517,ToD blocks
2021-06-20,HDWF3,-15.07283800363534,ToD blocks
2021-06-27,HDWF3,-9.062095600764536,ToD blocks
2021-07-04,HDWF3,-9.031834426679325,ToD blocks
2021-07-11,HDWF3,-44.985695590309774,ToD blocks
2021-07-18,HDWF3,-18.90686859330593,ToD blocks
2021-07-25,HDWF3,-13.05223883857785,ToD blocks
2021-08-01,HDWF3,-23.84492865978228,ToD blocks
2021-08-08,HDWF3,-16.8192611263868,ToD blocks
2021-08-15,HDWF3,-15.645176466420669,ToD blocks
2021-08-22,HDWF3,-27.196729797973866,ToD blocks
2021-08-29,HDWF3,-23.88784624233812,ToD blocks
2021-09-05,HDWF3,-26.387041463293315,ToD blocks
2021-09-12,HDWF3,-25.390543370359882,ToD blocks
2021-09-19,HDWF3,-15.278714987687927,ToD blocks
2021-09-26,HDWF3,-14.378612488512465,ToD blocks
2021-10-03,HDWF3,-14.497982798169373,ToD blocks
2021-10-10,HDWF3,-21.074746553557986,ToD blocks
2021-10-17,HDWF3,-20.114622234924052,ToD blocks
2021-10-24,HDWF3,-7.9848484038676375,ToD blocks
2021-10-31,HDWF3,-29.952019498741553,ToD blocks
2021-11-07,HDWF3,-13.812562056709766,ToD blocks
2021-11-14,HDWF3,-17.463219308312457,ToD blocks
2021-11-21,HDWF3,-39.76293050433411,ToD blocks
2021-11-28,HDWF3,-17.904376637880198,ToD blocks
2021-12-05,HDWF3,-16.350698306406997,ToD blocks
2021-12-12,HDWF3,-12.613221904504975,ToD blocks
2021-12-19,HDWF3,-62.77187432794267,ToD blocks
2021-12-26,HDWF3,1.0342289188704115,ToD blocks
2022-01-02,HDWF3,-98.94872669496424,ToD blocks
2022-01-09,HDWF3,-9.865901315063123,ToD blocks
2022-01-16,HDWF3,-58.15589676239307,ToD blocks
2022-01-23,HDWF3,-11.73545920758064,ToD blocks
2022-01-30,HDWF3,-32.918300294791464,ToD blocks
2022-02-06,HDWF3,-60.55425673919083,ToD blocks
2022-02-13,HDWF3,-8.282162355342017,ToD blocks
2022-02-20,HDWF3,-13.577580382868291,ToD blocks
2022-02-27,HDWF3,-3.3015284889914653,ToD blocks
2022-03-06,HDWF3,-34.17792934101798,ToD blocks
2022-03-13,HDWF3,-6.429074241098004,ToD blocks
2022-03-20,HDWF3,-21.962880494528775,ToD blocks
2022-03-27,HDWF3,-10.660168934857495,ToD blocks
2022-04-03,HDWF3,-49.95793503161079,ToD blocks
2022-04-10,HDWF3,-19.40479137577259,ToD blocks
2022-04-17,HDWF3,-21.605880619350415,ToD blocks
2022-04-24,HDWF3,-44.81608779038315,ToD blocks
2022-05-01,HDWF3,-45.89387444708996,ToD blocks
2022-05-08,HDWF3,-22.02534854689236,ToD blocks
2022-05-15,HDWF3,-107.94552239066797,ToD blocks
2022-05-22,HDWF3,-139.77407172458095,ToD blocks
2022-05-29,HDWF3,-68.95854293018834,ToD blocks
2022-06-05,HDWF3,-85.98400792721492,ToD blocks
2022-06-12,HDWF3,-44.28091592307089,ToD blocks
2022-06-19,HDWF3,-69.75447118094593,ToD blocks
2022-06-26,HDWF3,-52.270225041085354,ToD blocks
2022-07-03,HDWF3,-11.307002124004157,ToD blocks
2022-07-10,HDWF3,-120.32869655428499,ToD blocks
2022-07-17,HDWF3,-154.66110750299976,ToD blocks
2022-07-24,HDWF3,-88.79716598166544,ToD blocks
2022-07-31,HDWF3,-142.08551421356134,ToD blocks
2022-08-07,HDWF3,-31.302284976819806,ToD blocks
2022-08-14,HDWF3,-31.337956159891945,ToD blocks
2022-08-21,HDWF3,-36.761220415046594,ToD blocks
2022-08-28,HDWF3,-234.2064236801656,ToD blocks
2022-09-04,HDWF3,-74.02120668307236,ToD blocks
2022-09-11,HDWF3,-93.36218667003024,ToD blocks
2022-09-18,HDWF3,-57.52500909922544,ToD blocks
2022-09-25,HDWF3,-39.94539660681809,ToD blocks
2022-10-02,HDWF3,12.85045252668877,ToD blocks
2022-10-09,HDWF3,-34.98825916001127,ToD blocks
2022-10-16,HDWF3,-64.32949208888294,ToD blocks
2022-10-23,HDWF3,-45.34242447907897,ToD blocks
2022-10-30,HDWF3,-35.71879745665368,ToD blocks
2022-11-06,HDWF3,-29.908200765231264,ToD blocks
2022-11-13,HDWF3,-63.63415777326316,ToD blocks
2022-11-20,HDWF3,-85.13242159786496,ToD blocks
2022-11-27,HDWF3,-57.50200611793984,ToD blocks
2022-12-04,HDWF3,16.701838129737908,ToD blocks
2022-12-11,HDWF3,-17.855619266785332,ToD blocks
2022-12-18,HDWF3,-1.5179141229559008,ToD blocks
2022-12-25,HDWF3,-25.67980132605677,ToD blocks
2023-01-01,HDWF3,-0.7589416832501996,ToD blocks
2023-01-08,HDWF3,-23.34022260293041,ToD blocks
2023-01-15,HDWF3,-5.011493641192516,ToD blocks
2023-01-22,HDWF3,-4.9023563347232155,ToD blocks
2023-01-29,HDWF3,-18.672433996810568,ToD blocks
2023-02-05,HDWF3,-38.18851555808025,ToD blocks
2023-02-12,HDWF3,-41.8956350613775,ToD blocks
2023-02-19,HDWF3,-84.57801523671365,ToD blocks
2023-02-26,HDWF3,-28.453549092810256,ToD blocks
2023-03-05,HDWF3,-13.654777830156043,ToD blocks
2023-03-12,HDWF3,-26.70049017091054,ToD blocks
2023-03-19,HDWF3,-29.51244231280768,ToD blocks
2023-03-26,HDWF3,-19.438655921559658,ToD blocks
2023-04-02,HDWF3,-23.7855537112884,ToD blocks
2023-04-09,HDWF3,-28.04685529677957,ToD blocks
2023-04-16,HDWF3,-20.864435263113926,ToD blocks
2023-04-23,HDWF3,-17.496597586118085,ToD blocks
2023-04-30,HDWF3,-65.39937903382483,ToD blocks
2023-05-07,HDWF3,-216.48398710793398,ToD blocks
2023-05-14,HDWF3,-39.004247160240425,ToD blocks
2023-05-21,HDWF3,-64.57479877929568,ToD blocks
2023-05-28,HDWF3,-72.73119706713462,ToD blocks
2023-06-04,HDWF3,-58.13064718210802,ToD blocks
2023-06-11,HDWF3,-32.24194238370963,ToD blocks
2023-06-18,HDWF3,-13.63842157033734,ToD blocks
2023-06-25,HDWF3,-23.239109314340944,ToD blocks
2023-07-02,HDWF3,-67.33650165755267,ToD blocks
2023-07-09,HDWF3,-49.29776796380247,ToD blocks
2023-07-16,HDWF3,-50.8311962990783,ToD blocks
2023-07-23,HDWF3,-30.880756246588824,ToD blocks
2023-07-30,HDWF3,-30.69471428990437,ToD blocks
2023-08-06,HDWF3,-86.38950266934715,ToD blocks
2023-08-13,HDWF3,-241.9547116111602,ToD blocks
2023-08-20,HDWF3,-48.63495059635679,ToD blocks
2023-08-27,HDWF3,-33.64380279032027,ToD blocks
2023-09-03,HDWF3,-70.56033813182091,ToD blocks
2023-09-10,HDWF3,-33.98680385816925,ToD blocks
2023-09-17,HDWF3,-32.2011165425074,ToD blocks
2023-09-24,HDWF3,-11.090802448752175,ToD blocks
2023-10-01,HDWF3,-19.388814123795356,ToD blocks
2023-10-08,HDWF3,-8.75470952594359,ToD blocks
2023-10-15,HDWF3,-11.639133047845576,ToD blocks
2023-10-22,HDWF3,-24.541570254661732,ToD blocks
2023-10-29,HDWF3,-22.321493553755065,ToD blocks
2023-11-05,HDWF3,6.701317102187803,ToD blocks
2023-11-12,HDWF3,-16.573035479954385,ToD blocks
2023-11-19,HDWF3,4.707399229421817,ToD blocks
2023-11-26,HDWF3,-16.011900710335187,ToD blocks
2023-12-03,HDWF3,-8.961908445362521,ToD blocks
2023-12-10,HDWF3,11.789656258231204,ToD blocks
2023-12-17,HDWF3,-28.91129930758942,ToD blocks
2023-12-24,HDWF3,-14.528466700317978,ToD blocks
2023-12-31,HDWF3,-9.051952507167027,ToD blocks
2024-01-07,HDWF3,-1.6666928456111378,ToD blocks
2024-01-14,HDWF3,-12.64459676671789,ToD blocks
2024-01-21,HDWF3,-16.208168987162942,ToD blocks
2024-01-28,HDWF3,-43.95804990988328,ToD blocks
2024-02-04,HDWF3,-7.364517796233294,ToD blocks
2024-02-11,HDWF3,2.0364614812019717,ToD blocks
2024-02-18,HDWF3,-15.73727636032065,ToD blocks
2024-02-25,HDWF3,-66.31989055545404,ToD blocks
2024-03-03,HDWF3,-38.55107656483144,ToD blocks
2024-03-10,HDWF3,-22.58163231129914,ToD blocks
2024-03-17,HDWF3,-45.61414604790647,ToD blocks
2024-03-24,HDWF3,-2.2623037156904005,ToD blocks
2024-03-31,HDWF3,-3.7572982166202706,ToD blocks
2024-04-07,HDWF3,-24.616445169224107,ToD blocks
2024-04-14,HDWF3,-0.47378272768936824,ToD blocks
2024-04-21,HDWF3,-5.2805550145716325,ToD blocks
2024-04-28,HDWF3,-25.496120461064812,ToD blocks
2024-05-05,HDWF3,-15.167924251002873,ToD blocks
2024-05-12,HDWF3,-5.517414304438944,ToD blocks
2024-05-19,HDWF3,-18.151764674881363,ToD blocks
2024-05-26,HDWF3,0.8848629788685116,ToD blocks
2024-06-02,HDWF3,-68.39629859942619,ToD blocks
2024-06-09,HDWF3,-2.2337331418908946,ToD blocks
2024-06-16,HDWF3,-64.48698618393061,ToD blocks
2024-06-23,HDWF3,-50.00742041778534,ToD blocks
2024-06-30,HDWF3,-22.437084278622933,ToD blocks
2024-07-07,HDWF3,-43.163284287006604,ToD blocks
2024-07-14,HDWF3,-37.336973881321796,ToD blocks
2024-07-21,HDWF3,-88.76905850628644,ToD blocks
2024-07-28,HDWF3,-187.3171434470444,ToD blocks
2024-08-04,HDWF3,-133.99891731751035,ToD blocks
2024-08-11,HDWF3,-338.2242951054068,ToD blocks
2024-08-18,HDWF3,-20.545083694300608,ToD blocks
2024-08-25,HDWF3,-27.097232273207773,ToD blocks
2024-09-01,HDWF3,-25.54597757751823,ToD blocks
2024-09-08,HDWF3,-32.868820405464724,ToD blocks
2024-09-15,HDWF3,-25.132372174734098,ToD blocks
2024-09-22,HDWF3,-27.37620691055766,ToD blocks
2024-09-29,HDWF3,-212.1819915476395,ToD blocks
2024-10-06,HDWF3,-18.829043064457323,ToD blocks
2024-10-13,HDWF3,-16.44334790837391,ToD blocks
2024-10-20,HDWF3,-23.227192663157794,ToD blocks
2024-10-27,HDWF3,-63.84724789019113,ToD blocks
2024-11-03,HDWF3,-7.880959529938719,ToD blocks
2024-11-10,HDWF3,-30.219481906691048,ToD blocks
2024-11-17,HDWF3,-39.509984747221964,ToD blocks
2024-11-24,HDWF3,0.06843996745431014,ToD blocks
2024-12-01,HDWF3,-47.790732551019005,ToD blocks
2024-12-08,HDWF3,-46.26849078491986,ToD blocks
2024-12-15,HDWF3,-10.296937717246848,ToD blocks
2024-12-22,HDWF3,-14.745483668548582,ToD blocks
2024-12-29,HDWF3,-17.64575495850559,ToD blocks
2025-01-05,HDWF3,0.8193900398594067,ToD blocks
2020-01-05,LGAPWF1,3.9528276052806532,ToD blocks
2020-01-12,LGAPWF1,-1.4284776116625153,ToD blocks
2020-01-19,LGAPWF1,-0.3918117539166559,ToD blocks
2020-01-26,LGAPWF1,2.281095320919981,ToD blocks
2020-02-02,LGAPWF1,-5.7976501459501435,ToD blocks
2020-02-09,LGAPWF1,-9.440957710553942,ToD blocks
2020-02-16,LGAPWF1,-23.75040572542821,ToD blocks
2020-02-23,LGAPWF1,-19.6447392644195,ToD blocks
2020-03-01,LGAPWF1,-8.835430603025621,ToD blocks
2020-03-08,LGAPWF1,-18.787892475122298,ToD blocks
2020-03-15,LGAPWF1,-5.800747379813831,ToD blocks
2020-03-22,LGAPWF1,-3.995281138800685,ToD blocks
2020-03-29,LGAPWF1,-5.351687992015471,ToD blocks
2020-04-05,LGAPWF1,-6.845458397581609,ToD blocks
2020-04-12,LGAPWF1,-9.378502576450572,ToD blocks
2020-04-19,LGAPWF1,-10.984345181386704,ToD blocks
2020-04-26,LGAPWF1,-10.449596258540577,ToD blocks
2020-05-03,LGAPWF1,-5.343058067697843,ToD blocks
2020-05-10,LGAPWF1,-7.64530273822907,ToD blocks
2020-05-17,LGAPWF1,-4.291329082926879,ToD blocks
2020-05-24,LGAPWF1,-3.7598797547872707,ToD blocks
2020-05-31,LGAPWF1,-9.83425287755965,ToD blocks
2020-06-07,LGAPWF1,-6.157403933593329,ToD blocks
2020-06-14,LGAPWF1,-40.87451348429958,ToD blocks
2020-06-21,LGAPWF1,-4.3845752736180295,ToD blocks
2020-06-28,LGAPWF1,-9.951659166661926,ToD blocks
2020-07-05,LGAPWF1,-4.577944082634787,ToD blocks
2020-07-12,LGAPWF1,-9.601960951745262,ToD blocks
2020-07-19,LGAPWF1,-15.207436643792875,ToD blocks
2020-07-26,LGAPWF1,-14.121793826262312,ToD blocks
2020-08-02,LGAPWF1,-7.418397608891162,ToD blocks
2020-08-09,LGAPWF1,-4.657918637737772,ToD blocks
2020-08-16,LGAPWF1,-6.840278147786734,ToD blocks
2020-08-23,LGAPWF1,0.1657390586330223,ToD blocks
2020-08-30,LGAPWF1,-29.85950599665369,ToD blocks
2020-09-06,LGAPWF1,-9.843743233816419,ToD blocks
2020-09-13,LGAPWF1,9.857758179939163,ToD blocks
2020-09-20,LGAPWF1,4.797866314569465,ToD blocks
2020-09-27,LGAPWF1,3.146405175656902,ToD blocks
2020-10-04,LGAPWF1,-5.962272345061603,ToD blocks
2020-10-11,LGAPWF1,-15.773391255034184,ToD blocks
2020-10-18,LGAPWF1,-7.67930891729025,ToD blocks
2020-10-25,LGAPWF1,-10.822030047426736,ToD blocks
2020-11-01,LGAPWF1,-6.614081060035431,ToD blocks
2020-11-08,LGAPWF1,0.6341245640660418,ToD blocks
2020-11-15,LGAPWF1,-0.20243249696493137,ToD blocks
2020-11-22,LGAPWF1,-0.9646239160508969,ToD blocks
2020-11-29,LGAPWF1,-12.366322861259135,ToD blocks
2020-12-06,LGAPWF1,-3.4241175601781926,ToD blocks
2020-12-13,LGAPWF1,9.03634505229341,ToD blocks
2020-12-20,LGAPWF1,-2.1638074258139923,ToD blocks
2020-12-27,LGAPWF1,3.154368101239232,ToD blocks
2021-01-03,LGAPWF1,2.8924088702409065,ToD blocks
2021-01-10,LGAPWF1,-5.33920645150646,ToD blocks
2021-01-17,LGAPWF1,1.0331203888421108,ToD blocks
2021-01-24,LGAPWF1,-26.564603606895574,ToD blocks
2021-01-31,LGAPWF1,-0.09747646415400979,ToD blocks
2021-02-07,LGAPWF1,-0.9419867202615144,ToD blocks
2021-02-14,LGAPWF1,-1.5807338032884282,ToD blocks
2021-02-21,LGAPWF1,-9.134375057286231,ToD blocks
2021-02-28,LGAPWF1,4.140350074638484,ToD blocks
2021-03-07,LGAPWF1,2.4134622388460585,ToD blocks
2021-03-14,LGAPWF1,-204.85400139705902,ToD blocks
2021-03-21,LGAPWF1,-2.435437109893634,ToD blocks
2021-03-28,LGAPWF1,-7.113728692851964,ToD blocks
2021-04-04,LGAPWF1,1.1319339961482626,ToD blocks
2021-04-11,LGAPWF1,-4.03741238447008,ToD blocks
2021-04-18,LGAPWF1,-9.951795013804073,ToD blocks
2021-04-25,LGAPWF1,0.326324132293621,ToD blocks
2021-05-02,LGAPWF1,-16.433442323474324,ToD blocks
2021-05-09,LGAPWF1,-8.492124958596605,ToD blocks
2021-05-16,LGAPWF1,-19.851703709064424,ToD blocks
2021-05-23,LGAPWF1,-68.93129612469643,ToD blocks
2021-05-30,LGAPWF1,-20.625576628209004,ToD blocks
2021-06-06,LGAPWF1,-16.36005365784169,ToD blocks
2021-06-13,LGAPWF1,-12.774590485134759,ToD blocks
2021-06-20,LGAPWF1,-25.767716060939506,ToD blocks
2021-06-27,LGAPWF1,-18.673172514437596,ToD blocks
2021-07-04,LGAPWF1,-11.787817877446301,ToD blocks
2021-07-11,LGAPWF1,-41.51878385405402,ToD blocks
2021-07-18,LGAPWF1,-10.90298452987863,ToD blocks
2021-07-25,LGAPWF1,-13.252626613889134,ToD blocks
2021-08-01,LGAPWF1,-5.218084819141652,ToD blocks
2021-08-08,LGAPWF1,-22.782052049271186,ToD blocks
2021-08-15,LGAPWF1,-11.638909368596853,ToD blocks
2021-08-22,LGAPWF1,-10.48118079969602,ToD blocks
2021-08-29,LGAPWF1,-23.267690179377837,ToD blocks
2021-09-05,LGAPWF1,11.35024690372822,ToD blocks
2021-09-12,LGAPWF1,3.7005417031718633,ToD blocks
2021-09-19,LGAPWF1,2.682337236670186,ToD blocks
2021-09-26,LGAPWF1,1.207974138133018,ToD blocks
2021-10-03,LGAPWF1,0.15419121614635145,ToD blocks
2021-10-10,LGAPWF1,-2.86165488584421,ToD blocks
2021-10-17,LGAPWF1,5.1977678160934,ToD blocks
2021-10-24,LGAPWF1,11.764940046755159,ToD blocks
2021-10-31,LGAPWF1,7.75517050252531,ToD blocks
2021-11-07,LGAPWF1,-8.206068107698805,ToD blocks
2021-11-14,LGAPWF1,9.576072590113103,ToD blocks
2021-11-21,LGAPWF1,-14.412217803004935,ToD blocks
2021-11-28,LGAPWF1,-9.132552684040952,ToD blocks
2021-12-05,LGAPWF1,-18.00179813328024,ToD blocks
2021-12-12,LGAPWF1,-10.660270779616447,ToD blocks
2021-12-19,LGAPWF1,-7.362027330379135,ToD blocks
2021-12-26,LGAPWF1,-3.9913219751201865,ToD blocks
2022-01-02,LGAPWF1,-107.7490997473068,ToD blocks
2022-01-09,LGAPWF1,-9.776772894599862,ToD blocks
2022-01-16,LGAPWF1,-13.890045480383463,ToD blocks
2022-01-23,LGAPWF1,-10.504660607862398,ToD blocks
2022-01-30,LGAPWF1,-29.580381658543445,ToD blocks
2022-02-06,LGAPWF1,-66.32604082881016,ToD blocks
2022-02-13,LGAPWF1,-1.168472597791535,ToD blocks
2022-02-20,LGAPWF1,-4.066992562337703,ToD blocks
2022-02-27,LGAPWF1,-2.258285838129467,ToD blocks
2022-03-06,LGAPWF1,-19.8792369527835,ToD blocks
2022-03-13,LGAPWF1,-4.429500104189849,ToD blocks
2022-03-20,LGAPWF1,-28.2992317381309,ToD blocks
2022-03-27,LGAPWF1,-7.315699987299141,ToD blocks
2022-04-03,LGAPWF1,-21.337411821487677,ToD blocks
2022-04-10,LGAPWF1,-33.65432181697162,ToD blocks
2022-04-17,LGAPWF1,-13.912874318400526,ToD blocks
2022-04-24,LGAPWF1,6.961750727841064,ToD blocks
2022-05-01,LGAPWF1,-35.587052127444906,ToD blocks
2022-05-08,LGAPWF1,-8.751037726384737,ToD blocks
2022-05-15,LGAPWF1,-145.93868357846702,ToD blocks
2022-05-22,LGAPWF1,-132.38129940738634,ToD blocks
2022-05-29,LGAPWF1,-68.23117824953607,ToD blocks
2022-06-05,LGAPWF1,-56.41065502497514,ToD blocks
2022-06-12,LGAPWF1,0.12839193285213923,ToD blocks
2022-06-19,LGAPWF1,-68.85383058768272,ToD blocks
2022-06-26,LGAPWF1,-39.12369275478164,ToD blocks
2022-07-03,LGAPWF1,-31.29007309203496,ToD blocks
2022-07-10,LGAPWF1,-119.80386609839474,ToD blocks
2022-07-17,LGAPWF1,-112.40481166517162,ToD blocks
2022-07-24,LGAPWF1,-60.24437731800248,ToD blocks
2022-07-31,LGAPWF1,-162.21232406091272,ToD blocks
2022-08-07,LGAPWF1,-28.092998305161572,ToD blocks
2022-08-14,LGAPWF1,-40.87588375349169,ToD blocks
2022-08-21,LGAPWF1,-34.1807819883125,ToD blocks
2022-08-28,LGAPWF1,-221.28818579095235,ToD blocks
2022-09-04,LGAPWF1,-22.60264750894825,ToD blocks
2022-09-11,LGAPWF1,-58.29713133478822,ToD blocks
2022-09-18,LGAPWF1,-14.448449853804462,ToD blocks
2022-09-25,LGAPWF1,-22.422026182835765,ToD blocks
2022-10-02,LGAPWF1,12.264072079476279,ToD blocks
2022-10-09,LGAPWF1,-20.899757171456997,ToD blocks
2022-10-16,LGAPWF1,-58.84532871512684,ToD blocks
2022-10-23,LGAPWF1,1.5498661716751059,ToD blocks
2022-10-30,LGAPWF1,-30.816481987852235,ToD blocks
2022-11-06,LGAPWF1,-23.45590011131472,ToD blocks
2022-11-13,LGAPWF1,-34.614286337791896,ToD blocks
2022-11-20,LGAPWF1,-11.571697739908146,ToD blocks
2022-11-27,LGAPWF1,-16.90462095380468,ToD blocks
2022-12-04,LGAPWF1,1.2268823344653583,ToD blocks
2022-12-11,LGAPWF1,-31.637847336673502,ToD blocks
2022-12-18,LGAPWF1,0.07194472044893874,ToD blocks
2022-12-25,LGAPWF1,-5.020538274524135,ToD blocks
2023-01-01,LGAPWF1,-4.169477359696529,ToD blocks
2023-01-08,LGAPWF1,-19.927412423449255,ToD blocks
2023-01-15,LGAPWF1,-23.278282599272913,ToD blocks
2023-01-22,LGAPWF1,-8.152788922169528,ToD blocks
2023-01-29,LGAPWF1,-26.800838271895103,ToD blocks
2023-02-05,LGAPWF1,0.6297705872358179,ToD blocks
2023-02-12,LGAPWF1,-11.566334447310751,ToD blocks
2023-02-19,LGAPWF1,-106.73143120836352,ToD blocks
2023-02-26,LGAPWF1,-36.49438339178929,ToD blocks
2023-03-05,LGAPWF1,-9.048261654739022,ToD blocks
2023-03-12,LGAPWF1,-13.639517203781416,ToD blocks
2023-03-19,LGAPWF1,-4.632599058016311,ToD blocks
2023-03-26,LGAPWF1,-9.094045806728488,ToD blocks
2023-04-02,LGAPWF1,-13.00013243513547,ToD blocks
2023-04-09,LGAPWF1,-9.963851938933416,ToD blocks
2023-04-16,LGAPWF1,-8.593671082001713,ToD blocks
2023-04-23,LGAPWF1,-5.09495037651763,ToD blocks
2023-04-30,LGAPWF1,-59.97789692442624,ToD blocks
2023-05-07,LGAPWF1,-172.80101999604798,ToD blocks
2023-05-14,LGAPWF1,-26.821888370858034,ToD blocks
2023-05-21,LGAPWF1,-28.173057164154187,ToD blocks
2023-05-28,LGAPWF1,-63.85169323741688,ToD blocks
2023-06-04,LGAPWF1,-55.55973639226211,ToD blocks
2023-06-11,LGAPWF1,-29.711482008508945,ToD blocks
2023-06-18,LGAPWF1,-10.422522112797832,ToD blocks
2023-06-25,LGAPWF1,-10.808002349913536,ToD blocks
2023-07-02,LGAPWF1,-4.019554795777481,ToD blocks
2023-07-09,LGAPWF1,-43.04405942915926,ToD blocks
2023-07-16,LGAPWF1,-45.7903088374958,ToD blocks
2023-07-23,LGAPWF1,-24.34748254936102,ToD blocks
2023-07-30,LGAPWF1,-28.017781171510904,ToD blocks
2023-08-06,LGAPWF1,-44.03950627363179,ToD blocks
2023-08-13,LGAPWF1,-195.944715292217,ToD blocks
2023-08-20,LGAPWF1,-45.06247714082917,ToD blocks
2023-08-27,LGAPWF1,-18.25700047414918,ToD blocks
2023-09-03,LGAPWF1,-43.44582416420923,ToD blocks
2023-09-10,LGAPWF1,-17.13526632110525,ToD blocks
2023-09-17,LGAPWF1,-20.569508448850357,ToD blocks
2023-09-24,LGAPWF1,5.054422867295692,ToD blocks
2023-10-01,LGAPWF1,-3.9168185971251432,ToD blocks
2023-10-08,LGAPWF1,5.035290642935294,ToD blocks
2023-10-15,LGAPWF1,-9.45008726769321,ToD blocks
2023-10-22,LGAPWF1,-13.266474737029345,ToD blocks
2023-10-29,LGAPWF1,6.197513241028556,ToD blocks
2023-11-05,LGAPWF1,11.700856351317384,ToD blocks
2023-11-12,LGAPWF1,-9.246767517185077,ToD blocks
2023-11-19,LGAPWF1,10.682064915942746,ToD blocks
2023-11-26,LGAPWF1,6.131996741184032,ToD blocks
2023-12-03,LGAPWF1,16.026114090040615,ToD blocks
2023-12-10,LGAPWF1,29.888486407165885,ToD blocks
2023-12-17,LGAPWF1,-0.8137083581913913,ToD blocks
2023-12-24,LGAPWF1,15.530673209602096,ToD blocks
2023-12-31,LGAPWF1,3.0708578697390063,ToD blocks
2024-01-07,LGAPWF1,10.235090063587776,ToD blocks
2024-01-14,LGAPWF1,6.967830552484401,ToD blocks
2024-01-21,LGAPWF1,3.8042134929364053,ToD blocks
2024-01-28,LGAPWF1,-9.8126229442274,ToD blocks
2024-02-04,LGAPWF1,-7.726411488090612,ToD blocks
2024-02-11,LGAPWF1,8.701773318450329,ToD blocks
2024-02-18,LGAPWF1,1.223857320735462,ToD blocks
2024-02-25,LGAPWF1,-94.6136320525316,ToD blocks
2024-03-03,LGAPWF1,-18.058235332186115,ToD blocks
2024-03-10,LGAPWF1,-25.202681945796172,ToD blocks
2024-03-17,LGAPWF1,-42.01334448319297,ToD blocks
2024-03-24,LGAPWF1,-0.13468639778849223,ToD blocks
2024-03-31,LGAPWF1,6.277642428121496,ToD blocks
2024-04-07,LGAPWF1,-8.007685654634187,ToD blocks
2024-04-14,LGAPWF1,-0.5142647621237018,ToD blocks
2024-04-21,LGAPWF1,-2.7040108326646504,ToD blocks
2024-04-28,LGAPWF1,-25.166095235914483,ToD blocks
2024-05-05,LGAPWF1,4.183902041493013,ToD blocks
2024-05-12,LGAPWF1,7.301493759668745,ToD blocks
2024-05-19,LGAPWF1,-42.080183289908376,ToD blocks
2024-05-26,LGAPWF1,-32.49403864561984,ToD blocks
2024-06-02,LGAPWF1,-57.20882672653993,ToD blocks
2024-06-09,LGAPWF1,-21.123065080383526,ToD blocks
2024-06-16,LGAPWF1,-38.50409854773501,ToD blocks
2024-06-23,LGAPWF1,-13.377842610602045,ToD blocks
2024-06-30,LGAPWF1,-21.06079352001352,ToD blocks
2024-07-07,LGAPWF1,-34.52312564745944,ToD blocks
2024-07-14,LGAPWF1,-29.46864826751272,ToD blocks
2024-07-21,LGAPWF1,-71.54871520659306,ToD blocks
2024-07-28,LGAPWF1,-162.53104990143612,ToD blocks
2024-08-04,LGAPWF1,-194.24533181429527,ToD blocks
2024-08-11,LGAPWF1,-354.1740903329096,ToD blocks
2024-08-18,LGAPWF1,-15.795758645628084,ToD blocks
2024-08-25,LGAPWF1,-22.453298001047905,ToD blocks
2024-09-01,LGAPWF1,-18.68930899743166,ToD blocks
2024-09-08,LGAPWF1,-9.76407706806544,ToD blocks
2024-09-15,LGAPWF1,-7.250181915696018,ToD blocks
2024-09-22,LGAPWF1,-13.457450853859342,ToD blocks
2024-09-29,LGAPWF1,-240.39171691309812,ToD blocks
2024-10-06,LGAPWF1,8.794206373492361,ToD blocks
2024-10-13,LGAPWF1,13.297435046973852,ToD blocks
2024-10-20,LGAPWF1,8.56350411205866,ToD blocks
2024-10-27,LGAPWF1,-19.12667845052087,ToD blocks
2024-11-03,LGAPWF1,10.125428097306617,ToD blocks
2024-11-10,LGAPWF1,-5.904054769869049,ToD blocks
2024-11-17,LGAPWF1,7.28973046479345,ToD blocks
2024-11-24,LGAPWF1,-2.003741849759024,ToD blocks
2024-12-01,LGAPWF1,5.52528534039304,ToD blocks
2024-12-08,LGAPWF1,-17.4718248043894,ToD blocks
2024-12-15,LGAPWF1,10.290253034502285,ToD blocks
2024-12-22,LGAPWF1,16.50207935532945,ToD blocks
2024-12-29,LGAPWF1,4.209945118329976,ToD blocks
2025-01-05,LGAPWF1,24.01225240636488,ToD blocks
2020-01-05,LKBONNY2,-5.443522992761466,ToD blocks
2020-01-12,LKBONNY2,-4.946126658737036,ToD blocks
2020-01-19,LKBONNY2,-7.872350403840073,ToD blocks
2020-01-26,LKBONNY2,-11.498627694841552,ToD blocks
2020-02-02,LKBONNY2,48.97537817058043,ToD blocks
2020-02-09,LKBONNY2,2.504838720504747,ToD blocks
2020-02-16,LKBONNY2,-6.404717504131938,ToD blocks
2020-02-23,LKBONNY2,-36.980005718782415,ToD blocks
2020-03-01,LKBONNY2,-11.723788075221698,ToD blocks
2020-03-08,LKBONNY2,-27.94092750278152,ToD blocks
2020-03-15,LKBONNY2,0.012630360005822183,ToD blocks
2020-03-22,LKBONNY2,-4.1907023235157865,ToD blocks
2020-03-29,LKBONNY2,-2.9842357840465183,ToD blocks
2020-04-05,LKBONNY2,-25.78622268991147,ToD blocks
2020-04-12,LKBONNY2,-21.08297815492814,ToD blocks
2020-04-19,LKBONNY2,-11.845064152995366,ToD blocks
2020-04-26,LKBONNY2,-8.593644181994765,ToD blocks
2020-05-03,LKBONNY2,-5.762567135257989,ToD blocks
2020-05-10,LKBONNY2,-8.484715944243838,ToD blocks
2020-05-17,LKBONNY2,-14.409020416329167,ToD blocks
2020-05-24,LKBONNY2,-4.511170400338372,ToD blocks
2020-05-31,LKBONNY2,-8.808034594757359,ToD blocks
2020-06-07,LKBONNY2,-13.733308036840803,ToD blocks
2020-06-14,LKBONNY2,-37.98099638932497,ToD blocks
2020-06-21,LKBONNY2,-10.802413166313997,ToD blocks
2020-06-28,LKBONNY2,-10.67529199544083,ToD blocks
2020-07-05,LKBONNY2,-2.9818331396172866,ToD blocks
2020-07-12,LKBONNY2,-9.040898178660072,ToD blocks
2020-07-19,LKBONNY2,-14.000838368064862,ToD blocks
2020-07-26,LKBONNY2,-17.174738490088778,ToD blocks
2020-08-02,LKBONNY2,-7.145176443971778,ToD blocks
2020-08-09,LKBONNY2,2.1322130858406396,ToD blocks
2020-08-16,LKBONNY2,-9.15232208651689,ToD blocks
2020-08-23,LKBONNY2,-5.623622539005847,ToD blocks
2020-08-30,LKBONNY2,-34.272526456648116,ToD blocks
2020-09-06,LKBONNY2,-7.535882902580131,ToD blocks
2020-09-13,LKBONNY2,1.9774804457862913,ToD blocks
2020-09-20,LKBONNY2,1.8239681810936759,ToD blocks
2020-09-27,LKBONNY2,0.23337169956695902,ToD blocks
2020-10-04,LKBONNY2,4.782881475631299,ToD blocks
2020-10-11,LKBONNY2,11.500603778845019,ToD blocks
2020-10-18,LKBONNY2,-3.338531198330408,ToD blocks
2020-10-25,LKBONNY2,-8.422867979348865,ToD blocks
2020-11-01,LKBONNY2,3.095145098382204,ToD blocks
2020-11-08,LKBONNY2,-0.2100645709611868,ToD blocks
2020-11-15,LKBONNY2,-7.453893992924527,ToD blocks
2020-11-22,LKBONNY2,-5.561367571417094,ToD blocks
2020-11-29,LKBONNY2,-8.705474758574844,ToD blocks
2020-12-06,LKBONNY2,-4.209094481526501,ToD blocks
2020-12-13,LKBONNY2,4.506183752314939,ToD blocks
2020-12-20,LKBONNY2,-0.48308062949816133,ToD blocks
2020-12-27,LKBONNY2,-2.453055596280432,ToD blocks
2021-01-03,LKBONNY2,2.1516074723359715,ToD blocks
2021-01-10,LKBONNY2,-1.3809873976989984,ToD blocks
2021-01-17,LKBONNY2,6.965511254901571,ToD blocks
2021-01-24,LKBONNY2,5.701042367375081,ToD blocks
2021-01-31,LKBONNY2,-7.526279676793191,ToD blocks
2021-02-07,LKBONNY2,2.6137644000058344,ToD blocks
2021-02-14,LKBONNY2,-0.8576080999810856,ToD blocks
2021-02-21,LKBONNY2,-4.195787964620301,ToD blocks
2021-02-28,LKBONNY2,10.45076195372459,ToD blocks
2021-03-07,LKBONNY2,1.708491093108588,ToD blocks
2021-03-14,LKBONNY2,14.430595199966461,ToD blocks
2021-03-21,LKBONNY2,-0.9948270699062576,ToD blocks
2021-03-28,LKBONNY2,-8.370856043586556,ToD blocks
2021-04-04,LKBONNY2,-11.250687960727902,ToD blocks
2021-04-11,LKBONNY2,-7.920717775519119,ToD blocks
2021-04-18,LKBONNY2,-14.252336284278346,ToD blocks
2021-04-25,LKBONNY2,-14.39656382357532,ToD blocks
2021-05-02,LKBONNY2,-49.36316382922995,ToD blocks
2021-05-09,LKBONNY2,-2.4873489600257557,ToD blocks
2021-05-16,LKBONNY2,-15.114923992727562,ToD blocks
2021-05-23,LKBONNY2,-75.19135736336435,ToD blocks
2021-05-30,LKBONNY2,-2.5266089202577007,ToD blocks
2021-06-06,LKBONNY2,-14.640231058328894,ToD blocks
2021-06-13,LKBONNY2,-24.74048033572859,ToD blocks
2021-06-20,LKBONNY2,-5.93475816778394,ToD blocks
2021-06-27,LKBONNY2,-24.25666612307623,ToD blocks
2021-07-04,LKBONNY2,-11.161991605489405,ToD blocks
2021-07-11,LKBONNY2,-55.7983701222017,ToD blocks
2021-07-18,LKBONNY2,-8.083503006505417,ToD blocks
2021-07-25,LKBONNY2,-23.506957338718408,ToD blocks
2021-08-01,LKBONNY2,3.350149082842414,ToD blocks
2021-08-08,LKBONNY2,-11.378715311241663,ToD blocks
2021-08-15,LKBONNY2,-1.050099279575882,ToD blocks
2021-08-22,LKBONNY2,-13.71737625578469,ToD blocks
2021-08-29,LKBONNY2,-8.588073707214804,ToD blocks
2021-09-05,LKBONNY2,3.174638972406175,ToD blocks
2021-09-12,LKBONNY2,5.466528389583651,ToD blocks
2021-09-19,LKBONNY2,-16.489912386931127,ToD blocks
2021-09-26,LKBONNY2,8.977670369353582,ToD blocks
2021-10-03,LKBONNY2,13.659242908176044,ToD blocks
2021-10-10,LKBONNY2,-1.2630189411525432,ToD blocks
2021-10-17,LKBONNY2,-15.836136523001716,ToD blocks
2021-10-24,LKBONNY2,-0.9261504051748073,ToD blocks
2021-10-31,LKBONNY2,46.945260692614326,ToD blocks
2021-11-07,LKBONNY2,-9.87703437496831,ToD blocks
2021-11-14,LKBONNY2,-6.7177077462861945,ToD blocks
2021-11-21,LKBONNY2,-34.46752139261913,ToD blocks
2021-11-28,LKBONNY2,-15.469102851354265,ToD blocks
2021-12-05,LKBONNY2,-2.7160510643388704,ToD blocks
2021-12-12,LKBONNY2,-5.362663876108485,ToD blocks
2021-12-19,LKBONNY2,11.958890258550184,ToD blocks
2021-12-26,LKBONNY2,-8.120467433951948,ToD blocks
2022-01-02,LKBONNY2,-105.55463945343803,ToD blocks
2022-01-09,LKBONNY2,2.4128209032839685,ToD blocks
2022-01-16,LKBONNY2,0.1504620614216492,ToD blocks
2022-01-23,LKBONNY2,-1.1393780221752827,ToD blocks
2022-01-30,LKBONNY2,-19.963109182884395,ToD blocks
2022-02-06,LKBONNY2,-59.70228008386299,ToD blocks
2022-02-13,LKBONNY2,-9.563457049434064,ToD blocks
2022-02-20,LKBONNY2,-7.642421364775132,ToD blocks
2022-02-27,LKBONNY2,-5.769446774264836,ToD blocks
2022-03-06,LKBONNY2,-18.538230010736434,ToD blocks
2022-03-13,LKBONNY2,2.880460409912221,ToD blocks
2022-03-20,LKBONNY2,-36.3036485571815,ToD blocks
2022-03-27,LKBONNY2,-5.067977481781867,ToD blocks
2022-04-03,LKBONNY2,-9.979522977461784,ToD blocks
2022-04-10,LKBONNY2,-91.35790766963562,ToD blocks
2022-04-17,LKBONNY2,-76.16517525806132,ToD blocks
2022-04-24,LKBONNY2,-5.751755041200397,ToD blocks
2022-05-01,LKBONNY2,-14.812397353029894,ToD blocks
2022-05-08,LKBONNY2,-37.53968605784053,ToD blocks
2022-05-15,LKBONNY2,-193.3447619884572,ToD blocks
2022-05-22,LKBONNY2,0.8919403870203837,ToD blocks
2022-05-29,LKBONNY2,-49.12151413453057,ToD blocks
2022-06-05,LKBONNY2,-46.98426836622821,ToD blocks
2022-06-12,LKBONNY2,-41.005226575114534,ToD blocks
2022-06-19,LKBONNY2,-60.79486362159511,ToD blocks
2022-06-26,LKBONNY2,-15.926542362025401,ToD blocks
2022-07-03,LKBONNY2,-44.62174366009134,ToD blocks
2022-07-10,LKBONNY2,22.64232652627709,ToD blocks
2022-07-17,LKBONNY2,-221.1702883058283,ToD blocks
2022-07-24,LKBONNY2,-56.907257037753254,ToD blocks
2022-07-31,LKBONNY2,-117.50207816244057,ToD blocks
2022-08-07,LKBONNY2,-36.921651283044994,ToD blocks
2022-08-14,LKBONNY2,-44.73525370238495,ToD blocks
2022-08-21,LKBONNY2,-37.1036033427697,ToD blocks
2022-08-28,LKBONNY2,-238.34003289591055,ToD blocks
2022-09-04,LKBONNY2,-35.58070378470359,ToD blocks
2022-09-11,LKBONNY2,17.703950728759878,ToD blocks
2022-09-18,LKBONNY2,-34.54641027846118,ToD blocks
2022-09-25,LKBONNY2,-49.43123525800122,ToD blocks
2022-10-02,LKBONNY2,-4.386052626189155,ToD blocks
2022-10-09,LKBONNY2,-24.43899592733551,ToD blocks
2022-10-16,LKBONNY2,-70.66156214202371,ToD blocks
2022-10-23,LKBONNY2,3.6858108753369265,ToD blocks
2022-10-30,LKBONNY2,-36.79374027899986,ToD blocks
2022-11-06,LKBONNY2,-42.41632608868673,ToD blocks
2022-11-13,LKBONNY2,-33.412112456917455,ToD blocks
2022-11-20,LKBONNY2,7.050144834934088,ToD blocks
2022-11-27,LKBONNY2,-21.062125410850605,ToD blocks
2022-12-04,LKBONNY2,6.411730254429017,ToD blocks
2022-12-11,LKBONNY2,-6.80975040827321,ToD blocks
2022-12-18,LKBONNY2,12.681729743142135,ToD blocks
2022-12-25,LKBONNY2,-13.693525963279235,ToD blocks
2023-01-01,LKBONNY2,-16.649457058253503,ToD blocks
2023-01-08,LKBONNY2,1.7800386851236176,ToD blocks
2023-01-15,LKBONNY2,-20.237610820533135,ToD blocks
2023-01-22,LKBONNY2,1.6612967915742942,ToD blocks
2023-01-29,LKBONNY2,-13.330525058932608,ToD blocks
2023-02-05,LKBONNY2,-16.114664351531143,ToD blocks
2023-02-12,LKBONNY2,-9.584408629493993,ToD blocks
2023-02-19,LKBONNY2,-99.4759855654139,ToD blocks
2023-02-26,LKBONNY2,-25.47255502461691,ToD blocks
2023-03-05,LKBONNY2,-19.764078641962946,ToD blocks
2023-03-12,LKBONNY2,-15.912086065950842,ToD blocks
2023-03-19,LKBONNY2,-25.379772193797187,ToD blocks
2023-03-26,LKBONNY2,-12.41669371061161,ToD blocks
2023-04-02,LKBONNY2,-7.478123485907574,ToD blocks
2023-04-09,LKBONNY2,-10.268352911110156,ToD blocks
2023-04-16,LKBONNY2,-3.1502781172520784,ToD blocks
2023-04-23,LKBONNY2,5.568773179541296,ToD blocks
2023-04-30,LKBONNY2,-29.19167733318551,ToD blocks
2023-05-07,LKBONNY2,-199.97089605958303,ToD blocks
2023-05-14,LKBONNY2,-29.40663316884107,ToD blocks
2023-05-21,LKBONNY2,-59.51527500297516,ToD blocks
2023-05-28,LKBONNY2,-27.78083630402935,ToD blocks
2023-06-04,LKBONNY2,-27.864293024536437,ToD blocks
2023-06-11,LKBONNY2,-14.000953762794204,ToD blocks
2023-06-18,LKBONNY2,7.584132276570772,ToD blocks
2023-06-25,LKBONNY2,-35.21671509401516,ToD blocks
2023-07-02,LKBONNY2,-80.81091104831724,ToD blocks
2023-07-09,LKBONNY2,-49.476925992919796,ToD blocks
2023-07-16,LKBONNY2,-2.682720166262257,ToD blocks
2023-07-23,LKBONNY2,-29.402488696487424,ToD blocks
2023-07-30,LKBONNY2,-47.556891796009666,ToD blocks
2023-08-06,LKBONNY2,-75.60688562847491,ToD blocks
2023-08-13,LKBONNY2,-66.7536998031589,ToD blocks
2023-08-20,LKBONNY2,-74.17492503417847,ToD blocks
2023-08-27,LKBONNY2,-2.444892099009266,ToD blocks
2023-09-03,LKBONNY2,26.571610364040126,ToD blocks
2023-09-10,LKBONNY2,-0.4349412160645798,ToD blocks
2023-09-17,LKBONNY2,-16.36301035605674,ToD blocks
2023-09-24,LKBONNY2,-29.353419994730213,ToD blocks
2023-10-01,LKBONNY2,-19.502255697870837,ToD blocks
2023-10-08,LKBONNY2,-7.4720550722388595,ToD blocks
2023-10-15,LKBONNY2,-16.805631442019045,ToD blocks
2023-10-22,LKBONNY2,-28.50490939768146,ToD blocks
2023-10-29,LKBONNY2,-13.548615737837576,ToD blocks
2023-11-05,LKBONNY2,-10.014044242359802,ToD blocks
2023-11-12,LKBONNY2,-57.05349148909889,ToD blocks
2023-11-19,LKBONNY2,-33.528773861926126,ToD blocks
2023-11-26,LKBONNY2,-12.372746034573673,ToD blocks
2023-12-03,LKBONNY2,-0.5975033443579676,ToD blocks
2023-12-10,LKBONNY2,-5.292432580764796,ToD blocks
2023-12-17,LKBONNY2,-2.9210839170499057,ToD blocks
2023-12-24,LKBONNY2,5.599411372688136,ToD blocks
2023-12-31,LKBONNY2,-7.160383717200181,ToD blocks
2024-01-07,LKBONNY2,-7.044379857469387,ToD blocks
2024-01-14,LKBONNY2,-18.737400597776,ToD blocks
2024-01-21,LKBONNY2,12.0113327306325,ToD blocks
2024-01-28,LKBONNY2,1.2993620597334612,ToD blocks
2024-02-04,LKBONNY2,-27.799590438145906,ToD blocks
2024-02-11,LKBONNY2,-11.002313024329071,ToD blocks
2024-02-18,LKBONNY2,5.615422058514042,ToD blocks
2024-02-25,LKBONNY2,-49.98863209743375,ToD blocks
2024-03-03,LKBONNY2,-15.531089571572636,ToD blocks
2024-03-10,LKBONNY2,-9.215091068081037,ToD blocks
2024-03-17,LKBONNY2,-15.971703737444585,ToD blocks
2024-03-24,LKBONNY2,-3.834463135729358,ToD blocks
2024-03-31,LKBONNY2,9.865250549534352,ToD blocks
2024-04-07,LKBONNY2,-37.70497988663589,ToD blocks
2024-04-14,LKBONNY2,-39.695897638619456,ToD blocks
2024-04-21,LKBONNY2,-27.583402464860114,ToD blocks
2024-04-28,LKBONNY2,-36.13162159653477,ToD blocks
2024-05-05,LKBONNY2,-7.536807916000441,ToD blocks
2024-05-12,LKBONNY2,2.3537001452258153,ToD blocks
2024-05-19,LKBONNY2,-23.917573064507067,ToD blocks
2024-05-26,LKBONNY2,-29.15585146314129,ToD blocks
2024-06-02,LKBONNY2,-58.39677381136836,ToD blocks
2024-06-09,LKBONNY2,-17.287186554019144,ToD blocks
2024-06-16,LKBONNY2,-80.65204701436006,ToD blocks
2024-06-23,LKBONNY2,-55.504747618537436,ToD blocks
2024-06-30,LKBONNY2,-12.742829810080949,ToD blocks
2024-07-07,LKBONNY2,-29.145917691147844,ToD blocks
2024-07-14,LKBONNY2,-32.79683980759697,ToD blocks
2024-07-21,LKBONNY2,-105.71445106499107,ToD blocks
2024-07-28,LKBONNY2,-180.23781878736492,ToD blocks
2024-08-04,LKBONNY2,-242.77381149578733,ToD blocks
2024-08-11,LKBONNY2,-170.01065429510118,ToD blocks
2024-08-18,LKBONNY2,-15.450939914830897,ToD blocks
2024-08-25,LKBONNY2,-11.94016229774575,ToD blocks
2024-09-01,LKBONNY2,-2.6230032359305984,ToD blocks
2024-09-08,LKBONNY2,17.984796307561425,ToD blocks
2024-09-15,LKBONNY2,-10.726786113221916,ToD blocks
2024-09-22,LKBONNY2,-24.12390613744863,ToD blocks
2024-09-29,LKBONNY2,-235.72171132871696,ToD blocks
2024-10-06,LKBONNY2,-7.133128965444261,ToD blocks
2024-10-13,LKBONNY2,35.96813354852331,ToD blocks
2024-10-20,LKBONNY2,16.43167845352105,ToD blocks
2024-10-27,LKBONNY2,-14.441864733284831,ToD blocks
2024-11-03,LKBONNY2,0.5954925932687694,ToD blocks
2024-11-10,LKBONNY2,-14.243882026915955,ToD blocks
2024-11-17,LKBONNY2,28.797176734926467,ToD blocks
2024-11-24,LKBONNY2,12.358196146326648,ToD blocks
2024-12-01,LKBONNY2,1.5271064544597266,ToD blocks
2024-12-08,LKBONNY2,29.35048612424795,ToD blocks
2024-12-15,LKBONNY2,-6.942055240420402,ToD blocks
2024-12-22,LKBONNY2,16.108580777145285,ToD blocks
2024-12-29,LKBONNY2,-7.252236590235006,ToD blocks
2025-01-05,LKBONNY2,-70.9702566307875,ToD blocks
2020-01-05,LKBONNY3,-4.45100883138312,ToD blocks
2020-01-12,LKBONNY3,-4.59904994141548,ToD blocks
2020-01-19,LKBONNY3,-7.5882674467243945,ToD blocks
2020-01-26,LKBONNY3,-8.073624286696159,ToD blocks
2020-02-02,LKBONNY3,-14.140142879724607,ToD blocks
2020-02-09,LKBONNY3,3.826811482790781,ToD blocks
2020-02-16,LKBONNY3,-9.446234032996529,ToD blocks
2020-02-23,LKBONNY3,-38.47752046951979,ToD blocks
2020-03-01,LKBONNY3,-12.137812457757974,ToD blocks
2020-03-08,LKBONNY3,-25.4081851516616,ToD blocks
2020-03-15,LKBONNY3,1.0896843260166875,ToD blocks
2020-03-22,LKBONNY3,-3.2590105945575445,ToD blocks
2020-03-29,LKBONNY3,-2.100726267549952,ToD blocks
2020-04-05,LKBONNY3,-28.00656207743206,ToD blocks
2020-04-12,LKBONNY3,-19.19804664522662,ToD blocks
2020-04-19,LKBONNY3,-11.116097826796011,ToD blocks
2020-04-26,LKBONNY3,-6.5703913468299575,ToD blocks
2020-05-03,LKBONNY3,-5.116704005047858,ToD blocks
2020-05-10,LKBONNY3,-9.07772363510033,ToD blocks
2020-05-17,LKBONNY3,-9.942901434962678,ToD blocks
2020-05-24,LKBONNY3,-4.447301754066999,ToD blocks
2020-05-31,LKBONNY3,-8.849620671942517,ToD blocks
2020-06-07,LKBONNY3,-13.94311864319944,ToD blocks
2020-06-14,LKBONNY3,-38.86539208581604,ToD blocks
2020-06-21,LKBONNY3,-10.512658648016647,ToD blocks
2020-06-28,LKBONNY3,-10.29493462035768,ToD blocks
2020-07-05,LKBONNY3,-2.7799747008249795,ToD blocks
2020-07-12,LKBONNY3,-9.345150436068103,ToD blocks
2020-07-19,LKBONNY3,-14.038564977817444,ToD blocks
2020-07-26,LKBONNY3,-15.583610278951866,ToD blocks
2020-08-02,LKBONNY3,-6.109467033897339,ToD blocks
2020-08-09,LKBONNY3,2.6623499458476445,ToD blocks
2020-08-16,LKBONNY3,-8.446010274005431,ToD blocks
2020-08-23,LKBONNY3,-4.743536229949733,ToD blocks
2020-08-30,LKBONNY3,-28.921097544497865,ToD blocks
2020-09-06,LKBONNY3,-5.9470744725645694,ToD blocks
2020-09-13,LKBONNY3,3.744546230262517,ToD blocks
2020-09-20,LKBONNY3,2.615737000489851,ToD blocks
2020-09-27,LKBONNY3,-0.7838140671486293,ToD blocks
2020-10-04,LKBONNY3,6.422504656248925,ToD blocks
2020-10-11,LKBONNY3,11.953094513498144,ToD blocks
2020-10-18,LKBONNY3,-2.7733242679331127,ToD blocks
2020-10-25,LKBONNY3,-8.252610237495553,ToD blocks
2020-11-01,LKBONNY3,3.459114412182437,ToD blocks
2020-11-08,LKBONNY3,2.316867300693211,ToD blocks
2020-11-15,LKBONNY3,-6.580717544898121,ToD blocks
2020-11-22,LKBONNY3,-4.365978124765206,ToD blocks
2020-11-29,LKBONNY3,-6.4127128717491,ToD blocks
2020-12-06,LKBONNY3,-7.8381330262165925,ToD blocks
2020-12-13,LKBONNY3,2.515874358711537,ToD blocks
2020-12-20,LKBONNY3,0.0054710051504969215,ToD blocks
2020-12-27,LKBONNY3,-3.194137171195141,ToD blocks
2021-01-03,LKBONNY3,3.243090906428659,ToD blocks
2021-01-10,LKBONNY3,-0.3966112369936461,ToD blocks
2021-01-17,LKBONNY3,8.845265625246768,ToD blocks
2021-01-24,LKBONNY3,13.23034605273341,ToD blocks
2021-01-31,LKBONNY3,-3.076684376957491,ToD blocks
2021-02-07,LKBONNY3,4.596127729259962,ToD blocks
2021-02-14,LKBONNY3,0.6793929180473839,ToD blocks
2021-02-21,LKBONNY3,-2.904433933924871,ToD blocks
2021-02-28,LKBONNY3,12.705463965495973,ToD blocks
2021-03-07,LKBONNY3,1.846188987746988,ToD blocks
2021-03-14,LKBONNY3,105.04512342077842,ToD blocks
2021-03-21,LKBONNY3,-1.609728324673398,ToD blocks
2021-03-28,LKBONNY3,-4.921308069260654,ToD blocks
2021-04-04,LKBONNY3,-10.217141057608334,ToD blocks
2021-04-11,LKBONNY3,-8.788959227906155,ToD blocks
2021-04-18,LKBONNY3,-13.003525449442641,ToD blocks
2021-04-25,LKBONNY3,-13.06382042280761,ToD blocks
2021-05-02,LKBONNY3,-51.047279116810245,ToD blocks
2021-05-09,LKBONNY3,-0.48143308812990426,ToD blocks
2021-05-16,LKBONNY3,-13.956553941180928,ToD blocks
2021-05-23,LKBONNY3,-52.42485377534334,ToD blocks
2021-05-30,LKBONNY3,-1.1294412726589087,ToD blocks
2021-06-06,LKBONNY3,-18.096955703980584,ToD blocks
2021-06-13,LKBONNY3,-23.888815716337014,ToD blocks
2021-06-20,LKBONNY3,-7.453785733522025,ToD blocks
2021-06-27,LKBONNY3,-23.280032437093368,ToD blocks
2021-07-04,LKBONNY3,-9.536839414047591,ToD blocks
2021-07-11,LKBONNY3,-61.42835296530825,ToD blocks
2021-07-18,LKBONNY3,-9.530027553973746,ToD blocks
2021-07-25,LKBONNY3,-24.44285947929592,ToD blocks
2021-08-01,LKBONNY3,3.4580235802875947,ToD blocks
2021-08-08,LKBONNY3,-10.962987337665453,ToD blocks
2021-08-15,LKBONNY3,-1.3948399984738629,ToD blocks
2021-08-22,LKBONNY3,-11.965060545704052,ToD blocks
2021-08-29,LKBONNY3,-6.095581544334728,ToD blocks
2021-09-05,LKBONNY3,3.6431606105345296,ToD blocks
2021-09-12,LKBONNY3,4.943650551385094,ToD blocks
2021-09-19,LKBONNY3,-18.925219037835088,ToD blocks
2021-09-26,LKBONNY3,7.7378793295130635,ToD blocks
2021-10-03,LKBONNY3,12.393112061720348,ToD blocks
2021-10-10,LKBONNY3,-3.166962131213918,ToD blocks
2021-10-17,LKBONNY3,-19.92100582513595,ToD blocks
2021-10-24,LKBONNY3,-2.051842384945954,ToD blocks
2021-10-31,LKBONNY3,40.475393264070775,ToD blocks
2021-11-07,LKBONNY3,-11.88868069997882,ToD blocks
2021-11-14,LKBONNY3,-8.996982131858882,ToD blocks
2021-11-21,LKBONNY3,-34.9739173452695,ToD blocks
2021-11-28,LKBONNY3,-20.915508314542645,ToD blocks
2021-12-05,LKBONNY3,-10.49078573182041,ToD blocks
2021-12-12,LKBONNY3,-10.230451996516983,ToD blocks
2021-12-19,LKBONNY3,13.540160311566936,ToD blocks
2021-12-26,LKBONNY3,-10.77289279399865,ToD blocks
2022-01-02,LKBONNY3,-104.09359507549632,ToD blocks
2022-01-09,LKBONNY3,-3.931895139483448,ToD blocks
2022-01-16,LKBONNY3,-6.290057038907605,ToD blocks
2022-01-23,LKBONNY3,-1.1191039810508059,ToD blocks
2022-01-30,LKBONNY3,-18.807056207351152,ToD blocks
2022-02-06,LKBONNY3,-59.773067093153564,ToD blocks
2022-02-13,LKBONNY3,-9.744293077117902,ToD blocks
2022-02-20,LKBONNY3,-9.964760063612204,ToD blocks
2022-02-27,LKBONNY3,-7.459874556913292,ToD blocks
2022-03-06,LKBONNY3,-17.43393229061092,ToD blocks
2022-03-13,LKBONNY3,-3.9328028104419417,ToD blocks
2022-03-20,LKBONNY3,-36.058180936830496,ToD blocks
2022-03-27,LKBONNY3,-4.847382526766907,ToD blocks
2022-04-03,LKBONNY3,-13.867158439455835,ToD blocks
2022-04-10,LKBONNY3,-85.46920033847277,ToD blocks
2022-04-17,LKBONNY3,-62.764319078703096,ToD blocks
2022-04-24,LKBONNY3,-7.48722000358589,ToD blocks
2022-05-01,LKBONNY3,-10.498003282205417,ToD blocks
2022-05-08,LKBONNY3,-30.260585868314763,ToD blocks
2022-05-15,LKBONNY3,-209.90306223714578,ToD blocks
2022-05-22,LKBONNY3,-49.44678994488862,ToD blocks
2022-05-29,LKBONNY3,-46.71803694762576,ToD blocks
2022-06-05,LKBONNY3,-54.004524165804725,ToD blocks
2022-06-12,LKBONNY3,-43.588514435738034,ToD blocks
2022-06-19,LKBONNY3,-57.70818581547931,ToD blocks
2022-06-26,LKBONNY3,-13.959873403080252,ToD blocks
2022-07-03,LKBONNY3,-37.60473955114065,ToD blocks
2022-07-10,LKBONNY3,19.448365964124207,ToD blocks
2022-07-17,LKBONNY3,-204.31608088905702,ToD blocks
2022-07-24,LKBONNY3,-50.63298542515531,ToD blocks
2022-07-31,LKBONNY3,-126.38861245633814,ToD blocks
2022-08-07,LKBONNY3,-35.11202726679361,ToD blocks
2022-08-14,LKBONNY3,-50.73981920942781,ToD blocks
2022-08-21,LKBONNY3,-36.18178968196206,ToD blocks
2022-08-28,LKBONNY3,-235.98487747415376,ToD blocks
2022-09-04,LKBONNY3,-30.94848965641617,ToD blocks
2022-09-11,LKBONNY3,74.91880985963567,ToD blocks
2022-09-18,LKBONNY3,-35.266254632371925,ToD blocks
2022-09-25,LKBONNY3,-28.18747792754796,ToD blocks
2022-10-02,LKBONNY3,-5.454234760608671,ToD blocks
2022-10-09,LKBONNY3,-17.629029856868854,ToD blocks
2022-10-16,LKBONNY3,-56.43890868091371,ToD blocks
2022-10-23,LKBONNY3,6.503402528560827,ToD blocks
2022-10-30,LKBONNY3,-16.32876046829854,ToD blocks
2022-11-06,LKBONNY3,-41.49915858399579,ToD blocks
2022-11-13,LKBONNY3,-24.249185098613424,ToD blocks
2022-11-20,LKBONNY3,30.001961080850627,ToD blocks
2022-11-27,LKBONNY3,-13.026092297535179,ToD blocks
2022-12-04,LKBONNY3,7.7010689916554895,ToD blocks
2022-12-11,LKBONNY3,-0.6460920234319829,ToD blocks
2022-12-18,LKBONNY3,20.1562511563471,ToD blocks
2022-12-25,LKBONNY3,-17.136050471093377,ToD blocks
2023-01-01,LKBONNY3,-12.254659985136385,ToD blocks
2023-01-08,LKBONNY3,-2.4202909444295173,ToD blocks
2023-01-15,LKBONNY3,-15.753823458573223,ToD blocks
2023-01-22,LKBONNY3,3.7721658494464805,ToD blocks
2023-01-29,LKBONNY3,-7.136374423304886,ToD blocks
2023-02-05,LKBONNY3,-1.5741488456472723,ToD blocks
2023-02-12,LKBONNY3,-24.826205020645517,ToD blocks
2023-02-19,LKBONNY3,-88.51193121007968,ToD blocks
2023-02-26,LKBONNY3,-21.685374191184152,ToD blocks
2023-03-05,LKBONNY3,-15.054000147749207,ToD blocks
2023-03-12,LKBONNY3,-7.124271237255371,ToD blocks
2023-03-19,LKBONNY3,-21.92694039056962,ToD blocks
2023-03-26,LKBONNY3,-8.220275191175602,ToD blocks
2023-04-02,LKBONNY3,2.323456462330313,ToD blocks
2023-04-09,LKBONNY3,-8.74079088147056,ToD blocks
2023-04-16,LKBONNY3,26.63759263708444,ToD blocks
2023-04-23,LKBONNY3,6.077811946475009,ToD blocks
2023-04-30,LKBONNY3,,ToD blocks
2023-05-07,LKBONNY3,-175.85907876333457,ToD blocks
2023-05-14,LKBONNY3,-26.16487250503883,ToD blocks
2023-05-21,LKBONNY3,-56.65050068703145,ToD blocks
2023-05-28,LKBONNY3,-33.64435867949071,ToD blocks
2023-06-04,LKBONNY3,-34.81829404972473,ToD blocks
2023-06-11,LKBONNY3,-4.737655983517691,ToD blocks
2023-06-18,LKBONNY3,15.934637875063302,ToD blocks
2023-06-25,LKBONNY3,-29.925265283635596,ToD blocks
2023-07-02,LKBONNY3,-59.19624241304419,ToD blocks
2023-07-09,LKBONNY3,-38.567352131034646,ToD blocks
2023-07-16,LKBONNY3,1.6480498297348731,ToD blocks
2023-07-23,LKBONNY3,-13.727497246491055,ToD blocks
2023-07-30,LKBONNY3,-36.09188720472906,ToD blocks
2023-08-06,LKBONNY3,-68.98838891868186,ToD blocks
2023-08-13,LKBONNY3,12.452504812675386,ToD blocks
2023-08-20,LKBONNY3,-68.92623880831272,ToD blocks
2023-08-27,LKBONNY3,8.806631453312434,ToD blocks
2023-09-03,LKBONNY3,28.366028795101187,ToD blocks
2023-09-10,LKBONNY3,28.554821879467475,ToD blocks
2023-09-17,LKBONNY3,9.867236486099834,ToD blocks
2023-09-24,LKBONNY3,9.44654878532247,ToD blocks
2023-10-01,LKBONNY3,12.753261370215775,ToD blocks
2023-10-08,LKBONNY3,-3.6079181804928524,ToD blocks
2023-10-15,LKBONNY3,-4.291674702770251,ToD blocks
2023-10-22,LKBONNY3,-13.87054054660085,ToD blocks
2023-10-29,LKBONNY3,5.091423703059677,ToD blocks
2023-11-05,LKBONNY3,8.21823465402447,ToD blocks
2023-11-12,LKBONNY3,-44.35080450039859,ToD blocks
2023-11-19,LKBONNY3,-8.25479020343765,ToD blocks
2023-11-26,LKBONNY3,2.6898888455610077,ToD blocks
2023-12-03,LKBONNY3,7.794256842066513,ToD blocks
2023-12-10,LKBONNY3,4.077942439425456,ToD blocks
2023-12-17,LKBONNY3,10.987939916143773,ToD blocks
2023-12-24,LKBONNY3,29.05265550064132,ToD blocks
2023-12-31,LKBONNY3,8.872769329046871,ToD blocks
2024-01-07,LKBONNY3,-2.227387656551187,ToD blocks
2024-01-14,LKBONNY3,-11.199622099197423,ToD blocks
2024-01-21,LKBONNY3,26.54629326935367,ToD blocks
2024-01-28,LKBONNY3,17.32304733031289,ToD blocks
2024-02-04,LKBONNY3,-11.033357313471171,ToD blocks
2024-02-11,LKBONNY3,3.713229671927671,ToD blocks
2024-02-18,LKBONNY3,3.687207394877987,ToD blocks
2024-02-25,LKBONNY3,-40.43461590921389,ToD blocks
2024-03-03,LKBONNY3,-5.50057821197943,ToD blocks
2024-03-10,LKBONNY3,-7.927231924265499,ToD blocks
2024-03-17,LKBONNY3,-17.98861743175975,ToD blocks
2024-03-24,LKBONNY3,-4.731965289926755,ToD blocks
2024-03-31,LKBONNY3,5.312328108921463,ToD blocks
2024-04-07,LKBONNY3,-36.56640594741384,ToD blocks
2024-04-14,LKBONNY3,-33.05239641895817,ToD blocks
2024-04-21,LKBONNY3,-25.32185142454648,ToD blocks
2024-04-28,LKBONNY3,-26.807231220273536,ToD blocks
2024-05-05,LKBONNY3,1.3980420346094604,ToD blocks
2024-05-12,LKBONNY3,21.956137922798973,ToD blocks
2024-05-19,LKBONNY3,-22.21013621817039,ToD blocks
2024-05-26,LKBONNY3,-27.901225427144652,ToD blocks
2024-06-02,LKBONNY3,-55.28072502418426,ToD blocks
2024-06-09,LKBONNY3,-21.238980900700966,ToD blocks
2024-06-16,LKBONNY3,-62.09229107574183,ToD blocks
2024-06-23,LKBONNY3,-47.76771499252544,ToD blocks
2024-06-30,LKBONNY3,-13.66260239807508,ToD blocks
2024-07-07,LKBONNY3,-30.717336213825604,ToD blocks
2024-07-14,LKBONNY3,-31.008359176599498,ToD blocks
2024-07-21,LKBONNY3,-90.41130139153289,ToD blocks
2024-07-28,LKBONNY3,-188.82018710672872,ToD blocks
2024-08-04,LKBONNY3,-223.5331593538788,ToD blocks
2024-08-11,LKBONNY3,-107.32014490289504,ToD blocks
2024-08-18,LKBONNY3,-12.322782984825608,ToD blocks
2024-08-25,LKBONNY3,5.226507482958112,ToD blocks
2024-09-01,LKBONNY3,1.8342491135723504,ToD blocks
2024-09-08,LKBONNY3,35.88544729086544,ToD blocks
2024-09-15,LKBONNY3,3.1365569626683296,ToD blocks
2024-09-22,LKBONNY3,-15.539243099800842,ToD blocks
2024-09-29,LKBONNY3,-220.0314933971238,ToD blocks
2024-10-06,LKBONNY3,7.9227284303602055,ToD blocks
2024-10-13,LKBONNY3,-0.03792252553963493,ToD blocks
2024-10-20,LKBONNY3,5.888927851544189,ToD blocks
2024-10-27,LKBONNY3,-1.0090422193641047,ToD blocks
2024-11-03,LKBONNY3,5.524589396303117,ToD blocks
2024-11-10,LKBONNY3,-10.47670629436837,ToD blocks
2024-11-17,LKBONNY3,31.639043201223615,ToD blocks
2024-11-24,LKBONNY3,-6.449859117533592,ToD blocks
2024-12-01,LKBONNY3,28.025595090777173,ToD blocks
2024-12-08,LKBONNY3,-42.27503921295626,ToD blocks
2024-12-15,LKBONNY3,-11.409431143322834,ToD blocks
2024-12-22,LKBONNY3,28.328268165297573,ToD blocks
2024-12-29,LKBONNY3,22.27180189490968,ToD blocks
2025-01-05,LKBONNY3,-16.287814940293195,ToD blocks
2020-01-05,NBHWF1,-9.703519093212712,ToD blocks
2020-01-12,NBHWF1,-3.1169223201670206,ToD blocks
2020-01-19,NBHWF1,-7.658118296631919,ToD blocks
2020-01-26,NBHWF1,-12.9346931026231,ToD blocks
2020-02-02,NBHWF1,9.40875273025,ToD blocks
2020-02-09,NBHWF1,-7.070517707048431,ToD blocks
2020-02-16,NBHWF1,-47.55261068921371,ToD blocks
2020-02-23,NBHWF1,-30.182122144249277,ToD blocks
2020-03-01,NBHWF1,-29.738099414105555,ToD blocks
2020-03-08,NBHWF1,-35.978842208475704,ToD blocks
2020-03-15,NBHWF1,-9.13163857205301,ToD blocks
2020-03-22,NBHWF1,-3.760441295156909,ToD blocks
2020-03-29,NBHWF1,-5.166587125607137,ToD blocks
2020-04-05,NBHWF1,-10.616338816320543,ToD blocks
2020-04-12,NBHWF1,-26.377974825099784,ToD blocks
2020-04-19,NBHWF1,-13.766279280842646,ToD blocks
2020-04-26,NBHWF1,-11.856913024110014,ToD blocks
2020-05-03,NBHWF1,-7.231075021464434,ToD blocks
2020-05-10,NBHWF1,-11.310697319104658,ToD blocks
2020-05-17,NBHWF1,-1.2412347371176153,ToD blocks
2020-05-24,NBHWF1,-4.531794962563893,ToD blocks
2020-05-31,NBHWF1,-10.463324462010618,ToD blocks
2020-06-07,NBHWF1,-9.705709554866047,ToD blocks
2020-06-14,NBHWF1,-25.199738394469527,ToD blocks
2020-06-21,NBHWF1,-6.424754807118681,ToD blocks
2020-06-28,NBHWF1,-8.67247528820294,ToD blocks
2020-07-05,NBHWF1,-4.520863929175576,ToD blocks
2020-07-12,NBHWF1,-9.189373143399607,ToD blocks
2020-07-19,NBHWF1,-21.56169319205815,ToD blocks
2020-07-26,NBHWF1,-12.52807844943419,ToD blocks
2020-08-02,NBHWF1,-6.519993982852299,ToD blocks
2020-08-09,NBHWF1,-5.315288777861362,ToD blocks
2020-08-16,NBHWF1,-6.58042000636847,ToD blocks
2020-08-23,NBHWF1,-4.486931320651756,ToD blocks
2020-08-30,NBHWF1,-53.025808876960156,ToD blocks
2020-09-06,NBHWF1,-17.852767770034692,ToD blocks
2020-09-13,NBHWF1,-8.826409476926486,ToD blocks
2020-09-20,NBHWF1,-5.159318563679776,ToD blocks
2020-09-27,NBHWF1,-12.585631048455108,ToD blocks
2020-10-04,NBHWF1,-12.767354987239317,ToD blocks
2020-10-11,NBHWF1,-13.617414309672196,ToD blocks
2020-10-18,NBHWF1,-4.60308506902205,ToD blocks
2020-10-25,NBHWF1,-24.39665046222457,ToD blocks
2020-11-01,NBHWF1,-13.73046217614462,ToD blocks
2020-11-08,NBHWF1,-15.276451052394751,ToD blocks
2020-11-15,NBHWF1,-4.627113098426303,ToD blocks
2020-11-22,NBHWF1,-9.610384764012245,ToD blocks
2020-11-29,NBHWF1,-10.759545182174037,ToD blocks
2020-12-06,NBHWF1,-11.320208594790186,ToD blocks
2020-12-13,NBHWF1,-17.54756122284958,ToD blocks
2020-12-20,NBHWF1,-12.336806206830026,ToD blocks
2020-12-27,NBHWF1,-13.051851989863037,ToD blocks
2021-01-03,NBHWF1,-8.237471583907096,ToD blocks
2021-01-10,NBHWF1,-9.980729335740806,ToD blocks
2021-01-17,NBHWF1,-2.235189071685628,ToD blocks
2021-01-24,NBHWF1,-27.662483511058454,ToD blocks
2021-01-31,NBHWF1,-14.684414914104275,ToD blocks
2021-02-07,NBHWF1,-16.211083569321854,ToD blocks
2021-02-14,NBHWF1,-1.585479551088003,ToD blocks
2021-02-21,NBHWF1,-9.143898453031728,ToD blocks
2021-02-28,NBHWF1,-9.424438289222199,ToD blocks
2021-03-07,NBHWF1,-6.0320242881224395,ToD blocks
2021-03-14,NBHWF1,-217.46203148355255,ToD blocks
2021-03-21,NBHWF1,-17.311844774441205,ToD blocks
2021-03-28,NBHWF1,-26.194335029400225,ToD blocks
2021-04-04,NBHWF1,0.7110103887384014,ToD blocks
2021-04-11,NBHWF1,-24.43192542203051,ToD blocks
2021-04-18,NBHWF1,-25.518696413329888,ToD blocks
2021-04-25,NBHWF1,-15.525961893590846,ToD blocks
2021-05-02,NBHWF1,-24.164398086755924,ToD blocks
2021-05-09,NBHWF1,-19.669477937205016,ToD blocks
2021-05-16,NBHWF1,-20.463909641585886,ToD blocks
2021-05-23,NBHWF1,-78.5635127426645,ToD blocks
2021-05-30,NBHWF1,-21.992308138274694,ToD blocks
2021-06-06,NBHWF1,-27.223725609883708,ToD blocks
2021-06-13,NBHWF1,-27.568806279824372,ToD blocks
2021-06-20,NBHWF1,-15.150653449447148,ToD blocks
2021-06-27,NBHWF1,-11.024487533822892,ToD blocks
2021-07-04,NBHWF1,-10.748110208069889,ToD blocks
2021-07-11,NBHWF1,-51.01174863870014,ToD blocks
2021-07-18,NBHWF1,-18.254709224444674,ToD blocks
2021-07-25,NBHWF1,-13.735289561413126,ToD blocks
2021-08-01,NBHWF1,-22.53793576072439,ToD blocks
2021-08-08,NBHWF1,-17.15030549492421,ToD blocks
2021-08-15,NBHWF1,-18.555317089709142,ToD blocks
2021-08-22,NBHWF1,-21.125849687089453,ToD blocks
2021-08-29,NBHWF1,-20.234697879801267,ToD blocks
2021-09-05,NBHWF1,-9.1567963439539,ToD blocks
2021-09-12,NBHWF1,-8.294634532494054,ToD blocks
2021-09-19,NBHWF1,2.1720853508854354,ToD blocks
2021-09-26,NBHWF1,-3.061211325833966,ToD blocks
2021-10-03,NBHWF1,-9.533394264903105,ToD blocks
2021-10-10,NBHWF1,-13.445240854655289,ToD blocks
2021-10-17,NBHWF1,-11.87652065285099,ToD blocks
2021-10-24,NBHWF1,-1.1291442409689534,ToD blocks
2021-10-31,NBHWF1,-10.48706549595991,ToD blocks
2021-11-07,NBHWF1,-19.145009708135245,ToD blocks
2021-11-14,NBHWF1,-5.4457859687975905,ToD blocks
2021-11-21,NBHWF1,-36.27710628204989,ToD blocks
2021-11-28,NBHWF1,-13.146701701541431,ToD blocks
2021-12-05,NBHWF1,-14.624534183767686,ToD blocks
2021-12-12,NBHWF1,-15.822355246360182,ToD blocks
2021-12-19,NBHWF1,-53.36130580182468,ToD blocks
2021-12-26,NBHWF1,-4.513043402728478,ToD blocks
2022-01-02,NBHWF1,-95.18701082920482,ToD blocks
2022-01-09,NBHWF1,-5.473178654988626,ToD blocks
2022-01-16,NBHWF1,-55.39352334866712,ToD blocks
2022-01-23,NBHWF1,-7.60671082148361,ToD blocks
2022-01-30,NBHWF1,-33.29017408729163,ToD blocks
2022-02-06,NBHWF1,-53.64075914827566,ToD blocks
2022-02-13,NBHWF1,-10.129320476607191,ToD blocks
2022-02-20,NBHWF1,-14.38191263893443,ToD blocks
2022-02-27,NBHWF1,-4.458888489611269,ToD blocks
2022-03-06,NBHWF1,-25.298484849647522,ToD blocks
2022-03-13,NBHWF1,-2.4996120373204604,ToD blocks
2022-03-20,NBHWF1,-24.396311853312525,ToD blocks
2022-03-27,NBHWF1,-14.352397570228952,ToD blocks
2022-04-03,NBHWF1,-44.46146126618559,ToD blocks
2022-04-10,NBHWF1,-30.243890034579522,ToD blocks
2022-04-17,NBHWF1,-27.12149290032808,ToD blocks
2022-04-24,NBHWF1,-27.287158824485644,ToD blocks
2022-05-01,NBHWF1,-36.031007975438,ToD blocks
2022-05-08,NBHWF1,-31.10749712305133,ToD blocks
2022-05-15,NBHWF1,-28.927372140105888,ToD blocks
2022-05-22,NBHWF1,-135.6506772305583,ToD blocks
2022-05-29,NBHWF1,-59.241809117142225,ToD blocks
2022-06-05,NBHWF1,-80.873721649131,ToD blocks
2022-06-12,NBHWF1,-70.67275271979491,ToD blocks
2022-06-19,NBHWF1,-74.72303641632263,ToD blocks
2022-06-26,NBHWF1,-44.43270444782286,ToD blocks
2022-07-03,NBHWF1,-25.681840005429194,ToD blocks
2022-07-10,NBHWF1,-170.27317556929364,ToD blocks
2022-07-17,NBHWF1,-142.97803803840856,ToD blocks
2022-07-24,NBHWF1,-104.20517808592496,ToD blocks
2022-07-31,NBHWF1,-148.5680672659931,ToD blocks
2022-08-07,NBHWF1,-29.392888908270407,ToD blocks
2022-08-14,NBHWF1,-38.29298375443004,ToD blocks
2022-08-21,NBHWF1,-38.69493133282579,ToD blocks
2022-08-28,NBHWF1,-262.3576286087499,ToD blocks
2022-09-04,NBHWF1,-77.97511568616666,ToD blocks
2022-09-11,NBHWF1,-71.1871969339189,ToD blocks
2022-09-18,NBHWF1,-46.68444570962241,ToD blocks
2022-09-25,NBHWF1,-40.94896302345005,ToD blocks
2022-10-02,NBHWF1,5.811438743738876,ToD blocks
2022-10-09,NBHWF1,-50.41720520376404,ToD blocks
2022-10-16,NBHWF1,-81.09121908511662,ToD blocks
2022-10-23,NBHWF1,-10.094183558586607,ToD blocks
2022-10-30,NBHWF1,-23.15145025449197,ToD blocks
2022-11-06,NBHWF1,-42.90028681571749,ToD blocks
2022-11-13,NBHWF1,-66.1773282723574,ToD blocks
2022-11-20,NBHWF1,-74.51882835192964,ToD blocks
2022-11-27,NBHWF1,-50.0492758801445,ToD blocks
2022-12-04,NBHWF1,2.8170135741527105,ToD blocks
2022-12-11,NBHWF1,7.131357870186946,ToD blocks
2022-12-18,NBHWF1,6.9740010326034065,ToD blocks
2022-12-25,NBHWF1,-26.66314295744794,ToD blocks
2023-01-01,NBHWF1,-6.375751899203699,ToD blocks
2023-01-08,NBHWF1,-19.55581065192321,ToD blocks
2023-01-15,NBHWF1,-9.658398915420335,ToD blocks
2023-01-22,NBHWF1,-3.801557113666057,ToD blocks
2023-01-29,NBHWF1,-22.83854173093387,ToD blocks
2023-02-05,NBHWF1,-20.330461051798572,ToD blocks
2023-02-12,NBHWF1,-24.82127127749736,ToD blocks
2023-02-19,NBHWF1,-88.48765687797862,ToD blocks
2023-02-26,NBHWF1,-28.157898361962175,ToD blocks
2023-03-05,NBHWF1,-21.03026865249263,ToD blocks
2023-03-12,NBHWF1,-24.163387844718414,ToD blocks
2023-03-19,NBHWF1,-28.593815810544264,ToD blocks
2023-03-26,NBHWF1,-22.20388337703921,ToD blocks
2023-04-02,NBHWF1,-22.63186721875759,ToD blocks
2023-04-09,NBHWF1,1.8702308414613356,ToD blocks
2023-04-16,NBHWF1,-10.009060475453516,ToD blocks
2023-04-23,NBHWF1,-13.889644250452704,ToD blocks
2023-04-30,NBHWF1,-59.68126547256457,ToD blocks
2023-05-07,NBHWF1,-217.25010233134282,ToD blocks
2023-05-14,NBHWF1,-36.291847122009756,ToD blocks
2023-05-21,NBHWF1,-71.9887888912396,ToD blocks
2023-05-28,NBHWF1,-64.14077190191912,ToD blocks
2023-06-04,NBHWF1,-45.62744473038863,ToD blocks
2023-06-11,NBHWF1,-32.84077392935404,ToD blocks
2023-06-18,NBHWF1,-0.21741679792276258,ToD blocks
2023-06-25,NBHWF1,-23.667442296106785,ToD blocks
2023-07-02,NBHWF1,-96.7809492169476,ToD blocks
2023-07-09,NBHWF1,-40.619352384330654,ToD blocks
2023-07-16,NBHWF1,-51.09250537311552,ToD blocks
2023-07-23,NBHWF1,-31.541084972654794,ToD blocks
2023-07-30,NBHWF1,-38.109050519869015,ToD blocks
2023-08-06,NBHWF1,-68.35221927591743,ToD blocks
2023-08-13,NBHWF1,-246.79964063901514,ToD blocks
2023-08-20,NBHWF1,-54.244622272570055,ToD blocks
2023-08-27,NBHWF1,-30.020446648220762,ToD blocks
2023-09-03,NBHWF1,-66.89166738445473,ToD blocks
2023-09-10,NBHWF1,-18.957652530715098,ToD blocks
2023-09-17,NBHWF1,-24.787170654916174,ToD blocks
2023-09-24,NBHWF1,-15.950080239910594,ToD blocks
2023-10-01,NBHWF1,-12.402201210716406,ToD blocks
2023-10-08,NBHWF1,-3.142514384150836,ToD blocks
2023-10-15,NBHWF1,-1.015381957916457,ToD blocks
2023-10-22,NBHWF1,-9.960615838182655,ToD blocks
2023-10-29,NBHWF1,-8.682473314578463,ToD blocks
2023-11-05,NBHWF1,8.709600815173342,ToD blocks
2023-11-12,NBHWF1,-25.063998836116134,ToD blocks
2023-11-19,NBHWF1,-2.0687160297929807,ToD blocks
2023-11-26,NBHWF1,-17.032689972022304,ToD blocks
2023-12-03,NBHWF1,-11.559840544919247,ToD blocks
2023-12-10,NBHWF1,12.090183892509486,ToD blocks
2023-12-17,NBHWF1,-25.75526274571373,ToD blocks
2023-12-24,NBHWF1,0.7992236798668202,ToD blocks
2023-12-31,NBHWF1,-3.975042754461258,ToD blocks
2024-01-07,NBHWF1,-3.1746648933893056,ToD blocks
2024-01-14,NBHWF1,-9.81419976094287,ToD blocks
2024-01-21,NBHWF1,-12.185830330687896,ToD blocks
2024-01-28,NBHWF1,-12.729369606512996,ToD blocks
2024-02-04,NBHWF1,-7.283122978926713,ToD blocks
2024-02-11,NBHWF1,3.62230039295347,ToD blocks
2024-02-18,NBHWF1,-5.253564986907655,ToD blocks
2024-02-25,NBHWF1,-52.85649664965432,ToD blocks
2024-03-03,NBHWF1,-40.77000890871846,ToD blocks
2024-03-10,NBHWF1,-25.898647394580294,ToD blocks
2024-03-17,NBHWF1,-47.2647370318593,ToD blocks
2024-03-24,NBHWF1,-1.304574821017603,ToD blocks
2024-03-31,NBHWF1,-11.03920927806491,ToD blocks
2024-04-07,NBHWF1,-27.788509602445373,ToD blocks
2024-04-14,NBHWF1,-9.52187462143553,ToD blocks
2024-04-21,NBHWF1,-8.251730500081536,ToD blocks
2024-04-28,NBHWF1,-15.229347860486811,ToD blocks
2024-05-05,NBHWF1,-16.954008471814902,ToD blocks
2024-05-12,NBHWF1,-10.929483451680824,ToD blocks
2024-05-19,NBHWF1,-19.9099565523032,ToD blocks
2024-05-26,NBHWF1,1.9198734013329783,ToD blocks
2024-06-02,NBHWF1,-73.6360344790557,ToD blocks
2024-06-09,NBHWF1,-9.502425779392894,ToD blocks
2024-06-16,NBHWF1,-67.03857675963712,ToD blocks
2024-06-23,NBHWF1,-50.0735569905132,ToD blocks
2024-06-30,NBHWF1,-19.81055486159795,ToD blocks
2024-07-07,NBHWF1,-27.827038432760702,ToD blocks
2024-07-14,NBHWF1,-38.24044896555347,ToD blocks
2024-07-21,NBHWF1,-85.24588128376932,ToD blocks
2024-07-28,NBHWF1,-193.05599955121744,ToD blocks
2024-08-04,NBHWF1,-146.19814286912123,ToD blocks
2024-08-11,NBHWF1,-363.73190787848716,ToD blocks
2024-08-18,NBHWF1,-24.057579335582133,ToD blocks
2024-08-25,NBHWF1,-22.963288237813956,ToD blocks
2024-09-01,NBHWF1,-16.79039390746339,ToD blocks
2024-09-08,NBHWF1,-22.05867423243105,ToD blocks
2024-09-15,NBHWF1,-16.250757085902116,ToD blocks
2024-09-22,NBHWF1,-13.772878188916312,ToD blocks
2024-09-29,NBHWF1,-215.2429360895112,ToD blocks
2024-10-06,NBHWF1,-4.124960604304274,ToD blocks
2024-10-13,NBHWF1,9.432747895652827,ToD blocks
2024-10-20,NBHWF1,-13.502671383962966,ToD blocks
2024-10-27,NBHWF1,-38.31836158133186,ToD blocks
2024-11-03,NBHWF1,9.836030110989725,ToD blocks
2024-11-10,NBHWF1,-31.49228218997817,ToD blocks
2024-11-17,NBHWF1,-7.195985928190709,ToD blocks
2024-11-24,NBHWF1,-7.379593688440849,ToD blocks
2024-12-01,NBHWF1,-29.891350107452325,ToD blocks
2024-12-08,NBHWF1,-31.844067722872666,ToD blocks
2024-12-15,NBHWF1,-12.18062993041002,ToD blocks
2024-12-22,NBHWF1,-0.5839430795991092,ToD blocks
2024-12-29,NBHWF1,-0.044791588123437975,ToD blocks
2025-01-05,NBHWF1,-9.107725605186133,ToD blocks
2020-01-05,SNOWNTH1,-10.050781335996632,ToD blocks
2020-01-12,SNOWNTH1,-5.464840292127434,ToD blocks
2020-01-19,SNOWNTH1,-7.992858471586018,ToD blocks
2020-01-26,SNOWNTH1,-8.090169813777024,ToD blocks
2020-02-02,SNOWNTH1,-67.8608856478483,ToD blocks
2020-02-09,SNOWNTH1,-1.5912015382175468,ToD blocks
2020-02-16,SNOWNTH1,-62.05529963610731,ToD blocks
2020-02-23,SNOWNTH1,-27.85204263597661,ToD blocks
2020-03-01,SNOWNTH1,-26.071056668430323,ToD blocks
2020-03-08,SNOWNTH1,-22.54721667505651,ToD blocks
2020-03-15,SNOWNTH1,-7.225375569624074,ToD blocks
2020-03-22,SNOWNTH1,-4.640555123619492,ToD blocks
2020-03-29,SNOWNTH1,-6.476842729883536,ToD blocks
2020-04-05,SNOWNTH1,-15.891588564199093,ToD blocks
2020-04-12,SNOWNTH1,-12.479736055744574,ToD blocks
2020-04-19,SNOWNTH1,-11.933873993653563,ToD blocks
2020-04-26,SNOWNTH1,-16.404844717473274,ToD blocks
2020-05-03,SNOWNTH1,-9.349583377506573,ToD blocks
2020-05-10,SNOWNTH1,-10.776893209302502,ToD blocks
2020-05-17,SNOWNTH1,-7.291435267444946,ToD blocks
2020-05-24,SNOWNTH1,-4.82756381946632,ToD blocks
2020-05-31,SNOWNTH1,-9.603133576324282,ToD blocks
2020-06-07,SNOWNTH1,-7.861769858168579,ToD blocks
2020-06-14,SNOWNTH1,-36.15502120810946,ToD blocks
2020-06-21,SNOWNTH1,-8.7794250309516,ToD blocks
2020-06-28,SNOWNTH1,-10.430484527214837,ToD blocks
2020-07-05,SNOWNTH1,-5.722893538834278,ToD blocks
2020-07-12,SNOWNTH1,-11.02315731123145,ToD blocks
2020-07-19,SNOWNTH1,-16.254361491484943,ToD blocks
2020-07-26,SNOWNTH1,-13.595835546528726,ToD blocks
2020-08-02,SNOWNTH1,-10.525666091039184,ToD blocks
2020-08-09,SNOWNTH1,-4.191300282267001,ToD blocks
2020-08-16,SNOWNTH1,-8.417114601568777,ToD blocks
2020-08-23,SNOWNTH1,-0.04355944955258906,ToD blocks
2020-08-30,SNOWNTH1,-35.51505084746675,ToD blocks
2020-09-06,SNOWNTH1,-8.721443281839601,ToD blocks
2020-09-13,SNOWNTH1,1.5741743384724574,ToD blocks
2020-09-20,SNOWNTH1,-2.469513186020704,ToD blocks
2020-09-27,SNOWNTH1,-8.343176382675207,ToD blocks
2020-10-04,SNOWNTH1,-7.801862456426615,ToD blocks
2020-10-11,SNOWNTH1,-11.89519372216818,ToD blocks
2020-10-18,SNOWNTH1,-9.05951615712575,ToD blocks
2020-10-25,SNOWNTH1,-17.039295744120633,ToD blocks
2020-11-01,SNOWNTH1,-13.503590659908397,ToD blocks
2020-11-08,SNOWNTH1,-7.868237604853434,ToD blocks
2020-11-15,SNOWNTH1,-8.060748246630755,ToD blocks
2020-11-22,SNOWNTH1,-13.424443100285405,ToD blocks
2020-11-29,SNOWNTH1,-10.354557381709732,ToD blocks
2020-12-06,SNOWNTH1,-25.60183533919957,ToD blocks
2020-12-13,SNOWNTH1,-13.685058747511434,ToD blocks
2020-12-20,SNOWNTH1,0.2291530955668648,ToD blocks
2020-12-27,SNOWNTH1,-6.646291411655479,ToD blocks
2021-01-03,SNOWNTH1,0.6942125934792163,ToD blocks
2021-01-10,SNOWNTH1,-11.994591307944857,ToD blocks
2021-01-17,SNOWNTH1,-4.588060061612456,ToD blocks
2021-01-24,SNOWNTH1,-33.45387758340495,ToD blocks
2021-01-31,SNOWNTH1,-7.505370016873712,ToD blocks
2021-02-07,SNOWNTH1,-11.484958126601839,ToD blocks
2021-02-14,SNOWNTH1,0.801705584148042,ToD blocks
2021-02-21,SNOWNTH1,-9.488265629859452,ToD blocks
2021-02-28,SNOWNTH1,-4.5092988676847305,ToD blocks
2021-03-07,SNOWNTH1,-11.259404907785264,ToD blocks
2021-03-14,SNOWNTH1,-215.2695640227771,ToD blocks
2021-03-21,SNOWNTH1,-16.065051879273373,ToD blocks
2021-03-28,SNOWNTH1,-20.175302005974046,ToD blocks
2021-04-04,SNOWNTH1,0.2872262248861972,ToD blocks
2021-04-11,SNOWNTH1,-14.370352489612028,ToD blocks
2021-04-18,SNOWNTH1,-29.938471400003333,ToD blocks
2021-04-25,SNOWNTH1,-9.187247536538152,ToD blocks
2021-05-02,SNOWNTH1,-25.418336049463733,ToD blocks
2021-05-09,SNOWNTH1,-13.466813816212863,ToD blocks
2021-05-16,SNOWNTH1,-26.915744411925218,ToD blocks
2021-05-23,SNOWNTH1,-81.13510321843833,ToD blocks
2021-05-30,SNOWNTH1,-28.114178093539902,ToD blocks
2021-06-06,SNOWNTH1,-30.58971024966958,ToD blocks
2021-06-13,SNOWNTH1,-28.31573585471625,ToD blocks
2021-06-20,SNOWNTH1,-15.280229640695438,ToD blocks
2021-06-27,SNOWNTH1,-18.607691829598764,ToD blocks
2021-07-04,SNOWNTH1,-15.88664604926501,ToD blocks
2021-07-11,SNOWNTH1,-57.35090904833376,ToD blocks
2021-07-18,SNOWNTH1,-16.231845722049464,ToD blocks
2021-07-25,SNOWNTH1,-25.22566775464786,ToD blocks
2021-08-01,SNOWNTH1,-19.64126463259022,ToD blocks
2021-08-08,SNOWNTH1,-22.471953994158135,ToD blocks
2021-08-15,SNOWNTH1,-11.611181646504324,ToD blocks
2021-08-22,SNOWNTH1,-36.22240934550863,ToD blocks
2021-08-29,SNOWNTH1,-26.852849092678802,ToD blocks
2021-09-05,SNOWNTH1,-20.055820787914747,ToD blocks
2021-09-12,SNOWNTH1,-27.74675675804089,ToD blocks
2021-09-19,SNOWNTH1,-17.323514023887608,ToD blocks
2021-09-26,SNOWNTH1,-18.76563883805686,ToD blocks
2021-10-03,SNOWNTH1,-23.68539417040728,ToD blocks
2021-10-10,SNOWNTH1,-15.136077051374084,ToD blocks
2021-10-17,SNOWNTH1,-20.915528270318468,ToD blocks
2021-10-24,SNOWNTH1,-4.763897954075779,ToD blocks
2021-10-31,SNOWNTH1,-7.309539447070314,ToD blocks
2021-11-07,SNOWNTH1,-13.800886934346437,ToD blocks
2021-11-14,SNOWNTH1,-14.30912245476707,ToD blocks
2021-11-21,SNOWNTH1,-36.10456037095852,ToD blocks
2021-11-28,SNOWNTH1,-19.106205444349705,ToD blocks
2021-12-05,SNOWNTH1,-19.08512141385902,ToD blocks
2021-12-12,SNOWNTH1,-15.948000015020988,ToD blocks
2021-12-19,SNOWNTH1,-59.34793729711151,ToD blocks
2021-12-26,SNOWNTH1,-6.563654773544272,ToD blocks
2022-01-02,SNOWNTH1,-121.07275624040093,ToD blocks
2022-01-09,SNOWNTH1,-13.771853253578708,ToD blocks
2022-01-16,SNOWNTH1,-20.67606474664315,ToD blocks
2022-01-23,SNOWNTH1,-14.933958031165208,ToD blocks
2022-01-30,SNOWNTH1,-37.40475473996841,ToD blocks
2022-02-06,SNOWNTH1,-82.83901266135302,ToD blocks
2022-02-13,SNOWNTH1,-11.464173663694432,ToD blocks
2022-02-20,SNOWNTH1,-8.561766658970186,ToD blocks
2022-02-27,SNOWNTH1,-0.899740202373394,ToD blocks
2022-03-06,SNOWNTH1,-39.35198685127584,ToD blocks
2022-03-13,SNOWNTH1,-12.123082639366299,ToD blocks
2022-03-20,SNOWNTH1,-32.42047287877347,ToD blocks
2022-03-27,SNOWNTH1,-14.683105158482206,ToD blocks
2022-04-03,SNOWNTH1,-39.73403051737336,ToD blocks
2022-04-10,SNOWNTH1,-20.83009666202227,ToD blocks
2022-04-17,SNOWNTH1,-35.96818716701921,ToD blocks
2022-04-24,SNOWNTH1,-35.31174318461194,ToD blocks
2022-05-01,SNOWNTH1,-43.86161565651139,ToD blocks
2022-05-08,SNOWNTH1,-63.22668988145287,ToD blocks
2022-05-15,SNOWNTH1,-185.943942745913,ToD blocks
2022-05-22,SNOWNTH1,-157.27361222740075,ToD blocks
2022-05-29,SNOWNTH1,-68.57645502733376,ToD blocks
2022-06-05,SNOWNTH1,-96.5786700187322,ToD blocks
2022-06-12,SNOWNTH1,-84.38133538957982,ToD blocks
2022-06-19,SNOWNTH1,-81.98946325907414,ToD blocks
2022-06-26,SNOWNTH1,-60.06078900179651,ToD blocks
2022-07-03,SNOWNTH1,-60.19270196033045,ToD blocks
2022-07-10,SNOWNTH1,-116.30003734421024,ToD blocks
2022-07-17,SNOWNTH1,-187.81081213401313,ToD blocks
2022-07-24,SNOWNTH1,-103.67804162001028,ToD blocks
2022-07-31,SNOWNTH1,-160.02503641051842,ToD blocks
2022-08-07,SNOWNTH1,-37.36351375125212,ToD blocks
2022-08-14,SNOWNTH1,-39.7561806306249,ToD blocks
2022-08-21,SNOWNTH1,-35.69642584877354,ToD blocks
2022-08-28,SNOWNTH1,-244.86350069467696,ToD blocks
2022-09-04,SNOWNTH1,-56.88676866452586,ToD blocks
2022-09-11,SNOWNTH1,-97.05560012739554,ToD blocks
2022-09-18,SNOWNTH1,-56.432924540100274,ToD blocks
2022-09-25,SNOWNTH1,-41.57911032546373,ToD blocks
2022-10-02,SNOWNTH1,16.875740373760266,ToD blocks
2022-10-09,SNOWNTH1,-35.37323404657599,ToD blocks
2022-10-16,SNOWNTH1,-57.223303486043775,ToD blocks
2022-10-23,SNOWNTH1,-38.911185185809885,ToD blocks
2022-10-30,SNOWNTH1,-57.76927915826514,ToD blocks
2022-11-06,SNOWNTH1,-28.484518942586156,ToD blocks
2022-11-13,SNOWNTH1,-48.9264809581708,ToD blocks
2022-11-20,SNOWNTH1,-60.741638291068824,ToD blocks
2022-11-27,SNOWNTH1,-61.53004221949849,ToD blocks
2022-12-04,SNOWNTH1,11.864722542334121,ToD blocks
2022-12-11,SNOWNTH1,-22.061704071163444,ToD blocks
2022-12-18,SNOWNTH1,-1.0729279777085932,ToD blocks
2022-12-25,SNOWNTH1,-15.261525799057829,ToD blocks
2023-01-01,SNOWNTH1,2.6179141592290875,ToD blocks
2023-01-08,SNOWNTH1,-25.802049793277337,ToD blocks
2023-01-15,SNOWNTH1,-25.79564019990491,ToD blocks
2023-01-22,SNOWNTH1,-16.024656892988613,ToD blocks
2023-01-29,SNOWNTH1,-33.88943559952513,ToD blocks
2023-02-05,SNOWNTH1,-29.61931785046743,ToD blocks
2023-02-12,SNOWNTH1,-51.5725335741099,ToD blocks
2023-02-19,SNOWNTH1,-109.72210764495973,ToD blocks
2023-02-26,SNOWNTH1,-49.13685084002381,ToD blocks
2023-03-05,SNOWNTH1,-12.126102785564917,ToD blocks
2023-03-12,SNOWNTH1,-23.5196560520063,ToD blocks
2023-03-19,SNOWNTH1,-25.928840181097875,ToD blocks
2023-03-26,SNOWNTH1,-22.541454274025014,ToD blocks
2023-04-02,SNOWNTH1,-18.244562223639193,ToD blocks
2023-04-09,SNOWNTH1,-36.35759397301218,ToD blocks
2023-04-16,SNOWNTH1,-25.747947360929754,ToD blocks
2023-04-23,SNOWNTH1,10.801009191458135,ToD blocks
2023-04-30,SNOWNTH1,-76.91121383228918,ToD blocks
2023-05-07,SNOWNTH1,-212.01646697845197,ToD blocks
2023-05-14,SNOWNTH1,-48.792452764505754,ToD blocks
2023-05-21,SNOWNTH1,-31.4864471865923,ToD blocks
2023-05-28,SNOWNTH1,-78.8197228397563,ToD blocks
2023-06-04,SNOWNTH1,-79.10276342332848,ToD blocks
2023-06-11,SNOWNTH1,34.33938755544599,ToD blocks
2023-06-18,SNOWNTH1,-13.090764679650553,ToD blocks
2023-06-25,SNOWNTH1,-31.47400755425567,ToD blocks
2023-07-02,SNOWNTH1,-45.02841390855059,ToD blocks
2023-07-09,SNOWNTH1,-50.11743650285533,ToD blocks
2023-07-16,SNOWNTH1,-52.05136548335988,ToD blocks
2023-07-23,SNOWNTH1,-36.67229874617431,ToD blocks
2023-07-30,SNOWNTH1,-51.69582962158637,ToD blocks
2023-08-06,SNOWNTH1,-101.75880747612386,ToD blocks
2023-08-13,SNOWNTH1,-299.8817098292414,ToD blocks
2023-08-20,SNOWNTH1,-70.59726139495604,ToD blocks
2023-08-27,SNOWNTH1,-30.99261606095184,ToD blocks
2023-09-03,SNOWNTH1,-76.71200699895277,ToD blocks
2023-09-10,SNOWNTH1,-39.83447889263627,ToD blocks
2023-09-17,SNOWNTH1,-41.59674380121299,ToD blocks
2023-09-24,SNOWNTH1,-24.354071248221924,ToD blocks
2023-10-01,SNOWNTH1,-14.673705107450068,ToD blocks
2023-10-08,SNOWNTH1,-9.3896157704289,ToD blocks
2023-10-15,SNOWNTH1,-18.07603410051815,ToD blocks
2023-10-22,SNOWNTH1,-21.154969336078466,ToD blocks
2023-10-29,SNOWNTH1,-27.252487355702527,ToD blocks
2023-11-05,SNOWNTH1,11.082521003157394,ToD blocks
2023-11-12,SNOWNTH1,-42.516162431394825,ToD blocks
2023-11-19,SNOWNTH1,15.113887250719642,ToD blocks
2023-11-26,SNOWNTH1,-6.815211329270646,ToD blocks
2023-12-03,SNOWNTH1,0.6757006790699371,ToD blocks
2023-12-10,SNOWNTH1,-1.7588684445785816,ToD blocks
2023-12-17,SNOWNTH1,-25.118143240644013,ToD blocks
2023-12-24,SNOWNTH1,-8.322877043412186,ToD blocks
2023-12-31,SNOWNTH1,-8.632332578854907,ToD blocks
2024-01-07,SNOWNTH1,2.6589605654456534,ToD blocks
2024-01-14,SNOWNTH1,-8.12723379756708,ToD blocks
2024-01-21,SNOWNTH1,-23.234700583010383,ToD blocks
2024-01-28,SNOWNTH1,-17.541417660671776,ToD blocks
2024-02-04,SNOWNTH1,-10.59820269582503,ToD blocks
2024-02-11,SNOWNTH1,8.374613125251738,ToD blocks
2024-02-18,SNOWNTH1,-12.7901836316885,ToD blocks
2024-02-25,SNOWNTH1,-111.38430251644543,ToD blocks
2024-03-03,SNOWNTH1,-42.969162596922345,ToD blocks
2024-03-10,SNOWNTH1,-27.700952779364584,ToD blocks
2024-03-17,SNOWNTH1,-45.88530108794106,ToD blocks
2024-03-24,SNOWNTH1,-6.254148858501466,ToD blocks
2024-03-31,SNOWNTH1,2.949134252592998,ToD blocks
2024-04-07,SNOWNTH1,-24.32437623565996,ToD blocks
2024-04-14,SNOWNTH1,0.08292975038607153,ToD blocks
2024-04-21,SNOWNTH1,-1.2327870101911458,ToD blocks
2024-04-28,SNOWNTH1,-36.19725506317922,ToD blocks
2024-05-05,SNOWNTH1,-4.719012937654142,ToD blocks
2024-05-12,SNOWNTH1,,ToD blocks
2024-05-19,SNOWNTH1,-37.49248639638755,ToD blocks
2024-05-26,SNOWNTH1,-10.428003119431338,ToD blocks
2024-06-02,SNOWNTH1,-80.04916726932034,ToD blocks
2024-06-09,SNOWNTH1,-21.422865990640105,ToD blocks
2024-06-16,SNOWNTH1,-65.76414501870765,ToD blocks
2024-06-23,SNOWNTH1,-54.1987770654934,ToD blocks
2024-06-30,SNOWNTH1,-17.993177689639282,ToD blocks
2024-07-07,SNOWNTH1,-51.19313575529415,ToD blocks
2024-07-14,SNOWNTH1,-42.59309944588989,ToD blocks
2024-07-21,SNOWNTH1,-99.97115905513238,ToD blocks
2024-07-28,SNOWNTH1,-208.45458403441964,ToD blocks
2024-08-04,SNOWNTH1,-241.80760636063675,ToD blocks
2024-08-11,SNOWNTH1,-347.24625810196954,ToD blocks
2024-08-18,SNOWNTH1,-26.066368224708263,ToD blocks
2024-08-25,SNOWNTH1,-31.93626191386847,ToD blocks
2024-09-01,SNOWNTH1,-26.61292096482613,ToD blocks
2024-09-08,SNOWNTH1,-48.25779462923079,ToD blocks
2024-09-15,SNOWNTH1,-21.43588909970615,ToD blocks
2024-09-22,SNOWNTH1,-32.50612648901442,ToD blocks
2024-09-29,SNOWNTH1,-202.7228116139441,ToD blocks
2024-10-06,SNOWNTH1,-24.370506994693354,ToD blocks
2024-10-13,SNOWNTH1,1.8890981889906584,ToD blocks
2024-10-20,SNOWNTH1,-25.60144019187619,ToD blocks
2024-10-27,SNOWNTH1,-66.18171434971708,ToD blocks
2024-11-03,SNOWNTH1,-6.518284119665271,ToD blocks
2024-11-10,SNOWNTH1,-38.33926810771487,ToD blocks
2024-11-17,SNOWNTH1,-31.090727481790076,ToD blocks
2024-11-24,SNOWNTH1,-4.211611852740575,ToD blocks
2024-12-01,SNOWNTH1,-30.826441065165938,ToD blocks
2024-12-08,SNOWNTH1,-36.656950971791034,ToD blocks
2024-12-15,SNOWNTH1,6.3010307621496935,ToD blocks
2024-12-22,SNOWNTH1,-4.369871200124308,ToD blocks
2024-12-29,SNOWNTH1,-22.688194913900247,ToD blocks
2025-01-05,SNOWNTH1,14.210797016749197,ToD blocks
2020-01-05,SNOWSTH1,-9.09427082115731,ToD blocks
2020-01-12,SNOWSTH1,-3.2490657202240456,ToD blocks
2020-01-19,SNOWSTH1,-8.142281500523943,ToD blocks
2020-01-26,SNOWSTH1,-9.054383994940125,ToD blocks
2020-02-02,SNOWSTH1,-63.52459736620992,ToD blocks
2020-02-09,SNOWSTH1,2.757828895615013,ToD blocks
2020-02-16,SNOWSTH1,-60.955119884696614,ToD blocks
2020-02-23,SNOWSTH1,-27.665688948829256,ToD blocks
2020-03-01,SNOWSTH1,-24.07671888295507,ToD blocks
2020-03-08,SNOWSTH1,-21.116159575158697,ToD blocks
2020-03-15,SNOWSTH1,-5.545082992622461,ToD blocks
2020-03-22,SNOWSTH1,-3.48771783092846,ToD blocks
2020-03-29,SNOWSTH1,-5.444975331547887,ToD blocks
2020-04-05,SNOWSTH1,-14.04038011435792,ToD blocks
2020-04-12,SNOWSTH1,-12.227663559707128,ToD blocks
2020-04-19,SNOWSTH1,-10.144534448210734,ToD blocks
2020-04-26,SNOWSTH1,-14.308262116384466,ToD blocks
2020-05-03,SNOWSTH1,-7.709360258669047,ToD blocks
2020-05-10,SNOWSTH1,-7.472363909729463,ToD blocks
2020-05-17,SNOWSTH1,-6.532229925721865,ToD blocks
2020-05-24,SNOWSTH1,-4.722720562100342,ToD blocks
2020-05-31,SNOWSTH1,-8.484876026585116,ToD blocks
2020-06-07,SNOWSTH1,-7.917345667903149,ToD blocks
2020-06-14,SNOWSTH1,-36.74565249224897,ToD blocks
2020-06-21,SNOWSTH1,-5.920035725377044,ToD blocks
2020-06-28,SNOWSTH1,-11.023216527597356,ToD blocks
2020-07-05,SNOWSTH1,-4.84732693255237,ToD blocks
2020-07-12,SNOWSTH1,-10.25028640215318,ToD blocks
2020-07-19,SNOWSTH1,-12.929384551235906,ToD blocks
2020-07-26,SNOWSTH1,-7.597784478341623,ToD blocks
2020-08-02,SNOWSTH1,-7.959281276546967,ToD blocks
2020-08-09,SNOWSTH1,-1.457081590086304,ToD blocks
2020-08-16,SNOWSTH1,-4.930500395995857,ToD blocks
2020-08-23,SNOWSTH1,-0.05145515810570345,ToD blocks
2020-08-30,SNOWSTH1,-22.393376311091995,ToD blocks
2020-09-06,SNOWSTH1,2.821493486709233,ToD blocks
2020-09-13,SNOWSTH1,5.109717140895833,ToD blocks
2020-09-20,SNOWSTH1,0.7797910806077333,ToD blocks
2020-09-27,SNOWSTH1,-2.294417033820057,ToD blocks
2020-10-04,SNOWSTH1,-4.264718742957429,ToD blocks
2020-10-11,SNOWSTH1,-5.95553219422915,ToD blocks
2020-10-18,SNOWSTH1,-7.08945420427284,ToD blocks
2020-10-25,SNOWSTH1,-11.03063508858262,ToD blocks
2020-11-01,SNOWSTH1,-8.782377367431955,ToD blocks
2020-11-08,SNOWSTH1,-2.778319317725483,ToD blocks
2020-11-15,SNOWSTH1,-7.231024619963694,ToD blocks
2020-11-22,SNOWSTH1,-12.6544233963136,ToD blocks
2020-11-29,SNOWSTH1,-8.148328086237086,ToD blocks
2020-12-06,SNOWSTH1,-17.41789615654763,ToD blocks
2020-12-13,SNOWSTH1,-8.896404501066502,ToD blocks
2020-12-20,SNOWSTH1,-0.26360580556586655,ToD blocks
2020-12-27,SNOWSTH1,-4.890276193319295,ToD blocks
2021-01-03,SNOWSTH1,0.6708319159488969,ToD blocks
2021-01-10,SNOWSTH1,-8.323084644900545,ToD blocks
2021-01-17,SNOWSTH1,-3.7008331317126384,ToD blocks
2021-01-24,SNOWSTH1,-28.112110267391508,ToD blocks
2021-01-31,SNOWSTH1,-8.784423543640457,ToD blocks
2021-02-07,SNOWSTH1,-9.712999415977098,ToD blocks
2021-02-14,SNOWSTH1,-0.036500114022747,ToD blocks
2021-02-21,SNOWSTH1,-6.874434774824508,ToD blocks
2021-02-28,SNOWSTH1,-4.770709873953457,ToD blocks
2021-03-07,SNOWSTH1,-7.003616455661689,ToD blocks
2021-03-14,SNOWSTH1,-189.65867298000703,ToD blocks
2021-03-21,SNOWSTH1,-15.361811758396076,ToD blocks
2021-03-28,SNOWSTH1,-19.377040882995548,ToD blocks
2021-04-04,SNOWSTH1,0.5413638645653265,ToD blocks
2021-04-11,SNOWSTH1,-13.642038271366504,ToD blocks
2021-04-18,SNOWSTH1,-29.999205262095828,ToD blocks
2021-04-25,SNOWSTH1,-4.778859298546621,ToD blocks
2021-05-02,SNOWSTH1,-21.320936102573867,ToD blocks
2021-05-09,SNOWSTH1,-13.340910968835544,ToD blocks
2021-05-16,SNOWSTH1,-23.994679915421628,ToD blocks
2021-05-23,SNOWSTH1,-57.54546854909752,ToD blocks
2021-05-30,SNOWSTH1,-22.863823359901552,ToD blocks
2021-06-06,SNOWSTH1,-23.749980545948077,ToD blocks
2021-06-13,SNOWSTH1,-25.219678492454683,ToD blocks
2021-06-20,SNOWSTH1,-11.643240493756863,ToD blocks
2021-06-27,SNOWSTH1,-17.069226139365853,ToD blocks
2021-07-04,SNOWSTH1,-10.810948507840564,ToD blocks
2021-07-11,SNOWSTH1,-55.29782478205263,ToD blocks
2021-07-18,SNOWSTH1,-10.983954601390671,ToD blocks
2021-07-25,SNOWSTH1,-19.767107266509157,ToD blocks
2021-08-01,SNOWSTH1,-20.63657841736012,ToD blocks
2021-08-08,SNOWSTH1,-16.60302780261675,ToD blocks
2021-08-15,SNOWSTH1,-12.21345163866582,ToD blocks
2021-08-22,SNOWSTH1,-32.26835408731233,ToD blocks
2021-08-29,SNOWSTH1,-24.226872561078416,ToD blocks
2021-09-05,SNOWSTH1,-12.324955427431473,ToD blocks
2021-09-12,SNOWSTH1,-24.423906329624376,ToD blocks
2021-09-19,SNOWSTH1,-13.790640993637865,ToD blocks
2021-09-26,SNOWSTH1,-19.560204710048247,ToD blocks
2021-10-03,SNOWSTH1,-19.137144430416132,ToD blocks
2021-10-10,SNOWSTH1,-15.478408993918054,ToD blocks
2021-10-17,SNOWSTH1,-15.762234492349847,ToD blocks
2021-10-24,SNOWSTH1,-2.3288019002449802,ToD blocks
2021-10-31,SNOWSTH1,1.1023198478059797,ToD blocks
2021-11-07,SNOWSTH1,-13.553304720581387,ToD blocks
2021-11-14,SNOWSTH1,-11.117936947700823,ToD blocks
2021-11-21,SNOWSTH1,-31.43909395059286,ToD blocks
2021-11-28,SNOWSTH1,-17.211627095663818,ToD blocks
2021-12-05,SNOWSTH1,-16.790727394291466,ToD blocks
2021-12-12,SNOWSTH1,-15.26475612178745,ToD blocks
2021-12-19,SNOWSTH1,-51.49312676088637,ToD blocks
2021-12-26,SNOWSTH1,10.070965874837963,ToD blocks
2022-01-02,SNOWSTH1,-106.49334995766841,ToD blocks
2022-01-09,SNOWSTH1,-11.996171593796614,ToD blocks
2022-01-16,SNOWSTH1,-42.63023412221452,ToD blocks
2022-01-23,SNOWSTH1,-13.960851663674138,ToD blocks
2022-01-30,SNOWSTH1,-37.10533168334331,ToD blocks
2022-02-06,SNOWSTH1,-70.06000625846195,ToD blocks
2022-02-13,SNOWSTH1,-11.36035643104281,ToD blocks
2022-02-20,SNOWSTH1,-10.356181658355126,ToD blocks
2022-02-27,SNOWSTH1,-2.5925409716582735,ToD blocks
2022-03-06,SNOWSTH1,-31.460247287416763,ToD blocks
2022-03-13,SNOWSTH1,-7.755019410011428,ToD blocks
2022-03-20,SNOWSTH1,-32.35731891091767,ToD blocks
2022-03-27,SNOWSTH1,-15.598452089152644,ToD blocks
2022-04-03,SNOWSTH1,-47.321016113510254,ToD blocks
2022-04-10,SNOWSTH1,-19.660017379524334,ToD blocks
2022-04-17,SNOWSTH1,-35.85259663008763,ToD blocks
2022-04-24,SNOWSTH1,-35.11439430038084,ToD blocks
2022-05-01,SNOWSTH1,-39.487629736637615,ToD blocks
2022-05-08,SNOWSTH1,-49.91334491875028,ToD blocks
2022-05-15,SNOWSTH1,-150.02423614174148,ToD blocks
2022-05-22,SNOWSTH1,-149.46542634628608,ToD blocks
2022-05-29,SNOWSTH1,-50.57450577807538,ToD blocks
2022-06-05,SNOWSTH1,-87.4722262873714,ToD blocks
2022-06-12,SNOWSTH1,-71.17120936626196,ToD blocks
2022-06-19,SNOWSTH1,-84.41931449845075,ToD blocks
2022-06-26,SNOWSTH1,-46.829367267793316,ToD blocks
2022-07-03,SNOWSTH1,-53.58466269901618,ToD blocks
2022-07-10,SNOWSTH1,-110.2189666528513,ToD blocks
2022-07-17,SNOWSTH1,-164.6792123261505,ToD blocks
2022-07-24,SNOWSTH1,-87.82602443588718,ToD blocks
2022-07-31,SNOWSTH1,-136.02623389918082,ToD blocks
2022-08-07,SNOWSTH1,-25.283124144802827,ToD blocks
2022-08-14,SNOWSTH1,-36.92157760530792,ToD blocks
2022-08-21,SNOWSTH1,-37.64509237183661,ToD blocks
2022-08-28,SNOWSTH1,-220.48760995078766,ToD blocks
2022-09-04,SNOWSTH1,-54.36170231914923,ToD blocks
2022-09-11,SNOWSTH1,-83.53436865447179,ToD blocks
2022-09-18,SNOWSTH1,-46.57049601782326,ToD blocks
2022-09-25,SNOWSTH1,-40.50857965351378,ToD blocks
2022-10-02,SNOWSTH1,14.659294535259676,ToD blocks
2022-10-09,SNOWSTH1,-34.93758190076041,ToD blocks
2022-10-16,SNOWSTH1,-60.6763973191848,ToD blocks
2022-10-23,SNOWSTH1,-28.296720796471007,ToD blocks
2022-10-30,SNOWSTH1,-43.22139812336364,ToD blocks
2022-11-06,SNOWSTH1,-25.40297640525315,ToD blocks
2022-11-13,SNOWSTH1,-38.94640796436036,ToD blocks
2022-11-20,SNOWSTH1,-53.536121770975384,ToD blocks
2022-11-27,SNOWSTH1,-45.98296230033033,ToD blocks
2022-12-04,SNOWSTH1,11.71572893130805,ToD blocks
2022-12-11,SNOWSTH1,-11.202482170375653,ToD blocks
2022-12-18,SNOWSTH1,-2.0149260495092793,ToD blocks
2022-12-25,SNOWSTH1,-21.9631840578228,ToD blocks
2023-01-01,SNOWSTH1,2.594149532470304,ToD blocks
2023-01-08,SNOWSTH1,-21.059266607907354,ToD blocks
2023-01-15,SNOWSTH1,-19.337261689101993,ToD blocks
2023-01-22,SNOWSTH1,-15.37133123408534,ToD blocks
2023-01-29,SNOWSTH1,-25.361176987570943,ToD blocks
2023-02-05,SNOWSTH1,-30.799986656317074,ToD blocks
2023-02-12,SNOWSTH1,-48.27686408931188,ToD blocks
2023-02-19,SNOWSTH1,-73.64050720078791,ToD blocks
2023-02-26,SNOWSTH1,-43.137079824149154,ToD blocks
2023-03-05,SNOWSTH1,-16.408492994764792,ToD blocks
2023-03-12,SNOWSTH1,-25.9103927319327,ToD blocks
2023-03-19,SNOWSTH1,-26.020398491673404,ToD blocks
2023-03-26,SNOWSTH1,-23.77100661430405,ToD blocks
2023-04-02,SNOWSTH1,-13.316197251049061,ToD blocks
2023-04-09,SNOWSTH1,-30.570469780676362,ToD blocks
2023-04-16,SNOWSTH1,-20.831122180740692,ToD blocks
2023-04-23,SNOWSTH1,0.30586988008209914,ToD blocks
2023-04-30,SNOWSTH1,-67.82891178495947,ToD blocks
2023-05-07,SNOWSTH1,-204.45705550561257,ToD blocks
2023-05-14,SNOWSTH1,-39.082314141332176,ToD blocks
2023-05-21,SNOWSTH1,-34.388838623292315,ToD blocks
2023-05-28,SNOWSTH1,-70.47694368975283,ToD blocks
2023-06-04,SNOWSTH1,-63.646857498403804,ToD blocks
2023-06-11,SNOWSTH1,38.10993768121632,ToD blocks
2023-06-18,SNOWSTH1,-7.992999319817812,ToD blocks
2023-06-25,SNOWSTH1,-31.13613197753923,ToD blocks
2023-07-02,SNOWSTH1,-68.63529324530363,ToD blocks
2023-07-09,SNOWSTH1,-47.48968235796997,ToD blocks
2023-07-16,SNOWSTH1,-44.97863299898607,ToD blocks
2023-07-23,SNOWSTH1,-31.94237643006786,ToD blocks
2023-07-30,SNOWSTH1,-55.27913633811022,ToD blocks
2023-08-06,SNOWSTH1,-94.79199127390157,ToD blocks
2023-08-13,SNOWSTH1,-276.72447835635853,ToD blocks
2023-08-20,SNOWSTH1,-67.53438332428102,ToD blocks
2023-08-27,SNOWSTH1,-31.025749510859015,ToD blocks
2023-09-03,SNOWSTH1,-76.54099508241165,ToD blocks
2023-09-10,SNOWSTH1,-31.63621868767962,ToD blocks
2023-09-17,SNOWSTH1,-37.42863114180774,ToD blocks
2023-09-24,SNOWSTH1,-25.96186125730175,ToD blocks
2023-10-01,SNOWSTH1,-18.34418174421152,ToD blocks
2023-10-08,SNOWSTH1,-5.309980854817574,ToD blocks
2023-10-15,SNOWSTH1,-15.053687788190647,ToD blocks
2023-10-22,SNOWSTH1,-18.81257843837596,ToD blocks
2023-10-29,SNOWSTH1,-23.555316168914615,ToD blocks
2023-11-05,SNOWSTH1,8.163986676995997,ToD blocks
2023-11-12,SNOWSTH1,-29.109869178802782,ToD blocks
2023-11-19,SNOWSTH1,11.83049596438984,ToD blocks
2023-11-26,SNOWSTH1,-6.954393106069304,ToD blocks
2023-12-03,SNOWSTH1,3.18374138314789,ToD blocks
2023-12-10,SNOWSTH1,3.403614358330131,ToD blocks
2023-12-17,SNOWSTH1,-24.287343689019593,ToD blocks
2023-12-24,SNOWSTH1,-10.147611387583595,ToD blocks
2023-12-31,SNOWSTH1,-8.42283774867158,ToD blocks
2024-01-07,SNOWSTH1,2.702708438064903,ToD blocks
2024-01-14,SNOWSTH1,-10.548563768033773,ToD blocks
2024-01-21,SNOWSTH1,-24.648564129320448,ToD blocks
2024-01-28,SNOWSTH1,-19.297044892941805,ToD blocks
2024-02-04,SNOWSTH1,-7.822032145717429,ToD blocks
2024-02-11,SNOWSTH1,7.017957959097583,ToD blocks
2024-02-18,SNOWSTH1,-11.775331138022416,ToD blocks
2024-02-25,SNOWSTH1,-92.18589505768165,ToD blocks
2024-03-03,SNOWSTH1,-42.25488910376939,ToD blocks
2024-03-10,SNOWSTH1,-24.187702271781504,ToD blocks
2024-03-17,SNOWSTH1,-38.4728887008787,ToD blocks
2024-03-24,SNOWSTH1,-5.78176895074597,ToD blocks
2024-03-31,SNOWSTH1,-2.483685491245012,ToD blocks
2024-04-07,SNOWSTH1,-27.461294110467982,ToD blocks
2024-04-14,SNOWSTH1,-1.8593276888260135,ToD blocks
2024-04-21,SNOWSTH1,-6.115381736284263,ToD blocks
2024-04-28,SNOWSTH1,-38.9893471260151,ToD blocks
2024-05-05,SNOWSTH1,-8.945876091164948,ToD blocks
2024-05-12,SNOWSTH1,,ToD blocks
2024-05-19,SNOWSTH1,-44.40335201539146,ToD blocks
2024-05-26,SNOWSTH1,-8.31890378673478,ToD blocks
2024-06-02,SNOWSTH1,-77.78145055929792,ToD blocks
2024-06-09,SNOWSTH1,-20.96833975038882,ToD blocks
2024-06-16,SNOWSTH1,-62.12035562584417,ToD blocks
2024-06-23,SNOWSTH1,-44.86477002426764,ToD blocks
2024-06-30,SNOWSTH1,-15.36094472384326,ToD blocks
2024-07-07,SNOWSTH1,-47.803583175998824,ToD blocks
2024-07-14,SNOWSTH1,-32.475930449184574,ToD blocks
2024-07-21,SNOWSTH1,-101.46740910206526,ToD blocks
2024-07-28,SNOWSTH1,-195.33855743770675,ToD blocks
2024-08-04,SNOWSTH1,-214.36498955697536,ToD blocks
2024-08-11,SNOWSTH1,-348.79577745680865,ToD blocks
2024-08-18,SNOWSTH1,-24.091489039707817,ToD blocks
2024-08-25,SNOWSTH1,-28.587115150137446,ToD blocks
2024-09-01,SNOWSTH1,-23.98570358297207,ToD blocks
2024-09-08,SNOWSTH1,-43.351209832763786,ToD blocks
2024-09-15,SNOWSTH1,-22.21082068112073,ToD blocks
2024-09-22,SNOWSTH1,-35.68736202303104,ToD blocks
2024-09-29,SNOWSTH1,-205.9531225686444,ToD blocks
2024-10-06,SNOWSTH1,-21.47436221918548,ToD blocks
2024-10-13,SNOWSTH1,7.06248845741872,ToD blocks
2024-10-20,SNOWSTH1,-21.31218473600822,ToD blocks
2024-10-27,SNOWSTH1,-61.6122219432553,ToD blocks
2024-11-03,SNOWSTH1,-9.349781139303623,ToD blocks
2024-11-10,SNOWSTH1,-36.787007775738815,ToD blocks
2024-11-17,SNOWSTH1,-22.957616178704384,ToD blocks
2024-11-24,SNOWSTH1,-1.0084639859261557,ToD blocks
2024-12-01,SNOWSTH1,-29.256075039996333,ToD blocks
2024-12-08,SNOWSTH1,-34.819257298167685,ToD blocks
2024-12-15,SNOWSTH1,4.394160071665041,ToD blocks
2024-12-22,SNOWSTH1,-3.4964565508567205,ToD blocks
2024-12-29,SNOWSTH1,-20.065256937096866,ToD blocks
2025-01-05,SNOWSTH1,10.358221577901517,ToD blocks
2020-01-05,SNOWTWN1,-8.348541570294515,ToD blocks
2020-01-12,SNOWTWN1,-4.420142780868844,ToD blocks
2020-01-19,SNOWTWN1,-7.39883215839663,ToD blocks
2020-01-26,SNOWTWN1,-9.014291784239589,ToD blocks
2020-02-02,SNOWTWN1,-35.231052341791525,ToD blocks
2020-02-09,SNOWTWN1,9.75134578045526,ToD blocks
2020-02-16,SNOWTWN1,-59.877443956331405,ToD blocks
2020-02-23,SNOWTWN1,-17.074793664177015,ToD blocks
2020-03-01,SNOWTWN1,-22.792516929198086,ToD blocks
2020-03-08,SNOWTWN1,-3.2203595840475856,ToD blocks
2020-03-15,SNOWTWN1,-6.288069013022508,ToD blocks
2020-03-22,SNOWTWN1,-3.9689483702465367,ToD blocks
2020-03-29,SNOWTWN1,-5.843676107999215,ToD blocks
2020-04-05,SNOWTWN1,-12.468325501999828,ToD blocks
2020-04-12,SNOWTWN1,-12.110177695705318,ToD blocks
2020-04-19,SNOWTWN1,-11.706933220641933,ToD blocks
2020-04-26,SNOWTWN1,-15.971577020597113,ToD blocks
2020-05-03,SNOWTWN1,-8.156673753470386,ToD blocks
2020-05-10,SNOWTWN1,-7.976834978611347,ToD blocks
2020-05-17,SNOWTWN1,-6.891567171689644,ToD blocks
2020-05-24,SNOWTWN1,-5.253405565775971,ToD blocks
2020-05-31,SNOWTWN1,-9.89826392302879,ToD blocks
2020-06-07,SNOWTWN1,-8.300642595188172,ToD blocks
2020-06-14,SNOWTWN1,-35.618184260708404,ToD blocks
2020-06-21,SNOWTWN1,-7.611777799564528,ToD blocks
2020-06-28,SNOWTWN1,-12.00656258389074,ToD blocks
2020-07-05,SNOWTWN1,-5.075408943472212,ToD blocks
2020-07-12,SNOWTWN1,-11.790305063503247,ToD blocks
2020-07-19,SNOWTWN1,-14.798797861044648,ToD blocks
2020-07-26,SNOWTWN1,-14.41818323432691,ToD blocks
2020-08-02,SNOWTWN1,-11.636578973018906,ToD blocks
2020-08-09,SNOWTWN1,-4.9307609041625895,ToD blocks
2020-08-16,SNOWTWN1,-7.310035650494342,ToD blocks
2020-08-23,SNOWTWN1,-2.5399715561108422,ToD blocks
2020-08-30,SNOWTWN1,-30.40388267115507,ToD blocks
2020-09-06,SNOWTWN1,-6.605103028251499,ToD blocks
2020-09-13,SNOWTWN1,3.9560999800968126,ToD blocks
2020-09-20,SNOWTWN1,-0.35651442612669015,ToD blocks
2020-09-27,SNOWTWN1,-1.2687809066602007,ToD blocks
2020-10-04,SNOWTWN1,-7.1812985998798915,ToD blocks
2020-10-11,SNOWTWN1,-7.415998779152623,ToD blocks
2020-10-18,SNOWTWN1,-8.534834243704822,ToD blocks
2020-10-25,SNOWTWN1,-11.212986884765122,ToD blocks
2020-11-01,SNOWTWN1,-9.59830651092929,ToD blocks
2020-11-08,SNOWTWN1,-5.100678508637323,ToD blocks
2020-11-15,SNOWTWN1,-6.510077764200531,ToD blocks
2020-11-22,SNOWTWN1,-8.079023997224255,ToD blocks
2020-11-29,SNOWTWN1,-7.522249340494973,ToD blocks
2020-12-06,SNOWTWN1,-7.075499374154253,ToD blocks
2020-12-13,SNOWTWN1,-2.7309480691186323,ToD blocks
2020-12-20,SNOWTWN1,-3.0447438471467265,ToD blocks
2020-12-27,SNOWTWN1,-3.3674234248792487,ToD blocks
2021-01-03,SNOWTWN1,3.7849570959720147,ToD blocks
2021-01-10,SNOWTWN1,-4.874334338003882,ToD blocks
2021-01-17,SNOWTWN1,5.152874966162365,ToD blocks
2021-01-24,SNOWTWN1,-31.254741051166327,ToD blocks
2021-01-31,SNOWTWN1,-5.870920350813773,ToD blocks
2021-02-07,SNOWTWN1,-3.6326154386778793,ToD blocks
2021-02-14,SNOWTWN1,0.040521137879007796,ToD blocks
2021-02-21,SNOWTWN1,-7.630812664074835,ToD blocks
2021-02-28,SNOWTWN1,-0.3464279659064573,ToD blocks
2021-03-07,SNOWTWN1,-1.6483726085135224,ToD blocks
2021-03-14,SNOWTWN1,-216.27020243565192,ToD blocks
2021-03-21,SNOWTWN1,-9.498358471514273,ToD blocks
2021-03-28,SNOWTWN1,-14.824605154035254,ToD blocks
2021-04-04,SNOWTWN1,0.25584901637620305,ToD blocks
2021-04-11,SNOWTWN1,-5.067696619298925,ToD blocks
2021-04-18,SNOWTWN1,-22.74862344237969,ToD blocks
2021-04-25,SNOWTWN1,-11.946978360891904,ToD blocks
2021-05-02,SNOWTWN1,-18.023988259050896,ToD blocks
2021-05-09,SNOWTWN1,-13.58114400397988,ToD blocks
2021-05-16,SNOWTWN1,-23.289044959279714,ToD blocks
2021-05-23,SNOWTWN1,-83.96687087591954,ToD blocks
2021-05-30,SNOWTWN1,-22.182406252025437,ToD blocks
2021-06-06,SNOWTWN1,-25.783844066021075,ToD blocks
2021-06-13,SNOWTWN1,-21.457040058989783,ToD blocks
2021-06-20,SNOWTWN1,-9.231298822731645,ToD blocks
2021-06-27,SNOWTWN1,-17.628292279518163,ToD blocks
2021-07-04,SNOWTWN1,-16.321720610665523,ToD blocks
2021-07-11,SNOWTWN1,-55.9608184570541,ToD blocks
2021-07-18,SNOWTWN1,-5.895747430699572,ToD blocks
2021-07-25,SNOWTWN1,-17.436496435423976,ToD blocks
2021-08-01,SNOWTWN1,-5.7460383389718,ToD blocks
2021-08-08,SNOWTWN1,-18.279987775672822,ToD blocks
2021-08-15,SNOWTWN1,-10.576605774563486,ToD blocks
2021-08-22,SNOWTWN1,-19.667610764396738,ToD blocks
2021-08-29,SNOWTWN1,-17.326090740697644,ToD blocks
2021-09-05,SNOWTWN1,4.959980728856699,ToD blocks
2021-09-12,SNOWTWN1,-2.577539170863325,ToD blocks
2021-09-19,SNOWTWN1,-0.4705314844071786,ToD blocks
2021-09-26,SNOWTWN1,-6.862687805405763,ToD blocks
2021-10-03,SNOWTWN1,-11.351139707566631,ToD blocks
2021-10-10,SNOWTWN1,-4.975062003525398,ToD blocks
2021-10-17,SNOWTWN1,-12.143986871398411,ToD blocks
2021-10-24,SNOWTWN1,6.191807580149124,ToD blocks
2021-10-31,SNOWTWN1,13.1951966829687,ToD blocks
2021-11-07,SNOWTWN1,-13.09433960199155,ToD blocks
2021-11-14,SNOWTWN1,0.42538046253542205,ToD blocks
2021-11-21,SNOWTWN1,-21.64833487924587,ToD blocks
2021-11-28,SNOWTWN1,-9.350024108182431,ToD blocks
2021-12-05,SNOWTWN1,-16.13870571500918,ToD blocks
2021-12-12,SNOWTWN1,-16.552969554909502,ToD blocks
2021-12-19,SNOWTWN1,-39.71001935815366,ToD blocks
2021-12-26,SNOWTWN1,-3.777598579005783,ToD blocks
2022-01-02,SNOWTWN1,-106.42380132081294,ToD blocks
2022-01-09,SNOWTWN1,-4.391424716112638,ToD blocks
2022-01-16,SNOWTWN1,-15.573961801480863,ToD blocks
2022-01-23,SNOWTWN1,-12.057162496734612,ToD blocks
2022-01-30,SNOWTWN1,-35.04198921837113,ToD blocks
2022-02-06,SNOWTWN1,-63.17461900646431,ToD blocks
2022-02-13,SNOWTWN1,-12.403163433772079,ToD blocks
2022-02-20,SNOWTWN1,-6.140471572528611,ToD blocks
2022-02-27,SNOWTWN1,-3.3874259553538337,ToD blocks
2022-03-06,SNOWTWN1,-17.114525699619556,ToD blocks
2022-03-13,SNOWTWN1,8.9436542317017,ToD blocks
2022-03-20,SNOWTWN1,-30.433899754614572,ToD blocks
2022-03-27,SNOWTWN1,-17.621675273521063,ToD blocks
2022-04-03,SNOWTWN1,-13.593477184209533,ToD blocks
2022-04-10,SNOWTWN1,-22.025526057693355,ToD blocks
2022-04-17,SNOWTWN1,-26.322027907353956,ToD blocks
2022-04-24,SNOWTWN1,-11.815659520000168,ToD blocks
2022-05-01,SNOWTWN1,-37.57807856262147,ToD blocks
2022-05-08,SNOWTWN1,-70.9363600370566,ToD blocks
2022-05-15,SNOWTWN1,-101.22603974968365,ToD blocks
2022-05-22,SNOWTWN1,-150.32322293749598,ToD blocks
2022-05-29,SNOWTWN1,-61.32274496246106,ToD blocks
2022-06-05,SNOWTWN1,-58.4206756891424,ToD blocks
2022-06-12,SNOWTWN1,-82.64996107800346,ToD blocks
2022-06-19,SNOWTWN1,-72.6434368835952,ToD blocks
2022-06-26,SNOWTWN1,-38.51010098363278,ToD blocks
2022-07-03,SNOWTWN1,-63.31753648957266,ToD blocks
2022-07-10,SNOWTWN1,-134.6697453498722,ToD blocks
2022-07-17,SNOWTWN1,-145.03501034507383,ToD blocks
2022-07-24,SNOWTWN1,-93.18844424922747,ToD blocks
2022-07-31,SNOWTWN1,-129.03876984764875,ToD blocks
2022-08-07,SNOWTWN1,-29.26547790337409,ToD blocks
2022-08-14,SNOWTWN1,-34.07386329625632,ToD blocks
2022-08-21,SNOWTWN1,-40.21315744983821,ToD blocks
2022-08-28,SNOWTWN1,-213.6970195514061,ToD blocks
2022-09-04,SNOWTWN1,-61.72580941273854,ToD blocks
2022-09-11,SNOWTWN1,-81.95338936243536,ToD blocks
2022-09-18,SNOWTWN1,-12.037620652167917,ToD blocks
2022-09-25,SNOWTWN1,-33.22174168886227,ToD blocks
2022-10-02,SNOWTWN1,12.600422656231501,ToD blocks
2022-10-09,SNOWTWN1,-41.94387774615714,ToD blocks
2022-10-16,SNOWTWN1,-62.08481599666082,ToD blocks
2022-10-23,SNOWTWN1,1.4796765301404946,ToD blocks
2022-10-30,SNOWTWN1,-41.807334255004456,ToD blocks
2022-11-06,SNOWTWN1,-27.28045410931928,ToD blocks
2022-11-13,SNOWTWN1,2.21938357382038,ToD blocks
2022-11-20,SNOWTWN1,-8.813383969086821,ToD blocks
2022-11-27,SNOWTWN1,-25.858382075439614,ToD blocks
2022-12-04,SNOWTWN1,0.6510393904196405,ToD blocks
2022-12-11,SNOWTWN1,-15.269465157252924,ToD blocks
2022-12-18,SNOWTWN1,1.6771092794063591,ToD blocks
2022-12-25,SNOWTWN1,-12.585500200677451,ToD blocks
2023-01-01,SNOWTWN1,2.543640188805277,ToD blocks
2023-01-08,SNOWTWN1,-3.430227408963148,ToD blocks
2023-01-15,SNOWTWN1,-12.385164448362687,ToD blocks
2023-01-22,SNOWTWN1,-5.275824701915013,ToD blocks
2023-01-29,SNOWTWN1,-18.41707774181674,ToD blocks
2023-02-05,SNOWTWN1,1.4966752164527506,ToD blocks
2023-02-12,SNOWTWN1,-36.77268662585355,ToD blocks
2023-02-19,SNOWTWN1,-92.08521573675372,ToD blocks
2023-02-26,SNOWTWN1,-39.16331579709594,ToD blocks
2023-03-05,SNOWTWN1,-5.699364459600048,ToD blocks
2023-03-12,SNOWTWN1,0.6023284836981802,ToD blocks
2023-03-19,SNOWTWN1,-21.284032157726074,ToD blocks
2023-03-26,SNOWTWN1,-17.760147625523445,ToD blocks
2023-04-02,SNOWTWN1,-12.752307233591992,ToD blocks
2023-04-09,SNOWTWN1,-30.459463971425997,ToD blocks
2023-04-16,SNOWTWN1,-15.062352608867407,ToD blocks
2023-04-23,SNOWTWN1,-1.2448886612607453,ToD blocks
2023-04-30,SNOWTWN1,-66.96155987163834,ToD blocks
2023-05-07,SNOWTWN1,-215.5449582591241,ToD blocks
2023-05-14,SNOWTWN1,-37.734580538339316,ToD blocks
2023-05-21,SNOWTWN1,-27.616329505995253,ToD blocks
2023-05-28,SNOWTWN1,-66.72797486575465,ToD blocks
2023-06-04,SNOWTWN1,-70.18963411019129,ToD blocks
2023-06-11,SNOWTWN1,-28.58659140779116,ToD blocks
2023-06-18,SNOWTWN1,2.0807008519161023,ToD blocks
2023-06-25,SNOWTWN1,-17.2131495410173,ToD blocks
2023-07-02,SNOWTWN1,-66.23655647879642,ToD blocks
2023-07-09,SNOWTWN1,-41.674738172177264,ToD blocks
2023-07-16,SNOWTWN1,-43.14571065095342,ToD blocks
2023-07-23,SNOWTWN1,-38.10361041008865,ToD blocks
2023-07-30,SNOWTWN1,-51.088435322570746,ToD blocks
2023-08-06,SNOWTWN1,-66.46927065229667,ToD blocks
2023-08-13,SNOWTWN1,-299.89853020810347,ToD blocks
2023-08-20,SNOWTWN1,-61.02189949657485,ToD blocks
2023-08-27,SNOWTWN1,-28.455766932537678,ToD blocks
2023-09-03,SNOWTWN1,-72.1882130343612,ToD blocks
2023-09-10,SNOWTWN1,-21.852149700112868,ToD blocks
2023-09-17,SNOWTWN1,-31.501717492754793,ToD blocks
2023-09-24,SNOWTWN1,-21.41534372530587,ToD blocks
2023-10-01,SNOWTWN1,2.0768392261187643,ToD blocks
2023-10-08,SNOWTWN1,1.0809638762178366,ToD blocks
2023-10-15,SNOWTWN1,-11.136122399978778,ToD blocks
2023-10-22,SNOWTWN1,-10.264368246662084,ToD blocks
2023-10-29,SNOWTWN1,-6.111832363303048,ToD blocks
2023-11-05,SNOWTWN1,18.71768045801743,ToD blocks
2023-11-12,SNOWTWN1,-26.473407465251896,ToD blocks
2023-11-19,SNOWTWN1,12.775170044275782,ToD blocks
2023-11-26,SNOWTWN1,1.7687188918789971,ToD blocks
2023-12-03,SNOWTWN1,5.049058888144067,ToD blocks
2023-12-10,SNOWTWN1,12.06077699718287,ToD blocks
2023-12-17,SNOWTWN1,-8.920810359785705,ToD blocks
2023-12-24,SNOWTWN1,9.709615119910165,ToD blocks
2023-12-31,SNOWTWN1,-0.2269259696066328,ToD blocks
2024-01-07,SNOWTWN1,-0.22185740117379282,ToD blocks
2024-01-14,SNOWTWN1,-4.62273785691832,ToD blocks
2024-01-21,SNOWTWN1,-5.974940378854061,ToD blocks
2024-01-28,SNOWTWN1,-15.06002492878163,ToD blocks
2024-02-04,SNOWTWN1,-4.581274346698564,ToD blocks
2024-02-11,SNOWTWN1,9.132123752842112,ToD blocks
2024-02-18,SNOWTWN1,-0.06720137503671708,ToD blocks
2024-02-25,SNOWTWN1,-80.39969991573949,ToD blocks
2024-03-03,SNOWTWN1,-38.713220201358105,ToD blocks
2024-03-10,SNOWTWN1,-26.709959319484952,ToD blocks
2024-03-17,SNOWTWN1,-43.34699113693115,ToD blocks
2024-03-24,SNOWTWN1,-1.1545161283194219,ToD blocks
2024-03-31,SNOWTWN1,-4.426255323466364,ToD blocks
2024-04-07,SNOWTWN1,-19.73335553888746,ToD blocks
2024-04-14,SNOWTWN1,0.713300081639531,ToD blocks
2024-04-21,SNOWTWN1,-5.83857775802818,ToD blocks
2024-04-28,SNOWTWN1,-25.491285424942774,ToD blocks
2024-05-05,SNOWTWN1,-8.4236920374845,ToD blocks
2024-05-12,SNOWTWN1,4.491400861674805,ToD blocks
2024-05-19,SNOWTWN1,-25.80927763002927,ToD blocks
2024-05-26,SNOWTWN1,-12.985350815263331,ToD blocks
2024-06-02,SNOWTWN1,-63.383720749412426,ToD blocks
2024-06-09,SNOWTWN1,-22.57100849042729,ToD blocks
2024-06-16,SNOWTWN1,-47.966872241867506,ToD blocks
2024-06-23,SNOWTWN1,-40.954746519510735,ToD blocks
2024-06-30,SNOWTWN1,-15.084239635801381,ToD blocks
2024-07-07,SNOWTWN1,-32.38455302668481,ToD blocks
2024-07-14,SNOWTWN1,-41.91924337130584,ToD blocks
2024-07-21,SNOWTWN1,-97.97547864231373,ToD blocks
2024-07-28,SNOWTWN1,-208.45799411485962,ToD blocks
2024-08-04,SNOWTWN1,-249.83861621396142,ToD blocks
2024-08-11,SNOWTWN1,-368.3404396598087,ToD blocks
2024-08-18,SNOWTWN1,-20.082376572886275,ToD blocks
2024-08-25,SNOWTWN1,-24.982877039562567,ToD blocks
2024-09-01,SNOWTWN1,-16.582880205149426,ToD blocks
2024-09-08,SNOWTWN1,-36.521164578046495,ToD blocks
2024-09-15,SNOWTWN1,-7.319803756108243,ToD blocks
2024-09-22,SNOWTWN1,-47.137544859007654,ToD blocks
2024-09-29,SNOWTWN1,-203.94874396287264,ToD blocks
2024-10-06,SNOWTWN1,15.598399870434378,ToD blocks
2024-10-13,SNOWTWN1,-0.8559964705998553,ToD blocks
2024-10-20,SNOWTWN1,-6.822913578942092,ToD blocks
2024-10-27,SNOWTWN1,-28.80050274752245,ToD blocks
2024-11-03,SNOWTWN1,17.779634084036893,ToD blocks
2024-11-10,SNOWTWN1,-14.528975617980933,ToD blocks
2024-11-17,SNOWTWN1,14.293263155154122,ToD blocks
2024-11-24,SNOWTWN1,-0.3745267173446649,ToD blocks
2024-12-01,SNOWTWN1,2.4992495227694604,ToD blocks
2024-12-08,SNOWTWN1,-1.6894211762274125,ToD blocks
2024-12-15,SNOWTWN1,3.943687275166127,ToD blocks
2024-12-22,SNOWTWN1,12.84875290715928,ToD blocks
2024-12-29,SNOWTWN1,0.16348222333632023,ToD blocks
2025-01-05,SNOWTWN1,21.808258041329637,ToD blocks
2020-01-05,WATERLWF,-7.068013362292142,ToD blocks
2020-01-12,WATERLWF,-3.3030871073911783,ToD blocks
2020-01-19,WATERLWF,-8.987955946047826,ToD blocks
2020-01-26,WATERLWF,-12.978835452232609,ToD blocks
2020-02-02,WATERLWF,-99.1552473749161,ToD blocks
2020-02-09,WATERLWF,0.5164993171724603,ToD blocks
2020-02-16,WATERLWF,-61.395009173157774,ToD blocks
2020-02-23,WATERLWF,-41.5951903634286,ToD blocks
2020-03-01,WATERLWF,-36.58287304511508,ToD blocks
2020-03-08,WATERLWF,-25.49741522324979,ToD blocks
2020-03-15,WATERLWF,-9.402687349235176,ToD blocks
2020-03-22,WATERLWF,-4.000734970278501,ToD blocks
2020-03-29,WATERLWF,-5.927284397394494,ToD blocks
2020-04-05,WATERLWF,-14.221960297129595,ToD blocks
2020-04-12,WATERLWF,-20.196302084234873,ToD blocks
2020-04-19,WATERLWF,-11.449546081721927,ToD blocks
2020-04-26,WATERLWF,-9.799545202513457,ToD blocks
2020-05-03,WATERLWF,-7.825947004468929,ToD blocks
2020-05-10,WATERLWF,-11.053924312944922,ToD blocks
2020-05-17,WATERLWF,-10.317103299155754,ToD blocks
2020-05-24,WATERLWF,-2.9745022632247853,ToD blocks
2020-05-31,WATERLWF,-9.942494763332306,ToD blocks
2020-06-07,WATERLWF,-10.782741188853194,ToD blocks
2020-06-14,WATERLWF,-29.893863864312387,ToD blocks
2020-06-21,WATERLWF,-6.742612472625311,ToD blocks
2020-06-28,WATERLWF,-7.0806839175920615,ToD blocks
2020-07-05,WATERLWF,-3.894231360607428,ToD blocks
2020-07-12,WATERLWF,-6.943247181285926,ToD blocks
2020-07-19,WATERLWF,-15.725834865945984,ToD blocks
2020-07-26,WATERLWF,-10.683765887035271,ToD blocks
2020-08-02,WATERLWF,-8.842342299745816,ToD blocks
2020-08-09,WATERLWF,-6.169474203534612,ToD blocks
2020-08-16,WATERLWF,-3.328363574773121,ToD blocks
2020-08-23,WATERLWF,-4.5144252288852655,ToD blocks
2020-08-30,WATERLWF,-40.681960502372654,ToD blocks
2020-09-06,WATERLWF,-20.172042346571526,ToD blocks
2020-09-13,WATERLWF,-13.963601479183733,ToD blocks
2020-09-20,WATERLWF,-4.122124834489247,ToD blocks
2020-09-27,WATERLWF,-11.915511875924896,ToD blocks
2020-10-04,WATERLWF,-15.105329870914888,ToD blocks
2020-10-11,WATERLWF,-16.287524997701073,ToD blocks
2020-10-18,WATERLWF,-6.079323703833467,ToD blocks
2020-10-25,WATERLWF,-26.433430203587694,ToD blocks
2020-11-01,WATERLWF,-17.12541061963583,ToD blocks
2020-11-08,WATERLWF,-11.544731129102288,ToD blocks
2020-11-15,WATERLWF,-7.205772306796742,ToD blocks
2020-11-22,WATERLWF,-16.5390314386566,ToD blocks
2020-11-29,WATERLWF,-7.938113985902419,ToD blocks
2020-12-06,WATERLWF,-54.480961561746255,ToD blocks
2020-12-13,WATERLWF,-16.068114870420136,ToD blocks
2020-12-20,WATERLWF,-10.980261212955966,ToD blocks
2020-12-27,WATERLWF,-11.957068016916402,ToD blocks
2021-01-03,WATERLWF,-2.934008616134671,ToD blocks
2021-01-10,WATERLWF,-4.835874023483845,ToD blocks
2021-01-17,WATERLWF,-5.761692670134092,ToD blocks
2021-01-24,WATERLWF,-18.14892950063652,ToD blocks
2021-01-31,WATERLWF,-13.479486678179095,ToD blocks
2021-02-07,WATERLWF,-12.334852297291963,ToD blocks
2021-02-14,WATERLWF,-1.510543697327357,ToD blocks
2021-02-21,WATERLWF,-9.125022569727555,ToD blocks
2021-02-28,WATERLWF,-9.952341961039156,ToD blocks
2021-03-07,WATERLWF,-4.982973696498117,ToD blocks
2021-03-14,WATERLWF,-163.57120758107635,ToD blocks
2021-03-21,WATERLWF,-18.055083751730372,ToD blocks
2021-03-28,WATERLWF,-20.29740333002974,ToD blocks
2021-04-04,WATERLWF,4.430823634053546,ToD blocks
2021-04-11,WATERLWF,-24.195360863060348,ToD blocks
2021-04-18,WATERLWF,-32.59008388225203,ToD blocks
2021-04-25,WATERLWF,-1.6226575888690604,ToD blocks
2021-05-02,WATERLWF,-24.70805597524859,ToD blocks
2021-05-09,WATERLWF,-9.986122049680333,ToD blocks
2021-05-16,WATERLWF,-19.911843909740647,ToD blocks
2021-05-23,WATERLWF,-68.00920386415746,ToD blocks
2021-05-30,WATERLWF,-20.976740161034783,ToD blocks
2021-06-06,WATERLWF,-24.349132675861917,ToD blocks
2021-06-13,WATERLWF,-36.32356412507703,ToD blocks
2021-06-20,WATERLWF,-13.931241707197387,ToD blocks
2021-06-27,WATERLWF,-14.57481291635959,ToD blocks
2021-07-04,WATERLWF,-8.843074985138514,ToD blocks
2021-07-11,WATERLWF,-45.340114394342464,ToD blocks
2021-07-18,WATERLWF,-9.729369753802118,ToD blocks
2021-07-25,WATERLWF,-21.749851928087878,ToD blocks
2021-08-01,WATERLWF,-17.548005972643416,ToD blocks
2021-08-08,WATERLWF,-14.02164948362477,ToD blocks
2021-08-15,WATERLWF,-14.98533323320752,ToD blocks
2021-08-22,WATERLWF,-16.23585600211317,ToD blocks
2021-08-29,WATERLWF,-22.263649117973266,ToD blocks
2021-09-05,WATERLWF,-12.722407050699681,ToD blocks
2021-09-12,WATERLWF,-20.485842976616176,ToD blocks
2021-09-19,WATERLWF,-18.403347382334676,ToD blocks
2021-09-26,WATERLWF,-8.528037330854186,ToD blocks
2021-10-03,WATERLWF,-7.503858693295655,ToD blocks
2021-10-10,WATERLWF,-13.986520751238388,ToD blocks
2021-10-17,WATERLWF,-13.508771862051525,ToD blocks
2021-10-24,WATERLWF,-2.880935793195606,ToD blocks
2021-10-31,WATERLWF,66.44655482340433,ToD blocks
2021-11-07,WATERLWF,-11.989724183715477,ToD blocks
2021-11-14,WATERLWF,-7.339648873327176,ToD blocks
2021-11-21,WATERLWF,-33.9885087936773,ToD blocks
2021-11-28,WATERLWF,-11.539279129389719,ToD blocks
2021-12-05,WATERLWF,-13.486104697601036,ToD blocks
2021-12-12,WATERLWF,-9.083082253538677,ToD blocks
2021-12-19,WATERLWF,-57.944456004644,ToD blocks
2021-12-26,WATERLWF,-10.6650934090318,ToD blocks
2022-01-02,WATERLWF,-101.46346778731477,ToD blocks
2022-01-09,WATERLWF,-6.750385743470577,ToD blocks
2022-01-16,WATERLWF,-65.57746922051656,ToD blocks
2022-01-23,WATERLWF,-13.422151679601924,ToD blocks
2022-01-30,WATERLWF,-27.37466941113948,ToD blocks
2022-02-06,WATERLWF,-43.85657130383402,ToD blocks
2022-02-13,WATERLWF,-7.5191404957227945,ToD blocks
2022-02-20,WATERLWF,-15.500467289634159,ToD blocks
2022-02-27,WATERLWF,-8.623782763988203,ToD blocks
2022-03-06,WATERLWF,-15.885063242104614,ToD blocks
2022-03-13,WATERLWF,-8.662284265254105,ToD blocks
2022-03-20,WATERLWF,-19.313276658851876,ToD blocks
2022-03-27,WATERLWF,-10.522849859505499,ToD blocks
2022-04-03,WATERLWF,-40.55720235140535,ToD blocks
2022-04-10,WATERLWF,-30.868044542783224,ToD blocks
2022-04-17,WATERLWF,-44.029060019880816,ToD blocks
2022-04-24,WATERLWF,-26.567809713512773,ToD blocks
2022-05-01,WATERLWF,-24.464614887579074,ToD blocks
2022-05-08,WATERLWF,-27.114276500491997,ToD blocks
2022-05-15,WATERLWF,-115.93571383586033,ToD blocks
2022-05-22,WATERLWF,-100.40488745314576,ToD blocks
2022-05-29,WATERLWF,-22.196121917713242,ToD blocks
2022-06-05,WATERLWF,-85.8669350297742,ToD blocks
2022-06-12,WATERLWF,-65.03344509825996,ToD blocks
2022-06-19,WATERLWF,-74.45965017014666,ToD blocks
2022-06-26,WATERLWF,-35.549329711173414,ToD blocks
2022-07-03,WATERLWF,-28.867586532894506,ToD blocks
2022-07-10,WATERLWF,-143.03544434019557,ToD blocks
2022-07-17,WATERLWF,-157.23090175087756,ToD blocks
2022-07-24,WATERLWF,-75.21114572502717,ToD blocks
2022-07-31,WATERLWF,-120.18981517679771,ToD blocks
2022-08-07,WATERLWF,-22.64486049980986,ToD blocks
2022-08-14,WATERLWF,-34.17593035402808,ToD blocks
2022-08-21,WATERLWF,-28.740704301808165,ToD blocks
2022-08-28,WATERLWF,-223.94465293614556,ToD blocks
2022-09-04,WATERLWF,-53.62735751729595,ToD blocks
2022-09-11,WATERLWF,-80.27698860750465,ToD blocks
2022-09-18,WATERLWF,-39.30888924305461,ToD blocks
2022-09-25,WATERLWF,-27.070999134295832,ToD blocks
2022-10-02,WATERLWF,14.258929115781342,ToD blocks
2022-10-09,WATERLWF,-32.67353777602719,ToD blocks
2022-10-16,WATERLWF,-62.20712834735777,ToD blocks
2022-10-23,WATERLWF,4.513807186375814,ToD blocks
2022-10-30,WATERLWF,-17.828662896446126,ToD blocks
2022-11-06,WATERLWF,-19.535736433693437,ToD blocks
2022-11-13,WATERLWF,-42.03369469699947,ToD blocks
2022-11-20,WATERLWF,-58.25072127690517,ToD blocks
2022-11-27,WATERLWF,-30.041767357918044,ToD blocks
2022-12-04,WATERLWF,6.24401270890894,ToD blocks
2022-12-11,WATERLWF,-0.4656902072835365,ToD blocks
2022-12-18,WATERLWF,1.8536368983561733,ToD blocks
2022-12-25,WATERLWF,-29.128612949494737,ToD blocks
2023-01-01,WATERLWF,-2.7556805036572527,ToD blocks
2023-01-08,WATERLWF,-18.950743965241532,ToD blocks
2023-01-15,WATERLWF,-4.137696921515527,ToD blocks
2023-01-22,WATERLWF,-4.7577785267462005,ToD blocks
2023-01-29,WATERLWF,-24.6444469263226,ToD blocks
2023-02-05,WATERLWF,-46.88835583295902,ToD blocks
2023-02-12,WATERLWF,-32.0757480021303,ToD blocks
2023-02-19,WATERLWF,-69.60984686605804,ToD blocks
2023-02-26,WATERLWF,-20.26253095776208,ToD blocks
2023-03-05,WATERLWF,-30.61935169832035,ToD blocks
2023-03-12,WATERLWF,-35.42332004084947,ToD blocks
2023-03-19,WATERLWF,-18.35661840561032,ToD blocks
2023-03-26,WATERLWF,-10.798637571066322,ToD blocks
2023-04-02,WATERLWF,-7.318280974165646,ToD blocks
2023-04-09,WATERLWF,-27.42652947015629,ToD blocks
2023-04-16,WATERLWF,-22.163148936790165,ToD blocks
2023-04-23,WATERLWF,-18.704830810420432,ToD blocks
2023-04-30,WATERLWF,-49.389422593953235,ToD blocks
2023-05-07,WATERLWF,-208.01507124444322,ToD blocks
2023-05-14,WATERLWF,-49.56779654497208,ToD blocks
2023-05-21,WATERLWF,-63.437000309279995,ToD blocks
2023-05-28,WATERLWF,-58.179519633350054,ToD blocks
2023-06-04,WATERLWF,-36.35533076459515,ToD blocks
2023-06-11,WATERLWF,-29.224617903275774,ToD blocks
2023-06-18,WATERLWF,-2.3862560268852686,ToD blocks
2023-06-25,WATERLWF,-25.899627004749775,ToD blocks
2023-07-02,WATERLWF,-86.69865411741849,ToD blocks
2023-07-09,WATERLWF,-45.966173007035806,ToD blocks
2023-07-16,WATERLWF,-34.66674726001238,ToD blocks
2023-07-23,WATERLWF,-29.060375860612105,ToD blocks
2023-07-30,WATERLWF,-46.128036094976345,ToD blocks
2023-08-06,WATERLWF,-84.41262964781245,ToD blocks
2023-08-13,WATERLWF,-221.3065571591546,ToD blocks
2023-08-20,WATERLWF,-60.76400339823892,ToD blocks
2023-08-27,WATERLWF,-20.649034931410384,ToD blocks
2023-09-03,WATERLWF,2.5711938000222574,ToD blocks
2023-09-10,WATERLWF,-26.28008506891825,ToD blocks
2023-09-17,WATERLWF,-32.83282397705842,ToD blocks
2023-09-24,WATERLWF,-23.05935099293504,ToD blocks
2023-10-01,WATERLWF,-7.109395090308141,ToD blocks
2023-10-08,WATERLWF,-7.644276273799139,ToD blocks
2023-10-15,WATERLWF,-14.774226287167885,ToD blocks
2023-10-22,WATERLWF,-15.299520668014154,ToD blocks
2023-10-29,WATERLWF,-34.60016505053102,ToD blocks
2023-11-05,WATERLWF,17.706959965669853,ToD blocks
2023-11-12,WATERLWF,-14.406472782731328,ToD blocks
2023-11-19,WATERLWF,4.359866658750988,ToD blocks
2023-11-26,WATERLWF,-18.509295635925202,ToD blocks
2023-12-03,WATERLWF,20.263835480646705,ToD blocks
2023-12-10,WATERLWF,18.375732750476843,ToD blocks
2023-12-17,WATERLWF,-15.37820360104628,ToD blocks
2023-12-24,WATERLWF,-0.8339574477143668,ToD blocks
2023-12-31,WATERLWF,-0.539744087187108,ToD blocks
2024-01-07,WATERLWF,-2.7667094236568204,ToD blocks
2024-01-14,WATERLWF,-10.443909845047497,ToD blocks
2024-01-21,WATERLWF,-14.580451692991884,ToD blocks
2024-01-28,WATERLWF,-18.64690343469421,ToD blocks
2024-02-04,WATERLWF,-5.027760639045717,ToD blocks
2024-02-11,WATERLWF,3.5423916357031366,ToD blocks
2024-02-18,WATERLWF,0.620860621827191,ToD blocks
2024-02-25,WATERLWF,-69.29607945531086,ToD blocks
2024-03-03,WATERLWF,-41.59173336769427,ToD blocks
2024-03-10,WATERLWF,-22.604097644869242,ToD blocks
2024-03-17,WATERLWF,-33.49661945859435,ToD blocks
2024-03-24,WATERLWF,6.1436581828170205,ToD blocks
2024-03-31,WATERLWF,-8.216570427695004,ToD blocks
2024-04-07,WATERLWF,-27.319334656483697,ToD blocks
2024-04-14,WATERLWF,-7.290839950926809,ToD blocks
2024-04-21,WATERLWF,-25.986457172600595,ToD blocks
2024-04-28,WATERLWF,-31.98626024491582,ToD blocks
2024-05-05,WATERLWF,-11.768848738375524,ToD blocks
2024-05-12,WATERLWF,-7.245912392980671,ToD blocks
2024-05-19,WATERLWF,-10.881417763351266,ToD blocks
2024-05-26,WATERLWF,-3.9269341383758842,ToD blocks
2024-06-02,WATERLWF,-75.11037488437974,ToD blocks
2024-06-09,WATERLWF,-14.60911895218365,ToD blocks
2024-06-16,WATERLWF,-73.46297134951664,ToD blocks
2024-06-23,WATERLWF,-39.971480279353926,ToD blocks
2024-06-30,WATERLWF,-18.478132742705085,ToD blocks
2024-07-07,WATERLWF,-29.9458315357752,ToD blocks
2024-07-14,WATERLWF,-26.37167841664848,ToD blocks
2024-07-21,WATERLWF,-94.56384195976291,ToD blocks
2024-07-28,WATERLWF,-195.29520019919045,ToD blocks
2024-08-04,WATERLWF,-180.77615062510256,ToD blocks
2024-08-11,WATERLWF,-301.0675758216988,ToD blocks
2024-08-18,WATERLWF,-22.546990064982168,ToD blocks
2024-08-25,WATERLWF,-24.378240694503788,ToD blocks
2024-09-01,WATERLWF,-18.481120812907044,ToD blocks
2024-09-08,WATERLWF,-39.06359799764944,ToD blocks
2024-09-15,WATERLWF,-23.247266282312996,ToD blocks
2024-09-22,WATERLWF,-35.3674834914458,ToD blocks
2024-09-29,WATERLWF,-211.76044974362785,ToD blocks
2024-10-06,WATERLWF,-23.752675641160693,ToD blocks
2024-10-13,WATERLWF,5.8215004705951365,ToD blocks
2024-10-20,WATERLWF,-17.137549367661475,ToD blocks
2024-10-27,WATERLWF,-70.91618478372486,ToD blocks
2024-11-03,WATERLWF,-4.959977366449188,ToD blocks
2024-11-10,WATERLWF,-36.139298857062855,ToD blocks
2024-11-17,WATERLWF,-17.072100564463767,ToD blocks
2024-11-24,WATERLWF,3.421535895487665,ToD blocks
2024-12-01,WATERLWF,-45.46404948684724,ToD blocks
2024-12-08,WATERLWF,-40.085658954256544,ToD blocks
2024-12-15,WATERLWF,-1.7726942709804803,ToD blocks
2024-12-22,WATERLWF,-3.0123374552475966,ToD blocks
2024-12-29,WATERLWF,-20.401987374399642,ToD blocks
2025-01-05,WATERLWF,-35.19651520212567,ToD blocks
2020-01-05,WGWF1,-9.54478250060125,ToD blocks
2020-01-12,WGWF1,2.838553214955411,ToD blocks
2020-01-19,WGWF1,-9.63169801326299,ToD blocks
2020-01-26,WGWF1,-15.328960645245388,ToD blocks
2020-02-02,WGWF1,3.2541134754932557,ToD blocks
2020-02-09,WGWF1,-0.2552449839141673,ToD blocks
2020-02-16,WGWF1,-62.1754734848968,ToD blocks
2020-02-23,WGWF1,-32.45698652733611,ToD blocks
2020-03-01,WGWF1,-29.952251472131582,ToD blocks
2020-03-08,WGWF1,-43.65864825690991,ToD blocks
2020-03-15,WGWF1,-6.834849110399379,ToD blocks
2020-03-22,WGWF1,-3.907161771384544,ToD blocks
2020-03-29,WGWF1,-7.023454106337873,ToD blocks
2020-04-05,WGWF1,-16.63202049215929,ToD blocks
2020-04-12,WGWF1,-21.52042147349854,ToD blocks
2020-04-19,WGWF1,-12.369642149778091,ToD blocks
2020-04-26,WGWF1,-10.992636892743114,ToD blocks
2020-05-03,WGWF1,-6.7660863130154425,ToD blocks
2020-05-10,WGWF1,-10.803159066799033,ToD blocks
2020-05-17,WGWF1,-5.34183428209613,ToD blocks
2020-05-24,WGWF1,-4.701188154951986,ToD blocks
2020-05-31,WGWF1,-9.543995969517471,ToD blocks
2020-06-07,WGWF1,-9.37268368820461,ToD blocks
2020-06-14,WGWF1,-29.86706958121176,ToD blocks
2020-06-21,WGWF1,-6.846034699193851,ToD blocks
2020-06-28,WGWF1,-6.880710065217933,ToD blocks
2020-07-05,WGWF1,-4.095864408659892,ToD blocks
2020-07-12,WGWF1,-9.551012427952166,ToD blocks
2020-07-19,WGWF1,-20.202477059920056,ToD blocks
2020-07-26,WGWF1,-15.110274423843059,ToD blocks
2020-08-02,WGWF1,-5.905241717204575,ToD blocks
2020-08-09,WGWF1,-5.697511536538741,ToD blocks
2020-08-16,WGWF1,-5.9732568943271005,ToD blocks
2020-08-23,WGWF1,-4.83758481014754,ToD blocks
2020-08-30,WGWF1,-57.36850069386889,ToD blocks
2020-09-06,WGWF1,-19.53062854736437,ToD blocks
2020-09-13,WGWF1,-8.75007626699731,ToD blocks
2020-09-20,WGWF1,-9.333948928457122,ToD blocks
2020-09-27,WGWF1,-15.708596203966547,ToD blocks
2020-10-04,WGWF1,-13.70904777503976,ToD blocks
2020-10-11,WGWF1,-20.100772518810015,ToD blocks
2020-10-18,WGWF1,-6.604239521369344,ToD blocks
2020-10-25,WGWF1,-22.973362221647726,ToD blocks
2020-11-01,WGWF1,-16.978578045474745,ToD blocks
2020-11-08,WGWF1,-11.23744010218449,ToD blocks
2020-11-15,WGWF1,-6.2381842048819465,ToD blocks
2020-11-22,WGWF1,-15.264824621899873,ToD blocks
2020-11-29,WGWF1,-9.100126460378227,ToD blocks
2020-12-06,WGWF1,-18.929944721170333,ToD blocks
2020-12-13,WGWF1,-13.784216600511318,ToD blocks
2020-12-20,WGWF1,-10.230221862723667,ToD blocks
2020-12-27,WGWF1,-11.676871217863356,ToD blocks
2021-01-03,WGWF1,-5.439697937433838,ToD blocks
2021-01-10,WGWF1,-8.96942155358301,ToD blocks
2021-01-17,WGWF1,-5.0727497112894575,ToD blocks
2021-01-24,WGWF1,-27.36019234914336,ToD blocks
2021-01-31,WGWF1,-8.861224036670688,ToD blocks
2021-02-07,WGWF1,-16.5515586649401,ToD blocks
2021-02-14,WGWF1,-0.329561922676362,ToD blocks
2021-02-21,WGWF1,-6.922222403902989,ToD blocks
2021-02-28,WGWF1,-11.235669190338665,ToD blocks
2021-03-07,WGWF1,-5.899644539346038,ToD blocks
2021-03-14,WGWF1,-181.743238424427,ToD blocks
2021-03-21,WGWF1,-16.520128191140866,ToD blocks
2021-03-28,WGWF1,-19.980517625469783,ToD blocks
2021-04-04,WGWF1,2.69231793837411,ToD blocks
2021-04-11,WGWF1,-20.691502087835786,ToD blocks
2021-04-18,WGWF1,-29.95516814519013,ToD blocks
2021-04-25,WGWF1,-8.025064966654142,ToD blocks
2021-05-02,WGWF1,-25.205167809267692,ToD blocks
2021-05-09,WGWF1,-14.571750889831016,ToD blocks
2021-05-16,WGWF1,-17.67858841781515,ToD blocks
2021-05-23,WGWF1,-80.44083040720986,ToD blocks
2021-05-30,WGWF1,-22.571004652116393,ToD blocks
2021-06-06,WGWF1,-25.459954498427464,ToD blocks
2021-06-13,WGWF1,-24.0885861896221,ToD blocks
2021-06-20,WGWF1,-9.142115098919263,ToD blocks
2021-06-27,WGWF1,-13.766614481965519,ToD blocks
2021-07-04,WGWF1,-9.917591776680581,ToD blocks
2021-07-11,WGWF1,-48.078721525503994,ToD blocks
2021-07-18,WGWF1,-17.039787674053755,ToD blocks
2021-07-25,WGWF1,-15.31145248513721,ToD blocks
2021-08-01,WGWF1,-18.76766959414958,ToD blocks
2021-08-08,WGWF1,-13.238402843756056,ToD blocks
2021-08-15,WGWF1,-14.361073663894189,ToD blocks
2021-08-22,WGWF1,-24.265760029895922,ToD blocks
2021-08-29,WGWF1,-21.715479979022355,ToD blocks
2021-09-05,WGWF1,-7.152637999161668,ToD blocks
2021-09-12,WGWF1,-17.620999227319246,ToD blocks
2021-09-19,WGWF1,-8.596411204261237,ToD blocks
2021-09-26,WGWF1,-8.195084389829901,ToD blocks
2021-10-03,WGWF1,-11.57708977292978,ToD blocks
2021-10-10,WGWF1,-23.373593391376264,ToD blocks
2021-10-17,WGWF1,-3.0179053619147638,ToD blocks
2021-10-24,WGWF1,-6.394798271645344,ToD blocks
2021-10-31,WGWF1,8.463558424235288,ToD blocks
2021-11-07,WGWF1,-16.48164930868746,ToD blocks
2021-11-14,WGWF1,-7.533635847323981,ToD blocks
2021-11-21,WGWF1,-40.141669777924385,ToD blocks
2021-11-28,WGWF1,-17.525450547203054,ToD blocks
2021-12-05,WGWF1,-20.260390124050893,ToD blocks
2021-12-12,WGWF1,-15.190930472496532,ToD blocks
2021-12-19,WGWF1,-75.60384322060949,ToD blocks
2021-12-26,WGWF1,-9.528559495218168,ToD blocks
2022-01-02,WGWF1,-107.55364436842899,ToD blocks
2022-01-09,WGWF1,-11.543275257534347,ToD blocks
2022-01-16,WGWF1,-65.38211361233796,ToD blocks
2022-01-23,WGWF1,-15.182545638683848,ToD blocks
2022-01-30,WGWF1,-31.950683594534567,ToD blocks
2022-02-06,WGWF1,-60.73364961090492,ToD blocks
2022-02-13,WGWF1,-11.002691023163614,ToD blocks
2022-02-20,WGWF1,-14.7942746520906,ToD blocks
2022-02-27,WGWF1,-3.796437043167529,ToD blocks
2022-03-06,WGWF1,-33.70260822376203,ToD blocks
2022-03-13,WGWF1,-11.944406548835076,ToD blocks
2022-03-20,WGWF1,-19.529522230972375,ToD blocks
2022-03-27,WGWF1,-11.981467963566011,ToD blocks
2022-04-03,WGWF1,-45.896454444994696,ToD blocks
2022-04-10,WGWF1,-28.584019095258157,ToD blocks
2022-04-17,WGWF1,-47.56070700337749,ToD blocks
2022-04-24,WGWF1,-40.183165797140205,ToD blocks
2022-05-01,WGWF1,-33.3653981489995,ToD blocks
2022-05-08,WGWF1,-23.60108922889424,ToD blocks
2022-05-15,WGWF1,-129.0661695435287,ToD blocks
2022-05-22,WGWF1,-137.2020920423779,ToD blocks
2022-05-29,WGWF1,-54.200264187213634,ToD blocks
2022-06-05,WGWF1,-87.33840260222163,ToD blocks
2022-06-12,WGWF1,-64.36776882616965,ToD blocks
2022-06-19,WGWF1,-64.8638702850092,ToD blocks
2022-06-26,WGWF1,-36.69307163269744,ToD blocks
2022-07-03,WGWF1,-29.825741994946725,ToD blocks
2022-07-10,WGWF1,-132.11287852201446,ToD blocks
2022-07-17,WGWF1,-164.23125523033627,ToD blocks
2022-07-24,WGWF1,-74.76622547267482,ToD blocks
2022-07-31,WGWF1,-126.13297126570504,ToD blocks
2022-08-07,WGWF1,-21.284010685314065,ToD blocks
2022-08-14,WGWF1,-40.495673657372805,ToD blocks
2022-08-21,WGWF1,-31.206180899669675,ToD blocks
2022-08-28,WGWF1,-257.4908261777279,ToD blocks
2022-09-04,WGWF1,-62.896914077804865,ToD blocks
2022-09-11,WGWF1,-94.66139704534069,ToD blocks
2022-09-18,WGWF1,-49.31342126653345,ToD blocks
2022-09-25,WGWF1,-37.760179280972665,ToD blocks
2022-10-02,WGWF1,17.33232397937735,ToD blocks
2022-10-09,WGWF1,-26.003251974359486,ToD blocks
2022-10-16,WGWF1,-65.62836373001018,ToD blocks
2022-10-23,WGWF1,-4.763236951933976,ToD blocks
2022-10-30,WGWF1,-20.935489512673428,ToD blocks
2022-11-06,WGWF1,-29.729534391953315,ToD blocks
2022-11-13,WGWF1,-45.91624556675384,ToD blocks
2022-11-20,WGWF1,-66.25374434490826,ToD blocks
2022-11-27,WGWF1,-38.89667842185298,ToD blocks
2022-12-04,WGWF1,10.684484615534771,ToD blocks
2022-12-11,WGWF1,-8.90704500141463,ToD blocks
2022-12-18,WGWF1,-0.2171588738643404,ToD blocks
2022-12-25,WGWF1,-28.862546573397516,ToD blocks
2023-01-01,WGWF1,3.5916509640708014,ToD blocks
2023-01-08,WGWF1,-22.206300360533277,ToD blocks
2023-01-15,WGWF1,-8.55968955907376,ToD blocks
2023-01-22,WGWF1,-10.138357707106081,ToD blocks
2023-01-29,WGWF1,-25.959264849818922,ToD blocks
2023-02-05,WGWF1,-36.88014857757599,ToD blocks
2023-02-12,WGWF1,-39.86350356042391,ToD blocks
2023-02-19,WGWF1,-73.28843199001724,ToD blocks
2023-02-26,WGWF1,-26.17919910786692,ToD blocks
2023-03-05,WGWF1,-24.15338032456478,ToD blocks
2023-03-12,WGWF1,-37.92705349612734,ToD blocks
2023-03-19,WGWF1,-27.961888924916558,ToD blocks
2023-03-26,WGWF1,-1.9798020688627105,ToD blocks
2023-04-02,WGWF1,-15.12727577018424,ToD blocks
2023-04-09,WGWF1,-28.21313397338055,ToD blocks
2023-04-16,WGWF1,-18.524350458528545,ToD blocks
2023-04-23,WGWF1,-6.370497862103761,ToD blocks
2023-04-30,WGWF1,-48.84458445625454,ToD blocks
2023-05-07,WGWF1,-207.65859676818323,ToD blocks
2023-05-14,WGWF1,-37.986903421253174,ToD blocks
2023-05-21,WGWF1,-51.796912431400045,ToD blocks
2023-05-28,WGWF1,-60.3845684322289,ToD blocks
2023-06-04,WGWF1,-53.501702577121435,ToD blocks
2023-06-11,WGWF1,-28.526417828938484,ToD blocks
2023-06-18,WGWF1,10.290282322649563,ToD blocks
2023-06-25,WGWF1,-28.988598630685807,ToD blocks
2023-07-02,WGWF1,-82.56213571532416,ToD blocks
2023-07-09,WGWF1,-50.038908552945195,ToD blocks
2023-07-16,WGWF1,-31.38819348797609,ToD blocks
2023-07-23,WGWF1,-29.153507167370663,ToD blocks
2023-07-30,WGWF1,-43.78677680168508,ToD blocks
2023-08-06,WGWF1,-71.51438924681071,ToD blocks
2023-08-13,WGWF1,-97.53173025518134,ToD blocks
2023-08-20,WGWF1,-55.181430376250496,ToD blocks
2023-08-27,WGWF1,-36.17666429923944,ToD blocks
2023-09-03,WGWF1,-25.628155024162382,ToD blocks
2023-09-10,WGWF1,-20.54609160318414,ToD blocks
2023-09-17,WGWF1,-40.63774836661529,ToD blocks
2023-09-24,WGWF1,-15.851610866091647,ToD blocks
2023-10-01,WGWF1,-32.411879970943644,ToD blocks
2023-10-08,WGWF1,-10.75314381377083,ToD blocks
2023-10-15,WGWF1,-15.13934973516519,ToD blocks
2023-10-22,WGWF1,-18.029978286631838,ToD blocks
2023-10-29,WGWF1,-16.030082379383906,ToD blocks
2023-11-05,WGWF1,5.812131800925563,ToD blocks
2023-11-12,WGWF1,-10.305956995913803,ToD blocks
2023-11-19,WGWF1,15.295727261551932,ToD blocks
2023-11-26,WGWF1,-20.771327127544772,ToD blocks
2023-12-03,WGWF1,10.053875508374801,ToD blocks
2023-12-10,WGWF1,-16.483480367747646,ToD blocks
2023-12-17,WGWF1,-15.78104651577759,ToD blocks
2023-12-24,WGWF1,-4.358800545311499,ToD blocks
2023-12-31,WGWF1,-3.1420815333555074,ToD blocks
2024-01-07,WGWF1,-2.7369648749834568,ToD blocks
2024-01-14,WGWF1,-9.37749522574012,ToD blocks
2024-01-21,WGWF1,-15.96832719825206,ToD blocks
2024-01-28,WGWF1,-15.937779280360637,ToD blocks
2024-02-04,WGWF1,-11.986308585861558,ToD blocks
2024-02-11,WGWF1,21.35960483744381,ToD blocks
2024-02-18,WGWF1,-2.049739602305962,ToD blocks
2024-02-25,WGWF1,-32.44102570855408,ToD blocks
2024-03-03,WGWF1,-41.96061913292392,ToD blocks
2024-03-10,WGWF1,-20.289441358834182,ToD blocks
2024-03-17,WGWF1,-45.19146476742965,ToD blocks
2024-03-24,WGWF1,1.8088612078939121,ToD blocks
2024-03-31,WGWF1,-5.075978619145047,ToD blocks
2024-04-07,WGWF1,-23.081255569871914,ToD blocks
2024-04-14,WGWF1,-15.33580030242014,ToD blocks
2024-04-21,WGWF1,-13.789223757661773,ToD blocks
2024-04-28,WGWF1,-31.528886445122055,ToD blocks
2024-05-05,WGWF1,-10.967814204717925,ToD blocks
2024-05-12,WGWF1,-3.8117386197478424,ToD blocks
2024-05-19,WGWF1,-17.755235941759395,ToD blocks
2024-05-26,WGWF1,-11.341690288509568,ToD blocks
2024-06-02,WGWF1,-72.02459226153721,ToD blocks
2024-06-09,WGWF1,-1.9506970755664668,ToD blocks
2024-06-16,WGWF1,-68.64998491381674,ToD blocks
2024-06-23,WGWF1,-37.182787199329,ToD blocks
2024-06-30,WGWF1,-18.70773321370463,ToD blocks
2024-07-07,WGWF1,-34.84558451885724,ToD blocks
2024-07-14,WGWF1,-31.910759207411672,ToD blocks
2024-07-21,WGWF1,-92.16396191578485,ToD blocks
2024-07-28,WGWF1,-184.79864750089953,ToD blocks
2024-08-04,WGWF1,-168.5624097005511,ToD blocks
2024-08-11,WGWF1,-341.5369864497287,ToD blocks
2024-08-18,WGWF1,-22.323820423908494,ToD blocks
2024-08-25,WGWF1,-24.862914737014897,ToD blocks
2024-09-01,WGWF1,-20.5356092513033,ToD blocks
2024-09-08,WGWF1,-31.223934693844598,ToD blocks
2024-09-15,WGWF1,-22.42787700733939,ToD blocks
2024-09-22,WGWF1,-33.77634276470511,ToD blocks
2024-09-29,WGWF1,-217.11892974018426,ToD blocks
2024-10-06,WGWF1,-20.909665785375786,ToD blocks
2024-10-13,WGWF1,7.298715329496581,ToD blocks
2024-10-20,WGWF1,-9.227013011937828,ToD blocks
2024-10-27,WGWF1,-63.14366626763976,ToD blocks
2024-11-03,WGWF1,-5.588372629024267,ToD blocks
2024-11-10,WGWF1,-39.01221791318875,ToD blocks
2024-11-17,WGWF1,-22.702995910688074,ToD blocks
2024-11-24,WGWF1,2.6156770502746127,ToD blocks
2024-12-01,WGWF1,-42.26967606733936,ToD blocks
2024-12-08,WGWF1,-45.554096332520686,ToD blocks
2024-12-15,WGWF1,-6.645727045242083,ToD blocks
2024-12-22,WGWF1,-1.8723032188649285,ToD blocks
2024-12-29,WGWF1,-10.892313319021335,ToD blocks
2025-01-05,WGWF1,-45.08756455000097,ToD blocks
2020-01-05,BLUFF1,-6.656364509587156,Baseload
2020-01-12,BLUFF1,-3.2854743445863974,Baseload
2020-01-19,BLUFF1,-8.186527427336756,Baseload
2020-01-26,BLUFF1,-11.832871477395898,Baseload
2020-02-02,BLUFF1,-65.43133819554055,Baseload
2020-02-09,BLUFF1,-10.195629967029149,Baseload
2020-02-16,BLUFF1,-48.542904357075386,Baseload
2020-02-23,BLUFF1,-32.72820231582571,Baseload
2020-03-01,BLUFF1,-31.007805232196,Baseload
2020-03-08,BLUFF1,-47.21650090404891,Baseload
2020-03-15,BLUFF1,-7.926236704923916,Baseload
2020-03-22,BLUFF1,-4.397441326444699,Baseload
2020-03-29,BLUFF1,-9.049103340755487,Baseload
2020-04-05,BLUFF1,-12.643420778827185,Baseload
2020-04-12,BLUFF1,-35.479810122554035,Baseload
2020-04-19,BLUFF1,-13.564001243699462,Baseload
2020-04-26,BLUFF1,-11.366931982421125,Baseload
2020-05-03,BLUFF1,-7.3367799407595236,Baseload
2020-05-10,BLUFF1,-12.43020546647926,Baseload
2020-05-17,BLUFF1,-9.757851824886757,Baseload
2020-05-24,BLUFF1,-5.379887225400012,Baseload
2020-05-31,BLUFF1,-11.47723595064111,Baseload
2020-06-07,BLUFF1,-11.664943796446678,Baseload
2020-06-14,BLUFF1,-32.957002627802055,Baseload
2020-06-21,BLUFF1,-6.2594794639758256,Baseload
2020-06-28,BLUFF1,-10.057542393941077,Baseload
2020-07-05,BLUFF1,-4.96868656165789,Baseload
2020-07-12,BLUFF1,-11.517074589006725,Baseload
2020-07-19,BLUFF1,-23.9028515125656,Baseload
2020-07-26,BLUFF1,-21.519144740294614,Baseload
2020-08-02,BLUFF1,-10.620759153569807,Baseload
2020-08-09,BLUFF1,-5.5188599371051765,Baseload
2020-08-16,BLUFF1,-5.545705354481825,Baseload
2020-08-23,BLUFF1,-4.087914093959455,Baseload
2020-08-30,BLUFF1,-50.57690130796593,Baseload
2020-09-06,BLUFF1,-19.82439047726661,Baseload
2020-09-13,BLUFF1,-10.175127617952327,Baseload
2020-09-20,BLUFF1,-23.418759439298938,Baseload
2020-09-27,BLUFF1,-12.910151576260963,Baseload
2020-10-04,BLUFF1,-10.12347348749285,Baseload
2020-10-11,BLUFF1,-23.58531198536586,Baseload
2020-10-18,BLUFF1,-4.0542295419846255,Baseload
2020-10-25,BLUFF1,-32.493421362534775,Baseload
2020-11-01,BLUFF1,-18.221072421383365,Baseload
2020-11-08,BLUFF1,-11.304834368139538,Baseload
2020-11-15,BLUFF1,-4.25571186647521,Baseload
2020-11-22,BLUFF1,-14.50920189981272,Baseload
2020-11-29,BLUFF1,-11.060410643846538,Baseload
2020-12-06,BLUFF1,-22.610961032524877,Baseload
2020-12-13,BLUFF1,-13.256785064902967,Baseload
2020-12-20,BLUFF1,-12.900715293705165,Baseload
2020-12-27,BLUFF1,-14.906571732904792,Baseload
2021-01-03,BLUFF1,-10.391064348893309,Baseload
2021-01-10,BLUFF1,-5.8602245329425475,Baseload
2021-01-17,BLUFF1,-1.44728998113888,Baseload
2021-01-24,BLUFF1,-20.251766335329428,Baseload
2021-01-31,BLUFF1,-3.0073124789491317,Baseload
2021-02-07,BLUFF1,-15.266742776924627,Baseload
2021-02-14,BLUFF1,3.169254688306669,Baseload
2021-02-21,BLUFF1,-4.404961240997366,Baseload
2021-02-28,BLUFF1,-18.77392736643115,Baseload
2021-03-07,BLUFF1,-7.160524503284623,Baseload
2021-03-14,BLUFF1,-213.08087235074527,Baseload
2021-03-21,BLUFF1,-22.572635144985387,Baseload
2021-03-28,BLUFF1,-23.078686553655498,Baseload
2021-04-04,BLUFF1,3.0763260656142677,Baseload
2021-04-11,BLUFF1,-29.281820472952152,Baseload
2021-04-18,BLUFF1,-29.004316050828223,Baseload
2021-04-25,BLUFF1,-13.077736607275355,Baseload
2021-05-02,BLUFF1,-29.563350014216557,Baseload
2021-05-09,BLUFF1,-5.5816225573695135,Baseload
2021-05-16,BLUFF1,-14.900659734362165,Baseload
2021-05-23,BLUFF1,-90.1119532223388,Baseload
2021-05-30,BLUFF1,-30.050253699214633,Baseload
2021-06-06,BLUFF1,-29.27026908913591,Baseload
2021-06-13,BLUFF1,-29.00543136320475,Baseload
2021-06-20,BLUFF1,-12.7543425056962,Baseload
2021-06-27,BLUFF1,-18.202208314443027,Baseload
2021-07-04,BLUFF1,-8.050802531749326,Baseload
2021-07-11,BLUFF1,-49.33585321221159,Baseload
2021-07-18,BLUFF1,-20.067743967061702,Baseload
2021-07-25,BLUFF1,-20.742785665803467,Baseload
2021-08-01,BLUFF1,-20.84131085877133,Baseload
2021-08-08,BLUFF1,-16.41681798472505,Baseload
2021-08-15,BLUFF1,-16.166337643400325,Baseload
2021-08-22,BLUFF1,-21.417484041029034,Baseload
2021-08-29,BLUFF1,-24.274692431227194,Baseload
2021-09-05,BLUFF1,-9.218488657273438,Baseload
2021-09-12,BLUFF1,-9.397993594598407,Baseload
2021-09-19,BLUFF1,-1.8232380516045446,Baseload
2021-09-26,BLUFF1,-7.235120092122688,Baseload
2021-10-03,BLUFF1,-12.184454045501031,Baseload
2021-10-10,BLUFF1,-15.305082851110358,Baseload
2021-10-17,BLUFF1,-7.166502133703123,Baseload
2021-10-24,BLUFF1,0.10786242189167017,Baseload
2021-10-31,BLUFF1,39.28198753769019,Baseload
2021-11-07,BLUFF1,-17.468861977410143,Baseload
2021-11-14,BLUFF1,-3.747091517267462,Baseload
2021-11-21,BLUFF1,-36.21565981016288,Baseload
2021-11-28,BLUFF1,-8.05564772323266,Baseload
2021-12-05,BLUFF1,-6.955737469428755,Baseload
2021-12-12,BLUFF1,-18.956105073305313,Baseload
2021-12-19,BLUFF1,-65.18505676273128,Baseload
2021-12-26,BLUFF1,0.40604660422974703,Baseload
2022-01-02,BLUFF1,-97.5825836569181,Baseload
2022-01-09,BLUFF1,-0.5866024015230806,Baseload
2022-01-16,BLUFF1,-76.13848000062173,Baseload
2022-01-23,BLUFF1,-5.833028849824455,Baseload
2022-01-30,BLUFF1,-27.059780230840673,Baseload
2022-02-06,BLUFF1,-54.41012112040512,Baseload
2022-02-13,BLUFF1,-3.5625626183034385,Baseload
2022-02-20,BLUFF1,-9.869776237561958,Baseload
2022-02-27,BLUFF1,-2.469052653434609,Baseload
2022-03-06,BLUFF1,-36.51582125212082,Baseload
2022-03-13,BLUFF1,-10.366367404121846,Baseload
2022-03-20,BLUFF1,-29.69013328793538,Baseload
2022-03-27,BLUFF1,-5.627094466411421,Baseload
2022-04-03,BLUFF1,-42.502188333028286,Baseload
2022-04-10,BLUFF1,-45.04504620176988,Baseload
2022-04-17,BLUFF1,-64.1418287128259,Baseload
2022-04-24,BLUFF1,-34.53970502017464,Baseload
2022-05-01,BLUFF1,-34.923032059956,Baseload
2022-05-08,BLUFF1,-24.300309246428355,Baseload
2022-05-15,BLUFF1,-147.90552448590228,Baseload
2022-05-22,BLUFF1,-163.83468849789904,Baseload
2022-05-29,BLUFF1,-53.2604620781421,Baseload
2022-06-05,BLUFF1,-96.61739376312869,Baseload
2022-06-12,BLUFF1,-72.79059136469147,Baseload
2022-06-19,BLUFF1,-78.69177976098689,Baseload
2022-06-26,BLUFF1,-46.74367673648507,Baseload
2022-07-03,BLUFF1,-30.705554902314418,Baseload
2022-07-10,BLUFF1,-112.70440595967597,Baseload
2022-07-17,BLUFF1,-163.36765748032443,Baseload
2022-07-24,BLUFF1,-100.37093933891913,Baseload
2022-07-31,BLUFF1,-156.81190914204765,Baseload
2022-08-07,BLUFF1,-20.793763280385612,Baseload
2022-08-14,BLUFF1,-44.38754835389285,Baseload
2022-08-21,BLUFF1,-33.70202322856713,Baseload
2022-08-28,BLUFF1,-248.81137640608898,Baseload
2022-09-04,BLUFF1,-80.82611441222824,Baseload
2022-09-11,BLUFF1,-32.62996543729221,Baseload
2022-09-18,BLUFF1,-49.937653339492066,Baseload
2022-09-25,BLUFF1,-43.228326348471185,Baseload
2022-10-02,BLUFF1,15.989912994352736,Baseload
2022-10-09,BLUFF1,-36.260455786842215,Baseload
2022-10-16,BLUFF1,-71.7965634127878,Baseload
2022-10-23,BLUFF1,-10.106324261736582,Baseload
2022-10-30,BLUFF1,-17.98262328642179,Baseload
2022-11-06,BLUFF1,-44.45236962214305,Baseload
2022-11-13,BLUFF1,-60.67454506083469,Baseload
2022-11-20,BLUFF1,-73.34412779642544,Baseload
2022-11-27,BLUFF1,-49.399938840949,Baseload
2022-12-04,BLUFF1,4.703905668706227,Baseload
2022-12-11,BLUFF1,3.8303740115214424,Baseload
2022-12-18,BLUFF1,13.334255015824484,Baseload
2022-12-25,BLUFF1,-23.810034699122603,Baseload
2023-01-01,BLUFF1,1.4772832579191757,Baseload
2023-01-08,BLUFF1,-15.875990302617293,Baseload
2023-01-15,BLUFF1,-10.641315712116409,Baseload
2023-01-22,BLUFF1,-4.901080326476375,Baseload
2023-01-29,BLUFF1,-41.95614746294569,Baseload
2023-02-05,BLUFF1,-9.164504057273291,Baseload
2023-02-12,BLUFF1,-17.643340912924003,Baseload
2023-02-19,BLUFF1,-62.528466776148434,Baseload
2023-02-26,BLUFF1,-27.358494998503872,Baseload
2023-03-05,BLUFF1,-27.36018677599796,Baseload
2023-03-12,BLUFF1,-26.520759127786253,Baseload
2023-03-19,BLUFF1,-29.75824010186497,Baseload
2023-03-26,BLUFF1,-13.578992103751887,Baseload
2023-04-02,BLUFF1,-11.935003058928018,Baseload
2023-04-09,BLUFF1,-2.9716192050591985,Baseload
2023-04-16,BLUFF1,-19.970688733529386,Baseload
2023-04-23,BLUFF1,7.6466256542464635,Baseload
2023-04-30,BLUFF1,-47.78872642829076,Baseload
2023-05-07,BLUFF1,-213.67385663116752,Baseload
2023-05-14,BLUFF1,-37.86280954561971,Baseload
2023-05-21,BLUFF1,-79.5557358560439,Baseload
2023-05-28,BLUFF1,-67.11847215230358,Baseload
2023-06-04,BLUFF1,-60.53138505504711,Baseload
2023-06-11,BLUFF1,-34.329852966723365,Baseload
2023-06-18,BLUFF1,-3.9333763972612106,Baseload
2023-06-25,BLUFF1,-28.36586955071523,Baseload
2023-07-02,BLUFF1,-90.00616511259977,Baseload
2023-07-09,BLUFF1,-51.80389107627062,Baseload
2023-07-16,BLUFF1,-57.633250789508146,Baseload
2023-07-23,BLUFF1,-36.475720520798966,Baseload
2023-07-30,BLUFF1,-54.32172009700825,Baseload
2023-08-06,BLUFF1,-82.44276942296229,Baseload
2023-08-13,BLUFF1,-205.8971943610472,Baseload
2023-08-20,BLUFF1,-59.837944853834344,Baseload
2023-08-27,BLUFF1,-26.19025430392759,Baseload
2023-09-03,BLUFF1,-56.318000199611795,Baseload
2023-09-10,BLUFF1,-14.21107519429556,Baseload
2023-09-17,BLUFF1,-24.119756434277733,Baseload
2023-09-24,BLUFF1,-18.01914345264202,Baseload
2023-10-01,BLUFF1,-10.145630562668082,Baseload
2023-10-08,BLUFF1,3.1069553817395317,Baseload
2023-10-15,BLUFF1,0.5307861459864753,Baseload
2023-10-22,BLUFF1,-10.76330402582561,Baseload
2023-10-29,BLUFF1,-0.40903507893828783,Baseload
2023-11-05,BLUFF1,7.098669020950688,Baseload
2023-11-12,BLUFF1,-21.713659869780486,Baseload
2023-11-19,BLUFF1,15.920447383431402,Baseload
2023-11-26,BLUFF1,-5.84821820790809,Baseload
2023-12-03,BLUFF1,-3.850031627047276,Baseload
2023-12-10,BLUFF1,17.996389037958778,Baseload
2023-12-17,BLUFF1,-21.444478947643468,Baseload
2023-12-24,BLUFF1,14.500566447733732,Baseload
2023-12-31,BLUFF1,1.828800057786532,Baseload
2024-01-07,BLUFF1,-0.4512839215159943,Baseload
2024-01-14,BLUFF1,3.282254127604112,Baseload
2024-01-21,BLUFF1,-10.114702568720821,Baseload
2024-01-28,BLUFF1,8.589935922049754,Baseload
2024-02-04,BLUFF1,0.11678210557575852,Baseload
2024-02-11,BLUFF1,10.826774064800993,Baseload
2024-02-18,BLUFF1,3.6179524049519927,Baseload
2024-02-25,BLUFF1,15.321611111666698,Baseload
2024-03-03,BLUFF1,-40.95710388275731,Baseload
2024-03-10,BLUFF1,-22.141395340747458,Baseload
2024-03-17,BLUFF1,-43.349210212931055,Baseload
2024-03-24,BLUFF1,10.856836409341433,Baseload
2024-03-31,BLUFF1,-0.05588508214452759,Baseload
2024-04-07,BLUFF1,-36.77818758890673,Baseload
2024-04-14,BLUFF1,-16.46076123912782,Baseload
2024-04-21,BLUFF1,-17.610292137266242,Baseload
2024-04-28,BLUFF1,-31.908470451951352,Baseload
2024-05-05,BLUFF1,-38.792442711355946,Baseload
2024-05-12,BLUFF1,-11.197542405351925,Baseload
2024-05-19,BLUFF1,-5.969306535921973,Baseload
2024-05-26,BLUFF1,-5.726636638797004,Baseload
2024-06-02,BLUFF1,-81.91671358713614,Baseload
2024-06-09,BLUFF1,-6.4851455809453284,Baseload
2024-06-16,BLUFF1,-73.04828125965872,Baseload
2024-06-23,BLUFF1,-50.42050781353353,Baseload
2024-06-30,BLUFF1,-20.39223934869679,Baseload
2024-07-07,BLUFF1,-35.71358380385496,Baseload
2024-07-14,BLUFF1,-28.95353199448374,Baseload
2024-07-21,BLUFF1,-86.31510416025135,Baseload
2024-07-28,BLUFF1,-200.75198023681622,Baseload
2024-08-04,BLUFF1,-164.68298580889387,Baseload
2024-08-11,BLUFF1,-363.0074573303132,Baseload
2024-08-18,BLUFF1,-18.736141401082712,Baseload
2024-08-25,BLUFF1,-26.478004984238765,Baseload
2024-09-01,BLUFF1,-15.248201186430586,Baseload
2024-09-08,BLUFF1,-22.031546689520965,Baseload
2024-09-15,BLUFF1,-16.976107797309965,Baseload
2024-09-22,BLUFF1,-17.817416419866092,Baseload
2024-09-29,BLUFF1,-216.90710942133757,Baseload
2024-10-06,BLUFF1,1.2255312529647764,Baseload
2024-10-13,BLUFF1,22.90801901618364,Baseload
2024-10-20,BLUFF1,-9.328097298294864,Baseload
2024-10-27,BLUFF1,-28.831280817461987,Baseload
2024-11-03,BLUFF1,10.320779135490543,Baseload
2024-11-10,BLUFF1,-25.816873400178903,Baseload
2024-11-17,BLUFF1,3.307750902264381,Baseload
2024-11-24,BLUFF1,-10.710602003973136,Baseload
2024-12-01,BLUFF1,-19.270998535952316,Baseload
2024-12-08,BLUFF1,-44.26579692740411,Baseload
2024-12-15,BLUFF1,-4.231095632632304,Baseload
2024-12-22,BLUFF1,19.201013368029557,Baseload
2024-12-29,BLUFF1,4.08343108550833,Baseload
2025-01-05,BLUFF1,-5.643949733979504,Baseload
2020-01-05,CLEMGPWF,-6.029431836178787,Baseload
2020-01-12,CLEMGPWF,-3.060345886817217,Baseload
2020-01-19,CLEMGPWF,-8.146925408781776,Baseload
2020-01-26,CLEMGPWF,-10.4572841118392,Baseload
2020-02-02,CLEMGPWF,-49.158294874101415,Baseload
2020-02-09,CLEMGPWF,-22.572168974052094,Baseload
2020-02-16,CLEMGPWF,-49.63193094833758,Baseload
2020-02-23,CLEMGPWF,-20.684618829615836,Baseload
2020-03-01,CLEMGPWF,-20.436260270215598,Baseload
2020-03-08,CLEMGPWF,-40.100788370414136,Baseload
2020-03-15,CLEMGPWF,-5.112736587274828,Baseload
2020-03-22,CLEMGPWF,-4.175907558827603,Baseload
2020-03-29,CLEMGPWF,-3.2975692042874485,Baseload
2020-04-05,CLEMGPWF,-19.28585540745666,Baseload
2020-04-12,CLEMGPWF,-10.950488000902084,Baseload
2020-04-19,CLEMGPWF,-12.73002217751748,Baseload
2020-04-26,CLEMGPWF,-12.105752863252377,Baseload
2020-05-03,CLEMGPWF,-8.211267540315738,Baseload
2020-05-10,CLEMGPWF,-11.556378053038168,Baseload
2020-05-17,CLEMGPWF,-2.8164108019459775,Baseload
2020-05-24,CLEMGPWF,-4.262871533610756,Baseload
2020-05-31,CLEMGPWF,-14.863162944366664,Baseload
2020-06-07,CLEMGPWF,-5.589585798134586,Baseload
2020-06-14,CLEMGPWF,-36.72415747354408,Baseload
2020-06-21,CLEMGPWF,-8.640217940712017,Baseload
2020-06-28,CLEMGPWF,-11.406797956994275,Baseload
2020-07-05,CLEMGPWF,-6.036092552065149,Baseload
2020-07-12,CLEMGPWF,-10.598436232062475,Baseload
2020-07-19,CLEMGPWF,-22.123994976953647,Baseload
2020-07-26,CLEMGPWF,-8.811076000583256,Baseload
2020-08-02,CLEMGPWF,-5.440189757033174,Baseload
2020-08-09,CLEMGPWF,-7.875168488220169,Baseload
2020-08-16,CLEMGPWF,-8.73023799079295,Baseload
2020-08-23,CLEMGPWF,-4.76089380204559,Baseload
2020-08-30,CLEMGPWF,-40.8552745256394,Baseload
2020-09-06,CLEMGPWF,-18.982284910315123,Baseload
2020-09-13,CLEMGPWF,-8.036334456426655,Baseload
2020-09-20,CLEMGPWF,-18.167856218311204,Baseload
2020-09-27,CLEMGPWF,-17.258661943146635,Baseload
2020-10-04,CLEMGPWF,-16.680246208586595,Baseload
2020-10-11,CLEMGPWF,-19.245217302537075,Baseload
2020-10-18,CLEMGPWF,-6.9348607741376185,Baseload
2020-10-25,CLEMGPWF,-13.801559931747057,Baseload
2020-11-01,CLEMGPWF,-15.99546155531075,Baseload
2020-11-08,CLEMGPWF,-5.660393460893552,Baseload
2020-11-15,CLEMGPWF,-2.484510326744772,Baseload
2020-11-22,CLEMGPWF,-14.24919354315633,Baseload
2020-11-29,CLEMGPWF,-6.979459744861465,Baseload
2020-12-06,CLEMGPWF,-22.16389431985924,Baseload
2020-12-13,CLEMGPWF,-2.3913385335616546,Baseload
2020-12-20,CLEMGPWF,-2.199350953452413,Baseload
2020-12-27,CLEMGPWF,-4.101816750138642,Baseload
2021-01-03,CLEMGPWF,3.304076024578217,Baseload
2021-01-10,CLEMGPWF,2.4372778446094525,Baseload
2021-01-17,CLEMGPWF,2.1625120121152115,Baseload
2021-01-24,CLEMGPWF,-15.466597936718216,Baseload
2021-01-31,CLEMGPWF,-11.861652331773852,Baseload
2021-02-07,CLEMGPWF,-5.950621173424791,Baseload
2021-02-14,CLEMGPWF,2.4826438781998945,Baseload
2021-02-21,CLEMGPWF,-9.86633099210663,Baseload
2021-02-28,CLEMGPWF,10.484236218910453,Baseload
2021-03-07,CLEMGPWF,1.9264865056735019,Baseload
2021-03-14,CLEMGPWF,-81.29026478714341,Baseload
2021-03-21,CLEMGPWF,-8.94938368838471,Baseload
2021-03-28,CLEMGPWF,-15.575662656987621,Baseload
2021-04-04,CLEMGPWF,4.633385293694829,Baseload
2021-04-11,CLEMGPWF,-9.060289127101807,Baseload
2021-04-18,CLEMGPWF,7.212927032931347,Baseload
2021-04-25,CLEMGPWF,-11.545642289277396,Baseload
2021-05-02,CLEMGPWF,-12.70601434287017,Baseload
2021-05-09,CLEMGPWF,-14.351544928625643,Baseload
2021-05-16,CLEMGPWF,-26.356846596876217,Baseload
2021-05-23,CLEMGPWF,-85.98228494901866,Baseload
2021-05-30,CLEMGPWF,-23.733913738681252,Baseload
2021-06-06,CLEMGPWF,-31.406282632474948,Baseload
2021-06-13,CLEMGPWF,-35.03332516847722,Baseload
2021-06-20,CLEMGPWF,-13.077657034528173,Baseload
2021-06-27,CLEMGPWF,-14.123026175519996,Baseload
2021-07-04,CLEMGPWF,-13.582715404437259,Baseload
2021-07-11,CLEMGPWF,-58.434890199151965,Baseload
2021-07-18,CLEMGPWF,-17.22278246932037,Baseload
2021-07-25,CLEMGPWF,-31.11845775037846,Baseload
2021-08-01,CLEMGPWF,-13.76118960536807,Baseload
2021-08-08,CLEMGPWF,-20.53098730648936,Baseload
2021-08-15,CLEMGPWF,-6.7922620438954375,Baseload
2021-08-22,CLEMGPWF,-17.900328626908895,Baseload
2021-08-29,CLEMGPWF,-22.597304878366913,Baseload
2021-09-05,CLEMGPWF,-7.058458644697353,Baseload
2021-09-12,CLEMGPWF,-5.624159803052898,Baseload
2021-09-19,CLEMGPWF,0.23050628130798145,Baseload
2021-09-26,CLEMGPWF,0.5823283648853739,Baseload
2021-10-03,CLEMGPWF,-9.818375133215083,Baseload
2021-10-10,CLEMGPWF,1.5508380797873738,Baseload
2021-10-17,CLEMGPWF,-3.6582476926973744,Baseload
2021-10-24,CLEMGPWF,6.144839926024595,Baseload
2021-10-31,CLEMGPWF,6.238284387774115,Baseload
2021-11-07,CLEMGPWF,-7.969692224249901,Baseload
2021-11-14,CLEMGPWF,3.2095495472991615,Baseload
2021-11-21,CLEMGPWF,-25.23590022326869,Baseload
2021-11-28,CLEMGPWF,-6.242561735787284,Baseload
2021-12-05,CLEMGPWF,-24.53179574594199,Baseload
2021-12-12,CLEMGPWF,-6.308405769068912,Baseload
2021-12-19,CLEMGPWF,-52.11269203424269,Baseload
2021-12-26,CLEMGPWF,-6.133596264333324,Baseload
2022-01-02,CLEMGPWF,-95.62535195003929,Baseload
2022-01-09,CLEMGPWF,-2.5137765814159145,Baseload
2022-01-16,CLEMGPWF,-7.500376046617333,Baseload
2022-01-23,CLEMGPWF,-7.726316203388247,Baseload
2022-01-30,CLEMGPWF,-34.569938623527136,Baseload
2022-02-06,CLEMGPWF,-50.24188497207694,Baseload
2022-02-13,CLEMGPWF,0.2597489483791193,Baseload
2022-02-20,CLEMGPWF,-8.778904323480582,Baseload
2022-02-27,CLEMGPWF,10.29357814041252,Baseload
2022-03-06,CLEMGPWF,-16.274148452807964,Baseload
2022-03-13,CLEMGPWF,9.759131888350886,Baseload
2022-03-20,CLEMGPWF,-28.628570618717063,Baseload
2022-03-27,CLEMGPWF,-6.271924765248571,Baseload
2022-04-03,CLEMGPWF,-9.690395131352282,Baseload
2022-04-10,CLEMGPWF,1.54258969959389,Baseload
2022-04-17,CLEMGPWF,-5.530190223993742,Baseload
2022-04-24,CLEMGPWF,-24.942266664566844,Baseload
2022-05-01,CLEMGPWF,-39.717702089247126,Baseload
2022-05-08,CLEMGPWF,-37.66320702837152,Baseload
2022-05-15,CLEMGPWF,-122.38707609137589,Baseload
2022-05-22,CLEMGPWF,-126.71628994177004,Baseload
2022-05-29,CLEMGPWF,-69.64415914929862,Baseload
2022-06-05,CLEMGPWF,-88.19044631419152,Baseload
2022-06-12,CLEMGPWF,-82.24814795312037,Baseload
2022-06-19,CLEMGPWF,-81.39295796666858,Baseload
2022-06-26,CLEMGPWF,-53.88135033372086,Baseload
2022-07-03,CLEMGPWF,-38.10764324320451,Baseload
2022-07-10,CLEMGPWF,-13.738232560235986,Baseload
2022-07-17,CLEMGPWF,-181.53388569990872,Baseload
2022-07-24,CLEMGPWF,-51.585952438931315,Baseload
2022-07-31,CLEMGPWF,-128.70788917877587,Baseload
2022-08-07,CLEMGPWF,-33.92153698022696,Baseload
2022-08-14,CLEMGPWF,-27.691232463902168,Baseload
2022-08-21,CLEMGPWF,-30.856750798637194,Baseload
2022-08-28,CLEMGPWF,-184.4871036282146,Baseload
2022-09-04,CLEMGPWF,-54.286026107296195,Baseload
2022-09-11,CLEMGPWF,-57.359482828410705,Baseload
2022-09-18,CLEMGPWF,-29.210995488154573,Baseload
2022-09-25,CLEMGPWF,-31.042617492317206,Baseload
2022-10-02,CLEMGPWF,28.348598860069146,Baseload
2022-10-09,CLEMGPWF,-17.629059501540084,Baseload
2022-10-16,CLEMGPWF,-30.820575675854045,Baseload
2022-10-23,CLEMGPWF,8.265348122575716,Baseload
2022-10-30,CLEMGPWF,-35.86818076780748,Baseload
2022-11-06,CLEMGPWF,1.4822054101592457,Baseload
2022-11-13,CLEMGPWF,-24.402687526558125,Baseload
2022-11-20,CLEMGPWF,-62.520848175090734,Baseload
2022-11-27,CLEMGPWF,-9.46914289024231,Baseload
2022-12-04,CLEMGPWF,23.127109654754506,Baseload
2022-12-11,CLEMGPWF,-13.304377187242501,Baseload
2022-12-18,CLEMGPWF,7.521307985913936,Baseload
2022-12-25,CLEMGPWF,-3.324408354744449,Baseload
2023-01-01,CLEMGPWF,9.19313148394945,Baseload
2023-01-08,CLEMGPWF,-15.368384935878925,Baseload
2023-01-15,CLEMGPWF,-5.997987000526038,Baseload
2023-01-22,CLEMGPWF,-4.570557520143829,Baseload
2023-01-29,CLEMGPWF,-18.467145755955713,Baseload
2023-02-05,CLEMGPWF,-22.28394793689587,Baseload
2023-02-12,CLEMGPWF,-18.262343150465682,Baseload
2023-02-19,CLEMGPWF,-82.53088888809552,Baseload
2023-02-26,CLEMGPWF,-26.93890373302967,Baseload
2023-03-05,CLEMGPWF,-2.526838487360564,Baseload
2023-03-12,CLEMGPWF,-3.3841610812733443,Baseload
2023-03-19,CLEMGPWF,-2.3488054520468324,Baseload
2023-03-26,CLEMGPWF,-23.712384792853157,Baseload
2023-04-02,CLEMGPWF,-13.182860591261601,Baseload
2023-04-09,CLEMGPWF,-25.97343987098038,Baseload
2023-04-16,CLEMGPWF,-16.38275569637625,Baseload
2023-04-23,CLEMGPWF,-2.5109148527339045,Baseload
2023-04-30,CLEMGPWF,-65.41683898583216,Baseload
2023-05-07,CLEMGPWF,-220.46412065895328,Baseload
2023-05-14,CLEMGPWF,-35.308721430983354,Baseload
2023-05-21,CLEMGPWF,-48.3136018111135,Baseload
2023-05-28,CLEMGPWF,-83.98855677859909,Baseload
2023-06-04,CLEMGPWF,-81.68768075680441,Baseload
2023-06-11,CLEMGPWF,-36.37338018114752,Baseload
2023-06-18,CLEMGPWF,-10.727832582249434,Baseload
2023-06-25,CLEMGPWF,-31.251759690333408,Baseload
2023-07-02,CLEMGPWF,-83.3133289002608,Baseload
2023-07-09,CLEMGPWF,-46.980563302943736,Baseload
2023-07-16,CLEMGPWF,-42.26281989097292,Baseload
2023-07-23,CLEMGPWF,-28.266166725516,Baseload
2023-07-30,CLEMGPWF,-42.810354492280155,Baseload
2023-08-06,CLEMGPWF,-90.37303776118495,Baseload
2023-08-13,CLEMGPWF,-280.7359836326268,Baseload
2023-08-20,CLEMGPWF,-47.60313422405505,Baseload
2023-08-27,CLEMGPWF,-25.62039079822356,Baseload
2023-09-03,CLEMGPWF,-75.6439916734755,Baseload
2023-09-10,CLEMGPWF,-29.6040167889094,Baseload
2023-09-17,CLEMGPWF,-20.390906623732953,Baseload
2023-09-24,CLEMGPWF,-3.877339448922612,Baseload
2023-10-01,CLEMGPWF,-13.19104425033293,Baseload
2023-10-08,CLEMGPWF,0.5834725714365483,Baseload
2023-10-15,CLEMGPWF,-6.252715697077845,Baseload
2023-10-22,CLEMGPWF,-14.26094672572222,Baseload
2023-10-29,CLEMGPWF,-6.894715091224208,Baseload
2023-11-05,CLEMGPWF,17.14574794734001,Baseload
2023-11-12,CLEMGPWF,-14.326547469793454,Baseload
2023-11-19,CLEMGPWF,17.039521286479037,Baseload
2023-11-26,CLEMGPWF,-11.263809187217902,Baseload
2023-12-03,CLEMGPWF,-1.0740474929350228,Baseload
2023-12-10,CLEMGPWF,-1.0615853303589802,Baseload
2023-12-17,CLEMGPWF,-19.232326517833847,Baseload
2023-12-24,CLEMGPWF,-8.602359595259095,Baseload
2023-12-31,CLEMGPWF,3.51347540690507,Baseload
2024-01-07,CLEMGPWF,7.35103935700959,Baseload
2024-01-14,CLEMGPWF,3.658305931022369,Baseload
2024-01-21,CLEMGPWF,0.21453507956152862,Baseload
2024-01-28,CLEMGPWF,-7.694756060660481,Baseload
2024-02-04,CLEMGPWF,6.632267882489849,Baseload
2024-02-11,CLEMGPWF,11.866974810968522,Baseload
2024-02-18,CLEMGPWF,8.544090955421929,Baseload
2024-02-25,CLEMGPWF,-79.89036622966515,Baseload
2024-03-03,CLEMGPWF,-23.515929885751085,Baseload
2024-03-10,CLEMGPWF,-19.280911013508202,Baseload
2024-03-17,CLEMGPWF,-28.546920400125998,Baseload
2024-03-24,CLEMGPWF,9.16240986372354,Baseload
2024-03-31,CLEMGPWF,11.00931353976933,Baseload
2024-04-07,CLEMGPWF,-12.19248728899764,Baseload
2024-04-14,CLEMGPWF,-6.021886937055683,Baseload
2024-04-21,CLEMGPWF,7.138694229344139,Baseload
2024-04-28,CLEMGPWF,-21.115457151376262,Baseload
2024-05-05,CLEMGPWF,5.298924837088279,Baseload
2024-05-12,CLEMGPWF,12.103760946267812,Baseload
2024-05-19,CLEMGPWF,-12.687981497745696,Baseload
2024-05-26,CLEMGPWF,-1.8322375678672813,Baseload
2024-06-02,CLEMGPWF,-72.91815793653298,Baseload
2024-06-09,CLEMGPWF,-31.04709140431055,Baseload
2024-06-16,CLEMGPWF,-61.7487181250969,Baseload
2024-06-23,CLEMGPWF,-46.26426425512872,Baseload
2024-06-30,CLEMGPWF,-17.88082596790875,Baseload
2024-07-07,CLEMGPWF,-47.750890718906234,Baseload
2024-07-14,CLEMGPWF,-56.360310127368166,Baseload
2024-07-21,CLEMGPWF,-98.8357961560739,Baseload
2024-07-28,CLEMGPWF,-207.40761899739425,Baseload
2024-08-04,CLEMGPWF,-213.70240115924742,Baseload
2024-08-11,CLEMGPWF,-323.7737896607856,Baseload
2024-08-18,CLEMGPWF,-24.023355884172283,Baseload
2024-08-25,CLEMGPWF,-27.74192275431085,Baseload
2024-09-01,CLEMGPWF,-25.872773048289254,Baseload
2024-09-08,CLEMGPWF,-44.33937414943454,Baseload
2024-09-15,CLEMGPWF,-17.040408295342825,Baseload
2024-09-22,CLEMGPWF,-16.13586546963098,Baseload
2024-09-29,CLEMGPWF,-206.23746766892793,Baseload
2024-10-06,CLEMGPWF,-5.967370606443929,Baseload
2024-10-13,CLEMGPWF,21.080371121057393,Baseload
2024-10-20,CLEMGPWF,-12.113252869023484,Baseload
2024-10-27,CLEMGPWF,-58.54661665658519,Baseload
2024-11-03,CLEMGPWF,29.642990104820367,Baseload
2024-11-10,CLEMGPWF,-12.986436672370957,Baseload
2024-11-17,CLEMGPWF,-3.398632813338615,Baseload
2024-11-24,CLEMGPWF,4.707516699231334,Baseload
2024-12-01,CLEMGPWF,-18.639031953948205,Baseload
2024-12-08,CLEMGPWF,-39.826483631749014,Baseload
2024-12-15,CLEMGPWF,20.30947678916597,Baseload
2024-12-22,CLEMGPWF,-5.356219391888185,Baseload
2024-12-29,CLEMGPWF,-11.115889773794857,Baseload
2025-01-05,CLEMGPWF,35.24148609066971,Baseload
2020-01-05,HALLWF1,-7.924093558023188,Baseload
2020-01-12,HALLWF1,-2.993850777154506,Baseload
2020-01-19,HALLWF1,-7.167153391989906,Baseload
2020-01-26,HALLWF1,-8.986668552766503,Baseload
2020-02-02,HALLWF1,6.32445227990965,Baseload
2020-02-09,HALLWF1,-7.236538714421066,Baseload
2020-02-16,HALLWF1,-42.084493249527455,Baseload
2020-02-23,HALLWF1,-27.284813084253983,Baseload
2020-03-01,HALLWF1,-26.24251495629927,Baseload
2020-03-08,HALLWF1,-42.55978598693423,Baseload
2020-03-15,HALLWF1,-7.306394448203431,Baseload
2020-03-22,HALLWF1,-3.8949065232001487,Baseload
2020-03-29,HALLWF1,-5.735936104743722,Baseload
2020-04-05,HALLWF1,-10.838297056472204,Baseload
2020-04-12,HALLWF1,-24.284896540953405,Baseload
2020-04-19,HALLWF1,-13.117206421604426,Baseload
2020-04-26,HALLWF1,-9.730351279056281,Baseload
2020-05-03,HALLWF1,-7.523055356437972,Baseload
2020-05-10,HALLWF1,-9.246152641341073,Baseload
2020-05-17,HALLWF1,-4.803493920721486,Baseload
2020-05-24,HALLWF1,-3.734831992160963,Baseload
2020-05-31,HALLWF1,-9.724641359089407,Baseload
2020-06-07,HALLWF1,-10.567169594337152,Baseload
2020-06-14,HALLWF1,-29.320743727255426,Baseload
2020-06-21,HALLWF1,-6.648372455638089,Baseload
2020-06-28,HALLWF1,-8.680639592736298,Baseload
2020-07-05,HALLWF1,-3.85010420069127,Baseload
2020-07-12,HALLWF1,-8.455771197429826,Baseload
2020-07-19,HALLWF1,-17.186554585400607,Baseload
2020-07-26,HALLWF1,-15.763741489813633,Baseload
2020-08-02,HALLWF1,-5.767375510799347,Baseload
2020-08-09,HALLWF1,-4.8415583934162925,Baseload
2020-08-16,HALLWF1,-3.9817308151789064,Baseload
2020-08-23,HALLWF1,-2.473557982289769,Baseload
2020-08-30,HALLWF1,-50.81410115662198,Baseload
2020-09-06,HALLWF1,-13.593291560537121,Baseload
2020-09-13,HALLWF1,-8.260982613441382,Baseload
2020-09-20,HALLWF1,-1.9872903908481039,Baseload
2020-09-27,HALLWF1,-5.759043805294068,Baseload
2020-10-04,HALLWF1,-4.902570949139506,Baseload
2020-10-11,HALLWF1,-11.510863164230102,Baseload
2020-10-18,HALLWF1,-1.1518728381020082,Baseload
2020-10-25,HALLWF1,-20.277522420582365,Baseload
2020-11-01,HALLWF1,-12.051167493088606,Baseload
2020-11-08,HALLWF1,-10.215014431028123,Baseload
2020-11-15,HALLWF1,-1.4386821118695359,Baseload
2020-11-22,HALLWF1,-8.91801385664525,Baseload
2020-11-29,HALLWF1,-8.425238894762572,Baseload
2020-12-06,HALLWF1,-8.798587436322943,Baseload
2020-12-13,HALLWF1,-10.211700118118678,Baseload
2020-12-20,HALLWF1,-13.446432575584755,Baseload
2020-12-27,HALLWF1,-10.910018504345821,Baseload
2021-01-03,HALLWF1,-3.576620992867589,Baseload
2021-01-10,HALLWF1,-5.666621363035462,Baseload
2021-01-17,HALLWF1,3.792416509365065,Baseload
2021-01-24,HALLWF1,-28.61603765355072,Baseload
2021-01-31,HALLWF1,-5.640562368319873,Baseload
2021-02-07,HALLWF1,-10.269372364578725,Baseload
2021-02-14,HALLWF1,2.3602798575081074,Baseload
2021-02-21,HALLWF1,-7.695550393999724,Baseload
2021-02-28,HALLWF1,-2.554755590179685,Baseload
2021-03-07,HALLWF1,-1.299133749702193,Baseload
2021-03-14,HALLWF1,-185.32257870378635,Baseload
2021-03-21,HALLWF1,-18.05207055113808,Baseload
2021-03-28,HALLWF1,-15.19397281101487,Baseload
2021-04-04,HALLWF1,2.0552023513272957,Baseload
2021-04-11,HALLWF1,-25.835268764158062,Baseload
2021-04-18,HALLWF1,-23.34378713180483,Baseload
2021-04-25,HALLWF1,-11.700278405462967,Baseload
2021-05-02,HALLWF1,-39.12317985835868,Baseload
2021-05-09,HALLWF1,-13.738520848586944,Baseload
2021-05-16,HALLWF1,-16.505963475035628,Baseload
2021-05-23,HALLWF1,-87.64642343378758,Baseload
2021-05-30,HALLWF1,-20.475374434502825,Baseload
2021-06-06,HALLWF1,-24.63810578009398,Baseload
2021-06-13,HALLWF1,-26.314657936762693,Baseload
2021-06-20,HALLWF1,-11.668525733910954,Baseload
2021-06-27,HALLWF1,-12.446054683284586,Baseload
2021-07-04,HALLWF1,-8.179872938064449,Baseload
2021-07-11,HALLWF1,-44.911882681227354,Baseload
2021-07-18,HALLWF1,-14.509470399903215,Baseload
2021-07-25,HALLWF1,-6.453008892298385,Baseload
2021-08-01,HALLWF1,-16.11160009860979,Baseload
2021-08-08,HALLWF1,-12.109182443325473,Baseload
2021-08-15,HALLWF1,-13.794813681500962,Baseload
2021-08-22,HALLWF1,-15.168642859478162,Baseload
2021-08-29,HALLWF1,-20.297585013741397,Baseload
2021-09-05,HALLWF1,-0.18815911521092588,Baseload
2021-09-12,HALLWF1,-5.2507894948114675,Baseload
2021-09-19,HALLWF1,-0.45497775390370876,Baseload
2021-09-26,HALLWF1,-1.4226172630081493,Baseload
2021-10-03,HALLWF1,-1.584376979228466,Baseload
2021-10-10,HALLWF1,-4.321496097777368,Baseload
2021-10-17,HALLWF1,0.19100747391384232,Baseload
2021-10-24,HALLWF1,3.7771804077043134,Baseload
2021-10-31,HALLWF1,3.2814995912755833,Baseload
2021-11-07,HALLWF1,-12.830876058641952,Baseload
2021-11-14,HALLWF1,2.415745823239682,Baseload
2021-11-21,HALLWF1,-26.45547074459301,Baseload
2021-11-28,HALLWF1,-3.5769264298334633,Baseload
2021-12-05,HALLWF1,-11.176858408760467,Baseload
2021-12-12,HALLWF1,-10.086666847915822,Baseload
2021-12-19,HALLWF1,-52.93573901632019,Baseload
2021-12-26,HALLWF1,3.1022930712257377,Baseload
2022-01-02,HALLWF1,-98.55516314899918,Baseload
2022-01-09,HALLWF1,0.6575718067882335,Baseload
2022-01-16,HALLWF1,-77.56149513724745,Baseload
2022-01-23,HALLWF1,-1.0915985663734702,Baseload
2022-01-30,HALLWF1,-27.00609857976255,Baseload
2022-02-06,HALLWF1,-47.75512193060232,Baseload
2022-02-13,HALLWF1,-1.041826354360282,Baseload
2022-02-20,HALLWF1,-8.343207345840362,Baseload
2022-02-27,HALLWF1,0.6263316691226848,Baseload
2022-03-06,HALLWF1,-23.230239403904207,Baseload
2022-03-13,HALLWF1,-2.2343604090045197,Baseload
2022-03-20,HALLWF1,-27.52583634319531,Baseload
2022-03-27,HALLWF1,-6.386469737275391,Baseload
2022-04-03,HALLWF1,-34.97643521664432,Baseload
2022-04-10,HALLWF1,-19.675891511159534,Baseload
2022-04-17,HALLWF1,-42.90974354728779,Baseload
2022-04-24,HALLWF1,-21.39604392785236,Baseload
2022-05-01,HALLWF1,-32.58761504693976,Baseload
2022-05-08,HALLWF1,-17.010351081746023,Baseload
2022-05-15,HALLWF1,-53.366476104772346,Baseload
2022-05-22,HALLWF1,-119.2658066226031,Baseload
2022-05-29,HALLWF1,-42.450231662028386,Baseload
2022-06-05,HALLWF1,-90.89028754666123,Baseload
2022-06-12,HALLWF1,-56.5411450447732,Baseload
2022-06-19,HALLWF1,-70.48666940359576,Baseload
2022-06-26,HALLWF1,-29.607711209635738,Baseload
2022-07-03,HALLWF1,-82.33997006912978,Baseload
2022-07-10,HALLWF1,-140.35355142801768,Baseload
2022-07-17,HALLWF1,-123.33828064326536,Baseload
2022-07-24,HALLWF1,-77.92012702350075,Baseload
2022-07-31,HALLWF1,-110.99404231091074,Baseload
2022-08-07,HALLWF1,-43.77005056333911,Baseload
2022-08-14,HALLWF1,,Baseload
2022-08-21,HALLWF1,-30.59946818723789,Baseload
2022-08-28,HALLWF1,-252.3384122018481,Baseload
2022-09-04,HALLWF1,-59.78781859027691,Baseload
2022-09-11,HALLWF1,-65.6787004460937,Baseload
2022-09-18,HALLWF1,-40.281021919339615,Baseload
2022-09-25,HALLWF1,-30.3655738851957,Baseload
2022-10-02,HALLWF1,21.608024391283024,Baseload
2022-10-09,HALLWF1,-30.20438242591149,Baseload
2022-10-16,HALLWF1,-48.79154901706127,Baseload
2022-10-23,HALLWF1,18.810105075932057,Baseload
2022-10-30,HALLWF1,-4.2313621741736185,Baseload
2022-11-06,HALLWF1,-36.023655612533915,Baseload
2022-11-13,HALLWF1,-40.62772780306293,Baseload
2022-11-20,HALLWF1,-60.12849128023828,Baseload
2022-11-27,HALLWF1,-31.183992213899057,Baseload
2022-12-04,HALLWF1,17.572244361966696,Baseload
2022-12-11,HALLWF1,17.919968750689215,Baseload
2022-12-18,HALLWF1,20.23562627533985,Baseload
2022-12-25,HALLWF1,-20.21806673766618,Baseload
2023-01-01,HALLWF1,-0.2836036907305868,Baseload
2023-01-08,HALLWF1,-12.758957670733473,Baseload
2023-01-15,HALLWF1,-9.300534110463232,Baseload
2023-01-22,HALLWF1,2.8469079716204675,Baseload
2023-01-29,HALLWF1,-28.00649584513785,Baseload
2023-02-05,HALLWF1,-4.8095267481476185,Baseload
2023-02-12,HALLWF1,-14.040212399197827,Baseload
2023-02-19,HALLWF1,-81.55764385984591,Baseload
2023-02-26,HALLWF1,-21.51616288930383,Baseload
2023-03-05,HALLWF1,-18.40966232038334,Baseload
2023-03-12,HALLWF1,-17.55744466768022,Baseload
2023-03-19,HALLWF1,-18.14609541857903,Baseload
2023-03-26,HALLWF1,-9.155825219644647,Baseload
2023-04-02,HALLWF1,-10.684506242745584,Baseload
2023-04-09,HALLWF1,-0.9939699338738279,Baseload
2023-04-16,HALLWF1,-10.492784719401158,Baseload
2023-04-23,HALLWF1,-7.880933185470454,Baseload
2023-04-30,HALLWF1,-47.67256839892109,Baseload
2023-05-07,HALLWF1,-175.93280096851714,Baseload
2023-05-14,HALLWF1,-34.59715470401392,Baseload
2023-05-21,HALLWF1,-66.4324665933534,Baseload
2023-05-28,HALLWF1,-55.421667889674964,Baseload
2023-06-04,HALLWF1,-34.73884342557612,Baseload
2023-06-11,HALLWF1,-28.31336556254375,Baseload
2023-06-18,HALLWF1,5.222279581515426,Baseload
2023-06-25,HALLWF1,-24.17976912417626,Baseload
2023-07-02,HALLWF1,-91.88075696881008,Baseload
2023-07-09,HALLWF1,-36.96231353337026,Baseload
2023-07-16,HALLWF1,-43.558129586717115,Baseload
2023-07-23,HALLWF1,-23.773087995611725,Baseload
2023-07-30,HALLWF1,-34.659490019102144,Baseload
2023-08-06,HALLWF1,-70.20615889678265,Baseload
2023-08-13,HALLWF1,-206.69566162315135,Baseload
2023-08-20,HALLWF1,-57.731493547999406,Baseload
2023-08-27,HALLWF1,-22.830517095543414,Baseload
2023-09-03,HALLWF1,-16.308971765797892,Baseload
2023-09-10,HALLWF1,6.805501014185417,Baseload
2023-09-17,HALLWF1,-10.917138429031851,Baseload
2023-09-24,HALLWF1,-12.11076677904768,Baseload
2023-10-01,HALLWF1,-2.2333553462752533,Baseload
2023-10-08,HALLWF1,6.261939566866111,Baseload
2023-10-15,HALLWF1,5.233632335586428,Baseload
2023-10-22,HALLWF1,-5.334763945289449,Baseload
2023-10-29,HALLWF1,10.715378965547243,Baseload
2023-11-05,HALLWF1,19.71961502909171,Baseload
2023-11-12,HALLWF1,-15.790391839551482,Baseload
2023-11-19,HALLWF1,18.009355552535247,Baseload
2023-11-26,HALLWF1,-6.945099410744589,Baseload
2023-12-03,HALLWF1,-6.64306499188142,Baseload
2023-12-10,HALLWF1,-14.768220263732061,Baseload
2023-12-17,HALLWF1,-12.80682757107369,Baseload
2023-12-24,HALLWF1,12.497293632041746,Baseload
2023-12-31,HALLWF1,10.381289246426915,Baseload
2024-01-07,HALLWF1,2.0137738534848637,Baseload
2024-01-14,HALLWF1,1.210786616154742,Baseload
2024-01-21,HALLWF1,-5.869671221040004,Baseload
2024-01-28,HALLWF1,6.738803921011382,Baseload
2024-02-04,HALLWF1,4.083381713204815,Baseload
2024-02-11,HALLWF1,17.252540984610444,Baseload
2024-02-18,HALLWF1,7.145834849480096,Baseload
2024-02-25,HALLWF1,-28.119695759848312,Baseload
2024-03-03,HALLWF1,-28.9229544646481,Baseload
2024-03-10,HALLWF1,-18.832754616665383,Baseload
2024-03-17,HALLWF1,-45.1071306714781,Baseload
2024-03-24,HALLWF1,7.960177215647754,Baseload
2024-03-31,HALLWF1,-1.9936482571170444,Baseload
2024-04-07,HALLWF1,-24.641639472859993,Baseload
2024-04-14,HALLWF1,-7.734736620610818,Baseload
2024-04-21,HALLWF1,-10.892193133077896,Baseload
2024-04-28,HALLWF1,-17.9559931716118,Baseload
2024-05-05,HALLWF1,-15.109068889552063,Baseload
2024-05-12,HALLWF1,-7.626971844768747,Baseload
2024-05-19,HALLWF1,-51.391610216295405,Baseload
2024-05-26,HALLWF1,-2.9391685087804547,Baseload
2024-06-02,HALLWF1,-73.50293892417507,Baseload
2024-06-09,HALLWF1,-17.01112899400141,Baseload
2024-06-16,HALLWF1,-66.91993331128734,Baseload
2024-06-23,HALLWF1,-48.66762662135275,Baseload
2024-06-30,HALLWF1,-15.948199332554836,Baseload
2024-07-07,HALLWF1,-23.75610954197103,Baseload
2024-07-14,HALLWF1,-23.301718982180063,Baseload
2024-07-21,HALLWF1,-81.78934740885238,Baseload
2024-07-28,HALLWF1,-179.20908346873682,Baseload
2024-08-04,HALLWF1,-128.35728311152565,Baseload
2024-08-11,HALLWF1,-348.52368626469314,Baseload
2024-08-18,HALLWF1,-13.809900632803412,Baseload
2024-08-25,HALLWF1,-12.610223507348593,Baseload
2024-09-01,HALLWF1,-5.313903886719215,Baseload
2024-09-08,HALLWF1,-22.64510673791754,Baseload
2024-09-15,HALLWF1,-10.303638771938797,Baseload
2024-09-22,HALLWF1,-13.75011303577812,Baseload
2024-09-29,HALLWF1,-216.05349920329914,Baseload
2024-10-06,HALLWF1,5.074548037107229,Baseload
2024-10-13,HALLWF1,27.453771142072487,Baseload
2024-10-20,HALLWF1,-9.923676504062968,Baseload
2024-10-27,HALLWF1,-4.802173171559474,Baseload
2024-11-03,HALLWF1,19.095293255807075,Baseload
2024-11-10,HALLWF1,-21.377744359427123,Baseload
2024-11-17,HALLWF1,11.622658295530911,Baseload
2024-11-24,HALLWF1,0.473762858890467,Baseload
2024-12-01,HALLWF1,-12.611539713865,Baseload
2024-12-08,HALLWF1,-43.71964196677055,Baseload
2024-12-15,HALLWF1,-5.533044776343004,Baseload
2024-12-22,HALLWF1,20.389980019781014,Baseload
2024-12-29,HALLWF1,6.640603699532544,Baseload
2025-01-05,HALLWF1,-2.4171658925059063,Baseload
2020-01-05,HALLWF2,-7.717463360783228,Baseload
2020-01-12,HALLWF2,-4.551851549265763,Baseload
2020-01-19,HALLWF2,-8.906809718079927,Baseload
2020-01-26,HALLWF2,-9.367339239965844,Baseload
2020-02-02,HALLWF2,-16.70262766835731,Baseload
2020-02-09,HALLWF2,-7.1778564263303615,Baseload
2020-02-16,HALLWF2,-45.05746152552207,Baseload
2020-02-23,HALLWF2,-33.93211621888693,Baseload
2020-03-01,HALLWF2,-30.707726590902173,Baseload
2020-03-08,HALLWF2,-27.645624613697464,Baseload
2020-03-15,HALLWF2,-7.310553310882611,Baseload
2020-03-22,HALLWF2,-4.229001239817521,Baseload
2020-03-29,HALLWF2,-6.194001457451911,Baseload
2020-04-05,HALLWF2,-11.937341997985406,Baseload
2020-04-12,HALLWF2,-19.30774533027665,Baseload
2020-04-19,HALLWF2,-12.69430028625106,Baseload
2020-04-26,HALLWF2,-9.579565839802708,Baseload
2020-05-03,HALLWF2,-7.563595734687805,Baseload
2020-05-10,HALLWF2,-10.188653906886776,Baseload
2020-05-17,HALLWF2,-7.108773683457002,Baseload
2020-05-24,HALLWF2,-3.9570227169195036,Baseload
2020-05-31,HALLWF2,-8.516308556163104,Baseload
2020-06-07,HALLWF2,-5.461573724320559,Baseload
2020-06-14,HALLWF2,-30.743370864072432,Baseload
2020-06-21,HALLWF2,-4.618878689239644,Baseload
2020-06-28,HALLWF2,-7.424853193706731,Baseload
2020-07-05,HALLWF2,-3.6951868351123025,Baseload
2020-07-12,HALLWF2,-8.935460298941685,Baseload
2020-07-19,HALLWF2,-15.430504624997681,Baseload
2020-07-26,HALLWF2,-14.668739727693364,Baseload
2020-08-02,HALLWF2,-5.9505295177268,Baseload
2020-08-09,HALLWF2,-5.0374509248376995,Baseload
2020-08-16,HALLWF2,-3.801000701136239,Baseload
2020-08-23,HALLWF2,-2.431025240464777,Baseload
2020-08-30,HALLWF2,-50.51923736735703,Baseload
2020-09-06,HALLWF2,-15.517258351984097,Baseload
2020-09-13,HALLWF2,-7.633160504821636,Baseload
2020-09-20,HALLWF2,-2.252131303098073,Baseload
2020-09-27,HALLWF2,-6.30635724080795,Baseload
2020-10-04,HALLWF2,-8.287473700383309,Baseload
2020-10-11,HALLWF2,-11.838020139380777,Baseload
2020-10-18,HALLWF2,-2.8128628014714963,Baseload
2020-10-25,HALLWF2,-22.662356362219874,Baseload
2020-11-01,HALLWF2,-9.743993397750646,Baseload
2020-11-08,HALLWF2,-10.824504918137698,Baseload
2020-11-15,HALLWF2,-3.4920698801361922,Baseload
2020-11-22,HALLWF2,-11.35434552671196,Baseload
2020-11-29,HALLWF2,-7.925164268225082,Baseload
2020-12-06,HALLWF2,-10.056052960924818,Baseload
2020-12-13,HALLWF2,-8.740336460245873,Baseload
2020-12-20,HALLWF2,-8.57491672782346,Baseload
2020-12-27,HALLWF2,-9.450177910513228,Baseload
2021-01-03,HALLWF2,-0.3294900423153777,Baseload
2021-01-10,HALLWF2,-5.751893044303415,Baseload
2021-01-17,HALLWF2,0.7304076104708717,Baseload
2021-01-24,HALLWF2,-24.22172781879688,Baseload
2021-01-31,HALLWF2,-4.944997865478829,Baseload
2021-02-07,HALLWF2,-10.376690083492093,Baseload
2021-02-14,HALLWF2,2.7441527516801862,Baseload
2021-02-21,HALLWF2,-8.776049237103361,Baseload
2021-02-28,HALLWF2,-6.88730931365145,Baseload
2021-03-07,HALLWF2,-2.4607849225546765,Baseload
2021-03-14,HALLWF2,-174.54367302701698,Baseload
2021-03-21,HALLWF2,-15.901864451615161,Baseload
2021-03-28,HALLWF2,-13.024889579592365,Baseload
2021-04-04,HALLWF2,4.349882310482002,Baseload
2021-04-11,HALLWF2,-19.974721698195236,Baseload
2021-04-18,HALLWF2,-26.205293656279306,Baseload
2021-04-25,HALLWF2,-8.039944507293441,Baseload
2021-05-02,HALLWF2,-22.353267869447194,Baseload
2021-05-09,HALLWF2,-12.113159511827114,Baseload
2021-05-16,HALLWF2,-13.809789026228266,Baseload
2021-05-23,HALLWF2,-88.19125944164108,Baseload
2021-05-30,HALLWF2,-22.123555016520726,Baseload
2021-06-06,HALLWF2,-23.8966507055547,Baseload
2021-06-13,HALLWF2,-30.180587535337082,Baseload
2021-06-20,HALLWF2,-10.759180391098965,Baseload
2021-06-27,HALLWF2,-13.58718267750207,Baseload
2021-07-04,HALLWF2,-7.406504472669852,Baseload
2021-07-11,HALLWF2,-42.38054089328028,Baseload
2021-07-18,HALLWF2,-14.344654852951734,Baseload
2021-07-25,HALLWF2,-16.823981114885186,Baseload
2021-08-01,HALLWF2,-16.464059339068363,Baseload
2021-08-08,HALLWF2,-12.916088477956123,Baseload
2021-08-15,HALLWF2,-13.013420316802009,Baseload
2021-08-22,HALLWF2,-18.014695198624544,Baseload
2021-08-29,HALLWF2,-18.89615888449371,Baseload
2021-09-05,HALLWF2,-5.066603754740488,Baseload
2021-09-12,HALLWF2,-5.990016791630994,Baseload
2021-09-19,HALLWF2,-13.592965198923958,Baseload
2021-09-26,HALLWF2,-3.105013131555303,Baseload
2021-10-03,HALLWF2,-2.883481301371905,Baseload
2021-10-10,HALLWF2,-7.2714526934696035,Baseload
2021-10-17,HALLWF2,-3.6672528786904284,Baseload
2021-10-24,HALLWF2,3.167733280501235,Baseload
2021-10-31,HALLWF2,30.766171829371437,Baseload
2021-11-07,HALLWF2,-12.438887963113629,Baseload
2021-11-14,HALLWF2,-0.5526003164985624,Baseload
2021-11-21,HALLWF2,-28.12749661808865,Baseload
2021-11-28,HALLWF2,-7.8826677718711196,Baseload
2021-12-05,HALLWF2,-15.103157549790744,Baseload
2021-12-12,HALLWF2,-8.032581352592842,Baseload
2021-12-19,HALLWF2,-63.25404374723435,Baseload
2021-12-26,HALLWF2,1.5947109765250822,Baseload
2022-01-02,HALLWF2,-99.26024658932832,Baseload
2022-01-09,HALLWF2,2.070954337511477,Baseload
2022-01-16,HALLWF2,-79.16514925414779,Baseload
2022-01-23,HALLWF2,-4.514690822207623,Baseload
2022-01-30,HALLWF2,-30.642786095903105,Baseload
2022-02-06,HALLWF2,-46.83776664225412,Baseload
2022-02-13,HALLWF2,-2.3483209720860927,Baseload
2022-02-20,HALLWF2,-7.984191451875738,Baseload
2022-02-27,HALLWF2,-0.5122583289555322,Baseload
2022-03-06,HALLWF2,-19.608288197428777,Baseload
2022-03-13,HALLWF2,1.8464878635231052,Baseload
2022-03-20,HALLWF2,-26.703566893747237,Baseload
2022-03-27,HALLWF2,-9.03083436814265,Baseload
2022-04-03,HALLWF2,-33.99296362698987,Baseload
2022-04-10,HALLWF2,-27.19353356355424,Baseload
2022-04-17,HALLWF2,-40.91431691313004,Baseload
2022-04-24,HALLWF2,-18.664792082215342,Baseload
2022-05-01,HALLWF2,-26.791524069399088,Baseload
2022-05-08,HALLWF2,-11.861601072149625,Baseload
2022-05-15,HALLWF2,-81.85481333240472,Baseload
2022-05-22,HALLWF2,-96.22151770689288,Baseload
2022-05-29,HALLWF2,-32.44708104983914,Baseload
2022-06-05,HALLWF2,-92.33155454818018,Baseload
2022-06-12,HALLWF2,-56.03357583705048,Baseload
2022-06-19,HALLWF2,-73.63998439507827,Baseload
2022-06-26,HALLWF2,-25.45336298581023,Baseload
2022-07-03,HALLWF2,-37.85810708237727,Baseload
2022-07-10,HALLWF2,-120.892399889292,Baseload
2022-07-17,HALLWF2,-151.12599178437452,Baseload
2022-07-24,HALLWF2,-72.41373958768497,Baseload
2022-07-31,HALLWF2,-128.71562048916726,Baseload
2022-08-07,HALLWF2,-12.243048638577669,Baseload
2022-08-14,HALLWF2,-37.40595711659947,Baseload
2022-08-21,HALLWF2,-24.578482174194377,Baseload
2022-08-28,HALLWF2,,Baseload
2022-09-04,HALLWF2,-36.58247442000628,Baseload
2022-09-11,HALLWF2,-67.5608512936173,Baseload
2022-09-18,HALLWF2,-40.2065050273458,Baseload
2022-09-25,HALLWF2,-33.946484353023095,Baseload
2022-10-02,HALLWF2,25.625749754344398,Baseload
2022-10-09,HALLWF2,-29.261834519383427,Baseload
2022-10-16,HALLWF2,-39.99816732977938,Baseload
2022-10-23,HALLWF2,10.881854514051568,Baseload
2022-10-30,HALLWF2,-1.5916987958073463,Baseload
2022-11-06,HALLWF2,-36.72504401625241,Baseload
2022-11-13,HALLWF2,-20.128137838026703,Baseload
2022-11-20,HALLWF2,-64.12332027808333,Baseload
2022-11-27,HALLWF2,-31.011277251293013,Baseload
2022-12-04,HALLWF2,17.968672653513465,Baseload
2022-12-11,HALLWF2,21.133433271249928,Baseload
2022-12-18,HALLWF2,20.264959276079157,Baseload
2022-12-25,HALLWF2,-17.28441602773993,Baseload
2023-01-01,HALLWF2,2.6153427640399016,Baseload
2023-01-08,HALLWF2,-12.527906491433232,Baseload
2023-01-15,HALLWF2,-6.657085383310061,Baseload
2023-01-22,HALLWF2,-1.6612619451998896,Baseload
2023-01-29,HALLWF2,-22.382073595622572,Baseload
2023-02-05,HALLWF2,-9.442713650732173,Baseload
2023-02-12,HALLWF2,-16.983922346542386,Baseload
2023-02-19,HALLWF2,-82.87470250076781,Baseload
2023-02-26,HALLWF2,-15.874158019006359,Baseload
2023-03-05,HALLWF2,-14.797786772191266,Baseload
2023-03-12,HALLWF2,-17.560740054323723,Baseload
2023-03-19,HALLWF2,-20.86797497529983,Baseload
2023-03-26,HALLWF2,-10.49771680194604,Baseload
2023-04-02,HALLWF2,-2.1266674589980425,Baseload
2023-04-09,HALLWF2,-5.398821586481773,Baseload
2023-04-16,HALLWF2,-6.998926248659487,Baseload
2023-04-23,HALLWF2,-3.958463781803715,Baseload
2023-04-30,HALLWF2,-34.38926665922146,Baseload
2023-05-07,HALLWF2,-168.05535768141766,Baseload
2023-05-14,HALLWF2,-37.17668489610378,Baseload
2023-05-21,HALLWF2,-54.23832058544579,Baseload
2023-05-28,HALLWF2,-51.00209364291645,Baseload
2023-06-04,HALLWF2,-28.94507833998064,Baseload
2023-06-11,HALLWF2,-28.450691882073748,Baseload
2023-06-18,HALLWF2,5.9593275625085145,Baseload
2023-06-25,HALLWF2,-26.494891010784343,Baseload
2023-07-02,HALLWF2,-89.18392286017094,Baseload
2023-07-09,HALLWF2,-37.456226893122846,Baseload
2023-07-16,HALLWF2,-42.33815985112433,Baseload
2023-07-23,HALLWF2,-24.946003899185015,Baseload
2023-07-30,HALLWF2,-40.48201392644202,Baseload
2023-08-06,HALLWF2,-71.46699735120713,Baseload
2023-08-13,HALLWF2,-192.7338290972388,Baseload
2023-08-20,HALLWF2,-47.61584396712731,Baseload
2023-08-27,HALLWF2,-26.05738637454639,Baseload
2023-09-03,HALLWF2,15.414762587152666,Baseload
2023-09-10,HALLWF2,13.073262666439987,Baseload
2023-09-17,HALLWF2,-26.21712342364105,Baseload
2023-09-24,HALLWF2,-10.105597317891121,Baseload
2023-10-01,HALLWF2,-5.0923364448052695,Baseload
2023-10-08,HALLWF2,6.591112084379716,Baseload
2023-10-15,HALLWF2,3.3392844510629196,Baseload
2023-10-22,HALLWF2,-5.056529016310826,Baseload
2023-10-29,HALLWF2,10.109832701184786,Baseload
2023-11-05,HALLWF2,19.599694836380237,Baseload
2023-11-12,HALLWF2,-15.116143289798657,Baseload
2023-11-19,HALLWF2,21.255355633897032,Baseload
2023-11-26,HALLWF2,-1.5473558850165858,Baseload
2023-12-03,HALLWF2,4.527728979891023,Baseload
2023-12-10,HALLWF2,18.88632846770173,Baseload
2023-12-17,HALLWF2,-7.049501886185055,Baseload
2023-12-24,HALLWF2,15.844809488789181,Baseload
2023-12-31,HALLWF2,14.012030917424607,Baseload
2024-01-07,HALLWF2,4.708939656753152,Baseload
2024-01-14,HALLWF2,3.0062137869745413,Baseload
2024-01-21,HALLWF2,-4.599613619688597,Baseload
2024-01-28,HALLWF2,4.342539786466816,Baseload
2024-02-04,HALLWF2,5.389037303913824,Baseload
2024-02-11,HALLWF2,14.168752059555917,Baseload
2024-02-18,HALLWF2,11.542063034534785,Baseload
2024-02-25,HALLWF2,-1.6644662731890207,Baseload
2024-03-03,HALLWF2,-37.589477381105404,Baseload
2024-03-10,HALLWF2,-21.157206038712957,Baseload
2024-03-17,HALLWF2,-42.20024992943541,Baseload
2024-03-24,HALLWF2,10.79888177476952,Baseload
2024-03-31,HALLWF2,-0.9730220462894721,Baseload
2024-04-07,HALLWF2,-22.77661724096165,Baseload
2024-04-14,HALLWF2,-10.707769128118727,Baseload
2024-04-21,HALLWF2,-13.799322325475401,Baseload
2024-04-28,HALLWF2,-18.673879073748303,Baseload
2024-05-05,HALLWF2,-9.807937148761141,Baseload
2024-05-12,HALLWF2,-4.884910229232986,Baseload
2024-05-19,HALLWF2,-22.4189400002287,Baseload
2024-05-26,HALLWF2,-8.266545808297593,Baseload
2024-06-02,HALLWF2,-75.26478920413598,Baseload
2024-06-09,HALLWF2,-17.56876585014598,Baseload
2024-06-16,HALLWF2,-68.68119670846798,Baseload
2024-06-23,HALLWF2,-43.83313274179875,Baseload
2024-06-30,HALLWF2,-15.978991905461754,Baseload
2024-07-07,HALLWF2,-24.01129798081911,Baseload
2024-07-14,HALLWF2,-20.129981717814616,Baseload
2024-07-21,HALLWF2,-77.28541716530484,Baseload
2024-07-28,HALLWF2,-171.00754604302665,Baseload
2024-08-04,HALLWF2,-154.54139455980484,Baseload
2024-08-11,HALLWF2,-329.16816395659856,Baseload
2024-08-18,HALLWF2,-19.136889719805943,Baseload
2024-08-25,HALLWF2,-11.183093794292148,Baseload
2024-09-01,HALLWF2,-4.828843679902386,Baseload
2024-09-08,HALLWF2,-20.134371400062097,Baseload
2024-09-15,HALLWF2,-11.580918209876046,Baseload
2024-09-22,HALLWF2,-14.248406703072845,Baseload
2024-09-29,HALLWF2,-210.64989915013047,Baseload
2024-10-06,HALLWF2,5.073885541166829,Baseload
2024-10-13,HALLWF2,30.272263410890094,Baseload
2024-10-20,HALLWF2,4.28718338705518,Baseload
2024-10-27,HALLWF2,-16.347740549895413,Baseload
2024-11-03,HALLWF2,19.384237734414565,Baseload
2024-11-10,HALLWF2,-21.005714740667017,Baseload
2024-11-17,HALLWF2,11.40188584921863,Baseload
2024-11-24,HALLWF2,7.595393602350569,Baseload
2024-12-01,HALLWF2,-13.779298192612004,Baseload
2024-12-08,HALLWF2,-31.409556778597334,Baseload
2024-12-15,HALLWF2,9.993530481835336,Baseload
2024-12-22,HALLWF2,18.41767719050162,Baseload
2024-12-29,HALLWF2,2.775894794452439,Baseload
2025-01-05,HALLWF2,5.475629275290174,Baseload
2020-01-05,HDWF1,-7.972706926531835,Baseload
2020-01-12,HDWF1,-3.822982804676535,Baseload
2020-01-19,HDWF1,-6.019791544509822,Baseload
2020-01-26,HDWF1,-12.799006238805969,Baseload
2020-02-02,HDWF1,3.96298954854214,Baseload
2020-02-09,HDWF1,-19.405657430186995,Baseload
2020-02-16,HDWF1,-57.3324586274869,Baseload
2020-02-23,HDWF1,-35.799508313573824,Baseload
2020-03-01,HDWF1,-23.053000833362887,Baseload
2020-03-08,HDWF1,-57.90886028406928,Baseload
2020-03-15,HDWF1,-5.36818457159988,Baseload
2020-03-22,HDWF1,-3.503619460928036,Baseload
2020-03-29,HDWF1,-3.4680166141255455,Baseload
2020-04-05,HDWF1,-18.27133210421175,Baseload
2020-04-12,HDWF1,-21.80767748408304,Baseload
2020-04-19,HDWF1,-10.925520554459844,Baseload
2020-04-26,HDWF1,-11.76423576695721,Baseload
2020-05-03,HDWF1,-6.96489779985723,Baseload
2020-05-10,HDWF1,-9.753758914663894,Baseload
2020-05-17,HDWF1,-1.0930633566222951,Baseload
2020-05-24,HDWF1,-4.498104728253466,Baseload
2020-05-31,HDWF1,-10.607853754263772,Baseload
2020-06-07,HDWF1,-9.15611215392051,Baseload
2020-06-14,HDWF1,-27.27766747727167,Baseload
2020-06-21,HDWF1,-7.475613389382918,Baseload
2020-06-28,HDWF1,-9.290389197973042,Baseload
2020-07-05,HDWF1,-4.455489960832246,Baseload
2020-07-12,HDWF1,-9.7115038131819,Baseload
2020-07-19,HDWF1,-18.35911621749078,Baseload
2020-07-26,HDWF1,-11.293850663535203,Baseload
2020-08-02,HDWF1,-3.7560546118707947,Baseload
2020-08-09,HDWF1,-5.179381662547698,Baseload
2020-08-16,HDWF1,-6.863215059974088,Baseload
2020-08-23,HDWF1,-3.677480328045057,Baseload
2020-08-30,HDWF1,-50.17219123962393,Baseload
2020-09-06,HDWF1,-18.10776977813557,Baseload
2020-09-13,HDWF1,-10.624721118518043,Baseload
2020-09-20,HDWF1,-15.412652666791129,Baseload
2020-09-27,HDWF1,-16.02749869876566,Baseload
2020-10-04,HDWF1,-11.569646790153564,Baseload
2020-10-11,HDWF1,-20.800914430545042,Baseload
2020-10-18,HDWF1,-5.108526300794082,Baseload
2020-10-25,HDWF1,-19.742440897476882,Baseload
2020-11-01,HDWF1,-15.303168314720129,Baseload
2020-11-08,HDWF1,-11.220355699513185,Baseload
2020-11-15,HDWF1,-4.725069062441442,Baseload
2020-11-22,HDWF1,-9.352725319113752,Baseload
2020-11-29,HDWF1,-6.90306863462164,Baseload
2020-12-06,HDWF1,-22.958848079464268,Baseload
2020-12-13,HDWF1,-14.031241609570074,Baseload
2020-12-20,HDWF1,-6.547636034434632,Baseload
2020-12-27,HDWF1,-7.638750757461514,Baseload
2021-01-03,HDWF1,-2.9083523158625297,Baseload
2021-01-10,HDWF1,-7.028006957583776,Baseload
2021-01-17,HDWF1,-8.809325935124633,Baseload
2021-01-24,HDWF1,-10.94613095871172,Baseload
2021-01-31,HDWF1,-8.657747306613878,Baseload
2021-02-07,HDWF1,-11.3282108831229,Baseload
2021-02-14,HDWF1,1.0078039934399428,Baseload
2021-02-21,HDWF1,-10.012068736038653,Baseload
2021-02-28,HDWF1,-9.936158724182778,Baseload
2021-03-07,HDWF1,-6.50930532717074,Baseload
2021-03-14,HDWF1,-187.3453359028907,Baseload
2021-03-21,HDWF1,-13.222322445765847,Baseload
2021-03-28,HDWF1,-20.264549459150217,Baseload
2021-04-04,HDWF1,1.7877901118671247,Baseload
2021-04-11,HDWF1,-22.70704742641909,Baseload
2021-04-18,HDWF1,-26.597027505490658,Baseload
2021-04-25,HDWF1,-14.911477453185569,Baseload
2021-05-02,HDWF1,-24.73870171028566,Baseload
2021-05-09,HDWF1,-15.587892679748514,Baseload
2021-05-16,HDWF1,-22.277743030846757,Baseload
2021-05-23,HDWF1,-67.51211873475116,Baseload
2021-05-30,HDWF1,-21.250717910130113,Baseload
2021-06-06,HDWF1,-26.890815819332673,Baseload
2021-06-13,HDWF1,-29.272742600001244,Baseload
2021-06-20,HDWF1,9.451524321878964,Baseload
2021-06-27,HDWF1,-10.253486675392494,Baseload
2021-07-04,HDWF1,-8.096451888722356,Baseload
2021-07-11,HDWF1,-42.21099925016111,Baseload
2021-07-18,HDWF1,-20.233705707326614,Baseload
2021-07-25,HDWF1,-13.633982011659356,Baseload
2021-08-01,HDWF1,-21.60528591134488,Baseload
2021-08-08,HDWF1,-15.976181659260618,Baseload
2021-08-15,HDWF1,-14.212313580705846,Baseload
2021-08-22,HDWF1,-24.24471772092922,Baseload
2021-08-29,HDWF1,-21.6567922462862,Baseload
2021-09-05,HDWF1,-23.947994318301802,Baseload
2021-09-12,HDWF1,-22.997557341634465,Baseload
2021-09-19,HDWF1,-15.047142929435811,Baseload
2021-09-26,HDWF1,-15.367001527968855,Baseload
2021-10-03,HDWF1,-11.525545309384668,Baseload
2021-10-10,HDWF1,-15.968660171811637,Baseload
2021-10-17,HDWF1,-14.761758934380886,Baseload
2021-10-24,HDWF1,-4.21709541930549,Baseload
2021-10-31,HDWF1,-24.7004217456304,Baseload
2021-11-07,HDWF1,-10.618528296026096,Baseload
2021-11-14,HDWF1,-10.711436918797457,Baseload
2021-11-21,HDWF1,-35.17362326576239,Baseload
2021-11-28,HDWF1,-12.613606061505159,Baseload
2021-12-05,HDWF1,-16.749145631537395,Baseload
2021-12-12,HDWF1,-7.371415491390408,Baseload
2021-12-19,HDWF1,-55.300251609836906,Baseload
2021-12-26,HDWF1,3.987132732712382,Baseload
2022-01-02,HDWF1,-103.91670202166584,Baseload
2022-01-09,HDWF1,-2.3940482575053927,Baseload
2022-01-16,HDWF1,-76.7834843780701,Baseload
2022-01-23,HDWF1,-6.841839521724182,Baseload
2022-01-30,HDWF1,-33.375965852481286,Baseload
2022-02-06,HDWF1,-52.745726320622865,Baseload
2022-02-13,HDWF1,-4.376918385526409,Baseload
2022-02-20,HDWF1,-6.398580054525198,Baseload
2022-02-27,HDWF1,1.049547968786925,Baseload
2022-03-06,HDWF1,-30.589751890859155,Baseload
2022-03-13,HDWF1,0.5600576038556291,Baseload
2022-03-20,HDWF1,-24.807778108769725,Baseload
2022-03-27,HDWF1,-6.363441706304613,Baseload
2022-04-03,HDWF1,-44.28025124139284,Baseload
2022-04-10,HDWF1,-17.545391777417166,Baseload
2022-04-17,HDWF1,-21.522629106155307,Baseload
2022-04-24,HDWF1,-41.10205729763841,Baseload
2022-05-01,HDWF1,-41.89784319812523,Baseload
2022-05-08,HDWF1,-16.386998587763543,Baseload
2022-05-15,HDWF1,-54.00794509178644,Baseload
2022-05-22,HDWF1,-129.7525475382335,Baseload
2022-05-29,HDWF1,-64.21840049260027,Baseload
2022-06-05,HDWF1,-85.20496104301114,Baseload
2022-06-12,HDWF1,-41.288246433459165,Baseload
2022-06-19,HDWF1,-66.6758495159003,Baseload
2022-06-26,HDWF1,-45.33824688098062,Baseload
2022-07-03,HDWF1,-13.241756412985069,Baseload
2022-07-10,HDWF1,-120.33473525554263,Baseload
2022-07-17,HDWF1,-153.38867958385362,Baseload
2022-07-24,HDWF1,-86.19357909980113,Baseload
2022-07-31,HDWF1,-134.73971133115236,Baseload
2022-08-07,HDWF1,-30.85685790097134,Baseload
2022-08-14,HDWF1,-32.0532225346696,Baseload
2022-08-21,HDWF1,-34.889486787491606,Baseload
2022-08-28,HDWF1,-233.28567686788722,Baseload
2022-09-04,HDWF1,-66.21611778892895,Baseload
2022-09-11,HDWF1,-88.04450833864612,Baseload
2022-09-18,HDWF1,-53.56054820046607,Baseload
2022-09-25,HDWF1,-37.91401059021693,Baseload
2022-10-02,HDWF1,16.989862408396263,Baseload
2022-10-09,HDWF1,-28.395951968829365,Baseload
2022-10-16,HDWF1,-53.755352752022745,Baseload
2022-10-23,HDWF1,-32.504498699427174,Baseload
2022-10-30,HDWF1,-25.90447547479541,Baseload
2022-11-06,HDWF1,-25.04531365128893,Baseload
2022-11-13,HDWF1,-54.16467649632143,Baseload
2022-11-20,HDWF1,-76.9841514065505,Baseload
2022-11-27,HDWF1,-49.62053214868149,Baseload
2022-12-04,HDWF1,24.016532217470626,Baseload
2022-12-11,HDWF1,-9.574677033745317,Baseload
2022-12-18,HDWF1,4.940499996843156,Baseload
2022-12-25,HDWF1,-19.33193615417509,Baseload
2023-01-01,HDWF1,2.6644703200441313,Baseload
2023-01-08,HDWF1,-14.548590374286473,Baseload
2023-01-15,HDWF1,1.5443860815172599,Baseload
2023-01-22,HDWF1,4.511631452063206,Baseload
2023-01-29,HDWF1,-13.515346432870217,Baseload
2023-02-05,HDWF1,-27.017595177725607,Baseload
2023-02-12,HDWF1,-31.137648561859457,Baseload
2023-02-19,HDWF1,-77.61694757513465,Baseload
2023-02-26,HDWF1,-25.71339945386235,Baseload
2023-03-05,HDWF1,-2.6381378916927645,Baseload
2023-03-12,HDWF1,-14.339042245168503,Baseload
2023-03-19,HDWF1,-20.247418660397095,Baseload
2023-03-26,HDWF1,-12.317884837115088,Baseload
2023-04-02,HDWF1,-13.55897385962561,Baseload
2023-04-09,HDWF1,-23.377305982004195,Baseload
2023-04-16,HDWF1,-17.7270189178169,Baseload
2023-04-23,HDWF1,-17.220616810193107,Baseload
2023-04-30,HDWF1,-60.04156901353587,Baseload
2023-05-07,HDWF1,-212.44436936473568,Baseload
2023-05-14,HDWF1,-36.49210185243925,Baseload
2023-05-21,HDWF1,-58.06630122016547,Baseload
2023-05-28,HDWF1,-70.81729425867859,Baseload
2023-06-04,HDWF1,-55.63368640568052,Baseload
2023-06-11,HDWF1,-30.25604581351767,Baseload
2023-06-18,HDWF1,-11.270117223671043,Baseload
2023-06-25,HDWF1,-24.264754492785052,Baseload
2023-07-02,HDWF1,-75.53354599604874,Baseload
2023-07-09,HDWF1,-49.484235964332136,Baseload
2023-07-16,HDWF1,-48.69539851869931,Baseload
2023-07-23,HDWF1,-29.405284517241107,Baseload
2023-07-30,HDWF1,-27.073602184022654,Baseload
2023-08-06,HDWF1,-85.19366101341856,Baseload
2023-08-13,HDWF1,-256.50767549883966,Baseload
2023-08-20,HDWF1,-47.1218117188466,Baseload
2023-08-27,HDWF1,-31.696729485397597,Baseload
2023-09-03,HDWF1,-65.81661796043684,Baseload
2023-09-10,HDWF1,-28.568546825932785,Baseload
2023-09-17,HDWF1,-31.655137022200616,Baseload
2023-09-24,HDWF1,-8.293866572715153,Baseload
2023-10-01,HDWF1,-14.64952721032374,Baseload
2023-10-08,HDWF1,-4.375250531582751,Baseload
2023-10-15,HDWF1,-7.05369360361531,Baseload
2023-10-22,HDWF1,-20.78076269514249,Baseload
2023-10-29,HDWF1,-16.975238072715936,Baseload
2023-11-05,HDWF1,13.079296928455957,Baseload
2023-11-12,HDWF1,-11.676020027442583,Baseload
2023-11-19,HDWF1,12.26665078645241,Baseload
2023-11-26,HDWF1,-8.202389377106009,Baseload
2023-12-03,HDWF1,-8.252718592780623,Baseload
2023-12-10,HDWF1,5.440958455667129,Baseload
2023-12-17,HDWF1,-19.09569284570249,Baseload
2023-12-24,HDWF1,-7.273792465536592,Baseload
2023-12-31,HDWF1,-2.073345445045955,Baseload
2024-01-07,HDWF1,4.499927621545169,Baseload
2024-01-14,HDWF1,-3.5736543905286666,Baseload
2024-01-21,HDWF1,-6.160723212047179,Baseload
2024-01-28,HDWF1,-29.173887108948243,Baseload
2024-02-04,HDWF1,5.689945297706203,Baseload
2024-02-11,HDWF1,12.5846754066561,Baseload
2024-02-18,HDWF1,-3.751466130954803,Baseload
2024-02-25,HDWF1,-64.94277466154693,Baseload
2024-03-03,HDWF1,-28.17717951151902,Baseload
2024-03-10,HDWF1,-21.007648792109855,Baseload
2024-03-17,HDWF1,-44.37273642421717,Baseload
2024-03-24,HDWF1,5.619451908965857,Baseload
2024-03-31,HDWF1,4.641872921771537,Baseload
2024-04-07,HDWF1,-18.607010499381246,Baseload
2024-04-14,HDWF1,1.8655223547928017,Baseload
2024-04-21,HDWF1,-1.683310018367493,Baseload
2024-04-28,HDWF1,-19.53401005873095,Baseload
2024-05-05,HDWF1,-7.914512122668327,Baseload
2024-05-12,HDWF1,-3.6435885665613057,Baseload
2024-05-19,HDWF1,-15.391985919128928,Baseload
2024-05-26,HDWF1,0.17771156228346285,Baseload
2024-06-02,HDWF1,-66.04232753443966,Baseload
2024-06-09,HDWF1,-9.560639415483678,Baseload
2024-06-16,HDWF1,-65.29199118692863,Baseload
2024-06-23,HDWF1,-48.08286739438023,Baseload
2024-06-30,HDWF1,-24.704679032136895,Baseload
2024-07-07,HDWF1,-38.5705129850181,Baseload
2024-07-14,HDWF1,-33.71989506253436,Baseload
2024-07-21,HDWF1,-84.85650744148225,Baseload
2024-07-28,HDWF1,-191.70028534700015,Baseload
2024-08-04,HDWF1,-140.31694308704886,Baseload
2024-08-11,HDWF1,-343.392267419889,Baseload
2024-08-18,HDWF1,-18.21943462585496,Baseload
2024-08-25,HDWF1,-24.78167071524638,Baseload
2024-09-01,HDWF1,-23.336496306097374,Baseload
2024-09-08,HDWF1,-31.225260974438665,Baseload
2024-09-15,HDWF1,-22.055828676934325,Baseload
2024-09-22,HDWF1,-24.017998815452025,Baseload
2024-09-29,HDWF1,-231.66477059429704,Baseload
2024-10-06,HDWF1,-14.773365626259867,Baseload
2024-10-13,HDWF1,-10.585715715299061,Baseload
2024-10-20,HDWF1,-20.168005707376707,Baseload
2024-10-27,HDWF1,-50.17699482861393,Baseload
2024-11-03,HDWF1,-1.018267385571292,Baseload
2024-11-10,HDWF1,-21.937287438203224,Baseload
2024-11-17,HDWF1,-27.401931749767286,Baseload
2024-11-24,HDWF1,6.995242609733211,Baseload
2024-12-01,HDWF1,-40.07732292897862,Baseload
2024-12-08,HDWF1,-44.962289858951905,Baseload
2024-12-15,HDWF1,-3.8616898207863386,Baseload
2024-12-22,HDWF1,-4.666121999581261,Baseload
2024-12-29,HDWF1,-11.93814176417768,Baseload
2025-01-05,HDWF1,17.257949540217055,Baseload
2020-01-05,HDWF2,-8.168833197953951,Baseload
2020-01-12,HDWF2,-3.8287190954104062,Baseload
2020-01-19,HDWF2,-6.124528719390035,Baseload
2020-01-26,HDWF2,-13.096370113321964,Baseload
2020-02-02,HDWF2,-8.209633689265615,Baseload
2020-02-09,HDWF2,-19.541976619676465,Baseload
2020-02-16,HDWF2,-62.907102021596344,Baseload
2020-02-23,HDWF2,-36.1863382671161,Baseload
2020-03-01,HDWF2,-23.49586939293891,Baseload
2020-03-08,HDWF2,-59.51853322624467,Baseload
2020-03-15,HDWF2,-4.742099645712134,Baseload
2020-03-22,HDWF2,-3.3821367863780765,Baseload
2020-03-29,HDWF2,-3.8047336723980294,Baseload
2020-04-05,HDWF2,-18.087642541439102,Baseload
2020-04-12,HDWF2,-23.207680926459137,Baseload
2020-04-19,HDWF2,-11.178541816104214,Baseload
2020-04-26,HDWF2,-12.95292990683668,Baseload
2020-05-03,HDWF2,-7.476313664304648,Baseload
2020-05-10,HDWF2,-11.164450856870863,Baseload
2020-05-17,HDWF2,-1.1156534651321905,Baseload
2020-05-24,HDWF2,-4.365869683256868,Baseload
2020-05-31,HDWF2,-11.08936098726435,Baseload
2020-06-07,HDWF2,-9.784344734427926,Baseload
2020-06-14,HDWF2,-28.163395712506293,Baseload
2020-06-21,HDWF2,-8.333425937925671,Baseload
2020-06-28,HDWF2,-9.97695689063243,Baseload
2020-07-05,HDWF2,-5.367319500639688,Baseload
2020-07-12,HDWF2,-9.761983744187347,Baseload
2020-07-19,HDWF2,-20.158150326901335,Baseload
2020-07-26,HDWF2,-14.334988189536553,Baseload
2020-08-02,HDWF2,-5.769060411683753,Baseload
2020-08-09,HDWF2,-6.143698492658238,Baseload
2020-08-16,HDWF2,-8.18782392493236,Baseload
2020-08-23,HDWF2,-4.201463296615479,Baseload
2020-08-30,HDWF2,-49.91676628569253,Baseload
2020-09-06,HDWF2,-19.8019849842785,Baseload
2020-09-13,HDWF2,-12.01308849348445,Baseload
2020-09-20,HDWF2,-17.56204899685291,Baseload
2020-09-27,HDWF2,-18.743448558761397,Baseload
2020-10-04,HDWF2,-13.426250118430373,Baseload
2020-10-11,HDWF2,-22.464244066306993,Baseload
2020-10-18,HDWF2,-6.237316460087193,Baseload
2020-10-25,HDWF2,-20.91701417297561,Baseload
2020-11-01,HDWF2,-17.964937078076503,Baseload
2020-11-08,HDWF2,-11.97197996456218,Baseload
2020-11-15,HDWF2,-4.655599459512786,Baseload
2020-11-22,HDWF2,-9.215529901165848,Baseload
2020-11-29,HDWF2,-9.369536058680524,Baseload
2020-12-06,HDWF2,-22.715959972725457,Baseload
2020-12-13,HDWF2,-15.886621735781322,Baseload
2020-12-20,HDWF2,-7.213547277470759,Baseload
2020-12-27,HDWF2,-9.380389568930754,Baseload
2021-01-03,HDWF2,-4.536139699478085,Baseload
2021-01-10,HDWF2,-7.422960045520702,Baseload
2021-01-17,HDWF2,-12.820550618609335,Baseload
2021-01-24,HDWF2,-14.066198886807669,Baseload
2021-01-31,HDWF2,-10.596248115022089,Baseload
2021-02-07,HDWF2,-12.502990238221557,Baseload
2021-02-14,HDWF2,0.07672224809468631,Baseload
2021-02-21,HDWF2,-10.124942915276304,Baseload
2021-02-28,HDWF2,-11.465423548009522,Baseload
2021-03-07,HDWF2,-7.22499049094354,Baseload
2021-03-14,HDWF2,-187.39797342062286,Baseload
2021-03-21,HDWF2,-13.90370449286177,Baseload
2021-03-28,HDWF2,-21.315470325510834,Baseload
2021-04-04,HDWF2,2.2624348133972347,Baseload
2021-04-11,HDWF2,-24.053583583768887,Baseload
2021-04-18,HDWF2,-25.590297159057236,Baseload
2021-04-25,HDWF2,-14.273462653652388,Baseload
2021-05-02,HDWF2,-23.24217526136352,Baseload
2021-05-09,HDWF2,-14.679107113014929,Baseload
2021-05-16,HDWF2,-21.714601037647043,Baseload
2021-05-23,HDWF2,-64.28597351489917,Baseload
2021-05-30,HDWF2,-24.734185875673262,Baseload
2021-06-06,HDWF2,-28.23798149947158,Baseload
2021-06-13,HDWF2,-28.817325492786352,Baseload
2021-06-20,HDWF2,-16.936941265604602,Baseload
2021-06-27,HDWF2,-11.872788557983327,Baseload
2021-07-04,HDWF2,-10.307930878014787,Baseload
2021-07-11,HDWF2,-46.23096854828762,Baseload
2021-07-18,HDWF2,-21.22443495628763,Baseload
2021-07-25,HDWF2,-15.17274945334627,Baseload
2021-08-01,HDWF2,-24.63361806900368,Baseload
2021-08-08,HDWF2,-19.49699586804281,Baseload
2021-08-15,HDWF2,-15.703285591404292,Baseload
2021-08-22,HDWF2,-27.374923226131003,Baseload
2021-08-29,HDWF2,-22.771060350325413,Baseload
2021-09-05,HDWF2,-27.41794839811355,Baseload
2021-09-12,HDWF2,-23.982577108346103,Baseload
2021-09-19,HDWF2,-12.584980357702191,Baseload
2021-09-26,HDWF2,-14.254871447542946,Baseload
2021-10-03,HDWF2,-12.376321998147441,Baseload
2021-10-10,HDWF2,-17.44575379006179,Baseload
2021-10-17,HDWF2,-16.888748205296128,Baseload
2021-10-24,HDWF2,-4.198770664331269,Baseload
2021-10-31,HDWF2,-30.511359546427567,Baseload
2021-11-07,HDWF2,-13.006004730205252,Baseload
2021-11-14,HDWF2,-13.087094127382587,Baseload
2021-11-21,HDWF2,-39.12956488752018,Baseload
2021-11-28,HDWF2,-15.87363716491161,Baseload
2021-12-05,HDWF2,-16.402748224842156,Baseload
2021-12-12,HDWF2,-10.48352140145019,Baseload
2021-12-19,HDWF2,-67.18305023683232,Baseload
2021-12-26,HDWF2,1.7779484375227526,Baseload
2022-01-02,HDWF2,-103.88127083387525,Baseload
2022-01-09,HDWF2,-4.731902518629298,Baseload
2022-01-16,HDWF2,-70.53049358729808,Baseload
2022-01-23,HDWF2,-7.646711154034623,Baseload
2022-01-30,HDWF2,-34.58391287637626,Baseload
2022-02-06,HDWF2,-54.94706352535829,Baseload
2022-02-13,HDWF2,-4.723561251973102,Baseload
2022-02-20,HDWF2,-9.24002918994509,Baseload
2022-02-27,HDWF2,0.2721461862933978,Baseload
2022-03-06,HDWF2,-32.80836208533914,Baseload
2022-03-13,HDWF2,1.002795141176236,Baseload
2022-03-20,HDWF2,-25.717318409827186,Baseload
2022-03-27,HDWF2,-5.779820679375675,Baseload
2022-04-03,HDWF2,-47.439047189090495,Baseload
2022-04-10,HDWF2,-19.016297395402006,Baseload
2022-04-17,HDWF2,-18.471321856409432,Baseload
2022-04-24,HDWF2,-44.01920341992967,Baseload
2022-05-01,HDWF2,-45.266555427402366,Baseload
2022-05-08,HDWF2,-21.722754055259884,Baseload
2022-05-15,HDWF2,-109.22656725114592,Baseload
2022-05-22,HDWF2,-138.59270845378362,Baseload
2022-05-29,HDWF2,-71.51758837038207,Baseload
2022-06-05,HDWF2,-89.53114300209955,Baseload
2022-06-12,HDWF2,-43.899424179999016,Baseload
2022-06-19,HDWF2,-69.3257642808417,Baseload
2022-06-26,HDWF2,-56.166739480063114,Baseload
2022-07-03,HDWF2,-15.678643136914673,Baseload
2022-07-10,HDWF2,-121.84365098242188,Baseload
2022-07-17,HDWF2,-164.17374091909755,Baseload
2022-07-24,HDWF2,-96.49622836612792,Baseload
2022-07-31,HDWF2,-147.32056064943328,Baseload
2022-08-07,HDWF2,-34.748473264042076,Baseload
2022-08-14,HDWF2,-31.27139924831542,Baseload
2022-08-21,HDWF2,-38.08809943731107,Baseload
2022-08-28,HDWF2,-222.70899409201755,Baseload
2022-09-04,HDWF2,-75.63075564587035,Baseload
2022-09-11,HDWF2,-86.15616068401326,Baseload
2022-09-18,HDWF2,-56.17922216171421,Baseload
2022-09-25,HDWF2,-38.349623159499515,Baseload
2022-10-02,HDWF2,15.45895005466663,Baseload
2022-10-09,HDWF2,-28.895796656090027,Baseload
2022-10-16,HDWF2,-57.86155304603231,Baseload
2022-10-23,HDWF2,-36.07784821253033,Baseload
2022-10-30,HDWF2,-34.347546361813556,Baseload
2022-11-06,HDWF2,-23.558818331012418,Baseload
2022-11-13,HDWF2,-60.422343787545344,Baseload
2022-11-20,HDWF2,-85.25922841311788,Baseload
2022-11-27,HDWF2,-50.158764384667066,Baseload
2022-12-04,HDWF2,21.36764260527164,Baseload
2022-12-11,HDWF2,-11.201043770639941,Baseload
2022-12-18,HDWF2,3.5218334618499405,Baseload
2022-12-25,HDWF2,-19.52382966077369,Baseload
2023-01-01,HDWF2,1.5627611967293262,Baseload
2023-01-08,HDWF2,-19.246723361963678,Baseload
2023-01-15,HDWF2,0.6921840477329226,Baseload
2023-01-22,HDWF2,2.6963451042431146,Baseload
2023-01-29,HDWF2,-14.049884986606102,Baseload
2023-02-05,HDWF2,-27.70005483560671,Baseload
2023-02-12,HDWF2,-29.768608305543765,Baseload
2023-02-19,HDWF2,-79.95021128530554,Baseload
2023-02-26,HDWF2,-27.996570650389124,Baseload
2023-03-05,HDWF2,-5.1588949632550865,Baseload
2023-03-12,HDWF2,-15.345812565682191,Baseload
2023-03-19,HDWF2,-18.717225240266444,Baseload
2023-03-26,HDWF2,-12.524275619883404,Baseload
2023-04-02,HDWF2,-18.84289559441811,Baseload
2023-04-09,HDWF2,-22.553105202292826,Baseload
2023-04-16,HDWF2,-18.97816461937547,Baseload
2023-04-23,HDWF2,-15.211233104386693,Baseload
2023-04-30,HDWF2,-64.6648297758581,Baseload
2023-05-07,HDWF2,-207.31734884217545,Baseload
2023-05-14,HDWF2,-40.79929185503735,Baseload
2023-05-21,HDWF2,-54.97227540228775,Baseload
2023-05-28,HDWF2,-75.56432521708413,Baseload
2023-06-04,HDWF2,-62.17144411559302,Baseload
2023-06-11,HDWF2,-31.210319548131615,Baseload
2023-06-18,HDWF2,-15.155252661072874,Baseload
2023-06-25,HDWF2,-22.975776988496882,Baseload
2023-07-02,HDWF2,-70.65735760433004,Baseload
2023-07-09,HDWF2,-51.69944672302623,Baseload
2023-07-16,HDWF2,-55.584823794199515,Baseload
2023-07-23,HDWF2,-31.652603383633974,Baseload
2023-07-30,HDWF2,-32.78859793089608,Baseload
2023-08-06,HDWF2,-93.11474754573474,Baseload
2023-08-13,HDWF2,-260.28867104269705,Baseload
2023-08-20,HDWF2,-48.687607788746206,Baseload
2023-08-27,HDWF2,-33.49590073053658,Baseload
2023-09-03,HDWF2,-69.11040099851209,Baseload
2023-09-10,HDWF2,-34.44762453815593,Baseload
2023-09-17,HDWF2,-31.511867091795757,Baseload
2023-09-24,HDWF2,-9.575700193075388,Baseload
2023-10-01,HDWF2,-19.546762936302706,Baseload
2023-10-08,HDWF2,-5.747697648406547,Baseload
2023-10-15,HDWF2,-6.99105569563385,Baseload
2023-10-22,HDWF2,-21.38388686103956,Baseload
2023-10-29,HDWF2,-18.58867346814632,Baseload
2023-11-05,HDWF2,12.285453746317405,Baseload
2023-11-12,HDWF2,-14.189309450684057,Baseload
2023-11-19,HDWF2,11.663363188056628,Baseload
2023-11-26,HDWF2,-8.88242144861001,Baseload
2023-12-03,HDWF2,-5.786425416999798,Baseload
2023-12-10,HDWF2,5.603069701211098,Baseload
2023-12-17,HDWF2,-25.55197146050422,Baseload
2023-12-24,HDWF2,-9.658007961736374,Baseload
2023-12-31,HDWF2,-3.224270424291753,Baseload
2024-01-07,HDWF2,3.419224805748165,Baseload
2024-01-14,HDWF2,-5.989431024682123,Baseload
2024-01-21,HDWF2,-8.246553652028144,Baseload
2024-01-28,HDWF2,-32.912145364663814,Baseload
2024-02-04,HDWF2,4.2511122164719595,Baseload
2024-02-11,HDWF2,9.887957156565456,Baseload
2024-02-18,HDWF2,-2.851836079146068,Baseload
2024-02-25,HDWF2,-63.275697740499204,Baseload
2024-03-03,HDWF2,-28.182280432436784,Baseload
2024-03-10,HDWF2,-21.810287355349047,Baseload
2024-03-17,HDWF2,-45.78214617051999,Baseload
2024-03-24,HDWF2,3.783367361280419,Baseload
2024-03-31,HDWF2,3.8689097530244894,Baseload
2024-04-07,HDWF2,-17.56922423140042,Baseload
2024-04-14,HDWF2,2.900144136228036,Baseload
2024-04-21,HDWF2,-1.6141735977338953,Baseload
2024-04-28,HDWF2,-24.055939126789262,Baseload
2024-05-05,HDWF2,-10.96506564136051,Baseload
2024-05-12,HDWF2,-3.2565733732866704,Baseload
2024-05-19,HDWF2,-18.809337848454945,Baseload
2024-05-26,HDWF2,-0.6039718719588905,Baseload
2024-06-02,HDWF2,-69.80543141045608,Baseload
2024-06-09,HDWF2,-3.836881663580783,Baseload
2024-06-16,HDWF2,-64.30093299012816,Baseload
2024-06-23,HDWF2,-53.02667943581906,Baseload
2024-06-30,HDWF2,-26.202549968253408,Baseload
2024-07-07,HDWF2,-44.856664132631806,Baseload
2024-07-14,HDWF2,-42.004388354472894,Baseload
2024-07-21,HDWF2,-88.16243336973002,Baseload
2024-07-28,HDWF2,-197.68587297008577,Baseload
2024-08-04,HDWF2,-134.2008276596548,Baseload
2024-08-11,HDWF2,-341.2355548437251,Baseload
2024-08-18,HDWF2,-20.46042180449473,Baseload
2024-08-25,HDWF2,-28.689664125295856,Baseload
2024-09-01,HDWF2,-25.917172281076013,Baseload
2024-09-08,HDWF2,-34.36734670661633,Baseload
2024-09-15,HDWF2,-22.801471004755555,Baseload
2024-09-22,HDWF2,-25.1001361829815,Baseload
2024-09-29,HDWF2,-232.0293918373466,Baseload
2024-10-06,HDWF2,-15.361255050654856,Baseload
2024-10-13,HDWF2,-7.666179680353723,Baseload
2024-10-20,HDWF2,-22.435634344752618,Baseload
2024-10-27,HDWF2,-61.516712685165125,Baseload
2024-11-03,HDWF2,0.7115350586301687,Baseload
2024-11-10,HDWF2,-21.421947616094723,Baseload
2024-11-17,HDWF2,-33.82532503022004,Baseload
2024-11-24,HDWF2,5.095894140467934,Baseload
2024-12-01,HDWF2,-43.679707996618404,Baseload
2024-12-08,HDWF2,-43.89046518936384,Baseload
2024-12-15,HDWF2,-1.6058021480530584,Baseload
2024-12-22,HDWF2,-11.001472459699176,Baseload
2024-12-29,HDWF2,-12.735039677506235,Baseload
2025-01-05,HDWF2,11.01709251819922,Baseload
2020-01-05,HDWF3,-8.7036940373535,Baseload
2020-01-12,HDWF3,-3.369998332771033,Baseload
2020-01-19,HDWF3,-5.415138967471506,Baseload
2020-01-26,HDWF3,-13.045454668872896,Baseload
2020-02-02,HDWF3,0.7575633492174063,Baseload
2020-02-09,HDWF3,-18.795370939583968,Baseload
2020-02-16,HDWF3,-61.11316879249945,Baseload
2020-02-23,HDWF3,-37.30834442563341,Baseload
2020-03-01,HDWF3,-24.22375788902511,Baseload
2020-03-08,HDWF3,-59.34173530805219,Baseload
2020-03-15,HDWF3,-5.246737846101837,Baseload
2020-03-22,HDWF3,-3.1610156621417786,Baseload
2020-03-29,HDWF3,-4.094717848551689,Baseload
2020-04-05,HDWF3,-18.707834354198905,Baseload
2020-04-12,HDWF3,-24.08770902846667,Baseload
2020-04-19,HDWF3,-11.12882939782645,Baseload
2020-04-26,HDWF3,-12.374539826177811,Baseload
2020-05-03,HDWF3,-7.222104492196312,Baseload
2020-05-10,HDWF3,-11.062820027036615,Baseload
2020-05-17,HDWF3,-1.2102510757062817,Baseload
2020-05-24,HDWF3,-4.297596101926828,Baseload
2020-05-31,HDWF3,-10.934062200870684,Baseload
2020-06-07,HDWF3,-9.65687495723904,Baseload
2020-06-14,HDWF3,-28.681137040571933,Baseload
2020-06-21,HDWF3,-8.0672167696634,Baseload
2020-06-28,HDWF3,-9.562766706918936,Baseload
2020-07-05,HDWF3,-4.896750836230055,Baseload
2020-07-12,HDWF3,-8.97536604495744,Baseload
2020-07-19,HDWF3,-19.93318268033355,Baseload
2020-07-26,HDWF3,-12.948477038211486,Baseload
2020-08-02,HDWF3,-4.43931038787354,Baseload
2020-08-09,HDWF3,-5.834169885896351,Baseload
2020-08-16,HDWF3,-7.781920647393534,Baseload
2020-08-23,HDWF3,-4.194996035904129,Baseload
2020-08-30,HDWF3,-51.55541537614247,Baseload
2020-09-06,HDWF3,-19.58416763325732,Baseload
2020-09-13,HDWF3,-12.465065191542841,Baseload
2020-09-20,HDWF3,-17.565165609358605,Baseload
2020-09-27,HDWF3,-18.10559503028254,Baseload
2020-10-04,HDWF3,-13.122278408817971,Baseload
2020-10-11,HDWF3,-23.222177635596005,Baseload
2020-10-18,HDWF3,-6.461469050653221,Baseload
2020-10-25,HDWF3,-21.744259339327428,Baseload
2020-11-01,HDWF3,-17.917372564047998,Baseload
2020-11-08,HDWF3,-11.776082122174515,Baseload
2020-11-15,HDWF3,-4.757166377759049,Baseload
2020-11-22,HDWF3,-10.912368393177026,Baseload
2020-11-29,HDWF3,-9.141174089999119,Baseload
2020-12-06,HDWF3,-24.648379805698806,Baseload
2020-12-13,HDWF3,-15.371793439378244,Baseload
2020-12-20,HDWF3,-7.155216766075949,Baseload
2020-12-27,HDWF3,-9.40616354433851,Baseload
2021-01-03,HDWF3,-4.997174768215436,Baseload
2021-01-10,HDWF3,-6.452838713644444,Baseload
2021-01-17,HDWF3,-12.786347497436752,Baseload
2021-01-24,HDWF3,-14.694068414659803,Baseload
2021-01-31,HDWF3,-8.456161318823188,Baseload
2021-02-07,HDWF3,-13.036370006640476,Baseload
2021-02-14,HDWF3,0.6538540521815577,Baseload
2021-02-21,HDWF3,-9.407946950597612,Baseload
2021-02-28,HDWF3,-14.324071450468995,Baseload
2021-03-07,HDWF3,-7.627646630867311,Baseload
2021-03-14,HDWF3,-193.2109209145115,Baseload
2021-03-21,HDWF3,-15.606945451549063,Baseload
2021-03-28,HDWF3,-21.472733171441657,Baseload
2021-04-04,HDWF3,2.6662157686789953,Baseload
2021-04-11,HDWF3,-24.320603106160924,Baseload
2021-04-18,HDWF3,-26.755839202043134,Baseload
2021-04-25,HDWF3,-13.817294790751816,Baseload
2021-05-02,HDWF3,-26.21920045161405,Baseload
2021-05-09,HDWF3,-13.623541015108117,Baseload
2021-05-16,HDWF3,-21.936094580197462,Baseload
2021-05-23,HDWF3,-68.27488830841698,Baseload
2021-05-30,HDWF3,-23.21590580391006,Baseload
2021-06-06,HDWF3,-27.419342389198995,Baseload
2021-06-13,HDWF3,-28.777752856246423,Baseload
2021-06-20,HDWF3,-15.572722488133664,Baseload
2021-06-27,HDWF3,-10.488986200867672,Baseload
2021-07-04,HDWF3,-9.347570822594022,Baseload
2021-07-11,HDWF3,-46.63503007066004,Baseload
2021-07-18,HDWF3,-20.461969837566393,Baseload
2021-07-25,HDWF3,-14.65252807855272,Baseload
2021-08-01,HDWF3,-24.52515209462944,Baseload
2021-08-08,HDWF3,-17.43692022248672,Baseload
2021-08-15,HDWF3,-15.676748887102743,Baseload
2021-08-22,HDWF3,-27.151041523651323,Baseload
2021-08-29,HDWF3,-24.207451856585017,Baseload
2021-09-05,HDWF3,-25.611359240716787,Baseload
2021-09-12,HDWF3,-25.04476952124899,Baseload
2021-09-19,HDWF3,-15.730679447613422,Baseload
2021-09-26,HDWF3,-14.665702316484923,Baseload
2021-10-03,HDWF3,-13.11531160606515,Baseload
2021-10-10,HDWF3,-17.927694410762463,Baseload
2021-10-17,HDWF3,-17.68933578534276,Baseload
2021-10-24,HDWF3,-5.396220353106293,Baseload
2021-10-31,HDWF3,-29.54915082249241,Baseload
2021-11-07,HDWF3,-12.132365920430473,Baseload
2021-11-14,HDWF3,-14.03619387035247,Baseload
2021-11-21,HDWF3,-37.96709782998739,Baseload
2021-11-28,HDWF3,-15.432651605230134,Baseload
2021-12-05,HDWF3,-16.844452008906636,Baseload
2021-12-12,HDWF3,-9.489337362013757,Baseload
2021-12-19,HDWF3,-63.71464342497134,Baseload
2021-12-26,HDWF3,4.08856186080337,Baseload
2022-01-02,HDWF3,-103.68596853444576,Baseload
2022-01-09,HDWF3,-4.122152996178379,Baseload
2022-01-16,HDWF3,-73.22388652006802,Baseload
2022-01-23,HDWF3,-7.535938350252618,Baseload
2022-01-30,HDWF3,-33.099426609289665,Baseload
2022-02-06,HDWF3,-55.31045379374318,Baseload
2022-02-13,HDWF3,-4.31404686881632,Baseload
2022-02-20,HDWF3,-8.846525930286873,Baseload
2022-02-27,HDWF3,0.487239421342025,Baseload
2022-03-06,HDWF3,-32.42506247266147,Baseload
2022-03-13,HDWF3,-1.3014874959536904,Baseload
2022-03-20,HDWF3,-23.52702302912202,Baseload
2022-03-27,HDWF3,-6.127003551843572,Baseload
2022-04-03,HDWF3,-44.50104589122074,Baseload
2022-04-10,HDWF3,-17.569176351379696,Baseload
2022-04-17,HDWF3,-20.356971207961323,Baseload
2022-04-24,HDWF3,-42.731740913090235,Baseload
2022-05-01,HDWF3,-44.432562517878466,Baseload
2022-05-08,HDWF3,-18.46580171894064,Baseload
2022-05-15,HDWF3,-109.4752132047505,Baseload
2022-05-22,HDWF3,-134.6839214890848,Baseload
2022-05-29,HDWF3,-69.15424470687913,Baseload
2022-06-05,HDWF3,-90.57467348752073,Baseload
2022-06-12,HDWF3,-42.049587609872844,Baseload
2022-06-19,HDWF3,-70.26106863140876,Baseload
2022-06-26,HDWF3,-52.087189224970786,Baseload
2022-07-03,HDWF3,-13.865578732812821,Baseload
2022-07-10,HDWF3,-116.92697080165766,Baseload
2022-07-17,HDWF3,-160.0419073055906,Baseload
2022-07-24,HDWF3,-89.59719854779257,Baseload
2022-07-31,HDWF3,-139.72903388428392,Baseload
2022-08-07,HDWF3,-31.920363426056852,Baseload
2022-08-14,HDWF3,-31.138726769444247,Baseload
2022-08-21,HDWF3,-37.60174436663888,Baseload
2022-08-28,HDWF3,-225.79105070331352,Baseload
2022-09-04,HDWF3,-71.26094360898821,Baseload
2022-09-11,HDWF3,-89.52466383657358,Baseload
2022-09-18,HDWF3,-57.566541091934454,Baseload
2022-09-25,HDWF3,-40.106720170915224,Baseload
2022-10-02,HDWF3,15.886695424756525,Baseload
2022-10-09,HDWF3,-29.577913518849797,Baseload
2022-10-16,HDWF3,-57.509355154879884,Baseload
2022-10-23,HDWF3,-38.07147830688392,Baseload
2022-10-30,HDWF3,-30.950952958793238,Baseload
2022-11-06,HDWF3,-26.952344112304473,Baseload
2022-11-13,HDWF3,-55.90412449085594,Baseload
2022-11-20,HDWF3,-81.77584213967795,Baseload
2022-11-27,HDWF3,-51.09544007402586,Baseload
2022-12-04,HDWF3,22.9939279489231,Baseload
2022-12-11,HDWF3,-13.268549439334478,Baseload
2022-12-18,HDWF3,2.7583242477736523,Baseload
2022-12-25,HDWF3,-21.940925812443652,Baseload
2023-01-01,HDWF3,1.7585115234493642,Baseload
2023-01-08,HDWF3,-17.920739746513647,Baseload
2023-01-15,HDWF3,0.5391421005631116,Baseload
2023-01-22,HDWF3,2.0398606766969323,Baseload
2023-01-29,HDWF3,-15.614568134424843,Baseload
2023-02-05,HDWF3,-27.712361228775322,Baseload
2023-02-12,HDWF3,-32.51472530044864,Baseload
2023-02-19,HDWF3,-80.11817733303555,Baseload
2023-02-26,HDWF3,-26.181261111834566,Baseload
2023-03-05,HDWF3,-5.086922738106068,Baseload
2023-03-12,HDWF3,-17.51497130653894,Baseload
2023-03-19,HDWF3,-20.1582841636927,Baseload
2023-03-26,HDWF3,-13.50167611260433,Baseload
2023-04-02,HDWF3,-18.20100661849544,Baseload
2023-04-09,HDWF3,-26.275526230547143,Baseload
2023-04-16,HDWF3,-19.71468022758564,Baseload
2023-04-23,HDWF3,-15.34275274600516,Baseload
2023-04-30,HDWF3,-63.00413249629327,Baseload
2023-05-07,HDWF3,-208.98536162350845,Baseload
2023-05-14,HDWF3,-38.98940686941714,Baseload
2023-05-21,HDWF3,-62.58202928506951,Baseload
2023-05-28,HDWF3,-73.47327987129742,Baseload
2023-06-04,HDWF3,-59.073898779179814,Baseload
2023-06-11,HDWF3,-32.670993611202874,Baseload
2023-06-18,HDWF3,-13.537364558241851,Baseload
2023-06-25,HDWF3,-24.708935215371447,Baseload
2023-07-02,HDWF3,-70.57747421502626,Baseload
2023-07-09,HDWF3,-50.79091072980818,Baseload
2023-07-16,HDWF3,-52.097122131686966,Baseload
2023-07-23,HDWF3,-31.74567457477834,Baseload
2023-07-30,HDWF3,-32.15603990377528,Baseload
2023-08-06,HDWF3,-91.76258252739225,Baseload
2023-08-13,HDWF3,-261.04069948165215,Baseload
2023-08-20,HDWF3,-50.7750421547199,Baseload
2023-08-27,HDWF3,-33.317121592719964,Baseload
2023-09-03,HDWF3,-66.89063624717849,Baseload
2023-09-10,HDWF3,-33.72808046044345,Baseload
2023-09-17,HDWF3,-31.5915544267459,Baseload
2023-09-24,HDWF3,-11.483724374163156,Baseload
2023-10-01,HDWF3,-17.766230860453767,Baseload
2023-10-08,HDWF3,-5.862294256308118,Baseload
2023-10-15,HDWF3,-8.812492490723116,Baseload
2023-10-22,HDWF3,-22.499227544145036,Baseload
2023-10-29,HDWF3,-17.99225772549546,Baseload
2023-11-05,HDWF3,11.27353125683836,Baseload
2023-11-12,HDWF3,-14.787471177103157,Baseload
2023-11-19,HDWF3,11.061574500496228,Baseload
2023-11-26,HDWF3,-11.505118296493041,Baseload
2023-12-03,HDWF3,-7.013301051096935,Baseload
2023-12-10,HDWF3,7.033340237127803,Baseload
2023-12-17,HDWF3,-24.706884878785562,Baseload
2023-12-24,HDWF3,-10.183375193470493,Baseload
2023-12-31,HDWF3,-3.5574257354599994,Baseload
2024-01-07,HDWF3,2.856967041486378,Baseload
2024-01-14,HDWF3,-5.669311677804849,Baseload
2024-01-21,HDWF3,-9.122324370084852,Baseload
2024-01-28,HDWF3,-33.69767700574136,Baseload
2024-02-04,HDWF3,2.6698977212253183,Baseload
2024-02-11,HDWF3,9.766615186891642,Baseload
2024-02-18,HDWF3,-6.126308466293416,Baseload
2024-02-25,HDWF3,-60.82225419274434,Baseload
2024-03-03,HDWF3,-30.852544993643427,Baseload
2024-03-10,HDWF3,-20.404315932351743,Baseload
2024-03-17,HDWF3,-44.678222151777504,Baseload
2024-03-24,HDWF3,4.800493369443238,Baseload
2024-03-31,HDWF3,4.302744774659821,Baseload
2024-04-07,HDWF3,-21.22983517211675,Baseload
2024-04-14,HDWF3,3.3670184024562104,Baseload
2024-04-21,HDWF3,-2.0496310538666336,Baseload
2024-04-28,HDWF3,-23.45741976251606,Baseload
2024-05-05,HDWF3,-12.41779686186321,Baseload
2024-05-12,HDWF3,-3.4252724325625934,Baseload
2024-05-19,HDWF3,-16.42221741439262,Baseload
2024-05-26,HDWF3,0.6092045680836975,Baseload
2024-06-02,HDWF3,-68.03738033810785,Baseload
2024-06-09,HDWF3,-5.115689390097032,Baseload
2024-06-16,HDWF3,-66.80060881479397,Baseload
2024-06-23,HDWF3,-51.1972038334047,Baseload
2024-06-30,HDWF3,-25.306766448362694,Baseload
2024-07-07,HDWF3,-43.72432481592378,Baseload
2024-07-14,HDWF3,-37.709111387686704,Baseload
2024-07-21,HDWF3,-87.6494074486507,Baseload
2024-07-28,HDWF3,-197.1563393780043,Baseload
2024-08-04,HDWF3,-158.42362166822528,Baseload
2024-08-11,HDWF3,-344.9587224101536,Baseload
2024-08-18,HDWF3,-20.66260801465534,Baseload
2024-08-25,HDWF3,-25.833666593087173,Baseload
2024-09-01,HDWF3,-24.728749657041213,Baseload
2024-09-08,HDWF3,-33.977021946547524,Baseload
2024-09-15,HDWF3,-24.54916839185537,Baseload
2024-09-22,HDWF3,-26.683252205477014,Baseload
2024-09-29,HDWF3,-232.73444625522183,Baseload
2024-10-06,HDWF3,-15.902914601743799,Baseload
2024-10-13,HDWF3,-10.34832921517467,Baseload
2024-10-20,HDWF3,-22.98617142011706,Baseload
2024-10-27,HDWF3,-58.536585200127604,Baseload
2024-11-03,HDWF3,-2.4637790459771782,Baseload
2024-11-10,HDWF3,-24.564916846951835,Baseload
2024-11-17,HDWF3,-32.88174978811516,Baseload
2024-11-24,HDWF3,3.1333047518113375,Baseload
2024-12-01,HDWF3,-42.60181756183333,Baseload
2024-12-08,HDWF3,-46.961988352189124,Baseload
2024-12-15,HDWF3,-4.953379196386763,Baseload
2024-12-22,HDWF3,-8.662634732022843,Baseload
2024-12-29,HDWF3,-13.972757795633825,Baseload
2025-01-05,HDWF3,8.445223352882621,Baseload
2020-01-05,LGAPWF1,6.858114589610793,Baseload
2020-01-12,LGAPWF1,-1.3117923113811187,Baseload
2020-01-19,LGAPWF1,0.9215200966370105,Baseload
2020-01-26,LGAPWF1,6.397396799359129,Baseload
2020-02-02,LGAPWF1,8.189159390425402,Baseload
2020-02-09,LGAPWF1,-6.809924251448358,Baseload
2020-02-16,LGAPWF1,-19.484890376081495,Baseload
2020-02-23,LGAPWF1,-19.880484959070607,Baseload
2020-03-01,LGAPWF1,-2.768043817706861,Baseload
2020-03-08,LGAPWF1,-32.9136435808458,Baseload
2020-03-15,LGAPWF1,-3.8175610051759286,Baseload
2020-03-22,LGAPWF1,-3.4621536168028015,Baseload
2020-03-29,LGAPWF1,-4.364092234774105,Baseload
2020-04-05,LGAPWF1,-4.483210330055741,Baseload
2020-04-12,LGAPWF1,-7.191066716486269,Baseload
2020-04-19,LGAPWF1,-9.281698182558468,Baseload
2020-04-26,LGAPWF1,-8.51414210520262,Baseload
2020-05-03,LGAPWF1,-5.223888289033287,Baseload
2020-05-10,LGAPWF1,-6.029669110536421,Baseload
2020-05-17,LGAPWF1,-3.2012861555265033,Baseload
2020-05-24,LGAPWF1,-4.0635907478896485,Baseload
2020-05-31,LGAPWF1,-8.95043466864005,Baseload
2020-06-07,LGAPWF1,-5.944250194954506,Baseload
2020-06-14,LGAPWF1,-39.18591752692746,Baseload
2020-06-21,LGAPWF1,-3.942296617746134,Baseload
2020-06-28,LGAPWF1,-9.482476348701965,Baseload
2020-07-05,LGAPWF1,-4.279225260929593,Baseload
2020-07-12,LGAPWF1,-9.741983613250007,Baseload
2020-07-19,LGAPWF1,-13.59456381247685,Baseload
2020-07-26,LGAPWF1,-13.167917271815462,Baseload
2020-08-02,LGAPWF1,-5.722593202588115,Baseload
2020-08-09,LGAPWF1,-4.459327717212943,Baseload
2020-08-16,LGAPWF1,-6.591241165644185,Baseload
2020-08-23,LGAPWF1,2.352518899451084,Baseload
2020-08-30,LGAPWF1,-25.102896570966724,Baseload
2020-09-06,LGAPWF1,-4.593861419673662,Baseload
2020-09-13,LGAPWF1,12.081100530686882,Baseload
2020-09-20,LGAPWF1,9.697154545997108,Baseload
2020-09-27,LGAPWF1,8.732311323046083,Baseload
2020-10-04,LGAPWF1,-0.2206917972517033,Baseload
2020-10-11,LGAPWF1,-8.970380685624619,Baseload
2020-10-18,LGAPWF1,-5.149754035885309,Baseload
2020-10-25,LGAPWF1,-5.87029631747837,Baseload
2020-11-01,LGAPWF1,-4.750201213931824,Baseload
2020-11-08,LGAPWF1,6.907176229305229,Baseload
2020-11-15,LGAPWF1,2.7927415551787114,Baseload
2020-11-22,LGAPWF1,3.56917155383217,Baseload
2020-11-29,LGAPWF1,-7.110954511054764,Baseload
2020-12-06,LGAPWF1,4.607183793317171,Baseload
2020-12-13,LGAPWF1,18.013952612813306,Baseload
2020-12-20,LGAPWF1,3.17969001129833,Baseload
2020-12-27,LGAPWF1,9.159087737191403,Baseload
2021-01-03,LGAPWF1,9.52672598794665,Baseload
2021-01-10,LGAPWF1,0.8469330227130367,Baseload
2021-01-17,LGAPWF1,8.220907537998158,Baseload
2021-01-24,LGAPWF1,-14.882337312349335,Baseload
2021-01-31,LGAPWF1,4.662746755384294,Baseload
2021-02-07,LGAPWF1,5.709548253404051,Baseload
2021-02-14,LGAPWF1,2.7274023603354642,Baseload
2021-02-21,LGAPWF1,-7.057200893135413,Baseload
2021-02-28,LGAPWF1,18.513927781323325,Baseload
2021-03-07,LGAPWF1,7.942068117359007,Baseload
2021-03-14,LGAPWF1,-136.36593621782782,Baseload
2021-03-21,LGAPWF1,0.568565045152404,Baseload
2021-03-28,LGAPWF1,-0.3491063122752678,Baseload
2021-04-04,LGAPWF1,3.5734113108156293,Baseload
2021-04-11,LGAPWF1,-1.0725010652362492,Baseload
2021-04-18,LGAPWF1,-6.324254310141676,Baseload
2021-04-25,LGAPWF1,2.9875241913715627,Baseload
2021-05-02,LGAPWF1,-12.755920362953816,Baseload
2021-05-09,LGAPWF1,-6.76746036506762,Baseload
2021-05-16,LGAPWF1,-16.829963828769316,Baseload
2021-05-23,LGAPWF1,-58.8091223288187,Baseload
2021-05-30,LGAPWF1,-17.97766616103595,Baseload
2021-06-06,LGAPWF1,-16.678840815489153,Baseload
2021-06-13,LGAPWF1,-12.106596381311526,Baseload
2021-06-20,LGAPWF1,-25.39313616409889,Baseload
2021-06-27,LGAPWF1,-17.178139329014584,Baseload
2021-07-04,LGAPWF1,-9.455506828096958,Baseload
2021-07-11,LGAPWF1,-38.99357933406236,Baseload
2021-07-18,LGAPWF1,-9.466627864000515,Baseload
2021-07-25,LGAPWF1,-13.734565208212516,Baseload
2021-08-01,LGAPWF1,1.499745739554168,Baseload
2021-08-08,LGAPWF1,-19.149816894209565,Baseload
2021-08-15,LGAPWF1,-5.938443707251341,Baseload
2021-08-22,LGAPWF1,-3.6571648887143553,Baseload
2021-08-29,LGAPWF1,-17.471077742564837,Baseload
2021-09-05,LGAPWF1,19.168522338556368,Baseload
2021-09-12,LGAPWF1,11.38418815788927,Baseload
2021-09-19,LGAPWF1,8.857618402145757,Baseload
2021-09-26,LGAPWF1,8.222257685034393,Baseload
2021-10-03,LGAPWF1,6.797879631622298,Baseload
2021-10-10,LGAPWF1,10.852190920029294,Baseload
2021-10-17,LGAPWF1,17.66841449247406,Baseload
2021-10-24,LGAPWF1,22.417418816252443,Baseload
2021-10-31,LGAPWF1,14.319226805645435,Baseload
2021-11-07,LGAPWF1,-1.3021357622162242,Baseload
2021-11-14,LGAPWF1,22.312038497439502,Baseload
2021-11-21,LGAPWF1,-5.096523680402171,Baseload
2021-11-28,LGAPWF1,0.06316473643752829,Baseload
2021-12-05,LGAPWF1,-14.734793030377773,Baseload
2021-12-12,LGAPWF1,2.6126380994956477,Baseload
2021-12-19,LGAPWF1,-8.062529841705668,Baseload
2021-12-26,LGAPWF1,7.670286280012128,Baseload
2022-01-02,LGAPWF1,-87.20406781644553,Baseload
2022-01-09,LGAPWF1,0.17280908970450426,Baseload
2022-01-16,LGAPWF1,-37.14785300365838,Baseload
2022-01-23,LGAPWF1,-2.1165951483323227,Baseload
2022-01-30,LGAPWF1,-27.60394370808153,Baseload
2022-02-06,LGAPWF1,-43.72714449581583,Baseload
2022-02-13,LGAPWF1,7.8653692557084085,Baseload
2022-02-20,LGAPWF1,4.319570931485956,Baseload
2022-02-27,LGAPWF1,5.028047971704339,Baseload
2022-03-06,LGAPWF1,-15.974003188044449,Baseload
2022-03-13,LGAPWF1,5.423808695184938,Baseload
2022-03-20,LGAPWF1,-24.61371266746177,Baseload
2022-03-27,LGAPWF1,2.1029821684631145,Baseload
2022-04-03,LGAPWF1,-11.11192436550705,Baseload
2022-04-10,LGAPWF1,-25.94241099270525,Baseload
2022-04-17,LGAPWF1,-8.222340570033708,Baseload
2022-04-24,LGAPWF1,14.421102486118968,Baseload
2022-05-01,LGAPWF1,-28.800455167097283,Baseload
2022-05-08,LGAPWF1,0.8843092933608432,Baseload
2022-05-15,LGAPWF1,-122.95659574231064,Baseload
2022-05-22,LGAPWF1,-128.1008767053479,Baseload
2022-05-29,LGAPWF1,-62.17268584211553,Baseload
2022-06-05,LGAPWF1,-49.35592906951405,Baseload
2022-06-12,LGAPWF1,11.77999959856561,Baseload
2022-06-19,LGAPWF1,-56.80223830080885,Baseload
2022-06-26,LGAPWF1,-33.88336382734997,Baseload
2022-07-03,LGAPWF1,-24.611581848529056,Baseload
2022-07-10,LGAPWF1,-102.3760130286156,Baseload
2022-07-17,LGAPWF1,-101.60252103077295,Baseload
2022-07-24,LGAPWF1,-51.506834028104095,Baseload
2022-07-31,LGAPWF1,-146.1260681074281,Baseload
2022-08-07,LGAPWF1,-20.346601270760843,Baseload
2022-08-14,LGAPWF1,-31.126683656917308,Baseload
2022-08-21,LGAPWF1,-25.261473126343787,Baseload
2022-08-28,LGAPWF1,-212.36640448634927,Baseload
2022-09-04,LGAPWF1,-9.903245399296452,Baseload
2022-09-11,LGAPWF1,-42.69952543752652,Baseload
2022-09-18,LGAPWF1,-2.1118598677255562,Baseload
2022-09-25,LGAPWF1,-9.808298628032873,Baseload
2022-10-02,LGAPWF1,28.192081827379937,Baseload
2022-10-09,LGAPWF1,-0.2624092975711534,Baseload
2022-10-16,LGAPWF1,-36.49059951003649,Baseload
2022-10-23,LGAPWF1,28.662932711777046,Baseload
2022-10-30,LGAPWF1,-12.702051949055445,Baseload
2022-11-06,LGAPWF1,-8.96734921527537,Baseload
2022-11-13,LGAPWF1,-10.752292468319794,Baseload
2022-11-20,LGAPWF1,-0.641199600112536,Baseload
2022-11-27,LGAPWF1,9.468008599369952,Baseload
2022-12-04,LGAPWF1,27.06828626653453,Baseload
2022-12-11,LGAPWF1,-13.436644886834465,Baseload
2022-12-18,LGAPWF1,15.215805497222556,Baseload
2022-12-25,LGAPWF1,11.843520004001014,Baseload
2023-01-01,LGAPWF1,9.579916598870476,Baseload
2023-01-08,LGAPWF1,-5.815500427426651,Baseload
2023-01-15,LGAPWF1,-11.167745873660394,Baseload
2023-01-22,LGAPWF1,4.47617905532293,Baseload
2023-01-29,LGAPWF1,-18.10367343520842,Baseload
2023-02-05,LGAPWF1,19.090088013344563,Baseload
2023-02-12,LGAPWF1,13.892795615568403,Baseload
2023-02-19,LGAPWF1,-74.37481971661572,Baseload
2023-02-26,LGAPWF1,-27.24926454623465,Baseload
2023-03-05,LGAPWF1,5.356871772633525,Baseload
2023-03-12,LGAPWF1,1.0467390589222205,Baseload
2023-03-19,LGAPWF1,13.131427668512643,Baseload
2023-03-26,LGAPWF1,2.549070052239628,Baseload
2023-04-02,LGAPWF1,-1.6169997734199342,Baseload
2023-04-09,LGAPWF1,-3.745210284478418,Baseload
2023-04-16,LGAPWF1,-1.999733371189322,Baseload
2023-04-23,LGAPWF1,4.285860211466414,Baseload
2023-04-30,LGAPWF1,-49.18090765563603,Baseload
2023-05-07,LGAPWF1,-166.09844635360426,Baseload
2023-05-14,LGAPWF1,-18.20563982420296,Baseload
2023-05-21,LGAPWF1,-21.737468595631242,Baseload
2023-05-28,LGAPWF1,-61.40365665152218,Baseload
2023-06-04,LGAPWF1,-54.202175425735746,Baseload
2023-06-11,LGAPWF1,-27.74458690896204,Baseload
2023-06-18,LGAPWF1,-6.766045596368918,Baseload
2023-06-25,LGAPWF1,-10.219148022225752,Baseload
2023-07-02,LGAPWF1,-4.485695544048696,Baseload
2023-07-09,LGAPWF1,-42.51307504568682,Baseload
2023-07-16,LGAPWF1,-38.13681350202488,Baseload
2023-07-23,LGAPWF1,-17.741905520733866,Baseload
2023-07-30,LGAPWF1,-21.97058561579989,Baseload
2023-08-06,LGAPWF1,-35.989882756597254,Baseload
2023-08-13,LGAPWF1,-164.5089759722171,Baseload
2023-08-20,LGAPWF1,-33.50556327225165,Baseload
2023-08-27,LGAPWF1,-8.681733990885604,Baseload
2023-09-03,LGAPWF1,-29.58418172467279,Baseload
2023-09-10,LGAPWF1,-6.525026575611001,Baseload
2023-09-17,LGAPWF1,-9.886317745748684,Baseload
2023-09-24,LGAPWF1,14.57836996393921,Baseload
2023-10-01,LGAPWF1,7.177830991640654,Baseload
2023-10-08,LGAPWF1,16.512510614897934,Baseload
2023-10-15,LGAPWF1,2.2100407896144354,Baseload
2023-10-22,LGAPWF1,-1.479369245054965,Baseload
2023-10-29,LGAPWF1,24.85956349195045,Baseload
2023-11-05,LGAPWF1,28.701816271127438,Baseload
2023-11-12,LGAPWF1,17.28386217073917,Baseload
2023-11-19,LGAPWF1,33.76907459791449,Baseload
2023-11-26,LGAPWF1,20.843174787460015,Baseload
2023-12-03,LGAPWF1,24.581899521057096,Baseload
2023-12-10,LGAPWF1,18.826273422883546,Baseload
2023-12-17,LGAPWF1,14.677306382186835,Baseload
2023-12-24,LGAPWF1,29.396096174328736,Baseload
2023-12-31,LGAPWF1,21.47857749137273,Baseload
2024-01-07,LGAPWF1,19.333735301926936,Baseload
2024-01-14,LGAPWF1,20.19830256907052,Baseload
2024-01-21,LGAPWF1,16.87800404284686,Baseload
2024-01-28,LGAPWF1,9.824011552558197,Baseload
2024-02-04,LGAPWF1,11.897157920708004,Baseload
2024-02-11,LGAPWF1,22.71064735058734,Baseload
2024-02-18,LGAPWF1,18.87891611644156,Baseload
2024-02-25,LGAPWF1,-59.84927806874491,Baseload
2024-03-03,LGAPWF1,2.2602827984164975,Baseload
2024-03-10,LGAPWF1,-14.998795073730335,Baseload
2024-03-17,LGAPWF1,-31.775703570113933,Baseload
2024-03-24,LGAPWF1,12.638047635434916,Baseload
2024-03-31,LGAPWF1,21.687542203831363,Baseload
2024-04-07,LGAPWF1,-0.9626256450331994,Baseload
2024-04-14,LGAPWF1,8.643567550487148,Baseload
2024-04-21,LGAPWF1,5.33208173442938,Baseload
2024-04-28,LGAPWF1,-17.04900354542174,Baseload
2024-05-05,LGAPWF1,10.91196045542327,Baseload
2024-05-12,LGAPWF1,13.371818524758254,Baseload
2024-05-19,LGAPWF1,-35.25196681896625,Baseload
2024-05-26,LGAPWF1,-29.728380003863123,Baseload
2024-06-02,LGAPWF1,-52.19016818227782,Baseload
2024-06-09,LGAPWF1,-23.46865164727538,Baseload
2024-06-16,LGAPWF1,-36.66303229117919,Baseload
2024-06-23,LGAPWF1,-10.729707797605442,Baseload
2024-06-30,LGAPWF1,-20.485079365677606,Baseload
2024-07-07,LGAPWF1,-29.80996343971603,Baseload
2024-07-14,LGAPWF1,-24.9972379350678,Baseload
2024-07-21,LGAPWF1,-74.50975710733697,Baseload
2024-07-28,LGAPWF1,-127.98178361260354,Baseload
2024-08-04,LGAPWF1,-153.2468238004262,Baseload
2024-08-11,LGAPWF1,-321.9249576680238,Baseload
2024-08-18,LGAPWF1,-6.05666388194615,Baseload
2024-08-25,LGAPWF1,-14.424288458951494,Baseload
2024-09-01,LGAPWF1,-13.311342478864423,Baseload
2024-09-08,LGAPWF1,-8.871876764568896,Baseload
2024-09-15,LGAPWF1,3.632594018343873,Baseload
2024-09-22,LGAPWF1,-3.04949423868284,Baseload
2024-09-29,LGAPWF1,-206.77211430300736,Baseload
2024-10-06,LGAPWF1,24.452637959368957,Baseload
2024-10-13,LGAPWF1,38.921597308380356,Baseload
2024-10-20,LGAPWF1,13.389940454827162,Baseload
2024-10-27,LGAPWF1,-6.40972723500775,Baseload
2024-11-03,LGAPWF1,32.02030643959351,Baseload
2024-11-10,LGAPWF1,16.64473902513386,Baseload
2024-11-17,LGAPWF1,29.75716246033725,Baseload
2024-11-24,LGAPWF1,13.18744007351728,Baseload
2024-12-01,LGAPWF1,21.791984740510188,Baseload
2024-12-08,LGAPWF1,-14.025643409526978,Baseload
2024-12-15,LGAPWF1,31.68770351944437,Baseload
2024-12-22,LGAPWF1,38.66032674085427,Baseload
2024-12-29,LGAPWF1,19.820322261473375,Baseload
2025-01-05,LGAPWF1,49.25801032609543,Baseload
2020-01-05,LKBONNY2,-3.976270366127295,Baseload
2020-01-12,LKBONNY2,-4.1454462624627055,Baseload
2020-01-19,LKBONNY2,-7.241008836540871,Baseload
2020-01-26,LKBONNY2,-9.881002507491274,Baseload
2020-02-02,LKBONNY2,69.10356732447966,Baseload
2020-02-09,LKBONNY2,4.598987783914854,Baseload
2020-02-16,LKBONNY2,-6.269974318161232,Baseload
2020-02-23,LKBONNY2,-36.96680238760906,Baseload
2020-03-01,LKBONNY2,-9.13402907598826,Baseload
2020-03-08,LKBONNY2,-31.900256036601647,Baseload
2020-03-15,LKBONNY2,1.1727306386925775,Baseload
2020-03-22,LKBONNY2,-3.522369994888372,Baseload
2020-03-29,LKBONNY2,-2.4558512034041797,Baseload
2020-04-05,LKBONNY2,-25.3122555396657,Baseload
2020-04-12,LKBONNY2,-20.35738903289045,Baseload
2020-04-19,LKBONNY2,-11.287997101889406,Baseload
2020-04-26,LKBONNY2,-7.910432726700769,Baseload
2020-05-03,LKBONNY2,-5.797285086605861,Baseload
2020-05-10,LKBONNY2,-7.904750533801632,Baseload
2020-05-17,LKBONNY2,-14.054145402715395,Baseload
2020-05-24,LKBONNY2,-4.6996125392406185,Baseload
2020-05-31,LKBONNY2,-8.601126643759386,Baseload
2020-06-07,LKBONNY2,-13.760954084381723,Baseload
2020-06-14,LKBONNY2,-37.774391956786246,Baseload
2020-06-21,LKBONNY2,-10.745172234433284,Baseload
2020-06-28,LKBONNY2,-10.62923916862239,Baseload
2020-07-05,LKBONNY2,-2.6231092920506924,Baseload
2020-07-12,LKBONNY2,-9.158887732677698,Baseload
2020-07-19,LKBONNY2,-13.115912368060549,Baseload
2020-07-26,LKBONNY2,-16.693040085826418,Baseload
2020-08-02,LKBONNY2,-6.203607002862228,Baseload
2020-08-09,LKBONNY2,2.2275820000619575,Baseload
2020-08-16,LKBONNY2,-9.033627133608277,Baseload
2020-08-23,LKBONNY2,-4.4157097923317785,Baseload
2020-08-30,LKBONNY2,-31.679142605484905,Baseload
2020-09-06,LKBONNY2,-4.61607852629389,Baseload
2020-09-13,LKBONNY2,3.193073485473982,Baseload
2020-09-20,LKBONNY2,4.552849535482675,Baseload
2020-09-27,LKBONNY2,3.3516306200411066,Baseload
2020-10-04,LKBONNY2,9.10774693231911,Baseload
2020-10-11,LKBONNY2,15.079711599976541,Baseload
2020-10-18,LKBONNY2,-2.014793618087488,Baseload
2020-10-25,LKBONNY2,-5.7973606016357095,Baseload
2020-11-01,LKBONNY2,4.144517046677784,Baseload
2020-11-08,LKBONNY2,2.956601983997807,Baseload
2020-11-15,LKBONNY2,-5.869968079755335,Baseload
2020-11-22,LKBONNY2,-3.2595118659446314,Baseload
2020-11-29,LKBONNY2,-5.997222496830936,Baseload
2020-12-06,LKBONNY2,-0.1154971150431301,Baseload
2020-12-13,LKBONNY2,8.958686105417408,Baseload
2020-12-20,LKBONNY2,2.2530929537957682,Baseload
2020-12-27,LKBONNY2,0.5520595541388822,Baseload
2021-01-03,LKBONNY2,5.024099363432432,Baseload
2021-01-10,LKBONNY2,1.577072062765053,Baseload
2021-01-17,LKBONNY2,9.347542825721217,Baseload
2021-01-24,LKBONNY2,11.706389835191203,Baseload
2021-01-31,LKBONNY2,-5.718421829546678,Baseload
2021-02-07,LKBONNY2,4.720337075858714,Baseload
2021-02-14,LKBONNY2,1.0337653929769708,Baseload
2021-02-21,LKBONNY2,-2.1743115806878563,Baseload
2021-02-28,LKBONNY2,15.307634736217146,Baseload
2021-03-07,LKBONNY2,3.7218062490821,Baseload
2021-03-14,LKBONNY2,49.69962207833237,Baseload
2021-03-21,LKBONNY2,0.08821973195395572,Baseload
2021-03-28,LKBONNY2,-6.1236078418903475,Baseload
2021-04-04,LKBONNY2,-10.69893376973689,Baseload
2021-04-11,LKBONNY2,-6.816620826887455,Baseload
2021-04-18,LKBONNY2,-12.95182658867132,Baseload
2021-04-25,LKBONNY2,-13.510393736665463,Baseload
2021-05-02,LKBONNY2,-47.96864733813379,Baseload
2021-05-09,LKBONNY2,-2.0285783451626074,Baseload
2021-05-16,LKBONNY2,-14.472253405464159,Baseload
2021-05-23,LKBONNY2,-73.37321929634962,Baseload
2021-05-30,LKBONNY2,-1.9980098344933381,Baseload
2021-06-06,LKBONNY2,-15.009862885335494,Baseload
2021-06-13,LKBONNY2,-24.63860421682658,Baseload
2021-06-20,LKBONNY2,-5.800052476149872,Baseload
2021-06-27,LKBONNY2,-24.012839997176457,Baseload
2021-07-04,LKBONNY2,-9.670108841197234,Baseload
2021-07-11,LKBONNY2,-54.47377936019984,Baseload
2021-07-18,LKBONNY2,-7.361601737039209,Baseload
2021-07-25,LKBONNY2,-23.848341505324612,Baseload
2021-08-01,LKBONNY2,7.037830327726272,Baseload
2021-08-08,LKBONNY2,-9.395339012297903,Baseload
2021-08-15,LKBONNY2,2.1058956625593908,Baseload
2021-08-22,LKBONNY2,-9.935084028386793,Baseload
2021-08-29,LKBONNY2,-5.393540786702637,Baseload
2021-09-05,LKBONNY2,7.545074698908362,Baseload
2021-09-12,LKBONNY2,9.743218673093981,Baseload
2021-09-19,LKBONNY2,-13.081594355825413,Baseload
2021-09-26,LKBONNY2,12.858839594418832,Baseload
2021-10-03,LKBONNY2,17.701425028587124,Baseload
2021-10-10,LKBONNY2,5.636506770483484,Baseload
2021-10-17,LKBONNY2,-9.460884481576517,Baseload
2021-10-24,LKBONNY2,4.456941074096826,Baseload
2021-10-31,LKBONNY2,50.189558220926166,Baseload
2021-11-07,LKBONNY2,-6.3105266572223755,Baseload
2021-11-14,LKBONNY2,-0.27383245779023824,Baseload
2021-11-21,LKBONNY2,-29.782923559457217,Baseload
2021-11-28,LKBONNY2,-10.806081570117023,Baseload
2021-12-05,LKBONNY2,-1.1277117300216446,Baseload
2021-12-12,LKBONNY2,1.2824146676650088,Baseload
2021-12-19,LKBONNY2,11.382927443440977,Baseload
2021-12-26,LKBONNY2,-2.3832493182292644,Baseload
2022-01-02,LKBONNY2,-94.04549187135731,Baseload
2022-01-09,LKBONNY2,5.68472994048911,Baseload
2022-01-16,LKBONNY2,-6.487842316593515,Baseload
2022-01-23,LKBONNY2,2.1578089203269286,Baseload
2022-01-30,LKBONNY2,-17.768428628969744,Baseload
2022-02-06,LKBONNY2,-44.34018370634821,Baseload
2022-02-13,LKBONNY2,-5.496646323543082,Baseload
2022-02-20,LKBONNY2,-4.632290769379907,Baseload
2022-02-27,LKBONNY2,-2.7342224036502216,Baseload
2022-03-06,LKBONNY2,-16.478907770498473,Baseload
2022-03-13,LKBONNY2,7.033452480684538,Baseload
2022-03-20,LKBONNY2,-31.2837132043813,Baseload
2022-03-27,LKBONNY2,-0.8480549992524118,Baseload
2022-04-03,LKBONNY2,-4.9802585615453125,Baseload
2022-04-10,LKBONNY2,-88.54762198383655,Baseload
2022-04-17,LKBONNY2,-74.21783607723579,Baseload
2022-04-24,LKBONNY2,-2.937766193075902,Baseload
2022-05-01,LKBONNY2,-12.348368738949887,Baseload
2022-05-08,LKBONNY2,-33.73347530918977,Baseload
2022-05-15,LKBONNY2,-185.13120633137817,Baseload
2022-05-22,LKBONNY2,5.920516445717965,Baseload
2022-05-29,LKBONNY2,-47.12862903374287,Baseload
2022-06-05,LKBONNY2,-45.46418745146798,Baseload
2022-06-12,LKBONNY2,-36.71091812697807,Baseload
2022-06-19,LKBONNY2,-57.16525258470037,Baseload
2022-06-26,LKBONNY2,-14.018200797677622,Baseload
2022-07-03,LKBONNY2,-43.074989021437204,Baseload
2022-07-10,LKBONNY2,32.297139102655194,Baseload
2022-07-17,LKBONNY2,-215.4081394099016,Baseload
2022-07-24,LKBONNY2,-52.11746482937008,Baseload
2022-07-31,LKBONNY2,-108.64656407326919,Baseload
2022-08-07,LKBONNY2,-32.66243393823963,Baseload
2022-08-14,LKBONNY2,-39.33770550998163,Baseload
2022-08-21,LKBONNY2,-32.204156861131196,Baseload
2022-08-28,LKBONNY2,-233.43640425645782,Baseload
2022-09-04,LKBONNY2,-28.499848434322757,Baseload
2022-09-11,LKBONNY2,26.52776568519519,Baseload
2022-09-18,LKBONNY2,-27.70531375769194,Baseload
2022-09-25,LKBONNY2,-42.427460875823144,Baseload
2022-10-02,LKBONNY2,4.969490762343767,Baseload
2022-10-09,LKBONNY2,-14.009946020688233,Baseload
2022-10-16,LKBONNY2,-58.890859769292675,Baseload
2022-10-23,LKBONNY2,17.456571412600766,Baseload
2022-10-30,LKBONNY2,-27.56231097308939,Baseload
2022-11-06,LKBONNY2,-35.04538102522349,Baseload
2022-11-13,LKBONNY2,-21.8112081511306,Baseload
2022-11-20,LKBONNY2,12.362054175838196,Baseload
2022-11-27,LKBONNY2,-7.778758363474616,Baseload
2022-12-04,LKBONNY2,19.310291159313095,Baseload
2022-12-11,LKBONNY2,2.1630639590215495,Baseload
2022-12-18,LKBONNY2,20.161888202743018,Baseload
2022-12-25,LKBONNY2,-5.308926953725432,Baseload
2023-01-01,LKBONNY2,-9.945154843583055,Baseload
2023-01-08,LKBONNY2,8.83107033753982,Baseload
2023-01-15,LKBONNY2,-15.00946840632487,Baseload
2023-01-22,LKBONNY2,6.13599046764223,Baseload
2023-01-29,LKBONNY2,-8.850046618626493,Baseload
2023-02-05,LKBONNY2,-9.851493652961079,Baseload
2023-02-12,LKBONNY2,4.407963121445846,Baseload
2023-02-19,LKBONNY2,-74.39548728955855,Baseload
2023-02-26,LKBONNY2,-18.72897765436032,Baseload
2023-03-05,LKBONNY2,-14.995894083687851,Baseload
2023-03-12,LKBONNY2,-11.089581266951217,Baseload
2023-03-19,LKBONNY2,-18.22348640452666,Baseload
2023-03-26,LKBONNY2,-7.449170233250186,Baseload
2023-04-02,LKBONNY2,-3.6958792198976056,Baseload
2023-04-09,LKBONNY2,-7.953883960579418,Baseload
2023-04-16,LKBONNY2,-0.8417072918300761,Baseload
2023-04-23,LKBONNY2,8.931506731044237,Baseload
2023-04-30,LKBONNY2,-25.271660106770852,Baseload
2023-05-07,LKBONNY2,-193.51795396313616,Baseload
2023-05-14,LKBONNY2,-26.601780317008917,Baseload
2023-05-21,LKBONNY2,-56.942612992789066,Baseload
2023-05-28,LKBONNY2,-27.039210739038282,Baseload
2023-06-04,LKBONNY2,-27.547055430691415,Baseload
2023-06-11,LKBONNY2,-13.372397707299498,Baseload
2023-06-18,LKBONNY2,8.82724028656675,Baseload
2023-06-25,LKBONNY2,-35.28866999497252,Baseload
2023-07-02,LKBONNY2,-84.66731607418386,Baseload
2023-07-09,LKBONNY2,-49.255485213776275,Baseload
2023-07-16,LKBONNY2,1.5036141559529597,Baseload
2023-07-23,LKBONNY2,-25.77824931125396,Baseload
2023-07-30,LKBONNY2,-44.27071808993139,Baseload
2023-08-06,LKBONNY2,-71.37061359077558,Baseload
2023-08-13,LKBONNY2,-50.10341458723741,Baseload
2023-08-20,LKBONNY2,-67.85289375553486,Baseload
2023-08-27,LKBONNY2,2.8772103571758834,Baseload
2023-09-03,LKBONNY2,34.28758136653161,Baseload
2023-09-10,LKBONNY2,5.46714376147176,Baseload
2023-09-17,LKBONNY2,-10.402593241116172,Baseload
2023-09-24,LKBONNY2,-24.073858288633087,Baseload
2023-10-01,LKBONNY2,-11.060559586894229,Baseload
2023-10-08,LKBONNY2,-1.6322182948634776,Baseload
2023-10-15,LKBONNY2,-10.91393431182896,Baseload
2023-10-22,LKBONNY2,-22.528751371946942,Baseload
2023-10-29,LKBONNY2,-4.1756188298253845,Baseload
2023-11-05,LKBONNY2,-1.4507411200507168,Baseload
2023-11-12,LKBONNY2,-43.56884773913329,Baseload
2023-11-19,LKBONNY2,-22.02085932748067,Baseload
2023-11-26,LKBONNY2,-4.965617641344004,Baseload
2023-12-03,LKBONNY2,3.635853406530824,Baseload
2023-12-10,LKBONNY2,-10.99580168471742,Baseload
2023-12-17,LKBONNY2,4.8702589616482825,Baseload
2023-12-24,LKBONNY2,12.424745470433528,Baseload
2023-12-31,LKBONNY2,2.001215207043277,Baseload
2024-01-07,LKBONNY2,-3.3809303959563266,Baseload
2024-01-14,LKBONNY2,-13.947151860379673,Baseload
2024-01-21,LKBONNY2,16.739726234735514,Baseload
2024-01-28,LKBONNY2,8.9362691616655,Baseload
2024-02-04,LKBONNY2,-20.154018907467936,Baseload
2024-02-11,LKBONNY2,-6.026497063999011,Baseload
2024-02-18,LKBONNY2,12.061265014967454,Baseload
2024-02-25,LKBONNY2,-23.893313145378514,Baseload
2024-03-03,LKBONNY2,-4.120797901505867,Baseload
2024-03-10,LKBONNY2,-2.304706048679151,Baseload
2024-03-17,LKBONNY2,-7.483377171163184,Baseload
2024-03-24,LKBONNY2,1.0853151531137541,Baseload
2024-03-31,LKBONNY2,16.293428718542636,Baseload
2024-04-07,LKBONNY2,-34.67179032592946,Baseload
2024-04-14,LKBONNY2,-36.002397198850886,Baseload
2024-04-21,LKBONNY2,-24.294797117793962,Baseload
2024-04-28,LKBONNY2,-33.16300777375581,Baseload
2024-05-05,LKBONNY2,-4.737411036305531,Baseload
2024-05-12,LKBONNY2,4.827881471736305,Baseload
2024-05-19,LKBONNY2,-21.32292938719398,Baseload
2024-05-26,LKBONNY2,-28.194271637303416,Baseload
2024-06-02,LKBONNY2,-56.68694155528357,Baseload
2024-06-09,LKBONNY2,-18.463437608745153,Baseload
2024-06-16,LKBONNY2,-80.47299142294109,Baseload
2024-06-23,LKBONNY2,-54.86935578568543,Baseload
2024-06-30,LKBONNY2,-12.990227098870875,Baseload
2024-07-07,LKBONNY2,-26.57694940313229,Baseload
2024-07-14,LKBONNY2,-30.345163200259748,Baseload
2024-07-21,LKBONNY2,-107.42438289370685,Baseload
2024-07-28,LKBONNY2,-161.45607965541387,Baseload
2024-08-04,LKBONNY2,-221.02749909137682,Baseload
2024-08-11,LKBONNY2,-152.65953602885423,Baseload
2024-08-18,LKBONNY2,-10.06459093535642,Baseload
2024-08-25,LKBONNY2,-7.481220967877682,Baseload
2024-09-01,LKBONNY2,0.3942671370606341,Baseload
2024-09-08,LKBONNY2,18.44215249509029,Baseload
2024-09-15,LKBONNY2,-4.658689493489202,Baseload
2024-09-22,LKBONNY2,-18.31344710813248,Baseload
2024-09-29,LKBONNY2,-217.8931630074739,Baseload
2024-10-06,LKBONNY2,1.8184058300925923,Baseload
2024-10-13,LKBONNY2,48.9091777564589,Baseload
2024-10-20,LKBONNY2,18.880142391639687,Baseload
2024-10-27,LKBONNY2,-7.562040245961043,Baseload
2024-11-03,LKBONNY2,11.571743655303091,Baseload
2024-11-10,LKBONNY2,-2.9514120514186857,Baseload
2024-11-17,LKBONNY2,40.02805537937167,Baseload
2024-11-24,LKBONNY2,19.851865367229777,Baseload
2024-12-01,LKBONNY2,9.720220581438369,Baseload
2024-12-08,LKBONNY2,30.885772626375044,Baseload
2024-12-15,LKBONNY2,3.6055826609783423,Baseload
2024-12-22,LKBONNY2,26.960398830568423,Baseload
2024-12-29,LKBONNY2,0.4141627423772487,Baseload
2025-01-05,LKBONNY2,-58.623499854645765,Baseload
2020-01-05,LKBONNY3,-2.8982391449692457,Baseload
2020-01-12,LKBONNY3,-4.162504674871592,Baseload
2020-01-19,LKBONNY3,-6.954926141076875,Baseload
2020-01-26,LKBONNY3,-6.196255689051469,Baseload
2020-02-02,LKBONNY3,0.524082888938068,Baseload
2020-02-09,LKBONNY3,5.59976717146089,Baseload
2020-02-16,LKBONNY3,-8.596262120080297,Baseload
2020-02-23,LKBONNY3,-38.55004092654491,Baseload
2020-03-01,LKBONNY3,-9.20127306453621,Baseload
2020-03-08,LKBONNY3,-31.05857043409364,Baseload
2020-03-15,LKBONNY3,2.1708613200006255,Baseload
2020-03-22,LKBONNY3,-2.7705948807194716,Baseload
2020-03-29,LKBONNY3,-1.5988429846882042,Baseload
2020-04-05,LKBONNY3,-27.49025058835296,Baseload
2020-04-12,LKBONNY3,-18.079875342715596,Baseload
2020-04-19,LKBONNY3,-10.24851253370213,Baseload
2020-04-26,LKBONNY3,-5.572024137905448,Baseload
2020-05-03,LKBONNY3,-5.076217017913912,Baseload
2020-05-10,LKBONNY3,-8.245261546563842,Baseload
2020-05-17,LKBONNY3,-9.38845544002595,Baseload
2020-05-24,LKBONNY3,-4.626091413444186,Baseload
2020-05-31,LKBONNY3,-8.421041299582456,Baseload
2020-06-07,LKBONNY3,-13.861249062572881,Baseload
2020-06-14,LKBONNY3,-38.093159289472354,Baseload
2020-06-21,LKBONNY3,-10.310718670572257,Baseload
2020-06-28,LKBONNY3,-10.084380819406675,Baseload
2020-07-05,LKBONNY3,-2.351228812787852,Baseload
2020-07-12,LKBONNY3,-9.302322003804527,Baseload
2020-07-19,LKBONNY3,-12.676423880727391,Baseload
2020-07-26,LKBONNY3,-14.659905142623614,Baseload
2020-08-02,LKBONNY3,-4.721638635914552,Baseload
2020-08-09,LKBONNY3,2.8775542622555434,Baseload
2020-08-16,LKBONNY3,-8.177146240253322,Baseload
2020-08-23,LKBONNY3,-2.916361001037302,Baseload
2020-08-30,LKBONNY3,-24.754631379836223,Baseload
2020-09-06,LKBONNY3,-1.6024970464674482,Baseload
2020-09-13,LKBONNY3,5.693754738315275,Baseload
2020-09-20,LKBONNY3,6.692883533859419,Baseload
2020-09-27,LKBONNY3,3.8218739250472424,Baseload
2020-10-04,LKBONNY3,12.331740389499235,Baseload
2020-10-11,LKBONNY3,16.648192800985285,Baseload
2020-10-18,LKBONNY3,-0.9974427681132951,Baseload
2020-10-25,LKBONNY3,-4.678240082478162,Baseload
2020-11-01,LKBONNY3,4.884307271933459,Baseload
2020-11-08,LKBONNY3,6.623080840094545,Baseload
2020-11-15,LKBONNY3,-4.530399536477912,Baseload
2020-11-22,LKBONNY3,-1.2309112622019285,Baseload
2020-11-29,LKBONNY3,-2.760359737979101,Baseload
2020-12-06,LKBONNY3,-1.9273150684884168,Baseload
2020-12-13,LKBONNY3,8.975488383749331,Baseload
2020-12-20,LKBONNY3,3.9633938474239265,Baseload
2020-12-27,LKBONNY3,1.2278724610721383,Baseload
2021-01-03,LKBONNY3,7.5353350756824415,Baseload
2021-01-10,LKBONNY3,2.777842921173116,Baseload
2021-01-17,LKBONNY3,11.959535143872703,Baseload
2021-01-24,LKBONNY3,19.5752429298537,Baseload
2021-01-31,LKBONNY3,-0.8798834435722789,Baseload
2021-02-07,LKBONNY3,7.393677877507809,Baseload
2021-02-14,LKBONNY3,2.793146436152451,Baseload
2021-02-21,LKBONNY3,-1.27335466478943,Baseload
2021-02-28,LKBONNY3,18.90286686863923,Baseload
2021-03-07,LKBONNY3,4.30042150024693,Baseload
2021-03-14,LKBONNY3,142.0851947335624,Baseload
2021-03-21,LKBONNY3,-0.3283385155009313,Baseload
2021-03-28,LKBONNY3,-2.0655101747210267,Baseload
2021-04-04,LKBONNY3,-9.55881986771691,Baseload
2021-04-11,LKBONNY3,-7.2455195255866265,Baseload
2021-04-18,LKBONNY3,-11.129662697256236,Baseload
2021-04-25,LKBONNY3,-11.710161589549529,Baseload
2021-05-02,LKBONNY3,-49.13831874633853,Baseload
2021-05-09,LKBONNY3,0.37130445052911654,Baseload
2021-05-16,LKBONNY3,-12.499901538387384,Baseload
2021-05-23,LKBONNY3,-47.62191161687045,Baseload
2021-05-30,LKBONNY3,0.13559534425399988,Baseload
2021-06-06,LKBONNY3,-18.330469770100834,Baseload
2021-06-13,LKBONNY3,-23.5820243125931,Baseload
2021-06-20,LKBONNY3,-7.27103768206797,Baseload
2021-06-27,LKBONNY3,-22.583005442239653,Baseload
2021-07-04,LKBONNY3,-7.410690026466185,Baseload
2021-07-11,LKBONNY3,-59.06346062464286,Baseload
2021-07-18,LKBONNY3,-8.113929712208218,Baseload
2021-07-25,LKBONNY3,-24.617336053909654,Baseload
2021-08-01,LKBONNY3,9.166835900457396,Baseload
2021-08-08,LKBONNY3,-7.8337460413633195,Baseload
2021-08-15,LKBONNY3,3.37994839959908,Baseload
2021-08-22,LKBONNY3,-6.258832058474201,Baseload
2021-08-29,LKBONNY3,-1.2071838022410901,Baseload
2021-09-05,LKBONNY3,10.098165223604955,Baseload
2021-09-12,LKBONNY3,11.352478460778215,Baseload
2021-09-19,LKBONNY3,-13.63889649044896,Baseload
2021-09-26,LKBONNY3,13.70553588624324,Baseload
2021-10-03,LKBONNY3,17.91187564646267,Baseload
2021-10-10,LKBONNY3,6.746066723172476,Baseload
2021-10-17,LKBONNY3,-11.063872895964888,Baseload
2021-10-24,LKBONNY3,5.691727271506315,Baseload
2021-10-31,LKBONNY3,44.869180859025356,Baseload
2021-11-07,LKBONNY3,-6.880729419989876,Baseload
2021-11-14,LKBONNY3,0.36819379837756117,Baseload
2021-11-21,LKBONNY3,-28.351204055472092,Baseload
2021-11-28,LKBONNY3,-14.156003884804594,Baseload
2021-12-05,LKBONNY3,-8.52631640543784,Baseload
2021-12-12,LKBONNY3,-0.6058936671118147,Baseload
2021-12-19,LKBONNY3,12.812047238427908,Baseload
2021-12-26,LKBONNY3,-2.2008114811103745,Baseload
2022-01-02,LKBONNY3,-93.21943492172261,Baseload
2022-01-09,LKBONNY3,0.39149541005018307,Baseload
2022-01-16,LKBONNY3,-15.660819183192672,Baseload
2022-01-23,LKBONNY3,2.8529105637199343,Baseload
2022-01-30,LKBONNY3,-17.15600448780073,Baseload
2022-02-06,LKBONNY3,-45.60201672496475,Baseload
2022-02-13,LKBONNY3,-5.17026425326852,Baseload
2022-02-20,LKBONNY3,-6.220710126445994,Baseload
2022-02-27,LKBONNY3,-4.002195866960676,Baseload
2022-03-06,LKBONNY3,-15.384756215315228,Baseload
2022-03-13,LKBONNY3,0.7551337805508496,Baseload
2022-03-20,LKBONNY3,-32.382715391297324,Baseload
2022-03-27,LKBONNY3,-0.19481363836568732,Baseload
2022-04-03,LKBONNY3,-7.333801428845092,Baseload
2022-04-10,LKBONNY3,-81.46929149458964,Baseload
2022-04-17,LKBONNY3,-59.833440964517365,Baseload
2022-04-24,LKBONNY3,-3.598308428958944,Baseload
2022-05-01,LKBONNY3,-6.982304999677467,Baseload
2022-05-08,LKBONNY3,-25.195421612696038,Baseload
2022-05-15,LKBONNY3,-198.1406899347474,Baseload
2022-05-22,LKBONNY3,-46.63836507285748,Baseload
2022-05-29,LKBONNY3,-43.638654489786234,Baseload
2022-06-05,LKBONNY3,-50.62004452497203,Baseload
2022-06-12,LKBONNY3,-37.54847103850824,Baseload
2022-06-19,LKBONNY3,-51.634145478418446,Baseload
2022-06-26,LKBONNY3,-11.26244164202177,Baseload
2022-07-03,LKBONNY3,-33.980864943639745,Baseload
2022-07-10,LKBONNY3,32.591907493489146,Baseload
2022-07-17,LKBONNY3,-194.3298358467142,Baseload
2022-07-24,LKBONNY3,-43.28406117024872,Baseload
2022-07-31,LKBONNY3,-114.26441266687436,Baseload
2022-08-07,LKBONNY3,-28.557911145040286,Baseload
2022-08-14,LKBONNY3,-42.68158960536597,Baseload
2022-08-21,LKBONNY3,-28.60883180334541,Baseload
2022-08-28,LKBONNY3,-232.3386453425007,Baseload
2022-09-04,LKBONNY3,-21.21358524352283,Baseload
2022-09-11,LKBONNY3,87.45819268307335,Baseload
2022-09-18,LKBONNY3,-24.876830495386955,Baseload
2022-09-25,LKBONNY3,-17.459201332655212,Baseload
2022-10-02,LKBONNY3,7.821862070088471,Baseload
2022-10-09,LKBONNY3,-2.4983831269773873,Baseload
2022-10-16,LKBONNY3,-39.80659143940284,Baseload
2022-10-23,LKBONNY3,26.42467947707614,Baseload
2022-10-30,LKBONNY3,-3.05313085305594,Baseload
2022-11-06,LKBONNY3,-31.15849324670535,Baseload
2022-11-13,LKBONNY3,-6.205997203834158,Baseload
2022-11-20,LKBONNY3,38.20726953810606,Baseload
2022-11-27,LKBONNY3,6.150639919516301,Baseload
2022-12-04,LKBONNY3,26.513644048920796,Baseload
2022-12-11,LKBONNY3,12.671640986293681,Baseload
2022-12-18,LKBONNY3,31.38460674537224,Baseload
2022-12-25,LKBONNY3,-4.97382992427152,Baseload
2023-01-01,LKBONNY3,-2.7366401142021033,Baseload
2023-01-08,LKBONNY3,5.1337683045430005,Baseload
2023-01-15,LKBONNY3,-9.747816877566052,Baseload
2023-01-22,LKBONNY3,9.445226041652326,Baseload
2023-01-29,LKBONNY3,-2.364972547446257,Baseload
2023-02-05,LKBONNY3,6.550606501502138,Baseload
2023-02-12,LKBONNY3,-10.73947634422396,Baseload
2023-02-19,LKBONNY3,-66.52575560392641,Baseload
2023-02-26,LKBONNY3,-15.798129359680445,Baseload
2023-03-05,LKBONNY3,-8.856553148128583,Baseload
2023-03-12,LKBONNY3,-0.9425113356646406,Baseload
2023-03-19,LKBONNY3,-13.596517161916715,Baseload
2023-03-26,LKBONNY3,-2.6302110467621986,Baseload
2023-04-02,LKBONNY3,6.5811762393838364,Baseload
2023-04-09,LKBONNY3,-5.502706570033425,Baseload
2023-04-16,LKBONNY3,30.03573703072496,Baseload
2023-04-23,LKBONNY3,10.93361328153398,Baseload
2023-04-30,LKBONNY3,,Baseload
2023-05-07,LKBONNY3,-171.67960391174992,Baseload
2023-05-14,LKBONNY3,-21.784160214365897,Baseload
2023-05-21,LKBONNY3,-53.27028515193031,Baseload
2023-05-28,LKBONNY3,-32.42213050089789,Baseload
2023-06-04,LKBONNY3,-34.16451613266938,Baseload
2023-06-11,LKBONNY3,-3.7476377199414372,Baseload
2023-06-18,LKBONNY3,17.803264582515823,Baseload
2023-06-25,LKBONNY3,-29.692812968687377,Baseload
2023-07-02,LKBONNY3,-62.530771333284605,Baseload
2023-07-09,LKBONNY3,-37.92908245840507,Baseload
2023-07-16,LKBONNY3,8.270112862650478,Baseload
2023-07-23,LKBONNY3,-8.041588560523095,Baseload
2023-07-30,LKBONNY3,-30.794285668978162,Baseload
2023-08-06,LKBONNY3,-61.31615242984148,Baseload
2023-08-13,LKBONNY3,42.25501050374379,Baseload
2023-08-20,LKBONNY3,-58.825777636944736,Baseload
2023-08-27,LKBONNY3,16.792245851401063,Baseload
2023-09-03,LKBONNY3,38.63316265203892,Baseload
2023-09-10,LKBONNY3,37.47639759818487,Baseload
2023-09-17,LKBONNY3,18.80946969388402,Baseload
2023-09-24,LKBONNY3,17.610021913757713,Baseload
2023-10-01,LKBONNY3,24.759044181090445,Baseload
2023-10-08,LKBONNY3,4.7629452737966815,Baseload
2023-10-15,LKBONNY3,4.1822367080864105,Baseload
2023-10-22,LKBONNY3,-5.573011350528475,Baseload
2023-10-29,LKBONNY3,18.598835419921567,Baseload
2023-11-05,LKBONNY3,20.724506358168494,Baseload
2023-11-12,LKBONNY3,-26.595820494625777,Baseload
2023-11-19,LKBONNY3,8.793745452281094,Baseload
2023-11-26,LKBONNY3,13.691547697665364,Baseload
2023-12-03,LKBONNY3,13.984513407461407,Baseload
2023-12-10,LKBONNY3,-4.620746848032169,Baseload
2023-12-17,LKBONNY3,22.397631137103225,Baseload
2023-12-24,LKBONNY3,39.476677570681076,Baseload
2023-12-31,LKBONNY3,22.607521146822958,Baseload
2024-01-07,LKBONNY3,2.1137245941718703,Baseload
2024-01-14,LKBONNY3,-5.145090739900201,Baseload
2024-01-21,LKBONNY3,32.47367243340796,Baseload
2024-01-28,LKBONNY3,26.47913435095265,Baseload
2024-02-04,LKBONNY3,-1.818288680912815,Baseload
2024-02-11,LKBONNY3,10.001266264300611,Baseload
2024-02-18,LKBONNY3,11.696399311714359,Baseload
2024-02-25,LKBONNY3,-17.242693428151867,Baseload
2024-03-03,LKBONNY3,5.749038660604299,Baseload
2024-03-10,LKBONNY3,-1.482518286826732,Baseload
2024-03-17,LKBONNY3,-10.74809117305361,Baseload
2024-03-24,LKBONNY3,1.1017986957943506,Baseload
2024-03-31,LKBONNY3,12.614243663722313,Baseload
2024-04-07,LKBONNY3,-32.811101302840214,Baseload
2024-04-14,LKBONNY3,-28.218327105933497,Baseload
2024-04-21,LKBONNY3,-21.07558051289341,Baseload
2024-04-28,LKBONNY3,-22.593557262922047,Baseload
2024-05-05,LKBONNY3,4.960790861713676,Baseload
2024-05-12,LKBONNY3,25.15556298254492,Baseload
2024-05-19,LKBONNY3,-18.65092081702565,Baseload
2024-05-26,LKBONNY3,-26.49144565491116,Baseload
2024-06-02,LKBONNY3,-52.711215472352784,Baseload
2024-06-09,LKBONNY3,-22.547323077445185,Baseload
2024-06-16,LKBONNY3,-61.2624154141196,Baseload
2024-06-23,LKBONNY3,-46.477541178229785,Baseload
2024-06-30,LKBONNY3,-13.488799776674341,Baseload
2024-07-07,LKBONNY3,-26.787655277434595,Baseload
2024-07-14,LKBONNY3,-27.26032207807168,Baseload
2024-07-21,LKBONNY3,-93.79177464232997,Baseload
2024-07-28,LKBONNY3,-157.87597812989918,Baseload
2024-08-04,LKBONNY3,-184.6750853917707,Baseload
2024-08-11,LKBONNY3,-80.57809578212175,Baseload
2024-08-18,LKBONNY3,-4.172093441553301,Baseload
2024-08-25,LKBONNY3,11.477988070955796,Baseload
2024-09-01,LKBONNY3,6.220371213563603,Baseload
2024-09-08,LKBONNY3,36.880177560501316,Baseload
2024-09-15,LKBONNY3,12.239564192799861,Baseload
2024-09-22,LKBONNY3,-6.84769934778987,Baseload
2024-09-29,LKBONNY3,-187.96737386866153,Baseload
2024-10-06,LKBONNY3,20.50508267162872,Baseload
2024-10-13,LKBONNY3,18.547147908057443,Baseload
2024-10-20,LKBONNY3,9.092278735097317,Baseload
2024-10-27,LKBONNY3,8.891719586999187,Baseload
2024-11-03,LKBONNY3,21.485077510937284,Baseload
2024-11-10,LKBONNY3,5.986816685643873,Baseload
2024-11-17,LKBONNY3,48.37024259305938,Baseload
2024-11-24,LKBONNY3,4.4158731725737965,Baseload
2024-12-01,LKBONNY3,40.257138301708224,Baseload
2024-12-08,LKBONNY3,-40.238336812676835,Baseload
2024-12-15,LKBONNY3,4.23112865243354,Baseload
2024-12-22,LKBONNY3,44.714462675748265,Baseload
2024-12-29,LKBONNY3,33.613056563712476,Baseload
2025-01-05,LKBONNY3,2.610807067261156,Baseload
2020-01-05,NBHWF1,-8.122489168106199,Baseload
2020-01-12,NBHWF1,-4.044796692592236,Baseload
2020-01-19,NBHWF1,-6.6326763340005925,Baseload
2020-01-26,NBHWF1,-9.61860433018434,Baseload
2020-02-02,NBHWF1,-3.497085743687393,Baseload
2020-02-09,NBHWF1,-6.562890395729802,Baseload
2020-02-16,NBHWF1,-40.432614036178535,Baseload
2020-02-23,NBHWF1,-30.419538576489316,Baseload
2020-03-01,NBHWF1,-25.46034783518931,Baseload
2020-03-08,NBHWF1,-49.43039971750197,Baseload
2020-03-15,NBHWF1,-7.964265177795777,Baseload
2020-03-22,NBHWF1,-4.014724639404221,Baseload
2020-03-29,NBHWF1,-4.459856770001714,Baseload
2020-04-05,NBHWF1,-9.945257621197477,Baseload
2020-04-12,NBHWF1,-25.699074176734456,Baseload
2020-04-19,NBHWF1,-13.317869700515587,Baseload
2020-04-26,NBHWF1,-11.0675288568764,Baseload
2020-05-03,NBHWF1,-7.707165871517219,Baseload
2020-05-10,NBHWF1,-10.732653901063294,Baseload
2020-05-17,NBHWF1,-0.9869705744867829,Baseload
2020-05-24,NBHWF1,-5.207711334954652,Baseload
2020-05-31,NBHWF1,-10.763478570575359,Baseload
2020-06-07,NBHWF1,-10.320334057811827,Baseload
2020-06-14,NBHWF1,-26.858053859562908,Baseload
2020-06-21,NBHWF1,-6.886223568470115,Baseload
2020-06-28,NBHWF1,-9.248319844776589,Baseload
2020-07-05,NBHWF1,-4.721031345886345,Baseload
2020-07-12,NBHWF1,-10.359421421550351,Baseload
2020-07-19,NBHWF1,-20.547504330673753,Baseload
2020-07-26,NBHWF1,-12.823501779183815,Baseload
2020-08-02,NBHWF1,-5.157448838353446,Baseload
2020-08-09,NBHWF1,-5.522298058277322,Baseload
2020-08-16,NBHWF1,-6.843519535923477,Baseload
2020-08-23,NBHWF1,-2.9524913138743045,Baseload
2020-08-30,NBHWF1,-50.84460694898279,Baseload
2020-09-06,NBHWF1,-13.805344556833624,Baseload
2020-09-13,NBHWF1,-7.784405725204206,Baseload
2020-09-20,NBHWF1,-1.4471271350178831,Baseload
2020-09-27,NBHWF1,-8.100975786936749,Baseload
2020-10-04,NBHWF1,-7.510768157896868,Baseload
2020-10-11,NBHWF1,-8.96637889205289,Baseload
2020-10-18,NBHWF1,-2.723059435558426,Baseload
2020-10-25,NBHWF1,-20.021779801800193,Baseload
2020-11-01,NBHWF1,-11.399613207905432,Baseload
2020-11-08,NBHWF1,-11.599840017083057,Baseload
2020-11-15,NBHWF1,-2.6484755078172597,Baseload
2020-11-22,NBHWF1,-6.772998097606894,Baseload
2020-11-29,NBHWF1,-7.22056939522912,Baseload
2020-12-06,NBHWF1,-4.149611971469081,Baseload
2020-12-13,NBHWF1,-10.835282658307165,Baseload
2020-12-20,NBHWF1,-7.373576940070638,Baseload
2020-12-27,NBHWF1,-7.873054047388601,Baseload
2021-01-03,NBHWF1,-2.388360004248117,Baseload
2021-01-10,NBHWF1,-6.147024509990423,Baseload
2021-01-17,NBHWF1,3.8437671846964534,Baseload
2021-01-24,NBHWF1,-21.690981125640036,Baseload
2021-01-31,NBHWF1,-11.05902625846395,Baseload
2021-02-07,NBHWF1,-10.275889001343751,Baseload
2021-02-14,NBHWF1,1.3706234573396117,Baseload
2021-02-21,NBHWF1,-9.46824635807192,Baseload
2021-02-28,NBHWF1,3.002332974092422,Baseload
2021-03-07,NBHWF1,-1.4322013362821444,Baseload
2021-03-14,NBHWF1,-181.5729330942317,Baseload
2021-03-21,NBHWF1,-14.55973049220512,Baseload
2021-03-28,NBHWF1,-20.082759963619548,Baseload
2021-04-04,NBHWF1,1.8195404541587195,Baseload
2021-04-11,NBHWF1,-22.898317883921898,Baseload
2021-04-18,NBHWF1,-24.017737606545456,Baseload
2021-04-25,NBHWF1,-14.990431586254545,Baseload
2021-05-02,NBHWF1,-22.59659349526124,Baseload
2021-05-09,NBHWF1,-19.82241364433152,Baseload
2021-05-16,NBHWF1,-21.5602059399002,Baseload
2021-05-23,NBHWF1,-83.90833707945154,Baseload
2021-05-30,NBHWF1,-23.26990706680646,Baseload
2021-06-06,NBHWF1,-29.061667887852472,Baseload
2021-06-13,NBHWF1,-28.26007866102664,Baseload
2021-06-20,NBHWF1,-15.439664855423928,Baseload
2021-06-27,NBHWF1,-12.213530510941524,Baseload
2021-07-04,NBHWF1,-9.988533931791878,Baseload
2021-07-11,NBHWF1,-50.99763911757816,Baseload
2021-07-18,NBHWF1,-18.842132907869356,Baseload
2021-07-25,NBHWF1,-15.755959043534816,Baseload
2021-08-01,NBHWF1,-18.45442669937799,Baseload
2021-08-08,NBHWF1,-15.224987807110992,Baseload
2021-08-15,NBHWF1,-14.5434425388245,Baseload
2021-08-22,NBHWF1,-16.24247892016412,Baseload
2021-08-29,NBHWF1,-16.43270761941929,Baseload
2021-09-05,NBHWF1,-2.8653940368447337,Baseload
2021-09-12,NBHWF1,-2.5647315262733255,Baseload
2021-09-19,NBHWF1,5.918067382164256,Baseload
2021-09-26,NBHWF1,1.444652979713787,Baseload
2021-10-03,NBHWF1,-4.189231851231284,Baseload
2021-10-10,NBHWF1,-2.575592850477115,Baseload
2021-10-17,NBHWF1,-2.5497407464841135,Baseload
2021-10-24,NBHWF1,7.652664377767083,Baseload
2021-10-31,NBHWF1,-7.5425652931150395,Baseload
2021-11-07,NBHWF1,-13.238661525019662,Baseload
2021-11-14,NBHWF1,5.707380188111912,Baseload
2021-11-21,NBHWF1,-29.550432971531805,Baseload
2021-11-28,NBHWF1,-5.070888029385323,Baseload
2021-12-05,NBHWF1,-14.55229243478361,Baseload
2021-12-12,NBHWF1,-5.241806592163691,Baseload
2021-12-19,NBHWF1,-56.009916873351905,Baseload
2021-12-26,NBHWF1,5.099193119703816,Baseload
2022-01-02,NBHWF1,-98.67669235644198,Baseload
2022-01-09,NBHWF1,2.8461348315970376,Baseload
2022-01-16,NBHWF1,-77.34450238645087,Baseload
2022-01-23,NBHWF1,-1.5959181729294798,Baseload
2022-01-30,NBHWF1,-33.76846652928403,Baseload
2022-02-06,NBHWF1,-47.13480341514354,Baseload
2022-02-13,NBHWF1,-4.52916586811412,Baseload
2022-02-20,NBHWF1,-7.566674410931832,Baseload
2022-02-27,NBHWF1,0.9369840266465275,Baseload
2022-03-06,NBHWF1,-22.871062165172205,Baseload
2022-03-13,NBHWF1,4.795426934035667,Baseload
2022-03-20,NBHWF1,-27.18589317946096,Baseload
2022-03-27,NBHWF1,-7.944526440346699,Baseload
2022-04-03,NBHWF1,-35.195570777201404,Baseload
2022-04-10,NBHWF1,-26.587025793129982,Baseload
2022-04-17,NBHWF1,-24.713863063943037,Baseload
2022-04-24,NBHWF1,-23.349600510532454,Baseload
2022-05-01,NBHWF1,-32.94908011735822,Baseload
2022-05-08,NBHWF1,-25.05709808432792,Baseload
2022-05-15,NBHWF1,-23.80495866018032,Baseload
2022-05-22,NBHWF1,-124.71555831730609,Baseload
2022-05-29,NBHWF1,-58.01131868340394,Baseload
2022-06-05,NBHWF1,-84.19073891376294,Baseload
2022-06-12,NBHWF1,-65.4949379882184,Baseload
2022-06-19,NBHWF1,-72.91764112376191,Baseload
2022-06-26,NBHWF1,-42.78770845777879,Baseload
2022-07-03,NBHWF1,-24.53487172772907,Baseload
2022-07-10,NBHWF1,-151.4836254672167,Baseload
2022-07-17,NBHWF1,-141.48764229163697,Baseload
2022-07-24,NBHWF1,-98.61324226401445,Baseload
2022-07-31,NBHWF1,-131.68896461755364,Baseload
2022-08-07,NBHWF1,-24.49477074143097,Baseload
2022-08-14,NBHWF1,-30.951753741106913,Baseload
2022-08-21,NBHWF1,-33.214376293288254,Baseload
2022-08-28,NBHWF1,-239.37089423941921,Baseload
2022-09-04,NBHWF1,-64.57959202608002,Baseload
2022-09-11,NBHWF1,-56.200516666522674,Baseload
2022-09-18,NBHWF1,-38.15348396987356,Baseload
2022-09-25,NBHWF1,-32.61571411112364,Baseload
2022-10-02,NBHWF1,19.09925981749076,Baseload
2022-10-09,NBHWF1,-32.65059909779684,Baseload
2022-10-16,NBHWF1,-58.7381138573932,Baseload
2022-10-23,NBHWF1,13.744670643945469,Baseload
2022-10-30,NBHWF1,-7.311718749630714,Baseload
2022-11-06,NBHWF1,-31.898376832192145,Baseload
2022-11-13,NBHWF1,-44.06496762263784,Baseload
2022-11-20,NBHWF1,-64.74653068499478,Baseload
2022-11-27,NBHWF1,-28.430193143719272,Baseload
2022-12-04,NBHWF1,23.71139151801229,Baseload
2022-12-11,NBHWF1,21.840497251786786,Baseload
2022-12-18,NBHWF1,20.126981279147703,Baseload
2022-12-25,NBHWF1,-13.816103690169093,Baseload
2023-01-01,NBHWF1,2.3420934535169735,Baseload
2023-01-08,NBHWF1,-12.030414822968561,Baseload
2023-01-15,NBHWF1,-1.7857562644319387,Baseload
2023-01-22,NBHWF1,6.2100610218509615,Baseload
2023-01-29,NBHWF1,-18.62499964298364,Baseload
2023-02-05,NBHWF1,-5.183282059597339,Baseload
2023-02-12,NBHWF1,-12.009840991420901,Baseload
2023-02-19,NBHWF1,-84.01103918402768,Baseload
2023-02-26,NBHWF1,-25.38640469560918,Baseload
2023-03-05,NBHWF1,-8.630159441842174,Baseload
2023-03-12,NBHWF1,-10.87140606665141,Baseload
2023-03-19,NBHWF1,-15.233211416149537,Baseload
2023-03-26,NBHWF1,-13.767514870779856,Baseload
2023-04-02,NBHWF1,-15.104625734228406,Baseload
2023-04-09,NBHWF1,5.127642945019588,Baseload
2023-04-16,NBHWF1,-7.367743525313784,Baseload
2023-04-23,NBHWF1,-9.595166979572653,Baseload
2023-04-30,NBHWF1,-54.7228429935921,Baseload
2023-05-07,NBHWF1,-202.8341146671433,Baseload
2023-05-14,NBHWF1,-34.3593877114827,Baseload
2023-05-21,NBHWF1,-68.20044713646054,Baseload
2023-05-28,NBHWF1,-64.27005112993854,Baseload
2023-06-04,NBHWF1,-46.272234077182574,Baseload
2023-06-11,NBHWF1,-32.75931848568197,Baseload
2023-06-18,NBHWF1,0.7640461630849966,Baseload
2023-06-25,NBHWF1,-25.126462705339193,Baseload
2023-07-02,NBHWF1,-96.27991379897797,Baseload
2023-07-09,NBHWF1,-41.75031526799728,Baseload
2023-07-16,NBHWF1,-47.09863672582531,Baseload
2023-07-23,NBHWF1,-27.864486170006565,Baseload
2023-07-30,NBHWF1,-35.435391779797754,Baseload
2023-08-06,NBHWF1,-68.77882761822255,Baseload
2023-08-13,NBHWF1,-246.81009390448867,Baseload
2023-08-20,NBHWF1,-48.65803662517271,Baseload
2023-08-27,NBHWF1,-22.941691101763816,Baseload
2023-09-03,NBHWF1,-50.788963302517566,Baseload
2023-09-10,NBHWF1,-11.395762828802336,Baseload
2023-09-17,NBHWF1,-16.834737674364014,Baseload
2023-09-24,NBHWF1,-10.015382651274837,Baseload
2023-10-01,NBHWF1,-2.5445134808580008,Baseload
2023-10-08,NBHWF1,6.624100924230646,Baseload
2023-10-15,NBHWF1,8.58246075074382,Baseload
2023-10-22,NBHWF1,-1.7553390509327258,Baseload
2023-10-29,NBHWF1,6.1547376584793625,Baseload
2023-11-05,NBHWF1,23.48900976468556,Baseload
2023-11-12,NBHWF1,-11.858186100005973,Baseload
2023-11-19,NBHWF1,17.95102988024808,Baseload
2023-11-26,NBHWF1,-3.2035203937080396,Baseload
2023-12-03,NBHWF1,-4.9988937951638945,Baseload
2023-12-10,NBHWF1,-1.2733824725543315,Baseload
2023-12-17,NBHWF1,-12.24644158920669,Baseload
2023-12-24,NBHWF1,13.597165735090922,Baseload
2023-12-31,NBHWF1,12.764912771677231,Baseload
2024-01-07,NBHWF1,3.2865546825088074,Baseload
2024-01-14,NBHWF1,0.23293657175792504,Baseload
2024-01-21,NBHWF1,-1.9807910825088761,Baseload
2024-01-28,NBHWF1,1.9682639651021603,Baseload
2024-02-04,NBHWF1,7.089386332008132,Baseload
2024-02-11,NBHWF1,14.76794771317076,Baseload
2024-02-18,NBHWF1,8.578243447336988,Baseload
2024-02-25,NBHWF1,-46.90481327700722,Baseload
2024-03-03,NBHWF1,-30.280704532663798,Baseload
2024-03-10,NBHWF1,-23.229115128038984,Baseload
2024-03-17,NBHWF1,-46.61382374599164,Baseload
2024-03-24,NBHWF1,8.818847209535257,Baseload
2024-03-31,NBHWF1,0.438550844642279,Baseload
2024-04-07,NBHWF1,-22.336321204183562,Baseload
2024-04-14,NBHWF1,-3.2862967386760573,Baseload
2024-04-21,NBHWF1,-2.8115984855905936,Baseload
2024-04-28,NBHWF1,-11.278859861798495,Baseload
2024-05-05,NBHWF1,-12.288139985511918,Baseload
2024-05-12,NBHWF1,-7.110779656156353,Baseload
2024-05-19,NBHWF1,-16.415213779359632,Baseload
2024-05-26,NBHWF1,2.4201121649103925,Baseload
2024-06-02,NBHWF1,-72.10964558723452,Baseload
2024-06-09,NBHWF1,-12.972147685499777,Baseload
2024-06-16,NBHWF1,-69.14006113385835,Baseload
2024-06-23,NBHWF1,-50.79228280327757,Baseload
2024-06-30,NBHWF1,-22.65573446079057,Baseload
2024-07-07,NBHWF1,-24.788059816474203,Baseload
2024-07-14,NBHWF1,-35.3174848192092,Baseload
2024-07-21,NBHWF1,-83.95092067600807,Baseload
2024-07-28,NBHWF1,-180.7336645903405,Baseload
2024-08-04,NBHWF1,-145.89050279056522,Baseload
2024-08-11,NBHWF1,-344.29931048438425,Baseload
2024-08-18,NBHWF1,-17.22221981282719,Baseload
2024-08-25,NBHWF1,-15.082723947645874,Baseload
2024-09-01,NBHWF1,-12.124681731309805,Baseload
2024-09-08,NBHWF1,-22.85633117091187,Baseload
2024-09-15,NBHWF1,-8.154394016260284,Baseload
2024-09-22,NBHWF1,-5.903007581455245,Baseload
2024-09-29,NBHWF1,-215.91352481516003,Baseload
2024-10-06,NBHWF1,7.625229793192,Baseload
2024-10-13,NBHWF1,30.28498675226083,Baseload
2024-10-20,NBHWF1,-11.272437748200975,Baseload
2024-10-27,NBHWF1,-22.3808374690322,Baseload
2024-11-03,NBHWF1,27.831813948741573,Baseload
2024-11-10,NBHWF1,-12.846457425495728,Baseload
2024-11-17,NBHWF1,13.218990694349763,Baseload
2024-11-24,NBHWF1,3.4558310348758425,Baseload
2024-12-01,NBHWF1,-14.200944009450751,Baseload
2024-12-08,NBHWF1,-32.47558920411048,Baseload
2024-12-15,NBHWF1,5.015845600107141,Baseload
2024-12-22,NBHWF1,18.0783192941663,Baseload
2024-12-29,NBHWF1,11.994453550438188,Baseload
2025-01-05,NBHWF1,13.432672416053336,Baseload
2020-01-05,SNOWNTH1,-7.524035314545756,Baseload
2020-01-12,SNOWNTH1,-4.45089285260233,Baseload
2020-01-19,SNOWNTH1,-7.018039656089876,Baseload
2020-01-26,SNOWNTH1,-5.297227792154956,Baseload
2020-02-02,SNOWNTH1,-38.16453156490252,Baseload
2020-02-09,SNOWNTH1,1.5913517257356347,Baseload
2020-02-16,SNOWNTH1,-61.83329743986074,Baseload
2020-02-23,SNOWNTH1,-27.926700575626796,Baseload
2020-03-01,SNOWNTH1,-21.54122085791159,Baseload
2020-03-08,SNOWNTH1,-30.20007056415463,Baseload
2020-03-15,SNOWNTH1,-5.448957856043105,Baseload
2020-03-22,SNOWNTH1,-3.6806892445358272,Baseload
2020-03-29,SNOWNTH1,-5.681316721858053,Baseload
2020-04-05,SNOWNTH1,-14.383966321334054,Baseload
2020-04-12,SNOWNTH1,-11.867850393375932,Baseload
2020-04-19,SNOWNTH1,-11.489556066074279,Baseload
2020-04-26,SNOWNTH1,-15.85405605915541,Baseload
2020-05-03,SNOWNTH1,-9.450094017281305,Baseload
2020-05-10,SNOWNTH1,-10.399421545538653,Baseload
2020-05-17,SNOWNTH1,-7.024095853400979,Baseload
2020-05-24,SNOWNTH1,-5.054148141351767,Baseload
2020-05-31,SNOWNTH1,-9.496791594975669,Baseload
2020-06-07,SNOWNTH1,-7.980211937975348,Baseload
2020-06-14,SNOWNTH1,-36.143961545086896,Baseload
2020-06-21,SNOWNTH1,-8.803809703380217,Baseload
2020-06-28,SNOWNTH1,-10.472616981139687,Baseload
2020-07-05,SNOWNTH1,-5.62398051108444,Baseload
2020-07-12,SNOWNTH1,-11.559273694875792,Baseload
2020-07-19,SNOWNTH1,-16.155205542681635,Baseload
2020-07-26,SNOWNTH1,-14.024876763121064,Baseload
2020-08-02,SNOWNTH1,-10.277858810878406,Baseload
2020-08-09,SNOWNTH1,-4.347395932897207,Baseload
2020-08-16,SNOWNTH1,-8.619734942817153,Baseload
2020-08-23,SNOWNTH1,0.18233526120697974,Baseload
2020-08-30,SNOWNTH1,-35.520305594640554,Baseload
2020-09-06,SNOWNTH1,-7.960799334245898,Baseload
2020-09-13,SNOWNTH1,1.5997526568430533,Baseload
2020-09-20,SNOWNTH1,-1.747275832235859,Baseload
2020-09-27,SNOWNTH1,-7.414692106656066,Baseload
2020-10-04,SNOWNTH1,-5.361771236175223,Baseload
2020-10-11,SNOWNTH1,-8.205971200995158,Baseload
2020-10-18,SNOWNTH1,-7.762402698114869,Baseload
2020-10-25,SNOWNTH1,-14.760890541524208,Baseload
2020-11-01,SNOWNTH1,-12.86859041581615,Baseload
2020-11-08,SNOWNTH1,-4.365764115077653,Baseload
2020-11-15,SNOWNTH1,-6.396139523180281,Baseload
2020-11-22,SNOWNTH1,-10.955321787872723,Baseload
2020-11-29,SNOWNTH1,-7.55170859601003,Baseload
2020-12-06,SNOWNTH1,-22.14481761324204,Baseload
2020-12-13,SNOWNTH1,-9.405405816305544,Baseload
2020-12-20,SNOWNTH1,2.460853323925452,Baseload
2020-12-27,SNOWNTH1,-4.051209372467387,Baseload
2021-01-03,SNOWNTH1,3.8235909786360605,Baseload
2021-01-10,SNOWNTH1,-6.936027166390193,Baseload
2021-01-17,SNOWNTH1,-0.11072646213375847,Baseload
2021-01-24,SNOWNTH1,-23.04694223720829,Baseload
2021-01-31,SNOWNTH1,-4.212570691172335,Baseload
2021-02-07,SNOWNTH1,-7.547511609550591,Baseload
2021-02-14,SNOWNTH1,4.088024847864084,Baseload
2021-02-21,SNOWNTH1,-6.41139026633773,Baseload
2021-02-28,SNOWNTH1,4.370098378275294,Baseload
2021-03-07,SNOWNTH1,-7.672190785902419,Baseload
2021-03-14,SNOWNTH1,-154.64232938471542,Baseload
2021-03-21,SNOWNTH1,-14.243171112128952,Baseload
2021-03-28,SNOWNTH1,-16.144970572693452,Baseload
2021-04-04,SNOWNTH1,1.7109085235339734,Baseload
2021-04-11,SNOWNTH1,-13.47222453776184,Baseload
2021-04-18,SNOWNTH1,-28.948957353475603,Baseload
2021-04-25,SNOWNTH1,-8.648846803669997,Baseload
2021-05-02,SNOWNTH1,-24.602031638997175,Baseload
2021-05-09,SNOWNTH1,-13.124587354525055,Baseload
2021-05-16,SNOWNTH1,-26.413996766174925,Baseload
2021-05-23,SNOWNTH1,-79.625176747923,Baseload
2021-05-30,SNOWNTH1,-27.789555315693963,Baseload
2021-06-06,SNOWNTH1,-31.097472168219525,Baseload
2021-06-13,SNOWNTH1,-28.392903901789694,Baseload
2021-06-20,SNOWNTH1,-15.479179450381082,Baseload
2021-06-27,SNOWNTH1,-18.58382538521286,Baseload
2021-07-04,SNOWNTH1,-15.438985124250507,Baseload
2021-07-11,SNOWNTH1,-57.96983887025087,Baseload
2021-07-18,SNOWNTH1,-16.934069019509046,Baseload
2021-07-25,SNOWNTH1,-26.17097771752931,Baseload
2021-08-01,SNOWNTH1,-19.24834536619465,Baseload
2021-08-08,SNOWNTH1,-22.39558719926581,Baseload
2021-08-15,SNOWNTH1,-10.970867378247643,Baseload
2021-08-22,SNOWNTH1,-35.408532475676466,Baseload
2021-08-29,SNOWNTH1,-26.364907341544743,Baseload
2021-09-05,SNOWNTH1,-18.71258181666127,Baseload
2021-09-12,SNOWNTH1,-26.65598456521372,Baseload
2021-09-19,SNOWNTH1,-16.83967235382498,Baseload
2021-09-26,SNOWNTH1,-18.092140440879426,Baseload
2021-10-03,SNOWNTH1,-20.920436823077438,Baseload
2021-10-10,SNOWNTH1,-8.745487317301807,Baseload
2021-10-17,SNOWNTH1,-14.73440218917941,Baseload
2021-10-24,SNOWNTH1,0.08182648942928339,Baseload
2021-10-31,SNOWNTH1,-3.336675698333586,Baseload
2021-11-07,SNOWNTH1,-10.657220940565843,Baseload
2021-11-14,SNOWNTH1,-8.791368333813075,Baseload
2021-11-21,SNOWNTH1,-31.47919156495871,Baseload
2021-11-28,SNOWNTH1,-15.11931125231196,Baseload
2021-12-05,SNOWNTH1,-16.53200551411954,Baseload
2021-12-12,SNOWNTH1,-9.829967614620003,Baseload
2021-12-19,SNOWNTH1,-59.03878032388342,Baseload
2021-12-26,SNOWNTH1,-1.4527193203487663,Baseload
2022-01-02,SNOWNTH1,-101.81618184459161,Baseload
2022-01-09,SNOWNTH1,-7.54359561844727,Baseload
2022-01-16,SNOWNTH1,-33.44097921227909,Baseload
2022-01-23,SNOWNTH1,-8.885256774526372,Baseload
2022-01-30,SNOWNTH1,-34.235599729415114,Baseload
2022-02-06,SNOWNTH1,-58.08099398248247,Baseload
2022-02-13,SNOWNTH1,-4.227352173946414,Baseload
2022-02-20,SNOWNTH1,-3.068543354495418,Baseload
2022-02-27,SNOWNTH1,4.372250844408498,Baseload
2022-03-06,SNOWNTH1,-36.04853666353361,Baseload
2022-03-13,SNOWNTH1,-4.9642523265160925,Baseload
2022-03-20,SNOWNTH1,-25.055414280872967,Baseload
2022-03-27,SNOWNTH1,-7.421918314726867,Baseload
2022-04-03,SNOWNTH1,-35.37719961950098,Baseload
2022-04-10,SNOWNTH1,-18.542053201991905,Baseload
2022-04-17,SNOWNTH1,-34.114238307620525,Baseload
2022-04-24,SNOWNTH1,-33.10244706851864,Baseload
2022-05-01,SNOWNTH1,-41.91411371597073,Baseload
2022-05-08,SNOWNTH1,-60.21254177977289,Baseload
2022-05-15,SNOWNTH1,-182.56459074112328,Baseload
2022-05-22,SNOWNTH1,-159.92742696296233,Baseload
2022-05-29,SNOWNTH1,-67.27268815384807,Baseload
2022-06-05,SNOWNTH1,-95.97535858874309,Baseload
2022-06-12,SNOWNTH1,-81.2975504127512,Baseload
2022-06-19,SNOWNTH1,-78.87096683606896,Baseload
2022-06-26,SNOWNTH1,-59.06974465406063,Baseload
2022-07-03,SNOWNTH1,-60.33160987020199,Baseload
2022-07-10,SNOWNTH1,-112.79356068896169,Baseload
2022-07-17,SNOWNTH1,-189.48207494158322,Baseload
2022-07-24,SNOWNTH1,-103.14652054806788,Baseload
2022-07-31,SNOWNTH1,-157.27364259997356,Baseload
2022-08-07,SNOWNTH1,-36.82005539415686,Baseload
2022-08-14,SNOWNTH1,-38.55003348570489,Baseload
2022-08-21,SNOWNTH1,-35.13898673279314,Baseload
2022-08-28,SNOWNTH1,-240.241313636159,Baseload
2022-09-04,SNOWNTH1,-54.093119526566014,Baseload
2022-09-11,SNOWNTH1,-93.107238225716,Baseload
2022-09-18,SNOWNTH1,-55.00741235827789,Baseload
2022-09-25,SNOWNTH1,-40.15093591649794,Baseload
2022-10-02,SNOWNTH1,21.926638839176277,Baseload
2022-10-09,SNOWNTH1,-26.314318634800898,Baseload
2022-10-16,SNOWNTH1,-48.17707137032818,Baseload
2022-10-23,SNOWNTH1,-27.14059434714538,Baseload
2022-10-30,SNOWNTH1,-49.82837863916838,Baseload
2022-11-06,SNOWNTH1,-21.420517750427067,Baseload
2022-11-13,SNOWNTH1,-39.70913477779257,Baseload
2022-11-20,SNOWNTH1,-56.3662402274933,Baseload
2022-11-27,SNOWNTH1,-49.534468680129194,Baseload
2022-12-04,SNOWNTH1,23.598704785929698,Baseload
2022-12-11,SNOWNTH1,-13.933640056152068,Baseload
2022-12-18,SNOWNTH1,5.308404275076541,Baseload
2022-12-25,SNOWNTH1,-7.300580249077775,Baseload
2023-01-01,SNOWNTH1,10.290660933594104,Baseload
2023-01-08,SNOWNTH1,-13.50002515934312,Baseload
2023-01-15,SNOWNTH1,-16.400996052048967,Baseload
2023-01-22,SNOWNTH1,-7.66698877923476,Baseload
2023-01-29,SNOWNTH1,-26.025094832973565,Baseload
2023-02-05,SNOWNTH1,-17.81182769555976,Baseload
2023-02-12,SNOWNTH1,-28.26090791327121,Baseload
2023-02-19,SNOWNTH1,-70.13702083417338,Baseload
2023-02-26,SNOWNTH1,-38.789538187488034,Baseload
2023-03-05,SNOWNTH1,-3.260184407180347,Baseload
2023-03-12,SNOWNTH1,-14.814219056296,Baseload
2023-03-19,SNOWNTH1,-13.318026027502363,Baseload
2023-03-26,SNOWNTH1,-13.95884451422063,Baseload
2023-04-02,SNOWNTH1,-10.924420414357812,Baseload
2023-04-09,SNOWNTH1,-34.44262324958189,Baseload
2023-04-16,SNOWNTH1,-23.849252873885977,Baseload
2023-04-23,SNOWNTH1,13.639978864945462,Baseload
2023-04-30,SNOWNTH1,-73.775306536665,Baseload
2023-05-07,SNOWNTH1,-213.92836537796094,Baseload
2023-05-14,SNOWNTH1,-46.73079574923773,Baseload
2023-05-21,SNOWNTH1,-29.73125537022952,Baseload
2023-05-28,SNOWNTH1,-78.53378143661693,Baseload
2023-06-04,SNOWNTH1,-79.06189492518295,Baseload
2023-06-11,SNOWNTH1,34.60064808662905,Baseload
2023-06-18,SNOWNTH1,-12.258173004299785,Baseload
2023-06-25,SNOWNTH1,-31.652472476010963,Baseload
2023-07-02,SNOWNTH1,-50.29324046130668,Baseload
2023-07-09,SNOWNTH1,-50.894403205599204,Baseload
2023-07-16,SNOWNTH1,-51.8567813724647,Baseload
2023-07-23,SNOWNTH1,-36.376494219684396,Baseload
2023-07-30,SNOWNTH1,-51.79866535100332,Baseload
2023-08-06,SNOWNTH1,-103.74735932621596,Baseload
2023-08-13,SNOWNTH1,-306.54631197599673,Baseload
2023-08-20,SNOWNTH1,-70.40211189613103,Baseload
2023-08-27,SNOWNTH1,-29.6978455539734,Baseload
2023-09-03,SNOWNTH1,-73.40742758699264,Baseload
2023-09-10,SNOWNTH1,-38.43307848799783,Baseload
2023-09-17,SNOWNTH1,-39.98781557809349,Baseload
2023-09-24,SNOWNTH1,-23.416349410432762,Baseload
2023-10-01,SNOWNTH1,-12.004074660616276,Baseload
2023-10-08,SNOWNTH1,-4.252039774836792,Baseload
2023-10-15,SNOWNTH1,-12.76627706493203,Baseload
2023-10-22,SNOWNTH1,-15.107988657503293,Baseload
2023-10-29,SNOWNTH1,-18.595950944117753,Baseload
2023-11-05,SNOWNTH1,18.4475103059581,Baseload
2023-11-12,SNOWNTH1,-26.564564877794147,Baseload
2023-11-19,SNOWNTH1,24.986550779381382,Baseload
2023-11-26,SNOWNTH1,-0.900213332192564,Baseload
2023-12-03,SNOWNTH1,4.6701906702428,Baseload
2023-12-10,SNOWNTH1,-5.0781371232508405,Baseload
2023-12-17,SNOWNTH1,-18.43988710233216,Baseload
2023-12-24,SNOWNTH1,-2.8393978004586935,Baseload
2023-12-31,SNOWNTH1,-1.1178202929754995,Baseload
2024-01-07,SNOWNTH1,9.29957183546965,Baseload
2024-01-14,SNOWNTH1,0.8999992019881518,Baseload
2024-01-21,SNOWNTH1,-14.449736873940921,Baseload
2024-01-28,SNOWNTH1,-3.729004707767608,Baseload
2024-02-04,SNOWNTH1,3.363862786527953,Baseload
2024-02-11,SNOWNTH1,17.633525470477043,Baseload
2024-02-18,SNOWNTH1,-0.9152807157177492,Baseload
2024-02-25,SNOWNTH1,-69.90290852962956,Baseload
2024-03-03,SNOWNTH1,-24.347218592193627,Baseload
2024-03-10,SNOWNTH1,-16.409403050650653,Baseload
2024-03-17,SNOWNTH1,-32.667772313513055,Baseload
2024-03-24,SNOWNTH1,2.432786591373734,Baseload
2024-03-31,SNOWNTH1,14.072649360921012,Baseload
2024-04-07,SNOWNTH1,-22.142827058349376,Baseload
2024-04-14,SNOWNTH1,3.05780523038446,Baseload
2024-04-21,SNOWNTH1,1.2201452648771607,Baseload
2024-04-28,SNOWNTH1,-33.75103054975613,Baseload
2024-05-05,SNOWNTH1,-2.7222419015368047,Baseload
2024-05-12,SNOWNTH1,,Baseload
2024-05-19,SNOWNTH1,-35.597914373003945,Baseload
2024-05-26,SNOWNTH1,-10.02292161840549,Baseload
2024-06-02,SNOWNTH1,-78.79564974541557,Baseload
2024-06-09,SNOWNTH1,-22.790084362189816,Baseload
2024-06-16,SNOWNTH1,-65.81791354780493,Baseload
2024-06-23,SNOWNTH1,-53.802400873499096,Baseload
2024-06-30,SNOWNTH1,-18.61872306408128,Baseload
2024-07-07,SNOWNTH1,-51.00039704545202,Baseload
2024-07-14,SNOWNTH1,-42.30345161394649,Baseload
2024-07-21,SNOWNTH1,-99.99860482491019,Baseload
2024-07-28,SNOWNTH1,-209.6778247641729,Baseload
2024-08-04,SNOWNTH1,-250.21638522254855,Baseload
2024-08-11,SNOWNTH1,-347.7698435182612,Baseload
2024-08-18,SNOWNTH1,-25.014399982462074,Baseload
2024-08-25,SNOWNTH1,-30.426181040116468,Baseload
2024-09-01,SNOWNTH1,-25.536859889420747,Baseload
2024-09-08,SNOWNTH1,-48.733725741909126,Baseload
2024-09-15,SNOWNTH1,-19.822737488491274,Baseload
2024-09-22,SNOWNTH1,-30.886103962090168,Baseload
2024-09-29,SNOWNTH1,-209.85752142502628,Baseload
2024-10-06,SNOWNTH1,-16.963189291837416,Baseload
2024-10-13,SNOWNTH1,13.654466240868267,Baseload
2024-10-20,SNOWNTH1,-22.630129120687865,Baseload
2024-10-27,SNOWNTH1,-62.213598856167465,Baseload
2024-11-03,SNOWNTH1,3.355292409546273,Baseload
2024-11-10,SNOWNTH1,-28.234466746683157,Baseload
2024-11-17,SNOWNTH1,-21.850724072000794,Baseload
2024-11-24,SNOWNTH1,3.2078261508808197,Baseload
2024-12-01,SNOWNTH1,-24.456851940623196,Baseload
2024-12-08,SNOWNTH1,-33.829551935007615,Baseload
2024-12-15,SNOWNTH1,15.897164414735357,Baseload
2024-12-22,SNOWNTH1,5.105772863657791,Baseload
2024-12-29,SNOWNTH1,-15.501832506621875,Baseload
2025-01-05,SNOWNTH1,24.427132727661075,Baseload
2020-01-05,SNOWSTH1,-6.980004265616756,Baseload
2020-01-12,SNOWSTH1,-3.158920270808757,Baseload
2020-01-19,SNOWSTH1,-7.297454997283921,Baseload
2020-01-26,SNOWSTH1,-6.251871323069601,Baseload
2020-02-02,SNOWSTH1,-51.991731492279484,Baseload
2020-02-09,SNOWSTH1,4.637097655109958,Baseload
2020-02-16,SNOWSTH1,-58.73228962838297,Baseload
2020-02-23,SNOWSTH1,-27.864250808337452,Baseload
2020-03-01,SNOWSTH1,-19.805801239941424,Baseload
2020-03-08,SNOWSTH1,-30.745187317847517,Baseload
2020-03-15,SNOWSTH1,-4.224639190351226,Baseload
2020-03-22,SNOWSTH1,-3.0923827037020217,Baseload
2020-03-29,SNOWSTH1,-4.81232122530411,Baseload
2020-04-05,SNOWSTH1,-12.849470507901625,Baseload
2020-04-12,SNOWSTH1,-11.69858968545886,Baseload
2020-04-19,SNOWSTH1,-9.776311524774549,Baseload
2020-04-26,SNOWSTH1,-13.759784455060231,Baseload
2020-05-03,SNOWSTH1,-7.935863669659518,Baseload
2020-05-10,SNOWSTH1,-7.075593095304249,Baseload
2020-05-17,SNOWSTH1,-6.315729427411377,Baseload
2020-05-24,SNOWSTH1,-5.082195397027071,Baseload
2020-05-31,SNOWSTH1,-8.553928858472982,Baseload
2020-06-07,SNOWSTH1,-8.204733529882418,Baseload
2020-06-14,SNOWSTH1,-37.38653204995597,Baseload
2020-06-21,SNOWSTH1,-6.108264863329648,Baseload
2020-06-28,SNOWSTH1,-11.263718461190464,Baseload
2020-07-05,SNOWSTH1,-4.826966819576306,Baseload
2020-07-12,SNOWSTH1,-10.984435748828673,Baseload
2020-07-19,SNOWSTH1,-12.742912706575787,Baseload
2020-07-26,SNOWSTH1,-8.085461964611255,Baseload
2020-08-02,SNOWSTH1,-7.56673845074134,Baseload
2020-08-09,SNOWSTH1,-1.6548423553075295,Baseload
2020-08-16,SNOWSTH1,-5.1812188219031725,Baseload
2020-08-23,SNOWSTH1,0.30817633334032735,Baseload
2020-08-30,SNOWSTH1,-22.373330254776317,Baseload
2020-09-06,SNOWSTH1,3.9293145110734535,Baseload
2020-09-13,SNOWSTH1,5.135302970550602,Baseload
2020-09-20,SNOWSTH1,1.7739195620008275,Baseload
2020-09-27,SNOWSTH1,-0.9949850489899035,Baseload
2020-10-04,SNOWSTH1,-1.7313658527944078,Baseload
2020-10-11,SNOWSTH1,-3.174051132520198,Baseload
2020-10-18,SNOWSTH1,-6.031583953730163,Baseload
2020-10-25,SNOWSTH1,-8.955049339177073,Baseload
2020-11-01,SNOWSTH1,-8.03914918786704,Baseload
2020-11-08,SNOWSTH1,-0.056386948412068705,Baseload
2020-11-15,SNOWSTH1,-6.024895171158651,Baseload
2020-11-22,SNOWSTH1,-10.692639289146694,Baseload
2020-11-29,SNOWSTH1,-5.915839633472487,Baseload
2020-12-06,SNOWSTH1,-13.788330367453847,Baseload
2020-12-13,SNOWSTH1,-4.755752224946359,Baseload
2020-12-20,SNOWSTH1,2.147772457301233,Baseload
2020-12-27,SNOWSTH1,-2.1052725119973417,Baseload
2021-01-03,SNOWSTH1,4.228647565233553,Baseload
2021-01-10,SNOWSTH1,-3.923688524257404,Baseload
2021-01-17,SNOWSTH1,1.3148958760859095,Baseload
2021-01-24,SNOWSTH1,-19.508683635714426,Baseload
2021-01-31,SNOWSTH1,-5.422789214999288,Baseload
2021-02-07,SNOWSTH1,-5.146134837474622,Baseload
2021-02-14,SNOWSTH1,3.001015473626431,Baseload
2021-02-21,SNOWSTH1,-5.291936019997799,Baseload
2021-02-28,SNOWSTH1,5.096698952576027,Baseload
2021-03-07,SNOWSTH1,-3.213036383808909,Baseload
2021-03-14,SNOWSTH1,-139.6181654352203,Baseload
2021-03-21,SNOWSTH1,-13.400621821734571,Baseload
2021-03-28,SNOWSTH1,-14.820835230451696,Baseload
2021-04-04,SNOWSTH1,1.7524632648464191,Baseload
2021-04-11,SNOWSTH1,-12.650701283609758,Baseload
2021-04-18,SNOWSTH1,-28.977005442155367,Baseload
2021-04-25,SNOWSTH1,-4.3240177048526505,Baseload
2021-05-02,SNOWSTH1,-20.32932586945556,Baseload
2021-05-09,SNOWSTH1,-13.252871942565413,Baseload
2021-05-16,SNOWSTH1,-24.21243037438215,Baseload
2021-05-23,SNOWSTH1,-59.01687477879996,Baseload
2021-05-30,SNOWSTH1,-23.223363156119177,Baseload
2021-06-06,SNOWSTH1,-24.680554517826735,Baseload
2021-06-13,SNOWSTH1,-25.51535716759789,Baseload
2021-06-20,SNOWSTH1,-11.821666529510338,Baseload
2021-06-27,SNOWSTH1,-17.51769521684571,Baseload
2021-07-04,SNOWSTH1,-10.472690704724371,Baseload
2021-07-11,SNOWSTH1,-56.05067290777433,Baseload
2021-07-18,SNOWSTH1,-11.811884372883206,Baseload
2021-07-25,SNOWSTH1,-20.968560114144367,Baseload
2021-08-01,SNOWSTH1,-19.94955135854996,Baseload
2021-08-08,SNOWSTH1,-16.418936702864137,Baseload
2021-08-15,SNOWSTH1,-11.264558591955147,Baseload
2021-08-22,SNOWSTH1,-31.078232821187598,Baseload
2021-08-29,SNOWSTH1,-23.448280916166254,Baseload
2021-09-05,SNOWSTH1,-10.493792113130594,Baseload
2021-09-12,SNOWSTH1,-22.925615957626306,Baseload
2021-09-19,SNOWSTH1,-13.154530355225575,Baseload
2021-09-26,SNOWSTH1,-18.671039618594786,Baseload
2021-10-03,SNOWSTH1,-16.384316665028354,Baseload
2021-10-10,SNOWSTH1,-9.254636174656875,Baseload
2021-10-17,SNOWSTH1,-10.30706094975438,Baseload
2021-10-24,SNOWSTH1,2.4969091769732135,Baseload
2021-10-31,SNOWSTH1,3.9830084500931733,Baseload
2021-11-07,SNOWSTH1,-10.52889802648427,Baseload
2021-11-14,SNOWSTH1,-5.306040651609084,Baseload
2021-11-21,SNOWSTH1,-27.262885398583823,Baseload
2021-11-28,SNOWSTH1,-13.029522602588312,Baseload
2021-12-05,SNOWSTH1,-15.432390866307074,Baseload
2021-12-12,SNOWSTH1,-9.185202702419218,Baseload
2021-12-19,SNOWSTH1,-51.63764358615734,Baseload
2021-12-26,SNOWSTH1,15.59664299941349,Baseload
2022-01-02,SNOWSTH1,-98.7987921413506,Baseload
2022-01-09,SNOWSTH1,-5.000006690544826,Baseload
2022-01-16,SNOWSTH1,-58.50050082744559,Baseload
2022-01-23,SNOWSTH1,-7.94211565147722,Baseload
2022-01-30,SNOWSTH1,-35.67730382732543,Baseload
2022-02-06,SNOWSTH1,-53.373917865792194,Baseload
2022-02-13,SNOWSTH1,-4.798616759014834,Baseload
2022-02-20,SNOWSTH1,-4.515080971039083,Baseload
2022-02-27,SNOWSTH1,2.4703405461698296,Baseload
2022-03-06,SNOWSTH1,-28.790539767473845,Baseload
2022-03-13,SNOWSTH1,-0.9341461395018271,Baseload
2022-03-20,SNOWSTH1,-29.416116870349896,Baseload
2022-03-27,SNOWSTH1,-8.981248942684942,Baseload
2022-04-03,SNOWSTH1,-41.97703278014389,Baseload
2022-04-10,SNOWSTH1,-17.233646289349963,Baseload
2022-04-17,SNOWSTH1,-34.12475169901744,Baseload
2022-04-24,SNOWSTH1,-32.60503357254413,Baseload
2022-05-01,SNOWSTH1,-37.43051918908435,Baseload
2022-05-08,SNOWSTH1,-46.22315165795948,Baseload
2022-05-15,SNOWSTH1,-146.3248218104132,Baseload
2022-05-22,SNOWSTH1,-145.8117787315629,Baseload
2022-05-29,SNOWSTH1,-49.50784672183431,Baseload
2022-06-05,SNOWSTH1,-88.48359185262805,Baseload
2022-06-12,SNOWSTH1,-67.77418618457278,Baseload
2022-06-19,SNOWSTH1,-82.3815734102603,Baseload
2022-06-26,SNOWSTH1,-45.71579131107083,Baseload
2022-07-03,SNOWSTH1,-54.07980682806118,Baseload
2022-07-10,SNOWSTH1,-103.11404709871948,Baseload
2022-07-17,SNOWSTH1,-166.929414085696,Baseload
2022-07-24,SNOWSTH1,-86.75510079754025,Baseload
2022-07-31,SNOWSTH1,-129.79602307716752,Baseload
2022-08-07,SNOWSTH1,-24.36539094533893,Baseload
2022-08-14,SNOWSTH1,-34.98970766799643,Baseload
2022-08-21,SNOWSTH1,-36.693328254456205,Baseload
2022-08-28,SNOWSTH1,-208.26331412674955,Baseload
2022-09-04,SNOWSTH1,-49.35157356219014,Baseload
2022-09-11,SNOWSTH1,-78.2590382426622,Baseload
2022-09-18,SNOWSTH1,-44.608634741886206,Baseload
2022-09-25,SNOWSTH1,-38.748692046497695,Baseload
2022-10-02,SNOWSTH1,20.483974861701213,Baseload
2022-10-09,SNOWSTH1,-25.52594144816601,Baseload
2022-10-16,SNOWSTH1,-50.96021097391326,Baseload
2022-10-23,SNOWSTH1,-15.998147723706353,Baseload
2022-10-30,SNOWSTH1,-35.06039544925837,Baseload
2022-11-06,SNOWSTH1,-18.995234189766315,Baseload
2022-11-13,SNOWSTH1,-27.219249977880494,Baseload
2022-11-20,SNOWSTH1,-48.190761219375354,Baseload
2022-11-27,SNOWSTH1,-33.97791911187343,Baseload
2022-12-04,SNOWSTH1,23.637543140288486,Baseload
2022-12-11,SNOWSTH1,-2.631164776791067,Baseload
2022-12-18,SNOWSTH1,5.170450844008416,Baseload
2022-12-25,SNOWSTH1,-14.197575459209688,Baseload
2023-01-01,SNOWSTH1,9.453629731015681,Baseload
2023-01-08,SNOWSTH1,-10.684578431206557,Baseload
2023-01-15,SNOWSTH1,-10.56968143393378,Baseload
2023-01-22,SNOWSTH1,-6.440072978120675,Baseload
2023-01-29,SNOWSTH1,-18.8655411620136,Baseload
2023-02-05,SNOWSTH1,-17.805215763012193,Baseload
2023-02-12,SNOWSTH1,-29.93700346233276,Baseload
2023-02-19,SNOWSTH1,-49.43280433732244,Baseload
2023-02-26,SNOWSTH1,-36.606368665274005,Baseload
2023-03-05,SNOWSTH1,-6.44301009435965,Baseload
2023-03-12,SNOWSTH1,-15.997697394716962,Baseload
2023-03-19,SNOWSTH1,-13.629282053629098,Baseload
2023-03-26,SNOWSTH1,-15.668040374214605,Baseload
2023-04-02,SNOWSTH1,-6.424077035769827,Baseload
2023-04-09,SNOWSTH1,-28.463920975279635,Baseload
2023-04-16,SNOWSTH1,-18.97460004663354,Baseload
2023-04-23,SNOWSTH1,3.213422977219693,Baseload
2023-04-30,SNOWSTH1,-64.5208060928093,Baseload
2023-05-07,SNOWSTH1,-199.07970448779218,Baseload
2023-05-14,SNOWSTH1,-37.420149896851626,Baseload
2023-05-21,SNOWSTH1,-32.11523449113406,Baseload
2023-05-28,SNOWSTH1,-70.3840419108135,Baseload
2023-06-04,SNOWSTH1,-63.86971722117336,Baseload
2023-06-11,SNOWSTH1,38.27108231045919,Baseload
2023-06-18,SNOWSTH1,-7.236026952055909,Baseload
2023-06-25,SNOWSTH1,-31.78177237815043,Baseload
2023-07-02,SNOWSTH1,-72.2431116220394,Baseload
2023-07-09,SNOWSTH1,-48.40761691918743,Baseload
2023-07-16,SNOWSTH1,-44.62758170117232,Baseload
2023-07-23,SNOWSTH1,-31.48583611645531,Baseload
2023-07-30,SNOWSTH1,-55.32324092166968,Baseload
2023-08-06,SNOWSTH1,-97.48832882298373,Baseload
2023-08-13,SNOWSTH1,-286.13322856554237,Baseload
2023-08-20,SNOWSTH1,-67.29000989957113,Baseload
2023-08-27,SNOWSTH1,-29.20223294210524,Baseload
2023-09-03,SNOWSTH1,-70.12529649387301,Baseload
2023-09-10,SNOWSTH1,-29.79472736608408,Baseload
2023-09-17,SNOWSTH1,-35.34731352893161,Baseload
2023-09-24,SNOWSTH1,-24.867568429089282,Baseload
2023-10-01,SNOWSTH1,-15.112668267065668,Baseload
2023-10-08,SNOWSTH1,-0.1474672278179483,Baseload
2023-10-15,SNOWSTH1,-9.771794644546482,Baseload
2023-10-22,SNOWSTH1,-13.630051399542925,Baseload
2023-10-29,SNOWSTH1,-15.057129104366673,Baseload
2023-11-05,SNOWSTH1,15.973064705732675,Baseload
2023-11-12,SNOWSTH1,-17.93725848810982,Baseload
2023-11-19,SNOWSTH1,22.619367506178385,Baseload
2023-11-26,SNOWSTH1,-0.10565784245422805,Baseload
2023-12-03,SNOWSTH1,7.159061681786316,Baseload
2023-12-10,SNOWSTH1,-1.7862044031577824,Baseload
2023-12-17,SNOWSTH1,-17.15052765298558,Baseload
2023-12-24,SNOWSTH1,-3.4692268185674724,Baseload
2023-12-31,SNOWSTH1,0.26605138380055005,Baseload
2024-01-07,SNOWSTH1,9.208202902903231,Baseload
2024-01-14,SNOWSTH1,-1.065482778056655,Baseload
2024-01-21,SNOWSTH1,-15.389335319727946,Baseload
2024-01-28,SNOWSTH1,-5.421060278028655,Baseload
2024-02-04,SNOWSTH1,6.167455274165107,Baseload
2024-02-11,SNOWSTH1,16.90188397662339,Baseload
2024-02-18,SNOWSTH1,0.6745314705168326,Baseload
2024-02-25,SNOWSTH1,-66.18445026514962,Baseload
2024-03-03,SNOWSTH1,-27.859977987714252,Baseload
2024-03-10,SNOWSTH1,-16.528753317855347,Baseload
2024-03-17,SNOWSTH1,-30.79868667872502,Baseload
2024-03-24,SNOWSTH1,3.03729310693474,Baseload
2024-03-31,SNOWSTH1,8.191680756299967,Baseload
2024-04-07,SNOWSTH1,-24.350233591895723,Baseload
2024-04-14,SNOWSTH1,1.8837671714336324,Baseload
2024-04-21,SNOWSTH1,-2.897308226317108,Baseload
2024-04-28,SNOWSTH1,-36.38107966140506,Baseload
2024-05-05,SNOWSTH1,-6.225479265577832,Baseload
2024-05-12,SNOWSTH1,,Baseload
2024-05-19,SNOWSTH1,-42.194615917925674,Baseload
2024-05-26,SNOWSTH1,-7.921769295159038,Baseload
2024-06-02,SNOWSTH1,-76.63149150143119,Baseload
2024-06-09,SNOWSTH1,-22.898652131230733,Baseload
2024-06-16,SNOWSTH1,-62.96147996933699,Baseload
2024-06-23,SNOWSTH1,-44.97137136114097,Baseload
2024-06-30,SNOWSTH1,-16.725724704817438,Baseload
2024-07-07,SNOWSTH1,-47.21896762230645,Baseload
2024-07-14,SNOWSTH1,-31.88814703244296,Baseload
2024-07-21,SNOWSTH1,-99.82122673483758,Baseload
2024-07-28,SNOWSTH1,-197.48831363283932,Baseload
2024-08-04,SNOWSTH1,-226.41299465297854,Baseload
2024-08-11,SNOWSTH1,-345.7892807784171,Baseload
2024-08-18,SNOWSTH1,-22.48533757311929,Baseload
2024-08-25,SNOWSTH1,-25.807710741389418,Baseload
2024-09-01,SNOWSTH1,-22.50277027286492,Baseload
2024-09-08,SNOWSTH1,-44.13951088957799,Baseload
2024-09-15,SNOWSTH1,-20.09550624994366,Baseload
2024-09-22,SNOWSTH1,-33.57904558280303,Baseload
2024-09-29,SNOWSTH1,-216.42893481872574,Baseload
2024-10-06,SNOWSTH1,-14.658784481899362,Baseload
2024-10-13,SNOWSTH1,18.6599546220086,Baseload
2024-10-20,SNOWSTH1,-19.28681499530044,Baseload
2024-10-27,SNOWSTH1,-56.1020673270256,Baseload
2024-11-03,SNOWSTH1,0.7016148336815711,Baseload
2024-11-10,SNOWSTH1,-26.40791390623593,Baseload
2024-11-17,SNOWSTH1,-12.429851965970428,Baseload
2024-11-24,SNOWSTH1,6.017436255028926,Baseload
2024-12-01,SNOWSTH1,-21.654124351522313,Baseload
2024-12-08,SNOWSTH1,-33.227099585159635,Baseload
2024-12-15,SNOWSTH1,14.463993001174401,Baseload
2024-12-22,SNOWSTH1,7.113338228507494,Baseload
2024-12-29,SNOWSTH1,-12.716694795668698,Baseload
2025-01-05,SNOWSTH1,22.579991345959016,Baseload
2020-01-05,SNOWTWN1,-5.270164654633746,Baseload
2020-01-12,SNOWTWN1,-4.636711142417248,Baseload
2020-01-19,SNOWTWN1,-5.9048490509411025,Baseload
2020-01-26,SNOWTWN1,-4.290742638159045,Baseload
2020-02-02,SNOWTWN1,-27.403574433260246,Baseload
2020-02-09,SNOWTWN1,12.220431836912681,Baseload
2020-02-16,SNOWTWN1,-53.74415836510386,Baseload
2020-02-23,SNOWTWN1,-17.36309992850248,Baseload
2020-03-01,SNOWTWN1,-16.034134429573136,Baseload
2020-03-08,SNOWTWN1,-20.141849922036407,Baseload
2020-03-15,SNOWTWN1,-4.16121503647183,Baseload
2020-03-22,SNOWTWN1,-3.590706326799811,Baseload
2020-03-29,SNOWTWN1,-4.742442440914026,Baseload
2020-04-05,SNOWTWN1,-10.547629383806239,Baseload
2020-04-12,SNOWTWN1,-10.643552311354902,Baseload
2020-04-19,SNOWTWN1,-10.603020553805802,Baseload
2020-04-26,SNOWTWN1,-14.551326537224668,Baseload
2020-05-03,SNOWTWN1,-8.354647354635148,Baseload
2020-05-10,SNOWTWN1,-6.803772125714676,Baseload
2020-05-17,SNOWTWN1,-6.198228317652784,Baseload
2020-05-24,SNOWTWN1,-5.777223891939244,Baseload
2020-05-31,SNOWTWN1,-9.62139289178727,Baseload
2020-06-07,SNOWTWN1,-8.526185333602676,Baseload
2020-06-14,SNOWTWN1,-35.72324577350531,Baseload
2020-06-21,SNOWTWN1,-7.643645053753566,Baseload
2020-06-28,SNOWTWN1,-12.090307116107631,Baseload
2020-07-05,SNOWTWN1,-5.128328430763091,Baseload
2020-07-12,SNOWTWN1,-12.730683145737267,Baseload
2020-07-19,SNOWTWN1,-13.460064595646031,Baseload
2020-07-26,SNOWTWN1,-14.252384380021688,Baseload
2020-08-02,SNOWTWN1,-10.002453144087823,Baseload
2020-08-09,SNOWTWN1,-5.011621175162368,Baseload
2020-08-16,SNOWTWN1,-7.408467233609066,Baseload
2020-08-23,SNOWTWN1,-0.6185065161904717,Baseload
2020-08-30,SNOWTWN1,-27.17862418231361,Baseload
2020-09-06,SNOWTWN1,-1.760012896531613,Baseload
2020-09-13,SNOWTWN1,5.462110790543098,Baseload
2020-09-20,SNOWTWN1,4.067447989082083,Baseload
2020-09-27,SNOWTWN1,3.9868772637549625,Baseload
2020-10-04,SNOWTWN1,-1.0163509531763317,Baseload
2020-10-11,SNOWTWN1,-0.5953436705490702,Baseload
2020-10-18,SNOWTWN1,-5.93947407514014,Baseload
2020-10-25,SNOWTWN1,-5.951984300001776,Baseload
2020-11-01,SNOWTWN1,-7.478303171509872,Baseload
2020-11-08,SNOWTWN1,1.1731480383480388,Baseload
2020-11-15,SNOWTWN1,-3.5411012327007647,Baseload
2020-11-22,SNOWTWN1,-3.5038316622055845,Baseload
2020-11-29,SNOWTWN1,-2.192410292180149,Baseload
2020-12-06,SNOWTWN1,1.710525219297427,Baseload
2020-12-13,SNOWTWN1,6.833907814745187,Baseload
2020-12-20,SNOWTWN1,2.8465957072045462,Baseload
2020-12-27,SNOWTWN1,3.218739763317142,Baseload
2021-01-03,SNOWTWN1,11.36899264271065,Baseload
2021-01-10,SNOWTWN1,1.836841030849353,Baseload
2021-01-17,SNOWTWN1,13.504802055162653,Baseload
2021-01-24,SNOWTWN1,-19.00503002541206,Baseload
2021-01-31,SNOWTWN1,-0.4757015384148886,Baseload
2021-02-07,SNOWTWN1,4.199682588340396,Baseload
2021-02-14,SNOWTWN1,4.8115712519028655,Baseload
2021-02-21,SNOWTWN1,-5.92665238393359,Baseload
2021-02-28,SNOWTWN1,16.441710002408968,Baseload
2021-03-07,SNOWTWN1,4.746980378982045,Baseload
2021-03-14,SNOWTWN1,-144.16841310192788,Baseload
2021-03-21,SNOWTWN1,-5.940418983589929,Baseload
2021-03-28,SNOWTWN1,-6.836646847039063,Baseload
2021-04-04,SNOWTWN1,2.441712961407241,Baseload
2021-04-11,SNOWTWN1,-2.7008869402761952,Baseload
2021-04-18,SNOWTWN1,-20.05032538580369,Baseload
2021-04-25,SNOWTWN1,-10.253340770132908,Baseload
2021-05-02,SNOWTWN1,-15.161745963453441,Baseload
2021-05-09,SNOWTWN1,-12.817639296022492,Baseload
2021-05-16,SNOWTWN1,-22.460439445611115,Baseload
2021-05-23,SNOWTWN1,-82.23284012660153,Baseload
2021-05-30,SNOWTWN1,-21.611388618148894,Baseload
2021-06-06,SNOWTWN1,-26.95733991588807,Baseload
2021-06-13,SNOWTWN1,-21.480679057453465,Baseload
2021-06-20,SNOWTWN1,-9.098323180737864,Baseload
2021-06-27,SNOWTWN1,-17.540047729302273,Baseload
2021-07-04,SNOWTWN1,-14.924587028337228,Baseload
2021-07-11,SNOWTWN1,-55.0559954593256,Baseload
2021-07-18,SNOWTWN1,-5.769249104777764,Baseload
2021-07-25,SNOWTWN1,-19.05933502976515,Baseload
2021-08-01,SNOWTWN1,-0.3302156029440759,Baseload
2021-08-08,SNOWTWN1,-15.568808665179695,Baseload
2021-08-15,SNOWTWN1,-5.608523366152934,Baseload
2021-08-22,SNOWTWN1,-13.667529355378473,Baseload
2021-08-29,SNOWTWN1,-12.455202601101526,Baseload
2021-09-05,SNOWTWN1,12.287060379549544,Baseload
2021-09-12,SNOWTWN1,4.287376976679059,Baseload
2021-09-19,SNOWTWN1,4.363951355341655,Baseload
2021-09-26,SNOWTWN1,-1.1819594634080417,Baseload
2021-10-03,SNOWTWN1,-4.523325900538794,Baseload
2021-10-10,SNOWTWN1,9.70203015584923,Baseload
2021-10-17,SNOWTWN1,0.87930001861832,Baseload
2021-10-24,SNOWTWN1,17.67065524845094,Baseload
2021-10-31,SNOWTWN1,19.55996074006424,Baseload
2021-11-07,SNOWTWN1,-5.692119215561398,Baseload
2021-11-14,SNOWTWN1,14.352865489206621,Baseload
2021-11-21,SNOWTWN1,-11.890850446984704,Baseload
2021-11-28,SNOWTWN1,0.6991450488004034,Baseload
2021-12-05,SNOWTWN1,-13.39145644493722,Baseload
2021-12-12,SNOWTWN1,-2.282739160239771,Baseload
2021-12-19,SNOWTWN1,-40.83655132644071,Baseload
2021-12-26,SNOWTWN1,9.004313288533332,Baseload
2022-01-02,SNOWTWN1,-92.97740670731007,Baseload
2022-01-09,SNOWTWN1,7.138906261260033,Baseload
2022-01-16,SNOWTWN1,-43.36796601734119,Baseload
2022-01-23,SNOWTWN1,-2.676123081821963,Baseload
2022-01-30,SNOWTWN1,-33.4817438825842,Baseload
2022-02-06,SNOWTWN1,-41.208892544267925,Baseload
2022-02-13,SNOWTWN1,-2.5967167521928687,Baseload
2022-02-20,SNOWTWN1,3.5086480846265005,Baseload
2022-02-27,SNOWTWN1,4.815003736687004,Baseload
2022-03-06,SNOWTWN1,-12.879515889365045,Baseload
2022-03-13,SNOWTWN1,20.03418870027391,Baseload
2022-03-20,SNOWTWN1,-28.165308800459016,Baseload
2022-03-27,SNOWTWN1,-7.2107165218896085,Baseload
2022-04-03,SNOWTWN1,-2.3404316036252055,Baseload
2022-04-10,SNOWTWN1,-16.068947612292618,Baseload
2022-04-17,SNOWTWN1,-22.207741448922306,Baseload
2022-04-24,SNOWTWN1,-5.78187087603564,Baseload
2022-05-01,SNOWTWN1,-32.39434632212459,Baseload
2022-05-08,SNOWTWN1,-62.573592991921004,Baseload
2022-05-15,SNOWTWN1,-85.61395272475795,Baseload
2022-05-22,SNOWTWN1,-138.99770047882123,Baseload
2022-05-29,SNOWTWN1,-57.4993099163396,Baseload
2022-06-05,SNOWTWN1,-56.706876200132854,Baseload
2022-06-12,SNOWTWN1,-73.69387118196289,Baseload
2022-06-19,SNOWTWN1,-65.74007466015843,Baseload
2022-06-26,SNOWTWN1,-34.74108273280237,Baseload
2022-07-03,SNOWTWN1,-59.1353694990695,Baseload
2022-07-10,SNOWTWN1,-112.72957837067241,Baseload
2022-07-17,SNOWTWN1,-140.37999865506077,Baseload
2022-07-24,SNOWTWN1,-85.80343705893887,Baseload
2022-07-31,SNOWTWN1,-108.85826116489781,Baseload
2022-08-07,SNOWTWN1,-22.874056237328347,Baseload
2022-08-14,SNOWTWN1,-25.077414193719562,Baseload
2022-08-21,SNOWTWN1,-32.985420447004344,Baseload
2022-08-28,SNOWTWN1,-188.25348337146906,Baseload
2022-09-04,SNOWTWN1,-46.382038896826046,Baseload
2022-09-11,SNOWTWN1,-65.56965182626018,Baseload
2022-09-18,SNOWTWN1,-1.5252262099450036,Baseload
2022-09-25,SNOWTWN1,-22.94498438836257,Baseload
2022-10-02,SNOWTWN1,28.848348141628932,Baseload
2022-10-09,SNOWTWN1,-19.45871335966207,Baseload
2022-10-16,SNOWTWN1,-37.36585727023444,Baseload
2022-10-23,SNOWTWN1,31.087554850797687,Baseload
2022-10-30,SNOWTWN1,-22.09782767865414,Baseload
2022-11-06,SNOWTWN1,-12.045591739498612,Baseload
2022-11-13,SNOWTWN1,29.36785182239865,Baseload
2022-11-20,SNOWTWN1,3.5084583767223947,Baseload
2022-11-27,SNOWTWN1,2.580601658320468,Baseload
2022-12-04,SNOWTWN1,28.58489082354835,Baseload
2022-12-11,SNOWTWN1,4.558642398892829,Baseload
2022-12-18,SNOWTWN1,18.454516444334008,Baseload
2022-12-25,SNOWTWN1,5.431076418750372,Baseload
2023-01-01,SNOWTWN1,17.025862351515926,Baseload
2023-01-08,SNOWTWN1,11.473562829806227,Baseload
2023-01-15,SNOWTWN1,0.8853926670872312,Baseload
2023-01-22,SNOWTWN1,9.173371688423458,Baseload
2023-01-29,SNOWTWN1,-9.373653643497661,Baseload
2023-02-05,SNOWTWN1,22.79142696602031,Baseload
2023-02-12,SNOWTWN1,-10.162220074959208,Baseload
2023-02-19,SNOWTWN1,-62.28428470707033,Baseload
2023-02-26,SNOWTWN1,-30.150911172899903,Baseload
2023-03-05,SNOWTWN1,11.110064264473223,Baseload
2023-03-12,SNOWTWN1,17.95338158928201,Baseload
2023-03-19,SNOWTWN1,-1.2141537480146951,Baseload
2023-03-26,SNOWTWN1,-4.716506077366731,Baseload
2023-04-02,SNOWTWN1,-0.8623923646352978,Baseload
2023-04-09,SNOWTWN1,-25.483719777903524,Baseload
2023-04-16,SNOWTWN1,-10.267470482102034,Baseload
2023-04-23,SNOWTWN1,5.868392074501713,Baseload
2023-04-30,SNOWTWN1,-58.696509170505095,Baseload
2023-05-07,SNOWTWN1,-200.78605072576465,Baseload
2023-05-14,SNOWTWN1,-32.27994675320795,Baseload
2023-05-21,SNOWTWN1,-22.069365317265238,Baseload
2023-05-28,SNOWTWN1,-65.48271951109538,Baseload
2023-06-04,SNOWTWN1,-69.82572939919572,Baseload
2023-06-11,SNOWTWN1,-27.477101286667853,Baseload
2023-06-18,SNOWTWN1,4.526078927146516,Baseload
2023-06-25,SNOWTWN1,-17.751043448921536,Baseload
2023-07-02,SNOWTWN1,-64.71088244237816,Baseload
2023-07-09,SNOWTWN1,-42.24554353622819,Baseload
2023-07-16,SNOWTWN1,-37.55123834847451,Baseload
2023-07-23,SNOWTWN1,-33.117676972206425,Baseload
2023-07-30,SNOWTWN1,-47.01165968252984,Baseload
2023-08-06,SNOWTWN1,-64.17820537813833,Baseload
2023-08-13,SNOWTWN1,-290.0114235463877,Baseload
2023-08-20,SNOWTWN1,-53.0412554283988,Baseload
2023-08-27,SNOWTWN1,-19.910266626838656,Baseload
2023-09-03,SNOWTWN1,-53.802110296768134,Baseload
2023-09-10,SNOWTWN1,-12.711519745395911,Baseload
2023-09-17,SNOWTWN1,-22.076226986032843,Baseload
2023-09-24,SNOWTWN1,-13.964725877806313,Baseload
2023-10-01,SNOWTWN1,12.738768789047171,Baseload
2023-10-08,SNOWTWN1,13.493130126578428,Baseload
2023-10-15,SNOWTWN1,1.4245597670015897,Baseload
2023-10-22,SNOWTWN1,1.9137119603657986,Baseload
2023-10-29,SNOWTWN1,13.89817958478562,Baseload
2023-11-05,SNOWTWN1,37.32688405513238,Baseload
2023-11-12,SNOWTWN1,-0.8359260097214758,Baseload
2023-11-19,SNOWTWN1,38.19729979428248,Baseload
2023-11-26,SNOWTWN1,18.21680473709754,Baseload
2023-12-03,SNOWTWN1,14.232116988104188,Baseload
2023-12-10,SNOWTWN1,-1.095083578717393,Baseload
2023-12-17,SNOWTWN1,8.065232669450843,Baseload
2023-12-24,SNOWTWN1,25.350914237710484,Baseload
2023-12-31,SNOWTWN1,20.317110044524796,Baseload
2024-01-07,SNOWTWN1,9.932806960913759,Baseload
2024-01-14,SNOWTWN1,10.368013108022062,Baseload
2024-01-21,SNOWTWN1,8.929040881547163,Baseload
2024-01-28,SNOWTWN1,7.107934534513603,Baseload
2024-02-04,SNOWTWN1,17.468405039001297,Baseload
2024-02-11,SNOWTWN1,25.172987663250947,Baseload
2024-02-18,SNOWTWN1,20.074717748878143,Baseload
2024-02-25,SNOWTWN1,-47.989385415939324,Baseload
2024-03-03,SNOWTWN1,-17.394303580846504,Baseload
2024-03-10,SNOWTWN1,-16.879171268132794,Baseload
2024-03-17,SNOWTWN1,-34.18023873294757,Baseload
2024-03-24,SNOWTWN1,13.450147746472993,Baseload
2024-03-31,SNOWTWN1,12.942520111773227,Baseload
2024-04-07,SNOWTWN1,-12.913169289002546,Baseload
2024-04-14,SNOWTWN1,8.932707160455365,Baseload
2024-04-21,SNOWTWN1,1.4332841627936261,Baseload
2024-04-28,SNOWTWN1,-19.172663271217374,Baseload
2024-05-05,SNOWTWN1,-2.2312730357145085,Baseload
2024-05-12,SNOWTWN1,9.87406258462974,Baseload
2024-05-19,SNOWTWN1,-20.294645038531286,Baseload
2024-05-26,SNOWTWN1,-11.184219533121393,Baseload
2024-06-02,SNOWTWN1,-59.96297790563657,Baseload
2024-06-09,SNOWTWN1,-25.630669359456107,Baseload
2024-06-16,SNOWTWN1,-48.24582408206972,Baseload
2024-06-23,SNOWTWN1,-40.04303312258767,Baseload
2024-06-30,SNOWTWN1,-16.337058172259475,Baseload
2024-07-07,SNOWTWN1,-28.269101833288374,Baseload
2024-07-14,SNOWTWN1,-38.07991806018208,Baseload
2024-07-21,SNOWTWN1,-96.51680685324808,Baseload
2024-07-28,SNOWTWN1,-188.2934755830224,Baseload
2024-08-04,SNOWTWN1,-236.83734474557286,Baseload
2024-08-11,SNOWTWN1,-339.93067464334683,Baseload
2024-08-18,SNOWTWN1,-11.573041910262006,Baseload
2024-08-25,SNOWTWN1,-15.763914587979322,Baseload
2024-09-01,SNOWTWN1,-11.271423564243465,Baseload
2024-09-08,SNOWTWN1,-36.959234732481356,Baseload
2024-09-15,SNOWTWN1,2.3039839522775054,Baseload
2024-09-22,SNOWTWN1,-37.853976202485526,Baseload
2024-09-29,SNOWTWN1,-194.22032782772175,Baseload
2024-10-06,SNOWTWN1,31.882165764549462,Baseload
2024-10-13,SNOWTWN1,26.677496476699968,Baseload
2024-10-20,SNOWTWN1,-2.2089917217363606,Baseload
2024-10-27,SNOWTWN1,-13.936533156279559,Baseload
2024-11-03,SNOWTWN1,41.477362158838446,Baseload
2024-11-10,SNOWTWN1,9.92954006019447,Baseload
2024-11-17,SNOWTWN1,39.29501430938415,Baseload
2024-11-24,SNOWTWN1,15.695059129939509,Baseload
2024-12-01,SNOWTWN1,20.81357617200308,Baseload
2024-12-08,SNOWTWN1,1.1706968742639816,Baseload
2024-12-15,SNOWTWN1,27.22353534487027,Baseload
2024-12-22,SNOWTWN1,37.33493078412989,Baseload
2024-12-29,SNOWTWN1,17.020631476092266,Baseload
2025-01-05,SNOWTWN1,50.14935751811974,Baseload
2020-01-05,WATERLWF,-6.048055617414285,Baseload
2020-01-12,WATERLWF,-3.7853386025919846,Baseload
2020-01-19,WATERLWF,-8.396494331297141,Baseload
2020-01-26,WATERLWF,-11.023448805200644,Baseload
2020-02-02,WATERLWF,-104.69014626248808,Baseload
2020-02-09,WATERLWF,0.9400437934889716,Baseload
2020-02-16,WATERLWF,-57.628125914718254,Baseload
2020-02-23,WATERLWF,-41.74402755909715,Baseload
2020-03-01,WATERLWF,-33.980584509468756,Baseload
2020-03-08,WATERLWF,-33.308081340779,Baseload
2020-03-15,WATERLWF,-8.697547278023979,Baseload
2020-03-22,WATERLWF,-4.099510207428082,Baseload
2020-03-29,WATERLWF,-5.517410926299995,Baseload
2020-04-05,WATERLWF,-14.392398392343974,Baseload
2020-04-12,WATERLWF,-19.954080022024577,Baseload
2020-04-19,WATERLWF,-11.314327645758823,Baseload
2020-04-26,WATERLWF,-9.428511878736067,Baseload
2020-05-03,WATERLWF,-8.187981726432898,Baseload
2020-05-10,WATERLWF,-10.774608395913155,Baseload
2020-05-17,WATERLWF,-10.250510092449538,Baseload
2020-05-24,WATERLWF,-3.4382677686751606,Baseload
2020-05-31,WATERLWF,-10.268964727889923,Baseload
2020-06-07,WATERLWF,-11.256793419449892,Baseload
2020-06-14,WATERLWF,-31.35370676922529,Baseload
2020-06-21,WATERLWF,-7.135315159066053,Baseload
2020-06-28,WATERLWF,-7.563329170998529,Baseload
2020-07-05,WATERLWF,-3.898780956254569,Baseload
2020-07-12,WATERLWF,-7.824135836326093,Baseload
2020-07-19,WATERLWF,-15.460633062964597,Baseload
2020-07-26,WATERLWF,-11.233186494695794,Baseload
2020-08-02,WATERLWF,-8.328596485778611,Baseload
2020-08-09,WATERLWF,-6.399509068522896,Baseload
2020-08-16,WATERLWF,-3.6192567848700463,Baseload
2020-08-23,WATERLWF,-4.029442473169198,Baseload
2020-08-30,WATERLWF,-40.54855715951766,Baseload
2020-09-06,WATERLWF,-18.72223539297536,Baseload
2020-09-13,WATERLWF,-13.884609506039574,Baseload
2020-09-20,WATERLWF,-2.823650562917978,Baseload
2020-09-27,WATERLWF,-10.233861926966885,Baseload
2020-10-04,WATERLWF,-12.014466684716641,Baseload
2020-10-11,WATERLWF,-14.856864201712302,Baseload
2020-10-18,WATERLWF,-5.46396049291225,Baseload
2020-10-25,WATERLWF,-24.93498538463633,Baseload
2020-11-01,WATERLWF,-16.309183102702,Baseload
2020-11-08,WATERLWF,-10.344013032358838,Baseload
2020-11-15,WATERLWF,-6.620791529046297,Baseload
2020-11-22,WATERLWF,-15.600851148037087,Baseload
2020-11-29,WATERLWF,-6.7824972219616555,Baseload
2020-12-06,WATERLWF,-51.7902783704707,Baseload
2020-12-13,WATERLWF,-13.531292381906074,Baseload
2020-12-20,WATERLWF,-9.112862605180087,Baseload
2020-12-27,WATERLWF,-9.959335941309416,Baseload
2021-01-03,WATERLWF,-0.4705048281471278,Baseload
2021-01-10,WATERLWF,-2.448247144476788,Baseload
2021-01-17,WATERLWF,-2.156991449881744,Baseload
2021-01-24,WATERLWF,-14.220590898741186,Baseload
2021-01-31,WATERLWF,-11.29196863335965,Baseload
2021-02-07,WATERLWF,-8.858056256636418,Baseload
2021-02-14,WATERLWF,0.295688370494112,Baseload
2021-02-21,WATERLWF,-9.144114057926899,Baseload
2021-02-28,WATERLWF,-2.650735326892054,Baseload
2021-03-07,WATERLWF,-2.2712543306101978,Baseload
2021-03-14,WATERLWF,-140.19707664618957,Baseload
2021-03-21,WATERLWF,-16.478112780479734,Baseload
2021-03-28,WATERLWF,-16.748696609550233,Baseload
2021-04-04,WATERLWF,4.567820938882392,Baseload
2021-04-11,WATERLWF,-23.375556873939143,Baseload
2021-04-18,WATERLWF,-31.856240236355013,Baseload
2021-04-25,WATERLWF,-1.479152688302264,Baseload
2021-05-02,WATERLWF,-23.836877811563575,Baseload
2021-05-09,WATERLWF,-10.31693381461502,Baseload
2021-05-16,WATERLWF,-21.152804347615266,Baseload
2021-05-23,WATERLWF,-73.51403986612195,Baseload
2021-05-30,WATERLWF,-22.280744644338355,Baseload
2021-06-06,WATERLWF,-25.672702290325653,Baseload
2021-06-13,WATERLWF,-36.892853245006066,Baseload
2021-06-20,WATERLWF,-14.093100618912118,Baseload
2021-06-27,WATERLWF,-15.635530069813186,Baseload
2021-07-04,WATERLWF,-8.561523582399374,Baseload
2021-07-11,WATERLWF,-46.172182353928946,Baseload
2021-07-18,WATERLWF,-10.670647350312684,Baseload
2021-07-25,WATERLWF,-23.185537530823353,Baseload
2021-08-01,WATERLWF,-16.55830998292559,Baseload
2021-08-08,WATERLWF,-13.710692439159004,Baseload
2021-08-15,WATERLWF,-13.714772098487352,Baseload
2021-08-22,WATERLWF,-14.651384408020338,Baseload
2021-08-29,WATERLWF,-21.18980099683605,Baseload
2021-09-05,WATERLWF,-10.359728201997871,Baseload
2021-09-12,WATERLWF,-18.52256201039045,Baseload
2021-09-19,WATERLWF,-17.508394634401796,Baseload
2021-09-26,WATERLWF,-7.312646151948471,Baseload
2021-10-03,WATERLWF,-4.887849944755509,Baseload
2021-10-10,WATERLWF,-9.942573721151824,Baseload
2021-10-17,WATERLWF,-10.241880458918253,Baseload
2021-10-24,WATERLWF,0.3939078761870357,Baseload
2021-10-31,WATERLWF,67.35478415506793,Baseload
2021-11-07,WATERLWF,-9.867503342890824,Baseload
2021-11-14,WATERLWF,-3.114772138536477,Baseload
2021-11-21,WATERLWF,-31.560371000153197,Baseload
2021-11-28,WATERLWF,-8.49164328454603,Baseload
2021-12-05,WATERLWF,-13.680809146178731,Baseload
2021-12-12,WATERLWF,-5.095314426096685,Baseload
2021-12-19,WATERLWF,-58.87314948392301,Baseload
2021-12-26,WATERLWF,-6.869245894844395,Baseload
2022-01-02,WATERLWF,-103.88274406080677,Baseload
2022-01-09,WATERLWF,-1.7947649732120574,Baseload
2022-01-16,WATERLWF,-78.33841687289991,Baseload
2022-01-23,WATERLWF,-9.73811015089445,Baseload
2022-01-30,WATERLWF,-27.506561078375427,Baseload
2022-02-06,WATERLWF,-38.91524271961112,Baseload
2022-02-13,WATERLWF,-3.989351299679207,Baseload
2022-02-20,WATERLWF,-11.444944103091245,Baseload
2022-02-27,WATERLWF,-5.382047276954779,Baseload
2022-03-06,WATERLWF,-14.407026721063879,Baseload
2022-03-13,WATERLWF,-4.287329293205563,Baseload
2022-03-20,WATERLWF,-20.47825405709989,Baseload
2022-03-27,WATERLWF,-6.610293314985498,Baseload
2022-04-03,WATERLWF,-33.88783764637925,Baseload
2022-04-10,WATERLWF,-28.996732181292685,Baseload
2022-04-17,WATERLWF,-42.974331924836704,Baseload
2022-04-24,WATERLWF,-24.414031969539977,Baseload
2022-05-01,WATERLWF,-22.903088582437647,Baseload
2022-05-08,WATERLWF,-23.584220737688725,Baseload
2022-05-15,WATERLWF,-113.67458354166871,Baseload
2022-05-22,WATERLWF,-89.91783266380253,Baseload
2022-05-29,WATERLWF,-21.896442136524684,Baseload
2022-06-05,WATERLWF,-89.14407205756191,Baseload
2022-06-12,WATERLWF,-62.32729025192117,Baseload
2022-06-19,WATERLWF,-74.65872907254996,Baseload
2022-06-26,WATERLWF,-34.730049559756765,Baseload
2022-07-03,WATERLWF,-30.298560018641012,Baseload
2022-07-10,WATERLWF,-133.86623429391233,Baseload
2022-07-17,WATERLWF,-159.67567999929602,Baseload
2022-07-24,WATERLWF,-73.69333470169437,Baseload
2022-07-31,WATERLWF,-112.07657349016733,Baseload
2022-08-07,WATERLWF,-21.353345539066233,Baseload
2022-08-14,WATERLWF,-31.6139975653295,Baseload
2022-08-21,WATERLWF,-27.38050218214252,Baseload
2022-08-28,WATERLWF,-208.39855170879926,Baseload
2022-09-04,WATERLWF,-47.20697806344599,Baseload
2022-09-11,WATERLWF,-73.6382241229739,Baseload
2022-09-18,WATERLWF,-36.686964695615984,Baseload
2022-09-25,WATERLWF,-24.709896561841177,Baseload
2022-10-02,WATERLWF,20.344240164364905,Baseload
2022-10-09,WATERLWF,-25.960343843874696,Baseload
2022-10-16,WATERLWF,-54.05575180699333,Baseload
2022-10-23,WATERLWF,13.483198946510129,Baseload
2022-10-30,WATERLWF,-11.921050807927344,Baseload
2022-11-06,WATERLWF,-15.61019873122656,Baseload
2022-11-13,WATERLWF,-32.881313095957104,Baseload
2022-11-20,WATERLWF,-54.230146359411705,Baseload
2022-11-27,WATERLWF,-21.934739771007298,Baseload
2022-12-04,WATERLWF,14.205177197047902,Baseload
2022-12-11,WATERLWF,5.29022328590618,Baseload
2022-12-18,WATERLWF,7.071011383554259,Baseload
2022-12-25,WATERLWF,-24.27473271009751,Baseload
2023-01-01,WATERLWF,0.5290453247028353,Baseload
2023-01-08,WATERLWF,-14.045805512584032,Baseload
2023-01-15,WATERLWF,0.7786983436608779,Baseload
2023-01-22,WATERLWF,1.2579361097211716,Baseload
2023-01-29,WATERLWF,-21.814904938439028,Baseload
2023-02-05,WATERLWF,-37.84205942965351,Baseload
2023-02-12,WATERLWF,-23.747747765758973,Baseload
2023-02-19,WATERLWF,-64.99894308509573,Baseload
2023-02-26,WATERLWF,-18.273727992603554,Baseload
2023-03-05,WATERLWF,-23.306774540440365,Baseload
2023-03-12,WATERLWF,-27.70003439347707,Baseload
2023-03-19,WATERLWF,-10.32978295915035,Baseload
2023-03-26,WATERLWF,-5.713025879284231,Baseload
2023-04-02,WATERLWF,-3.9710368581453537,Baseload
2023-04-09,WATERLWF,-25.68689222513658,Baseload
2023-04-16,WATERLWF,-20.950533600916664,Baseload
2023-04-23,WATERLWF,-16.586061659539382,Baseload
2023-04-30,WATERLWF,-46.87558312665737,Baseload
2023-05-07,WATERLWF,-194.9595964412705,Baseload
2023-05-14,WATERLWF,-49.08326617167967,Baseload
2023-05-21,WATERLWF,-61.17386224685569,Baseload
2023-05-28,WATERLWF,-58.48020498940335,Baseload
2023-06-04,WATERLWF,-36.956146805749654,Baseload
2023-06-11,WATERLWF,-29.32276332904519,Baseload
2023-06-18,WATERLWF,-2.0229412473723496,Baseload
2023-06-25,WATERLWF,-27.075104042327894,Baseload
2023-07-02,WATERLWF,-89.51050801291832,Baseload
2023-07-09,WATERLWF,-47.03371673191897,Baseload
2023-07-16,WATERLWF,-34.06587919644793,Baseload
2023-07-23,WATERLWF,-28.360857517231643,Baseload
2023-07-30,WATERLWF,-46.03393579456249,Baseload
2023-08-06,WATERLWF,-87.45363824308735,Baseload
2023-08-13,WATERLWF,-231.89002078858258,Baseload
2023-08-20,WATERLWF,-60.21698424151426,Baseload
2023-08-27,WATERLWF,-18.249036599022432,Baseload
2023-09-03,WATERLWF,10.785620863406137,Baseload
2023-09-10,WATERLWF,-23.851409110450287,Baseload
2023-09-17,WATERLWF,-30.12128416547933,Baseload
2023-09-24,WATERLWF,-21.562193050824487,Baseload
2023-10-01,WATERLWF,-1.8007498187014122,Baseload
2023-10-08,WATERLWF,-4.020775081885784,Baseload
2023-10-15,WATERLWF,-11.195978780154132,Baseload
2023-10-22,WATERLWF,-12.443272011674523,Baseload
2023-10-29,WATERLWF,-29.05303015814304,Baseload
2023-11-05,WATERLWF,23.345634760807275,Baseload
2023-11-12,WATERLWF,-10.601102584452278,Baseload
2023-11-19,WATERLWF,12.15648443689421,Baseload
2023-11-26,WATERLWF,-13.116586617890423,Baseload
2023-12-03,WATERLWF,22.775322283512473,Baseload
2023-12-10,WATERLWF,13.04951419356847,Baseload
2023-12-17,WATERLWF,-10.204245314773019,Baseload
2023-12-24,WATERLWF,4.344696329648347,Baseload
2023-12-31,WATERLWF,6.076545550640253,Baseload
2024-01-07,WATERLWF,1.191202417484483,Baseload
2024-01-14,WATERLWF,-4.336424750256544,Baseload
2024-01-21,WATERLWF,-8.433016903871595,Baseload
2024-01-28,WATERLWF,-9.756767529440388,Baseload
2024-02-04,WATERLWF,3.7272626849291015,Baseload
2024-02-11,WATERLWF,10.22951041698153,Baseload
2024-02-18,WATERLWF,8.932736330332425,Baseload
2024-02-25,WATERLWF,-63.73987109968903,Baseload
2024-03-03,WATERLWF,-34.87952515074155,Baseload
2024-03-10,WATERLWF,-20.476497977025147,Baseload
2024-03-17,WATERLWF,-32.438396559268654,Baseload
2024-03-24,WATERLWF,12.160939000036187,Baseload
2024-03-31,WATERLWF,-1.3355520102418623,Baseload
2024-04-07,WATERLWF,-23.849677451043384,Baseload
2024-04-14,WATERLWF,-3.5732928111096953,Baseload
2024-04-21,WATERLWF,-22.677262416168276,Baseload
2024-04-28,WATERLWF,-29.947804325178616,Baseload
2024-05-05,WATERLWF,-8.876575186105967,Baseload
2024-05-12,WATERLWF,-4.915575552764182,Baseload
2024-05-19,WATERLWF,-8.943457224523854,Baseload
2024-05-26,WATERLWF,-3.7533019218236348,Baseload
2024-06-02,WATERLWF,-74.51065445653485,Baseload
2024-06-09,WATERLWF,-16.875925855665116,Baseload
2024-06-16,WATERLWF,-75.27426485875736,Baseload
2024-06-23,WATERLWF,-40.83197404790954,Baseload
2024-06-30,WATERLWF,-20.626889097404273,Baseload
2024-07-07,WATERLWF,-29.101969199276283,Baseload
2024-07-14,WATERLWF,-25.545493857223704,Baseload
2024-07-21,WATERLWF,-92.45269833043695,Baseload
2024-07-28,WATERLWF,-197.1540814684626,Baseload
2024-08-04,WATERLWF,-194.33307999377058,Baseload
2024-08-11,WATERLWF,-296.2918266988454,Baseload
2024-08-18,WATERLWF,-20.388939407130167,Baseload
2024-08-25,WATERLWF,-20.787802616374492,Baseload
2024-09-01,WATERLWF,-16.587015259296876,Baseload
2024-09-08,WATERLWF,-40.00316451978612,Baseload
2024-09-15,WATERLWF,-20.48712785590811,Baseload
2024-09-22,WATERLWF,-32.62833481991705,Baseload
2024-09-29,WATERLWF,-223.6235565971641,Baseload
2024-10-06,WATERLWF,-18.652928915056908,Baseload
2024-10-13,WATERLWF,13.576302576700826,Baseload
2024-10-20,WATERLWF,-16.52330105428224,Baseload
2024-10-27,WATERLWF,-64.9504143335448,Baseload
2024-11-03,WATERLWF,1.864033263874152,Baseload
2024-11-10,WATERLWF,-29.04058719875858,Baseload
2024-11-17,WATERLWF,-9.071055880216242,Baseload
2024-11-24,WATERLWF,7.5131131599165855,Baseload
2024-12-01,WATERLWF,-39.30944114310014,Baseload
2024-12-08,WATERLWF,-40.44750488357326,Baseload
2024-12-15,WATERLWF,4.948287807440323,Baseload
2024-12-22,WATERLWF,4.46231630365974,Baseload
2024-12-29,WATERLWF,-15.708016421874378,Baseload
2025-01-05,WATERLWF,-26.031118786288427,Baseload
2020-01-05,WGWF1,-8.118146344345377,Baseload
2020-01-12,WGWF1,2.1101322796188313,Baseload
2020-01-19,WGWF1,-9.115853615491048,Baseload
2020-01-26,WGWF1,-13.098360076654473,Baseload
2020-02-02,WGWF1,-1.8594487828927129,Baseload
2020-02-09,WGWF1,0.16589610288337653,Baseload
2020-02-16,WGWF1,-59.217559752532935,Baseload
2020-02-23,WGWF1,-32.75395459758134,Baseload
2020-03-01,WGWF1,-26.678010425973948,Baseload
2020-03-08,WGWF1,-53.03329235614433,Baseload
2020-03-15,WGWF1,-6.211248493273882,Baseload
2020-03-22,WGWF1,-4.06142259591185,Baseload
2020-03-29,WGWF1,-6.696795265523605,Baseload
2020-04-05,WGWF1,-16.237293055556446,Baseload
2020-04-12,WGWF1,-21.221323323539092,Baseload
2020-04-19,WGWF1,-12.215197506656,Baseload
2020-04-26,WGWF1,-10.633819461142178,Baseload
2020-05-03,WGWF1,-7.154626229433216,Baseload
2020-05-10,WGWF1,-10.651517435345081,Baseload
2020-05-17,WGWF1,-5.2805970371549265,Baseload
2020-05-24,WGWF1,-5.18777939161631,Baseload
2020-05-31,WGWF1,-9.864092118138384,Baseload
2020-06-07,WGWF1,-9.881345318639156,Baseload
2020-06-14,WGWF1,-31.20978987782903,Baseload
2020-06-21,WGWF1,-7.246872364267865,Baseload
2020-06-28,WGWF1,-7.36544462226037,Baseload
2020-07-05,WGWF1,-4.14964387399862,Baseload
2020-07-12,WGWF1,-10.203062016120846,Baseload
2020-07-19,WGWF1,-20.08719013436758,Baseload
2020-07-26,WGWF1,-15.633302327011656,Baseload
2020-08-02,WGWF1,-5.609266275744311,Baseload
2020-08-09,WGWF1,-5.887864009578593,Baseload
2020-08-16,WGWF1,-6.220090493592629,Baseload
2020-08-23,WGWF1,-4.570595757583455,Baseload
2020-08-30,WGWF1,-57.39528771874764,Baseload
2020-09-06,WGWF1,-18.62581414770015,Baseload
2020-09-13,WGWF1,-8.729262433177961,Baseload
2020-09-20,WGWF1,-8.47650739100813,Baseload
2020-09-27,WGWF1,-14.60232979302383,Baseload
2020-10-04,WGWF1,-11.30777348483156,Baseload
2020-10-11,WGWF1,-18.492740269324873,Baseload
2020-10-18,WGWF1,-5.924269616961752,Baseload
2020-10-25,WGWF1,-21.51416041154973,Baseload
2020-11-01,WGWF1,-16.405699368628024,Baseload
2020-11-08,WGWF1,-9.480286939802898,Baseload
2020-11-15,WGWF1,-5.5861844381479955,Baseload
2020-11-22,WGWF1,-13.977717702727123,Baseload
2020-11-29,WGWF1,-7.665848064309408,Baseload
2020-12-06,WGWF1,-15.918903397681925,Baseload
2020-12-13,WGWF1,-10.437089088263427,Baseload
2020-12-20,WGWF1,-8.202937036502465,Baseload
2020-12-27,WGWF1,-9.285079450422463,Baseload
2021-01-03,WGWF1,-2.2847394410746222,Baseload
2021-01-10,WGWF1,-5.904783926912124,Baseload
2021-01-17,WGWF1,-0.5246885136781216,Baseload
2021-01-24,WGWF1,-21.586540597651876,Baseload
2021-01-31,WGWF1,-6.036867751087648,Baseload
2021-02-07,WGWF1,-12.348114201161515,Baseload
2021-02-14,WGWF1,1.9464248234233565,Baseload
2021-02-21,WGWF1,-6.83811845691238,Baseload
2021-02-28,WGWF1,-2.4801259777455833,Baseload
2021-03-07,WGWF1,-2.6942814793156202,Baseload
2021-03-14,WGWF1,-148.54654926166907,Baseload
2021-03-21,WGWF1,-14.911668284989265,Baseload
2021-03-28,WGWF1,-15.9477020766471,Baseload
2021-04-04,WGWF1,3.2571829080052694,Baseload
2021-04-11,WGWF1,-19.927431731899077,Baseload
2021-04-18,WGWF1,-29.332202570426205,Baseload
2021-04-25,WGWF1,-8.06921727987249,Baseload
2021-05-02,WGWF1,-24.810345242736894,Baseload
2021-05-09,WGWF1,-14.824942972514428,Baseload
2021-05-16,WGWF1,-18.61341056396241,Baseload
2021-05-23,WGWF1,-84.52730940628231,Baseload
2021-05-30,WGWF1,-23.684708619802265,Baseload
2021-06-06,WGWF1,-26.827518356706634,Baseload
2021-06-13,WGWF1,-24.746933927534222,Baseload
2021-06-20,WGWF1,-9.682612800072704,Baseload
2021-06-27,WGWF1,-14.815831247273735,Baseload
2021-07-04,WGWF1,-9.79095342590908,Baseload
2021-07-11,WGWF1,-48.84016620529019,Baseload
2021-07-18,WGWF1,-17.89634673702733,Baseload
2021-07-25,WGWF1,-16.456790407882664,Baseload
2021-08-01,WGWF1,-18.3141568580697,Baseload
2021-08-08,WGWF1,-13.158897205756801,Baseload
2021-08-15,WGWF1,-13.604565236611514,Baseload
2021-08-22,WGWF1,-23.302872615845814,Baseload
2021-08-29,WGWF1,-21.14352945378439,Baseload
2021-09-05,WGWF1,-5.552767835426789,Baseload
2021-09-12,WGWF1,-16.327421514011828,Baseload
2021-09-19,WGWF1,-8.036060676172482,Baseload
2021-09-26,WGWF1,-7.4078495816967695,Baseload
2021-10-03,WGWF1,-9.181771165637384,Baseload
2021-10-10,WGWF1,-18.400371823821242,Baseload
2021-10-17,WGWF1,0.920079116639041,Baseload
2021-10-24,WGWF1,-2.4957886136712246,Baseload
2021-10-31,WGWF1,10.228540711591968,Baseload
2021-11-07,WGWF1,-14.166262907983104,Baseload
2021-11-14,WGWF1,-2.660530271760954,Baseload
2021-11-21,WGWF1,-36.99755145354758,Baseload
2021-11-28,WGWF1,-14.037281064290784,Baseload
2021-12-05,WGWF1,-19.797113975679153,Baseload
2021-12-12,WGWF1,-10.23327794064965,Baseload
2021-12-19,WGWF1,-75.79335098446302,Baseload
2021-12-26,WGWF1,-4.677477726592514,Baseload
2022-01-02,WGWF1,-107.84906682104652,Baseload
2022-01-09,WGWF1,-5.142234638921362,Baseload
2022-01-16,WGWF1,-80.71354682695166,Baseload
2022-01-23,WGWF1,-10.185002523957735,Baseload
2022-01-30,WGWF1,-32.27515504563151,Baseload
2022-02-06,WGWF1,-53.50716199913714,Baseload
2022-02-13,WGWF1,-6.0549279119858,Baseload
2022-02-20,WGWF1,-9.750997168976248,Baseload
2022-02-27,WGWF1,0.11842024778236748,Baseload
2022-03-06,WGWF1,-32.13153481279147,Baseload
2022-03-13,WGWF1,-6.739936863756682,Baseload
2022-03-20,WGWF1,-20.717102414294644,Baseload
2022-03-27,WGWF1,-7.1310880576228115,Baseload
2022-04-03,WGWF1,-40.63753464570947,Baseload
2022-04-10,WGWF1,-26.80567693866047,Baseload
2022-04-17,WGWF1,-46.146247759636296,Baseload
2022-04-24,WGWF1,-38.29580656107824,Baseload
2022-05-01,WGWF1,-31.949744481244153,Baseload
2022-05-08,WGWF1,-20.527574700154133,Baseload
2022-05-15,WGWF1,-130.97773133288058,Baseload
2022-05-22,WGWF1,-137.76793777168905,Baseload
2022-05-29,WGWF1,-54.18872865051276,Baseload
2022-06-05,WGWF1,-90.62743465505028,Baseload
2022-06-12,WGWF1,-62.342952083240505,Baseload
2022-06-19,WGWF1,-64.39651173298208,Baseload
2022-06-26,WGWF1,-36.62065060581921,Baseload
2022-07-03,WGWF1,-31.323428917113006,Baseload
2022-07-10,WGWF1,-127.83972665242413,Baseload
2022-07-17,WGWF1,-166.31303003803663,Baseload
2022-07-24,WGWF1,-74.14608909914767,Baseload
2022-07-31,WGWF1,-122.76733406455767,Baseload
2022-08-07,WGWF1,-20.650968376476193,Baseload
2022-08-14,WGWF1,-39.06103314716876,Baseload
2022-08-21,WGWF1,-30.56085308369714,Baseload
2022-08-28,WGWF1,-251.69239866557814,Baseload
2022-09-04,WGWF1,-59.51044300163804,Baseload
2022-09-11,WGWF1,-89.92936304609472,Baseload
2022-09-18,WGWF1,-47.63303961150575,Baseload
2022-09-25,WGWF1,-36.085174196198494,Baseload
2022-10-02,WGWF1,22.579431549799907,Baseload
2022-10-09,WGWF1,-18.172578075334258,Baseload
2022-10-16,WGWF1,-57.772977509139565,Baseload
2022-10-23,WGWF1,5.4489609719737615,Baseload
2022-10-30,WGWF1,-14.261167467908344,Baseload
2022-11-06,WGWF1,-24.958743243901104,Baseload
2022-11-13,WGWF1,-34.56973882099938,Baseload
2022-11-20,WGWF1,-61.17983846719848,Baseload
2022-11-27,WGWF1,-29.125334395198184,Baseload
2022-12-04,WGWF1,20.591148445073728,Baseload
2022-12-11,WGWF1,-1.5122420487109736,Baseload
2022-12-18,WGWF1,6.218411697584848,Baseload
2022-12-25,WGWF1,-22.564912988049727,Baseload
2023-01-01,WGWF1,8.78259900136026,Baseload
2023-01-08,WGWF1,-15.040976591294733,Baseload
2023-01-15,WGWF1,-1.7300960241679206,Baseload
2023-01-22,WGWF1,-2.282498200461532,Baseload
2023-01-29,WGWF1,-21.537935409498303,Baseload
2023-02-05,WGWF1,-25.18880167680895,Baseload
2023-02-12,WGWF1,-28.851601201766627,Baseload
2023-02-19,WGWF1,-65.77565939063851,Baseload
2023-02-26,WGWF1,-24.14865122158467,Baseload
2023-03-05,WGWF1,-15.159911881408306,Baseload
2023-03-12,WGWF1,-29.080476850776535,Baseload
2023-03-19,WGWF1,-18.08655693577338,Baseload
2023-03-26,WGWF1,4.16912262721371,Baseload
2023-04-02,WGWF1,-10.595909886549975,Baseload
2023-04-09,WGWF1,-26.550100476796104,Baseload
2023-04-16,WGWF1,-17.292094912295624,Baseload
2023-04-23,WGWF1,-4.196932022052891,Baseload
2023-04-30,WGWF1,-46.51696117003043,Baseload
2023-05-07,WGWF1,-206.6292587781766,Baseload
2023-05-14,WGWF1,-37.60695148308113,Baseload
2023-05-21,WGWF1,-50.207306680948136,Baseload
2023-05-28,WGWF1,-60.980575480138796,Baseload
2023-06-04,WGWF1,-54.2407336733166,Baseload
2023-06-11,WGWF1,-28.882166893450226,Baseload
2023-06-18,WGWF1,10.462926168106703,Baseload
2023-06-25,WGWF1,-30.086615760273837,Baseload
2023-07-02,WGWF1,-86.67593696496868,Baseload
2023-07-09,WGWF1,-50.98195204748176,Baseload
2023-07-16,WGWF1,-31.182649207408225,Baseload
2023-07-23,WGWF1,-28.821215528172857,Baseload
2023-07-30,WGWF1,-43.935666989343304,Baseload
2023-08-06,WGWF1,-73.97049057138341,Baseload
2023-08-13,WGWF1,-105.79667977627872,Baseload
2023-08-20,WGWF1,-54.99658467020338,Baseload
2023-08-27,WGWF1,-34.641587293457924,Baseload
2023-09-03,WGWF1,-21.599576966138585,Baseload
2023-09-10,WGWF1,-18.89044146839146,Baseload
2023-09-17,WGWF1,-38.73136804812927,Baseload
2023-09-24,WGWF1,-14.759597135776225,Baseload
2023-10-01,WGWF1,-28.776904642664682,Baseload
2023-10-08,WGWF1,-6.5894183799561326,Baseload
2023-10-15,WGWF1,-10.874696149912705,Baseload
2023-10-22,WGWF1,-14.347099782129698,Baseload
2023-10-29,WGWF1,-9.185712900317107,Baseload
2023-11-05,WGWF1,12.421082552144025,Baseload
2023-11-12,WGWF1,-4.082758101340943,Baseload
2023-11-19,WGWF1,24.70451372344524,Baseload
2023-11-26,WGWF1,-14.658195070865254,Baseload
2023-12-03,WGWF1,13.341455258356596,Baseload
2023-12-10,WGWF1,-21.674126394089427,Baseload
2023-12-17,WGWF1,-9.700859769704053,Baseload
2023-12-24,WGWF1,1.899511475258275,Baseload
2023-12-31,WGWF1,4.698610519870259,Baseload
2024-01-07,WGWF1,2.556931576744006,Baseload
2024-01-14,WGWF1,-1.0709937151305695,Baseload
2024-01-21,WGWF1,-7.918846081442927,Baseload
2024-01-28,WGWF1,-4.465732868493205,Baseload
2024-02-04,WGWF1,-0.35600390035227036,Baseload
2024-02-11,WGWF1,30.026644617440173,Baseload
2024-02-18,WGWF1,8.676266668797574,Baseload
2024-02-25,WGWF1,-23.4696239050606,Baseload
2024-03-03,WGWF1,-33.78818283759173,Baseload
2024-03-10,WGWF1,-16.81512509273273,Baseload
2024-03-17,WGWF1,-43.383885927513234,Baseload
2024-03-24,WGWF1,9.017864005976506,Baseload
2024-03-31,WGWF1,3.1466794565404044,Baseload
2024-04-07,WGWF1,-20.421670086913707,Baseload
2024-04-14,WGWF1,-12.054458779363188,Baseload
2024-04-21,WGWF1,-11.139829649414196,Baseload
2024-04-28,WGWF1,-29.561246437495868,Baseload
2024-05-05,WGWF1,-8.779894259803783,Baseload
2024-05-12,WGWF1,-2.1660761352149507,Baseload
2024-05-19,WGWF1,-16.2503176725061,Baseload
2024-05-26,WGWF1,-11.62395911455775,Baseload
2024-06-02,WGWF1,-71.55829255313898,Baseload
2024-06-09,WGWF1,-4.4290553197672295,Baseload
2024-06-16,WGWF1,-70.33074933249289,Baseload
2024-06-23,WGWF1,-37.95729320377964,Baseload
2024-06-30,WGWF1,-21.011859396467003,Baseload
2024-07-07,WGWF1,-34.62061362357446,Baseload
2024-07-14,WGWF1,-31.57136804500567,Baseload
2024-07-21,WGWF1,-92.12370057655832,Baseload
2024-07-28,WGWF1,-186.46005903162276,Baseload
2024-08-04,WGWF1,-179.00270276309965,Baseload
2024-08-11,WGWF1,-342.1857619412641,Baseload
2024-08-18,WGWF1,-21.08094363010151,Baseload
2024-08-25,WGWF1,-23.035066374316763,Baseload
2024-09-01,WGWF1,-19.24941239506419,Baseload
2024-09-08,WGWF1,-31.81224710225538,Baseload
2024-09-15,WGWF1,-20.516239961973753,Baseload
2024-09-22,WGWF1,-31.85479634400766,Baseload
2024-09-29,WGWF1,-225.98118545099817,Baseload
2024-10-06,WGWF1,-15.45652365604925,Baseload
2024-10-13,WGWF1,16.60644768132837,Baseload
2024-10-20,WGWF1,-8.140974994773181,Baseload
2024-10-27,WGWF1,-58.17469598067731,Baseload
2024-11-03,WGWF1,2.7351347293988084,Baseload
2024-11-10,WGWF1,-30.355176449930294,Baseload
2024-11-17,WGWF1,-13.321763527177836,Baseload
2024-11-24,WGWF1,8.238240498560984,Baseload
2024-12-01,WGWF1,-35.37337604265997,Baseload
2024-12-08,WGWF1,-44.80182493383526,Baseload
2024-12-15,WGWF1,2.015576367120147,Baseload
2024-12-22,WGWF1,7.677286588493558,Baseload
2024-12-29,WGWF1,-4.653366303423843,Baseload
2025-01-05,WGWF1,-33.67184875264261,Baseload
