Period,DUID,Delta,Contract
2020-01-05,BANN1,-4.206098705190854,Ex-post DWA
2020-01-12,BANN1,0.3356751356978478,Ex-post DWA
2020-01-19,BANN1,0.1379308516899087,Ex-post DWA
2020-01-26,BANN1,-5.895938725280274,Ex-post DWA
2020-02-02,BANN1,-170.7606786614594,Ex-post DWA
2020-02-09,BANN1,0.038504537307051834,Ex-post DWA
2020-02-16,BANN1,-1.436909126078838,Ex-post DWA
2020-02-23,BANN1,0.27352729892505323,Ex-post DWA
2020-03-01,BANN1,-0.20500854610011743,Ex-post DWA
2020-03-08,BANN1,-7.260673007884765,Ex-post DWA
2020-03-15,BANN1,2.507613444395581,Ex-post DWA
2020-03-22,BANN1,-9.394305166081601,Ex-post DWA
2020-03-29,BANN1,-0.6402150302205953,Ex-post DWA
2020-04-05,BANN1,-0.8408576031328892,Ex-post DWA
2020-04-12,BANN1,-1.9939266249496583,Ex-post DWA
2020-04-19,BANN1,-0.050443108979180806,Ex-post DWA
2020-04-26,BANN1,-1.5667374882485738,Ex-post DWA
2020-05-03,BANN1,0.12402853191798613,Ex-post DWA
2020-05-10,BANN1,-0.9628668273011023,Ex-post DWA
2020-05-17,BANN1,-0.6264783425430736,Ex-post DWA
2020-05-24,BANN1,0.34759924662024844,Ex-post DWA
2020-05-31,BANN1,-0.30275027794339593,Ex-post DWA
2020-06-07,BANN1,0.06356991463497508,Ex-post DWA
2020-06-14,BANN1,-1.3997691780841421,Ex-post DWA
2020-06-21,BANN1,-0.3118068148733357,Ex-post DWA
2020-06-28,BANN1,-0.7071537257548997,Ex-post DWA
2020-07-05,BANN1,-0.45905377829855354,Ex-post DWA
2020-07-12,BANN1,-2.719738735400554,Ex-post DWA
2020-07-19,BANN1,0.5362723656262247,Ex-post DWA
2020-07-26,BANN1,-0.5399051294671722,Ex-post DWA
2020-08-02,BANN1,-1.0818498469402371,Ex-post DWA
2020-08-09,BANN1,0.9043767953974395,Ex-post DWA
2020-08-16,BANN1,-1.3998118940980717,Ex-post DWA
2020-08-23,BANN1,0.3629584765526346,Ex-post DWA
2020-08-30,BANN1,-14.40453848790917,Ex-post DWA
2020-09-06,BANN1,-1.6283906265650678,Ex-post DWA
2020-09-13,BANN1,-0.4327947135144292,Ex-post DWA
2020-09-20,BANN1,1.7792833088242936,Ex-post DWA
2020-09-27,BANN1,-0.43534097067528066,Ex-post DWA
2020-10-04,BANN1,-9.103770216255468,Ex-post DWA
2020-10-11,BANN1,-0.32308666669591446,Ex-post DWA
2020-10-18,BANN1,-0.12984904928601537,Ex-post DWA
2020-10-25,BANN1,-1.421974742870617,Ex-post DWA
2020-11-01,BANN1,-0.565524687846505,Ex-post DWA
2020-11-08,BANN1,-1.048340438757954,Ex-post DWA
2020-11-15,BANN1,-1.0243282269043732,Ex-post DWA
2020-11-22,BANN1,-2.753518055219935,Ex-post DWA
2020-11-29,BANN1,-1.0616277222842925,Ex-post DWA
2020-12-06,BANN1,-1.7725639502942236,Ex-post DWA
2020-12-13,BANN1,-3.4431835948788887,Ex-post DWA
2020-12-20,BANN1,-4.60212480557124,Ex-post DWA
2020-12-27,BANN1,-0.7732910059293818,Ex-post DWA
2021-01-03,BANN1,-1.6142997674666781,Ex-post DWA
2021-01-10,BANN1,-2.7413256622849236,Ex-post DWA
2021-01-17,BANN1,-3.823068843748487,Ex-post DWA
2021-01-24,BANN1,-1.3433623510283859,Ex-post DWA
2021-01-31,BANN1,-4.268213023113829,Ex-post DWA
2021-02-07,BANN1,-1.7992267992011772,Ex-post DWA
2021-02-14,BANN1,-4.04891580097736,Ex-post DWA
2021-02-21,BANN1,-0.3169835654223867,Ex-post DWA
2021-02-28,BANN1,-0.40980548636110825,Ex-post DWA
2021-03-07,BANN1,-0.3041299882652986,Ex-post DWA
2021-03-14,BANN1,0.19652249596202154,Ex-post DWA
2021-03-21,BANN1,-1.6868176492690594,Ex-post DWA
2021-03-28,BANN1,-0.6517357226247391,Ex-post DWA
2021-04-04,BANN1,-0.2026435413813399,Ex-post DWA
2021-04-11,BANN1,-7.540838799713561,Ex-post DWA
2021-04-18,BANN1,-0.7251535007931587,Ex-post DWA
2021-04-25,BANN1,-0.6014538336684083,Ex-post DWA
2021-05-02,BANN1,-1.802374153373826,Ex-post DWA
2021-05-09,BANN1,0.7961897045251973,Ex-post DWA
2021-05-16,BANN1,0.542905237813514,Ex-post DWA
2021-05-23,BANN1,-4.044344285213128,Ex-post DWA
2021-05-30,BANN1,-0.1516380213293118,Ex-post DWA
2021-06-06,BANN1,-3.3925095082870698,Ex-post DWA
2021-06-13,BANN1,-4.269663600389279,Ex-post DWA
2021-06-20,BANN1,1.2047786833609138,Ex-post DWA
2021-06-27,BANN1,-1.2436514910500733,Ex-post DWA
2021-07-04,BANN1,-1.2108497334382804,Ex-post DWA
2021-07-11,BANN1,-45.17876309684122,Ex-post DWA
2021-07-18,BANN1,12.439898473865526,Ex-post DWA
2021-07-25,BANN1,-1.6703385012235543,Ex-post DWA
2021-08-01,BANN1,-11.350404364392745,Ex-post DWA
2021-08-08,BANN1,-3.9014601854851954,Ex-post DWA
2021-08-15,BANN1,-8.24525597705617,Ex-post DWA
2021-08-22,BANN1,-5.083306977701916,Ex-post DWA
2021-08-29,BANN1,-0.6501065331094722,Ex-post DWA
2021-09-05,BANN1,-5.451764511198535,Ex-post DWA
2021-09-12,BANN1,-3.128603535787227,Ex-post DWA
2021-09-19,BANN1,-5.20425724550606,Ex-post DWA
2021-09-26,BANN1,-6.372120722234109,Ex-post DWA
2021-10-03,BANN1,3.1226695826177853,Ex-post DWA
2021-10-10,BANN1,-6.214198018809011,Ex-post DWA
2021-10-17,BANN1,-5.231855193872081,Ex-post DWA
2021-10-24,BANN1,-6.174661122103553,Ex-post DWA
2021-10-31,BANN1,-4.172166427045379,Ex-post DWA
2021-11-07,BANN1,-0.793442015414378,Ex-post DWA
2021-11-14,BANN1,-4.918743874732858,Ex-post DWA
2021-11-21,BANN1,-2.502057187804059,Ex-post DWA
2021-11-28,BANN1,-21.732659657990016,Ex-post DWA
2021-12-05,BANN1,19.849479041674527,Ex-post DWA
2021-12-12,BANN1,12.223423008524886,Ex-post DWA
2021-12-19,BANN1,5.44556395657435,Ex-post DWA
2021-12-26,BANN1,-6.083566528379466,Ex-post DWA
2022-01-02,BANN1,-7.265235416247576,Ex-post DWA
2022-01-09,BANN1,2.4357957127202745,Ex-post DWA
2022-01-16,BANN1,3.1843650347538173,Ex-post DWA
2022-01-23,BANN1,-7.643408065945122,Ex-post DWA
2022-01-30,BANN1,-0.7046714491441577,Ex-post DWA
2022-02-06,BANN1,-15.70827918041742,Ex-post DWA
2022-02-13,BANN1,-4.434899979488584,Ex-post DWA
2022-02-20,BANN1,-1.2491525544870825,Ex-post DWA
2022-02-27,BANN1,0.8619100360801184,Ex-post DWA
2022-03-06,BANN1,-13.10799245875993,Ex-post DWA
2022-03-13,BANN1,-10.432888422221858,Ex-post DWA
2022-03-20,BANN1,-0.8700948598057039,Ex-post DWA
2022-03-27,BANN1,5.413674079957396,Ex-post DWA
2022-04-03,BANN1,-12.156972219723576,Ex-post DWA
2022-04-10,BANN1,7.265655591010727,Ex-post DWA
2022-04-17,BANN1,-4.425373770664095,Ex-post DWA
2022-04-24,BANN1,-6.160272354312312,Ex-post DWA
2022-05-01,BANN1,-6.336650143333671,Ex-post DWA
2022-05-08,BANN1,-9.70487141280411,Ex-post DWA
2022-05-15,BANN1,-30.639126504533465,Ex-post DWA
2022-05-22,BANN1,17.06976638156445,Ex-post DWA
2022-05-29,BANN1,0.04544933605814094,Ex-post DWA
2022-06-05,BANN1,-37.48540348687527,Ex-post DWA
2022-06-12,BANN1,-5.219099888325246,Ex-post DWA
2022-06-19,BANN1,-0.3995463443016547,Ex-post DWA
2022-06-26,BANN1,2.6898447644840644,Ex-post DWA
2022-07-03,BANN1,0.9628184681171206,Ex-post DWA
2022-07-10,BANN1,-9.721443930927705,Ex-post DWA
2022-07-17,BANN1,-38.5288505255499,Ex-post DWA
2022-07-24,BANN1,-25.377630163056608,Ex-post DWA
2022-07-31,BANN1,1.033112501325462,Ex-post DWA
2022-08-07,BANN1,-2.860158818205967,Ex-post DWA
2022-08-14,BANN1,-7.346441837440437,Ex-post DWA
2022-08-21,BANN1,-4.704707379053005,Ex-post DWA
2022-08-28,BANN1,-19.214632435420043,Ex-post DWA
2022-09-04,BANN1,2.9894472007157518,Ex-post DWA
2022-09-11,BANN1,-25.142236805121563,Ex-post DWA
2022-09-18,BANN1,5.460114114616275,Ex-post DWA
2022-09-25,BANN1,-1.3597780542305316,Ex-post DWA
2022-10-02,BANN1,-5.4661073149339,Ex-post DWA
2022-10-09,BANN1,-0.10502827974018203,Ex-post DWA
2022-10-16,BANN1,-3.2050844087789194,Ex-post DWA
2022-10-23,BANN1,0.41080588241347016,Ex-post DWA
2022-10-30,BANN1,-11.754972536796068,Ex-post DWA
2022-11-06,BANN1,-9.950960544127783,Ex-post DWA
2022-11-13,BANN1,9.633448753618417,Ex-post DWA
2022-11-20,BANN1,-12.813613308688517,Ex-post DWA
2022-11-27,BANN1,-12.512651244193243,Ex-post DWA
2022-12-04,BANN1,-10.349804919621578,Ex-post DWA
2022-12-11,BANN1,-12.18007461167466,Ex-post DWA
2022-12-18,BANN1,-9.12489977170359,Ex-post DWA
2022-12-25,BANN1,-1.250108746415008,Ex-post DWA
2023-01-01,BANN1,-1.9902079273340831,Ex-post DWA
2023-01-08,BANN1,-9.420102808866336,Ex-post DWA
2023-01-15,BANN1,-9.896974269520435,Ex-post DWA
2023-01-22,BANN1,-3.680727942512423,Ex-post DWA
2023-01-29,BANN1,-7.907438498081957,Ex-post DWA
2023-02-05,BANN1,-6.381228217773707,Ex-post DWA
2023-02-12,BANN1,2.244692542948865,Ex-post DWA
2023-02-19,BANN1,6.822276640514389,Ex-post DWA
2023-02-26,BANN1,-0.33817610779137297,Ex-post DWA
2023-03-05,BANN1,-0.3281200031447291,Ex-post DWA
2023-03-12,BANN1,-4.368929495894071,Ex-post DWA
2023-03-19,BANN1,-9.247191938454213,Ex-post DWA
2023-03-26,BANN1,-2.2923346236046243,Ex-post DWA
2023-04-02,BANN1,-1.324188835311496,Ex-post DWA
2023-04-09,BANN1,-3.5516922651810603,Ex-post DWA
2023-04-16,BANN1,-6.176319936735837,Ex-post DWA
2023-04-23,BANN1,-1.360953278174442,Ex-post DWA
2023-04-30,BANN1,0.7786214880758315,Ex-post DWA
2023-05-07,BANN1,-3.809505279264755,Ex-post DWA
2023-05-14,BANN1,-6.522573109462471,Ex-post DWA
2023-05-21,BANN1,-0.48749252487320405,Ex-post DWA
2023-05-28,BANN1,-4.208497989645622,Ex-post DWA
2023-06-04,BANN1,-1.8361674717633818,Ex-post DWA
2023-06-11,BANN1,-4.628264411960817,Ex-post DWA
2023-06-18,BANN1,-3.324635520229185,Ex-post DWA
2023-06-25,BANN1,-8.189415346055462,Ex-post DWA
2023-07-02,BANN1,-0.0019937606215947312,Ex-post DWA
2023-07-09,BANN1,-13.33667739676186,Ex-post DWA
2023-07-16,BANN1,-6.642903876497321,Ex-post DWA
2023-07-23,BANN1,-2.0567653554833996,Ex-post DWA
2023-07-30,BANN1,-9.921654342045503,Ex-post DWA
2023-08-06,BANN1,-3.992502465721712,Ex-post DWA
2023-08-13,BANN1,-0.9979773053983365,Ex-post DWA
2023-08-20,BANN1,-13.267408339760923,Ex-post DWA
2023-08-27,BANN1,-2.3102359223299427,Ex-post DWA
2023-09-03,BANN1,-9.725190986718285,Ex-post DWA
2023-09-10,BANN1,-8.067196940130202,Ex-post DWA
2023-09-17,BANN1,-9.11397955209437,Ex-post DWA
2023-09-24,BANN1,-3.619349200692354,Ex-post DWA
2023-10-01,BANN1,-34.00106147724814,Ex-post DWA
2023-10-08,BANN1,0.1976103995181685,Ex-post DWA
2023-10-15,BANN1,-10.839899442203977,Ex-post DWA
2023-10-22,BANN1,-6.654688721444864,Ex-post DWA
2023-10-29,BANN1,-21.843503407213618,Ex-post DWA
2023-11-05,BANN1,-23.96879768150672,Ex-post DWA
2023-11-12,BANN1,-5.410685567390091,Ex-post DWA
2023-11-19,BANN1,-18.58074517452006,Ex-post DWA
2023-11-26,BANN1,-2.3773909366980686,Ex-post DWA
2023-12-03,BANN1,-4.189186494265488,Ex-post DWA
2023-12-10,BANN1,3.860054807732471,Ex-post DWA
2023-12-17,BANN1,-20.87212900305395,Ex-post DWA
2023-12-24,BANN1,-14.839704446507664,Ex-post DWA
2023-12-31,BANN1,-16.1029929338974,Ex-post DWA
2024-01-07,BANN1,-5.84621134515515,Ex-post DWA
2024-01-14,BANN1,-2.397522571302484,Ex-post DWA
2024-01-21,BANN1,-15.695422656874307,Ex-post DWA
2024-01-28,BANN1,-39.06084746387671,Ex-post DWA
2024-02-04,BANN1,-8.697261994532655,Ex-post DWA
2024-02-11,BANN1,-7.248210465248695,Ex-post DWA
2024-02-18,BANN1,144.68063270464057,Ex-post DWA
2024-02-25,BANN1,-31.187904258531375,Ex-post DWA
2024-03-03,BANN1,-13.201312586238325,Ex-post DWA
2024-03-10,BANN1,10.139506208259952,Ex-post DWA
2024-03-17,BANN1,12.686958312604474,Ex-post DWA
2024-03-24,BANN1,-2.530563921868309,Ex-post DWA
2024-03-31,BANN1,15.644010366929436,Ex-post DWA
2024-04-07,BANN1,-0.1818407399586519,Ex-post DWA
2024-04-14,BANN1,34.625583983059585,Ex-post DWA
2024-04-21,BANN1,-0.8994881447255807,Ex-post DWA
2024-04-28,BANN1,-9.552932441044975,Ex-post DWA
2024-05-05,BANN1,-2.806470225645043,Ex-post DWA
2024-05-12,BANN1,8.518876013979678,Ex-post DWA
2024-05-19,BANN1,-4.090040839584617,Ex-post DWA
2024-05-26,BANN1,-1.092972250182953,Ex-post DWA
2024-06-02,BANN1,-3.099377831683718,Ex-post DWA
2024-06-09,BANN1,-0.5990885314530203,Ex-post DWA
2024-06-16,BANN1,-4.60709402306604,Ex-post DWA
2024-06-23,BANN1,-0.14904122889998916,Ex-post DWA
2024-06-30,BANN1,6.44214459492499,Ex-post DWA
2024-07-07,BANN1,-16.350702559426026,Ex-post DWA
2024-07-14,BANN1,-3.5257503821437695,Ex-post DWA
2024-07-21,BANN1,-8.373588131940366,Ex-post DWA
2024-07-28,BANN1,-6.477203135087272,Ex-post DWA
2024-08-04,BANN1,0.44563192253288264,Ex-post DWA
2024-08-11,BANN1,-13.171257665754581,Ex-post DWA
2024-08-18,BANN1,6.312206626914872,Ex-post DWA
2024-08-25,BANN1,-14.502338614315423,Ex-post DWA
2024-09-01,BANN1,-3.6298228428264423,Ex-post DWA
2024-09-08,BANN1,-2.6368174725019315,Ex-post DWA
2024-09-15,BANN1,-6.16777282730812,Ex-post DWA
2024-09-22,BANN1,-6.923083295647363,Ex-post DWA
2024-09-29,BANN1,-4.0949846417278275,Ex-post DWA
2024-10-06,BANN1,0.03430890755961258,Ex-post DWA
2024-10-13,BANN1,-14.077229463967171,Ex-post DWA
2024-10-20,BANN1,-3.841390423352639,Ex-post DWA
2024-10-27,BANN1,-11.800423909552919,Ex-post DWA
2024-11-03,BANN1,-18.609599506760055,Ex-post DWA
2024-11-10,BANN1,0.17603705078744092,Ex-post DWA
2024-11-17,BANN1,-23.07356742972106,Ex-post DWA
2024-11-24,BANN1,1.454687562516913,Ex-post DWA
2024-12-01,BANN1,-6.292435771357461,Ex-post DWA
2024-12-08,BANN1,-20.29112358628046,Ex-post DWA
2024-12-15,BANN1,13.385457402805866,Ex-post DWA
2024-12-22,BANN1,-26.455615185705383,Ex-post DWA
2024-12-29,BANN1,-9.724535383595125,Ex-post DWA
2025-01-05,BANN1,-7.083051439526924,Ex-post DWA
2020-01-05,GANNSF1,-2.0844644749919254,Ex-post DWA
2020-01-12,GANNSF1,1.3636459735769506,Ex-post DWA
2020-01-19,GANNSF1,-0.7562427653230728,Ex-post DWA
2020-01-26,GANNSF1,-3.56113831896738,Ex-post DWA
2020-02-02,GANNSF1,71.10787078886892,Ex-post DWA
2020-02-09,GANNSF1,0.12728221395610717,Ex-post DWA
2020-02-16,GANNSF1,1.0990438869331811,Ex-post DWA
2020-02-23,GANNSF1,-0.19396117773110433,Ex-post DWA
2020-03-01,GANNSF1,-0.42198028804372,Ex-post DWA
2020-03-08,GANNSF1,-0.4471925544256621,Ex-post DWA
2020-03-15,GANNSF1,-0.8584957213761868,Ex-post DWA
2020-03-22,GANNSF1,0.25215294349924733,Ex-post DWA
2020-03-29,GANNSF1,0.3193379577513724,Ex-post DWA
2020-04-05,GANNSF1,-0.6080773942549484,Ex-post DWA
2020-04-12,GANNSF1,0.4769330580964706,Ex-post DWA
2020-04-19,GANNSF1,0.14614705894675595,Ex-post DWA
2020-04-26,GANNSF1,-0.5652978406332938,Ex-post DWA
2020-05-03,GANNSF1,0.8334976877204987,Ex-post DWA
2020-05-10,GANNSF1,-0.25171440977538495,Ex-post DWA
2020-05-17,GANNSF1,-0.07745430424679256,Ex-post DWA
2020-05-24,GANNSF1,-2.1018146944752374,Ex-post DWA
2020-05-31,GANNSF1,-0.9970921994513446,Ex-post DWA
2020-06-07,GANNSF1,-0.37390052066563584,Ex-post DWA
2020-06-14,GANNSF1,-1.7306466641505125,Ex-post DWA
2020-06-21,GANNSF1,1.3652441417631493,Ex-post DWA
2020-06-28,GANNSF1,0.49859146170436475,Ex-post DWA
2020-07-05,GANNSF1,-0.7527627290913372,Ex-post DWA
2020-07-12,GANNSF1,8.190092657906078,Ex-post DWA
2020-07-19,GANNSF1,1.3128882549609813,Ex-post DWA
2020-07-26,GANNSF1,-0.2094462686270191,Ex-post DWA
2020-08-02,GANNSF1,6.465732660881756,Ex-post DWA
2020-08-09,GANNSF1,-1.3660032324772189,Ex-post DWA
2020-08-16,GANNSF1,0.3525329122770131,Ex-post DWA
2020-08-23,GANNSF1,0.16767762546642473,Ex-post DWA
2020-08-30,GANNSF1,-13.187017363260194,Ex-post DWA
2020-09-06,GANNSF1,3.654030527410093,Ex-post DWA
2020-09-13,GANNSF1,-1.6325637452690032,Ex-post DWA
2020-09-20,GANNSF1,0.6252674590474356,Ex-post DWA
2020-09-27,GANNSF1,0.604074341392284,Ex-post DWA
2020-10-04,GANNSF1,-6.466928691990841,Ex-post DWA
2020-10-11,GANNSF1,-0.3548531197103131,Ex-post DWA
2020-10-18,GANNSF1,0.5938175925377607,Ex-post DWA
2020-10-25,GANNSF1,-0.6386191365869678,Ex-post DWA
2020-11-01,GANNSF1,1.2188435713007166,Ex-post DWA
2020-11-08,GANNSF1,1.8596129135550044,Ex-post DWA
2020-11-15,GANNSF1,-1.1098338989485868,Ex-post DWA
2020-11-22,GANNSF1,0.42492633892344855,Ex-post DWA
2020-11-29,GANNSF1,-3.3814776997447353,Ex-post DWA
2020-12-06,GANNSF1,-4.445712628675857,Ex-post DWA
2020-12-13,GANNSF1,-0.6549125210778914,Ex-post DWA
2020-12-20,GANNSF1,-0.3672146419159219,Ex-post DWA
2020-12-27,GANNSF1,-1.260727764434355,Ex-post DWA
2021-01-03,GANNSF1,1.2318823439333784,Ex-post DWA
2021-01-10,GANNSF1,-0.2567433111990045,Ex-post DWA
2021-01-17,GANNSF1,-3.2093889245237994,Ex-post DWA
2021-01-24,GANNSF1,-0.09714388452399447,Ex-post DWA
2021-01-31,GANNSF1,-2.438440793079967,Ex-post DWA
2021-02-07,GANNSF1,-1.4281711460025202,Ex-post DWA
2021-02-14,GANNSF1,-2.1634153300244936,Ex-post DWA
2021-02-21,GANNSF1,0.8954575264666005,Ex-post DWA
2021-02-28,GANNSF1,0.07635917173734974,Ex-post DWA
2021-03-07,GANNSF1,0.816173932444535,Ex-post DWA
2021-03-14,GANNSF1,0.1390506045407065,Ex-post DWA
2021-03-21,GANNSF1,-0.142906805646966,Ex-post DWA
2021-03-28,GANNSF1,-2.8622376495947854,Ex-post DWA
2021-04-04,GANNSF1,0.8796747019112985,Ex-post DWA
2021-04-11,GANNSF1,-1.8660136085400794,Ex-post DWA
2021-04-18,GANNSF1,2.0185292645555464,Ex-post DWA
2021-04-25,GANNSF1,4.9216594301887895,Ex-post DWA
2021-05-02,GANNSF1,-0.025045396490263272,Ex-post DWA
2021-05-09,GANNSF1,-0.006526463067210386,Ex-post DWA
2021-05-16,GANNSF1,1.9706020059384954,Ex-post DWA
2021-05-23,GANNSF1,-2.3713958329824862,Ex-post DWA
2021-05-30,GANNSF1,1.6579554469904991,Ex-post DWA
2021-06-06,GANNSF1,5.114977964209082,Ex-post DWA
2021-06-13,GANNSF1,10.882411463951136,Ex-post DWA
2021-06-20,GANNSF1,2.2840313863503496,Ex-post DWA
2021-06-27,GANNSF1,-0.004434941319587438,Ex-post DWA
2021-07-04,GANNSF1,-0.010472264970893264,Ex-post DWA
2021-07-11,GANNSF1,-41.265725415682354,Ex-post DWA
2021-07-18,GANNSF1,9.888921666589184,Ex-post DWA
2021-07-25,GANNSF1,-6.850236901387845,Ex-post DWA
2021-08-01,GANNSF1,-8.880069163517827,Ex-post DWA
2021-08-08,GANNSF1,-26.404829866105118,Ex-post DWA
2021-08-15,GANNSF1,-16.120605831980846,Ex-post DWA
2021-08-22,GANNSF1,-5.664157683931578,Ex-post DWA
2021-08-29,GANNSF1,-0.5583359728174315,Ex-post DWA
2021-09-05,GANNSF1,-4.791016207289491,Ex-post DWA
2021-09-12,GANNSF1,-4.868266413685599,Ex-post DWA
2021-09-19,GANNSF1,-3.716172618535626,Ex-post DWA
2021-09-26,GANNSF1,-7.298135702513554,Ex-post DWA
2021-10-03,GANNSF1,-1.9146460192880035,Ex-post DWA
2021-10-10,GANNSF1,-4.8673368546936615,Ex-post DWA
2021-10-17,GANNSF1,-3.9009089734141695,Ex-post DWA
2021-10-24,GANNSF1,-5.982933332667519,Ex-post DWA
2021-10-31,GANNSF1,-3.1154018566891004,Ex-post DWA
2021-11-07,GANNSF1,0.676334004718413,Ex-post DWA
2021-11-14,GANNSF1,-3.566864933851642,Ex-post DWA
2021-11-21,GANNSF1,-3.2891736018242206,Ex-post DWA
2021-11-28,GANNSF1,-6.090619816075382,Ex-post DWA
2021-12-05,GANNSF1,-11.737786603980538,Ex-post DWA
2021-12-12,GANNSF1,-1.7661664983167125,Ex-post DWA
2021-12-19,GANNSF1,-7.463050689657223,Ex-post DWA
2021-12-26,GANNSF1,-3.497812541541368,Ex-post DWA
2022-01-02,GANNSF1,-24.715726140218994,Ex-post DWA
2022-01-09,GANNSF1,15.065430603872649,Ex-post DWA
2022-01-16,GANNSF1,-2.9479783094039647,Ex-post DWA
2022-01-23,GANNSF1,-5.096712819817436,Ex-post DWA
2022-01-30,GANNSF1,1.455560461708231,Ex-post DWA
2022-02-06,GANNSF1,0.15289356152125322,Ex-post DWA
2022-02-13,GANNSF1,-5.405067752130758,Ex-post DWA
2022-02-20,GANNSF1,-3.7761633398639773,Ex-post DWA
2022-02-27,GANNSF1,-6.159630980138424,Ex-post DWA
2022-03-06,GANNSF1,-17.291451808421023,Ex-post DWA
2022-03-13,GANNSF1,-7.2155322939017585,Ex-post DWA
2022-03-20,GANNSF1,-1.0811714625551474,Ex-post DWA
2022-03-27,GANNSF1,-5.364088264907178,Ex-post DWA
2022-04-03,GANNSF1,-4.305871231440435,Ex-post DWA
2022-04-10,GANNSF1,-6.9328970585690115,Ex-post DWA
2022-04-17,GANNSF1,-4.145601747005827,Ex-post DWA
2022-04-24,GANNSF1,-5.956045362301424,Ex-post DWA
2022-05-01,GANNSF1,-12.495178964195532,Ex-post DWA
2022-05-08,GANNSF1,-5.460698201704503,Ex-post DWA
2022-05-15,GANNSF1,-7.731752708097616,Ex-post DWA
2022-05-22,GANNSF1,-0.9687153881363315,Ex-post DWA
2022-05-29,GANNSF1,-4.643600634980487,Ex-post DWA
2022-06-05,GANNSF1,15.236034484073741,Ex-post DWA
2022-06-12,GANNSF1,3.347323396401464,Ex-post DWA
2022-06-19,GANNSF1,12.896068316979864,Ex-post DWA
2022-06-26,GANNSF1,-0.5786949221105715,Ex-post DWA
2022-07-03,GANNSF1,4.51089333255851,Ex-post DWA
2022-07-10,GANNSF1,-2.7499660250755937,Ex-post DWA
2022-07-17,GANNSF1,11.94824782922774,Ex-post DWA
2022-07-24,GANNSF1,-12.71886247005159,Ex-post DWA
2022-07-31,GANNSF1,-11.537986244040724,Ex-post DWA
2022-08-07,GANNSF1,-12.330693720524724,Ex-post DWA
2022-08-14,GANNSF1,-14.5422071716131,Ex-post DWA
2022-08-21,GANNSF1,-6.013405922396572,Ex-post DWA
2022-08-28,GANNSF1,-8.273621841206193,Ex-post DWA
2022-09-04,GANNSF1,-4.8427290797638705,Ex-post DWA
2022-09-11,GANNSF1,-6.045550763924496,Ex-post DWA
2022-09-18,GANNSF1,-7.340998423960208,Ex-post DWA
2022-09-25,GANNSF1,-19.124300519471973,Ex-post DWA
2022-10-02,GANNSF1,-9.861111153697777,Ex-post DWA
2022-10-09,GANNSF1,-8.042070846248613,Ex-post DWA
2022-10-16,GANNSF1,-1.42975490394765,Ex-post DWA
2022-10-23,GANNSF1,-5.506983240319194,Ex-post DWA
2022-10-30,GANNSF1,-20.283801770575643,Ex-post DWA
2022-11-06,GANNSF1,-4.504102018150332,Ex-post DWA
2022-11-13,GANNSF1,-0.597018631201081,Ex-post DWA
2022-11-20,GANNSF1,-9.75138711845505,Ex-post DWA
2022-11-27,GANNSF1,-16.465741709008295,Ex-post DWA
2022-12-04,GANNSF1,-3.3366455591227187,Ex-post DWA
2022-12-11,GANNSF1,-10.1178871279455,Ex-post DWA
2022-12-18,GANNSF1,-6.351134328154437,Ex-post DWA
2022-12-25,GANNSF1,-8.442970033614598,Ex-post DWA
2023-01-01,GANNSF1,-10.041519412840342,Ex-post DWA
2023-01-08,GANNSF1,-13.654342026815023,Ex-post DWA
2023-01-15,GANNSF1,-10.98776254726058,Ex-post DWA
2023-01-22,GANNSF1,-14.3078122228363,Ex-post DWA
2023-01-29,GANNSF1,-20.361439662299944,Ex-post DWA
2023-02-05,GANNSF1,-5.916531308046084,Ex-post DWA
2023-02-12,GANNSF1,-10.661112137422478,Ex-post DWA
2023-02-19,GANNSF1,-33.697726576924815,Ex-post DWA
2023-02-26,GANNSF1,-15.25321366076575,Ex-post DWA
2023-03-05,GANNSF1,-6.84353897289461,Ex-post DWA
2023-03-12,GANNSF1,-11.827298755100962,Ex-post DWA
2023-03-19,GANNSF1,-8.216957785850491,Ex-post DWA
2023-03-26,GANNSF1,-10.039829446039569,Ex-post DWA
2023-04-02,GANNSF1,2.9833338207041677,Ex-post DWA
2023-04-09,GANNSF1,-6.810767973716743,Ex-post DWA
2023-04-16,GANNSF1,-4.018498586652058,Ex-post DWA
2023-04-23,GANNSF1,-2.0931299674978874,Ex-post DWA
2023-04-30,GANNSF1,6.401350415922785,Ex-post DWA
2023-05-07,GANNSF1,0.36088267703523513,Ex-post DWA
2023-05-14,GANNSF1,-3.0047469626944547,Ex-post DWA
2023-05-21,GANNSF1,3.0075870296010123,Ex-post DWA
2023-05-28,GANNSF1,-2.7596337036951724,Ex-post DWA
2023-06-04,GANNSF1,-2.8672772605784687,Ex-post DWA
2023-06-11,GANNSF1,-1.202889752908174,Ex-post DWA
2023-06-18,GANNSF1,-9.35458987318466,Ex-post DWA
2023-06-25,GANNSF1,-8.42942279598342,Ex-post DWA
2023-07-02,GANNSF1,-3.259033721955241,Ex-post DWA
2023-07-09,GANNSF1,-9.245457579277385,Ex-post DWA
2023-07-16,GANNSF1,-0.20537459993915508,Ex-post DWA
2023-07-23,GANNSF1,1.6423190939475916,Ex-post DWA
2023-07-30,GANNSF1,-2.149769339868314,Ex-post DWA
2023-08-06,GANNSF1,-8.969978374521116,Ex-post DWA
2023-08-13,GANNSF1,-4.478351181352721,Ex-post DWA
2023-08-20,GANNSF1,-9.664039610170573,Ex-post DWA
2023-08-27,GANNSF1,-3.1146228350977836,Ex-post DWA
2023-09-03,GANNSF1,-7.752294682705461,Ex-post DWA
2023-09-10,GANNSF1,-8.165363367161426,Ex-post DWA
2023-09-17,GANNSF1,-16.119388531651047,Ex-post DWA
2023-09-24,GANNSF1,-17.7390132501261,Ex-post DWA
2023-10-01,GANNSF1,-15.179572901441507,Ex-post DWA
2023-10-08,GANNSF1,-2.1051222218917927,Ex-post DWA
2023-10-15,GANNSF1,-5.127654995745814,Ex-post DWA
2023-10-22,GANNSF1,-15.96370574596724,Ex-post DWA
2023-10-29,GANNSF1,-13.35083266256138,Ex-post DWA
2023-11-05,GANNSF1,-26.792852619356594,Ex-post DWA
2023-11-12,GANNSF1,-16.86124406073516,Ex-post DWA
2023-11-19,GANNSF1,-14.388764255289546,Ex-post DWA
2023-11-26,GANNSF1,-3.651865608164176,Ex-post DWA
2023-12-03,GANNSF1,-4.913074163302333,Ex-post DWA
2023-12-10,GANNSF1,-12.098365463601276,Ex-post DWA
2023-12-17,GANNSF1,-16.469602230782787,Ex-post DWA
2023-12-24,GANNSF1,-13.950149117221347,Ex-post DWA
2023-12-31,GANNSF1,-11.000980714342834,Ex-post DWA
2024-01-07,GANNSF1,-21.869785615147876,Ex-post DWA
2024-01-14,GANNSF1,-6.030629464498373,Ex-post DWA
2024-01-21,GANNSF1,-10.21696528725144,Ex-post DWA
2024-01-28,GANNSF1,-24.33130498648137,Ex-post DWA
2024-02-04,GANNSF1,-11.169628368190844,Ex-post DWA
2024-02-11,GANNSF1,-11.901755347009294,Ex-post DWA
2024-02-18,GANNSF1,6.073674730072582,Ex-post DWA
2024-02-25,GANNSF1,-15.418696005332759,Ex-post DWA
2024-03-03,GANNSF1,-5.6755579071508535,Ex-post DWA
2024-03-10,GANNSF1,-10.16902192172343,Ex-post DWA
2024-03-17,GANNSF1,-1.192827966485325,Ex-post DWA
2024-03-24,GANNSF1,-12.174342574818402,Ex-post DWA
2024-03-31,GANNSF1,-7.009891081380749,Ex-post DWA
2024-04-07,GANNSF1,-5.291900358063822,Ex-post DWA
2024-04-14,GANNSF1,-2.6807199826898653,Ex-post DWA
2024-04-21,GANNSF1,-2.868077744205891,Ex-post DWA
2024-04-28,GANNSF1,-4.542217118531745,Ex-post DWA
2024-05-05,GANNSF1,-4.83909181893879,Ex-post DWA
2024-05-12,GANNSF1,-11.946720927374798,Ex-post DWA
2024-05-19,GANNSF1,-0.27494342502957636,Ex-post DWA
2024-05-26,GANNSF1,2.7613005236025856,Ex-post DWA
2024-06-02,GANNSF1,-3.9328374413771314,Ex-post DWA
2024-06-09,GANNSF1,3.5714092262176393,Ex-post DWA
2024-06-16,GANNSF1,6.837912105690805,Ex-post DWA
2024-06-23,GANNSF1,-4.960526469998115,Ex-post DWA
2024-06-30,GANNSF1,-4.3117104883031345,Ex-post DWA
2024-07-07,GANNSF1,-2.0455637692127198,Ex-post DWA
2024-07-14,GANNSF1,4.008630528042005,Ex-post DWA
2024-07-21,GANNSF1,2.590000133533323,Ex-post DWA
2024-07-28,GANNSF1,-7.795843893482147,Ex-post DWA
2024-08-04,GANNSF1,-0.8388159336153365,Ex-post DWA
2024-08-11,GANNSF1,22.93151940862994,Ex-post DWA
2024-08-18,GANNSF1,1.4122849827436497,Ex-post DWA
2024-08-25,GANNSF1,-13.62707111543083,Ex-post DWA
2024-09-01,GANNSF1,-10.89540218557007,Ex-post DWA
2024-09-08,GANNSF1,-8.980198580515435,Ex-post DWA
2024-09-15,GANNSF1,-12.323434396322718,Ex-post DWA
2024-09-22,GANNSF1,-7.811049610134038,Ex-post DWA
2024-09-29,GANNSF1,-5.622842096351555,Ex-post DWA
2024-10-06,GANNSF1,-3.1821954923851514,Ex-post DWA
2024-10-13,GANNSF1,-11.355276944394454,Ex-post DWA
2024-10-20,GANNSF1,-12.455666461689564,Ex-post DWA
2024-10-27,GANNSF1,-8.506994782384318,Ex-post DWA
2024-11-03,GANNSF1,-9.858165863771625,Ex-post DWA
2024-11-10,GANNSF1,-7.825503466836825,Ex-post DWA
2024-11-17,GANNSF1,-28.200386669128946,Ex-post DWA
2024-11-24,GANNSF1,-14.57695403531596,Ex-post DWA
2024-12-01,GANNSF1,-14.605514802447182,Ex-post DWA
2024-12-08,GANNSF1,-18.203878576187737,Ex-post DWA
2024-12-15,GANNSF1,-4.470022140369551,Ex-post DWA
2024-12-22,GANNSF1,-16.748294491496026,Ex-post DWA
2024-12-29,GANNSF1,-7.100064223410023,Ex-post DWA
2025-01-05,GANNSF1,-6.673598573980511,Ex-post DWA
2020-01-05,KARSF1,1.9619963897973989,Ex-post DWA
2020-01-12,KARSF1,0.7802181340990018,Ex-post DWA
2020-01-19,KARSF1,0.0689143232215983,Ex-post DWA
2020-01-26,KARSF1,-1.228771402595413,Ex-post DWA
2020-02-02,KARSF1,-120.38365425936348,Ex-post DWA
2020-02-09,KARSF1,-0.2978841068047977,Ex-post DWA
2020-02-16,KARSF1,1.4381686427952332,Ex-post DWA
2020-02-23,KARSF1,0.44879190055444695,Ex-post DWA
2020-03-01,KARSF1,0.248609546158292,Ex-post DWA
2020-03-08,KARSF1,-0.25143969885589,Ex-post DWA
2020-03-15,KARSF1,-1.7347804324662128,Ex-post DWA
2020-03-22,KARSF1,1.1136967412519354,Ex-post DWA
2020-03-29,KARSF1,0.37104276303331574,Ex-post DWA
2020-04-05,KARSF1,0.48605790467805576,Ex-post DWA
2020-04-12,KARSF1,-0.1878133014985508,Ex-post DWA
2020-04-19,KARSF1,-0.22484140678942666,Ex-post DWA
2020-04-26,KARSF1,-1.727986603940261,Ex-post DWA
2020-05-03,KARSF1,-1.8427344226474425,Ex-post DWA
2020-05-10,KARSF1,-0.8837889697294763,Ex-post DWA
2020-05-17,KARSF1,0.6754074649863995,Ex-post DWA
2020-05-24,KARSF1,-0.027736561661086512,Ex-post DWA
2020-05-31,KARSF1,0.554989360238892,Ex-post DWA
2020-06-07,KARSF1,0.3703067832416096,Ex-post DWA
2020-06-14,KARSF1,0.8097659449909642,Ex-post DWA
2020-06-21,KARSF1,-0.9295365536083935,Ex-post DWA
2020-06-28,KARSF1,0.25244582602024224,Ex-post DWA
2020-07-05,KARSF1,0.288335580020302,Ex-post DWA
2020-07-12,KARSF1,-2.7931183456890807,Ex-post DWA
2020-07-19,KARSF1,0.06249760079036548,Ex-post DWA
2020-07-26,KARSF1,0.4248350761718598,Ex-post DWA
2020-08-02,KARSF1,-0.21252853394151572,Ex-post DWA
2020-08-09,KARSF1,-2.365613520958412,Ex-post DWA
2020-08-16,KARSF1,0.02659856715241915,Ex-post DWA
2020-08-23,KARSF1,-1.3956600569526572,Ex-post DWA
2020-08-30,KARSF1,-0.29801355967993004,Ex-post DWA
2020-09-06,KARSF1,-1.1463135319264097,Ex-post DWA
2020-09-13,KARSF1,-1.2033958500273982,Ex-post DWA
2020-09-20,KARSF1,-2.3432882350996955,Ex-post DWA
2020-09-27,KARSF1,0.18172072431278963,Ex-post DWA
2020-10-04,KARSF1,-1.6204398716099426,Ex-post DWA
2020-10-11,KARSF1,-0.05975757491833633,Ex-post DWA
2020-10-18,KARSF1,-5.108654194833619,Ex-post DWA
2020-10-25,KARSF1,-5.7129438337050615,Ex-post DWA
2020-11-01,KARSF1,-0.7310897350391983,Ex-post DWA
2020-11-08,KARSF1,-0.21888544969329615,Ex-post DWA
2020-11-15,KARSF1,-1.0379570163123688,Ex-post DWA
2020-11-22,KARSF1,-0.9662088843704524,Ex-post DWA
2020-11-29,KARSF1,-4.6285060478661535,Ex-post DWA
2020-12-06,KARSF1,-3.0771730167763067,Ex-post DWA
2020-12-13,KARSF1,-1.7219163606476915,Ex-post DWA
2020-12-20,KARSF1,-0.13250522913892837,Ex-post DWA
2020-12-27,KARSF1,-1.6210621652144521,Ex-post DWA
2021-01-03,KARSF1,-0.8290739662660265,Ex-post DWA
2021-01-10,KARSF1,-2.688608940489127,Ex-post DWA
2021-01-17,KARSF1,-3.095971178791234,Ex-post DWA
2021-01-24,KARSF1,-0.13084380953709385,Ex-post DWA
2021-01-31,KARSF1,-3.0141319493134584,Ex-post DWA
2021-02-07,KARSF1,-1.4666787742990985,Ex-post DWA
2021-02-14,KARSF1,-2.6343920006347243,Ex-post DWA
2021-02-21,KARSF1,0.04378127329393777,Ex-post DWA
2021-02-28,KARSF1,-0.03205445715214772,Ex-post DWA
2021-03-07,KARSF1,-0.10736287563555003,Ex-post DWA
2021-03-14,KARSF1,0.19845907311221467,Ex-post DWA
2021-03-21,KARSF1,1.0092432553547397,Ex-post DWA
2021-03-28,KARSF1,-1.010176687755564,Ex-post DWA
2021-04-04,KARSF1,0.6583772156238297,Ex-post DWA
2021-04-11,KARSF1,-3.502405976633346,Ex-post DWA
2021-04-18,KARSF1,-1.083530890315135,Ex-post DWA
2021-04-25,KARSF1,-3.797840837327179,Ex-post DWA
2021-05-02,KARSF1,0.08020378708932441,Ex-post DWA
2021-05-09,KARSF1,-1.979065927834295,Ex-post DWA
2021-05-16,KARSF1,0.5555940243246198,Ex-post DWA
2021-05-23,KARSF1,-1.449032639948861,Ex-post DWA
2021-05-30,KARSF1,-0.23462749192511012,Ex-post DWA
2021-06-06,KARSF1,0.17571382725167695,Ex-post DWA
2021-06-13,KARSF1,-3.844588390499439,Ex-post DWA
2021-06-20,KARSF1,6.056480919509198,Ex-post DWA
2021-06-27,KARSF1,-0.3209429341507217,Ex-post DWA
2021-07-04,KARSF1,0.34395231470026033,Ex-post DWA
2021-07-11,KARSF1,8.01474238907798,Ex-post DWA
2021-07-18,KARSF1,4.279195012788662,Ex-post DWA
2021-07-25,KARSF1,-9.378696188035477,Ex-post DWA
2021-08-01,KARSF1,-3.660882070020498,Ex-post DWA
2021-08-08,KARSF1,-3.2793567696058936,Ex-post DWA
2021-08-15,KARSF1,-1.7084730202883773,Ex-post DWA
2021-08-22,KARSF1,-0.40517251579740154,Ex-post DWA
2021-08-29,KARSF1,2.481883236788896,Ex-post DWA
2021-09-05,KARSF1,-2.7987354395109563,Ex-post DWA
2021-09-12,KARSF1,-2.891497947042061,Ex-post DWA
2021-09-19,KARSF1,-1.4343172150813936,Ex-post DWA
2021-09-26,KARSF1,-8.319623637135944,Ex-post DWA
2021-10-03,KARSF1,2.8317247459889465,Ex-post DWA
2021-10-10,KARSF1,1.7223207097094715,Ex-post DWA
2021-10-17,KARSF1,-3.5580711372914093,Ex-post DWA
2021-10-24,KARSF1,-1.725998569924979,Ex-post DWA
2021-10-31,KARSF1,-2.4258915089706496,Ex-post DWA
2021-11-07,KARSF1,0.5900871678512551,Ex-post DWA
2021-11-14,KARSF1,-6.554168610592185,Ex-post DWA
2021-11-21,KARSF1,6.295725832729303,Ex-post DWA
2021-11-28,KARSF1,-0.21109398375808652,Ex-post DWA
2021-12-05,KARSF1,4.398718205883611,Ex-post DWA
2021-12-12,KARSF1,12.012832808197757,Ex-post DWA
2021-12-19,KARSF1,1.3301315622276881,Ex-post DWA
2021-12-26,KARSF1,-3.727304662752278,Ex-post DWA
2022-01-02,KARSF1,8.639169331373372,Ex-post DWA
2022-01-09,KARSF1,0.10765912370327868,Ex-post DWA
2022-01-16,KARSF1,0.5762551694171094,Ex-post DWA
2022-01-23,KARSF1,-5.79895056330662,Ex-post DWA
2022-01-30,KARSF1,-6.672393741218656,Ex-post DWA
2022-02-06,KARSF1,26.150183681724258,Ex-post DWA
2022-02-13,KARSF1,-5.882991703259389,Ex-post DWA
2022-02-20,KARSF1,0.5179671453013555,Ex-post DWA
2022-02-27,KARSF1,2.1828189357230983,Ex-post DWA
2022-03-06,KARSF1,-10.4431653906843,Ex-post DWA
2022-03-13,KARSF1,-6.663073003658777,Ex-post DWA
2022-03-20,KARSF1,4.146506047803953,Ex-post DWA
2022-03-27,KARSF1,-3.8810981448318493,Ex-post DWA
2022-04-03,KARSF1,-5.076902043484303,Ex-post DWA
2022-04-10,KARSF1,-11.291983894950064,Ex-post DWA
2022-04-17,KARSF1,-4.846499462675084,Ex-post DWA
2022-04-24,KARSF1,-1.4701021148756723,Ex-post DWA
2022-05-01,KARSF1,-4.6486019567207535,Ex-post DWA
2022-05-08,KARSF1,-3.472979547192068,Ex-post DWA
2022-05-15,KARSF1,-16.372079214076194,Ex-post DWA
2022-05-22,KARSF1,-8.331356906095522,Ex-post DWA
2022-05-29,KARSF1,3.301911705009843,Ex-post DWA
2022-06-05,KARSF1,-19.97381837556827,Ex-post DWA
2022-06-12,KARSF1,-7.588836868188508,Ex-post DWA
2022-06-19,KARSF1,-0.8940016901457,Ex-post DWA
2022-06-26,KARSF1,4.456648322745565,Ex-post DWA
2022-07-03,KARSF1,6.87687786698848,Ex-post DWA
2022-07-10,KARSF1,3.1648034750409977,Ex-post DWA
2022-07-17,KARSF1,-16.894555833079608,Ex-post DWA
2022-07-24,KARSF1,-22.858506411890914,Ex-post DWA
2022-07-31,KARSF1,10.211568444919408,Ex-post DWA
2022-08-07,KARSF1,-2.3441155291368787,Ex-post DWA
2022-08-14,KARSF1,-0.3301747857977375,Ex-post DWA
2022-08-21,KARSF1,-9.222449639270486,Ex-post DWA
2022-08-28,KARSF1,-11.61948525139637,Ex-post DWA
2022-09-04,KARSF1,1.498263128365764,Ex-post DWA
2022-09-11,KARSF1,-1.2902884960481344,Ex-post DWA
2022-09-18,KARSF1,7.2252050580074965,Ex-post DWA
2022-09-25,KARSF1,0.7403944327008283,Ex-post DWA
2022-10-02,KARSF1,-4.139388416816459,Ex-post DWA
2022-10-09,KARSF1,-1.2747921141467273,Ex-post DWA
2022-10-16,KARSF1,2.1604709187571096,Ex-post DWA
2022-10-23,KARSF1,-3.996316415622829,Ex-post DWA
2022-10-30,KARSF1,-19.307410207547765,Ex-post DWA
2022-11-06,KARSF1,-1.5797248306492797,Ex-post DWA
2022-11-13,KARSF1,8.820147752019224,Ex-post DWA
2022-11-20,KARSF1,-14.667301922192536,Ex-post DWA
2022-11-27,KARSF1,-3.022364588183301,Ex-post DWA
2022-12-04,KARSF1,-3.966171346328629,Ex-post DWA
2022-12-11,KARSF1,-1.403634974193573,Ex-post DWA
2022-12-18,KARSF1,0.9373546556848638,Ex-post DWA
2022-12-25,KARSF1,-7.190875640162022,Ex-post DWA
2023-01-01,KARSF1,-3.1454924595049105,Ex-post DWA
2023-01-08,KARSF1,-0.5184584361090039,Ex-post DWA
2023-01-15,KARSF1,-3.5151562223135215,Ex-post DWA
2023-01-22,KARSF1,-8.42269836459177,Ex-post DWA
2023-01-29,KARSF1,-7.658580368174645,Ex-post DWA
2023-02-05,KARSF1,-5.4636942530743955,Ex-post DWA
2023-02-12,KARSF1,-4.335922717581333,Ex-post DWA
2023-02-19,KARSF1,-2.5634361901082343,Ex-post DWA
2023-02-26,KARSF1,-7.169865315594194,Ex-post DWA
2023-03-05,KARSF1,-4.936714082808075,Ex-post DWA
2023-03-12,KARSF1,-1.87814522012025,Ex-post DWA
2023-03-19,KARSF1,-5.682736555887956,Ex-post DWA
2023-03-26,KARSF1,-2.009127061012805,Ex-post DWA
2023-04-02,KARSF1,-2.578769159165482,Ex-post DWA
2023-04-09,KARSF1,-3.8018803203087757,Ex-post DWA
2023-04-16,KARSF1,-5.33750273978524,Ex-post DWA
2023-04-23,KARSF1,-1.861534824641069,Ex-post DWA
2023-04-30,KARSF1,0.6268544423450138,Ex-post DWA
2023-05-07,KARSF1,-0.473387233284015,Ex-post DWA
2023-05-14,KARSF1,22.18929705584928,Ex-post DWA
2023-05-21,KARSF1,12.870595252287146,Ex-post DWA
2023-05-28,KARSF1,-1.9377328549712303,Ex-post DWA
2023-06-04,KARSF1,-1.9850368863283023,Ex-post DWA
2023-06-11,KARSF1,-2.531507086658891,Ex-post DWA
2023-06-18,KARSF1,-0.2144643485468034,Ex-post DWA
2023-06-25,KARSF1,-6.4205017915060125,Ex-post DWA
2023-07-02,KARSF1,-2.5918950889217953,Ex-post DWA
2023-07-09,KARSF1,-6.615880438612564,Ex-post DWA
2023-07-16,KARSF1,-0.23283488087289228,Ex-post DWA
2023-07-23,KARSF1,0.260945299777422,Ex-post DWA
2023-07-30,KARSF1,12.223683360926366,Ex-post DWA
2023-08-06,KARSF1,8.149941046863258,Ex-post DWA
2023-08-13,KARSF1,5.007538661129473,Ex-post DWA
2023-08-20,KARSF1,12.691717139542188,Ex-post DWA
2023-08-27,KARSF1,1.5985088879749103,Ex-post DWA
2023-09-03,KARSF1,4.963319111602345,Ex-post DWA
2023-09-10,KARSF1,15.276986247745981,Ex-post DWA
2023-09-17,KARSF1,22.588712585288135,Ex-post DWA
2023-09-24,KARSF1,32.85432482705953,Ex-post DWA
2023-10-01,KARSF1,24.663965046697,Ex-post DWA
2023-10-08,KARSF1,1.4447731762729978,Ex-post DWA
2023-10-15,KARSF1,4.03926749704555,Ex-post DWA
2023-10-22,KARSF1,7.144721063712641,Ex-post DWA
2023-10-29,KARSF1,16.15570141856157,Ex-post DWA
2023-11-05,KARSF1,19.93234867879456,Ex-post DWA
2023-11-12,KARSF1,29.085858305969516,Ex-post DWA
2023-11-19,KARSF1,13.435856687356488,Ex-post DWA
2023-11-26,KARSF1,3.1867070428035458,Ex-post DWA
2023-12-03,KARSF1,2.761252996619792,Ex-post DWA
2023-12-10,KARSF1,7.255325205984075,Ex-post DWA
2023-12-17,KARSF1,10.52179712904329,Ex-post DWA
2023-12-24,KARSF1,15.91658404547326,Ex-post DWA
2023-12-31,KARSF1,8.731296025632453,Ex-post DWA
2024-01-07,KARSF1,-2.082078545757379,Ex-post DWA
2024-01-14,KARSF1,-1.182504128404605,Ex-post DWA
2024-01-21,KARSF1,0.6956517859909965,Ex-post DWA
2024-01-28,KARSF1,11.918073559753289,Ex-post DWA
2024-02-04,KARSF1,-2.011790422747307,Ex-post DWA
2024-02-11,KARSF1,-0.8662685615412027,Ex-post DWA
2024-02-18,KARSF1,-65.29443108765801,Ex-post DWA
2024-02-25,KARSF1,-10.18753669820836,Ex-post DWA
2024-03-03,KARSF1,-1.9935884847345058,Ex-post DWA
2024-03-10,KARSF1,-1.2175632112341503,Ex-post DWA
2024-03-17,KARSF1,11.67043013425178,Ex-post DWA
2024-03-24,KARSF1,2.0120424544268696,Ex-post DWA
2024-03-31,KARSF1,3.109000827494106,Ex-post DWA
2024-04-07,KARSF1,-10.921160039224647,Ex-post DWA
2024-04-14,KARSF1,,Ex-post DWA
2024-04-21,KARSF1,,Ex-post DWA
2024-04-28,KARSF1,,Ex-post DWA
2024-05-05,KARSF1,,Ex-post DWA
2024-05-12,KARSF1,,Ex-post DWA
2024-05-19,KARSF1,,Ex-post DWA
2024-05-26,KARSF1,,Ex-post DWA
2024-06-02,KARSF1,-15.159083376206716,Ex-post DWA
2024-06-09,KARSF1,-3.0331745828184467,Ex-post DWA
2024-06-16,KARSF1,0.3247604135044071,Ex-post DWA
2024-06-23,KARSF1,2.8171760827800654,Ex-post DWA
2024-06-30,KARSF1,2.33315620769185,Ex-post DWA
2024-07-07,KARSF1,1.6465683332681351,Ex-post DWA
2024-07-14,KARSF1,3.1298487704294473,Ex-post DWA
2024-07-21,KARSF1,-5.635644128759424,Ex-post DWA
2024-07-28,KARSF1,9.66264469981946,Ex-post DWA
2024-08-04,KARSF1,-0.3983505670128551,Ex-post DWA
2024-08-11,KARSF1,13.852314006354746,Ex-post DWA
2024-08-18,KARSF1,-0.6766598527538825,Ex-post DWA
2024-08-25,KARSF1,-0.37057951089366714,Ex-post DWA
2024-09-01,KARSF1,1.2366323585417973,Ex-post DWA
2024-09-08,KARSF1,-5.384446607046172,Ex-post DWA
2024-09-15,KARSF1,-6.688271009470935,Ex-post DWA
2024-09-22,KARSF1,-4.347876336514954,Ex-post DWA
2024-09-29,KARSF1,5.775847483198602,Ex-post DWA
2024-10-06,KARSF1,-8.285661223033149,Ex-post DWA
2024-10-13,KARSF1,-1.9635002315702543,Ex-post DWA
2024-10-20,KARSF1,-4.264851794243647,Ex-post DWA
2024-10-27,KARSF1,-4.986938665503274,Ex-post DWA
2024-11-03,KARSF1,-1.1926086857141165,Ex-post DWA
2024-11-10,KARSF1,-6.59646206193367,Ex-post DWA
2024-11-17,KARSF1,-6.871101734948716,Ex-post DWA
2024-11-24,KARSF1,-5.078212853919389,Ex-post DWA
2024-12-01,KARSF1,-17.732916684981255,Ex-post DWA
2024-12-08,KARSF1,-8.96451084705727,Ex-post DWA
2024-12-15,KARSF1,-4.142645207139939,Ex-post DWA
2024-12-22,KARSF1,-3.716825362906972,Ex-post DWA
2024-12-29,KARSF1,-5.198196451016361,Ex-post DWA
2025-01-05,KARSF1,-3.368248716871287,Ex-post DWA
2020-01-05,NUMURSF1,1.766080363684324,Ex-post DWA
2020-01-12,NUMURSF1,2.7067152022753334,Ex-post DWA
2020-01-19,NUMURSF1,0.4520771288035448,Ex-post DWA
2020-01-26,NUMURSF1,4.301545010013079,Ex-post DWA
2020-02-02,NUMURSF1,153.07204526568944,Ex-post DWA
2020-02-09,NUMURSF1,0.16467089958280212,Ex-post DWA
2020-02-16,NUMURSF1,0.07555646929196058,Ex-post DWA
2020-02-23,NUMURSF1,-0.4682616491518061,Ex-post DWA
2020-03-01,NUMURSF1,-0.13404408392860745,Ex-post DWA
2020-03-08,NUMURSF1,2.345071313940899,Ex-post DWA
2020-03-15,NUMURSF1,0.005115807186673038,Ex-post DWA
2020-03-22,NUMURSF1,0.828795261521087,Ex-post DWA
2020-03-29,NUMURSF1,0.049042492505002144,Ex-post DWA
2020-04-05,NUMURSF1,0.42150842781815356,Ex-post DWA
2020-04-12,NUMURSF1,1.0362082652701474,Ex-post DWA
2020-04-19,NUMURSF1,-0.1517509466754028,Ex-post DWA
2020-04-26,NUMURSF1,2.3379330465373407,Ex-post DWA
2020-05-03,NUMURSF1,0.43788353670435853,Ex-post DWA
2020-05-10,NUMURSF1,2.049615782183796,Ex-post DWA
2020-05-17,NUMURSF1,-0.16556638611433527,Ex-post DWA
2020-05-24,NUMURSF1,0.47086362763336354,Ex-post DWA
2020-05-31,NUMURSF1,0.04255023185915263,Ex-post DWA
2020-06-07,NUMURSF1,-0.36255159904474255,Ex-post DWA
2020-06-14,NUMURSF1,0.37960988401897566,Ex-post DWA
2020-06-21,NUMURSF1,2.4660184074542215,Ex-post DWA
2020-06-28,NUMURSF1,0.27258096018032063,Ex-post DWA
2020-07-05,NUMURSF1,0.5469119038900843,Ex-post DWA
2020-07-12,NUMURSF1,-0.001648478766298922,Ex-post DWA
2020-07-19,NUMURSF1,-2.5448155257964586,Ex-post DWA
2020-07-26,NUMURSF1,-0.2542531998236086,Ex-post DWA
2020-08-02,NUMURSF1,-1.3275829757364548,Ex-post DWA
2020-08-09,NUMURSF1,0.08445390269575626,Ex-post DWA
2020-08-16,NUMURSF1,1.6412352777804884,Ex-post DWA
2020-08-23,NUMURSF1,-0.6500007142014397,Ex-post DWA
2020-08-30,NUMURSF1,12.324613925220213,Ex-post DWA
2020-09-06,NUMURSF1,-1.6802326957981606,Ex-post DWA
2020-09-13,NUMURSF1,0.8499157962491708,Ex-post DWA
2020-09-20,NUMURSF1,-1.1754097277671143,Ex-post DWA
2020-09-27,NUMURSF1,-0.8232568575992616,Ex-post DWA
2020-10-04,NUMURSF1,9.531780059644618,Ex-post DWA
2020-10-11,NUMURSF1,-0.8161484186667494,Ex-post DWA
2020-10-18,NUMURSF1,0.9989185695323073,Ex-post DWA
2020-10-25,NUMURSF1,3.229667843904963,Ex-post DWA
2020-11-01,NUMURSF1,-0.980775714153161,Ex-post DWA
2020-11-08,NUMURSF1,0.0018070047397671374,Ex-post DWA
2020-11-15,NUMURSF1,0.314964195742796,Ex-post DWA
2020-11-22,NUMURSF1,2.754363980650581,Ex-post DWA
2020-11-29,NUMURSF1,3.174686068284579,Ex-post DWA
2020-12-06,NUMURSF1,4.249284694214985,Ex-post DWA
2020-12-13,NUMURSF1,1.8107112326903234,Ex-post DWA
2020-12-20,NUMURSF1,6.105579163011392,Ex-post DWA
2020-12-27,NUMURSF1,4.464588233650156,Ex-post DWA
2021-01-03,NUMURSF1,2.3646592023810014,Ex-post DWA
2021-01-10,NUMURSF1,2.5409190425819705,Ex-post DWA
2021-01-17,NUMURSF1,7.085199964000083,Ex-post DWA
2021-01-24,NUMURSF1,-0.7314633193426339,Ex-post DWA
2021-01-31,NUMURSF1,9.456744112496537,Ex-post DWA
2021-02-07,NUMURSF1,2.7951891874516406,Ex-post DWA
2021-02-14,NUMURSF1,7.4962258823220935,Ex-post DWA
2021-02-21,NUMURSF1,0.21628475163160132,Ex-post DWA
2021-02-28,NUMURSF1,0.20111954353538053,Ex-post DWA
2021-03-07,NUMURSF1,1.3190614170566342,Ex-post DWA
2021-03-14,NUMURSF1,0.8418695487284964,Ex-post DWA
2021-03-21,NUMURSF1,1.9609775141957542,Ex-post DWA
2021-03-28,NUMURSF1,-1.8210893687237828,Ex-post DWA
2021-04-04,NUMURSF1,3.162598596904914,Ex-post DWA
2021-04-11,NUMURSF1,4.8021015132220235,Ex-post DWA
2021-04-18,NUMURSF1,1.1236434908219195,Ex-post DWA
2021-04-25,NUMURSF1,0.5420239122514943,Ex-post DWA
2021-05-02,NUMURSF1,3.0574442855793507,Ex-post DWA
2021-05-09,NUMURSF1,0.7256531736629483,Ex-post DWA
2021-05-16,NUMURSF1,1.127654721238585,Ex-post DWA
2021-05-23,NUMURSF1,-0.5913185248908377,Ex-post DWA
2021-05-30,NUMURSF1,0.8098489535845488,Ex-post DWA
2021-06-06,NUMURSF1,3.393334434329887,Ex-post DWA
2021-06-13,NUMURSF1,6.646790926550111,Ex-post DWA
2021-06-20,NUMURSF1,-4.063906258054814,Ex-post DWA
2021-06-27,NUMURSF1,6.067323221075057,Ex-post DWA
2021-07-04,NUMURSF1,0.43986022591221285,Ex-post DWA
2021-07-11,NUMURSF1,0.98616145708462,Ex-post DWA
2021-07-18,NUMURSF1,-12.149863425461788,Ex-post DWA
2021-07-25,NUMURSF1,7.73432127745248,Ex-post DWA
2021-08-01,NUMURSF1,10.89400811702811,Ex-post DWA
2021-08-08,NUMURSF1,11.060552558674441,Ex-post DWA
2021-08-15,NUMURSF1,12.926668897161168,Ex-post DWA
2021-08-22,NUMURSF1,13.108728601738736,Ex-post DWA
2021-08-29,NUMURSF1,4.006964250501468,Ex-post DWA
2021-09-05,NUMURSF1,11.85810775570131,Ex-post DWA
2021-09-12,NUMURSF1,10.31103960932836,Ex-post DWA
2021-09-19,NUMURSF1,9.246936116761766,Ex-post DWA
2021-09-26,NUMURSF1,19.035286305830656,Ex-post DWA
2021-10-03,NUMURSF1,5.003696213775044,Ex-post DWA
2021-10-10,NUMURSF1,10.655461023025618,Ex-post DWA
2021-10-17,NUMURSF1,11.554845353374198,Ex-post DWA
2021-10-24,NUMURSF1,8.779532542086583,Ex-post DWA
2021-10-31,NUMURSF1,10.844666713864571,Ex-post DWA
2021-11-07,NUMURSF1,4.961769327065504,Ex-post DWA
2021-11-14,NUMURSF1,12.527973777387936,Ex-post DWA
2021-11-21,NUMURSF1,7.149744427464075,Ex-post DWA
2021-11-28,NUMURSF1,10.401658815016443,Ex-post DWA
2021-12-05,NUMURSF1,5.0311130387108065,Ex-post DWA
2021-12-12,NUMURSF1,2.123891666185422,Ex-post DWA
2021-12-19,NUMURSF1,4.650078476466657,Ex-post DWA
2021-12-26,NUMURSF1,15.183788524168074,Ex-post DWA
2022-01-02,NUMURSF1,21.149159107920944,Ex-post DWA
2022-01-09,NUMURSF1,3.6707697537491306,Ex-post DWA
2022-01-16,NUMURSF1,0.1688981924342059,Ex-post DWA
2022-01-23,NUMURSF1,5.987377857840901,Ex-post DWA
2022-01-30,NUMURSF1,7.07751968859391,Ex-post DWA
2022-02-06,NUMURSF1,39.74775558032722,Ex-post DWA
2022-02-13,NUMURSF1,3.108218049718687,Ex-post DWA
2022-02-20,NUMURSF1,4.56360332664358,Ex-post DWA
2022-02-27,NUMURSF1,5.3536498983470935,Ex-post DWA
2022-03-06,NUMURSF1,17.524388518648493,Ex-post DWA
2022-03-13,NUMURSF1,18.628763851697133,Ex-post DWA
2022-03-20,NUMURSF1,-0.851569054994691,Ex-post DWA
2022-03-27,NUMURSF1,8.483549034751888,Ex-post DWA
2022-04-03,NUMURSF1,16.899037717632936,Ex-post DWA
2022-04-10,NUMURSF1,16.1542805223565,Ex-post DWA
2022-04-17,NUMURSF1,8.998929506288349,Ex-post DWA
2022-04-24,NUMURSF1,13.152486917501065,Ex-post DWA
2022-05-01,NUMURSF1,21.310972644494484,Ex-post DWA
2022-05-08,NUMURSF1,17.491436774509026,Ex-post DWA
2022-05-15,NUMURSF1,24.31571174085917,Ex-post DWA
2022-05-22,NUMURSF1,-3.148766065887685,Ex-post DWA
2022-05-29,NUMURSF1,-0.44482619722435857,Ex-post DWA
2022-06-05,NUMURSF1,8.494494740854236,Ex-post DWA
2022-06-12,NUMURSF1,15.065003438970223,Ex-post DWA
2022-06-19,NUMURSF1,6.66985757465693,Ex-post DWA
2022-06-26,NUMURSF1,8.46772238444052,Ex-post DWA
2022-07-03,NUMURSF1,17.547037279053143,Ex-post DWA
2022-07-10,NUMURSF1,19.955678488373792,Ex-post DWA
2022-07-17,NUMURSF1,29.149162160808828,Ex-post DWA
2022-07-24,NUMURSF1,40.052957024146906,Ex-post DWA
2022-07-31,NUMURSF1,20.804038307821912,Ex-post DWA
2022-08-07,NUMURSF1,31.998350910646007,Ex-post DWA
2022-08-14,NUMURSF1,17.036787246449933,Ex-post DWA
2022-08-21,NUMURSF1,29.61647349657609,Ex-post DWA
2022-08-28,NUMURSF1,23.804019935730366,Ex-post DWA
2022-09-04,NUMURSF1,-1.2156074085521311,Ex-post DWA
2022-09-11,NUMURSF1,27.844532908536152,Ex-post DWA
2022-09-18,NUMURSF1,0.4097750165510803,Ex-post DWA
2022-09-25,NUMURSF1,28.327169346533193,Ex-post DWA
2022-10-02,NUMURSF1,23.509703392785482,Ex-post DWA
2022-10-09,NUMURSF1,11.46906267261054,Ex-post DWA
2022-10-16,NUMURSF1,29.543918314543173,Ex-post DWA
2022-10-23,NUMURSF1,8.454910571413826,Ex-post DWA
2022-10-30,NUMURSF1,47.54861019746447,Ex-post DWA
2022-11-06,NUMURSF1,17.943365728184297,Ex-post DWA
2022-11-13,NUMURSF1,6.341224261613618,Ex-post DWA
2022-11-20,NUMURSF1,37.69885734587602,Ex-post DWA
2022-11-27,NUMURSF1,35.59733029242928,Ex-post DWA
2022-12-04,NUMURSF1,34.23453449948092,Ex-post DWA
2022-12-11,NUMURSF1,31.52105795249745,Ex-post DWA
2022-12-18,NUMURSF1,33.45659635904427,Ex-post DWA
2022-12-25,NUMURSF1,16.496659221919654,Ex-post DWA
2023-01-01,NUMURSF1,28.57577698744891,Ex-post DWA
2023-01-08,NUMURSF1,48.48318957347853,Ex-post DWA
2023-01-15,NUMURSF1,15.435703664574689,Ex-post DWA
2023-01-22,NUMURSF1,46.80574589836805,Ex-post DWA
2023-01-29,NUMURSF1,33.00996245310777,Ex-post DWA
2023-02-05,NUMURSF1,31.40308935072552,Ex-post DWA
2023-02-12,NUMURSF1,21.014489175830928,Ex-post DWA
2023-02-19,NUMURSF1,39.67356061251199,Ex-post DWA
2023-02-26,NUMURSF1,39.58445407271279,Ex-post DWA
2023-03-05,NUMURSF1,14.812752327397039,Ex-post DWA
2023-03-12,NUMURSF1,28.76862046435794,Ex-post DWA
2023-03-19,NUMURSF1,24.444444023334118,Ex-post DWA
2023-03-26,NUMURSF1,16.040885950152216,Ex-post DWA
2023-04-02,NUMURSF1,16.519944367639035,Ex-post DWA
2023-04-09,NUMURSF1,17.216217227580067,Ex-post DWA
2023-04-16,NUMURSF1,20.983721835517866,Ex-post DWA
2023-04-23,NUMURSF1,6.874301761138604,Ex-post DWA
2023-04-30,NUMURSF1,13.140406242716459,Ex-post DWA
2023-05-07,NUMURSF1,11.123899355281935,Ex-post DWA
2023-05-14,NUMURSF1,-3.014218745515592,Ex-post DWA
2023-05-21,NUMURSF1,9.861600698544862,Ex-post DWA
2023-05-28,NUMURSF1,9.727546811852733,Ex-post DWA
2023-06-04,NUMURSF1,6.39856302469925,Ex-post DWA
2023-06-11,NUMURSF1,0.3617452343864578,Ex-post DWA
2023-06-18,NUMURSF1,23.1341029162053,Ex-post DWA
2023-06-25,NUMURSF1,36.932770364474614,Ex-post DWA
2023-07-02,NUMURSF1,5.168681270518022,Ex-post DWA
2023-07-09,NUMURSF1,56.49869378119619,Ex-post DWA
2023-07-16,NUMURSF1,17.286309878967252,Ex-post DWA
2023-07-23,NUMURSF1,3.6270820583406334,Ex-post DWA
2023-07-30,NUMURSF1,28.86739449110663,Ex-post DWA
2023-08-06,NUMURSF1,11.832501979243581,Ex-post DWA
2023-08-13,NUMURSF1,0.9679459258081238,Ex-post DWA
2023-08-20,NUMURSF1,26.48128459830269,Ex-post DWA
2023-08-27,NUMURSF1,10.111586241869416,Ex-post DWA
2023-09-03,NUMURSF1,8.735145352934175,Ex-post DWA
2023-09-10,NUMURSF1,13.131658695089627,Ex-post DWA
2023-09-17,NUMURSF1,33.926069559872744,Ex-post DWA
2023-09-24,NUMURSF1,20.373952619936116,Ex-post DWA
2023-10-01,NUMURSF1,34.16149004934098,Ex-post DWA
2023-10-08,NUMURSF1,12.60578574487833,Ex-post DWA
2023-10-15,NUMURSF1,23.751985078619168,Ex-post DWA
2023-10-22,NUMURSF1,9.023999402533,Ex-post DWA
2023-10-29,NUMURSF1,37.33640549658868,Ex-post DWA
2023-11-05,NUMURSF1,41.37351779627524,Ex-post DWA
2023-11-12,NUMURSF1,23.18893697460427,Ex-post DWA
2023-11-19,NUMURSF1,26.610319036271555,Ex-post DWA
2023-11-26,NUMURSF1,22.125751747962404,Ex-post DWA
2023-12-03,NUMURSF1,18.440974851163645,Ex-post DWA
2023-12-10,NUMURSF1,9.334216452559883,Ex-post DWA
2023-12-17,NUMURSF1,27.986537191210537,Ex-post DWA
2023-12-24,NUMURSF1,43.73024167791627,Ex-post DWA
2023-12-31,NUMURSF1,33.12768182921254,Ex-post DWA
2024-01-07,NUMURSF1,16.768523982325952,Ex-post DWA
2024-01-14,NUMURSF1,15.209859765184332,Ex-post DWA
2024-01-21,NUMURSF1,21.675581891211607,Ex-post DWA
2024-01-28,NUMURSF1,32.41398020193644,Ex-post DWA
2024-02-04,NUMURSF1,28.011747476780975,Ex-post DWA
2024-02-11,NUMURSF1,20.728339570812338,Ex-post DWA
2024-02-18,NUMURSF1,35.49679837285552,Ex-post DWA
2024-02-25,NUMURSF1,30.69251563589322,Ex-post DWA
2024-03-03,NUMURSF1,9.923187971805108,Ex-post DWA
2024-03-10,NUMURSF1,3.9511141640887075,Ex-post DWA
2024-03-17,NUMURSF1,-6.273756967312444,Ex-post DWA
2024-03-24,NUMURSF1,3.3586060878059945,Ex-post DWA
2024-03-31,NUMURSF1,3.988692933605786,Ex-post DWA
2024-04-07,NUMURSF1,3.5635376950570326,Ex-post DWA
2024-04-14,NUMURSF1,0.04132721248891613,Ex-post DWA
2024-04-21,NUMURSF1,2.745477609833351,Ex-post DWA
2024-04-28,NUMURSF1,0.5067321749363387,Ex-post DWA
2024-05-05,NUMURSF1,3.468633898025793,Ex-post DWA
2024-05-12,NUMURSF1,-18.889417888381146,Ex-post DWA
2024-05-19,NUMURSF1,2.813609274553336,Ex-post DWA
2024-05-26,NUMURSF1,-9.007809046521942,Ex-post DWA
2024-06-02,NUMURSF1,4.066342353180801,Ex-post DWA
2024-06-09,NUMURSF1,6.678781603946106,Ex-post DWA
2024-06-16,NUMURSF1,-11.598025472828795,Ex-post DWA
2024-06-23,NUMURSF1,-2.3744599295010573,Ex-post DWA
2024-06-30,NUMURSF1,2.3543448728853136,Ex-post DWA
2024-07-07,NUMURSF1,3.1505254832721903,Ex-post DWA
2024-07-14,NUMURSF1,25.613191470062702,Ex-post DWA
2024-07-21,NUMURSF1,21.72867070379968,Ex-post DWA
2024-07-28,NUMURSF1,7.83381686160525,Ex-post DWA
2024-08-04,NUMURSF1,-2.933632272984923,Ex-post DWA
2024-08-11,NUMURSF1,-0.9545848147440097,Ex-post DWA
2024-08-18,NUMURSF1,-8.130625273569411,Ex-post DWA
2024-08-25,NUMURSF1,5.890114444458016,Ex-post DWA
2024-09-01,NUMURSF1,8.605923831065539,Ex-post DWA
2024-09-08,NUMURSF1,6.099840459061111,Ex-post DWA
2024-09-15,NUMURSF1,10.956071047526466,Ex-post DWA
2024-09-22,NUMURSF1,6.3408453934703655,Ex-post DWA
2024-09-29,NUMURSF1,2.032956756770229,Ex-post DWA
2024-10-06,NUMURSF1,3.218955320541081,Ex-post DWA
2024-10-13,NUMURSF1,15.351695780446432,Ex-post DWA
2024-10-20,NUMURSF1,7.959313096852574,Ex-post DWA
2024-10-27,NUMURSF1,12.43036857555984,Ex-post DWA
2024-11-03,NUMURSF1,10.874025512508844,Ex-post DWA
2024-11-10,NUMURSF1,-0.18762184915783386,Ex-post DWA
2024-11-17,NUMURSF1,6.299714755249578,Ex-post DWA
2024-11-24,NUMURSF1,8.702274003495955,Ex-post DWA
2024-12-01,NUMURSF1,7.335183019333051,Ex-post DWA
2024-12-08,NUMURSF1,6.535391506086185,Ex-post DWA
2024-12-15,NUMURSF1,-2.686251419466277,Ex-post DWA
2024-12-22,NUMURSF1,11.11368553349335,Ex-post DWA
2024-12-29,NUMURSF1,3.4712903749513018,Ex-post DWA
2025-01-05,NUMURSF1,-1.0969067779079484,Ex-post DWA
2020-01-05,WEMENSF1,-0.5066729581455292,Ex-post DWA
2020-01-12,WEMENSF1,-14.359660642516296,Ex-post DWA
2020-01-19,WEMENSF1,-0.7935891509478594,Ex-post DWA
2020-01-26,WEMENSF1,-0.2908735648765628,Ex-post DWA
2020-02-02,WEMENSF1,-120.47536099524427,Ex-post DWA
2020-02-09,WEMENSF1,-0.21138975010750372,Ex-post DWA
2020-02-16,WEMENSF1,-1.1786738033198958,Ex-post DWA
2020-02-23,WEMENSF1,0.4931690502581034,Ex-post DWA
2020-03-01,WEMENSF1,0.567410959007681,Ex-post DWA
2020-03-08,WEMENSF1,8.454920166172911,Ex-post DWA
2020-03-15,WEMENSF1,-1.672339482947379,Ex-post DWA
2020-03-22,WEMENSF1,-0.9724192068191329,Ex-post DWA
2020-03-29,WEMENSF1,-0.030932390542723454,Ex-post DWA
2020-04-05,WEMENSF1,-0.3778231013664666,Ex-post DWA
2020-04-12,WEMENSF1,-0.4921603922345952,Ex-post DWA
2020-04-19,WEMENSF1,0.612415880751815,Ex-post DWA
2020-04-26,WEMENSF1,-0.1839071146968294,Ex-post DWA
2020-05-03,WEMENSF1,0.4867431925741954,Ex-post DWA
2020-05-10,WEMENSF1,-0.8939277493125246,Ex-post DWA
2020-05-17,WEMENSF1,0.1468058114969537,Ex-post DWA
2020-05-24,WEMENSF1,0.17678301209475933,Ex-post DWA
2020-05-31,WEMENSF1,0.15533549386685053,Ex-post DWA
2020-06-07,WEMENSF1,0.2838298917973745,Ex-post DWA
2020-06-14,WEMENSF1,1.1044620338820792,Ex-post DWA
2020-06-21,WEMENSF1,-1.6383797637384845,Ex-post DWA
2020-06-28,WEMENSF1,-0.19723383391226434,Ex-post DWA
2020-07-05,WEMENSF1,-0.06604912389283157,Ex-post DWA
2020-07-12,WEMENSF1,0.040137022121996324,Ex-post DWA
2020-07-19,WEMENSF1,1.8823622254744805,Ex-post DWA
2020-07-26,WEMENSF1,0.48352539699435226,Ex-post DWA
2020-08-02,WEMENSF1,0.0008391338448632268,Ex-post DWA
2020-08-09,WEMENSF1,1.6209528228021384,Ex-post DWA
2020-08-16,WEMENSF1,-0.8004926421742127,Ex-post DWA
2020-08-23,WEMENSF1,1.9781224338600367,Ex-post DWA
2020-08-30,WEMENSF1,2.4186207824358092,Ex-post DWA
2020-09-06,WEMENSF1,3.093074585685091,Ex-post DWA
2020-09-13,WEMENSF1,1.7848613337065515,Ex-post DWA
2020-09-20,WEMENSF1,1.7824626922411184,Ex-post DWA
2020-09-27,WEMENSF1,1.1628083280641732,Ex-post DWA
2020-10-04,WEMENSF1,10.86680071693246,Ex-post DWA
2020-10-11,WEMENSF1,1.0274108682990857,Ex-post DWA
2020-10-18,WEMENSF1,0.4616299107641737,Ex-post DWA
2020-10-25,WEMENSF1,1.4402231830565455,Ex-post DWA
2020-11-01,WEMENSF1,1.6149178410712821,Ex-post DWA
2020-11-08,WEMENSF1,4.042918754830389,Ex-post DWA
2020-11-15,WEMENSF1,1.6502967321322188,Ex-post DWA
2020-11-22,WEMENSF1,1.026776029845351,Ex-post DWA
2020-11-29,WEMENSF1,5.496417971250828,Ex-post DWA
2020-12-06,WEMENSF1,2.4699665024281927,Ex-post DWA
2020-12-13,WEMENSF1,5.334105842799412,Ex-post DWA
2020-12-20,WEMENSF1,1.8931829976550816,Ex-post DWA
2020-12-27,WEMENSF1,1.6546256653645113,Ex-post DWA
2021-01-03,WEMENSF1,1.5226696207355088,Ex-post DWA
2021-01-10,WEMENSF1,3.7483389600943386,Ex-post DWA
2021-01-17,WEMENSF1,9.718576378517046,Ex-post DWA
2021-01-24,WEMENSF1,-0.6821807556592638,Ex-post DWA
2021-01-31,WEMENSF1,10.340104797269998,Ex-post DWA
2021-02-07,WEMENSF1,4.4080834925481085,Ex-post DWA
2021-02-14,WEMENSF1,9.97196710973937,Ex-post DWA
2021-02-21,WEMENSF1,0.6027716635100866,Ex-post DWA
2021-02-28,WEMENSF1,2.085243349313169,Ex-post DWA
2021-03-07,WEMENSF1,0.8485594631285593,Ex-post DWA
2021-03-14,WEMENSF1,2.4880729401172808,Ex-post DWA
2021-03-21,WEMENSF1,-1.323911482542531,Ex-post DWA
2021-03-28,WEMENSF1,1.5344249626074316,Ex-post DWA
2021-04-04,WEMENSF1,2.192081529661234,Ex-post DWA
2021-04-11,WEMENSF1,4.276940009157983,Ex-post DWA
2021-04-18,WEMENSF1,5.552904203679333,Ex-post DWA
2021-04-25,WEMENSF1,2.6699465292759044,Ex-post DWA
2021-05-02,WEMENSF1,8.341185250068676,Ex-post DWA
2021-05-09,WEMENSF1,2.9642486696118553,Ex-post DWA
2021-05-16,WEMENSF1,1.9884925878882527,Ex-post DWA
2021-05-23,WEMENSF1,-1.2117629285505558,Ex-post DWA
2021-05-30,WEMENSF1,2.886096652480063,Ex-post DWA
2021-06-06,WEMENSF1,-0.5113156858576531,Ex-post DWA
2021-06-13,WEMENSF1,7.2098450666939655,Ex-post DWA
2021-06-20,WEMENSF1,3.030368450324673,Ex-post DWA
2021-06-27,WEMENSF1,1.1704429975831516,Ex-post DWA
2021-07-04,WEMENSF1,0.06507777727644992,Ex-post DWA
2021-07-11,WEMENSF1,-42.5945142042079,Ex-post DWA
2021-07-18,WEMENSF1,18.887055956177832,Ex-post DWA
2021-07-25,WEMENSF1,22.22434858022052,Ex-post DWA
2021-08-01,WEMENSF1,13.963443838050864,Ex-post DWA
2021-08-08,WEMENSF1,10.049660851349877,Ex-post DWA
2021-08-15,WEMENSF1,13.366766313158998,Ex-post DWA
2021-08-22,WEMENSF1,12.753855334608819,Ex-post DWA
2021-08-29,WEMENSF1,7.1178944268237245,Ex-post DWA
2021-09-05,WEMENSF1,8.933694309600718,Ex-post DWA
2021-09-12,WEMENSF1,15.760765526535035,Ex-post DWA
2021-09-19,WEMENSF1,11.25821814092566,Ex-post DWA
2021-09-26,WEMENSF1,9.5747484704105,Ex-post DWA
2021-10-03,WEMENSF1,7.401531919691507,Ex-post DWA
2021-10-10,WEMENSF1,26.044792266580913,Ex-post DWA
2021-10-17,WEMENSF1,10.703398911819946,Ex-post DWA
2021-10-24,WEMENSF1,10.203388203588002,Ex-post DWA
2021-10-31,WEMENSF1,16.55577734571404,Ex-post DWA
2021-11-07,WEMENSF1,6.504354600080578,Ex-post DWA
2021-11-14,WEMENSF1,8.891551184382571,Ex-post DWA
2021-11-21,WEMENSF1,10.866026236348876,Ex-post DWA
2021-11-28,WEMENSF1,7.259338680664417,Ex-post DWA
2021-12-05,WEMENSF1,21.28856561285413,Ex-post DWA
2021-12-12,WEMENSF1,25.036391021276128,Ex-post DWA
2021-12-19,WEMENSF1,33.61781060347073,Ex-post DWA
2021-12-26,WEMENSF1,7.3086227626052604,Ex-post DWA
2022-01-02,WEMENSF1,,Ex-post DWA
2022-01-09,WEMENSF1,,Ex-post DWA
2022-01-16,WEMENSF1,8.941191470310137,Ex-post DWA
2022-01-23,WEMENSF1,15.727431600869405,Ex-post DWA
2022-01-30,WEMENSF1,6.348562263360108,Ex-post DWA
2022-02-06,WEMENSF1,131.4635128241503,Ex-post DWA
2022-02-13,WEMENSF1,12.620989857000588,Ex-post DWA
2022-02-20,WEMENSF1,7.974253754723172,Ex-post DWA
2022-02-27,WEMENSF1,11.890760697933992,Ex-post DWA
2022-03-06,WEMENSF1,9.999719188974254,Ex-post DWA
2022-03-13,WEMENSF1,16.648991920500997,Ex-post DWA
2022-03-20,WEMENSF1,4.396722995528073,Ex-post DWA
2022-03-27,WEMENSF1,10.169265637472236,Ex-post DWA
2022-04-03,WEMENSF1,19.653644515433108,Ex-post DWA
2022-04-10,WEMENSF1,14.857868605840224,Ex-post DWA
2022-04-17,WEMENSF1,15.90630565561726,Ex-post DWA
2022-04-24,WEMENSF1,11.25673854292232,Ex-post DWA
2022-05-01,WEMENSF1,18.043695813366597,Ex-post DWA
2022-05-08,WEMENSF1,19.77152432805198,Ex-post DWA
2022-05-15,WEMENSF1,52.88946954187705,Ex-post DWA
2022-05-22,WEMENSF1,20.83936999631672,Ex-post DWA
2022-05-29,WEMENSF1,1.4023275803919546,Ex-post DWA
2022-06-05,WEMENSF1,-0.7746000770083583,Ex-post DWA
2022-06-12,WEMENSF1,6.491913925601665,Ex-post DWA
2022-06-19,WEMENSF1,-0.8529415225141577,Ex-post DWA
2022-06-26,WEMENSF1,13.07393997994572,Ex-post DWA
2022-07-03,WEMENSF1,10.990438517180849,Ex-post DWA
2022-07-10,WEMENSF1,6.677523048844336,Ex-post DWA
2022-07-17,WEMENSF1,18.499907265892205,Ex-post DWA
2022-07-24,WEMENSF1,28.222551504762066,Ex-post DWA
2022-07-31,WEMENSF1,28.767205238925328,Ex-post DWA
2022-08-07,WEMENSF1,38.439701880766705,Ex-post DWA
2022-08-14,WEMENSF1,21.955124473062227,Ex-post DWA
2022-08-21,WEMENSF1,20.521467269595234,Ex-post DWA
2022-08-28,WEMENSF1,11.568250846666544,Ex-post DWA
2022-09-04,WEMENSF1,10.350317288998959,Ex-post DWA
2022-09-11,WEMENSF1,38.37647281283388,Ex-post DWA
2022-09-18,WEMENSF1,8.235447727415313,Ex-post DWA
2022-09-25,WEMENSF1,-4.522557492666788,Ex-post DWA
2022-10-02,WEMENSF1,-8.966785180070865,Ex-post DWA
2022-10-09,WEMENSF1,1.65452578153036,Ex-post DWA
2022-10-16,WEMENSF1,-5.986108131662181,Ex-post DWA
2022-10-23,WEMENSF1,0.3244772614014906,Ex-post DWA
2022-10-30,WEMENSF1,-14.543745620584213,Ex-post DWA
2022-11-06,WEMENSF1,-10.72264251684644,Ex-post DWA
2022-11-13,WEMENSF1,9.323937806307733,Ex-post DWA
2022-11-20,WEMENSF1,-12.581198768063722,Ex-post DWA
2022-11-27,WEMENSF1,-11.77015457950887,Ex-post DWA
2022-12-04,WEMENSF1,-2.1662493575654302,Ex-post DWA
2022-12-11,WEMENSF1,-10.821238014098133,Ex-post DWA
2022-12-18,WEMENSF1,-7.023856712749875,Ex-post DWA
2022-12-25,WEMENSF1,2.201088145554947,Ex-post DWA
2023-01-01,WEMENSF1,-0.49621904129869776,Ex-post DWA
2023-01-08,WEMENSF1,-8.629976422699094,Ex-post DWA
2023-01-15,WEMENSF1,-9.133151272693418,Ex-post DWA
2023-01-22,WEMENSF1,-6.105314656526424,Ex-post DWA
2023-01-29,WEMENSF1,-10.307899826763553,Ex-post DWA
2023-02-05,WEMENSF1,-0.7163977547541194,Ex-post DWA
2023-02-12,WEMENSF1,4.45386540960029,Ex-post DWA
2023-02-19,WEMENSF1,17.841882866460708,Ex-post DWA
2023-02-26,WEMENSF1,6.161042875399108,Ex-post DWA
2023-03-05,WEMENSF1,4.67879164351962,Ex-post DWA
2023-03-12,WEMENSF1,2.927997383407432,Ex-post DWA
2023-03-19,WEMENSF1,-9.839307194089816,Ex-post DWA
2023-03-26,WEMENSF1,-2.32889072296247,Ex-post DWA
2023-04-02,WEMENSF1,-1.0536191708969582,Ex-post DWA
2023-04-09,WEMENSF1,-0.7401570628391099,Ex-post DWA
2023-04-16,WEMENSF1,-5.422742769578843,Ex-post DWA
2023-04-23,WEMENSF1,1.9553622972945206,Ex-post DWA
2023-04-30,WEMENSF1,-0.8674207517339845,Ex-post DWA
2023-05-07,WEMENSF1,-1.6365104615387764,Ex-post DWA
2023-05-14,WEMENSF1,-0.5656525060322366,Ex-post DWA
2023-05-21,WEMENSF1,-1.5032495658595764,Ex-post DWA
2023-05-28,WEMENSF1,-1.1126320832789816,Ex-post DWA
2023-06-04,WEMENSF1,-2.4349488229964606,Ex-post DWA
2023-06-11,WEMENSF1,1.8137992520174961,Ex-post DWA
2023-06-18,WEMENSF1,-2.678507897064554,Ex-post DWA
2023-06-25,WEMENSF1,-11.987067954043582,Ex-post DWA
2023-07-02,WEMENSF1,3.3261532620697807,Ex-post DWA
2023-07-09,WEMENSF1,-9.01027555281032,Ex-post DWA
2023-07-16,WEMENSF1,-0.326147805842936,Ex-post DWA
2023-07-23,WEMENSF1,1.9712593967827843,Ex-post DWA
2023-07-30,WEMENSF1,-11.059334755889985,Ex-post DWA
2023-08-06,WEMENSF1,-6.890686869135924,Ex-post DWA
2023-08-13,WEMENSF1,2.4282620574082827,Ex-post DWA
2023-08-20,WEMENSF1,-10.80324729219151,Ex-post DWA
2023-08-27,WEMENSF1,0.88432823109782,Ex-post DWA
2023-09-03,WEMENSF1,6.7980808220762725,Ex-post DWA
2023-09-10,WEMENSF1,5.975815846801216,Ex-post DWA
2023-09-17,WEMENSF1,0.6467831313908192,Ex-post DWA
2023-09-24,WEMENSF1,-6.813052881692836,Ex-post DWA
2023-10-01,WEMENSF1,-20.723984533166856,Ex-post DWA
2023-10-08,WEMENSF1,0.4745476867939351,Ex-post DWA
2023-10-15,WEMENSF1,-0.7328060700667096,Ex-post DWA
2023-10-22,WEMENSF1,-5.396122851942001,Ex-post DWA
2023-10-29,WEMENSF1,-6.646332585817248,Ex-post DWA
2023-11-05,WEMENSF1,-16.916478253928496,Ex-post DWA
2023-11-12,WEMENSF1,-3.9118679718209157,Ex-post DWA
2023-11-19,WEMENSF1,-7.301613216027571,Ex-post DWA
2023-11-26,WEMENSF1,6.417945618659802,Ex-post DWA
2023-12-03,WEMENSF1,-1.121654030481487,Ex-post DWA
2023-12-10,WEMENSF1,-2.456225364998648,Ex-post DWA
2023-12-17,WEMENSF1,-11.485054113094211,Ex-post DWA
2023-12-24,WEMENSF1,-7.395876413949249,Ex-post DWA
2023-12-31,WEMENSF1,-6.179123587875797,Ex-post DWA
2024-01-07,WEMENSF1,-2.3489816351461235,Ex-post DWA
2024-01-14,WEMENSF1,8.031555813304582,Ex-post DWA
2024-01-21,WEMENSF1,-11.396120662837326,Ex-post DWA
2024-01-28,WEMENSF1,-2.3222756564487477,Ex-post DWA
2024-02-04,WEMENSF1,0.08133373430878166,Ex-post DWA
2024-02-11,WEMENSF1,6.311914668823373,Ex-post DWA
2024-02-18,WEMENSF1,241.32101671689168,Ex-post DWA
2024-02-25,WEMENSF1,-19.43419933499206,Ex-post DWA
2024-03-03,WEMENSF1,-5.6752845321462075,Ex-post DWA
2024-03-10,WEMENSF1,7.508186408902333,Ex-post DWA
2024-03-17,WEMENSF1,15.463318649779382,Ex-post DWA
2024-03-24,WEMENSF1,2.7938378876815078,Ex-post DWA
2024-03-31,WEMENSF1,22.928672649127446,Ex-post DWA
2024-04-07,WEMENSF1,2.3154336057619,Ex-post DWA
2024-04-14,WEMENSF1,45.36865384607731,Ex-post DWA
2024-04-21,WEMENSF1,6.4422650209634185,Ex-post DWA
2024-04-28,WEMENSF1,-4.42585489068275,Ex-post DWA
2024-05-05,WEMENSF1,-4.925925838836761,Ex-post DWA
2024-05-12,WEMENSF1,10.72348468796045,Ex-post DWA
2024-05-19,WEMENSF1,4.6834179254994694,Ex-post DWA
2024-05-26,WEMENSF1,1.5580915105797146,Ex-post DWA
2024-06-02,WEMENSF1,2.3562947107956234,Ex-post DWA
2024-06-09,WEMENSF1,-1.1505976231461261,Ex-post DWA
2024-06-16,WEMENSF1,-2.858264980599216,Ex-post DWA
2024-06-23,WEMENSF1,3.4376318594680697,Ex-post DWA
2024-06-30,WEMENSF1,8.050888948049625,Ex-post DWA
2024-07-07,WEMENSF1,-19.26893119611651,Ex-post DWA
2024-07-14,WEMENSF1,-1.432764670123504,Ex-post DWA
2024-07-21,WEMENSF1,-7.976928209387744,Ex-post DWA
2024-07-28,WEMENSF1,-4.846122822290649,Ex-post DWA
2024-08-04,WEMENSF1,6.356364848796375,Ex-post DWA
2024-08-11,WEMENSF1,-25.753396688565232,Ex-post DWA
2024-08-18,WEMENSF1,13.21412922921791,Ex-post DWA
2024-08-25,WEMENSF1,-11.810764323202442,Ex-post DWA
2024-09-01,WEMENSF1,-2.7016170573509655,Ex-post DWA
2024-09-08,WEMENSF1,0.7995253343834232,Ex-post DWA
2024-09-15,WEMENSF1,-3.7260275474089255,Ex-post DWA
2024-09-22,WEMENSF1,-5.504491815587851,Ex-post DWA
2024-09-29,WEMENSF1,-0.49292784331462425,Ex-post DWA
2024-10-06,WEMENSF1,3.7527724671132994,Ex-post DWA
2024-10-13,WEMENSF1,-5.097659150256863,Ex-post DWA
2024-10-20,WEMENSF1,-5.826184763106411,Ex-post DWA
2024-10-27,WEMENSF1,-2.7112492318456383,Ex-post DWA
2024-11-03,WEMENSF1,-8.125790467832736,Ex-post DWA
2024-11-10,WEMENSF1,3.2008932097684006,Ex-post DWA
2024-11-17,WEMENSF1,-12.364168042862739,Ex-post DWA
2024-11-24,WEMENSF1,6.928638862149022,Ex-post DWA
2024-12-01,WEMENSF1,-2.775023427990199,Ex-post DWA
2024-12-08,WEMENSF1,-1.9864890734051173,Ex-post DWA
2024-12-15,WEMENSF1,21.843181181462125,Ex-post DWA
2024-12-22,WEMENSF1,-17.979025655469272,Ex-post DWA
2024-12-29,WEMENSF1,-5.994861162396326,Ex-post DWA
2025-01-05,WEMENSF1,-3.0050626818760637,Ex-post DWA
2020-01-05,BANN1,5.39436435146461,ToD blocks
2020-01-12,BANN1,-2.9232768333146026,ToD blocks
2020-01-19,BANN1,-2.359252869267884,ToD blocks
2020-01-26,BANN1,0.6587485962469941,ToD blocks
2020-02-02,BANN1,-259.6745606863033,ToD blocks
2020-02-09,BANN1,-1.024932547019013,ToD blocks
2020-02-16,BANN1,-3.46323694904401,ToD blocks
2020-02-23,BANN1,-1.0888541088642611,ToD blocks
2020-03-01,BANN1,-1.7462072388744971,ToD blocks
2020-03-08,BANN1,-15.356675787029669,ToD blocks
2020-03-15,BANN1,0.170148740067809,ToD blocks
2020-03-22,BANN1,-11.840307092757563,ToD blocks
2020-03-29,BANN1,-2.6560281627525484,ToD blocks
2020-04-05,BANN1,-4.452520034111835,ToD blocks
2020-04-12,BANN1,-1.6594172008139978,ToD blocks
2020-04-19,BANN1,-1.4057011769832073,ToD blocks
2020-04-26,BANN1,-3.3179177951088974,ToD blocks
2020-05-03,BANN1,-1.184125891509204,ToD blocks
2020-05-10,BANN1,-1.7660921655373087,ToD blocks
2020-05-17,BANN1,-1.74026086041426,ToD blocks
2020-05-24,BANN1,-1.6950505744367064,ToD blocks
2020-05-31,BANN1,-3.0625773338406646,ToD blocks
2020-06-07,BANN1,-1.2309409851962272,ToD blocks
2020-06-14,BANN1,-5.044998856900278,ToD blocks
2020-06-21,BANN1,-2.0459371298067666,ToD blocks
2020-06-28,BANN1,-4.405689366643195,ToD blocks
2020-07-05,BANN1,-3.009977332033266,ToD blocks
2020-07-12,BANN1,-3.5901889772772932,ToD blocks
2020-07-19,BANN1,0.29087760019337594,ToD blocks
2020-07-26,BANN1,-5.029905681317473,ToD blocks
2020-08-02,BANN1,-3.0675987344038234,ToD blocks
2020-08-09,BANN1,-3.1133902835648115,ToD blocks
2020-08-16,BANN1,-5.234539000710392,ToD blocks
2020-08-23,BANN1,-4.050443699213766,ToD blocks
2020-08-30,BANN1,-21.669176837061514,ToD blocks
2020-09-06,BANN1,0.09146651012216367,ToD blocks
2020-09-13,BANN1,-2.819129579657073,ToD blocks
2020-09-20,BANN1,1.374327330238664,ToD blocks
2020-09-27,BANN1,-0.9815823680918676,ToD blocks
2020-10-04,BANN1,-4.113450034692669,ToD blocks
2020-10-11,BANN1,-27.022304881634746,ToD blocks
2020-10-18,BANN1,-6.314970173112492,ToD blocks
2020-10-25,BANN1,-6.980934927402728,ToD blocks
2020-11-01,BANN1,-5.083879409228942,ToD blocks
2020-11-08,BANN1,-2.523204293215805,ToD blocks
2020-11-15,BANN1,-3.125940202235242,ToD blocks
2020-11-22,BANN1,-3.62216290469231,ToD blocks
2020-11-29,BANN1,-1.4281111945050071,ToD blocks
2020-12-06,BANN1,10.131687277633816,ToD blocks
2020-12-13,BANN1,-1.9447208982976996,ToD blocks
2020-12-20,BANN1,4.411837934198527,ToD blocks
2020-12-27,BANN1,-3.961495748372881,ToD blocks
2021-01-03,BANN1,-3.702307445051711,ToD blocks
2021-01-10,BANN1,-0.2828433364916769,ToD blocks
2021-01-17,BANN1,-4.877252067953041,ToD blocks
2021-01-24,BANN1,-3.1411782939557042,ToD blocks
2021-01-31,BANN1,-12.396248649909774,ToD blocks
2021-02-07,BANN1,-6.47931630584876,ToD blocks
2021-02-14,BANN1,-4.947639738301444,ToD blocks
2021-02-21,BANN1,-1.6485917006312434,ToD blocks
2021-02-28,BANN1,-2.459688074161626,ToD blocks
2021-03-07,BANN1,-3.4548183660955143,ToD blocks
2021-03-14,BANN1,-3.6508313076309378,ToD blocks
2021-03-21,BANN1,-5.205340408947652,ToD blocks
2021-03-28,BANN1,-9.863568653009878,ToD blocks
2021-04-04,BANN1,-5.735505566371669,ToD blocks
2021-04-11,BANN1,-4.687678701500475,ToD blocks
2021-04-18,BANN1,-0.8566757082619034,ToD blocks
2021-04-25,BANN1,-8.481139673192665,ToD blocks
2021-05-02,BANN1,-4.693980252794056,ToD blocks
2021-05-09,BANN1,-4.588716415945655,ToD blocks
2021-05-16,BANN1,-6.141117171581783,ToD blocks
2021-05-23,BANN1,-28.62924561609691,ToD blocks
2021-05-30,BANN1,-6.950414616384627,ToD blocks
2021-06-06,BANN1,-26.754896777315146,ToD blocks
2021-06-13,BANN1,-17.847202193826185,ToD blocks
2021-06-20,BANN1,-12.736645694984233,ToD blocks
2021-06-27,BANN1,0.0001821450972556704,ToD blocks
2021-07-04,BANN1,-7.5383682434607735,ToD blocks
2021-07-11,BANN1,-65.26871938785119,ToD blocks
2021-07-18,BANN1,15.301200549946032,ToD blocks
2021-07-25,BANN1,-6.815333176123758,ToD blocks
2021-08-01,BANN1,-19.57001110709957,ToD blocks
2021-08-08,BANN1,-18.64276331742562,ToD blocks
2021-08-15,BANN1,-14.576698161175678,ToD blocks
2021-08-22,BANN1,-9.597359960430937,ToD blocks
2021-08-29,BANN1,0.5069171120332854,ToD blocks
2021-09-05,BANN1,-10.217839172357024,ToD blocks
2021-09-12,BANN1,-2.4373204455070736,ToD blocks
2021-09-19,BANN1,-0.3002104574336708,ToD blocks
2021-09-26,BANN1,-10.298400330887953,ToD blocks
2021-10-03,BANN1,-0.7148447289774005,ToD blocks
2021-10-10,BANN1,-9.669636165858552,ToD blocks
2021-10-17,BANN1,-11.508736075487857,ToD blocks
2021-10-24,BANN1,-7.37265933614327,ToD blocks
2021-10-31,BANN1,-7.896209153381693,ToD blocks
2021-11-07,BANN1,-4.494084505199389,ToD blocks
2021-11-14,BANN1,-6.857744480261779,ToD blocks
2021-11-21,BANN1,2.2490707471962423,ToD blocks
2021-11-28,BANN1,-24.66600295796562,ToD blocks
2021-12-05,BANN1,20.653786886600372,ToD blocks
2021-12-12,BANN1,10.205655329325563,ToD blocks
2021-12-19,BANN1,4.666588730256279,ToD blocks
2021-12-26,BANN1,-4.846219828293618,ToD blocks
2022-01-02,BANN1,-5.688370153132304,ToD blocks
2022-01-09,BANN1,2.661546181160057,ToD blocks
2022-01-16,BANN1,1.2069112402416238,ToD blocks
2022-01-23,BANN1,-8.187415594491503,ToD blocks
2022-01-30,BANN1,-6.1145500543249796,ToD blocks
2022-02-06,BANN1,28.90549302515958,ToD blocks
2022-02-13,BANN1,-5.89144418504231,ToD blocks
2022-02-20,BANN1,-4.899245048521813,ToD blocks
2022-02-27,BANN1,-1.0286301135390623,ToD blocks
2022-03-06,BANN1,-12.146747646860234,ToD blocks
2022-03-13,BANN1,-11.602236258489857,ToD blocks
2022-03-20,BANN1,-11.877428908351831,ToD blocks
2022-03-27,BANN1,-4.008435110384511,ToD blocks
2022-04-03,BANN1,-29.898655320933123,ToD blocks
2022-04-10,BANN1,7.0314118440967945,ToD blocks
2022-04-17,BANN1,-10.011211948950589,ToD blocks
2022-04-24,BANN1,-40.9116959392923,ToD blocks
2022-05-01,BANN1,-50.18649726126604,ToD blocks
2022-05-08,BANN1,-29.3064369407292,ToD blocks
2022-05-15,BANN1,-66.50631895442027,ToD blocks
2022-05-22,BANN1,13.06501762267581,ToD blocks
2022-05-29,BANN1,-15.379983737032944,ToD blocks
2022-06-05,BANN1,-90.41983776196025,ToD blocks
2022-06-12,BANN1,-28.047235519706362,ToD blocks
2022-06-19,BANN1,-15.198702117362132,ToD blocks
2022-06-26,BANN1,-32.22577539363661,ToD blocks
2022-07-03,BANN1,-34.40329851689921,ToD blocks
2022-07-10,BANN1,-39.485871954419565,ToD blocks
2022-07-17,BANN1,-50.40609062045962,ToD blocks
2022-07-24,BANN1,-33.22669789231588,ToD blocks
2022-07-31,BANN1,-17.931787145637827,ToD blocks
2022-08-07,BANN1,-14.048036396274409,ToD blocks
2022-08-14,BANN1,-2.086805342148523,ToD blocks
2022-08-21,BANN1,-19.678134196982512,ToD blocks
2022-08-28,BANN1,-27.620456662868023,ToD blocks
2022-09-04,BANN1,-4.003000232639465,ToD blocks
2022-09-11,BANN1,-22.326537449146578,ToD blocks
2022-09-18,BANN1,7.238136858255366,ToD blocks
2022-09-25,BANN1,-14.316663721145158,ToD blocks
2022-10-02,BANN1,-12.14047740381757,ToD blocks
2022-10-09,BANN1,-29.287658636593115,ToD blocks
2022-10-16,BANN1,-47.16858652375893,ToD blocks
2022-10-23,BANN1,-14.519406446917827,ToD blocks
2022-10-30,BANN1,-21.338051204458036,ToD blocks
2022-11-06,BANN1,-10.274406676409415,ToD blocks
2022-11-13,BANN1,10.048953145262274,ToD blocks
2022-11-20,BANN1,-3.2238641911652293,ToD blocks
2022-11-27,BANN1,3.422968784966937,ToD blocks
2022-12-04,BANN1,-3.166441704626891,ToD blocks
2022-12-11,BANN1,-3.748077914135143,ToD blocks
2022-12-18,BANN1,-0.913593624123024,ToD blocks
2022-12-25,BANN1,-0.6419075933447855,ToD blocks
2023-01-01,BANN1,3.625154199977318,ToD blocks
2023-01-08,BANN1,-1.9425908765601498,ToD blocks
2023-01-15,BANN1,-2.044304899961155,ToD blocks
2023-01-22,BANN1,-4.635636756045541,ToD blocks
2023-01-29,BANN1,-19.61257023802532,ToD blocks
2023-02-05,BANN1,-2.4897816897974305,ToD blocks
2023-02-12,BANN1,12.661237615845963,ToD blocks
2023-02-19,BANN1,11.248256872631046,ToD blocks
2023-02-26,BANN1,4.881336917844784,ToD blocks
2023-03-05,BANN1,-4.735697280134342,ToD blocks
2023-03-12,BANN1,-0.24000071315623828,ToD blocks
2023-03-19,BANN1,-13.41624724508881,ToD blocks
2023-03-26,BANN1,-11.223888607824719,ToD blocks
2023-04-02,BANN1,-27.984642647250368,ToD blocks
2023-04-09,BANN1,8.108661677630465,ToD blocks
2023-04-16,BANN1,-12.429790904815693,ToD blocks
2023-04-23,BANN1,-2.754387554390405,ToD blocks
2023-04-30,BANN1,-11.354975596228737,ToD blocks
2023-05-07,BANN1,-14.129078243501226,ToD blocks
2023-05-14,BANN1,-18.67995196083831,ToD blocks
2023-05-21,BANN1,-9.235604329652745,ToD blocks
2023-05-28,BANN1,-18.057221696383607,ToD blocks
2023-06-04,BANN1,-11.086560509467887,ToD blocks
2023-06-11,BANN1,-16.469818613184696,ToD blocks
2023-06-18,BANN1,-13.074362864100175,ToD blocks
2023-06-25,BANN1,-24.699185508022367,ToD blocks
2023-07-02,BANN1,-18.646321005375434,ToD blocks
2023-07-09,BANN1,-41.27645282011686,ToD blocks
2023-07-16,BANN1,-20.982740727634063,ToD blocks
2023-07-23,BANN1,-13.931609865502182,ToD blocks
2023-07-30,BANN1,-11.807120216662703,ToD blocks
2023-08-06,BANN1,-13.695013935635155,ToD blocks
2023-08-13,BANN1,-2.605035072479417,ToD blocks
2023-08-20,BANN1,-14.245898319115355,ToD blocks
2023-08-27,BANN1,-9.80476561451444,ToD blocks
2023-09-03,BANN1,10.370067859119832,ToD blocks
2023-09-10,BANN1,-0.9881336312358187,ToD blocks
2023-09-17,BANN1,1.9876589674253573,ToD blocks
2023-09-24,BANN1,12.210494156901705,ToD blocks
2023-10-01,BANN1,-16.243960976246516,ToD blocks
2023-10-08,BANN1,-16.501881092566737,ToD blocks
2023-10-15,BANN1,-6.139984566923772,ToD blocks
2023-10-22,BANN1,2.8986819878060315,ToD blocks
2023-10-29,BANN1,-2.024429105671466,ToD blocks
2023-11-05,BANN1,-10.847489799822107,ToD blocks
2023-11-12,BANN1,4.100912082039757,ToD blocks
2023-11-19,BANN1,-13.528830299685065,ToD blocks
2023-11-26,BANN1,-3.385653475343979,ToD blocks
2023-12-03,BANN1,-4.1318083663797776,ToD blocks
2023-12-10,BANN1,-3.5255796595181366,ToD blocks
2023-12-17,BANN1,-18.425664140306356,ToD blocks
2023-12-24,BANN1,-11.996992888827602,ToD blocks
2023-12-31,BANN1,12.014654499841406,ToD blocks
2024-01-07,BANN1,-5.76313888053254,ToD blocks
2024-01-14,BANN1,7.781723259384121,ToD blocks
2024-01-21,BANN1,-13.257219051368077,ToD blocks
2024-01-28,BANN1,-5.709197472462428,ToD blocks
2024-02-04,BANN1,-0.580222212957743,ToD blocks
2024-02-11,BANN1,-3.428576920249011,ToD blocks
2024-02-18,BANN1,-108.90487457122617,ToD blocks
2024-02-25,BANN1,-21.619022744901073,ToD blocks
2024-03-03,BANN1,-16.156688775889904,ToD blocks
2024-03-10,BANN1,11.1526811628706,ToD blocks
2024-03-17,BANN1,5.950767000521132,ToD blocks
2024-03-24,BANN1,-5.117339577259051,ToD blocks
2024-03-31,BANN1,10.478835220359741,ToD blocks
2024-04-07,BANN1,0.26636244740076975,ToD blocks
2024-04-14,BANN1,38.15897519689521,ToD blocks
2024-04-21,BANN1,-6.031961312612026,ToD blocks
2024-04-28,BANN1,-11.50720272156274,ToD blocks
2024-05-05,BANN1,-19.855515165306528,ToD blocks
2024-05-12,BANN1,-19.937284267851,ToD blocks
2024-05-19,BANN1,-17.870037601872596,ToD blocks
2024-05-26,BANN1,-18.19286658962173,ToD blocks
2024-06-02,BANN1,-7.8639634658669095,ToD blocks
2024-06-09,BANN1,-26.042593293697138,ToD blocks
2024-06-16,BANN1,-66.44010353221864,ToD blocks
2024-06-23,BANN1,-22.677950731242078,ToD blocks
2024-06-30,BANN1,-27.552342925182487,ToD blocks
2024-07-07,BANN1,-23.777268414864295,ToD blocks
2024-07-14,BANN1,-38.58448760849086,ToD blocks
2024-07-21,BANN1,-25.519441528797557,ToD blocks
2024-07-28,BANN1,-25.8993567612724,ToD blocks
2024-08-04,BANN1,-24.658814359562697,ToD blocks
2024-08-11,BANN1,-176.67025823707598,ToD blocks
2024-08-18,BANN1,-10.649720972550277,ToD blocks
2024-08-25,BANN1,-23.152084981276708,ToD blocks
2024-09-01,BANN1,-4.85732319703196,ToD blocks
2024-09-08,BANN1,-0.07383451777783989,ToD blocks
2024-09-15,BANN1,-4.139250232010138,ToD blocks
2024-09-22,BANN1,-4.472495317328999,ToD blocks
2024-09-29,BANN1,-8.831501539571562,ToD blocks
2024-10-06,BANN1,-4.029247949700956,ToD blocks
2024-10-13,BANN1,-13.058908284559141,ToD blocks
2024-10-20,BANN1,-14.408446352915039,ToD blocks
2024-10-27,BANN1,-12.78301501981808,ToD blocks
2024-11-03,BANN1,-5.732341670038672,ToD blocks
2024-11-10,BANN1,-3.515399156429785,ToD blocks
2024-11-17,BANN1,-18.5298996160989,ToD blocks
2024-11-24,BANN1,-11.54372159767961,ToD blocks
2024-12-01,BANN1,-24.749225325614326,ToD blocks
2024-12-08,BANN1,-19.320650838211872,ToD blocks
2024-12-15,BANN1,14.319383371186056,ToD blocks
2024-12-22,BANN1,-15.60357436394851,ToD blocks
2024-12-29,BANN1,-5.1139909039722475,ToD blocks
2025-01-05,BANN1,-5.244118901589669,ToD blocks
2020-01-05,GANNSF1,7.602049641582546,ToD blocks
2020-01-12,GANNSF1,-1.856351612024305,ToD blocks
2020-01-19,GANNSF1,-3.3344296936532416,ToD blocks
2020-01-26,GANNSF1,2.778693285607453,ToD blocks
2020-02-02,GANNSF1,-4.8501909385188355,ToD blocks
2020-02-09,GANNSF1,-1.008685069337023,ToD blocks
2020-02-16,GANNSF1,-0.7420119551094828,ToD blocks
2020-02-23,GANNSF1,-1.4900338803095252,ToD blocks
2020-03-01,GANNSF1,-1.9559943478067368,ToD blocks
2020-03-08,GANNSF1,-8.608077313319143,ToD blocks
2020-03-15,GANNSF1,-3.2854458319948634,ToD blocks
2020-03-22,GANNSF1,-2.1491826599438113,ToD blocks
2020-03-29,GANNSF1,-1.807289844499465,ToD blocks
2020-04-05,GANNSF1,-4.530327282296852,ToD blocks
2020-04-12,GANNSF1,0.8026588238885424,ToD blocks
2020-04-19,GANNSF1,-1.287225744713016,ToD blocks
2020-04-26,GANNSF1,-2.469013787721618,ToD blocks
2020-05-03,GANNSF1,-0.519339788688292,ToD blocks
2020-05-10,GANNSF1,-1.2811564527772106,ToD blocks
2020-05-17,GANNSF1,-1.3111372616601358,ToD blocks
2020-05-24,GANNSF1,-4.176314988457619,ToD blocks
2020-05-31,GANNSF1,-3.9092804921678663,ToD blocks
2020-06-07,GANNSF1,-1.823962127719959,ToD blocks
2020-06-14,GANNSF1,-5.675828507158677,ToD blocks
2020-06-21,GANNSF1,-0.5009695089414734,ToD blocks
2020-06-28,GANNSF1,-3.354840661663104,ToD blocks
2020-07-05,GANNSF1,-3.4823975048809643,ToD blocks
2020-07-12,GANNSF1,7.53691697642185,ToD blocks
2020-07-19,GANNSF1,0.8649661046272001,ToD blocks
2020-07-26,GANNSF1,-4.990986865034117,ToD blocks
2020-08-02,GANNSF1,4.1043422824172,ToD blocks
2020-08-09,GANNSF1,-5.384596782503252,ToD blocks
2020-08-16,GANNSF1,-3.5400533734806174,ToD blocks
2020-08-23,GANNSF1,-4.254157392709487,ToD blocks
2020-08-30,GANNSF1,-20.771593444251145,ToD blocks
2020-09-06,GANNSF1,5.141848558051905,ToD blocks
2020-09-13,GANNSF1,-4.155256517447633,ToD blocks
2020-09-20,GANNSF1,0.12247728871381369,ToD blocks
2020-09-27,GANNSF1,-0.023235010850896742,ToD blocks
2020-10-04,GANNSF1,-0.8935527814967887,ToD blocks
2020-10-11,GANNSF1,-27.196607879303848,ToD blocks
2020-10-18,GANNSF1,-5.787527173030668,ToD blocks
2020-10-25,GANNSF1,-6.824347621338077,ToD blocks
2020-11-01,GANNSF1,-3.7676534831376713,ToD blocks
2020-11-08,GANNSF1,0.36061558162327145,ToD blocks
2020-11-15,GANNSF1,-3.1997507319810126,ToD blocks
2020-11-22,GANNSF1,-0.2744587490212993,ToD blocks
2020-11-29,GANNSF1,-3.953914347762833,ToD blocks
2020-12-06,GANNSF1,7.178218934195911,ToD blocks
2020-12-13,GANNSF1,0.9848297205824892,ToD blocks
2020-12-20,GANNSF1,8.094160417341776,ToD blocks
2020-12-27,GANNSF1,-4.608950082099668,ToD blocks
2021-01-03,GANNSF1,-1.0002213131053574,ToD blocks
2021-01-10,GANNSF1,2.1896865170203608,ToD blocks
2021-01-17,GANNSF1,-4.308009616370266,ToD blocks
2021-01-24,GANNSF1,-1.7708284969697168,ToD blocks
2021-01-31,GANNSF1,-10.58835837508696,ToD blocks
2021-02-07,GANNSF1,-6.24564281647002,ToD blocks
2021-02-14,GANNSF1,-3.088664335461795,ToD blocks
2021-02-21,GANNSF1,-0.30793784512904665,ToD blocks
2021-02-28,GANNSF1,-2.163876861255334,ToD blocks
2021-03-07,GANNSF1,-2.463134086613353,ToD blocks
2021-03-14,GANNSF1,-3.736369900673651,ToD blocks
2021-03-21,GANNSF1,-3.8067113789792515,ToD blocks
2021-03-28,GANNSF1,-12.385029214249805,ToD blocks
2021-04-04,GANNSF1,-5.692837849264883,ToD blocks
2021-04-11,GANNSF1,0.7948786182104364,ToD blocks
2021-04-18,GANNSF1,1.5561971112999693,ToD blocks
2021-04-25,GANNSF1,-3.5590450443597703,ToD blocks
2021-05-02,GANNSF1,-3.879307776395919,ToD blocks
2021-05-09,GANNSF1,-5.532342674375201,ToD blocks
2021-05-16,GANNSF1,-4.707561448941782,ToD blocks
2021-05-23,GANNSF1,-26.872714436901546,ToD blocks
2021-05-30,GANNSF1,-5.258769970603524,ToD blocks
2021-06-06,GANNSF1,-18.645428758559163,ToD blocks
2021-06-13,GANNSF1,-2.8053720041875465,ToD blocks
2021-06-20,GANNSF1,-12.241485712143131,ToD blocks
2021-06-27,GANNSF1,0.8811250092267073,ToD blocks
2021-07-04,GANNSF1,-6.311179588064036,ToD blocks
2021-07-11,GANNSF1,-61.58325118939497,ToD blocks
2021-07-18,GANNSF1,12.911278019535317,ToD blocks
2021-07-25,GANNSF1,-11.92981729435715,ToD blocks
2021-08-01,GANNSF1,-17.42933224035783,ToD blocks
2021-08-08,GANNSF1,-41.4615654085781,ToD blocks
2021-08-15,GANNSF1,-23.031036083866116,ToD blocks
2021-08-22,GANNSF1,-10.68581999874909,ToD blocks
2021-08-29,GANNSF1,0.16223024965198363,ToD blocks
2021-09-05,GANNSF1,-10.023645676505302,ToD blocks
2021-09-12,GANNSF1,-4.499506232233256,ToD blocks
2021-09-19,GANNSF1,1.0798976231697868,ToD blocks
2021-09-26,GANNSF1,-11.426076100058559,ToD blocks
2021-10-03,GANNSF1,-5.166973518151636,ToD blocks
2021-10-10,GANNSF1,-9.281923146963369,ToD blocks
2021-10-17,GANNSF1,-10.911549878694904,ToD blocks
2021-10-24,GANNSF1,-7.800109185331458,ToD blocks
2021-10-31,GANNSF1,-7.371289715916063,ToD blocks
2021-11-07,GANNSF1,-3.5375551819532554,ToD blocks
2021-11-14,GANNSF1,-6.541950156794849,ToD blocks
2021-11-21,GANNSF1,0.9965008085624625,ToD blocks
2021-11-28,GANNSF1,-9.465369416256987,ToD blocks
2021-12-05,GANNSF1,-10.647930940101254,ToD blocks
2021-12-12,GANNSF1,-3.9130257496297087,ToD blocks
2021-12-19,GANNSF1,-8.640314952278043,ToD blocks
2021-12-26,GANNSF1,-2.7580199422326093,ToD blocks
2022-01-02,GANNSF1,-22.58771662690912,ToD blocks
2022-01-09,GANNSF1,15.288603797059507,ToD blocks
2022-01-16,GANNSF1,-4.638870892498261,ToD blocks
2022-01-23,GANNSF1,-5.4858220504736925,ToD blocks
2022-01-30,GANNSF1,-3.8522707254585953,ToD blocks
2022-02-06,GANNSF1,46.30916699417304,ToD blocks
2022-02-13,GANNSF1,-6.747147843549694,ToD blocks
2022-02-20,GANNSF1,-7.57733509507711,ToD blocks
2022-02-27,GANNSF1,-8.434944961818903,ToD blocks
2022-03-06,GANNSF1,-16.53810812981198,ToD blocks
2022-03-13,GANNSF1,-8.752961782980822,ToD blocks
2022-03-20,GANNSF1,-12.192796436111372,ToD blocks
2022-03-27,GANNSF1,-14.989546911884513,ToD blocks
2022-04-03,GANNSF1,-22.791296444990365,ToD blocks
2022-04-10,GANNSF1,-8.08699242136656,ToD blocks
2022-04-17,GANNSF1,-9.902835123011869,ToD blocks
2022-04-24,GANNSF1,-41.36534273001371,ToD blocks
2022-05-01,GANNSF1,-56.89132820582563,ToD blocks
2022-05-08,GANNSF1,-26.241963062473417,ToD blocks
2022-05-15,GANNSF1,-43.761771637098235,ToD blocks
2022-05-22,GANNSF1,-5.865486046444431,ToD blocks
2022-05-29,GANNSF1,-20.665314355541398,ToD blocks
2022-06-05,GANNSF1,-38.24921905691798,ToD blocks
2022-06-12,GANNSF1,-20.25075410672727,ToD blocks
2022-06-19,GANNSF1,-1.715919579294706,ToD blocks
2022-06-26,GANNSF1,-36.971061321682726,ToD blocks
2022-07-03,GANNSF1,-30.197011840523317,ToD blocks
2022-07-10,GANNSF1,-34.205927833518615,ToD blocks
2022-07-17,GANNSF1,0.7364088757247487,ToD blocks
2022-07-24,GANNSF1,-22.924547627476443,ToD blocks
2022-07-31,GANNSF1,-32.03887895379424,ToD blocks
2022-08-07,GANNSF1,-24.497680409278715,ToD blocks
2022-08-14,GANNSF1,-10.928294378559528,ToD blocks
2022-08-21,GANNSF1,-22.139282856343144,ToD blocks
2022-08-28,GANNSF1,-16.95253904302146,ToD blocks
2022-09-04,GANNSF1,-12.74266386396689,ToD blocks
2022-09-11,GANNSF1,-4.051120314647818,ToD blocks
2022-09-18,GANNSF1,-6.022511980562676,ToD blocks
2022-09-25,GANNSF1,-32.301301742985586,ToD blocks
2022-10-02,GANNSF1,-16.612329214315977,ToD blocks
2022-10-09,GANNSF1,-39.72013890337041,ToD blocks
2022-10-16,GANNSF1,-47.15750018280273,ToD blocks
2022-10-23,GANNSF1,-22.63842177818661,ToD blocks
2022-10-30,GANNSF1,-31.19584358009337,ToD blocks
2022-11-06,GANNSF1,-5.092251274754975,ToD blocks
2022-11-13,GANNSF1,-0.34079975940545637,ToD blocks
2022-11-20,GANNSF1,-0.8962355859638524,ToD blocks
2022-11-27,GANNSF1,-1.0226467464526117,ToD blocks
2022-12-04,GANNSF1,2.6305693224516187,ToD blocks
2022-12-11,GANNSF1,-2.437161450055923,ToD blocks
2022-12-18,GANNSF1,1.2848327819059548,ToD blocks
2022-12-25,GANNSF1,-8.274627024568455,ToD blocks
2023-01-01,GANNSF1,-3.9022149584125954,ToD blocks
2023-01-08,GANNSF1,-5.911713380855325,ToD blocks
2023-01-15,GANNSF1,-3.053856558692381,ToD blocks
2023-01-22,GANNSF1,-15.468712098555095,ToD blocks
2023-01-29,GANNSF1,-31.888580022663454,ToD blocks
2023-02-05,GANNSF1,-2.3205774405579938,ToD blocks
2023-02-12,GANNSF1,-0.7497109053585636,ToD blocks
2023-02-19,GANNSF1,-28.867588442726124,ToD blocks
2023-02-26,GANNSF1,-9.742787985614408,ToD blocks
2023-03-05,GANNSF1,-11.726699232679675,ToD blocks
2023-03-12,GANNSF1,-8.69882938979391,ToD blocks
2023-03-19,GANNSF1,-12.838459886744127,ToD blocks
2023-03-26,GANNSF1,-19.224330296381986,ToD blocks
2023-04-02,GANNSF1,-25.732880677083457,ToD blocks
2023-04-09,GANNSF1,4.281472407161836,ToD blocks
2023-04-16,GANNSF1,-10.678212394288924,ToD blocks
2023-04-23,GANNSF1,-4.1573621570649095,ToD blocks
2023-04-30,GANNSF1,-5.928471725079959,ToD blocks
2023-05-07,GANNSF1,-11.107036272505198,ToD blocks
2023-05-14,GANNSF1,-16.42641243428082,ToD blocks
2023-05-21,GANNSF1,-6.740098528977256,ToD blocks
2023-05-28,GANNSF1,-17.478265125284707,ToD blocks
2023-06-04,GANNSF1,-12.500927189147646,ToD blocks
2023-06-11,GANNSF1,-13.312924333045121,ToD blocks
2023-06-18,GANNSF1,-19.607067867241952,ToD blocks
2023-06-25,GANNSF1,-25.13779369912885,ToD blocks
2023-07-02,GANNSF1,-22.392588934614203,ToD blocks
2023-07-09,GANNSF1,-37.481894138374216,ToD blocks
2023-07-16,GANNSF1,-15.158082524516878,ToD blocks
2023-07-23,GANNSF1,-10.580717086003581,ToD blocks
2023-07-30,GANNSF1,-4.448161531203716,ToD blocks
2023-08-06,GANNSF1,-18.76500618523921,ToD blocks
2023-08-13,GANNSF1,-6.329079086335831,ToD blocks
2023-08-20,GANNSF1,-10.96998291521913,ToD blocks
2023-08-27,GANNSF1,-11.271556138888188,ToD blocks
2023-09-03,GANNSF1,11.287152595169953,ToD blocks
2023-09-10,GANNSF1,-1.339140148203203,ToD blocks
2023-09-17,GANNSF1,-5.502221945446575,ToD blocks
2023-09-24,GANNSF1,-1.9426262399853407,ToD blocks
2023-10-01,GANNSF1,2.745242146389767,ToD blocks
2023-10-08,GANNSF1,-19.502251113046853,ToD blocks
2023-10-15,GANNSF1,-1.37818300039977,ToD blocks
2023-10-22,GANNSF1,-6.847116474002959,ToD blocks
2023-10-29,GANNSF1,5.21454089929771,ToD blocks
2023-11-05,GANNSF1,-15.177475793489442,ToD blocks
2023-11-12,GANNSF1,-7.613962020324367,ToD blocks
2023-11-19,GANNSF1,-10.929825554005163,ToD blocks
2023-11-26,GANNSF1,-5.9843495104538444,ToD blocks
2023-12-03,GANNSF1,-5.35109142980826,ToD blocks
2023-12-10,GANNSF1,-19.954677235868363,ToD blocks
2023-12-17,GANNSF1,-14.751605757373888,ToD blocks
2023-12-24,GANNSF1,-11.794908558287567,ToD blocks
2023-12-31,GANNSF1,15.658205993743842,ToD blocks
2024-01-07,GANNSF1,-21.643219521291797,ToD blocks
2024-01-14,GANNSF1,4.201383153339144,ToD blocks
2024-01-21,GANNSF1,-7.903265249595185,ToD blocks
2024-01-28,GANNSF1,8.68387977858091,ToD blocks
2024-02-04,GANNSF1,-3.086944169020974,ToD blocks
2024-02-11,GANNSF1,-8.29627182985407,ToD blocks
2024-02-18,GANNSF1,-242.23817590664993,ToD blocks
2024-02-25,GANNSF1,-5.669423882186402,ToD blocks
2024-03-03,GANNSF1,-8.808535692659603,ToD blocks
2024-03-10,GANNSF1,-8.549227135571048,ToD blocks
2024-03-17,GANNSF1,-7.846279265945782,ToD blocks
2024-03-24,GANNSF1,-15.219635235147447,ToD blocks
2024-03-31,GANNSF1,-12.715657924980968,ToD blocks
2024-04-07,GANNSF1,-5.47041003447506,ToD blocks
2024-04-14,GANNSF1,-0.15869748560510288,ToD blocks
2024-04-21,GANNSF1,-9.38788750986226,ToD blocks
2024-04-28,GANNSF1,-7.369569542599724,ToD blocks
2024-05-05,GANNSF1,-23.21258270065193,ToD blocks
2024-05-12,GANNSF1,-41.436737397063865,ToD blocks
2024-05-19,GANNSF1,-15.200664673237938,ToD blocks
2024-05-26,GANNSF1,-15.380624966410664,ToD blocks
2024-06-02,GANNSF1,-9.466998608955237,ToD blocks
2024-06-09,GANNSF1,-22.372760743946998,ToD blocks
2024-06-16,GANNSF1,-55.223397091424076,ToD blocks
2024-06-23,GANNSF1,-28.158182240915664,ToD blocks
2024-06-30,GANNSF1,-39.256296932369985,ToD blocks
2024-07-07,GANNSF1,-10.177320379304092,ToD blocks
2024-07-14,GANNSF1,-31.82174590442753,ToD blocks
2024-07-21,GANNSF1,-15.024792586616158,ToD blocks
2024-07-28,GANNSF1,-27.899354324568353,ToD blocks
2024-08-04,GANNSF1,-26.308802157131083,ToD blocks
2024-08-11,GANNSF1,-155.0380693878717,ToD blocks
2024-08-18,GANNSF1,-16.876010283991832,ToD blocks
2024-08-25,GANNSF1,-23.139949997078205,ToD blocks
2024-09-01,GANNSF1,-12.471604544487569,ToD blocks
2024-09-08,GANNSF1,-6.671011917247206,ToD blocks
2024-09-15,GANNSF1,-10.86046843047064,ToD blocks
2024-09-22,GANNSF1,-6.047131156587902,ToD blocks
2024-09-29,GANNSF1,-10.44079387088769,ToD blocks
2024-10-06,GANNSF1,-7.804582016494489,ToD blocks
2024-10-13,GANNSF1,-11.398520715182485,ToD blocks
2024-10-20,GANNSF1,-24.04601709245349,ToD blocks
2024-10-27,GANNSF1,-11.025478436924423,ToD blocks
2024-11-03,GANNSF1,1.5638459722480533,ToD blocks
2024-11-10,GANNSF1,-12.618186755810976,ToD blocks
2024-11-17,GANNSF1,-25.089691490945036,ToD blocks
2024-11-24,GANNSF1,-27.684799477718304,ToD blocks
2024-12-01,GANNSF1,-34.34458896028916,ToD blocks
2024-12-08,GANNSF1,-17.50004521797491,ToD blocks
2024-12-15,GANNSF1,-4.70044602167027,ToD blocks
2024-12-22,GANNSF1,-6.05122237813924,ToD blocks
2024-12-29,GANNSF1,-2.5143383608511627,ToD blocks
2025-01-05,GANNSF1,-5.692602546886686,ToD blocks
2020-01-05,KARSF1,11.366094540605296,ToD blocks
2020-01-12,KARSF1,-2.633824288162373,ToD blocks
2020-01-19,KARSF1,-2.5360093314337746,ToD blocks
2020-01-26,KARSF1,5.049783279643357,ToD blocks
2020-02-02,KARSF1,-213.99927402122483,ToD blocks
2020-02-09,KARSF1,-1.4653292397196687,ToD blocks
2020-02-16,KARSF1,-0.7060023944892606,ToD blocks
2020-02-23,KARSF1,-1.0162708665129188,ToD blocks
2020-03-01,KARSF1,-1.4147226136839066,ToD blocks
2020-03-08,KARSF1,-8.470988156703292,ToD blocks
2020-03-15,KARSF1,-4.246493527065429,ToD blocks
2020-03-22,KARSF1,-1.445999484034779,ToD blocks
2020-03-29,KARSF1,-1.7421556145892367,ToD blocks
2020-04-05,KARSF1,-3.862212642778097,ToD blocks
2020-04-12,KARSF1,0.10370809185147323,ToD blocks
2020-04-19,KARSF1,-1.6069236135241205,ToD blocks
2020-04-26,KARSF1,-3.487547947356047,ToD blocks
2020-05-03,KARSF1,-3.17417004876987,ToD blocks
2020-05-10,KARSF1,-1.6795638263816457,ToD blocks
2020-05-17,KARSF1,-0.44606371472646345,ToD blocks
2020-05-24,KARSF1,-2.08673298164706,ToD blocks
2020-05-31,KARSF1,-2.2237235403864446,ToD blocks
2020-06-07,KARSF1,-0.9306644714355485,ToD blocks
2020-06-14,KARSF1,-2.9016344936356475,ToD blocks
2020-06-21,KARSF1,-2.675226275641151,ToD blocks
2020-06-28,KARSF1,-3.4612776339414637,ToD blocks
2020-07-05,KARSF1,-2.564290802491932,ToD blocks
2020-07-12,KARSF1,-3.726417836313317,ToD blocks
2020-07-19,KARSF1,-0.34872779380874164,ToD blocks
2020-07-26,KARSF1,-4.395255281865815,ToD blocks
2020-08-02,KARSF1,-2.379610685733674,ToD blocks
2020-08-09,KARSF1,-6.42145566421933,ToD blocks
2020-08-16,KARSF1,-3.930525322200616,ToD blocks
2020-08-23,KARSF1,-5.955987689869197,ToD blocks
2020-08-30,KARSF1,-8.152360726022557,ToD blocks
2020-09-06,KARSF1,0.2704910904352822,ToD blocks
2020-09-13,KARSF1,-3.7642133570170984,ToD blocks
2020-09-20,KARSF1,-2.948755989659407,ToD blocks
2020-09-27,KARSF1,-0.5525598240206193,ToD blocks
2020-10-04,KARSF1,2.139282426293903,ToD blocks
2020-10-11,KARSF1,-27.552379559031714,ToD blocks
2020-10-18,KARSF1,-11.79992552675219,ToD blocks
2020-10-25,KARSF1,-12.322030985486833,ToD blocks
2020-11-01,KARSF1,-5.898965470627893,ToD blocks
2020-11-08,KARSF1,-2.654714467404169,ToD blocks
2020-11-15,KARSF1,-3.64542695048943,ToD blocks
2020-11-22,KARSF1,-2.4001802872603264,ToD blocks
2020-11-29,KARSF1,-6.034586566672893,ToD blocks
2020-12-06,KARSF1,8.148782957198417,ToD blocks
2020-12-13,KARSF1,-0.8897648730729522,ToD blocks
2020-12-20,KARSF1,7.9285976650476435,ToD blocks
2020-12-27,KARSF1,-5.3603433069735615,ToD blocks
2021-01-03,KARSF1,-3.6534892016793936,ToD blocks
2021-01-10,KARSF1,-0.4533524242785205,ToD blocks
2021-01-17,KARSF1,-4.336430124513444,ToD blocks
2021-01-24,KARSF1,-2.0496242674790537,ToD blocks
2021-01-31,KARSF1,-11.326935155625453,ToD blocks
2021-02-07,KARSF1,-6.302886929074805,ToD blocks
2021-02-14,KARSF1,-3.742219546308519,ToD blocks
2021-02-21,KARSF1,-1.4252960409763986,ToD blocks
2021-02-28,KARSF1,-2.2696619377364264,ToD blocks
2021-03-07,KARSF1,-3.4241324225282668,ToD blocks
2021-03-14,KARSF1,-3.8099050881581036,ToD blocks
2021-03-21,KARSF1,-2.613141628119074,ToD blocks
2021-03-28,KARSF1,-10.44783717577782,ToD blocks
2021-04-04,KARSF1,-6.380123393575619,ToD blocks
2021-04-11,KARSF1,-0.652567133887608,ToD blocks
2021-04-18,KARSF1,-1.2297071120924095,ToD blocks
2021-04-25,KARSF1,-11.662768187553617,ToD blocks
2021-05-02,KARSF1,-2.7262063164619477,ToD blocks
2021-05-09,KARSF1,-7.409546487022258,ToD blocks
2021-05-16,KARSF1,-6.283828418036201,ToD blocks
2021-05-23,KARSF1,-26.64919494602018,ToD blocks
2021-05-30,KARSF1,-7.173013770618212,ToD blocks
2021-06-06,KARSF1,-23.20205831774453,ToD blocks
2021-06-13,KARSF1,-17.459842424203565,ToD blocks
2021-06-20,KARSF1,-7.816798265352588,ToD blocks
2021-06-27,KARSF1,0.8586450357400679,ToD blocks
2021-07-04,KARSF1,-5.866781141543974,ToD blocks
2021-07-11,KARSF1,-12.697109509203472,ToD blocks
2021-07-18,KARSF1,6.955080093631665,ToD blocks
2021-07-25,KARSF1,-14.833514161787619,ToD blocks
2021-08-01,KARSF1,-12.531082763045273,ToD blocks
2021-08-08,KARSF1,-18.484428053052326,ToD blocks
2021-08-15,KARSF1,-8.574429514899563,ToD blocks
2021-08-22,KARSF1,-5.481241343756016,ToD blocks
2021-08-29,KARSF1,3.052796165644807,ToD blocks
2021-09-05,KARSF1,-7.965628951532916,ToD blocks
2021-09-12,KARSF1,-2.657539245795774,ToD blocks
2021-09-19,KARSF1,3.025145793372884,ToD blocks
2021-09-26,KARSF1,-12.783520370847832,ToD blocks
2021-10-03,KARSF1,-2.4922290091500265,ToD blocks
2021-10-10,KARSF1,-4.071476515023431,ToD blocks
2021-10-17,KARSF1,-12.09709105383049,ToD blocks
2021-10-24,KARSF1,-4.398329790910916,ToD blocks
2021-10-31,KARSF1,-8.045046897032073,ToD blocks
2021-11-07,KARSF1,-4.4173925799391505,ToD blocks
2021-11-14,KARSF1,-10.349960889906601,ToD blocks
2021-11-21,KARSF1,9.411694308248254,ToD blocks
2021-11-28,KARSF1,-4.335406313431484,ToD blocks
2021-12-05,KARSF1,4.486683777302993,ToD blocks
2021-12-12,KARSF1,8.890520953683584,ToD blocks
2021-12-19,KARSF1,-0.9330846751584332,ToD blocks
2021-12-26,KARSF1,-3.9737291504210877,ToD blocks
2022-01-02,KARSF1,7.936462224147801,ToD blocks
2022-01-09,KARSF1,0.05158957661352126,ToD blocks
2022-01-16,KARSF1,-1.638499011778201,ToD blocks
2022-01-23,KARSF1,-6.642152900340512,ToD blocks
2022-01-30,KARSF1,-12.347721399173636,ToD blocks
2022-02-06,KARSF1,68.56747832118994,ToD blocks
2022-02-13,KARSF1,-7.778951584557898,ToD blocks
2022-02-20,KARSF1,-3.5099257842542713,ToD blocks
2022-02-27,KARSF1,-0.2909570422272765,ToD blocks
2022-03-06,KARSF1,-9.75296443535359,ToD blocks
2022-03-13,KARSF1,-8.388339063948965,ToD blocks
2022-03-20,KARSF1,-7.245294303414475,ToD blocks
2022-03-27,KARSF1,-13.902475528040302,ToD blocks
2022-04-03,KARSF1,-22.875777375891744,ToD blocks
2022-04-10,KARSF1,-11.480201654129317,ToD blocks
2022-04-17,KARSF1,-10.514095318186676,ToD blocks
2022-04-24,KARSF1,-36.20214030007068,ToD blocks
2022-05-01,KARSF1,-48.5051846604229,ToD blocks
2022-05-08,KARSF1,-22.94473006195892,ToD blocks
2022-05-15,KARSF1,-52.29521643148797,ToD blocks
2022-05-22,KARSF1,-12.316813229219548,ToD blocks
2022-05-29,KARSF1,-12.100417734223981,ToD blocks
2022-06-05,KARSF1,-73.13338575839015,ToD blocks
2022-06-12,KARSF1,-30.513531125769504,ToD blocks
2022-06-19,KARSF1,-16.12674685266711,ToD blocks
2022-06-26,KARSF1,-30.333486828827176,ToD blocks
2022-07-03,KARSF1,-24.160375994396475,ToD blocks
2022-07-10,KARSF1,-28.06685199336843,ToD blocks
2022-07-17,KARSF1,-30.349425399252652,ToD blocks
2022-07-24,KARSF1,-32.133309952110324,ToD blocks
2022-07-31,KARSF1,-10.046717248097764,ToD blocks
2022-08-07,KARSF1,-14.3925546131298,ToD blocks
2022-08-14,KARSF1,3.928630011614956,ToD blocks
2022-08-21,KARSF1,-25.250914246417786,ToD blocks
2022-08-28,KARSF1,-20.658037425944457,ToD blocks
2022-09-04,KARSF1,-6.36441562524805,ToD blocks
2022-09-11,KARSF1,0.6349686648794659,ToD blocks
2022-09-18,KARSF1,8.098425664225708,ToD blocks
2022-09-25,KARSF1,-13.121271019781801,ToD blocks
2022-10-02,KARSF1,-13.974281738558219,ToD blocks
2022-10-09,KARSF1,-34.80387726220961,ToD blocks
2022-10-16,KARSF1,-46.21481223110543,ToD blocks
2022-10-23,KARSF1,-22.792955899141596,ToD blocks
2022-10-30,KARSF1,-31.915727962443704,ToD blocks
2022-11-06,KARSF1,-4.313132382774322,ToD blocks
2022-11-13,KARSF1,7.352577169297895,ToD blocks
2022-11-20,KARSF1,-8.061510012920646,ToD blocks
2022-11-27,KARSF1,9.741077296192874,ToD blocks
2022-12-04,KARSF1,-0.7046851341596998,ToD blocks
2022-12-11,KARSF1,4.390456652010063,ToD blocks
2022-12-18,KARSF1,7.32281882654361,ToD blocks
2022-12-25,KARSF1,-8.965668876256352,ToD blocks
2023-01-01,KARSF1,0.6352325176282312,ToD blocks
2023-01-08,KARSF1,6.437929317540309,ToD blocks
2023-01-15,KARSF1,3.7823731593035035,ToD blocks
2023-01-22,KARSF1,-9.897993379010224,ToD blocks
2023-01-29,KARSF1,-19.935416096590693,ToD blocks
2023-02-05,KARSF1,-2.4059143376764514,ToD blocks
2023-02-12,KARSF1,5.183348574756227,ToD blocks
2023-02-19,KARSF1,1.1159932464085571,ToD blocks
2023-02-26,KARSF1,-2.7847926662805946,ToD blocks
2023-03-05,KARSF1,-10.071654871476296,ToD blocks
2023-03-12,KARSF1,1.3466996893785268,ToD blocks
2023-03-19,KARSF1,-10.84699296332695,ToD blocks
2023-03-26,KARSF1,-11.58756454257798,ToD blocks
2023-04-02,KARSF1,-32.120138445879476,ToD blocks
2023-04-09,KARSF1,7.8942639296974875,ToD blocks
2023-04-16,KARSF1,-11.627711906619602,ToD blocks
2023-04-23,KARSF1,-3.2598766456453916,ToD blocks
2023-04-30,KARSF1,-11.641919523354304,ToD blocks
2023-05-07,KARSF1,-10.712129007805046,ToD blocks
2023-05-14,KARSF1,10.107439874417423,ToD blocks
2023-05-21,KARSF1,4.196859368908903,ToD blocks
2023-05-28,KARSF1,-15.747162181403525,ToD blocks
2023-06-04,KARSF1,-11.266118930029613,ToD blocks
2023-06-11,KARSF1,-14.40333838863927,ToD blocks
2023-06-18,KARSF1,-9.959448374326941,ToD blocks
2023-06-25,KARSF1,-22.997366431699113,ToD blocks
2023-07-02,KARSF1,-22.223529570251323,ToD blocks
2023-07-09,KARSF1,-34.88791019207716,ToD blocks
2023-07-16,KARSF1,-15.163589813112985,ToD blocks
2023-07-23,KARSF1,-12.242441008269157,ToD blocks
2023-07-30,KARSF1,9.580963097013129,ToD blocks
2023-08-06,KARSF1,-2.4417934394493592,ToD blocks
2023-08-13,KARSF1,2.7594801451759565,ToD blocks
2023-08-20,KARSF1,10.372131814325915,ToD blocks
2023-08-27,KARSF1,-6.631684792455413,ToD blocks
2023-09-03,KARSF1,24.12979758313169,ToD blocks
2023-09-10,KARSF1,21.67962664067395,ToD blocks
2023-09-17,KARSF1,32.979798799863524,ToD blocks
2023-09-24,KARSF1,47.99896592232839,ToD blocks
2023-10-01,KARSF1,41.07426101586128,ToD blocks
2023-10-08,KARSF1,-17.075546588694202,ToD blocks
2023-10-15,KARSF1,6.619031454283554,ToD blocks
2023-10-22,KARSF1,14.615536391486526,ToD blocks
2023-10-29,KARSF1,32.83841400479881,ToD blocks
2023-11-05,KARSF1,29.688495520044754,ToD blocks
2023-11-12,KARSF1,36.18909396377517,ToD blocks
2023-11-19,KARSF1,14.802052098327692,ToD blocks
2023-11-26,KARSF1,-0.14813975528565848,ToD blocks
2023-12-03,KARSF1,1.1614111087456163,ToD blocks
2023-12-10,KARSF1,-2.0513153668526485,ToD blocks
2023-12-17,KARSF1,10.60462783009321,ToD blocks
2023-12-24,KARSF1,17.099689648257183,ToD blocks
2023-12-31,KARSF1,33.945251382074076,ToD blocks
2024-01-07,KARSF1,-2.4781661090349933,ToD blocks
2024-01-14,KARSF1,8.413800299365844,ToD blocks
2024-01-21,KARSF1,2.6477638429212806,ToD blocks
2024-01-28,KARSF1,44.4412893239866,ToD blocks
2024-02-04,KARSF1,5.179730629846004,ToD blocks
2024-02-11,KARSF1,2.3300843831819584,ToD blocks
2024-02-18,KARSF1,-314.9468147168934,ToD blocks
2024-02-25,KARSF1,-1.197199098972364,ToD blocks
2024-03-03,KARSF1,-5.679573184186433,ToD blocks
2024-03-10,KARSF1,-1.1835683586018604,ToD blocks
2024-03-17,KARSF1,4.359391806133985,ToD blocks
2024-03-24,KARSF1,-1.3319240873878293,ToD blocks
2024-03-31,KARSF1,-2.926604078980935,ToD blocks
2024-04-07,KARSF1,-10.417128735909364,ToD blocks
2024-04-14,KARSF1,,ToD blocks
2024-04-21,KARSF1,,ToD blocks
2024-04-28,KARSF1,,ToD blocks
2024-05-05,KARSF1,,ToD blocks
2024-05-12,KARSF1,,ToD blocks
2024-05-19,KARSF1,,ToD blocks
2024-05-26,KARSF1,,ToD blocks
2024-06-02,KARSF1,-19.898917744206344,ToD blocks
2024-06-09,KARSF1,-28.44653397295795,ToD blocks
2024-06-16,KARSF1,-61.57957100740175,ToD blocks
2024-06-23,KARSF1,-19.72988025652853,ToD blocks
2024-06-30,KARSF1,-31.64838913500114,ToD blocks
2024-07-07,KARSF1,-6.217340901202135,ToD blocks
2024-07-14,KARSF1,-32.44173686478021,ToD blocks
2024-07-21,KARSF1,-23.29217987256392,ToD blocks
2024-07-28,KARSF1,-10.411264376555842,ToD blocks
2024-08-04,KARSF1,-27.664520838608652,ToD blocks
2024-08-11,KARSF1,-156.80061092337974,ToD blocks
2024-08-18,KARSF1,-18.696002913478896,ToD blocks
2024-08-25,KARSF1,-9.716876076936554,ToD blocks
2024-09-01,KARSF1,-0.31722766903131827,ToD blocks
2024-09-08,KARSF1,-3.304240204089698,ToD blocks
2024-09-15,KARSF1,-5.366602723201435,ToD blocks
2024-09-22,KARSF1,-2.4964468844713075,ToD blocks
2024-09-29,KARSF1,0.5296865876830887,ToD blocks
2024-10-06,KARSF1,-14.693693235300046,ToD blocks
2024-10-13,KARSF1,-4.5441017314299685,ToD blocks
2024-10-20,KARSF1,-17.61178494941149,ToD blocks
2024-10-27,KARSF1,-9.859075039758231,ToD blocks
2024-11-03,KARSF1,7.687039575036781,ToD blocks
2024-11-10,KARSF1,-13.865987661454042,ToD blocks
2024-11-17,KARSF1,-5.171592518731711,ToD blocks
2024-11-24,KARSF1,-20.26156286372271,ToD blocks
2024-12-01,KARSF1,-38.690329848233105,ToD blocks
2024-12-08,KARSF1,-10.14177561592345,ToD blocks
2024-12-15,KARSF1,-6.9740744280247,ToD blocks
2024-12-22,KARSF1,5.216523228469455,ToD blocks
2024-12-29,KARSF1,-2.3015661472950093,ToD blocks
2025-01-05,KARSF1,-4.018606608320015,ToD blocks
2020-01-05,NUMURSF1,11.069640703159209,ToD blocks
2020-01-12,NUMURSF1,-0.8124038469910744,ToD blocks
2020-01-19,NUMURSF1,-2.5476492068805,ToD blocks
2020-01-26,NUMURSF1,9.46270057765554,ToD blocks
2020-02-02,NUMURSF1,91.19589346867144,ToD blocks
2020-02-09,NUMURSF1,-1.3700398015781552,ToD blocks
2020-02-16,NUMURSF1,-1.6633042237162883,ToD blocks
2020-02-23,NUMURSF1,-1.8753910749013798,ToD blocks
2020-03-01,NUMURSF1,-1.9633439838528162,ToD blocks
2020-03-08,NUMURSF1,-6.239977016073745,ToD blocks
2020-03-15,NUMURSF1,-3.0375824724875464,ToD blocks
2020-03-22,NUMURSF1,-1.7713590451889445,ToD blocks
2020-03-29,NUMURSF1,-2.535840714607808,ToD blocks
2020-04-05,NUMURSF1,-3.5154977518158788,ToD blocks
2020-04-12,NUMURSF1,1.3321541225062532,ToD blocks
2020-04-19,NUMURSF1,-1.6997542520713367,ToD blocks
2020-04-26,NUMURSF1,0.22698505331194063,ToD blocks
2020-05-03,NUMURSF1,-0.9659930721555163,ToD blocks
2020-05-10,NUMURSF1,0.7337088339538482,ToD blocks
2020-05-17,NUMURSF1,-1.5606386040699576,ToD blocks
2020-05-24,NUMURSF1,-1.6356119096818418,ToD blocks
2020-05-31,NUMURSF1,-3.0687829891205425,ToD blocks
2020-06-07,NUMURSF1,-2.00437530692885,ToD blocks
2020-06-14,NUMURSF1,-3.959902297352457,ToD blocks
2020-06-21,NUMURSF1,0.4355483716432005,ToD blocks
2020-06-28,NUMURSF1,-3.776254513269926,ToD blocks
2020-07-05,NUMURSF1,-2.3101945270654767,ToD blocks
2020-07-12,NUMURSF1,-0.42498006283359757,ToD blocks
2020-07-19,NUMURSF1,-3.43218371553462,ToD blocks
2020-07-26,NUMURSF1,-5.7590435157028566,ToD blocks
2020-08-02,NUMURSF1,-4.374429435135106,ToD blocks
2020-08-09,NUMURSF1,-3.9693941639173005,ToD blocks
2020-08-16,NUMURSF1,-2.45346323063918,ToD blocks
2020-08-23,NUMURSF1,-5.23425582643614,ToD blocks
2020-08-30,NUMURSF1,3.6894312634042237,ToD blocks
2020-09-06,NUMURSF1,-0.8246012785835859,ToD blocks
2020-09-13,NUMURSF1,-2.03563494701287,ToD blocks
2020-09-20,NUMURSF1,-2.021580829357042,ToD blocks
2020-09-27,NUMURSF1,-1.7579656687863547,ToD blocks
2020-10-04,NUMURSF1,12.502129432978176,ToD blocks
2020-10-11,NUMURSF1,-28.286167536176677,ToD blocks
2020-10-18,NUMURSF1,-6.102409170849818,ToD blocks
2020-10-25,NUMURSF1,-4.824415001362084,ToD blocks
2020-11-01,NUMURSF1,-7.266654710431993,ToD blocks
2020-11-08,NUMURSF1,-2.377120077823868,ToD blocks
2020-11-15,NUMURSF1,-2.105974234576273,ToD blocks
2020-11-22,NUMURSF1,1.831240211884392,ToD blocks
2020-11-29,NUMURSF1,1.350982434354954,ToD blocks
2020-12-06,NUMURSF1,14.818961889520928,ToD blocks
2020-12-13,NUMURSF1,3.022178532827697,ToD blocks
2020-12-20,NUMURSF1,12.810997297073602,ToD blocks
2020-12-27,NUMURSF1,0.2904084306897161,ToD blocks
2021-01-03,NUMURSF1,-1.1488637352743334,ToD blocks
2021-01-10,NUMURSF1,4.352988288954457,ToD blocks
2021-01-17,NUMURSF1,5.353842615082096,ToD blocks
2021-01-24,NUMURSF1,-2.5028921540601026,ToD blocks
2021-01-31,NUMURSF1,0.7381054286544035,ToD blocks
2021-02-07,NUMURSF1,-2.7244518030727836,ToD blocks
2021-02-14,NUMURSF1,5.9331362419921945,ToD blocks
2021-02-21,NUMURSF1,-1.092722500350387,ToD blocks
2021-02-28,NUMURSF1,-2.943478464814559,ToD blocks
2021-03-07,NUMURSF1,-2.667588766034287,ToD blocks
2021-03-14,NUMURSF1,-3.51835292569562,ToD blocks
2021-03-21,NUMURSF1,-2.2601811202920317,ToD blocks
2021-03-28,NUMURSF1,-12.543640902241012,ToD blocks
2021-04-04,NUMURSF1,-3.9557224271708016,ToD blocks
2021-04-11,NUMURSF1,7.199407253958064,ToD blocks
2021-04-18,NUMURSF1,0.2150323851459568,ToD blocks
2021-04-25,NUMURSF1,-8.70967080012936,ToD blocks
2021-05-02,NUMURSF1,-2.0204433542271687,ToD blocks
2021-05-09,NUMURSF1,-5.004499906308027,ToD blocks
2021-05-16,NUMURSF1,-5.585253717078082,ToD blocks
2021-05-23,NUMURSF1,-25.189735299869966,ToD blocks
2021-05-30,NUMURSF1,-6.2909772984083006,ToD blocks
2021-06-06,NUMURSF1,-20.860020013977888,ToD blocks
2021-06-13,NUMURSF1,-7.173896016346468,ToD blocks
2021-06-20,NUMURSF1,-19.289135584462073,ToD blocks
2021-06-27,NUMURSF1,6.49873074390041,ToD blocks
2021-07-04,NUMURSF1,-6.219583692527003,ToD blocks
2021-07-11,NUMURSF1,-20.277764876515192,ToD blocks
2021-07-18,NUMURSF1,-9.09234352629953,ToD blocks
2021-07-25,NUMURSF1,2.430317723676964,ToD blocks
2021-08-01,NUMURSF1,1.2178850807792827,ToD blocks
2021-08-08,NUMURSF1,-4.905911543573595,ToD blocks
2021-08-15,NUMURSF1,4.680622217998726,ToD blocks
2021-08-22,NUMURSF1,6.81044627615511,ToD blocks
2021-08-29,NUMURSF1,3.5218128073574633,ToD blocks
2021-09-05,NUMURSF1,5.5728823104061025,ToD blocks
2021-09-12,NUMURSF1,9.757662184151014,ToD blocks
2021-09-19,NUMURSF1,13.415760819702399,ToD blocks
2021-09-26,NUMURSF1,14.056128193216718,ToD blocks
2021-10-03,NUMURSF1,-1.2893277134975456,ToD blocks
2021-10-10,NUMURSF1,2.4341261576706223,ToD blocks
2021-10-17,NUMURSF1,1.4126127068199832,ToD blocks
2021-10-24,NUMURSF1,4.576976304489316,ToD blocks
2021-10-31,NUMURSF1,3.8785685648483064,ToD blocks
2021-11-07,NUMURSF1,-1.18312069878327,ToD blocks
2021-11-14,NUMURSF1,6.212707640862934,ToD blocks
2021-11-21,NUMURSF1,9.124649432687015,ToD blocks
2021-11-28,NUMURSF1,5.2148816683179255,ToD blocks
2021-12-05,NUMURSF1,5.825216868076936,ToD blocks
2021-12-12,NUMURSF1,-1.4231737495233965,ToD blocks
2021-12-19,NUMURSF1,1.4510296035079904,ToD blocks
2021-12-26,NUMURSF1,13.453681375530415,ToD blocks
2022-01-02,NUMURSF1,20.947151634967,ToD blocks
2022-01-09,NUMURSF1,3.050612808658604,ToD blocks
2022-01-16,NUMURSF1,-1.624623875173846,ToD blocks
2022-01-23,NUMURSF1,5.0218347656222,ToD blocks
2022-01-30,NUMURSF1,1.2557246479982211,ToD blocks
2022-02-06,NUMURSF1,83.01328431794241,ToD blocks
2022-02-13,NUMURSF1,0.729298498977407,ToD blocks
2022-02-20,NUMURSF1,-0.619401187542941,ToD blocks
2022-02-27,NUMURSF1,0.6812034688909456,ToD blocks
2022-03-06,NUMURSF1,17.14630348925791,ToD blocks
2022-03-13,NUMURSF1,14.824052581093472,ToD blocks
2022-03-20,NUMURSF1,-13.210996979152448,ToD blocks
2022-03-27,NUMURSF1,-3.201803372900791,ToD blocks
2022-04-03,NUMURSF1,-4.742807756543655,ToD blocks
2022-04-10,NUMURSF1,13.778592118428051,ToD blocks
2022-04-17,NUMURSF1,2.9580483101920976,ToD blocks
2022-04-24,NUMURSF1,-23.127342124326248,ToD blocks
2022-05-01,NUMURSF1,-23.81432666006438,ToD blocks
2022-05-08,NUMURSF1,-4.828952117860126,ToD blocks
2022-05-15,NUMURSF1,-11.949505388174146,ToD blocks
2022-05-22,NUMURSF1,-9.182933164238136,ToD blocks
2022-05-29,NUMURSF1,-17.227008147877427,ToD blocks
2022-06-05,NUMURSF1,-45.6418882232814,ToD blocks
2022-06-12,NUMURSF1,-9.530439534369634,ToD blocks
2022-06-19,NUMURSF1,-7.834344947263219,ToD blocks
2022-06-26,NUMURSF1,-29.751196623275547,ToD blocks
2022-07-03,NUMURSF1,-19.19588882142557,ToD blocks
2022-07-10,NUMURSF1,-15.29047503780646,ToD blocks
2022-07-17,NUMURSF1,17.166106184426553,ToD blocks
2022-07-24,NUMURSF1,25.250374038085283,ToD blocks
2022-07-31,NUMURSF1,-3.071322268843602,ToD blocks
2022-08-07,NUMURSF1,17.63410896577996,ToD blocks
2022-08-14,NUMURSF1,17.4190992547081,ToD blocks
2022-08-21,NUMURSF1,10.839722530092331,ToD blocks
2022-08-28,NUMURSF1,14.09175542054183,ToD blocks
2022-09-04,NUMURSF1,-11.263510991254101,ToD blocks
2022-09-11,NUMURSF1,27.80607394050419,ToD blocks
2022-09-18,NUMURSF1,0.15877102599336723,ToD blocks
2022-09-25,NUMURSF1,13.856422865875658,ToD blocks
2022-10-02,NUMURSF1,9.471802404253097,ToD blocks
2022-10-09,NUMURSF1,-28.218425235371356,ToD blocks
2022-10-16,NUMURSF1,-23.092611201933153,ToD blocks
2022-10-23,NUMURSF1,-15.803349345422134,ToD blocks
2022-10-30,NUMURSF1,31.723436734460194,ToD blocks
2022-11-06,NUMURSF1,14.579768421414759,ToD blocks
2022-11-13,NUMURSF1,4.512291749760209,ToD blocks
2022-11-20,NUMURSF1,42.33719479942909,ToD blocks
2022-11-27,NUMURSF1,47.15232077586054,ToD blocks
2022-12-04,NUMURSF1,34.16898665738619,ToD blocks
2022-12-11,NUMURSF1,35.10950264676322,ToD blocks
2022-12-18,NUMURSF1,38.17017168796529,ToD blocks
2022-12-25,NUMURSF1,13.445458371994416,ToD blocks
2023-01-01,NUMURSF1,33.205264879677046,ToD blocks
2023-01-08,NUMURSF1,55.18150355507525,ToD blocks
2023-01-15,NUMURSF1,21.888505870910265,ToD blocks
2023-01-22,NUMURSF1,43.69154451680484,ToD blocks
2023-01-29,NUMURSF1,20.142710659914194,ToD blocks
2023-02-05,NUMURSF1,31.965438088444436,ToD blocks
2023-02-12,NUMURSF1,27.330520930545685,ToD blocks
2023-02-19,NUMURSF1,43.182589181189336,ToD blocks
2023-02-26,NUMURSF1,43.32320579324964,ToD blocks
2023-03-05,NUMURSF1,6.909574380031575,ToD blocks
2023-03-12,NUMURSF1,27.399336271790972,ToD blocks
2023-03-19,NUMURSF1,16.16521836011034,ToD blocks
2023-03-26,NUMURSF1,4.572774920998398,ToD blocks
2023-04-02,NUMURSF1,-15.090779767698038,ToD blocks
2023-04-09,NUMURSF1,27.542214542500105,ToD blocks
2023-04-16,NUMURSF1,13.74843755442322,ToD blocks
2023-04-23,NUMURSF1,3.8775964903356908,ToD blocks
2023-04-30,NUMURSF1,0.4519097713575988,ToD blocks
2023-05-07,NUMURSF1,-1.8279738376036931,ToD blocks
2023-05-14,NUMURSF1,-18.069089491821117,ToD blocks
2023-05-21,NUMURSF1,-1.1600585399705636,ToD blocks
2023-05-28,NUMURSF1,-6.09335932394454,ToD blocks
2023-06-04,NUMURSF1,-3.7180350664051858,ToD blocks
2023-06-11,NUMURSF1,-12.08227931101153,ToD blocks
2023-06-18,NUMURSF1,12.233850681771395,ToD blocks
2023-06-25,NUMURSF1,19.9758838920076,ToD blocks
2023-07-02,NUMURSF1,-14.34212837348612,ToD blocks
2023-07-09,NUMURSF1,27.538944424175654,ToD blocks
2023-07-16,NUMURSF1,0.9012551590294482,ToD blocks
2023-07-23,NUMURSF1,-9.72142827645063,ToD blocks
2023-07-30,NUMURSF1,25.21735167044313,ToD blocks
2023-08-06,NUMURSF1,0.9728762858386446,ToD blocks
2023-08-13,NUMURSF1,-1.886146410119423,ToD blocks
2023-08-20,NUMURSF1,23.30658972270342,ToD blocks
2023-08-27,NUMURSF1,0.28819486942080275,ToD blocks
2023-09-03,NUMURSF1,25.373237210517768,ToD blocks
2023-09-10,NUMURSF1,18.8844357749815,ToD blocks
2023-09-17,NUMURSF1,43.115978801930964,ToD blocks
2023-09-24,NUMURSF1,35.37331709536374,ToD blocks
2023-10-01,NUMURSF1,49.48072626353385,ToD blocks
2023-10-08,NUMURSF1,-7.638604618427829,ToD blocks
2023-10-15,NUMURSF1,23.96456266288258,ToD blocks
2023-10-22,NUMURSF1,15.482493987479275,ToD blocks
2023-10-29,NUMURSF1,50.64075953895184,ToD blocks
2023-11-05,NUMURSF1,47.21930688548352,ToD blocks
2023-11-12,NUMURSF1,29.48205371469828,ToD blocks
2023-11-19,NUMURSF1,23.609334671227618,ToD blocks
2023-11-26,NUMURSF1,15.336777483355068,ToD blocks
2023-12-03,NUMURSF1,15.47387493391222,ToD blocks
2023-12-10,NUMURSF1,-1.134755586036377,ToD blocks
2023-12-17,NUMURSF1,26.149427507687864,ToD blocks
2023-12-24,NUMURSF1,42.90681440098052,ToD blocks
2023-12-31,NUMURSF1,54.37420426390864,ToD blocks
2024-01-07,NUMURSF1,15.868277384119722,ToD blocks
2024-01-14,NUMURSF1,23.80984694960937,ToD blocks
2024-01-21,NUMURSF1,22.302435507053843,ToD blocks
2024-01-28,NUMURSF1,62.37530435726569,ToD blocks
2024-02-04,NUMURSF1,33.34767747831927,ToD blocks
2024-02-11,NUMURSF1,22.080238902919657,ToD blocks
2024-02-18,NUMURSF1,-191.20528960192914,ToD blocks
2024-02-25,NUMURSF1,39.15944838949602,ToD blocks
2024-03-03,NUMURSF1,4.382556490815336,ToD blocks
2024-03-10,NUMURSF1,4.054455201909022,ToD blocks
2024-03-17,NUMURSF1,-14.334030553672534,ToD blocks
2024-03-24,NUMURSF1,-2.705939307248114,ToD blocks
2024-03-31,NUMURSF1,-5.212055113285603,ToD blocks
2024-04-07,NUMURSF1,2.544704991523183,ToD blocks
2024-04-14,NUMURSF1,1.209078335099619,ToD blocks
2024-04-21,NUMURSF1,-5.5785545803501435,ToD blocks
2024-04-28,NUMURSF1,-3.507023076322554,ToD blocks
2024-05-05,NUMURSF1,-16.599932424445832,ToD blocks
2024-05-12,NUMURSF1,-49.69762331007253,ToD blocks
2024-05-19,NUMURSF1,-13.615722192487048,ToD blocks
2024-05-26,NUMURSF1,-28.45796961900831,ToD blocks
2024-06-02,NUMURSF1,-2.474616412210551,ToD blocks
2024-06-09,NUMURSF1,-19.874436422434144,ToD blocks
2024-06-16,NUMURSF1,-73.94023967186156,ToD blocks
2024-06-23,NUMURSF1,-26.439235356556026,ToD blocks
2024-06-30,NUMURSF1,-33.77276029053361,ToD blocks
2024-07-07,NUMURSF1,-6.345620320286798,ToD blocks
2024-07-14,NUMURSF1,-11.762749467805492,ToD blocks
2024-07-21,NUMURSF1,2.9717677349697027,ToD blocks
2024-07-28,NUMURSF1,-13.845607654398137,ToD blocks
2024-08-04,NUMURSF1,-31.18689562092551,ToD blocks
2024-08-11,NUMURSF1,-205.39102344333588,ToD blocks
2024-08-18,NUMURSF1,-29.297391674158032,ToD blocks
2024-08-25,NUMURSF1,-5.515233902228306,ToD blocks
2024-09-01,NUMURSF1,6.2208236670845665,ToD blocks
2024-09-08,NUMURSF1,7.54892872865056,ToD blocks
2024-09-15,NUMURSF1,10.900645906082767,ToD blocks
2024-09-22,NUMURSF1,6.543998284562642,ToD blocks
2024-09-29,NUMURSF1,-3.4523949634038464,ToD blocks
2024-10-06,NUMURSF1,-4.371781965756156,ToD blocks
2024-10-13,NUMURSF1,10.14453979090351,ToD blocks
2024-10-20,NUMURSF1,-7.847399772666595,ToD blocks
2024-10-27,NUMURSF1,3.51042290635721,ToD blocks
2024-11-03,NUMURSF1,15.894788855403974,ToD blocks
2024-11-10,NUMURSF1,-10.37963391546436,ToD blocks
2024-11-17,NUMURSF1,4.066264527865945,ToD blocks
2024-11-24,NUMURSF1,-6.955189673528327,ToD blocks
2024-12-01,NUMURSF1,-16.875533857742568,ToD blocks
2024-12-08,NUMURSF1,4.508443175456954,ToD blocks
2024-12-15,NUMURSF1,-8.893085983513672,ToD blocks
2024-12-22,NUMURSF1,19.25246836191763,ToD blocks
2024-12-29,NUMURSF1,6.003791562155911,ToD blocks
2025-01-05,NUMURSF1,-4.478806167450516,ToD blocks
2020-01-05,WEMENSF1,8.162315715007992,ToD blocks
2020-01-12,WEMENSF1,-18.317171128216025,ToD blocks
2020-01-19,WEMENSF1,-3.838184215909102,ToD blocks
2020-01-26,WEMENSF1,4.7822589227995635,ToD blocks
2020-02-02,WEMENSF1,-223.92084812201085,ToD blocks
2020-02-09,WEMENSF1,-1.8026901690136583,ToD blocks
2020-02-16,WEMENSF1,-3.627175933143306,ToD blocks
2020-02-23,WEMENSF1,-1.302351239252154,ToD blocks
2020-03-01,WEMENSF1,-1.5491609572887413,ToD blocks
2020-03-08,WEMENSF1,-0.24930960016544645,ToD blocks
2020-03-15,WEMENSF1,-4.885545526291352,ToD blocks
2020-03-22,WEMENSF1,-3.931364383325949,ToD blocks
2020-03-29,WEMENSF1,-2.5657016786115534,ToD blocks
2020-04-05,WEMENSF1,-4.122227193342127,ToD blocks
2020-04-12,WEMENSF1,-0.350010680392252,ToD blocks
2020-04-19,WEMENSF1,-0.975694781568329,ToD blocks
2020-04-26,WEMENSF1,-2.2122190089291642,ToD blocks
2020-05-03,WEMENSF1,-0.9393121364502868,ToD blocks
2020-05-10,WEMENSF1,-1.9918365982806776,ToD blocks
2020-05-17,WEMENSF1,-1.1840716853697302,ToD blocks
2020-05-24,WEMENSF1,-1.9372617302684887,ToD blocks
2020-05-31,WEMENSF1,-2.891825450461134,ToD blocks
2020-06-07,WEMENSF1,-1.2341662007944265,ToD blocks
2020-06-14,WEMENSF1,-3.2000300223082405,ToD blocks
2020-06-21,WEMENSF1,-3.5844465464680155,ToD blocks
2020-06-28,WEMENSF1,-4.156731728070746,ToD blocks
2020-07-05,WEMENSF1,-2.7673350157167604,ToD blocks
2020-07-12,WEMENSF1,-0.8887537307108602,ToD blocks
2020-07-19,WEMENSF1,1.111956230471847,ToD blocks
2020-07-26,WEMENSF1,-4.997292566456437,ToD blocks
2020-08-02,WEMENSF1,-2.630169333068018,ToD blocks
2020-08-09,WEMENSF1,-2.4920173017899714,ToD blocks
2020-08-16,WEMENSF1,-4.980036794641514,ToD blocks
2020-08-23,WEMENSF1,-2.8218177852469495,ToD blocks
2020-08-30,WEMENSF1,-6.545423926901265,ToD blocks
2020-09-06,WEMENSF1,3.906321178894352,ToD blocks
2020-09-13,WEMENSF1,-1.1205937725299187,ToD blocks
2020-09-20,WEMENSF1,0.8041193322937161,ToD blocks
2020-09-27,WEMENSF1,0.0841438760275608,ToD blocks
2020-10-04,WEMENSF1,14.047812330035537,ToD blocks
2020-10-11,WEMENSF1,-26.586523604563773,ToD blocks
2020-10-18,WEMENSF1,-6.323530615813027,ToD blocks
2020-10-25,WEMENSF1,-5.309089450394239,ToD blocks
2020-11-01,WEMENSF1,-3.6216943595341746,ToD blocks
2020-11-08,WEMENSF1,1.30954711504328,ToD blocks
2020-11-15,WEMENSF1,-1.0921934571078467,ToD blocks
2020-11-22,WEMENSF1,-0.633598110300909,ToD blocks
2020-11-29,WEMENSF1,3.815374067976137,ToD blocks
2020-12-06,WEMENSF1,13.55614512785954,ToD blocks
2020-12-13,WEMENSF1,5.8939268957203,ToD blocks
2020-12-20,WEMENSF1,9.796109783191632,ToD blocks
2020-12-27,WEMENSF1,-2.2409880912329427,ToD blocks
2021-01-03,WEMENSF1,-1.495365114663472,ToD blocks
2021-01-10,WEMENSF1,5.100977329566096,ToD blocks
2021-01-17,WEMENSF1,7.69047878101089,ToD blocks
2021-01-24,WEMENSF1,-3.0151379867192993,ToD blocks
2021-01-31,WEMENSF1,1.2720857686235068,ToD blocks
2021-02-07,WEMENSF1,-1.1226062485060098,ToD blocks
2021-02-14,WEMENSF1,8.016656088407995,ToD blocks
2021-02-21,WEMENSF1,-1.317005762794821,ToD blocks
2021-02-28,WEMENSF1,-1.0110153513347662,ToD blocks
2021-03-07,WEMENSF1,-3.1925324987570765,ToD blocks
2021-03-14,WEMENSF1,-2.1582386254975816,ToD blocks
2021-03-21,WEMENSF1,-5.424798843100358,ToD blocks
2021-03-28,WEMENSF1,-8.938729434753132,ToD blocks
2021-04-04,WEMENSF1,-3.5590684247074833,ToD blocks
2021-04-11,WEMENSF1,6.796216363544261,ToD blocks
2021-04-18,WEMENSF1,4.839494592229961,ToD blocks
2021-04-25,WEMENSF1,-6.034591564654562,ToD blocks
2021-05-02,WEMENSF1,4.344534144735448,ToD blocks
2021-05-09,WEMENSF1,-2.8256133587551844,ToD blocks
2021-05-16,WEMENSF1,-5.269912950438069,ToD blocks
2021-05-23,WEMENSF1,-28.083320148168298,ToD blocks
2021-05-30,WEMENSF1,-4.592962273953773,ToD blocks
2021-06-06,WEMENSF1,-24.448228694344643,ToD blocks
2021-06-13,WEMENSF1,-6.617923731237369,ToD blocks
2021-06-20,WEMENSF1,-11.416556853456086,ToD blocks
2021-06-27,WEMENSF1,1.7169425903865942,ToD blocks
2021-07-04,WEMENSF1,-6.9670291650179905,ToD blocks
2021-07-11,WEMENSF1,-64.41250448730933,ToD blocks
2021-07-18,WEMENSF1,21.350095677460146,ToD blocks
2021-07-25,WEMENSF1,16.30912419638497,ToD blocks
2021-08-01,WEMENSF1,3.8807964224042033,ToD blocks
2021-08-08,WEMENSF1,-6.056424300391139,ToD blocks
2021-08-15,WEMENSF1,5.362246857110648,ToD blocks
2021-08-22,WEMENSF1,6.521516051736267,ToD blocks
2021-08-29,WEMENSF1,6.5276970361902045,ToD blocks
2021-09-05,WEMENSF1,2.891166057648742,ToD blocks
2021-09-12,WEMENSF1,15.092479199287752,ToD blocks
2021-09-19,WEMENSF1,14.931989524930675,ToD blocks
2021-09-26,WEMENSF1,4.129462153057289,ToD blocks
2021-10-03,WEMENSF1,1.447036171817068,ToD blocks
2021-10-10,WEMENSF1,19.71092518766641,ToD blocks
2021-10-17,WEMENSF1,1.6609068112854857,ToD blocks
2021-10-24,WEMENSF1,7.206162873531523,ToD blocks
2021-10-31,WEMENSF1,10.424590282497284,ToD blocks
2021-11-07,WEMENSF1,1.2375334286937054,ToD blocks
2021-11-14,WEMENSF1,4.781120456124031,ToD blocks
2021-11-21,WEMENSF1,13.55370366257355,ToD blocks
2021-11-28,WEMENSF1,2.8624592141474032,ToD blocks
2021-12-05,WEMENSF1,21.031223900532282,ToD blocks
2021-12-12,WEMENSF1,21.53128074257989,ToD blocks
2021-12-19,WEMENSF1,30.970338946163288,ToD blocks
2021-12-26,WEMENSF1,6.6174411371124835,ToD blocks
2022-01-02,WEMENSF1,,ToD blocks
2022-01-09,WEMENSF1,,ToD blocks
2022-01-16,WEMENSF1,5.942202175779784,ToD blocks
2022-01-23,WEMENSF1,13.742408390793635,ToD blocks
2022-01-30,WEMENSF1,-0.30038503788036053,ToD blocks
2022-02-06,WEMENSF1,166.20930538640954,ToD blocks
2022-02-13,WEMENSF1,9.012615838718212,ToD blocks
2022-02-20,WEMENSF1,2.333366920459092,ToD blocks
2022-02-27,WEMENSF1,6.871527226609928,ToD blocks
2022-03-06,WEMENSF1,9.52580488084498,ToD blocks
2022-03-13,WEMENSF1,12.514632246102556,ToD blocks
2022-03-20,WEMENSF1,-8.554400919092856,ToD blocks
2022-03-27,WEMENSF1,-2.336443912097593,ToD blocks
2022-04-03,WEMENSF1,-1.4192034983106012,ToD blocks
2022-04-10,WEMENSF1,13.319567486949921,ToD blocks
2022-04-17,WEMENSF1,9.653714962898249,ToD blocks
2022-04-24,WEMENSF1,-24.459664318782202,ToD blocks
2022-05-01,WEMENSF1,-26.693240950820226,ToD blocks
2022-05-08,WEMENSF1,-1.2145550121230997,ToD blocks
2022-05-15,WEMENSF1,16.54692135654267,ToD blocks
2022-05-22,WEMENSF1,15.62112672925548,ToD blocks
2022-05-29,WEMENSF1,-14.803932406407625,ToD blocks
2022-06-05,WEMENSF1,-55.03512067424896,ToD blocks
2022-06-12,WEMENSF1,-17.76733309002404,ToD blocks
2022-06-19,WEMENSF1,-17.046504553833245,ToD blocks
2022-06-26,WEMENSF1,-23.416132754089944,ToD blocks
2022-07-03,WEMENSF1,-27.202926547688946,ToD blocks
2022-07-10,WEMENSF1,-27.716365390039158,ToD blocks
2022-07-17,WEMENSF1,2.793517437925118,ToD blocks
2022-07-24,WEMENSF1,15.57492445858901,ToD blocks
2022-07-31,WEMENSF1,5.723331190821682,ToD blocks
2022-08-07,WEMENSF1,24.549865572239995,ToD blocks
2022-08-14,WEMENSF1,23.83637548261609,ToD blocks
2022-08-21,WEMENSF1,2.2396787963472917,ToD blocks
2022-08-28,WEMENSF1,1.3719764028321322,ToD blocks
2022-09-04,WEMENSF1,0.6327661416459449,ToD blocks
2022-09-11,WEMENSF1,38.47259089779945,ToD blocks
2022-09-18,WEMENSF1,7.421204209962326,ToD blocks
2022-09-25,WEMENSF1,-19.99780548032777,ToD blocks
2022-10-02,WEMENSF1,-20.777199477007372,ToD blocks
2022-10-09,WEMENSF1,-32.615345636538166,ToD blocks
2022-10-16,WEMENSF1,-55.33173122433442,ToD blocks
2022-10-23,WEMENSF1,-19.14605789726815,ToD blocks
2022-10-30,WEMENSF1,-27.779400299828616,ToD blocks
2022-11-06,WEMENSF1,-14.218889173620305,ToD blocks
2022-11-13,WEMENSF1,7.2492351931573396,ToD blocks
2022-11-20,WEMENSF1,-6.845293937678764,ToD blocks
2022-11-27,WEMENSF1,0.028306967320485654,ToD blocks
2022-12-04,WEMENSF1,-0.0050748365361812375,ToD blocks
2022-12-11,WEMENSF1,-5.829129831102713,ToD blocks
2022-12-18,WEMENSF1,-1.178372610389367,ToD blocks
2022-12-25,WEMENSF1,-0.33612390726303865,ToD blocks
2023-01-01,WEMENSF1,2.8620372310046296,ToD blocks
2023-01-08,WEMENSF1,-3.6925707731892565,ToD blocks
2023-01-15,WEMENSF1,-4.076088257671081,ToD blocks
2023-01-22,WEMENSF1,-9.849110842060199,ToD blocks
2023-01-29,WEMENSF1,-24.839053682833097,ToD blocks
2023-02-05,WEMENSF1,-1.2487065234868187,ToD blocks
2023-02-12,WEMENSF1,10.036805059512844,ToD blocks
2023-02-19,WEMENSF1,18.755311836418755,ToD blocks
2023-02-26,WEMENSF1,7.382458544469934,ToD blocks
2023-03-05,WEMENSF1,-3.6627078282837644,ToD blocks
2023-03-12,WEMENSF1,1.990039664734327,ToD blocks
2023-03-19,WEMENSF1,-19.204034178957343,ToD blocks
2023-03-26,WEMENSF1,-14.602878572388441,ToD blocks
2023-04-02,WEMENSF1,-30.618704375906958,ToD blocks
2023-04-09,WEMENSF1,10.105225537807733,ToD blocks
2023-04-16,WEMENSF1,-12.521652600527958,ToD blocks
2023-04-23,WEMENSF1,-0.6175067805215093,ToD blocks
2023-04-30,WEMENSF1,-13.981396978946112,ToD blocks
2023-05-07,WEMENSF1,-13.402634018606122,ToD blocks
2023-05-14,WEMENSF1,-14.354713657044925,ToD blocks
2023-05-21,WEMENSF1,-11.450519566468515,ToD blocks
2023-05-28,WEMENSF1,-16.06429309047843,ToD blocks
2023-06-04,WEMENSF1,-12.308810536320479,ToD blocks
2023-06-11,WEMENSF1,-10.479307451990486,ToD blocks
2023-06-18,WEMENSF1,-13.148828990113596,ToD blocks
2023-06-25,WEMENSF1,-28.969619125236072,ToD blocks
2023-07-02,WEMENSF1,-15.931193354006396,ToD blocks
2023-07-09,WEMENSF1,-37.941129716523584,ToD blocks
2023-07-16,WEMENSF1,-16.496115207143703,ToD blocks
2023-07-23,WEMENSF1,-11.71488008410551,ToD blocks
2023-07-30,WEMENSF1,-15.127803883677561,ToD blocks
2023-08-06,WEMENSF1,-18.97458526140762,ToD blocks
2023-08-13,WEMENSF1,-0.9777364197255309,ToD blocks
2023-08-20,WEMENSF1,-15.471552705524246,ToD blocks
2023-08-27,WEMENSF1,-8.856821257085052,ToD blocks
2023-09-03,WEMENSF1,23.950752688792114,ToD blocks
2023-09-10,WEMENSF1,11.14095895072273,ToD blocks
2023-09-17,WEMENSF1,9.629368781026358,ToD blocks
2023-09-24,WEMENSF1,7.175978891352255,ToD blocks
2023-10-01,WEMENSF1,-5.712477048366953,ToD blocks
2023-10-08,WEMENSF1,-18.46845601373826,ToD blocks
2023-10-15,WEMENSF1,1.3933695113784155,ToD blocks
2023-10-22,WEMENSF1,1.496215264158141,ToD blocks
2023-10-29,WEMENSF1,9.239386940765243,ToD blocks
2023-11-05,WEMENSF1,-7.9298852898252505,ToD blocks
2023-11-12,WEMENSF1,2.3737107367110175,ToD blocks
2023-11-19,WEMENSF1,-6.864672613741354,ToD blocks
2023-11-26,WEMENSF1,2.626000456452804,ToD blocks
2023-12-03,WEMENSF1,-3.1945302280771832,ToD blocks
2023-12-10,WEMENSF1,-12.29343303183797,ToD blocks
2023-12-17,WEMENSF1,-12.04414611226657,ToD blocks
2023-12-24,WEMENSF1,-6.675487585173705,ToD blocks
2023-12-31,WEMENSF1,18.360504520497393,ToD blocks
2024-01-07,WEMENSF1,-4.6309923878395525,ToD blocks
2024-01-14,WEMENSF1,15.245504424429596,ToD blocks
2024-01-21,WEMENSF1,-11.520949859932896,ToD blocks
2024-01-28,WEMENSF1,26.64900540171375,ToD blocks
2024-02-04,WEMENSF1,3.491680320845946,ToD blocks
2024-02-11,WEMENSF1,6.829014417973733,ToD blocks
2024-02-18,WEMENSF1,10.50359849364088,ToD blocks
2024-02-25,WEMENSF1,-12.66006435325177,ToD blocks
2024-03-03,WEMENSF1,-12.381009776811117,ToD blocks
2024-03-10,WEMENSF1,4.015843508127965,ToD blocks
2024-03-17,WEMENSF1,5.946324314038776,ToD blocks
2024-03-24,WEMENSF1,-3.8208280324904216,ToD blocks
2024-03-31,WEMENSF1,13.127694169707917,ToD blocks
2024-04-07,WEMENSF1,1.9272913166788257,ToD blocks
2024-04-14,WEMENSF1,47.580034235701696,ToD blocks
2024-04-21,WEMENSF1,-0.2636227993690241,ToD blocks
2024-04-28,WEMENSF1,-7.715225625698501,ToD blocks
2024-05-05,WEMENSF1,-23.356280850425264,ToD blocks
2024-05-12,WEMENSF1,-18.86941673416777,ToD blocks
2024-05-19,WEMENSF1,-10.566779679606114,ToD blocks
2024-05-26,WEMENSF1,-16.678862431793448,ToD blocks
2024-06-02,WEMENSF1,-3.4996901462840384,ToD blocks
2024-06-09,WEMENSF1,-27.1377148087968,ToD blocks
2024-06-16,WEMENSF1,-65.20435268419028,ToD blocks
2024-06-23,WEMENSF1,-20.138323859683254,ToD blocks
2024-06-30,WEMENSF1,-27.180928435972277,ToD blocks
2024-07-07,WEMENSF1,-28.14014627783388,ToD blocks
2024-07-14,WEMENSF1,-38.17653302248638,ToD blocks
2024-07-21,WEMENSF1,-26.663404079420722,ToD blocks
2024-07-28,WEMENSF1,-26.279771476606516,ToD blocks
2024-08-04,WEMENSF1,-24.60936300965426,ToD blocks
2024-08-11,WEMENSF1,-214.45164234005603,ToD blocks
2024-08-18,WEMENSF1,-7.13744420485736,ToD blocks
2024-08-25,WEMENSF1,-22.697459793866336,ToD blocks
2024-09-01,WEMENSF1,-4.948261275788504,ToD blocks
2024-09-08,WEMENSF1,1.9656895425367455,ToD blocks
2024-09-15,WEMENSF1,-3.8332827649783674,ToD blocks
2024-09-22,WEMENSF1,-4.958409493213011,ToD blocks
2024-09-29,WEMENSF1,-6.624219168240957,ToD blocks
2024-10-06,WEMENSF1,-3.4530088257428666,ToD blocks
2024-10-13,WEMENSF1,-8.616181116193683,ToD blocks
2024-10-20,WEMENSF1,-19.810698747566036,ToD blocks
2024-10-27,WEMENSF1,-8.548731599731951,ToD blocks
2024-11-03,WEMENSF1,-0.27879089640167365,ToD blocks
2024-11-10,WEMENSF1,-5.04691610244649,ToD blocks
2024-11-17,WEMENSF1,-11.334734349206508,ToD blocks
2024-11-24,WEMENSF1,-9.056948237730218,ToD blocks
2024-12-01,WEMENSF1,-24.23499522081201,ToD blocks
2024-12-08,WEMENSF1,-3.8985529394325695,ToD blocks
2024-12-15,WEMENSF1,17.896504662564844,ToD blocks
2024-12-22,WEMENSF1,-9.8024276405951,ToD blocks
2024-12-29,WEMENSF1,-3.7907439772372946,ToD blocks
2025-01-05,WEMENSF1,-4.450694546775354,ToD blocks
2020-01-05,BANN1,-1.5090639846368106,Baseload
2020-01-12,BANN1,-0.8467595596263138,Baseload
2020-01-19,BANN1,-1.785385901359568,Baseload
2020-01-26,BANN1,-8.661441873143374,Baseload
2020-02-02,BANN1,-119.91865284392924,Baseload
2020-02-09,BANN1,-0.8107727326010519,Baseload
2020-02-16,BANN1,2.123488111818169,Baseload
2020-02-23,BANN1,1.4864240172094938,Baseload
2020-03-01,BANN1,-1.995387023119271,Baseload
2020-03-08,BANN1,-13.984379676964021,Baseload
2020-03-15,BANN1,-0.6282938550167643,Baseload
2020-03-22,BANN1,-11.646052921527321,Baseload
2020-03-29,BANN1,-2.8060030913368124,Baseload
2020-04-05,BANN1,-6.108480858224709,Baseload
2020-04-12,BANN1,-8.948865898274384,Baseload
2020-04-19,BANN1,-9.063681215490984,Baseload
2020-04-26,BANN1,-12.059184934669426,Baseload
2020-05-03,BANN1,0.94456768203327,Baseload
2020-05-10,BANN1,-6.10499954072489,Baseload
2020-05-17,BANN1,-7.93064413217639,Baseload
2020-05-24,BANN1,1.734473538317559,Baseload
2020-05-31,BANN1,-8.13354336603556,Baseload
2020-06-07,BANN1,-1.675948019112461,Baseload
2020-06-14,BANN1,-15.348519458630626,Baseload
2020-06-21,BANN1,-2.903591780195306,Baseload
2020-06-28,BANN1,-6.582577973242472,Baseload
2020-07-05,BANN1,-2.5378409506224244,Baseload
2020-07-12,BANN1,2.4063319620516666,Baseload
2020-07-19,BANN1,-3.488534952473607,Baseload
2020-07-26,BANN1,-9.000359642836386,Baseload
2020-08-02,BANN1,-9.018539135916754,Baseload
2020-08-09,BANN1,0.060054332185835335,Baseload
2020-08-16,BANN1,-6.620307729116199,Baseload
2020-08-23,BANN1,-5.640322785807811,Baseload
2020-08-30,BANN1,-44.518315757070404,Baseload
2020-09-06,BANN1,-14.14985551081163,Baseload
2020-09-13,BANN1,-7.6490960543389335,Baseload
2020-09-20,BANN1,-6.769702139893074,Baseload
2020-09-27,BANN1,-8.190882948157938,Baseload
2020-10-04,BANN1,-16.240756319085285,Baseload
2020-10-11,BANN1,-18.300090040085124,Baseload
2020-10-18,BANN1,-8.08547851483275,Baseload
2020-10-25,BANN1,-11.454637167588153,Baseload
2020-11-01,BANN1,-8.469658951750453,Baseload
2020-11-08,BANN1,-9.948768773298482,Baseload
2020-11-15,BANN1,-2.436929424277764,Baseload
2020-11-22,BANN1,-8.264745063015248,Baseload
2020-11-29,BANN1,-9.7504560223637,Baseload
2020-12-06,BANN1,4.718791918838178,Baseload
2020-12-13,BANN1,-10.879370938304609,Baseload
2020-12-20,BANN1,-3.977595463874689,Baseload
2020-12-27,BANN1,-12.340515353183385,Baseload
2021-01-03,BANN1,-14.917031614685603,Baseload
2021-01-10,BANN1,-6.674268597477159,Baseload
2021-01-17,BANN1,-15.010079491483854,Baseload
2021-01-24,BANN1,-7.143149530250227,Baseload
2021-01-31,BANN1,-20.35208692382575,Baseload
2021-02-07,BANN1,-12.427599736213487,Baseload
2021-02-14,BANN1,-12.780322181062393,Baseload
2021-02-21,BANN1,-2.3502010286200132,Baseload
2021-02-28,BANN1,-11.12832645814836,Baseload
2021-03-07,BANN1,-9.0072252433183,Baseload
2021-03-14,BANN1,-7.000866765423915,Baseload
2021-03-21,BANN1,-7.503969031402669,Baseload
2021-03-28,BANN1,-14.52157674048025,Baseload
2021-04-04,BANN1,-12.624234331986985,Baseload
2021-04-11,BANN1,-16.907142529526478,Baseload
2021-04-18,BANN1,-18.52301776605478,Baseload
2021-04-25,BANN1,-24.203087568849647,Baseload
2021-05-02,BANN1,-26.390579798008268,Baseload
2021-05-09,BANN1,-17.404203528353214,Baseload
2021-05-16,BANN1,-20.7950436317281,Baseload
2021-05-23,BANN1,-101.20772831485654,Baseload
2021-05-30,BANN1,-21.01737886181016,Baseload
2021-06-06,BANN1,-28.90882039862631,Baseload
2021-06-13,BANN1,-16.088075642022005,Baseload
2021-06-20,BANN1,-7.683529775878682,Baseload
2021-06-27,BANN1,-5.313764144727173,Baseload
2021-07-04,BANN1,-13.454916205012786,Baseload
2021-07-11,BANN1,-77.0216878649811,Baseload
2021-07-18,BANN1,23.782487197722403,Baseload
2021-07-25,BANN1,-3.8690119235869105,Baseload
2021-08-01,BANN1,-43.63016232002692,Baseload
2021-08-08,BANN1,-36.417670294766594,Baseload
2021-08-15,BANN1,-38.1462799599389,Baseload
2021-08-22,BANN1,-37.977951508137316,Baseload
2021-08-29,BANN1,-26.477806866253616,Baseload
2021-09-05,BANN1,-33.95470930124331,Baseload
2021-09-12,BANN1,-27.054901118476256,Baseload
2021-09-19,BANN1,-24.659340866878058,Baseload
2021-09-26,BANN1,-39.335351659428504,Baseload
2021-10-03,BANN1,-14.121716132695301,Baseload
2021-10-10,BANN1,-37.495399690233825,Baseload
2021-10-17,BANN1,-26.766070963720093,Baseload
2021-10-24,BANN1,-23.008486226727506,Baseload
2021-10-31,BANN1,-31.727879177157035,Baseload
2021-11-07,BANN1,-12.11569565031667,Baseload
2021-11-14,BANN1,-22.453410773560492,Baseload
2021-11-21,BANN1,-16.402396289755693,Baseload
2021-11-28,BANN1,-36.35207779984051,Baseload
2021-12-05,BANN1,8.386434069917243,Baseload
2021-12-12,BANN1,-9.450425335384026,Baseload
2021-12-19,BANN1,-10.461002173830842,Baseload
2021-12-26,BANN1,-34.2339751522844,Baseload
2022-01-02,BANN1,-27.26397803625513,Baseload
2022-01-09,BANN1,-13.929626116416571,Baseload
2022-01-16,BANN1,-5.789970182819879,Baseload
2022-01-23,BANN1,-23.62645000797282,Baseload
2022-01-30,BANN1,-11.475789964857839,Baseload
2022-02-06,BANN1,-12.235612159856103,Baseload
2022-02-13,BANN1,-25.216562851618328,Baseload
2022-02-20,BANN1,-23.124239327518822,Baseload
2022-02-27,BANN1,-25.80086677786901,Baseload
2022-03-06,BANN1,-18.765173079655717,Baseload
2022-03-13,BANN1,-32.64195229302278,Baseload
2022-03-20,BANN1,-22.279889670281698,Baseload
2022-03-27,BANN1,-24.9305479023594,Baseload
2022-04-03,BANN1,-62.60933212020219,Baseload
2022-04-10,BANN1,-35.682298963848666,Baseload
2022-04-17,BANN1,-40.271624636992385,Baseload
2022-04-24,BANN1,-69.77793615914905,Baseload
2022-05-01,BANN1,-76.3524323766831,Baseload
2022-05-08,BANN1,-73.72777286618718,Baseload
2022-05-15,BANN1,-80.83865384380388,Baseload
2022-05-22,BANN1,-7.207636528770422,Baseload
2022-05-29,BANN1,-29.239065121218005,Baseload
2022-06-05,BANN1,-75.16708644650714,Baseload
2022-06-12,BANN1,-49.732223334398924,Baseload
2022-06-19,BANN1,-57.98247991228783,Baseload
2022-06-26,BANN1,-43.39323789128335,Baseload
2022-07-03,BANN1,-50.93199388079387,Baseload
2022-07-10,BANN1,-96.93440810595928,Baseload
2022-07-17,BANN1,-81.2562662338928,Baseload
2022-07-24,BANN1,-73.55500858389297,Baseload
2022-07-31,BANN1,-50.439566437037115,Baseload
2022-08-07,BANN1,-41.571370772188345,Baseload
2022-08-14,BANN1,-41.70221247368545,Baseload
2022-08-21,BANN1,-67.59310371159987,Baseload
2022-08-28,BANN1,-50.871638998089594,Baseload
2022-09-04,BANN1,-56.297149325158315,Baseload
2022-09-11,BANN1,-58.70519672555178,Baseload
2022-09-18,BANN1,-26.877377331027596,Baseload
2022-09-25,BANN1,-75.77067887140161,Baseload
2022-10-02,BANN1,-71.91614895307771,Baseload
2022-10-09,BANN1,-69.58465435117233,Baseload
2022-10-16,BANN1,-89.7435537244952,Baseload
2022-10-23,BANN1,-51.97640977587708,Baseload
2022-10-30,BANN1,-49.59262549536638,Baseload
2022-11-06,BANN1,-40.61910671531832,Baseload
2022-11-13,BANN1,-13.36760415363343,Baseload
2022-11-20,BANN1,-46.585664404608295,Baseload
2022-11-27,BANN1,-36.50180844904516,Baseload
2022-12-04,BANN1,-64.2113865433274,Baseload
2022-12-11,BANN1,-51.95026584938138,Baseload
2022-12-18,BANN1,-34.255614457736854,Baseload
2022-12-25,BANN1,-39.82946260602194,Baseload
2023-01-01,BANN1,-31.057037750415248,Baseload
2023-01-08,BANN1,-32.84130576777396,Baseload
2023-01-15,BANN1,-32.830715937498006,Baseload
2023-01-22,BANN1,-36.64059175833682,Baseload
2023-01-29,BANN1,-50.73747148957771,Baseload
2023-02-05,BANN1,-49.98714498800787,Baseload
2023-02-12,BANN1,-34.87944929947431,Baseload
2023-02-19,BANN1,-16.613642891917053,Baseload
2023-02-26,BANN1,-24.604613125298577,Baseload
2023-03-05,BANN1,-40.57696859461346,Baseload
2023-03-12,BANN1,-39.68990662502104,Baseload
2023-03-19,BANN1,-50.351175296099804,Baseload
2023-03-26,BANN1,-33.297899394206645,Baseload
2023-04-02,BANN1,-55.76699011451359,Baseload
2023-04-09,BANN1,-23.565594517536674,Baseload
2023-04-16,BANN1,-45.67467459920512,Baseload
2023-04-23,BANN1,-51.136244889152,Baseload
2023-04-30,BANN1,-59.81004760612825,Baseload
2023-05-07,BANN1,-50.10800012296383,Baseload
2023-05-14,BANN1,-57.730282194775924,Baseload
2023-05-21,BANN1,-32.92859374495917,Baseload
2023-05-28,BANN1,-35.28650697358184,Baseload
2023-06-04,BANN1,-16.39963170805411,Baseload
2023-06-11,BANN1,-18.10545894248811,Baseload
2023-06-18,BANN1,-27.287455035713563,Baseload
2023-06-25,BANN1,-25.509562619981452,Baseload
2023-07-02,BANN1,-25.279994494867218,Baseload
2023-07-09,BANN1,-38.96273376654928,Baseload
2023-07-16,BANN1,-41.014740649569205,Baseload
2023-07-23,BANN1,-35.62599442975708,Baseload
2023-07-30,BANN1,-41.011794605747625,Baseload
2023-08-06,BANN1,-42.58862051161976,Baseload
2023-08-13,BANN1,-26.026162823161037,Baseload
2023-08-20,BANN1,-69.53695931635289,Baseload
2023-08-27,BANN1,-45.59051426317631,Baseload
2023-09-03,BANN1,-41.41813557511757,Baseload
2023-09-10,BANN1,-40.090376158099644,Baseload
2023-09-17,BANN1,-47.86673961656668,Baseload
2023-09-24,BANN1,-28.74631885992057,Baseload
2023-10-01,BANN1,-67.39205691477031,Baseload
2023-10-08,BANN1,-36.3460898760188,Baseload
2023-10-15,BANN1,-29.054464259723503,Baseload
2023-10-22,BANN1,-19.348857520333443,Baseload
2023-10-29,BANN1,-49.73332822278047,Baseload
2023-11-05,BANN1,-55.18528898575722,Baseload
2023-11-12,BANN1,-35.22980652692486,Baseload
2023-11-19,BANN1,-73.67977656338572,Baseload
2023-11-26,BANN1,-34.31654897566376,Baseload
2023-12-03,BANN1,-30.42872941986219,Baseload
2023-12-10,BANN1,-26.54344782322365,Baseload
2023-12-17,BANN1,-51.561810223368695,Baseload
2023-12-24,BANN1,-44.98383777009799,Baseload
2023-12-31,BANN1,-34.94010768508189,Baseload
2024-01-07,BANN1,-30.92188330858427,Baseload
2024-01-14,BANN1,-26.392013755045294,Baseload
2024-01-21,BANN1,-42.171973091457886,Baseload
2024-01-28,BANN1,-47.447023620854125,Baseload
2024-02-04,BANN1,-45.81237293799807,Baseload
2024-02-11,BANN1,-38.74944017426654,Baseload
2024-02-18,BANN1,98.32176170533009,Baseload
2024-02-25,BANN1,-43.746942723557744,Baseload
2024-03-03,BANN1,-45.621513813955,Baseload
2024-03-10,BANN1,-16.471085679407302,Baseload
2024-03-17,BANN1,-9.372636639850342,Baseload
2024-03-24,BANN1,-35.45097386732113,Baseload
2024-03-31,BANN1,-24.178606429305045,Baseload
2024-04-07,BANN1,-32.89558929643455,Baseload
2024-04-14,BANN1,-14.74127537087908,Baseload
2024-04-21,BANN1,-56.04658908737317,Baseload
2024-04-28,BANN1,-63.57913971881547,Baseload
2024-05-05,BANN1,-56.05324625686954,Baseload
2024-05-12,BANN1,-45.47436695567923,Baseload
2024-05-19,BANN1,-64.06816158577763,Baseload
2024-05-26,BANN1,-34.70634397303729,Baseload
2024-06-02,BANN1,-36.65447975340836,Baseload
2024-06-09,BANN1,-25.096348138121044,Baseload
2024-06-16,BANN1,-65.4278109781201,Baseload
2024-06-23,BANN1,-43.398133350051836,Baseload
2024-06-30,BANN1,-36.37546244882627,Baseload
2024-07-07,BANN1,-20.198949576447433,Baseload
2024-07-14,BANN1,-47.30566271804793,Baseload
2024-07-21,BANN1,-31.434307744997284,Baseload
2024-07-28,BANN1,-40.20829618290466,Baseload
2024-08-04,BANN1,-102.44452042697007,Baseload
2024-08-11,BANN1,-328.15625432351936,Baseload
2024-08-18,BANN1,-56.37377709606057,Baseload
2024-08-25,BANN1,-60.53114774180918,Baseload
2024-09-01,BANN1,-19.05192219097492,Baseload
2024-09-08,BANN1,-26.34877053596693,Baseload
2024-09-15,BANN1,-45.80490236345787,Baseload
2024-09-22,BANN1,-40.963817979051285,Baseload
2024-09-29,BANN1,-39.551192338210484,Baseload
2024-10-06,BANN1,-38.81406024990494,Baseload
2024-10-13,BANN1,-54.9770277681292,Baseload
2024-10-20,BANN1,-41.599975795097734,Baseload
2024-10-27,BANN1,-67.36112469755079,Baseload
2024-11-03,BANN1,-62.98194873706015,Baseload
2024-11-10,BANN1,-54.67538880386572,Baseload
2024-11-17,BANN1,-66.27688005581128,Baseload
2024-11-24,BANN1,-51.321421077904134,Baseload
2024-12-01,BANN1,-53.60820991441734,Baseload
2024-12-08,BANN1,-56.676695921286694,Baseload
2024-12-15,BANN1,-53.73522030813126,Baseload
2024-12-22,BANN1,-61.64980095725883,Baseload
2024-12-29,BANN1,-43.925958421417896,Baseload
2025-01-05,BANN1,-63.574737829051315,Baseload
2020-01-05,GANNSF1,0.612570245562118,Baseload
2020-01-12,GANNSF1,0.18121127825278904,Baseload
2020-01-19,GANNSF1,-2.6795595183725496,Baseload
2020-01-26,GANNSF1,-6.3266414668304805,Baseload
2020-02-02,GANNSF1,121.94989660639908,Baseload
2020-02-09,GANNSF1,-0.7219950559519965,Baseload
2020-02-16,GANNSF1,4.659441124830188,Baseload
2020-02-23,GANNSF1,1.0189355405533362,Baseload
2020-03-01,GANNSF1,-2.2123587650628735,Baseload
2020-03-08,GANNSF1,-7.170899223504918,Baseload
2020-03-15,GANNSF1,-3.994403020788532,Baseload
2020-03-22,GANNSF1,-1.9995948119464728,Baseload
2020-03-29,GANNSF1,-1.8464501033648446,Baseload
2020-04-05,GANNSF1,-5.8757006493467685,Baseload
2020-04-12,GANNSF1,-6.478006215228255,Baseload
2020-04-19,GANNSF1,-8.867091047565047,Baseload
2020-04-26,GANNSF1,-11.057745287054146,Baseload
2020-05-03,GANNSF1,1.6540368378357826,Baseload
2020-05-10,GANNSF1,-5.393847123199173,Baseload
2020-05-17,GANNSF1,-7.381620093880109,Baseload
2020-05-24,GANNSF1,-0.7149404027779269,Baseload
2020-05-31,GANNSF1,-8.82788528754351,Baseload
2020-06-07,GANNSF1,-2.113418454413072,Baseload
2020-06-14,GANNSF1,-15.679396944696997,Baseload
2020-06-21,GANNSF1,-1.226540823558821,Baseload
2020-06-28,GANNSF1,-5.376832785783208,Baseload
2020-07-05,GANNSF1,-2.831549901415208,Baseload
2020-07-12,GANNSF1,13.316163355358299,Baseload
2020-07-19,GANNSF1,-2.7119190631388506,Baseload
2020-07-26,GANNSF1,-8.669900781996233,Baseload
2020-08-02,GANNSF1,-1.4709566280947612,Baseload
2020-08-09,GANNSF1,-2.210325695688823,Baseload
2020-08-16,GANNSF1,-4.867962922741114,Baseload
2020-08-23,GANNSF1,-5.835603636894021,Baseload
2020-08-30,GANNSF1,-43.30079463242143,Baseload
2020-09-06,GANNSF1,-8.867434356836469,Baseload
2020-09-13,GANNSF1,-8.848865086093507,Baseload
2020-09-20,GANNSF1,-7.923717989669932,Baseload
2020-09-27,GANNSF1,-7.1514676360903735,Baseload
2020-10-04,GANNSF1,-13.603914794820657,Baseload
2020-10-11,GANNSF1,-18.331856493099522,Baseload
2020-10-18,GANNSF1,-7.361811873008975,Baseload
2020-10-25,GANNSF1,-10.671281561304504,Baseload
2020-11-01,GANNSF1,-6.685290692603232,Baseload
2020-11-08,GANNSF1,-7.040815420985524,Baseload
2020-11-15,GANNSF1,-2.5224350963219777,Baseload
2020-11-22,GANNSF1,-5.086300668871864,Baseload
2020-11-29,GANNSF1,-12.070305999824143,Baseload
2020-12-06,GANNSF1,2.0456432404565454,Baseload
2020-12-13,GANNSF1,-8.091099864503612,Baseload
2020-12-20,GANNSF1,0.25731469978062904,Baseload
2020-12-27,GANNSF1,-12.827952111688358,Baseload
2021-01-03,GANNSF1,-12.070849503285547,Baseload
2021-01-10,GANNSF1,-4.18968624639124,Baseload
2021-01-17,GANNSF1,-14.396399572259167,Baseload
2021-01-24,GANNSF1,-5.896931063745836,Baseload
2021-01-31,GANNSF1,-18.522314693791884,Baseload
2021-02-07,GANNSF1,-12.056544083014831,Baseload
2021-02-14,GANNSF1,-10.894821710109527,Baseload
2021-02-21,GANNSF1,-1.137759936731026,Baseload
2021-02-28,GANNSF1,-10.642161800049902,Baseload
2021-03-07,GANNSF1,-7.886921322608467,Baseload
2021-03-14,GANNSF1,-7.05833865684523,Baseload
2021-03-21,GANNSF1,-5.960058187780575,Baseload
2021-03-28,GANNSF1,-16.732078667450295,Baseload
2021-04-04,GANNSF1,-11.541916088694347,Baseload
2021-04-11,GANNSF1,-11.232317338352996,Baseload
2021-04-18,GANNSF1,-15.779335000706077,Baseload
2021-04-25,GANNSF1,-18.67997430499245,Baseload
2021-05-02,GANNSF1,-24.613251041124705,Baseload
2021-05-09,GANNSF1,-18.206919695945622,Baseload
2021-05-16,GANNSF1,-19.367346863603117,Baseload
2021-05-23,GANNSF1,-99.5347798626259,Baseload
2021-05-30,GANNSF1,-19.207785393490347,Baseload
2021-06-06,GANNSF1,-20.40133292613016,Baseload
2021-06-13,GANNSF1,-0.9360005776815896,Baseload
2021-06-20,GANNSF1,-6.604277072889246,Baseload
2021-06-27,GANNSF1,-4.074547594996687,Baseload
2021-07-04,GANNSF1,-12.254538736545399,Baseload
2021-07-11,GANNSF1,-73.10865018382223,Baseload
2021-07-18,GANNSF1,21.23151039044606,Baseload
2021-07-25,GANNSF1,-9.048910323751201,Baseload
2021-08-01,GANNSF1,-41.159827119152,Baseload
2021-08-08,GANNSF1,-58.92103997538652,Baseload
2021-08-15,GANNSF1,-46.02162981486358,Baseload
2021-08-22,GANNSF1,-38.55880221436698,Baseload
2021-08-29,GANNSF1,-26.386036305961575,Baseload
2021-09-05,GANNSF1,-33.29396099733427,Baseload
2021-09-12,GANNSF1,-28.794563996374627,Baseload
2021-09-19,GANNSF1,-23.171256239907624,Baseload
2021-09-26,GANNSF1,-40.261366639707944,Baseload
2021-10-03,GANNSF1,-19.15903173460109,Baseload
2021-10-10,GANNSF1,-36.14853852611847,Baseload
2021-10-17,GANNSF1,-25.43512474326218,Baseload
2021-10-24,GANNSF1,-22.81675843729147,Baseload
2021-10-31,GANNSF1,-30.671114606800757,Baseload
2021-11-07,GANNSF1,-10.64591963018388,Baseload
2021-11-14,GANNSF1,-21.101531832679274,Baseload
2021-11-21,GANNSF1,-17.189512703775854,Baseload
2021-11-28,GANNSF1,-20.710037957925874,Baseload
2021-12-05,GANNSF1,-23.200831575737823,Baseload
2021-12-12,GANNSF1,-23.440014842225622,Baseload
2021-12-19,GANNSF1,-23.369616820062415,Baseload
2021-12-26,GANNSF1,-31.6482211654463,Baseload
2022-01-02,GANNSF1,-44.714468760226545,Baseload
2022-01-09,GANNSF1,-1.299991225264197,Baseload
2022-01-16,GANNSF1,-11.92231352697766,Baseload
2022-01-23,GANNSF1,-21.079754761845138,Baseload
2022-01-30,GANNSF1,-9.31555805400545,Baseload
2022-02-06,GANNSF1,3.6255605820825707,Baseload
2022-02-13,GANNSF1,-26.186730624260502,Baseload
2022-02-20,GANNSF1,-25.651250112895717,Baseload
2022-02-27,GANNSF1,-32.82240779408755,Baseload
2022-03-06,GANNSF1,-22.94863242931681,Baseload
2022-03-13,GANNSF1,-29.424596164702677,Baseload
2022-03-20,GANNSF1,-22.49096627303114,Baseload
2022-03-27,GANNSF1,-35.70831024722398,Baseload
2022-04-03,GANNSF1,-54.75823113191905,Baseload
2022-04-10,GANNSF1,-49.880851613428405,Baseload
2022-04-17,GANNSF1,-39.99185261333412,Baseload
2022-04-24,GANNSF1,-69.57370916713816,Baseload
2022-05-01,GANNSF1,-82.51096119754496,Baseload
2022-05-08,GANNSF1,-69.48359965508757,Baseload
2022-05-15,GANNSF1,-57.931280047368034,Baseload
2022-05-22,GANNSF1,-25.246118298471202,Baseload
2022-05-29,GANNSF1,-33.92811509225663,Baseload
2022-06-05,GANNSF1,-22.44564847555813,Baseload
2022-06-12,GANNSF1,-41.165800049672214,Baseload
2022-06-19,GANNSF1,-44.68686525100631,Baseload
2022-06-26,GANNSF1,-46.661777577877984,Baseload
2022-07-03,GANNSF1,-47.38391901635248,Baseload
2022-07-10,GANNSF1,-89.96293020010717,Baseload
2022-07-17,GANNSF1,-30.779167879115164,Baseload
2022-07-24,GANNSF1,-60.89624089088795,Baseload
2022-07-31,GANNSF1,-63.0106651824033,Baseload
2022-08-07,GANNSF1,-51.0419056745071,Baseload
2022-08-14,GANNSF1,-48.89797780785811,Baseload
2022-08-21,GANNSF1,-68.90180225494343,Baseload
2022-08-28,GANNSF1,-39.930628403875744,Baseload
2022-09-04,GANNSF1,-64.12932560563794,Baseload
2022-09-11,GANNSF1,-39.60851068435471,Baseload
2022-09-18,GANNSF1,-39.67848986960408,Baseload
2022-09-25,GANNSF1,-93.53520133664306,Baseload
2022-10-02,GANNSF1,-76.31115279184158,Baseload
2022-10-09,GANNSF1,-77.52169691768076,Baseload
2022-10-16,GANNSF1,-87.96822421966394,Baseload
2022-10-23,GANNSF1,-57.894198898609744,Baseload
2022-10-30,GANNSF1,-58.12145472914595,Baseload
2022-11-06,GANNSF1,-35.17224818934086,Baseload
2022-11-13,GANNSF1,-23.598071538452928,Baseload
2022-11-20,GANNSF1,-43.52343821437482,Baseload
2022-11-27,GANNSF1,-40.454898913860205,Baseload
2022-12-04,GANNSF1,-57.19822718282853,Baseload
2022-12-11,GANNSF1,-49.88807836565222,Baseload
2022-12-18,GANNSF1,-31.481849014187702,Baseload
2022-12-25,GANNSF1,-47.02232389322153,Baseload
2023-01-01,GANNSF1,-39.10834923592151,Baseload
2023-01-08,GANNSF1,-37.07554498572265,Baseload
2023-01-15,GANNSF1,-33.92150421523815,Baseload
2023-01-22,GANNSF1,-47.267676038660696,Baseload
2023-01-29,GANNSF1,-63.19147265379569,Baseload
2023-02-05,GANNSF1,-49.52244807828025,Baseload
2023-02-12,GANNSF1,-47.78525397984565,Baseload
2023-02-19,GANNSF1,-57.133646109356256,Baseload
2023-02-26,GANNSF1,-39.51965067827295,Baseload
2023-03-05,GANNSF1,-47.092387564363335,Baseload
2023-03-12,GANNSF1,-47.14827588422793,Baseload
2023-03-19,GANNSF1,-49.320941143496086,Baseload
2023-03-26,GANNSF1,-41.04539421664159,Baseload
2023-04-02,GANNSF1,-51.459467458497926,Baseload
2023-04-09,GANNSF1,-26.824670226072357,Baseload
2023-04-16,GANNSF1,-43.51685324912134,Baseload
2023-04-23,GANNSF1,-51.86842157847545,Baseload
2023-04-30,GANNSF1,-54.1873186782813,Baseload
2023-05-07,GANNSF1,-45.93761216666384,Baseload
2023-05-14,GANNSF1,-54.21245604800791,Baseload
2023-05-21,GANNSF1,-29.433514190484956,Baseload
2023-05-28,GANNSF1,-33.83764268763139,Baseload
2023-06-04,GANNSF1,-17.430741496869196,Baseload
2023-06-11,GANNSF1,-14.680084283435466,Baseload
2023-06-18,GANNSF1,-33.317409388669034,Baseload
2023-06-25,GANNSF1,-25.74957006990941,Baseload
2023-07-02,GANNSF1,-28.537034456200864,Baseload
2023-07-09,GANNSF1,-34.8715139490648,Baseload
2023-07-16,GANNSF1,-34.57721137301104,Baseload
2023-07-23,GANNSF1,-31.926909980326087,Baseload
2023-07-30,GANNSF1,-33.23990960357044,Baseload
2023-08-06,GANNSF1,-47.566096420419164,Baseload
2023-08-13,GANNSF1,-29.506536699115422,Baseload
2023-08-20,GANNSF1,-65.93359058676255,Baseload
2023-08-27,GANNSF1,-46.39490117594415,Baseload
2023-09-03,GANNSF1,-39.44523927110474,Baseload
2023-09-10,GANNSF1,-40.18854258513087,Baseload
2023-09-17,GANNSF1,-54.87214859612336,Baseload
2023-09-24,GANNSF1,-42.865982909354315,Baseload
2023-10-01,GANNSF1,-48.57056833896368,Baseload
2023-10-08,GANNSF1,-38.64882249742877,Baseload
2023-10-15,GANNSF1,-23.342219813265338,Baseload
2023-10-22,GANNSF1,-28.65787454485582,Baseload
2023-10-29,GANNSF1,-41.240657478128234,Baseload
2023-11-05,GANNSF1,-58.00934392360709,Baseload
2023-11-12,GANNSF1,-46.68036502026993,Baseload
2023-11-19,GANNSF1,-69.4877956441552,Baseload
2023-11-26,GANNSF1,-35.591023647129866,Baseload
2023-12-03,GANNSF1,-31.152617088899035,Baseload
2023-12-10,GANNSF1,-42.501868094557395,Baseload
2023-12-17,GANNSF1,-47.15928345109753,Baseload
2023-12-24,GANNSF1,-44.09428244081167,Baseload
2023-12-31,GANNSF1,-29.838095465527324,Baseload
2024-01-07,GANNSF1,-46.945457578577,Baseload
2024-01-14,GANNSF1,-30.025120648241185,Baseload
2024-01-21,GANNSF1,-36.69351572183501,Baseload
2024-01-28,GANNSF1,-32.717481143458784,Baseload
2024-02-04,GANNSF1,-48.28473931165626,Baseload
2024-02-11,GANNSF1,-43.40298505602714,Baseload
2024-02-18,GANNSF1,-40.2851962692379,Baseload
2024-02-25,GANNSF1,-27.97773447035913,Baseload
2024-03-03,GANNSF1,-38.09575913486753,Baseload
2024-03-10,GANNSF1,-36.77961380939068,Baseload
2024-03-17,GANNSF1,-23.25242291894014,Baseload
2024-03-24,GANNSF1,-45.09475252027123,Baseload
2024-03-31,GANNSF1,-46.83250787761523,Baseload
2024-04-07,GANNSF1,-38.00564891453972,Baseload
2024-04-14,GANNSF1,-52.04757933662853,Baseload
2024-04-21,GANNSF1,-58.01517868685348,Baseload
2024-04-28,GANNSF1,-58.56842439630224,Baseload
2024-05-05,GANNSF1,-58.08586785016329,Baseload
2024-05-12,GANNSF1,-65.9399638970337,Baseload
2024-05-19,GANNSF1,-60.25306417122259,Baseload
2024-05-26,GANNSF1,-30.852071199251753,Baseload
2024-06-02,GANNSF1,-37.48793936310177,Baseload
2024-06-09,GANNSF1,-20.925850380450385,Baseload
2024-06-16,GANNSF1,-53.98280484936326,Baseload
2024-06-23,GANNSF1,-48.20961859114996,Baseload
2024-06-30,GANNSF1,-47.129317532054394,Baseload
2024-07-07,GANNSF1,-5.893810786234127,Baseload
2024-07-14,GANNSF1,-39.77128180786215,Baseload
2024-07-21,GANNSF1,-20.470719479523595,Baseload
2024-07-28,GANNSF1,-41.52693694129954,Baseload
2024-08-04,GANNSF1,-103.72896828311829,Baseload
2024-08-11,GANNSF1,-292.05347724913486,Baseload
2024-08-18,GANNSF1,-61.273698740231794,Baseload
2024-08-25,GANNSF1,-59.65588024292458,Baseload
2024-09-01,GANNSF1,-26.31750153371855,Baseload
2024-09-08,GANNSF1,-32.69215164398044,Baseload
2024-09-15,GANNSF1,-51.96056393247247,Baseload
2024-09-22,GANNSF1,-41.85178429353796,Baseload
2024-09-29,GANNSF1,-41.079049792834205,Baseload
2024-10-06,GANNSF1,-42.03056464984971,Baseload
2024-10-13,GANNSF1,-52.25507524855648,Baseload
2024-10-20,GANNSF1,-50.21425183343466,Baseload
2024-10-27,GANNSF1,-64.0676955703822,Baseload
2024-11-03,GANNSF1,-54.23051509407172,Baseload
2024-11-10,GANNSF1,-62.676929321489986,Baseload
2024-11-17,GANNSF1,-71.40369929521916,Baseload
2024-11-24,GANNSF1,-67.35306267573701,Baseload
2024-12-01,GANNSF1,-61.92128894550706,Baseload
2024-12-08,GANNSF1,-54.58945091119398,Baseload
2024-12-15,GANNSF1,-71.59069985130668,Baseload
2024-12-22,GANNSF1,-51.942480263049475,Baseload
2024-12-29,GANNSF1,-41.30148726123279,Baseload
2025-01-05,GANNSF1,-63.1652849635049,Baseload
2020-01-05,KARSF1,4.659031110351442,Baseload
2020-01-12,KARSF1,-0.4022165612251598,Baseload
2020-01-19,KARSF1,-1.8544024298278785,Baseload
2020-01-26,KARSF1,-3.9942745504585133,Baseload
2020-02-02,KARSF1,-69.54162844183332,Baseload
2020-02-09,KARSF1,-1.1471613767129014,Baseload
2020-02-16,KARSF1,4.99856588069224,Baseload
2020-02-23,KARSF1,1.6616886188388875,Baseload
2020-03-01,KARSF1,-1.5417689308608615,Baseload
2020-03-08,KARSF1,-6.975146367935146,Baseload
2020-03-15,KARSF1,-4.870687731878558,Baseload
2020-03-22,KARSF1,-1.1380510141937847,Baseload
2020-03-29,KARSF1,-1.7947452980829013,Baseload
2020-04-05,KARSF1,-4.781565350413764,Baseload
2020-04-12,KARSF1,-7.142752574823277,Baseload
2020-04-19,KARSF1,-9.23807951330123,Baseload
2020-04-26,KARSF1,-12.220434050361114,Baseload
2020-05-03,KARSF1,-1.0221952725321586,Baseload
2020-05-10,KARSF1,-6.025921683153264,Baseload
2020-05-17,KARSF1,-6.628758324646917,Baseload
2020-05-24,KARSF1,1.359137730036224,Baseload
2020-05-31,KARSF1,-7.275803727853273,Baseload
2020-06-07,KARSF1,-1.3692111505058264,Baseload
2020-06-14,KARSF1,-13.13898433555552,Baseload
2020-06-21,KARSF1,-3.521321518930364,Baseload
2020-06-28,KARSF1,-5.62297842146733,Baseload
2020-07-05,KARSF1,-1.7904515923035689,Baseload
2020-07-12,KARSF1,2.33295235176314,Baseload
2020-07-19,KARSF1,-3.9623097173094664,Baseload
2020-07-26,KARSF1,-8.035619437197354,Baseload
2020-08-02,KARSF1,-8.149217822918033,Baseload
2020-08-09,KARSF1,-3.2099359841700164,Baseload
2020-08-16,KARSF1,-5.193897267865708,Baseload
2020-08-23,KARSF1,-7.398941319313103,Baseload
2020-08-30,KARSF1,-30.411790828841163,Baseload
2020-09-06,KARSF1,-13.667778416172972,Baseload
2020-09-13,KARSF1,-8.419697190851902,Baseload
2020-09-20,KARSF1,-10.892273683817063,Baseload
2020-09-27,KARSF1,-7.573821253169868,Baseload
2020-10-04,KARSF1,-8.757425974439759,Baseload
2020-10-11,KARSF1,-18.036760948307546,Baseload
2020-10-18,KARSF1,-13.064283660380354,Baseload
2020-10-25,KARSF1,-15.745606258422598,Baseload
2020-11-01,KARSF1,-8.635223998943147,Baseload
2020-11-08,KARSF1,-9.119313784233825,Baseload
2020-11-15,KARSF1,-2.4505582136857598,Baseload
2020-11-22,KARSF1,-6.477435892165765,Baseload
2020-11-29,KARSF1,-13.317334347945561,Baseload
2020-12-06,KARSF1,3.4141828523560953,Baseload
2020-12-13,KARSF1,-9.158103704073412,Baseload
2020-12-20,KARSF1,0.4920241125576226,Baseload
2020-12-27,KARSF1,-13.188286512468455,Baseload
2021-01-03,KARSF1,-14.131805813484952,Baseload
2021-01-10,KARSF1,-6.621551875681362,Baseload
2021-01-17,KARSF1,-14.282981826526601,Baseload
2021-01-24,KARSF1,-5.930630988758935,Baseload
2021-01-31,KARSF1,-19.098005850025377,Baseload
2021-02-07,KARSF1,-12.09505171131141,Baseload
2021-02-14,KARSF1,-11.365798380719758,Baseload
2021-02-21,KARSF1,-1.9894361899036888,Baseload
2021-02-28,KARSF1,-10.750575428939399,Baseload
2021-03-07,KARSF1,-8.810458130688552,Baseload
2021-03-14,KARSF1,-6.998930188273722,Baseload
2021-03-21,KARSF1,-4.8079081267788695,Baseload
2021-03-28,KARSF1,-14.880017705611074,Baseload
2021-04-04,KARSF1,-11.763213574981815,Baseload
2021-04-11,KARSF1,-12.868709706446262,Baseload
2021-04-18,KARSF1,-18.881395155576758,Baseload
2021-04-25,KARSF1,-27.399474572508417,Baseload
2021-05-02,KARSF1,-24.508001857545118,Baseload
2021-05-09,KARSF1,-20.179459160712707,Baseload
2021-05-16,KARSF1,-20.782354845216993,Baseload
2021-05-23,KARSF1,-98.61241666959228,Baseload
2021-05-30,KARSF1,-21.100368332405957,Baseload
2021-06-06,KARSF1,-25.340597063087564,Baseload
2021-06-13,KARSF1,-15.663000432132165,Baseload
2021-06-20,KARSF1,-2.831827539730398,Baseload
2021-06-27,KARSF1,-4.391055587827822,Baseload
2021-07-04,KARSF1,-11.900114156874245,Baseload
2021-07-11,KARSF1,-23.8281823790619,Baseload
2021-07-18,KARSF1,15.62178373664554,Baseload
2021-07-25,KARSF1,-11.577369610398833,Baseload
2021-08-01,KARSF1,-35.94064002565467,Baseload
2021-08-08,KARSF1,-35.79556687888729,Baseload
2021-08-15,KARSF1,-31.60949700317111,Baseload
2021-08-22,KARSF1,-33.2998170462328,Baseload
2021-08-29,KARSF1,-23.345817096355248,Baseload
2021-09-05,KARSF1,-31.301680229555732,Baseload
2021-09-12,KARSF1,-26.81779552973109,Baseload
2021-09-19,KARSF1,-20.88940083645339,Baseload
2021-09-26,KARSF1,-41.28285457433034,Baseload
2021-10-03,KARSF1,-14.41266096932414,Baseload
2021-10-10,KARSF1,-29.55888096171534,Baseload
2021-10-17,KARSF1,-25.09228690713942,Baseload
2021-10-24,KARSF1,-18.55982367454893,Baseload
2021-10-31,KARSF1,-29.981604259082307,Baseload
2021-11-07,KARSF1,-10.732166467051037,Baseload
2021-11-14,KARSF1,-24.088835509419816,Baseload
2021-11-21,KARSF1,-7.60461326922233,Baseload
2021-11-28,KARSF1,-14.830512125608578,Baseload
2021-12-05,KARSF1,-7.064326765873673,Baseload
2021-12-12,KARSF1,-9.661015535711154,Baseload
2021-12-19,KARSF1,-14.576434568177504,Baseload
2021-12-26,KARSF1,-31.87771328665721,Baseload
2022-01-02,KARSF1,-11.35957328863418,Baseload
2022-01-09,KARSF1,-16.257762705433567,Baseload
2022-01-16,KARSF1,-8.398080048156586,Baseload
2022-01-23,KARSF1,-21.78199250533432,Baseload
2022-01-30,KARSF1,-17.443512256932337,Baseload
2022-02-06,KARSF1,29.622850702285575,Baseload
2022-02-13,KARSF1,-26.664654575389132,Baseload
2022-02-20,KARSF1,-21.357119627730384,Baseload
2022-02-27,KARSF1,-24.47995787822603,Baseload
2022-03-06,KARSF1,-16.100346011580086,Baseload
2022-03-13,KARSF1,-28.8721368744597,Baseload
2022-03-20,KARSF1,-17.26328876267204,Baseload
2022-03-27,KARSF1,-34.22532012714865,Baseload
2022-04-03,KARSF1,-55.529261943962915,Baseload
2022-04-10,KARSF1,-54.23993844980946,Baseload
2022-04-17,KARSF1,-40.692750329003374,Baseload
2022-04-24,KARSF1,-65.08776591971241,Baseload
2022-05-01,KARSF1,-74.66438419007018,Baseload
2022-05-08,KARSF1,-67.49588100057514,Baseload
2022-05-15,KARSF1,-66.57160655334661,Baseload
2022-05-22,KARSF1,-32.60875981643039,Baseload
2022-05-29,KARSF1,-25.982602752266303,Baseload
2022-06-05,KARSF1,-57.65550133520014,Baseload
2022-06-12,KARSF1,-52.101960314262186,Baseload
2022-06-19,KARSF1,-58.476935258131874,Baseload
2022-06-26,KARSF1,-41.62643433302185,Baseload
2022-07-03,KARSF1,-45.01793448192251,Baseload
2022-07-10,KARSF1,-84.04816069999058,Baseload
2022-07-17,KARSF1,-59.62197154142251,Baseload
2022-07-24,KARSF1,-71.03588483272728,Baseload
2022-07-31,KARSF1,-41.26111049344317,Baseload
2022-08-07,KARSF1,-41.05532748311926,Baseload
2022-08-14,KARSF1,-34.68594542204275,Baseload
2022-08-21,KARSF1,-72.11084597181735,Baseload
2022-08-28,KARSF1,-43.27649181406592,Baseload
2022-09-04,KARSF1,-57.7883333975083,Baseload
2022-09-11,KARSF1,-34.85324841647835,Baseload
2022-09-18,KARSF1,-25.112286387636374,Baseload
2022-09-25,KARSF1,-73.67050638447026,Baseload
2022-10-02,KARSF1,-70.58943005496026,Baseload
2022-10-09,KARSF1,-70.75441818557887,Baseload
2022-10-16,KARSF1,-84.37799839695917,Baseload
2022-10-23,KARSF1,-56.38353207391338,Baseload
2022-10-30,KARSF1,-57.14506316611808,Baseload
2022-11-06,KARSF1,-32.24787100183981,Baseload
2022-11-13,KARSF1,-14.180905155232622,Baseload
2022-11-20,KARSF1,-48.439353018112314,Baseload
2022-11-27,KARSF1,-27.011521793035215,Baseload
2022-12-04,KARSF1,-57.827752970034446,Baseload
2022-12-11,KARSF1,-41.17382621190029,Baseload
2022-12-18,KARSF1,-24.1933600303484,Baseload
2022-12-25,KARSF1,-45.77022949976895,Baseload
2023-01-01,KARSF1,-32.21232228258607,Baseload
2023-01-08,KARSF1,-23.93966139501663,Baseload
2023-01-15,KARSF1,-26.448897890291093,Baseload
2023-01-22,KARSF1,-41.382562180416166,Baseload
2023-01-29,KARSF1,-50.488613359670396,Baseload
2023-02-05,KARSF1,-49.06961102330856,Baseload
2023-02-12,KARSF1,-41.46006456000451,Baseload
2023-02-19,KARSF1,-25.999355722539676,Baseload
2023-02-26,KARSF1,-31.4363023331014,Baseload
2023-03-05,KARSF1,-45.1855626742768,Baseload
2023-03-12,KARSF1,-37.19912234924722,Baseload
2023-03-19,KARSF1,-46.786719913533545,Baseload
2023-03-26,KARSF1,-33.014691831614826,Baseload
2023-04-02,KARSF1,-57.021570438367576,Baseload
2023-04-09,KARSF1,-23.81578257266439,Baseload
2023-04-16,KARSF1,-44.835857402254526,Baseload
2023-04-23,KARSF1,-51.63682643561863,Baseload
2023-04-30,KARSF1,-59.96181465185907,Baseload
2023-05-07,KARSF1,-46.77188207698309,Baseload
2023-05-14,KARSF1,-29.018412029464173,Baseload
2023-05-21,KARSF1,-19.570505967798823,Baseload
2023-05-28,KARSF1,-33.015741838907445,Baseload
2023-06-04,KARSF1,-16.54850112261903,Baseload
2023-06-11,KARSF1,-16.008701617186183,Baseload
2023-06-18,KARSF1,-24.177283864031182,Baseload
2023-06-25,KARSF1,-23.740649065432002,Baseload
2023-07-02,KARSF1,-27.86989582316742,Baseload
2023-07-09,KARSF1,-32.24193680839998,Baseload
2023-07-16,KARSF1,-34.60467165394478,Baseload
2023-07-23,KARSF1,-33.30828377449626,Baseload
2023-07-30,KARSF1,-18.86645690277576,Baseload
2023-08-06,KARSF1,-30.44617699903479,Baseload
2023-08-13,KARSF1,-20.020646856633228,Baseload
2023-08-20,KARSF1,-43.57783383704979,Baseload
2023-08-27,KARSF1,-41.68176945287146,Baseload
2023-09-03,KARSF1,-26.729625476796933,Baseload
2023-09-10,KARSF1,-16.74619297022346,Baseload
2023-09-17,KARSF1,-16.164047479184177,Baseload
2023-09-24,KARSF1,7.727355167831309,Baseload
2023-10-01,KARSF1,-8.72703039082517,Baseload
2023-10-08,KARSF1,-35.098927099263975,Baseload
2023-10-15,KARSF1,-14.175297320473973,Baseload
2023-10-22,KARSF1,-5.549447735175939,Baseload
2023-10-29,KARSF1,-11.734123397005284,Baseload
2023-11-05,KARSF1,-11.284142625455935,Baseload
2023-11-12,KARSF1,-0.7332626535652551,Baseload
2023-11-19,KARSF1,-41.66317470150917,Baseload
2023-11-26,KARSF1,-28.752450996162143,Baseload
2023-12-03,KARSF1,-23.47828992897691,Baseload
2023-12-10,KARSF1,-23.148177424972047,Baseload
2023-12-17,KARSF1,-20.167884091271457,Baseload
2023-12-24,KARSF1,-14.227549278117065,Baseload
2023-12-31,KARSF1,-10.105818725552037,Baseload
2024-01-07,KARSF1,-27.1577505091865,Baseload
2024-01-14,KARSF1,-25.176995312147415,Baseload
2024-01-21,KARSF1,-25.78089864859258,Baseload
2024-01-28,KARSF1,3.5318974027758756,Baseload
2024-02-04,KARSF1,-39.12690136621272,Baseload
2024-02-11,KARSF1,-32.367498270559054,Baseload
2024-02-18,KARSF1,-111.6533020869685,Baseload
2024-02-25,KARSF1,-22.74657516323473,Baseload
2024-03-03,KARSF1,-34.413789712451184,Baseload
2024-03-10,KARSF1,-27.828155098901405,Baseload
2024-03-17,KARSF1,-10.389164818203035,Baseload
2024-03-24,KARSF1,-30.908367491025956,Baseload
2024-03-31,KARSF1,-36.71361596874037,Baseload
2024-04-07,KARSF1,-43.634908595700544,Baseload
2024-04-14,KARSF1,,Baseload
2024-04-21,KARSF1,,Baseload
2024-04-28,KARSF1,,Baseload
2024-05-05,KARSF1,,Baseload
2024-05-12,KARSF1,,Baseload
2024-05-19,KARSF1,,Baseload
2024-05-26,KARSF1,,Baseload
2024-06-02,KARSF1,-48.71418529793136,Baseload
2024-06-09,KARSF1,-27.53043418948647,Baseload
2024-06-16,KARSF1,-60.49595654154966,Baseload
2024-06-23,KARSF1,-40.43191603837178,Baseload
2024-06-30,KARSF1,-40.48445083605941,Baseload
2024-07-07,KARSF1,-2.201678683753272,Baseload
2024-07-14,KARSF1,-40.65006356547471,Baseload
2024-07-21,KARSF1,-28.69636374181634,Baseload
2024-07-28,KARSF1,-24.06844834799793,Baseload
2024-08-04,KARSF1,-103.28850291651581,Baseload
2024-08-11,KARSF1,-301.13268265141005,Baseload
2024-08-18,KARSF1,-63.36264357572932,Baseload
2024-08-25,KARSF1,-46.39938863838742,Baseload
2024-09-01,KARSF1,-14.185466989606681,Baseload
2024-09-08,KARSF1,-29.096399670511172,Baseload
2024-09-15,KARSF1,-46.32540054562069,Baseload
2024-09-22,KARSF1,-38.388611019918876,Baseload
2024-09-29,KARSF1,-29.68036021328405,Baseload
2024-10-06,KARSF1,-47.134030380497705,Baseload
2024-10-13,KARSF1,-42.863298535732284,Baseload
2024-10-20,KARSF1,-42.023437165988746,Baseload
2024-10-27,KARSF1,-60.54763945350115,Baseload
2024-11-03,KARSF1,-45.564957916014215,Baseload
2024-11-10,KARSF1,-61.44788791658683,Baseload
2024-11-17,KARSF1,-50.07441436103893,Baseload
2024-11-24,KARSF1,-57.85432149434044,Baseload
2024-12-01,KARSF1,-65.04869082804113,Baseload
2024-12-08,KARSF1,-45.35008318206351,Baseload
2024-12-15,KARSF1,-71.26332291807707,Baseload
2024-12-22,KARSF1,-38.91101113446042,Baseload
2024-12-29,KARSF1,-39.399619488839136,Baseload
2025-01-05,KARSF1,-59.85993510639568,Baseload
2020-01-05,NUMURSF1,4.463115084238368,Baseload
2020-01-12,NUMURSF1,1.5242805069511718,Baseload
2020-01-19,NUMURSF1,-1.471239624245932,Baseload
2020-01-26,NUMURSF1,1.536041862149979,Baseload
2020-02-02,NUMURSF1,203.9140710832196,Baseload
2020-02-09,NUMURSF1,-0.6846063703253016,Baseload
2020-02-16,NUMURSF1,3.6359537071889676,Baseload
2020-02-23,NUMURSF1,0.7446350691326344,Baseload
2020-03-01,NUMURSF1,-1.924422560947761,Baseload
2020-03-08,NUMURSF1,-4.378635355138357,Baseload
2020-03-15,NUMURSF1,-3.130791492225672,Baseload
2020-03-22,NUMURSF1,-1.4229524939246332,Baseload
2020-03-29,NUMURSF1,-2.116745568611215,Baseload
2020-04-05,NUMURSF1,-4.8461148272736665,Baseload
2020-04-12,NUMURSF1,-5.9187310080545785,Baseload
2020-04-19,NUMURSF1,-9.164989053187206,Baseload
2020-04-26,NUMURSF1,-8.154514399883512,Baseload
2020-05-03,NUMURSF1,1.2584226868196424,Baseload
2020-05-10,NUMURSF1,-3.0925169312399916,Baseload
2020-05-17,NUMURSF1,-7.469732175747652,Baseload
2020-05-24,NUMURSF1,1.857737919330674,Baseload
2020-05-31,NUMURSF1,-7.788242856233012,Baseload
2020-06-07,NUMURSF1,-2.1020695327921786,Baseload
2020-06-14,NUMURSF1,-13.569140396527509,Baseload
2020-06-21,NUMURSF1,-0.12576655786774893,Baseload
2020-06-28,NUMURSF1,-5.602843287307252,Baseload
2020-07-05,NUMURSF1,-1.5318752684337866,Baseload
2020-07-12,NUMURSF1,5.124422218685922,Baseload
2020-07-19,NUMURSF1,-6.5696228438962905,Baseload
2020-07-26,NUMURSF1,-8.714707713192823,Baseload
2020-08-02,NUMURSF1,-9.264272264712972,Baseload
2020-08-09,NUMURSF1,-0.759868560515848,Baseload
2020-08-16,NUMURSF1,-3.579260557237639,Baseload
2020-08-23,NUMURSF1,-6.653281976561885,Baseload
2020-08-30,NUMURSF1,-17.78916334394102,Baseload
2020-09-06,NUMURSF1,-14.201697580044723,Baseload
2020-09-13,NUMURSF1,-6.3663855445753335,Baseload
2020-09-20,NUMURSF1,-9.724395176484482,Baseload
2020-09-27,NUMURSF1,-8.578798835081919,Baseload
2020-10-04,NUMURSF1,2.3947939568148016,Baseload
2020-10-11,NUMURSF1,-18.79315179205596,Baseload
2020-10-18,NUMURSF1,-6.956710896014428,Baseload
2020-10-25,NUMURSF1,-6.802994580812573,Baseload
2020-11-01,NUMURSF1,-8.88490997805711,Baseload
2020-11-08,NUMURSF1,-8.898621329800761,Baseload
2020-11-15,NUMURSF1,-1.097637001630595,Baseload
2020-11-22,NUMURSF1,-2.756863027144732,Baseload
2020-11-29,NUMURSF1,-5.514142231794828,Baseload
2020-12-06,NUMURSF1,10.740640563347387,Baseload
2020-12-13,NUMURSF1,-5.625476110735397,Baseload
2020-12-20,NUMURSF1,6.7301085047079425,Baseload
2020-12-27,NUMURSF1,-7.102636113603847,Baseload
2021-01-03,NUMURSF1,-10.938072644837924,Baseload
2021-01-10,NUMURSF1,-1.3920238926102648,Baseload
2021-01-17,NUMURSF1,-4.101810683735284,Baseload
2021-01-24,NUMURSF1,-6.531250498564475,Baseload
2021-01-31,NUMURSF1,-6.627129788215381,Baseload
2021-02-07,NUMURSF1,-7.8331837495606695,Baseload
2021-02-14,NUMURSF1,-1.23518049776294,Baseload
2021-02-21,NUMURSF1,-1.8169327115660252,Baseload
2021-02-28,NUMURSF1,-10.51740142825187,Baseload
2021-03-07,NUMURSF1,-7.384033837996368,Baseload
2021-03-14,NUMURSF1,-6.35551971265744,Baseload
2021-03-21,NUMURSF1,-3.856173867937855,Baseload
2021-03-28,NUMURSF1,-15.690930386579293,Baseload
2021-04-04,NUMURSF1,-9.258992193700731,Baseload
2021-04-11,NUMURSF1,-4.564202216590893,Baseload
2021-04-18,NUMURSF1,-16.674220774439704,Baseload
2021-04-25,NUMURSF1,-23.059609822929744,Baseload
2021-05-02,NUMURSF1,-21.53076135905509,Baseload
2021-05-09,NUMURSF1,-17.474740059215463,Baseload
2021-05-16,NUMURSF1,-20.210294148303028,Baseload
2021-05-23,NUMURSF1,-97.75470255453425,Baseload
2021-05-30,NUMURSF1,-20.055891886896298,Baseload
2021-06-06,NUMURSF1,-22.122976456009354,Baseload
2021-06-13,NUMURSF1,-5.1716211150826155,Baseload
2021-06-20,NUMURSF1,-12.95221471729441,Baseload
2021-06-27,NUMURSF1,1.997210567397957,Baseload
2021-07-04,NUMURSF1,-11.804206245662293,Baseload
2021-07-11,NUMURSF1,-30.85676331105526,Baseload
2021-07-18,NUMURSF1,-0.8072747016049107,Baseload
2021-07-25,NUMURSF1,5.535647855089124,Baseload
2021-08-01,NUMURSF1,-21.385749838606067,Baseload
2021-08-08,NUMURSF1,-21.455657550606958,Baseload
2021-08-15,NUMURSF1,-16.974355085721566,Baseload
2021-08-22,NUMURSF1,-19.785915928696664,Baseload
2021-08-29,NUMURSF1,-21.820736082642675,Baseload
2021-09-05,NUMURSF1,-16.644837034343468,Baseload
2021-09-12,NUMURSF1,-13.615257973360668,Baseload
2021-09-19,NUMURSF1,-10.208147504610231,Baseload
2021-09-26,NUMURSF1,-13.927944631363737,Baseload
2021-10-03,NUMURSF1,-12.240689501538043,Baseload
2021-10-10,NUMURSF1,-20.625740648399194,Baseload
2021-10-17,NUMURSF1,-9.979370416473813,Baseload
2021-10-24,NUMURSF1,-8.054292562537368,Baseload
2021-10-31,NUMURSF1,-16.711046036247083,Baseload
2021-11-07,NUMURSF1,-6.3604843078367885,Baseload
2021-11-14,NUMURSF1,-5.006693121439696,Baseload
2021-11-21,NUMURSF1,-6.750594674487559,Baseload
2021-11-28,NUMURSF1,-4.217759326834049,Baseload
2021-12-05,NUMURSF1,-6.431931933046478,Baseload
2021-12-12,NUMURSF1,-19.54995667772349,Baseload
2021-12-19,NUMURSF1,-11.256487653938535,Baseload
2021-12-26,NUMURSF1,-12.966620099736861,Baseload
2022-01-02,NUMURSF1,1.1504164879133896,Baseload
2022-01-09,NUMURSF1,-12.694652075387715,Baseload
2022-01-16,NUMURSF1,-8.80543702513949,Baseload
2022-01-23,NUMURSF1,-9.9956640841868,Baseload
2022-01-30,NUMURSF1,-3.6935988271197715,Baseload
2022-02-06,NUMURSF1,43.22042260088854,Baseload
2022-02-13,NUMURSF1,-17.673444822411057,Baseload
2022-02-20,NUMURSF1,-17.31148344638816,Baseload
2022-02-27,NUMURSF1,-21.309126915602036,Baseload
2022-03-06,NUMURSF1,11.867207897752706,Baseload
2022-03-13,NUMURSF1,-3.580300019103788,Baseload
2022-03-20,NUMURSF1,-22.261363865470685,Baseload
2022-03-27,NUMURSF1,-21.860672947564908,Baseload
2022-04-03,NUMURSF1,-33.553322182845676,Baseload
2022-04-10,NUMURSF1,-26.793674032502892,Baseload
2022-04-17,NUMURSF1,-26.847321360039942,Baseload
2022-04-24,NUMURSF1,-50.46517688733567,Baseload
2022-05-01,NUMURSF1,-48.70480958885494,Baseload
2022-05-08,NUMURSF1,-46.531464678874045,Baseload
2022-05-15,NUMURSF1,-25.883815598411246,Baseload
2022-05-22,NUMURSF1,-27.426168976222556,Baseload
2022-05-29,NUMURSF1,-29.729340654500504,Baseload
2022-06-05,NUMURSF1,-29.187188218777635,Baseload
2022-06-12,NUMURSF1,-29.448120007103455,Baseload
2022-06-19,NUMURSF1,-50.913075993329244,Baseload
2022-06-26,NUMURSF1,-37.61536027132689,Baseload
2022-07-03,NUMURSF1,-34.347775069857846,Baseload
2022-07-10,NUMURSF1,-67.25728568665778,Baseload
2022-07-17,NUMURSF1,-13.578253547534075,Baseload
2022-07-24,NUMURSF1,-8.124421396689456,Baseload
2022-07-31,NUMURSF1,-30.668640630540665,Baseload
2022-08-07,NUMURSF1,-6.712861043336368,Baseload
2022-08-14,NUMURSF1,-17.31898338979508,Baseload
2022-08-21,NUMURSF1,-33.27192283597077,Baseload
2022-08-28,NUMURSF1,-7.852986626939185,Baseload
2022-09-04,NUMURSF1,-60.5022039344262,Baseload
2022-09-11,NUMURSF1,-5.7184270118940645,Baseload
2022-09-18,NUMURSF1,-31.92771642909279,Baseload
2022-09-25,NUMURSF1,-46.08373147063789,Baseload
2022-10-02,NUMURSF1,-42.94033824535832,Baseload
2022-10-09,NUMURSF1,-58.0105633988216,Baseload
2022-10-16,NUMURSF1,-56.99455100117311,Baseload
2022-10-23,NUMURSF1,-43.932305086876724,Baseload
2022-10-30,NUMURSF1,9.710957238894153,Baseload
2022-11-06,NUMURSF1,-12.724780443006239,Baseload
2022-11-13,NUMURSF1,-16.65982864563823,Baseload
2022-11-20,NUMURSF1,3.9268062499562433,Baseload
2022-11-27,NUMURSF1,11.608173087577363,Baseload
2022-12-04,NUMURSF1,-19.627047124224895,Baseload
2022-12-11,NUMURSF1,-8.249133285209268,Baseload
2022-12-18,NUMURSF1,8.325881673011006,Baseload
2022-12-25,NUMURSF1,-22.08269463768728,Baseload
2023-01-01,NUMURSF1,-0.491052835632253,Baseload
2023-01-08,NUMURSF1,25.061986614570905,Baseload
2023-01-15,NUMURSF1,-7.498038003402883,Baseload
2023-01-22,NUMURSF1,13.845882082543653,Baseload
2023-01-29,NUMURSF1,-9.82007053838798,Baseload
2023-02-05,NUMURSF1,-12.202827419508647,Baseload
2023-02-12,NUMURSF1,-16.109652666592247,Baseload
2023-02-19,NUMURSF1,16.23764108008055,Baseload
2023-02-26,NUMURSF1,15.31801705520558,Baseload
2023-03-05,NUMURSF1,-25.43609626407169,Baseload
2023-03-12,NUMURSF1,-6.552356664769029,Baseload
2023-03-19,NUMURSF1,-16.659539334311475,Baseload
2023-03-26,NUMURSF1,-14.964678820449805,Baseload
2023-04-02,NUMURSF1,-37.92285691156306,Baseload
2023-04-09,NUMURSF1,-2.7976850247755465,Baseload
2023-04-16,NUMURSF1,-18.51463282695142,Baseload
2023-04-23,NUMURSF1,-42.90098984983896,Baseload
2023-04-30,NUMURSF1,-47.44826285148763,Baseload
2023-05-07,NUMURSF1,-35.17459548841714,Baseload
2023-05-14,NUMURSF1,-54.221927830829046,Baseload
2023-05-21,NUMURSF1,-22.579500521541107,Baseload
2023-05-28,NUMURSF1,-21.350462172083482,Baseload
2023-06-04,NUMURSF1,-8.164901211591477,Baseload
2023-06-11,NUMURSF1,-13.115449296140834,Baseload
2023-06-18,NUMURSF1,-0.8287165992790761,Baseload
2023-06-25,NUMURSF1,19.612623090548624,Baseload
2023-07-02,NUMURSF1,-20.1093194637276,Baseload
2023-07-09,NUMURSF1,30.872637411408775,Baseload
2023-07-16,NUMURSF1,-17.085526894104632,Baseload
2023-07-23,NUMURSF1,-29.942147015933045,Baseload
2023-07-30,NUMURSF1,-2.222745772595495,Baseload
2023-08-06,NUMURSF1,-26.763616066654468,Baseload
2023-08-13,NUMURSF1,-24.060239591954577,Baseload
2023-08-20,NUMURSF1,-29.788266378289286,Baseload
2023-08-27,NUMURSF1,-33.16869209897695,Baseload
2023-09-03,NUMURSF1,-22.957799235465103,Baseload
2023-09-10,NUMURSF1,-18.891520522879816,Baseload
2023-09-17,NUMURSF1,-4.8266905045995685,Baseload
2023-09-24,NUMURSF1,-4.753017039292104,Baseload
2023-10-01,NUMURSF1,0.7704946118188083,Baseload
2023-10-08,NUMURSF1,-23.937914530658638,Baseload
2023-10-15,NUMURSF1,5.537420261099644,Baseload
2023-10-22,NUMURSF1,-3.670169396355579,Baseload
2023-10-29,NUMURSF1,9.446580681021826,Baseload
2023-11-05,NUMURSF1,10.157026492024743,Baseload
2023-11-12,NUMURSF1,-6.6301839849305,Baseload
2023-11-19,NUMURSF1,-28.488712352594106,Baseload
2023-11-26,NUMURSF1,-9.813406291003282,Baseload
2023-12-03,NUMURSF1,-7.798568074433058,Baseload
2023-12-10,NUMURSF1,-21.06928617839624,Baseload
2023-12-17,NUMURSF1,-2.703144029104209,Baseload
2023-12-24,NUMURSF1,13.586108354325948,Baseload
2023-12-31,NUMURSF1,14.290567078028054,Baseload
2024-01-07,NUMURSF1,-8.307147981103167,Baseload
2024-01-14,NUMURSF1,-8.78463141855848,Baseload
2024-01-21,NUMURSF1,-4.800968543371967,Baseload
2024-01-28,NUMURSF1,24.02780404495903,Baseload
2024-02-04,NUMURSF1,-9.103363466684439,Baseload
2024-02-11,NUMURSF1,-10.772890138205508,Baseload
2024-02-18,NUMURSF1,-10.86207262645496,Baseload
2024-02-25,NUMURSF1,18.133477170866847,Baseload
2024-03-03,NUMURSF1,-22.49701325591157,Baseload
2024-03-10,NUMURSF1,-22.659477723578547,Baseload
2024-03-17,NUMURSF1,-28.33335191976726,Baseload
2024-03-24,NUMURSF1,-29.56180385764683,Baseload
2024-03-31,NUMURSF1,-35.833923862628694,Baseload
2024-04-07,NUMURSF1,-29.150210861418863,Baseload
2024-04-14,NUMURSF1,-49.32553214144975,Baseload
2024-04-21,NUMURSF1,-52.40162333281424,Baseload
2024-04-28,NUMURSF1,-53.51947510283416,Baseload
2024-05-05,NUMURSF1,-49.778142133198706,Baseload
2024-05-12,NUMURSF1,-72.88266085804005,Baseload
2024-05-19,NUMURSF1,-57.16451147163968,Baseload
2024-05-26,NUMURSF1,-42.62118076937628,Baseload
2024-06-02,NUMURSF1,-29.48875956854384,Baseload
2024-06-09,NUMURSF1,-17.818478002721918,Baseload
2024-06-16,NUMURSF1,-72.41874242788286,Baseload
2024-06-23,NUMURSF1,-45.623552050652904,Baseload
2024-06-30,NUMURSF1,-40.463262170865946,Baseload
2024-07-07,NUMURSF1,-0.6977215337492169,Baseload
2024-07-14,NUMURSF1,-18.166720865841455,Baseload
2024-07-21,NUMURSF1,-1.3320489092572387,Baseload
2024-07-28,NUMURSF1,-25.89727618621214,Baseload
2024-08-04,NUMURSF1,-105.82378462248788,Baseload
2024-08-11,NUMURSF1,-315.9395814725088,Baseload
2024-08-18,NUMURSF1,-70.81660899654486,Baseload
2024-08-25,NUMURSF1,-40.13869468303574,Baseload
2024-09-01,NUMURSF1,-6.8161755170829395,Baseload
2024-09-08,NUMURSF1,-17.61211260440389,Baseload
2024-09-15,NUMURSF1,-28.681058488623286,Baseload
2024-09-22,NUMURSF1,-27.699889289933555,Baseload
2024-09-29,NUMURSF1,-33.423250939712425,Baseload
2024-10-06,NUMURSF1,-35.629413836923476,Baseload
2024-10-13,NUMURSF1,-25.548102523715592,Baseload
2024-10-20,NUMURSF1,-29.799272274892523,Baseload
2024-10-27,NUMURSF1,-43.130332212438034,Baseload
2024-11-03,NUMURSF1,-33.49832371779125,Baseload
2024-11-10,NUMURSF1,-55.03904770381099,Baseload
2024-11-17,NUMURSF1,-36.90359787084064,Baseload
2024-11-24,NUMURSF1,-44.0738346369251,Baseload
2024-12-01,NUMURSF1,-39.980591123726825,Baseload
2024-12-08,NUMURSF1,-29.850180828920053,Baseload
2024-12-15,NUMURSF1,-69.8069291304034,Baseload
2024-12-22,NUMURSF1,-24.080500238060097,Baseload
2024-12-29,NUMURSF1,-30.73013266287147,Baseload
2025-01-05,NUMURSF1,-57.58859316743234,Baseload
2020-01-05,WEMENSF1,2.1903617624085143,Baseload
2020-01-12,WEMENSF1,-15.542095337840458,Baseload
2020-01-19,WEMENSF1,-2.7169059039973362,Baseload
2020-01-26,WEMENSF1,-3.056376712739663,Baseload
2020-02-02,WEMENSF1,-69.63333517771412,Baseload
2020-02-09,WEMENSF1,-1.0606670200156074,Baseload
2020-02-16,WEMENSF1,2.381723434577111,Baseload
2020-02-23,WEMENSF1,1.706065768542544,Baseload
2020-03-01,WEMENSF1,-1.2229675180114725,Baseload
2020-03-08,WEMENSF1,1.7312134970936555,Baseload
2020-03-15,WEMENSF1,-4.808246782359724,Baseload
2020-03-22,WEMENSF1,-3.224166962264853,Baseload
2020-03-29,WEMENSF1,-2.1967204516589405,Baseload
2020-04-05,WEMENSF1,-5.645446356458287,Baseload
2020-04-12,WEMENSF1,-7.447099665559321,Baseload
2020-04-19,WEMENSF1,-8.400822225759988,Baseload
2020-04-26,WEMENSF1,-10.676354561117682,Baseload
2020-05-03,WEMENSF1,1.3072823426894793,Baseload
2020-05-10,WEMENSF1,-6.036060462736312,Baseload
2020-05-17,WEMENSF1,-7.157359978136363,Baseload
2020-05-24,WEMENSF1,1.5636573037920698,Baseload
2020-05-31,WEMENSF1,-7.675457594225314,Baseload
2020-06-07,WEMENSF1,-1.4556880419500615,Baseload
2020-06-14,WEMENSF1,-12.844288246664405,Baseload
2020-06-21,WEMENSF1,-4.230164729060455,Baseload
2020-06-28,WEMENSF1,-6.072658081399837,Baseload
2020-07-05,WEMENSF1,-2.1448362962167025,Baseload
2020-07-12,WEMENSF1,5.166207719574217,Baseload
2020-07-19,WEMENSF1,-2.1424450926253513,Baseload
2020-07-26,WEMENSF1,-7.976929116374862,Baseload
2020-08-02,WEMENSF1,-7.935850155131654,Baseload
2020-08-09,WEMENSF1,0.7766303595905342,Baseload
2020-08-16,WEMENSF1,-6.02098847719234,Baseload
2020-08-23,WEMENSF1,-4.025158828500409,Baseload
2020-08-30,WEMENSF1,-27.695156486725423,Baseload
2020-09-06,WEMENSF1,-9.428390298561471,Baseload
2020-09-13,WEMENSF1,-5.431440007117953,Baseload
2020-09-20,WEMENSF1,-6.766522756476249,Baseload
2020-09-27,WEMENSF1,-6.592733649418484,Baseload
2020-10-04,WEMENSF1,3.7298146141026436,Baseload
2020-10-11,WEMENSF1,-16.949592505090123,Baseload
2020-10-18,WEMENSF1,-7.493999554782562,Baseload
2020-10-25,WEMENSF1,-8.59243924166099,Baseload
2020-11-01,WEMENSF1,-6.289216422832666,Baseload
2020-11-08,WEMENSF1,-4.85750957971014,Baseload
2020-11-15,WEMENSF1,0.23769553475882788,Baseload
2020-11-22,WEMENSF1,-4.484450977949962,Baseload
2020-11-29,WEMENSF1,-3.1924103288285792,Baseload
2020-12-06,WEMENSF1,8.961322371560595,Baseload
2020-12-13,WEMENSF1,-2.1020815006263085,Baseload
2020-12-20,WEMENSF1,2.5177123393516325,Baseload
2020-12-27,WEMENSF1,-9.912598681889492,Baseload
2021-01-03,WEMENSF1,-11.780062226483416,Baseload
2021-01-10,WEMENSF1,-0.18460397509789672,Baseload
2021-01-17,WEMENSF1,-1.4684342692183208,Baseload
2021-01-24,WEMENSF1,-6.481967934881105,Baseload
2021-01-31,WEMENSF1,-5.7437691034419185,Baseload
2021-02-07,WEMENSF1,-6.220289444464202,Baseload
2021-02-14,WEMENSF1,1.2405607296543373,Baseload
2021-02-21,WEMENSF1,-1.43044579968754,Baseload
2021-02-28,WEMENSF1,-8.633277622474083,Baseload
2021-03-07,WEMENSF1,-7.854535791924443,Baseload
2021-03-14,WEMENSF1,-4.7093163212686555,Baseload
2021-03-21,WEMENSF1,-7.14106286467614,Baseload
2021-03-28,WEMENSF1,-12.335416055248078,Baseload
2021-04-04,WEMENSF1,-10.229509260944411,Baseload
2021-04-11,WEMENSF1,-5.089363720654934,Baseload
2021-04-18,WEMENSF1,-12.24496006158229,Baseload
2021-04-25,WEMENSF1,-20.931687205905334,Baseload
2021-05-02,WEMENSF1,-16.247020394565766,Baseload
2021-05-09,WEMENSF1,-15.236144563266556,Baseload
2021-05-16,WEMENSF1,-19.34945628165336,Baseload
2021-05-23,WEMENSF1,-98.37514695819397,Baseload
2021-05-30,WEMENSF1,-17.979644188000783,Baseload
2021-06-06,WEMENSF1,-26.027626576196894,Baseload
2021-06-13,WEMENSF1,-4.6085669749387606,Baseload
2021-06-20,WEMENSF1,-5.857940008914923,Baseload
2021-06-27,WEMENSF1,-2.8996696560939483,Baseload
2021-07-04,WEMENSF1,-12.178988694298056,Baseload
2021-07-11,WEMENSF1,-74.43743897234778,Baseload
2021-07-18,WEMENSF1,30.22964468003471,Baseload
2021-07-25,WEMENSF1,20.025675157857165,Baseload
2021-08-01,WEMENSF1,-18.31631411758331,Baseload
2021-08-08,WEMENSF1,-22.466549257931522,Baseload
2021-08-15,WEMENSF1,-16.534257669723736,Baseload
2021-08-22,WEMENSF1,-20.14078919582658,Baseload
2021-08-29,WEMENSF1,-18.70980590632042,Baseload
2021-09-05,WEMENSF1,-19.569250480444058,Baseload
2021-09-12,WEMENSF1,-8.165532056153994,Baseload
2021-09-19,WEMENSF1,-8.196865480446338,Baseload
2021-09-26,WEMENSF1,-23.38848246678389,Baseload
2021-10-03,WEMENSF1,-9.84285379562158,Baseload
2021-10-10,WEMENSF1,-5.236409404843901,Baseload
2021-10-17,WEMENSF1,-10.830816858028065,Baseload
2021-10-24,WEMENSF1,-6.6304369010359485,Baseload
2021-10-31,WEMENSF1,-10.999935404397615,Baseload
2021-11-07,WEMENSF1,-4.817899034821714,Baseload
2021-11-14,WEMENSF1,-8.643115714445061,Baseload
2021-11-21,WEMENSF1,-3.0343128656027574,Baseload
2021-11-28,WEMENSF1,-7.360079461186075,Baseload
2021-12-05,WEMENSF1,9.825520641096844,Baseload
2021-12-12,WEMENSF1,3.362542677367216,Baseload
2021-12-19,WEMENSF1,17.711244473065534,Baseload
2021-12-26,WEMENSF1,-20.841785861299673,Baseload
2022-01-02,WEMENSF1,,Baseload
2022-01-09,WEMENSF1,,Baseload
2022-01-16,WEMENSF1,-0.03314374726355851,Baseload
2022-01-23,WEMENSF1,-0.2556103411582953,Baseload
2022-01-30,WEMENSF1,-4.422556252353573,Baseload
2022-02-06,WEMENSF1,134.9361798447116,Baseload
2022-02-13,WEMENSF1,-8.160673015129156,Baseload
2022-02-20,WEMENSF1,-13.900833018308568,Baseload
2022-02-27,WEMENSF1,-14.772016116015138,Baseload
2022-03-06,WEMENSF1,4.342538568078467,Baseload
2022-03-13,WEMENSF1,-5.560071950299925,Baseload
2022-03-20,WEMENSF1,-17.01307181494792,Baseload
2022-03-27,WEMENSF1,-20.17495634484456,Baseload
2022-04-03,WEMENSF1,-30.798715385045504,Baseload
2022-04-10,WEMENSF1,-28.09008594901917,Baseload
2022-04-17,WEMENSF1,-19.93994521071103,Baseload
2022-04-24,WEMENSF1,-52.36092526191442,Baseload
2022-05-01,WEMENSF1,-51.97208641998283,Baseload
2022-05-08,WEMENSF1,-44.25137712533109,Baseload
2022-05-15,WEMENSF1,2.6899422026066304,Baseload
2022-05-22,WEMENSF1,-3.4380329140181516,Baseload
2022-05-29,WEMENSF1,-27.88218687688419,Baseload
2022-06-05,WEMENSF1,-38.45628303664023,Baseload
2022-06-12,WEMENSF1,-38.02120952047201,Baseload
2022-06-19,WEMENSF1,-58.43587509050033,Baseload
2022-06-26,WEMENSF1,-33.00914267582169,Baseload
2022-07-03,WEMENSF1,-40.90437383173014,Baseload
2022-07-10,WEMENSF1,-80.53544112618724,Baseload
2022-07-17,WEMENSF1,-24.2275084424507,Baseload
2022-07-24,WEMENSF1,-19.954826916074296,Baseload
2022-07-31,WEMENSF1,-22.70547369943725,Baseload
2022-08-07,WEMENSF1,-0.27151007321566567,Baseload
2022-08-14,WEMENSF1,-12.400646163182785,Baseload
2022-08-21,WEMENSF1,-42.36692906295163,Baseload
2022-08-28,WEMENSF1,-20.088755716003007,Baseload
2022-09-04,WEMENSF1,-48.93627923687511,Baseload
2022-09-11,WEMENSF1,4.813512892403665,Baseload
2022-09-18,WEMENSF1,-24.102043718228558,Baseload
2022-09-25,WEMENSF1,-78.93345830983787,Baseload
2022-10-02,WEMENSF1,-75.41682681821467,Baseload
2022-10-09,WEMENSF1,-67.82510028990178,Baseload
2022-10-16,WEMENSF1,-92.52457744737846,Baseload
2022-10-23,WEMENSF1,-52.06273839688906,Baseload
2022-10-30,WEMENSF1,-52.38139857915453,Baseload
2022-11-06,WEMENSF1,-41.39078868803697,Baseload
2022-11-13,WEMENSF1,-13.677115100944114,Baseload
2022-11-20,WEMENSF1,-46.35324986398349,Baseload
2022-11-27,WEMENSF1,-35.75931178436078,Baseload
2022-12-04,WEMENSF1,-56.02783098127125,Baseload
2022-12-11,WEMENSF1,-50.591429251804854,Baseload
2022-12-18,WEMENSF1,-32.15457139878314,Baseload
2022-12-25,WEMENSF1,-36.378265714051985,Baseload
2023-01-01,WEMENSF1,-29.563048864379862,Baseload
2023-01-08,WEMENSF1,-32.05117938160672,Baseload
2023-01-15,WEMENSF1,-32.06689294067099,Baseload
2023-01-22,WEMENSF1,-39.06517847235082,Baseload
2023-01-29,WEMENSF1,-53.1379328182593,Baseload
2023-02-05,WEMENSF1,-44.322314524988286,Baseload
2023-02-12,WEMENSF1,-32.67027643282289,Baseload
2023-02-19,WEMENSF1,-5.594036665970734,Baseload
2023-02-26,WEMENSF1,-18.105394142108096,Baseload
2023-03-05,WEMENSF1,-35.57005694794911,Baseload
2023-03-12,WEMENSF1,-32.392979745719536,Baseload
2023-03-19,WEMENSF1,-50.94329055173541,Baseload
2023-03-26,WEMENSF1,-33.33445549356449,Baseload
2023-04-02,WEMENSF1,-55.49642045009905,Baseload
2023-04-09,WEMENSF1,-20.754059315194723,Baseload
2023-04-16,WEMENSF1,-44.92109743204813,Baseload
2023-04-23,WEMENSF1,-47.81992931368304,Baseload
2023-04-30,WEMENSF1,-61.45608984593807,Baseload
2023-05-07,WEMENSF1,-47.93500530523785,Baseload
2023-05-14,WEMENSF1,-51.77336159134569,Baseload
2023-05-21,WEMENSF1,-33.944350785945545,Baseload
2023-05-28,WEMENSF1,-32.190641067215196,Baseload
2023-06-04,WEMENSF1,-16.998413059287188,Baseload
2023-06-11,WEMENSF1,-11.663395278509796,Baseload
2023-06-18,WEMENSF1,-26.641327412548932,Baseload
2023-06-25,WEMENSF1,-29.30721522796957,Baseload
2023-07-02,WEMENSF1,-21.951847472175842,Baseload
2023-07-09,WEMENSF1,-34.63633192259773,Baseload
2023-07-16,WEMENSF1,-34.69798457891482,Baseload
2023-07-23,WEMENSF1,-31.597969677490894,Baseload
2023-07-30,WEMENSF1,-42.14947501959211,Baseload
2023-08-06,WEMENSF1,-45.48680491503397,Baseload
2023-08-13,WEMENSF1,-22.599923460354418,Baseload
2023-08-20,WEMENSF1,-67.07279826878349,Baseload
2023-08-27,WEMENSF1,-42.39595010974855,Baseload
2023-09-03,WEMENSF1,-24.894863766323006,Baseload
2023-09-10,WEMENSF1,-26.047363371168228,Baseload
2023-09-17,WEMENSF1,-38.10597693308149,Baseload
2023-09-24,WEMENSF1,-31.940022540921056,Baseload
2023-10-01,WEMENSF1,-54.11497997068903,Baseload
2023-10-08,WEMENSF1,-36.06915258874304,Baseload
2023-10-15,WEMENSF1,-18.94737088758623,Baseload
2023-10-22,WEMENSF1,-18.09029165083058,Baseload
2023-10-29,WEMENSF1,-34.5361574013841,Baseload
2023-11-05,WEMENSF1,-48.13296955817899,Baseload
2023-11-12,WEMENSF1,-33.73098893135569,Baseload
2023-11-19,WEMENSF1,-62.40064460489323,Baseload
2023-11-26,WEMENSF1,-25.521212420305886,Baseload
2023-12-03,WEMENSF1,-27.36119695607819,Baseload
2023-12-10,WEMENSF1,-32.85972799595477,Baseload
2023-12-17,WEMENSF1,-42.17473533340896,Baseload
2023-12-24,WEMENSF1,-37.54000973753958,Baseload
2023-12-31,WEMENSF1,-25.016238339060287,Baseload
2024-01-07,WEMENSF1,-27.424653598575244,Baseload
2024-01-14,WEMENSF1,-15.96293537043823,Baseload
2024-01-21,WEMENSF1,-37.872671097420906,Baseload
2024-01-28,WEMENSF1,-10.70845181342616,Baseload
2024-02-04,WEMENSF1,-37.03377720915663,Baseload
2024-02-11,WEMENSF1,-25.189315040194472,Baseload
2024-02-18,WEMENSF1,194.9621457175812,Baseload
2024-02-25,WEMENSF1,-31.99323780001843,Baseload
2024-03-03,WEMENSF1,-38.09548575986288,Baseload
2024-03-10,WEMENSF1,-19.102405478764922,Baseload
2024-03-17,WEMENSF1,-6.5962763026754345,Baseload
2024-03-24,WEMENSF1,-30.12657205777132,Baseload
2024-03-31,WEMENSF1,-16.893944147107035,Baseload
2024-04-07,WEMENSF1,-30.398314950713996,Baseload
2024-04-14,WEMENSF1,-3.998205507861357,Baseload
2024-04-21,WEMENSF1,-48.70483592168417,Baseload
2024-04-28,WEMENSF1,-58.452062168453246,Baseload
2024-05-05,WEMENSF1,-58.17270187006126,Baseload
2024-05-12,WEMENSF1,-43.26975828169846,Baseload
2024-05-19,WEMENSF1,-55.294702820693544,Baseload
2024-05-26,WEMENSF1,-32.055280212274624,Baseload
2024-06-02,WEMENSF1,-31.19880721092902,Baseload
2024-06-09,WEMENSF1,-25.64785722981415,Baseload
2024-06-16,WEMENSF1,-63.67898193565328,Baseload
2024-06-23,WEMENSF1,-39.81146026168378,Baseload
2024-06-30,WEMENSF1,-34.766718095701634,Baseload
2024-07-07,WEMENSF1,-23.11717821313792,Baseload
2024-07-14,WEMENSF1,-45.21267700602766,Baseload
2024-07-21,WEMENSF1,-31.03764782244466,Baseload
2024-07-28,WEMENSF1,-38.577215870108034,Baseload
2024-08-04,WEMENSF1,-96.53378750070658,Baseload
2024-08-11,WEMENSF1,-340.73839334633004,Baseload
2024-08-18,WEMENSF1,-49.47185449375753,Baseload
2024-08-25,WEMENSF1,-57.83957345069619,Baseload
2024-09-01,WEMENSF1,-18.123716405499444,Baseload
2024-09-08,WEMENSF1,-22.91242772908158,Baseload
2024-09-15,WEMENSF1,-43.363157083558676,Baseload
2024-09-22,WEMENSF1,-39.545226498991774,Baseload
2024-09-29,WEMENSF1,-35.949135539797275,Baseload
2024-10-06,WEMENSF1,-35.09559669035126,Baseload
2024-10-13,WEMENSF1,-45.99745745441889,Baseload
2024-10-20,WEMENSF1,-43.58477013485151,Baseload
2024-10-27,WEMENSF1,-58.271950019843516,Baseload
2024-11-03,WEMENSF1,-52.49813969813283,Baseload
2024-11-10,WEMENSF1,-51.65053264488476,Baseload
2024-11-17,WEMENSF1,-55.56748066895295,Baseload
2024-11-24,WEMENSF1,-45.84746977827203,Baseload
2024-12-01,WEMENSF1,-50.090797571050075,Baseload
2024-12-08,WEMENSF1,-38.372061408411355,Baseload
2024-12-15,WEMENSF1,-45.277496529475,Baseload
2024-12-22,WEMENSF1,-53.17321142702272,Baseload
2024-12-29,WEMENSF1,-40.1962842002191,Baseload
2025-01-05,WEMENSF1,-59.49674907140046,Baseload
