Period,DUID,Delta,Contract
2020-01-05,ARWF1,-5.64956523398163,Ex-post DWA
2020-01-12,ARWF1,-3.4158615724414787,Ex-post DWA
2020-01-19,ARWF1,-3.50995554143293,Ex-post DWA
2020-01-26,ARWF1,-1.9357583940463456,Ex-post DWA
2020-02-02,ARWF1,126.54068914909863,Ex-post DWA
2020-02-09,ARWF1,-0.17835951202725298,Ex-post DWA
2020-02-16,ARWF1,0.0023916872254758914,Ex-post DWA
2020-02-23,ARWF1,0.2039348551050182,Ex-post DWA
2020-03-01,ARWF1,1.0211134178229955,Ex-post DWA
2020-03-08,ARWF1,1.1362151459278422,Ex-post DWA
2020-03-15,ARWF1,-1.3784494770060078,Ex-post DWA
2020-03-22,ARWF1,1.1166246881355377,Ex-post DWA
2020-03-29,ARWF1,0.1964044600728272,Ex-post DWA
2020-04-05,ARWF1,-3.3860265159964555,Ex-post DWA
2020-04-12,ARWF1,1.2860584297019813,Ex-post DWA
2020-04-19,ARWF1,-0.8735896850424041,Ex-post DWA
2020-04-26,ARWF1,-5.016356226652972,Ex-post DWA
2020-05-03,ARWF1,-0.23079678033114348,Ex-post DWA
2020-05-10,ARWF1,-2.4692630918836613,Ex-post DWA
2020-05-17,ARWF1,2.608126498090474,Ex-post DWA
2020-05-24,ARWF1,0.0788132491447584,Ex-post DWA
2020-05-31,ARWF1,-2.2157244875647493,Ex-post DWA
2020-06-07,ARWF1,0.2739186422732587,Ex-post DWA
2020-06-14,ARWF1,2.0110344788098047,Ex-post DWA
2020-06-21,ARWF1,0.11966803925816194,Ex-post DWA
2020-06-28,ARWF1,-3.41698432716408,Ex-post DWA
2020-07-05,ARWF1,1.6417292244145685,Ex-post DWA
2020-07-12,ARWF1,-2.4418370948789345,Ex-post DWA
2020-07-19,ARWF1,-0.2709422508646995,Ex-post DWA
2020-07-26,ARWF1,-0.15873594850469175,Ex-post DWA
2020-08-02,ARWF1,-0.309648676780256,Ex-post DWA
2020-08-09,ARWF1,-1.4114178662248733,Ex-post DWA
2020-08-16,ARWF1,0.028205692232759816,Ex-post DWA
2020-08-23,ARWF1,0.8189591087652843,Ex-post DWA
2020-08-30,ARWF1,-7.940262170898954,Ex-post DWA
2020-09-06,ARWF1,-3.0495089390008445,Ex-post DWA
2020-09-13,ARWF1,-1.800946482991474,Ex-post DWA
2020-09-20,ARWF1,0.2775078570952729,Ex-post DWA
2020-09-27,ARWF1,-0.1267581258787871,Ex-post DWA
2020-10-04,ARWF1,-6.418287462650644,Ex-post DWA
2020-10-11,ARWF1,-4.126499771114354,Ex-post DWA
2020-10-18,ARWF1,-0.2371111049484469,Ex-post DWA
2020-10-25,ARWF1,-3.722914247150836,Ex-post DWA
2020-11-01,ARWF1,-1.8093720473403252,Ex-post DWA
2020-11-08,ARWF1,1.7084689423015504,Ex-post DWA
2020-11-15,ARWF1,0.043821396632921505,Ex-post DWA
2020-11-22,ARWF1,-1.3608972319421895,Ex-post DWA
2020-11-29,ARWF1,-1.6436792374574694,Ex-post DWA
2020-12-06,ARWF1,3.3973211820944993,Ex-post DWA
2020-12-13,ARWF1,-0.20948758911647758,Ex-post DWA
2020-12-20,ARWF1,0.03580878856307734,Ex-post DWA
2020-12-27,ARWF1,-1.043619332528543,Ex-post DWA
2021-01-03,ARWF1,0.09472279595044952,Ex-post DWA
2021-01-10,ARWF1,-3.2606864646307034,Ex-post DWA
2021-01-17,ARWF1,0.8371023500773198,Ex-post DWA
2021-01-24,ARWF1,-0.005723835070590155,Ex-post DWA
2021-01-31,ARWF1,-0.1823423314154553,Ex-post DWA
2021-02-07,ARWF1,0.49084296853125053,Ex-post DWA
2021-02-14,ARWF1,-4.505271705525107,Ex-post DWA
2021-02-21,ARWF1,-2.032364513223005,Ex-post DWA
2021-02-28,ARWF1,3.324572860070859,Ex-post DWA
2021-03-07,ARWF1,0.5084191775428337,Ex-post DWA
2021-03-14,ARWF1,-2.1315346537987345,Ex-post DWA
2021-03-21,ARWF1,0.8959659188747615,Ex-post DWA
2021-03-28,ARWF1,2.079355031815716,Ex-post DWA
2021-04-04,ARWF1,8.184937949534955,Ex-post DWA
2021-04-11,ARWF1,-3.3927342614586866,Ex-post DWA
2021-04-18,ARWF1,-0.958699957299924,Ex-post DWA
2021-04-25,ARWF1,1.2598520586876418,Ex-post DWA
2021-05-02,ARWF1,1.7380143256148877,Ex-post DWA
2021-05-09,ARWF1,0.9209890476123945,Ex-post DWA
2021-05-16,ARWF1,-2.2838956948972324,Ex-post DWA
2021-05-23,ARWF1,15.996595801289374,Ex-post DWA
2021-05-30,ARWF1,0.08458125035333097,Ex-post DWA
2021-06-06,ARWF1,-0.25883484845913074,Ex-post DWA
2021-06-13,ARWF1,-0.05241449265814424,Ex-post DWA
2021-06-20,ARWF1,-6.28242534374705,Ex-post DWA
2021-06-27,ARWF1,4.220720436927465,Ex-post DWA
2021-07-04,ARWF1,-2.036742756238283,Ex-post DWA
2021-07-11,ARWF1,-22.22484401132739,Ex-post DWA
2021-07-18,ARWF1,-4.53838506891605,Ex-post DWA
2021-07-25,ARWF1,7.075103587647519,Ex-post DWA
2021-08-01,ARWF1,-5.820904742409596,Ex-post DWA
2021-08-08,ARWF1,-5.585249098232389,Ex-post DWA
2021-08-15,ARWF1,-10.884566644490679,Ex-post DWA
2021-08-22,ARWF1,-6.082379293503536,Ex-post DWA
2021-08-29,ARWF1,-2.3000740033152596,Ex-post DWA
2021-09-05,ARWF1,-4.47816466976068,Ex-post DWA
2021-09-12,ARWF1,-5.022413674461921,Ex-post DWA
2021-09-19,ARWF1,3.972937063228576,Ex-post DWA
2021-09-26,ARWF1,-5.010705159652712,Ex-post DWA
2021-10-03,ARWF1,-5.323376336551714,Ex-post DWA
2021-10-10,ARWF1,-7.28301244719082,Ex-post DWA
2021-10-17,ARWF1,-3.2102717236619513,Ex-post DWA
2021-10-24,ARWF1,-4.538948534963376,Ex-post DWA
2021-10-31,ARWF1,-6.352585551761443,Ex-post DWA
2021-11-07,ARWF1,1.0490533887261186,Ex-post DWA
2021-11-14,ARWF1,-0.3070453440218124,Ex-post DWA
2021-11-21,ARWF1,-4.753811779540177,Ex-post DWA
2021-11-28,ARWF1,2.864779405804857,Ex-post DWA
2021-12-05,ARWF1,-5.009607424606415,Ex-post DWA
2021-12-12,ARWF1,-0.4070174174396328,Ex-post DWA
2021-12-19,ARWF1,4.864430266516859,Ex-post DWA
2021-12-26,ARWF1,-0.16749815080726904,Ex-post DWA
2022-01-02,ARWF1,-6.73419560945857,Ex-post DWA
2022-01-09,ARWF1,-4.340672234378047,Ex-post DWA
2022-01-16,ARWF1,3.0075815619308415,Ex-post DWA
2022-01-23,ARWF1,-1.1032581829988004,Ex-post DWA
2022-01-30,ARWF1,-3.2449032000791362,Ex-post DWA
2022-02-06,ARWF1,6.551896840593237,Ex-post DWA
2022-02-13,ARWF1,-1.7884992994780973,Ex-post DWA
2022-02-20,ARWF1,4.838061650223111,Ex-post DWA
2022-02-27,ARWF1,3.1539151653350146,Ex-post DWA
2022-03-06,ARWF1,-26.58120399821338,Ex-post DWA
2022-03-13,ARWF1,-9.264168848973636,Ex-post DWA
2022-03-20,ARWF1,1.3025758974097528,Ex-post DWA
2022-03-27,ARWF1,-3.462555519878059,Ex-post DWA
2022-04-03,ARWF1,2.658657468683515,Ex-post DWA
2022-04-10,ARWF1,12.211119992509964,Ex-post DWA
2022-04-17,ARWF1,-7.3484195723158905,Ex-post DWA
2022-04-24,ARWF1,18.380859902450595,Ex-post DWA
2022-05-01,ARWF1,9.463942821681286,Ex-post DWA
2022-05-08,ARWF1,-17.304871187803442,Ex-post DWA
2022-05-15,ARWF1,-14.19166533495897,Ex-post DWA
2022-05-22,ARWF1,4.761382267083974,Ex-post DWA
2022-05-29,ARWF1,-7.7553305523364315,Ex-post DWA
2022-06-05,ARWF1,-21.998119585182337,Ex-post DWA
2022-06-12,ARWF1,6.3577664073960705,Ex-post DWA
2022-06-19,ARWF1,-5.181702564647509,Ex-post DWA
2022-06-26,ARWF1,-1.5029484232051686,Ex-post DWA
2022-07-03,ARWF1,9.207506489699881,Ex-post DWA
2022-07-10,ARWF1,-8.367278604619628,Ex-post DWA
2022-07-17,ARWF1,17.73596611346693,Ex-post DWA
2022-07-24,ARWF1,-15.461346994168196,Ex-post DWA
2022-07-31,ARWF1,-3.2900648953456653,Ex-post DWA
2022-08-07,ARWF1,-6.371747401211316,Ex-post DWA
2022-08-14,ARWF1,-3.447919554802226,Ex-post DWA
2022-08-21,ARWF1,0.20568422277061416,Ex-post DWA
2022-08-28,ARWF1,5.563007255457023,Ex-post DWA
2022-09-04,ARWF1,18.703786946204673,Ex-post DWA
2022-09-11,ARWF1,-6.651544606455374,Ex-post DWA
2022-09-18,ARWF1,8.856895067414676,Ex-post DWA
2022-09-25,ARWF1,-11.547599072685117,Ex-post DWA
2022-10-02,ARWF1,15.328694248216735,Ex-post DWA
2022-10-09,ARWF1,0.03464510522404396,Ex-post DWA
2022-10-16,ARWF1,-3.955877004121774,Ex-post DWA
2022-10-23,ARWF1,-11.54112358533908,Ex-post DWA
2022-10-30,ARWF1,2.3563539975993706,Ex-post DWA
2022-11-06,ARWF1,-2.2661433627373864,Ex-post DWA
2022-11-13,ARWF1,0.4527305033679667,Ex-post DWA
2022-11-20,ARWF1,21.741648932857842,Ex-post DWA
2022-11-27,ARWF1,6.109397255154153,Ex-post DWA
2022-12-04,ARWF1,4.922973436791182,Ex-post DWA
2022-12-11,ARWF1,3.0746754227804303,Ex-post DWA
2022-12-18,ARWF1,-4.423931000793568,Ex-post DWA
2022-12-25,ARWF1,21.925745557023,Ex-post DWA
2023-01-01,ARWF1,-2.192049837299649,Ex-post DWA
2023-01-08,ARWF1,0.3181086074280426,Ex-post DWA
2023-01-15,ARWF1,-11.289550626214783,Ex-post DWA
2023-01-22,ARWF1,-9.61151705326403,Ex-post DWA
2023-01-29,ARWF1,0.34244973128876666,Ex-post DWA
2023-02-05,ARWF1,6.9317651891798455,Ex-post DWA
2023-02-12,ARWF1,-14.093116845846929,Ex-post DWA
2023-02-19,ARWF1,-13.036197812347709,Ex-post DWA
2023-02-26,ARWF1,-10.12389302096689,Ex-post DWA
2023-03-05,ARWF1,5.760903888223872,Ex-post DWA
2023-03-12,ARWF1,1.3498185939695109,Ex-post DWA
2023-03-19,ARWF1,5.959212120985697,Ex-post DWA
2023-03-26,ARWF1,-16.360057866913706,Ex-post DWA
2023-04-02,ARWF1,-2.8889199361481275,Ex-post DWA
2023-04-09,ARWF1,-15.483234431196081,Ex-post DWA
2023-04-16,ARWF1,-9.452615990836993,Ex-post DWA
2023-04-23,ARWF1,-11.17131260403967,Ex-post DWA
2023-04-30,ARWF1,-10.513185867768968,Ex-post DWA
2023-05-07,ARWF1,10.909715670671531,Ex-post DWA
2023-05-14,ARWF1,4.504273863683409,Ex-post DWA
2023-05-21,ARWF1,47.10612094941882,Ex-post DWA
2023-05-28,ARWF1,-19.115714433334254,Ex-post DWA
2023-06-04,ARWF1,-9.102616749556585,Ex-post DWA
2023-06-11,ARWF1,-1.1326907182030368,Ex-post DWA
2023-06-18,ARWF1,-15.571523852276174,Ex-post DWA
2023-06-25,ARWF1,-1.9718929521614612,Ex-post DWA
2023-07-02,ARWF1,19.762092110098095,Ex-post DWA
2023-07-09,ARWF1,4.20038552940863,Ex-post DWA
2023-07-16,ARWF1,-2.366296652478752,Ex-post DWA
2023-07-23,ARWF1,-2.9133276654223437,Ex-post DWA
2023-07-30,ARWF1,-1.9808914719122797,Ex-post DWA
2023-08-06,ARWF1,-5.727668824913947,Ex-post DWA
2023-08-13,ARWF1,11.626161460132536,Ex-post DWA
2023-08-20,ARWF1,8.507962769557476,Ex-post DWA
2023-08-27,ARWF1,6.037910013295651,Ex-post DWA
2023-09-03,ARWF1,-0.48086687859888144,Ex-post DWA
2023-09-10,ARWF1,-13.944869094039872,Ex-post DWA
2023-09-17,ARWF1,-21.860213204952295,Ex-post DWA
2023-09-24,ARWF1,-14.76160335849708,Ex-post DWA
2023-10-01,ARWF1,-5.751688984978395,Ex-post DWA
2023-10-08,ARWF1,5.100637234461388,Ex-post DWA
2023-10-15,ARWF1,-5.45175687277015,Ex-post DWA
2023-10-22,ARWF1,-4.941535006915117,Ex-post DWA
2023-10-29,ARWF1,-18.21789981655276,Ex-post DWA
2023-11-05,ARWF1,-8.098221743371496,Ex-post DWA
2023-11-12,ARWF1,-9.50760243146177,Ex-post DWA
2023-11-19,ARWF1,-4.061960312270628,Ex-post DWA
2023-11-26,ARWF1,-2.220228330630526,Ex-post DWA
2023-12-03,ARWF1,-3.1489635851459283,Ex-post DWA
2023-12-10,ARWF1,-0.4690148126127056,Ex-post DWA
2023-12-17,ARWF1,4.416915375864896,Ex-post DWA
2023-12-24,ARWF1,-15.162070521756503,Ex-post DWA
2023-12-31,ARWF1,-1.1410819847019185,Ex-post DWA
2024-01-07,ARWF1,-0.05783643675245287,Ex-post DWA
2024-01-14,ARWF1,-9.816255937399792,Ex-post DWA
2024-01-21,ARWF1,-18.42704894937517,Ex-post DWA
2024-01-28,ARWF1,-31.079538564728757,Ex-post DWA
2024-02-04,ARWF1,-8.269447186392036,Ex-post DWA
2024-02-11,ARWF1,-4.192847502421859,Ex-post DWA
2024-02-18,ARWF1,-98.35152335980584,Ex-post DWA
2024-02-25,ARWF1,-11.599738261504406,Ex-post DWA
2024-03-03,ARWF1,-12.651236115197861,Ex-post DWA
2024-03-10,ARWF1,-5.205538934511139,Ex-post DWA
2024-03-17,ARWF1,-0.6230998873851306,Ex-post DWA
2024-03-24,ARWF1,-7.550858900007718,Ex-post DWA
2024-03-31,ARWF1,1.7361045817998146,Ex-post DWA
2024-04-07,ARWF1,5.618191198122112,Ex-post DWA
2024-04-14,ARWF1,4.978278510854551,Ex-post DWA
2024-04-21,ARWF1,-5.4105932201022,Ex-post DWA
2024-04-28,ARWF1,-5.662050490629184,Ex-post DWA
2024-05-05,ARWF1,1.9423047559739075,Ex-post DWA
2024-05-12,ARWF1,-11.911447618245774,Ex-post DWA
2024-05-19,ARWF1,5.304406951200235,Ex-post DWA
2024-05-26,ARWF1,-11.572136524174056,Ex-post DWA
2024-06-02,ARWF1,-8.037588110544057,Ex-post DWA
2024-06-09,ARWF1,0.6564361217268413,Ex-post DWA
2024-06-16,ARWF1,-5.692302268971318,Ex-post DWA
2024-06-23,ARWF1,-51.579456881826985,Ex-post DWA
2024-06-30,ARWF1,-7.079991620522549,Ex-post DWA
2024-07-07,ARWF1,3.904810642054997,Ex-post DWA
2024-07-14,ARWF1,-5.079717783082174,Ex-post DWA
2024-07-21,ARWF1,-9.609764680243373,Ex-post DWA
2024-07-28,ARWF1,-7.095418025742788,Ex-post DWA
2024-08-04,ARWF1,-21.13454606582482,Ex-post DWA
2024-08-11,ARWF1,-39.28933366021518,Ex-post DWA
2024-08-18,ARWF1,-3.386077672217226,Ex-post DWA
2024-08-25,ARWF1,-11.428280115013383,Ex-post DWA
2024-09-01,ARWF1,-10.88145569657729,Ex-post DWA
2024-09-08,ARWF1,-13.73870943782865,Ex-post DWA
2024-09-15,ARWF1,-3.629225136304033,Ex-post DWA
2024-09-22,ARWF1,-2.6093384921017373,Ex-post DWA
2024-09-29,ARWF1,-40.568766422091834,Ex-post DWA
2024-10-06,ARWF1,-15.96303189447331,Ex-post DWA
2024-10-13,ARWF1,-1.6946311028951193,Ex-post DWA
2024-10-20,ARWF1,-5.036185529026186,Ex-post DWA
2024-10-27,ARWF1,-4.317534525531677,Ex-post DWA
2024-11-03,ARWF1,-10.325925157352351,Ex-post DWA
2024-11-10,ARWF1,-0.07860450806892771,Ex-post DWA
2024-11-17,ARWF1,-18.505376806642506,Ex-post DWA
2024-11-24,ARWF1,-7.411680761029103,Ex-post DWA
2024-12-01,ARWF1,-24.429068690002673,Ex-post DWA
2024-12-08,ARWF1,-11.09677439431971,Ex-post DWA
2024-12-15,ARWF1,6.740865997767671,Ex-post DWA
2024-12-22,ARWF1,-17.79508630764645,Ex-post DWA
2024-12-29,ARWF1,-15.224589421339985,Ex-post DWA
2025-01-05,ARWF1,17.268899240275985,Ex-post DWA
2020-01-05,BALDHWF1,-2.09824734374029,Ex-post DWA
2020-01-12,BALDHWF1,8.667340610078284,Ex-post DWA
2020-01-19,BALDHWF1,2.6415853042927253,Ex-post DWA
2020-01-26,BALDHWF1,-2.961215240245867,Ex-post DWA
2020-02-02,BALDHWF1,-183.24482869594598,Ex-post DWA
2020-02-09,BALDHWF1,-1.6299907358163033,Ex-post DWA
2020-02-16,BALDHWF1,-0.10849712126646693,Ex-post DWA
2020-02-23,BALDHWF1,3.3167456457481492,Ex-post DWA
2020-03-01,BALDHWF1,0.43926742522528883,Ex-post DWA
2020-03-08,BALDHWF1,2.913115380809188,Ex-post DWA
2020-03-15,BALDHWF1,3.8298188436357634,Ex-post DWA
2020-03-22,BALDHWF1,0.8939920598207536,Ex-post DWA
2020-03-29,BALDHWF1,1.5193936686659981,Ex-post DWA
2020-04-05,BALDHWF1,4.297424999244349,Ex-post DWA
2020-04-12,BALDHWF1,4.119046726292879,Ex-post DWA
2020-04-19,BALDHWF1,1.9264197951176953,Ex-post DWA
2020-04-26,BALDHWF1,4.357516861035943,Ex-post DWA
2020-05-03,BALDHWF1,4.752408632333751,Ex-post DWA
2020-05-10,BALDHWF1,5.6332693310558675,Ex-post DWA
2020-05-17,BALDHWF1,0.8763040064623802,Ex-post DWA
2020-05-24,BALDHWF1,-0.046151793932565965,Ex-post DWA
2020-05-31,BALDHWF1,2.951923193264655,Ex-post DWA
2020-06-07,BALDHWF1,11.65630834652351,Ex-post DWA
2020-06-14,BALDHWF1,-14.247406806177391,Ex-post DWA
2020-06-21,BALDHWF1,3.8001471483323037,Ex-post DWA
2020-06-28,BALDHWF1,4.861027035097322,Ex-post DWA
2020-07-05,BALDHWF1,5.651833749794143,Ex-post DWA
2020-07-12,BALDHWF1,4.6487634693541935,Ex-post DWA
2020-07-19,BALDHWF1,-1.930254392417467,Ex-post DWA
2020-07-26,BALDHWF1,8.815429036439312,Ex-post DWA
2020-08-02,BALDHWF1,0.7744113294599231,Ex-post DWA
2020-08-09,BALDHWF1,1.0919246723130698,Ex-post DWA
2020-08-16,BALDHWF1,7.379035207956363,Ex-post DWA
2020-08-23,BALDHWF1,0.7744989502620498,Ex-post DWA
2020-08-30,BALDHWF1,5.3881185916461405,Ex-post DWA
2020-09-06,BALDHWF1,2.3356683854091003,Ex-post DWA
2020-09-13,BALDHWF1,5.063188344983043,Ex-post DWA
2020-09-20,BALDHWF1,4.629158614783815,Ex-post DWA
2020-09-27,BALDHWF1,0.3804255225821933,Ex-post DWA
2020-10-04,BALDHWF1,-9.979822680352438,Ex-post DWA
2020-10-11,BALDHWF1,14.369996759479442,Ex-post DWA
2020-10-18,BALDHWF1,6.912367768300996,Ex-post DWA
2020-10-25,BALDHWF1,0.54427209656874,Ex-post DWA
2020-11-01,BALDHWF1,3.3868341251321823,Ex-post DWA
2020-11-08,BALDHWF1,3.1987940664679044,Ex-post DWA
2020-11-15,BALDHWF1,6.9573555711467066,Ex-post DWA
2020-11-22,BALDHWF1,1.4885504189243761,Ex-post DWA
2020-11-29,BALDHWF1,-8.114013120308936,Ex-post DWA
2020-12-06,BALDHWF1,-0.0980088560281338,Ex-post DWA
2020-12-13,BALDHWF1,4.110391476416719,Ex-post DWA
2020-12-20,BALDHWF1,-8.844908629922028,Ex-post DWA
2020-12-27,BALDHWF1,8.980548102936584,Ex-post DWA
2021-01-03,BALDHWF1,1.1265089284291072,Ex-post DWA
2021-01-10,BALDHWF1,1.0575182443957623,Ex-post DWA
2021-01-17,BALDHWF1,-7.165668266341115,Ex-post DWA
2021-01-24,BALDHWF1,-2.2994879041053125,Ex-post DWA
2021-01-31,BALDHWF1,-0.6140075570048431,Ex-post DWA
2021-02-07,BALDHWF1,-1.8132798366777862,Ex-post DWA
2021-02-14,BALDHWF1,5.699955470188581,Ex-post DWA
2021-02-21,BALDHWF1,5.015465384234229,Ex-post DWA
2021-02-28,BALDHWF1,-1.6055594718037884,Ex-post DWA
2021-03-07,BALDHWF1,0.3957343677904994,Ex-post DWA
2021-03-14,BALDHWF1,-1.959647148926809,Ex-post DWA
2021-03-21,BALDHWF1,0.4165250461212189,Ex-post DWA
2021-03-28,BALDHWF1,2.199144274586139,Ex-post DWA
2021-04-04,BALDHWF1,-0.316534882568547,Ex-post DWA
2021-04-11,BALDHWF1,-6.7908101176313895,Ex-post DWA
2021-04-18,BALDHWF1,9.252140655761423,Ex-post DWA
2021-04-25,BALDHWF1,11.458046440574677,Ex-post DWA
2021-05-02,BALDHWF1,36.80450502717692,Ex-post DWA
2021-05-09,BALDHWF1,10.074713061829662,Ex-post DWA
2021-05-16,BALDHWF1,12.323841348407342,Ex-post DWA
2021-05-23,BALDHWF1,68.08701118137692,Ex-post DWA
2021-05-30,BALDHWF1,-9.532206369184607,Ex-post DWA
2021-06-06,BALDHWF1,9.999158670513886,Ex-post DWA
2021-06-13,BALDHWF1,-2.88653804214853,Ex-post DWA
2021-06-20,BALDHWF1,18.2611368805443,Ex-post DWA
2021-06-27,BALDHWF1,-3.2905122313681687,Ex-post DWA
2021-07-04,BALDHWF1,0.36250283522029747,Ex-post DWA
2021-07-11,BALDHWF1,52.21791438871247,Ex-post DWA
2021-07-18,BALDHWF1,3.7388684900961877,Ex-post DWA
2021-07-25,BALDHWF1,-5.2247702659109265,Ex-post DWA
2021-08-01,BALDHWF1,-2.594693566689049,Ex-post DWA
2021-08-08,BALDHWF1,6.9108138276356,Ex-post DWA
2021-08-15,BALDHWF1,-2.733884474946226,Ex-post DWA
2021-08-22,BALDHWF1,6.881104759571176,Ex-post DWA
2021-08-29,BALDHWF1,-0.561303098655145,Ex-post DWA
2021-09-05,BALDHWF1,0.17255712137414747,Ex-post DWA
2021-09-12,BALDHWF1,2.3999694042715376,Ex-post DWA
2021-09-19,BALDHWF1,-1.6182821635857678,Ex-post DWA
2021-09-26,BALDHWF1,-2.892385777224046,Ex-post DWA
2021-10-03,BALDHWF1,19.09814262908596,Ex-post DWA
2021-10-10,BALDHWF1,4.822252050858118,Ex-post DWA
2021-10-17,BALDHWF1,-0.16752145246581662,Ex-post DWA
2021-10-24,BALDHWF1,-5.954349422257784,Ex-post DWA
2021-10-31,BALDHWF1,12.93551556556883,Ex-post DWA
2021-11-07,BALDHWF1,8.481273316758983,Ex-post DWA
2021-11-14,BALDHWF1,-5.419686286607375,Ex-post DWA
2021-11-21,BALDHWF1,11.88338310530403,Ex-post DWA
2021-11-28,BALDHWF1,-5.889996893179532,Ex-post DWA
2021-12-05,BALDHWF1,5.570574739033496,Ex-post DWA
2021-12-12,BALDHWF1,-4.990813445248325,Ex-post DWA
2021-12-19,BALDHWF1,-7.810943144581746,Ex-post DWA
2021-12-26,BALDHWF1,-5.998981464296518,Ex-post DWA
2022-01-02,BALDHWF1,-14.107544916987768,Ex-post DWA
2022-01-09,BALDHWF1,-1.7964005769416111,Ex-post DWA
2022-01-16,BALDHWF1,-1.8087898357496002,Ex-post DWA
2022-01-23,BALDHWF1,3.944153700370663,Ex-post DWA
2022-01-30,BALDHWF1,5.5671642127067145,Ex-post DWA
2022-02-06,BALDHWF1,14.641223806707494,Ex-post DWA
2022-02-13,BALDHWF1,7.576375730738967,Ex-post DWA
2022-02-20,BALDHWF1,-9.89390270106756,Ex-post DWA
2022-02-27,BALDHWF1,-5.676540519783906,Ex-post DWA
2022-03-06,BALDHWF1,24.474701929918865,Ex-post DWA
2022-03-13,BALDHWF1,-10.3160447478341,Ex-post DWA
2022-03-20,BALDHWF1,2.4056696679803338,Ex-post DWA
2022-03-27,BALDHWF1,4.799341177829454,Ex-post DWA
2022-04-03,BALDHWF1,2.3050868084418283,Ex-post DWA
2022-04-10,BALDHWF1,43.71632231261886,Ex-post DWA
2022-04-17,BALDHWF1,-14.738688563643649,Ex-post DWA
2022-04-24,BALDHWF1,26.61675301383903,Ex-post DWA
2022-05-01,BALDHWF1,-19.798641042278632,Ex-post DWA
2022-05-08,BALDHWF1,23.633498024268476,Ex-post DWA
2022-05-15,BALDHWF1,6.109318782055567,Ex-post DWA
2022-05-22,BALDHWF1,-12.0808726542395,Ex-post DWA
2022-05-29,BALDHWF1,10.778629842726332,Ex-post DWA
2022-06-05,BALDHWF1,5.791921808584391,Ex-post DWA
2022-06-12,BALDHWF1,13.899499156966556,Ex-post DWA
2022-06-19,BALDHWF1,60.52142884089639,Ex-post DWA
2022-06-26,BALDHWF1,-1.4847273929749747,Ex-post DWA
2022-07-03,BALDHWF1,37.411839013427596,Ex-post DWA
2022-07-10,BALDHWF1,40.24075455544602,Ex-post DWA
2022-07-17,BALDHWF1,29.982136651783094,Ex-post DWA
2022-07-24,BALDHWF1,42.5224674210354,Ex-post DWA
2022-07-31,BALDHWF1,65.64212053953389,Ex-post DWA
2022-08-07,BALDHWF1,3.261941853089901,Ex-post DWA
2022-08-14,BALDHWF1,2.8804432796881088,Ex-post DWA
2022-08-21,BALDHWF1,8.997653997644207,Ex-post DWA
2022-08-28,BALDHWF1,25.169203987524824,Ex-post DWA
2022-09-04,BALDHWF1,6.863125609913212,Ex-post DWA
2022-09-11,BALDHWF1,-3.2552476631652496,Ex-post DWA
2022-09-18,BALDHWF1,2.4780110639570125,Ex-post DWA
2022-09-25,BALDHWF1,12.303775284676917,Ex-post DWA
2022-10-02,BALDHWF1,-15.516514399909468,Ex-post DWA
2022-10-09,BALDHWF1,-4.315699533584706,Ex-post DWA
2022-10-16,BALDHWF1,5.742257730525381,Ex-post DWA
2022-10-23,BALDHWF1,4.911363917543326,Ex-post DWA
2022-10-30,BALDHWF1,16.552298752545894,Ex-post DWA
2022-11-06,BALDHWF1,3.354468536997601,Ex-post DWA
2022-11-13,BALDHWF1,12.449807649855842,Ex-post DWA
2022-11-20,BALDHWF1,1.0143355057996644,Ex-post DWA
2022-11-27,BALDHWF1,22.96841088002441,Ex-post DWA
2022-12-04,BALDHWF1,-3.7927572269734355,Ex-post DWA
2022-12-11,BALDHWF1,-13.773895417425422,Ex-post DWA
2022-12-18,BALDHWF1,-11.25660096682169,Ex-post DWA
2022-12-25,BALDHWF1,-12.854437246245475,Ex-post DWA
2023-01-01,BALDHWF1,7.472931503526141,Ex-post DWA
2023-01-08,BALDHWF1,-2.5720372815006716,Ex-post DWA
2023-01-15,BALDHWF1,16.044796884159155,Ex-post DWA
2023-01-22,BALDHWF1,18.06539116435566,Ex-post DWA
2023-01-29,BALDHWF1,16.81354536912783,Ex-post DWA
2023-02-05,BALDHWF1,-22.74117629506987,Ex-post DWA
2023-02-12,BALDHWF1,-8.7342777277861,Ex-post DWA
2023-02-19,BALDHWF1,14.032797195157045,Ex-post DWA
2023-02-26,BALDHWF1,6.644689578385105,Ex-post DWA
2023-03-05,BALDHWF1,1.9502027636952022,Ex-post DWA
2023-03-12,BALDHWF1,-0.6064988478465807,Ex-post DWA
2023-03-19,BALDHWF1,6.425789821413709,Ex-post DWA
2023-03-26,BALDHWF1,15.131622608928716,Ex-post DWA
2023-04-02,BALDHWF1,4.501269891508727,Ex-post DWA
2023-04-09,BALDHWF1,-16.200047702766984,Ex-post DWA
2023-04-16,BALDHWF1,12.023852894834057,Ex-post DWA
2023-04-23,BALDHWF1,11.769679780735217,Ex-post DWA
2023-04-30,BALDHWF1,-1.0910901573091678,Ex-post DWA
2023-05-07,BALDHWF1,0.3611406940034527,Ex-post DWA
2023-05-14,BALDHWF1,8.670614386419658,Ex-post DWA
2023-05-21,BALDHWF1,-3.015786491502297,Ex-post DWA
2023-05-28,BALDHWF1,26.26972087823367,Ex-post DWA
2023-06-04,BALDHWF1,7.073334629492798,Ex-post DWA
2023-06-11,BALDHWF1,4.18830342016296,Ex-post DWA
2023-06-18,BALDHWF1,0.1851364962315003,Ex-post DWA
2023-06-25,BALDHWF1,-8.429518113933312,Ex-post DWA
2023-07-02,BALDHWF1,3.9231488053707437,Ex-post DWA
2023-07-09,BALDHWF1,-14.587492181265034,Ex-post DWA
2023-07-16,BALDHWF1,6.638322449314039,Ex-post DWA
2023-07-23,BALDHWF1,20.424093540074196,Ex-post DWA
2023-07-30,BALDHWF1,8.289391954325144,Ex-post DWA
2023-08-06,BALDHWF1,20.88085666022391,Ex-post DWA
2023-08-13,BALDHWF1,10.982306089847214,Ex-post DWA
2023-08-20,BALDHWF1,-15.887625208092258,Ex-post DWA
2023-08-27,BALDHWF1,0.3531554199098892,Ex-post DWA
2023-09-03,BALDHWF1,15.07190378435051,Ex-post DWA
2023-09-10,BALDHWF1,7.345266658063842,Ex-post DWA
2023-09-17,BALDHWF1,-17.67799810459101,Ex-post DWA
2023-09-24,BALDHWF1,-5.308502930380631,Ex-post DWA
2023-10-01,BALDHWF1,-14.985260412574483,Ex-post DWA
2023-10-08,BALDHWF1,-4.387596585044502,Ex-post DWA
2023-10-15,BALDHWF1,-2.3936340391224133,Ex-post DWA
2023-10-22,BALDHWF1,-3.764234314841447,Ex-post DWA
2023-10-29,BALDHWF1,-0.5847859496308576,Ex-post DWA
2023-11-05,BALDHWF1,-22.080016130187033,Ex-post DWA
2023-11-12,BALDHWF1,-11.091939172713113,Ex-post DWA
2023-11-19,BALDHWF1,-20.678058774768026,Ex-post DWA
2023-11-26,BALDHWF1,-6.590557335418069,Ex-post DWA
2023-12-03,BALDHWF1,0.21188612354071168,Ex-post DWA
2023-12-10,BALDHWF1,7.216441716623478,Ex-post DWA
2023-12-17,BALDHWF1,-12.510827586775662,Ex-post DWA
2023-12-24,BALDHWF1,-20.751875957659355,Ex-post DWA
2023-12-31,BALDHWF1,-11.146206105792002,Ex-post DWA
2024-01-07,BALDHWF1,-8.843033506132908,Ex-post DWA
2024-01-14,BALDHWF1,-1.095064256370481,Ex-post DWA
2024-01-21,BALDHWF1,-9.899783662986069,Ex-post DWA
2024-01-28,BALDHWF1,-9.354055722665654,Ex-post DWA
2024-02-04,BALDHWF1,-19.518339728639535,Ex-post DWA
2024-02-11,BALDHWF1,-9.3813912676029,Ex-post DWA
2024-02-18,BALDHWF1,1717.889503835514,Ex-post DWA
2024-02-25,BALDHWF1,5.228793874262173,Ex-post DWA
2024-03-03,BALDHWF1,-13.089135523223646,Ex-post DWA
2024-03-10,BALDHWF1,23.056855643319743,Ex-post DWA
2024-03-17,BALDHWF1,-0.33688145787677115,Ex-post DWA
2024-03-24,BALDHWF1,-12.025926487541415,Ex-post DWA
2024-03-31,BALDHWF1,-10.332043013749548,Ex-post DWA
2024-04-07,BALDHWF1,0.15877597210084815,Ex-post DWA
2024-04-14,BALDHWF1,-2.504401043020323,Ex-post DWA
2024-04-21,BALDHWF1,-7.510786707684716,Ex-post DWA
2024-04-28,BALDHWF1,1.2790025057310004,Ex-post DWA
2024-05-05,BALDHWF1,13.41966257958947,Ex-post DWA
2024-05-12,BALDHWF1,9.880120468715319,Ex-post DWA
2024-05-19,BALDHWF1,12.300407884653922,Ex-post DWA
2024-05-26,BALDHWF1,16.200202613629926,Ex-post DWA
2024-06-02,BALDHWF1,13.310240308329817,Ex-post DWA
2024-06-09,BALDHWF1,42.56305800054935,Ex-post DWA
2024-06-16,BALDHWF1,15.755179710710266,Ex-post DWA
2024-06-23,BALDHWF1,-7.739378810575829,Ex-post DWA
2024-06-30,BALDHWF1,-4.378786032600871,Ex-post DWA
2024-07-07,BALDHWF1,3.6700238635136486,Ex-post DWA
2024-07-14,BALDHWF1,25.926470754776034,Ex-post DWA
2024-07-21,BALDHWF1,3.757360576238753,Ex-post DWA
2024-07-28,BALDHWF1,15.785961296689024,Ex-post DWA
2024-08-04,BALDHWF1,82.83591524527026,Ex-post DWA
2024-08-11,BALDHWF1,51.61019483100682,Ex-post DWA
2024-08-18,BALDHWF1,16.389777799493416,Ex-post DWA
2024-08-25,BALDHWF1,-3.1379714421441207,Ex-post DWA
2024-09-01,BALDHWF1,-1.6204567520409974,Ex-post DWA
2024-09-08,BALDHWF1,2.475311065473464,Ex-post DWA
2024-09-15,BALDHWF1,2.2436157578558245,Ex-post DWA
2024-09-22,BALDHWF1,-1.4245035154963483,Ex-post DWA
2024-09-29,BALDHWF1,4.533515694638838,Ex-post DWA
2024-10-06,BALDHWF1,-9.557805377305897,Ex-post DWA
2024-10-13,BALDHWF1,-11.007676026529948,Ex-post DWA
2024-10-20,BALDHWF1,-0.159802879590778,Ex-post DWA
2024-10-27,BALDHWF1,1.0373379832884133,Ex-post DWA
2024-11-03,BALDHWF1,-13.155650210506108,Ex-post DWA
2024-11-10,BALDHWF1,-4.93579283796252,Ex-post DWA
2024-11-17,BALDHWF1,7.706368938471471,Ex-post DWA
2024-11-24,BALDHWF1,-7.6487686409637305,Ex-post DWA
2024-12-01,BALDHWF1,11.115010209095658,Ex-post DWA
2024-12-08,BALDHWF1,-20.14930134758498,Ex-post DWA
2024-12-15,BALDHWF1,-30.77447566867903,Ex-post DWA
2024-12-22,BALDHWF1,-8.242400238678194,Ex-post DWA
2024-12-29,BALDHWF1,-14.670365575168743,Ex-post DWA
2025-01-05,BALDHWF1,-60.589775877524424,Ex-post DWA
2020-01-05,CROWLWF1,-3.801109686695959,Ex-post DWA
2020-01-12,CROWLWF1,-2.4215236470338226,Ex-post DWA
2020-01-19,CROWLWF1,-2.623398005757295,Ex-post DWA
2020-01-26,CROWLWF1,-0.6120491489975919,Ex-post DWA
2020-02-02,CROWLWF1,164.31325003457414,Ex-post DWA
2020-02-09,CROWLWF1,1.5104507011941628,Ex-post DWA
2020-02-16,CROWLWF1,-0.6960288629206914,Ex-post DWA
2020-02-23,CROWLWF1,-0.103390931174836,Ex-post DWA
2020-03-01,CROWLWF1,2.507467333438612,Ex-post DWA
2020-03-08,CROWLWF1,3.0476752899556203,Ex-post DWA
2020-03-15,CROWLWF1,-0.7611556653704667,Ex-post DWA
2020-03-22,CROWLWF1,1.0197433502515736,Ex-post DWA
2020-03-29,CROWLWF1,0.7242959980772383,Ex-post DWA
2020-04-05,CROWLWF1,-2.628457283433768,Ex-post DWA
2020-04-12,CROWLWF1,2.029813000179466,Ex-post DWA
2020-04-19,CROWLWF1,0.21676005557052846,Ex-post DWA
2020-04-26,CROWLWF1,0.05684382991739412,Ex-post DWA
2020-05-03,CROWLWF1,0.553602122946284,Ex-post DWA
2020-05-10,CROWLWF1,-0.21030302782546073,Ex-post DWA
2020-05-17,CROWLWF1,2.0111925562052697,Ex-post DWA
2020-05-24,CROWLWF1,0.7003767473655031,Ex-post DWA
2020-05-31,CROWLWF1,0.07298286320858693,Ex-post DWA
2020-06-07,CROWLWF1,1.16791971269555,Ex-post DWA
2020-06-14,CROWLWF1,0.592879836368752,Ex-post DWA
2020-06-21,CROWLWF1,0.08258626303406658,Ex-post DWA
2020-06-28,CROWLWF1,-0.4435310674380162,Ex-post DWA
2020-07-05,CROWLWF1,0.8082168542588093,Ex-post DWA
2020-07-12,CROWLWF1,-0.9960228842443968,Ex-post DWA
2020-07-19,CROWLWF1,3.340681773075154,Ex-post DWA
2020-07-26,CROWLWF1,3.339686557130321,Ex-post DWA
2020-08-02,CROWLWF1,1.2147051473918822,Ex-post DWA
2020-08-09,CROWLWF1,-0.5788938106940691,Ex-post DWA
2020-08-16,CROWLWF1,0.33942759148890644,Ex-post DWA
2020-08-23,CROWLWF1,0.358640817139424,Ex-post DWA
2020-08-30,CROWLWF1,-6.613515309282292,Ex-post DWA
2020-09-06,CROWLWF1,-2.0885900365014436,Ex-post DWA
2020-09-13,CROWLWF1,-0.5777650640473482,Ex-post DWA
2020-09-20,CROWLWF1,0.427733061221641,Ex-post DWA
2020-09-27,CROWLWF1,-0.7336157435712494,Ex-post DWA
2020-10-04,CROWLWF1,-3.9054583806359577,Ex-post DWA
2020-10-11,CROWLWF1,-2.487366501168225,Ex-post DWA
2020-10-18,CROWLWF1,-0.34106807488844737,Ex-post DWA
2020-10-25,CROWLWF1,-2.8610552536393783,Ex-post DWA
2020-11-01,CROWLWF1,-0.5049366072616337,Ex-post DWA
2020-11-08,CROWLWF1,2.3976893092783627,Ex-post DWA
2020-11-15,CROWLWF1,-0.16564195419814354,Ex-post DWA
2020-11-22,CROWLWF1,0.3890590038772075,Ex-post DWA
2020-11-29,CROWLWF1,0.2812749141160964,Ex-post DWA
2020-12-06,CROWLWF1,3.2132414774206275,Ex-post DWA
2020-12-13,CROWLWF1,-4.020674122157057,Ex-post DWA
2020-12-20,CROWLWF1,-3.1419371106660456,Ex-post DWA
2020-12-27,CROWLWF1,0.5499116197746972,Ex-post DWA
2021-01-03,CROWLWF1,-0.17022341583921374,Ex-post DWA
2021-01-10,CROWLWF1,-1.9658863946026521,Ex-post DWA
2021-01-17,CROWLWF1,2.543022022268481,Ex-post DWA
2021-01-24,CROWLWF1,-0.041411059818294405,Ex-post DWA
2021-01-31,CROWLWF1,0.0843563674879384,Ex-post DWA
2021-02-07,CROWLWF1,-1.4935693209809866,Ex-post DWA
2021-02-14,CROWLWF1,-2.6476719731065828,Ex-post DWA
2021-02-21,CROWLWF1,-1.5427924544595122,Ex-post DWA
2021-02-28,CROWLWF1,3.3981091065435827,Ex-post DWA
2021-03-07,CROWLWF1,-0.012869548256251306,Ex-post DWA
2021-03-14,CROWLWF1,-1.5209373845235241,Ex-post DWA
2021-03-21,CROWLWF1,2.1148102018185924,Ex-post DWA
2021-03-28,CROWLWF1,3.525297985862686,Ex-post DWA
2021-04-04,CROWLWF1,4.175805351574159,Ex-post DWA
2021-04-11,CROWLWF1,-2.8970836456289017,Ex-post DWA
2021-04-18,CROWLWF1,-1.2446534372082247,Ex-post DWA
2021-04-25,CROWLWF1,-0.7283117725517627,Ex-post DWA
2021-05-02,CROWLWF1,-7.8242095100563525,Ex-post DWA
2021-05-09,CROWLWF1,1.1672873071297403,Ex-post DWA
2021-05-16,CROWLWF1,-1.5394405374604574,Ex-post DWA
2021-05-23,CROWLWF1,11.797208246575025,Ex-post DWA
2021-05-30,CROWLWF1,-1.8414597985730339,Ex-post DWA
2021-06-06,CROWLWF1,0.5354987798288988,Ex-post DWA
2021-06-13,CROWLWF1,-4.873880359634164,Ex-post DWA
2021-06-20,CROWLWF1,-3.4902080395335133,Ex-post DWA
2021-06-27,CROWLWF1,2.532329841258985,Ex-post DWA
2021-07-04,CROWLWF1,-0.7080537828494755,Ex-post DWA
2021-07-11,CROWLWF1,-18.803829911761838,Ex-post DWA
2021-07-18,CROWLWF1,-1.497103409458731,Ex-post DWA
2021-07-25,CROWLWF1,2.2417719795416815,Ex-post DWA
2021-08-01,CROWLWF1,-3.4320601451073642,Ex-post DWA
2021-08-08,CROWLWF1,-2.6152697165010323,Ex-post DWA
2021-08-15,CROWLWF1,-5.559001460794285,Ex-post DWA
2021-08-22,CROWLWF1,0.19689766063826042,Ex-post DWA
2021-08-29,CROWLWF1,2.0903542705882643,Ex-post DWA
2021-09-05,CROWLWF1,0.2061093989913516,Ex-post DWA
2021-09-12,CROWLWF1,-3.6762337854814646,Ex-post DWA
2021-09-19,CROWLWF1,7.383903989791884,Ex-post DWA
2021-09-26,CROWLWF1,-7.146661778668118,Ex-post DWA
2021-10-03,CROWLWF1,-3.5758322053816833,Ex-post DWA
2021-10-10,CROWLWF1,-4.106907899650171,Ex-post DWA
2021-10-17,CROWLWF1,0.5135181300578218,Ex-post DWA
2021-10-24,CROWLWF1,-1.4806193798508396,Ex-post DWA
2021-10-31,CROWLWF1,-3.674475814091773,Ex-post DWA
2021-11-07,CROWLWF1,-0.6721620949745386,Ex-post DWA
2021-11-14,CROWLWF1,0.6200651279755842,Ex-post DWA
2021-11-21,CROWLWF1,-1.9098629871579753,Ex-post DWA
2021-11-28,CROWLWF1,14.083779716422995,Ex-post DWA
2021-12-05,CROWLWF1,-1.2195394205772274,Ex-post DWA
2021-12-12,CROWLWF1,1.009879651835817,Ex-post DWA
2021-12-19,CROWLWF1,-0.5369145751888382,Ex-post DWA
2021-12-26,CROWLWF1,-1.1162741073073157,Ex-post DWA
2022-01-02,CROWLWF1,-5.31045491508878,Ex-post DWA
2022-01-09,CROWLWF1,1.1546362221636315,Ex-post DWA
2022-01-16,CROWLWF1,0.3797791407181563,Ex-post DWA
2022-01-23,CROWLWF1,-0.7190115229811482,Ex-post DWA
2022-01-30,CROWLWF1,1.5317959002678805,Ex-post DWA
2022-02-06,CROWLWF1,8.113618164842713,Ex-post DWA
2022-02-13,CROWLWF1,-1.8820676017254456,Ex-post DWA
2022-02-20,CROWLWF1,-1.9736416089583315,Ex-post DWA
2022-02-27,CROWLWF1,0.19449813198675514,Ex-post DWA
2022-03-06,CROWLWF1,-12.159267399061367,Ex-post DWA
2022-03-13,CROWLWF1,-3.2748785332551495,Ex-post DWA
2022-03-20,CROWLWF1,0.7750351017648001,Ex-post DWA
2022-03-27,CROWLWF1,2.288212021112926,Ex-post DWA
2022-04-03,CROWLWF1,3.3128141956846378,Ex-post DWA
2022-04-10,CROWLWF1,7.358624569521069,Ex-post DWA
2022-04-17,CROWLWF1,-3.2232567898452658,Ex-post DWA
2022-04-24,CROWLWF1,9.208208867007528,Ex-post DWA
2022-05-01,CROWLWF1,9.557751013905829,Ex-post DWA
2022-05-08,CROWLWF1,-8.93902333262372,Ex-post DWA
2022-05-15,CROWLWF1,7.349148678057361,Ex-post DWA
2022-05-22,CROWLWF1,6.565734610353644,Ex-post DWA
2022-05-29,CROWLWF1,-4.912209676531916,Ex-post DWA
2022-06-05,CROWLWF1,-5.48975046043833,Ex-post DWA
2022-06-12,CROWLWF1,1.254628732531046,Ex-post DWA
2022-06-19,CROWLWF1,-1.701296383781198,Ex-post DWA
2022-06-26,CROWLWF1,-1.3333317416435477,Ex-post DWA
2022-07-03,CROWLWF1,10.125730595009486,Ex-post DWA
2022-07-10,CROWLWF1,0.9171801336254362,Ex-post DWA
2022-07-17,CROWLWF1,-17.69803918013514,Ex-post DWA
2022-07-24,CROWLWF1,-0.7627471833010873,Ex-post DWA
2022-07-31,CROWLWF1,-0.3741078308899546,Ex-post DWA
2022-08-07,CROWLWF1,-7.207321573792555,Ex-post DWA
2022-08-14,CROWLWF1,6.7705188587908935,Ex-post DWA
2022-08-21,CROWLWF1,1.5364886594157667,Ex-post DWA
2022-08-28,CROWLWF1,-8.180741981106976,Ex-post DWA
2022-09-04,CROWLWF1,10.461437327216316,Ex-post DWA
2022-09-11,CROWLWF1,4.461586700535449,Ex-post DWA
2022-09-18,CROWLWF1,2.6024655146088165,Ex-post DWA
2022-09-25,CROWLWF1,1.3858092901581216,Ex-post DWA
2022-10-02,CROWLWF1,7.19993049444534,Ex-post DWA
2022-10-09,CROWLWF1,2.5328734274810074,Ex-post DWA
2022-10-16,CROWLWF1,-3.483934619973553,Ex-post DWA
2022-10-23,CROWLWF1,-3.928544032744341,Ex-post DWA
2022-10-30,CROWLWF1,10.117217814575675,Ex-post DWA
2022-11-06,CROWLWF1,0.3304069661720064,Ex-post DWA
2022-11-13,CROWLWF1,1.9906829804382795,Ex-post DWA
2022-11-20,CROWLWF1,6.244130542897828,Ex-post DWA
2022-11-27,CROWLWF1,10.554018517348336,Ex-post DWA
2022-12-04,CROWLWF1,5.097007464731533,Ex-post DWA
2022-12-11,CROWLWF1,-0.5874125109083224,Ex-post DWA
2022-12-18,CROWLWF1,2.0849941131365615,Ex-post DWA
2022-12-25,CROWLWF1,8.880727412310286,Ex-post DWA
2023-01-01,CROWLWF1,1.5548406825807035,Ex-post DWA
2023-01-08,CROWLWF1,9.7772513026023,Ex-post DWA
2023-01-15,CROWLWF1,42.544723523667486,Ex-post DWA
2023-01-22,CROWLWF1,9.63236907546949,Ex-post DWA
2023-01-29,CROWLWF1,10.94561422191559,Ex-post DWA
2023-02-05,CROWLWF1,25.242616690907145,Ex-post DWA
2023-02-12,CROWLWF1,15.548236083030787,Ex-post DWA
2023-02-19,CROWLWF1,-6.172557653517018,Ex-post DWA
2023-02-26,CROWLWF1,-5.309774960853197,Ex-post DWA
2023-03-05,CROWLWF1,8.184661684106416,Ex-post DWA
2023-03-12,CROWLWF1,-6.9983921449706115,Ex-post DWA
2023-03-19,CROWLWF1,4.452678381084574,Ex-post DWA
2023-03-26,CROWLWF1,-9.311894330593162,Ex-post DWA
2023-04-02,CROWLWF1,4.179430152019421,Ex-post DWA
2023-04-09,CROWLWF1,-8.666053112017856,Ex-post DWA
2023-04-16,CROWLWF1,-6.698113792328968,Ex-post DWA
2023-04-23,CROWLWF1,2.5860367851267085,Ex-post DWA
2023-04-30,CROWLWF1,-5.597683508120305,Ex-post DWA
2023-05-07,CROWLWF1,6.047703239154799,Ex-post DWA
2023-05-14,CROWLWF1,5.089508439390897,Ex-post DWA
2023-05-21,CROWLWF1,49.69594998906439,Ex-post DWA
2023-05-28,CROWLWF1,-21.143087995268786,Ex-post DWA
2023-06-04,CROWLWF1,-1.1602451567227945,Ex-post DWA
2023-06-11,CROWLWF1,1.4717659900772055,Ex-post DWA
2023-06-18,CROWLWF1,-5.766795158309364,Ex-post DWA
2023-06-25,CROWLWF1,-9.012331218947185,Ex-post DWA
2023-07-02,CROWLWF1,11.346212874538153,Ex-post DWA
2023-07-09,CROWLWF1,11.029253466517295,Ex-post DWA
2023-07-16,CROWLWF1,-0.7976239029395273,Ex-post DWA
2023-07-23,CROWLWF1,-3.014221140247237,Ex-post DWA
2023-07-30,CROWLWF1,-3.252776795378537,Ex-post DWA
2023-08-06,CROWLWF1,-1.4453578092361052,Ex-post DWA
2023-08-13,CROWLWF1,12.701956202876374,Ex-post DWA
2023-08-20,CROWLWF1,13.303775927484832,Ex-post DWA
2023-08-27,CROWLWF1,4.353739977069672,Ex-post DWA
2023-09-03,CROWLWF1,5.692765707010871,Ex-post DWA
2023-09-10,CROWLWF1,-5.625871802492071,Ex-post DWA
2023-09-17,CROWLWF1,-10.687033336889261,Ex-post DWA
2023-09-24,CROWLWF1,-6.056837921510216,Ex-post DWA
2023-10-01,CROWLWF1,-3.741664503664923,Ex-post DWA
2023-10-08,CROWLWF1,5.048549030213223,Ex-post DWA
2023-10-15,CROWLWF1,-4.024615073478536,Ex-post DWA
2023-10-22,CROWLWF1,4.990107122561888,Ex-post DWA
2023-10-29,CROWLWF1,-13.944799255537724,Ex-post DWA
2023-11-05,CROWLWF1,-11.987452949799323,Ex-post DWA
2023-11-12,CROWLWF1,-6.589037487456698,Ex-post DWA
2023-11-19,CROWLWF1,5.946708541551118,Ex-post DWA
2023-11-26,CROWLWF1,-0.7535269323433837,Ex-post DWA
2023-12-03,CROWLWF1,-0.16730249919783446,Ex-post DWA
2023-12-10,CROWLWF1,1.7994824049701137,Ex-post DWA
2023-12-17,CROWLWF1,9.947606134043866,Ex-post DWA
2023-12-24,CROWLWF1,-4.581199763417443,Ex-post DWA
2023-12-31,CROWLWF1,1.7326530921819645,Ex-post DWA
2024-01-07,CROWLWF1,5.765862989404752,Ex-post DWA
2024-01-14,CROWLWF1,0.08048185644051387,Ex-post DWA
2024-01-21,CROWLWF1,-11.998478725895751,Ex-post DWA
2024-01-28,CROWLWF1,-8.347799651108547,Ex-post DWA
2024-02-04,CROWLWF1,-7.713675861697951,Ex-post DWA
2024-02-11,CROWLWF1,-4.707682276252015,Ex-post DWA
2024-02-18,CROWLWF1,-203.8164190532418,Ex-post DWA
2024-02-25,CROWLWF1,-1.8792867274347245,Ex-post DWA
2024-03-03,CROWLWF1,-10.479213650554719,Ex-post DWA
2024-03-10,CROWLWF1,4.85415839157011,Ex-post DWA
2024-03-17,CROWLWF1,2.7847115293416422,Ex-post DWA
2024-03-24,CROWLWF1,-6.607842561027091,Ex-post DWA
2024-03-31,CROWLWF1,5.651347681851071,Ex-post DWA
2024-04-07,CROWLWF1,12.074489771941522,Ex-post DWA
2024-04-14,CROWLWF1,9.099205718011703,Ex-post DWA
2024-04-21,CROWLWF1,5.869882914342369,Ex-post DWA
2024-04-28,CROWLWF1,1.7550999386158779,Ex-post DWA
2024-05-05,CROWLWF1,4.774671250634,Ex-post DWA
2024-05-12,CROWLWF1,-7.386074430544838,Ex-post DWA
2024-05-19,CROWLWF1,13.547789808921536,Ex-post DWA
2024-05-26,CROWLWF1,0.7740712669166783,Ex-post DWA
2024-06-02,CROWLWF1,-2.220220702868538,Ex-post DWA
2024-06-09,CROWLWF1,-0.08259566528823825,Ex-post DWA
2024-06-16,CROWLWF1,0.9807757688412551,Ex-post DWA
2024-06-23,CROWLWF1,2.6358341655837307,Ex-post DWA
2024-06-30,CROWLWF1,-5.808642148618205,Ex-post DWA
2024-07-07,CROWLWF1,10.160511727618342,Ex-post DWA
2024-07-14,CROWLWF1,-2.5815900825647304,Ex-post DWA
2024-07-21,CROWLWF1,4.2570970221928945,Ex-post DWA
2024-07-28,CROWLWF1,-4.486647663991995,Ex-post DWA
2024-08-04,CROWLWF1,-7.040775896227814,Ex-post DWA
2024-08-11,CROWLWF1,-17.764771470968967,Ex-post DWA
2024-08-18,CROWLWF1,6.6895716113902495,Ex-post DWA
2024-08-25,CROWLWF1,-2.100767481599462,Ex-post DWA
2024-09-01,CROWLWF1,-5.832071135047325,Ex-post DWA
2024-09-08,CROWLWF1,-8.707721943196708,Ex-post DWA
2024-09-15,CROWLWF1,-3.6963577402645775,Ex-post DWA
2024-09-22,CROWLWF1,1.321222265658717,Ex-post DWA
2024-09-29,CROWLWF1,-31.46606611745687,Ex-post DWA
2024-10-06,CROWLWF1,-11.712685264602971,Ex-post DWA
2024-10-13,CROWLWF1,0.7431247013844526,Ex-post DWA
2024-10-20,CROWLWF1,1.2365324893843095,Ex-post DWA
2024-10-27,CROWLWF1,-3.709653513628293,Ex-post DWA
2024-11-03,CROWLWF1,0.9539958910426769,Ex-post DWA
2024-11-10,CROWLWF1,0.5273163706046446,Ex-post DWA
2024-11-17,CROWLWF1,-7.659849842673012,Ex-post DWA
2024-11-24,CROWLWF1,-2.313187776417635,Ex-post DWA
2024-12-01,CROWLWF1,-17.937305911117463,Ex-post DWA
2024-12-08,CROWLWF1,-0.3960645986962703,Ex-post DWA
2024-12-15,CROWLWF1,-0.5542393405670083,Ex-post DWA
2024-12-22,CROWLWF1,-11.527385008028176,Ex-post DWA
2024-12-29,CROWLWF1,-12.527951786942293,Ex-post DWA
2025-01-05,CROWLWF1,14.746450799027741,Ex-post DWA
2020-01-05,KIATAWF1,3.637370374034944,Ex-post DWA
2020-01-12,KIATAWF1,-1.6428972686053598,Ex-post DWA
2020-01-19,KIATAWF1,2.629712674138716,Ex-post DWA
2020-01-26,KIATAWF1,4.956139836801938,Ex-post DWA
2020-02-02,KIATAWF1,29.015293926632978,Ex-post DWA
2020-02-09,KIATAWF1,0.5972524097678544,Ex-post DWA
2020-02-16,KIATAWF1,-1.489406962579693,Ex-post DWA
2020-02-23,KIATAWF1,1.001709990273909,Ex-post DWA
2020-03-01,KIATAWF1,0.3140578128652578,Ex-post DWA
2020-03-08,KIATAWF1,2.9401642680474325,Ex-post DWA
2020-03-15,KIATAWF1,0.6362489782363099,Ex-post DWA
2020-03-22,KIATAWF1,0.10926481233998686,Ex-post DWA
2020-03-29,KIATAWF1,2.168086704722633,Ex-post DWA
2020-04-05,KIATAWF1,4.009058404817964,Ex-post DWA
2020-04-12,KIATAWF1,2.8915975680602983,Ex-post DWA
2020-04-19,KIATAWF1,-0.11600036955830006,Ex-post DWA
2020-04-26,KIATAWF1,0.017857177777699462,Ex-post DWA
2020-05-03,KIATAWF1,0.3302372223239871,Ex-post DWA
2020-05-10,KIATAWF1,1.0368665573166034,Ex-post DWA
2020-05-17,KIATAWF1,1.1871507458032617,Ex-post DWA
2020-05-24,KIATAWF1,0.4800764817008769,Ex-post DWA
2020-05-31,KIATAWF1,1.8909319476875481,Ex-post DWA
2020-06-07,KIATAWF1,1.8155384753105608,Ex-post DWA
2020-06-14,KIATAWF1,1.695203527154895,Ex-post DWA
2020-06-21,KIATAWF1,0.7446051726030625,Ex-post DWA
2020-06-28,KIATAWF1,1.2390434419404528,Ex-post DWA
2020-07-05,KIATAWF1,1.7449481799067001,Ex-post DWA
2020-07-12,KIATAWF1,-1.11943576290885,Ex-post DWA
2020-07-19,KIATAWF1,0.4187916021922504,Ex-post DWA
2020-07-26,KIATAWF1,-1.1274593832546103,Ex-post DWA
2020-08-02,KIATAWF1,2.228855093778243,Ex-post DWA
2020-08-09,KIATAWF1,0.6213993395084714,Ex-post DWA
2020-08-16,KIATAWF1,-0.8403444069225685,Ex-post DWA
2020-08-23,KIATAWF1,-0.6719606024024216,Ex-post DWA
2020-08-30,KIATAWF1,-5.136161668565297,Ex-post DWA
2020-09-06,KIATAWF1,5.089470887930162,Ex-post DWA
2020-09-13,KIATAWF1,3.371441734167881,Ex-post DWA
2020-09-20,KIATAWF1,1.9613376259214732,Ex-post DWA
2020-09-27,KIATAWF1,2.9851974518685083,Ex-post DWA
2020-10-04,KIATAWF1,2.5801108726406703,Ex-post DWA
2020-10-11,KIATAWF1,-0.8587139753805388,Ex-post DWA
2020-10-18,KIATAWF1,1.677174022764298,Ex-post DWA
2020-10-25,KIATAWF1,10.10359566950526,Ex-post DWA
2020-11-01,KIATAWF1,1.8306408964671874,Ex-post DWA
2020-11-08,KIATAWF1,1.8503526392368244,Ex-post DWA
2020-11-15,KIATAWF1,0.22606404468720598,Ex-post DWA
2020-11-22,KIATAWF1,0.564464332895227,Ex-post DWA
2020-11-29,KIATAWF1,8.968549746976763,Ex-post DWA
2020-12-06,KIATAWF1,7.243662765911539,Ex-post DWA
2020-12-13,KIATAWF1,7.973035979385632,Ex-post DWA
2020-12-20,KIATAWF1,1.0925501506352298,Ex-post DWA
2020-12-27,KIATAWF1,9.014952155269203,Ex-post DWA
2021-01-03,KIATAWF1,7.888181551312169,Ex-post DWA
2021-01-10,KIATAWF1,5.832458547811052,Ex-post DWA
2021-01-17,KIATAWF1,12.14493635633746,Ex-post DWA
2021-01-24,KIATAWF1,6.323907525960664,Ex-post DWA
2021-01-31,KIATAWF1,7.501990026249647,Ex-post DWA
2021-02-07,KIATAWF1,5.150502487217652,Ex-post DWA
2021-02-14,KIATAWF1,4.321460769266164,Ex-post DWA
2021-02-21,KIATAWF1,0.7898650820266511,Ex-post DWA
2021-02-28,KIATAWF1,11.776541386632346,Ex-post DWA
2021-03-07,KIATAWF1,4.901717499317723,Ex-post DWA
2021-03-14,KIATAWF1,1.7921077504694374,Ex-post DWA
2021-03-21,KIATAWF1,1.6137644700896416,Ex-post DWA
2021-03-28,KIATAWF1,1.9766155660552442,Ex-post DWA
2021-04-04,KIATAWF1,9.211196605517685,Ex-post DWA
2021-04-11,KIATAWF1,0.6219805271155927,Ex-post DWA
2021-04-18,KIATAWF1,30.747057431075802,Ex-post DWA
2021-04-25,KIATAWF1,-0.12199256359406263,Ex-post DWA
2021-05-02,KIATAWF1,12.2975953999495,Ex-post DWA
2021-05-09,KIATAWF1,10.65778253013061,Ex-post DWA
2021-05-16,KIATAWF1,1.9461341650160264,Ex-post DWA
2021-05-23,KIATAWF1,-14.43898536238244,Ex-post DWA
2021-05-30,KIATAWF1,3.418560954470081,Ex-post DWA
2021-06-06,KIATAWF1,0.26616194496033785,Ex-post DWA
2021-06-13,KIATAWF1,9.064078142486437,Ex-post DWA
2021-06-20,KIATAWF1,7.115014964579132,Ex-post DWA
2021-06-27,KIATAWF1,3.986341195481671,Ex-post DWA
2021-07-04,KIATAWF1,3.8050169797736046,Ex-post DWA
2021-07-11,KIATAWF1,20.699661077515145,Ex-post DWA
2021-07-18,KIATAWF1,-4.398589667460264,Ex-post DWA
2021-07-25,KIATAWF1,2.368196828229813,Ex-post DWA
2021-08-01,KIATAWF1,1.9911288325947858,Ex-post DWA
2021-08-08,KIATAWF1,6.30944245768751,Ex-post DWA
2021-08-15,KIATAWF1,-8.053212615557587,Ex-post DWA
2021-08-22,KIATAWF1,-1.3987459277911682,Ex-post DWA
2021-08-29,KIATAWF1,5.194190027615647,Ex-post DWA
2021-09-05,KIATAWF1,-0.8218253288304975,Ex-post DWA
2021-09-12,KIATAWF1,2.3095322081249385,Ex-post DWA
2021-09-19,KIATAWF1,3.2590951821952707,Ex-post DWA
2021-09-26,KIATAWF1,0.7186295810155023,Ex-post DWA
2021-10-03,KIATAWF1,2.6865665443579267,Ex-post DWA
2021-10-10,KIATAWF1,4.983124993693055,Ex-post DWA
2021-10-17,KIATAWF1,2.7541945466227613,Ex-post DWA
2021-10-24,KIATAWF1,4.113321413632247,Ex-post DWA
2021-10-31,KIATAWF1,12.389548572661733,Ex-post DWA
2021-11-07,KIATAWF1,3.128171013792578,Ex-post DWA
2021-11-14,KIATAWF1,6.640257561046303,Ex-post DWA
2021-11-21,KIATAWF1,3.325734402890376,Ex-post DWA
2021-11-28,KIATAWF1,3.4181179108836233,Ex-post DWA
2021-12-05,KIATAWF1,5.051923227883165,Ex-post DWA
2021-12-12,KIATAWF1,6.070236175482144,Ex-post DWA
2021-12-19,KIATAWF1,7.673888751469637,Ex-post DWA
2021-12-26,KIATAWF1,3.142205564790853,Ex-post DWA
2022-01-02,KIATAWF1,0.7128876834489724,Ex-post DWA
2022-01-09,KIATAWF1,3.40868177144905,Ex-post DWA
2022-01-16,KIATAWF1,4.308504704405188,Ex-post DWA
2022-01-23,KIATAWF1,3.2771672780590606,Ex-post DWA
2022-01-30,KIATAWF1,-0.7215135329067692,Ex-post DWA
2022-02-06,KIATAWF1,1.1026231204519519,Ex-post DWA
2022-02-13,KIATAWF1,9.969111036032054,Ex-post DWA
2022-02-20,KIATAWF1,7.8432840491407205,Ex-post DWA
2022-02-27,KIATAWF1,14.173043556998707,Ex-post DWA
2022-03-06,KIATAWF1,2.844270455591918,Ex-post DWA
2022-03-13,KIATAWF1,2.800033622440438,Ex-post DWA
2022-03-20,KIATAWF1,-1.0565998206235108,Ex-post DWA
2022-03-27,KIATAWF1,5.859173437732288,Ex-post DWA
2022-04-03,KIATAWF1,3.7893121877158578,Ex-post DWA
2022-04-10,KIATAWF1,11.688024706058087,Ex-post DWA
2022-04-17,KIATAWF1,7.929983509711022,Ex-post DWA
2022-04-24,KIATAWF1,-1.5066140992609576,Ex-post DWA
2022-05-01,KIATAWF1,3.20166762626053,Ex-post DWA
2022-05-08,KIATAWF1,9.65477335115014,Ex-post DWA
2022-05-15,KIATAWF1,12.116133569210575,Ex-post DWA
2022-05-22,KIATAWF1,22.494038156420118,Ex-post DWA
2022-05-29,KIATAWF1,8.73558288725269,Ex-post DWA
2022-06-05,KIATAWF1,-7.9251452379818375,Ex-post DWA
2022-06-12,KIATAWF1,4.67468948145472,Ex-post DWA
2022-06-19,KIATAWF1,-1.5664711045834565,Ex-post DWA
2022-06-26,KIATAWF1,5.616704735830524,Ex-post DWA
2022-07-03,KIATAWF1,17.342728429046133,Ex-post DWA
2022-07-10,KIATAWF1,22.947655559878854,Ex-post DWA
2022-07-17,KIATAWF1,-6.923158029602234,Ex-post DWA
2022-07-24,KIATAWF1,17.60941382675702,Ex-post DWA
2022-07-31,KIATAWF1,25.230052017700814,Ex-post DWA
2022-08-07,KIATAWF1,8.495700744212584,Ex-post DWA
2022-08-14,KIATAWF1,5.092802444223395,Ex-post DWA
2022-08-21,KIATAWF1,4.015258237236793,Ex-post DWA
2022-08-28,KIATAWF1,12.267934054680651,Ex-post DWA
2022-09-04,KIATAWF1,10.95396643161483,Ex-post DWA
2022-09-11,KIATAWF1,11.980348259587927,Ex-post DWA
2022-09-18,KIATAWF1,6.1663328587311454,Ex-post DWA
2022-09-25,KIATAWF1,18.292387264284287,Ex-post DWA
2022-10-02,KIATAWF1,12.147328253043455,Ex-post DWA
2022-10-09,KIATAWF1,20.222502083558766,Ex-post DWA
2022-10-16,KIATAWF1,-1.6117635563046662,Ex-post DWA
2022-10-23,KIATAWF1,8.673800428065434,Ex-post DWA
2022-10-30,KIATAWF1,10.072369525561278,Ex-post DWA
2022-11-06,KIATAWF1,8.804280404354923,Ex-post DWA
2022-11-13,KIATAWF1,16.167477746817575,Ex-post DWA
2022-11-20,KIATAWF1,3.0944711809031418,Ex-post DWA
2022-11-27,KIATAWF1,1.903575871995173,Ex-post DWA
2022-12-04,KIATAWF1,13.57930356983411,Ex-post DWA
2022-12-11,KIATAWF1,7.191009505090172,Ex-post DWA
2022-12-18,KIATAWF1,-2.317684589622499,Ex-post DWA
2022-12-25,KIATAWF1,8.922783753565177,Ex-post DWA
2023-01-01,KIATAWF1,15.140169083874795,Ex-post DWA
2023-01-08,KIATAWF1,0.2735200973078502,Ex-post DWA
2023-01-15,KIATAWF1,5.766503057293093,Ex-post DWA
2023-01-22,KIATAWF1,-0.6946206449165473,Ex-post DWA
2023-01-29,KIATAWF1,11.36524207653293,Ex-post DWA
2023-02-05,KIATAWF1,15.638468160358538,Ex-post DWA
2023-02-12,KIATAWF1,5.381198575262118,Ex-post DWA
2023-02-19,KIATAWF1,-2.23365565550084,Ex-post DWA
2023-02-26,KIATAWF1,5.435852738256038,Ex-post DWA
2023-03-05,KIATAWF1,19.103683904523244,Ex-post DWA
2023-03-12,KIATAWF1,11.214763570493817,Ex-post DWA
2023-03-19,KIATAWF1,3.929393194488661,Ex-post DWA
2023-03-26,KIATAWF1,21.476753043597476,Ex-post DWA
2023-04-02,KIATAWF1,11.00733340307147,Ex-post DWA
2023-04-09,KIATAWF1,5.660175322511307,Ex-post DWA
2023-04-16,KIATAWF1,9.211661925315099,Ex-post DWA
2023-04-23,KIATAWF1,18.807272182204628,Ex-post DWA
2023-04-30,KIATAWF1,18.222060760887416,Ex-post DWA
2023-05-07,KIATAWF1,20.21659410147784,Ex-post DWA
2023-05-14,KIATAWF1,6.706067591920345,Ex-post DWA
2023-05-21,KIATAWF1,10.162006314253986,Ex-post DWA
2023-05-28,KIATAWF1,-1.761597839220201,Ex-post DWA
2023-06-04,KIATAWF1,20.082104735323888,Ex-post DWA
2023-06-11,KIATAWF1,0.3610706475019114,Ex-post DWA
2023-06-18,KIATAWF1,-0.9171772320987888,Ex-post DWA
2023-06-25,KIATAWF1,18.039305392629316,Ex-post DWA
2023-07-02,KIATAWF1,3.7485005220823098,Ex-post DWA
2023-07-09,KIATAWF1,0.3345711645339069,Ex-post DWA
2023-07-16,KIATAWF1,-0.3377616058336841,Ex-post DWA
2023-07-23,KIATAWF1,-1.723395069497741,Ex-post DWA
2023-07-30,KIATAWF1,0.008243747783151179,Ex-post DWA
2023-08-06,KIATAWF1,0.8861618213220579,Ex-post DWA
2023-08-13,KIATAWF1,13.706545170612962,Ex-post DWA
2023-08-20,KIATAWF1,-1.2089160780753154,Ex-post DWA
2023-08-27,KIATAWF1,15.124887087199667,Ex-post DWA
2023-09-03,KIATAWF1,8.005414514253346,Ex-post DWA
2023-09-10,KIATAWF1,16.65725694524004,Ex-post DWA
2023-09-17,KIATAWF1,21.3427097830171,Ex-post DWA
2023-09-24,KIATAWF1,17.489304225238676,Ex-post DWA
2023-10-01,KIATAWF1,22.111091746921804,Ex-post DWA
2023-10-08,KIATAWF1,7.1560039266140905,Ex-post DWA
2023-10-15,KIATAWF1,15.47720387692055,Ex-post DWA
2023-10-22,KIATAWF1,21.16208246604881,Ex-post DWA
2023-10-29,KIATAWF1,22.772204598543524,Ex-post DWA
2023-11-05,KIATAWF1,16.7420418992931,Ex-post DWA
2023-11-12,KIATAWF1,29.477306222304005,Ex-post DWA
2023-11-19,KIATAWF1,29.84248106929867,Ex-post DWA
2023-11-26,KIATAWF1,11.544476912373739,Ex-post DWA
2023-12-03,KIATAWF1,10.316241096635864,Ex-post DWA
2023-12-10,KIATAWF1,12.463906059110087,Ex-post DWA
2023-12-17,KIATAWF1,14.22538561175665,Ex-post DWA
2023-12-24,KIATAWF1,16.52109905509476,Ex-post DWA
2023-12-31,KIATAWF1,22.978683888385874,Ex-post DWA
2024-01-07,KIATAWF1,6.896697373762947,Ex-post DWA
2024-01-14,KIATAWF1,16.31215096823592,Ex-post DWA
2024-01-21,KIATAWF1,10.237700633031753,Ex-post DWA
2024-01-28,KIATAWF1,17.51913965326169,Ex-post DWA
2024-02-04,KIATAWF1,26.950388626473764,Ex-post DWA
2024-02-11,KIATAWF1,19.99393248530982,Ex-post DWA
2024-02-18,KIATAWF1,-154.61534271276923,Ex-post DWA
2024-02-25,KIATAWF1,14.661035316049315,Ex-post DWA
2024-03-03,KIATAWF1,13.337888397006772,Ex-post DWA
2024-03-10,KIATAWF1,22.10976158512559,Ex-post DWA
2024-03-17,KIATAWF1,4.024042330831435,Ex-post DWA
2024-03-24,KIATAWF1,15.580614942320672,Ex-post DWA
2024-03-31,KIATAWF1,12.04341782197654,Ex-post DWA
2024-04-07,KIATAWF1,13.908782117159937,Ex-post DWA
2024-04-14,KIATAWF1,13.871131872991029,Ex-post DWA
2024-04-21,KIATAWF1,17.054198552294494,Ex-post DWA
2024-04-28,KIATAWF1,18.95304619568312,Ex-post DWA
2024-05-05,KIATAWF1,11.01437307531127,Ex-post DWA
2024-05-12,KIATAWF1,13.305269348523638,Ex-post DWA
2024-05-19,KIATAWF1,8.236831935739488,Ex-post DWA
2024-05-26,KIATAWF1,-2.281551138235983,Ex-post DWA
2024-06-02,KIATAWF1,18.02437649055394,Ex-post DWA
2024-06-09,KIATAWF1,5.260126917822049,Ex-post DWA
2024-06-16,KIATAWF1,26.152156738455844,Ex-post DWA
2024-06-23,KIATAWF1,12.604999256756912,Ex-post DWA
2024-06-30,KIATAWF1,-1.1364465117183329,Ex-post DWA
2024-07-07,KIATAWF1,-1.5185122700128773,Ex-post DWA
2024-07-14,KIATAWF1,2.0807473895480086,Ex-post DWA
2024-07-21,KIATAWF1,6.005538527852025,Ex-post DWA
2024-07-28,KIATAWF1,7.639705012712916,Ex-post DWA
2024-08-04,KIATAWF1,-8.570036233700165,Ex-post DWA
2024-08-11,KIATAWF1,-32.24488304254622,Ex-post DWA
2024-08-18,KIATAWF1,12.371962760664957,Ex-post DWA
2024-08-25,KIATAWF1,13.195545049089134,Ex-post DWA
2024-09-01,KIATAWF1,12.222366882182833,Ex-post DWA
2024-09-08,KIATAWF1,11.91496924656268,Ex-post DWA
2024-09-15,KIATAWF1,14.866868479028124,Ex-post DWA
2024-09-22,KIATAWF1,12.671437460443174,Ex-post DWA
2024-09-29,KIATAWF1,16.84802248608176,Ex-post DWA
2024-10-06,KIATAWF1,17.731509779668073,Ex-post DWA
2024-10-13,KIATAWF1,13.87454338045034,Ex-post DWA
2024-10-20,KIATAWF1,13.85544766354916,Ex-post DWA
2024-10-27,KIATAWF1,20.20560796160592,Ex-post DWA
2024-11-03,KIATAWF1,23.370641355352063,Ex-post DWA
2024-11-10,KIATAWF1,30.958895487669075,Ex-post DWA
2024-11-17,KIATAWF1,37.96086865433039,Ex-post DWA
2024-11-24,KIATAWF1,20.850037417375795,Ex-post DWA
2024-12-01,KIATAWF1,24.387584080199844,Ex-post DWA
2024-12-08,KIATAWF1,18.742792984578287,Ex-post DWA
2024-12-15,KIATAWF1,29.77233513124736,Ex-post DWA
2024-12-22,KIATAWF1,21.845120610395476,Ex-post DWA
2024-12-29,KIATAWF1,30.066758625744658,Ex-post DWA
2025-01-05,KIATAWF1,21.07141599260963,Ex-post DWA
2020-01-05,MACARTH1,-1.7963239853611839,Ex-post DWA
2020-01-12,MACARTH1,-1.2824550649130018,Ex-post DWA
2020-01-19,MACARTH1,-2.7734517197835586,Ex-post DWA
2020-01-26,MACARTH1,-5.341373037944276,Ex-post DWA
2020-02-02,MACARTH1,-219.1733794775971,Ex-post DWA
2020-02-09,MACARTH1,,Ex-post DWA
2020-02-16,MACARTH1,,Ex-post DWA
2020-02-23,MACARTH1,-0.8186470386522302,Ex-post DWA
2020-03-01,MACARTH1,-3.259115965063053,Ex-post DWA
2020-03-08,MACARTH1,-2.7562200503695635,Ex-post DWA
2020-03-15,MACARTH1,0.2594692592402055,Ex-post DWA
2020-03-22,MACARTH1,-0.9532031080954013,Ex-post DWA
2020-03-29,MACARTH1,-1.1111536272999487,Ex-post DWA
2020-04-05,MACARTH1,-4.5221313777577805,Ex-post DWA
2020-04-12,MACARTH1,-6.358526046184529,Ex-post DWA
2020-04-19,MACARTH1,-2.036796332339481,Ex-post DWA
2020-04-26,MACARTH1,-1.633396766436869,Ex-post DWA
2020-05-03,MACARTH1,-1.8858309044447061,Ex-post DWA
2020-05-10,MACARTH1,-2.365615599624782,Ex-post DWA
2020-05-17,MACARTH1,-4.397806559283964,Ex-post DWA
2020-05-24,MACARTH1,-0.35071580569233873,Ex-post DWA
2020-05-31,MACARTH1,-2.07628001905767,Ex-post DWA
2020-06-07,MACARTH1,-1.455720957750593,Ex-post DWA
2020-06-14,MACARTH1,-0.03466080549986117,Ex-post DWA
2020-06-21,MACARTH1,-1.3607888215545962,Ex-post DWA
2020-06-28,MACARTH1,-2.8343741670060822,Ex-post DWA
2020-07-05,MACARTH1,-3.087101742980657,Ex-post DWA
2020-07-12,MACARTH1,0.24800495076279105,Ex-post DWA
2020-07-19,MACARTH1,-3.8293512750881007,Ex-post DWA
2020-07-26,MACARTH1,-4.832954593327138,Ex-post DWA
2020-08-02,MACARTH1,1.1640118180162489,Ex-post DWA
2020-08-09,MACARTH1,0.19955864313128302,Ex-post DWA
2020-08-16,MACARTH1,-2.618691997483637,Ex-post DWA
2020-08-23,MACARTH1,0.06640471398660708,Ex-post DWA
2020-08-30,MACARTH1,63.47715736746781,Ex-post DWA
2020-09-06,MACARTH1,,Ex-post DWA
2020-09-13,MACARTH1,,Ex-post DWA
2020-09-20,MACARTH1,-9.729566313548869,Ex-post DWA
2020-09-27,MACARTH1,-0.7687871420652641,Ex-post DWA
2020-10-04,MACARTH1,-7.364649870977582,Ex-post DWA
2020-10-11,MACARTH1,-2.8979447943510905,Ex-post DWA
2020-10-18,MACARTH1,-1.9636433505003268,Ex-post DWA
2020-10-25,MACARTH1,-4.89382508562835,Ex-post DWA
2020-11-01,MACARTH1,-2.9602433717246726,Ex-post DWA
2020-11-08,MACARTH1,-4.586659943367664,Ex-post DWA
2020-11-15,MACARTH1,-2.814548665086523,Ex-post DWA
2020-11-22,MACARTH1,3.439618632331012,Ex-post DWA
2020-11-29,MACARTH1,-4.642617627793335,Ex-post DWA
2020-12-06,MACARTH1,-10.050822080610779,Ex-post DWA
2020-12-13,MACARTH1,-3.2805033248951734,Ex-post DWA
2020-12-20,MACARTH1,-3.05070538530887,Ex-post DWA
2020-12-27,MACARTH1,-6.633985777801545,Ex-post DWA
2021-01-03,MACARTH1,-5.52421047076955,Ex-post DWA
2021-01-10,MACARTH1,-4.979128096373813,Ex-post DWA
2021-01-17,MACARTH1,-7.8141896542388665,Ex-post DWA
2021-01-24,MACARTH1,-2.095259066585818,Ex-post DWA
2021-01-31,MACARTH1,-5.1961822353070115,Ex-post DWA
2021-02-07,MACARTH1,-1.4658696586249302,Ex-post DWA
2021-02-14,MACARTH1,-1.5453826650160707,Ex-post DWA
2021-02-21,MACARTH1,-0.24485805522956028,Ex-post DWA
2021-02-28,MACARTH1,-13.033985231034173,Ex-post DWA
2021-03-07,MACARTH1,-0.19061591002173373,Ex-post DWA
2021-03-14,MACARTH1,1.75482841932266,Ex-post DWA
2021-03-21,MACARTH1,-0.3989797954063654,Ex-post DWA
2021-03-28,MACARTH1,-1.7631033567073402,Ex-post DWA
2021-04-04,MACARTH1,-7.693029690686805,Ex-post DWA
2021-04-11,MACARTH1,-8.641349971302473,Ex-post DWA
2021-04-18,MACARTH1,-7.0243029186952555,Ex-post DWA
2021-04-25,MACARTH1,-3.7734626402860982,Ex-post DWA
2021-05-02,MACARTH1,-4.96179652875308,Ex-post DWA
2021-05-09,MACARTH1,-3.4391542808091486,Ex-post DWA
2021-05-16,MACARTH1,-58.15864645522607,Ex-post DWA
2021-05-23,MACARTH1,,Ex-post DWA
2021-05-30,MACARTH1,0.015891073569605396,Ex-post DWA
2021-06-06,MACARTH1,-5.343202536376005,Ex-post DWA
2021-06-13,MACARTH1,-8.227025496526181,Ex-post DWA
2021-06-20,MACARTH1,-3.549909296418548,Ex-post DWA
2021-06-27,MACARTH1,-6.449346882796263,Ex-post DWA
2021-07-04,MACARTH1,-1.4315519601821762,Ex-post DWA
2021-07-11,MACARTH1,9.576385700090185,Ex-post DWA
2021-07-18,MACARTH1,-4.322405259976215,Ex-post DWA
2021-07-25,MACARTH1,-4.769332942558464,Ex-post DWA
2021-08-01,MACARTH1,-4.584637524445505,Ex-post DWA
2021-08-08,MACARTH1,-5.579074730976636,Ex-post DWA
2021-08-15,MACARTH1,-1.961710231398758,Ex-post DWA
2021-08-22,MACARTH1,-5.326487897222071,Ex-post DWA
2021-08-29,MACARTH1,-10.075282403903948,Ex-post DWA
2021-09-05,MACARTH1,-10.076723354578686,Ex-post DWA
2021-09-12,MACARTH1,-6.50542017522776,Ex-post DWA
2021-09-19,MACARTH1,-9.567679791791923,Ex-post DWA
2021-09-26,MACARTH1,-3.6493113003313304,Ex-post DWA
2021-10-03,MACARTH1,-3.0017158698642277,Ex-post DWA
2021-10-10,MACARTH1,-1.8778123803883648,Ex-post DWA
2021-10-17,MACARTH1,-5.926180352249142,Ex-post DWA
2021-10-24,MACARTH1,-6.295482120227419,Ex-post DWA
2021-10-31,MACARTH1,-12.526712566825955,Ex-post DWA
2021-11-07,MACARTH1,-6.557112947397904,Ex-post DWA
2021-11-14,MACARTH1,-2.5287750223540506,Ex-post DWA
2021-11-21,MACARTH1,-18.324506451492148,Ex-post DWA
2021-11-28,MACARTH1,-7.072140661678347,Ex-post DWA
2021-12-05,MACARTH1,2.245925588096185,Ex-post DWA
2021-12-12,MACARTH1,1.8134164361932292,Ex-post DWA
2021-12-19,MACARTH1,-11.017288063626086,Ex-post DWA
2021-12-26,MACARTH1,-13.564091984950492,Ex-post DWA
2022-01-02,MACARTH1,0.4389695779889706,Ex-post DWA
2022-01-09,MACARTH1,-3.05354054056572,Ex-post DWA
2022-01-16,MACARTH1,-8.364871122118835,Ex-post DWA
2022-01-23,MACARTH1,-7.505775326900206,Ex-post DWA
2022-01-30,MACARTH1,-3.145300542014226,Ex-post DWA
2022-02-06,MACARTH1,-13.06451971413901,Ex-post DWA
2022-02-13,MACARTH1,-9.62873221782683,Ex-post DWA
2022-02-20,MACARTH1,-3.2558474184394726,Ex-post DWA
2022-02-27,MACARTH1,-4.046387316450634,Ex-post DWA
2022-03-06,MACARTH1,-14.638108138655163,Ex-post DWA
2022-03-13,MACARTH1,-7.878775983829618,Ex-post DWA
2022-03-20,MACARTH1,-0.9232878388779397,Ex-post DWA
2022-03-27,MACARTH1,-13.821831278604677,Ex-post DWA
2022-04-03,MACARTH1,-22.438133640629033,Ex-post DWA
2022-04-10,MACARTH1,24.92184987261352,Ex-post DWA
2022-04-17,MACARTH1,,Ex-post DWA
2022-04-24,MACARTH1,,Ex-post DWA
2022-05-01,MACARTH1,-45.16378206529865,Ex-post DWA
2022-05-08,MACARTH1,1.4390279187024646,Ex-post DWA
2022-05-15,MACARTH1,-20.077767363593864,Ex-post DWA
2022-05-22,MACARTH1,-1.2076058708289565,Ex-post DWA
2022-05-29,MACARTH1,-0.8256197966898071,Ex-post DWA
2022-06-05,MACARTH1,5.669930941556743,Ex-post DWA
2022-06-12,MACARTH1,-17.002775541301958,Ex-post DWA
2022-06-19,MACARTH1,-9.443031059071728,Ex-post DWA
2022-06-26,MACARTH1,-6.150307925060247,Ex-post DWA
2022-07-03,MACARTH1,0.6007792872337632,Ex-post DWA
2022-07-10,MACARTH1,15.921097789234977,Ex-post DWA
2022-07-17,MACARTH1,-32.81114258625033,Ex-post DWA
2022-07-24,MACARTH1,-5.6761847456588725,Ex-post DWA
2022-07-31,MACARTH1,-31.065607788275344,Ex-post DWA
2022-08-07,MACARTH1,-7.815046812861599,Ex-post DWA
2022-08-14,MACARTH1,-4.13542569765211,Ex-post DWA
2022-08-21,MACARTH1,-5.3075556206523515,Ex-post DWA
2022-08-28,MACARTH1,-17.749394578830348,Ex-post DWA
2022-09-04,MACARTH1,-13.783937272312826,Ex-post DWA
2022-09-11,MACARTH1,-4.376941328005202,Ex-post DWA
2022-09-18,MACARTH1,-12.636848210333973,Ex-post DWA
2022-09-25,MACARTH1,-8.633951437738176,Ex-post DWA
2022-10-02,MACARTH1,-14.211170145641631,Ex-post DWA
2022-10-09,MACARTH1,-4.583061660223663,Ex-post DWA
2022-10-16,MACARTH1,-39.84936723447774,Ex-post DWA
2022-10-23,MACARTH1,3.0528044023309775,Ex-post DWA
2022-10-30,MACARTH1,-12.559057269375401,Ex-post DWA
2022-11-06,MACARTH1,-13.932922407723375,Ex-post DWA
2022-11-13,MACARTH1,-14.554985419667872,Ex-post DWA
2022-11-20,MACARTH1,-17.43284218491521,Ex-post DWA
2022-11-27,MACARTH1,,Ex-post DWA
2022-12-04,MACARTH1,-37.62649004742333,Ex-post DWA
2022-12-11,MACARTH1,-4.329393569252492,Ex-post DWA
2022-12-18,MACARTH1,-8.188555285627785,Ex-post DWA
2022-12-25,MACARTH1,-9.546465970376062,Ex-post DWA
2023-01-01,MACARTH1,-7.553847155813003,Ex-post DWA
2023-01-08,MACARTH1,-16.30165848174829,Ex-post DWA
2023-01-15,MACARTH1,-18.94373077208455,Ex-post DWA
2023-01-22,MACARTH1,-14.95407005137196,Ex-post DWA
2023-01-29,MACARTH1,-15.90985104918611,Ex-post DWA
2023-02-05,MACARTH1,-20.35661159464298,Ex-post DWA
2023-02-12,MACARTH1,-41.750962279826965,Ex-post DWA
2023-02-19,MACARTH1,-3.512605872383844,Ex-post DWA
2023-02-26,MACARTH1,-11.993444556479997,Ex-post DWA
2023-03-05,MACARTH1,-19.78669561215648,Ex-post DWA
2023-03-12,MACARTH1,-16.70004017346517,Ex-post DWA
2023-03-19,MACARTH1,-13.131849968829023,Ex-post DWA
2023-03-26,MACARTH1,-5.521949960843131,Ex-post DWA
2023-04-02,MACARTH1,-8.920050105787197,Ex-post DWA
2023-04-09,MACARTH1,15.91986948335284,Ex-post DWA
2023-04-16,MACARTH1,-0.3299578561152927,Ex-post DWA
2023-04-23,MACARTH1,-5.891126505344943,Ex-post DWA
2023-04-30,MACARTH1,0.4248993111199866,Ex-post DWA
2023-05-07,MACARTH1,-15.507948548136227,Ex-post DWA
2023-05-14,MACARTH1,-12.326646593527528,Ex-post DWA
2023-05-21,MACARTH1,-14.859629056184048,Ex-post DWA
2023-05-28,MACARTH1,-1.081847620755866,Ex-post DWA
2023-06-04,MACARTH1,-4.97144611543154,Ex-post DWA
2023-06-11,MACARTH1,-0.3545996692244522,Ex-post DWA
2023-06-18,MACARTH1,-8.984374840092656,Ex-post DWA
2023-06-25,MACARTH1,-8.657552242594111,Ex-post DWA
2023-07-02,MACARTH1,-11.40202100291635,Ex-post DWA
2023-07-09,MACARTH1,-10.228726961335166,Ex-post DWA
2023-07-16,MACARTH1,-3.439179430463575,Ex-post DWA
2023-07-23,MACARTH1,-8.14158619445383,Ex-post DWA
2023-07-30,MACARTH1,-12.128830693497939,Ex-post DWA
2023-08-06,MACARTH1,-8.522821287588535,Ex-post DWA
2023-08-13,MACARTH1,-3.566029929935169,Ex-post DWA
2023-08-20,MACARTH1,233.28125216429603,Ex-post DWA
2023-08-27,MACARTH1,3.6321762587564805,Ex-post DWA
2023-09-03,MACARTH1,-10.865954464121703,Ex-post DWA
2023-09-10,MACARTH1,-10.048564013022954,Ex-post DWA
2023-09-17,MACARTH1,-5.261694215989181,Ex-post DWA
2023-09-24,MACARTH1,-14.838409363514263,Ex-post DWA
2023-10-01,MACARTH1,-12.162767491694586,Ex-post DWA
2023-10-08,MACARTH1,-9.243377898340182,Ex-post DWA
2023-10-15,MACARTH1,-0.9551857062026716,Ex-post DWA
2023-10-22,MACARTH1,-5.816997944855984,Ex-post DWA
2023-10-29,MACARTH1,-15.00929020113287,Ex-post DWA
2023-11-05,MACARTH1,-18.456066023373634,Ex-post DWA
2023-11-12,MACARTH1,-21.634410016415394,Ex-post DWA
2023-11-19,MACARTH1,-48.515977316790014,Ex-post DWA
2023-11-26,MACARTH1,-17.022738011904284,Ex-post DWA
2023-12-03,MACARTH1,-5.410629183633517,Ex-post DWA
2023-12-10,MACARTH1,-21.952833601180174,Ex-post DWA
2023-12-17,MACARTH1,-61.87234541108839,Ex-post DWA
2023-12-24,MACARTH1,-10.260045757091152,Ex-post DWA
2023-12-31,MACARTH1,-19.231962565913502,Ex-post DWA
2024-01-07,MACARTH1,-6.605577300434412,Ex-post DWA
2024-01-14,MACARTH1,-44.63979443223958,Ex-post DWA
2024-01-21,MACARTH1,-0.3636723458389781,Ex-post DWA
2024-01-28,MACARTH1,-0.7182646993062924,Ex-post DWA
2024-02-04,MACARTH1,-27.873229071809444,Ex-post DWA
2024-02-11,MACARTH1,-14.611034358506368,Ex-post DWA
2024-02-18,MACARTH1,814.4478864071239,Ex-post DWA
2024-02-25,MACARTH1,-16.441179689789855,Ex-post DWA
2024-03-03,MACARTH1,-7.6743760133660075,Ex-post DWA
2024-03-10,MACARTH1,-13.060467273151211,Ex-post DWA
2024-03-17,MACARTH1,-4.909586860877425,Ex-post DWA
2024-03-24,MACARTH1,-7.238886774742149,Ex-post DWA
2024-03-31,MACARTH1,-7.0377841412841065,Ex-post DWA
2024-04-07,MACARTH1,-13.29568929250917,Ex-post DWA
2024-04-14,MACARTH1,-17.4842170609179,Ex-post DWA
2024-04-21,MACARTH1,92.23171846141224,Ex-post DWA
2024-04-28,MACARTH1,-22.411950051748594,Ex-post DWA
2024-05-05,MACARTH1,-11.303529132883753,Ex-post DWA
2024-05-12,MACARTH1,-3.936540309484144,Ex-post DWA
2024-05-19,MACARTH1,8.110923727373304,Ex-post DWA
2024-05-26,MACARTH1,-6.330817553623149,Ex-post DWA
2024-06-02,MACARTH1,-12.891421849936279,Ex-post DWA
2024-06-09,MACARTH1,-8.530055023241175,Ex-post DWA
2024-06-16,MACARTH1,95.0104290700381,Ex-post DWA
2024-06-23,MACARTH1,23.11690989271665,Ex-post DWA
2024-06-30,MACARTH1,7.048347703021022,Ex-post DWA
2024-07-07,MACARTH1,27.345927394912337,Ex-post DWA
2024-07-14,MACARTH1,,Ex-post DWA
2024-07-21,MACARTH1,,Ex-post DWA
2024-07-28,MACARTH1,11.927265903888795,Ex-post DWA
2024-08-04,MACARTH1,-8.037303753007535,Ex-post DWA
2024-08-11,MACARTH1,5.500912478815451,Ex-post DWA
2024-08-18,MACARTH1,-16.191425140829757,Ex-post DWA
2024-08-25,MACARTH1,-9.799061522729357,Ex-post DWA
2024-09-01,MACARTH1,0.06386137835576378,Ex-post DWA
2024-09-08,MACARTH1,0.3400168872083196,Ex-post DWA
2024-09-15,MACARTH1,-13.165396726045223,Ex-post DWA
2024-09-22,MACARTH1,3.558400913820565,Ex-post DWA
2024-09-29,MACARTH1,-6.834928277340308,Ex-post DWA
2024-10-06,MACARTH1,3.085438824895613,Ex-post DWA
2024-10-13,MACARTH1,-11.15069858856125,Ex-post DWA
2024-10-20,MACARTH1,-5.869412680872962,Ex-post DWA
2024-10-27,MACARTH1,-30.306217557458325,Ex-post DWA
2024-11-03,MACARTH1,-14.197868648339744,Ex-post DWA
2024-11-10,MACARTH1,-22.224200013578717,Ex-post DWA
2024-11-17,MACARTH1,-35.78368962346574,Ex-post DWA
2024-11-24,MACARTH1,-7.166752282382554,Ex-post DWA
2024-12-01,MACARTH1,11.45347837171225,Ex-post DWA
2024-12-08,MACARTH1,,Ex-post DWA
2024-12-15,MACARTH1,15.546543050854964,Ex-post DWA
2024-12-22,MACARTH1,-16.514179733325754,Ex-post DWA
2024-12-29,MACARTH1,0.6349442572500656,Ex-post DWA
2025-01-05,MACARTH1,-26.473600403425436,Ex-post DWA
2020-01-05,MERCER01,-1.0804258276058363,Ex-post DWA
2020-01-12,MERCER01,3.3929246768358965,Ex-post DWA
2020-01-19,MERCER01,4.223609431813571,Ex-post DWA
2020-01-26,MERCER01,-2.9420688336307315,Ex-post DWA
2020-02-02,MERCER01,317.13487875399665,Ex-post DWA
2020-02-09,MERCER01,-1.4964819236140166,Ex-post DWA
2020-02-16,MERCER01,3.5284243127083244,Ex-post DWA
2020-02-23,MERCER01,-2.2407790123654223,Ex-post DWA
2020-03-01,MERCER01,-1.2351695569021146,Ex-post DWA
2020-03-08,MERCER01,-3.2610692666839824,Ex-post DWA
2020-03-15,MERCER01,0.49599371217530575,Ex-post DWA
2020-03-22,MERCER01,-0.05789107185862008,Ex-post DWA
2020-03-29,MERCER01,-0.8195776128545376,Ex-post DWA
2020-04-05,MERCER01,-1.2605112740151014,Ex-post DWA
2020-04-12,MERCER01,-5.372182488503974,Ex-post DWA
2020-04-19,MERCER01,-0.13175102497908853,Ex-post DWA
2020-04-26,MERCER01,-2.4490118527146585,Ex-post DWA
2020-05-03,MERCER01,-0.8010802543664219,Ex-post DWA
2020-05-10,MERCER01,-2.2722498774966695,Ex-post DWA
2020-05-17,MERCER01,0.6623154123197388,Ex-post DWA
2020-05-24,MERCER01,0.7956429004940162,Ex-post DWA
2020-05-31,MERCER01,-0.06063476223886255,Ex-post DWA
2020-06-07,MERCER01,-1.0717847730713927,Ex-post DWA
2020-06-14,MERCER01,1.0470909532858386,Ex-post DWA
2020-06-21,MERCER01,-0.4179976341228553,Ex-post DWA
2020-06-28,MERCER01,1.4939598086245311,Ex-post DWA
2020-07-05,MERCER01,-0.7203360586260388,Ex-post DWA
2020-07-12,MERCER01,0.32111416577176044,Ex-post DWA
2020-07-19,MERCER01,-2.413642624399003,Ex-post DWA
2020-07-26,MERCER01,-4.392090368719977,Ex-post DWA
2020-08-02,MERCER01,-2.8637267315416963,Ex-post DWA
2020-08-09,MERCER01,-0.18740902524619685,Ex-post DWA
2020-08-16,MERCER01,2.3067253113845183,Ex-post DWA
2020-08-23,MERCER01,-1.9305930841588506,Ex-post DWA
2020-08-30,MERCER01,-5.237303326366234,Ex-post DWA
2020-09-06,MERCER01,-2.8649999509296222,Ex-post DWA
2020-09-13,MERCER01,-2.431562970885807,Ex-post DWA
2020-09-20,MERCER01,-3.122614187754124,Ex-post DWA
2020-09-27,MERCER01,-1.2297599380675521,Ex-post DWA
2020-10-04,MERCER01,-4.384864042711568,Ex-post DWA
2020-10-11,MERCER01,-4.0048439836070955,Ex-post DWA
2020-10-18,MERCER01,-3.6185036118746297,Ex-post DWA
2020-10-25,MERCER01,-2.4835195340532294,Ex-post DWA
2020-11-01,MERCER01,0.1000122209295995,Ex-post DWA
2020-11-08,MERCER01,-3.420844818865554,Ex-post DWA
2020-11-15,MERCER01,0.34071829212867044,Ex-post DWA
2020-11-22,MERCER01,-3.7261318332599345,Ex-post DWA
2020-11-29,MERCER01,-0.09466269461047716,Ex-post DWA
2020-12-06,MERCER01,-7.25028946878602,Ex-post DWA
2020-12-13,MERCER01,-7.690977945092849,Ex-post DWA
2020-12-20,MERCER01,1.3427488625222033,Ex-post DWA
2020-12-27,MERCER01,-6.824976958003308,Ex-post DWA
2021-01-03,MERCER01,-4.097158352741799,Ex-post DWA
2021-01-10,MERCER01,0.4273270138477496,Ex-post DWA
2021-01-17,MERCER01,-6.183568575770778,Ex-post DWA
2021-01-24,MERCER01,-2.852315420074458,Ex-post DWA
2021-01-31,MERCER01,-1.2775566347504927,Ex-post DWA
2021-02-07,MERCER01,-2.3230224319214656,Ex-post DWA
2021-02-14,MERCER01,-1.194097839931601,Ex-post DWA
2021-02-21,MERCER01,-0.07862959715165374,Ex-post DWA
2021-02-28,MERCER01,-5.887542529813443,Ex-post DWA
2021-03-07,MERCER01,-1.7437092334273814,Ex-post DWA
2021-03-14,MERCER01,0.16934134068682027,Ex-post DWA
2021-03-21,MERCER01,-2.9266015503831433,Ex-post DWA
2021-03-28,MERCER01,-2.2091157960114387,Ex-post DWA
2021-04-04,MERCER01,-7.085679920445628,Ex-post DWA
2021-04-11,MERCER01,-7.70266774609347,Ex-post DWA
2021-04-18,MERCER01,-5.516418945289892,Ex-post DWA
2021-04-25,MERCER01,0.19927433098037284,Ex-post DWA
2021-05-02,MERCER01,-10.709592712357333,Ex-post DWA
2021-05-09,MERCER01,0.849198312846319,Ex-post DWA
2021-05-16,MERCER01,-2.666946923480012,Ex-post DWA
2021-05-23,MERCER01,-25.575228067418976,Ex-post DWA
2021-05-30,MERCER01,-3.865003378062191,Ex-post DWA
2021-06-06,MERCER01,-3.854031221697383,Ex-post DWA
2021-06-13,MERCER01,-0.35484885988792314,Ex-post DWA
2021-06-20,MERCER01,-0.2026830377914166,Ex-post DWA
2021-06-27,MERCER01,-5.777806782697141,Ex-post DWA
2021-07-04,MERCER01,-1.5373359978665349,Ex-post DWA
2021-07-11,MERCER01,-22.081819206003033,Ex-post DWA
2021-07-18,MERCER01,2.3292623713813327,Ex-post DWA
2021-07-25,MERCER01,-5.808654943584401,Ex-post DWA
2021-08-01,MERCER01,-4.991034010045752,Ex-post DWA
2021-08-08,MERCER01,-1.2090785654681895,Ex-post DWA
2021-08-15,MERCER01,-4.30943552846847,Ex-post DWA
2021-08-22,MERCER01,-3.819529506983816,Ex-post DWA
2021-08-29,MERCER01,-7.003946581586682,Ex-post DWA
2021-09-05,MERCER01,-2.559482114923563,Ex-post DWA
2021-09-12,MERCER01,-6.079705158551366,Ex-post DWA
2021-09-19,MERCER01,-9.654770571491442,Ex-post DWA
2021-09-26,MERCER01,-8.777111610559327,Ex-post DWA
2021-10-03,MERCER01,-7.491058552422032,Ex-post DWA
2021-10-10,MERCER01,-8.002437964308461,Ex-post DWA
2021-10-17,MERCER01,-2.1008861165835677,Ex-post DWA
2021-10-24,MERCER01,-5.647150496365169,Ex-post DWA
2021-10-31,MERCER01,-8.115369936107143,Ex-post DWA
2021-11-07,MERCER01,-5.211176142885755,Ex-post DWA
2021-11-14,MERCER01,-11.921828369228411,Ex-post DWA
2021-11-21,MERCER01,-14.006122403419097,Ex-post DWA
2021-11-28,MERCER01,-7.917580594198583,Ex-post DWA
2021-12-05,MERCER01,5.071514112275025,Ex-post DWA
2021-12-12,MERCER01,-8.876600584856138,Ex-post DWA
2021-12-19,MERCER01,-14.523097520925614,Ex-post DWA
2021-12-26,MERCER01,-11.093136634742425,Ex-post DWA
2022-01-02,MERCER01,-9.591706869741026,Ex-post DWA
2022-01-09,MERCER01,-3.1014484951343384,Ex-post DWA
2022-01-16,MERCER01,3.9308338986169673,Ex-post DWA
2022-01-23,MERCER01,-10.548740383261972,Ex-post DWA
2022-01-30,MERCER01,-0.5195238597198113,Ex-post DWA
2022-02-06,MERCER01,-19.17015452784682,Ex-post DWA
2022-02-13,MERCER01,-3.058360995483632,Ex-post DWA
2022-02-20,MERCER01,-4.149978730727298,Ex-post DWA
2022-02-27,MERCER01,-7.206849384754143,Ex-post DWA
2022-03-06,MERCER01,7.865481139991658,Ex-post DWA
2022-03-13,MERCER01,0.5389372828840848,Ex-post DWA
2022-03-20,MERCER01,-3.757970419009247,Ex-post DWA
2022-03-27,MERCER01,-3.4411553643611796,Ex-post DWA
2022-04-03,MERCER01,-7.277993978363952,Ex-post DWA
2022-04-10,MERCER01,-30.000962319468613,Ex-post DWA
2022-04-17,MERCER01,-5.143717011016719,Ex-post DWA
2022-04-24,MERCER01,-11.513982657352187,Ex-post DWA
2022-05-01,MERCER01,-4.1198892908517735,Ex-post DWA
2022-05-08,MERCER01,5.699667296102518,Ex-post DWA
2022-05-15,MERCER01,-1.9570342970796446,Ex-post DWA
2022-05-22,MERCER01,-16.147571842125615,Ex-post DWA
2022-05-29,MERCER01,4.276818339425688,Ex-post DWA
2022-06-05,MERCER01,-2.0103187340677664,Ex-post DWA
2022-06-12,MERCER01,-10.449826254677845,Ex-post DWA
2022-06-19,MERCER01,-2.104272390854277,Ex-post DWA
2022-06-26,MERCER01,-6.918658766851195,Ex-post DWA
2022-07-03,MERCER01,6.181505000597042,Ex-post DWA
2022-07-10,MERCER01,3.337593309896306,Ex-post DWA
2022-07-17,MERCER01,-33.47348988979263,Ex-post DWA
2022-07-24,MERCER01,-28.197688207960653,Ex-post DWA
2022-07-31,MERCER01,6.619960849330965,Ex-post DWA
2022-08-07,MERCER01,4.3736803494397165,Ex-post DWA
2022-08-14,MERCER01,-4.482404778653276,Ex-post DWA
2022-08-21,MERCER01,-2.1194075986929874,Ex-post DWA
2022-08-28,MERCER01,-0.7747996518211835,Ex-post DWA
2022-09-04,MERCER01,-11.41750904254873,Ex-post DWA
2022-09-11,MERCER01,-0.3006006891956048,Ex-post DWA
2022-09-18,MERCER01,-3.0650056943820445,Ex-post DWA
2022-09-25,MERCER01,-8.886487700018414,Ex-post DWA
2022-10-02,MERCER01,3.1436344674589094,Ex-post DWA
2022-10-09,MERCER01,-8.461107844222752,Ex-post DWA
2022-10-16,MERCER01,1.1889183264859469,Ex-post DWA
2022-10-23,MERCER01,-7.78603514526408,Ex-post DWA
2022-10-30,MERCER01,-6.768633318679996,Ex-post DWA
2022-11-06,MERCER01,0.983576011939693,Ex-post DWA
2022-11-13,MERCER01,-1.0112575101562271,Ex-post DWA
2022-11-20,MERCER01,11.354440461572338,Ex-post DWA
2022-11-27,MERCER01,-2.8502581007592553,Ex-post DWA
2022-12-04,MERCER01,-11.956266609328182,Ex-post DWA
2022-12-11,MERCER01,-17.675271639628214,Ex-post DWA
2022-12-18,MERCER01,-10.360106391043335,Ex-post DWA
2022-12-25,MERCER01,-1.7486802722053483,Ex-post DWA
2023-01-01,MERCER01,-14.452779773076646,Ex-post DWA
2023-01-08,MERCER01,-0.3450562643731301,Ex-post DWA
2023-01-15,MERCER01,-6.567937864428046,Ex-post DWA
2023-01-22,MERCER01,-2.8254908283129936,Ex-post DWA
2023-01-29,MERCER01,-22.447222819521684,Ex-post DWA
2023-02-05,MERCER01,-15.816941070275558,Ex-post DWA
2023-02-12,MERCER01,-5.19136016960563,Ex-post DWA
2023-02-19,MERCER01,1.7286965518788406,Ex-post DWA
2023-02-26,MERCER01,-8.592232550028378,Ex-post DWA
2023-03-05,MERCER01,-7.714287103369884,Ex-post DWA
2023-03-12,MERCER01,1.8227332883678624,Ex-post DWA
2023-03-19,MERCER01,-6.535998140665157,Ex-post DWA
2023-03-26,MERCER01,6.958980471176197,Ex-post DWA
2023-04-02,MERCER01,-7.259035890445915,Ex-post DWA
2023-04-09,MERCER01,0.8527707022907975,Ex-post DWA
2023-04-16,MERCER01,-7.966284753380432,Ex-post DWA
2023-04-23,MERCER01,-1.6953844734742916,Ex-post DWA
2023-04-30,MERCER01,-3.3650783157575646,Ex-post DWA
2023-05-07,MERCER01,-13.051693674568071,Ex-post DWA
2023-05-14,MERCER01,-0.8767769760841304,Ex-post DWA
2023-05-21,MERCER01,-9.33729098699915,Ex-post DWA
2023-05-28,MERCER01,-0.020194384571368573,Ex-post DWA
2023-06-04,MERCER01,-1.4439581193576316,Ex-post DWA
2023-06-11,MERCER01,-4.66392208199726,Ex-post DWA
2023-06-18,MERCER01,-4.288227099279926,Ex-post DWA
2023-06-25,MERCER01,-7.292323988335188,Ex-post DWA
2023-07-02,MERCER01,-4.14502973853223,Ex-post DWA
2023-07-09,MERCER01,-9.667025047076141,Ex-post DWA
2023-07-16,MERCER01,-6.261168944625227,Ex-post DWA
2023-07-23,MERCER01,-2.6637306033495562,Ex-post DWA
2023-07-30,MERCER01,0.5429836640078385,Ex-post DWA
2023-08-06,MERCER01,-1.493031370082484,Ex-post DWA
2023-08-13,MERCER01,-5.131439036870013,Ex-post DWA
2023-08-20,MERCER01,-4.148134358141505,Ex-post DWA
2023-08-27,MERCER01,-6.911629289576538,Ex-post DWA
2023-09-03,MERCER01,-1.2640631595331442,Ex-post DWA
2023-09-10,MERCER01,1.8434483242893016,Ex-post DWA
2023-09-17,MERCER01,-0.8389670913564622,Ex-post DWA
2023-09-24,MERCER01,-0.7933330174553799,Ex-post DWA
2023-10-01,MERCER01,-6.212274883981266,Ex-post DWA
2023-10-08,MERCER01,-3.105957851009972,Ex-post DWA
2023-10-15,MERCER01,-3.1361314399308586,Ex-post DWA
2023-10-22,MERCER01,0.058844372984427906,Ex-post DWA
2023-10-29,MERCER01,4.851774032059341,Ex-post DWA
2023-11-05,MERCER01,4.4106480787423425,Ex-post DWA
2023-11-12,MERCER01,-1.2631253851871413,Ex-post DWA
2023-11-19,MERCER01,-3.1927841443953042,Ex-post DWA
2023-11-26,MERCER01,-0.900729718786117,Ex-post DWA
2023-12-03,MERCER01,1.3533658433616758,Ex-post DWA
2023-12-10,MERCER01,5.7069394178558355,Ex-post DWA
2023-12-17,MERCER01,10.310969653975306,Ex-post DWA
2023-12-24,MERCER01,6.697435736836159,Ex-post DWA
2023-12-31,MERCER01,3.7418618217295636,Ex-post DWA
2024-01-07,MERCER01,-2.917971757816794,Ex-post DWA
2024-01-14,MERCER01,10.09508878301451,Ex-post DWA
2024-01-21,MERCER01,13.217575021172152,Ex-post DWA
2024-01-28,MERCER01,9.985611452885347,Ex-post DWA
2024-02-04,MERCER01,14.881520065436678,Ex-post DWA
2024-02-11,MERCER01,11.469481164550132,Ex-post DWA
2024-02-18,MERCER01,-90.12196328835068,Ex-post DWA
2024-02-25,MERCER01,13.417573016978317,Ex-post DWA
2024-03-03,MERCER01,6.466860317470179,Ex-post DWA
2024-03-10,MERCER01,9.171472902344505,Ex-post DWA
2024-03-17,MERCER01,7.930657653362502,Ex-post DWA
2024-03-24,MERCER01,9.251284668662983,Ex-post DWA
2024-03-31,MERCER01,8.602841493711736,Ex-post DWA
2024-04-07,MERCER01,-2.1329229551484588,Ex-post DWA
2024-04-14,MERCER01,-6.945762287678143,Ex-post DWA
2024-04-21,MERCER01,-6.295137806192983,Ex-post DWA
2024-04-28,MERCER01,13.075929097026624,Ex-post DWA
2024-05-05,MERCER01,-6.898521624369849,Ex-post DWA
2024-05-12,MERCER01,5.689956952220427,Ex-post DWA
2024-05-19,MERCER01,-4.518421630582878,Ex-post DWA
2024-05-26,MERCER01,9.260035266814725,Ex-post DWA
2024-06-02,MERCER01,30.936963077515664,Ex-post DWA
2024-06-09,MERCER01,3.465145891998219,Ex-post DWA
2024-06-16,MERCER01,8.81453477038825,Ex-post DWA
2024-06-23,MERCER01,-13.228621693355365,Ex-post DWA
2024-06-30,MERCER01,9.948736871068846,Ex-post DWA
2024-07-07,MERCER01,6.150400580780001,Ex-post DWA
2024-07-14,MERCER01,-0.26155303402029517,Ex-post DWA
2024-07-21,MERCER01,-0.6703574229368456,Ex-post DWA
2024-07-28,MERCER01,4.939518927629621,Ex-post DWA
2024-08-04,MERCER01,-8.83977053934126,Ex-post DWA
2024-08-11,MERCER01,52.46221757961834,Ex-post DWA
2024-08-18,MERCER01,8.615297102149356,Ex-post DWA
2024-08-25,MERCER01,9.94520439409412,Ex-post DWA
2024-09-01,MERCER01,25.02121562980214,Ex-post DWA
2024-09-08,MERCER01,19.787122622902977,Ex-post DWA
2024-09-15,MERCER01,18.44379514070759,Ex-post DWA
2024-09-22,MERCER01,12.724103885937135,Ex-post DWA
2024-09-29,MERCER01,9.502336389777051,Ex-post DWA
2024-10-06,MERCER01,22.523221585433127,Ex-post DWA
2024-10-13,MERCER01,14.348449914817898,Ex-post DWA
2024-10-20,MERCER01,9.921419796160283,Ex-post DWA
2024-10-27,MERCER01,15.899193362946669,Ex-post DWA
2024-11-03,MERCER01,13.778629888222,Ex-post DWA
2024-11-10,MERCER01,17.322918635391353,Ex-post DWA
2024-11-17,MERCER01,18.526516976070035,Ex-post DWA
2024-11-24,MERCER01,1.5627789055272032,Ex-post DWA
2024-12-01,MERCER01,2.435864548672029,Ex-post DWA
2024-12-08,MERCER01,4.223228370463076,Ex-post DWA
2024-12-15,MERCER01,7.670890493480073,Ex-post DWA
2024-12-22,MERCER01,9.754148958542594,Ex-post DWA
2024-12-29,MERCER01,10.430438113052663,Ex-post DWA
2025-01-05,MERCER01,-7.055946124815009,Ex-post DWA
2020-01-05,MTGELWF1,3.0431589928953855,Ex-post DWA
2020-01-12,MTGELWF1,5.82675439736385,Ex-post DWA
2020-01-19,MTGELWF1,2.704345887917462,Ex-post DWA
2020-01-26,MTGELWF1,4.389813334423145,Ex-post DWA
2020-02-02,MTGELWF1,46.37491772035776,Ex-post DWA
2020-02-09,MTGELWF1,-0.30986196828352774,Ex-post DWA
2020-02-16,MTGELWF1,2.5148003383180466,Ex-post DWA
2020-02-23,MTGELWF1,0.09730823482805562,Ex-post DWA
2020-03-01,MTGELWF1,2.283358211478898,Ex-post DWA
2020-03-08,MTGELWF1,-0.07536406044754074,Ex-post DWA
2020-03-15,MTGELWF1,1.660563824193872,Ex-post DWA
2020-03-22,MTGELWF1,1.3897488056275265,Ex-post DWA
2020-03-29,MTGELWF1,1.7312112128031316,Ex-post DWA
2020-04-05,MTGELWF1,5.663861780060664,Ex-post DWA
2020-04-12,MTGELWF1,1.8712642277479645,Ex-post DWA
2020-04-19,MTGELWF1,1.5193741151114146,Ex-post DWA
2020-04-26,MTGELWF1,1.567364376985335,Ex-post DWA
2020-05-03,MTGELWF1,0.7072883584490981,Ex-post DWA
2020-05-10,MTGELWF1,2.2130407244281223,Ex-post DWA
2020-05-17,MTGELWF1,0.3892632353318852,Ex-post DWA
2020-05-24,MTGELWF1,1.114465831406271,Ex-post DWA
2020-05-31,MTGELWF1,2.3886105352776497,Ex-post DWA
2020-06-07,MTGELWF1,-0.6816521806508078,Ex-post DWA
2020-06-14,MTGELWF1,-7.277548959797375,Ex-post DWA
2020-06-21,MTGELWF1,1.6088438892188108,Ex-post DWA
2020-06-28,MTGELWF1,2.28673213443097,Ex-post DWA
2020-07-05,MTGELWF1,2.13053348759221,Ex-post DWA
2020-07-12,MTGELWF1,5.685501285211757,Ex-post DWA
2020-07-19,MTGELWF1,9.834887585733775,Ex-post DWA
2020-07-26,MTGELWF1,16.687113332186797,Ex-post DWA
2020-08-02,MTGELWF1,-1.9017327596100202,Ex-post DWA
2020-08-09,MTGELWF1,0.5060991799143864,Ex-post DWA
2020-08-16,MTGELWF1,1.0690430774190816,Ex-post DWA
2020-08-23,MTGELWF1,0.05076578966085066,Ex-post DWA
2020-08-30,MTGELWF1,0.8311387234573786,Ex-post DWA
2020-09-06,MTGELWF1,-0.22614690686003414,Ex-post DWA
2020-09-13,MTGELWF1,1.843717795173621,Ex-post DWA
2020-09-20,MTGELWF1,1.8731414022094945,Ex-post DWA
2020-09-27,MTGELWF1,0.6971413307914105,Ex-post DWA
2020-10-04,MTGELWF1,10.604505125363687,Ex-post DWA
2020-10-11,MTGELWF1,4.253998878196114,Ex-post DWA
2020-10-18,MTGELWF1,2.539539330673499,Ex-post DWA
2020-10-25,MTGELWF1,2.454003410353806,Ex-post DWA
2020-11-01,MTGELWF1,2.0221066191414323,Ex-post DWA
2020-11-08,MTGELWF1,1.0190234527348565,Ex-post DWA
2020-11-15,MTGELWF1,1.8046242617770218,Ex-post DWA
2020-11-22,MTGELWF1,2.56622741708194,Ex-post DWA
2020-11-29,MTGELWF1,3.4175656804082024,Ex-post DWA
2020-12-06,MTGELWF1,3.075566552577021,Ex-post DWA
2020-12-13,MTGELWF1,3.540606711332863,Ex-post DWA
2020-12-20,MTGELWF1,-1.151577280864263,Ex-post DWA
2020-12-27,MTGELWF1,0.5493922646676488,Ex-post DWA
2021-01-03,MTGELWF1,0.3943851792032973,Ex-post DWA
2021-01-10,MTGELWF1,2.2150128220885588,Ex-post DWA
2021-01-17,MTGELWF1,-2.4325186768525278,Ex-post DWA
2021-01-24,MTGELWF1,0.6817116487910369,Ex-post DWA
2021-01-31,MTGELWF1,-2.0842538999406948,Ex-post DWA
2021-02-07,MTGELWF1,0.5984973808450906,Ex-post DWA
2021-02-14,MTGELWF1,3.674898020997343,Ex-post DWA
2021-02-21,MTGELWF1,4.956696199624975,Ex-post DWA
2021-02-28,MTGELWF1,-5.2793684471806,Ex-post DWA
2021-03-07,MTGELWF1,-0.8928714081928284,Ex-post DWA
2021-03-14,MTGELWF1,-0.7287112278142871,Ex-post DWA
2021-03-21,MTGELWF1,-0.5094125014024691,Ex-post DWA
2021-03-28,MTGELWF1,1.0677925464464977,Ex-post DWA
2021-04-04,MTGELWF1,-2.8454609235834667,Ex-post DWA
2021-04-11,MTGELWF1,1.5298901603359507,Ex-post DWA
2021-04-18,MTGELWF1,5.10880231232343,Ex-post DWA
2021-04-25,MTGELWF1,3.4723443956905555,Ex-post DWA
2021-05-02,MTGELWF1,-3.411779070317049,Ex-post DWA
2021-05-09,MTGELWF1,-3.1146605438639554,Ex-post DWA
2021-05-16,MTGELWF1,2.731821963273468,Ex-post DWA
2021-05-23,MTGELWF1,21.47714285348195,Ex-post DWA
2021-05-30,MTGELWF1,0.05893099049551154,Ex-post DWA
2021-06-06,MTGELWF1,2.1883376519522884,Ex-post DWA
2021-06-13,MTGELWF1,10.10000254885012,Ex-post DWA
2021-06-20,MTGELWF1,-3.2199833304382395,Ex-post DWA
2021-06-27,MTGELWF1,-1.383501865217184,Ex-post DWA
2021-07-04,MTGELWF1,2.9766855423321843,Ex-post DWA
2021-07-11,MTGELWF1,40.83769012213952,Ex-post DWA
2021-07-18,MTGELWF1,3.8104923824023373,Ex-post DWA
2021-07-25,MTGELWF1,9.94609831132486,Ex-post DWA
2021-08-01,MTGELWF1,4.588493097176549,Ex-post DWA
2021-08-08,MTGELWF1,1.6321679131627391,Ex-post DWA
2021-08-15,MTGELWF1,7.002487681324382,Ex-post DWA
2021-08-22,MTGELWF1,8.342329549684234,Ex-post DWA
2021-08-29,MTGELWF1,4.096475165322012,Ex-post DWA
2021-09-05,MTGELWF1,2.0895869151971525,Ex-post DWA
2021-09-12,MTGELWF1,9.785416566947285,Ex-post DWA
2021-09-19,MTGELWF1,3.7436963205194367,Ex-post DWA
2021-09-26,MTGELWF1,9.823605258487657,Ex-post DWA
2021-10-03,MTGELWF1,12.433811762131807,Ex-post DWA
2021-10-10,MTGELWF1,7.5173760789714805,Ex-post DWA
2021-10-17,MTGELWF1,3.0632730152033325,Ex-post DWA
2021-10-24,MTGELWF1,1.378454035052843,Ex-post DWA
2021-10-31,MTGELWF1,7.147459696214495,Ex-post DWA
2021-11-07,MTGELWF1,7.621702977799561,Ex-post DWA
2021-11-14,MTGELWF1,0.9781235858106161,Ex-post DWA
2021-11-21,MTGELWF1,7.377098121297749,Ex-post DWA
2021-11-28,MTGELWF1,3.3592846010903195,Ex-post DWA
2021-12-05,MTGELWF1,11.113342952872728,Ex-post DWA
2021-12-12,MTGELWF1,-3.9328327754826873,Ex-post DWA
2021-12-19,MTGELWF1,6.958205264513563,Ex-post DWA
2021-12-26,MTGELWF1,3.392139475401329,Ex-post DWA
2022-01-02,MTGELWF1,2.773060119423725,Ex-post DWA
2022-01-09,MTGELWF1,1.6612927500339367,Ex-post DWA
2022-01-16,MTGELWF1,0.6728828462423451,Ex-post DWA
2022-01-23,MTGELWF1,6.86370821737756,Ex-post DWA
2022-01-30,MTGELWF1,6.011942389859996,Ex-post DWA
2022-02-06,MTGELWF1,31.82205192919205,Ex-post DWA
2022-02-13,MTGELWF1,3.4511222634875836,Ex-post DWA
2022-02-20,MTGELWF1,-12.49467405538121,Ex-post DWA
2022-02-27,MTGELWF1,-9.13318302229061,Ex-post DWA
2022-03-06,MTGELWF1,17.22596511885628,Ex-post DWA
2022-03-13,MTGELWF1,1.6069891319556007,Ex-post DWA
2022-03-20,MTGELWF1,2.1653224237026905,Ex-post DWA
2022-03-27,MTGELWF1,4.442520491605158,Ex-post DWA
2022-04-03,MTGELWF1,-10.379201950724273,Ex-post DWA
2022-04-10,MTGELWF1,14.907509563628182,Ex-post DWA
2022-04-17,MTGELWF1,-2.3575085906304167,Ex-post DWA
2022-04-24,MTGELWF1,0.05489158976092767,Ex-post DWA
2022-05-01,MTGELWF1,1.4249451707824505,Ex-post DWA
2022-05-08,MTGELWF1,8.581551483129545,Ex-post DWA
2022-05-15,MTGELWF1,8.0895611111589,Ex-post DWA
2022-05-22,MTGELWF1,-2.5007164180117343,Ex-post DWA
2022-05-29,MTGELWF1,6.472916116601539,Ex-post DWA
2022-06-05,MTGELWF1,22.411693041651006,Ex-post DWA
2022-06-12,MTGELWF1,7.644662131739892,Ex-post DWA
2022-06-19,MTGELWF1,11.489004830868424,Ex-post DWA
2022-06-26,MTGELWF1,3.5638550511682183,Ex-post DWA
2022-07-03,MTGELWF1,30.283169669463575,Ex-post DWA
2022-07-10,MTGELWF1,23.48846878172941,Ex-post DWA
2022-07-17,MTGELWF1,-2.6264553928922965,Ex-post DWA
2022-07-24,MTGELWF1,28.76131490075869,Ex-post DWA
2022-07-31,MTGELWF1,18.868686292049034,Ex-post DWA
2022-08-07,MTGELWF1,-3.765186672321704,Ex-post DWA
2022-08-14,MTGELWF1,4.453098960129637,Ex-post DWA
2022-08-21,MTGELWF1,0.18294038466626716,Ex-post DWA
2022-08-28,MTGELWF1,15.733282070881742,Ex-post DWA
2022-09-04,MTGELWF1,-2.2997896307404346,Ex-post DWA
2022-09-11,MTGELWF1,16.79348959030453,Ex-post DWA
2022-09-18,MTGELWF1,6.970836021156508,Ex-post DWA
2022-09-25,MTGELWF1,3.3534217948027134,Ex-post DWA
2022-10-02,MTGELWF1,-12.810152895935133,Ex-post DWA
2022-10-09,MTGELWF1,-4.900412376940423,Ex-post DWA
2022-10-16,MTGELWF1,0.050041815166579795,Ex-post DWA
2022-10-23,MTGELWF1,5.6781080824170544,Ex-post DWA
2022-10-30,MTGELWF1,3.7794581005388252,Ex-post DWA
2022-11-06,MTGELWF1,-5.4644406887951025,Ex-post DWA
2022-11-13,MTGELWF1,6.036633912139479,Ex-post DWA
2022-11-20,MTGELWF1,-11.396628671293989,Ex-post DWA
2022-11-27,MTGELWF1,8.020156633180523,Ex-post DWA
2022-12-04,MTGELWF1,-6.6777713894145165,Ex-post DWA
2022-12-11,MTGELWF1,-1.3538099757424362,Ex-post DWA
2022-12-18,MTGELWF1,-1.8726461302440276,Ex-post DWA
2022-12-25,MTGELWF1,2.711716518333354,Ex-post DWA
2023-01-01,MTGELWF1,3.4193384957227337,Ex-post DWA
2023-01-08,MTGELWF1,4.031823287794795,Ex-post DWA
2023-01-15,MTGELWF1,-1.6498128736946356,Ex-post DWA
2023-01-22,MTGELWF1,3.55928652656295,Ex-post DWA
2023-01-29,MTGELWF1,16.526087690719883,Ex-post DWA
2023-02-05,MTGELWF1,-19.57677377361322,Ex-post DWA
2023-02-12,MTGELWF1,-6.303337149174794,Ex-post DWA
2023-02-19,MTGELWF1,4.665456231661409,Ex-post DWA
2023-02-26,MTGELWF1,-2.181700198068903,Ex-post DWA
2023-03-05,MTGELWF1,-12.379112236075727,Ex-post DWA
2023-03-12,MTGELWF1,2.5518980959893565,Ex-post DWA
2023-03-19,MTGELWF1,0.4288528884992715,Ex-post DWA
2023-03-26,MTGELWF1,11.371393336025811,Ex-post DWA
2023-04-02,MTGELWF1,-6.7782297728625736,Ex-post DWA
2023-04-09,MTGELWF1,-9.61822509228815,Ex-post DWA
2023-04-16,MTGELWF1,11.45201625325116,Ex-post DWA
2023-04-23,MTGELWF1,-2.479625671925632,Ex-post DWA
2023-04-30,MTGELWF1,2.3756182643144896,Ex-post DWA
2023-05-07,MTGELWF1,-8.401896631979199,Ex-post DWA
2023-05-14,MTGELWF1,-8.068442301705602,Ex-post DWA
2023-05-21,MTGELWF1,-12.654219963182527,Ex-post DWA
2023-05-28,MTGELWF1,17.254766588731286,Ex-post DWA
2023-06-04,MTGELWF1,-3.05919806904285,Ex-post DWA
2023-06-11,MTGELWF1,3.4594212814568053,Ex-post DWA
2023-06-18,MTGELWF1,0.6764596509318324,Ex-post DWA
2023-06-25,MTGELWF1,-6.255501839435713,Ex-post DWA
2023-07-02,MTGELWF1,0.3961948250523335,Ex-post DWA
2023-07-09,MTGELWF1,-6.895895582409414,Ex-post DWA
2023-07-16,MTGELWF1,4.837774411817215,Ex-post DWA
2023-07-23,MTGELWF1,7.346690895966141,Ex-post DWA
2023-07-30,MTGELWF1,-2.2987202163404135,Ex-post DWA
2023-08-06,MTGELWF1,3.317978662977273,Ex-post DWA
2023-08-13,MTGELWF1,4.011823761004393,Ex-post DWA
2023-08-20,MTGELWF1,-10.439323598633912,Ex-post DWA
2023-08-27,MTGELWF1,-5.838095961882665,Ex-post DWA
2023-09-03,MTGELWF1,3.244243835469547,Ex-post DWA
2023-09-10,MTGELWF1,1.498482738984512,Ex-post DWA
2023-09-17,MTGELWF1,-10.781711400761237,Ex-post DWA
2023-09-24,MTGELWF1,-3.038122494441673,Ex-post DWA
2023-10-01,MTGELWF1,-11.997627900445924,Ex-post DWA
2023-10-08,MTGELWF1,-2.437929224918207,Ex-post DWA
2023-10-15,MTGELWF1,-1.3640547347035294,Ex-post DWA
2023-10-22,MTGELWF1,-3.7836223109210962,Ex-post DWA
2023-10-29,MTGELWF1,-0.052774852167068786,Ex-post DWA
2023-11-05,MTGELWF1,-5.492132127649294,Ex-post DWA
2023-11-12,MTGELWF1,7.468110806187674,Ex-post DWA
2023-11-19,MTGELWF1,15.726802760340561,Ex-post DWA
2023-11-26,MTGELWF1,0.29344702778394804,Ex-post DWA
2023-12-03,MTGELWF1,-0.9210009951520348,Ex-post DWA
2023-12-10,MTGELWF1,8.868294054933756,Ex-post DWA
2023-12-17,MTGELWF1,-10.531130151418978,Ex-post DWA
2023-12-24,MTGELWF1,-9.692023200870576,Ex-post DWA
2023-12-31,MTGELWF1,-15.455463303960324,Ex-post DWA
2024-01-07,MTGELWF1,-4.8836868220054654,Ex-post DWA
2024-01-14,MTGELWF1,7.732657939810672,Ex-post DWA
2024-01-21,MTGELWF1,2.249255164906284,Ex-post DWA
2024-01-28,MTGELWF1,11.95323280092645,Ex-post DWA
2024-02-04,MTGELWF1,-18.987710915605344,Ex-post DWA
2024-02-11,MTGELWF1,-5.644987640341672,Ex-post DWA
2024-02-18,MTGELWF1,550.426078817941,Ex-post DWA
2024-02-25,MTGELWF1,15.779385178836442,Ex-post DWA
2024-03-03,MTGELWF1,14.398500785302943,Ex-post DWA
2024-03-10,MTGELWF1,-1.5407053708961627,Ex-post DWA
2024-03-17,MTGELWF1,3.847077702292353,Ex-post DWA
2024-03-24,MTGELWF1,-2.05504348548768,Ex-post DWA
2024-03-31,MTGELWF1,-7.487124134858277,Ex-post DWA
2024-04-07,MTGELWF1,3.444827988480661,Ex-post DWA
2024-04-14,MTGELWF1,-9.948320447651582,Ex-post DWA
2024-04-21,MTGELWF1,-6.012694090971621,Ex-post DWA
2024-04-28,MTGELWF1,-7.895992987039769,Ex-post DWA
2024-05-05,MTGELWF1,-5.4963743281026325,Ex-post DWA
2024-05-12,MTGELWF1,0.5047116559817368,Ex-post DWA
2024-05-19,MTGELWF1,-3.383959028635161,Ex-post DWA
2024-05-26,MTGELWF1,7.6694627420168615,Ex-post DWA
2024-06-02,MTGELWF1,-3.078119652319799,Ex-post DWA
2024-06-09,MTGELWF1,10.90140982310703,Ex-post DWA
2024-06-16,MTGELWF1,3.795383818802037,Ex-post DWA
2024-06-23,MTGELWF1,-11.875406644173808,Ex-post DWA
2024-06-30,MTGELWF1,4.595167203876258,Ex-post DWA
2024-07-07,MTGELWF1,1.1901217637648074,Ex-post DWA
2024-07-14,MTGELWF1,13.405035730417296,Ex-post DWA
2024-07-21,MTGELWF1,-1.536005473314745,Ex-post DWA
2024-07-28,MTGELWF1,-1.740044039194082,Ex-post DWA
2024-08-04,MTGELWF1,103.45483112153698,Ex-post DWA
2024-08-11,MTGELWF1,24.556158780915865,Ex-post DWA
2024-08-18,MTGELWF1,1.5060185270683348,Ex-post DWA
2024-08-25,MTGELWF1,5.081940494331484,Ex-post DWA
2024-09-01,MTGELWF1,-0.005366425428775301,Ex-post DWA
2024-09-08,MTGELWF1,0.019806400753074715,Ex-post DWA
2024-09-15,MTGELWF1,0.16605403362443383,Ex-post DWA
2024-09-22,MTGELWF1,-1.181645817867973,Ex-post DWA
2024-09-29,MTGELWF1,-3.0801173204076377,Ex-post DWA
2024-10-06,MTGELWF1,-3.7427598931169355,Ex-post DWA
2024-10-13,MTGELWF1,-7.4868641872632065,Ex-post DWA
2024-10-20,MTGELWF1,-4.442104818353023,Ex-post DWA
2024-10-27,MTGELWF1,-7.82055445093215,Ex-post DWA
2024-11-03,MTGELWF1,-3.3055682253582397,Ex-post DWA
2024-11-10,MTGELWF1,1.8557372280376185,Ex-post DWA
2024-11-17,MTGELWF1,3.0633340445778643,Ex-post DWA
2024-11-24,MTGELWF1,-3.4171377387998803,Ex-post DWA
2024-12-01,MTGELWF1,14.991656508092504,Ex-post DWA
2024-12-08,MTGELWF1,-2.3143601568606442,Ex-post DWA
2024-12-15,MTGELWF1,-14.85994078844098,Ex-post DWA
2024-12-22,MTGELWF1,14.133664072376611,Ex-post DWA
2024-12-29,MTGELWF1,1.4575795246045153,Ex-post DWA
2025-01-05,MTGELWF1,-29.4353296412583,Ex-post DWA
2020-01-05,MUWAWF1,11.849023021446662,Ex-post DWA
2020-01-12,MUWAWF1,-0.7859587205972005,Ex-post DWA
2020-01-19,MUWAWF1,3.552992372871863,Ex-post DWA
2020-01-26,MUWAWF1,13.564816236639423,Ex-post DWA
2020-02-02,MUWAWF1,-240.40412834897757,Ex-post DWA
2020-02-09,MUWAWF1,1.4927899212452864,Ex-post DWA
2020-02-16,MUWAWF1,-3.955727450927938,Ex-post DWA
2020-02-23,MUWAWF1,-0.054950137869759885,Ex-post DWA
2020-03-01,MUWAWF1,1.0389914002018585,Ex-post DWA
2020-03-08,MUWAWF1,0.5240445056901208,Ex-post DWA
2020-03-15,MUWAWF1,-0.07029806782949066,Ex-post DWA
2020-03-22,MUWAWF1,-0.026595871647842273,Ex-post DWA
2020-03-29,MUWAWF1,0.19857499095425624,Ex-post DWA
2020-04-05,MUWAWF1,5.586623976279462,Ex-post DWA
2020-04-12,MUWAWF1,5.366108784052287,Ex-post DWA
2020-04-19,MUWAWF1,0.5019682824419469,Ex-post DWA
2020-04-26,MUWAWF1,5.58242859633042,Ex-post DWA
2020-05-03,MUWAWF1,3.0317371455612445,Ex-post DWA
2020-05-10,MUWAWF1,5.119515153352815,Ex-post DWA
2020-05-17,MUWAWF1,0.278940552103915,Ex-post DWA
2020-05-24,MUWAWF1,-0.8298973180101612,Ex-post DWA
2020-05-31,MUWAWF1,-2.9300866020757113,Ex-post DWA
2020-06-07,MUWAWF1,-1.3849624899325903,Ex-post DWA
2020-06-14,MUWAWF1,0.020443845382743575,Ex-post DWA
2020-06-21,MUWAWF1,0.4441377337445829,Ex-post DWA
2020-06-28,MUWAWF1,0.6890394257701047,Ex-post DWA
2020-07-05,MUWAWF1,1.2555173610565546,Ex-post DWA
2020-07-12,MUWAWF1,0.5842007062674668,Ex-post DWA
2020-07-19,MUWAWF1,1.7428998794287338,Ex-post DWA
2020-07-26,MUWAWF1,0.19771445049082814,Ex-post DWA
2020-08-02,MUWAWF1,-0.3315618533773943,Ex-post DWA
2020-08-09,MUWAWF1,-0.9625572353050558,Ex-post DWA
2020-08-16,MUWAWF1,-2.8719654937038257,Ex-post DWA
2020-08-23,MUWAWF1,-0.43877186185572725,Ex-post DWA
2020-08-30,MUWAWF1,7.314998280433144,Ex-post DWA
2020-09-06,MUWAWF1,3.0269106299484108,Ex-post DWA
2020-09-13,MUWAWF1,0.8444009693684222,Ex-post DWA
2020-09-20,MUWAWF1,2.333299308016173,Ex-post DWA
2020-09-27,MUWAWF1,1.1750831576253091,Ex-post DWA
2020-10-04,MUWAWF1,16.499417841456275,Ex-post DWA
2020-10-11,MUWAWF1,2.5595095159574583,Ex-post DWA
2020-10-18,MUWAWF1,3.1605625465783262,Ex-post DWA
2020-10-25,MUWAWF1,5.429029494725498,Ex-post DWA
2020-11-01,MUWAWF1,1.2179480322326413,Ex-post DWA
2020-11-08,MUWAWF1,2.9037703918169697,Ex-post DWA
2020-11-15,MUWAWF1,1.604115687250804,Ex-post DWA
2020-11-22,MUWAWF1,0.7480307151524954,Ex-post DWA
2020-11-29,MUWAWF1,9.328477952243652,Ex-post DWA
2020-12-06,MUWAWF1,14.817127665836123,Ex-post DWA
2020-12-13,MUWAWF1,7.339124008987486,Ex-post DWA
2020-12-20,MUWAWF1,2.453568993125945,Ex-post DWA
2020-12-27,MUWAWF1,7.9035280884389145,Ex-post DWA
2021-01-03,MUWAWF1,5.1231988876717125,Ex-post DWA
2021-01-10,MUWAWF1,7.516837052531988,Ex-post DWA
2021-01-17,MUWAWF1,14.319628951266875,Ex-post DWA
2021-01-24,MUWAWF1,1.4627235876309683,Ex-post DWA
2021-01-31,MUWAWF1,7.918504914676397,Ex-post DWA
2021-02-07,MUWAWF1,4.955211706247363,Ex-post DWA
2021-02-14,MUWAWF1,2.817305287279801,Ex-post DWA
2021-02-21,MUWAWF1,-1.2684294420917652,Ex-post DWA
2021-02-28,MUWAWF1,5.431539069542428,Ex-post DWA
2021-03-07,MUWAWF1,1.4953578814935966,Ex-post DWA
2021-03-14,MUWAWF1,1.667641453177211,Ex-post DWA
2021-03-21,MUWAWF1,0.706542081697652,Ex-post DWA
2021-03-28,MUWAWF1,-2.054224205077084,Ex-post DWA
2021-04-04,MUWAWF1,6.087737053528532,Ex-post DWA
2021-04-11,MUWAWF1,12.209191427644935,Ex-post DWA
2021-04-18,MUWAWF1,9.103119964566744,Ex-post DWA
2021-04-25,MUWAWF1,-0.469347554564834,Ex-post DWA
2021-05-02,MUWAWF1,9.822158695341997,Ex-post DWA
2021-05-09,MUWAWF1,2.8989737587892392,Ex-post DWA
2021-05-16,MUWAWF1,3.498827161344501,Ex-post DWA
2021-05-23,MUWAWF1,-24.85963997742114,Ex-post DWA
2021-05-30,MUWAWF1,6.594711603781377,Ex-post DWA
2021-06-06,MUWAWF1,4.1009416628286175,Ex-post DWA
2021-06-13,MUWAWF1,8.855536564035582,Ex-post DWA
2021-06-20,MUWAWF1,1.4136721347175722,Ex-post DWA
2021-06-27,MUWAWF1,2.3736077608726305,Ex-post DWA
2021-07-04,MUWAWF1,0.5531627063054074,Ex-post DWA
2021-07-11,MUWAWF1,10.744824198475243,Ex-post DWA
2021-07-18,MUWAWF1,3.2632360999925396,Ex-post DWA
2021-07-25,MUWAWF1,4.913174434374326,Ex-post DWA
2021-08-01,MUWAWF1,14.733092613697057,Ex-post DWA
2021-08-08,MUWAWF1,5.331763558032286,Ex-post DWA
2021-08-15,MUWAWF1,3.9766277902205474,Ex-post DWA
2021-08-22,MUWAWF1,11.79039952888289,Ex-post DWA
2021-08-29,MUWAWF1,13.03148643503171,Ex-post DWA
2021-09-05,MUWAWF1,24.89482959291529,Ex-post DWA
2021-09-12,MUWAWF1,29.830481370080477,Ex-post DWA
2021-09-19,MUWAWF1,29.9780977859956,Ex-post DWA
2021-09-26,MUWAWF1,33.883148266516415,Ex-post DWA
2021-10-03,MUWAWF1,5.624034252969221,Ex-post DWA
2021-10-10,MUWAWF1,24.59158846867226,Ex-post DWA
2021-10-17,MUWAWF1,14.211551913906296,Ex-post DWA
2021-10-24,MUWAWF1,13.186059752599256,Ex-post DWA
2021-10-31,MUWAWF1,23.89534199126024,Ex-post DWA
2021-11-07,MUWAWF1,7.879774349567736,Ex-post DWA
2021-11-14,MUWAWF1,14.147052833449083,Ex-post DWA
2021-11-21,MUWAWF1,21.00750458760621,Ex-post DWA
2021-11-28,MUWAWF1,15.224369096031374,Ex-post DWA
2021-12-05,MUWAWF1,5.420316656354046,Ex-post DWA
2021-12-12,MUWAWF1,12.952128003568596,Ex-post DWA
2021-12-19,MUWAWF1,19.612450986002703,Ex-post DWA
2021-12-26,MUWAWF1,30.123596229260208,Ex-post DWA
2022-01-02,MUWAWF1,17.060192072480117,Ex-post DWA
2022-01-09,MUWAWF1,10.095864785182226,Ex-post DWA
2022-01-16,MUWAWF1,6.3864595056240745,Ex-post DWA
2022-01-23,MUWAWF1,13.244196348585927,Ex-post DWA
2022-01-30,MUWAWF1,-1.0153235664135138,Ex-post DWA
2022-02-06,MUWAWF1,23.52342728007853,Ex-post DWA
2022-02-13,MUWAWF1,15.021816656596897,Ex-post DWA
2022-02-20,MUWAWF1,9.72949225424901,Ex-post DWA
2022-02-27,MUWAWF1,13.339327196856985,Ex-post DWA
2022-03-06,MUWAWF1,17.389655314764056,Ex-post DWA
2022-03-13,MUWAWF1,22.27739363408581,Ex-post DWA
2022-03-20,MUWAWF1,5.535418853426847,Ex-post DWA
2022-03-27,MUWAWF1,14.131410398204729,Ex-post DWA
2022-04-03,MUWAWF1,27.376995014387894,Ex-post DWA
2022-04-10,MUWAWF1,18.281158793798042,Ex-post DWA
2022-04-17,MUWAWF1,29.204326669174876,Ex-post DWA
2022-04-24,MUWAWF1,-5.113299045517238,Ex-post DWA
2022-05-01,MUWAWF1,9.757871553328016,Ex-post DWA
2022-05-08,MUWAWF1,10.94881677836159,Ex-post DWA
2022-05-15,MUWAWF1,44.3574538785856,Ex-post DWA
2022-05-22,MUWAWF1,16.801695429904953,Ex-post DWA
2022-05-29,MUWAWF1,5.789668484016374,Ex-post DWA
2022-06-05,MUWAWF1,4.157661796247112,Ex-post DWA
2022-06-12,MUWAWF1,5.6370816346743595,Ex-post DWA
2022-06-19,MUWAWF1,18.0754390909417,Ex-post DWA
2022-06-26,MUWAWF1,21.929430718733045,Ex-post DWA
2022-07-03,MUWAWF1,0.2834212738295605,Ex-post DWA
2022-07-10,MUWAWF1,19.3730377313766,Ex-post DWA
2022-07-17,MUWAWF1,107.30469121863962,Ex-post DWA
2022-07-24,MUWAWF1,28.347617321406858,Ex-post DWA
2022-07-31,MUWAWF1,17.78190728525277,Ex-post DWA
2022-08-07,MUWAWF1,34.16920461267872,Ex-post DWA
2022-08-14,MUWAWF1,14.278360187283013,Ex-post DWA
2022-08-21,MUWAWF1,13.8637874913574,Ex-post DWA
2022-08-28,MUWAWF1,14.081015541255312,Ex-post DWA
2022-09-04,MUWAWF1,15.607177242341393,Ex-post DWA
2022-09-11,MUWAWF1,15.66962891164205,Ex-post DWA
2022-09-18,MUWAWF1,31.416479278583942,Ex-post DWA
2022-09-25,MUWAWF1,21.675302350373485,Ex-post DWA
2022-10-02,MUWAWF1,5.76995288462625,Ex-post DWA
2022-10-09,MUWAWF1,16.40849915263766,Ex-post DWA
2022-10-16,MUWAWF1,32.90982365565635,Ex-post DWA
2022-10-23,MUWAWF1,8.066643285559579,Ex-post DWA
2022-10-30,MUWAWF1,9.615243319372304,Ex-post DWA
2022-11-06,MUWAWF1,6.015892314520265,Ex-post DWA
2022-11-13,MUWAWF1,8.27926298605383,Ex-post DWA
2022-11-20,MUWAWF1,28.988918036900706,Ex-post DWA
2022-11-27,MUWAWF1,17.274462304480426,Ex-post DWA
2022-12-04,MUWAWF1,15.695763590899546,Ex-post DWA
2022-12-11,MUWAWF1,24.665479164564815,Ex-post DWA
2022-12-18,MUWAWF1,17.840269167422843,Ex-post DWA
2022-12-25,MUWAWF1,9.344876494180511,Ex-post DWA
2023-01-01,MUWAWF1,16.97460431849752,Ex-post DWA
2023-01-08,MUWAWF1,6.731789957346873,Ex-post DWA
2023-01-15,MUWAWF1,18.757108720510672,Ex-post DWA
2023-01-22,MUWAWF1,23.779728177252537,Ex-post DWA
2023-01-29,MUWAWF1,31.864507896857297,Ex-post DWA
2023-02-05,MUWAWF1,53.361150477609854,Ex-post DWA
2023-02-12,MUWAWF1,23.697569771661563,Ex-post DWA
2023-02-19,MUWAWF1,8.365096132006556,Ex-post DWA
2023-02-26,MUWAWF1,22.78650970110852,Ex-post DWA
2023-03-05,MUWAWF1,27.964884553559052,Ex-post DWA
2023-03-12,MUWAWF1,48.50286872472844,Ex-post DWA
2023-03-19,MUWAWF1,28.18668202356909,Ex-post DWA
2023-03-26,MUWAWF1,14.482915704900314,Ex-post DWA
2023-04-02,MUWAWF1,16.34571478528865,Ex-post DWA
2023-04-09,MUWAWF1,18.02287671867589,Ex-post DWA
2023-04-16,MUWAWF1,27.650771980124894,Ex-post DWA
2023-04-23,MUWAWF1,15.819784659446128,Ex-post DWA
2023-04-30,MUWAWF1,18.321713776571208,Ex-post DWA
2023-05-07,MUWAWF1,47.41293693096901,Ex-post DWA
2023-05-14,MUWAWF1,-0.17532797639506725,Ex-post DWA
2023-05-21,MUWAWF1,35.99511529558765,Ex-post DWA
2023-05-28,MUWAWF1,8.41492863963046,Ex-post DWA
2023-06-04,MUWAWF1,20.691002924935987,Ex-post DWA
2023-06-11,MUWAWF1,2.8571513225524754,Ex-post DWA
2023-06-18,MUWAWF1,14.500386157702353,Ex-post DWA
2023-06-25,MUWAWF1,24.783703834894638,Ex-post DWA
2023-07-02,MUWAWF1,5.606894128610648,Ex-post DWA
2023-07-09,MUWAWF1,11.550197339256764,Ex-post DWA
2023-07-16,MUWAWF1,5.651398061595504,Ex-post DWA
2023-07-23,MUWAWF1,9.117119971995848,Ex-post DWA
2023-07-30,MUWAWF1,10.532218188690944,Ex-post DWA
2023-08-06,MUWAWF1,11.209855664393494,Ex-post DWA
2023-08-13,MUWAWF1,14.983709540805954,Ex-post DWA
2023-08-20,MUWAWF1,6.0462782094359575,Ex-post DWA
2023-08-27,MUWAWF1,10.882494795796227,Ex-post DWA
2023-09-03,MUWAWF1,8.712876058724937,Ex-post DWA
2023-09-10,MUWAWF1,21.528631650460223,Ex-post DWA
2023-09-17,MUWAWF1,18.950933449646882,Ex-post DWA
2023-09-24,MUWAWF1,31.29236585437372,Ex-post DWA
2023-10-01,MUWAWF1,34.727288944750654,Ex-post DWA
2023-10-08,MUWAWF1,8.964495123014423,Ex-post DWA
2023-10-15,MUWAWF1,16.734631702018305,Ex-post DWA
2023-10-22,MUWAWF1,19.681349262474995,Ex-post DWA
2023-10-29,MUWAWF1,21.297500576693096,Ex-post DWA
2023-11-05,MUWAWF1,24.67281048116142,Ex-post DWA
2023-11-12,MUWAWF1,29.15195211195785,Ex-post DWA
2023-11-19,MUWAWF1,32.15547747929054,Ex-post DWA
2023-11-26,MUWAWF1,16.217033897287756,Ex-post DWA
2023-12-03,MUWAWF1,13.757070957432255,Ex-post DWA
2023-12-10,MUWAWF1,14.143544678745812,Ex-post DWA
2023-12-17,MUWAWF1,13.958892912622773,Ex-post DWA
2023-12-24,MUWAWF1,20.200531216108033,Ex-post DWA
2023-12-31,MUWAWF1,34.31036590524881,Ex-post DWA
2024-01-07,MUWAWF1,5.3005286632707325,Ex-post DWA
2024-01-14,MUWAWF1,15.437944699277175,Ex-post DWA
2024-01-21,MUWAWF1,12.773237852516488,Ex-post DWA
2024-01-28,MUWAWF1,17.43889717288465,Ex-post DWA
2024-02-04,MUWAWF1,31.49253048261546,Ex-post DWA
2024-02-11,MUWAWF1,16.936371331647827,Ex-post DWA
2024-02-18,MUWAWF1,-134.15949014000296,Ex-post DWA
2024-02-25,MUWAWF1,16.13742423679134,Ex-post DWA
2024-03-03,MUWAWF1,14.717239376647498,Ex-post DWA
2024-03-10,MUWAWF1,19.676498865632105,Ex-post DWA
2024-03-17,MUWAWF1,12.03150532346983,Ex-post DWA
2024-03-24,MUWAWF1,13.635764901589553,Ex-post DWA
2024-03-31,MUWAWF1,12.602172019963248,Ex-post DWA
2024-04-07,MUWAWF1,15.83409836814144,Ex-post DWA
2024-04-14,MUWAWF1,14.850494609269944,Ex-post DWA
2024-04-21,MUWAWF1,11.661291490410932,Ex-post DWA
2024-04-28,MUWAWF1,29.87216433096338,Ex-post DWA
2024-05-05,MUWAWF1,13.453793962836002,Ex-post DWA
2024-05-12,MUWAWF1,9.760798722697928,Ex-post DWA
2024-05-19,MUWAWF1,7.388975423692827,Ex-post DWA
2024-05-26,MUWAWF1,9.200981523341255,Ex-post DWA
2024-06-02,MUWAWF1,25.879264543571388,Ex-post DWA
2024-06-09,MUWAWF1,-0.9054067213712926,Ex-post DWA
2024-06-16,MUWAWF1,25.65804552688533,Ex-post DWA
2024-06-23,MUWAWF1,18.51597558256225,Ex-post DWA
2024-06-30,MUWAWF1,1.322862991488492,Ex-post DWA
2024-07-07,MUWAWF1,-2.792246638301492,Ex-post DWA
2024-07-14,MUWAWF1,-2.623228557928144,Ex-post DWA
2024-07-21,MUWAWF1,9.497982991841923,Ex-post DWA
2024-07-28,MUWAWF1,7.999213036075119,Ex-post DWA
2024-08-04,MUWAWF1,-12.592361713395263,Ex-post DWA
2024-08-11,MUWAWF1,-19.088815661101393,Ex-post DWA
2024-08-18,MUWAWF1,21.015191428635575,Ex-post DWA
2024-08-25,MUWAWF1,20.385172674568985,Ex-post DWA
2024-09-01,MUWAWF1,25.013427058743048,Ex-post DWA
2024-09-08,MUWAWF1,19.313127363547352,Ex-post DWA
2024-09-15,MUWAWF1,16.370063136756155,Ex-post DWA
2024-09-22,MUWAWF1,17.887112984003494,Ex-post DWA
2024-09-29,MUWAWF1,21.098048695726845,Ex-post DWA
2024-10-06,MUWAWF1,26.455402443328772,Ex-post DWA
2024-10-13,MUWAWF1,21.579589507689008,Ex-post DWA
2024-10-20,MUWAWF1,19.719959866113566,Ex-post DWA
2024-10-27,MUWAWF1,35.90125047333973,Ex-post DWA
2024-11-03,MUWAWF1,32.4791945216887,Ex-post DWA
2024-11-10,MUWAWF1,48.84579115287959,Ex-post DWA
2024-11-17,MUWAWF1,50.87612641376277,Ex-post DWA
2024-11-24,MUWAWF1,31.165109170725977,Ex-post DWA
2024-12-01,MUWAWF1,32.47350211650925,Ex-post DWA
2024-12-08,MUWAWF1,28.535468447245094,Ex-post DWA
2024-12-15,MUWAWF1,41.513399567222564,Ex-post DWA
2024-12-22,MUWAWF1,19.58877575925181,Ex-post DWA
2024-12-29,MUWAWF1,39.76639018372238,Ex-post DWA
2025-01-05,MUWAWF1,26.42475352901637,Ex-post DWA
2020-01-05,OAKLAND1,-2.9938762756408934,Ex-post DWA
2020-01-12,OAKLAND1,-1.9815323344634024,Ex-post DWA
2020-01-19,OAKLAND1,-1.0676226370699524,Ex-post DWA
2020-01-26,OAKLAND1,-5.663930972165726,Ex-post DWA
2020-02-02,OAKLAND1,125.09136523244774,Ex-post DWA
2020-02-09,OAKLAND1,0.08640066421617831,Ex-post DWA
2020-02-16,OAKLAND1,0.4768768152611855,Ex-post DWA
2020-02-23,OAKLAND1,0.7176930591610571,Ex-post DWA
2020-03-01,OAKLAND1,-1.4769735562115471,Ex-post DWA
2020-03-08,OAKLAND1,-3.133466814717629,Ex-post DWA
2020-03-15,OAKLAND1,-0.42066632617073196,Ex-post DWA
2020-03-22,OAKLAND1,-2.73387132087948,Ex-post DWA
2020-03-29,OAKLAND1,-0.1418631768010954,Ex-post DWA
2020-04-05,OAKLAND1,-2.481901534694906,Ex-post DWA
2020-04-12,OAKLAND1,-5.28237701052678,Ex-post DWA
2020-04-19,OAKLAND1,-1.8805536935975766,Ex-post DWA
2020-04-26,OAKLAND1,-0.7485523813132744,Ex-post DWA
2020-05-03,OAKLAND1,-0.7905167117942824,Ex-post DWA
2020-05-10,OAKLAND1,-0.5932283117548671,Ex-post DWA
2020-05-17,OAKLAND1,-3.8501827393844934,Ex-post DWA
2020-05-24,OAKLAND1,0.05261737835388658,Ex-post DWA
2020-05-31,OAKLAND1,0.5905643980052631,Ex-post DWA
2020-06-07,OAKLAND1,0.014621626752614247,Ex-post DWA
2020-06-14,OAKLAND1,-3.810512617309584,Ex-post DWA
2020-06-21,OAKLAND1,0.28446435245000146,Ex-post DWA
2020-06-28,OAKLAND1,-1.9230284178249377,Ex-post DWA
2020-07-05,OAKLAND1,-0.6088457221642116,Ex-post DWA
2020-07-12,OAKLAND1,-3.97940673676284,Ex-post DWA
2020-07-19,OAKLAND1,-2.297303444107065,Ex-post DWA
2020-07-26,OAKLAND1,-9.934069236664214,Ex-post DWA
2020-08-02,OAKLAND1,2.7067088502900063,Ex-post DWA
2020-08-09,OAKLAND1,0.7870602744596127,Ex-post DWA
2020-08-16,OAKLAND1,-1.8304888788505025,Ex-post DWA
2020-08-23,OAKLAND1,2.6658428552655096,Ex-post DWA
2020-08-30,OAKLAND1,-8.355442761083467,Ex-post DWA
2020-09-06,OAKLAND1,-0.6040858550484351,Ex-post DWA
2020-09-13,OAKLAND1,-1.9246862863340368,Ex-post DWA
2020-09-20,OAKLAND1,-1.6510334357094223,Ex-post DWA
2020-09-27,OAKLAND1,-1.7561527283696776,Ex-post DWA
2020-10-04,OAKLAND1,-2.5666606709109097,Ex-post DWA
2020-10-11,OAKLAND1,-7.300272413049768,Ex-post DWA
2020-10-18,OAKLAND1,-1.1100297761124125,Ex-post DWA
2020-10-25,OAKLAND1,-3.392152721516819,Ex-post DWA
2020-11-01,OAKLAND1,-2.232875010593389,Ex-post DWA
2020-11-08,OAKLAND1,-1.396288422622625,Ex-post DWA
2020-11-15,OAKLAND1,-5.363411055920526,Ex-post DWA
2020-11-22,OAKLAND1,-4.581947237901851,Ex-post DWA
2020-11-29,OAKLAND1,-6.902911524324491,Ex-post DWA
2020-12-06,OAKLAND1,-8.454296072622274,Ex-post DWA
2020-12-13,OAKLAND1,-4.826272399195048,Ex-post DWA
2020-12-20,OAKLAND1,-7.18830144273009,Ex-post DWA
2020-12-27,OAKLAND1,-5.36315260445553,Ex-post DWA
2021-01-03,OAKLAND1,0.6869354210747005,Ex-post DWA
2021-01-10,OAKLAND1,-2.1105760688742627,Ex-post DWA
2021-01-17,OAKLAND1,-2.9287962734470803,Ex-post DWA
2021-01-24,OAKLAND1,-0.8538152894797015,Ex-post DWA
2021-01-31,OAKLAND1,-2.5688876378935994,Ex-post DWA
2021-02-07,OAKLAND1,-1.0787247644213203,Ex-post DWA
2021-02-14,OAKLAND1,-2.7494679459173597,Ex-post DWA
2021-02-21,OAKLAND1,-2.224711292738551,Ex-post DWA
2021-02-28,OAKLAND1,-2.4577577820812095,Ex-post DWA
2021-03-07,OAKLAND1,-3.9870503377274353,Ex-post DWA
2021-03-14,OAKLAND1,1.8640157359362526,Ex-post DWA
2021-03-21,OAKLAND1,0.5472831023232985,Ex-post DWA
2021-03-28,OAKLAND1,-3.292738291169357,Ex-post DWA
2021-04-04,OAKLAND1,-1.4076661000999415,Ex-post DWA
2021-04-11,OAKLAND1,-8.12077445142362,Ex-post DWA
2021-04-18,OAKLAND1,-6.390761619996937,Ex-post DWA
2021-04-25,OAKLAND1,-5.772166776201473,Ex-post DWA
2021-05-02,OAKLAND1,-8.273659970849923,Ex-post DWA
2021-05-09,OAKLAND1,-2.1884947724066635,Ex-post DWA
2021-05-16,OAKLAND1,1.7672070274455152,Ex-post DWA
2021-05-23,OAKLAND1,-9.310656120622838,Ex-post DWA
2021-05-30,OAKLAND1,-9.12792423190308,Ex-post DWA
2021-06-06,OAKLAND1,-2.7226907486190584,Ex-post DWA
2021-06-13,OAKLAND1,-1.9343602591781561,Ex-post DWA
2021-06-20,OAKLAND1,3.76838938759731,Ex-post DWA
2021-06-27,OAKLAND1,0.3808334691816242,Ex-post DWA
2021-07-04,OAKLAND1,-0.9777485050497177,Ex-post DWA
2021-07-11,OAKLAND1,-31.195066051747943,Ex-post DWA
2021-07-18,OAKLAND1,-6.005092203441933,Ex-post DWA
2021-07-25,OAKLAND1,-4.1020404002911235,Ex-post DWA
2021-08-01,OAKLAND1,-1.8769515447192617,Ex-post DWA
2021-08-08,OAKLAND1,-2.0618128554272985,Ex-post DWA
2021-08-15,OAKLAND1,0.22816341240564952,Ex-post DWA
2021-08-22,OAKLAND1,-3.305521765873298,Ex-post DWA
2021-08-29,OAKLAND1,-6.246065113346596,Ex-post DWA
2021-09-05,OAKLAND1,-6.215189308685247,Ex-post DWA
2021-09-12,OAKLAND1,-0.7895497722262936,Ex-post DWA
2021-09-19,OAKLAND1,-8.241395911719382,Ex-post DWA
2021-09-26,OAKLAND1,-1.7276327360229473,Ex-post DWA
2021-10-03,OAKLAND1,-2.599846543220604,Ex-post DWA
2021-10-10,OAKLAND1,-2.934827798331564,Ex-post DWA
2021-10-17,OAKLAND1,-6.500059881541029,Ex-post DWA
2021-10-24,OAKLAND1,-5.567387686218296,Ex-post DWA
2021-10-31,OAKLAND1,1.4816393806323749,Ex-post DWA
2021-11-07,OAKLAND1,-4.103161733593819,Ex-post DWA
2021-11-14,OAKLAND1,-0.156357336830947,Ex-post DWA
2021-11-21,OAKLAND1,-8.710119109892096,Ex-post DWA
2021-11-28,OAKLAND1,-7.3425619432123845,Ex-post DWA
2021-12-05,OAKLAND1,-2.0953891987287605,Ex-post DWA
2021-12-12,OAKLAND1,-2.9472798594154526,Ex-post DWA
2021-12-19,OAKLAND1,-6.852560195573744,Ex-post DWA
2021-12-26,OAKLAND1,-9.384378489635854,Ex-post DWA
2022-01-02,OAKLAND1,-4.952634131845475,Ex-post DWA
2022-01-09,OAKLAND1,-3.541564687281735,Ex-post DWA
2022-01-16,OAKLAND1,1.5901594751484325,Ex-post DWA
2022-01-23,OAKLAND1,-8.157504581687842,Ex-post DWA
2022-01-30,OAKLAND1,7.112144576268889,Ex-post DWA
2022-02-06,OAKLAND1,-6.568037312729388,Ex-post DWA
2022-02-13,OAKLAND1,-6.7965041158191255,Ex-post DWA
2022-02-20,OAKLAND1,-1.3587241920277648,Ex-post DWA
2022-02-27,OAKLAND1,3.6509258509531364,Ex-post DWA
2022-03-06,OAKLAND1,-20.41730764764594,Ex-post DWA
2022-03-13,OAKLAND1,-3.2825043794015407,Ex-post DWA
2022-03-20,OAKLAND1,-0.9724595061111927,Ex-post DWA
2022-03-27,OAKLAND1,-4.7760571381078165,Ex-post DWA
2022-04-03,OAKLAND1,-13.013781635115592,Ex-post DWA
2022-04-10,OAKLAND1,-15.954829221934531,Ex-post DWA
2022-04-17,OAKLAND1,-13.559923572685307,Ex-post DWA
2022-04-24,OAKLAND1,-2.364889829562429,Ex-post DWA
2022-05-01,OAKLAND1,-21.63744322186153,Ex-post DWA
2022-05-08,OAKLAND1,-11.066672470836679,Ex-post DWA
2022-05-15,OAKLAND1,-26.225575426846575,Ex-post DWA
2022-05-22,OAKLAND1,0.6792939894839094,Ex-post DWA
2022-05-29,OAKLAND1,-11.039755200531886,Ex-post DWA
2022-06-05,OAKLAND1,-12.50796066713761,Ex-post DWA
2022-06-12,OAKLAND1,-10.98969291524483,Ex-post DWA
2022-06-19,OAKLAND1,-6.848151536441861,Ex-post DWA
2022-06-26,OAKLAND1,-13.327775977093268,Ex-post DWA
2022-07-03,OAKLAND1,-25.37671924722048,Ex-post DWA
2022-07-10,OAKLAND1,2.9144301561695443,Ex-post DWA
2022-07-17,OAKLAND1,-38.58320875764207,Ex-post DWA
2022-07-24,OAKLAND1,-18.829947056651292,Ex-post DWA
2022-07-31,OAKLAND1,-4.424536648099632,Ex-post DWA
2022-08-07,OAKLAND1,-9.546193835494684,Ex-post DWA
2022-08-14,OAKLAND1,-10.047219025921848,Ex-post DWA
2022-08-21,OAKLAND1,-5.9327385531190515,Ex-post DWA
2022-08-28,OAKLAND1,-13.673512277921844,Ex-post DWA
2022-09-04,OAKLAND1,-11.065719183760706,Ex-post DWA
2022-09-11,OAKLAND1,-4.757590435573604,Ex-post DWA
2022-09-18,OAKLAND1,-14.664527424237015,Ex-post DWA
2022-09-25,OAKLAND1,-6.266735273187287,Ex-post DWA
2022-10-02,OAKLAND1,-0.7780138683486229,Ex-post DWA
2022-10-09,OAKLAND1,-15.708407012043693,Ex-post DWA
2022-10-16,OAKLAND1,-9.183103054936993,Ex-post DWA
2022-10-23,OAKLAND1,-6.587199455101469,Ex-post DWA
2022-10-30,OAKLAND1,-6.873092597105941,Ex-post DWA
2022-11-06,OAKLAND1,-11.20406812306432,Ex-post DWA
2022-11-13,OAKLAND1,-9.657984081077927,Ex-post DWA
2022-11-20,OAKLAND1,-28.066362069266212,Ex-post DWA
2022-11-27,OAKLAND1,-22.596343704530987,Ex-post DWA
2022-12-04,OAKLAND1,3.167791731686876,Ex-post DWA
2022-12-11,OAKLAND1,-10.641194019181512,Ex-post DWA
2022-12-18,OAKLAND1,-12.225081118857215,Ex-post DWA
2022-12-25,OAKLAND1,8.123788727641845,Ex-post DWA
2023-01-01,OAKLAND1,-4.436621087397597,Ex-post DWA
2023-01-08,OAKLAND1,-15.558966424664705,Ex-post DWA
2023-01-15,OAKLAND1,-22.95034481888026,Ex-post DWA
2023-01-22,OAKLAND1,-9.237192087889525,Ex-post DWA
2023-01-29,OAKLAND1,-8.880889734973529,Ex-post DWA
2023-02-05,OAKLAND1,-11.251488622386027,Ex-post DWA
2023-02-12,OAKLAND1,-26.1398731437017,Ex-post DWA
2023-02-19,OAKLAND1,5.33093497033191,Ex-post DWA
2023-02-26,OAKLAND1,-13.273036670392031,Ex-post DWA
2023-03-05,OAKLAND1,-12.76916625822556,Ex-post DWA
2023-03-12,OAKLAND1,-11.557322325806368,Ex-post DWA
2023-03-19,OAKLAND1,-5.960173164054307,Ex-post DWA
2023-03-26,OAKLAND1,-7.028922691954946,Ex-post DWA
2023-04-02,OAKLAND1,-14.06503838284479,Ex-post DWA
2023-04-09,OAKLAND1,12.615844444945196,Ex-post DWA
2023-04-16,OAKLAND1,-4.61191380243811,Ex-post DWA
2023-04-23,OAKLAND1,6.920901152077477,Ex-post DWA
2023-04-30,OAKLAND1,-6.214812515131825,Ex-post DWA
2023-05-07,OAKLAND1,-14.688585544035604,Ex-post DWA
2023-05-14,OAKLAND1,-1.0063372963887218,Ex-post DWA
2023-05-21,OAKLAND1,-13.897842541552038,Ex-post DWA
2023-05-28,OAKLAND1,24.26078971356783,Ex-post DWA
2023-06-04,OAKLAND1,-2.973499961751056,Ex-post DWA
2023-06-11,OAKLAND1,-2.970926288624856,Ex-post DWA
2023-06-18,OAKLAND1,-3.8577047360467853,Ex-post DWA
2023-06-25,OAKLAND1,4.431609740902104,Ex-post DWA
2023-07-02,OAKLAND1,-8.25433811053847,Ex-post DWA
2023-07-09,OAKLAND1,-6.785792719244441,Ex-post DWA
2023-07-16,OAKLAND1,-0.6490584384030988,Ex-post DWA
2023-07-23,OAKLAND1,1.3754491279644867,Ex-post DWA
2023-07-30,OAKLAND1,-11.93454627897796,Ex-post DWA
2023-08-06,OAKLAND1,-11.626149046632268,Ex-post DWA
2023-08-13,OAKLAND1,-5.934488379298315,Ex-post DWA
2023-08-20,OAKLAND1,-6.254111668250086,Ex-post DWA
2023-08-27,OAKLAND1,0.7083058337587644,Ex-post DWA
2023-09-03,OAKLAND1,-9.75574709980793,Ex-post DWA
2023-09-10,OAKLAND1,-9.533587437514516,Ex-post DWA
2023-09-17,OAKLAND1,5.849345333257364,Ex-post DWA
2023-09-24,OAKLAND1,-7.349157917322563,Ex-post DWA
2023-10-01,OAKLAND1,-6.379508235949885,Ex-post DWA
2023-10-08,OAKLAND1,-1.9646558899304054,Ex-post DWA
2023-10-15,OAKLAND1,1.2532355712673056,Ex-post DWA
2023-10-22,OAKLAND1,-6.2667988662669325,Ex-post DWA
2023-10-29,OAKLAND1,-2.791772064004112,Ex-post DWA
2023-11-05,OAKLAND1,-7.712462458439207,Ex-post DWA
2023-11-12,OAKLAND1,-27.837426603802196,Ex-post DWA
2023-11-19,OAKLAND1,-24.167481887554636,Ex-post DWA
2023-11-26,OAKLAND1,-7.849627755634636,Ex-post DWA
2023-12-03,OAKLAND1,-4.613935714900471,Ex-post DWA
2023-12-10,OAKLAND1,-9.640152373028371,Ex-post DWA
2023-12-17,OAKLAND1,-9.732128901711015,Ex-post DWA
2023-12-24,OAKLAND1,-9.032894791264239,Ex-post DWA
2023-12-31,OAKLAND1,-18.75275309125975,Ex-post DWA
2024-01-07,OAKLAND1,3.2675166577942534,Ex-post DWA
2024-01-14,OAKLAND1,-10.095878362174668,Ex-post DWA
2024-01-21,OAKLAND1,-9.038073632972903,Ex-post DWA
2024-01-28,OAKLAND1,2.453358184105859,Ex-post DWA
2024-02-04,OAKLAND1,-18.63451170704518,Ex-post DWA
2024-02-11,OAKLAND1,-1.6309670600934538,Ex-post DWA
2024-02-18,OAKLAND1,494.6466777383879,Ex-post DWA
2024-02-25,OAKLAND1,-1.12931034693748,Ex-post DWA
2024-03-03,OAKLAND1,1.8453213517576827,Ex-post DWA
2024-03-10,OAKLAND1,-8.585634101597826,Ex-post DWA
2024-03-17,OAKLAND1,-10.074814957561024,Ex-post DWA
2024-03-24,OAKLAND1,0.5154495706800546,Ex-post DWA
2024-03-31,OAKLAND1,3.5543777560061542,Ex-post DWA
2024-04-07,OAKLAND1,-9.207498816484097,Ex-post DWA
2024-04-14,OAKLAND1,-7.608778229888024,Ex-post DWA
2024-04-21,OAKLAND1,-3.5422109189265285,Ex-post DWA
2024-04-28,OAKLAND1,-8.77288710580001,Ex-post DWA
2024-05-05,OAKLAND1,3.0263161642678256,Ex-post DWA
2024-05-12,OAKLAND1,-8.736957090082967,Ex-post DWA
2024-05-19,OAKLAND1,-6.151625120991639,Ex-post DWA
2024-05-26,OAKLAND1,-9.770678874722137,Ex-post DWA
2024-06-02,OAKLAND1,-14.526314084581898,Ex-post DWA
2024-06-09,OAKLAND1,-7.270755358509007,Ex-post DWA
2024-06-16,OAKLAND1,-13.89083059090818,Ex-post DWA
2024-06-23,OAKLAND1,3.6655801308505715,Ex-post DWA
2024-06-30,OAKLAND1,1.1912211075948846,Ex-post DWA
2024-07-07,OAKLAND1,-20.63905471146893,Ex-post DWA
2024-07-14,OAKLAND1,-7.647210300426082,Ex-post DWA
2024-07-21,OAKLAND1,-3.1453067894745033,Ex-post DWA
2024-07-28,OAKLAND1,0.5858771054988807,Ex-post DWA
2024-08-04,OAKLAND1,-21.495503920472885,Ex-post DWA
2024-08-11,OAKLAND1,-25.894558912960832,Ex-post DWA
2024-08-18,OAKLAND1,-2.305954923543794,Ex-post DWA
2024-08-25,OAKLAND1,-6.335842263314422,Ex-post DWA
2024-09-01,OAKLAND1,0.49867777527015633,Ex-post DWA
2024-09-08,OAKLAND1,0.7485402809144488,Ex-post DWA
2024-09-15,OAKLAND1,-9.44537742307257,Ex-post DWA
2024-09-22,OAKLAND1,4.623526149606494,Ex-post DWA
2024-09-29,OAKLAND1,-4.554564864722829,Ex-post DWA
2024-10-06,OAKLAND1,-1.1472416799473826,Ex-post DWA
2024-10-13,OAKLAND1,0.2479188381570303,Ex-post DWA
2024-10-20,OAKLAND1,-8.992604875041291,Ex-post DWA
2024-10-27,OAKLAND1,-19.562242266130987,Ex-post DWA
2024-11-03,OAKLAND1,-4.852841986179378,Ex-post DWA
2024-11-10,OAKLAND1,-16.530272895882987,Ex-post DWA
2024-11-17,OAKLAND1,-28.818896800288726,Ex-post DWA
2024-11-24,OAKLAND1,-12.287358089453363,Ex-post DWA
2024-12-01,OAKLAND1,-26.23760562233705,Ex-post DWA
2024-12-08,OAKLAND1,-16.12223303070941,Ex-post DWA
2024-12-15,OAKLAND1,-11.597869018395855,Ex-post DWA
2024-12-22,OAKLAND1,-9.981208784047631,Ex-post DWA
2024-12-29,OAKLAND1,2.728152653368367,Ex-post DWA
2025-01-05,OAKLAND1,-18.28486233816308,Ex-post DWA
2020-01-05,SALTCRK1,1.3504020755652206,Ex-post DWA
2020-01-12,SALTCRK1,-1.1729481228167984,Ex-post DWA
2020-01-19,SALTCRK1,-0.43775671021403895,Ex-post DWA
2020-01-26,SALTCRK1,-0.9212940730271626,Ex-post DWA
2020-02-02,SALTCRK1,88.09284595171562,Ex-post DWA
2020-02-09,SALTCRK1,-1.2074402948444565,Ex-post DWA
2020-02-16,SALTCRK1,1.7281151525194431,Ex-post DWA
2020-02-23,SALTCRK1,-1.2267762269671962,Ex-post DWA
2020-03-01,SALTCRK1,-2.0635109784926726,Ex-post DWA
2020-03-08,SALTCRK1,-2.997871748486709,Ex-post DWA
2020-03-15,SALTCRK1,-0.22781950431605225,Ex-post DWA
2020-03-22,SALTCRK1,-0.9344060845597113,Ex-post DWA
2020-03-29,SALTCRK1,-0.19938150301273794,Ex-post DWA
2020-04-05,SALTCRK1,0.5382882412557706,Ex-post DWA
2020-04-12,SALTCRK1,-3.713685157885209,Ex-post DWA
2020-04-19,SALTCRK1,-0.26953567842240744,Ex-post DWA
2020-04-26,SALTCRK1,0.9718037734989586,Ex-post DWA
2020-05-03,SALTCRK1,-0.9527365025756502,Ex-post DWA
2020-05-10,SALTCRK1,0.059143387127083,Ex-post DWA
2020-05-17,SALTCRK1,-0.547132755502787,Ex-post DWA
2020-05-24,SALTCRK1,-0.30228093500092257,Ex-post DWA
2020-05-31,SALTCRK1,0.009257317364308904,Ex-post DWA
2020-06-07,SALTCRK1,0.6918699765868936,Ex-post DWA
2020-06-14,SALTCRK1,0.21281997651657747,Ex-post DWA
2020-06-21,SALTCRK1,-0.07262046608551742,Ex-post DWA
2020-06-28,SALTCRK1,-0.6661601849528296,Ex-post DWA
2020-07-05,SALTCRK1,-1.3825884818245768,Ex-post DWA
2020-07-12,SALTCRK1,-1.7160569707087134,Ex-post DWA
2020-07-19,SALTCRK1,-1.3576232773275052,Ex-post DWA
2020-07-26,SALTCRK1,-4.602711522588834,Ex-post DWA
2020-08-02,SALTCRK1,1.659851462054995,Ex-post DWA
2020-08-09,SALTCRK1,1.0563491263315967,Ex-post DWA
2020-08-16,SALTCRK1,-1.2670049495784141,Ex-post DWA
2020-08-23,SALTCRK1,0.15562351790400442,Ex-post DWA
2020-08-30,SALTCRK1,-0.4124258744179059,Ex-post DWA
2020-09-06,SALTCRK1,-0.36666500664462376,Ex-post DWA
2020-09-13,SALTCRK1,-1.1369759357266567,Ex-post DWA
2020-09-20,SALTCRK1,-0.6945631786337678,Ex-post DWA
2020-09-27,SALTCRK1,-1.6153447710674413,Ex-post DWA
2020-10-04,SALTCRK1,3.9678329999895183,Ex-post DWA
2020-10-11,SALTCRK1,-2.5322315144811895,Ex-post DWA
2020-10-18,SALTCRK1,-2.774811835965359,Ex-post DWA
2020-10-25,SALTCRK1,-1.8731501492583007,Ex-post DWA
2020-11-01,SALTCRK1,0.18990631007215342,Ex-post DWA
2020-11-08,SALTCRK1,-3.6537761415452508,Ex-post DWA
2020-11-15,SALTCRK1,-0.26801919101826144,Ex-post DWA
2020-11-22,SALTCRK1,-2.989811804309099,Ex-post DWA
2020-11-29,SALTCRK1,-1.4501810410570215,Ex-post DWA
2020-12-06,SALTCRK1,0.969006560439789,Ex-post DWA
2020-12-13,SALTCRK1,0.5678353885101899,Ex-post DWA
2020-12-20,SALTCRK1,-0.3944190033924819,Ex-post DWA
2020-12-27,SALTCRK1,-2.336810242241075,Ex-post DWA
2021-01-03,SALTCRK1,-1.0352839120655766,Ex-post DWA
2021-01-10,SALTCRK1,2.7396715500439495,Ex-post DWA
2021-01-17,SALTCRK1,6.034437209654037,Ex-post DWA
2021-01-24,SALTCRK1,0.0550686376836893,Ex-post DWA
2021-01-31,SALTCRK1,4.550658029579946,Ex-post DWA
2021-02-07,SALTCRK1,1.3518637384588637,Ex-post DWA
2021-02-14,SALTCRK1,4.006586521953643,Ex-post DWA
2021-02-21,SALTCRK1,-0.9519142959101998,Ex-post DWA
2021-02-28,SALTCRK1,-3.1457014739138867,Ex-post DWA
2021-03-07,SALTCRK1,-1.5821578701963723,Ex-post DWA
2021-03-14,SALTCRK1,1.467872243993149,Ex-post DWA
2021-03-21,SALTCRK1,-2.0926017461036857,Ex-post DWA
2021-03-28,SALTCRK1,-0.8401421954128026,Ex-post DWA
2021-04-04,SALTCRK1,-3.718118394477411,Ex-post DWA
2021-04-11,SALTCRK1,7.008686607311422,Ex-post DWA
2021-04-18,SALTCRK1,0.029502034778431607,Ex-post DWA
2021-04-25,SALTCRK1,0.25695360873265827,Ex-post DWA
2021-05-02,SALTCRK1,-4.238433426573046,Ex-post DWA
2021-05-09,SALTCRK1,-2.531464283366965,Ex-post DWA
2021-05-16,SALTCRK1,1.0741254040137065,Ex-post DWA
2021-05-23,SALTCRK1,14.276680103890229,Ex-post DWA
2021-05-30,SALTCRK1,-5.018013882771356,Ex-post DWA
2021-06-06,SALTCRK1,-3.4562891728525926,Ex-post DWA
2021-06-13,SALTCRK1,4.453399383127156,Ex-post DWA
2021-06-20,SALTCRK1,-0.5903586399811616,Ex-post DWA
2021-06-27,SALTCRK1,-0.9098258159781238,Ex-post DWA
2021-07-04,SALTCRK1,0.7592034630739448,Ex-post DWA
2021-07-11,SALTCRK1,-2.0547908331678,Ex-post DWA
2021-07-18,SALTCRK1,1.3047655469196187,Ex-post DWA
2021-07-25,SALTCRK1,-0.9231500023192893,Ex-post DWA
2021-08-01,SALTCRK1,6.85425527501787,Ex-post DWA
2021-08-08,SALTCRK1,0.27209509181911073,Ex-post DWA
2021-08-15,SALTCRK1,7.263354973740668,Ex-post DWA
2021-08-22,SALTCRK1,7.83320887031315,Ex-post DWA
2021-08-29,SALTCRK1,-0.9377304864426534,Ex-post DWA
2021-09-05,SALTCRK1,4.352838269865941,Ex-post DWA
2021-09-12,SALTCRK1,10.807211048755798,Ex-post DWA
2021-09-19,SALTCRK1,1.986337216166941,Ex-post DWA
2021-09-26,SALTCRK1,7.660123657178776,Ex-post DWA
2021-10-03,SALTCRK1,1.2606113770462706,Ex-post DWA
2021-10-10,SALTCRK1,11.94815205772665,Ex-post DWA
2021-10-17,SALTCRK1,0.9528374988315793,Ex-post DWA
2021-10-24,SALTCRK1,3.8342768757642807,Ex-post DWA
2021-10-31,SALTCRK1,5.43559833695185,Ex-post DWA
2021-11-07,SALTCRK1,-1.6707048760748933,Ex-post DWA
2021-11-14,SALTCRK1,6.514830744849723,Ex-post DWA
2021-11-21,SALTCRK1,3.00046950906696,Ex-post DWA
2021-11-28,SALTCRK1,10.46633478617067,Ex-post DWA
2021-12-05,SALTCRK1,3.492177128597156,Ex-post DWA
2021-12-12,SALTCRK1,-2.8934864275307106,Ex-post DWA
2021-12-19,SALTCRK1,0.10155460695323981,Ex-post DWA
2021-12-26,SALTCRK1,6.692253277579532,Ex-post DWA
2022-01-02,SALTCRK1,6.608228128527877,Ex-post DWA
2022-01-09,SALTCRK1,3.8298703278346444,Ex-post DWA
2022-01-16,SALTCRK1,-1.7973182231993903,Ex-post DWA
2022-01-23,SALTCRK1,5.827300039702031,Ex-post DWA
2022-01-30,SALTCRK1,-0.10749857106462457,Ex-post DWA
2022-02-06,SALTCRK1,15.01637815433056,Ex-post DWA
2022-02-13,SALTCRK1,4.0491773436150496,Ex-post DWA
2022-02-20,SALTCRK1,-0.08390544820505852,Ex-post DWA
2022-02-27,SALTCRK1,-0.34073789780235586,Ex-post DWA
2022-03-06,SALTCRK1,13.85447465563562,Ex-post DWA
2022-03-13,SALTCRK1,12.331133868223954,Ex-post DWA
2022-03-20,SALTCRK1,-0.7771207406678471,Ex-post DWA
2022-03-27,SALTCRK1,1.5346286736079335,Ex-post DWA
2022-04-03,SALTCRK1,23.11311897563038,Ex-post DWA
2022-04-10,SALTCRK1,-13.103405330126222,Ex-post DWA
2022-04-17,SALTCRK1,1.3354929575076682,Ex-post DWA
2022-04-24,SALTCRK1,-8.694526663214333,Ex-post DWA
2022-05-01,SALTCRK1,-2.1263464883030565,Ex-post DWA
2022-05-08,SALTCRK1,1.7715213408641262,Ex-post DWA
2022-05-15,SALTCRK1,-11.170247099409181,Ex-post DWA
2022-05-22,SALTCRK1,-7.323709074496293,Ex-post DWA
2022-05-29,SALTCRK1,8.11667102833843,Ex-post DWA
2022-06-05,SALTCRK1,-0.22320866559880415,Ex-post DWA
2022-06-12,SALTCRK1,-12.76117511281302,Ex-post DWA
2022-06-19,SALTCRK1,-4.9311635085065575,Ex-post DWA
2022-06-26,SALTCRK1,-9.306466888023436,Ex-post DWA
2022-07-03,SALTCRK1,1.7871995982848716,Ex-post DWA
2022-07-10,SALTCRK1,9.546776551785683,Ex-post DWA
2022-07-17,SALTCRK1,-17.67608932581473,Ex-post DWA
2022-07-24,SALTCRK1,-4.30373714282473,Ex-post DWA
2022-07-31,SALTCRK1,-3.0828157842962582,Ex-post DWA
2022-08-07,SALTCRK1,2.9651989081777224,Ex-post DWA
2022-08-14,SALTCRK1,-7.3489289097833534,Ex-post DWA
2022-08-21,SALTCRK1,-2.876008246269919,Ex-post DWA
2022-08-28,SALTCRK1,-0.3457457993742139,Ex-post DWA
2022-09-04,SALTCRK1,-11.070046663162316,Ex-post DWA
2022-09-11,SALTCRK1,1.9666015836958337,Ex-post DWA
2022-09-18,SALTCRK1,-9.651856561731066,Ex-post DWA
2022-09-25,SALTCRK1,-9.62610966184829,Ex-post DWA
2022-10-02,SALTCRK1,-2.641634615506433,Ex-post DWA
2022-10-09,SALTCRK1,-5.479163548478525,Ex-post DWA
2022-10-16,SALTCRK1,-27.159245725448237,Ex-post DWA
2022-10-23,SALTCRK1,6.189605441450837,Ex-post DWA
2022-10-30,SALTCRK1,-4.238660715849708,Ex-post DWA
2022-11-06,SALTCRK1,-6.085228555029982,Ex-post DWA
2022-11-13,SALTCRK1,-8.956032310784082,Ex-post DWA
2022-11-20,SALTCRK1,-29.135858859342047,Ex-post DWA
2022-11-27,SALTCRK1,-12.661600354547383,Ex-post DWA
2022-12-04,SALTCRK1,-11.289063413562943,Ex-post DWA
2022-12-11,SALTCRK1,-6.270992812455809,Ex-post DWA
2022-12-18,SALTCRK1,-4.0842035391853,Ex-post DWA
2022-12-25,SALTCRK1,-9.220006046898462,Ex-post DWA
2023-01-01,SALTCRK1,2.012971144166734,Ex-post DWA
2023-01-08,SALTCRK1,6.097257415522511,Ex-post DWA
2023-01-15,SALTCRK1,3.51524591367415,Ex-post DWA
2023-01-22,SALTCRK1,6.666246737646247,Ex-post DWA
2023-01-29,SALTCRK1,2.674595020883693,Ex-post DWA
2023-02-05,SALTCRK1,2.973420469942429,Ex-post DWA
2023-02-12,SALTCRK1,9.162758609765888,Ex-post DWA
2023-02-19,SALTCRK1,23.377238919215742,Ex-post DWA
2023-02-26,SALTCRK1,19.763391526177237,Ex-post DWA
2023-03-05,SALTCRK1,11.122012431998058,Ex-post DWA
2023-03-12,SALTCRK1,24.359888038646595,Ex-post DWA
2023-03-19,SALTCRK1,10.401315444521465,Ex-post DWA
2023-03-26,SALTCRK1,19.17264776827283,Ex-post DWA
2023-04-02,SALTCRK1,13.783602261446987,Ex-post DWA
2023-04-09,SALTCRK1,18.958396108037903,Ex-post DWA
2023-04-16,SALTCRK1,11.144930919025029,Ex-post DWA
2023-04-23,SALTCRK1,8.256917791016122,Ex-post DWA
2023-04-30,SALTCRK1,3.7617736220197386,Ex-post DWA
2023-05-07,SALTCRK1,4.750216011991952,Ex-post DWA
2023-05-14,SALTCRK1,3.2113218140911783,Ex-post DWA
2023-05-21,SALTCRK1,-3.5928382420680265,Ex-post DWA
2023-05-28,SALTCRK1,15.041799189291751,Ex-post DWA
2023-06-04,SALTCRK1,2.4196220856224073,Ex-post DWA
2023-06-11,SALTCRK1,2.23664814944107,Ex-post DWA
2023-06-18,SALTCRK1,10.384501496943818,Ex-post DWA
2023-06-25,SALTCRK1,16.51150384389598,Ex-post DWA
2023-07-02,SALTCRK1,-7.3274110184192125,Ex-post DWA
2023-07-09,SALTCRK1,0.19803496505105223,Ex-post DWA
2023-07-16,SALTCRK1,8.036472057474342,Ex-post DWA
2023-07-23,SALTCRK1,4.01462177745843,Ex-post DWA
2023-07-30,SALTCRK1,10.060830124532444,Ex-post DWA
2023-08-06,SALTCRK1,5.34218813830643,Ex-post DWA
2023-08-13,SALTCRK1,-3.193199238305226,Ex-post DWA
2023-08-20,SALTCRK1,8.245073585810612,Ex-post DWA
2023-08-27,SALTCRK1,2.462059616293402,Ex-post DWA
2023-09-03,SALTCRK1,-2.9352039304741666,Ex-post DWA
2023-09-10,SALTCRK1,9.630668250845165,Ex-post DWA
2023-09-17,SALTCRK1,17.88892782538575,Ex-post DWA
2023-09-24,SALTCRK1,16.630016706347114,Ex-post DWA
2023-10-01,SALTCRK1,12.403328249923693,Ex-post DWA
2023-10-08,SALTCRK1,0.6047057173907788,Ex-post DWA
2023-10-15,SALTCRK1,5.51315169997452,Ex-post DWA
2023-10-22,SALTCRK1,8.186454982312489,Ex-post DWA
2023-10-29,SALTCRK1,11.666770108911354,Ex-post DWA
2023-11-05,SALTCRK1,11.056316044762712,Ex-post DWA
2023-11-12,SALTCRK1,17.064086339540655,Ex-post DWA
2023-11-19,SALTCRK1,16.641007759710263,Ex-post DWA
2023-11-26,SALTCRK1,4.861102805204503,Ex-post DWA
2023-12-03,SALTCRK1,5.834150054992822,Ex-post DWA
2023-12-10,SALTCRK1,3.6609868732471824,Ex-post DWA
2023-12-17,SALTCRK1,12.37507309503981,Ex-post DWA
2023-12-24,SALTCRK1,14.26321966706558,Ex-post DWA
2023-12-31,SALTCRK1,8.359781556299248,Ex-post DWA
2024-01-07,SALTCRK1,1.5470691867100257,Ex-post DWA
2024-01-14,SALTCRK1,8.480841016962692,Ex-post DWA
2024-01-21,SALTCRK1,11.93936804432785,Ex-post DWA
2024-01-28,SALTCRK1,12.336907313606055,Ex-post DWA
2024-02-04,SALTCRK1,15.25343307174197,Ex-post DWA
2024-02-11,SALTCRK1,13.791001301370422,Ex-post DWA
2024-02-18,SALTCRK1,416.90689530341035,Ex-post DWA
2024-02-25,SALTCRK1,11.276484107586171,Ex-post DWA
2024-03-03,SALTCRK1,13.063870962655997,Ex-post DWA
2024-03-10,SALTCRK1,7.355940170021405,Ex-post DWA
2024-03-17,SALTCRK1,1.1928255520439919,Ex-post DWA
2024-03-24,SALTCRK1,9.920119324111887,Ex-post DWA
2024-03-31,SALTCRK1,15.123700961830991,Ex-post DWA
2024-04-07,SALTCRK1,-1.286891017622935,Ex-post DWA
2024-04-14,SALTCRK1,-3.9488706649459004,Ex-post DWA
2024-04-21,SALTCRK1,3.6191417023574957,Ex-post DWA
2024-04-28,SALTCRK1,16.22641577471382,Ex-post DWA
2024-05-05,SALTCRK1,7.2395129888328995,Ex-post DWA
2024-05-12,SALTCRK1,7.073815923221019,Ex-post DWA
2024-05-19,SALTCRK1,-4.057739190545917,Ex-post DWA
2024-05-26,SALTCRK1,6.786491200444942,Ex-post DWA
2024-06-02,SALTCRK1,18.605303485637158,Ex-post DWA
2024-06-09,SALTCRK1,0.3945188989189319,Ex-post DWA
2024-06-16,SALTCRK1,0.2843140936040953,Ex-post DWA
2024-06-23,SALTCRK1,-9.251010105211492,Ex-post DWA
2024-06-30,SALTCRK1,0.27074217761190766,Ex-post DWA
2024-07-07,SALTCRK1,6.5510155020850505,Ex-post DWA
2024-07-14,SALTCRK1,-3.475234661104139,Ex-post DWA
2024-07-21,SALTCRK1,-6.635580687991862,Ex-post DWA
2024-07-28,SALTCRK1,1.4068276341095967,Ex-post DWA
2024-08-04,SALTCRK1,-9.342362493607453,Ex-post DWA
2024-08-11,SALTCRK1,5.459809873807416,Ex-post DWA
2024-08-18,SALTCRK1,0.9527718658724638,Ex-post DWA
2024-08-25,SALTCRK1,7.731395813717384,Ex-post DWA
2024-09-01,SALTCRK1,19.091976553797917,Ex-post DWA
2024-09-08,SALTCRK1,12.283996891770624,Ex-post DWA
2024-09-15,SALTCRK1,10.853031015663955,Ex-post DWA
2024-09-22,SALTCRK1,10.384939251462926,Ex-post DWA
2024-09-29,SALTCRK1,3.2115308536238665,Ex-post DWA
2024-10-06,SALTCRK1,12.316155131034186,Ex-post DWA
2024-10-13,SALTCRK1,6.437377447269764,Ex-post DWA
2024-10-20,SALTCRK1,3.700899688989203,Ex-post DWA
2024-10-27,SALTCRK1,12.087959659979148,Ex-post DWA
2024-11-03,SALTCRK1,10.81970694099617,Ex-post DWA
2024-11-10,SALTCRK1,20.094045358980388,Ex-post DWA
2024-11-17,SALTCRK1,28.935216854504397,Ex-post DWA
2024-11-24,SALTCRK1,28.121264856670912,Ex-post DWA
2024-12-01,SALTCRK1,29.018788999001274,Ex-post DWA
2024-12-08,SALTCRK1,18.4226322576354,Ex-post DWA
2024-12-15,SALTCRK1,16.631741358100783,Ex-post DWA
2024-12-22,SALTCRK1,20.496330075918017,Ex-post DWA
2024-12-29,SALTCRK1,21.20981425150155,Ex-post DWA
2025-01-05,SALTCRK1,-2.744549946306492,Ex-post DWA
2020-01-05,YENDWF1,3.1785500064101626,Ex-post DWA
2020-01-12,YENDWF1,0.7840473285583656,Ex-post DWA
2020-01-19,YENDWF1,1.6604871298486614,Ex-post DWA
2020-01-26,YENDWF1,6.837159184633897,Ex-post DWA
2020-02-02,YENDWF1,273.84176834353866,Ex-post DWA
2020-02-09,YENDWF1,0.28211064175767575,Ex-post DWA
2020-02-16,YENDWF1,2.1996679885311323,Ex-post DWA
2020-02-23,YENDWF1,-1.9530141903810545,Ex-post DWA
2020-03-01,YENDWF1,1.3847286648141264,Ex-post DWA
2020-03-08,YENDWF1,-0.0890305546443102,Ex-post DWA
2020-03-15,YENDWF1,-1.3943906883739103,Ex-post DWA
2020-03-22,YENDWF1,-0.251775908022303,Ex-post DWA
2020-03-29,YENDWF1,-0.24243267116120393,Ex-post DWA
2020-04-05,YENDWF1,1.7981242402357083,Ex-post DWA
2020-04-12,YENDWF1,0.6505560109812514,Ex-post DWA
2020-04-19,YENDWF1,0.02031311646705447,Ex-post DWA
2020-04-26,YENDWF1,0.17651164697739574,Ex-post DWA
2020-05-03,YENDWF1,-1.757121345522176,Ex-post DWA
2020-05-10,YENDWF1,1.2181376709508633,Ex-post DWA
2020-05-17,YENDWF1,1.2688866155784702,Ex-post DWA
2020-05-24,YENDWF1,-1.631883102336701,Ex-post DWA
2020-05-31,YENDWF1,4.493357471204369,Ex-post DWA
2020-06-07,YENDWF1,4.724683556875945,Ex-post DWA
2020-06-14,YENDWF1,-0.11247378533226282,Ex-post DWA
2020-06-21,YENDWF1,-0.29876503496777573,Ex-post DWA
2020-06-28,YENDWF1,1.1427133557692954,Ex-post DWA
2020-07-05,YENDWF1,-1.1253561593016599,Ex-post DWA
2020-07-12,YENDWF1,-1.5021681227246901,Ex-post DWA
2020-07-19,YENDWF1,1.2233136618919573,Ex-post DWA
2020-07-26,YENDWF1,-4.050645887636797,Ex-post DWA
2020-08-02,YENDWF1,-2.5373226771459443,Ex-post DWA
2020-08-09,YENDWF1,-0.7085229597957223,Ex-post DWA
2020-08-16,YENDWF1,0.5583218846819804,Ex-post DWA
2020-08-23,YENDWF1,-0.36382807053418986,Ex-post DWA
2020-08-30,YENDWF1,-2.754574398072158,Ex-post DWA
2020-09-06,YENDWF1,0.0267418963766346,Ex-post DWA
2020-09-13,YENDWF1,-1.54553879819413,Ex-post DWA
2020-09-20,YENDWF1,-2.7979788302374935,Ex-post DWA
2020-09-27,YENDWF1,-1.1180475341794391,Ex-post DWA
2020-10-04,YENDWF1,0.5063627743842432,Ex-post DWA
2020-10-11,YENDWF1,-3.2464386610209175,Ex-post DWA
2020-10-18,YENDWF1,-2.944527749688561,Ex-post DWA
2020-10-25,YENDWF1,-2.325200662884093,Ex-post DWA
2020-11-01,YENDWF1,-0.9834307658409571,Ex-post DWA
2020-11-08,YENDWF1,-3.956298835242812,Ex-post DWA
2020-11-15,YENDWF1,-1.0680757352451735,Ex-post DWA
2020-11-22,YENDWF1,-3.000642040694963,Ex-post DWA
2020-11-29,YENDWF1,-4.819203910603051,Ex-post DWA
2020-12-06,YENDWF1,1.3295064051937544,Ex-post DWA
2020-12-13,YENDWF1,-6.403811833668749,Ex-post DWA
2020-12-20,YENDWF1,6.8408319468535375,Ex-post DWA
2020-12-27,YENDWF1,-6.281890807779428,Ex-post DWA
2021-01-03,YENDWF1,-1.1691908251033567,Ex-post DWA
2021-01-10,YENDWF1,-0.07390941809853047,Ex-post DWA
2021-01-17,YENDWF1,-0.3908212018787687,Ex-post DWA
2021-01-24,YENDWF1,-3.6616741964306065,Ex-post DWA
2021-01-31,YENDWF1,0.8792714924642091,Ex-post DWA
2021-02-07,YENDWF1,0.47931503800458586,Ex-post DWA
2021-02-14,YENDWF1,-0.1052465325231573,Ex-post DWA
2021-02-21,YENDWF1,-0.5099408544174295,Ex-post DWA
2021-02-28,YENDWF1,-4.024622767919766,Ex-post DWA
2021-03-07,YENDWF1,-1.6249571065666757,Ex-post DWA
2021-03-14,YENDWF1,-0.6220864661000789,Ex-post DWA
2021-03-21,YENDWF1,1.152742419763488,Ex-post DWA
2021-03-28,YENDWF1,0.2824315182376864,Ex-post DWA
2021-04-04,YENDWF1,-4.8315685198778215,Ex-post DWA
2021-04-11,YENDWF1,-1.6146211652864206,Ex-post DWA
2021-04-18,YENDWF1,-5.964309761116322,Ex-post DWA
2021-04-25,YENDWF1,-0.8279601145977011,Ex-post DWA
2021-05-02,YENDWF1,-5.488873849855839,Ex-post DWA
2021-05-09,YENDWF1,2.3613420972816925,Ex-post DWA
2021-05-16,YENDWF1,1.3149617172931443,Ex-post DWA
2021-05-23,YENDWF1,-2.7348047362139027,Ex-post DWA
2021-05-30,YENDWF1,-1.5359001598421926,Ex-post DWA
2021-06-06,YENDWF1,0.9319179813533509,Ex-post DWA
2021-06-13,YENDWF1,-0.8894458464240245,Ex-post DWA
2021-06-20,YENDWF1,2.52552746795493,Ex-post DWA
2021-06-27,YENDWF1,0.20645406862610116,Ex-post DWA
2021-07-04,YENDWF1,-1.101686959148367,Ex-post DWA
2021-07-11,YENDWF1,-32.22839601839269,Ex-post DWA
2021-07-18,YENDWF1,3.3214087348228745,Ex-post DWA
2021-07-25,YENDWF1,-0.08538859072045568,Ex-post DWA
2021-08-01,YENDWF1,0.8120385230558149,Ex-post DWA
2021-08-08,YENDWF1,-0.7411902370515264,Ex-post DWA
2021-08-15,YENDWF1,1.5410537447750272,Ex-post DWA
2021-08-22,YENDWF1,2.50364509625458,Ex-post DWA
2021-08-29,YENDWF1,-2.347149687812447,Ex-post DWA
2021-09-05,YENDWF1,1.7952970698048496,Ex-post DWA
2021-09-12,YENDWF1,-2.1067711116991052,Ex-post DWA
2021-09-19,YENDWF1,-6.2801630208918215,Ex-post DWA
2021-09-26,YENDWF1,-3.071160730942104,Ex-post DWA
2021-10-03,YENDWF1,-5.3775643499922055,Ex-post DWA
2021-10-10,YENDWF1,0.9273135632172955,Ex-post DWA
2021-10-17,YENDWF1,2.3393971313285515,Ex-post DWA
2021-10-24,YENDWF1,5.356152105762406,Ex-post DWA
2021-10-31,YENDWF1,1.8359463177621596,Ex-post DWA
2021-11-07,YENDWF1,-2.4099856781819504,Ex-post DWA
2021-11-14,YENDWF1,1.5926770902851413,Ex-post DWA
2021-11-21,YENDWF1,-0.6232925858589944,Ex-post DWA
2021-11-28,YENDWF1,4.6876444726560464,Ex-post DWA
2021-12-05,YENDWF1,4.472021592620109,Ex-post DWA
2021-12-12,YENDWF1,-3.117216177650164,Ex-post DWA
2021-12-19,YENDWF1,-12.781016949035578,Ex-post DWA
2021-12-26,YENDWF1,2.3239224896717694,Ex-post DWA
2022-01-02,YENDWF1,7.093125365649417,Ex-post DWA
2022-01-09,YENDWF1,5.09364306548515,Ex-post DWA
2022-01-16,YENDWF1,0.27492856746450656,Ex-post DWA
2022-01-23,YENDWF1,-1.7792109434193648,Ex-post DWA
2022-01-30,YENDWF1,2.573345403384721,Ex-post DWA
2022-02-06,YENDWF1,-7.0649560437446155,Ex-post DWA
2022-02-13,YENDWF1,0.6937297645704845,Ex-post DWA
2022-02-20,YENDWF1,-0.24538131988978762,Ex-post DWA
2022-02-27,YENDWF1,-0.4614389731106101,Ex-post DWA
2022-03-06,YENDWF1,36.80691068244286,Ex-post DWA
2022-03-13,YENDWF1,4.515723960898935,Ex-post DWA
2022-03-20,YENDWF1,-5.448863039780392,Ex-post DWA
2022-03-27,YENDWF1,-2.7857541053744796,Ex-post DWA
2022-04-03,YENDWF1,1.4925059226195074,Ex-post DWA
2022-04-10,YENDWF1,-14.94117741873714,Ex-post DWA
2022-04-17,YENDWF1,1.8222745659922879,Ex-post DWA
2022-04-24,YENDWF1,-10.107073413522443,Ex-post DWA
2022-05-01,YENDWF1,-0.9650192731318441,Ex-post DWA
2022-05-08,YENDWF1,-3.0261450722499603,Ex-post DWA
2022-05-15,YENDWF1,4.7064701786018475,Ex-post DWA
2022-05-22,YENDWF1,-9.260594437102156,Ex-post DWA
2022-05-29,YENDWF1,-2.7352713856669197,Ex-post DWA
2022-06-05,YENDWF1,18.429647166679047,Ex-post DWA
2022-06-12,YENDWF1,-1.2928292464092976,Ex-post DWA
2022-06-19,YENDWF1,6.556243967257586,Ex-post DWA
2022-06-26,YENDWF1,3.161763992082342,Ex-post DWA
2022-07-03,YENDWF1,6.078335328562673,Ex-post DWA
2022-07-10,YENDWF1,-11.832368361665317,Ex-post DWA
2022-07-17,YENDWF1,-12.756210873111854,Ex-post DWA
2022-07-24,YENDWF1,-7.852180534618412,Ex-post DWA
2022-07-31,YENDWF1,8.64711901445142,Ex-post DWA
2022-08-07,YENDWF1,14.680242491277028,Ex-post DWA
2022-08-14,YENDWF1,9.670229647188961,Ex-post DWA
2022-08-21,YENDWF1,4.002586847143718,Ex-post DWA
2022-08-28,YENDWF1,-7.136456962975004,Ex-post DWA
2022-09-04,YENDWF1,-8.66716044574413,Ex-post DWA
2022-09-11,YENDWF1,8.550879775835597,Ex-post DWA
2022-09-18,YENDWF1,5.094185272526744,Ex-post DWA
2022-09-25,YENDWF1,-4.138323978559292,Ex-post DWA
2022-10-02,YENDWF1,0.8414625137061904,Ex-post DWA
2022-10-09,YENDWF1,0.9857631104209474,Ex-post DWA
2022-10-16,YENDWF1,22.580846639096777,Ex-post DWA
2022-10-23,YENDWF1,-11.66462606077799,Ex-post DWA
2022-10-30,YENDWF1,4.703208871240754,Ex-post DWA
2022-11-06,YENDWF1,14.876479724366266,Ex-post DWA
2022-11-13,YENDWF1,1.1831294897355775,Ex-post DWA
2022-11-20,YENDWF1,-21.60406953533115,Ex-post DWA
2022-11-27,YENDWF1,-21.33117459726497,Ex-post DWA
2022-12-04,YENDWF1,-17.42620160558409,Ex-post DWA
2022-12-11,YENDWF1,-12.898670077299652,Ex-post DWA
2022-12-18,YENDWF1,-5.34160445974418,Ex-post DWA
2022-12-25,YENDWF1,-4.16854568679792,Ex-post DWA
2023-01-01,YENDWF1,-16.954464000079035,Ex-post DWA
2023-01-08,YENDWF1,-1.9717573637797061,Ex-post DWA
2023-01-15,YENDWF1,-0.44777961700517466,Ex-post DWA
2023-01-22,YENDWF1,0.31656882711323675,Ex-post DWA
2023-01-29,YENDWF1,-12.567793849336873,Ex-post DWA
2023-02-05,YENDWF1,-8.726098332396168,Ex-post DWA
2023-02-12,YENDWF1,3.3489222610237164,Ex-post DWA
2023-02-19,YENDWF1,-11.544321615598875,Ex-post DWA
2023-02-26,YENDWF1,1.1732473742272802,Ex-post DWA
2023-03-05,YENDWF1,-4.562459761277516,Ex-post DWA
2023-03-12,YENDWF1,8.794417547357943,Ex-post DWA
2023-03-19,YENDWF1,4.810625969436678,Ex-post DWA
2023-03-26,YENDWF1,1.652703957487617,Ex-post DWA
2023-04-02,YENDWF1,8.535305851706767,Ex-post DWA
2023-04-09,YENDWF1,11.638358125242284,Ex-post DWA
2023-04-16,YENDWF1,-1.9709409835309302,Ex-post DWA
2023-04-23,YENDWF1,-7.522178210487624,Ex-post DWA
2023-04-30,YENDWF1,0.13301456291846137,Ex-post DWA
2023-05-07,YENDWF1,-13.20142889597922,Ex-post DWA
2023-05-14,YENDWF1,-3.1996816940510655,Ex-post DWA
2023-05-21,YENDWF1,-11.364139093699066,Ex-post DWA
2023-05-28,YENDWF1,1.5007770806314227,Ex-post DWA
2023-06-04,YENDWF1,-5.429706260443773,Ex-post DWA
2023-06-11,YENDWF1,0.9734013957036751,Ex-post DWA
2023-06-18,YENDWF1,6.312946602675398,Ex-post DWA
2023-06-25,YENDWF1,-1.9246609105418884,Ex-post DWA
2023-07-02,YENDWF1,-1.9121598837118228,Ex-post DWA
2023-07-09,YENDWF1,4.257777549728919,Ex-post DWA
2023-07-16,YENDWF1,-1.4794510774053364,Ex-post DWA
2023-07-23,YENDWF1,-4.647072310189323,Ex-post DWA
2023-07-30,YENDWF1,5.835912937916305,Ex-post DWA
2023-08-06,YENDWF1,2.8155082720156805,Ex-post DWA
2023-08-13,YENDWF1,-4.688316718939802,Ex-post DWA
2023-08-20,YENDWF1,3.727945031162644,Ex-post DWA
2023-08-27,YENDWF1,-4.492464746714667,Ex-post DWA
2023-09-03,YENDWF1,-1.9253472294812468,Ex-post DWA
2023-09-10,YENDWF1,4.759393476972317,Ex-post DWA
2023-09-17,YENDWF1,11.459017281005924,Ex-post DWA
2023-09-24,YENDWF1,6.731377496204564,Ex-post DWA
2023-10-01,YENDWF1,1.8520335158457115,Ex-post DWA
2023-10-08,YENDWF1,0.6600851089529272,Ex-post DWA
2023-10-15,YENDWF1,2.7462927873970138,Ex-post DWA
2023-10-22,YENDWF1,2.9474443381243063,Ex-post DWA
2023-10-29,YENDWF1,10.512251315901214,Ex-post DWA
2023-11-05,YENDWF1,9.832511161307496,Ex-post DWA
2023-11-12,YENDWF1,8.288572278991655,Ex-post DWA
2023-11-19,YENDWF1,9.494384534479408,Ex-post DWA
2023-11-26,YENDWF1,9.208733306401179,Ex-post DWA
2023-12-03,YENDWF1,-0.4423163123068825,Ex-post DWA
2023-12-10,YENDWF1,7.212446137841049,Ex-post DWA
2023-12-17,YENDWF1,14.994307597795213,Ex-post DWA
2023-12-24,YENDWF1,9.050055221497022,Ex-post DWA
2023-12-31,YENDWF1,8.440470049546516,Ex-post DWA
2024-01-07,YENDWF1,23.723734226795358,Ex-post DWA
2024-01-14,YENDWF1,-2.1389184700327846,Ex-post DWA
2024-01-21,YENDWF1,8.123921642866062,Ex-post DWA
2024-01-28,YENDWF1,7.251940704263539,Ex-post DWA
2024-02-04,YENDWF1,17.751529951752484,Ex-post DWA
2024-02-11,YENDWF1,4.551249654241687,Ex-post DWA
2024-02-18,YENDWF1,146.94312676000072,Ex-post DWA
2024-02-25,YENDWF1,9.06058667167622,Ex-post DWA
2024-03-03,YENDWF1,8.049585618901759,Ex-post DWA
2024-03-10,YENDWF1,5.296267774737245,Ex-post DWA
2024-03-17,YENDWF1,1.1802075524248394,Ex-post DWA
2024-03-24,YENDWF1,2.6262679153770705,Ex-post DWA
2024-03-31,YENDWF1,-1.0281766766381821,Ex-post DWA
2024-04-07,YENDWF1,-3.251726487526774,Ex-post DWA
2024-04-14,YENDWF1,-11.255832080474676,Ex-post DWA
2024-04-21,YENDWF1,-10.805987288294006,Ex-post DWA
2024-04-28,YENDWF1,8.507338647289266,Ex-post DWA
2024-05-05,YENDWF1,-10.970238041596275,Ex-post DWA
2024-05-12,YENDWF1,-26.964015530154484,Ex-post DWA
2024-05-19,YENDWF1,-5.27252368827827,Ex-post DWA
2024-05-26,YENDWF1,-5.591990372065197,Ex-post DWA
2024-06-02,YENDWF1,-1.4724610930344326,Ex-post DWA
2024-06-09,YENDWF1,-10.03869110217336,Ex-post DWA
2024-06-16,YENDWF1,-9.629112690182637,Ex-post DWA
2024-06-23,YENDWF1,-15.598000019919994,Ex-post DWA
2024-06-30,YENDWF1,-0.5793972684726043,Ex-post DWA
2024-07-07,YENDWF1,-9.874215599582016,Ex-post DWA
2024-07-14,YENDWF1,0.019547895864320708,Ex-post DWA
2024-07-21,YENDWF1,-2.5526353279358176,Ex-post DWA
2024-07-28,YENDWF1,4.475795380940099,Ex-post DWA
2024-08-04,YENDWF1,-14.512273698229052,Ex-post DWA
2024-08-11,YENDWF1,12.96268119599273,Ex-post DWA
2024-08-18,YENDWF1,-1.525355356861482,Ex-post DWA
2024-08-25,YENDWF1,-1.0781865642008626,Ex-post DWA
2024-09-01,YENDWF1,9.830788043242809,Ex-post DWA
2024-09-08,YENDWF1,6.416833769850783,Ex-post DWA
2024-09-15,YENDWF1,13.284043135688886,Ex-post DWA
2024-09-22,YENDWF1,6.200679333692344,Ex-post DWA
2024-09-29,YENDWF1,4.536694322348522,Ex-post DWA
2024-10-06,YENDWF1,3.631813570324268,Ex-post DWA
2024-10-13,YENDWF1,0.7067882452673011,Ex-post DWA
2024-10-20,YENDWF1,6.225668460291672,Ex-post DWA
2024-10-27,YENDWF1,1.9606698523648163,Ex-post DWA
2024-11-03,YENDWF1,-0.7324625568986463,Ex-post DWA
2024-11-10,YENDWF1,0.5748628478736322,Ex-post DWA
2024-11-17,YENDWF1,15.274161765022647,Ex-post DWA
2024-11-24,YENDWF1,-2.0991932891758154,Ex-post DWA
2024-12-01,YENDWF1,1.9799049760435423,Ex-post DWA
2024-12-08,YENDWF1,10.866942847107367,Ex-post DWA
2024-12-15,YENDWF1,-4.446726514273394,Ex-post DWA
2024-12-22,YENDWF1,18.819112630398102,Ex-post DWA
2024-12-29,YENDWF1,-1.1306860672398429,Ex-post DWA
2025-01-05,YENDWF1,-4.869551549324825,Ex-post DWA
2020-01-05,ARWF1,-14.414824322894827,ToD blocks
2020-01-12,ARWF1,-9.287830600796056,ToD blocks
2020-01-19,ARWF1,-12.0982832060484,ToD blocks
2020-01-26,ARWF1,-11.259293926648375,ToD blocks
2020-02-02,ARWF1,74.96356827324058,ToD blocks
2020-02-09,ARWF1,-3.606051345172901,ToD blocks
2020-02-16,ARWF1,-2.459124874556238,ToD blocks
2020-02-23,ARWF1,-0.39992637902960126,ToD blocks
2020-03-01,ARWF1,-2.861982431295381,ToD blocks
2020-03-08,ARWF1,-3.5838382082851297,ToD blocks
2020-03-15,ARWF1,-3.499063016681397,ToD blocks
2020-03-22,ARWF1,-2.0799193364722655,ToD blocks
2020-03-29,ARWF1,-1.6233072066429983,ToD blocks
2020-04-05,ARWF1,-16.413748677776987,ToD blocks
2020-04-12,ARWF1,-11.031145207266256,ToD blocks
2020-04-19,ARWF1,-7.746822573557033,ToD blocks
2020-04-26,ARWF1,-11.150124645515389,ToD blocks
2020-05-03,ARWF1,-5.346631934639543,ToD blocks
2020-05-10,ARWF1,-9.252367029980302,ToD blocks
2020-05-17,ARWF1,-7.546734143112872,ToD blocks
2020-05-24,ARWF1,-4.056995422173671,ToD blocks
2020-05-31,ARWF1,-9.442858150369936,ToD blocks
2020-06-07,ARWF1,-8.998476315760826,ToD blocks
2020-06-14,ARWF1,-29.130130681951265,ToD blocks
2020-06-21,ARWF1,-7.351627390471698,ToD blocks
2020-06-28,ARWF1,-11.015366855401709,ToD blocks
2020-07-05,ARWF1,-0.8526013652428119,ToD blocks
2020-07-12,ARWF1,-10.557998974572413,ToD blocks
2020-07-19,ARWF1,-12.430128445230793,ToD blocks
2020-07-26,ARWF1,-12.96576844625536,ToD blocks
2020-08-02,ARWF1,-5.238432932483342,ToD blocks
2020-08-09,ARWF1,-4.342938285837853,ToD blocks
2020-08-16,ARWF1,-3.101854208862747,ToD blocks
2020-08-23,ARWF1,-0.7151045329082919,ToD blocks
2020-08-30,ARWF1,-30.834568544245805,ToD blocks
2020-09-06,ARWF1,-8.90612640889615,ToD blocks
2020-09-13,ARWF1,-4.347220561450815,ToD blocks
2020-09-20,ARWF1,-4.964203195298648,ToD blocks
2020-09-27,ARWF1,-3.962399883553161,ToD blocks
2020-10-04,ARWF1,-15.30241507726385,ToD blocks
2020-10-11,ARWF1,-17.2067576855231,ToD blocks
2020-10-18,ARWF1,-5.013892716501481,ToD blocks
2020-10-25,ARWF1,-21.038168297244685,ToD blocks
2020-11-01,ARWF1,-4.406494560339212,ToD blocks
2020-11-08,ARWF1,-0.10993214280148322,ToD blocks
2020-11-15,ARWF1,-5.240505415263705,ToD blocks
2020-11-22,ARWF1,-8.224993907896838,ToD blocks
2020-11-29,ARWF1,-11.336994376873534,ToD blocks
2020-12-06,ARWF1,-11.303353620906972,ToD blocks
2020-12-13,ARWF1,-4.455825808975934,ToD blocks
2020-12-20,ARWF1,-1.586691898262842,ToD blocks
2020-12-27,ARWF1,-8.73048949605861,ToD blocks
2021-01-03,ARWF1,-0.8545216818973813,ToD blocks
2021-01-10,ARWF1,-10.654762329637165,ToD blocks
2021-01-17,ARWF1,-3.244118733477137,ToD blocks
2021-01-24,ARWF1,-3.4901404074470435,ToD blocks
2021-01-31,ARWF1,-0.797926368406749,ToD blocks
2021-02-07,ARWF1,-2.548577394165795,ToD blocks
2021-02-14,ARWF1,-4.274672590550555,ToD blocks
2021-02-21,ARWF1,-5.346486435588375,ToD blocks
2021-02-28,ARWF1,-2.050034566899015,ToD blocks
2021-03-07,ARWF1,-0.9194350215310614,ToD blocks
2021-03-14,ARWF1,-5.4097081867254175,ToD blocks
2021-03-21,ARWF1,-0.018197564500741947,ToD blocks
2021-03-28,ARWF1,-1.2816029251288796,ToD blocks
2021-04-04,ARWF1,-1.4534077629280944,ToD blocks
2021-04-11,ARWF1,-13.446481017719341,ToD blocks
2021-04-18,ARWF1,-18.832751921900876,ToD blocks
2021-04-25,ARWF1,-11.31111300719607,ToD blocks
2021-05-02,ARWF1,-33.46398980417993,ToD blocks
2021-05-09,ARWF1,-10.439411383055678,ToD blocks
2021-05-16,ARWF1,-23.090387410930134,ToD blocks
2021-05-23,ARWF1,-59.39819207630909,ToD blocks
2021-05-30,ARWF1,-21.08287774148568,ToD blocks
2021-06-06,ARWF1,-13.57491333569282,ToD blocks
2021-06-13,ARWF1,-22.77907894848326,ToD blocks
2021-06-20,ARWF1,-19.72853085646055,ToD blocks
2021-06-27,ARWF1,-21.598260723969872,ToD blocks
2021-07-04,ARWF1,-11.133938816133345,ToD blocks
2021-07-11,ARWF1,-93.33828136659419,ToD blocks
2021-07-18,ARWF1,-13.280216567675744,ToD blocks
2021-07-25,ARWF1,-18.676789612375643,ToD blocks
2021-08-01,ARWF1,-10.82029476269771,ToD blocks
2021-08-08,ARWF1,-16.378021087713165,ToD blocks
2021-08-15,ARWF1,-19.472588620666873,ToD blocks
2021-08-22,ARWF1,-24.092936879846935,ToD blocks
2021-08-29,ARWF1,-14.335751576025089,ToD blocks
2021-09-05,ARWF1,-12.803923130181904,ToD blocks
2021-09-12,ARWF1,-14.844730272038852,ToD blocks
2021-09-19,ARWF1,-13.929971514033507,ToD blocks
2021-09-26,ARWF1,-13.29284956358125,ToD blocks
2021-10-03,ARWF1,-10.60537170593647,ToD blocks
2021-10-10,ARWF1,-18.38778616484118,ToD blocks
2021-10-17,ARWF1,-19.11674663252635,ToD blocks
2021-10-24,ARWF1,-9.072769133097932,ToD blocks
2021-10-31,ARWF1,-22.60936121365536,ToD blocks
2021-11-07,ARWF1,-6.3555020426518425,ToD blocks
2021-11-14,ARWF1,-12.615024813694193,ToD blocks
2021-11-21,ARWF1,-23.989732180232565,ToD blocks
2021-11-28,ARWF1,-7.4595507852266,ToD blocks
2021-12-05,ARWF1,-11.110074937707957,ToD blocks
2021-12-12,ARWF1,-4.127485188227681,ToD blocks
2021-12-19,ARWF1,-12.449725984350593,ToD blocks
2021-12-26,ARWF1,-3.820449930863578,ToD blocks
2022-01-02,ARWF1,-15.920456771072907,ToD blocks
2022-01-09,ARWF1,-9.2861652205629,ToD blocks
2022-01-16,ARWF1,-4.115503834515501,ToD blocks
2022-01-23,ARWF1,-5.188479687850293,ToD blocks
2022-01-30,ARWF1,-6.805073356224582,ToD blocks
2022-02-06,ARWF1,-39.44172504622355,ToD blocks
2022-02-13,ARWF1,-11.549674254200312,ToD blocks
2022-02-20,ARWF1,-3.867125547017096,ToD blocks
2022-02-27,ARWF1,0.23635393641500713,ToD blocks
2022-03-06,ARWF1,-48.34732192092581,ToD blocks
2022-03-13,ARWF1,-18.757152848086907,ToD blocks
2022-03-20,ARWF1,-5.093767599836198,ToD blocks
2022-03-27,ARWF1,-11.738903285619827,ToD blocks
2022-04-03,ARWF1,-16.30986986875815,ToD blocks
2022-04-10,ARWF1,-27.48062132081948,ToD blocks
2022-04-17,ARWF1,-27.26593733692731,ToD blocks
2022-04-24,ARWF1,14.929064197373663,ToD blocks
2022-05-01,ARWF1,-1.177411471136054,ToD blocks
2022-05-08,ARWF1,-61.31027422022113,ToD blocks
2022-05-15,ARWF1,-89.28736777906903,ToD blocks
2022-05-22,ARWF1,-23.966464448329816,ToD blocks
2022-05-29,ARWF1,-30.59537501790885,ToD blocks
2022-06-05,ARWF1,-93.57071223138377,ToD blocks
2022-06-12,ARWF1,-17.352045712280756,ToD blocks
2022-06-19,ARWF1,-79.57633374704756,ToD blocks
2022-06-26,ARWF1,-16.725604754639676,ToD blocks
2022-07-03,ARWF1,-45.215969320004035,ToD blocks
2022-07-10,ARWF1,-60.01195731060966,ToD blocks
2022-07-17,ARWF1,-156.41577789470745,ToD blocks
2022-07-24,ARWF1,-59.71594421186711,ToD blocks
2022-07-31,ARWF1,-66.44469343085322,ToD blocks
2022-08-07,ARWF1,-44.68851225413105,ToD blocks
2022-08-14,ARWF1,-54.00842807604897,ToD blocks
2022-08-21,ARWF1,-35.05370970733348,ToD blocks
2022-08-28,ARWF1,-31.874496549623487,ToD blocks
2022-09-04,ARWF1,-1.465985765433615,ToD blocks
2022-09-11,ARWF1,-22.93273914837232,ToD blocks
2022-09-18,ARWF1,-27.59224492108183,ToD blocks
2022-09-25,ARWF1,-49.0324112067139,ToD blocks
2022-10-02,ARWF1,15.796219232127143,ToD blocks
2022-10-09,ARWF1,-20.48025467651199,ToD blocks
2022-10-16,ARWF1,-36.801729746515605,ToD blocks
2022-10-23,ARWF1,-30.299359079050475,ToD blocks
2022-10-30,ARWF1,-33.12417643042899,ToD blocks
2022-11-06,ARWF1,-32.18159335142018,ToD blocks
2022-11-13,ARWF1,-23.284034838982052,ToD blocks
2022-11-20,ARWF1,-2.532866748591047,ToD blocks
2022-11-27,ARWF1,-28.430412635563414,ToD blocks
2022-12-04,ARWF1,3.2020240834075935,ToD blocks
2022-12-11,ARWF1,-13.578603748523612,ToD blocks
2022-12-18,ARWF1,1.5851592376825003,ToD blocks
2022-12-25,ARWF1,23.25003218379929,ToD blocks
2023-01-01,ARWF1,-7.362300671181302,ToD blocks
2023-01-08,ARWF1,-1.0780758389058462,ToD blocks
2023-01-15,ARWF1,-24.45704257737986,ToD blocks
2023-01-22,ARWF1,-15.748538058502582,ToD blocks
2023-01-29,ARWF1,-19.697524506289675,ToD blocks
2023-02-05,ARWF1,-10.592973319602088,ToD blocks
2023-02-12,ARWF1,-10.712072444441013,ToD blocks
2023-02-19,ARWF1,-18.165251887615725,ToD blocks
2023-02-26,ARWF1,-20.11769407482877,ToD blocks
2023-03-05,ARWF1,-6.121889117233415,ToD blocks
2023-03-12,ARWF1,-16.89424565111943,ToD blocks
2023-03-19,ARWF1,-17.493868829922263,ToD blocks
2023-03-26,ARWF1,-37.65722754438668,ToD blocks
2023-04-02,ARWF1,-26.85573789925293,ToD blocks
2023-04-09,ARWF1,-40.116660593490664,ToD blocks
2023-04-16,ARWF1,-38.5590523178803,ToD blocks
2023-04-23,ARWF1,-32.84755587602547,ToD blocks
2023-04-30,ARWF1,-62.09464220955741,ToD blocks
2023-05-07,ARWF1,-33.99841455421911,ToD blocks
2023-05-14,ARWF1,-11.088517322809679,ToD blocks
2023-05-21,ARWF1,17.186434554959078,ToD blocks
2023-05-28,ARWF1,-54.06099848524027,ToD blocks
2023-06-04,ARWF1,-45.029759419711056,ToD blocks
2023-06-11,ARWF1,-11.283887704296504,ToD blocks
2023-06-18,ARWF1,-21.214680680829566,ToD blocks
2023-06-25,ARWF1,-51.943939721566416,ToD blocks
2023-07-02,ARWF1,2.854937072937517,ToD blocks
2023-07-09,ARWF1,-37.2619293775725,ToD blocks
2023-07-16,ARWF1,-18.309006095073265,ToD blocks
2023-07-23,ARWF1,-24.86824994764187,ToD blocks
2023-07-30,ARWF1,-38.44025284199017,ToD blocks
2023-08-06,ARWF1,-50.540659231252455,ToD blocks
2023-08-13,ARWF1,-20.02454606122324,ToD blocks
2023-08-20,ARWF1,-43.924085674602296,ToD blocks
2023-08-27,ARWF1,-3.4362523889375254,ToD blocks
2023-09-03,ARWF1,-12.891365902661953,ToD blocks
2023-09-10,ARWF1,-24.41094188400296,ToD blocks
2023-09-17,ARWF1,-35.713940514000555,ToD blocks
2023-09-24,ARWF1,-29.062233163834378,ToD blocks
2023-10-01,ARWF1,-12.19179424028779,ToD blocks
2023-10-08,ARWF1,1.2327156807627375,ToD blocks
2023-10-15,ARWF1,-17.844137230422387,ToD blocks
2023-10-22,ARWF1,-23.265212044101673,ToD blocks
2023-10-29,ARWF1,-13.173923677503524,ToD blocks
2023-11-05,ARWF1,-3.5082780643273415,ToD blocks
2023-11-12,ARWF1,-25.149449731608453,ToD blocks
2023-11-19,ARWF1,7.10534196674098,ToD blocks
2023-11-26,ARWF1,-5.218527227619994,ToD blocks
2023-12-03,ARWF1,-7.169105600864704,ToD blocks
2023-12-10,ARWF1,-15.116779123267435,ToD blocks
2023-12-17,ARWF1,9.501358773311658,ToD blocks
2023-12-24,ARWF1,-8.17895871828713,ToD blocks
2023-12-31,ARWF1,5.576910182975535,ToD blocks
2024-01-07,ARWF1,0.7257043888371939,ToD blocks
2024-01-14,ARWF1,-19.712696923967915,ToD blocks
2024-01-21,ARWF1,-15.711290211934424,ToD blocks
2024-01-28,ARWF1,-23.468691259828056,ToD blocks
2024-02-04,ARWF1,-12.324708518592985,ToD blocks
2024-02-11,ARWF1,1.6922302651392904,ToD blocks
2024-02-18,ARWF1,-58.27439277054006,ToD blocks
2024-02-25,ARWF1,-8.166852254034012,ToD blocks
2024-03-03,ARWF1,-11.754103421766708,ToD blocks
2024-03-10,ARWF1,-25.45565671806593,ToD blocks
2024-03-17,ARWF1,-11.66769760665597,ToD blocks
2024-03-24,ARWF1,-7.512848408217849,ToD blocks
2024-03-31,ARWF1,2.8083277046885584,ToD blocks
2024-04-07,ARWF1,-7.874228992892043,ToD blocks
2024-04-14,ARWF1,-16.99149950277841,ToD blocks
2024-04-21,ARWF1,-21.199313924762222,ToD blocks
2024-04-28,ARWF1,-32.64042399978582,ToD blocks
2024-05-05,ARWF1,-5.826863535558232,ToD blocks
2024-05-12,ARWF1,-23.255105328714052,ToD blocks
2024-05-19,ARWF1,-24.435604241424556,ToD blocks
2024-05-26,ARWF1,-27.12560463165363,ToD blocks
2024-06-02,ARWF1,-46.8015168673077,ToD blocks
2024-06-09,ARWF1,-22.329518459487133,ToD blocks
2024-06-16,ARWF1,-62.17097897860303,ToD blocks
2024-06-23,ARWF1,-68.39049840236365,ToD blocks
2024-06-30,ARWF1,-20.398428986700736,ToD blocks
2024-07-07,ARWF1,-14.87616429656103,ToD blocks
2024-07-14,ARWF1,-31.299144755611707,ToD blocks
2024-07-21,ARWF1,-28.308682230265816,ToD blocks
2024-07-28,ARWF1,-19.409272676899384,ToD blocks
2024-08-04,ARWF1,-105.63941628873982,ToD blocks
2024-08-11,ARWF1,-337.75259716301395,ToD blocks
2024-08-18,ARWF1,-16.555930224042996,ToD blocks
2024-08-25,ARWF1,-19.523628929584437,ToD blocks
2024-09-01,ARWF1,-9.698761920610178,ToD blocks
2024-09-08,ARWF1,-20.347093538303838,ToD blocks
2024-09-15,ARWF1,-7.382878213909212,ToD blocks
2024-09-22,ARWF1,-7.190985833109841,ToD blocks
2024-09-29,ARWF1,-64.75952755462777,ToD blocks
2024-10-06,ARWF1,-26.407818109516896,ToD blocks
2024-10-13,ARWF1,-4.1500482674163415,ToD blocks
2024-10-20,ARWF1,-7.989993248597811,ToD blocks
2024-10-27,ARWF1,-8.395507040490372,ToD blocks
2024-11-03,ARWF1,-5.433038884869898,ToD blocks
2024-11-10,ARWF1,-20.15037393392658,ToD blocks
2024-11-17,ARWF1,-29.25364614821589,ToD blocks
2024-11-24,ARWF1,-22.52878363061422,ToD blocks
2024-12-01,ARWF1,-49.76582464394661,ToD blocks
2024-12-08,ARWF1,-18.245902619372984,ToD blocks
2024-12-15,ARWF1,9.02239096957284,ToD blocks
2024-12-22,ARWF1,-0.3331578067825518,ToD blocks
2024-12-29,ARWF1,-19.12592833676424,ToD blocks
2025-01-05,ARWF1,33.11069079519167,ToD blocks
2020-01-05,BALDHWF1,-9.87609198973341,ToD blocks
2020-01-12,BALDHWF1,2.8073242596142407,ToD blocks
2020-01-19,BALDHWF1,-5.812688631692147,ToD blocks
2020-01-26,BALDHWF1,-10.824262566238293,ToD blocks
2020-02-02,BALDHWF1,-246.3182216671374,ToD blocks
2020-02-09,BALDHWF1,-4.895064145157704,ToD blocks
2020-02-16,BALDHWF1,-3.026882441664746,ToD blocks
2020-02-23,BALDHWF1,2.5833023587926647,ToD blocks
2020-03-01,BALDHWF1,-3.231957340268096,ToD blocks
2020-03-08,BALDHWF1,-1.7363233561356637,ToD blocks
2020-03-15,BALDHWF1,2.0904859073771718,ToD blocks
2020-03-22,BALDHWF1,-2.162004160485594,ToD blocks
2020-03-29,BALDHWF1,-0.09754908662932138,ToD blocks
2020-04-05,BALDHWF1,-8.057556219944132,ToD blocks
2020-04-12,BALDHWF1,-7.729654998250361,ToD blocks
2020-04-19,BALDHWF1,-4.474745954465725,ToD blocks
2020-04-26,BALDHWF1,-1.2637449156084024,ToD blocks
2020-05-03,BALDHWF1,-0.44344473278553664,ToD blocks
2020-05-10,BALDHWF1,-0.8979107480611042,ToD blocks
2020-05-17,BALDHWF1,-8.911911921195639,ToD blocks
2020-05-24,BALDHWF1,-4.345592725207595,ToD blocks
2020-05-31,BALDHWF1,-3.951308602388451,ToD blocks
2020-06-07,BALDHWF1,2.4330035625805024,ToD blocks
2020-06-14,BALDHWF1,-44.690836850212605,ToD blocks
2020-06-21,BALDHWF1,-3.593952469588416,ToD blocks
2020-06-28,BALDHWF1,-2.579385403572857,ToD blocks
2020-07-05,BALDHWF1,3.0340021472161425,ToD blocks
2020-07-12,BALDHWF1,-3.581431038983098,ToD blocks
2020-07-19,BALDHWF1,-13.920997900009375,ToD blocks
2020-07-26,BALDHWF1,-3.773942040223659,ToD blocks
2020-08-02,BALDHWF1,-4.018942684133904,ToD blocks
2020-08-09,BALDHWF1,-2.025959262352245,ToD blocks
2020-08-16,BALDHWF1,4.380172481899358,ToD blocks
2020-08-23,BALDHWF1,-0.5386078078331025,ToD blocks
2020-08-30,BALDHWF1,-15.814531427371733,ToD blocks
2020-09-06,BALDHWF1,-2.5566416194762738,ToD blocks
2020-09-13,BALDHWF1,2.838632961514975,ToD blocks
2020-09-20,BALDHWF1,0.0005675464903234229,ToD blocks
2020-09-27,BALDHWF1,-2.8975184040472115,ToD blocks
2020-10-04,BALDHWF1,-19.359766521999127,ToD blocks
2020-10-11,BALDHWF1,0.30934071482281666,ToD blocks
2020-10-18,BALDHWF1,2.386232968987528,ToD blocks
2020-10-25,BALDHWF1,-16.084803995171598,ToD blocks
2020-11-01,BALDHWF1,1.3122910406843076,ToD blocks
2020-11-08,BALDHWF1,2.203831630453166,ToD blocks
2020-11-15,BALDHWF1,1.5714116110365524,ToD blocks
2020-11-22,BALDHWF1,-4.921888481740744,ToD blocks
2020-11-29,BALDHWF1,-16.82242271342415,ToD blocks
2020-12-06,BALDHWF1,-14.108566690336145,ToD blocks
2020-12-13,BALDHWF1,0.8152319977187759,ToD blocks
2020-12-20,BALDHWF1,-9.354123463959358,ToD blocks
2020-12-27,BALDHWF1,2.287575340021924,ToD blocks
2021-01-03,BALDHWF1,1.6167296729154366,ToD blocks
2021-01-10,BALDHWF1,-5.32784702869675,ToD blocks
2021-01-17,BALDHWF1,-9.898004534917842,ToD blocks
2021-01-24,BALDHWF1,-5.225243304453734,ToD blocks
2021-01-31,BALDHWF1,-0.11539622954298068,ToD blocks
2021-02-07,BALDHWF1,-3.9515568530744805,ToD blocks
2021-02-14,BALDHWF1,7.071144908635858,ToD blocks
2021-02-21,BALDHWF1,1.9432583404285282,ToD blocks
2021-02-28,BALDHWF1,-5.7316120969658915,ToD blocks
2021-03-07,BALDHWF1,-0.1594059600564144,ToD blocks
2021-03-14,BALDHWF1,-4.633925168853775,ToD blocks
2021-03-21,BALDHWF1,-0.051464699676763814,ToD blocks
2021-03-28,BALDHWF1,-0.2284460270698503,ToD blocks
2021-04-04,BALDHWF1,-8.699325919224474,ToD blocks
2021-04-11,BALDHWF1,-16.142376756244033,ToD blocks
2021-04-18,BALDHWF1,-7.587287281022363,ToD blocks
2021-04-25,BALDHWF1,-0.20324327226025218,ToD blocks
2021-05-02,BALDHWF1,2.7761376518912684,ToD blocks
2021-05-09,BALDHWF1,-0.4937144647442011,ToD blocks
2021-05-16,BALDHWF1,-7.442492644737733,ToD blocks
2021-05-23,BALDHWF1,-2.386456008574754,ToD blocks
2021-05-30,BALDHWF1,-29.703246291891553,ToD blocks
2021-06-06,BALDHWF1,-3.136576748808025,ToD blocks
2021-06-13,BALDHWF1,-25.64534080234781,ToD blocks
2021-06-20,BALDHWF1,4.491054548545691,ToD blocks
2021-06-27,BALDHWF1,-28.686161253971605,ToD blocks
2021-07-04,BALDHWF1,-8.150034873254263,ToD blocks
2021-07-11,BALDHWF1,-17.832194100815315,ToD blocks
2021-07-18,BALDHWF1,-5.24845777855802,ToD blocks
2021-07-25,BALDHWF1,-30.848013523929517,ToD blocks
2021-08-01,BALDHWF1,-5.780096778661392,ToD blocks
2021-08-08,BALDHWF1,-2.6365192491040617,ToD blocks
2021-08-15,BALDHWF1,-9.91751366062731,ToD blocks
2021-08-22,BALDHWF1,-9.293206499258389,ToD blocks
2021-08-29,BALDHWF1,-10.75634148322166,ToD blocks
2021-09-05,BALDHWF1,-6.721916262430536,ToD blocks
2021-09-12,BALDHWF1,-5.722350703722514,ToD blocks
2021-09-19,BALDHWF1,-17.608580612531455,ToD blocks
2021-09-26,BALDHWF1,-8.970176030423573,ToD blocks
2021-10-03,BALDHWF1,14.13094284590668,ToD blocks
2021-10-10,BALDHWF1,-2.8557233852664634,ToD blocks
2021-10-17,BALDHWF1,-14.16082360717361,ToD blocks
2021-10-24,BALDHWF1,-8.541330495078952,ToD blocks
2021-10-31,BALDHWF1,-0.48052707026209873,ToD blocks
2021-11-07,BALDHWF1,2.0756036369611763,ToD blocks
2021-11-14,BALDHWF1,-15.65826918741552,ToD blocks
2021-11-21,BALDHWF1,-5.118224731076381,ToD blocks
2021-11-28,BALDHWF1,-14.769810992608772,ToD blocks
2021-12-05,BALDHWF1,0.7523896076420584,ToD blocks
2021-12-12,BALDHWF1,-6.456242852191952,ToD blocks
2021-12-19,BALDHWF1,-23.31172475660228,ToD blocks
2021-12-26,BALDHWF1,-6.1710099405622305,ToD blocks
2022-01-02,BALDHWF1,-20.119540713525225,ToD blocks
2022-01-09,BALDHWF1,-4.592459240634259,ToD blocks
2022-01-16,BALDHWF1,-7.9384780745460475,ToD blocks
2022-01-23,BALDHWF1,1.8636842914204585,ToD blocks
2022-01-30,BALDHWF1,2.9364384742402336,ToD blocks
2022-02-06,BALDHWF1,-24.227073983632877,ToD blocks
2022-02-13,BALDHWF1,0.4512439114152258,ToD blocks
2022-02-20,BALDHWF1,-16.083236195049892,ToD blocks
2022-02-27,BALDHWF1,-5.007001200599795,ToD blocks
2022-03-06,BALDHWF1,3.8798584892572663,ToD blocks
2022-03-13,BALDHWF1,-16.655159289158505,ToD blocks
2022-03-20,BALDHWF1,-2.288046328188628,ToD blocks
2022-03-27,BALDHWF1,-0.32329527565812555,ToD blocks
2022-04-03,BALDHWF1,-14.654254356300548,ToD blocks
2022-04-10,BALDHWF1,6.418846297110662,ToD blocks
2022-04-17,BALDHWF1,-32.83937358928128,ToD blocks
2022-04-24,BALDHWF1,24.803590374100224,ToD blocks
2022-05-01,BALDHWF1,-28.92401011071621,ToD blocks
2022-05-08,BALDHWF1,-17.979986964159195,ToD blocks
2022-05-15,BALDHWF1,-68.09291274194177,ToD blocks
2022-05-22,BALDHWF1,-39.624875221221146,ToD blocks
2022-05-29,BALDHWF1,-11.26785677841815,ToD blocks
2022-06-05,BALDHWF1,-66.24682450129694,ToD blocks
2022-06-12,BALDHWF1,-8.39079773296669,ToD blocks
2022-06-19,BALDHWF1,-10.882023982024975,ToD blocks
2022-06-26,BALDHWF1,-16.128054110735007,ToD blocks
2022-07-03,BALDHWF1,-14.214452592660393,ToD blocks
2022-07-10,BALDHWF1,-8.1593187145956,ToD blocks
2022-07-17,BALDHWF1,-140.00637302613217,ToD blocks
2022-07-24,BALDHWF1,-0.4390525002339132,ToD blocks
2022-07-31,BALDHWF1,4.057405268977078,ToD blocks
2022-08-07,BALDHWF1,-33.559147577044875,ToD blocks
2022-08-14,BALDHWF1,-45.989721435513914,ToD blocks
2022-08-21,BALDHWF1,-23.40529728802953,ToD blocks
2022-08-28,BALDHWF1,-10.460930270308836,ToD blocks
2022-09-04,BALDHWF1,-10.028902685665145,ToD blocks
2022-09-11,BALDHWF1,-17.2333621399319,ToD blocks
2022-09-18,BALDHWF1,-31.404827298049987,ToD blocks
2022-09-25,BALDHWF1,-20.476771620611018,ToD blocks
2022-10-02,BALDHWF1,-11.314221896623849,ToD blocks
2022-10-09,BALDHWF1,-19.52845297247734,ToD blocks
2022-10-16,BALDHWF1,-21.79068695050995,ToD blocks
2022-10-23,BALDHWF1,-8.95208769892021,ToD blocks
2022-10-30,BALDHWF1,-15.352362622643412,ToD blocks
2022-11-06,BALDHWF1,-23.08358891117317,ToD blocks
2022-11-13,BALDHWF1,-8.619614342785262,ToD blocks
2022-11-20,BALDHWF1,-18.153293132811307,ToD blocks
2022-11-27,BALDHWF1,-6.94732312226116,ToD blocks
2022-12-04,BALDHWF1,1.7477878820643298,ToD blocks
2022-12-11,BALDHWF1,-24.74724089852448,ToD blocks
2022-12-18,BALDHWF1,-1.2998066687450063,ToD blocks
2022-12-25,BALDHWF1,-6.979207066356587,ToD blocks
2023-01-01,BALDHWF1,6.474465814997494,ToD blocks
2023-01-08,BALDHWF1,-0.06095771447834508,ToD blocks
2023-01-15,BALDHWF1,6.886792684645059,ToD blocks
2023-01-22,BALDHWF1,16.10583676628447,ToD blocks
2023-01-29,BALDHWF1,0.8113248723295499,ToD blocks
2023-02-05,BALDHWF1,-33.97494630292542,ToD blocks
2023-02-12,BALDHWF1,1.1103041522816284,ToD blocks
2023-02-19,BALDHWF1,12.798980778319674,ToD blocks
2023-02-26,BALDHWF1,0.8872907077947687,ToD blocks
2023-03-05,BALDHWF1,-4.949512397111789,ToD blocks
2023-03-12,BALDHWF1,-13.046971725180198,ToD blocks
2023-03-19,BALDHWF1,-11.525527012878214,ToD blocks
2023-03-26,BALDHWF1,-2.8028278173366488,ToD blocks
2023-04-02,BALDHWF1,-15.201420150459896,ToD blocks
2023-04-09,BALDHWF1,-39.07138644360505,ToD blocks
2023-04-16,BALDHWF1,-15.14302879564356,ToD blocks
2023-04-23,BALDHWF1,-7.147057949353922,ToD blocks
2023-04-30,BALDHWF1,-49.76461115046789,ToD blocks
2023-05-07,BALDHWF1,-42.55567924812196,ToD blocks
2023-05-14,BALDHWF1,-4.74134880005667,ToD blocks
2023-05-21,BALDHWF1,-31.631599494298513,ToD blocks
2023-05-28,BALDHWF1,-7.692088328200086,ToD blocks
2023-06-04,BALDHWF1,-28.47705747084101,ToD blocks
2023-06-11,BALDHWF1,-5.802075037043117,ToD blocks
2023-06-18,BALDHWF1,-4.627008653187966,ToD blocks
2023-06-25,BALDHWF1,-58.239620719219175,ToD blocks
2023-07-02,BALDHWF1,-13.252954656118249,ToD blocks
2023-07-09,BALDHWF1,-56.26576999810701,ToD blocks
2023-07-16,BALDHWF1,-8.133178483391035,ToD blocks
2023-07-23,BALDHWF1,0.08232746619722775,ToD blocks
2023-07-30,BALDHWF1,-26.009348970289587,ToD blocks
2023-08-06,BALDHWF1,-21.32377774489608,ToD blocks
2023-08-13,BALDHWF1,-18.809530037689093,ToD blocks
2023-08-20,BALDHWF1,-63.79582247247837,ToD blocks
2023-08-27,BALDHWF1,-6.8083551391448225,ToD blocks
2023-09-03,BALDHWF1,5.786558471307302,ToD blocks
2023-09-10,BALDHWF1,-0.1707160741699525,ToD blocks
2023-09-17,BALDHWF1,-28.078221243123547,ToD blocks
2023-09-24,BALDHWF1,-16.278697034886477,ToD blocks
2023-10-01,BALDHWF1,-18.654046609627375,ToD blocks
2023-10-08,BALDHWF1,-5.812716873418406,ToD blocks
2023-10-15,BALDHWF1,-11.91681674015679,ToD blocks
2023-10-22,BALDHWF1,-19.467835759548983,ToD blocks
2023-10-29,BALDHWF1,10.23445923204114,ToD blocks
2023-11-05,BALDHWF1,-12.024026826337204,ToD blocks
2023-11-12,BALDHWF1,-22.226874887674114,ToD blocks
2023-11-19,BALDHWF1,-2.215240618359587,ToD blocks
2023-11-26,BALDHWF1,-5.6821105910428,ToD blocks
2023-12-03,BALDHWF1,-0.6886175995998904,ToD blocks
2023-12-10,BALDHWF1,-4.7055219489304605,ToD blocks
2023-12-17,BALDHWF1,-3.4702576877157014,ToD blocks
2023-12-24,BALDHWF1,-9.817601932464171,ToD blocks
2023-12-31,BALDHWF1,1.338653096904551,ToD blocks
2024-01-07,BALDHWF1,-4.769278563199794,ToD blocks
2024-01-14,BALDHWF1,-6.579764211128364,ToD blocks
2024-01-21,BALDHWF1,-3.40582619540017,ToD blocks
2024-01-28,BALDHWF1,3.9584977733506275,ToD blocks
2024-02-04,BALDHWF1,-17.461872141423378,ToD blocks
2024-02-11,BALDHWF1,1.185175079093014,ToD blocks
2024-02-18,BALDHWF1,1728.734333350515,ToD blocks
2024-02-25,BALDHWF1,11.779979992852354,ToD blocks
2024-03-03,BALDHWF1,-7.961838526103712,ToD blocks
2024-03-10,BALDHWF1,6.968969323841435,ToD blocks
2024-03-17,BALDHWF1,-8.939097976991746,ToD blocks
2024-03-24,BALDHWF1,-7.53331679397623,ToD blocks
2024-03-31,BALDHWF1,-4.156487340217694,ToD blocks
2024-04-07,BALDHWF1,-11.512495802361379,ToD blocks
2024-04-14,BALDHWF1,-21.58046113343066,ToD blocks
2024-04-21,BALDHWF1,-20.62912993460185,ToD blocks
2024-04-28,BALDHWF1,-22.77436343513346,ToD blocks
2024-05-05,BALDHWF1,7.535491802989881,ToD blocks
2024-05-12,BALDHWF1,-0.10837766628765166,ToD blocks
2024-05-19,BALDHWF1,-14.897589755762084,ToD blocks
2024-05-26,BALDHWF1,1.522485378060992,ToD blocks
2024-06-02,BALDHWF1,-23.816353674332177,ToD blocks
2024-06-09,BALDHWF1,19.528683369108506,ToD blocks
2024-06-16,BALDHWF1,-40.65379436328415,ToD blocks
2024-06-23,BALDHWF1,-23.308572394145642,ToD blocks
2024-06-30,BALDHWF1,-17.134626566098817,ToD blocks
2024-07-07,BALDHWF1,-15.784915047287967,ToD blocks
2024-07-14,BALDHWF1,-0.13800571933543893,ToD blocks
2024-07-21,BALDHWF1,-14.640480761535855,ToD blocks
2024-07-28,BALDHWF1,4.225532366484863,ToD blocks
2024-08-04,BALDHWF1,5.030009198684951,ToD blocks
2024-08-11,BALDHWF1,-246.81292225949133,ToD blocks
2024-08-18,BALDHWF1,5.733306446021103,ToD blocks
2024-08-25,BALDHWF1,-9.069460341029355,ToD blocks
2024-09-01,BALDHWF1,0.4116981650442959,ToD blocks
2024-09-08,BALDHWF1,-2.2215232563955896,ToD blocks
2024-09-15,BALDHWF1,1.2894909882483532,ToD blocks
2024-09-22,BALDHWF1,-3.78558227252985,ToD blocks
2024-09-29,BALDHWF1,-17.22605112022152,ToD blocks
2024-10-06,BALDHWF1,-16.509645948041758,ToD blocks
2024-10-13,BALDHWF1,-8.433542656974007,ToD blocks
2024-10-20,BALDHWF1,0.2459314101287866,ToD blocks
2024-10-27,BALDHWF1,3.589476620822971,ToD blocks
2024-11-03,BALDHWF1,-1.357890909882519,ToD blocks
2024-11-10,BALDHWF1,-18.904885734576016,ToD blocks
2024-11-17,BALDHWF1,2.8092996681217315,ToD blocks
2024-11-24,BALDHWF1,-18.25197686486412,ToD blocks
2024-12-01,BALDHWF1,-10.573043819948367,ToD blocks
2024-12-08,BALDHWF1,-23.00734374205571,ToD blocks
2024-12-15,BALDHWF1,-20.440077839279454,ToD blocks
2024-12-22,BALDHWF1,14.476931329452942,ToD blocks
2024-12-29,BALDHWF1,-14.1797199018791,ToD blocks
2025-01-05,BALDHWF1,-37.86591648977606,ToD blocks
2020-01-05,CROWLWF1,-12.961684734613165,ToD blocks
2020-01-12,CROWLWF1,-7.810148603429852,ToD blocks
2020-01-19,CROWLWF1,-11.081609520320491,ToD blocks
2020-01-26,CROWLWF1,-10.79227352305496,ToD blocks
2020-02-02,CROWLWF1,147.84189380481928,ToD blocks
2020-02-09,CROWLWF1,-1.82308733322742,ToD blocks
2020-02-16,CROWLWF1,-2.1917756084361315,ToD blocks
2020-02-23,CROWLWF1,-0.21425204888290494,ToD blocks
2020-03-01,CROWLWF1,-1.2255518878867377,ToD blocks
2020-03-08,CROWLWF1,-1.416266046164374,ToD blocks
2020-03-15,CROWLWF1,-2.818137218171451,ToD blocks
2020-03-22,CROWLWF1,-1.9515626386293548,ToD blocks
2020-03-29,CROWLWF1,-1.0895226925814612,ToD blocks
2020-04-05,CROWLWF1,-15.144856858689302,ToD blocks
2020-04-12,CROWLWF1,-10.332361105531874,ToD blocks
2020-04-19,CROWLWF1,-6.778718971998831,ToD blocks
2020-04-26,CROWLWF1,-6.332321753061414,ToD blocks
2020-05-03,CROWLWF1,-4.177970983430555,ToD blocks
2020-05-10,CROWLWF1,-7.035691556142332,ToD blocks
2020-05-17,CROWLWF1,-8.294564125753787,ToD blocks
2020-05-24,CROWLWF1,-3.050623140960809,ToD blocks
2020-05-31,CROWLWF1,-7.1010350940645,ToD blocks
2020-06-07,CROWLWF1,-7.8823338927582896,ToD blocks
2020-06-14,CROWLWF1,-30.20961256120676,ToD blocks
2020-06-21,CROWLWF1,-7.175436978540414,ToD blocks
2020-06-28,CROWLWF1,-7.846811653722895,ToD blocks
2020-07-05,CROWLWF1,-1.637478332972087,ToD blocks
2020-07-12,CROWLWF1,-8.497215702096554,ToD blocks
2020-07-19,CROWLWF1,-8.981405380286951,ToD blocks
2020-07-26,CROWLWF1,-9.491060210508365,ToD blocks
2020-08-02,CROWLWF1,-4.123187916354411,ToD blocks
2020-08-09,CROWLWF1,-3.27053732005416,ToD blocks
2020-08-16,CROWLWF1,-2.754329950268719,ToD blocks
2020-08-23,CROWLWF1,-1.0789493609271403,ToD blocks
2020-08-30,CROWLWF1,-30.329989812466685,ToD blocks
2020-09-06,CROWLWF1,-8.570494229222035,ToD blocks
2020-09-13,CROWLWF1,-3.285325388827431,ToD blocks
2020-09-20,CROWLWF1,-5.107180500732227,ToD blocks
2020-09-27,CROWLWF1,-4.8102021329996205,ToD blocks
2020-10-04,CROWLWF1,-14.514600812998887,ToD blocks
2020-10-11,CROWLWF1,-14.387951166780788,ToD blocks
2020-10-18,CROWLWF1,-5.145879286193306,ToD blocks
2020-10-25,CROWLWF1,-20.46031463836163,ToD blocks
2020-11-01,CROWLWF1,-3.391948688537312,ToD blocks
2020-11-08,CROWLWF1,0.36842523483289824,ToD blocks
2020-11-15,CROWLWF1,-5.0997603517894206,ToD blocks
2020-11-22,CROWLWF1,-6.5016321745498615,ToD blocks
2020-11-29,CROWLWF1,-9.789661204154946,ToD blocks
2020-12-06,CROWLWF1,-11.830786200700812,ToD blocks
2020-12-13,CROWLWF1,-8.672625855946773,ToD blocks
2020-12-20,CROWLWF1,-5.430059717458867,ToD blocks
2020-12-27,CROWLWF1,-7.755233602875663,ToD blocks
2021-01-03,CROWLWF1,-2.0299749982738504,ToD blocks
2021-01-10,CROWLWF1,-9.762027225629618,ToD blocks
2021-01-17,CROWLWF1,-2.434890379457432,ToD blocks
2021-01-24,CROWLWF1,-3.669184472846247,ToD blocks
2021-01-31,CROWLWF1,-1.1683537546714255,ToD blocks
2021-02-07,CROWLWF1,-5.108008484701909,ToD blocks
2021-02-14,CROWLWF1,-3.011562879440664,ToD blocks
2021-02-21,CROWLWF1,-4.611379201651438,ToD blocks
2021-02-28,CROWLWF1,-2.8598197246664085,ToD blocks
2021-03-07,CROWLWF1,-1.949525471165952,ToD blocks
2021-03-14,CROWLWF1,-4.970808854307361,ToD blocks
2021-03-21,CROWLWF1,0.9448239363538171,ToD blocks
2021-03-28,CROWLWF1,-0.34960373017560187,ToD blocks
2021-04-04,CROWLWF1,-5.472186856643582,ToD blocks
2021-04-11,CROWLWF1,-13.4070090062774,ToD blocks
2021-04-18,CROWLWF1,-19.626988697347404,ToD blocks
2021-04-25,CROWLWF1,-13.615676577463972,ToD blocks
2021-05-02,CROWLWF1,-43.8642078660922,ToD blocks
2021-05-09,CROWLWF1,-10.379135096825316,ToD blocks
2021-05-16,CROWLWF1,-21.863255103177238,ToD blocks
2021-05-23,CROWLWF1,-62.622127088633064,ToD blocks
2021-05-30,CROWLWF1,-22.476490987734422,ToD blocks
2021-06-06,CROWLWF1,-12.282204922987944,ToD blocks
2021-06-13,CROWLWF1,-27.031192203467157,ToD blocks
2021-06-20,CROWLWF1,-16.511121646630457,ToD blocks
2021-06-27,CROWLWF1,-22.597722634237968,ToD blocks
2021-07-04,CROWLWF1,-9.744181319391366,ToD blocks
2021-07-11,CROWLWF1,-89.96098844469581,ToD blocks
2021-07-18,CROWLWF1,-9.355335312726929,ToD blocks
2021-07-25,CROWLWF1,-22.864955499781786,ToD blocks
2021-08-01,CROWLWF1,-9.251513323862838,ToD blocks
2021-08-08,CROWLWF1,-14.093761245889603,ToD blocks
2021-08-15,CROWLWF1,-15.292448643245272,ToD blocks
2021-08-22,CROWLWF1,-19.15216125394481,ToD blocks
2021-08-29,CROWLWF1,-11.111563331453283,ToD blocks
2021-09-05,CROWLWF1,-9.365826138601427,ToD blocks
2021-09-12,CROWLWF1,-14.606609026900015,ToD blocks
2021-09-19,CROWLWF1,-11.458272622736391,ToD blocks
2021-09-26,CROWLWF1,-16.59611748280712,ToD blocks
2021-10-03,CROWLWF1,-10.020089864089876,ToD blocks
2021-10-10,CROWLWF1,-17.27697034051299,ToD blocks
2021-10-17,CROWLWF1,-16.131815025795184,ToD blocks
2021-10-24,CROWLWF1,-7.14178239277724,ToD blocks
2021-10-31,CROWLWF1,-21.563003537278455,ToD blocks
2021-11-07,CROWLWF1,-8.448591637478085,ToD blocks
2021-11-14,CROWLWF1,-12.8846888957283,ToD blocks
2021-11-21,CROWLWF1,-22.373284387103915,ToD blocks
2021-11-28,CROWLWF1,2.979855049321266,ToD blocks
2021-12-05,CROWLWF1,-7.923213031630354,ToD blocks
2021-12-12,CROWLWF1,-4.097108064267125,ToD blocks
2021-12-19,CROWLWF1,-18.774585888114874,ToD blocks
2021-12-26,CROWLWF1,-7.139362148077428,ToD blocks
2022-01-02,CROWLWF1,-15.102093028239949,ToD blocks
2022-01-09,CROWLWF1,-5.219616620514675,ToD blocks
2022-01-16,CROWLWF1,-6.886941074931521,ToD blocks
2022-01-23,CROWLWF1,-5.9215733549368,ToD blocks
2022-01-30,CROWLWF1,-2.142122019242805,ToD blocks
2022-02-06,CROWLWF1,-37.75469882588567,ToD blocks
2022-02-13,CROWLWF1,-13.032620415323954,ToD blocks
2022-02-20,CROWLWF1,-12.304809059604466,ToD blocks
2022-02-27,CROWLWF1,-5.019484179461379,ToD blocks
2022-03-06,CROWLWF1,-34.48592017349013,ToD blocks
2022-03-13,CROWLWF1,-14.676148798572962,ToD blocks
2022-03-20,CROWLWF1,-6.332787119256238,ToD blocks
2022-03-27,CROWLWF1,-7.654812669327292,ToD blocks
2022-04-03,CROWLWF1,-19.311543810694012,ToD blocks
2022-04-10,CROWLWF1,-34.12486067905502,ToD blocks
2022-04-17,CROWLWF1,-24.004889479656143,ToD blocks
2022-04-24,CROWLWF1,4.692569947390098,ToD blocks
2022-05-01,CROWLWF1,-1.8975305856349962,ToD blocks
2022-05-08,CROWLWF1,-55.247669585562846,ToD blocks
2022-05-15,CROWLWF1,-67.90469061015287,ToD blocks
2022-05-22,CROWLWF1,-22.42786829453229,ToD blocks
2022-05-29,CROWLWF1,-28.037189826764973,ToD blocks
2022-06-05,CROWLWF1,-73.51516792171273,ToD blocks
2022-06-12,CROWLWF1,-21.943964583948286,ToD blocks
2022-06-19,CROWLWF1,-75.07228797736863,ToD blocks
2022-06-26,CROWLWF1,-16.488265774847065,ToD blocks
2022-07-03,CROWLWF1,-43.38794912761301,ToD blocks
2022-07-10,CROWLWF1,-53.520653941790215,ToD blocks
2022-07-17,CROWLWF1,-191.03457193940483,ToD blocks
2022-07-24,CROWLWF1,-47.37424044260308,ToD blocks
2022-07-31,CROWLWF1,-64.94531193671423,ToD blocks
2022-08-07,CROWLWF1,-46.78399061886786,ToD blocks
2022-08-14,CROWLWF1,-46.111822720793455,ToD blocks
2022-08-21,CROWLWF1,-36.07447563978519,ToD blocks
2022-08-28,CROWLWF1,-46.369181907239096,ToD blocks
2022-09-04,CROWLWF1,-12.375328040919527,ToD blocks
2022-09-11,CROWLWF1,-13.441809634373584,ToD blocks
2022-09-18,CROWLWF1,-35.02702942396665,ToD blocks
2022-09-25,CROWLWF1,-38.719227276016056,ToD blocks
2022-10-02,CROWLWF1,3.668769074894527,ToD blocks
2022-10-09,CROWLWF1,-21.19745745239082,ToD blocks
2022-10-16,CROWLWF1,-39.235831901703634,ToD blocks
2022-10-23,CROWLWF1,-25.690284873228677,ToD blocks
2022-10-30,CROWLWF1,-27.345679128104557,ToD blocks
2022-11-06,CROWLWF1,-31.38566617515141,ToD blocks
2022-11-13,CROWLWF1,-23.092478494098906,ToD blocks
2022-11-20,CROWLWF1,-21.09480805281307,ToD blocks
2022-11-27,CROWLWF1,-26.451620851022277,ToD blocks
2022-12-04,CROWLWF1,-1.2130383806483138,ToD blocks
2022-12-11,CROWLWF1,-20.973135975795152,ToD blocks
2022-12-18,CROWLWF1,5.475323133779399,ToD blocks
2022-12-25,CROWLWF1,7.416024106369818,ToD blocks
2023-01-01,CROWLWF1,-5.541376601802888,ToD blocks
2023-01-08,CROWLWF1,5.990882479776181,ToD blocks
2023-01-15,CROWLWF1,26.85878289194288,ToD blocks
2023-01-22,CROWLWF1,0.5013923967915233,ToD blocks
2023-01-29,CROWLWF1,-11.527959955796526,ToD blocks
2023-02-05,CROWLWF1,3.3705559887321357,ToD blocks
2023-02-12,CROWLWF1,14.451496814644983,ToD blocks
2023-02-19,CROWLWF1,-12.90297559392333,ToD blocks
2023-02-26,CROWLWF1,-17.07632012338484,ToD blocks
2023-03-05,CROWLWF1,-7.099934398187436,ToD blocks
2023-03-12,CROWLWF1,-29.3301898274308,ToD blocks
2023-03-19,CROWLWF1,-22.12552347231685,ToD blocks
2023-03-26,CROWLWF1,-32.38639284690047,ToD blocks
2023-04-02,CROWLWF1,-21.376681212076647,ToD blocks
2023-04-09,CROWLWF1,-34.783392497298145,ToD blocks
2023-04-16,CROWLWF1,-36.94812915267705,ToD blocks
2023-04-23,CROWLWF1,-21.080058343917557,ToD blocks
2023-04-30,CROWLWF1,-58.62221695897158,ToD blocks
2023-05-07,CROWLWF1,-40.27559584945345,ToD blocks
2023-05-14,CROWLWF1,-11.910570212121797,ToD blocks
2023-05-21,CROWLWF1,18.960246053490494,ToD blocks
2023-05-28,CROWLWF1,-56.376061571205184,ToD blocks
2023-06-04,CROWLWF1,-36.660465151686445,ToD blocks
2023-06-11,CROWLWF1,-8.18036679212788,ToD blocks
2023-06-18,CROWLWF1,-11.671045498083043,ToD blocks
2023-06-25,CROWLWF1,-58.20142978949521,ToD blocks
2023-07-02,CROWLWF1,-5.750749713108419,ToD blocks
2023-07-09,CROWLWF1,-30.083212724234453,ToD blocks
2023-07-16,CROWLWF1,-17.625748322511797,ToD blocks
2023-07-23,CROWLWF1,-25.692587932666164,ToD blocks
2023-07-30,CROWLWF1,-40.76143268041024,ToD blocks
2023-08-06,CROWLWF1,-46.856568415463556,ToD blocks
2023-08-13,CROWLWF1,-19.675284804570147,ToD blocks
2023-08-20,CROWLWF1,-40.878405662350985,ToD blocks
2023-08-27,CROWLWF1,-6.789545239714251,ToD blocks
2023-09-03,CROWLWF1,-9.393569257345987,ToD blocks
2023-09-10,CROWLWF1,-17.713081535037944,ToD blocks
2023-09-17,CROWLWF1,-26.941175046274264,ToD blocks
2023-09-24,CROWLWF1,-21.90296770502887,ToD blocks
2023-10-01,CROWLWF1,-13.559658493387362,ToD blocks
2023-10-08,CROWLWF1,-0.21796372756144677,ToD blocks
2023-10-15,CROWLWF1,-18.12027794437914,ToD blocks
2023-10-22,CROWLWF1,-14.6457140304105,ToD blocks
2023-10-29,CROWLWF1,-12.653453522576093,ToD blocks
2023-11-05,CROWLWF1,-10.86984505231375,ToD blocks
2023-11-12,CROWLWF1,-24.901271628847923,ToD blocks
2023-11-19,CROWLWF1,12.228043713290738,ToD blocks
2023-11-26,CROWLWF1,-6.370574294949847,ToD blocks
2023-12-03,CROWLWF1,-6.162648325922472,ToD blocks
2023-12-10,CROWLWF1,-14.345874891408663,ToD blocks
2023-12-17,CROWLWF1,12.622785080835087,ToD blocks
2023-12-24,CROWLWF1,-0.34885959792970667,ToD blocks
2023-12-31,CROWLWF1,4.50579550114999,ToD blocks
2024-01-07,CROWLWF1,4.605627448445439,ToD blocks
2024-01-14,CROWLWF1,-12.696070696768679,ToD blocks
2024-01-21,CROWLWF1,-11.902433746242359,ToD blocks
2024-01-28,CROWLWF1,-4.502152237479335,ToD blocks
2024-02-04,CROWLWF1,-15.473198875730926,ToD blocks
2024-02-11,CROWLWF1,-2.0450853219872016,ToD blocks
2024-02-18,CROWLWF1,-141.11203696773006,ToD blocks
2024-02-25,CROWLWF1,0.11810279002897062,ToD blocks
2024-03-03,CROWLWF1,-11.975915770601745,ToD blocks
2024-03-10,CROWLWF1,-16.440409675184448,ToD blocks
2024-03-17,CROWLWF1,-9.054513372696213,ToD blocks
2024-03-24,CROWLWF1,-9.3089914354359,ToD blocks
2024-03-31,CROWLWF1,3.584271377580137,ToD blocks
2024-04-07,CROWLWF1,-3.0923637905834482,ToD blocks
2024-04-14,CROWLWF1,-15.602179269897007,ToD blocks
2024-04-21,CROWLWF1,-12.609098368720808,ToD blocks
2024-04-28,CROWLWF1,-27.534366226203346,ToD blocks
2024-05-05,CROWLWF1,-5.015582202919788,ToD blocks
2024-05-12,CROWLWF1,-19.938440012031535,ToD blocks
2024-05-19,CROWLWF1,-18.31536284162337,ToD blocks
2024-05-26,CROWLWF1,-15.318004020727528,ToD blocks
2024-06-02,CROWLWF1,-41.952428736666576,ToD blocks
2024-06-09,CROWLWF1,-22.657531995360813,ToD blocks
2024-06-16,CROWLWF1,-54.53360269487061,ToD blocks
2024-06-23,CROWLWF1,-14.41631979396891,ToD blocks
2024-06-30,CROWLWF1,-18.58865345668329,ToD blocks
2024-07-07,CROWLWF1,-8.378351006703951,ToD blocks
2024-07-14,CROWLWF1,-29.243387515435273,ToD blocks
2024-07-21,CROWLWF1,-14.479150788738735,ToD blocks
2024-07-28,CROWLWF1,-17.317121992305566,ToD blocks
2024-08-04,CROWLWF1,-93.56159994152114,ToD blocks
2024-08-11,CROWLWF1,-327.1241354667283,ToD blocks
2024-08-18,CROWLWF1,-8.83625669546619,ToD blocks
2024-08-25,CROWLWF1,-12.172515010648823,ToD blocks
2024-09-01,CROWLWF1,-5.333209800745468,ToD blocks
2024-09-08,CROWLWF1,-16.434062149885314,ToD blocks
2024-09-15,CROWLWF1,-9.431579616551296,ToD blocks
2024-09-22,CROWLWF1,-5.1748484392286525,ToD blocks
2024-09-29,CROWLWF1,-56.8666013913448,ToD blocks
2024-10-06,CROWLWF1,-24.581062760149287,ToD blocks
2024-10-13,CROWLWF1,-4.522914233664011,ToD blocks
2024-10-20,CROWLWF1,-3.523966602071596,ToD blocks
2024-10-27,CROWLWF1,-11.984923908314311,ToD blocks
2024-11-03,CROWLWF1,1.504576338875367,ToD blocks
2024-11-10,CROWLWF1,-23.287144408317296,ToD blocks
2024-11-17,CROWLWF1,-22.44481265756906,ToD blocks
2024-11-24,CROWLWF1,-20.160998923262248,ToD blocks
2024-12-01,CROWLWF1,-45.569228487916476,ToD blocks
2024-12-08,CROWLWF1,-10.168178418619036,ToD blocks
2024-12-15,CROWLWF1,-3.59009658886184,ToD blocks
2024-12-22,CROWLWF1,2.4216660634917844,ToD blocks
2024-12-29,CROWLWF1,-19.266089532470794,ToD blocks
2025-01-05,CROWLWF1,25.723079217033884,ToD blocks
2020-01-05,KIATAWF1,-6.3438911216919465,ToD blocks
2020-01-12,KIATAWF1,-5.931958406363812,ToD blocks
2020-01-19,KIATAWF1,-5.309136112778205,ToD blocks
2020-01-26,KIATAWF1,-6.4167621440879685,ToD blocks
2020-02-02,KIATAWF1,68.34931530257148,ToD blocks
2020-02-09,KIATAWF1,-2.312124366355139,ToD blocks
2020-02-16,KIATAWF1,-1.1532398268347777,ToD blocks
2020-02-23,KIATAWF1,1.9148765334432767,ToD blocks
2020-03-01,KIATAWF1,-3.0023323847808783,ToD blocks
2020-03-08,KIATAWF1,-0.7505921984158093,ToD blocks
2020-03-15,KIATAWF1,-0.9681574091842435,ToD blocks
2020-03-22,KIATAWF1,-2.3600234666089435,ToD blocks
2020-03-29,KIATAWF1,0.6530390969265412,ToD blocks
2020-04-05,KIATAWF1,-8.165256677860548,ToD blocks
2020-04-12,KIATAWF1,-9.344875017494672,ToD blocks
2020-04-19,KIATAWF1,-7.125448165750775,ToD blocks
2020-04-26,KIATAWF1,-6.602369251645904,ToD blocks
2020-05-03,KIATAWF1,-3.809742211022453,ToD blocks
2020-05-10,KIATAWF1,-5.794124701446506,ToD blocks
2020-05-17,KIATAWF1,-9.233457586787765,ToD blocks
2020-05-24,KIATAWF1,-2.7119172952592976,ToD blocks
2020-05-31,KIATAWF1,-5.085669345676486,ToD blocks
2020-06-07,KIATAWF1,-6.877017962566754,ToD blocks
2020-06-14,KIATAWF1,-28.306046995113846,ToD blocks
2020-06-21,KIATAWF1,-6.153685120894366,ToD blocks
2020-06-28,KIATAWF1,-5.804202895483016,ToD blocks
2020-07-05,KIATAWF1,-0.2851234716312234,ToD blocks
2020-07-12,KIATAWF1,-7.240471752114416,ToD blocks
2020-07-19,KIATAWF1,-12.042918457665607,ToD blocks
2020-07-26,KIATAWF1,-13.583276788998852,ToD blocks
2020-08-02,KIATAWF1,-3.70442515999283,ToD blocks
2020-08-09,KIATAWF1,-1.4505622894901862,ToD blocks
2020-08-16,KIATAWF1,-3.7260234850141956,ToD blocks
2020-08-23,KIATAWF1,-1.7805735042687019,ToD blocks
2020-08-30,KIATAWF1,-30.299897649142263,ToD blocks
2020-09-06,KIATAWF1,-2.5832714713304767,ToD blocks
2020-09-13,KIATAWF1,0.47597561160007373,ToD blocks
2020-09-20,KIATAWF1,-4.109144232520993,ToD blocks
2020-09-27,KIATAWF1,-1.5180607984503496,ToD blocks
2020-10-04,KIATAWF1,-8.620700381406149,ToD blocks
2020-10-11,KIATAWF1,-10.150493327412228,ToD blocks
2020-10-18,KIATAWF1,-3.251527388879616,ToD blocks
2020-10-25,KIATAWF1,-8.10877373791287,ToD blocks
2020-11-01,KIATAWF1,-1.641782808027635,ToD blocks
2020-11-08,KIATAWF1,-1.090438638855943,ToD blocks
2020-11-15,KIATAWF1,-4.099130016541061,ToD blocks
2020-11-22,KIATAWF1,-6.78442994051445,ToD blocks
2020-11-29,KIATAWF1,-2.2948392595479916,ToD blocks
2020-12-06,KIATAWF1,-8.687251773523851,ToD blocks
2020-12-13,KIATAWF1,1.9302617670094726,ToD blocks
2020-12-20,KIATAWF1,-2.7470102578204347,ToD blocks
2020-12-27,KIATAWF1,-0.8848071695807782,ToD blocks
2021-01-03,KIATAWF1,3.884253292055522,ToD blocks
2021-01-10,KIATAWF1,-2.5986543141779386,ToD blocks
2021-01-17,KIATAWF1,5.502708584438906,ToD blocks
2021-01-24,KIATAWF1,2.2764870666953314,ToD blocks
2021-01-31,KIATAWF1,5.09639761456414,ToD blocks
2021-02-07,KIATAWF1,0.6970361635633537,ToD blocks
2021-02-14,KIATAWF1,2.9257393168660677,ToD blocks
2021-02-21,KIATAWF1,-1.8619724305082102,ToD blocks
2021-02-28,KIATAWF1,4.1458524315441,ToD blocks
2021-03-07,KIATAWF1,2.2603966829283095,ToD blocks
2021-03-14,KIATAWF1,-1.828843276730197,ToD blocks
2021-03-21,KIATAWF1,0.2523609898075314,ToD blocks
2021-03-28,KIATAWF1,-2.2331816000933813,ToD blocks
2021-04-04,KIATAWF1,-0.6429943940514491,ToD blocks
2021-04-11,KIATAWF1,-10.376788763752021,ToD blocks
2021-04-18,KIATAWF1,11.905855777106318,ToD blocks
2021-04-25,KIATAWF1,-13.257850088236339,ToD blocks
2021-05-02,KIATAWF1,-24.80957419561132,ToD blocks
2021-05-09,KIATAWF1,-0.8825047841212452,ToD blocks
2021-05-16,KIATAWF1,-17.13135711066228,ToD blocks
2021-05-23,KIATAWF1,-85.11179288262093,ToD blocks
2021-05-30,KIATAWF1,-15.930990780133321,ToD blocks
2021-06-06,KIATAWF1,-11.72840448299035,ToD blocks
2021-06-13,KIATAWF1,-12.188081528084972,ToD blocks
2021-06-20,KIATAWF1,-5.457150112011163,ToD blocks
2021-06-27,KIATAWF1,-19.893406933821282,ToD blocks
2021-07-04,KIATAWF1,-5.059860234864843,ToD blocks
2021-07-11,KIATAWF1,-50.0262994848608,ToD blocks
2021-07-18,KIATAWF1,-10.090803726383136,ToD blocks
2021-07-25,KIATAWF1,-21.01553450431014,ToD blocks
2021-08-01,KIATAWF1,-5.228291913996308,ToD blocks
2021-08-08,KIATAWF1,-6.349714821901685,ToD blocks
2021-08-15,KIATAWF1,-19.846679361190606,ToD blocks
2021-08-22,KIATAWF1,-23.335467545046665,ToD blocks
2021-08-29,KIATAWF1,-10.214079748073686,ToD blocks
2021-09-05,KIATAWF1,-12.87583939495426,ToD blocks
2021-09-12,KIATAWF1,-10.851677698304071,ToD blocks
2021-09-19,KIATAWF1,-17.585343123379552,ToD blocks
2021-09-26,KIATAWF1,-11.169242565708252,ToD blocks
2021-10-03,KIATAWF1,-4.654818549099879,ToD blocks
2021-10-10,KIATAWF1,-13.371513900602253,ToD blocks
2021-10-17,KIATAWF1,-16.043096448496275,ToD blocks
2021-10-24,KIATAWF1,-4.3838274137757764,ToD blocks
2021-10-31,KIATAWF1,-9.808931324012317,ToD blocks
2021-11-07,KIATAWF1,-5.683031552686998,ToD blocks
2021-11-14,KIATAWF1,-9.681145911624348,ToD blocks
2021-11-21,KIATAWF1,-20.416790765226917,ToD blocks
2021-11-28,KIATAWF1,-9.711488985822548,ToD blocks
2021-12-05,KIATAWF1,-3.663053202965095,ToD blocks
2021-12-12,KIATAWF1,-2.750625168006316,ToD blocks
2021-12-19,KIATAWF1,-13.102112812000392,ToD blocks
2021-12-26,KIATAWF1,-8.814610612371098,ToD blocks
2022-01-02,KIATAWF1,-12.748987823568662,ToD blocks
2022-01-09,KIATAWF1,-5.75328511718547,ToD blocks
2022-01-16,KIATAWF1,-3.5654033070054822,ToD blocks
2022-01-23,KIATAWF1,-4.316231665375948,ToD blocks
2022-01-30,KIATAWF1,-4.582650676714991,ToD blocks
2022-02-06,KIATAWF1,-45.29394476642148,ToD blocks
2022-02-13,KIATAWF1,-3.95370329184027,ToD blocks
2022-02-20,KIATAWF1,-5.343405558357276,ToD blocks
2022-02-27,KIATAWF1,5.278169828079761,ToD blocks
2022-03-06,KIATAWF1,-20.060867872012764,ToD blocks
2022-03-13,KIATAWF1,-11.509306586034448,ToD blocks
2022-03-20,KIATAWF1,-9.148683761855416,ToD blocks
2022-03-27,KIATAWF1,-6.733540886516266,ToD blocks
2022-04-03,KIATAWF1,-22.013136070774408,ToD blocks
2022-04-10,KIATAWF1,-31.904278226697485,ToD blocks
2022-04-17,KIATAWF1,-13.530401992838279,ToD blocks
2022-04-24,KIATAWF1,-7.202746815414002,ToD blocks
2022-05-01,KIATAWF1,-9.052259826291447,ToD blocks
2022-05-08,KIATAWF1,-39.65945327363809,ToD blocks
2022-05-15,KIATAWF1,-63.04609107585949,ToD blocks
2022-05-22,KIATAWF1,-6.603233659011835,ToD blocks
2022-05-29,KIATAWF1,-14.634979972148528,ToD blocks
2022-06-05,KIATAWF1,-70.39919676230943,ToD blocks
2022-06-12,KIATAWF1,-17.218732397921997,ToD blocks
2022-06-19,KIATAWF1,-71.92208234483192,ToD blocks
2022-06-26,KIATAWF1,-9.465559575815746,ToD blocks
2022-07-03,KIATAWF1,-38.03071054432684,ToD blocks
2022-07-10,KIATAWF1,-36.18175606218995,ToD blocks
2022-07-17,KIATAWF1,-177.92957157818955,ToD blocks
2022-07-24,KIATAWF1,-32.055339054315084,ToD blocks
2022-07-31,KIATAWF1,-40.83177505193714,ToD blocks
2022-08-07,KIATAWF1,-32.90085005079655,ToD blocks
2022-08-14,KIATAWF1,-51.603680127964495,ToD blocks
2022-08-21,KIATAWF1,-37.87959901170157,ToD blocks
2022-08-28,KIATAWF1,-27.206847796752527,ToD blocks
2022-09-04,KIATAWF1,-17.266443898639878,ToD blocks
2022-09-11,KIATAWF1,-8.765658867697113,ToD blocks
2022-09-18,KIATAWF1,-33.508588403361685,ToD blocks
2022-09-25,KIATAWF1,-27.65368488468674,ToD blocks
2022-10-02,KIATAWF1,1.373226022052279,ToD blocks
2022-10-09,KIATAWF1,-11.037288972104065,ToD blocks
2022-10-16,KIATAWF1,-44.80109171986864,ToD blocks
2022-10-23,KIATAWF1,-20.1461895060977,ToD blocks
2022-10-30,KIATAWF1,-32.363963877820716,ToD blocks
2022-11-06,KIATAWF1,-28.08337073387065,ToD blocks
2022-11-13,KIATAWF1,-12.851452049928554,ToD blocks
2022-11-20,KIATAWF1,-32.309579236581214,ToD blocks
2022-11-27,KIATAWF1,-42.01669160811177,ToD blocks
2022-12-04,KIATAWF1,-4.467932671343377,ToD blocks
2022-12-11,KIATAWF1,-22.69973607791752,ToD blocks
2022-12-18,KIATAWF1,-5.544119622156103,ToD blocks
2022-12-25,KIATAWF1,0.06997534162810837,ToD blocks
2023-01-01,KIATAWF1,1.7291434960699092,ToD blocks
2023-01-08,KIATAWF1,-8.61517984069842,ToD blocks
2023-01-15,KIATAWF1,-14.93476097704307,ToD blocks
2023-01-22,KIATAWF1,-15.370381003498387,ToD blocks
2023-01-29,KIATAWF1,-16.10150315737333,ToD blocks
2023-02-05,KIATAWF1,-14.221219379542681,ToD blocks
2023-02-12,KIATAWF1,-3.5480487750699297,ToD blocks
2023-02-19,KIATAWF1,-12.432139599527815,ToD blocks
2023-02-26,KIATAWF1,-9.881999376129173,ToD blocks
2023-03-05,KIATAWF1,-1.92558165416294,ToD blocks
2023-03-12,KIATAWF1,-17.223516956490432,ToD blocks
2023-03-19,KIATAWF1,-27.60481526995998,ToD blocks
2023-03-26,KIATAWF1,-4.351567762987244,ToD blocks
2023-04-02,KIATAWF1,-16.828802596182754,ToD blocks
2023-04-09,KIATAWF1,-22.26089310838026,ToD blocks
2023-04-16,KIATAWF1,-22.17182803836689,ToD blocks
2023-04-23,KIATAWF1,-7.088977186336621,ToD blocks
2023-04-30,KIATAWF1,-35.9727302375349,ToD blocks
2023-05-07,KIATAWF1,-27.811588537937226,ToD blocks
2023-05-14,KIATAWF1,-11.92694113314812,ToD blocks
2023-05-21,KIATAWF1,-21.55570861370741,ToD blocks
2023-05-28,KIATAWF1,-37.2164168234774,ToD blocks
2023-06-04,KIATAWF1,-14.625566809793355,ToD blocks
2023-06-11,KIATAWF1,-8.449873985468507,ToD blocks
2023-06-18,KIATAWF1,-6.993219110243036,ToD blocks
2023-06-25,KIATAWF1,-29.82550356258261,ToD blocks
2023-07-02,KIATAWF1,-11.949319965940447,ToD blocks
2023-07-09,KIATAWF1,-39.46620597091114,ToD blocks
2023-07-16,KIATAWF1,-18.517384588289936,ToD blocks
2023-07-23,KIATAWF1,-25.557097153411178,ToD blocks
2023-07-30,KIATAWF1,-39.340947280115806,ToD blocks
2023-08-06,KIATAWF1,-45.44472295389176,ToD blocks
2023-08-13,KIATAWF1,-19.917023947268007,ToD blocks
2023-08-20,KIATAWF1,-58.72950157069666,ToD blocks
2023-08-27,KIATAWF1,0.7993932990747652,ToD blocks
2023-09-03,KIATAWF1,-12.32626342664787,ToD blocks
2023-09-10,KIATAWF1,1.1213230471496338,ToD blocks
2023-09-17,KIATAWF1,-0.08386416072361413,ToD blocks
2023-09-24,KIATAWF1,-1.8014477508486024,ToD blocks
2023-10-01,KIATAWF1,7.188179658638852,ToD blocks
2023-10-08,KIATAWF1,-1.6853388821876152,ToD blocks
2023-10-15,KIATAWF1,-2.843090272499765,ToD blocks
2023-10-22,KIATAWF1,-2.1787006051450817,ToD blocks
2023-10-29,KIATAWF1,14.717975090068318,ToD blocks
2023-11-05,KIATAWF1,9.302300698924824,ToD blocks
2023-11-12,KIATAWF1,3.901419674753697,ToD blocks
2023-11-19,KIATAWF1,24.098099349646688,ToD blocks
2023-11-26,KIATAWF1,-0.27218272174425095,ToD blocks
2023-12-03,KIATAWF1,-0.7412336149332575,ToD blocks
2023-12-10,KIATAWF1,-7.7322450310354895,ToD blocks
2023-12-17,KIATAWF1,10.680614520625035,ToD blocks
2023-12-24,KIATAWF1,13.988178596388853,ToD blocks
2023-12-31,KIATAWF1,16.221247221326063,ToD blocks
2024-01-07,KIATAWF1,1.7661325833424257,ToD blocks
2024-01-14,KIATAWF1,-2.1745608847865228,ToD blocks
2024-01-21,KIATAWF1,5.409672639655536,ToD blocks
2024-01-28,KIATAWF1,14.686725093960238,ToD blocks
2024-02-04,KIATAWF1,12.187890126370107,ToD blocks
2024-02-11,KIATAWF1,16.731660045175786,ToD blocks
2024-02-18,KIATAWF1,-56.6732818051303,ToD blocks
2024-02-25,KIATAWF1,13.794492499436593,ToD blocks
2024-03-03,KIATAWF1,7.713313046893525,ToD blocks
2024-03-10,KIATAWF1,-1.620208273606238,ToD blocks
2024-03-17,KIATAWF1,-9.141281534784838,ToD blocks
2024-03-24,KIATAWF1,8.54334630694936,ToD blocks
2024-03-31,KIATAWF1,5.036230992922782,ToD blocks
2024-04-07,KIATAWF1,-3.3625533729072004,ToD blocks
2024-04-14,KIATAWF1,-14.294521958122061,ToD blocks
2024-04-21,KIATAWF1,-4.99038758638541,ToD blocks
2024-04-28,KIATAWF1,-13.065525766643901,ToD blocks
2024-05-05,KIATAWF1,-1.5618903926705912,ToD blocks
2024-05-12,KIATAWF1,-0.8624276223836205,ToD blocks
2024-05-19,KIATAWF1,-26.263122202706256,ToD blocks
2024-05-26,KIATAWF1,-19.089992518585092,ToD blocks
2024-06-02,KIATAWF1,-22.752850245740447,ToD blocks
2024-06-09,KIATAWF1,-16.75453226245645,ToD blocks
2024-06-16,KIATAWF1,-27.78387069169348,ToD blocks
2024-06-23,KIATAWF1,-4.441502424992166,ToD blocks
2024-06-30,KIATAWF1,-12.970486628793594,ToD blocks
2024-07-07,KIATAWF1,-18.60364891756865,ToD blocks
2024-07-14,KIATAWF1,-24.73439132212718,ToD blocks
2024-07-21,KIATAWF1,-12.136813677963374,ToD blocks
2024-07-28,KIATAWF1,-5.530282259290679,ToD blocks
2024-08-04,KIATAWF1,-98.60528422452853,ToD blocks
2024-08-11,KIATAWF1,-352.3234259532365,ToD blocks
2024-08-18,KIATAWF1,-7.297368295437991,ToD blocks
2024-08-25,KIATAWF1,-0.672763672759622,ToD blocks
2024-09-01,KIATAWF1,11.498001758750235,ToD blocks
2024-09-08,KIATAWF1,1.887898255769855,ToD blocks
2024-09-15,KIATAWF1,5.071146044390346,ToD blocks
2024-09-22,KIATAWF1,2.327187478261095,ToD blocks
2024-09-29,KIATAWF1,-11.215969123398736,ToD blocks
2024-10-06,KIATAWF1,-0.6002605491502528,ToD blocks
2024-10-13,KIATAWF1,1.160888136732531,ToD blocks
2024-10-20,KIATAWF1,4.392005537207531,ToD blocks
2024-10-27,KIATAWF1,1.4226260592141884,ToD blocks
2024-11-03,KIATAWF1,12.948124500603313,ToD blocks
2024-11-10,KIATAWF1,-2.5024841656068304,ToD blocks
2024-11-17,KIATAWF1,13.428959259360482,ToD blocks
2024-11-24,KIATAWF1,-4.439825121764613,ToD blocks
2024-12-01,KIATAWF1,-8.778179818743382,ToD blocks
2024-12-08,KIATAWF1,1.938259088472023,ToD blocks
2024-12-15,KIATAWF1,13.27223106019781,ToD blocks
2024-12-22,KIATAWF1,26.626922601115616,ToD blocks
2024-12-29,KIATAWF1,15.76742383549555,ToD blocks
2025-01-05,KIATAWF1,19.97460123982559,ToD blocks
2020-01-05,MACARTH1,-9.243196698301851,ToD blocks
2020-01-12,MACARTH1,-7.438834911293576,ToD blocks
2020-01-19,MACARTH1,-11.384285715187382,ToD blocks
2020-01-26,MACARTH1,-12.812830320611855,ToD blocks
2020-02-02,MACARTH1,-295.2925043894106,ToD blocks
2020-02-09,MACARTH1,,ToD blocks
2020-02-16,MACARTH1,,ToD blocks
2020-02-23,MACARTH1,-1.8311485907966087,ToD blocks
2020-03-01,MACARTH1,-7.028270496077511,ToD blocks
2020-03-08,MACARTH1,-7.63395005573264,ToD blocks
2020-03-15,MACARTH1,-1.6004542901616574,ToD blocks
2020-03-22,MACARTH1,-4.126591811607071,ToD blocks
2020-03-29,MACARTH1,-2.8254916263454035,ToD blocks
2020-04-05,MACARTH1,-16.109809719028824,ToD blocks
2020-04-12,MACARTH1,-17.336238891033318,ToD blocks
2020-04-19,MACARTH1,-7.686707873299408,ToD blocks
2020-04-26,MACARTH1,-6.649389222861233,ToD blocks
2020-05-03,MACARTH1,-6.532185158238413,ToD blocks
2020-05-10,MACARTH1,-8.41571155487675,ToD blocks
2020-05-17,MACARTH1,-13.692603319325105,ToD blocks
2020-05-24,MACARTH1,-4.27211356455431,ToD blocks
2020-05-31,MACARTH1,-8.193072537954855,ToD blocks
2020-06-07,MACARTH1,-10.140883781934953,ToD blocks
2020-06-14,MACARTH1,-28.37970589608875,ToD blocks
2020-06-21,MACARTH1,-8.180747805052611,ToD blocks
2020-06-28,MACARTH1,-9.565121657982928,ToD blocks
2020-07-05,MACARTH1,-5.429264459679615,ToD blocks
2020-07-12,MACARTH1,-7.457316892625087,ToD blocks
2020-07-19,MACARTH1,-15.742989147778914,ToD blocks
2020-07-26,MACARTH1,-17.050605056784157,ToD blocks
2020-08-02,MACARTH1,-3.719566829802474,ToD blocks
2020-08-09,MACARTH1,-2.7049796387946756,ToD blocks
2020-08-16,MACARTH1,-5.4436392514895005,ToD blocks
2020-08-23,MACARTH1,-0.9954021898274803,ToD blocks
2020-08-30,MACARTH1,42.4211767919876,ToD blocks
2020-09-06,MACARTH1,,ToD blocks
2020-09-13,MACARTH1,,ToD blocks
2020-09-20,MACARTH1,-14.316604059947188,ToD blocks
2020-09-27,MACARTH1,-3.98325356271107,ToD blocks
2020-10-04,MACARTH1,-17.84510218275328,ToD blocks
2020-10-11,MACARTH1,-15.80493875879931,ToD blocks
2020-10-18,MACARTH1,-6.399534786700691,ToD blocks
2020-10-25,MACARTH1,-21.659401392287897,ToD blocks
2020-11-01,MACARTH1,-5.260789832383772,ToD blocks
2020-11-08,MACARTH1,-5.273196893865929,ToD blocks
2020-11-15,MACARTH1,-7.683972915018398,ToD blocks
2020-11-22,MACARTH1,-2.585520745813085,ToD blocks
2020-11-29,MACARTH1,-13.256583038543369,ToD blocks
2020-12-06,MACARTH1,-24.17611643212467,ToD blocks
2020-12-13,MACARTH1,-6.436736206308899,ToD blocks
2020-12-20,MACARTH1,-3.969736653546839,ToD blocks
2020-12-27,MACARTH1,-13.618743578085653,ToD blocks
2021-01-03,MACARTH1,-5.21719973775485,ToD blocks
2021-01-10,MACARTH1,-11.110206257952735,ToD blocks
2021-01-17,MACARTH1,-9.98591085604674,ToD blocks
2021-01-24,MACARTH1,-4.825972956981246,ToD blocks
2021-01-31,MACARTH1,-4.292612040526576,ToD blocks
2021-02-07,MACARTH1,-3.3349572015696367,ToD blocks
2021-02-14,MACARTH1,0.19772039405952313,ToD blocks
2021-02-21,MACARTH1,-3.3801015919336237,ToD blocks
2021-02-28,MACARTH1,-16.72821400173251,ToD blocks
2021-03-07,MACARTH1,-0.5140690537213324,ToD blocks
2021-03-14,MACARTH1,-0.8313416521264898,ToD blocks
2021-03-21,MACARTH1,-0.817169577931466,ToD blocks
2021-03-28,MACARTH1,-4.1067531292081085,ToD blocks
2021-04-04,MACARTH1,-15.230373655615884,ToD blocks
2021-04-11,MACARTH1,-17.361437716410087,ToD blocks
2021-04-18,MACARTH1,-22.62375587967226,ToD blocks
2021-04-25,MACARTH1,-14.041672418318797,ToD blocks
2021-05-02,MACARTH1,-37.94010223237996,ToD blocks
2021-05-09,MACARTH1,-12.71031485389745,ToD blocks
2021-05-16,MACARTH1,-74.93115081105817,ToD blocks
2021-05-23,MACARTH1,,ToD blocks
2021-05-30,MACARTH1,-17.133532670619594,ToD blocks
2021-06-06,MACARTH1,-17.118887370759666,ToD blocks
2021-06-13,MACARTH1,-29.98702895549002,ToD blocks
2021-06-20,MACARTH1,-17.0794211726478,ToD blocks
2021-06-27,MACARTH1,-29.651228996156718,ToD blocks
2021-07-04,MACARTH1,-9.39124472668724,ToD blocks
2021-07-11,MACARTH1,-59.74069901845235,ToD blocks
2021-07-18,MACARTH1,-12.450449628777498,ToD blocks
2021-07-25,MACARTH1,-29.549942994142484,ToD blocks
2021-08-01,MACARTH1,-7.545954939205377,ToD blocks
2021-08-08,MACARTH1,-15.044389472302058,ToD blocks
2021-08-15,MACARTH1,-9.316990052101705,ToD blocks
2021-08-22,MACARTH1,-21.763654276909335,ToD blocks
2021-08-29,MACARTH1,-20.376926546196977,ToD blocks
2021-09-05,MACARTH1,-17.370021981732993,ToD blocks
2021-09-12,MACARTH1,-14.845635387473791,ToD blocks
2021-09-19,MACARTH1,-25.65428105181423,ToD blocks
2021-09-26,MACARTH1,-9.872339721087712,ToD blocks
2021-10-03,MACARTH1,-8.565809060458033,ToD blocks
2021-10-10,MACARTH1,-10.589344247201195,ToD blocks
2021-10-17,MACARTH1,-19.860205249313914,ToD blocks
2021-10-24,MACARTH1,-9.417012839550036,ToD blocks
2021-10-31,MACARTH1,-26.57207427445221,ToD blocks
2021-11-07,MACARTH1,-12.95309218673209,ToD blocks
2021-11-14,MACARTH1,-13.463310647216856,ToD blocks
2021-11-21,MACARTH1,-35.742217035021554,ToD blocks
2021-11-28,MACARTH1,-16.245605976866912,ToD blocks
2021-12-05,MACARTH1,-2.4481302406609586,ToD blocks
2021-12-12,MACARTH1,-0.2056421057257083,ToD blocks
2021-12-19,MACARTH1,-26.739119431345557,ToD blocks
2021-12-26,MACARTH1,-15.084719554311883,ToD blocks
2022-01-02,MACARTH1,-5.721454651611612,ToD blocks
2022-01-09,MACARTH1,-4.899944394746562,ToD blocks
2022-01-16,MACARTH1,-14.168948844854967,ToD blocks
2022-01-23,MACARTH1,-8.716773711717718,ToD blocks
2022-01-30,MACARTH1,-5.622655337202431,ToD blocks
2022-02-06,MACARTH1,-50.806479000340126,ToD blocks
2022-02-13,MACARTH1,-15.738565358646142,ToD blocks
2022-02-20,MACARTH1,-8.487501014537315,ToD blocks
2022-02-27,MACARTH1,-2.1662495544832368,ToD blocks
2022-03-06,MACARTH1,-35.034290401464176,ToD blocks
2022-03-13,MACARTH1,-13.253396839328529,ToD blocks
2022-03-20,MACARTH1,-5.234863066346946,ToD blocks
2022-03-27,MACARTH1,-18.008006769960183,ToD blocks
2022-04-03,MACARTH1,-39.72363526778195,ToD blocks
2022-04-10,MACARTH1,-10.599865428848204,ToD blocks
2022-04-17,MACARTH1,,ToD blocks
2022-04-24,MACARTH1,,ToD blocks
2022-05-01,MACARTH1,-52.586018749929906,ToD blocks
2022-05-08,MACARTH1,-39.28512768803333,ToD blocks
2022-05-15,MACARTH1,-92.72108098056373,ToD blocks
2022-05-22,MACARTH1,-26.648912237438594,ToD blocks
2022-05-29,MACARTH1,-21.658271361417974,ToD blocks
2022-06-05,MACARTH1,-60.71428964286855,ToD blocks
2022-06-12,MACARTH1,-35.31609829792524,ToD blocks
2022-06-19,MACARTH1,-72.9388002836393,ToD blocks
2022-06-26,MACARTH1,-19.187669598375294,ToD blocks
2022-07-03,MACARTH1,-50.55955141410533,ToD blocks
2022-07-10,MACARTH1,-32.71842761217249,ToD blocks
2022-07-17,MACARTH1,-200.17810077533167,ToD blocks
2022-07-24,MACARTH1,-48.69515695326197,ToD blocks
2022-07-31,MACARTH1,-92.14524627689636,ToD blocks
2022-08-07,MACARTH1,-44.51453987012778,ToD blocks
2022-08-14,MACARTH1,-53.504987674773275,ToD blocks
2022-08-21,MACARTH1,-38.11278308345247,ToD blocks
2022-08-28,MACARTH1,-53.12474496445168,ToD blocks
2022-09-04,MACARTH1,-31.504747060218108,ToD blocks
2022-09-11,MACARTH1,-18.429670661750322,ToD blocks
2022-09-18,MACARTH1,-46.23562492187813,ToD blocks
2022-09-25,MACARTH1,-42.09894343243293,ToD blocks
2022-10-02,MACARTH1,-12.05090394369283,ToD blocks
2022-10-09,MACARTH1,-21.77771779299681,ToD blocks
2022-10-16,MACARTH1,-68.57676878427992,ToD blocks
2022-10-23,MACARTH1,-12.664672843834055,ToD blocks
2022-10-30,MACARTH1,-45.36146596925079,ToD blocks
2022-11-06,MACARTH1,-40.67317890319066,ToD blocks
2022-11-13,MACARTH1,-35.78194710381785,ToD blocks
2022-11-20,MACARTH1,-37.878230984957966,ToD blocks
2022-11-27,MACARTH1,,ToD blocks
2022-12-04,MACARTH1,-34.35635958467377,ToD blocks
2022-12-11,MACARTH1,-17.252725172599934,ToD blocks
2022-12-18,MACARTH1,0.35272266498353844,ToD blocks
2022-12-25,MACARTH1,-4.8347746143428125,ToD blocks
2023-01-01,MACARTH1,-9.029441645931826,ToD blocks
2023-01-08,MACARTH1,-11.981983701014006,ToD blocks
2023-01-15,MACARTH1,-26.35886309358031,ToD blocks
2023-01-22,MACARTH1,-15.086510528798083,ToD blocks
2023-01-29,MACARTH1,-30.147142479626652,ToD blocks
2023-02-05,MACARTH1,-28.936368337416823,ToD blocks
2023-02-12,MACARTH1,-29.33852261647947,ToD blocks
2023-02-19,MACARTH1,-3.358840596699679,ToD blocks
2023-02-26,MACARTH1,-16.34343214509018,ToD blocks
2023-03-05,MACARTH1,-24.812127776828035,ToD blocks
2023-03-12,MACARTH1,-27.24121465487905,ToD blocks
2023-03-19,MACARTH1,-29.38239242532306,ToD blocks
2023-03-26,MACARTH1,-22.487597534442678,ToD blocks
2023-04-02,MACARTH1,-27.06470561530145,ToD blocks
2023-04-09,MACARTH1,-5.96933716392796,ToD blocks
2023-04-16,MACARTH1,-25.565403433425928,ToD blocks
2023-04-23,MACARTH1,-22.70423931216564,ToD blocks
2023-04-30,MACARTH1,-44.94183481987495,ToD blocks
2023-05-07,MACARTH1,-56.7313310166744,ToD blocks
2023-05-14,MACARTH1,-23.621898285812648,ToD blocks
2023-05-21,MACARTH1,-42.11306906827596,ToD blocks
2023-05-28,MACARTH1,-33.392551409545035,ToD blocks
2023-06-04,MACARTH1,-38.89666034646739,ToD blocks
2023-06-11,MACARTH1,-9.050126334358627,ToD blocks
2023-06-18,MACARTH1,-12.482379420240985,ToD blocks
2023-06-25,MACARTH1,-56.66580494817461,ToD blocks
2023-07-02,MACARTH1,-26.61206374966705,ToD blocks
2023-07-09,MACARTH1,-51.275609190835745,ToD blocks
2023-07-16,MACARTH1,-18.135241977600295,ToD blocks
2023-07-23,MACARTH1,-28.22238994601092,ToD blocks
2023-07-30,MACARTH1,-46.234983929338554,ToD blocks
2023-08-06,MACARTH1,-50.02533874674987,ToD blocks
2023-08-13,MACARTH1,-33.07288115225112,ToD blocks
2023-08-20,MACARTH1,185.8288863743614,ToD blocks
2023-08-27,MACARTH1,-3.8160409514486346,ToD blocks
2023-09-03,MACARTH1,-20.9269646692261,ToD blocks
2023-09-10,MACARTH1,-17.85225354928643,ToD blocks
2023-09-17,MACARTH1,-16.466622996911205,ToD blocks
2023-09-24,MACARTH1,-26.011243062486933,ToD blocks
2023-10-01,MACARTH1,-17.33642990134978,ToD blocks
2023-10-08,MACARTH1,-11.28475141365698,ToD blocks
2023-10-15,MACARTH1,-11.350433348885744,ToD blocks
2023-10-22,MACARTH1,-21.754360529637623,ToD blocks
2023-10-29,MACARTH1,-6.269478994236232,ToD blocks
2023-11-05,MACARTH1,-10.34329503101364,ToD blocks
2023-11-12,MACARTH1,-33.70666105274095,ToD blocks
2023-11-19,MACARTH1,-32.93074858672196,ToD blocks
2023-11-26,MACARTH1,-17.82171196767992,ToD blocks
2023-12-03,MACARTH1,-7.283428604613924,ToD blocks
2023-12-10,MACARTH1,-34.3490427950996,ToD blocks
2023-12-17,MACARTH1,-53.936764303477645,ToD blocks
2023-12-24,MACARTH1,-1.0017346384602188,ToD blocks
2023-12-31,MACARTH1,-9.231105391656744,ToD blocks
2024-01-07,MACARTH1,-1.1216122973539342,ToD blocks
2024-01-14,MACARTH1,-48.16296513499107,ToD blocks
2024-01-21,MACARTH1,7.773985722905808,ToD blocks
2024-01-28,MACARTH1,14.824103070993365,ToD blocks
2024-02-04,MACARTH1,-23.382313395983502,ToD blocks
2024-02-11,MACARTH1,-2.0732878250191753,ToD blocks
2024-02-18,MACARTH1,814.535171400667,ToD blocks
2024-02-25,MACARTH1,-8.793157014064064,ToD blocks
2024-03-03,MACARTH1,-1.104777521959889,ToD blocks
2024-03-10,MACARTH1,-27.974259943020797,ToD blocks
2024-03-17,MACARTH1,-12.925159978467335,ToD blocks
2024-03-24,MACARTH1,-1.3034830814010832,ToD blocks
2024-03-31,MACARTH1,0.7788736248698598,ToD blocks
2024-04-07,MACARTH1,-24.20119084618631,ToD blocks
2024-04-14,MACARTH1,-35.470155284412414,ToD blocks
2024-04-21,MACARTH1,79.90337406948632,ToD blocks
2024-04-28,MACARTH1,-44.571224736550434,ToD blocks
2024-05-05,MACARTH1,-16.78182784920527,ToD blocks
2024-05-12,MACARTH1,-13.169583184557865,ToD blocks
2024-05-19,MACARTH1,-17.570593370178685,ToD blocks
2024-05-26,MACARTH1,-19.99945236312115,ToD blocks
2024-06-02,MACARTH1,-48.30452525302564,ToD blocks
2024-06-09,MACARTH1,-30.807457680500164,ToD blocks
2024-06-16,MACARTH1,40.553789198625566,ToD blocks
2024-06-23,MACARTH1,9.767063209304183,ToD blocks
2024-06-30,MACARTH1,-3.3836694362712763,ToD blocks
2024-07-07,MACARTH1,8.540241353898267,ToD blocks
2024-07-14,MACARTH1,,ToD blocks
2024-07-21,MACARTH1,,ToD blocks
2024-07-28,MACARTH1,0.7664926220179211,ToD blocks
2024-08-04,MACARTH1,-84.53743477368923,ToD blocks
2024-08-11,MACARTH1,-292.8329459182296,ToD blocks
2024-08-18,MACARTH1,-27.267523475203497,ToD blocks
2024-08-25,MACARTH1,-16.29843622359986,ToD blocks
2024-09-01,MACARTH1,2.0023949898901883,ToD blocks
2024-09-08,MACARTH1,-4.542528717461783,ToD blocks
2024-09-15,MACARTH1,-14.648316980926875,ToD blocks
2024-09-22,MACARTH1,0.5666582156732822,ToD blocks
2024-09-29,MACARTH1,-28.79237155723952,ToD blocks
2024-10-06,MACARTH1,-4.757065927376838,ToD blocks
2024-10-13,MACARTH1,-9.598736065584893,ToD blocks
2024-10-20,MACARTH1,-6.134556270903527,ToD blocks
2024-10-27,MACARTH1,-29.98613922172474,ToD blocks
2024-11-03,MACARTH1,-4.6256655508893285,ToD blocks
2024-11-10,MACARTH1,-37.934636504221665,ToD blocks
2024-11-17,MACARTH1,-43.24304933914665,ToD blocks
2024-11-24,MACARTH1,-18.75075336805523,ToD blocks
2024-12-01,MACARTH1,-11.588673371388325,ToD blocks
2024-12-08,MACARTH1,,ToD blocks
2024-12-15,MACARTH1,23.03849541026146,ToD blocks
2024-12-22,MACARTH1,4.487805749203368,ToD blocks
2024-12-29,MACARTH1,-0.10652762289592133,ToD blocks
2025-01-05,MACARTH1,-6.677559352952869,ToD blocks
2020-01-05,MERCER01,-9.288571759413443,ToD blocks
2020-01-12,MERCER01,-2.6886529298340136,ToD blocks
2020-01-19,MERCER01,-4.475172212262066,ToD blocks
2020-01-26,MERCER01,-11.635046675306715,ToD blocks
2020-02-02,MERCER01,256.8876471925931,ToD blocks
2020-02-09,MERCER01,-4.999923610669843,ToD blocks
2020-02-16,MERCER01,0.6228548816163411,ToD blocks
2020-02-23,MERCER01,-3.070873653910809,ToD blocks
2020-03-01,MERCER01,-5.131719949865271,ToD blocks
2020-03-08,MERCER01,-8.158422490676898,ToD blocks
2020-03-15,MERCER01,-1.641829520765377,ToD blocks
2020-03-22,MERCER01,-3.2895842242889586,ToD blocks
2020-03-29,MERCER01,-2.695779450166256,ToD blocks
2020-04-05,MERCER01,-12.575318474020342,ToD blocks
2020-04-12,MERCER01,-16.806086527137836,ToD blocks
2020-04-19,MERCER01,-6.259195878058044,ToD blocks
2020-04-26,MERCER01,-8.002662999915565,ToD blocks
2020-05-03,MERCER01,-5.3657164132404205,ToD blocks
2020-05-10,MERCER01,-8.616424123033259,ToD blocks
2020-05-17,MERCER01,-9.01829187985161,ToD blocks
2020-05-24,MERCER01,-2.9604477825339544,ToD blocks
2020-05-31,MERCER01,-6.521499134373492,ToD blocks
2020-06-07,MERCER01,-9.830000654570846,ToD blocks
2020-06-14,MERCER01,-28.02476296151383,ToD blocks
2020-06-21,MERCER01,-7.333391844649501,ToD blocks
2020-06-28,MERCER01,-5.415883527908228,ToD blocks
2020-07-05,MERCER01,-3.0726821180608113,ToD blocks
2020-07-12,MERCER01,-6.937654236385129,ToD blocks
2020-07-19,MERCER01,-14.530042594803504,ToD blocks
2020-07-26,MERCER01,-16.767201311837226,ToD blocks
2020-08-02,MERCER01,-8.108887510478347,ToD blocks
2020-08-09,MERCER01,-2.8701315425291085,ToD blocks
2020-08-16,MERCER01,-0.5638166313049311,ToD blocks
2020-08-23,MERCER01,-3.0336321345600794,ToD blocks
2020-08-30,MERCER01,-27.56668817151188,ToD blocks
2020-09-06,MERCER01,-8.65441697263222,ToD blocks
2020-09-13,MERCER01,-4.8180302844779455,ToD blocks
2020-09-20,MERCER01,-8.165356418058597,ToD blocks
2020-09-27,MERCER01,-4.842316377593363,ToD blocks
2020-10-04,MERCER01,-16.736412848725287,ToD blocks
2020-10-11,MERCER01,-16.823391886292917,ToD blocks
2020-10-18,MERCER01,-8.332508926415173,ToD blocks
2020-10-25,MERCER01,-19.887500217767112,ToD blocks
2020-11-01,MERCER01,-2.6321770000771494,ToD blocks
2020-11-08,MERCER01,-4.772134910717071,ToD blocks
2020-11-15,MERCER01,-4.673903361680061,ToD blocks
2020-11-22,MERCER01,-10.13244088832451,ToD blocks
2020-11-29,MERCER01,-9.461969795301819,ToD blocks
2020-12-06,MERCER01,-21.883806862883176,ToD blocks
2020-12-13,MERCER01,-11.455420928816329,ToD blocks
2020-12-20,MERCER01,-0.34368944795708245,ToD blocks
2020-12-27,MERCER01,-14.389294440945932,ToD blocks
2021-01-03,MERCER01,-4.654736420059434,ToD blocks
2021-01-10,MERCER01,-6.49632481453007,ToD blocks
2021-01-17,MERCER01,-9.477011897036313,ToD blocks
2021-01-24,MERCER01,-5.989420850652952,ToD blocks
2021-01-31,MERCER01,-1.2816902677019826,ToD blocks
2021-02-07,MERCER01,-4.953981159539596,ToD blocks
2021-02-14,MERCER01,-0.3715715327582636,ToD blocks
2021-02-21,MERCER01,-3.3292320161554336,ToD blocks
2021-02-28,MERCER01,-10.651250747144038,ToD blocks
2021-03-07,MERCER01,-2.7966175839819876,ToD blocks
2021-03-14,MERCER01,-2.8834259884194466,ToD blocks
2021-03-21,MERCER01,-3.7291007216200924,ToD blocks
2021-03-28,MERCER01,-5.354382138797625,ToD blocks
2021-04-04,MERCER01,-14.750259569030572,ToD blocks
2021-04-11,MERCER01,-17.159668113521917,ToD blocks
2021-04-18,MERCER01,-22.20597275154926,ToD blocks
2021-04-25,MERCER01,-11.08996171192237,ToD blocks
2021-05-02,MERCER01,-45.061654035039794,ToD blocks
2021-05-09,MERCER01,-9.22454666831451,ToD blocks
2021-05-16,MERCER01,-20.42536988900178,ToD blocks
2021-05-23,MERCER01,-88.98866913268695,ToD blocks
2021-05-30,MERCER01,-21.98315262438225,ToD blocks
2021-06-06,MERCER01,-15.872093454958794,ToD blocks
2021-06-13,MERCER01,-22.086833169035813,ToD blocks
2021-06-20,MERCER01,-13.530440433311824,ToD blocks
2021-06-27,MERCER01,-29.441191193370386,ToD blocks
2021-07-04,MERCER01,-9.821146149398096,ToD blocks
2021-07-11,MERCER01,-91.9263579939297,ToD blocks
2021-07-18,MERCER01,-5.146738287312104,ToD blocks
2021-07-25,MERCER01,-30.256192360406928,ToD blocks
2021-08-01,MERCER01,-9.27950878681651,ToD blocks
2021-08-08,MERCER01,-11.67237556246726,ToD blocks
2021-08-15,MERCER01,-13.045524707066491,ToD blocks
2021-08-22,MERCER01,-21.927214533975473,ToD blocks
2021-08-29,MERCER01,-18.86515951190045,ToD blocks
2021-09-05,MERCER01,-11.285655081295198,ToD blocks
2021-09-12,MERCER01,-15.865025601779314,ToD blocks
2021-09-19,MERCER01,-27.144495654878604,ToD blocks
2021-09-26,MERCER01,-16.679868687598265,ToD blocks
2021-10-03,MERCER01,-14.322354501988091,ToD blocks
2021-10-10,MERCER01,-18.867452461814572,ToD blocks
2021-10-17,MERCER01,-17.583132657503896,ToD blocks
2021-10-24,MERCER01,-10.04441468638366,ToD blocks
2021-10-31,MERCER01,-23.932863002733797,ToD blocks
2021-11-07,MERCER01,-12.45990067942613,ToD blocks
2021-11-14,MERCER01,-24.313878991141074,ToD blocks
2021-11-21,MERCER01,-32.86977599640101,ToD blocks
2021-11-28,MERCER01,-18.07309941425207,ToD blocks
2021-12-05,MERCER01,-0.3772767622769564,ToD blocks
2021-12-12,MERCER01,-12.159990455849861,ToD blocks
2021-12-19,MERCER01,-31.475409259124923,ToD blocks
2021-12-26,MERCER01,-14.481873201338654,ToD blocks
2022-01-02,MERCER01,-16.257601296270117,ToD blocks
2022-01-09,MERCER01,-6.724934945352718,ToD blocks
2022-01-16,MERCER01,-2.56804811924237,ToD blocks
2022-01-23,MERCER01,-13.358823796309334,ToD blocks
2022-01-30,MERCER01,-3.6688402073639566,ToD blocks
2022-02-06,MERCER01,-61.7882706231938,ToD blocks
2022-02-13,MERCER01,-11.271566013043802,ToD blocks
2022-02-20,MERCER01,-11.476693046753226,ToD blocks
2022-02-27,MERCER01,-8.336032161765928,ToD blocks
2022-03-06,MERCER01,-13.495446061603907,ToD blocks
2022-03-13,MERCER01,-7.468309545533099,ToD blocks
2022-03-20,MERCER01,-9.425350136924486,ToD blocks
2022-03-27,MERCER01,-10.196109796898376,ToD blocks
2022-04-03,MERCER01,-29.44020663391199,ToD blocks
2022-04-10,MERCER01,-68.10145144597202,ToD blocks
2022-04-17,MERCER01,-22.923956140457463,ToD blocks
2022-04-24,MERCER01,-13.574003309360677,ToD blocks
2022-05-01,MERCER01,-13.155315311941706,ToD blocks
2022-05-08,MERCER01,-37.67622409177196,ToD blocks
2022-05-15,MERCER01,-75.5047280423392,ToD blocks
2022-05-22,MERCER01,-42.936132312501485,ToD blocks
2022-05-29,MERCER01,-17.462490536855,ToD blocks
2022-06-05,MERCER01,-67.93351143451417,ToD blocks
2022-06-12,MERCER01,-30.28303252193703,ToD blocks
2022-06-19,MERCER01,-68.41163673764783,ToD blocks
2022-06-26,MERCER01,-20.833991860859754,ToD blocks
2022-07-03,MERCER01,-45.56654586521847,ToD blocks
2022-07-10,MERCER01,-48.63714947196223,ToD blocks
2022-07-17,MERCER01,-202.0677582171138,ToD blocks
2022-07-24,MERCER01,-73.55558375354684,ToD blocks
2022-07-31,MERCER01,-56.23121781255705,ToD blocks
2022-08-07,MERCER01,-33.88026946742948,ToD blocks
2022-08-14,MERCER01,-56.22513418728539,ToD blocks
2022-08-21,MERCER01,-37.741726289975205,ToD blocks
2022-08-28,MERCER01,-37.42445889765325,ToD blocks
2022-09-04,MERCER01,-32.28331712336956,ToD blocks
2022-09-11,MERCER01,-16.446141716563673,ToD blocks
2022-09-18,MERCER01,-38.552048430742246,ToD blocks
2022-09-25,MERCER01,-45.9767969563841,ToD blocks
2022-10-02,MERCER01,1.4351894817442457,ToD blocks
2022-10-09,MERCER01,-29.242315735526077,ToD blocks
2022-10-16,MERCER01,-31.160440518813914,ToD blocks
2022-10-23,MERCER01,-26.762424033511934,ToD blocks
2022-10-30,MERCER01,-42.027680770994316,ToD blocks
2022-11-06,MERCER01,-27.96273303498473,ToD blocks
2022-11-13,MERCER01,-23.94337990753977,ToD blocks
2022-11-20,MERCER01,-12.125200971572951,ToD blocks
2022-11-27,MERCER01,-36.25812302881994,ToD blocks
2022-12-04,MERCER01,-12.882011429846258,ToD blocks
2022-12-11,MERCER01,-33.72633627797259,ToD blocks
2022-12-18,MERCER01,-3.989384324047755,ToD blocks
2022-12-25,MERCER01,0.35730308951418976,ToD blocks
2023-01-01,MERCER01,-17.709456523959066,ToD blocks
2023-01-08,MERCER01,0.8183500491081253,ToD blocks
2023-01-15,MERCER01,-17.26140554903762,ToD blocks
2023-01-22,MERCER01,-6.4770341219103,ToD blocks
2023-01-29,MERCER01,-39.954916664996354,ToD blocks
2023-02-05,MERCER01,-29.66811203981341,ToD blocks
2023-02-12,MERCER01,1.772686817945825,ToD blocks
2023-02-19,MERCER01,-1.1175743503295479,ToD blocks
2023-02-26,MERCER01,-16.23255823386428,ToD blocks
2023-03-05,MERCER01,-16.94516548694901,ToD blocks
2023-03-12,MERCER01,-13.704281020723872,ToD blocks
2023-03-19,MERCER01,-27.317572105871953,ToD blocks
2023-03-26,MERCER01,-12.75120015611985,ToD blocks
2023-04-02,MERCER01,-27.698163971361964,ToD blocks
2023-04-09,MERCER01,-22.916740121293373,ToD blocks
2023-04-16,MERCER01,-35.20582898207057,ToD blocks
2023-04-23,MERCER01,-21.393320944369563,ToD blocks
2023-04-30,MERCER01,-51.636873260364794,ToD blocks
2023-05-07,MERCER01,-56.500341420207036,ToD blocks
2023-05-14,MERCER01,-14.605284919797441,ToD blocks
2023-05-21,MERCER01,-38.097522769979506,ToD blocks
2023-05-28,MERCER01,-33.48057294325612,ToD blocks
2023-06-04,MERCER01,-35.800722234328184,ToD blocks
2023-06-11,MERCER01,-13.554801339048677,ToD blocks
2023-06-18,MERCER01,-8.707883193284403,ToD blocks
2023-06-25,MERCER01,-55.471410243217036,ToD blocks
2023-07-02,MERCER01,-20.22549223497471,ToD blocks
2023-07-09,MERCER01,-50.46401250794301,ToD blocks
2023-07-16,MERCER01,-22.089504685952377,ToD blocks
2023-07-23,MERCER01,-23.930516013839842,ToD blocks
2023-07-30,MERCER01,-35.18983820014289,ToD blocks
2023-08-06,MERCER01,-44.499644878166066,ToD blocks
2023-08-13,MERCER01,-35.915853793433925,ToD blocks
2023-08-20,MERCER01,-54.65482708657839,ToD blocks
2023-08-27,MERCER01,-16.457863127770267,ToD blocks
2023-09-03,MERCER01,-14.433414169816963,ToD blocks
2023-09-10,MERCER01,-8.239932497063936,ToD blocks
2023-09-17,MERCER01,-15.03874554529142,ToD blocks
2023-09-24,MERCER01,-14.330864627875389,ToD blocks
2023-10-01,MERCER01,-15.16826912688218,ToD blocks
2023-10-08,MERCER01,-6.738293114418564,ToD blocks
2023-10-15,MERCER01,-15.391967159666436,ToD blocks
2023-10-22,MERCER01,-17.635277954456228,ToD blocks
2023-10-29,MERCER01,10.251184429830657,ToD blocks
2023-11-05,MERCER01,9.220847108115676,ToD blocks
2023-11-12,MERCER01,-15.935249163080627,ToD blocks
2023-11-19,MERCER01,8.273313974234881,ToD blocks
2023-11-26,MERCER01,-4.029011209852882,ToD blocks
2023-12-03,MERCER01,-2.3122521888902874,ToD blocks
2023-12-10,MERCER01,-8.427419587935653,ToD blocks
2023-12-17,MERCER01,15.878721641621148,ToD blocks
2023-12-24,MERCER01,13.845487752035975,ToD blocks
2023-12-31,MERCER01,10.492276362883098,ToD blocks
2024-01-07,MERCER01,-0.0928725476608463,ToD blocks
2024-01-14,MERCER01,2.941649843736723,ToD blocks
2024-01-21,MERCER01,18.195974720365776,ToD blocks
2024-01-28,MERCER01,20.767957244603203,ToD blocks
2024-02-04,MERCER01,14.372803119581523,ToD blocks
2024-02-11,MERCER01,20.08734636979417,ToD blocks
2024-02-18,MERCER01,-64.55906661105831,ToD blocks
2024-02-25,MERCER01,18.617603491842488,ToD blocks
2024-03-03,MERCER01,9.57994214563572,ToD blocks
2024-03-10,MERCER01,-8.814580838593805,ToD blocks
2024-03-17,MERCER01,-1.958302290972668,ToD blocks
2024-03-24,MERCER01,11.470586246444022,ToD blocks
2024-03-31,MERCER01,12.159694171350239,ToD blocks
2024-04-07,MERCER01,-14.99551569196614,ToD blocks
2024-04-14,MERCER01,-28.047411553584176,ToD blocks
2024-04-21,MERCER01,-21.60356114953518,ToD blocks
2024-04-28,MERCER01,-12.183802464986215,ToD blocks
2024-05-05,MERCER01,-14.559881994531281,ToD blocks
2024-05-12,MERCER01,-5.121298252172693,ToD blocks
2024-05-19,MERCER01,-32.98269004569312,ToD blocks
2024-05-26,MERCER01,-5.500802739173224,ToD blocks
2024-06-02,MERCER01,-6.260734348248192,ToD blocks
2024-06-09,MERCER01,-18.859124464699676,ToD blocks
2024-06-16,MERCER01,-45.72361065311965,ToD blocks
2024-06-23,MERCER01,-27.932359856271944,ToD blocks
2024-06-30,MERCER01,-1.2134048534741027,ToD blocks
2024-07-07,MERCER01,-12.336858721304594,ToD blocks
2024-07-14,MERCER01,-26.515328238809104,ToD blocks
2024-07-21,MERCER01,-18.7267407838805,ToD blocks
2024-07-28,MERCER01,-6.966441679454391,ToD blocks
2024-08-04,MERCER01,-89.5053446680364,ToD blocks
2024-08-11,MERCER01,-254.69032247420785,ToD blocks
2024-08-18,MERCER01,-5.159805459603319,ToD blocks
2024-08-25,MERCER01,1.1990918069406789,ToD blocks
2024-09-01,MERCER01,26.13007463188127,ToD blocks
2024-09-08,MERCER01,13.372834032063068,ToD blocks
2024-09-15,MERCER01,14.483398129432985,ToD blocks
2024-09-22,MERCER01,7.526639481433682,ToD blocks
2024-09-29,MERCER01,-14.23865200244235,ToD blocks
2024-10-06,MERCER01,11.796232607500693,ToD blocks
2024-10-13,MERCER01,12.675456131790266,ToD blocks
2024-10-20,MERCER01,7.368616496898124,ToD blocks
2024-10-27,MERCER01,12.280322039989692,ToD blocks
2024-11-03,MERCER01,19.266487118876835,ToD blocks
2024-11-10,MERCER01,-2.015591289669999,ToD blocks
2024-11-17,MERCER01,7.805800647183531,ToD blocks
2024-11-24,MERCER01,-12.54409368491332,ToD blocks
2024-12-01,MERCER01,-22.900478930904413,ToD blocks
2024-12-08,MERCER01,-2.091702629415778,ToD blocks
2024-12-15,MERCER01,10.720200748268141,ToD blocks
2024-12-22,MERCER01,28.045748737086363,ToD blocks
2024-12-29,MERCER01,7.383262615542286,ToD blocks
2025-01-05,MERCER01,9.206992427580275,ToD blocks
2020-01-05,MTGELWF1,-5.515826511799176,ToD blocks
2020-01-12,MTGELWF1,-1.0081484269029488,ToD blocks
2020-01-19,MTGELWF1,-6.208827852657961,ToD blocks
2020-01-26,MTGELWF1,-4.058761528295662,ToD blocks
2020-02-02,MTGELWF1,-69.08665668252786,ToD blocks
2020-02-09,MTGELWF1,-4.008708976996338,ToD blocks
2020-02-16,MTGELWF1,-1.6068592179002437,ToD blocks
2020-02-23,MTGELWF1,-1.4103930720610052,ToD blocks
2020-03-01,MTGELWF1,-2.017129032010075,ToD blocks
2020-03-08,MTGELWF1,-5.333856835217034,ToD blocks
2020-03-15,MTGELWF1,-0.7942780676644574,ToD blocks
2020-03-22,MTGELWF1,-2.335253952509575,ToD blocks
2020-03-29,MTGELWF1,-0.20489675949235675,ToD blocks
2020-04-05,MTGELWF1,-6.466733623563037,ToD blocks
2020-04-12,MTGELWF1,-10.0121290335942,ToD blocks
2020-04-19,MTGELWF1,-4.905986476814785,ToD blocks
2020-04-26,MTGELWF1,-4.068155345729423,ToD blocks
2020-05-03,MTGELWF1,-4.48887670411213,ToD blocks
2020-05-10,MTGELWF1,-4.309527130848366,ToD blocks
2020-05-17,MTGELWF1,-9.408850854121631,ToD blocks
2020-05-24,MTGELWF1,-3.180218822495469,ToD blocks
2020-05-31,MTGELWF1,-4.523611045791441,ToD blocks
2020-06-07,MTGELWF1,-9.89706326891202,ToD blocks
2020-06-14,MTGELWF1,-37.750779812868515,ToD blocks
2020-06-21,MTGELWF1,-5.7821420667150285,ToD blocks
2020-06-28,MTGELWF1,-5.153653896355728,ToD blocks
2020-07-05,MTGELWF1,-0.5614412786922287,ToD blocks
2020-07-12,MTGELWF1,-2.7145942199013575,ToD blocks
2020-07-19,MTGELWF1,-2.417817707063719,ToD blocks
2020-07-26,MTGELWF1,3.5663540740241615,ToD blocks
2020-08-02,MTGELWF1,-6.89674307071359,ToD blocks
2020-08-09,MTGELWF1,-2.6165126120882434,ToD blocks
2020-08-16,MTGELWF1,-2.1661257799786355,ToD blocks
2020-08-23,MTGELWF1,-1.5944178759012644,ToD blocks
2020-08-30,MTGELWF1,-21.848100302314727,ToD blocks
2020-09-06,MTGELWF1,-5.879216435552532,ToD blocks
2020-09-13,MTGELWF1,-0.7390998219894378,ToD blocks
2020-09-20,MTGELWF1,-3.2751292977053055,ToD blocks
2020-09-27,MTGELWF1,-3.067081626264226,ToD blocks
2020-10-04,MTGELWF1,-1.2345816096097195,ToD blocks
2020-10-11,MTGELWF1,-10.801202621204169,ToD blocks
2020-10-18,MTGELWF1,-2.6101687970254233,ToD blocks
2020-10-25,MTGELWF1,-15.207624384646813,ToD blocks
2020-11-01,MTGELWF1,-0.6007445445372568,ToD blocks
2020-11-08,MTGELWF1,-1.6618540403182962,ToD blocks
2020-11-15,MTGELWF1,-4.423660082441728,ToD blocks
2020-11-22,MTGELWF1,-5.069672895354977,ToD blocks
2020-11-29,MTGELWF1,-6.894833153880029,ToD blocks
2020-12-06,MTGELWF1,-11.798959817881478,ToD blocks
2020-12-13,MTGELWF1,-1.183150642605458,ToD blocks
2020-12-20,MTGELWF1,-2.689055127761911,ToD blocks
2020-12-27,MTGELWF1,-6.995570893433168,ToD blocks
2021-01-03,MTGELWF1,0.14097520782629047,ToD blocks
2021-01-10,MTGELWF1,-4.9618948614580916,ToD blocks
2021-01-17,MTGELWF1,-5.513185059559124,ToD blocks
2021-01-24,MTGELWF1,-2.851715830671367,ToD blocks
2021-01-31,MTGELWF1,-2.078849050279093,ToD blocks
2021-02-07,MTGELWF1,-1.8091112046712894,ToD blocks
2021-02-14,MTGELWF1,4.427875481122808,ToD blocks
2021-02-21,MTGELWF1,1.0079181731833842,ToD blocks
2021-02-28,MTGELWF1,-9.60793702817521,ToD blocks
2021-03-07,MTGELWF1,-1.804001505719409,ToD blocks
2021-03-14,MTGELWF1,-4.01075250927617,ToD blocks
2021-03-21,MTGELWF1,-1.1599623351618717,ToD blocks
2021-03-28,MTGELWF1,-1.782810095573204,ToD blocks
2021-04-04,MTGELWF1,-10.74915649757579,ToD blocks
2021-04-11,MTGELWF1,-7.839895808277285,ToD blocks
2021-04-18,MTGELWF1,-11.756879933618368,ToD blocks
2021-04-25,MTGELWF1,-8.17873229241097,ToD blocks
2021-05-02,MTGELWF1,-37.39092821969649,ToD blocks
2021-05-09,MTGELWF1,-13.723088215069588,ToD blocks
2021-05-16,MTGELWF1,-17.13284936811911,ToD blocks
2021-05-23,MTGELWF1,-49.42731679692868,ToD blocks
2021-05-30,MTGELWF1,-20.193612505893235,ToD blocks
2021-06-06,MTGELWF1,-10.92934549724471,ToD blocks
2021-06-13,MTGELWF1,-12.660808277192459,ToD blocks
2021-06-20,MTGELWF1,-16.907289026751627,ToD blocks
2021-06-27,MTGELWF1,-26.791135557738343,ToD blocks
2021-07-04,MTGELWF1,-6.043179404582403,ToD blocks
2021-07-11,MTGELWF1,-30.57596388904497,ToD blocks
2021-07-18,MTGELWF1,-5.495739376867839,ToD blocks
2021-07-25,MTGELWF1,-16.30087696196614,ToD blocks
2021-08-01,MTGELWF1,-0.21869598664951084,ToD blocks
2021-08-08,MTGELWF1,-9.01952966046705,ToD blocks
2021-08-15,MTGELWF1,-1.3479647445995155,ToD blocks
2021-08-22,MTGELWF1,-9.224652478439687,ToD blocks
2021-08-29,MTGELWF1,-7.567161371896539,ToD blocks
2021-09-05,MTGELWF1,-5.7926690937159435,ToD blocks
2021-09-12,MTGELWF1,0.4204777070016057,ToD blocks
2021-09-19,MTGELWF1,-13.633222759998938,ToD blocks
2021-09-26,MTGELWF1,2.1370518637897007,ToD blocks
2021-10-03,MTGELWF1,5.440714651661736,ToD blocks
2021-10-10,MTGELWF1,-3.298798767772224,ToD blocks
2021-10-17,MTGELWF1,-14.016635581041664,ToD blocks
2021-10-24,MTGELWF1,-3.1377464190792086,ToD blocks
2021-10-31,MTGELWF1,-9.139607243842622,ToD blocks
2021-11-07,MTGELWF1,-0.4358814245085014,ToD blocks
2021-11-14,MTGELWF1,-11.302668104408404,ToD blocks
2021-11-21,MTGELWF1,-12.062089464251375,ToD blocks
2021-11-28,MTGELWF1,-7.136824845991772,ToD blocks
2021-12-05,MTGELWF1,4.548571838836359,ToD blocks
2021-12-12,MTGELWF1,-7.3923626640572095,ToD blocks
2021-12-19,MTGELWF1,-10.755770097284149,ToD blocks
2021-12-26,MTGELWF1,0.8971767647520856,ToD blocks
2022-01-02,MTGELWF1,-5.295130955202335,ToD blocks
2022-01-09,MTGELWF1,-1.6968302501175856,ToD blocks
2022-01-16,MTGELWF1,-6.763132309244732,ToD blocks
2022-01-23,MTGELWF1,3.819299387405671,ToD blocks
2022-01-30,MTGELWF1,2.1348498945700243,ToD blocks
2022-02-06,MTGELWF1,-18.641618272183635,ToD blocks
2022-02-13,MTGELWF1,-5.089846435949326,ToD blocks
2022-02-20,MTGELWF1,-19.41845661607212,ToD blocks
2022-02-27,MTGELWF1,-9.537110505780468,ToD blocks
2022-03-06,MTGELWF1,-4.084146584026122,ToD blocks
2022-03-13,MTGELWF1,-5.891238008572159,ToD blocks
2022-03-20,MTGELWF1,-3.791439333687876,ToD blocks
2022-03-27,MTGELWF1,-2.3313638673568846,ToD blocks
2022-04-03,MTGELWF1,-29.749376523765505,ToD blocks
2022-04-10,MTGELWF1,-22.412828812096166,ToD blocks
2022-04-17,MTGELWF1,-20.554552605868707,ToD blocks
2022-04-24,MTGELWF1,-1.775594484750684,ToD blocks
2022-05-01,MTGELWF1,-7.7293019413918955,ToD blocks
2022-05-08,MTGELWF1,-33.007254356337484,ToD blocks
2022-05-15,MTGELWF1,-66.15895324047395,ToD blocks
2022-05-22,MTGELWF1,-30.022761464633305,ToD blocks
2022-05-29,MTGELWF1,-15.555704807462803,ToD blocks
2022-06-05,MTGELWF1,-49.634868547385054,ToD blocks
2022-06-12,MTGELWF1,-14.681439719815273,ToD blocks
2022-06-19,MTGELWF1,-60.20634508587011,ToD blocks
2022-06-26,MTGELWF1,-10.949535366247204,ToD blocks
2022-07-03,MTGELWF1,-22.120433041039973,ToD blocks
2022-07-10,MTGELWF1,-27.863869357165697,ToD blocks
2022-07-17,MTGELWF1,-177.1182426255977,ToD blocks
2022-07-24,MTGELWF1,-16.127274573194313,ToD blocks
2022-07-31,MTGELWF1,-44.86467444762903,ToD blocks
2022-08-07,MTGELWF1,-42.186622436137895,ToD blocks
2022-08-14,MTGELWF1,-46.03682279392105,ToD blocks
2022-08-21,MTGELWF1,-34.54723401281451,ToD blocks
2022-08-28,MTGELWF1,-21.509705731022677,ToD blocks
2022-09-04,MTGELWF1,-21.440462065622853,ToD blocks
2022-09-11,MTGELWF1,0.8202922230471756,ToD blocks
2022-09-18,MTGELWF1,-29.181636504076636,ToD blocks
2022-09-25,MTGELWF1,-32.52193268947282,ToD blocks
2022-10-02,MTGELWF1,-12.507931491238324,ToD blocks
2022-10-09,MTGELWF1,-24.868386317809097,ToD blocks
2022-10-16,MTGELWF1,-33.29722880293464,ToD blocks
2022-10-23,MTGELWF1,-12.465122978687887,ToD blocks
2022-10-30,MTGELWF1,-31.947865557960718,ToD blocks
2022-11-06,MTGELWF1,-36.068274251753245,ToD blocks
2022-11-13,MTGELWF1,-18.342359550275212,ToD blocks
2022-11-20,MTGELWF1,-35.30926488673722,ToD blocks
2022-11-27,MTGELWF1,-27.198622022455424,ToD blocks
2022-12-04,MTGELWF1,-7.127276749693692,ToD blocks
2022-12-11,MTGELWF1,-16.556942008819803,ToD blocks
2022-12-18,MTGELWF1,5.225952427925584,ToD blocks
2022-12-25,MTGELWF1,4.539256675286467,ToD blocks
2023-01-01,MTGELWF1,-0.9302800445705657,ToD blocks
2023-01-08,MTGELWF1,5.0864617225588304,ToD blocks
2023-01-15,MTGELWF1,-12.153878670879841,ToD blocks
2023-01-22,MTGELWF1,0.9551209447000772,ToD blocks
2023-01-29,MTGELWF1,-1.043392069528295,ToD blocks
2023-02-05,MTGELWF1,-32.100645732709935,ToD blocks
2023-02-12,MTGELWF1,2.2578917326795533,ToD blocks
2023-02-19,MTGELWF1,0.4262121173163109,ToD blocks
2023-02-26,MTGELWF1,-11.131647759399769,ToD blocks
2023-03-05,MTGELWF1,-20.3588606884621,ToD blocks
2023-03-12,MTGELWF1,-10.854193457595716,ToD blocks
2023-03-19,MTGELWF1,-19.964826792692477,ToD blocks
2023-03-26,MTGELWF1,-8.319760474789575,ToD blocks
2023-04-02,MTGELWF1,-27.025179575217635,ToD blocks
2023-04-09,MTGELWF1,-32.514332054654055,ToD blocks
2023-04-16,MTGELWF1,-15.78388961756874,ToD blocks
2023-04-23,MTGELWF1,-21.472007020229213,ToD blocks
2023-04-30,MTGELWF1,-46.45966363785527,ToD blocks
2023-05-07,MTGELWF1,-51.29387855227769,ToD blocks
2023-05-14,MTGELWF1,-21.456870711004825,ToD blocks
2023-05-21,MTGELWF1,-41.22738341472771,ToD blocks
2023-05-28,MTGELWF1,-16.67117069200168,ToD blocks
2023-06-04,MTGELWF1,-38.60665610140084,ToD blocks
2023-06-11,MTGELWF1,-6.526992751801359,ToD blocks
2023-06-18,MTGELWF1,-4.132812097429634,ToD blocks
2023-06-25,MTGELWF1,-56.07905100576548,ToD blocks
2023-07-02,MTGELWF1,-17.09794815353807,ToD blocks
2023-07-09,MTGELWF1,-48.96131344894178,ToD blocks
2023-07-16,MTGELWF1,-11.107490158731707,ToD blocks
2023-07-23,MTGELWF1,-14.501848502396577,ToD blocks
2023-07-30,MTGELWF1,-38.48872353879142,ToD blocks
2023-08-06,MTGELWF1,-41.305519759365104,ToD blocks
2023-08-13,MTGELWF1,-27.43796312425632,ToD blocks
2023-08-20,MTGELWF1,-62.110626854331656,ToD blocks
2023-08-27,MTGELWF1,-14.792897111469365,ToD blocks
2023-09-03,MTGELWF1,-8.276840259270777,ToD blocks
2023-09-10,MTGELWF1,-8.101409492942858,ToD blocks
2023-09-17,MTGELWF1,-23.39313409578474,ToD blocks
2023-09-24,MTGELWF1,-16.333085513397037,ToD blocks
2023-10-01,MTGELWF1,-19.14578521216128,ToD blocks
2023-10-08,MTGELWF1,-6.338205263637207,ToD blocks
2023-10-15,MTGELWF1,-13.593604515903587,ToD blocks
2023-10-22,MTGELWF1,-22.76184540282599,ToD blocks
2023-10-29,MTGELWF1,6.345561864281621,ToD blocks
2023-11-05,MTGELWF1,0.13392256333971453,ToD blocks
2023-11-12,MTGELWF1,-7.978205288251882,ToD blocks
2023-11-19,MTGELWF1,29.076656683418086,ToD blocks
2023-11-26,MTGELWF1,-1.5118484065769096,ToD blocks
2023-12-03,MTGELWF1,-4.384005592404293,ToD blocks
2023-12-10,MTGELWF1,-6.03066123388173,ToD blocks
2023-12-17,MTGELWF1,-5.046138785127624,ToD blocks
2023-12-24,MTGELWF1,-1.194312614150907,ToD blocks
2023-12-31,MTGELWF1,-6.737430663746471,ToD blocks
2024-01-07,MTGELWF1,-2.164250194475784,ToD blocks
2024-01-14,MTGELWF1,0.9852331727998092,ToD blocks
2024-01-21,MTGELWF1,7.9805167050985215,ToD blocks
2024-01-28,MTGELWF1,23.758753974977154,ToD blocks
2024-02-04,MTGELWF1,-19.23260239920264,ToD blocks
2024-02-11,MTGELWF1,3.9360952143053076,ToD blocks
2024-02-18,MTGELWF1,562.0970634528103,ToD blocks
2024-02-25,MTGELWF1,20.24132939748091,ToD blocks
2024-03-03,MTGELWF1,17.613273846822715,ToD blocks
2024-03-10,MTGELWF1,-22.170824730381007,ToD blocks
2024-03-17,MTGELWF1,-7.035256704372074,ToD blocks
2024-03-24,MTGELWF1,0.8806921657963116,ToD blocks
2024-03-31,MTGELWF1,-3.091227764105419,ToD blocks
2024-04-07,MTGELWF1,-8.242861039074313,ToD blocks
2024-04-14,MTGELWF1,-29.046366252511064,ToD blocks
2024-04-21,MTGELWF1,-19.091284658907426,ToD blocks
2024-04-28,MTGELWF1,-32.00367667042684,ToD blocks
2024-05-05,MTGELWF1,-11.307055002427205,ToD blocks
2024-05-12,MTGELWF1,-9.428763493447462,ToD blocks
2024-05-19,MTGELWF1,-30.578923212297298,ToD blocks
2024-05-26,MTGELWF1,-6.935225265189132,ToD blocks
2024-06-02,MTGELWF1,-40.21146481582689,ToD blocks
2024-06-09,MTGELWF1,-12.081656586672665,ToD blocks
2024-06-16,MTGELWF1,-52.62182496917691,ToD blocks
2024-06-23,MTGELWF1,-27.45492983202186,ToD blocks
2024-06-30,MTGELWF1,-8.107646913181384,ToD blocks
2024-07-07,MTGELWF1,-18.503745939128606,ToD blocks
2024-07-14,MTGELWF1,-13.282047731258274,ToD blocks
2024-07-21,MTGELWF1,-20.736023323694212,ToD blocks
2024-07-28,MTGELWF1,-14.411637029821037,ToD blocks
2024-08-04,MTGELWF1,19.71059954131806,ToD blocks
2024-08-11,MTGELWF1,-280.1941980211831,ToD blocks
2024-08-18,MTGELWF1,-11.289382946618204,ToD blocks
2024-08-25,MTGELWF1,-2.434135610258032,ToD blocks
2024-09-01,MTGELWF1,1.314921641895836,ToD blocks
2024-09-08,MTGELWF1,-6.066582533501467,ToD blocks
2024-09-15,MTGELWF1,-2.7367841786362135,ToD blocks
2024-09-22,MTGELWF1,-5.051319421412646,ToD blocks
2024-09-29,MTGELWF1,-26.52827950536568,ToD blocks
2024-10-06,MTGELWF1,-14.89199683335552,ToD blocks
2024-10-13,MTGELWF1,-10.245642591038616,ToD blocks
2024-10-20,MTGELWF1,-7.816362054526778,ToD blocks
2024-10-27,MTGELWF1,-10.699119981537077,ToD blocks
2024-11-03,MTGELWF1,2.7375786518268903,ToD blocks
2024-11-10,MTGELWF1,-17.514127614678387,ToD blocks
2024-11-17,MTGELWF1,-5.546677396897124,ToD blocks
2024-11-24,MTGELWF1,-18.161939513390514,ToD blocks
2024-12-01,MTGELWF1,-9.717126045315837,ToD blocks
2024-12-08,MTGELWF1,-9.016111196903594,ToD blocks
2024-12-15,MTGELWF1,-10.43594225766688,ToD blocks
2024-12-22,MTGELWF1,33.106813999411415,ToD blocks
2024-12-29,MTGELWF1,-1.5018886819107617,ToD blocks
2025-01-05,MTGELWF1,-10.728081527913815,ToD blocks
2020-01-05,MUWAWF1,1.4113990738318023,ToD blocks
2020-01-12,MUWAWF1,-4.955118211144239,ToD blocks
2020-01-19,MUWAWF1,-4.332810550451271,ToD blocks
2020-01-26,MUWAWF1,1.6504402879963962,ToD blocks
2020-02-02,MUWAWF1,-195.26234789800566,ToD blocks
2020-02-09,MUWAWF1,-1.388043960952345,ToD blocks
2020-02-16,MUWAWF1,-3.3113503581601265,ToD blocks
2020-02-23,MUWAWF1,1.0039899756300272,ToD blocks
2020-03-01,MUWAWF1,-2.296254242613138,ToD blocks
2020-03-08,MUWAWF1,-3.0672649470995523,ToD blocks
2020-03-15,MUWAWF1,-1.7069450849454313,ToD blocks
2020-03-22,MUWAWF1,-2.4951960693885624,ToD blocks
2020-03-29,MUWAWF1,-1.3021103107660963,ToD blocks
2020-04-05,MUWAWF1,-7.083572323182175,ToD blocks
2020-04-12,MUWAWF1,-7.462020228345544,ToD blocks
2020-04-19,MUWAWF1,-7.028845798233949,ToD blocks
2020-04-26,MUWAWF1,-1.4801596500932312,ToD blocks
2020-05-03,MUWAWF1,-1.412988114394846,ToD blocks
2020-05-10,MUWAWF1,-2.0331685703599547,ToD blocks
2020-05-17,MUWAWF1,-10.493121849591304,ToD blocks
2020-05-24,MUWAWF1,-4.211917575937122,ToD blocks
2020-05-31,MUWAWF1,-10.42048346705618,ToD blocks
2020-06-07,MUWAWF1,-10.397034627940606,ToD blocks
2020-06-14,MUWAWF1,-31.3235084599498,ToD blocks
2020-06-21,MUWAWF1,-6.8001172523945606,ToD blocks
2020-06-28,MUWAWF1,-6.793280253548026,ToD blocks
2020-07-05,MUWAWF1,-1.0039104047153131,ToD blocks
2020-07-12,MUWAWF1,-6.052635008581575,ToD blocks
2020-07-19,MUWAWF1,-11.258130369845567,ToD blocks
2020-07-26,MUWAWF1,-13.458126944473555,ToD blocks
2020-08-02,MUWAWF1,-6.714834164517065,ToD blocks
2020-08-09,MUWAWF1,-3.2394404709017692,ToD blocks
2020-08-16,MUWAWF1,-6.242416316187295,ToD blocks
2020-08-23,MUWAWF1,-2.1772936728393475,ToD blocks
2020-08-30,MUWAWF1,-19.969276674885457,ToD blocks
2020-09-06,MUWAWF1,-5.6550046158841525,ToD blocks
2020-09-13,MUWAWF1,-2.668149179617732,ToD blocks
2020-09-20,MUWAWF1,-4.46241761819584,ToD blocks
2020-09-27,MUWAWF1,-4.021402943582125,ToD blocks
2020-10-04,MUWAWF1,4.690617169020086,ToD blocks
2020-10-11,MUWAWF1,-7.049128678852796,ToD blocks
2020-10-18,MUWAWF1,-2.1316948878352235,ToD blocks
2020-10-25,MUWAWF1,-13.40873169154898,ToD blocks
2020-11-01,MUWAWF1,-2.6045206621435923,ToD blocks
2020-11-08,MUWAWF1,-1.1029634852999237,ToD blocks
2020-11-15,MUWAWF1,-3.1517320895741605,ToD blocks
2020-11-22,MUWAWF1,-7.365865203343496,ToD blocks
2020-11-29,MUWAWF1,-2.970789501107717,ToD blocks
2020-12-06,MUWAWF1,-1.6863946815868047,ToD blocks
2020-12-13,MUWAWF1,0.32447767266058847,ToD blocks
2020-12-20,MUWAWF1,-2.1038451203300426,ToD blocks
2020-12-27,MUWAWF1,-2.6369471691231254,ToD blocks
2021-01-03,MUWAWF1,0.3872358220008181,ToD blocks
2021-01-10,MUWAWF1,-1.3165943598240517,ToD blocks
2021-01-17,MUWAWF1,7.047426381912661,ToD blocks
2021-01-24,MUWAWF1,-2.8661194931280534,ToD blocks
2021-01-31,MUWAWF1,5.014856436011112,ToD blocks
2021-02-07,MUWAWF1,0.15648250461758195,ToD blocks
2021-02-14,MUWAWF1,0.9320177385168833,ToD blocks
2021-02-21,MUWAWF1,-3.995132975367838,ToD blocks
2021-02-28,MUWAWF1,-2.7040352349211467,ToD blocks
2021-03-07,MUWAWF1,-1.4684200485595866,ToD blocks
2021-03-14,MUWAWF1,-2.1598279826142814,ToD blocks
2021-03-21,MUWAWF1,-0.7680065349806036,ToD blocks
2021-03-28,MUWAWF1,-6.489756607647813,ToD blocks
2021-04-04,MUWAWF1,-4.340141865549928,ToD blocks
2021-04-11,MUWAWF1,0.7192326177594488,ToD blocks
2021-04-18,MUWAWF1,-10.641232721148434,ToD blocks
2021-04-25,MUWAWF1,-14.570221519391808,ToD blocks
2021-05-02,MUWAWF1,-28.09164388835478,ToD blocks
2021-05-09,MUWAWF1,-9.537315189369025,ToD blocks
2021-05-16,MUWAWF1,-17.50998621422731,ToD blocks
2021-05-23,MUWAWF1,-103.27118139439688,ToD blocks
2021-05-30,MUWAWF1,-14.69227944136474,ToD blocks
2021-06-06,MUWAWF1,-8.711218920006566,ToD blocks
2021-06-13,MUWAWF1,-12.97050455490708,ToD blocks
2021-06-20,MUWAWF1,-11.2298575522248,ToD blocks
2021-06-27,MUWAWF1,-22.853801363215197,ToD blocks
2021-07-04,MUWAWF1,-9.342474879270469,ToD blocks
2021-07-11,MUWAWF1,-62.442171118875564,ToD blocks
2021-07-18,MUWAWF1,-3.4754416898384832,ToD blocks
2021-07-25,MUWAWF1,-19.93452641318099,ToD blocks
2021-08-01,MUWAWF1,5.1431692558741915,ToD blocks
2021-08-08,MUWAWF1,-8.947948194528081,ToD blocks
2021-08-15,MUWAWF1,-9.483185985905202,ToD blocks
2021-08-22,MUWAWF1,-11.93580206321817,ToD blocks
2021-08-29,MUWAWF1,-4.344388657687034,ToD blocks
2021-09-05,MUWAWF1,11.684996784628531,ToD blocks
2021-09-12,MUWAWF1,15.16044542936228,ToD blocks
2021-09-19,MUWAWF1,7.512867132746848,ToD blocks
2021-09-26,MUWAWF1,20.085495888341235,ToD blocks
2021-10-03,MUWAWF1,-2.7330697552279872,ToD blocks
2021-10-10,MUWAWF1,3.9635552675370853,ToD blocks
2021-10-17,MUWAWF1,-6.547205738327477,ToD blocks
2021-10-24,MUWAWF1,3.32697241015099,ToD blocks
2021-10-31,MUWAWF1,-0.3594861722386966,ToD blocks
2021-11-07,MUWAWF1,-1.9633893165555065,ToD blocks
2021-11-14,MUWAWF1,-3.5776926122859933,ToD blocks
2021-11-21,MUWAWF1,-4.443312515114307,ToD blocks
2021-11-28,MUWAWF1,0.9835570211340752,ToD blocks
2021-12-05,MUWAWF1,-4.5190445450427745,ToD blocks
2021-12-12,MUWAWF1,2.620295525272219,ToD blocks
2021-12-19,MUWAWF1,-2.6733338940001516,ToD blocks
2021-12-26,MUWAWF1,16.269379831127416,ToD blocks
2022-01-02,MUWAWF1,1.2327832736913251,ToD blocks
2022-01-09,MUWAWF1,-0.11316553234974691,ToD blocks
2022-01-16,MUWAWF1,-1.9955147093927437,ToD blocks
2022-01-23,MUWAWF1,4.640436440028715,ToD blocks
2022-01-30,MUWAWF1,-5.240266611312535,ToD blocks
2022-02-06,MUWAWF1,-25.838520983221372,ToD blocks
2022-02-13,MUWAWF1,-0.14855166797849506,ToD blocks
2022-02-20,MUWAWF1,-4.5747426280050405,ToD blocks
2022-02-27,MUWAWF1,2.9650875471696736,ToD blocks
2022-03-06,MUWAWF1,-5.888444311062756,ToD blocks
2022-03-13,MUWAWF1,6.720146871306667,ToD blocks
2022-03-20,MUWAWF1,-3.192602214501008,ToD blocks
2022-03-27,MUWAWF1,0.26042024682176645,ToD blocks
2022-04-03,MUWAWF1,1.0435769742383627,ToD blocks
2022-04-10,MUWAWF1,-26.7615834068952,ToD blocks
2022-04-17,MUWAWF1,6.16988479054325,ToD blocks
2022-04-24,MUWAWF1,-11.978004095858012,ToD blocks
2022-05-01,MUWAWF1,-3.7520898423538824,ToD blocks
2022-05-08,MUWAWF1,-39.29470632986357,ToD blocks
2022-05-15,MUWAWF1,-31.871084936964877,ToD blocks
2022-05-22,MUWAWF1,-13.718248357672167,ToD blocks
2022-05-29,MUWAWF1,-18.420643542980486,ToD blocks
2022-06-05,MUWAWF1,-61.51526389688473,ToD blocks
2022-06-12,MUWAWF1,-18.815126723044955,ToD blocks
2022-06-19,MUWAWF1,-57.42845812760092,ToD blocks
2022-06-26,MUWAWF1,5.833152138649979,ToD blocks
2022-07-03,MUWAWF1,-57.458588423747074,ToD blocks
2022-07-10,MUWAWF1,-44.33361333383971,ToD blocks
2022-07-17,MUWAWF1,-70.893439723565,ToD blocks
2022-07-24,MUWAWF1,-25.389649674547115,ToD blocks
2022-07-31,MUWAWF1,-52.48566790578201,ToD blocks
2022-08-07,MUWAWF1,-9.991995458576035,ToD blocks
2022-08-14,MUWAWF1,-45.15541691845317,ToD blocks
2022-08-21,MUWAWF1,-31.296923137630458,ToD blocks
2022-08-28,MUWAWF1,-27.737565591667405,ToD blocks
2022-09-04,MUWAWF1,-15.195573966336042,ToD blocks
2022-09-11,MUWAWF1,-7.995735738924125,ToD blocks
2022-09-18,MUWAWF1,-11.546933293117604,ToD blocks
2022-09-25,MUWAWF1,-27.434346006757465,ToD blocks
2022-10-02,MUWAWF1,-8.155963484416048,ToD blocks
2022-10-09,MUWAWF1,-18.20863470041816,ToD blocks
2022-10-16,MUWAWF1,-14.282001184385777,ToD blocks
2022-10-23,MUWAWF1,-23.804710899686967,ToD blocks
2022-10-30,MUWAWF1,-35.451613630543925,ToD blocks
2022-11-06,MUWAWF1,-33.77769618385251,ToD blocks
2022-11-13,MUWAWF1,-23.034307261878496,ToD blocks
2022-11-20,MUWAWF1,-9.912769678476984,ToD blocks
2022-11-27,MUWAWF1,-30.368854445079208,ToD blocks
2022-12-04,MUWAWF1,-6.902247656034618,ToD blocks
2022-12-11,MUWAWF1,-8.562483137411306,ToD blocks
2022-12-18,MUWAWF1,12.343595789132104,ToD blocks
2022-12-25,MUWAWF1,-2.5508421048439516,ToD blocks
2023-01-01,MUWAWF1,0.7244437497953626,ToD blocks
2023-01-08,MUWAWF1,-4.167854724668823,ToD blocks
2023-01-15,MUWAWF1,-3.9069195556864145,ToD blocks
2023-01-22,MUWAWF1,7.129858923308909,ToD blocks
2023-01-29,MUWAWF1,2.3916265990386165,ToD blocks
2023-02-05,MUWAWF1,20.568674542111843,ToD blocks
2023-02-12,MUWAWF1,11.87936779415054,ToD blocks
2023-02-19,MUWAWF1,-3.68750725308999,ToD blocks
2023-02-26,MUWAWF1,5.53680817828382,ToD blocks
2023-03-05,MUWAWF1,4.7783762541354236,ToD blocks
2023-03-12,MUWAWF1,17.796602175810662,ToD blocks
2023-03-19,MUWAWF1,-5.582221728561478,ToD blocks
2023-03-26,MUWAWF1,-12.68556765625874,ToD blocks
2023-04-02,MUWAWF1,-13.039714310993006,ToD blocks
2023-04-09,MUWAWF1,-10.7784498865867,ToD blocks
2023-04-16,MUWAWF1,-5.200649734441299,ToD blocks
2023-04-23,MUWAWF1,-11.788145471942812,ToD blocks
2023-04-30,MUWAWF1,-38.320474048482865,ToD blocks
2023-05-07,MUWAWF1,-1.9409717930834347,ToD blocks
2023-05-14,MUWAWF1,-20.412746212785294,ToD blocks
2023-05-21,MUWAWF1,3.266025894654547,ToD blocks
2023-05-28,MUWAWF1,-28.16379048754193,ToD blocks
2023-06-04,MUWAWF1,-15.024383391263704,ToD blocks
2023-06-11,MUWAWF1,-6.732157906061502,ToD blocks
2023-06-18,MUWAWF1,7.517786984663719,ToD blocks
2023-06-25,MUWAWF1,-24.156124713991687,ToD blocks
2023-07-02,MUWAWF1,-11.253736221709744,ToD blocks
2023-07-09,MUWAWF1,-29.527505681807256,ToD blocks
2023-07-16,MUWAWF1,-14.459717077553496,ToD blocks
2023-07-23,MUWAWF1,-17.001346933489145,ToD blocks
2023-07-30,MUWAWF1,-31.539920225570825,ToD blocks
2023-08-06,MUWAWF1,-38.68291506905392,ToD blocks
2023-08-13,MUWAWF1,-21.04131805963604,ToD blocks
2023-08-20,MUWAWF1,-56.56824392474844,ToD blocks
2023-08-27,MUWAWF1,-5.802415185407789,ToD blocks
2023-09-03,MUWAWF1,-14.353053750937171,ToD blocks
2023-09-10,MUWAWF1,3.618258149450199,ToD blocks
2023-09-17,MUWAWF1,-4.7012583486683965,ToD blocks
2023-09-24,MUWAWF1,9.439561243906056,ToD blocks
2023-10-01,MUWAWF1,17.622538801001262,ToD blocks
2023-10-08,MUWAWF1,-1.6231972368945904,ToD blocks
2023-10-15,MUWAWF1,-3.51572230523848,ToD blocks
2023-10-22,MUWAWF1,-5.89654421030907,ToD blocks
2023-10-29,MUWAWF1,9.837451166557134,ToD blocks
2023-11-05,MUWAWF1,13.91194094427264,ToD blocks
2023-11-12,MUWAWF1,0.38272208596296764,ToD blocks
2023-11-19,MUWAWF1,22.361765520438283,ToD blocks
2023-11-26,MUWAWF1,2.2945538508398116,ToD blocks
2023-12-03,MUWAWF1,0.7474962841636561,ToD blocks
2023-12-10,MUWAWF1,-8.14862749388297,ToD blocks
2023-12-17,MUWAWF1,7.785652848725874,ToD blocks
2023-12-24,MUWAWF1,15.633781131892981,ToD blocks
2023-12-31,MUWAWF1,24.519900082478465,ToD blocks
2024-01-07,MUWAWF1,-1.4517580219718056,ToD blocks
2024-01-14,MUWAWF1,-5.218613143135428,ToD blocks
2024-01-21,MUWAWF1,6.147588731425788,ToD blocks
2024-01-28,MUWAWF1,12.045459755096363,ToD blocks
2024-02-04,MUWAWF1,13.879623530022492,ToD blocks
2024-02-11,MUWAWF1,11.491859550428096,ToD blocks
2024-02-18,MUWAWF1,-24.31842108250791,ToD blocks
2024-02-25,MUWAWF1,13.830287271888096,ToD blocks
2024-03-03,MUWAWF1,7.269318094347419,ToD blocks
2024-03-10,MUWAWF1,-5.941303997563267,ToD blocks
2024-03-17,MUWAWF1,-2.1241014738814528,ToD blocks
2024-03-24,MUWAWF1,4.783608759638504,ToD blocks
2024-03-31,MUWAWF1,3.525110114659647,ToD blocks
2024-04-07,MUWAWF1,-2.201149399774174,ToD blocks
2024-04-14,MUWAWF1,-14.4549576456767,ToD blocks
2024-04-21,MUWAWF1,-11.301418969487813,ToD blocks
2024-04-28,MUWAWF1,-3.7624343120924237,ToD blocks
2024-05-05,MUWAWF1,0.32384786132787724,ToD blocks
2024-05-12,MUWAWF1,-5.073522119117996,ToD blocks
2024-05-19,MUWAWF1,-28.433177070504513,ToD blocks
2024-05-26,MUWAWF1,-8.335037954476945,ToD blocks
2024-06-02,MUWAWF1,-16.178045927810786,ToD blocks
2024-06-09,MUWAWF1,-23.343366915608925,ToD blocks
2024-06-16,MUWAWF1,-29.42345031894658,ToD blocks
2024-06-23,MUWAWF1,-0.03550269079272539,ToD blocks
2024-06-30,MUWAWF1,-11.949386878772785,ToD blocks
2024-07-07,MUWAWF1,-21.321049306737308,ToD blocks
2024-07-14,MUWAWF1,-31.027616106306198,ToD blocks
2024-07-21,MUWAWF1,-10.489679863416882,ToD blocks
2024-07-28,MUWAWF1,-7.385188966876811,ToD blocks
2024-08-04,MUWAWF1,-111.09247398195009,ToD blocks
2024-08-11,MUWAWF1,-358.1340622804525,ToD blocks
2024-08-18,MUWAWF1,-1.8210211566693033,ToD blocks
2024-08-25,MUWAWF1,4.504837324399176,ToD blocks
2024-09-01,MUWAWF1,23.26569292241084,ToD blocks
2024-09-08,MUWAWF1,7.62953519976581,ToD blocks
2024-09-15,MUWAWF1,4.335049434328205,ToD blocks
2024-09-22,MUWAWF1,5.818223958146973,ToD blocks
2024-09-29,MUWAWF1,-8.824956092713812,ToD blocks
2024-10-06,MUWAWF1,5.3113884709887635,ToD blocks
2024-10-13,MUWAWF1,5.10433602278259,ToD blocks
2024-10-20,MUWAWF1,7.660628417297154,ToD blocks
2024-10-27,MUWAWF1,13.02858482157292,ToD blocks
2024-11-03,MUWAWF1,17.729488638856182,ToD blocks
2024-11-10,MUWAWF1,11.372294699584813,ToD blocks
2024-11-17,MUWAWF1,23.320129801485763,ToD blocks
2024-11-24,MUWAWF1,2.754891726817249,ToD blocks
2024-12-01,MUWAWF1,-2.9140132802781693,ToD blocks
2024-12-08,MUWAWF1,8.831669037226547,ToD blocks
2024-12-15,MUWAWF1,20.338538263637645,ToD blocks
2024-12-22,MUWAWF1,21.314965425905115,ToD blocks
2024-12-29,MUWAWF1,22.732094911029574,ToD blocks
2025-01-05,MUWAWF1,21.87117177266208,ToD blocks
2020-01-05,OAKLAND1,-12.148492466374918,ToD blocks
2020-01-12,OAKLAND1,-8.610393501000033,ToD blocks
2020-01-19,OAKLAND1,-10.009189572856954,ToD blocks
2020-01-26,OAKLAND1,-15.195819057762318,ToD blocks
2020-02-02,OAKLAND1,32.904856146839165,ToD blocks
2020-02-09,OAKLAND1,-3.666733552282526,ToD blocks
2020-02-16,OAKLAND1,-2.984446942252596,ToD blocks
2020-02-23,OAKLAND1,-0.507853666756489,ToD blocks
2020-03-01,OAKLAND1,-5.8103232374065925,ToD blocks
2020-03-08,OAKLAND1,-8.334537355020423,ToD blocks
2020-03-15,OAKLAND1,-3.0473048492445116,ToD blocks
2020-03-22,OAKLAND1,-6.417927243125284,ToD blocks
2020-03-29,OAKLAND1,-2.197424049610099,ToD blocks
2020-04-05,OAKLAND1,-14.539377099722621,ToD blocks
2020-04-12,OAKLAND1,-17.239686278898652,ToD blocks
2020-04-19,OAKLAND1,-8.473282656529214,ToD blocks
2020-04-26,OAKLAND1,-6.713974093869329,ToD blocks
2020-05-03,OAKLAND1,-5.518713175856675,ToD blocks
2020-05-10,OAKLAND1,-7.177049718993008,ToD blocks
2020-05-17,OAKLAND1,-13.845827584489047,ToD blocks
2020-05-24,OAKLAND1,-3.7699679570642033,ToD blocks
2020-05-31,OAKLAND1,-6.270709089993495,ToD blocks
2020-06-07,OAKLAND1,-8.934017669470386,ToD blocks
2020-06-14,OAKLAND1,-33.90293224441198,ToD blocks
2020-06-21,OAKLAND1,-6.851685861675929,ToD blocks
2020-06-28,OAKLAND1,-9.133879614744231,ToD blocks
2020-07-05,OAKLAND1,-3.1273268774106526,ToD blocks
2020-07-12,OAKLAND1,-11.679998985548451,ToD blocks
2020-07-19,OAKLAND1,-14.53569941018128,ToD blocks
2020-07-26,OAKLAND1,-22.717496062060277,ToD blocks
2020-08-02,OAKLAND1,-2.5078910961511838,ToD blocks
2020-08-09,OAKLAND1,-2.045544649963091,ToD blocks
2020-08-16,OAKLAND1,-4.895274326663149,ToD blocks
2020-08-23,OAKLAND1,1.278260142360935,ToD blocks
2020-08-30,OAKLAND1,-31.24862254493989,ToD blocks
2020-09-06,OAKLAND1,-6.575714690569601,ToD blocks
2020-09-13,OAKLAND1,-4.4843219099797835,ToD blocks
2020-09-20,OAKLAND1,-6.886573101600167,ToD blocks
2020-09-27,OAKLAND1,-5.567195917159665,ToD blocks
2020-10-04,OAKLAND1,-14.694341208123053,ToD blocks
2020-10-11,OAKLAND1,-20.739633229030346,ToD blocks
2020-10-18,OAKLAND1,-6.009336301810244,ToD blocks
2020-10-25,OAKLAND1,-20.953812528869886,ToD blocks
2020-11-01,OAKLAND1,-4.974730825395625,ToD blocks
2020-11-08,OAKLAND1,-3.3807884710608604,ToD blocks
2020-11-15,OAKLAND1,-10.802738498588429,ToD blocks
2020-11-22,OAKLAND1,-11.536329323901555,ToD blocks
2020-11-29,OAKLAND1,-16.77494580842527,ToD blocks
2020-12-06,OAKLAND1,-23.27451416996314,ToD blocks
2020-12-13,OAKLAND1,-9.128871470529695,ToD blocks
2020-12-20,OAKLAND1,-8.970035503007317,ToD blocks
2020-12-27,OAKLAND1,-13.087005880680847,ToD blocks
2021-01-03,OAKLAND1,-0.1914707595834635,ToD blocks
2021-01-10,OAKLAND1,-9.921219654522838,ToD blocks
2021-01-17,OAKLAND1,-7.013884267472065,ToD blocks
2021-01-24,OAKLAND1,-4.671155296721718,ToD blocks
2021-01-31,OAKLAND1,-3.3461442722039756,ToD blocks
2021-02-07,OAKLAND1,-4.1753515242186285,ToD blocks
2021-02-14,OAKLAND1,-2.7747115015573662,ToD blocks
2021-02-21,OAKLAND1,-6.148889694310366,ToD blocks
2021-02-28,OAKLAND1,-7.777070906214991,ToD blocks
2021-03-07,OAKLAND1,-5.544277381444129,ToD blocks
2021-03-14,OAKLAND1,-1.7740994121397264,ToD blocks
2021-03-21,OAKLAND1,-0.45247501459940054,ToD blocks
2021-03-28,OAKLAND1,-6.86685104182866,ToD blocks
2021-04-04,OAKLAND1,-9.93552021216879,ToD blocks
2021-04-11,OAKLAND1,-18.07104845191582,ToD blocks
2021-04-18,OAKLAND1,-23.913569541829112,ToD blocks
2021-04-25,OAKLAND1,-17.8427137926097,ToD blocks
2021-05-02,OAKLAND1,-43.31326267238737,ToD blocks
2021-05-09,OAKLAND1,-13.054643949335926,ToD blocks
2021-05-16,OAKLAND1,-17.557381474058502,ToD blocks
2021-05-23,OAKLAND1,-79.24150283512525,ToD blocks
2021-05-30,OAKLAND1,-28.778201325888404,ToD blocks
2021-06-06,OAKLAND1,-15.244718736184872,ToD blocks
2021-06-13,OAKLAND1,-24.005326083797762,ToD blocks
2021-06-20,OAKLAND1,-9.39035733803236,ToD blocks
2021-06-27,OAKLAND1,-24.210991210678515,ToD blocks
2021-07-04,OAKLAND1,-9.720896858701941,ToD blocks
2021-07-11,OAKLAND1,-101.98217884220614,ToD blocks
2021-07-18,OAKLAND1,-14.199876940854288,ToD blocks
2021-07-25,OAKLAND1,-29.34936068945688,ToD blocks
2021-08-01,OAKLAND1,-6.830496166144211,ToD blocks
2021-08-08,OAKLAND1,-12.92044842625446,ToD blocks
2021-08-15,OAKLAND1,-8.723112695147755,ToD blocks
2021-08-22,OAKLAND1,-21.646780397993226,ToD blocks
2021-08-29,OAKLAND1,-18.48141868357542,ToD blocks
2021-09-05,OAKLAND1,-14.949401928259903,ToD blocks
2021-09-12,OAKLAND1,-10.806977909324694,ToD blocks
2021-09-19,OAKLAND1,-26.115689106064536,ToD blocks
2021-09-26,OAKLAND1,-10.046158102819437,ToD blocks
2021-10-03,OAKLAND1,-9.58633381788973,ToD blocks
2021-10-10,OAKLAND1,-14.316005609234406,ToD blocks
2021-10-17,OAKLAND1,-22.842861132563105,ToD blocks
2021-10-24,OAKLAND1,-10.3039744175784,ToD blocks
2021-10-31,OAKLAND1,-14.975692873980481,ToD blocks
2021-11-07,OAKLAND1,-11.779066328435519,ToD blocks
2021-11-14,OAKLAND1,-12.785008585850596,ToD blocks
2021-11-21,OAKLAND1,-28.14747770352782,ToD blocks
2021-11-28,OAKLAND1,-17.843579107395133,ToD blocks
2021-12-05,OAKLAND1,-8.214509618660472,ToD blocks
2021-12-12,OAKLAND1,-6.696019706329388,ToD blocks
2021-12-19,OAKLAND1,-24.37577991100829,ToD blocks
2021-12-26,OAKLAND1,-13.03714164620828,ToD blocks
2022-01-02,OAKLAND1,-13.088383595676099,ToD blocks
2022-01-09,OAKLAND1,-8.482430669647467,ToD blocks
2022-01-16,OAKLAND1,-6.287211493517368,ToD blocks
2022-01-23,OAKLAND1,-12.547517231316892,ToD blocks
2022-01-30,OAKLAND1,2.7875165547374365,ToD blocks
2022-02-06,OAKLAND1,-59.84933279679114,ToD blocks
2022-02-13,OAKLAND1,-17.09675267726994,ToD blocks
2022-02-20,OAKLAND1,-10.154264483207612,ToD blocks
2022-02-27,OAKLAND1,0.5433220602959778,ToD blocks
2022-03-06,OAKLAND1,-42.552754065312854,ToD blocks
2022-03-13,OAKLAND1,-13.119456193783382,ToD blocks
2022-03-20,OAKLAND1,-8.03443092337504,ToD blocks
2022-03-27,OAKLAND1,-13.745074653680085,ToD blocks
2022-04-03,OAKLAND1,-35.39785792660371,ToD blocks
2022-04-10,OAKLAND1,-55.53969552456513,ToD blocks
2022-04-17,OAKLAND1,-32.87720994990087,ToD blocks
2022-04-24,OAKLAND1,-5.548806227575028,ToD blocks
2022-05-01,OAKLAND1,-31.838055457251784,ToD blocks
2022-05-08,OAKLAND1,-55.53783789033163,ToD blocks
2022-05-15,OAKLAND1,-100.70230081987336,ToD blocks
2022-05-22,OAKLAND1,-27.211948453524684,ToD blocks
2022-05-29,OAKLAND1,-33.44496732420629,ToD blocks
2022-06-05,OAKLAND1,-80.24578393236797,ToD blocks
2022-06-12,OAKLAND1,-32.75572378516503,ToD blocks
2022-06-19,OAKLAND1,-77.43120872536241,ToD blocks
2022-06-26,OAKLAND1,-27.78096496945301,ToD blocks
2022-07-03,OAKLAND1,-77.2411715971599,ToD blocks
2022-07-10,OAKLAND1,-49.71922198481752,ToD blocks
2022-07-17,OAKLAND1,-210.56178835321236,ToD blocks
2022-07-24,OAKLAND1,-64.57020207993253,ToD blocks
2022-07-31,OAKLAND1,-68.19940706250563,ToD blocks
2022-08-07,OAKLAND1,-48.32638976180079,ToD blocks
2022-08-14,OAKLAND1,-61.82874500409872,ToD blocks
2022-08-21,OAKLAND1,-41.94278877028546,ToD blocks
2022-08-28,OAKLAND1,-51.01187970070016,ToD blocks
2022-09-04,OAKLAND1,-32.019242476125484,ToD blocks
2022-09-11,OAKLAND1,-21.43899316252387,ToD blocks
2022-09-18,OAKLAND1,-51.061936082399285,ToD blocks
2022-09-25,OAKLAND1,-43.89075706466169,ToD blocks
2022-10-02,OAKLAND1,-2.47539431634101,ToD blocks
2022-10-09,OAKLAND1,-36.91917440474403,ToD blocks
2022-10-16,OAKLAND1,-42.69641131963347,ToD blocks
2022-10-23,OAKLAND1,-25.94028535693097,ToD blocks
2022-10-30,OAKLAND1,-42.8274037235464,ToD blocks
2022-11-06,OAKLAND1,-41.36642061226921,ToD blocks
2022-11-13,OAKLAND1,-33.59114565918322,ToD blocks
2022-11-20,OAKLAND1,-52.56842295124767,ToD blocks
2022-11-27,OAKLAND1,-57.464050731555595,ToD blocks
2022-12-04,OAKLAND1,1.2031295753086368,ToD blocks
2022-12-11,OAKLAND1,-27.351514787689986,ToD blocks
2022-12-18,OAKLAND1,-6.256806869287031,ToD blocks
2022-12-25,OAKLAND1,9.336490914709508,ToD blocks
2023-01-01,OAKLAND1,-9.299753689244334,ToD blocks
2023-01-08,OAKLAND1,-17.225015500659513,ToD blocks
2023-01-15,OAKLAND1,-36.32329756851296,ToD blocks
2023-01-22,OAKLAND1,-15.060197927289664,ToD blocks
2023-01-29,OAKLAND1,-29.271712544597534,ToD blocks
2023-02-05,OAKLAND1,-28.55164271299279,ToD blocks
2023-02-12,OAKLAND1,-22.543037918337042,ToD blocks
2023-02-19,OAKLAND1,-1.258630405421954,ToD blocks
2023-02-26,OAKLAND1,-24.830789289772042,ToD blocks
2023-03-05,OAKLAND1,-24.577648638673402,ToD blocks
2023-03-12,OAKLAND1,-29.591151763545447,ToD blocks
2023-03-19,OAKLAND1,-30.299397379679906,ToD blocks
2023-03-26,OAKLAND1,-29.070165397867008,ToD blocks
2023-04-02,OAKLAND1,-37.28429975430571,ToD blocks
2023-04-09,OAKLAND1,-12.14684203824011,ToD blocks
2023-04-16,OAKLAND1,-33.31064192731797,ToD blocks
2023-04-23,OAKLAND1,-14.591186644742322,ToD blocks
2023-04-30,OAKLAND1,-56.91579011853708,ToD blocks
2023-05-07,OAKLAND1,-59.37262047068246,ToD blocks
2023-05-14,OAKLAND1,-16.185006710058786,ToD blocks
2023-05-21,OAKLAND1,-43.51026654134684,ToD blocks
2023-05-28,OAKLAND1,-10.052531597083842,ToD blocks
2023-06-04,OAKLAND1,-38.01991137354666,ToD blocks
2023-06-11,OAKLAND1,-12.360257537837672,ToD blocks
2023-06-18,OAKLAND1,-9.01646759949248,ToD blocks
2023-06-25,OAKLAND1,-44.451823470181,ToD blocks
2023-07-02,OAKLAND1,-25.291157409368324,ToD blocks
2023-07-09,OAKLAND1,-48.12320936585959,ToD blocks
2023-07-16,OAKLAND1,-16.863594626158925,ToD blocks
2023-07-23,OAKLAND1,-20.54204402054755,ToD blocks
2023-07-30,OAKLAND1,-48.39249163712518,ToD blocks
2023-08-06,OAKLAND1,-55.91770525360027,ToD blocks
2023-08-13,OAKLAND1,-37.44636553019675,ToD blocks
2023-08-20,OAKLAND1,-58.30008418733994,ToD blocks
2023-08-27,OAKLAND1,-9.173877491535443,ToD blocks
2023-09-03,OAKLAND1,-23.03166554911481,ToD blocks
2023-09-10,OAKLAND1,-20.08705826597993,ToD blocks
2023-09-17,OAKLAND1,-8.481771989133083,ToD blocks
2023-09-24,OAKLAND1,-21.516528880515004,ToD blocks
2023-10-01,OAKLAND1,-15.318844697612455,ToD blocks
2023-10-08,OAKLAND1,-6.073870043329052,ToD blocks
2023-10-15,OAKLAND1,-11.425480935513328,ToD blocks
2023-10-22,OAKLAND1,-24.866455426464942,ToD blocks
2023-10-29,OAKLAND1,2.035726305381714,ToD blocks
2023-11-05,OAKLAND1,-3.459094838472341,ToD blocks
2023-11-12,OAKLAND1,-43.59278570293766,ToD blocks
2023-11-19,OAKLAND1,-13.196341533827031,ToD blocks
2023-11-26,OAKLAND1,-11.081734776483842,ToD blocks
2023-12-03,OAKLAND1,-8.729296097345127,ToD blocks
2023-12-10,OAKLAND1,-24.50681010596913,ToD blocks
2023-12-17,OAKLAND1,-4.848540970655044,ToD blocks
2023-12-24,OAKLAND1,-2.0502566237567974,ToD blocks
2023-12-31,OAKLAND1,-12.199455251167269,ToD blocks
2024-01-07,OAKLAND1,3.7039088270994185,ToD blocks
2024-01-14,OAKLAND1,-20.05495385167518,ToD blocks
2024-01-21,OAKLAND1,-6.165227918382996,ToD blocks
2024-01-28,OAKLAND1,9.985009454506105,ToD blocks
2024-02-04,OAKLAND1,-23.237533498409825,ToD blocks
2024-02-11,OAKLAND1,4.402550418772787,ToD blocks
2024-02-18,OAKLAND1,530.5372573362067,ToD blocks
2024-02-25,OAKLAND1,1.349894147054215,ToD blocks
2024-03-03,OAKLAND1,2.074500810826855,ToD blocks
2024-03-10,OAKLAND1,-31.403932799350315,ToD blocks
2024-03-17,OAKLAND1,-22.387958757559282,ToD blocks
2024-03-24,OAKLAND1,0.1456063347497505,ToD blocks
2024-03-31,OAKLAND1,4.1588043040047395,ToD blocks
2024-04-07,OAKLAND1,-22.994461601314832,ToD blocks
2024-04-14,OAKLAND1,-30.12829304806204,ToD blocks
2024-04-21,OAKLAND1,-19.982316617893062,ToD blocks
2024-04-28,OAKLAND1,-35.795204820443054,ToD blocks
2024-05-05,OAKLAND1,-5.30419540127167,ToD blocks
2024-05-12,OAKLAND1,-20.186516042482765,ToD blocks
2024-05-19,OAKLAND1,-36.01754205249868,ToD blocks
2024-05-26,OAKLAND1,-25.061303630163337,ToD blocks
2024-06-02,OAKLAND1,-52.89731330855019,ToD blocks
2024-06-09,OAKLAND1,-29.754047419899848,ToD blocks
2024-06-16,OAKLAND1,-69.14477895960114,ToD blocks
2024-06-23,OAKLAND1,-12.256150987405931,ToD blocks
2024-06-30,OAKLAND1,-10.882538153051058,ToD blocks
2024-07-07,OAKLAND1,-39.59182920495965,ToD blocks
2024-07-14,OAKLAND1,-34.22170324926904,ToD blocks
2024-07-21,OAKLAND1,-21.82354823156375,ToD blocks
2024-07-28,OAKLAND1,-11.90457403576653,ToD blocks
2024-08-04,OAKLAND1,-105.0120721408768,ToD blocks
2024-08-11,OAKLAND1,-333.8695827957778,ToD blocks
2024-08-18,OAKLAND1,-16.377865006658126,ToD blocks
2024-08-25,OAKLAND1,-15.134195322445262,ToD blocks
2024-09-01,OAKLAND1,1.4681109629503553,ToD blocks
2024-09-08,OAKLAND1,-5.975545784927058,ToD blocks
2024-09-15,OAKLAND1,-13.63409316192042,ToD blocks
2024-09-22,OAKLAND1,-0.5736307626639121,ToD blocks
2024-09-29,OAKLAND1,-28.71246787260981,ToD blocks
2024-10-06,OAKLAND1,-12.638379393526213,ToD blocks
2024-10-13,OAKLAND1,-2.638713989320319,ToD blocks
2024-10-20,OAKLAND1,-12.359955985924817,ToD blocks
2024-10-27,OAKLAND1,-23.976197418252518,ToD blocks
2024-11-03,OAKLAND1,-0.28591842625335673,ToD blocks
2024-11-10,OAKLAND1,-36.89130521003822,ToD blocks
2024-11-17,OAKLAND1,-39.70260547074542,ToD blocks
2024-11-24,OAKLAND1,-27.444461032344698,ToD blocks
2024-12-01,OAKLAND1,-51.88794228201133,ToD blocks
2024-12-08,OAKLAND1,-23.33940803265415,ToD blocks
2024-12-15,OAKLAND1,-9.410541653618964,ToD blocks
2024-12-22,OAKLAND1,7.608939572744056,ToD blocks
2024-12-29,OAKLAND1,-1.0908782961738979,ToD blocks
2025-01-05,OAKLAND1,-2.3096433548863686,ToD blocks
2020-01-05,SALTCRK1,-8.091717052797172,ToD blocks
2020-01-12,SALTCRK1,-7.586788591944064,ToD blocks
2020-01-19,SALTCRK1,-9.365928703755934,ToD blocks
2020-01-26,SALTCRK1,-11.089730799131317,ToD blocks
2020-02-02,SALTCRK1,16.140845688068623,ToD blocks
2020-02-09,SALTCRK1,-4.964274560540812,ToD blocks
2020-02-16,SALTCRK1,-1.2039193538204032,ToD blocks
2020-02-23,SALTCRK1,-2.205042831829175,ToD blocks
2020-03-01,SALTCRK1,-6.361639295097376,ToD blocks
2020-03-08,SALTCRK1,-8.118185274119831,ToD blocks
2020-03-15,SALTCRK1,-2.9075835356837842,ToD blocks
2020-03-22,SALTCRK1,-4.530429951969161,ToD blocks
2020-03-29,SALTCRK1,-2.312738558053418,ToD blocks
2020-04-05,SALTCRK1,-11.302561729313261,ToD blocks
2020-04-12,SALTCRK1,-15.600628636677378,ToD blocks
2020-04-19,SALTCRK1,-6.8390326469726475,ToD blocks
2020-04-26,SALTCRK1,-5.023234409995599,ToD blocks
2020-05-03,SALTCRK1,-5.650560465199604,ToD blocks
2020-05-10,SALTCRK1,-6.59976741940762,ToD blocks
2020-05-17,SALTCRK1,-10.56379193793649,ToD blocks
2020-05-24,SALTCRK1,-4.102764855711541,ToD blocks
2020-05-31,SALTCRK1,-6.861282000909931,ToD blocks
2020-06-07,SALTCRK1,-8.286716093445598,ToD blocks
2020-06-14,SALTCRK1,-29.846677545664463,ToD blocks
2020-06-21,SALTCRK1,-7.223672687442114,ToD blocks
2020-06-28,SALTCRK1,-7.892144694581276,ToD blocks
2020-07-05,SALTCRK1,-3.8803056052719143,ToD blocks
2020-07-12,SALTCRK1,-9.215787725379009,ToD blocks
2020-07-19,SALTCRK1,-13.86461854594549,ToD blocks
2020-07-26,SALTCRK1,-17.78981557197595,ToD blocks
2020-08-02,SALTCRK1,-3.961521165226941,ToD blocks
2020-08-09,SALTCRK1,-1.727474532988964,ToD blocks
2020-08-16,SALTCRK1,-4.455747545249224,ToD blocks
2020-08-23,SALTCRK1,-1.350203661475156,ToD blocks
2020-08-30,SALTCRK1,-24.27769733305098,ToD blocks
2020-09-06,SALTCRK1,-6.924830969237682,ToD blocks
2020-09-13,SALTCRK1,-3.961585967621126,ToD blocks
2020-09-20,SALTCRK1,-6.263676354681316,ToD blocks
2020-09-27,SALTCRK1,-5.724740044703076,ToD blocks
2020-10-04,SALTCRK1,-9.16964937675979,ToD blocks
2020-10-11,SALTCRK1,-15.053992462637638,ToD blocks
2020-10-18,SALTCRK1,-7.844604689112259,ToD blocks
2020-10-25,SALTCRK1,-19.94246692248735,ToD blocks
2020-11-01,SALTCRK1,-2.954282214549849,ToD blocks
2020-11-08,SALTCRK1,-6.241133867470317,ToD blocks
2020-11-15,SALTCRK1,-5.565158117631,ToD blocks
2020-11-22,SALTCRK1,-10.262773289647996,ToD blocks
2020-11-29,SALTCRK1,-12.064518261315804,ToD blocks
2020-12-06,SALTCRK1,-14.383958864210939,ToD blocks
2020-12-13,SALTCRK1,-4.470015204430197,ToD blocks
2020-12-20,SALTCRK1,-3.0561381633967812,ToD blocks
2020-12-27,SALTCRK1,-10.86090470379338,ToD blocks
2021-01-03,SALTCRK1,-2.911761042857691,ToD blocks
2021-01-10,SALTCRK1,-5.39180624629439,ToD blocks
2021-01-17,SALTCRK1,1.359482102702657,ToD blocks
2021-01-24,SALTCRK1,-3.8696799675684446,ToD blocks
2021-01-31,SALTCRK1,3.3344086437992786,ToD blocks
2021-02-07,SALTCRK1,-2.15864275329473,ToD blocks
2021-02-14,SALTCRK1,3.555390285655889,ToD blocks
2021-02-21,SALTCRK1,-4.770799133510511,ToD blocks
2021-02-28,SALTCRK1,-9.075353041695697,ToD blocks
2021-03-07,SALTCRK1,-3.518493440696492,ToD blocks
2021-03-14,SALTCRK1,-2.3387415720096527,ToD blocks
2021-03-21,SALTCRK1,-3.3065328974728487,ToD blocks
2021-03-28,SALTCRK1,-4.855215598391695,ToD blocks
2021-04-04,SALTCRK1,-12.188374730012729,ToD blocks
2021-04-11,SALTCRK1,-2.992298177688678,ToD blocks
2021-04-18,SALTCRK1,-17.56316878709527,ToD blocks
2021-04-25,SALTCRK1,-12.006134134935735,ToD blocks
2021-05-02,SALTCRK1,-39.69376172728888,ToD blocks
2021-05-09,SALTCRK1,-13.360219524920964,ToD blocks
2021-05-16,SALTCRK1,-17.98068504988555,ToD blocks
2021-05-23,SALTCRK1,-54.57686279213877,ToD blocks
2021-05-30,SALTCRK1,-24.458960084626234,ToD blocks
2021-06-06,SALTCRK1,-16.0574454612372,ToD blocks
2021-06-13,SALTCRK1,-17.579171766601398,ToD blocks
2021-06-20,SALTCRK1,-14.021975831772565,ToD blocks
2021-06-27,SALTCRK1,-25.485247531309966,ToD blocks
2021-07-04,SALTCRK1,-8.240374797406638,ToD blocks
2021-07-11,SALTCRK1,-73.54376408326351,ToD blocks
2021-07-18,SALTCRK1,-6.727386799389713,ToD blocks
2021-07-25,SALTCRK1,-26.241961697189453,ToD blocks
2021-08-01,SALTCRK1,0.8645352364540138,ToD blocks
2021-08-08,SALTCRK1,-11.377020093132117,ToD blocks
2021-08-15,SALTCRK1,-2.7688911934033555,ToD blocks
2021-08-22,SALTCRK1,-11.675724457916086,ToD blocks
2021-08-29,SALTCRK1,-14.289354832737438,ToD blocks
2021-09-05,SALTCRK1,-5.340532254018093,ToD blocks
2021-09-12,SALTCRK1,-0.1509274501167468,ToD blocks
2021-09-19,SALTCRK1,-16.714370465841014,ToD blocks
2021-09-26,SALTCRK1,-1.6822437856995833,ToD blocks
2021-10-03,SALTCRK1,-6.603982337384821,ToD blocks
2021-10-10,SALTCRK1,-2.166475363506052,ToD blocks
2021-10-17,SALTCRK1,-16.823409539533966,ToD blocks
2021-10-24,SALTCRK1,-2.443454527350264,ToD blocks
2021-10-31,SALTCRK1,-13.27840642088022,ToD blocks
2021-11-07,SALTCRK1,-10.088368731810217,ToD blocks
2021-11-14,SALTCRK1,-7.74079713152204,ToD blocks
2021-11-21,SALTCRK1,-18.198731264959402,ToD blocks
2021-11-28,SALTCRK1,-1.1667621406343471,ToD blocks
2021-12-05,SALTCRK1,-3.6327054082263786,ToD blocks
2021-12-12,SALTCRK1,-8.461190592992551,ToD blocks
2021-12-19,SALTCRK1,-18.835726579965552,ToD blocks
2021-12-26,SALTCRK1,0.1920255979256673,ToD blocks
2022-01-02,SALTCRK1,-3.4278223585440877,ToD blocks
2022-01-09,SALTCRK1,-2.031860364582954,ToD blocks
2022-01-16,SALTCRK1,-9.799913257646821,ToD blocks
2022-01-23,SALTCRK1,0.713979812772962,ToD blocks
2022-01-30,SALTCRK1,-4.5868273771849175,ToD blocks
2022-02-06,SALTCRK1,-38.81398676906724,ToD blocks
2022-02-13,SALTCRK1,-7.193039379622007,ToD blocks
2022-02-20,SALTCRK1,-9.978859552281733,ToD blocks
2022-02-27,SALTCRK1,-5.053806930875936,ToD blocks
2022-03-06,SALTCRK1,-8.747510105359176,ToD blocks
2022-03-13,SALTCRK1,1.1214986188389098,ToD blocks
2022-03-20,SALTCRK1,-8.418037821780338,ToD blocks
2022-03-27,SALTCRK1,-8.65817511069774,ToD blocks
2022-04-03,SALTCRK1,-1.1170118890824625,ToD blocks
2022-04-10,SALTCRK1,-53.03313325432157,ToD blocks
2022-04-17,SALTCRK1,-17.89655663205943,ToD blocks
2022-04-24,SALTCRK1,-12.100350301243054,ToD blocks
2022-05-01,SALTCRK1,-12.471840064105209,ToD blocks
2022-05-08,SALTCRK1,-43.26238993331842,ToD blocks
2022-05-15,SALTCRK1,-85.5977314088565,ToD blocks
2022-05-22,SALTCRK1,-35.494667063303694,ToD blocks
2022-05-29,SALTCRK1,-14.493730202373229,ToD blocks
2022-06-05,SALTCRK1,-67.70123726280752,ToD blocks
2022-06-12,SALTCRK1,-34.570208862335164,ToD blocks
2022-06-19,SALTCRK1,-74.71716779199363,ToD blocks
2022-06-26,SALTCRK1,-24.377864073517742,ToD blocks
2022-07-03,SALTCRK1,-51.89609746926209,ToD blocks
2022-07-10,SALTCRK1,-45.943304378055245,ToD blocks
2022-07-17,SALTCRK1,-190.8685992720079,ToD blocks
2022-07-24,SALTCRK1,-52.81724654749712,ToD blocks
2022-07-31,SALTCRK1,-68.99851697490749,ToD blocks
2022-08-07,SALTCRK1,-37.348585061835664,ToD blocks
2022-08-14,SALTCRK1,-61.32156348768932,ToD blocks
2022-08-21,SALTCRK1,-41.05487157707664,ToD blocks
2022-08-28,SALTCRK1,-38.66604685141077,ToD blocks
2022-09-04,SALTCRK1,-34.07267719910277,ToD blocks
2022-09-11,SALTCRK1,-16.384238856716493,ToD blocks
2022-09-18,SALTCRK1,-47.50519244040348,ToD blocks
2022-09-25,SALTCRK1,-49.193191292603814,ToD blocks
2022-10-02,SALTCRK1,-7.621008256307505,ToD blocks
2022-10-09,SALTCRK1,-30.894390278104765,ToD blocks
2022-10-16,SALTCRK1,-64.84040432538197,ToD blocks
2022-10-23,SALTCRK1,-17.05522851749238,ToD blocks
2022-10-30,SALTCRK1,-42.99963827807261,ToD blocks
2022-11-06,SALTCRK1,-38.97980664915016,ToD blocks
2022-11-13,SALTCRK1,-34.97891345359289,ToD blocks
2022-11-20,SALTCRK1,-57.728675668309684,ToD blocks
2022-11-27,SALTCRK1,-51.17345032153121,ToD blocks
2022-12-04,SALTCRK1,-19.114096832259904,ToD blocks
2022-12-11,SALTCRK1,-27.601023136844354,ToD blocks
2022-12-18,SALTCRK1,-1.3303868732982078,ToD blocks
2022-12-25,SALTCRK1,-11.671115473357531,ToD blocks
2023-01-01,SALTCRK1,-5.739597411110623,ToD blocks
2023-01-08,SALTCRK1,2.9207088815535514,ToD blocks
2023-01-15,SALTCRK1,-11.488958942589775,ToD blocks
2023-01-22,SALTCRK1,-1.0950390680213857,ToD blocks
2023-01-29,SALTCRK1,-19.288441339111728,ToD blocks
2023-02-05,SALTCRK1,-17.172806302194573,ToD blocks
2023-02-12,SALTCRK1,9.774446559901584,ToD blocks
2023-02-19,SALTCRK1,15.653714258767465,ToD blocks
2023-02-26,SALTCRK1,6.917634169458417,ToD blocks
2023-03-05,SALTCRK1,-2.9904592174049895,ToD blocks
2023-03-12,SALTCRK1,3.464526473105721,ToD blocks
2023-03-19,SALTCRK1,-16.192768911002865,ToD blocks
2023-03-26,SALTCRK1,-4.183646342901923,ToD blocks
2023-04-02,SALTCRK1,-10.280316052497696,ToD blocks
2023-04-09,SALTCRK1,-6.032783842414446,ToD blocks
2023-04-16,SALTCRK1,-17.611800212112747,ToD blocks
2023-04-23,SALTCRK1,-13.446597127512788,ToD blocks
2023-04-30,SALTCRK1,-46.774469214579995,ToD blocks
2023-05-07,SALTCRK1,-40.3976286000635,ToD blocks
2023-05-14,SALTCRK1,-12.453880605159242,ToD blocks
2023-05-21,SALTCRK1,-33.61253896316198,ToD blocks
2023-05-28,SALTCRK1,-19.57936882753893,ToD blocks
2023-06-04,SALTCRK1,-32.67639432648897,ToD blocks
2023-06-11,SALTCRK1,-7.170921633884806,ToD blocks
2023-06-18,SALTCRK1,5.077639611344624,ToD blocks
2023-06-25,SALTCRK1,-32.306119294006294,ToD blocks
2023-07-02,SALTCRK1,-24.09627423268067,ToD blocks
2023-07-09,SALTCRK1,-41.40858033266154,ToD blocks
2023-07-16,SALTCRK1,-9.227821940735645,ToD blocks
2023-07-23,SALTCRK1,-18.8839517885597,ToD blocks
2023-07-30,SALTCRK1,-27.643390199802017,ToD blocks
2023-08-06,SALTCRK1,-40.10810612722439,ToD blocks
2023-08-13,SALTCRK1,-35.68125729779435,ToD blocks
2023-08-20,SALTCRK1,-45.89497756677183,ToD blocks
2023-08-27,SALTCRK1,-8.91764695330869,ToD blocks
2023-09-03,SALTCRK1,-18.35105531907464,ToD blocks
2023-09-10,SALTCRK1,-2.2669979658050785,ToD blocks
2023-09-17,SALTCRK1,1.8491040567014672,ToD blocks
2023-09-24,SALTCRK1,1.1769961542310767,ToD blocks
2023-10-01,SALTCRK1,1.3856936427344522,ToD blocks
2023-10-08,SALTCRK1,-5.437195471938281,ToD blocks
2023-10-15,SALTCRK1,-9.444551882461354,ToD blocks
2023-10-22,SALTCRK1,-12.45565042651079,ToD blocks
2023-10-29,SALTCRK1,11.820010892459923,ToD blocks
2023-11-05,SALTCRK1,10.911536761156896,ToD blocks
2023-11-12,SALTCRK1,-2.3053296511621895,ToD blocks
2023-11-19,SALTCRK1,21.677191138550782,ToD blocks
2023-11-26,SALTCRK1,-1.536113026939013,ToD blocks
2023-12-03,SALTCRK1,-0.8004542700164485,ToD blocks
2023-12-10,SALTCRK1,-13.35787916793403,ToD blocks
2023-12-17,SALTCRK1,14.086855309225115,ToD blocks
2023-12-24,SALTCRK1,18.00456720019407,ToD blocks
2023-12-31,SALTCRK1,10.2100698245967,ToD blocks
2024-01-07,SALTCRK1,0.7186212145095823,ToD blocks
2024-01-14,SALTCRK1,-3.3297881228735235,ToD blocks
2024-01-21,SALTCRK1,13.113952058031192,ToD blocks
2024-01-28,SALTCRK1,17.344426938472893,ToD blocks
2024-02-04,SALTCRK1,8.177090840945645,ToD blocks
2024-02-11,SALTCRK1,17.713564240065896,ToD blocks
2024-02-18,SALTCRK1,468.1441597805302,ToD blocks
2024-02-25,SALTCRK1,12.74256746680772,ToD blocks
2024-03-03,SALTCRK1,11.610680143382496,ToD blocks
2024-03-10,SALTCRK1,-16.34130987919005,ToD blocks
2024-03-17,SALTCRK1,-11.789726448214871,ToD blocks
2024-03-24,SALTCRK1,7.609908503200678,ToD blocks
2024-03-31,SALTCRK1,13.500387375314546,ToD blocks
2024-04-07,SALTCRK1,-15.35401891991129,ToD blocks
2024-04-14,SALTCRK1,-26.933573511726394,ToD blocks
2024-04-21,SALTCRK1,-13.504677684522903,ToD blocks
2024-04-28,SALTCRK1,-11.114135568663627,ToD blocks
2024-05-05,SALTCRK1,-1.7658597644358025,ToD blocks
2024-05-12,SALTCRK1,-4.859054875912335,ToD blocks
2024-05-19,SALTCRK1,-34.411904136485646,ToD blocks
2024-05-26,SALTCRK1,-8.959768237258032,ToD blocks
2024-06-02,SALTCRK1,-20.02663264692707,ToD blocks
2024-06-09,SALTCRK1,-22.274215149175944,ToD blocks
2024-06-16,SALTCRK1,-54.903353272160544,ToD blocks
2024-06-23,SALTCRK1,-25.327296917668036,ToD blocks
2024-06-30,SALTCRK1,-12.081528285348028,ToD blocks
2024-07-07,SALTCRK1,-12.89362881354242,ToD blocks
2024-07-14,SALTCRK1,-30.884110464159193,ToD blocks
2024-07-21,SALTCRK1,-25.941832911712396,ToD blocks
2024-07-28,SALTCRK1,-12.072952083818464,ToD blocks
2024-08-04,SALTCRK1,-95.90831039341526,ToD blocks
2024-08-11,SALTCRK1,-316.56753360558906,ToD blocks
2024-08-18,SALTCRK1,-15.323569331413694,ToD blocks
2024-08-25,SALTCRK1,-2.6735616931082333,ToD blocks
2024-09-01,SALTCRK1,19.407995123155324,ToD blocks
2024-09-08,SALTCRK1,4.601636366976706,ToD blocks
2024-09-15,SALTCRK1,5.0990767076451995,ToD blocks
2024-09-22,SALTCRK1,3.736937097482935,ToD blocks
2024-09-29,SALTCRK1,-21.935074819200658,ToD blocks
2024-10-06,SALTCRK1,-2.0319064685943538,ToD blocks
2024-10-13,SALTCRK1,-0.4248145897660507,ToD blocks
2024-10-20,SALTCRK1,-2.298099035643464,ToD blocks
2024-10-27,SALTCRK1,2.333904520739381,ToD blocks
2024-11-03,SALTCRK1,9.827153897541837,ToD blocks
2024-11-10,SALTCRK1,-5.165921517694223,ToD blocks
2024-11-17,SALTCRK1,13.271208608241722,ToD blocks
2024-11-24,SALTCRK1,9.328249290842834,ToD blocks
2024-12-01,SALTCRK1,0.4453217858974483,ToD blocks
2024-12-08,SALTCRK1,7.748008699480522,ToD blocks
2024-12-15,SALTCRK1,12.266832159500993,ToD blocks
2024-12-22,SALTCRK1,33.78270288661709,ToD blocks
2024-12-29,SALTCRK1,13.812974642966049,ToD blocks
2025-01-05,SALTCRK1,7.5597710988980324,ToD blocks
2020-01-05,YENDWF1,-5.267557636915711,ToD blocks
2020-01-12,YENDWF1,-4.661834036328209,ToD blocks
2020-01-19,YENDWF1,-6.8395118822406715,ToD blocks
2020-01-26,YENDWF1,-2.5916251248994087,ToD blocks
2020-02-02,YENDWF1,257.281764336084,ToD blocks
2020-02-09,YENDWF1,-3.0608290811823906,ToD blocks
2020-02-16,YENDWF1,0.44269611784148566,ToD blocks
2020-02-23,YENDWF1,-2.1710149638449607,ToD blocks
2020-03-01,YENDWF1,-2.258160676050778,ToD blocks
2020-03-08,YENDWF1,-4.639501115285654,ToD blocks
2020-03-15,YENDWF1,-3.3533450752353247,ToD blocks
2020-03-22,YENDWF1,-3.148147816527093,ToD blocks
2020-03-29,YENDWF1,-2.065403130731532,ToD blocks
2020-04-05,YENDWF1,-9.652233337413023,ToD blocks
2020-04-12,YENDWF1,-11.028429543062959,ToD blocks
2020-04-19,YENDWF1,-6.326552754885288,ToD blocks
2020-04-26,YENDWF1,-5.566877724550423,ToD blocks
2020-05-03,YENDWF1,-6.455995533087474,ToD blocks
2020-05-10,YENDWF1,-5.273377610531483,ToD blocks
2020-05-17,YENDWF1,-8.563073492529327,ToD blocks
2020-05-24,YENDWF1,-5.47386337172491,ToD blocks
2020-05-31,YENDWF1,-2.1909206619623873,ToD blocks
2020-06-07,YENDWF1,-4.178909236233061,ToD blocks
2020-06-14,YENDWF1,-29.76447405096461,ToD blocks
2020-06-21,YENDWF1,-7.368857798363585,ToD blocks
2020-06-28,YENDWF1,-5.9616358742134565,ToD blocks
2020-07-05,YENDWF1,-3.733315083644456,ToD blocks
2020-07-12,YENDWF1,-9.172592150418645,ToD blocks
2020-07-19,YENDWF1,-11.185081441254141,ToD blocks
2020-07-26,YENDWF1,-17.137247336478403,ToD blocks
2020-08-02,YENDWF1,-7.9893742702411075,ToD blocks
2020-08-09,YENDWF1,-3.568184670594583,ToD blocks
2020-08-16,YENDWF1,-2.6016015761214604,ToD blocks
2020-08-23,YENDWF1,-1.8445999137188522,ToD blocks
2020-08-30,YENDWF1,-26.10512447014677,ToD blocks
2020-09-06,YENDWF1,-6.200941694093558,ToD blocks
2020-09-13,YENDWF1,-4.256725511744868,ToD blocks
2020-09-20,YENDWF1,-8.184896060181408,ToD blocks
2020-09-27,YENDWF1,-5.067764874993628,ToD blocks
2020-10-04,YENDWF1,-12.444089012677768,ToD blocks
2020-10-11,YENDWF1,-15.53727086515135,ToD blocks
2020-10-18,YENDWF1,-7.747042224320872,ToD blocks
2020-10-25,YENDWF1,-20.06686855219585,ToD blocks
2020-11-01,YENDWF1,-3.9973765904741327,ToD blocks
2020-11-08,YENDWF1,-5.5008409967288685,ToD blocks
2020-11-15,YENDWF1,-5.939427106116852,ToD blocks
2020-11-22,YENDWF1,-9.439616174724982,ToD blocks
2020-11-29,YENDWF1,-14.503204376547416,ToD blocks
2020-12-06,YENDWF1,-13.585256153428015,ToD blocks
2020-12-13,YENDWF1,-10.411873779502551,ToD blocks
2020-12-20,YENDWF1,4.637477726818503,ToD blocks
2020-12-27,YENDWF1,-14.240897888361674,ToD blocks
2021-01-03,YENDWF1,-2.4091789898153273,ToD blocks
2021-01-10,YENDWF1,-7.247072305457129,ToD blocks
2021-01-17,YENDWF1,-4.487652122403567,ToD blocks
2021-01-24,YENDWF1,-6.822312968510506,ToD blocks
2021-01-31,YENDWF1,0.3475899575917083,ToD blocks
2021-02-07,YENDWF1,-2.6664915527963178,ToD blocks
2021-02-14,YENDWF1,0.2520049022365427,ToD blocks
2021-02-21,YENDWF1,-3.3638952222006964,ToD blocks
2021-02-28,YENDWF1,-9.614394488630737,ToD blocks
2021-03-07,YENDWF1,-3.1135162100659635,ToD blocks
2021-03-14,YENDWF1,-3.7362398513397004,ToD blocks
2021-03-21,YENDWF1,0.1261702061109915,ToD blocks
2021-03-28,YENDWF1,-3.304577971961983,ToD blocks
2021-04-04,YENDWF1,-12.900834597971427,ToD blocks
2021-04-11,YENDWF1,-11.281493923794466,ToD blocks
2021-04-18,YENDWF1,-23.04267221164437,ToD blocks
2021-04-25,YENDWF1,-12.55165774947244,ToD blocks
2021-05-02,YENDWF1,-40.22625273863753,ToD blocks
2021-05-09,YENDWF1,-8.090242481758303,ToD blocks
2021-05-16,YENDWF1,-17.249590168584056,ToD blocks
2021-05-23,YENDWF1,-69.36176673224007,ToD blocks
2021-05-30,YENDWF1,-20.47138074210463,ToD blocks
2021-06-06,YENDWF1,-11.457212344214788,ToD blocks
2021-06-13,YENDWF1,-22.87386152796246,ToD blocks
2021-06-20,YENDWF1,-10.875216297485593,ToD blocks
2021-06-27,YENDWF1,-24.047550777694582,ToD blocks
2021-07-04,YENDWF1,-9.919968991770467,ToD blocks
2021-07-11,YENDWF1,-103.47151889071176,ToD blocks
2021-07-18,YENDWF1,-4.941531558293605,ToD blocks
2021-07-25,YENDWF1,-25.506403971622944,ToD blocks
2021-08-01,YENDWF1,-4.6391239771224875,ToD blocks
2021-08-08,YENDWF1,-11.981753091654802,ToD blocks
2021-08-15,YENDWF1,-7.921945527990893,ToD blocks
2021-08-22,YENDWF1,-16.337320987794886,ToD blocks
2021-08-29,YENDWF1,-15.07399109700657,ToD blocks
2021-09-05,YENDWF1,-7.328124218110123,ToD blocks
2021-09-12,YENDWF1,-12.49810713911117,ToD blocks
2021-09-19,YENDWF1,-24.44651942138903,ToD blocks
2021-09-26,YENDWF1,-11.767824127733338,ToD blocks
2021-10-03,YENDWF1,-12.841446877097415,ToD blocks
2021-10-10,YENDWF1,-11.366752193001762,ToD blocks
2021-10-17,YENDWF1,-13.835543063910357,ToD blocks
2021-10-24,YENDWF1,0.14685318041201967,ToD blocks
2021-10-31,YENDWF1,-15.077462924236887,ToD blocks
2021-11-07,YENDWF1,-10.044819130829708,ToD blocks
2021-11-14,YENDWF1,-11.747576988186179,ToD blocks
2021-11-21,YENDWF1,-20.339334861353286,ToD blocks
2021-11-28,YENDWF1,-6.045704703325569,ToD blocks
2021-12-05,YENDWF1,-1.3040850334516705,ToD blocks
2021-12-12,YENDWF1,-7.237217615015631,ToD blocks
2021-12-19,YENDWF1,-30.40343093197209,ToD blocks
2021-12-26,YENDWF1,-2.507070797918235,ToD blocks
2022-01-02,YENDWF1,-0.3100673109346772,ToD blocks
2022-01-09,YENDWF1,0.19606706396210427,ToD blocks
2022-01-16,YENDWF1,-6.115229063791411,ToD blocks
2022-01-23,YENDWF1,-5.4837561404363555,ToD blocks
2022-01-30,YENDWF1,-0.4618872552759825,ToD blocks
2022-02-06,YENDWF1,-47.4441513884182,ToD blocks
2022-02-13,YENDWF1,-8.599524745765066,ToD blocks
2022-02-20,YENDWF1,-9.015999893147892,ToD blocks
2022-02-27,YENDWF1,-3.635629216999284,ToD blocks
2022-03-06,YENDWF1,15.017417995577475,ToD blocks
2022-03-13,YENDWF1,-5.147966718373219,ToD blocks
2022-03-20,YENDWF1,-11.587447225822473,ToD blocks
2022-03-27,YENDWF1,-10.868371547220157,ToD blocks
2022-04-03,YENDWF1,-21.720013810686268,ToD blocks
2022-04-10,YENDWF1,-53.678275473415525,ToD blocks
2022-04-17,YENDWF1,-16.6096818660952,ToD blocks
2022-04-24,YENDWF1,-12.67964458292633,ToD blocks
2022-05-01,YENDWF1,-10.54532849725365,ToD blocks
2022-05-08,YENDWF1,-46.832768273582076,ToD blocks
2022-05-15,YENDWF1,-69.29140741995482,ToD blocks
2022-05-22,YENDWF1,-36.69270748854714,ToD blocks
2022-05-29,YENDWF1,-24.857257429333117,ToD blocks
2022-06-05,YENDWF1,-48.90146018740529,ToD blocks
2022-06-12,YENDWF1,-22.242667689233684,ToD blocks
2022-06-19,YENDWF1,-61.88541585876027,ToD blocks
2022-06-26,YENDWF1,-11.27006950654578,ToD blocks
2022-07-03,YENDWF1,-45.41106600654001,ToD blocks
2022-07-10,YENDWF1,-65.91283573239053,ToD blocks
2022-07-17,YENDWF1,-185.46124742168365,ToD blocks
2022-07-24,YENDWF1,-55.259257594500866,ToD blocks
2022-07-31,YENDWF1,-56.435728256243664,ToD blocks
2022-08-07,YENDWF1,-24.949858747673716,ToD blocks
2022-08-14,YENDWF1,-43.267757736483176,ToD blocks
2022-08-21,YENDWF1,-33.01953073113293,ToD blocks
2022-08-28,YENDWF1,-44.94250089642895,ToD blocks
2022-09-04,YENDWF1,-30.428553266776532,ToD blocks
2022-09-11,YENDWF1,-8.936215550388795,ToD blocks
2022-09-18,YENDWF1,-31.99503111446277,ToD blocks
2022-09-25,YENDWF1,-42.345667663054236,ToD blocks
2022-10-02,YENDWF1,-2.4522875039502168,ToD blocks
2022-10-09,YENDWF1,-22.242858375496454,ToD blocks
2022-10-16,YENDWF1,-11.939670230578969,ToD blocks
2022-10-23,YENDWF1,-32.88990106103293,ToD blocks
2022-10-30,YENDWF1,-32.05878289828674,ToD blocks
2022-11-06,YENDWF1,-15.252539430992414,ToD blocks
2022-11-13,YENDWF1,-22.63368358564076,ToD blocks
2022-11-20,YENDWF1,-47.05114733857853,ToD blocks
2022-11-27,YENDWF1,-56.369468909197685,ToD blocks
2022-12-04,YENDWF1,-21.27229593320289,ToD blocks
2022-12-11,YENDWF1,-31.240481468163356,ToD blocks
2022-12-18,YENDWF1,-0.583976430824583,ToD blocks
2022-12-25,YENDWF1,-3.7882442383057366,ToD blocks
2023-01-01,YENDWF1,-21.40504169615128,ToD blocks
2023-01-08,YENDWF1,-2.83140673372331,ToD blocks
2023-01-15,YENDWF1,-13.319440063813197,ToD blocks
2023-01-22,YENDWF1,-6.111328147950928,ToD blocks
2023-01-29,YENDWF1,-32.127105551583966,ToD blocks
2023-02-05,YENDWF1,-26.54697377836095,ToD blocks
2023-02-12,YENDWF1,6.202181550536778,ToD blocks
2023-02-19,YENDWF1,-15.378187745989536,ToD blocks
2023-02-26,YENDWF1,-7.5946601692686,ToD blocks
2023-03-05,YENDWF1,-16.9045497937403,ToD blocks
2023-03-12,YENDWF1,-10.558806513137988,ToD blocks
2023-03-19,YENDWF1,-18.57875245944907,ToD blocks
2023-03-26,YENDWF1,-19.476537252601254,ToD blocks
2023-04-02,YENDWF1,-13.343003084976843,ToD blocks
2023-04-09,YENDWF1,-12.512881687628187,ToD blocks
2023-04-16,YENDWF1,-29.82971980037523,ToD blocks
2023-04-23,YENDWF1,-27.946212392783636,ToD blocks
2023-04-30,YENDWF1,-49.146227394052666,ToD blocks
2023-05-07,YENDWF1,-57.25479554307394,ToD blocks
2023-05-14,YENDWF1,-17.655964664969048,ToD blocks
2023-05-21,YENDWF1,-40.597187743431135,ToD blocks
2023-05-28,YENDWF1,-32.477658161981964,ToD blocks
2023-06-04,YENDWF1,-40.23439828811713,ToD blocks
2023-06-11,YENDWF1,-8.263924369877685,ToD blocks
2023-06-18,YENDWF1,1.4886695570025932,ToD blocks
2023-06-25,YENDWF1,-50.572337914617705,ToD blocks
2023-07-02,YENDWF1,-19.23007559412133,ToD blocks
2023-07-09,YENDWF1,-37.391853565050056,ToD blocks
2023-07-16,YENDWF1,-18.255980347918104,ToD blocks
2023-07-23,YENDWF1,-27.057041488560905,ToD blocks
2023-07-30,YENDWF1,-31.210199022749894,ToD blocks
2023-08-06,YENDWF1,-42.03622987983273,ToD blocks
2023-08-13,YENDWF1,-36.662711518868925,ToD blocks
2023-08-20,YENDWF1,-49.21677289703237,ToD blocks
2023-08-27,YENDWF1,-15.029330202778738,ToD blocks
2023-09-03,YENDWF1,-16.09743165207656,ToD blocks
2023-09-10,YENDWF1,-6.267120453207593,ToD blocks
2023-09-17,YENDWF1,-3.4363681735706315,ToD blocks
2023-09-24,YENDWF1,-7.836972263086455,ToD blocks
2023-10-01,YENDWF1,-8.031347504252405,ToD blocks
2023-10-08,YENDWF1,-3.967418849692386,ToD blocks
2023-10-15,YENDWF1,-10.730042329793553,ToD blocks
2023-10-22,YENDWF1,-15.67542218544733,ToD blocks
2023-10-29,YENDWF1,13.48689763598416,ToD blocks
2023-11-05,YENDWF1,12.304189600847282,ToD blocks
2023-11-12,YENDWF1,-8.020546087515413,ToD blocks
2023-11-19,YENDWF1,17.84262276599808,ToD blocks
2023-11-26,YENDWF1,4.303270755147395,ToD blocks
2023-12-03,YENDWF1,-5.357750723893666,ToD blocks
2023-12-10,YENDWF1,-7.93982224682793,ToD blocks
2023-12-17,YENDWF1,18.98903733726013,ToD blocks
2023-12-24,YENDWF1,14.511320774150038,ToD blocks
2023-12-31,YENDWF1,12.651238281001648,ToD blocks
2024-01-07,YENDWF1,24.928023042605417,ToD blocks
2024-01-14,YENDWF1,-11.834130231801915,ToD blocks
2024-01-21,YENDWF1,10.711361918267205,ToD blocks
2024-01-28,YENDWF1,14.658063362664475,ToD blocks
2024-02-04,YENDWF1,14.083982168076236,ToD blocks
2024-02-11,YENDWF1,10.231948843958538,ToD blocks
2024-02-18,YENDWF1,194.45066466482555,ToD blocks
2024-02-25,YENDWF1,13.257685147928441,ToD blocks
2024-03-03,YENDWF1,9.184164112275383,ToD blocks
2024-03-10,YENDWF1,-12.86217967034667,ToD blocks
2024-03-17,YENDWF1,-9.070305480296064,ToD blocks
2024-03-24,YENDWF1,2.454259895458307,ToD blocks
2024-03-31,YENDWF1,-0.21382247062509663,ToD blocks
2024-04-07,YENDWF1,-16.44911114744481,ToD blocks
2024-04-14,YENDWF1,-32.85884790207899,ToD blocks
2024-04-21,YENDWF1,-26.548809367583246,ToD blocks
2024-04-28,YENDWF1,-17.447685067810667,ToD blocks
2024-05-05,YENDWF1,-18.919827967177667,ToD blocks
2024-05-12,YENDWF1,-38.102272276655356,ToD blocks
2024-05-19,YENDWF1,-34.330486467632355,ToD blocks
2024-05-26,YENDWF1,-20.714501689011684,ToD blocks
2024-06-02,YENDWF1,-39.237398733869824,ToD blocks
2024-06-09,YENDWF1,-32.57616293742463,ToD blocks
2024-06-16,YENDWF1,-64.66936140091161,ToD blocks
2024-06-23,YENDWF1,-30.96527287348067,ToD blocks
2024-06-30,YENDWF1,-12.405955090365339,ToD blocks
2024-07-07,YENDWF1,-29.34719151208995,ToD blocks
2024-07-14,YENDWF1,-27.13368418255905,ToD blocks
2024-07-21,YENDWF1,-21.706317065625015,ToD blocks
2024-07-28,YENDWF1,-8.643702281663437,ToD blocks
2024-08-04,YENDWF1,-99.43214372618803,ToD blocks
2024-08-11,YENDWF1,-304.3380429300456,ToD blocks
2024-08-18,YENDWF1,-16.672973309100044,ToD blocks
2024-08-25,YENDWF1,-10.574645707625336,ToD blocks
2024-09-01,YENDWF1,10.489254974562282,ToD blocks
2024-09-08,YENDWF1,-0.671750845205688,ToD blocks
2024-09-15,YENDWF1,8.497640620925011,ToD blocks
2024-09-22,YENDWF1,0.42638464517039765,ToD blocks
2024-09-29,YENDWF1,-19.93874886838446,ToD blocks
2024-10-06,YENDWF1,-8.469995667943225,ToD blocks
2024-10-13,YENDWF1,-2.9052948318680123,ToD blocks
2024-10-20,YENDWF1,2.3320675523386,ToD blocks
2024-10-27,YENDWF1,-4.423623082820264,ToD blocks
2024-11-03,YENDWF1,1.9185373944114694,ToD blocks
2024-11-10,YENDWF1,-21.194568637119417,ToD blocks
2024-11-17,YENDWF1,1.974890685953227,ToD blocks
2024-11-24,YENDWF1,-17.830776202286096,ToD blocks
2024-12-01,YENDWF1,-24.971984356319027,ToD blocks
2024-12-08,YENDWF1,2.9608601062443256,ToD blocks
2024-12-15,YENDWF1,-4.676934599240653,ToD blocks
2024-12-22,YENDWF1,35.09174114696145,ToD blocks
2024-12-29,YENDWF1,-5.805347808877867,ToD blocks
2025-01-05,YENDWF1,8.505491475367485,ToD blocks
2020-01-05,ARWF1,-13.338085289788165,Baseload
2020-01-12,ARWF1,-8.80628251671915,Baseload
2020-01-19,ARWF1,-11.856299951822237,Baseload
2020-01-26,ARWF1,-10.169621036174021,Baseload
2020-02-02,ARWF1,100.43698607702504,Baseload
2020-02-09,ARWF1,-3.3505158423274217,Baseload
2020-02-16,ARWF1,-2.0821306862324818,Baseload
2020-02-23,ARWF1,-0.08517804786124117,Baseload
2020-03-01,ARWF1,-2.4277311099690735,Baseload
2020-03-08,ARWF1,-3.304051598429318,Baseload
2020-03-15,ARWF1,-2.9808277195331883,Baseload
2020-03-22,ARWF1,-1.6485101131044786,Baseload
2020-03-29,ARWF1,-1.4205348557868618,Baseload
2020-04-05,ARWF1,-15.37220670868404,Baseload
2020-04-12,ARWF1,-10.582441670326105,Baseload
2020-04-19,ARWF1,-7.352474679124072,Baseload
2020-04-26,ARWF1,-10.801971730373682,Baseload
2020-05-03,ARWF1,-5.249998925235726,Baseload
2020-05-10,ARWF1,-9.083014644924628,Baseload
2020-05-17,ARWF1,-7.28498389253329,Baseload
2020-05-24,ARWF1,-4.0409427046282005,Baseload
2020-05-31,ARWF1,-9.132550049447566,Baseload
2020-06-07,ARWF1,-8.883131223767919,Baseload
2020-06-14,ARWF1,-28.342645884803268,Baseload
2020-06-21,ARWF1,-7.205598083107283,Baseload
2020-06-28,ARWF1,-10.803187501730882,Baseload
2020-07-05,ARWF1,-0.7310708687349816,Baseload
2020-07-12,ARWF1,-10.55040651485784,Baseload
2020-07-19,ARWF1,-12.431260653132902,Baseload
2020-07-26,ARWF1,-12.994499820424046,Baseload
2020-08-02,ARWF1,-5.327538437101602,Baseload
2020-08-09,ARWF1,-4.4582335793959516,Baseload
2020-08-16,ARWF1,-3.0634937045951176,Baseload
2020-08-23,ARWF1,-0.6082627659599993,Baseload
2020-08-30,ARWF1,-30.041425067634812,Baseload
2020-09-06,ARWF1,-8.46853304352144,Baseload
2020-09-13,ARWF1,-4.233865505632334,Baseload
2020-09-20,ARWF1,-4.667979236032306,Baseload
2020-09-27,ARWF1,-3.69068577166707,Baseload
2020-10-04,ARWF1,-15.034179900215404,Baseload
2020-10-11,ARWF1,-17.16796979868606,Baseload
2020-10-18,ARWF1,-4.665908013657692,Baseload
2020-10-25,ARWF1,-20.51236552815408,Baseload
2020-11-01,ARWF1,-4.1336098416386875,Baseload
2020-11-08,ARWF1,1.182083093971464,Baseload
2020-11-15,ARWF1,-4.809261728614274,Baseload
2020-11-22,ARWF1,-7.244482380621513,Baseload
2020-11-29,ARWF1,-10.121855026377204,Baseload
2020-12-06,ARWF1,-10.673813634037494,Baseload
2020-12-13,ARWF1,-3.157021589179571,Baseload
2020-12-20,ARWF1,-0.8317266613961181,Baseload
2020-12-27,ARWF1,-7.904725670590896,Baseload
2021-01-03,ARWF1,0.18774671242595176,Baseload
2021-01-10,ARWF1,-9.628521064090378,Baseload
2021-01-17,ARWF1,-2.2167261846716464,Baseload
2021-01-24,ARWF1,-2.7517123681935516,Baseload
2021-01-31,ARWF1,0.1552129278708847,Baseload
2021-02-07,ARWF1,-1.9217051831894398,Baseload
2021-02-14,ARWF1,-3.250030901983031,Baseload
2021-02-21,ARWF1,-4.693371922064426,Baseload
2021-02-28,ARWF1,-1.2595636094224325,Baseload
2021-03-07,ARWF1,-0.26567201056106526,Baseload
2021-03-14,ARWF1,-4.748830728154697,Baseload
2021-03-21,ARWF1,0.2599903624261586,Baseload
2021-03-28,ARWF1,-0.6858277622834024,Baseload
2021-04-04,ARWF1,-0.241112808302816,Baseload
2021-04-11,ARWF1,-13.017324149243455,Baseload
2021-04-18,ARWF1,-18.13280758574722,Baseload
2021-04-25,ARWF1,-10.719275356664582,Baseload
2021-05-02,ARWF1,-32.96637812691284,Baseload
2021-05-09,ARWF1,-9.771190931156923,Baseload
2021-05-16,ARWF1,-21.798643490013163,Baseload
2021-05-23,ARWF1,-53.9182066811956,Baseload
2021-05-30,ARWF1,-19.84590535701298,Baseload
2021-06-06,ARWF1,-13.259125273730191,Baseload
2021-06-13,ARWF1,-22.561081621226315,Baseload
2021-06-20,ARWF1,-20.01151916074278,Baseload
2021-06-27,ARWF1,-20.931294000090674,Baseload
2021-07-04,ARWF1,-10.835290252686981,Baseload
2021-07-11,ARWF1,-92.88421235936632,Baseload
2021-07-18,ARWF1,-13.388375267328833,Baseload
2021-07-25,ARWF1,-18.61824974472411,Baseload
2021-08-01,ARWF1,-9.967141212730002,Baseload
2021-08-08,ARWF1,-15.828781014241443,Baseload
2021-08-15,ARWF1,-18.940489166466765,Baseload
2021-08-22,ARWF1,-23.28283391558384,Baseload
2021-08-29,ARWF1,-13.499058337921241,Baseload
2021-09-05,ARWF1,-12.194583723206833,Baseload
2021-09-12,ARWF1,-14.029576871453585,Baseload
2021-09-19,ARWF1,-12.905535739084598,Baseload
2021-09-26,ARWF1,-12.14521552781471,Baseload
2021-10-03,ARWF1,-9.894286239649468,Baseload
2021-10-10,ARWF1,-15.6592802154939,Baseload
2021-10-17,ARWF1,-16.96137770733453,Baseload
2021-10-24,ARWF1,-7.483052672142574,Baseload
2021-10-31,ARWF1,-20.048250195808535,Baseload
2021-11-07,ARWF1,-5.2812793584093285,Baseload
2021-11-14,ARWF1,-11.14375885432816,Baseload
2021-11-21,ARWF1,-21.901953977434594,Baseload
2021-11-28,ARWF1,-6.166739389986294,Baseload
2021-12-05,ARWF1,-9.405353185325673,Baseload
2021-12-12,ARWF1,-2.08752143755045,Baseload
2021-12-19,ARWF1,-10.63592812332488,Baseload
2021-12-26,ARWF1,-1.2614118059397796,Baseload
2022-01-02,ARWF1,-12.77812789609181,Baseload
2022-01-09,ARWF1,-7.597512002640222,Baseload
2022-01-16,ARWF1,-2.6525478398173306,Baseload
2022-01-23,ARWF1,-3.300961508438238,Baseload
2022-01-30,ARWF1,-5.542831214460662,Baseload
2022-02-06,ARWF1,-28.29340891862465,Baseload
2022-02-13,ARWF1,-9.063072785094086,Baseload
2022-02-20,ARWF1,-1.9604032304537924,Baseload
2022-02-27,ARWF1,2.8470722976670118,Baseload
2022-03-06,ARWF1,-47.386231412251405,Baseload
2022-03-13,ARWF1,-16.384332825895807,Baseload
2022-03-20,ARWF1,-3.4543893642398444,Baseload
2022-03-27,ARWF1,-9.024412479373964,Baseload
2022-04-03,ARWF1,-16.592933807787325,Baseload
2022-04-10,ARWF1,-26.209378284917122,Baseload
2022-04-17,ARWF1,-25.90631702969678,Baseload
2022-04-24,ARWF1,15.871445104665952,Baseload
2022-05-01,ARWF1,-0.20355713661749064,Baseload
2022-05-08,ARWF1,-60.36845085503937,Baseload
2022-05-15,ARWF1,-88.50900303436211,Baseload
2022-05-22,ARWF1,-23.15521408662721,Baseload
2022-05-29,ARWF1,-30.103962856085843,Baseload
2022-06-05,ARWF1,-92.4426183449371,Baseload
2022-06-12,ARWF1,-15.883342609834983,Baseload
2022-06-19,ARWF1,-75.99361818930305,Baseload
2022-06-26,ARWF1,-16.52642460704169,Baseload
2022-07-03,ARWF1,-46.304796554419795,Baseload
2022-07-10,ARWF1,-58.9501338256747,Baseload
2022-07-17,ARWF1,-153.92377187327367,Baseload
2022-07-24,ARWF1,-60.05311746043924,Baseload
2022-07-31,ARWF1,-66.2859101370251,Baseload
2022-08-07,ARWF1,-44.30068744947187,Baseload
2022-08-14,ARWF1,-53.780826214075574,Baseload
2022-08-21,ARWF1,-33.95740728006534,Baseload
2022-08-28,ARWF1,-31.001101017944237,Baseload
2022-09-04,ARWF1,-0.0022959360430547804,Baseload
2022-09-11,ARWF1,-22.012853052087735,Baseload
2022-09-18,ARWF1,-26.38050633070067,Baseload
2022-09-25,ARWF1,-46.46947648714918,Baseload
2022-10-02,ARWF1,18.228492206760308,Baseload
2022-10-09,ARWF1,-16.886711061997644,Baseload
2022-10-16,ARWF1,-32.19913015100012,Baseload
2022-10-23,ARWF1,-26.985322023542366,Baseload
2022-10-30,ARWF1,-30.157026188666492,Baseload
2022-11-06,ARWF1,-28.464723063681653,Baseload
2022-11-13,ARWF1,-20.3445601997134,Baseload
2022-11-20,ARWF1,1.9644855038290814,Baseload
2022-11-27,ARWF1,-23.69923237174107,Baseload
2022-12-04,ARWF1,9.077645876933829,Baseload
2022-12-11,ARWF1,-9.12363158522492,Baseload
2022-12-18,ARWF1,4.60587896286799,Baseload
2022-12-25,ARWF1,27.27849343062867,Baseload
2023-01-01,ARWF1,-3.1585608644253256,Baseload
2023-01-08,ARWF1,2.3814720994751166,Baseload
2023-01-15,ARWF1,-21.110011967853076,Baseload
2023-01-22,ARWF1,-12.813753754602104,Baseload
2023-01-29,ARWF1,-16.161947202216048,Baseload
2023-02-05,ARWF1,-6.016873347533092,Baseload
2023-02-12,ARWF1,-6.172416760680534,Baseload
2023-02-19,ARWF1,-13.906641241670656,Baseload
2023-02-26,ARWF1,-15.626151912686502,Baseload
2023-03-05,ARWF1,-2.6415584119081004,Baseload
2023-03-12,ARWF1,-13.290716185018315,Baseload
2023-03-19,ARWF1,-13.028026180928144,Baseload
2023-03-26,ARWF1,-34.790231314958454,Baseload
2023-04-02,ARWF1,-23.315946270019694,Baseload
2023-04-09,ARWF1,-39.23192666975291,Baseload
2023-04-16,ARWF1,-37.28050042417978,Baseload
2023-04-23,ARWF1,-31.234466454326125,Baseload
2023-04-30,ARWF1,-59.92600333580629,Baseload
2023-05-07,ARWF1,-33.01295045420768,Baseload
2023-05-14,ARWF1,-9.940587802451148,Baseload
2023-05-21,ARWF1,17.81604431188609,Baseload
2023-05-28,ARWF1,-53.456807777092386,Baseload
2023-06-04,ARWF1,-44.54665581271199,Baseload
2023-06-11,ARWF1,-10.950664920312406,Baseload
2023-06-18,ARWF1,-20.647028869142268,Baseload
2023-06-25,ARWF1,-51.44919882005565,Baseload
2023-07-02,ARWF1,4.235853734727257,Baseload
2023-07-09,ARWF1,-37.548343394638366,Baseload
2023-07-16,ARWF1,-17.93496671315318,Baseload
2023-07-23,ARWF1,-24.13749103563275,Baseload
2023-07-30,ARWF1,-37.42943574164305,Baseload
2023-08-06,ARWF1,-49.16122542993585,Baseload
2023-08-13,ARWF1,-19.1106571693874,Baseload
2023-08-20,ARWF1,-41.568216654260965,Baseload
2023-08-27,ARWF1,-2.428636009543588,Baseload
2023-09-03,ARWF1,-11.582457871923467,Baseload
2023-09-10,ARWF1,-22.862638672889492,Baseload
2023-09-17,ARWF1,-33.96262705737995,Baseload
2023-09-24,ARWF1,-27.206931394751265,Baseload
2023-10-01,ARWF1,-10.400875071016932,Baseload
2023-10-08,ARWF1,3.3026378649018255,Baseload
2023-10-15,ARWF1,-15.599030038876673,Baseload
2023-10-22,ARWF1,-20.52319916407305,Baseload
2023-10-29,ARWF1,-8.854298099193258,Baseload
2023-11-05,ARWF1,0.5364244178142537,Baseload
2023-11-12,ARWF1,-20.89417457633437,Baseload
2023-11-19,ARWF1,12.293769171995443,Baseload
2023-11-26,ARWF1,-2.7202156281352643,Baseload
2023-12-03,ARWF1,-4.635620454646432,Baseload
2023-12-10,ARWF1,-12.512986911547998,Baseload
2023-12-17,ARWF1,12.828083438140993,Baseload
2023-12-24,ARWF1,-5.455265987068055,Baseload
2023-12-31,ARWF1,9.412214642163077,Baseload
2024-01-07,ARWF1,3.640945975773981,Baseload
2024-01-14,ARWF1,-16.155707661169565,Baseload
2024-01-21,ARWF1,-12.9310403777331,Baseload
2024-01-28,ARWF1,-19.215304203938707,Baseload
2024-02-04,ARWF1,-7.220611149273751,Baseload
2024-02-11,ARWF1,5.113287436670177,Baseload
2024-02-18,ARWF1,-74.41201743377087,Baseload
2024-02-25,ARWF1,-5.00390978038466,Baseload
2024-03-03,ARWF1,-8.184024733870288,Baseload
2024-03-10,ARWF1,-20.17259067649119,Baseload
2024-03-17,ARWF1,-8.937302362226568,Baseload
2024-03-24,ARWF1,-4.154700283569468,Baseload
2024-03-31,ARWF1,6.642893050106174,Baseload
2024-04-07,ARWF1,-7.040770124494031,Baseload
2024-04-14,ARWF1,-15.706743454827617,Baseload
2024-04-21,ARWF1,-20.226674360493817,Baseload
2024-04-28,ARWF1,-31.07659163824605,Baseload
2024-05-05,ARWF1,-5.2988115818274935,Baseload
2024-05-12,ARWF1,-22.777784313116484,Baseload
2024-05-19,ARWF1,-23.243292887534636,Baseload
2024-05-26,ARWF1,-26.80340620376714,Baseload
2024-06-02,ARWF1,-45.84490013379343,Baseload
2024-06-09,ARWF1,-22.31733325818945,Baseload
2024-06-16,ARWF1,-61.68813458262282,Baseload
2024-06-23,ARWF1,-67.44496085768228,Baseload
2024-06-30,ARWF1,-19.833459622311665,Baseload
2024-07-07,ARWF1,-15.603437401047273,Baseload
2024-07-14,ARWF1,-31.573961228983933,Baseload
2024-07-21,ARWF1,-28.38100821506515,Baseload
2024-07-28,ARWF1,-19.315909355982996,Baseload
2024-08-04,ARWF1,-102.12905837364684,Baseload
2024-08-11,ARWF1,-344.2576089628499,Baseload
2024-08-18,ARWF1,-15.72874737769527,Baseload
2024-08-25,ARWF1,-18.67531537763909,Baseload
2024-09-01,ARWF1,-9.376756149659961,Baseload
2024-09-08,ARWF1,-19.384439794859905,Baseload
2024-09-15,ARWF1,-6.047383211830432,Baseload
2024-09-22,ARWF1,-6.228266971519303,Baseload
2024-09-29,ARWF1,-63.42833261480324,Baseload
2024-10-06,ARWF1,-23.105037408595855,Baseload
2024-10-13,ARWF1,0.45584363627146374,Baseload
2024-10-20,ARWF1,-4.969734304686211,Baseload
2024-10-27,ARWF1,-3.292960486744306,Baseload
2024-11-03,ARWF1,0.017723952084244488,Baseload
2024-11-10,ARWF1,-15.05274386525781,Baseload
2024-11-17,ARWF1,-25.39653662240092,Baseload
2024-11-24,ARWF1,-18.277469591285787,Baseload
2024-12-01,ARWF1,-47.18713784900542,Baseload
2024-12-08,ARWF1,-14.348542702011926,Baseload
2024-12-15,ARWF1,15.234181187393759,Baseload
2024-12-22,ARWF1,4.001926968759278,Baseload
2024-12-29,ARWF1,-15.266462658427612,Baseload
2025-01-05,ARWF1,37.920050607023605,Baseload
2020-01-05,BALDHWF1,-9.786767399546825,Baseload
2020-01-12,BALDHWF1,3.2769196658006123,Baseload
2020-01-19,BALDHWF1,-5.704759106096581,Baseload
2020-01-26,BALDHWF1,-11.195077882373543,Baseload
2020-02-02,BALDHWF1,-209.34853176801957,Baseload
2020-02-09,BALDHWF1,-4.802147066116472,Baseload
2020-02-16,BALDHWF1,-2.1930194947244246,Baseload
2020-02-23,BALDHWF1,3.02763274278189,Baseload
2020-03-01,BALDHWF1,-3.00957710256678,Baseload
2020-03-08,BALDHWF1,-1.527151363547972,Baseload
2020-03-15,BALDHWF1,2.227440601108583,Baseload
2020-03-22,BALDHWF1,-1.8711427414192627,Baseload
2020-03-29,BALDHWF1,-0.09754564719369085,Baseload
2020-04-05,BALDHWF1,-7.688755193443235,Baseload
2020-04-12,BALDHWF1,-7.749453373735207,Baseload
2020-04-19,BALDHWF1,-4.552465198963972,Baseload
2020-04-26,BALDHWF1,-1.4280986426847662,Baseload
2020-05-03,BALDHWF1,-0.26679351257083184,Baseload
2020-05-10,BALDHWF1,-0.980482221985099,Baseload
2020-05-17,BALDHWF1,-9.016806384161384,Baseload
2020-05-24,BALDHWF1,-4.165907747705525,Baseload
2020-05-31,BALDHWF1,-3.964902368618162,Baseload
2020-06-07,BALDHWF1,2.4992584804823323,Baseload
2020-06-14,BALDHWF1,-44.60108716979046,Baseload
2020-06-21,BALDHWF1,-3.5251189740331412,Baseload
2020-06-28,BALDHWF1,-2.5251761394694796,Baseload
2020-07-05,BALDHWF1,3.279033656644593,Baseload
2020-07-12,BALDHWF1,-3.4598059506247125,Baseload
2020-07-19,BALDHWF1,-14.09057279468567,Baseload
2020-07-26,BALDHWF1,-4.020334835480043,Baseload
2020-08-02,BALDHWF1,-4.243478430861423,Baseload
2020-08-09,BALDHWF1,-1.9548910408580085,Baseload
2020-08-16,BALDHWF1,4.287335811128486,Baseload
2020-08-23,BALDHWF1,-0.6527229244632338,Baseload
2020-08-30,BALDHWF1,-16.713044305089717,Baseload
2020-09-06,BALDHWF1,-3.083355719111495,Baseload
2020-09-13,BALDHWF1,2.6302693223421834,Baseload
2020-09-20,BALDHWF1,-0.3163284783437632,Baseload
2020-09-27,BALDHWF1,-3.1835021232060896,Baseload
2020-10-04,BALDHWF1,-18.595715117917198,Baseload
2020-10-11,BALDHWF1,1.3285267319077363,Baseload
2020-10-18,BALDHWF1,2.483570859591751,Baseload
2020-10-25,BALDHWF1,-16.245179184434505,Baseload
2020-11-01,BALDHWF1,1.06259633083382,Baseload
2020-11-08,BALDHWF1,2.672408218137818,Baseload
2020-11-15,BALDHWF1,2.104272445899511,Baseload
2020-11-22,BALDHWF1,-4.395034729754947,Baseload
2020-11-29,BALDHWF1,-16.59218890922867,Baseload
2020-12-06,BALDHWF1,-14.169143672160127,Baseload
2020-12-13,BALDHWF1,1.1628574763536257,Baseload
2020-12-20,BALDHWF1,-9.712444079881223,Baseload
2020-12-27,BALDHWF1,2.1194417648742316,Baseload
2021-01-03,BALDHWF1,1.2195328449046094,Baseload
2021-01-10,BALDHWF1,-5.310316355063913,Baseload
2021-01-17,BALDHWF1,-10.21949680109008,Baseload
2021-01-24,BALDHWF1,-5.045476437228274,Baseload
2021-01-31,BALDHWF1,-0.2764522977185031,Baseload
2021-02-07,BALDHWF1,-4.225827988398477,Baseload
2021-02-14,BALDHWF1,6.955196273730657,Baseload
2021-02-21,BALDHWF1,2.3544579753928083,Baseload
2021-02-28,BALDHWF1,-6.18969594129708,Baseload
2021-03-07,BALDHWF1,-0.37835682031339957,Baseload
2021-03-14,BALDHWF1,-4.576943223282772,Baseload
2021-03-21,BALDHWF1,-0.21945051032738405,Baseload
2021-03-28,BALDHWF1,-0.5660385195129791,Baseload
2021-04-04,BALDHWF1,-8.742585640406318,Baseload
2021-04-11,BALDHWF1,-16.41540000541616,Baseload
2021-04-18,BALDHWF1,-7.921966972685873,Baseload
2021-04-25,BALDHWF1,-0.5210809747775471,Baseload
2021-05-02,BALDHWF1,2.100112574649195,Baseload
2021-05-09,BALDHWF1,-0.6174669169396552,Baseload
2021-05-16,BALDHWF1,-7.190906446708588,Baseload
2021-05-23,BALDHWF1,-1.82779130110805,Baseload
2021-05-30,BALDHWF1,-29.46269297655092,Baseload
2021-06-06,BALDHWF1,-3.001131754757175,Baseload
2021-06-13,BALDHWF1,-25.3952051707167,Baseload
2021-06-20,BALDHWF1,4.532043063548571,Baseload
2021-06-27,BALDHWF1,-28.442526668386307,Baseload
2021-07-04,BALDHWF1,-8.4360446612284,Baseload
2021-07-11,BALDHWF1,-18.441453959326452,Baseload
2021-07-18,BALDHWF1,-5.111121708316595,Baseload
2021-07-25,BALDHWF1,-30.918123598282556,Baseload
2021-08-01,BALDHWF1,-6.740930037009456,Baseload
2021-08-08,BALDHWF1,-3.332718088373454,Baseload
2021-08-15,BALDHWF1,-10.789806996922312,Baseload
2021-08-22,BALDHWF1,-10.319349862509128,Baseload
2021-08-29,BALDHWF1,-11.760287433261126,Baseload
2021-09-05,BALDHWF1,-7.543861932072005,Baseload
2021-09-12,BALDHWF1,-6.6071937927201265,Baseload
2021-09-19,BALDHWF1,-18.496754965898944,Baseload
2021-09-26,BALDHWF1,-10.026896145386043,Baseload
2021-10-03,BALDHWF1,14.527232725988206,Baseload
2021-10-10,BALDHWF1,-3.554015717444962,Baseload
2021-10-17,BALDHWF1,-13.918627436138395,Baseload
2021-10-24,BALDHWF1,-8.898453559436982,Baseload
2021-10-31,BALDHWF1,-0.7601490784782641,Baseload
2021-11-07,BALDHWF1,2.150940569623536,Baseload
2021-11-14,BALDHWF1,-16.256399796913723,Baseload
2021-11-21,BALDHWF1,-5.264759092590388,Baseload
2021-11-28,BALDHWF1,-14.921515688970683,Baseload
2021-12-05,BALDHWF1,1.1748289783142383,Baseload
2021-12-12,BALDHWF1,-6.671317465359142,Baseload
2021-12-19,BALDHWF1,-23.311301534423485,Baseload
2021-12-26,BALDHWF1,-7.092895119429029,Baseload
2022-01-02,BALDHWF1,-20.151477203621006,Baseload
2022-01-09,BALDHWF1,-5.053240345203786,Baseload
2022-01-16,BALDHWF1,-7.468919237497772,Baseload
2022-01-23,BALDHWF1,1.746450374931225,Baseload
2022-01-30,BALDHWF1,3.2692361983251885,Baseload
2022-02-06,BALDHWF1,-20.204081952510393,Baseload
2022-02-13,BALDHWF1,0.30180224512297826,Baseload
2022-02-20,BALDHWF1,-16.692367581744463,Baseload
2022-02-27,BALDHWF1,-5.983383387451909,Baseload
2022-03-06,BALDHWF1,3.6696745158808426,Baseload
2022-03-13,BALDHWF1,-17.43620872475627,Baseload
2022-03-20,BALDHWF1,-2.3512955936692634,Baseload
2022-03-27,BALDHWF1,-0.7625157816664512,Baseload
2022-04-03,BALDHWF1,-16.946504468029012,Baseload
2022-04-10,BALDHWF1,5.295824035191771,Baseload
2022-04-17,BALDHWF1,-33.29658602102454,Baseload
2022-04-24,BALDHWF1,24.107338216054387,Baseload
2022-05-01,BALDHWF1,-29.46614100057741,Baseload
2022-05-08,BALDHWF1,-19.43008164296745,Baseload
2022-05-15,BALDHWF1,-68.20801891734757,Baseload
2022-05-22,BALDHWF1,-39.997469007950684,Baseload
2022-05-29,BALDHWF1,-11.57000246102308,Baseload
2022-06-05,BALDHWF1,-64.65257695117037,Baseload
2022-06-12,BALDHWF1,-8.341609860264498,Baseload
2022-06-19,BALDHWF1,-10.29048678375915,Baseload
2022-06-26,BALDHWF1,-16.508203576811496,Baseload
2022-07-03,BALDHWF1,-18.10046403069208,Baseload
2022-07-10,BALDHWF1,-10.342100665609053,Baseload
2022-07-17,BALDHWF1,-141.6776013349575,Baseload
2022-07-24,BALDHWF1,-2.0693030452356425,Baseload
2022-07-31,BALDHWF1,2.6462752978544586,Baseload
2022-08-07,BALDHWF1,-34.666998195170656,Baseload
2022-08-14,BALDHWF1,-47.45246337958524,Baseload
2022-08-21,BALDHWF1,-25.165437505191747,Baseload
2022-08-28,BALDHWF1,-11.394904285876436,Baseload
2022-09-04,BALDHWF1,-11.842957272334516,Baseload
2022-09-11,BALDHWF1,-18.61655610879761,Baseload
2022-09-18,BALDHWF1,-32.75939033415833,Baseload
2022-09-25,BALDHWF1,-22.618102129787147,Baseload
2022-10-02,BALDHWF1,-12.616716441365895,Baseload
2022-10-09,BALDHWF1,-21.237055700806394,Baseload
2022-10-16,BALDHWF1,-22.500995416352964,Baseload
2022-10-23,BALDHWF1,-10.53283452065996,Baseload
2022-10-30,BALDHWF1,-15.961081433719968,Baseload
2022-11-06,BALDHWF1,-22.844111163946668,Baseload
2022-11-13,BALDHWF1,-8.347483053225524,Baseload
2022-11-20,BALDHWF1,-18.762827923229096,Baseload
2022-11-27,BALDHWF1,-6.840218746870811,Baseload
2022-12-04,BALDHWF1,0.3619152131692118,Baseload
2022-12-11,BALDHWF1,-25.972202425430773,Baseload
2022-12-18,BALDHWF1,-2.226791003160132,Baseload
2022-12-25,BALDHWF1,-7.501689372639802,Baseload
2023-01-01,BALDHWF1,6.506420476400464,Baseload
2023-01-08,BALDHWF1,-0.5086737894535975,Baseload
2023-01-15,BALDHWF1,6.224335542520862,Baseload
2023-01-22,BALDHWF1,14.863154463017587,Baseload
2023-01-29,BALDHWF1,0.3091484356230154,Baseload
2023-02-05,BALDHWF1,-35.68981483178281,Baseload
2023-02-12,BALDHWF1,-0.8135776426197054,Baseload
2023-02-19,BALDHWF1,13.162353765834098,Baseload
2023-02-26,BALDHWF1,1.1424306866654916,Baseload
2023-03-05,BALDHWF1,-6.45225953643677,Baseload
2023-03-12,BALDHWF1,-15.247033626834407,Baseload
2023-03-19,BALDHWF1,-12.561448480500133,Baseload
2023-03-26,BALDHWF1,-3.2985508391160323,Baseload
2023-04-02,BALDHWF1,-15.92575644236284,Baseload
2023-04-09,BALDHWF1,-39.94873994132381,Baseload
2023-04-16,BALDHWF1,-15.804031538508724,Baseload
2023-04-23,BALDHWF1,-8.293474069551237,Baseload
2023-04-30,BALDHWF1,-50.50390762534649,Baseload
2023-05-07,BALDHWF1,-43.56152543087576,Baseload
2023-05-14,BALDHWF1,-5.774247279714899,Baseload
2023-05-21,BALDHWF1,-32.30586312903503,Baseload
2023-05-28,BALDHWF1,-8.071372465524462,Baseload
2023-06-04,BALDHWF1,-28.370704433662603,Baseload
2023-06-11,BALDHWF1,-5.629670781946409,Baseload
2023-06-18,BALDHWF1,-4.890368520634594,Baseload
2023-06-25,BALDHWF1,-57.9068239818275,Baseload
2023-07-02,BALDHWF1,-11.603089570000094,Baseload
2023-07-09,BALDHWF1,-56.33622110531203,Baseload
2023-07-16,BALDHWF1,-8.93034761136039,Baseload
2023-07-23,BALDHWF1,-0.8000698301362092,Baseload
2023-07-30,BALDHWF1,-27.159152315405628,Baseload
2023-08-06,BALDHWF1,-22.55269994479799,Baseload
2023-08-13,BALDHWF1,-19.754512539672724,Baseload
2023-08-20,BALDHWF1,-65.9638046319107,Baseload
2023-08-27,BALDHWF1,-8.11339060292935,Baseload
2023-09-03,BALDHWF1,3.9703127910259255,Baseload
2023-09-10,BALDHWF1,-1.5725029207857766,Baseload
2023-09-17,BALDHWF1,-29.780411957018664,Baseload
2023-09-24,BALDHWF1,-17.753830966634816,Baseload
2023-10-01,BALDHWF1,-19.63444649861302,Baseload
2023-10-08,BALDHWF1,-6.185595954604064,Baseload
2023-10-15,BALDHWF1,-12.540907205228937,Baseload
2023-10-22,BALDHWF1,-19.34589847199938,Baseload
2023-10-29,BALDHWF1,8.778815767728641,Baseload
2023-11-05,BALDHWF1,-13.445369969001284,Baseload
2023-11-12,BALDHWF1,-22.478511317585713,Baseload
2023-11-19,BALDHWF1,-4.322329290501955,Baseload
2023-11-26,BALDHWF1,-7.090544632922807,Baseload
2023-12-03,BALDHWF1,-1.274770745959792,Baseload
2023-12-10,BALDHWF1,-4.827530382311814,Baseload
2023-12-17,BALDHWF1,-4.099659524499565,Baseload
2023-12-24,BALDHWF1,-11.045071422970906,Baseload
2023-12-31,BALDHWF1,-0.5929094789270053,Baseload
2024-01-07,BALDHWF1,-5.144251093606474,Baseload
2024-01-14,BALDHWF1,-7.4345159801402545,Baseload
2024-01-21,BALDHWF1,-4.403775091344,Baseload
2024-01-28,BALDHWF1,2.5101786381243993,Baseload
2024-02-04,BALDHWF1,-18.46950369152125,Baseload
2024-02-11,BALDHWF1,-0.07525632851086428,Baseload
2024-02-18,BALDHWF1,1741.829009761549,Baseload
2024-02-25,BALDHWF1,11.82462235538192,Baseload
2024-03-03,BALDHWF1,-8.621924141896073,Baseload
2024-03-10,BALDHWF1,8.089803901339693,Baseload
2024-03-17,BALDHWF1,-8.651083932718208,Baseload
2024-03-24,BALDHWF1,-8.629767871103166,Baseload
2024-03-31,BALDHWF1,-5.425254545443188,Baseload
2024-04-07,BALDHWF1,-12.500185350515295,Baseload
2024-04-14,BALDHWF1,-23.18942300870249,Baseload
2024-04-21,BALDHWF1,-22.326867848076333,Baseload
2024-04-28,BALDHWF1,-24.135538641885866,Baseload
2024-05-05,BALDHWF1,6.178546241788069,Baseload
2024-05-12,BALDHWF1,-0.986216226155392,Baseload
2024-05-19,BALDHWF1,-16.24729195408095,Baseload
2024-05-26,BALDHWF1,0.9689329340368431,Baseload
2024-06-02,BALDHWF1,-24.497071714919556,Baseload
2024-06-09,BALDHWF1,19.589288620633056,Baseload
2024-06-16,BALDHWF1,-40.24065260294124,Baseload
2024-06-23,BALDHWF1,-23.60488278643112,Baseload
2024-06-30,BALDHWF1,-17.132254034389987,Baseload
2024-07-07,BALDHWF1,-15.838224179588622,Baseload
2024-07-14,BALDHWF1,-0.5677726911257253,Baseload
2024-07-21,BALDHWF1,-15.013882958583025,Baseload
2024-07-28,BALDHWF1,3.5654699664488163,Baseload
2024-08-04,BALDHWF1,1.8414029374482368,Baseload
2024-08-11,BALDHWF1,-253.35808047162786,Baseload
2024-08-18,BALDHWF1,4.047108094015371,Baseload
2024-08-25,BALDHWF1,-10.385006704769829,Baseload
2024-09-01,BALDHWF1,-0.11575720512366772,Baseload
2024-09-08,BALDHWF1,-3.1704192915577902,Baseload
2024-09-15,BALDHWF1,-0.17454231767057493,Baseload
2024-09-22,BALDHWF1,-5.043431994913914,Baseload
2024-09-29,BALDHWF1,-18.32605049807257,Baseload
2024-10-06,BALDHWF1,-16.699810891428438,Baseload
2024-10-13,BALDHWF1,-8.857201287363365,Baseload
2024-10-20,BALDHWF1,-0.09335165525080313,Baseload
2024-10-27,BALDHWF1,2.0619120220757843,Baseload
2024-11-03,BALDHWF1,-2.8120011010695123,Baseload
2024-11-10,BALDHWF1,-19.909932195151402,Baseload
2024-11-17,BALDHWF1,0.8152091227130569,Baseload
2024-11-24,BALDHWF1,-18.514557471220414,Baseload
2024-12-01,BALDHWF1,-11.643058949907086,Baseload
2024-12-08,BALDHWF1,-23.401069655277198,Baseload
2024-12-15,BALDHWF1,-22.281160479052943,Baseload
2024-12-22,BALDHWF1,13.554613037727535,Baseload
2024-12-29,BALDHWF1,-14.71223881225637,Baseload
2025-01-05,BALDHWF1,-39.938624510776805,Baseload
2020-01-05,CROWLWF1,-11.489629742502494,Baseload
2020-01-12,CROWLWF1,-7.811944591311494,Baseload
2020-01-19,CROWLWF1,-10.969742416146602,Baseload
2020-01-26,CROWLWF1,-8.845911791125268,Baseload
2020-02-02,CROWLWF1,138.20954696250055,Baseload
2020-02-09,CROWLWF1,-1.661705629106006,Baseload
2020-02-16,CROWLWF1,-2.780551236378649,Baseload
2020-02-23,CROWLWF1,-0.39250383414109535,Baseload
2020-03-01,CROWLWF1,-0.941377194353457,Baseload
2020-03-08,CROWLWF1,-1.3925914544015399,Baseload
2020-03-15,CROWLWF1,-2.363533907897647,Baseload
2020-03-22,CROWLWF1,-1.7453914509884427,Baseload
2020-03-29,CROWLWF1,-0.8926433177824507,Baseload
2020-04-05,CROWLWF1,-14.614637476121352,Baseload
2020-04-12,CROWLWF1,-9.83868709984862,Baseload
2020-04-19,CROWLWF1,-6.262124938511139,Baseload
2020-04-26,CROWLWF1,-5.728771673803315,Baseload
2020-05-03,CROWLWF1,-4.4656000219582985,Baseload
2020-05-10,CROWLWF1,-6.824054580866427,Baseload
2020-05-17,CROWLWF1,-7.881917834418495,Baseload
2020-05-24,CROWLWF1,-3.4193792064074557,Baseload
2020-05-31,CROWLWF1,-6.84384269867423,Baseload
2020-06-07,CROWLWF1,-7.989130153345627,Baseload
2020-06-14,CROWLWF1,-29.76080052724432,Baseload
2020-06-21,CROWLWF1,-7.242679859331378,Baseload
2020-06-28,CROWLWF1,-7.829734242004818,Baseload
2020-07-05,CROWLWF1,-1.5645832388907408,Baseload
2020-07-12,CROWLWF1,-9.104592304223303,Baseload
2020-07-19,CROWLWF1,-8.819636629193049,Baseload
2020-07-26,CROWLWF1,-9.496077314789034,Baseload
2020-08-02,CROWLWF1,-3.8031846129294635,Baseload
2020-08-09,CROWLWF1,-3.6257095238651473,Baseload
2020-08-16,CROWLWF1,-2.752271805338971,Baseload
2020-08-23,CROWLWF1,-1.0685810575858596,Baseload
2020-08-30,CROWLWF1,-28.71467820601815,Baseload
2020-09-06,CROWLWF1,-7.507614141022039,Baseload
2020-09-13,CROWLWF1,-3.010684086688208,Baseload
2020-09-20,CROWLWF1,-4.5177540319059375,Baseload
2020-09-27,CROWLWF1,-4.297543389359532,Baseload
2020-10-04,CROWLWF1,-12.521350818200718,Baseload
2020-10-11,CROWLWF1,-15.52883652873993,Baseload
2020-10-18,CROWLWF1,-4.769864983597692,Baseload
2020-10-25,CROWLWF1,-19.650506534642624,Baseload
2020-11-01,CROWLWF1,-2.829174401559996,Baseload
2020-11-08,CROWLWF1,1.8713034609482762,Baseload
2020-11-15,CROWLWF1,-5.018725079445339,Baseload
2020-11-22,CROWLWF1,-5.494526144802116,Baseload
2020-11-29,CROWLWF1,-8.196900874803639,Baseload
2020-12-06,CROWLWF1,-10.857893338711365,Baseload
2020-12-13,CROWLWF1,-6.968208122220151,Baseload
2020-12-20,CROWLWF1,-4.009472560625241,Baseload
2020-12-27,CROWLWF1,-6.3111947182876555,Baseload
2021-01-03,CROWLWF1,-0.07719949936371151,Baseload
2021-01-10,CROWLWF1,-8.333720994062327,Baseload
2021-01-17,CROWLWF1,-0.5108065124804853,Baseload
2021-01-24,CROWLWF1,-2.787399592941256,Baseload
2021-01-31,CROWLWF1,0.4219116267742784,Baseload
2021-02-07,CROWLWF1,-3.906117472701677,Baseload
2021-02-14,CROWLWF1,-1.3924311695645066,Baseload
2021-02-21,CROWLWF1,-4.203799863300933,Baseload
2021-02-28,CROWLWF1,-1.1860273629497087,Baseload
2021-03-07,CROWLWF1,-0.7869607363601503,Baseload
2021-03-14,CROWLWF1,-4.138233458879487,Baseload
2021-03-21,CROWLWF1,1.4788346453699894,Baseload
2021-03-28,CROWLWF1,0.7601151917635676,Baseload
2021-04-04,CROWLWF1,-4.250245406263613,Baseload
2021-04-11,CROWLWF1,-12.52167353341367,Baseload
2021-04-18,CROWLWF1,-18.41876106565552,Baseload
2021-04-25,CROWLWF1,-12.707439187903987,Baseload
2021-05-02,CROWLWF1,-42.52860196258408,Baseload
2021-05-09,CROWLWF1,-9.524892671639577,Baseload
2021-05-16,CROWLWF1,-21.054188332576388,Baseload
2021-05-23,CROWLWF1,-58.11759423590995,Baseload
2021-05-30,CROWLWF1,-21.771946405939346,Baseload
2021-06-06,CROWLWF1,-12.464791645442162,Baseload
2021-06-13,CROWLWF1,-27.382547488202334,Baseload
2021-06-20,CROWLWF1,-17.219301856529242,Baseload
2021-06-27,CROWLWF1,-22.619684595759153,Baseload
2021-07-04,CROWLWF1,-9.506601279298174,Baseload
2021-07-11,CROWLWF1,-89.46319825980076,Baseload
2021-07-18,CROWLWF1,-10.347093607871514,Baseload
2021-07-25,CROWLWF1,-23.451581352829947,Baseload
2021-08-01,CROWLWF1,-7.578296615427771,Baseload
2021-08-08,CROWLWF1,-12.858801632510087,Baseload
2021-08-15,CROWLWF1,-13.614923982770371,Baseload
2021-08-22,CROWLWF1,-17.003556961442044,Baseload
2021-08-29,CROWLWF1,-9.108630064017717,Baseload
2021-09-05,CROWLWF1,-7.510309654454801,Baseload
2021-09-12,CROWLWF1,-12.683396982473129,Baseload
2021-09-19,CROWLWF1,-9.49456881252129,Baseload
2021-09-26,CROWLWF1,-14.281172146830116,Baseload
2021-10-03,CROWLWF1,-8.146742108479437,Baseload
2021-10-10,CROWLWF1,-12.483175667953251,Baseload
2021-10-17,CROWLWF1,-13.237587853614757,Baseload
2021-10-24,CROWLWF1,-4.424723517030038,Baseload
2021-10-31,CROWLWF1,-17.370140458138867,Baseload
2021-11-07,CROWLWF1,-7.002494842109986,Baseload
2021-11-14,CROWLWF1,-10.216648382330764,Baseload
2021-11-21,CROWLWF1,-19.058005185052394,Baseload
2021-11-28,CROWLWF1,5.052260920631845,Baseload
2021-12-05,CROWLWF1,-5.6152851812964855,Baseload
2021-12-12,CROWLWF1,-0.6706243682749999,Baseload
2021-12-19,CROWLWF1,-16.037272965030578,Baseload
2021-12-26,CROWLWF1,-2.2101877624398263,Baseload
2022-01-02,CROWLWF1,-11.35438720172202,Baseload
2022-01-09,CROWLWF1,-2.1022035460985435,Baseload
2022-01-16,CROWLWF1,-5.280350261030016,Baseload
2022-01-23,CROWLWF1,-2.916714848420586,Baseload
2022-01-30,CROWLWF1,-0.7661321141136455,Baseload
2022-02-06,CROWLWF1,-26.731687594375174,Baseload
2022-02-13,CROWLWF1,-9.156641087341434,Baseload
2022-02-20,CROWLWF1,-8.772106489635235,Baseload
2022-02-27,CROWLWF1,-0.1123447356812477,Baseload
2022-03-06,CROWLWF1,-32.964294813099386,Baseload
2022-03-13,CROWLWF1,-10.395042510177321,Baseload
2022-03-20,CROWLWF1,-3.981930159884797,Baseload
2022-03-27,CROWLWF1,-3.2736449383829793,Baseload
2022-04-03,CROWLWF1,-15.938777080786203,Baseload
2022-04-10,CROWLWF1,-31.061873707906017,Baseload
2022-04-17,CROWLWF1,-21.781154247226155,Baseload
2022-04-24,CROWLWF1,6.698794069222885,Baseload
2022-05-01,CROWLWF1,-0.10974894439294758,Baseload
2022-05-08,CROWLWF1,-52.00260299985965,Baseload
2022-05-15,CROWLWF1,-66.96818902134578,Baseload
2022-05-22,CROWLWF1,-21.35086174335754,Baseload
2022-05-29,CROWLWF1,-27.260841980281327,Baseload
2022-06-05,CROWLWF1,-75.9342492201931,Baseload
2022-06-12,CROWLWF1,-20.986480284700008,Baseload
2022-06-19,CROWLWF1,-72.51321200843674,Baseload
2022-06-26,CROWLWF1,-16.35680792548007,Baseload
2022-07-03,CROWLWF1,-45.38657244911019,Baseload
2022-07-10,CROWLWF1,-49.66567508742963,Baseload
2022-07-17,CROWLWF1,-189.35777716687574,Baseload
2022-07-24,CROWLWF1,-45.35451764957213,Baseload
2022-07-31,CROWLWF1,-63.36995307256939,Baseload
2022-08-07,CROWLWF1,-45.13626162205311,Baseload
2022-08-14,CROWLWF1,-43.562387800482455,Baseload
2022-08-21,CROWLWF1,-32.62660284342019,Baseload
2022-08-28,CROWLWF1,-44.744850254508236,Baseload
2022-09-04,CROWLWF1,-8.244645555031411,Baseload
2022-09-11,CROWLWF1,-10.899721745096912,Baseload
2022-09-18,CROWLWF1,-32.63493588350653,Baseload
2022-09-25,CROWLWF1,-33.53606812430594,Baseload
2022-10-02,CROWLWF1,10.099728452988913,Baseload
2022-10-09,CROWLWF1,-14.388482739740681,Baseload
2022-10-16,CROWLWF1,-31.7271877668519,Baseload
2022-10-23,CROWLWF1,-19.372742470947628,Baseload
2022-10-30,CROWLWF1,-22.39616237169019,Baseload
2022-11-06,CROWLWF1,-25.868172734772262,Baseload
2022-11-13,CROWLWF1,-18.806607722643086,Baseload
2022-11-20,CROWLWF1,-13.533032886130933,Baseload
2022-11-27,CROWLWF1,-19.254611109546886,Baseload
2022-12-04,CROWLWF1,9.25167990487418,Baseload
2022-12-11,CROWLWF1,-12.785719518913673,Baseload
2022-12-18,CROWLWF1,11.11480407679812,Baseload
2022-12-25,CROWLWF1,14.233475285915958,Baseload
2023-01-01,CROWLWF1,0.588329655455027,Baseload
2023-01-08,CROWLWF1,11.840614794649374,Baseload
2023-01-15,CROWLWF1,32.72426218202919,Baseload
2023-01-22,CROWLWF1,6.430132374131418,Baseload
2023-01-29,CROWLWF1,-5.558782711589224,Baseload
2023-02-05,CROWLWF1,12.293978154194207,Baseload
2023-02-12,CROWLWF1,23.46893616819718,Baseload
2023-02-19,CROWLWF1,-7.0430010828399645,Baseload
2023-02-26,CROWLWF1,-10.81203385257281,Baseload
2023-03-05,CROWLWF1,-0.21780061602555634,Baseload
2023-03-12,CROWLWF1,-21.638926923958437,Baseload
2023-03-19,CROWLWF1,-14.534559920829267,Baseload
2023-03-26,CROWLWF1,-27.74206777863791,Baseload
2023-04-02,CROWLWF1,-16.247596181852145,Baseload
2023-04-09,CROWLWF1,-32.414745350574684,Baseload
2023-04-16,CROWLWF1,-34.52599822567175,Baseload
2023-04-23,CROWLWF1,-17.477117065159746,Baseload
2023-04-30,CROWLWF1,-55.01050097615763,Baseload
2023-05-07,CROWLWF1,-37.874962885724415,Baseload
2023-05-14,CROWLWF1,-9.35535322674366,Baseload
2023-05-21,CROWLWF1,20.405873351531653,Baseload
2023-05-28,CROWLWF1,-55.48418133902692,Baseload
2023-06-04,CROWLWF1,-36.604284219878195,Baseload
2023-06-11,CROWLWF1,-8.346208212032163,Baseload
2023-06-18,CROWLWF1,-10.842300175175458,Baseload
2023-06-25,CROWLWF1,-58.48963708684137,Baseload
2023-07-02,CROWLWF1,-4.180025500832684,Baseload
2023-07-09,CROWLWF1,-30.7194754575297,Baseload
2023-07-16,CROWLWF1,-16.366293963613955,Baseload
2023-07-23,CROWLWF1,-24.238384510457642,Baseload
2023-07-30,CROWLWF1,-38.70132106510931,Baseload
2023-08-06,CROWLWF1,-44.878914414258006,Baseload
2023-08-13,CROWLWF1,-18.034862426643564,Baseload
2023-08-20,CROWLWF1,-36.77240349633361,Baseload
2023-08-27,CROWLWF1,-4.112806045769567,Baseload
2023-09-03,CROWLWF1,-5.408825286313714,Baseload
2023-09-10,CROWLWF1,-14.54364138134169,Baseload
2023-09-17,CROWLWF1,-22.789447189316917,Baseload
2023-09-24,CROWLWF1,-18.5021659577644,Baseload
2023-10-01,CROWLWF1,-8.39085058970346,Baseload
2023-10-08,CROWLWF1,3.250549660653661,Baseload
2023-10-15,CROWLWF1,-14.17188823958506,Baseload
2023-10-22,CROWLWF1,-10.591557034596045,Baseload
2023-10-29,CROWLWF1,-4.581197538178225,Baseload
2023-11-05,CROWLWF1,-3.352806788613574,Baseload
2023-11-12,CROWLWF1,-17.975609632329295,Baseload
2023-11-19,CROWLWF1,22.30243802581719,Baseload
2023-11-26,CROWLWF1,-1.2535142298481219,Baseload
2023-12-03,CROWLWF1,-1.653959368698338,Baseload
2023-12-10,CROWLWF1,-10.244489693965178,Baseload
2023-12-17,CROWLWF1,18.358774196319963,Baseload
2023-12-24,CROWLWF1,5.125604771271005,Baseload
2023-12-31,CROWLWF1,12.285949719046961,Baseload
2024-01-07,CROWLWF1,9.464645401931186,Baseload
2024-01-14,CROWLWF1,-6.2589698673292595,Baseload
2024-01-21,CROWLWF1,-6.5024701542536825,Baseload
2024-01-28,CROWLWF1,3.5164347096815067,Baseload
2024-02-04,CROWLWF1,-6.664839824579666,Baseload
2024-02-11,CROWLWF1,4.598452662840021,Baseload
2024-02-18,CROWLWF1,-179.87691312720682,Baseload
2024-02-25,CROWLWF1,4.716541753685021,Baseload
2024-03-03,CROWLWF1,-6.012002269227146,Baseload
2024-03-10,CROWLWF1,-10.11289335040994,Baseload
2024-03-17,CROWLWF1,-5.529490945499795,Baseload
2024-03-24,CROWLWF1,-3.2116839445888417,Baseload
2024-03-31,CROWLWF1,10.55813615015743,Baseload
2024-04-07,CROWLWF1,-0.5844715506746212,Baseload
2024-04-14,CROWLWF1,-11.585816247670465,Baseload
2024-04-21,CROWLWF1,-8.946198226049248,Baseload
2024-04-28,CROWLWF1,-23.65944120900099,Baseload
2024-05-05,CROWLWF1,-2.4664450871674006,Baseload
2024-05-12,CROWLWF1,-18.25241112541555,Baseload
2024-05-19,CROWLWF1,-14.999910029813336,Baseload
2024-05-26,CROWLWF1,-14.457198412676405,Baseload
2024-06-02,CROWLWF1,-40.02753272611791,Baseload
2024-06-09,CROWLWF1,-23.05636504520453,Baseload
2024-06-16,CROWLWF1,-55.01505654481025,Baseload
2024-06-23,CROWLWF1,-13.22966981027156,Baseload
2024-06-30,CROWLWF1,-18.56211015040732,Baseload
2024-07-07,CROWLWF1,-9.347736315483928,Baseload
2024-07-14,CROWLWF1,-29.07583352846649,Baseload
2024-07-21,CROWLWF1,-14.514146512628884,Baseload
2024-07-28,CROWLWF1,-16.707138994232203,Baseload
2024-08-04,CROWLWF1,-88.03528820404983,Baseload
2024-08-11,CROWLWF1,-322.73304677360363,Baseload
2024-08-18,CROWLWF1,-5.653098094087795,Baseload
2024-08-25,CROWLWF1,-9.34780274422517,Baseload
2024-09-01,CROWLWF1,-4.327371588129996,Baseload
2024-09-08,CROWLWF1,-14.353452300227962,Baseload
2024-09-15,CROWLWF1,-6.114515815790977,Baseload
2024-09-22,CROWLWF1,-2.2977062137588486,Baseload
2024-09-29,CROWLWF1,-54.325632310168274,Baseload
2024-10-06,CROWLWF1,-18.854690778725512,Baseload
2024-10-13,CROWLWF1,2.8935994405510357,Baseload
2024-10-20,CROWLWF1,1.3029837137242843,Baseload
2024-10-27,CROWLWF1,-2.685079474840922,Baseload
2024-11-03,CROWLWF1,11.297645000479273,Baseload
2024-11-10,CROWLWF1,-14.446822986584237,Baseload
2024-11-17,CROWLWF1,-14.551009658431425,Baseload
2024-11-24,CROWLWF1,-13.178976606674318,Baseload
2024-12-01,CROWLWF1,-40.69537507012021,Baseload
2024-12-08,CROWLWF1,-3.647832906388487,Baseload
2024-12-15,CROWLWF1,7.93907584905908,Baseload
2024-12-22,CROWLWF1,10.269628268377552,Baseload
2024-12-29,CROWLWF1,-12.569825024029917,Baseload
2025-01-05,CROWLWF1,35.39760216577536,Baseload
2020-01-05,KIATAWF1,-4.051149681771591,Baseload
2020-01-12,KIATAWF1,-7.033318212883032,Baseload
2020-01-19,KIATAWF1,-5.716631736250591,Baseload
2020-01-26,KIATAWF1,-3.2777228053257375,Baseload
2020-02-02,KIATAWF1,2.9115908545593925,Baseload
2020-02-09,KIATAWF1,-2.5749039205323143,Baseload
2020-02-16,KIATAWF1,-3.5739293360376507,Baseload
2020-02-23,KIATAWF1,0.7125970873076497,Baseload
2020-03-01,KIATAWF1,-3.134786714926811,Baseload
2020-03-08,KIATAWF1,-1.5001024763097277,Baseload
2020-03-15,KIATAWF1,-0.9661292642908705,Baseload
2020-03-22,KIATAWF1,-2.6558699889000295,Baseload
2020-03-29,KIATAWF1,0.5511473888629439,Baseload
2020-04-05,KIATAWF1,-7.977121787869621,Baseload
2020-04-12,KIATAWF1,-8.976902531967788,Baseload
2020-04-19,KIATAWF1,-6.594885363639968,Baseload
2020-04-26,KIATAWF1,-5.76775832594301,Baseload
2020-05-03,KIATAWF1,-4.688964922580595,Baseload
2020-05-10,KIATAWF1,-5.576884995724363,Baseload
2020-05-17,KIATAWF1,-8.705959644820503,Baseload
2020-05-24,KIATAWF1,-3.639679472072082,Baseload
2020-05-31,KIATAWF1,-5.025893614195269,Baseload
2020-06-07,KIATAWF1,-7.341511390730616,Baseload
2020-06-14,KIATAWF1,-28.658476836458178,Baseload
2020-06-21,KIATAWF1,-6.5806609497623825,Baseload
2020-06-28,KIATAWF1,-6.147159732626349,Baseload
2020-07-05,KIATAWF1,-0.62785191324285,Baseload
2020-07-12,KIATAWF1,-9.228005182887756,Baseload
2020-07-19,KIATAWF1,-11.741526800075953,Baseload
2020-07-26,KIATAWF1,-13.963223255173965,Baseload
2020-08-02,KIATAWF1,-2.7890346665431025,Baseload
2020-08-09,KIATAWF1,-2.425416373662607,Baseload
2020-08-16,KIATAWF1,-3.932043803750446,Baseload
2020-08-23,KIATAWF1,-2.0991824771277052,Baseload
2020-08-30,KIATAWF1,-27.237324565301154,Baseload
2020-09-06,KIATAWF1,-0.32955321659043335,Baseload
2020-09-13,KIATAWF1,0.9385227115270212,Baseload
2020-09-20,KIATAWF1,-2.9841494672061053,Baseload
2020-09-27,KIATAWF1,-0.5787301939197746,Baseload
2020-10-04,KIATAWF1,-6.03578156492409,Baseload
2020-10-11,KIATAWF1,-13.900184002952244,Baseload
2020-10-18,KIATAWF1,-2.751622885944947,Baseload
2020-10-25,KIATAWF1,-6.685855611497985,Baseload
2020-11-01,KIATAWF1,-0.4935968978311749,Baseload
2020-11-08,KIATAWF1,1.3239667909067379,Baseload
2020-11-15,KIATAWF1,-4.62701908055999,Baseload
2020-11-22,KIATAWF1,-5.319120815784096,Baseload
2020-11-29,KIATAWF1,0.49037395805702744,Baseload
2020-12-06,KIATAWF1,-6.827472050220454,Baseload
2020-12-13,KIATAWF1,5.025501979322538,Baseload
2020-12-20,KIATAWF1,0.22501470067603435,Baseload
2020-12-27,KIATAWF1,2.15384581720685,Baseload
2021-01-03,KIATAWF1,7.981205467787671,Baseload
2021-01-10,KIATAWF1,-0.5353760516486226,Baseload
2021-01-17,KIATAWF1,9.091107821588494,Baseload
2021-01-24,KIATAWF1,3.577918992837702,Baseload
2021-01-31,KIATAWF1,7.839545285535987,Baseload
2021-02-07,KIATAWF1,2.737954335496962,Baseload
2021-02-14,KIATAWF1,5.57670157280824,Baseload
2021-02-21,KIATAWF1,-1.8711423268147698,Baseload
2021-02-28,KIATAWF1,7.192404917139054,Baseload
2021-03-07,KIATAWF1,4.127626311213824,Baseload
2021-03-14,KIATAWF1,-0.8251883238865254,Baseload
2021-03-21,KIATAWF1,0.9777889136410387,Baseload
2021-03-28,KIATAWF1,-0.788567228043874,Baseload
2021-04-04,KIATAWF1,0.7851458476799138,Baseload
2021-04-11,KIATAWF1,-9.002609360669176,Baseload
2021-04-18,KIATAWF1,13.572949802628507,Baseload
2021-04-25,KIATAWF1,-12.101119978946286,Baseload
2021-05-02,KIATAWF1,-22.406797052578227,Baseload
2021-05-09,KIATAWF1,-0.03439744863870686,Baseload
2021-05-16,KIATAWF1,-17.568613630099904,Baseload
2021-05-23,KIATAWF1,-84.35378784486741,Baseload
2021-05-30,KIATAWF1,-16.51192565289623,Baseload
2021-06-06,KIATAWF1,-12.734128480310723,Baseload
2021-06-13,KIATAWF1,-13.444588986081733,Baseload
2021-06-20,KIATAWF1,-6.614078852416597,Baseload
2021-06-27,KIATAWF1,-21.165673241536467,Baseload
2021-07-04,KIATAWF1,-4.993530516675094,Baseload
2021-07-11,KIATAWF1,-49.95970727052378,Baseload
2021-07-18,KIATAWF1,-13.248579865873047,Baseload
2021-07-25,KIATAWF1,-23.325156504141816,Baseload
2021-08-01,KIATAWF1,-2.155107637725621,Baseload
2021-08-08,KIATAWF1,-3.9340894583215444,Baseload
2021-08-15,KIATAWF1,-16.109135137533674,Baseload
2021-08-22,KIATAWF1,-18.599200549871473,Baseload
2021-08-29,KIATAWF1,-6.004794306990334,Baseload
2021-09-05,KIATAWF1,-8.53824438227665,Baseload
2021-09-12,KIATAWF1,-6.697630988866726,Baseload
2021-09-19,KIATAWF1,-13.619377620117904,Baseload
2021-09-26,KIATAWF1,-6.415880787146495,Baseload
2021-10-03,KIATAWF1,-1.8843433587398266,Baseload
2021-10-10,KIATAWF1,-3.393142774610025,Baseload
2021-10-17,KIATAWF1,-10.996911437049818,Baseload
2021-10-24,KIATAWF1,1.1692172764530486,Baseload
2021-10-31,KIATAWF1,-1.306116071385361,Baseload
2021-11-07,KIATAWF1,-3.2021617333428694,Baseload
2021-11-14,KIATAWF1,-4.196455949260045,Baseload
2021-11-21,KIATAWF1,-13.822407795004043,Baseload
2021-11-28,KIATAWF1,-5.613400884907527,Baseload
2021-12-05,KIATAWF1,0.6561774671639071,Baseload
2021-12-12,KIATAWF1,4.389732155371327,Baseload
2021-12-19,KIATAWF1,-7.826469638372103,Baseload
2021-12-26,KIATAWF1,2.0482919096583423,Baseload
2022-01-02,KIATAWF1,-5.331044603184267,Baseload
2022-01-09,KIATAWF1,0.15184200318687502,Baseload
2022-01-16,KIATAWF1,-1.3516246973429844,Baseload
2022-01-23,KIATAWF1,1.0794639526196228,Baseload
2022-01-30,KIATAWF1,-3.019441547288295,Baseload
2022-02-06,KIATAWF1,-33.742682638765935,Baseload
2022-02-13,KIATAWF1,2.694537550416065,Baseload
2022-02-20,KIATAWF1,1.0448191684638175,Baseload
2022-02-27,KIATAWF1,13.866200689330704,Baseload
2022-03-06,KIATAWF1,-17.960756958446105,Baseload
2022-03-13,KIATAWF1,-4.3201303544817335,Baseload
2022-03-20,KIATAWF1,-5.813565082273108,Baseload
2022-03-27,KIATAWF1,0.2973164782363824,Baseload
2022-04-03,KIATAWF1,-15.462279088754983,Baseload
2022-04-10,KIATAWF1,-26.732473571369,Baseload
2022-04-17,KIATAWF1,-10.627913947669867,Baseload
2022-04-24,KIATAWF1,-4.016028897045601,Baseload
2022-05-01,KIATAWF1,-6.4658323320382465,Baseload
2022-05-08,KIATAWF1,-33.40880631608579,Baseload
2022-05-15,KIATAWF1,-62.201204130192565,Baseload
2022-05-22,KIATAWF1,-5.4225581972910675,Baseload
2022-05-29,KIATAWF1,-13.613049416496722,Baseload
2022-06-05,KIATAWF1,-78.3696439977366,Baseload
2022-06-12,KIATAWF1,-17.566419535776333,Baseload
2022-06-19,KIATAWF1,-72.378386729239,Baseload
2022-06-26,KIATAWF1,-9.406771448005998,Baseload
2022-07-03,KIATAWF1,-38.16957461507354,Baseload
2022-07-10,KIATAWF1,-27.635199661176216,Baseload
2022-07-17,KIATAWF1,-178.58289601634283,Baseload
2022-07-24,KIATAWF1,-26.982356639514023,Baseload
2022-07-31,KIATAWF1,-37.76579322397862,Baseload
2022-08-07,KIATAWF1,-29.433239304047973,Baseload
2022-08-14,KIATAWF1,-45.24010421504995,Baseload
2022-08-21,KIATAWF1,-30.14783326559916,Baseload
2022-08-28,KIATAWF1,-24.29617421872061,Baseload
2022-09-04,KIATAWF1,-7.752116450632897,Baseload
2022-09-11,KIATAWF1,-3.380960186044433,Baseload
2022-09-18,KIATAWF1,-29.0710685393842,Baseload
2022-09-25,KIATAWF1,-16.629490150179777,Baseload
2022-10-02,KIATAWF1,15.047126211587027,Baseload
2022-10-09,KIATAWF1,3.3011459163370773,Baseload
2022-10-16,KIATAWF1,-29.85501670318301,Baseload
2022-10-23,KIATAWF1,-6.770398010137853,Baseload
2022-10-30,KIATAWF1,-22.441010660704585,Baseload
2022-11-06,KIATAWF1,-17.394299296589345,Baseload
2022-11-13,KIATAWF1,-4.629812956263791,Baseload
2022-11-20,KIATAWF1,-16.68269224812562,Baseload
2022-11-27,KIATAWF1,-27.90505375490005,Baseload
2022-12-04,KIATAWF1,17.733976009976757,Baseload
2022-12-11,KIATAWF1,-5.007297502915179,Baseload
2022-12-18,KIATAWF1,6.71212537403906,Baseload
2022-12-25,KIATAWF1,14.27553162717085,Baseload
2023-01-01,KIATAWF1,14.173658056749119,Baseload
2023-01-08,KIATAWF1,2.3368835893549242,Baseload
2023-01-15,KIATAWF1,-4.0539582843452,Baseload
2023-01-22,KIATAWF1,-3.8968573462546203,Baseload
2023-01-29,KIATAWF1,-5.139154856971885,Baseload
2023-02-05,KIATAWF1,2.6898296236456005,Baseload
2023-02-12,KIATAWF1,13.301898660428513,Baseload
2023-02-19,KIATAWF1,-3.104099084823787,Baseload
2023-02-26,KIATAWF1,-0.06640615346357492,Baseload
2023-03-05,KIATAWF1,10.701221604391272,Baseload
2023-03-12,KIATAWF1,-3.425771208494009,Baseload
2023-03-19,KIATAWF1,-15.05784510742518,Baseload
2023-03-26,KIATAWF1,3.0465795955527284,Baseload
2023-04-02,KIATAWF1,-9.419692930800096,Baseload
2023-04-09,KIATAWF1,-18.08851691604552,Baseload
2023-04-16,KIATAWF1,-18.616222508027683,Baseload
2023-04-23,KIATAWF1,-1.2558816680818268,Baseload
2023-04-30,KIATAWF1,-31.19075670714991,Baseload
2023-05-07,KIATAWF1,-23.706072023401376,Baseload
2023-05-14,KIATAWF1,-7.738794074214212,Baseload
2023-05-21,KIATAWF1,-19.12807032327875,Baseload
2023-05-28,KIATAWF1,-36.10269118297833,Baseload
2023-06-04,KIATAWF1,-15.361934327831513,Baseload
2023-06-11,KIATAWF1,-9.456903554607457,Baseload
2023-06-18,KIATAWF1,-5.992682248964883,Baseload
2023-06-25,KIATAWF1,-31.43800047526487,Baseload
2023-07-02,KIATAWF1,-11.777737853288528,Baseload
2023-07-09,KIATAWF1,-41.41415775951309,Baseload
2023-07-16,KIATAWF1,-15.906431666508112,Baseload
2023-07-23,KIATAWF1,-22.947558439708146,Baseload
2023-07-30,KIATAWF1,-35.44030052194762,Baseload
2023-08-06,KIATAWF1,-42.54739478369984,Baseload
2023-08-13,KIATAWF1,-17.030273458906976,Baseload
2023-08-20,KIATAWF1,-51.28509550189376,Baseload
2023-08-27,KIATAWF1,6.658341064360428,Baseload
2023-09-03,KIATAWF1,-3.0961764790712394,Baseload
2023-09-10,KIATAWF1,7.739487366390421,Baseload
2023-09-17,KIATAWF1,9.240295930589443,Baseload
2023-09-24,KIATAWF1,5.043976188984491,Baseload
2023-10-01,KIATAWF1,17.461905660883268,Baseload
2023-10-08,KIATAWF1,5.358004557054528,Baseload
2023-10-15,KIATAWF1,5.3299307108140255,Baseload
2023-10-22,KIATAWF1,5.580418308890874,Baseload
2023-10-29,KIATAWF1,32.135806315903025,Baseload
2023-11-05,KIATAWF1,25.37668806047885,Baseload
2023-11-12,KIATAWF1,18.090734077431406,Baseload
2023-11-19,KIATAWF1,46.19821055356474,Baseload
2023-11-26,KIATAWF1,11.044489614869,Baseload
2023-12-03,KIATAWF1,8.82958422713536,Baseload
2023-12-10,KIATAWF1,0.4199339601747951,Baseload
2023-12-17,KIATAWF1,22.636553674032747,Baseload
2023-12-24,KIATAWF1,26.227903589783207,Baseload
2023-12-31,KIATAWF1,33.531980515250865,Baseload
2024-01-07,KIATAWF1,10.595479786289381,Baseload
2024-01-14,KIATAWF1,9.972699244466146,Baseload
2024-01-21,KIATAWF1,15.733709204673822,Baseload
2024-01-28,KIATAWF1,29.383374014051743,Baseload
2024-02-04,KIATAWF1,27.99922466359205,Baseload
2024-02-11,KIATAWF1,29.300067424401856,Baseload
2024-02-18,KIATAWF1,-130.67583678673427,Baseload
2024-02-25,KIATAWF1,21.25686379716906,Baseload
2024-03-03,KIATAWF1,17.805099778334345,Baseload
2024-03-10,KIATAWF1,7.142709843145539,Baseload
2024-03-17,KIATAWF1,-4.290160144010002,Baseload
2024-03-24,KIATAWF1,18.97677355875892,Baseload
2024-03-31,KIATAWF1,16.9502062902829,Baseload
2024-04-07,KIATAWF1,1.249820794543794,Baseload
2024-04-14,KIATAWF1,-6.813890092691139,Baseload
2024-04-21,KIATAWF1,2.238117411902877,Baseload
2024-04-28,KIATAWF1,-6.461494951933744,Baseload
2024-05-05,KIATAWF1,3.7732567375098682,Baseload
2024-05-12,KIATAWF1,2.4389326536529268,Baseload
2024-05-19,KIATAWF1,-20.310867902995383,Baseload
2024-05-26,KIATAWF1,-17.512820817829066,Baseload
2024-06-02,KIATAWF1,-19.782935532695433,Baseload
2024-06-09,KIATAWF1,-17.713642462094242,Baseload
2024-06-16,KIATAWF1,-29.84367557519566,Baseload
2024-06-23,KIATAWF1,-3.2605047190983782,Baseload
2024-06-30,KIATAWF1,-13.889914513507449,Baseload
2024-07-07,KIATAWF1,-21.026760313115147,Baseload
2024-07-14,KIATAWF1,-24.41349605635375,Baseload
2024-07-21,KIATAWF1,-12.765705006969753,Baseload
2024-07-28,KIATAWF1,-4.580786317527291,Baseload
2024-08-04,KIATAWF1,-89.56454854152219,Baseload
2024-08-11,KIATAWF1,-337.2131583451809,Baseload
2024-08-18,KIATAWF1,0.029293055186911943,Baseload
2024-08-25,KIATAWF1,5.9485097864634255,Baseload
2024-09-01,KIATAWF1,13.727066429100162,Baseload
2024-09-08,KIATAWF1,6.269238889531427,Baseload
2024-09-15,KIATAWF1,12.448710403501725,Baseload
2024-09-22,KIATAWF1,9.052508981025609,Baseload
2024-09-29,KIATAWF1,-6.011543706629645,Baseload
2024-10-06,KIATAWF1,10.589504265545532,Baseload
2024-10-13,KIATAWF1,16.025018119616924,Baseload
2024-10-20,KIATAWF1,13.921898887889135,Baseload
2024-10-27,KIATAWF1,21.23018200039329,Baseload
2024-11-03,KIATAWF1,33.71429046478866,Baseload
2024-11-10,KIATAWF1,15.984756130480193,Baseload
2024-11-17,KIATAWF1,31.069708838571977,Baseload
2024-11-24,KIATAWF1,9.984248587119112,Baseload
2024-12-01,KIATAWF1,1.6295149211970994,Baseload
2024-12-08,KIATAWF1,15.49102467688607,Baseload
2024-12-15,KIATAWF1,38.26565032087345,Baseload
2024-12-22,KIATAWF1,43.642133886801204,Baseload
2024-12-29,KIATAWF1,30.024885388657033,Baseload
2025-01-05,KIATAWF1,41.72256735935725,Baseload
2020-01-05,MACARTH1,-9.484844041167719,Baseload
2020-01-12,MACARTH1,-6.672876009190674,Baseload
2020-01-19,MACARTH1,-11.119796130172865,Baseload
2020-01-26,MACARTH1,-13.575235680071952,Baseload
2020-02-02,MACARTH1,-245.2770825496707,Baseload
2020-02-09,MACARTH1,,Baseload
2020-02-16,MACARTH1,,Baseload
2020-02-23,MACARTH1,-1.1077599416184896,Baseload
2020-03-01,MACARTH1,-6.707960492855122,Baseload
2020-03-08,MACARTH1,-7.196486794726724,Baseload
2020-03-15,MACARTH1,-1.342908983286975,Baseload
2020-03-22,MACARTH1,-3.7183379093354176,Baseload
2020-03-29,MACARTH1,-2.7280929431596377,Baseload
2020-04-05,MACARTH1,-16.508311570445365,Baseload
2020-04-12,MACARTH1,-18.227026146212616,Baseload
2020-04-19,MACARTH1,-8.515681326421149,Baseload
2020-04-26,MACARTH1,-7.4190122701575785,Baseload
2020-05-03,MACARTH1,-6.905033049349289,Baseload
2020-05-10,MACARTH1,-8.979367152665748,Baseload
2020-05-17,MACARTH1,-14.290916949907729,Baseload
2020-05-24,MACARTH1,-4.470471759465298,Baseload
2020-05-31,MACARTH1,-8.993105580940487,Baseload
2020-06-07,MACARTH1,-10.61277082379177,Baseload
2020-06-14,MACARTH1,-30.388341169112934,Baseload
2020-06-21,MACARTH1,-8.686054943920041,Baseload
2020-06-28,MACARTH1,-10.220577341572884,Baseload
2020-07-05,MACARTH1,-5.459901836130207,Baseload
2020-07-12,MACARTH1,-7.860564469216115,Baseload
2020-07-19,MACARTH1,-15.989669677356304,Baseload
2020-07-26,MACARTH1,-17.668718465246492,Baseload
2020-08-02,MACARTH1,-3.853877942305097,Baseload
2020-08-09,MACARTH1,-2.8472570700397952,Baseload
2020-08-16,MACARTH1,-5.7103913943115145,Baseload
2020-08-23,MACARTH1,-1.3608171607386765,Baseload
2020-08-30,MACARTH1,41.37599447073195,Baseload
2020-09-06,MACARTH1,,Baseload
2020-09-13,MACARTH1,,Baseload
2020-09-20,MACARTH1,-14.675053406676447,Baseload
2020-09-27,MACARTH1,-4.332714787853547,Baseload
2020-10-04,MACARTH1,-15.980542308542342,Baseload
2020-10-11,MACARTH1,-15.939414821922796,Baseload
2020-10-18,MACARTH1,-6.392440259209572,Baseload
2020-10-25,MACARTH1,-21.683276366631596,Baseload
2020-11-01,MACARTH1,-5.284481166023035,Baseload
2020-11-08,MACARTH1,-5.1130457916977505,Baseload
2020-11-15,MACARTH1,-7.6676317903337186,Baseload
2020-11-22,MACARTH1,-2.4439665163483113,Baseload
2020-11-29,MACARTH1,-13.12079341671307,Baseload
2020-12-06,MACARTH1,-24.12195689674277,Baseload
2020-12-13,MACARTH1,-6.228037324958267,Baseload
2020-12-20,MACARTH1,-3.9182408352680653,Baseload
2020-12-27,MACARTH1,-13.495092115863898,Baseload
2021-01-03,MACARTH1,-5.431186554294047,Baseload
2021-01-10,MACARTH1,-11.346962695833488,Baseload
2021-01-17,MACARTH1,-10.868018188987833,Baseload
2021-01-24,MACARTH1,-4.84124759970878,Baseload
2021-01-31,MACARTH1,-4.8586269760206715,Baseload
2021-02-07,MACARTH1,-3.8784178103456206,Baseload
2021-02-14,MACARTH1,-0.29014186147399457,Baseload
2021-02-21,MACARTH1,-2.905865464070981,Baseload
2021-02-28,MACARTH1,-17.618121700527464,Baseload
2021-03-07,MACARTH1,-0.9647070981256327,Baseload
2021-03-14,MACARTH1,-0.8624676550333028,Baseload
2021-03-21,MACARTH1,-1.0349553518549683,Baseload
2021-03-28,MACARTH1,-4.5282861508064585,Baseload
2021-04-04,MACARTH1,-16.119080448524578,Baseload
2021-04-11,MACARTH1,-18.26593985908724,Baseload
2021-04-18,MACARTH1,-24.19841054714255,Baseload
2021-04-25,MACARTH1,-15.752590055638322,Baseload
2021-05-02,MACARTH1,-39.66618898128081,Baseload
2021-05-09,MACARTH1,-14.131334259578466,Baseload
2021-05-16,MACARTH1,-77.673394250342,Baseload
2021-05-23,MACARTH1,,Baseload
2021-05-30,MACARTH1,-19.914595533796707,Baseload
2021-06-06,MACARTH1,-18.343492961647065,Baseload
2021-06-13,MACARTH1,-30.73569262509435,Baseload
2021-06-20,MACARTH1,-17.279003113414277,Baseload
2021-06-27,MACARTH1,-31.6013613198144,Baseload
2021-07-04,MACARTH1,-10.230099456630874,Baseload
2021-07-11,MACARTH1,-61.08298264794874,Baseload
2021-07-18,MACARTH1,-13.172395458388998,Baseload
2021-07-25,MACARTH1,-30.462686274930093,Baseload
2021-08-01,MACARTH1,-8.730873994765911,Baseload
2021-08-08,MACARTH1,-15.82260664698569,Baseload
2021-08-15,MACARTH1,-10.017632753374844,Baseload
2021-08-22,MACARTH1,-22.526942519302374,Baseload
2021-08-29,MACARTH1,-21.27426673850993,Baseload
2021-09-05,MACARTH1,-17.79314240802484,Baseload
2021-09-12,MACARTH1,-15.512583372219424,Baseload
2021-09-19,MACARTH1,-26.446152594105097,Baseload
2021-09-26,MACARTH1,-10.783821668493328,Baseload
2021-10-03,MACARTH1,-7.572625772961981,Baseload
2021-10-10,MACARTH1,-10.254080148691445,Baseload
2021-10-17,MACARTH1,-19.67728633592172,Baseload
2021-10-24,MACARTH1,-9.239586257406618,Baseload
2021-10-31,MACARTH1,-26.22237721087305,Baseload
2021-11-07,MACARTH1,-12.887445694533351,Baseload
2021-11-14,MACARTH1,-13.365488532660398,Baseload
2021-11-21,MACARTH1,-35.472648649386564,Baseload
2021-11-28,MACARTH1,-16.103659457469497,Baseload
2021-12-05,MACARTH1,-2.1498201726230732,Baseload
2021-12-12,MACARTH1,0.13291241608241222,Baseload
2021-12-19,MACARTH1,-26.517646453467826,Baseload
2021-12-26,MACARTH1,-14.658005640083003,Baseload
2022-01-02,MACARTH1,-5.604962708644269,Baseload
2022-01-09,MACARTH1,-6.310380308827895,Baseload
2022-01-16,MACARTH1,-14.025000523867007,Baseload
2022-01-23,MACARTH1,-9.703478652339644,Baseload
2022-01-30,MACARTH1,-5.443228556395752,Baseload
2022-02-06,MACARTH1,-47.9098254733569,Baseload
2022-02-13,MACARTH1,-16.90330570344282,Baseload
2022-02-20,MACARTH1,-10.054312299116376,Baseload
2022-02-27,MACARTH1,-4.353230184118637,Baseload
2022-03-06,MACARTH1,-35.443135552693185,Baseload
2022-03-13,MACARTH1,-14.99893996075179,Baseload
2022-03-20,MACARTH1,-5.680253100527537,Baseload
2022-03-27,MACARTH1,-19.383688238100582,Baseload
2022-04-03,MACARTH1,-41.68972491709987,Baseload
2022-04-10,MACARTH1,-13.498648404813565,Baseload
2022-04-17,MACARTH1,,Baseload
2022-04-24,MACARTH1,,Baseload
2022-05-01,MACARTH1,-54.831282023597424,Baseload
2022-05-08,MACARTH1,-41.62455174853346,Baseload
2022-05-15,MACARTH1,-94.395105062997,Baseload
2022-05-22,MACARTH1,-29.12420222454014,Baseload
2022-05-29,MACARTH1,-23.17425210043922,Baseload
2022-06-05,MACARTH1,-64.77456781819802,Baseload
2022-06-12,MACARTH1,-39.24388455853301,Baseload
2022-06-19,MACARTH1,-80.25494668372727,Baseload
2022-06-26,MACARTH1,-21.17378410889677,Baseload
2022-07-03,MACARTH1,-54.91152375688591,Baseload
2022-07-10,MACARTH1,-34.66175743182009,Baseload
2022-07-17,MACARTH1,-204.47088057299092,Baseload
2022-07-24,MACARTH1,-50.267955211929916,Baseload
2022-07-31,MACARTH1,-94.06145302995478,Baseload
2022-08-07,MACARTH1,-45.74398686112215,Baseload
2022-08-14,MACARTH1,-54.46833235692546,Baseload
2022-08-21,MACARTH1,-39.470647123488305,Baseload
2022-08-28,MACARTH1,-54.31350285223161,Baseload
2022-09-04,MACARTH1,-32.490020154560554,Baseload
2022-09-11,MACARTH1,-19.738249773637563,Baseload
2022-09-18,MACARTH1,-47.87424960844932,Baseload
2022-09-25,MACARTH1,-43.55582885220224,Baseload
2022-10-02,MACARTH1,-11.311372187098058,Baseload
2022-10-09,MACARTH1,-21.50441782744535,Baseload
2022-10-16,MACARTH1,-68.09262038135608,Baseload
2022-10-23,MACARTH1,-12.39139403587231,Baseload
2022-10-30,MACARTH1,-45.072437455641264,Baseload
2022-11-06,MACARTH1,-40.13150210866765,Baseload
2022-11-13,MACARTH1,-35.35227612274924,Baseload
2022-11-20,MACARTH1,-37.21000561394397,Baseload
2022-11-27,MACARTH1,,Baseload
2022-12-04,MACARTH1,-33.471817607280684,Baseload
2022-12-11,MACARTH1,-16.527700577257843,Baseload
2022-12-18,MACARTH1,0.8412546780337742,Baseload
2022-12-25,MACARTH1,-4.1937180967703895,Baseload
2023-01-01,MACARTH1,-8.52035818293868,Baseload
2023-01-08,MACARTH1,-14.238294989701215,Baseload
2023-01-15,MACARTH1,-28.764192113722842,Baseload
2023-01-22,MACARTH1,-18.156306752710034,Baseload
2023-01-29,MACARTH1,-32.414247982690924,Baseload
2023-02-05,MACARTH1,-33.30525013135592,Baseload
2023-02-12,MACARTH1,-33.83026219466058,Baseload
2023-02-19,MACARTH1,-4.383049301706791,Baseload
2023-02-26,MACARTH1,-17.49570344819961,Baseload
2023-03-05,MACARTH1,-28.18915791228845,Baseload
2023-03-12,MACARTH1,-31.340574952452997,Baseload
2023-03-19,MACARTH1,-32.119088270742864,Baseload
2023-03-26,MACARTH1,-23.95212340888788,Baseload
2023-04-02,MACARTH1,-29.347076439658764,Baseload
2023-04-09,MACARTH1,-7.828822755203987,Baseload
2023-04-16,MACARTH1,-28.157842289458074,Baseload
2023-04-23,MACARTH1,-25.954280355631397,Baseload
2023-04-30,MACARTH1,-48.98791815691734,Baseload
2023-05-07,MACARTH1,-59.43061467301544,Baseload
2023-05-14,MACARTH1,-26.771508259662085,Baseload
2023-05-21,MACARTH1,-44.14970569371678,Baseload
2023-05-28,MACARTH1,-35.422940964514,Baseload
2023-06-04,MACARTH1,-40.41548517858694,Baseload
2023-06-11,MACARTH1,-10.172573871333821,Baseload
2023-06-18,MACARTH1,-14.05987985695875,Baseload
2023-06-25,MACARTH1,-58.134858110488295,Baseload
2023-07-02,MACARTH1,-26.928259378287187,Baseload
2023-07-09,MACARTH1,-51.97745588538216,Baseload
2023-07-16,MACARTH1,-19.007849491138003,Baseload
2023-07-23,MACARTH1,-29.365749564664235,Baseload
2023-07-30,MACARTH1,-47.57737496322871,Baseload
2023-08-06,MACARTH1,-51.95637789261043,Baseload
2023-08-13,MACARTH1,-34.30284855945511,Baseload
2023-08-20,MACARTH1,183.2050727404776,Baseload
2023-08-27,MACARTH1,-4.8343697640827585,Baseload
2023-09-03,MACARTH1,-21.96754545744629,Baseload
2023-09-10,MACARTH1,-18.966333591872573,Baseload
2023-09-17,MACARTH1,-17.364108068416837,Baseload
2023-09-24,MACARTH1,-27.283737399768444,Baseload
2023-10-01,MACARTH1,-16.81195357773312,Baseload
2023-10-08,MACARTH1,-11.041377267899744,Baseload
2023-10-15,MACARTH1,-11.102458872309196,Baseload
2023-10-22,MACARTH1,-21.398662102013915,Baseload
2023-10-29,MACARTH1,-5.645688483773371,Baseload
2023-11-05,MACARTH1,-9.821419862187883,Baseload
2023-11-12,MACARTH1,-33.02098216128799,Baseload
2023-11-19,MACARTH1,-32.160247832523936,Baseload
2023-11-26,MACARTH1,-17.522725309409022,Baseload
2023-12-03,MACARTH1,-6.897286053134021,Baseload
2023-12-10,MACARTH1,-33.996805700115466,Baseload
2023-12-17,MACARTH1,-53.46117734881229,Baseload
2023-12-24,MACARTH1,-0.5532412224027041,Baseload
2023-12-31,MACARTH1,-8.678665939048507,Baseload
2024-01-07,MACARTH1,-2.906794887907978,Baseload
2024-01-14,MACARTH1,-50.97924615600936,Baseload
2024-01-21,MACARTH1,5.1323362258030905,Baseload
2024-01-28,MACARTH1,11.145969661483761,Baseload
2024-02-04,MACARTH1,-26.82439303469116,Baseload
2024-02-11,MACARTH1,-5.3048994194143315,Baseload
2024-02-18,MACARTH1,838.3873923331588,Baseload
2024-02-25,MACARTH1,-9.84535120867011,Baseload
2024-03-03,MACARTH1,-3.2071646320384346,Baseload
2024-03-10,MACARTH1,-28.02751901513126,Baseload
2024-03-17,MACARTH1,-13.223789335718863,Baseload
2024-03-24,MACARTH1,-3.842728158303899,Baseload
2024-03-31,MACARTH1,-2.130995672977747,Baseload
2024-04-07,MACARTH1,-25.954650615125313,Baseload
2024-04-14,MACARTH1,-38.16923902660007,Baseload
2024-04-21,MACARTH1,77.41563732102063,Baseload
2024-04-28,MACARTH1,-47.826491199365464,Baseload
2024-05-05,MACARTH1,-18.544645470685154,Baseload
2024-05-12,MACARTH1,-14.802877004354855,Baseload
2024-05-19,MACARTH1,-20.436776111361567,Baseload
2024-05-26,MACARTH1,-21.562087233216232,Baseload
2024-06-02,MACARTH1,-50.69873387318565,Baseload
2024-06-09,MACARTH1,-31.503824403157466,Baseload
2024-06-16,MACARTH1,39.014596756386595,Baseload
2024-06-23,MACARTH1,7.2514059168613585,Baseload
2024-06-30,MACARTH1,-5.705120298768094,Baseload
2024-07-07,MACARTH1,7.837679351810067,Baseload
2024-07-14,MACARTH1,,Baseload
2024-07-21,MACARTH1,,Baseload
2024-07-28,MACARTH1,-0.29322542635141247,Baseload
2024-08-04,MACARTH1,-89.03181606082956,Baseload
2024-08-11,MACARTH1,-299.46736282381926,Baseload
2024-08-18,MACARTH1,-28.534094846307802,Baseload
2024-08-25,MACARTH1,-17.046096785355065,Baseload
2024-09-01,MACARTH1,1.5685609252730934,Baseload
2024-09-08,MACARTH1,-5.305713469822935,Baseload
2024-09-15,MACARTH1,-15.583554801571623,Baseload
2024-09-22,MACARTH1,-0.06052756559700079,Baseload
2024-09-29,MACARTH1,-29.694494470051715,Baseload
2024-10-06,MACARTH1,-4.056566689226929,Baseload
2024-10-13,MACARTH1,-9.000223849394667,Baseload
2024-10-20,MACARTH1,-5.802961456532987,Baseload
2024-10-27,MACARTH1,-29.281643518670954,Baseload
2024-11-03,MACARTH1,-3.8542195389031484,Baseload
2024-11-10,MACARTH1,-37.1983393707676,Baseload
2024-11-17,MACARTH1,-42.674849439224154,Baseload
2024-11-24,MACARTH1,-18.032541112639237,Baseload
2024-12-01,MACARTH1,-11.304590787290493,Baseload
2024-12-08,MACARTH1,,Baseload
2024-12-15,MACARTH1,24.039858240481053,Baseload
2024-12-22,MACARTH1,5.282833543079974,Baseload
2024-12-29,MACARTH1,0.593071020162439,Baseload
2025-01-05,MACARTH1,-5.822449036677817,Baseload
2020-01-05,MERCER01,-8.768945883412371,Baseload
2020-01-12,MERCER01,-1.9974962674417753,Baseload
2020-01-19,MERCER01,-4.1227349785757355,Baseload
2020-01-26,MERCER01,-11.175931475758407,Baseload
2020-02-02,MERCER01,291.03117568192306,Baseload
2020-02-09,MERCER01,-4.668638253914185,Baseload
2020-02-16,MERCER01,1.4439019392503667,Baseload
2020-02-23,MERCER01,-2.5298919153316817,Baseload
2020-03-01,MERCER01,-4.684014084694184,Baseload
2020-03-08,MERCER01,-7.701336011041143,Baseload
2020-03-15,MERCER01,-1.1063845303518747,Baseload
2020-03-22,MERCER01,-2.8230258730986364,Baseload
2020-03-29,MERCER01,-2.4365169287142265,Baseload
2020-04-05,MERCER01,-13.246691466702686,Baseload
2020-04-12,MERCER01,-17.24068258853206,Baseload
2020-04-19,MERCER01,-6.610636019060756,Baseload
2020-04-26,MERCER01,-8.234627356435368,Baseload
2020-05-03,MERCER01,-5.820282399271004,Baseload
2020-05-10,MERCER01,-8.886001430537636,Baseload
2020-05-17,MERCER01,-9.230794978304026,Baseload
2020-05-24,MERCER01,-3.3241130532789427,Baseload
2020-05-31,MERCER01,-6.9774603241216795,Baseload
2020-06-07,MERCER01,-10.22883463911257,Baseload
2020-06-14,MERCER01,-29.306589410327234,Baseload
2020-06-21,MERCER01,-7.7432637564883,Baseload
2020-06-28,MERCER01,-5.892243365942271,Baseload
2020-07-05,MERCER01,-3.093136151775589,Baseload
2020-07-12,MERCER01,-7.787455254207146,Baseload
2020-07-19,MERCER01,-14.573961026667206,Baseload
2020-07-26,MERCER01,-17.22785424063933,Baseload
2020-08-02,MERCER01,-7.881616491863042,Baseload
2020-08-09,MERCER01,-3.234224738417275,Baseload
2020-08-16,MERCER01,-0.7849740854433591,Baseload
2020-08-23,MERCER01,-3.357814958884134,Baseload
2020-08-30,MERCER01,-27.338466223102092,Baseload
2020-09-06,MERCER01,-8.284024055450217,Baseload
2020-09-13,MERCER01,-4.864481993526667,Baseload
2020-09-20,MERCER01,-8.068101280881702,Baseload
2020-09-27,MERCER01,-4.793687583855835,Baseload
2020-10-04,MERCER01,-13.000756480276328,Baseload
2020-10-11,MERCER01,-17.0463140111788,Baseload
2020-10-18,MERCER01,-8.047300520583875,Baseload
2020-10-25,MERCER01,-19.272970815056475,Baseload
2020-11-01,MERCER01,-2.224225573368763,Baseload
2020-11-08,MERCER01,-3.9472306671956403,Baseload
2020-11-15,MERCER01,-4.512364833118525,Baseload
2020-11-22,MERCER01,-9.609716981939258,Baseload
2020-11-29,MERCER01,-8.572838483530212,Baseload
2020-12-06,MERCER01,-21.321424284918013,Baseload
2020-12-13,MERCER01,-10.638511945155942,Baseload
2020-12-20,MERCER01,0.47521341256300786,Baseload
2020-12-27,MERCER01,-13.68608329606566,Baseload
2021-01-03,MERCER01,-4.0041344362662965,Baseload
2021-01-10,MERCER01,-5.940507585611925,Baseload
2021-01-17,MERCER01,-9.237397110519744,Baseload
2021-01-24,MERCER01,-5.598303953197419,Baseload
2021-01-31,MERCER01,-0.9400013754641527,Baseload
2021-02-07,MERCER01,-4.735570583642156,Baseload
2021-02-14,MERCER01,0.06114296361047522,Baseload
2021-02-21,MERCER01,-2.7396370059930746,Baseload
2021-02-28,MERCER01,-10.471678999306734,Baseload
2021-03-07,MERCER01,-2.5178004215312804,Baseload
2021-03-14,MERCER01,-2.4479547336691425,Baseload
2021-03-21,MERCER01,-3.562577106831746,Baseload
2021-03-28,MERCER01,-4.974298590110557,Baseload
2021-04-04,MERCER01,-15.5117306782834,Baseload
2021-04-11,MERCER01,-17.32725763387824,Baseload
2021-04-18,MERCER01,-22.690526573737188,Baseload
2021-04-25,MERCER01,-11.779853084371851,Baseload
2021-05-02,MERCER01,-45.41398516488506,Baseload
2021-05-09,MERCER01,-9.842981665922999,Baseload
2021-05-16,MERCER01,-22.181694718595942,Baseload
2021-05-23,MERCER01,-95.49003054990395,Baseload
2021-05-30,MERCER01,-23.795489985428503,Baseload
2021-06-06,MERCER01,-16.854321646968444,Baseload
2021-06-13,MERCER01,-22.863515988456093,Baseload
2021-06-20,MERCER01,-13.931776854787145,Baseload
2021-06-27,MERCER01,-30.92982121971528,Baseload
2021-07-04,MERCER01,-10.335883494315233,Baseload
2021-07-11,MERCER01,-92.74118755404196,Baseload
2021-07-18,MERCER01,-6.52072782703145,Baseload
2021-07-25,MERCER01,-31.50200827595603,Baseload
2021-08-01,MERCER01,-9.137270480366158,Baseload
2021-08-08,MERCER01,-11.452610481477244,Baseload
2021-08-15,MERCER01,-12.365358050444556,Baseload
2021-08-22,MERCER01,-21.01998412906412,Baseload
2021-08-29,MERCER01,-18.202930916192663,Baseload
2021-09-05,MERCER01,-10.275901168369716,Baseload
2021-09-12,MERCER01,-15.08686835554303,Baseload
2021-09-19,MERCER01,-26.533243373804616,Baseload
2021-09-26,MERCER01,-15.911621978721325,Baseload
2021-10-03,MERCER01,-12.061968455519786,Baseload
2021-10-10,MERCER01,-16.37870573261154,Baseload
2021-10-17,MERCER01,-15.851992100256147,Baseload
2021-10-24,MERCER01,-8.591254633544366,Baseload
2021-10-31,MERCER01,-21.811034580154235,Baseload
2021-11-07,MERCER01,-11.541508890021202,Baseload
2021-11-14,MERCER01,-22.75854187953476,Baseload
2021-11-21,MERCER01,-31.154264601313514,Baseload
2021-11-28,MERCER01,-16.949099389989733,Baseload
2021-12-05,MERCER01,0.6757683515557673,Baseload
2021-12-12,MERCER01,-10.557104604966955,Baseload
2021-12-19,MERCER01,-30.023455910767353,Baseload
2021-12-26,MERCER01,-12.187050289874936,Baseload
2022-01-02,MERCER01,-15.635639156374266,Baseload
2022-01-09,MERCER01,-6.358288263396513,Baseload
2022-01-16,MERCER01,-1.7292955031312047,Baseload
2022-01-23,MERCER01,-12.74644370870141,Baseload
2022-01-30,MERCER01,-2.8174518741013372,Baseload
2022-02-06,MERCER01,-54.015460287064705,Baseload
2022-02-13,MERCER01,-10.33293448109962,Baseload
2022-02-20,MERCER01,-10.948443611404201,Baseload
2022-02-27,MERCER01,-7.513692252422146,Baseload
2022-03-06,MERCER01,-12.939546274046364,Baseload
2022-03-13,MERCER01,-6.581226694038087,Baseload
2022-03-20,MERCER01,-8.514935680658844,Baseload
2022-03-27,MERCER01,-9.003012323857085,Baseload
2022-04-03,MERCER01,-26.529585254834792,Baseload
2022-04-10,MERCER01,-68.4214605968957,Baseload
2022-04-17,MERCER01,-23.701614468397608,Baseload
2022-04-24,MERCER01,-14.02339745513683,Baseload
2022-05-01,MERCER01,-13.78738924915055,Baseload
2022-05-08,MERCER01,-37.36391237113341,Baseload
2022-05-15,MERCER01,-76.27437199648278,Baseload
2022-05-22,MERCER01,-44.0641681958368,Baseload
2022-05-29,MERCER01,-18.071813964323724,Baseload
2022-06-05,MERCER01,-72.45481749382253,Baseload
2022-06-12,MERCER01,-32.6909352719089,Baseload
2022-06-19,MERCER01,-72.91618801550982,Baseload
2022-06-26,MERCER01,-21.942134950687716,Baseload
2022-07-03,MERCER01,-49.330798043522634,Baseload
2022-07-10,MERCER01,-47.245261911158764,Baseload
2022-07-17,MERCER01,-205.13322787653323,Baseload
2022-07-24,MERCER01,-72.7894586742317,Baseload
2022-07-31,MERCER01,-56.37588439234847,Baseload
2022-08-07,MERCER01,-33.55525969882084,Baseload
2022-08-14,MERCER01,-54.815311437926624,Baseload
2022-08-21,MERCER01,-36.28249910152894,Baseload
2022-08-28,MERCER01,-37.33890792522244,Baseload
2022-09-04,MERCER01,-30.123591924796457,Baseload
2022-09-11,MERCER01,-15.661909134827965,Baseload
2022-09-18,MERCER01,-38.30240709249739,Baseload
2022-09-25,MERCER01,-43.80836511448248,Baseload
2022-10-02,MERCER01,6.043432426002482,Baseload
2022-10-09,MERCER01,-25.38246401144444,Baseload
2022-10-16,MERCER01,-27.0543348203924,Baseload
2022-10-23,MERCER01,-23.230233583467367,Baseload
2022-10-30,MERCER01,-39.28201350494586,Baseload
2022-11-06,MERCER01,-25.215003689004575,Baseload
2022-11-13,MERCER01,-21.808548213237593,Baseload
2022-11-20,MERCER01,-8.422722967456423,Baseload
2022-11-27,MERCER01,-32.658887727654474,Baseload
2022-12-04,MERCER01,-7.801594169185535,Baseload
2022-12-11,MERCER01,-29.873578647633565,Baseload
2022-12-18,MERCER01,-1.3302964273817768,Baseload
2022-12-25,MERCER01,3.604067601400324,Baseload
2023-01-01,MERCER01,-15.419290800202322,Baseload
2023-01-08,MERCER01,1.718307227673944,Baseload
2023-01-15,MERCER01,-16.38839920606634,Baseload
2023-01-22,MERCER01,-6.027727529651067,Baseload
2023-01-29,MERCER01,-38.9516197530265,Baseload
2023-02-05,MERCER01,-28.765579606988496,Baseload
2023-02-12,MERCER01,2.7293399155607645,Baseload
2023-02-19,MERCER01,0.8582531225558938,Baseload
2023-02-26,MERCER01,-14.09449144174799,Baseload
2023-03-05,MERCER01,-16.116749403501856,Baseload
2023-03-12,MERCER01,-12.817801490619964,Baseload
2023-03-19,MERCER01,-25.523236442578998,Baseload
2023-03-26,MERCER01,-11.47119297686855,Baseload
2023-04-02,MERCER01,-27.68606222431748,Baseload
2023-04-09,MERCER01,-22.89592153626603,Baseload
2023-04-16,MERCER01,-35.79416918672321,Baseload
2023-04-23,MERCER01,-21.758538323760746,Baseload
2023-04-30,MERCER01,-52.77789578379489,Baseload
2023-05-07,MERCER01,-56.974359799447285,Baseload
2023-05-14,MERCER01,-15.321638642218687,Baseload
2023-05-21,MERCER01,-38.627367624531885,Baseload
2023-05-28,MERCER01,-34.3612877283295,Baseload
2023-06-04,MERCER01,-36.88799718251303,Baseload
2023-06-11,MERCER01,-14.481896284106629,Baseload
2023-06-18,MERCER01,-9.36373211614602,Baseload
2023-06-25,MERCER01,-56.76962985622937,Baseload
2023-07-02,MERCER01,-19.671268113903068,Baseload
2023-07-09,MERCER01,-51.41575397112314,Baseload
2023-07-16,MERCER01,-21.829839005299654,Baseload
2023-07-23,MERCER01,-23.88789397355996,Baseload
2023-07-30,MERCER01,-34.90556060572293,Baseload
2023-08-06,MERCER01,-44.92658797510438,Baseload
2023-08-13,MERCER01,-35.86825766638995,Baseload
2023-08-20,MERCER01,-54.22431378195995,Baseload
2023-08-27,MERCER01,-15.378175312415777,Baseload
2023-09-03,MERCER01,-12.36565415285773,Baseload
2023-09-10,MERCER01,-7.074321254560317,Baseload
2023-09-17,MERCER01,-12.941380943784118,Baseload
2023-09-24,MERCER01,-13.238661053709563,Baseload
2023-10-01,MERCER01,-10.861460970019802,Baseload
2023-10-08,MERCER01,-4.903957220569534,Baseload
2023-10-15,MERCER01,-13.283404606037383,Baseload
2023-10-22,MERCER01,-15.522819784173505,Baseload
2023-10-29,MERCER01,14.21537574941884,Baseload
2023-11-05,MERCER01,13.045294239928092,Baseload
2023-11-12,MERCER01,-12.64969753005974,Baseload
2023-11-19,MERCER01,13.162945339870767,Baseload
2023-11-26,MERCER01,-1.400717016290855,Baseload
2023-12-03,MERCER01,-0.13329102613882782,Baseload
2023-12-10,MERCER01,-6.337032681079457,Baseload
2023-12-17,MERCER01,18.722137716251403,Baseload
2023-12-24,MERCER01,16.404240271524607,Baseload
2023-12-31,MERCER01,14.29515844859456,Baseload
2024-01-07,MERCER01,0.7808106547096401,Baseload
2024-01-14,MERCER01,3.7556370592447372,Baseload
2024-01-21,MERCER01,18.71358359281422,Baseload
2024-01-28,MERCER01,21.8498458136754,Baseload
2024-02-04,MERCER01,15.930356102554963,Baseload
2024-02-11,MERCER01,20.775616103642168,Baseload
2024-02-18,MERCER01,-66.18245736231572,Baseload
2024-02-25,MERCER01,20.013401498098062,Baseload
2024-03-03,MERCER01,10.934071698797752,Baseload
2024-03-10,MERCER01,-5.795578839635546,Baseload
2024-03-17,MERCER01,-0.3835448214789352,Baseload
2024-03-24,MERCER01,12.647443285101232,Baseload
2024-03-31,MERCER01,13.509629962018096,Baseload
2024-04-07,MERCER01,-14.791884277764602,Baseload
2024-04-14,MERCER01,-27.63078425336031,Baseload
2024-04-21,MERCER01,-21.1112189465846,Baseload
2024-04-28,MERCER01,-12.338612050590243,Baseload
2024-05-05,MERCER01,-14.13963796217125,Baseload
2024-05-12,MERCER01,-5.176379742650283,Baseload
2024-05-19,MERCER01,-33.06612146931775,Baseload
2024-05-26,MERCER01,-5.971234412778358,Baseload
2024-06-02,MERCER01,-6.87034894573371,Baseload
2024-06-09,MERCER01,-19.508623487918072,Baseload
2024-06-16,MERCER01,-47.181297543263256,Baseload
2024-06-23,MERCER01,-29.094125669210655,Baseload
2024-06-30,MERCER01,-2.8047311307202705,Baseload
2024-07-07,MERCER01,-13.357847462322269,Baseload
2024-07-14,MERCER01,-26.755796479922054,Baseload
2024-07-21,MERCER01,-19.441600957758624,Baseload
2024-07-28,MERCER01,-7.280972402610587,Baseload
2024-08-04,MERCER01,-89.83428284716328,Baseload
2024-08-11,MERCER01,-252.50605772301634,Baseload
2024-08-18,MERCER01,-3.727372603328689,Baseload
2024-08-25,MERCER01,2.6981691314684113,Baseload
2024-09-01,MERCER01,26.52591517671947,Baseload
2024-09-08,MERCER01,14.141392265871723,Baseload
2024-09-15,MERCER01,16.02563706518119,Baseload
2024-09-22,MERCER01,9.10517540651957,Baseload
2024-09-29,MERCER01,-13.357229802934356,Baseload
2024-10-06,MERCER01,15.381216071310586,Baseload
2024-10-13,MERCER01,16.49892465398448,Baseload
2024-10-20,MERCER01,9.987871020500258,Baseload
2024-10-27,MERCER01,16.92376740173404,Baseload
2024-11-03,MERCER01,24.122278997658597,Baseload
2024-11-10,MERCER01,2.3487792782024712,Baseload
2024-11-17,MERCER01,11.63535716031162,Baseload
2024-11-24,MERCER01,-9.30300992472948,Baseload
2024-12-01,MERCER01,-20.322204610330715,Baseload
2024-12-08,MERCER01,0.9714600627708592,Baseload
2024-12-15,MERCER01,16.16420568310616,Baseload
2024-12-22,MERCER01,31.551162234948322,Baseload
2024-12-29,MERCER01,10.388564875965036,Baseload
2025-01-05,MERCER01,13.59520524193261,Baseload
2020-01-05,MTGELWF1,-4.6453610629111495,Baseload
2020-01-12,MTGELWF1,0.43633345308617777,Baseload
2020-01-19,MTGELWF1,-5.6419985224718445,Baseload
2020-01-26,MTGELWF1,-3.8440493077045303,Baseload
2020-02-02,MTGELWF1,20.27121464828417,Baseload
2020-02-09,MTGELWF1,-3.4820182985836965,Baseload
2020-02-16,MTGELWF1,0.43027796486008896,Baseload
2020-02-23,MTGELWF1,-0.19180466813820374,Baseload
2020-03-01,MTGELWF1,-1.1654863163131708,Baseload
2020-03-08,MTGELWF1,-4.515630804804701,Baseload
2020-03-15,MTGELWF1,0.05818558166669163,Baseload
2020-03-22,MTGELWF1,-1.3753859956124899,Baseload
2020-03-29,MTGELWF1,0.11427189694344264,Baseload
2020-04-05,MTGELWF1,-6.32231841262692,Baseload
2020-04-12,MTGELWF1,-9.997235872280122,Baseload
2020-04-19,MTGELWF1,-4.959510878970253,Baseload
2020-04-26,MTGELWF1,-4.218251126735375,Baseload
2020-05-03,MTGELWF1,-4.311913786455484,Baseload
2020-05-10,MTGELWF1,-4.400710828612844,Baseload
2020-05-17,MTGELWF1,-9.50384715529188,Baseload
2020-05-24,MTGELWF1,-3.005290122366688,Baseload
2020-05-31,MTGELWF1,-4.528215026605167,Baseload
2020-06-07,MTGELWF1,-9.838702046691985,Baseload
2020-06-14,MTGELWF1,-37.63122932341045,Baseload
2020-06-21,MTGELWF1,-5.716422233146634,Baseload
2020-06-28,MTGELWF1,-5.099471040135832,Baseload
2020-07-05,MTGELWF1,-0.24226660555734014,Baseload
2020-07-12,MTGELWF1,-2.423068134767149,Baseload
2020-07-19,MTGELWF1,-2.3254308165344284,Baseload
2020-07-26,MTGELWF1,3.8513494602674427,Baseload
2020-08-02,MTGELWF1,-6.919622519931366,Baseload
2020-08-09,MTGELWF1,-2.540716533256692,Baseload
2020-08-16,MTGELWF1,-2.022656319408796,Baseload
2020-08-23,MTGELWF1,-1.376456085064433,Baseload
2020-08-30,MTGELWF1,-21.27002417327848,Baseload
2020-09-06,MTGELWF1,-5.645171011380629,Baseload
2020-09-13,MTGELWF1,-0.5892012274672389,Baseload
2020-09-20,MTGELWF1,-3.072345690918084,Baseload
2020-09-27,MTGELWF1,-2.8667863149968724,Baseload
2020-10-04,MTGELWF1,1.988612687798927,Baseload
2020-10-11,MTGELWF1,-8.787471149375591,Baseload
2020-10-18,MTGELWF1,-1.8892575780357461,Baseload
2020-10-25,MTGELWF1,-14.335447870649439,Baseload
2020-11-01,MTGELWF1,-0.30213117515693,Baseload
2020-11-08,MTGELWF1,0.49263760440477,Baseload
2020-11-15,MTGELWF1,-3.0484588634701737,Baseload
2020-11-22,MTGELWF1,-3.317357731597383,Baseload
2020-11-29,MTGELWF1,-5.060610108511533,Baseload
2020-12-06,MTGELWF1,-10.995568263554972,Baseload
2020-12-13,MTGELWF1,0.5930727112697696,Baseload
2020-12-20,MTGELWF1,-2.0191127308234584,Baseload
2020-12-27,MTGELWF1,-6.311714073394704,Baseload
2021-01-03,MTGELWF1,0.48740909567879953,Baseload
2021-01-10,MTGELWF1,-4.152821777371116,Baseload
2021-01-17,MTGELWF1,-5.486347211601494,Baseload
2021-01-24,MTGELWF1,-2.0642768843319246,Baseload
2021-01-31,MTGELWF1,-1.7466986406543548,Baseload
2021-02-07,MTGELWF1,-1.8140507708755997,Baseload
2021-02-14,MTGELWF1,4.930138824539419,Baseload
2021-02-21,MTGELWF1,2.2956887907835544,Baseload
2021-02-28,MTGELWF1,-9.863504916673891,Baseload
2021-03-07,MTGELWF1,-1.6669625962967274,Baseload
2021-03-14,MTGELWF1,-3.34600730217025,Baseload
2021-03-21,MTGELWF1,-1.145388057851072,Baseload
2021-03-28,MTGELWF1,-1.6973902476526206,Baseload
2021-04-04,MTGELWF1,-11.271511681421238,Baseload
2021-04-11,MTGELWF1,-8.094699727448818,Baseload
2021-04-18,MTGELWF1,-12.065305316123865,Baseload
2021-04-25,MTGELWF1,-8.506783019661668,Baseload
2021-05-02,MTGELWF1,-38.11617152284478,Baseload
2021-05-09,MTGELWF1,-13.806840522633273,Baseload
2021-05-16,MTGELWF1,-16.782925831842462,Baseload
2021-05-23,MTGELWF1,-48.43765962900302,Baseload
2021-05-30,MTGELWF1,-19.8715556168708,Baseload
2021-06-06,MTGELWF1,-10.811952773318772,Baseload
2021-06-13,MTGELWF1,-12.40866457971805,Baseload
2021-06-20,MTGELWF1,-16.949077147433968,Baseload
2021-06-27,MTGELWF1,-26.535516302235322,Baseload
2021-07-04,MTGELWF1,-5.821861954116514,Baseload
2021-07-11,MTGELWF1,-29.821678225899404,Baseload
2021-07-18,MTGELWF1,-5.039497816010446,Baseload
2021-07-25,MTGELWF1,-15.747255021046769,Baseload
2021-08-01,MTGELWF1,0.44225662685614253,Baseload
2021-08-08,MTGELWF1,-8.611364002846315,Baseload
2021-08-15,MTGELWF1,-1.053434840651704,Baseload
2021-08-22,MTGELWF1,-8.85812507239607,Baseload
2021-08-29,MTGELWF1,-7.1025091692839695,Baseload
2021-09-05,MTGELWF1,-5.626832138249,Baseload
2021-09-12,MTGELWF1,0.7782533699556211,Baseload
2021-09-19,MTGELWF1,-13.134776481793738,Baseload
2021-09-26,MTGELWF1,2.6890948903256593,Baseload
2021-10-03,MTGELWF1,7.862901859034054,Baseload
2021-10-10,MTGELWF1,-0.8588916893315997,Baseload
2021-10-17,MTGELWF1,-10.687832968469246,Baseload
2021-10-24,MTGELWF1,-1.5656501021263551,Baseload
2021-10-31,MTGELWF1,-6.548204947832598,Baseload
2021-11-07,MTGELWF1,1.2913702306641142,Baseload
2021-11-14,MTGELWF1,-9.858589924495732,Baseload
2021-11-21,MTGELWF1,-9.77104407659667,Baseload
2021-11-28,MTGELWF1,-5.672234194700831,Baseload
2021-12-05,MTGELWF1,6.71759719215347,Baseload
2021-12-12,MTGELWF1,-5.613336795593504,Baseload
2021-12-19,MTGELWF1,-8.542153125328177,Baseload
2021-12-26,MTGELWF1,2.2982258202688186,Baseload
2022-01-02,MTGELWF1,-3.2708721672095145,Baseload
2022-01-09,MTGELWF1,-1.5955470182282383,Baseload
2022-01-16,MTGELWF1,-4.987246555505827,Baseload
2022-01-23,MTGELWF1,4.6660048919381225,Baseload
2022-01-30,MTGELWF1,3.7140143754784702,Baseload
2022-02-06,MTGELWF1,-3.023253830025837,Baseload
2022-02-13,MTGELWF1,-3.823451222128405,Baseload
2022-02-20,MTGELWF1,-19.293138936058114,Baseload
2022-02-27,MTGELWF1,-9.440025889958612,Baseload
2022-03-06,MTGELWF1,-3.5790622951817426,Baseload
2022-03-13,MTGELWF1,-5.513174844966571,Baseload
2022-03-20,MTGELWF1,-2.5916428379469068,Baseload
2022-03-27,MTGELWF1,-1.1193364678907471,Baseload
2022-04-03,MTGELWF1,-29.630793227195113,Baseload
2022-04-10,MTGELWF1,-23.512988713798904,Baseload
2022-04-17,MTGELWF1,-20.915406048011306,Baseload
2022-04-24,MTGELWF1,-2.4545232080237156,Baseload
2022-05-01,MTGELWF1,-8.242554787516326,Baseload
2022-05-08,MTGELWF1,-34.48202818410638,Baseload
2022-05-15,MTGELWF1,-66.22777658824424,Baseload
2022-05-22,MTGELWF1,-30.41731277172292,Baseload
2022-05-29,MTGELWF1,-15.875716187147873,Baseload
2022-06-05,MTGELWF1,-48.03280571810376,Baseload
2022-06-12,MTGELWF1,-14.596446885491162,Baseload
2022-06-19,MTGELWF1,-59.322910793787116,Baseload
2022-06-26,MTGELWF1,-11.459621132668303,Baseload
2022-07-03,MTGELWF1,-25.2291333746561,Baseload
2022-07-10,MTGELWF1,-27.09438643932566,Baseload
2022-07-17,MTGELWF1,-174.2861933796329,Baseload
2022-07-24,MTGELWF1,-15.830455565512352,Baseload
2022-07-31,MTGELWF1,-44.1271589496304,Baseload
2022-08-07,MTGELWF1,-41.69412672058226,Baseload
2022-08-14,MTGELWF1,-45.87980769914371,Baseload
2022-08-21,MTGELWF1,-33.98015111816969,Baseload
2022-08-28,MTGELWF1,-20.830826202519518,Baseload
2022-09-04,MTGELWF1,-21.005872512988162,Baseload
2022-09-11,MTGELWF1,1.432181144672171,Baseload
2022-09-18,MTGELWF1,-28.266565376958837,Baseload
2022-09-25,MTGELWF1,-31.56845561966135,Baseload
2022-10-02,MTGELWF1,-9.91035493739156,Baseload
2022-10-09,MTGELWF1,-21.82176854416211,Baseload
2022-10-16,MTGELWF1,-28.193211331711765,Baseload
2022-10-23,MTGELWF1,-9.766090355786233,Baseload
2022-10-30,MTGELWF1,-28.733922085727038,Baseload
2022-11-06,MTGELWF1,-31.663020389739373,Baseload
2022-11-13,MTGELWF1,-14.760656790941887,Baseload
2022-11-20,MTGELWF1,-31.17379210032275,Baseload
2022-11-27,MTGELWF1,-21.7884729937147,Baseload
2022-12-04,MTGELWF1,-2.523098949271869,Baseload
2022-12-11,MTGELWF1,-13.552116983747787,Baseload
2022-12-18,MTGELWF1,7.157163833417531,Baseload
2022-12-25,MTGELWF1,8.064464391939026,Baseload
2023-01-01,MTGELWF1,2.4528274685970572,Baseload
2023-01-08,MTGELWF1,6.095186779841869,Baseload
2023-01-15,MTGELWF1,-11.470274215332928,Baseload
2023-01-22,MTGELWF1,0.3570498252248768,Baseload
2023-01-29,MTGELWF1,0.021690757215068857,Baseload
2023-02-05,MTGELWF1,-32.52541231032616,Baseload
2023-02-12,MTGELWF1,1.6173629359916006,Baseload
2023-02-19,MTGELWF1,3.795012802338462,Baseload
2023-02-26,MTGELWF1,-7.683959089788516,Baseload
2023-03-05,MTGELWF1,-20.7815745362077,Baseload
2023-03-12,MTGELWF1,-12.08863668299847,Baseload
2023-03-19,MTGELWF1,-18.55838541341457,Baseload
2023-03-26,MTGELWF1,-7.058780112018937,Baseload
2023-04-02,MTGELWF1,-27.20525610673414,Baseload
2023-04-09,MTGELWF1,-33.36691733084498,Baseload
2023-04-16,MTGELWF1,-16.375868180091622,Baseload
2023-04-23,MTGELWF1,-22.542779522212086,Baseload
2023-04-30,MTGELWF1,-47.037199203722835,Baseload
2023-05-07,MTGELWF1,-52.32456275685841,Baseload
2023-05-14,MTGELWF1,-22.51330396784016,Baseload
2023-05-21,MTGELWF1,-41.94429660071526,Baseload
2023-05-28,MTGELWF1,-17.086326755026846,Baseload
2023-06-04,MTGELWF1,-38.50323713219825,Baseload
2023-06-11,MTGELWF1,-6.3585529206525635,Baseload
2023-06-18,MTGELWF1,-4.399045365934262,Baseload
2023-06-25,MTGELWF1,-55.7328077073299,Baseload
2023-07-02,MTGELWF1,-15.130043550318504,Baseload
2023-07-09,MTGELWF1,-48.64462450645641,Baseload
2023-07-16,MTGELWF1,-10.730895648857214,Baseload
2023-07-23,MTGELWF1,-13.877472474244264,Baseload
2023-07-30,MTGELWF1,-37.74726448607119,Baseload
2023-08-06,MTGELWF1,-40.115577942044624,Baseload
2023-08-13,MTGELWF1,-26.724994868515545,Baseload
2023-08-20,MTGELWF1,-60.51550302245235,Baseload
2023-08-27,MTGELWF1,-14.304641984721904,Baseload
2023-09-03,MTGELWF1,-7.857347157855038,Baseload
2023-09-10,MTGELWF1,-7.419286839865107,Baseload
2023-09-17,MTGELWF1,-22.88412525318889,Baseload
2023-09-24,MTGELWF1,-15.483450530695857,Baseload
2023-10-01,MTGELWF1,-16.64681398648446,Baseload
2023-10-08,MTGELWF1,-4.23592859447777,Baseload
2023-10-15,MTGELWF1,-11.511327900810054,Baseload
2023-10-22,MTGELWF1,-19.365286468079027,Baseload
2023-10-29,MTGELWF1,9.31082686519243,Baseload
2023-11-05,MTGELWF1,3.1425140335364556,Baseload
2023-11-12,MTGELWF1,-3.9184613386849243,Baseload
2023-11-19,MTGELWF1,32.08253224460663,Baseload
2023-11-26,MTGELWF1,-0.2065402697207901,Baseload
2023-12-03,MTGELWF1,-2.4076578646525384,Baseload
2023-12-10,MTGELWF1,-3.175678044001536,Baseload
2023-12-17,MTGELWF1,-2.1199620891428808,Baseload
2023-12-24,MTGELWF1,0.014781333817871278,Baseload
2023-12-31,MTGELWF1,-4.902166677095327,Baseload
2024-01-07,MTGELWF1,-1.1849044094790315,Baseload
2024-01-14,MTGELWF1,1.3932062160408982,Baseload
2024-01-21,MTGELWF1,7.7452637365483525,Baseload
2024-01-28,MTGELWF1,23.817467161716504,Baseload
2024-02-04,MTGELWF1,-17.93887487848706,Baseload
2024-02-11,MTGELWF1,3.6611472987503646,Baseload
2024-02-18,MTGELWF1,574.3655847439759,Baseload
2024-02-25,MTGELWF1,22.375213659956188,Baseload
2024-03-03,MTGELWF1,18.865712166630516,Baseload
2024-03-10,MTGELWF1,-16.507757112876213,Baseload
2024-03-17,MTGELWF1,-4.467124772549084,Baseload
2024-03-24,MTGELWF1,1.3411151309505698,Baseload
2024-03-31,MTGELWF1,-2.5803356665519175,Baseload
2024-04-07,MTGELWF1,-9.214133334135482,Baseload
2024-04-14,MTGELWF1,-30.63334241333375,Baseload
2024-04-21,MTGELWF1,-20.828775231363238,Baseload
2024-04-28,MTGELWF1,-33.310534134656635,Baseload
2024-05-05,MTGELWF1,-12.737490665904033,Baseload
2024-05-12,MTGELWF1,-10.361625038888974,Baseload
2024-05-19,MTGELWF1,-31.931658867370032,Baseload
2024-05-26,MTGELWF1,-7.561806937576222,Baseload
2024-06-02,MTGELWF1,-40.88543167556917,Baseload
2024-06-09,MTGELWF1,-12.07235955680926,Baseload
2024-06-16,MTGELWF1,-52.20044849484947,Baseload
2024-06-23,MTGELWF1,-27.740910620029098,Baseload
2024-06-30,MTGELWF1,-8.158300797912858,Baseload
2024-07-07,MTGELWF1,-18.318126279337463,Baseload
2024-07-14,MTGELWF1,-13.089207715484463,Baseload
2024-07-21,MTGELWF1,-20.307249008136523,Baseload
2024-07-28,MTGELWF1,-13.96053536943429,Baseload
2024-08-04,MTGELWF1,22.460318813714963,Baseload
2024-08-11,MTGELWF1,-280.4121165217188,Baseload
2024-08-18,MTGELWF1,-10.83665117840971,Baseload
2024-08-25,MTGELWF1,-2.1650947682942245,Baseload
2024-09-01,MTGELWF1,1.4993331214885544,Baseload
2024-09-08,MTGELWF1,-5.6259239562781795,Baseload
2024-09-15,MTGELWF1,-2.2521040419019656,Baseload
2024-09-22,MTGELWF1,-4.8005742972855385,Baseload
2024-09-29,MTGELWF1,-25.939683513119043,Baseload
2024-10-06,MTGELWF1,-10.884765407239477,Baseload
2024-10-13,MTGELWF1,-5.336389448096623,Baseload
2024-10-20,MTGELWF1,-4.375653594013048,Baseload
2024-10-27,MTGELWF1,-6.795980412144779,Baseload
2024-11-03,MTGELWF1,7.038080884078356,Baseload
2024-11-10,MTGELWF1,-13.118402129151264,Baseload
2024-11-17,MTGELWF1,-3.8278257711805495,Baseload
2024-11-24,MTGELWF1,-14.282926569056563,Baseload
2024-12-01,MTGELWF1,-7.76641265091024,Baseload
2024-12-08,MTGELWF1,-5.566128464552861,Baseload
2024-12-15,MTGELWF1,-6.366625598814892,Baseload
2024-12-22,MTGELWF1,35.93067734878234,Baseload
2024-12-29,MTGELWF1,1.4157062875168887,Baseload
2025-01-05,MTGELWF1,-8.78417827451068,Baseload
2020-01-05,MUWAWF1,4.160502965640127,Baseload
2020-01-12,MUWAWF1,-6.176379664874872,Baseload
2020-01-19,MUWAWF1,-4.793352037517444,Baseload
2020-01-26,MUWAWF1,5.330953594511747,Baseload
2020-02-02,MUWAWF1,-266.50783142105115,Baseload
2020-02-09,MUWAWF1,-1.6793664090548823,Baseload
2020-02-16,MUWAWF1,-6.040249824385896,Baseload
2020-02-23,MUWAWF1,-0.34406304083601924,Baseload
2020-03-01,MUWAWF1,-2.4098531275902104,Baseload
2020-03-08,MUWAWF1,-3.9162222386670393,Baseload
2020-03-15,MUWAWF1,-1.672676310356671,Baseload
2020-03-22,MUWAWF1,-2.7917306728878586,Baseload
2020-03-29,MUWAWF1,-1.4183643249054327,Baseload
2020-04-05,MUWAWF1,-6.399556216408122,Baseload
2020-04-12,MUWAWF1,-6.5023913159758,Baseload
2020-04-19,MUWAWF1,-5.976916711639721,Baseload
2020-04-26,MUWAWF1,-0.20318690739028966,Baseload
2020-05-03,MUWAWF1,-1.987464999343338,Baseload
2020-05-10,MUWAWF1,-1.4942363996881518,Baseload
2020-05-17,MUWAWF1,-9.61416983851985,Baseload
2020-05-24,MUWAWF1,-4.94965327178312,Baseload
2020-05-31,MUWAWF1,-9.846912163958528,Baseload
2020-06-07,MUWAWF1,-10.542012355973768,Baseload
2020-06-14,MUWAWF1,-30.33323651823033,Baseload
2020-06-21,MUWAWF1,-6.881128388620862,Baseload
2020-06-28,MUWAWF1,-6.697163748796697,Baseload
2020-07-05,MUWAWF1,-1.1172827320929954,Baseload
2020-07-12,MUWAWF1,-7.524368713711439,Baseload
2020-07-19,MUWAWF1,-10.41741852283947,Baseload
2020-07-26,MUWAWF1,-12.638049421428526,Baseload
2020-08-02,MUWAWF1,-5.34945161369874,Baseload
2020-08-09,MUWAWF1,-4.009372948476134,Baseload
2020-08-16,MUWAWF1,-5.963664890531703,Baseload
2020-08-23,MUWAWF1,-1.8659937365810109,Baseload
2020-08-30,MUWAWF1,-14.786164616302713,Baseload
2020-09-06,MUWAWF1,-2.3921134745721844,Baseload
2020-09-13,MUWAWF1,-1.5885180532724377,Baseload
2020-09-20,MUWAWF1,-2.6121877851114057,Baseload
2020-09-27,MUWAWF1,-2.388844488162974,Baseload
2020-10-04,MUWAWF1,7.883525403891515,Baseload
2020-10-11,MUWAWF1,-10.481960511614247,Baseload
2020-10-18,MUWAWF1,-1.2682343621309187,Baseload
2020-10-25,MUWAWF1,-11.360421786277747,Baseload
2020-11-01,MUWAWF1,-1.106289762065721,Baseload
2020-11-08,MUWAWF1,2.377384543486883,Baseload
2020-11-15,MUWAWF1,-3.2489674379963915,Baseload
2020-11-22,MUWAWF1,-5.135554433526828,Baseload
2020-11-29,MUWAWF1,0.8503021633239172,Baseload
2020-12-06,MUWAWF1,0.7459928497041304,Baseload
2020-12-13,MUWAWF1,4.391590008924393,Baseload
2020-12-20,MUWAWF1,1.5860335431667494,Baseload
2020-12-27,MUWAWF1,1.0424217503765618,Baseload
2021-01-03,MUWAWF1,5.216222804147215,Baseload
2021-01-10,MUWAWF1,1.1490024530723133,Baseload
2021-01-17,MUWAWF1,11.265800416517909,Baseload
2021-01-24,MUWAWF1,-1.283264945491993,Baseload
2021-01-31,MUWAWF1,8.256060173962737,Baseload
2021-02-07,MUWAWF1,2.5426635545266727,Baseload
2021-02-14,MUWAWF1,4.072546090821877,Baseload
2021-02-21,MUWAWF1,-3.929436850933186,Baseload
2021-02-28,MUWAWF1,0.8474026000491364,Baseload
2021-03-07,MUWAWF1,0.7212666933896976,Baseload
2021-03-14,MUWAWF1,-0.9496546211787518,Baseload
2021-03-21,MUWAWF1,0.07056652524904905,Baseload
2021-03-28,MUWAWF1,-4.819406999176202,Baseload
2021-04-04,MUWAWF1,-2.3383137043092397,Baseload
2021-04-11,MUWAWF1,2.5846015398601665,Baseload
2021-04-18,MUWAWF1,-8.070987663880551,Baseload
2021-04-25,MUWAWF1,-12.448474969917058,Baseload
2021-05-02,MUWAWF1,-24.88223375718573,Baseload
2021-05-09,MUWAWF1,-7.793206219980078,Baseload
2021-05-16,MUWAWF1,-16.01592063377143,Baseload
2021-05-23,MUWAWF1,-94.77444245990611,Baseload
2021-05-30,MUWAWF1,-13.335775003584935,Baseload
2021-06-06,MUWAWF1,-8.899348762442443,Baseload
2021-06-13,MUWAWF1,-13.653130564532589,Baseload
2021-06-20,MUWAWF1,-12.315421682278156,Baseload
2021-06-27,MUWAWF1,-22.778406676145508,Baseload
2021-07-04,MUWAWF1,-8.24538479014329,Baseload
2021-07-11,MUWAWF1,-59.91454414956368,Baseload
2021-07-18,MUWAWF1,-5.5867540984202435,Baseload
2021-07-25,MUWAWF1,-20.780178897997303,Baseload
2021-08-01,MUWAWF1,10.58685614337665,Baseload
2021-08-08,MUWAWF1,-4.911768357976769,Baseload
2021-08-15,MUWAWF1,-4.079294731755539,Baseload
2021-08-22,MUWAWF1,-5.410055093197414,Baseload
2021-08-29,MUWAWF1,1.832502100425728,Baseload
2021-09-05,MUWAWF1,17.178410539469137,Baseload
2021-09-12,MUWAWF1,20.82331817308881,Baseload
2021-09-19,MUWAWF1,13.099624983682425,Baseload
2021-09-26,MUWAWF1,26.74863789835442,Baseload
2021-10-03,MUWAWF1,1.0531243498714673,Baseload
2021-10-10,MUWAWF1,16.215320700369183,Baseload
2021-10-17,MUWAWF1,0.4604459302337176,Baseload
2021-10-24,MUWAWF1,10.241955615420057,Baseload
2021-10-31,MUWAWF1,10.199677347213143,Baseload
2021-11-07,MUWAWF1,1.5494416024322888,Baseload
2021-11-14,MUWAWF1,3.3103393231427347,Baseload
2021-11-21,MUWAWF1,3.859362389711791,Baseload
2021-11-28,MUWAWF1,6.192850300240224,Baseload
2021-12-05,MUWAWF1,1.0245708956347883,Baseload
2021-12-12,MUWAWF1,11.27162398345778,Baseload
2021-12-19,MUWAWF1,4.112092596160963,Baseload
2021-12-26,MUWAWF1,29.029682574127698,Baseload
2022-01-02,MUWAWF1,11.016259785846877,Baseload
2022-01-09,MUWAWF1,6.839025016920051,Baseload
2022-01-16,MUWAWF1,0.7263301038759025,Baseload
2022-01-23,MUWAWF1,11.046493023146489,Baseload
2022-01-30,MUWAWF1,-3.31325158079504,Baseload
2022-02-06,MUWAWF1,-11.321878479139357,Baseload
2022-02-13,MUWAWF1,7.747243170980909,Baseload
2022-02-20,MUWAWF1,2.931027373572107,Baseload
2022-02-27,MUWAWF1,13.032484329188982,Baseload
2022-03-06,MUWAWF1,-3.4153720992739665,Baseload
2022-03-13,MUWAWF1,15.15722965716364,Baseload
2022-03-20,MUWAWF1,0.7784535917772502,Baseload
2022-03-27,MUWAWF1,8.569553438708823,Baseload
2022-04-03,MUWAWF1,8.125403737917054,Baseload
2022-04-10,MUWAWF1,-20.139339483629044,Baseload
2022-04-17,MUWAWF1,10.646429211793986,Baseload
2022-04-24,MUWAWF1,-7.622713843301881,Baseload
2022-05-01,MUWAWF1,0.09037159502923942,Baseload
2022-05-08,MUWAWF1,-32.11476288887434,Baseload
2022-05-15,MUWAWF1,-29.959883820817538,Baseload
2022-05-22,MUWAWF1,-11.114900923806232,Baseload
2022-05-29,MUWAWF1,-16.558963819733037,Baseload
2022-06-05,MUWAWF1,-66.28683696350765,Baseload
2022-06-12,MUWAWF1,-16.604027382556694,Baseload
2022-06-19,MUWAWF1,-52.73647653371384,Baseload
2022-06-26,MUWAWF1,6.905954534896523,Baseload
2022-07-03,MUWAWF1,-55.228881770290116,Baseload
2022-07-10,MUWAWF1,-31.20981748967847,Baseload
2022-07-17,MUWAWF1,-64.35504676810098,Baseload
2022-07-24,MUWAWF1,-16.244153144864185,Baseload
2022-07-31,MUWAWF1,-45.21393795642666,Baseload
2022-08-07,MUWAWF1,-3.759735435581838,Baseload
2022-08-14,MUWAWF1,-36.054546471990335,Baseload
2022-08-21,MUWAWF1,-20.299304011478554,Baseload
2022-08-28,MUWAWF1,-22.48309273214595,Baseload
2022-09-04,MUWAWF1,-3.0989056399063344,Baseload
2022-09-11,MUWAWF1,0.30832046600968965,Baseload
2022-09-18,MUWAWF1,-3.820922119531403,Baseload
2022-09-25,MUWAWF1,-13.246575064090578,Baseload
2022-10-02,MUWAWF1,8.669750843169822,Baseload
2022-10-09,MUWAWF1,-0.5128570145840285,Baseload
2022-10-16,MUWAWF1,4.666570508778008,Baseload
2022-10-23,MUWAWF1,-7.377555152643708,Baseload
2022-10-30,MUWAWF1,-22.89813686689356,Baseload
2022-11-06,MUWAWF1,-20.182687386424004,Baseload
2022-11-13,MUWAWF1,-12.518027717027536,Baseload
2022-11-20,MUWAWF1,9.211754607871946,Baseload
2022-11-27,MUWAWF1,-12.534167322414795,Baseload
2022-12-04,MUWAWF1,19.850436031042193,Baseload
2022-12-11,MUWAWF1,12.467172156559464,Baseload
2022-12-18,MUWAWF1,26.870079131084402,Baseload
2022-12-25,MUWAWF1,14.697624367786183,Baseload
2023-01-01,MUWAWF1,16.008093291371843,Baseload
2023-01-08,MUWAWF1,8.795153449393947,Baseload
2023-01-15,MUWAWF1,8.93664737887238,Baseload
2023-01-22,MUWAWF1,20.577491475914464,Baseload
2023-01-29,MUWAWF1,15.360110963352483,Baseload
2023-02-05,MUWAWF1,40.41251194089691,Baseload
2023-02-12,MUWAWF1,31.618269856827958,Baseload
2023-02-19,MUWAWF1,7.494652702683609,Baseload
2023-02-26,MUWAWF1,17.284250809388908,Baseload
2023-03-05,MUWAWF1,19.56242225342708,Baseload
2023-03-12,MUWAWF1,33.86233394574061,Baseload
2023-03-19,MUWAWF1,9.19944372165525,Baseload
2023-03-26,MUWAWF1,-3.9472577431444336,Baseload
2023-04-02,MUWAWF1,-4.081311548582917,Baseload
2023-04-09,MUWAWF1,-5.725815519880939,Baseload
2023-04-16,MUWAWF1,-0.17711245321788738,Baseload
2023-04-23,MUWAWF1,-4.243369190840326,Baseload
2023-04-30,MUWAWF1,-31.091103691466117,Baseload
2023-05-07,MUWAWF1,3.4902708060897965,Baseload
2023-05-14,MUWAWF1,-14.620189642529624,Baseload
2023-05-21,MUWAWF1,6.705038658054917,Baseload
2023-05-28,MUWAWF1,-25.92616470412767,Baseload
2023-06-04,MUWAWF1,-14.753036138219414,Baseload
2023-06-11,MUWAWF1,-6.960822879556893,Baseload
2023-06-18,MUWAWF1,9.42488114083626,Baseload
2023-06-25,MUWAWF1,-24.69360203299955,Baseload
2023-07-02,MUWAWF1,-9.91934424676019,Baseload
2023-07-09,MUWAWF1,-30.19853158479023,Baseload
2023-07-16,MUWAWF1,-9.917271999078924,Baseload
2023-07-23,MUWAWF1,-12.107043398214557,Baseload
2023-07-30,MUWAWF1,-24.916326081039827,Baseload
2023-08-06,MUWAWF1,-32.223700940628405,Baseload
2023-08-13,MUWAWF1,-15.753109088713984,Baseload
2023-08-20,MUWAWF1,-44.029901214382484,Baseload
2023-08-27,MUWAWF1,2.4159487729569875,Baseload
2023-09-03,MUWAWF1,-2.3887149345996477,Baseload
2023-09-10,MUWAWF1,12.610862071610605,Baseload
2023-09-17,MUWAWF1,6.8485195972192265,Baseload
2023-09-24,MUWAWF1,18.847037818119535,Baseload
2023-10-01,MUWAWF1,30.07810285871212,Baseload
2023-10-08,MUWAWF1,7.166495753454861,Baseload
2023-10-15,MUWAWF1,6.5873585359117826,Baseload
2023-10-22,MUWAWF1,4.099685105317064,Baseload
2023-10-29,MUWAWF1,30.661102294052597,Baseload
2023-11-05,MUWAWF1,33.30745664234717,Baseload
2023-11-12,MUWAWF1,17.765379967085252,Baseload
2023-11-19,MUWAWF1,48.51120696355661,Baseload
2023-11-26,MUWAWF1,15.717046599783018,Baseload
2023-12-03,MUWAWF1,12.270414087931751,Baseload
2023-12-10,MUWAWF1,2.09957257981052,Baseload
2023-12-17,MUWAWF1,22.37006097489887,Baseload
2023-12-24,MUWAWF1,29.90733575079648,Baseload
2023-12-31,MUWAWF1,44.86366253211381,Baseload
2024-01-07,MUWAWF1,8.999311075797166,Baseload
2024-01-14,MUWAWF1,9.098492975507401,Baseload
2024-01-21,MUWAWF1,18.269246424158556,Baseload
2024-01-28,MUWAWF1,29.303131533674705,Baseload
2024-02-04,MUWAWF1,32.54136651973374,Baseload
2024-02-11,MUWAWF1,26.242506270739863,Baseload
2024-02-18,MUWAWF1,-110.21998421396799,Baseload
2024-02-25,MUWAWF1,22.733252717911085,Baseload
2024-03-03,MUWAWF1,19.18445075797507,Baseload
2024-03-10,MUWAWF1,4.709447123652055,Baseload
2024-03-17,MUWAWF1,3.7173028486283926,Baseload
2024-03-24,MUWAWF1,17.031923518027803,Baseload
2024-03-31,MUWAWF1,17.508960488269608,Baseload
2024-04-07,MUWAWF1,3.1751370455252967,Baseload
2024-04-14,MUWAWF1,-5.834527356412224,Baseload
2024-04-21,MUWAWF1,-3.1547896499806853,Baseload
2024-04-28,MUWAWF1,4.457623183346513,Baseload
2024-05-05,MUWAWF1,6.212677625034601,Baseload
2024-05-12,MUWAWF1,-1.1055379721727832,Baseload
2024-05-19,MUWAWF1,-21.158724415042045,Baseload
2024-05-26,MUWAWF1,-6.030288156251828,Baseload
2024-06-02,MUWAWF1,-11.928047479677986,Baseload
2024-06-09,MUWAWF1,-23.879176101287584,Baseload
2024-06-16,MUWAWF1,-30.337786786766173,Baseload
2024-06-23,MUWAWF1,2.650471606706958,Baseload
2024-06-30,MUWAWF1,-11.430605010300624,Baseload
2024-07-07,MUWAWF1,-22.300494681403762,Baseload
2024-07-14,MUWAWF1,-29.117472003829903,Baseload
2024-07-21,MUWAWF1,-9.273260542979855,Baseload
2024-07-28,MUWAWF1,-4.221278294165089,Baseload
2024-08-04,MUWAWF1,-93.58687402121728,Baseload
2024-08-11,MUWAWF1,-324.0570909637361,Baseload
2024-08-18,MUWAWF1,8.67252172315753,Baseload
2024-08-25,MUWAWF1,13.138137411943276,Baseload
2024-09-01,MUWAWF1,26.518126605660377,Baseload
2024-09-08,MUWAWF1,13.667397006516097,Baseload
2024-09-15,MUWAWF1,13.951905061229755,Baseload
2024-09-22,MUWAWF1,14.268184504585927,Baseload
2024-09-29,MUWAWF1,-1.7615174969845597,Baseload
2024-10-06,MUWAWF1,19.31339692920623,Baseload
2024-10-13,MUWAWF1,23.73006424685559,Baseload
2024-10-20,MUWAWF1,19.78641109045354,Baseload
2024-10-27,MUWAWF1,36.9258245121271,Baseload
2024-11-03,MUWAWF1,42.822843631125295,Baseload
2024-11-10,MUWAWF1,33.87165179569071,Baseload
2024-11-17,MUWAWF1,43.984966598004355,Baseload
2024-11-24,MUWAWF1,20.299320340469293,Baseload
2024-12-01,MUWAWF1,9.715432957506508,Baseload
2024-12-08,MUWAWF1,25.283700139552877,Baseload
2024-12-15,MUWAWF1,50.00671475684865,Baseload
2024-12-22,MUWAWF1,41.38578903565754,Baseload
2024-12-29,MUWAWF1,39.72451694663475,Baseload
2025-01-05,MUWAWF1,47.07590489576399,Baseload
2020-01-05,OAKLAND1,-10.682396331447428,Baseload
2020-01-12,OAKLAND1,-7.371953278741074,Baseload
2020-01-19,OAKLAND1,-9.41396704745926,Baseload
2020-01-26,OAKLAND1,-13.897793614293402,Baseload
2020-02-02,OAKLAND1,98.98766216037416,Baseload
2020-02-09,OAKLAND1,-3.0857556660839904,Baseload
2020-02-16,OAKLAND1,-1.6076455581967721,Baseload
2020-02-23,OAKLAND1,0.4285801561947977,Baseload
2020-03-01,OAKLAND1,-4.925818084003616,Baseload
2020-03-08,OAKLAND1,-7.573733559074789,Baseload
2020-03-15,OAKLAND1,-2.0230445686979124,Baseload
2020-03-22,OAKLAND1,-5.499006122119496,Baseload
2020-03-29,OAKLAND1,-1.7588024926607844,Baseload
2020-04-05,OAKLAND1,-14.46808172738249,Baseload
2020-04-12,OAKLAND1,-17.150877110554866,Baseload
2020-04-19,OAKLAND1,-8.359438687679244,Baseload
2020-04-26,OAKLAND1,-6.534167885033984,Baseload
2020-05-03,OAKLAND1,-5.809718856698865,Baseload
2020-05-10,OAKLAND1,-7.206979864795834,Baseload
2020-05-17,OAKLAND1,-13.743293130008258,Baseload
2020-05-24,OAKLAND1,-4.067138575419072,Baseload
2020-05-31,OAKLAND1,-6.326261163877554,Baseload
2020-06-07,OAKLAND1,-9.142428239288563,Baseload
2020-06-14,OAKLAND1,-34.16419298092266,Baseload
2020-06-21,OAKLAND1,-7.0408017699154435,Baseload
2020-06-28,OAKLAND1,-9.30923159239174,Baseload
2020-07-05,OAKLAND1,-2.9816458153137617,Baseload
2020-07-12,OAKLAND1,-12.087976156741746,Baseload
2020-07-19,OAKLAND1,-14.457621846375268,Baseload
2020-07-26,OAKLAND1,-22.76983310858357,Baseload
2020-08-02,OAKLAND1,-2.3111809100313394,Baseload
2020-08-09,OAKLAND1,-2.2597554387114656,Baseload
2020-08-16,OAKLAND1,-4.92218827567838,Baseload
2020-08-23,OAKLAND1,1.238620980540226,Baseload
2020-08-30,OAKLAND1,-30.456605657819324,Baseload
2020-09-06,OAKLAND1,-6.02310995956903,Baseload
2020-09-13,OAKLAND1,-4.357605308974897,Baseload
2020-09-20,OAKLAND1,-6.596520528837001,Baseload
2020-09-27,OAKLAND1,-5.3200803741579605,Baseload
2020-10-04,OAKLAND1,-11.18255310847567,Baseload
2020-10-11,OAKLAND1,-20.341742440621474,Baseload
2020-10-18,OAKLAND1,-5.538826684821657,Baseload
2020-10-25,OAKLAND1,-20.181604002520064,Baseload
2020-11-01,OAKLAND1,-4.5571128048917515,Baseload
2020-11-08,OAKLAND1,-1.9226742709527116,Baseload
2020-11-15,OAKLAND1,-10.216494181167722,Baseload
2020-11-22,OAKLAND1,-10.465532386581174,Baseload
2020-11-29,OAKLAND1,-15.381087313244226,Baseload
2020-12-06,OAKLAND1,-22.525430888754265,Baseload
2020-12-13,OAKLAND1,-7.773806399258142,Baseload
2020-12-20,OAKLAND1,-8.055836892689285,Baseload
2020-12-27,OAKLAND1,-12.224258942517883,Baseload
2021-01-03,OAKLAND1,0.7799593375502027,Baseload
2021-01-10,OAKLAND1,-8.478410668333938,Baseload
2021-01-17,OAKLAND1,-5.9826248081960465,Baseload
2021-01-24,OAKLAND1,-3.599803822602663,Baseload
2021-01-31,OAKLAND1,-2.2313323786072594,Baseload
2021-02-07,OAKLAND1,-3.4912729161420106,Baseload
2021-02-14,OAKLAND1,-1.4942271423752835,Baseload
2021-02-21,OAKLAND1,-4.885718701579972,Baseload
2021-02-28,OAKLAND1,-7.041894251574501,Baseload
2021-03-07,OAKLAND1,-4.761141525831334,Baseload
2021-03-14,OAKLAND1,-0.7532803384197102,Baseload
2021-03-21,OAKLAND1,-0.08869245412530447,Baseload
2021-03-28,OAKLAND1,-6.057921085268475,Baseload
2021-04-04,OAKLAND1,-9.833716857937713,Baseload
2021-04-11,OAKLAND1,-17.745364339208386,Baseload
2021-04-18,OAKLAND1,-23.564869248444232,Baseload
2021-04-25,OAKLAND1,-17.751294191553697,Baseload
2021-05-02,OAKLAND1,-42.97805242337765,Baseload
2021-05-09,OAKLAND1,-12.880674751175981,Baseload
2021-05-16,OAKLAND1,-17.747540767670415,Baseload
2021-05-23,OAKLAND1,-79.22545860310781,Baseload
2021-05-30,OAKLAND1,-29.058410839269392,Baseload
2021-06-06,OAKLAND1,-15.722981173890119,Baseload
2021-06-13,OAKLAND1,-24.443027387746326,Baseload
2021-06-20,OAKLAND1,-9.960704429398419,Baseload
2021-06-27,OAKLAND1,-24.771180967836514,Baseload
2021-07-04,OAKLAND1,-9.776296001498416,Baseload
2021-07-11,OAKLAND1,-101.85443439978687,Baseload
2021-07-18,OAKLAND1,-14.855082401854716,Baseload
2021-07-25,OAKLAND1,-29.795393732662752,Baseload
2021-08-01,OAKLAND1,-6.023188015039668,Baseload
2021-08-08,OAKLAND1,-12.305344771436353,Baseload
2021-08-15,OAKLAND1,-7.827759109570437,Baseload
2021-08-22,OAKLAND1,-20.505976387953602,Baseload
2021-08-29,OAKLAND1,-17.445049447952577,Baseload
2021-09-05,OAKLAND1,-13.9316083621314,Baseload
2021-09-12,OAKLAND1,-9.796712969217957,Baseload
2021-09-19,OAKLAND1,-25.119868714032556,Baseload
2021-09-26,OAKLAND1,-8.862143104184945,Baseload
2021-10-03,OAKLAND1,-7.170756446318357,Baseload
2021-10-10,OAKLAND1,-11.311095566634645,Baseload
2021-10-17,OAKLAND1,-20.251165865213608,Baseload
2021-10-24,OAKLAND1,-8.511491823397494,Baseload
2021-10-31,OAKLAND1,-12.214025263414719,Baseload
2021-11-07,OAKLAND1,-10.433494480729266,Baseload
2021-11-14,OAKLAND1,-10.993070847137295,Baseload
2021-11-21,OAKLAND1,-25.858261307786513,Baseload
2021-11-28,OAKLAND1,-16.374080739003535,Baseload
2021-12-05,OAKLAND1,-6.4911349594480185,Baseload
2021-12-12,OAKLAND1,-4.62778387952627,Baseload
2021-12-19,OAKLAND1,-22.352918585415484,Baseload
2021-12-26,OAKLAND1,-10.478292144768364,Baseload
2022-01-02,OAKLAND1,-10.996566418478714,Baseload
2022-01-09,OAKLAND1,-6.79840445554391,Baseload
2022-01-16,OAKLAND1,-4.0699699265997396,Baseload
2022-01-23,OAKLAND1,-10.35520790712728,Baseload
2022-01-30,OAKLAND1,4.814216561887363,Baseload
2022-02-06,OAKLAND1,-41.413343071947274,Baseload
2022-02-13,OAKLAND1,-14.071077601435114,Baseload
2022-02-20,OAKLAND1,-8.157189072704668,Baseload
2022-02-27,OAKLAND1,3.3440829832851335,Baseload
2022-03-06,OAKLAND1,-41.222335061683964,Baseload
2022-03-13,OAKLAND1,-10.402668356323712,Baseload
2022-03-20,OAKLAND1,-5.72942476776079,Baseload
2022-03-27,OAKLAND1,-10.337914097603722,Baseload
2022-04-03,OAKLAND1,-32.26537291158643,Baseload
2022-04-10,OAKLAND1,-54.37532749936162,Baseload
2022-04-17,OAKLAND1,-32.117821030066196,Baseload
2022-04-24,OAKLAND1,-4.8743046273470725,Baseload
2022-05-01,OAKLAND1,-31.304943180160308,Baseload
2022-05-08,OAKLAND1,-54.130252138072606,Baseload
2022-05-15,OAKLAND1,-100.54291312624972,Baseload
2022-05-22,OAKLAND1,-27.237302364227276,Baseload
2022-05-29,OAKLAND1,-33.3883875042813,Baseload
2022-06-05,OAKLAND1,-82.95245942689237,Baseload
2022-06-12,OAKLAND1,-33.230801932475885,Baseload
2022-06-19,OAKLAND1,-77.6600671610974,Baseload
2022-06-26,OAKLAND1,-28.35125216092979,Baseload
2022-07-03,OAKLAND1,-80.88902229134015,Baseload
2022-07-10,OAKLAND1,-47.668425064885525,Baseload
2022-07-17,OAKLAND1,-210.24294674438266,Baseload
2022-07-24,OAKLAND1,-63.421717522922336,Baseload
2022-07-31,OAKLAND1,-67.42038188977907,Baseload
2022-08-07,OAKLAND1,-47.47513388375524,Baseload
2022-08-14,OAKLAND1,-60.380125685195196,Baseload
2022-08-21,OAKLAND1,-40.095830055955005,Baseload
2022-08-28,OAKLAND1,-50.237620551323104,Baseload
2022-09-04,OAKLAND1,-29.771802066008433,Baseload
2022-09-11,OAKLAND1,-20.118898881205965,Baseload
2022-09-18,OAKLAND1,-49.90192882235236,Baseload
2022-09-25,OAKLAND1,-41.18861268765135,Baseload
2022-10-02,OAKLAND1,2.12178409019495,Baseload
2022-10-09,OAKLAND1,-32.62976317926538,Baseload
2022-10-16,OAKLAND1,-37.42635620181534,Baseload
2022-10-23,OAKLAND1,-22.031397893304757,Baseload
2022-10-30,OAKLAND1,-39.3864727833718,Baseload
2022-11-06,OAKLAND1,-37.40264782400859,Baseload
2022-11-13,OAKLAND1,-30.455274784159293,Baseload
2022-11-20,OAKLAND1,-47.84352549829497,Baseload
2022-11-27,OAKLAND1,-52.40497333142621,Baseload
2022-12-04,OAKLAND1,7.322464171829523,Baseload
2022-12-11,OAKLAND1,-22.839501027186863,Baseload
2022-12-18,OAKLAND1,-3.195271155195657,Baseload
2022-12-25,OAKLAND1,13.476536601247517,Baseload
2023-01-01,OAKLAND1,-5.403132114523274,Baseload
2023-01-08,OAKLAND1,-13.495602932617631,Baseload
2023-01-15,OAKLAND1,-32.77080616051855,Baseload
2023-01-22,OAKLAND1,-12.439428789227598,Baseload
2023-01-29,OAKLAND1,-25.385286668478344,Baseload
2023-02-05,OAKLAND1,-24.200127159098965,Baseload
2023-02-12,OAKLAND1,-18.219173058535304,Baseload
2023-02-19,OAKLAND1,4.460491541008963,Baseload
2023-02-26,OAKLAND1,-18.775295562111644,Baseload
2023-03-05,OAKLAND1,-21.171628558357533,Baseload
2023-03-12,OAKLAND1,-26.197857104794195,Baseload
2023-03-19,OAKLAND1,-24.94741146596815,Baseload
2023-03-26,OAKLAND1,-25.459096139999694,Baseload
2023-04-02,OAKLAND1,-34.49206471671636,Baseload
2023-04-09,OAKLAND1,-11.132847793611631,Baseload
2023-04-16,OAKLAND1,-32.43979823578089,Baseload
2023-04-23,OAKLAND1,-13.142252698208978,Baseload
2023-04-30,OAKLAND1,-55.62762998316915,Baseload
2023-05-07,OAKLAND1,-58.61125166891482,Baseload
2023-05-14,OAKLAND1,-15.451198962523279,Baseload
2023-05-21,OAKLAND1,-43.18791917908477,Baseload
2023-05-28,OAKLAND1,-10.0803036301903,Baseload
2023-06-04,OAKLAND1,-38.41753902490646,Baseload
2023-06-11,OAKLAND1,-12.788900490734225,Baseload
2023-06-18,OAKLAND1,-8.93320975291288,Baseload
2023-06-25,OAKLAND1,-45.045696126992084,Baseload
2023-07-02,OAKLAND1,-23.780576485909307,Baseload
2023-07-09,OAKLAND1,-48.534521643291434,Baseload
2023-07-16,OAKLAND1,-16.217728499077527,Baseload
2023-07-23,OAKLAND1,-19.84871424224592,Baseload
2023-07-30,OAKLAND1,-47.38309054870873,Baseload
2023-08-06,OAKLAND1,-55.05970565165417,Baseload
2023-08-13,OAKLAND1,-36.67130700881825,Baseload
2023-08-20,OAKLAND1,-56.33029109206853,Baseload
2023-08-27,OAKLAND1,-7.758240189080475,Baseload
2023-09-03,OAKLAND1,-20.857338093132515,Baseload
2023-09-10,OAKLAND1,-18.451357016364135,Baseload
2023-09-17,OAKLAND1,-6.2530685191702915,Baseload
2023-09-24,OAKLAND1,-19.794485953576746,Baseload
2023-10-01,OAKLAND1,-11.028694321988421,Baseload
2023-10-08,OAKLAND1,-3.762655259489968,Baseload
2023-10-15,OAKLAND1,-8.894037594839219,Baseload
2023-10-22,OAKLAND1,-21.848463023424866,Baseload
2023-10-29,OAKLAND1,6.571829653355387,Baseload
2023-11-05,OAKLAND1,0.9221837027465423,Baseload
2023-11-12,OAKLAND1,-39.223998748674795,Baseload
2023-11-19,OAKLAND1,-7.8117524032885655,Baseload
2023-11-26,OAKLAND1,-8.349615053139374,Baseload
2023-12-03,OAKLAND1,-6.1005925844009745,Baseload
2023-12-10,OAKLAND1,-21.684124471963663,Baseload
2023-12-17,OAKLAND1,-1.3209608394349175,Baseload
2023-12-24,OAKLAND1,0.6739097434242094,Baseload
2023-12-31,OAKLAND1,-8.199456464394753,Baseload
2024-01-07,OAKLAND1,6.966299070320687,Baseload
2024-01-14,OAKLAND1,-16.435330085944443,Baseload
2024-01-21,OAKLAND1,-3.5420650613308347,Baseload
2024-01-28,OAKLAND1,14.317592544895913,Baseload
2024-02-04,OAKLAND1,-17.585675669926896,Baseload
2024-02-11,OAKLAND1,7.675167878998582,Baseload
2024-02-18,OAKLAND1,518.5861836644228,Baseload
2024-02-25,OAKLAND1,5.466518134182266,Baseload
2024-03-03,OAKLAND1,6.312532733085256,Baseload
2024-03-10,OAKLAND1,-23.552685843577876,Baseload
2024-03-17,OAKLAND1,-18.38901743240246,Baseload
2024-03-24,OAKLAND1,3.911608187118304,Baseload
2024-03-31,OAKLAND1,8.461166224312514,Baseload
2024-04-07,OAKLAND1,-21.86646013910024,Baseload
2024-04-14,OAKLAND1,-28.293800195570192,Baseload
2024-04-21,OAKLAND1,-18.358292059318146,Baseload
2024-04-28,OAKLAND1,-34.187428253416876,Baseload
2024-05-05,OAKLAND1,-4.214800173533575,Baseload
2024-05-12,OAKLAND1,-19.603293784953678,Baseload
2024-05-19,OAKLAND1,-34.69932495972651,Baseload
2024-05-26,OAKLAND1,-25.00194855431522,Baseload
2024-06-02,OAKLAND1,-52.33362610783127,Baseload
2024-06-09,OAKLAND1,-30.244524738425298,Baseload
2024-06-16,OAKLAND1,-69.88666290455969,Baseload
2024-06-23,OAKLAND1,-12.199923845004719,Baseload
2024-06-30,OAKLAND1,-11.562246894194232,Baseload
2024-07-07,OAKLAND1,-40.1473027545712,Baseload
2024-07-14,OAKLAND1,-34.14145374632784,Baseload
2024-07-21,OAKLAND1,-21.91655032429628,Baseload
2024-07-28,OAKLAND1,-11.634614224741327,Baseload
2024-08-04,OAKLAND1,-102.4900162282949,Baseload
2024-08-11,OAKLAND1,-330.8628342155955,Baseload
2024-08-18,OAKLAND1,-14.648624629021839,Baseload
2024-08-25,OAKLAND1,-13.58287752594013,Baseload
2024-09-01,OAKLAND1,2.003377322187486,Baseload
2024-09-08,OAKLAND1,-4.8971900761168055,Baseload
2024-09-15,OAKLAND1,-11.863535498598969,Baseload
2024-09-22,OAKLAND1,1.0045976701889288,Baseload
2024-09-29,OAKLAND1,-27.414131057434236,Baseload
2024-10-06,OAKLAND1,-8.289247194069924,Baseload
2024-10-13,OAKLAND1,2.3983935773236134,Baseload
2024-10-20,OAKLAND1,-8.926153650701316,Baseload
2024-10-27,OAKLAND1,-18.537668227343616,Baseload
2024-11-03,OAKLAND1,5.490807123257218,Baseload
2024-11-10,OAKLAND1,-31.50441225307187,Baseload
2024-11-17,OAKLAND1,-35.71005661604714,Baseload
2024-11-24,OAKLAND1,-23.153146919710046,Baseload
2024-12-01,OAKLAND1,-48.995674781339794,Baseload
2024-12-08,OAKLAND1,-19.374001338401627,Baseload
2024-12-15,OAKLAND1,-3.1045538287697667,Baseload
2024-12-22,OAKLAND1,11.815804492358097,Baseload
2024-12-29,OAKLAND1,2.6862794162807404,Baseload
2025-01-05,OAKLAND1,2.3662890285845393,Baseload
2020-01-05,SALTCRK1,-6.338117980241314,Baseload
2020-01-12,SALTCRK1,-6.56336906709447,Baseload
2020-01-19,SALTCRK1,-8.784101120603346,Baseload
2020-01-26,SALTCRK1,-9.155156715154838,Baseload
2020-02-02,SALTCRK1,61.98914287964203,Baseload
2020-02-09,SALTCRK1,-4.379596625144625,Baseload
2020-02-16,SALTCRK1,-0.3564072209385145,Baseload
2020-02-23,SALTCRK1,-1.5158891299334556,Baseload
2020-03-01,SALTCRK1,-5.512355506284742,Baseload
2020-03-08,SALTCRK1,-7.438138492843869,Baseload
2020-03-15,SALTCRK1,-1.8301977468432327,Baseload
2020-03-22,SALTCRK1,-3.6995408857997276,Baseload
2020-03-29,SALTCRK1,-1.816320818872427,Baseload
2020-04-05,SALTCRK1,-11.447891951431814,Baseload
2020-04-12,SALTCRK1,-15.582185257913295,Baseload
2020-04-19,SALTCRK1,-6.748420672504075,Baseload
2020-04-26,SALTCRK1,-4.813811730221751,Baseload
2020-05-03,SALTCRK1,-5.971938647480233,Baseload
2020-05-10,SALTCRK1,-6.5546081659138835,Baseload
2020-05-17,SALTCRK1,-10.440243146126551,Baseload
2020-05-24,SALTCRK1,-4.4220368887738815,Baseload
2020-05-31,SALTCRK1,-6.907568244518508,Baseload
2020-06-07,SALTCRK1,-8.465179889454284,Baseload
2020-06-14,SALTCRK1,-30.140860387096495,Baseload
2020-06-21,SALTCRK1,-7.397886588450962,Baseload
2020-06-28,SALTCRK1,-8.052363359519632,Baseload
2020-07-05,SALTCRK1,-3.755388574974127,Baseload
2020-07-12,SALTCRK1,-9.82462639068762,Baseload
2020-07-19,SALTCRK1,-13.517941679595708,Baseload
2020-07-26,SALTCRK1,-17.43847539450819,Baseload
2020-08-02,SALTCRK1,-3.358038298266351,Baseload
2020-08-09,SALTCRK1,-1.9904665868394815,Baseload
2020-08-16,SALTCRK1,-4.358704346406292,Baseload
2020-08-23,SALTCRK1,-1.2715983568212792,Baseload
2020-08-30,SALTCRK1,-22.513588771153763,Baseload
2020-09-06,SALTCRK1,-5.785689111165219,Baseload
2020-09-13,SALTCRK1,-3.5698949583675166,Baseload
2020-09-20,SALTCRK1,-5.640050271761346,Baseload
2020-09-27,SALTCRK1,-5.179272416855724,Baseload
2020-10-04,SALTCRK1,-4.648059437575242,Baseload
2020-10-11,SALTCRK1,-15.573701542052895,Baseload
2020-10-18,SALTCRK1,-7.203608744674604,Baseload
2020-10-25,SALTCRK1,-18.662601430261546,Baseload
2020-11-01,SALTCRK1,-2.134331484226209,Baseload
2020-11-08,SALTCRK1,-4.180161989875337,Baseload
2020-11-15,SALTCRK1,-5.121102316265457,Baseload
2020-11-22,SALTCRK1,-8.873396952988422,Baseload
2020-11-29,SALTCRK1,-9.928356829976757,Baseload
2020-12-06,SALTCRK1,-13.102128255692204,Baseload
2020-12-13,SALTCRK1,-2.3796986115529037,Baseload
2020-12-20,SALTCRK1,-1.2619544533516773,Baseload
2020-12-27,SALTCRK1,-9.197916580303428,Baseload
2021-01-03,SALTCRK1,-0.9422599955900743,Baseload
2021-01-10,SALTCRK1,-3.6281630494157255,Baseload
2021-01-17,SALTCRK1,2.9806086749050706,Baseload
2021-01-24,SALTCRK1,-2.690919895439272,Baseload
2021-01-31,SALTCRK1,4.888213288866286,Baseload
2021-02-07,SALTCRK1,-1.0606844132618267,Baseload
2021-02-14,SALTCRK1,5.2618273254957195,Baseload
2021-02-21,SALTCRK1,-3.6129217047516207,Baseload
2021-02-28,SALTCRK1,-7.729837943407178,Baseload
2021-03-07,SALTCRK1,-2.3562490583002713,Baseload
2021-03-14,SALTCRK1,-1.1494238303628137,Baseload
2021-03-21,SALTCRK1,-2.7285773025522886,Baseload
2021-03-28,SALTCRK1,-3.605324989511921,Baseload
2021-04-04,SALTCRK1,-12.144169152315182,Baseload
2021-04-11,SALTCRK1,-2.615903280473347,Baseload
2021-04-18,SALTCRK1,-17.144605593668864,Baseload
2021-04-25,SALTCRK1,-11.722173806619566,Baseload
2021-05-02,SALTCRK1,-38.94282587910077,Baseload
2021-05-09,SALTCRK1,-13.223644262136283,Baseload
2021-05-16,SALTCRK1,-18.440622391102224,Baseload
2021-05-23,SALTCRK1,-55.638122378594744,Baseload
2021-05-30,SALTCRK1,-24.94850049013767,Baseload
2021-06-06,SALTCRK1,-16.456579598123653,Baseload
2021-06-13,SALTCRK1,-18.055267745441014,Baseload
2021-06-20,SALTCRK1,-14.31945245697689,Baseload
2021-06-27,SALTCRK1,-26.061840252996262,Baseload
2021-07-04,SALTCRK1,-8.039344033374753,Baseload
2021-07-11,SALTCRK1,-72.71415918120672,Baseload
2021-07-18,SALTCRK1,-7.5452246514931645,Baseload
2021-07-25,SALTCRK1,-26.61650333469092,Baseload
2021-08-01,SALTCRK1,2.7080188046974634,Baseload
2021-08-08,SALTCRK1,-9.971436824189944,Baseload
2021-08-15,SALTCRK1,-0.792567548235418,Baseload
2021-08-22,SALTCRK1,-9.367245751767154,Baseload
2021-08-29,SALTCRK1,-12.136714821048635,Baseload
2021-09-05,SALTCRK1,-3.363580783580211,Baseload
2021-09-12,SALTCRK1,1.800047851764134,Baseload
2021-09-19,SALTCRK1,-14.892135586146233,Baseload
2021-09-26,SALTCRK1,0.5256132890167784,Baseload
2021-10-03,SALTCRK1,-3.310298526051483,Baseload
2021-10-10,SALTCRK1,3.5718842894235703,Baseload
2021-10-17,SALTCRK1,-12.798268484841,Baseload
2021-10-24,SALTCRK1,0.8901727385850826,Baseload
2021-10-31,SALTCRK1,-8.260066307095244,Baseload
2021-11-07,SALTCRK1,-8.00103762321034,Baseload
2021-11-14,SALTCRK1,-4.321882765456625,Baseload
2021-11-21,SALTCRK1,-14.147672688827459,Baseload
2021-11-28,SALTCRK1,1.4348159903795192,Baseload
2021-12-05,SALTCRK1,-0.9035686321221021,Baseload
2021-12-12,SALTCRK1,-4.573990447641528,Baseload
2021-12-19,SALTCRK1,-15.3988037828885,Baseload
2021-12-26,SALTCRK1,5.598339622447021,Baseload
2022-01-02,SALTCRK1,0.5642958418946371,Baseload
2022-01-09,SALTCRK1,0.5730305595724694,Baseload
2022-01-16,SALTCRK1,-7.457447624947562,Baseload
2022-01-23,SALTCRK1,3.6295967142625933,Baseload
2022-01-30,SALTCRK1,-2.4054265854461505,Baseload
2022-02-06,SALTCRK1,-19.828927604887326,Baseload
2022-02-13,SALTCRK1,-3.225396142000939,Baseload
2022-02-20,SALTCRK1,-6.8823703288819615,Baseload
2022-02-27,SALTCRK1,-0.6475807654703587,Baseload
2022-03-06,SALTCRK1,-6.950552758402402,Baseload
2022-03-13,SALTCRK1,5.210969891301783,Baseload
2022-03-20,SALTCRK1,-5.534086002317444,Baseload
2022-03-27,SALTCRK1,-4.027228285887972,Baseload
2022-04-03,SALTCRK1,3.861527699159538,Baseload
2022-04-10,SALTCRK1,-51.52390360755331,Baseload
2022-04-17,SALTCRK1,-17.22240449987322,Baseload
2022-04-24,SALTCRK1,-11.203941460998976,Baseload
2022-05-01,SALTCRK1,-11.793846446601833,Baseload
2022-05-08,SALTCRK1,-41.2920583263718,Baseload
2022-05-15,SALTCRK1,-85.48758479881232,Baseload
2022-05-22,SALTCRK1,-35.24030542820748,Baseload
2022-05-29,SALTCRK1,-14.231961275410981,Baseload
2022-06-05,SALTCRK1,-70.66770742535357,Baseload
2022-06-12,SALTCRK1,-35.002284130044075,Baseload
2022-06-19,SALTCRK1,-75.7430791331621,Baseload
2022-06-26,SALTCRK1,-24.329943071859958,Baseload
2022-07-03,SALTCRK1,-53.725103445834804,Baseload
2022-07-10,SALTCRK1,-41.036078669269386,Baseload
2022-07-17,SALTCRK1,-189.33582731255532,Baseload
2022-07-24,SALTCRK1,-48.89550760909577,Baseload
2022-07-31,SALTCRK1,-66.07866102597569,Baseload
2022-08-07,SALTCRK1,-34.96374114008283,Baseload
2022-08-14,SALTCRK1,-57.6818355690567,Baseload
2022-08-21,SALTCRK1,-37.03909974910587,Baseload
2022-08-28,SALTCRK1,-36.909854072775474,Baseload
2022-09-04,SALTCRK1,-29.776129545410043,Baseload
2022-09-11,SALTCRK1,-13.394706861936527,Baseload
2022-09-18,SALTCRK1,-44.88925795984641,Baseload
2022-09-25,SALTCRK1,-44.54798707631235,Baseload
2022-10-02,SALTCRK1,0.2581633430371397,Baseload
2022-10-09,SALTCRK1,-22.400519715700213,Baseload
2022-10-16,SALTCRK1,-55.40249887232658,Baseload
2022-10-23,SALTCRK1,-9.25459299675245,Baseload
2022-10-30,SALTCRK1,-36.75204090211557,Baseload
2022-11-06,SALTCRK1,-32.28380825597425,Baseload
2022-11-13,SALTCRK1,-29.753323013865447,Baseload
2022-11-20,SALTCRK1,-48.913022288370804,Baseload
2022-11-27,SALTCRK1,-42.47022998144261,Baseload
2022-12-04,SALTCRK1,-7.134390973420295,Baseload
2022-12-11,SALTCRK1,-18.46929982046116,Baseload
2022-12-18,SALTCRK1,4.945606424476258,Baseload
2022-12-25,SALTCRK1,-3.8672581732927895,Baseload
2023-01-01,SALTCRK1,1.0464601170410575,Baseload
2023-01-08,SALTCRK1,8.160620907569585,Baseload
2023-01-15,SALTCRK1,-6.305215427964143,Baseload
2023-01-22,SALTCRK1,3.4640100363081743,Baseload
2023-01-29,SALTCRK1,-13.829801912621122,Baseload
2023-02-05,SALTCRK1,-9.975218066770509,Baseload
2023-02-12,SALTCRK1,17.083458694932283,Baseload
2023-02-19,SALTCRK1,22.506795489892795,Baseload
2023-02-26,SALTCRK1,14.261132634457624,Baseload
2023-03-05,SALTCRK1,2.719550131866086,Baseload
2023-03-12,SALTCRK1,9.719353259658767,Baseload
2023-03-19,SALTCRK1,-8.585922857392376,Baseload
2023-03-26,SALTCRK1,0.7424743202280837,Baseload
2023-04-02,SALTCRK1,-6.64342407242458,Baseload
2023-04-09,SALTCRK1,-4.790296130518925,Baseload
2023-04-16,SALTCRK1,-16.682953514317752,Baseload
2023-04-23,SALTCRK1,-11.806236059270333,Baseload
2023-04-30,SALTCRK1,-45.651043846017586,Baseload
2023-05-07,SALTCRK1,-39.17245011288726,Baseload
2023-05-14,SALTCRK1,-11.233539852043378,Baseload
2023-05-21,SALTCRK1,-32.88291487960076,Baseload
2023-05-28,SALTCRK1,-19.29929415446638,Baseload
2023-06-04,SALTCRK1,-33.024416977532994,Baseload
2023-06-11,SALTCRK1,-7.581326052668299,Baseload
2023-06-18,SALTCRK1,5.308996480077724,Baseload
2023-06-25,SALTCRK1,-32.96580202399821,Baseload
2023-07-02,SALTCRK1,-22.85364939379005,Baseload
2023-07-09,SALTCRK1,-41.55069395899594,Baseload
2023-07-16,SALTCRK1,-7.532198003200087,Baseload
2023-07-23,SALTCRK1,-17.209541592751975,Baseload
2023-07-30,SALTCRK1,-25.387714145198327,Baseload
2023-08-06,SALTCRK1,-38.091368466715466,Baseload
2023-08-13,SALTCRK1,-33.930017867825164,Baseload
2023-08-20,SALTCRK1,-41.83110583800783,Baseload
2023-08-27,SALTCRK1,-6.004486406545837,Baseload
2023-09-03,SALTCRK1,-14.036794923798752,Baseload
2023-09-10,SALTCRK1,0.7128986719955464,Baseload
2023-09-17,SALTCRK1,5.786513972958094,Baseload
2023-09-24,SALTCRK1,4.184688670092928,Baseload
2023-10-01,SALTCRK1,7.754142163885156,Baseload
2023-10-08,SALTCRK1,-1.1932936521687836,Baseload
2023-10-15,SALTCRK1,-4.6341214661320045,Baseload
2023-10-22,SALTCRK1,-7.395209174845444,Baseload
2023-10-29,SALTCRK1,21.03037182627085,Baseload
2023-11-05,SALTCRK1,19.69096220594846,Baseload
2023-11-12,SALTCRK1,5.677514194668056,Baseload
2023-11-19,SALTCRK1,32.996737243976334,Baseload
2023-11-26,SALTCRK1,4.361115507699765,Baseload
2023-12-03,SALTCRK1,4.3474931854923184,Baseload
2023-12-10,SALTCRK1,-8.38298522568811,Baseload
2023-12-17,SALTCRK1,20.786241157315906,Baseload
2023-12-24,SALTCRK1,23.97002420175403,Baseload
2023-12-31,SALTCRK1,18.913078183164245,Baseload
2024-01-07,SALTCRK1,5.24585159923646,Baseload
2024-01-14,SALTCRK1,2.141389293192919,Baseload
2024-01-21,SALTCRK1,17.43537661596992,Baseload
2024-01-28,SALTCRK1,24.20114167439611,Baseload
2024-02-04,SALTCRK1,16.302269108860255,Baseload
2024-02-11,SALTCRK1,23.097136240462458,Baseload
2024-02-18,SALTCRK1,440.8464012294453,Baseload
2024-02-25,SALTCRK1,17.872312588705917,Baseload
2024-03-03,SALTCRK1,17.53108234398357,Baseload
2024-03-10,SALTCRK1,-7.611111571958645,Baseload
2024-03-17,SALTCRK1,-7.121376922797445,Baseload
2024-03-24,SALTCRK1,13.316277940550137,Baseload
2024-03-31,SALTCRK1,20.03048943013735,Baseload
2024-04-07,SALTCRK1,-13.945852340239078,Baseload
2024-04-14,SALTCRK1,-24.63389263062807,Baseload
2024-04-21,SALTCRK1,-11.196939438034121,Baseload
2024-04-28,SALTCRK1,-9.188125372903045,Baseload
2024-05-05,SALTCRK1,-0.0016033489685014501,Baseload
2024-05-12,SALTCRK1,-3.7925207716496914,Baseload
2024-05-19,SALTCRK1,-32.60543902928079,Baseload
2024-05-26,SALTCRK1,-8.444778479148141,Baseload
2024-06-02,SALTCRK1,-19.202008537612215,Baseload
2024-06-09,SALTCRK1,-22.57925048099736,Baseload
2024-06-16,SALTCRK1,-55.71151822004741,Baseload
2024-06-23,SALTCRK1,-25.116514081066782,Baseload
2024-06-30,SALTCRK1,-12.482725824177209,Baseload
2024-07-07,SALTCRK1,-12.95723254101722,Baseload
2024-07-14,SALTCRK1,-29.969478107005898,Baseload
2024-07-21,SALTCRK1,-25.40682422281364,Baseload
2024-07-28,SALTCRK1,-10.813663696130611,Baseload
2024-08-04,SALTCRK1,-90.33687480142947,Baseload
2024-08-11,SALTCRK1,-299.50846542882726,Baseload
2024-08-18,SALTCRK1,-11.389897839605581,Baseload
2024-08-25,SALTCRK1,0.484360551091676,Baseload
2024-09-01,SALTCRK1,20.596676100715246,Baseload
2024-09-08,SALTCRK1,6.63826653473937,Baseload
2024-09-15,SALTCRK1,8.434872940137556,Baseload
2024-09-22,SALTCRK1,6.766010772045361,Baseload
2024-09-29,SALTCRK1,-19.648035339087542,Baseload
2024-10-06,SALTCRK1,5.174149616911645,Baseload
2024-10-13,SALTCRK1,8.587852186436347,Baseload
2024-10-20,SALTCRK1,3.767350913329178,Baseload
2024-10-27,SALTCRK1,13.11253369876652,Baseload
2024-11-03,SALTCRK1,21.163356050432768,Baseload
2024-11-10,SALTCRK1,5.119906001791506,Baseload
2024-11-17,SALTCRK1,22.044057038745983,Baseload
2024-11-24,SALTCRK1,17.25547602641423,Baseload
2024-12-01,SALTCRK1,6.260719839998529,Baseload
2024-12-08,SALTCRK1,15.170863949943183,Baseload
2024-12-15,SALTCRK1,25.12505654772687,Baseload
2024-12-22,SALTCRK1,42.293343352323745,Baseload
2024-12-29,SALTCRK1,21.167941014413927,Baseload
2025-01-05,SALTCRK1,17.906601420441127,Baseload
2020-01-05,YENDWF1,-4.509970049396372,Baseload
2020-01-12,YENDWF1,-4.606373615719306,Baseload
2020-01-19,YENDWF1,-6.685857280540645,Baseload
2020-01-26,YENDWF1,-1.3967034574937784,Baseload
2020-02-02,YENDWF1,247.73806527146508,Baseload
2020-02-09,YENDWF1,-2.890045688542493,Baseload
2020-02-16,YENDWF1,0.11514561507317467,Baseload
2020-02-23,YENDWF1,-2.242127093347314,Baseload
2020-03-01,YENDWF1,-2.0641158629779426,Baseload
2020-03-08,YENDWF1,-4.52929729900147,Baseload
2020-03-15,YENDWF1,-2.9967689309010908,Baseload
2020-03-22,YENDWF1,-3.0169107092623193,Baseload
2020-03-29,YENDWF1,-1.859371987020893,Baseload
2020-04-05,YENDWF1,-10.188055952451876,Baseload
2020-04-12,YENDWF1,-11.217944089046835,Baseload
2020-04-19,YENDWF1,-6.458571877614613,Baseload
2020-04-26,YENDWF1,-5.609103856743314,Baseload
2020-05-03,YENDWF1,-6.776323490426758,Baseload
2020-05-10,YENDWF1,-5.395613882090103,Baseload
2020-05-17,YENDWF1,-8.624223775045294,Baseload
2020-05-24,YENDWF1,-5.75163905610966,Baseload
2020-05-31,YENDWF1,-2.4234680906784476,Baseload
2020-06-07,YENDWF1,-4.432366309165232,Baseload
2020-06-14,YENDWF1,-30.466154148945336,Baseload
2020-06-21,YENDWF1,-7.624031157333221,Baseload
2020-06-28,YENDWF1,-6.2434898187975065,Baseload
2020-07-05,YENDWF1,-3.49815625245121,Baseload
2020-07-12,YENDWF1,-9.610737542703596,Baseload
2020-07-19,YENDWF1,-10.937004740376246,Baseload
2020-07-26,YENDWF1,-16.88640975955615,Baseload
2020-08-02,YENDWF1,-7.55521243746729,Baseload
2020-08-09,YENDWF1,-3.7553386729668006,Baseload
2020-08-16,YENDWF1,-2.533377512145897,Baseload
2020-08-23,YENDWF1,-1.7910499452594735,Baseload
2020-08-30,YENDWF1,-24.855737294808016,Baseload
2020-09-06,YENDWF1,-5.3922822081439605,Baseload
2020-09-13,YENDWF1,-3.97845782083499,Baseload
2020-09-20,YENDWF1,-7.743465923365072,Baseload
2020-09-27,YENDWF1,-4.681975179967722,Baseload
2020-10-04,YENDWF1,-8.109529663180517,Baseload
2020-10-11,YENDWF1,-16.287908688592623,Baseload
2020-10-18,YENDWF1,-7.373324658397806,Baseload
2020-10-25,YENDWF1,-19.11465194388734,Baseload
2020-11-01,YENDWF1,-3.3076685601393194,Baseload
2020-11-08,YENDWF1,-4.482684683572899,Baseload
2020-11-15,YENDWF1,-5.921158860492369,Baseload
2020-11-22,YENDWF1,-8.884227189374286,Baseload
2020-11-29,YENDWF1,-13.297379699522786,Baseload
2020-12-06,YENDWF1,-12.741628410938239,Baseload
2020-12-13,YENDWF1,-9.351345833731843,Baseload
2020-12-20,YENDWF1,5.973296496894342,Baseload
2020-12-27,YENDWF1,-13.14299714584178,Baseload
2021-01-03,YENDWF1,-1.0761669086278545,Baseload
2021-01-10,YENDWF1,-6.4417440175582055,Baseload
2021-01-17,YENDWF1,-3.444649736627735,Baseload
2021-01-24,YENDWF1,-6.407662729553568,Baseload
2021-01-31,YENDWF1,1.216826751750549,Baseload
2021-02-07,YENDWF1,-1.9332331137161045,Baseload
2021-02-14,YENDWF1,1.1499942710189188,Baseload
2021-02-21,YENDWF1,-3.1709482632588504,Baseload
2021-02-28,YENDWF1,-8.608759237413057,Baseload
2021-03-07,YENDWF1,-2.3990482946705747,Baseload
2021-03-14,YENDWF1,-3.2393825404560417,Baseload
2021-03-21,YENDWF1,0.516766863314885,Baseload
2021-03-28,YENDWF1,-2.482751275861432,Baseload
2021-04-04,YENDWF1,-13.257619277715593,Baseload
2021-04-11,YENDWF1,-11.23921105307119,Baseload
2021-04-18,YENDWF1,-23.138417389563617,Baseload
2021-04-25,YENDWF1,-12.807087529949925,Baseload
2021-05-02,YENDWF1,-40.19326630238356,Baseload
2021-05-09,YENDWF1,-8.330837881487625,Baseload
2021-05-16,YENDWF1,-18.199786077822786,Baseload
2021-05-23,YENDWF1,-72.64960721869888,Baseload
2021-05-30,YENDWF1,-21.466386767208505,Baseload
2021-06-06,YENDWF1,-12.06837244391771,Baseload
2021-06-13,YENDWF1,-23.398112974992195,Baseload
2021-06-20,YENDWF1,-11.203566349040798,Baseload
2021-06-27,YENDWF1,-24.945560368392037,Baseload
2021-07-04,YENDWF1,-9.900234455597065,Baseload
2021-07-11,YENDWF1,-102.88776436643161,Baseload
2021-07-18,YENDWF1,-5.528581463589909,Baseload
2021-07-25,YENDWF1,-25.778741923092085,Baseload
2021-08-01,YENDWF1,-3.3341979472645917,Baseload
2021-08-08,YENDWF1,-10.98472215306058,Baseload
2021-08-15,YENDWF1,-6.514868777201059,Baseload
2021-08-22,YENDWF1,-14.696809525825724,Baseload
2021-08-29,YENDWF1,-13.546134022418428,Baseload
2021-09-05,YENDWF1,-5.921121983641303,Baseload
2021-09-12,YENDWF1,-11.11393430869077,Baseload
2021-09-19,YENDWF1,-23.158635823204996,Baseload
2021-09-26,YENDWF1,-10.205671099104102,Baseload
2021-10-03,YENDWF1,-9.948474253089959,Baseload
2021-10-10,YENDWF1,-7.448954205085784,Baseload
2021-10-17,YENDWF1,-11.411708852344027,Baseload
2021-10-24,YENDWF1,2.4120479685832077,Baseload
2021-10-31,YENDWF1,-11.859718326284934,Baseload
2021-11-07,YENDWF1,-8.740318425317398,Baseload
2021-11-14,YENDWF1,-9.244036420021207,Baseload
2021-11-21,YENDWF1,-17.771434783753413,Baseload
2021-11-28,YENDWF1,-4.343874323135104,Baseload
2021-12-05,YENDWF1,0.07627583190085119,Baseload
2021-12-12,YENDWF1,-4.797720197760981,Baseload
2021-12-19,YENDWF1,-28.281375338877318,Baseload
2021-12-26,YENDWF1,1.2300088345392588,Baseload
2022-01-02,YENDWF1,1.0491930790161774,Baseload
2022-01-09,YENDWF1,1.8368032972229749,Baseload
2022-01-16,YENDWF1,-5.3852008342836655,Baseload
2022-01-23,YENDWF1,-3.9769142688588026,Baseload
2022-01-30,YENDWF1,0.275417389003195,Baseload
2022-02-06,YENDWF1,-41.9102618029625,Baseload
2022-02-13,YENDWF1,-6.580843721045504,Baseload
2022-02-20,YENDWF1,-7.043846200566691,Baseload
2022-02-27,YENDWF1,-0.768281840778613,Baseload
2022-03-06,YENDWF1,16.00188326840484,Baseload
2022-03-13,YENDWF1,-2.6044400160232364,Baseload
2022-03-20,YENDWF1,-10.205828301429989,Baseload
2022-03-27,YENDWF1,-8.347611064870385,Baseload
2022-04-03,YENDWF1,-17.759085353851333,Baseload
2022-04-10,YENDWF1,-53.36167569616423,Baseload
2022-04-17,YENDWF1,-16.7356228913886,Baseload
2022-04-24,YENDWF1,-12.616488211307086,Baseload
2022-05-01,YENDWF1,-10.63251923143062,Baseload
2022-05-08,YENDWF1,-46.08972473948589,Baseload
2022-05-15,YENDWF1,-69.61086752080129,Baseload
2022-05-22,YENDWF1,-37.17719079081334,Baseload
2022-05-29,YENDWF1,-25.08390368941633,Baseload
2022-06-05,YENDWF1,-52.01485159307572,Baseload
2022-06-12,YENDWF1,-23.53393826364035,Baseload
2022-06-19,YENDWF1,-64.25567165739795,Baseload
2022-06-26,YENDWF1,-11.86171219175418,Baseload
2022-07-03,YENDWF1,-49.433967715557,Baseload
2022-07-10,YENDWF1,-62.41522358272039,Baseload
2022-07-17,YENDWF1,-184.41594885985245,Baseload
2022-07-24,YENDWF1,-52.443951000889456,Baseload
2022-07-31,YENDWF1,-54.34872622722801,Baseload
2022-08-07,YENDWF1,-23.24869755698353,Baseload
2022-08-14,YENDWF1,-40.66267701208439,Baseload
2022-08-21,YENDWF1,-30.160504655692236,Baseload
2022-08-28,YENDWF1,-43.700565236376264,Baseload
2022-09-04,YENDWF1,-27.373243327991858,Baseload
2022-09-11,YENDWF1,-6.810428669796764,Baseload
2022-09-18,YENDWF1,-30.1432161255886,Baseload
2022-09-25,YENDWF1,-39.060201393023355,Baseload
2022-10-02,YENDWF1,3.7412604722497633,Baseload
2022-10-09,YENDWF1,-15.935593056800741,Baseload
2022-10-16,YENDWF1,-5.662406507781569,Baseload
2022-10-23,YENDWF1,-27.108824498981278,Baseload
2022-10-30,YENDWF1,-27.81017131502511,Baseload
2022-11-06,YENDWF1,-11.322099976578002,Baseload
2022-11-13,YENDWF1,-19.61416121334579,Baseload
2022-11-20,YENDWF1,-41.38123296435991,Baseload
2022-11-27,YENDWF1,-51.13980422416019,Baseload
2022-12-04,YENDWF1,-13.271529165441443,Baseload
2022-12-11,YENDWF1,-25.096977085305003,Baseload
2022-12-18,YENDWF1,3.688205503917379,Baseload
2022-12-25,YENDWF1,1.1842021868077524,Baseload
2023-01-01,YENDWF1,-17.92097502720471,Baseload
2023-01-08,YENDWF1,0.09160612826736791,Baseload
2023-01-15,YENDWF1,-10.268240958643467,Baseload
2023-01-22,YENDWF1,-2.8856678742248363,Baseload
2023-01-29,YENDWF1,-29.072190782841687,Baseload
2023-02-05,YENDWF1,-21.674736869109104,Baseload
2023-02-12,YENDWF1,11.269622346190111,Baseload
2023-02-19,YENDWF1,-12.414765044921822,Baseload
2023-02-26,YENDWF1,-4.329011517492333,Baseload
2023-03-05,YENDWF1,-12.964922061409489,Baseload
2023-03-12,YENDWF1,-5.846117231629883,Baseload
2023-03-19,YENDWF1,-14.176612332477163,Baseload
2023-03-26,YENDWF1,-16.77746949055713,Baseload
2023-04-02,YENDWF1,-11.8917204821648,Baseload
2023-04-09,YENDWF1,-12.110334113314543,Baseload
2023-04-16,YENDWF1,-29.79882541687371,Baseload
2023-04-23,YENDWF1,-27.58533206077408,Baseload
2023-04-30,YENDWF1,-49.27980290511886,Baseload
2023-05-07,YENDWF1,-57.124095020858434,Baseload
2023-05-14,YENDWF1,-17.644543360185622,Baseload
2023-05-21,YENDWF1,-40.6542157312318,Baseload
2023-05-28,YENDWF1,-32.84031626312671,Baseload
2023-06-04,YENDWF1,-40.873745323599174,Baseload
2023-06-11,YENDWF1,-8.844572806405694,Baseload
2023-06-18,YENDWF1,1.2374415858093037,Baseload
2023-06-25,YENDWF1,-51.401966778436076,Baseload
2023-07-02,YENDWF1,-17.43839825908266,Baseload
2023-07-09,YENDWF1,-37.49095137431807,Baseload
2023-07-16,YENDWF1,-17.048121138079765,Baseload
2023-07-23,YENDWF1,-25.871235680399728,Baseload
2023-07-30,YENDWF1,-29.612631331814466,Baseload
2023-08-06,YENDWF1,-40.618048333006215,Baseload
2023-08-13,YENDWF1,-35.42513534845974,Baseload
2023-08-20,YENDWF1,-46.3482343926558,Baseload
2023-08-27,YENDWF1,-12.959010769553906,Baseload
2023-09-03,YENDWF1,-13.026938222805832,Baseload
2023-09-10,YENDWF1,-4.158376101877302,Baseload
2023-09-17,YENDWF1,-0.6433965714217322,Baseload
2023-09-24,YENDWF1,-5.71395054004962,Baseload
2023-10-01,YENDWF1,-2.797152570192825,Baseload
2023-10-08,YENDWF1,-1.1379142606066353,Baseload
2023-10-15,YENDWF1,-7.4009803787095105,Baseload
2023-10-22,YENDWF1,-12.634219819033627,Baseload
2023-10-29,YENDWF1,19.87585303326071,Baseload
2023-11-05,YENDWF1,18.467157322493243,Baseload
2023-11-12,YENDWF1,-3.0979998658809436,Baseload
2023-11-19,YENDWF1,25.85011401874548,Baseload
2023-11-26,YENDWF1,8.70874600889644,Baseload
2023-12-03,YENDWF1,-1.928973181807386,Baseload
2023-12-10,YENDWF1,-4.831525961094243,Baseload
2023-12-17,YENDWF1,23.40547566007131,Baseload
2023-12-24,YENDWF1,18.75685975618547,Baseload
2023-12-31,YENDWF1,18.99376667641151,Baseload
2024-01-07,YENDWF1,27.422516639321792,Baseload
2024-01-14,YENDWF1,-8.478370193802558,Baseload
2024-01-21,YENDWF1,13.61993021450813,Baseload
2024-01-28,YENDWF1,19.116175065053593,Baseload
2024-02-04,YENDWF1,18.80036598887077,Baseload
2024-02-11,YENDWF1,13.857384593333723,Baseload
2024-02-18,YENDWF1,170.8826326860357,Baseload
2024-02-25,YENDWF1,15.656415152795965,Baseload
2024-03-03,YENDWF1,12.516797000229332,Baseload
2024-03-10,YENDWF1,-9.670783967242805,Baseload
2024-03-17,YENDWF1,-7.133994922416598,Baseload
2024-03-24,YENDWF1,6.02242653181532,Baseload
2024-03-31,YENDWF1,3.8786117916681775,Baseload
2024-04-07,YENDWF1,-15.910687810142917,Baseload
2024-04-14,YENDWF1,-31.940854046156844,Baseload
2024-04-21,YENDWF1,-25.622068428685623,Baseload
2024-04-28,YENDWF1,-16.9072025003276,Baseload
2024-05-05,YENDWF1,-18.211354379397676,Baseload
2024-05-12,YENDWF1,-37.830352225025194,Baseload
2024-05-19,YENDWF1,-33.82022352701314,Baseload
2024-05-26,YENDWF1,-20.82326005165828,Baseload
2024-06-02,YENDWF1,-39.279773116283806,Baseload
2024-06-09,YENDWF1,-33.01246048208965,Baseload
2024-06-16,YENDWF1,-65.62494500383414,Baseload
2024-06-23,YENDWF1,-31.463503995775284,Baseload
2024-06-30,YENDWF1,-13.33286527026172,Baseload
2024-07-07,YENDWF1,-29.382463642684286,Baseload
2024-07-14,YENDWF1,-26.47469555003744,Baseload
2024-07-21,YENDWF1,-21.323878862757596,Baseload
2024-07-28,YENDWF1,-7.744695949300109,Baseload
2024-08-04,YENDWF1,-95.50678600605107,Baseload
2024-08-11,YENDWF1,-292.005594106642,Baseload
2024-08-18,YENDWF1,-13.868025062339527,Baseload
2024-08-25,YENDWF1,-8.32522182682657,Baseload
2024-09-01,YENDWF1,11.335487590160138,Baseload
2024-09-08,YENDWF1,0.7711034128195289,Baseload
2024-09-15,YENDWF1,10.865885060162487,Baseload
2024-09-22,YENDWF1,2.5817508542747785,Baseload
2024-09-29,YENDWF1,-18.322871870362885,Baseload
2024-10-06,YENDWF1,-3.510191943798274,Baseload
2024-10-13,YENDWF1,2.857262984433884,Baseload
2024-10-20,YENDWF1,6.292119684631647,Baseload
2024-10-27,YENDWF1,2.9852438911521872,Baseload
2024-11-03,YENDWF1,9.61118655253795,Baseload
2024-11-10,YENDWF1,-14.39927650931525,Baseload
2024-11-17,YENDWF1,8.383001949264234,Baseload
2024-11-24,YENDWF1,-12.964982119432499,Baseload
2024-12-01,YENDWF1,-20.778164182959202,Baseload
2024-12-08,YENDWF1,7.61517453941515,Baseload
2024-12-15,YENDWF1,4.0465886753526945,Baseload
2024-12-22,YENDWF1,40.61612590680383,Baseload
2024-12-29,YENDWF1,-1.1725593043274696,Baseload
2025-01-05,YENDWF1,15.781599817422794,Baseload
